step,bin_idx,weight,mean_reward,n_samples,n_falls,mean_ep_len,mean_vx_at_term,r_en
48,0,0.666667,0.000693,4246,4096,35.327,0.131793,0.000201
48,1,0.333333,0.012086,61,0,1000.000,0.169439,0.007042
48,2,0.000000,0.000000,0,0,0.000,0.000000,0.000000
48,3,0.000000,0.000000,0,0,0.000,0.000000,0.000000
48,4,0.000000,0.000000,0,0,0.000,0.000000,0.000000
48,5,0.000000,0.000000,0,0,0.000,0.000000,0.000000
48,6,0.000000,0.000000,0,0,0.000,0.000000,0.000000
48,7,0.000000,0.000000,0,0,0.000,0.000000,0.000000
96,0,0.666667,0.059365,119,1,994.378,0.155534,0.021136
96,1,0.333333,0.035027,63,1,991.952,0.181243,0.021787
96,2,0.000000,0.000000,0,0,0.000,0.000000,0.000000
96,3,0.000000,0.000000,0,0,0.000,0.000000,0.000000
96,4,0.000000,0.000000,0,0,0.000,0.000000,0.000000
96,5,0.000000,0.000000,0,0,0.000,0.000000,0.000000
96,6,0.000000,0.000000,0,0,0.000,0.000000,0.000000
96,7,0.000000,0.000000,0,0,0.000,0.000000,0.000000
144,0,0.666667,0.136740,155,32,918.045,0.129920,0.044671
144,1,0.333333,0.088624,65,12,890.969,0.118342,0.052869
144,2,0.000000,0.000000,0,0,0.000,0.000000,0.000000
144,3,0.000000,0.000000,0,0,0.000,0.000000,0.000000
144,4,0.000000,0.000000,0,0,0.000,0.000000,0.000000
144,5,0.000000,0.000000,0,0,0.000,0.000000,0.000000
144,6,0.000000,0.000000,0,0,0.000,0.000000,0.000000
144,7,0.000000,0.000000,0,0,0.000,0.000000,0.000000
192,0,0.666667,0.237384,228,78,835.417,0.098968,0.079035
192,1,0.333333,0.152385,109,44,809.193,0.099072,0.078303
192,2,0.000000,0.000000,0,0,0.000,0.000000,0.000000
192,3,0.000000,0.000000,0,0,0.000,0.000000,0.000000
192,4,0.000000,0.000000,0,0,0.000,0.000000,0.000000
192,5,0.000000,0.000000,0,0,0.000,0.000000,0.000000
192,6,0.000000,0.000000,0,0,0.000,0.000000,0.000000
192,7,0.000000,0.000000,0,0,0.000,0.000000,0.000000
240,0,0.666667,0.353457,254,130,739.323,0.092397,0.114422
240,1,0.333333,0.219086,120,61,737.008,0.086389,0.116131
240,2,0.000000,0.000000,0,0,0.000,0.000000,0.000000
240,3,0.000000,0.000000,0,0,0.000,0.000000,0.000000
240,4,0.000000,0.000000,0,0,0.000,0.000000,0.000000
240,5,0.000000,0.000000,0,0,0.000,0.000000,0.000000
240,6,0.000000,0.000000,0,0,0.000,0.000000,0.000000
240,7,0.000000,0.000000,0,0,0.000,0.000000,0.000000
288,0,0.666667,0.464609,289,183,664.727,0.086760,0.153980
288,1,0.333333,0.314348,161,105,630.509,0.082897,0.169092
288,2,0.000000,0.000000,0,0,0.000,0.000000,0.000000
288,3,0.000000,0.000000,0,0,0.000,0.000000,0.000000
288,4,0.000000,0.000000,0,0,0.000,0.000000,0.000000
288,5,0.000000,0.000000,0,0,0.000,0.000000,0.000000
288,6,0.000000,0.000000,0,0,0.000,0.000000,0.000000
288,7,0.000000,0.000000,0,0,0.000,0.000000,0.000000
336,0,0.666667,0.553693,320,224,604.044,0.087236,0.194231
336,1,0.333333,0.402446,227,180,509.529,0.091456,0.220402
336,2,0.000000,0.000000,0,0,0.000,0.000000,0.000000
336,3,0.000000,0.000000,0,0,0.000,0.000000,0.000000
336,4,0.000000,0.000000,0,0,0.000,0.000000,0.000000
336,5,0.000000,0.000000,0,0,0.000,0.000000,0.000000
336,6,0.000000,0.000000,0,0,0.000,0.000000,0.000000
336,7,0.000000,0.000000,0,0,0.000,0.000000,0.000000
384,0,0.666667,0.610706,366,260,582.005,0.079055,0.222994
384,1,0.333333,0.447661,247,212,472.887,0.090374,0.253142
384,2,0.000000,0.000000,0,0,0.000,0.000000,0.000000
384,3,0.000000,0.000000,0,0,0.000,0.000000,0.000000
384,4,0.000000,0.000000,0,0,0.000,0.000000,0.000000
384,5,0.000000,0.000000,0,0,0.000,0.000000,0.000000
384,6,0.000000,0.000000,0,0,0.000,0.000000,0.000000
384,7,0.000000,0.000000,0,0,0.000,0.000000,0.000000
432,0,0.666667,0.612522,297,191,619.849,0.091380,0.227946
432,1,0.333333,0.468723,267,233,470.543,0.085746,0.272300
432,2,0.000000,0.000000,0,0,0.000,0.000000,0.000000
432,3,0.000000,0.000000,0,0,0.000,0.000000,0.000000
432,4,0.000000,0.000000,0,0,0.000,0.000000,0.000000
432,5,0.000000,0.000000,0,0,0.000,0.000000,0.000000
432,6,0.000000,0.000000,0,0,0.000,0.000000,0.000000
432,7,0.000000,0.000000,0,0,0.000,0.000000,0.000000
480,0,0.666667,0.647847,228,137,618.329,0.103198,0.246604
480,1,0.333333,0.506855,415,386,440.870,0.092566,0.301652
480,2,0.000000,0.000000,0,0,0.000,0.000000,0.000000
480,3,0.000000,0.000000,0,0,0.000,0.000000,0.000000
480,4,0.000000,0.000000,0,0,0.000,0.000000,0.000000
480,5,0.000000,0.000000,0,0,0.000,0.000000,0.000000
480,6,0.000000,0.000000,0,0,0.000,0.000000,0.000000
480,7,0.000000,0.000000,0,0,0.000,0.000000,0.000000
528,0,0.666667,0.685619,232,143,599.616,0.103119,0.266095
528,1,0.333333,0.550177,338,314,386.675,0.099106,0.330832
528,2,0.000000,0.000000,0,0,0.000,0.000000,0.000000
528,3,0.000000,0.000000,0,0,0.000,0.000000,0.000000
528,4,0.000000,0.000000,0,0,0.000,0.000000,0.000000
528,5,0.000000,0.000000,0,0,0.000,0.000000,0.000000
528,6,0.000000,0.000000,0,0,0.000,0.000000,0.000000
528,7,0.000000,0.000000,0,0,0.000,0.000000,0.000000
576,0,0.666667,0.726189,197,127,585.178,0.128077,0.285515
576,1,0.333333,0.622218,317,309,281.574,0.098919,0.371636
576,2,0.000000,0.000000,0,0,0.000,0.000000,0.000000
576,3,0.000000,0.000000,0,0,0.000,0.000000,0.000000
576,4,0.000000,0.000000,0,0,0.000,0.000000,0.000000
576,5,0.000000,0.000000,0,0,0.000,0.000000,0.000000
576,6,0.000000,0.000000,0,0,0.000,0.000000,0.000000
576,7,0.000000,0.000000,0,0,0.000,0.000000,0.000000
624,0,0.666667,0.794005,290,222,503.766,0.207540,0.320452
624,1,0.333333,0.650900,362,353,240.086,0.107374,0.389117
624,2,0.000000,0.000000,0,0,0.000,0.000000,0.000000
624,3,0.000000,0.000000,0,0,0.000,0.000000,0.000000
624,4,0.000000,0.000000,0,0,0.000,0.000000,0.000000
624,5,0.000000,0.000000,0,0,0.000,0.000000,0.000000
624,6,0.000000,0.000000,0,0,0.000,0.000000,0.000000
624,7,0.000000,0.000000,0,0,0.000,0.000000,0.000000
672,0,0.666667,0.832458,429,360,472.156,0.194174,0.344635
672,1,0.333333,0.699712,288,288,159.299,0.103271,0.422294
672,2,0.000000,0.000000,0,0,0.000,0.000000,0.000000
672,3,0.000000,0.000000,0,0,0.000,0.000000,0.000000
672,4,0.000000,0.000000,0,0,0.000,0.000000,0.000000
672,5,0.000000,0.000000,0,0,0.000,0.000000,0.000000
672,6,0.000000,0.000000,0,0,0.000,0.000000,0.000000
672,7,0.000000,0.000000,0,0,0.000,0.000000,0.000000
720,0,0.666667,0.866612,493,437,426.844,0.193322,0.366326
720,1,0.333333,0.730225,225,225,107.480,0.107673,0.452677
720,2,0.000000,0.000000,0,0,0.000,0.000000,0.000000
720,3,0.000000,0.000000,0,0,0.000,0.000000,0.000000
720,4,0.000000,0.000000,0,0,0.000,0.000000,0.000000
720,5,0.000000,0.000000,0,0,0.000,0.000000,0.000000
720,6,0.000000,0.000000,0,0,0.000,0.000000,0.000000
720,7,0.000000,0.000000,0,0,0.000,0.000000,0.000000
768,0,0.666667,0.848491,253,193,507.237,0.218742,0.358579
768,1,0.333333,0.736593,131,131,101.924,0.143133,0.462815
768,2,0.000000,0.000000,0,0,0.000,0.000000,0.000000
768,3,0.000000,0.000000,0,0,0.000,0.000000,0.000000
768,4,0.000000,0.000000,0,0,0.000,0.000000,0.000000
768,5,0.000000,0.000000,0,0,0.000,0.000000,0.000000
768,6,0.000000,0.000000,0,0,0.000,0.000000,0.000000
768,7,0.000000,0.000000,0,0,0.000,0.000000,0.000000
816,0,0.666667,0.846273,202,141,567.881,0.311210,0.351457
816,1,0.333333,0.723104,137,137,117.292,0.170614,0.452462
816,2,0.000000,0.000000,0,0,0.000,0.000000,0.000000
816,3,0.000000,0.000000,0,0,0.000,0.000000,0.000000
816,4,0.000000,0.000000,0,0,0.000,0.000000,0.000000
816,5,0.000000,0.000000,0,0,0.000,0.000000,0.000000
816,6,0.000000,0.000000,0,0,0.000,0.000000,0.000000
816,7,0.000000,0.000000,0,0,0.000,0.000000,0.000000
864,0,0.666667,0.866863,138,97,561.101,0.302440,0.354331
864,1,0.333333,0.713677,108,108,139.213,0.163440,0.448398
864,2,0.000000,0.000000,0,0,0.000,0.000000,0.000000
864,3,0.000000,0.000000,0,0,0.000,0.000000,0.000000
864,4,0.000000,0.000000,0,0,0.000,0.000000,0.000000
864,5,0.000000,0.000000,0,0,0.000,0.000000,0.000000
864,6,0.000000,0.000000,0,0,0.000,0.000000,0.000000
864,7,0.000000,0.000000,0,0,0.000,0.000000,0.000000
912,0,0.666667,0.872800,116,71,629.328,0.263361,0.359659
912,1,0.333333,0.712404,83,83,158.072,0.205590,0.455039
912,2,0.000000,0.000000,0,0,0.000,0.000000,0.000000
912,3,0.000000,0.000000,0,0,0.000,0.000000,0.000000
912,4,0.000000,0.000000,0,0,0.000,0.000000,0.000000
912,5,0.000000,0.000000,0,0,0.000,0.000000,0.000000
912,6,0.000000,0.000000,0,0,0.000,0.000000,0.000000
912,7,0.000000,0.000000,0,0,0.000,0.000000,0.000000
960,0,0.666667,0.887337,107,61,639.336,0.231502,0.362086
960,1,0.333333,0.707251,104,104,179.683,0.192870,0.455158
960,2,0.000000,0.000000,0,0,0.000,0.000000,0.000000
960,3,0.000000,0.000000,0,0,0.000,0.000000,0.000000
960,4,0.000000,0.000000,0,0,0.000,0.000000,0.000000
960,5,0.000000,0.000000,0,0,0.000,0.000000,0.000000
960,6,0.000000,0.000000,0,0,0.000,0.000000,0.000000
960,7,0.000000,0.000000,0,0,0.000,0.000000,0.000000
1008,0,0.666667,0.910684,120,78,633.592,0.278399,0.378465
1008,1,0.333333,0.724614,112,107,235.152,0.158398,0.460408
1008,2,0.000000,0.000000,0,0,0.000,0.000000,0.000000
1008,3,0.000000,0.000000,0,0,0.000,0.000000,0.000000
1008,4,0.000000,0.000000,0,0,0.000,0.000000,0.000000
1008,5,0.000000,0.000000,0,0,0.000,0.000000,0.000000
1008,6,0.000000,0.000000,0,0,0.000,0.000000,0.000000
1008,7,0.000000,0.000000,0,0,0.000,0.000000,0.000000
1056,0,0.666667,0.921516,115,77,606.330,0.280751,0.388287
1056,1,0.333333,0.737267,109,99,278.523,0.193045,0.462402
1056,2,0.000000,0.000000,0,0,0.000,0.000000,0.000000
1056,3,0.000000,0.000000,0,0,0.000,0.000000,0.000000
1056,4,0.000000,0.000000,0,0,0.000,0.000000,0.000000
1056,5,0.000000,0.000000,0,0,0.000,0.000000,0.000000
1056,6,0.000000,0.000000,0,0,0.000,0.000000,0.000000
1056,7,0.000000,0.000000,0,0,0.000,0.000000,0.000000
1152,0,0.666667,0.925487,137,84,684.701,0.257619,0.384659
1152,1,0.333333,0.758938,90,73,342.211,0.232102,0.459428
1152,2,0.000000,0.000000,0,0,0.000,0.000000,0.000000
1152,3,0.000000,0.000000,0,0,0.000,0.000000,0.000000
1152,4,0.000000,0.000000,0,0,0.000,0.000000,0.000000
1152,5,0.000000,0.000000,0,0,0.000,0.000000,0.000000
1152,6,0.000000,0.000000,0,0,0.000,0.000000,0.000000
1152,7,0.000000,0.000000,0,0,0.000,0.000000,0.000000
1200,0,0.666667,0.923071,52,17,854.442,0.188976,0.375447
1200,1,0.333333,0.839975,34,14,675.294,0.236447,0.414104
1200,2,0.000000,0.000000,0,0,0.000,0.000000,0.000000
1200,3,0.000000,0.000000,0,0,0.000,0.000000,0.000000
1200,4,0.000000,0.000000,0,0,0.000,0.000000,0.000000
1200,5,0.000000,0.000000,0,0,0.000,0.000000,0.000000
1200,6,0.000000,0.000000,0,0,0.000,0.000000,0.000000
1200,7,0.000000,0.000000,0,0,0.000,0.000000,0.000000
1248,0,0.666667,0.927377,67,10,937.119,0.132282,0.369473
1248,1,0.333333,0.862322,39,10,803.744,0.136446,0.382822
1248,2,0.000000,0.000000,0,0,0.000,0.000000,0.000000
1248,3,0.000000,0.000000,0,0,0.000,0.000000,0.000000
1248,4,0.000000,0.000000,0,0,0.000,0.000000,0.000000
1248,5,0.000000,0.000000,0,0,0.000,0.000000,0.000000
1248,6,0.000000,0.000000,0,0,0.000,0.000000,0.000000
1248,7,0.000000,0.000000,0,0,0.000,0.000000,0.000000
1296,0,0.666667,0.931733,94,19,925.766,0.161890,0.382453
1296,1,0.333333,0.864258,59,16,810.424,0.134337,0.396248
1296,2,0.000000,0.000000,0,0,0.000,0.000000,0.000000
1296,3,0.000000,0.000000,0,0,0.000,0.000000,0.000000
1296,4,0.000000,0.000000,0,0,0.000,0.000000,0.000000
1296,5,0.000000,0.000000,0,0,0.000,0.000000,0.000000
1296,6,0.000000,0.000000,0,0,0.000,0.000000,0.000000
1296,7,0.000000,0.000000,0,0,0.000,0.000000,0.000000
1344,0,0.666667,0.933132,120,17,950.525,0.128557,0.376112
1344,1,0.333333,0.876102,69,17,830.971,0.150298,0.394691
1344,2,0.000000,0.000000,0,0,0.000,0.000000,0.000000
1344,3,0.000000,0.000000,0,0,0.000,0.000000,0.000000
1344,4,0.000000,0.000000,0,0,0.000,0.000000,0.000000
1344,5,0.000000,0.000000,0,0,0.000,0.000000,0.000000
1344,6,0.000000,0.000000,0,0,0.000,0.000000,0.000000
1344,7,0.000000,0.000000,0,0,0.000,0.000000,0.000000
1392,0,0.666667,0.933916,121,8,973.107,0.159927,0.380418
1392,1,0.333333,0.869420,80,22,805.237,0.173918,0.404589
1392,2,0.000000,0.000000,0,0,0.000,0.000000,0.000000
1392,3,0.000000,0.000000,0,0,0.000,0.000000,0.000000
1392,4,0.000000,0.000000,0,0,0.000,0.000000,0.000000
1392,5,0.000000,0.000000,0,0,0.000,0.000000,0.000000
1392,6,0.000000,0.000000,0,0,0.000,0.000000,0.000000
1392,7,0.000000,0.000000,0,0,0.000,0.000000,0.000000
1440,0,0.666667,0.939594,131,13,961.344,0.150828,0.386466
1440,1,0.333333,0.840358,104,43,723.202,0.144201,0.419028
1440,2,0.000000,0.000000,0,0,0.000,0.000000,0.000000
1440,3,0.000000,0.000000,0,0,0.000,0.000000,0.000000
1440,4,0.000000,0.000000,0,0,0.000,0.000000,0.000000
1440,5,0.000000,0.000000,0,0,0.000,0.000000,0.000000
1440,6,0.000000,0.000000,0,0,0.000,0.000000,0.000000
1440,7,0.000000,0.000000,0,0,0.000,0.000000,0.000000
1488,0,0.666667,0.939907,163,19,957.000,0.133085,0.393260
1488,1,0.333333,0.870399,141,44,785.638,0.156037,0.421690
1488,2,0.000000,0.000000,0,0,0.000,0.000000,0.000000
1488,3,0.000000,0.000000,0,0,0.000,0.000000,0.000000
1488,4,0.000000,0.000000,0,0,0.000,0.000000,0.000000
1488,5,0.000000,0.000000,0,0,0.000,0.000000,0.000000
1488,6,0.000000,0.000000,0,0,0.000,0.000000,0.000000
1488,7,0.000000,0.000000,0,0,0.000,0.000000,0.000000
1536,0,0.666667,0.941328,150,14,972.513,0.148552,0.399213
1536,1,0.333333,0.886501,94,24,816.862,0.170942,0.423404
1536,2,0.000000,0.000000,0,0,0.000,0.000000,0.000000
1536,3,0.000000,0.000000,0,0,0.000,0.000000,0.000000
1536,4,0.000000,0.000000,0,0,0.000,0.000000,0.000000
1536,5,0.000000,0.000000,0,0,0.000,0.000000,0.000000
1536,6,0.000000,0.000000,0,0,0.000,0.000000,0.000000
1536,7,0.000000,0.000000,0,0,0.000,0.000000,0.000000
1584,0,0.666667,0.941528,150,7,975.620,0.132515,0.400064
1584,1,0.333333,0.889425,104,24,836.240,0.156730,0.418282
1584,2,0.000000,0.000000,0,0,0.000,0.000000,0.000000
1584,3,0.000000,0.000000,0,0,0.000,0.000000,0.000000
1584,4,0.000000,0.000000,0,0,0.000,0.000000,0.000000
1584,5,0.000000,0.000000,0,0,0.000,0.000000,0.000000
1584,6,0.000000,0.000000,0,0,0.000,0.000000,0.000000
1584,7,0.000000,0.000000,0,0,0.000,0.000000,0.000000
1632,0,0.666667,0.943456,202,6,987.911,0.149721,0.406822
1632,1,0.333333,0.886598,121,34,794.868,0.166107,0.436786
1632,2,0.000000,0.000000,0,0,0.000,0.000000,0.000000
1632,3,0.000000,0.000000,0,0,0.000,0.000000,0.000000
1632,4,0.000000,0.000000,0,0,0.000,0.000000,0.000000
1632,5,0.000000,0.000000,0,0,0.000,0.000000,0.000000
1632,6,0.000000,0.000000,0,0,0.000,0.000000,0.000000
1632,7,0.000000,0.000000,0,0,0.000,0.000000,0.000000
1680,0,0.666667,0.940513,254,5,991.280,0.157857,0.407701
1680,1,0.333333,0.922760,170,17,926.988,0.175688,0.420234
1680,2,0.000000,0.000000,0,0,0.000,0.000000,0.000000
1680,3,0.000000,0.000000,0,0,0.000,0.000000,0.000000
1680,4,0.000000,0.000000,0,0,0.000,0.000000,0.000000
1680,5,0.000000,0.000000,0,0,0.000,0.000000,0.000000
1680,6,0.000000,0.000000,0,0,0.000,0.000000,0.000000
1680,7,0.000000,0.000000,0,0,0.000,0.000000,0.000000
1728,0,0.666667,0.939671,234,6,994.534,0.156155,0.416076
1728,1,0.333333,0.894877,152,29,861.961,0.160479,0.434177
1728,2,0.000000,0.000000,0,0,0.000,0.000000,0.000000
1728,3,0.000000,0.000000,0,0,0.000,0.000000,0.000000
1728,4,0.000000,0.000000,0,0,0.000,0.000000,0.000000
1728,5,0.000000,0.000000,0,0,0.000,0.000000,0.000000
1728,6,0.000000,0.000000,0,0,0.000,0.000000,0.000000
1728,7,0.000000,0.000000,0,0,0.000,0.000000,0.000000
1776,0,0.666667,0.938083,155,5,980.284,0.161491,0.424636
1776,1,0.333333,0.886200,99,25,825.131,0.184510,0.443677
1776,2,0.000000,0.000000,0,0,0.000,0.000000,0.000000
1776,3,0.000000,0.000000,0,0,0.000,0.000000,0.000000
1776,4,0.000000,0.000000,0,0,0.000,0.000000,0.000000
1776,5,0.000000,0.000000,0,0,0.000,0.000000,0.000000
1776,6,0.000000,0.000000,0,0,0.000,0.000000,0.000000
1776,7,0.000000,0.000000,0,0,0.000,0.000000,0.000000
1824,0,0.666667,0.947734,128,3,987.312,0.155744,0.426979
1824,1,0.333333,0.851159,116,44,749.302,0.176574,0.461792
1824,2,0.000000,0.000000,0,0,0.000,0.000000,0.000000
1824,3,0.000000,0.000000,0,0,0.000,0.000000,0.000000
1824,4,0.000000,0.000000,0,0,0.000,0.000000,0.000000
1824,5,0.000000,0.000000,0,0,0.000,0.000000,0.000000
1824,6,0.000000,0.000000,0,0,0.000,0.000000,0.000000
1824,7,0.000000,0.000000,0,0,0.000,0.000000,0.000000
1872,0,0.666667,0.939124,115,2,996.635,0.152194,0.436122
1872,1,0.333333,0.838349,92,45,678.250,0.204403,0.474977
1872,2,0.000000,0.000000,0,0,0.000,0.000000,0.000000
1872,3,0.000000,0.000000,0,0,0.000,0.000000,0.000000
1872,4,0.000000,0.000000,0,0,0.000,0.000000,0.000000
1872,5,0.000000,0.000000,0,0,0.000,0.000000,0.000000
1872,6,0.000000,0.000000,0,0,0.000,0.000000,0.000000
1872,7,0.000000,0.000000,0,0,0.000,0.000000,0.000000
1920,0,0.666667,0.934802,87,7,954.506,0.177314,0.442197
1920,1,0.333333,0.842646,75,33,717.760,0.232173,0.488674
1920,2,0.000000,0.000000,0,0,0.000,0.000000,0.000000
1920,3,0.000000,0.000000,0,0,0.000,0.000000,0.000000
1920,4,0.000000,0.000000,0,0,0.000,0.000000,0.000000
1920,5,0.000000,0.000000,0,0,0.000,0.000000,0.000000
1920,6,0.000000,0.000000,0,0,0.000,0.000000,0.000000
1920,7,0.000000,0.000000,0,0,0.000,0.000000,0.000000
1968,0,0.666667,0.925503,116,12,955.845,0.213429,0.455186
1968,1,0.333333,0.829387,101,55,664.683,0.251672,0.497419
1968,2,0.000000,0.000000,0,0,0.000,0.000000,0.000000
1968,3,0.000000,0.000000,0,0,0.000,0.000000,0.000000
1968,4,0.000000,0.000000,0,0,0.000,0.000000,0.000000
1968,5,0.000000,0.000000,0,0,0.000,0.000000,0.000000
1968,6,0.000000,0.000000,0,0,0.000,0.000000,0.000000
1968,7,0.000000,0.000000,0,0,0.000,0.000000,0.000000
2016,0,0.666667,0.915637,133,7,973.647,0.203066,0.465378
2016,1,0.333333,0.811332,116,71,613.569,0.237502,0.514136
2016,2,0.000000,0.000000,0,0,0.000,0.000000,0.000000
2016,3,0.000000,0.000000,0,0,0.000,0.000000,0.000000
2016,4,0.000000,0.000000,0,0,0.000,0.000000,0.000000
2016,5,0.000000,0.000000,0,0,0.000,0.000000,0.000000
2016,6,0.000000,0.000000,0,0,0.000,0.000000,0.000000
2016,7,0.000000,0.000000,0,0,0.000,0.000000,0.000000
2064,0,0.666667,0.932071,97,8,965.247,0.234844,0.469037
2064,1,0.333333,0.825168,113,60,707.310,0.234088,0.509178
2064,2,0.000000,0.000000,0,0,0.000,0.000000,0.000000
2064,3,0.000000,0.000000,0,0,0.000,0.000000,0.000000
2064,4,0.000000,0.000000,0,0,0.000,0.000000,0.000000
2064,5,0.000000,0.000000,0,0,0.000,0.000000,0.000000
2064,6,0.000000,0.000000,0,0,0.000,0.000000,0.000000
2064,7,0.000000,0.000000,0,0,0.000,0.000000,0.000000
2112,0,0.666667,0.918918,83,5,973.060,0.177498,0.470401
2112,1,0.333333,0.817883,81,52,591.617,0.210531,0.523121
2112,2,0.000000,0.000000,0,0,0.000,0.000000,0.000000
2112,3,0.000000,0.000000,0,0,0.000,0.000000,0.000000
2112,4,0.000000,0.000000,0,0,0.000,0.000000,0.000000
2112,5,0.000000,0.000000,0,0,0.000,0.000000,0.000000
2112,6,0.000000,0.000000,0,0,0.000,0.000000,0.000000
2112,7,0.000000,0.000000,0,0,0.000,0.000000,0.000000
2160,0,0.666667,0.915873,36,2,975.361,0.171781,0.478871
2160,1,0.333333,0.831684,44,22,656.318,0.209561,0.521453
2160,2,0.000000,0.000000,0,0,0.000,0.000000,0.000000
2160,3,0.000000,0.000000,0,0,0.000,0.000000,0.000000
2160,4,0.000000,0.000000,0,0,0.000,0.000000,0.000000
2160,5,0.000000,0.000000,0,0,0.000,0.000000,0.000000
2160,6,0.000000,0.000000,0,0,0.000,0.000000,0.000000
2160,7,0.000000,0.000000,0,0,0.000,0.000000,0.000000
2208,0,0.666667,0.935707,45,5,931.378,0.248044,0.495235
2208,1,0.333333,0.843225,36,18,725.361,0.252777,0.526433
2208,2,0.000000,0.000000,0,0,0.000,0.000000,0.000000
2208,3,0.000000,0.000000,0,0,0.000,0.000000,0.000000
2208,4,0.000000,0.000000,0,0,0.000,0.000000,0.000000
2208,5,0.000000,0.000000,0,0,0.000,0.000000,0.000000
2208,6,0.000000,0.000000,0,0,0.000,0.000000,0.000000
2208,7,0.000000,0.000000,0,0,0.000,0.000000,0.000000
2256,0,0.666667,0.937520,70,7,948.586,0.223966,0.494374
2256,1,0.333333,0.843648,58,24,790.828,0.207814,0.530571
2256,2,0.000000,0.000000,0,0,0.000,0.000000,0.000000
2256,3,0.000000,0.000000,0,0,0.000,0.000000,0.000000
2256,4,0.000000,0.000000,0,0,0.000,0.000000,0.000000
2256,5,0.000000,0.000000,0,0,0.000,0.000000,0.000000
2256,6,0.000000,0.000000,0,0,0.000,0.000000,0.000000
2256,7,0.000000,0.000000,0,0,0.000,0.000000,0.000000
2304,0,0.666667,0.935946,80,8,965.825,0.226783,0.508221
2304,1,0.333333,0.858819,66,26,828.197,0.265704,0.535003
2304,2,0.000000,0.000000,0,0,0.000,0.000000,0.000000
2304,3,0.000000,0.000000,0,0,0.000,0.000000,0.000000
2304,4,0.000000,0.000000,0,0,0.000,0.000000,0.000000
2304,5,0.000000,0.000000,0,0,0.000,0.000000,0.000000
2304,6,0.000000,0.000000,0,0,0.000,0.000000,0.000000
2304,7,0.000000,0.000000,0,0,0.000,0.000000,0.000000
2352,0,0.666667,0.932829,128,6,980.305,0.238582,0.508941
2352,1,0.333333,0.850460,73,31,781.959,0.277617,0.531743
2352,2,0.000000,0.000000,0,0,0.000,0.000000,0.000000
2352,3,0.000000,0.000000,0,0,0.000,0.000000,0.000000
2352,4,0.000000,0.000000,0,0,0.000,0.000000,0.000000
2352,5,0.000000,0.000000,0,0,0.000,0.000000,0.000000
2352,6,0.000000,0.000000,0,0,0.000,0.000000,0.000000
2352,7,0.000000,0.000000,0,0,0.000,0.000000,0.000000
2400,0,0.666667,0.948893,118,17,949.119,0.227704,0.513147
2400,1,0.333333,0.818279,159,100,693.428,0.224116,0.558219
2400,2,0.000000,0.000000,0,0,0.000,0.000000,0.000000
2400,3,0.000000,0.000000,0,0,0.000,0.000000,0.000000
2400,4,0.000000,0.000000,0,0,0.000,0.000000,0.000000
2400,5,0.000000,0.000000,0,0,0.000,0.000000,0.000000
2400,6,0.000000,0.000000,0,0,0.000,0.000000,0.000000
2400,7,0.000000,0.000000,0,0,0.000,0.000000,0.000000
2448,0,0.666667,0.935801,162,36,898.259,0.248330,0.529796
2448,1,0.333333,0.808118,199,132,684.749,0.206423,0.563953
2448,2,0.000000,0.000000,0,0,0.000,0.000000,0.000000
2448,3,0.000000,0.000000,0,0,0.000,0.000000,0.000000
2448,4,0.000000,0.000000,0,0,0.000,0.000000,0.000000
2448,5,0.000000,0.000000,0,0,0.000,0.000000,0.000000
2448,6,0.000000,0.000000,0,0,0.000,0.000000,0.000000
2448,7,0.000000,0.000000,0,0,0.000,0.000000,0.000000
2496,0,0.666667,0.933671,185,22,958.270,0.248125,0.537493
2496,1,0.333333,0.840266,141,75,736.099,0.195290,0.562241
2496,2,0.000000,0.000000,0,0,0.000,0.000000,0.000000
2496,3,0.000000,0.000000,0,0,0.000,0.000000,0.000000
2496,4,0.000000,0.000000,0,0,0.000,0.000000,0.000000
2496,5,0.000000,0.000000,0,0,0.000,0.000000,0.000000
2496,6,0.000000,0.000000,0,0,0.000,0.000000,0.000000
2496,7,0.000000,0.000000,0,0,0.000,0.000000,0.000000
2544,0,0.666667,0.934813,121,12,964.273,0.252087,0.541619
2544,1,0.333333,0.855647,93,40,769.828,0.259201,0.562557
2544,2,0.000000,0.000000,0,0,0.000,0.000000,0.000000
2544,3,0.000000,0.000000,0,0,0.000,0.000000,0.000000
2544,4,0.000000,0.000000,0,0,0.000,0.000000,0.000000
2544,5,0.000000,0.000000,0,0,0.000,0.000000,0.000000
2544,6,0.000000,0.000000,0,0,0.000,0.000000,0.000000
2544,7,0.000000,0.000000,0,0,0.000,0.000000,0.000000
2592,0,0.666667,0.932780,158,16,961.146,0.239808,0.541290
2592,1,0.333333,0.887770,89,26,841.618,0.273298,0.554337
2592,2,0.000000,0.000000,0,0,0.000,0.000000,0.000000
2592,3,0.000000,0.000000,0,0,0.000,0.000000,0.000000
2592,4,0.000000,0.000000,0,0,0.000,0.000000,0.000000
2592,5,0.000000,0.000000,0,0,0.000,0.000000,0.000000
2592,6,0.000000,0.000000,0,0,0.000,0.000000,0.000000
2592,7,0.000000,0.000000,0,0,0.000,0.000000,0.000000
2640,0,0.666667,0.944420,180,4,987.356,0.246698,0.552918
2640,1,0.333333,0.891840,123,36,841.406,0.260092,0.563644
2640,2,0.000000,0.000000,0,0,0.000,0.000000,0.000000
2640,3,0.000000,0.000000,0,0,0.000,0.000000,0.000000
2640,4,0.000000,0.000000,0,0,0.000,0.000000,0.000000
2640,5,0.000000,0.000000,0,0,0.000,0.000000,0.000000
2640,6,0.000000,0.000000,0,0,0.000,0.000000,0.000000
2640,7,0.000000,0.000000,0,0,0.000,0.000000,0.000000
2688,0,0.666667,0.932644,236,9,981.877,0.247714,0.554316
2688,1,0.333333,0.908378,143,29,874.189,0.254711,0.564308
2688,2,0.000000,0.000000,0,0,0.000,0.000000,0.000000
2688,3,0.000000,0.000000,0,0,0.000,0.000000,0.000000
2688,4,0.000000,0.000000,0,0,0.000,0.000000,0.000000
2688,5,0.000000,0.000000,0,0,0.000,0.000000,0.000000
2688,6,0.000000,0.000000,0,0,0.000,0.000000,0.000000
2688,7,0.000000,0.000000,0,0,0.000,0.000000,0.000000
2736,0,0.666667,0.936473,180,15,965.983,0.235015,0.560373
2736,1,0.333333,0.912203,113,18,895.894,0.256564,0.566068
2736,2,0.000000,0.000000,0,0,0.000,0.000000,0.000000
2736,3,0.000000,0.000000,0,0,0.000,0.000000,0.000000
2736,4,0.000000,0.000000,0,0,0.000,0.000000,0.000000
2736,5,0.000000,0.000000,0,0,0.000,0.000000,0.000000
2736,6,0.000000,0.000000,0,0,0.000,0.000000,0.000000
2736,7,0.000000,0.000000,0,0,0.000,0.000000,0.000000
2784,0,0.666667,0.954212,130,17,939.877,0.222847,0.566763
2784,1,0.333333,0.897513,95,31,796.863,0.225518,0.572090
2784,2,0.000000,0.000000,0,0,0.000,0.000000,0.000000
2784,3,0.000000,0.000000,0,0,0.000,0.000000,0.000000
2784,4,0.000000,0.000000,0,0,0.000,0.000000,0.000000
2784,5,0.000000,0.000000,0,0,0.000,0.000000,0.000000
2784,6,0.000000,0.000000,0,0,0.000,0.000000,0.000000
2784,7,0.000000,0.000000,0,0,0.000,0.000000,0.000000
2832,0,0.666667,0.947778,123,8,976.122,0.235466,0.567951
2832,1,0.333333,0.910185,67,15,859.985,0.252861,0.573229
2832,2,0.000000,0.000000,0,0,0.000,0.000000,0.000000
2832,3,0.000000,0.000000,0,0,0.000,0.000000,0.000000
2832,4,0.000000,0.000000,0,0,0.000,0.000000,0.000000
2832,5,0.000000,0.000000,0,0,0.000,0.000000,0.000000
2832,6,0.000000,0.000000,0,0,0.000,0.000000,0.000000
2832,7,0.000000,0.000000,0,0,0.000,0.000000,0.000000
2880,0,0.666667,0.948221,94,7,951.755,0.250271,0.571237
2880,1,0.333333,0.910976,66,12,886.424,0.294654,0.575035
2880,2,0.000000,0.000000,0,0,0.000,0.000000,0.000000
2880,3,0.000000,0.000000,0,0,0.000,0.000000,0.000000
2880,4,0.000000,0.000000,0,0,0.000,0.000000,0.000000
2880,5,0.000000,0.000000,0,0,0.000,0.000000,0.000000
2880,6,0.000000,0.000000,0,0,0.000,0.000000,0.000000
2880,7,0.000000,0.000000,0,0,0.000,0.000000,0.000000
2928,0,0.666667,0.951917,105,18,922.648,0.280394,0.580391
2928,1,0.333333,0.845693,90,51,658.978,0.235334,0.600994
2928,2,0.000000,0.000000,0,0,0.000,0.000000,0.000000
2928,3,0.000000,0.000000,0,0,0.000,0.000000,0.000000
2928,4,0.000000,0.000000,0,0,0.000,0.000000,0.000000
2928,5,0.000000,0.000000,0,0,0.000,0.000000,0.000000
2928,6,0.000000,0.000000,0,0,0.000,0.000000,0.000000
2928,7,0.000000,0.000000,0,0,0.000,0.000000,0.000000
2976,0,0.666667,0.948684,128,28,888.430,0.280347,0.588655
2976,1,0.333333,0.837131,180,121,585.694,0.204909,0.602274
2976,2,0.000000,0.000000,0,0,0.000,0.000000,0.000000
2976,3,0.000000,0.000000,0,0,0.000,0.000000,0.000000
2976,4,0.000000,0.000000,0,0,0.000,0.000000,0.000000
2976,5,0.000000,0.000000,0,0,0.000,0.000000,0.000000
2976,6,0.000000,0.000000,0,0,0.000,0.000000,0.000000
2976,7,0.000000,0.000000,0,0,0.000,0.000000,0.000000
3024,0,0.666667,0.954647,147,25,910.347,0.268390,0.589915
3024,1,0.333333,0.853638,147,89,636.524,0.198060,0.606509
3024,2,0.000000,0.000000,0,0,0.000,0.000000,0.000000
3024,3,0.000000,0.000000,0,0,0.000,0.000000,0.000000
3024,4,0.000000,0.000000,0,0,0.000,0.000000,0.000000
3024,5,0.000000,0.000000,0,0,0.000,0.000000,0.000000
3024,6,0.000000,0.000000,0,0,0.000,0.000000,0.000000
3024,7,0.000000,0.000000,0,0,0.000,0.000000,0.000000
3072,0,0.666667,0.944978,144,38,861.458,0.268408,0.598455
3072,1,0.333333,0.839580,191,148,528.848,0.166683,0.613471
3072,2,0.000000,0.000000,0,0,0.000,0.000000,0.000000
3072,3,0.000000,0.000000,0,0,0.000,0.000000,0.000000
3072,4,0.000000,0.000000,0,0,0.000,0.000000,0.000000
3072,5,0.000000,0.000000,0,0,0.000,0.000000,0.000000
3072,6,0.000000,0.000000,0,0,0.000,0.000000,0.000000
3072,7,0.000000,0.000000,0,0,0.000,0.000000,0.000000
3120,0,0.666667,0.961227,118,51,758.992,0.224870,0.597252
3120,1,0.333333,0.842548,173,140,519.908,0.153110,0.616062
3120,2,0.000000,0.000000,0,0,0.000,0.000000,0.000000
3120,3,0.000000,0.000000,0,0,0.000,0.000000,0.000000
3120,4,0.000000,0.000000,0,0,0.000,0.000000,0.000000
3120,5,0.000000,0.000000,0,0,0.000,0.000000,0.000000
3120,6,0.000000,0.000000,0,0,0.000,0.000000,0.000000
3120,7,0.000000,0.000000,0,0,0.000,0.000000,0.000000
3168,0,0.666667,0.955564,74,37,722.865,0.210582,0.597518
3168,1,0.333333,0.845204,105,85,484.029,0.172880,0.619079
3168,2,0.000000,0.000000,0,0,0.000,0.000000,0.000000
3168,3,0.000000,0.000000,0,0,0.000,0.000000,0.000000
3168,4,0.000000,0.000000,0,0,0.000,0.000000,0.000000
3168,5,0.000000,0.000000,0,0,0.000,0.000000,0.000000
3168,6,0.000000,0.000000,0,0,0.000,0.000000,0.000000
3168,7,0.000000,0.000000,0,0,0.000,0.000000,0.000000
3264,0,0.666667,0.962149,138,27,882.964,0.295251,0.611941
3264,1,0.333333,0.873861,121,76,588.479,0.224757,0.623403
3264,2,0.000000,0.000000,0,0,0.000,0.000000,0.000000
3264,3,0.000000,0.000000,0,0,0.000,0.000000,0.000000
3264,4,0.000000,0.000000,0,0,0.000,0.000000,0.000000
3264,5,0.000000,0.000000,0,0,0.000,0.000000,0.000000
3264,6,0.000000,0.000000,0,0,0.000,0.000000,0.000000
3264,7,0.000000,0.000000,0,0,0.000,0.000000,0.000000
3312,0,0.666667,0.957207,88,11,947.000,0.325985,0.624535
3312,1,0.333333,0.914914,61,22,792.262,0.277975,0.621639
3312,2,0.000000,0.000000,0,0,0.000,0.000000,0.000000
3312,3,0.000000,0.000000,0,0,0.000,0.000000,0.000000
3312,4,0.000000,0.000000,0,0,0.000,0.000000,0.000000
3312,5,0.000000,0.000000,0,0,0.000,0.000000,0.000000
3312,6,0.000000,0.000000,0,0,0.000,0.000000,0.000000
3312,7,0.000000,0.000000,0,0,0.000,0.000000,0.000000
3360,0,0.666667,0.953371,116,6,979.681,0.318316,0.622524
3360,1,0.333333,0.929144,60,15,856.933,0.280381,0.631569
3360,2,0.000000,0.000000,0,0,0.000,0.000000,0.000000
3360,3,0.000000,0.000000,0,0,0.000,0.000000,0.000000
3360,4,0.000000,0.000000,0,0,0.000,0.000000,0.000000
3360,5,0.000000,0.000000,0,0,0.000,0.000000,0.000000
3360,6,0.000000,0.000000,0,0,0.000,0.000000,0.000000
3360,7,0.000000,0.000000,0,0,0.000,0.000000,0.000000
3408,0,0.666667,0.958112,128,2,990.672,0.291032,0.618946
3408,1,0.333333,0.949614,85,6,971.329,0.314392,0.620584
3408,2,0.000000,0.000000,0,0,0.000,0.000000,0.000000
3408,3,0.000000,0.000000,0,0,0.000,0.000000,0.000000
3408,4,0.000000,0.000000,0,0,0.000,0.000000,0.000000
3408,5,0.000000,0.000000,0,0,0.000,0.000000,0.000000
3408,6,0.000000,0.000000,0,0,0.000,0.000000,0.000000
3408,7,0.000000,0.000000,0,0,0.000,0.000000,0.000000
3456,0,0.666667,0.959237,164,1,996.146,0.288168,0.626750
3456,1,0.333333,0.938447,94,9,950.894,0.318080,0.628709
3456,2,0.000000,0.000000,0,0,0.000,0.000000,0.000000
3456,3,0.000000,0.000000,0,0,0.000,0.000000,0.000000
3456,4,0.000000,0.000000,0,0,0.000,0.000000,0.000000
3456,5,0.000000,0.000000,0,0,0.000,0.000000,0.000000
3456,6,0.000000,0.000000,0,0,0.000,0.000000,0.000000
3456,7,0.000000,0.000000,0,0,0.000,0.000000,0.000000
3504,0,0.666667,0.955076,157,2,995.446,0.282640,0.629550
3504,1,0.333333,0.941420,87,7,946.092,0.338788,0.634020
3504,2,0.000000,0.000000,0,0,0.000,0.000000,0.000000
3504,3,0.000000,0.000000,0,0,0.000,0.000000,0.000000
3504,4,0.000000,0.000000,0,0,0.000,0.000000,0.000000
3504,5,0.000000,0.000000,0,0,0.000,0.000000,0.000000
3504,6,0.000000,0.000000,0,0,0.000,0.000000,0.000000
3504,7,0.000000,0.000000,0,0,0.000,0.000000,0.000000
3552,0,0.666667,0.950241,103,0,1000.000,0.304121,0.636101
3552,1,0.333333,0.939206,52,8,902.192,0.272710,0.628446
3552,2,0.000000,0.000000,0,0,0.000,0.000000,0.000000
3552,3,0.000000,0.000000,0,0,0.000,0.000000,0.000000
3552,4,0.000000,0.000000,0,0,0.000,0.000000,0.000000
3552,5,0.000000,0.000000,0,0,0.000,0.000000,0.000000
3552,6,0.000000,0.000000,0,0,0.000,0.000000,0.000000
3552,7,0.000000,0.000000,0,0,0.000,0.000000,0.000000
3600,0,0.666667,0.959162,126,1,999.524,0.301722,0.634723
3600,1,0.333333,0.930861,70,9,930.771,0.322288,0.635034
3600,2,0.000000,0.000000,0,0,0.000,0.000000,0.000000
3600,3,0.000000,0.000000,0,0,0.000,0.000000,0.000000
3600,4,0.000000,0.000000,0,0,0.000,0.000000,0.000000
3600,5,0.000000,0.000000,0,0,0.000,0.000000,0.000000
3600,6,0.000000,0.000000,0,0,0.000,0.000000,0.000000
3600,7,0.000000,0.000000,0,0,0.000,0.000000,0.000000
3648,0,0.666667,0.957585,183,4,986.617,0.300725,0.634262
3648,1,0.333333,0.944622,90,9,938.333,0.315714,0.639891
3648,2,0.000000,0.000000,0,0,0.000,0.000000,0.000000
3648,3,0.000000,0.000000,0,0,0.000,0.000000,0.000000
3648,4,0.000000,0.000000,0,0,0.000,0.000000,0.000000
3648,5,0.000000,0.000000,0,0,0.000,0.000000,0.000000
3648,6,0.000000,0.000000,0,0,0.000,0.000000,0.000000
3648,7,0.000000,0.000000,0,0,0.000,0.000000,0.000000
3696,0,0.666667,0.952107,197,2,995.665,0.308670,0.636193
3696,1,0.333333,0.940902,85,7,951.529,0.349237,0.641187
3696,2,0.000000,0.000000,0,0,0.000,0.000000,0.000000
3696,3,0.000000,0.000000,0,0,0.000,0.000000,0.000000
3696,4,0.000000,0.000000,0,0,0.000,0.000000,0.000000
3696,5,0.000000,0.000000,0,0,0.000,0.000000,0.000000
3696,6,0.000000,0.000000,0,0,0.000,0.000000,0.000000
3696,7,0.000000,0.000000,0,0,0.000,0.000000,0.000000
3744,0,0.666667,0.953620,139,3,986.583,0.312305,0.639574
3744,1,0.333333,0.948432,68,8,927.000,0.309431,0.638246
3744,2,0.000000,0.000000,0,0,0.000,0.000000,0.000000
3744,3,0.000000,0.000000,0,0,0.000,0.000000,0.000000
3744,4,0.000000,0.000000,0,0,0.000,0.000000,0.000000
3744,5,0.000000,0.000000,0,0,0.000,0.000000,0.000000
3744,6,0.000000,0.000000,0,0,0.000,0.000000,0.000000
3744,7,0.000000,0.000000,0,0,0.000,0.000000,0.000000
3792,0,0.666667,0.956980,118,0,1000.000,0.312838,0.637787
3792,1,0.333333,0.947755,53,4,957.849,0.337495,0.641213
3792,2,0.000000,0.000000,0,0,0.000,0.000000,0.000000
3792,3,0.000000,0.000000,0,0,0.000,0.000000,0.000000
3792,4,0.000000,0.000000,0,0,0.000,0.000000,0.000000
3792,5,0.000000,0.000000,0,0,0.000,0.000000,0.000000
3792,6,0.000000,0.000000,0,0,0.000,0.000000,0.000000
3792,7,0.000000,0.000000,0,0,0.000,0.000000,0.000000
3840,0,0.666667,0.958948,76,2,990.474,0.334114,0.638489
3840,1,0.333333,0.943204,58,6,960.845,0.321315,0.645370
3840,2,0.000000,0.000000,0,0,0.000,0.000000,0.000000
3840,3,0.000000,0.000000,0,0,0.000,0.000000,0.000000
3840,4,0.000000,0.000000,0,0,0.000,0.000000,0.000000
3840,5,0.000000,0.000000,0,0,0.000,0.000000,0.000000
3840,6,0.000000,0.000000,0,0,0.000,0.000000,0.000000
3840,7,0.000000,0.000000,0,0,0.000,0.000000,0.000000
3888,0,0.666667,0.956835,81,0,1000.000,0.325925,0.642328
3888,1,0.333333,0.936974,52,7,918.750,0.307102,0.637827
3888,2,0.000000,0.000000,0,0,0.000,0.000000,0.000000
3888,3,0.000000,0.000000,0,0,0.000,0.000000,0.000000
3888,4,0.000000,0.000000,0,0,0.000,0.000000,0.000000
3888,5,0.000000,0.000000,0,0,0.000,0.000000,0.000000
3888,6,0.000000,0.000000,0,0,0.000,0.000000,0.000000
3888,7,0.000000,0.000000,0,0,0.000,0.000000,0.000000
3936,0,0.666667,0.959159,128,0,1000.000,0.306170,0.645409
3936,1,0.333333,0.954004,52,4,962.308,0.326626,0.637987
3936,2,0.000000,0.000000,0,0,0.000,0.000000,0.000000
3936,3,0.000000,0.000000,0,0,0.000,0.000000,0.000000
3936,4,0.000000,0.000000,0,0,0.000,0.000000,0.000000
3936,5,0.000000,0.000000,0,0,0.000,0.000000,0.000000
3936,6,0.000000,0.000000,0,0,0.000,0.000000,0.000000
3936,7,0.000000,0.000000,0,0,0.000,0.000000,0.000000
4032,0,0.666667,0.959104,300,0,1000.000,0.308324,0.645726
4032,1,0.333333,0.959164,165,5,982.836,0.318750,0.643791
4032,2,0.000000,0.000000,0,0,0.000,0.000000,0.000000
4032,3,0.000000,0.000000,0,0,0.000,0.000000,0.000000
4032,4,0.000000,0.000000,0,0,0.000,0.000000,0.000000
4032,5,0.000000,0.000000,0,0,0.000,0.000000,0.000000
4032,6,0.000000,0.000000,0,0,0.000,0.000000,0.000000
4032,7,0.000000,0.000000,0,0,0.000,0.000000,0.000000
4080,0,0.666667,0.954796,201,1,997.214,0.297534,0.644578
4080,1,0.333333,0.952040,93,4,976.118,0.308626,0.644306
4080,2,0.000000,0.000000,0,0,0.000,0.000000,0.000000
4080,3,0.000000,0.000000,0,0,0.000,0.000000,0.000000
4080,4,0.000000,0.000000,0,0,0.000,0.000000,0.000000
4080,5,0.000000,0.000000,0,0,0.000,0.000000,0.000000
4080,6,0.000000,0.000000,0,0,0.000,0.000000,0.000000
4080,7,0.000000,0.000000,0,0,0.000,0.000000,0.000000
4128,0,0.666667,0.954214,148,3,983.007,0.295033,0.642464
4128,1,0.333333,0.943054,93,3,975.581,0.328593,0.641942
4128,2,0.000000,0.000000,0,0,0.000,0.000000,0.000000
4128,3,0.000000,0.000000,0,0,0.000,0.000000,0.000000
4128,4,0.000000,0.000000,0,0,0.000,0.000000,0.000000
4128,5,0.000000,0.000000,0,0,0.000,0.000000,0.000000
4128,6,0.000000,0.000000,0,0,0.000,0.000000,0.000000
4128,7,0.000000,0.000000,0,0,0.000,0.000000,0.000000
4176,0,0.666667,0.950259,113,0,1000.000,0.308594,0.646590
4176,1,0.333333,0.951408,52,2,986.481,0.320203,0.644100
4176,2,0.000000,0.000000,0,0,0.000,0.000000,0.000000
4176,3,0.000000,0.000000,0,0,0.000,0.000000,0.000000
4176,4,0.000000,0.000000,0,0,0.000,0.000000,0.000000
4176,5,0.000000,0.000000,0,0,0.000,0.000000,0.000000
4176,6,0.000000,0.000000,0,0,0.000,0.000000,0.000000
4176,7,0.000000,0.000000,0,0,0.000,0.000000,0.000000
4224,0,0.666667,0.955678,80,1,988.200,0.298064,0.647215
4224,1,0.333333,0.936527,48,6,932.750,0.289600,0.648597
4224,2,0.000000,0.000000,0,0,0.000,0.000000,0.000000
4224,3,0.000000,0.000000,0,0,0.000,0.000000,0.000000
4224,4,0.000000,0.000000,0,0,0.000,0.000000,0.000000
4224,5,0.000000,0.000000,0,0,0.000,0.000000,0.000000
4224,6,0.000000,0.000000,0,0,0.000,0.000000,0.000000
4224,7,0.000000,0.000000,0,0,0.000,0.000000,0.000000
4272,0,0.666667,0.957676,92,1,991.402,0.295808,0.656213
4272,1,0.333333,0.944358,36,1,976.056,0.353243,0.657789
4272,2,0.000000,0.000000,0,0,0.000,0.000000,0.000000
4272,3,0.000000,0.000000,0,0,0.000,0.000000,0.000000
4272,4,0.000000,0.000000,0,0,0.000,0.000000,0.000000
4272,5,0.000000,0.000000,0,0,0.000,0.000000,0.000000
4272,6,0.000000,0.000000,0,0,0.000,0.000000,0.000000
4272,7,0.000000,0.000000,0,0,0.000,0.000000,0.000000
4320,0,0.666667,0.949101,97,0,1000.000,0.356214,0.658050
4320,1,0.333333,0.953009,42,0,1000.000,0.345117,0.652052
4320,2,0.000000,0.000000,0,0,0.000,0.000000,0.000000
4320,3,0.000000,0.000000,0,0,0.000,0.000000,0.000000
4320,4,0.000000,0.000000,0,0,0.000,0.000000,0.000000
4320,5,0.000000,0.000000,0,0,0.000,0.000000,0.000000
4320,6,0.000000,0.000000,0,0,0.000,0.000000,0.000000
4320,7,0.000000,0.000000,0,0,0.000,0.000000,0.000000
4368,0,0.666667,0.951119,122,3,991.262,0.366215,0.659020
4368,1,0.333333,0.953886,58,0,1000.000,0.421036,0.661681
4368,2,0.000000,0.000000,0,0,0.000,0.000000,0.000000
4368,3,0.000000,0.000000,0,0,0.000,0.000000,0.000000
4368,4,0.000000,0.000000,0,0,0.000,0.000000,0.000000
4368,5,0.000000,0.000000,0,0,0.000,0.000000,0.000000
4368,6,0.000000,0.000000,0,0,0.000,0.000000,0.000000
4368,7,0.000000,0.000000,0,0,0.000,0.000000,0.000000
4416,0,0.666667,0.951174,156,2,992.936,0.366987,0.659016
4416,1,0.333333,0.948402,62,3,974.000,0.389389,0.656666
4416,2,0.000000,0.000000,0,0,0.000,0.000000,0.000000
4416,3,0.000000,0.000000,0,0,0.000,0.000000,0.000000
4416,4,0.000000,0.000000,0,0,0.000,0.000000,0.000000
4416,5,0.000000,0.000000,0,0,0.000,0.000000,0.000000
4416,6,0.000000,0.000000,0,0,0.000,0.000000,0.000000
4416,7,0.000000,0.000000,0,0,0.000,0.000000,0.000000
4464,0,0.666667,0.950743,174,0,1000.000,0.350970,0.662658
4464,1,0.333333,0.939893,74,1,988.122,0.404708,0.664491
4464,2,0.000000,0.000000,0,0,0.000,0.000000,0.000000
4464,3,0.000000,0.000000,0,0,0.000,0.000000,0.000000
4464,4,0.000000,0.000000,0,0,0.000,0.000000,0.000000
4464,5,0.000000,0.000000,0,0,0.000,0.000000,0.000000
4464,6,0.000000,0.000000,0,0,0.000,0.000000,0.000000
4464,7,0.000000,0.000000,0,0,0.000,0.000000,0.000000
4512,0,0.666667,0.954417,158,1,994.658,0.354221,0.666501
4512,1,0.333333,0.949616,63,0,1000.000,0.373813,0.665505
4512,2,0.000000,0.000000,0,0,0.000,0.000000,0.000000
4512,3,0.000000,0.000000,0,0,0.000,0.000000,0.000000
4512,4,0.000000,0.000000,0,0,0.000,0.000000,0.000000
4512,5,0.000000,0.000000,0,0,0.000,0.000000,0.000000
4512,6,0.000000,0.000000,0,0,0.000,0.000000,0.000000
4512,7,0.000000,0.000000,0,0,0.000,0.000000,0.000000
4560,0,0.666667,0.950513,102,0,1000.000,0.349596,0.666239
4560,1,0.333333,0.956130,54,0,1000.000,0.375047,0.667011
4560,2,0.000000,0.000000,0,0,0.000,0.000000,0.000000
4560,3,0.000000,0.000000,0,0,0.000,0.000000,0.000000
4560,4,0.000000,0.000000,0,0,0.000,0.000000,0.000000
4560,5,0.000000,0.000000,0,0,0.000,0.000000,0.000000
4560,6,0.000000,0.000000,0,0,0.000,0.000000,0.000000
4560,7,0.000000,0.000000,0,0,0.000,0.000000,0.000000
4608,0,0.666667,0.956445,139,0,1000.000,0.351435,0.669713
4608,1,0.333333,0.947249,67,1,991.284,0.390782,0.669378
4608,2,0.000000,0.000000,0,0,0.000,0.000000,0.000000
4608,3,0.000000,0.000000,0,0,0.000,0.000000,0.000000
4608,4,0.000000,0.000000,0,0,0.000,0.000000,0.000000
4608,5,0.000000,0.000000,0,0,0.000,0.000000,0.000000
4608,6,0.000000,0.000000,0,0,0.000,0.000000,0.000000
4608,7,0.000000,0.000000,0,0,0.000,0.000000,0.000000
4656,0,0.666667,0.951377,166,0,1000.000,0.356798,0.670205
4656,1,0.333333,0.956054,104,0,1000.000,0.380261,0.669761
4656,2,0.000000,0.000000,0,0,0.000,0.000000,0.000000
4656,3,0.000000,0.000000,0,0,0.000,0.000000,0.000000
4656,4,0.000000,0.000000,0,0,0.000,0.000000,0.000000
4656,5,0.000000,0.000000,0,0,0.000,0.000000,0.000000
4656,6,0.000000,0.000000,0,0,0.000,0.000000,0.000000
4656,7,0.000000,0.000000,0,0,0.000,0.000000,0.000000
4704,0,0.666667,0.955227,185,0,1000.000,0.358159,0.669589
4704,1,0.333333,0.957709,98,0,1000.000,0.367789,0.669086
4704,2,0.000000,0.000000,0,0,0.000,0.000000,0.000000
4704,3,0.000000,0.000000,0,0,0.000,0.000000,0.000000
4704,4,0.000000,0.000000,0,0,0.000,0.000000,0.000000
4704,5,0.000000,0.000000,0,0,0.000,0.000000,0.000000
4704,6,0.000000,0.000000,0,0,0.000,0.000000,0.000000
4704,7,0.000000,0.000000,0,0,0.000,0.000000,0.000000
4752,0,0.666667,0.961561,129,0,1000.000,0.309771,0.668193
4752,1,0.333333,0.957732,58,0,1000.000,0.371816,0.668520
4752,2,0.000000,0.000000,0,0,0.000,0.000000,0.000000
4752,3,0.000000,0.000000,0,0,0.000,0.000000,0.000000
4752,4,0.000000,0.000000,0,0,0.000,0.000000,0.000000
4752,5,0.000000,0.000000,0,0,0.000,0.000000,0.000000
4752,6,0.000000,0.000000,0,0,0.000,0.000000,0.000000
4752,7,0.000000,0.000000,0,0,0.000,0.000000,0.000000
4800,0,0.666667,0.953251,115,0,1000.000,0.357269,0.672522
4800,1,0.333333,0.962617,53,1,995.698,0.351421,0.665021
4800,2,0.000000,0.000000,0,0,0.000,0.000000,0.000000
4800,3,0.000000,0.000000,0,0,0.000,0.000000,0.000000
4800,4,0.000000,0.000000,0,0,0.000,0.000000,0.000000
4800,5,0.000000,0.000000,0,0,0.000,0.000000,0.000000
4800,6,0.000000,0.000000,0,0,0.000,0.000000,0.000000
4800,7,0.000000,0.000000,0,0,0.000,0.000000,0.000000
4848,0,0.174035,0.956433,85,0,1000.000,0.328759,0.665694
4848,1,0.670957,0.955719,52,3,978.500,0.324158,0.668927
4848,2,0.025835,0.000000,0,0,0.000,0.000000,0.000000
4848,3,0.025835,0.000000,0,0,0.000,0.000000,0.000000
4848,4,0.025835,0.000000,0,0,0.000,0.000000,0.000000
4848,5,0.025835,0.000000,0,0,0.000,0.000000,0.000000
4848,6,0.025835,0.000000,0,0,0.000,0.000000,0.000000
4848,7,0.025835,0.000000,0,0,0.000,0.000000,0.000000
4944,0,0.174035,0.963596,60,0,1000.000,0.309570,0.665756
4944,1,0.670957,0.958373,216,2,994.518,0.362185,0.669481
4944,2,0.025835,0.950880,5,0,1000.000,0.479754,0.693422
4944,3,0.025835,0.952901,13,0,1000.000,0.390370,0.676066
4944,4,0.025835,0.703456,4,1,763.250,0.374496,0.643990
4944,5,0.025835,0.944535,6,0,1000.000,0.517506,0.667194
4944,6,0.025835,0.851230,8,1,881.250,0.469222,0.644358
4944,7,0.025835,0.855039,9,1,893.222,0.394589,0.625902
4992,0,0.174035,0.966326,39,0,1000.000,0.309155,0.667131
4992,1,0.670957,0.956959,154,1,997.942,0.363510,0.671397
4992,2,0.025835,0.952456,5,0,1000.000,0.506561,0.684248
4992,3,0.025835,0.981155,2,0,1000.000,0.327114,0.682873
4992,4,0.025835,0.677145,10,3,732.600,0.418428,0.654817
4992,5,0.025835,0.947210,4,0,1000.000,0.527853,0.684635
4992,6,0.025835,0.475859,12,6,530.917,0.302017,0.607456
4992,7,0.025835,0.507767,17,8,553.471,0.325993,0.611428
5040,0,0.174035,0.957564,44,0,1000.000,0.358516,0.675555
5040,1,0.670957,0.959773,164,3,985.701,0.356822,0.669634
5040,2,0.025835,0.945196,8,0,1000.000,0.371835,0.669744
5040,3,0.025835,0.929785,5,0,1000.000,0.465741,0.673774
5040,4,0.025835,0.678792,13,4,722.538,0.360583,0.647973
5040,5,0.025835,0.613011,14,5,676.643,0.431485,0.654446
5040,6,0.025835,0.000813,4,4,48.500,0.068437,0.486822
5040,7,0.025835,0.390094,15,9,434.200,0.230950,0.584082
5088,0,0.174035,0.957433,59,0,1000.000,0.344102,0.669139
5088,1,0.670957,0.958464,182,0,1000.000,0.360415,0.669221
5088,2,0.025835,0.972338,9,0,1000.000,0.295633,0.670082
5088,3,0.025835,0.951348,11,0,1000.000,0.424383,0.676817
5088,4,0.025835,0.743362,9,2,799.444,0.495675,0.662301
5088,5,0.025835,0.606835,8,3,646.625,0.322055,0.628144
5088,6,0.025835,0.673220,14,4,729.286,0.357857,0.617040
5088,7,0.025835,0.734478,8,2,765.000,0.334057,0.628262
5136,0,0.174035,0.965763,55,0,1000.000,0.307104,0.667484
5136,1,0.670957,0.958754,141,0,1000.000,0.344106,0.664498
5136,2,0.025835,0.968377,6,0,1000.000,0.380811,0.653348
5136,3,0.025835,0.755886,3,1,734.667,0.249169,0.655460
5136,4,0.025835,0.504950,12,6,547.833,0.463412,0.637970
5136,5,0.025835,0.361754,11,7,408.000,0.211204,0.602893
5136,6,0.025835,0.509757,15,7,564.067,0.282675,0.602779
5136,7,0.025835,0.428402,9,5,472.111,0.241372,0.561219
5184,0,0.174035,0.951858,24,1,973.667,0.436805,0.678905
5184,1,0.670957,0.956423,100,1,991.740,0.357197,0.669308
5184,2,0.025835,0.980419,4,0,1000.000,0.365713,0.666426
5184,3,0.025835,0.854110,6,1,853.833,0.400834,0.666496
5184,4,0.025835,0.695823,7,2,736.714,0.290828,0.648548
5184,5,0.025835,0.347151,11,7,444.000,0.245721,0.622389
5184,6,0.025835,0.477582,10,5,542.800,0.276570,0.626117
5184,7,0.025835,0.320863,12,8,373.167,0.233374,0.577080
5280,0,0.174035,0.965892,47,0,1000.000,0.363579,0.671917
5280,1,0.670957,0.953554,176,4,988.443,0.393454,0.675857
5280,2,0.025835,0.969551,7,0,1000.000,0.377825,0.688695
5280,3,0.025835,0.692835,6,2,698.500,0.409177,0.659548
5280,4,0.025835,0.382901,14,9,437.571,0.217779,0.612129
5280,5,0.025835,0.535860,11,5,605.818,0.351123,0.644559
5280,6,0.025835,0.572450,10,4,640.100,0.433053,0.649424
5280,7,0.025835,0.548851,12,5,617.083,0.437640,0.622206
5328,0,0.174035,0.946430,23,0,1000.000,0.418478,0.680260
5328,1,0.670957,0.968680,95,1,996.295,0.371154,0.676894
5328,2,0.025835,0.937674,6,0,1000.000,0.457071,0.677678
5328,3,0.025835,0.979936,6,0,1000.000,0.346921,0.660506
5328,4,0.025835,0.653065,9,3,716.444,0.424421,0.664274
5328,5,0.025835,0.466276,4,2,543.250,0.392931,0.635796
5328,6,0.025835,0.632460,6,2,714.333,0.381937,0.650470
5328,7,0.025835,0.968899,5,0,1000.000,0.494876,0.680836
5376,0,0.174035,0.954899,29,0,1000.000,0.356447,0.676503
5376,1,0.670957,0.964023,132,2,988.682,0.382689,0.678812
5376,2,0.025835,0.957460,5,0,1000.000,0.480479,0.701472
5376,3,0.025835,0.963266,6,0,1000.000,0.404480,0.682397
5376,4,0.025835,0.874205,8,1,904.250,0.424287,0.662107
5376,5,0.025835,0.495249,4,2,552.250,0.250055,0.626987
5376,6,0.025835,0.788115,6,1,843.500,0.521421,0.650394
5376,7,0.025835,0.764758,10,2,830.400,0.420001,0.654866
5424,0,0.174035,0.962859,39,0,1000.000,0.355552,0.674803
5424,1,0.670957,0.959650,133,0,1000.000,0.413277,0.674280
5424,2,0.025835,0.936144,9,0,1000.000,0.489081,0.672557
5424,3,0.025835,0.884538,10,1,908.900,0.444306,0.664692
5424,4,0.025835,0.633051,8,3,711.625,0.323806,0.649824
5424,5,0.025835,0.565129,7,3,608.143,0.226571,0.612893
5424,6,0.025835,0.379870,10,6,501.800,0.234826,0.600470
5424,7,0.025835,0.944139,10,0,1000.000,0.607729,0.687550
5472,0,0.174035,0.959078,44,1,978.523,0.405195,0.677794
5472,1,0.670957,0.964534,173,2,992.815,0.391794,0.677827
5472,2,0.025835,0.974413,6,0,1000.000,0.357072,0.683177
5472,3,0.025835,0.894213,10,1,942.400,0.471105,0.671244
5472,4,0.025835,0.844390,8,1,882.750,0.444227,0.655644
5472,5,0.025835,0.548563,16,7,643.375,0.310495,0.633691
5472,6,0.025835,0.449449,15,8,529.333,0.322288,0.609094
5472,7,0.025835,0.487703,16,8,552.875,0.233986,0.600798
5520,0,0.174035,0.962996,39,1,991.923,0.383420,0.682380
5520,1,0.670957,0.957462,138,3,984.594,0.420031,0.682711
5520,2,0.025835,0.906146,6,1,869.333,0.382103,0.683514
5520,3,0.025835,0.866425,7,1,866.000,0.276982,0.668139
5520,4,0.025835,0.449435,7,4,605.143,0.240023,0.628512
5520,5,0.025835,0.369457,8,5,463.000,0.196104,0.614516
5520,6,0.025835,0.227884,17,13,280.882,0.193310,0.552648
5520,7,0.025835,0.345876,17,11,419.765,0.235061,0.580316
5568,0,0.174035,0.970214,37,0,1000.000,0.351298,0.674013
5568,1,0.670957,0.964102,99,1,997.000,0.392621,0.679021
5568,2,0.025835,0.881935,5,1,908.000,0.393247,0.672453
5568,3,0.025835,0.737584,6,2,815.000,0.257394,0.655641
5568,4,0.025835,0.680818,9,3,756.444,0.307518,0.651188
5568,5,0.025835,0.528764,9,4,619.667,0.402760,0.628504
5568,6,0.025835,0.484123,12,6,564.250,0.275037,0.603694
5568,7,0.025835,0.476232,8,4,545.500,0.288888,0.606916
5616,0,0.174035,0.959863,37,0,1000.000,0.400156,0.682124
5616,1,0.670957,0.963343,143,2,995.315,0.408659,0.681638
5616,2,0.025835,0.779064,4,2,783.500,0.509498,0.668882
5616,3,0.025835,0.727894,5,2,771.600,0.256676,0.650451
5616,4,0.025835,0.691725,12,4,782.667,0.369690,0.665573
5616,5,0.025835,0.384620,10,6,531.100,0.295371,0.621820
5616,6,0.025835,0.460384,17,9,534.824,0.252892,0.590706
5616,7,0.025835,0.423970,9,5,478.333,0.313754,0.575891
5664,0,0.174035,0.961945,43,0,1000.000,0.346288,0.683665
5664,1,0.670957,0.965139,201,4,986.960,0.380843,0.677366
5664,2,0.025835,0.940734,10,1,975.800,0.313999,0.674129
5664,3,0.025835,0.780801,6,2,737.667,0.347564,0.673661
5664,4,0.025835,0.794783,15,3,861.600,0.378990,0.666151
5664,5,0.025835,0.467213,17,9,560.824,0.275938,0.614799
5664,6,0.025835,0.525481,13,6,584.538,0.274159,0.617932
5664,7,0.025835,0.517547,13,6,573.692,0.334027,0.601437
5712,0,0.174035,0.957642,43,0,1000.000,0.370766,0.679177
5712,1,0.670957,0.964407,178,3,993.657,0.358920,0.677561
5712,2,0.025835,0.954400,7,0,1000.000,0.499372,0.690689
5712,3,0.025835,0.452977,15,12,483.800,0.292888,0.641701
5712,4,0.025835,0.492385,29,16,572.414,0.279997,0.631801
5712,5,0.025835,0.188351,23,19,315.000,0.240867,0.602232
5712,6,0.025835,0.505907,19,9,554.684,0.338048,0.620522
5712,7,0.025835,0.488213,18,9,520.444,0.312303,0.595990
5760,0,0.174035,0.961361,31,0,1000.000,0.354197,0.673591
5760,1,0.670957,0.957805,130,5,974.454,0.400209,0.678626
5760,2,0.025835,0.866775,4,2,856.000,0.639797,0.707810
5760,3,0.025835,0.501479,16,11,589.812,0.270357,0.629072
5760,4,0.025835,0.275214,15,12,458.667,0.315055,0.635992
5760,5,0.025835,0.241631,21,16,320.619,0.266961,0.599756
5760,6,0.025835,0.131754,15,13,181.267,0.229069,0.561934
5760,7,0.025835,0.192144,10,8,240.100,0.213150,0.549970
5808,0,0.174035,0.965641,39,1,992.872,0.423551,0.680333
5808,1,0.670957,0.956752,120,15,930.983,0.401988,0.673226
5808,2,0.025835,0.891132,9,2,829.889,0.414432,0.671214
5808,3,0.025835,0.626374,13,7,582.385,0.409739,0.653668
5808,4,0.025835,0.316654,21,16,442.667,0.290864,0.631013
5808,5,0.025835,0.094579,12,11,161.667,0.220007,0.581271
5808,6,0.025835,0.481301,8,4,538.500,0.308516,0.611727
5808,7,0.025835,0.322753,12,8,361.167,0.290004,0.565259
5856,0,0.174035,0.958566,23,1,962.652,0.378655,0.674032
5856,1,0.670957,0.952354,89,7,957.101,0.441949,0.672684
5856,2,0.025835,0.714177,1,1,188.000,0.272704,0.662351
5856,3,0.025835,0.407986,10,9,387.900,0.379599,0.624100
5856,4,0.025835,0.529992,10,5,615.100,0.479178,0.646610
5856,5,0.025835,0.375450,8,5,422.000,0.245618,0.594563
5856,6,0.025835,0.286089,10,7,337.500,0.216041,0.530413
5856,7,0.025835,0.591835,8,3,649.125,0.396585,0.626117
5904,0,0.174035,0.944591,19,1,977.421,0.488278,0.689848
5904,1,0.670957,0.933373,93,6,964.430,0.555667,0.683415
5904,2,0.025835,0.834787,3,2,612.667,0.275505,0.700666
5904,3,0.025835,0.542001,10,6,585.500,0.526210,0.648822
5904,4,0.025835,0.364218,10,7,448.300,0.528050,0.623990
5904,5,0.025835,0.177065,11,9,249.273,0.240851,0.581844
5904,6,0.025835,0.374669,5,3,429.200,0.411092,0.591535
5904,7,0.025835,0.475671,6,3,529.833,0.487100,0.622798
5952,0,0.174035,0.934702,32,2,983.812,0.496704,0.683920
5952,1,0.670957,0.927465,116,4,990.138,0.542472,0.691842
5952,2,0.025835,0.894166,5,1,842.600,0.609506,0.692965
5952,3,0.025835,0.720185,12,4,781.167,0.623418,0.671302
5952,4,0.025835,0.589078,12,5,690.083,0.560152,0.654017
5952,5,0.025835,0.386823,10,6,446.600,0.311753,0.599334
5952,6,0.025835,0.197596,10,8,260.200,0.252367,0.557509
5952,7,0.025835,0.382777,12,7,442.250,0.328399,0.586294
6000,0,0.174035,0.914248,40,2,964.250,0.520390,0.676306
6000,1,0.670957,0.925818,150,11,964.673,0.528438,0.689623
6000,2,0.025835,0.891432,10,2,863.800,0.537767,0.688373
6000,3,0.025835,0.647774,10,5,669.200,0.438309,0.658291
6000,4,0.025835,0.654346,6,2,689.500,0.465094,0.661256
6000,5,0.025835,0.521870,10,4,631.300,0.369899,0.622678
6000,6,0.025835,0.464181,8,4,522.875,0.367046,0.605559
6000,7,0.025835,0.559675,17,7,608.529,0.417779,0.615113
6048,0,0.174035,0.935113,42,0,1000.000,0.479769,0.683374
6048,1,0.670957,0.933104,171,9,973.655,0.534592,0.688843
6048,2,0.025835,0.908617,6,1,925.167,0.448324,0.676352
6048,3,0.025835,0.782374,7,2,782.857,0.403678,0.655582
6048,4,0.025835,0.183653,10,9,204.000,0.354250,0.595562
6048,5,0.025835,0.359246,8,5,410.000,0.325726,0.607932
6048,6,0.025835,0.621781,12,4,685.917,0.458788,0.633579
6048,7,0.025835,0.577408,13,5,636.077,0.435748,0.625833
6096,0,0.174035,0.936972,37,1,999.513,0.512721,0.684732
6096,1,0.670957,0.921027,212,10,972.368,0.522063,0.680222
6096,2,0.025835,0.929946,11,0,1000.000,0.558712,0.680894
6096,3,0.025835,0.748127,7,2,744.571,0.571721,0.644526
6096,4,0.025835,0.706509,7,2,747.714,0.469087,0.653533
6096,5,0.025835,0.396636,17,10,451.235,0.288678,0.609767
6096,6,0.025835,0.377867,10,6,435.700,0.317684,0.591372
6096,7,0.025835,0.352455,17,10,446.882,0.348391,0.586476
6144,0,0.174035,0.943656,31,1,988.452,0.496339,0.684427
6144,1,0.670957,0.934587,133,6,977.038,0.489977,0.677054
6144,2,0.025835,0.938805,7,0,1000.000,0.596582,0.687508
6144,3,0.025835,0.862654,14,2,912.000,0.546370,0.663748
6144,4,0.025835,0.294222,13,9,417.462,0.372211,0.598358
6144,5,0.025835,0.617869,11,4,664.182,0.444752,0.639868
6144,6,0.025835,0.650775,16,5,707.250,0.430226,0.635287
6144,7,0.025835,0.399171,14,8,460.357,0.368411,0.593818
6192,0,0.174035,0.954675,24,0,1000.000,0.500007,0.683483
6192,1,0.670957,0.940959,100,5,971.470,0.514955,0.684394
6192,2,0.025835,0.824007,2,1,923.000,0.338359,0.674641
6192,3,0.025835,0.798973,6,1,849.167,0.581565,0.666782
6192,4,0.025835,0.288245,9,7,306.111,0.220342,0.594295
6192,5,0.025835,0.173940,6,5,235.833,0.265197,0.565064
6192,6,0.025835,0.488091,6,3,526.500,0.384073,0.604895
6192,7,0.025835,0.366432,13,8,418.308,0.248849,0.569288
6240,0,0.174035,0.949364,19,3,923.895,0.487488,0.677473
6240,1,0.670957,0.937350,87,5,959.000,0.546483,0.685989
6240,2,0.025835,0.937882,3,0,1000.000,0.526974,0.686884
6240,3,0.025835,0.583015,5,3,578.200,0.523126,0.635109
6240,4,0.025835,0.258832,7,6,278.000,0.503489,0.613698
6240,5,0.025835,0.370593,8,5,431.500,0.343867,0.599016
6240,6,0.025835,0.290413,10,7,350.000,0.452801,0.589644
6240,7,0.025835,0.433007,16,8,536.875,0.426606,0.598214
6288,0,0.174035,0.951612,25,2,966.200,0.531009,0.691802
6288,1,0.670957,0.937746,82,4,983.695,0.548342,0.688946
6288,2,0.025835,0.850351,6,2,806.333,0.519107,0.652582
6288,3,0.025835,0.907717,4,0,1000.000,0.738571,0.691624
6288,4,0.025835,0.538408,8,4,642.125,0.553288,0.642116
6288,5,0.025835,0.727033,4,1,760.750,0.567420,0.647857
6288,6,0.025835,0.113244,7,6,192.429,0.414347,0.580148
6288,7,0.025835,0.357370,5,3,441.400,0.475336,0.590485
6336,0,0.174035,0.954881,18,0,1000.000,0.481292,0.692068
6336,1,0.670957,0.941631,95,3,990.916,0.557365,0.690904
6336,2,0.025835,0.898476,9,1,894.778,0.626942,0.674130
6336,3,0.025835,0.700578,6,3,700.500,0.498403,0.664378
6336,4,0.025835,0.310347,5,4,364.800,0.332383,0.624888
6336,5,0.025835,0.552486,8,3,658.625,0.642043,0.649799
6336,6,0.025835,0.286187,10,7,348.000,0.301092,0.606288
6336,7,0.025835,0.571494,10,4,619.800,0.494458,0.631983
6384,0,0.174035,0.952550,40,2,983.650,0.539374,0.688564
6384,1,0.670957,0.934663,121,2,985.099,0.567587,0.689305
6384,2,0.025835,0.918456,5,1,858.000,0.506526,0.690486
6384,3,0.025835,0.958715,2,0,1000.000,0.797082,0.707134
6384,4,0.025835,0.503578,7,4,559.857,0.365791,0.630754
6384,5,0.025835,0.566629,7,3,621.857,0.520103,0.653686
6384,6,0.025835,0.474230,6,3,525.167,0.560910,0.633475
6384,7,0.025835,0.261808,11,8,310.000,0.292197,0.577766
6432,0,0.174035,0.914237,30,0,1000.000,0.522375,0.680440
6432,1,0.670957,0.939564,156,5,994.180,0.569429,0.688192
6432,2,0.025835,0.896820,2,1,955.500,0.804947,0.700913
6432,3,0.025835,0.779121,9,3,726.333,0.431308,0.654546
6432,4,0.025835,0.778965,9,2,829.778,0.484224,0.666782
6432,5,0.025835,0.736310,6,1,841.667,0.591931,0.661715
6432,6,0.025835,0.503908,9,4,590.778,0.434427,0.612914
6432,7,0.025835,0.399668,7,4,454.714,0.418985,0.607922
6480,0,0.174035,0.939171,44,0,1000.000,0.569318,0.693452
6480,1,0.670957,0.938987,165,5,989.576,0.584447,0.690494
6480,2,0.025835,0.952069,5,0,1000.000,0.482816,0.677054
6480,3,0.025835,0.702100,9,3,771.111,0.632729,0.661480
6480,4,0.025835,0.728857,17,5,827.529,0.608016,0.674238
6480,5,0.025835,0.482418,10,5,533.900,0.478202,0.627587
6480,6,0.025835,0.516336,11,5,586.818,0.576415,0.633941
6480,7,0.025835,0.516264,13,6,557.231,0.493729,0.624413
6528,0,0.174035,0.949460,25,0,1000.000,0.569260,0.690648
6528,1,0.670957,0.944049,133,4,987.338,0.560048,0.687967
6528,2,0.025835,0.951161,6,0,1000.000,0.454381,0.673093
6528,3,0.025835,0.688994,8,4,586.250,0.585539,0.652275
6528,4,0.025835,0.455395,5,3,488.400,0.397851,0.610924
6528,5,0.025835,0.546877,16,7,599.250,0.554083,0.647272
6528,6,0.025835,0.474569,6,3,527.167,0.525033,0.633075
6528,7,0.025835,0.399179,12,7,452.333,0.470746,0.593331
6576,0,0.174035,0.947135,35,0,1000.000,0.518291,0.691093
6576,1,0.670957,0.941076,118,7,964.136,0.559941,0.685590
6576,2,0.025835,0.946495,4,0,1000.000,0.648476,0.697024
6576,3,0.025835,0.838645,5,1,875.800,0.561161,0.679345
6576,4,0.025835,0.446136,7,4,472.571,0.528492,0.615934
6576,5,0.025835,0.150608,15,13,216.200,0.425179,0.592425
6576,6,0.025835,0.188133,10,8,245.300,0.272641,0.561442
6576,7,0.025835,0.236939,4,3,287.500,0.353012,0.571311
6624,0,0.174035,0.940358,33,0,1000.000,0.543886,0.690061
6624,1,0.670957,0.951707,142,1,993.648,0.547176,0.693027
6624,2,0.025835,0.957815,6,0,1000.000,0.596755,0.688724
6624,3,0.025835,0.904166,9,1,955.222,0.492795,0.673562
6624,4,0.025835,0.523451,7,4,609.571,0.436987,0.652803
6624,5,0.025835,0.510531,16,7,593.750,0.634719,0.642221
6624,6,0.025835,0.528117,9,4,598.889,0.472740,0.631745
6624,7,0.025835,0.515743,13,6,557.846,0.506657,0.628291
6672,0,0.174035,0.942481,51,1,985.039,0.516654,0.681087
6672,1,0.670957,0.942359,177,7,977.525,0.555453,0.688831
6672,2,0.025835,0.870893,6,1,840.333,0.608444,0.663455
6672,3,0.025835,0.885284,8,1,897.875,0.598632,0.693612
6672,4,0.025835,0.672605,14,5,762.786,0.621941,0.668947
6672,5,0.025835,0.693119,14,4,736.643,0.572894,0.653432
6672,6,0.025835,0.463031,12,6,522.000,0.565116,0.628351
6672,7,0.025835,0.410779,7,4,452.714,0.510010,0.599330
6720,0,0.174035,0.932496,42,1,996.167,0.522194,0.682079
6720,1,0.670957,0.948894,186,2,995.172,0.554689,0.687160
6720,2,0.025835,0.962788,11,0,1000.000,0.556887,0.684094
6720,3,0.025835,0.677419,9,4,866.111,0.528420,0.645770
6720,4,0.025835,0.505014,17,9,552.588,0.581558,0.635501
6720,5,0.025835,0.447002,11,6,498.364,0.438844,0.620643
6720,6,0.025835,0.702459,19,5,757.105,0.557044,0.648324
6720,7,0.025835,0.587235,13,5,632.923,0.552605,0.622530
6768,0,0.174035,0.947130,42,0,1000.000,0.598765,0.690953
6768,1,0.670957,0.940702,140,4,983.950,0.597794,0.681911
6768,2,0.025835,0.940830,6,0,1000.000,0.624936,0.684855
6768,3,0.025835,0.822892,4,1,844.500,0.769712,0.686564
6768,4,0.025835,0.476798,12,7,488.333,0.567152,0.626220
6768,5,0.025835,0.485237,14,7,533.714,0.611775,0.634925
6768,6,0.025835,0.377456,10,6,431.300,0.471846,0.600458
6768,7,0.025835,0.660737,10,3,713.200,0.502990,0.641172
6816,0,0.174035,0.944361,35,1,975.514,0.565470,0.681427
6816,1,0.670957,0.940674,120,3,984.100,0.619418,0.685657
6816,2,0.025835,0.954260,2,0,1000.000,0.644759,0.703896
6816,3,0.025835,0.840885,9,2,874.333,0.637734,0.678924
6816,4,0.025835,0.598083,9,4,662.000,0.474250,0.642625
6816,5,0.025835,0.630920,12,4,702.333,0.653369,0.648309
6816,6,0.025835,0.411933,7,4,462.857,0.377997,0.591479
6816,7,0.025835,0.318716,12,8,365.333,0.542050,0.595329
6864,0,0.174035,0.949043,26,0,1000.000,0.578682,0.684292
6864,1,0.670957,0.935141,94,0,1000.000,0.594066,0.680816
6864,2,0.025835,0.937158,1,0,1000.000,0.641617,0.686230
6864,3,0.025835,0.610607,4,3,636.500,0.497917,0.654942
6864,4,0.025835,0.627256,8,3,750.750,0.568366,0.639426
6864,5,0.025835,0.326377,9,6,388.000,0.398817,0.588053
6864,6,0.025835,0.190659,5,4,261.600,0.299349,0.568457
6864,7,0.025835,0.211718,9,7,265.111,0.281448,0.578483
6912,0,0.174035,0.931808,30,1,995.467,0.621452,0.684510
6912,1,0.670957,0.948049,87,5,962.471,0.628004,0.688910
6912,2,0.025835,0.893429,5,1,938.800,0.589637,0.688152
6912,3,0.025835,0.716801,5,2,720.600,0.539931,0.658245
6912,4,0.025835,0.461557,5,3,504.200,0.646392,0.627587
6912,5,0.025835,0.536047,9,4,583.889,0.594452,0.635136
6912,6,0.025835,0.744674,9,2,788.889,0.598643,0.653331
6912,7,0.025835,0.471656,8,4,522.125,0.475634,0.610398
6960,0,0.174035,0.955405,31,0,1000.000,0.489001,0.683802
6960,1,0.670957,0.939849,132,5,983.651,0.614282,0.684899
6960,2,0.025835,0.960562,4,0,1000.000,0.606110,0.697869
6960,3,0.025835,0.892188,6,1,874.833,0.479489,0.672116
6960,4,0.025835,0.622191,5,2,735.600,0.403095,0.645742
6960,5,0.025835,0.686822,12,3,764.583,0.676527,0.650233
6960,6,0.025835,0.615830,14,5,659.929,0.555969,0.640212
6960,7,0.025835,0.694404,11,3,744.909,0.534517,0.639155
7008,0,0.174035,0.936171,44,1,980.500,0.545628,0.681118
7008,1,0.670957,0.943395,147,2,992.946,0.562533,0.685353
7008,2,0.025835,0.939170,4,0,1000.000,0.549969,0.680761
7008,3,0.025835,0.880121,6,1,984.833,0.496754,0.689836
7008,4,0.025835,0.816593,7,1,867.286,0.617640,0.666353
7008,5,0.025835,0.447551,11,6,534.545,0.631540,0.635796
7008,6,0.025835,0.668086,14,4,731.214,0.604513,0.634873
7008,7,0.025835,0.407097,8,4,539.000,0.685975,0.606791
7056,0,0.174035,0.938110,41,0,1000.000,0.505728,0.677872
7056,1,0.670957,0.933960,162,2,994.031,0.586383,0.683226
7056,2,0.025835,0.799068,3,1,681.333,0.702988,0.628608
7056,3,0.025835,0.828029,7,2,858.714,0.697698,0.675226
7056,4,0.025835,0.674038,9,3,694.222,0.594178,0.643755
7056,5,0.025835,0.441748,11,6,495.909,0.508872,0.614271
7056,6,0.025835,0.526023,11,5,566.273,0.620179,0.639576
7056,7,0.025835,0.513287,11,5,569.182,0.663802,0.623378
7104,0,0.174035,0.944837,41,0,1000.000,0.523100,0.684181
7104,1,0.670957,0.943814,192,6,984.182,0.554333,0.678480
7104,2,0.025835,0.813003,7,0,1000.000,0.657878,0.672619
7104,3,0.025835,0.930931,6,0,1000.000,0.634578,0.684392
7104,4,0.025835,0.547751,10,5,619.600,0.494628,0.629474
7104,5,0.025835,0.469682,12,6,582.750,0.549281,0.618445
7104,6,0.025835,0.368653,13,8,440.538,0.425269,0.608357
7104,7,0.025835,0.526291,20,9,572.400,0.458632,0.612507
7152,0,0.174035,0.942251,33,1,976.515,0.574939,0.682553
7152,1,0.670957,0.940402,133,6,974.602,0.553031,0.677309
7152,2,0.025835,0.958521,5,0,1000.000,0.512619,0.670974
7152,3,0.025835,0.841572,8,2,867.875,0.480401,0.658705
7152,4,0.025835,0.674902,6,2,729.167,0.522250,0.643808
7152,5,0.025835,0.367649,11,7,430.091,0.454968,0.601646
7152,6,0.025835,0.387365,10,6,445.300,0.569503,0.590804
7152,7,0.025835,0.411011,7,4,462.143,0.326511,0.594702
7200,0,0.174035,0.940148,21,0,1000.000,0.564355,0.676778
7200,1,0.670957,0.941517,105,2,982.790,0.570710,0.678722
7200,2,0.025835,0.920812,6,1,872.167,0.625340,0.691048
7200,3,0.025835,0.502197,3,2,546.000,0.630167,0.570212
7200,4,0.025835,0.816153,9,1,898.778,0.678191,0.672303
7200,5,0.025835,0.332573,6,4,388.167,0.471133,0.593276
7200,6,0.025835,0.238565,14,10,332.929,0.579882,0.581576
7200,7,0.025835,0.137146,7,6,195.429,0.483689,0.536794
7248,0,0.018750,0.928970,27,1,985.963,0.597396,0.680668
7248,1,0.018750,0.943536,83,2,992.566,0.558504,0.681317
7248,2,0.815695,0.952993,1,0,1000.000,0.961158,0.684964
7248,3,0.070797,0.829774,7,2,846.429,0.611654,0.668182
7248,4,0.019420,0.180398,7,7,337.857,0.325191,0.586172
7248,5,0.018863,0.429024,14,8,506.071,0.534234,0.619774
7248,6,0.018821,0.384071,15,9,453.533,0.586061,0.598788
7248,7,0.018903,0.913901,4,0,1000.000,0.783298,0.682076
7296,0,0.018750,0.926559,5,0,1000.000,0.684165,0.694827
7296,1,0.018750,0.938131,4,4,537.750,0.758495,0.688080
7296,2,0.815695,0.953774,112,0,1000.000,0.628287,0.687760
7296,3,0.070797,0.900547,7,1,945.143,0.682586,0.686461
7296,4,0.019420,0.409786,8,5,499.250,0.577960,0.608379
7296,5,0.018863,0.454149,11,6,531.182,0.714299,0.622647
7296,6,0.018821,0.739962,5,1,814.200,0.739391,0.659922
7296,7,0.018903,0.000178,7,7,61.286,0.589955,0.512667
7344,0,0.018750,0.943608,2,0,1000.000,0.846706,0.675868
7344,1,0.018750,0.936876,7,3,766.857,0.533793,0.681545
7344,2,0.815695,0.936823,107,2,989.963,0.641340,0.684367
7344,3,0.070797,0.962818,11,0,1000.000,0.613872,0.693792
7344,4,0.019420,0.374421,3,2,455.667,0.567478,0.613017
7344,5,0.018863,0.776984,5,1,875.400,0.432113,0.650891
7344,6,0.018821,0.322773,9,6,370.444,0.820358,0.591526
7344,7,0.018903,0.357141,8,5,405.000,0.592506,0.583932
7392,0,0.018750,0.953102,1,0,1000.000,0.754140,0.692923
7392,1,0.018750,0.944625,6,0,1000.000,0.671223,0.691454
7392,2,0.815695,0.942831,146,0,1000.000,0.629415,0.687513
7392,3,0.070797,0.899387,8,1,918.250,0.543483,0.675032
7392,4,0.019420,0.856737,5,0,1000.000,0.705302,0.668710
7392,5,0.018863,0.565657,8,3,661.125,0.763228,0.631264
7392,6,0.018821,0.616572,3,1,683.333,0.842483,0.649546
7392,7,0.018903,0.802821,6,1,842.333,0.750969,0.667672
7440,0,0.018750,0.963986,2,2,338.000,0.474368,0.592772
7440,1,0.018750,0.836439,4,0,1000.000,0.800825,0.687644
7440,2,0.815695,0.920441,154,0,1000.000,0.646720,0.682717
7440,3,0.070797,0.953332,23,0,1000.000,0.651952,0.691996
7440,4,0.019420,0.628965,10,4,676.800,0.607389,0.656927
7440,5,0.018863,0.961833,4,0,1000.000,0.589618,0.687616
7440,6,0.018821,0.957341,8,0,1000.000,0.711230,0.691637
7440,7,0.018903,0.474304,12,6,537.667,0.634531,0.610091
7488,0,0.018750,0.881669,4,0,1000.000,0.771131,0.680320
7488,1,0.018750,0.863947,4,1,959.750,0.888282,0.676313
7488,2,0.815695,0.953807,202,0,1000.000,0.669218,0.687059
7488,3,0.070797,0.906168,17,1,943.235,0.691737,0.681720
7488,4,0.019420,0.866313,10,1,906.000,0.679485,0.680114
7488,5,0.018863,0.000000,0,0,0.000,0.000000,0.000000
7488,6,0.018821,0.425268,9,5,495.444,0.624612,0.619528
7488,7,0.018903,0.481803,8,4,525.375,0.755259,0.621066
7536,0,0.018750,0.776637,4,0,1000.000,0.759210,0.672468
7536,1,0.018750,0.957494,5,0,1000.000,0.651444,0.692603
7536,2,0.815695,0.937087,152,0,1000.000,0.667224,0.683950
7536,3,0.070797,0.952489,17,0,1000.000,0.598530,0.685901
7536,4,0.019420,0.806081,5,1,914.400,0.611973,0.667488
7536,5,0.018863,0.244748,9,7,473.111,0.562881,0.586552
7536,6,0.018821,0.192194,5,4,256.600,0.744420,0.584914
7536,7,0.018903,0.174809,11,9,226.909,0.714109,0.558812
7584,0,0.018750,0.957761,3,0,1000.000,0.628502,0.696494
7584,1,0.018750,0.953451,5,1,912.400,0.639231,0.684388
7584,2,0.815695,0.937833,146,2,990.075,0.634888,0.681368
7584,3,0.070797,0.936311,18,0,1000.000,0.647273,0.680983
7584,4,0.019420,0.607164,5,2,818.000,0.803671,0.650747
7584,5,0.018863,0.190554,6,5,362.333,0.901501,0.583064
7584,6,0.018821,0.322588,9,6,390.889,0.898451,0.587945
7584,7,0.018903,0.415241,7,4,475.000,0.751519,0.586762
7632,0,0.018750,0.973719,3,1,880.000,0.293171,0.651268
7632,1,0.018750,0.954394,4,1,975.750,0.567846,0.675033
7632,2,0.815695,0.936475,185,2,990.984,0.664191,0.683587
7632,3,0.070797,0.893403,19,1,982.526,0.641008,0.671897
7632,4,0.019420,0.322437,1,1,873.000,0.772765,0.623753
7632,5,0.018863,0.506107,6,3,607.333,0.706497,0.616849
7632,6,0.018821,0.561999,12,5,626.250,0.764691,0.626313
7632,7,0.018903,0.566002,8,3,642.625,0.822200,0.583045
7680,0,0.018750,0.957465,7,0,1000.000,0.498883,0.684039
7680,1,0.018750,0.956627,5,0,1000.000,0.816147,0.695279
7680,2,0.815695,0.943114,223,2,992.614,0.644337,0.682107
7680,3,0.070797,0.875566,26,4,898.731,0.656671,0.674232
7680,4,0.019420,0.738442,6,2,770.667,0.692609,0.646081
7680,5,0.018863,0.457611,9,5,541.222,0.775352,0.627576
7680,6,0.018821,0.439640,11,6,511.636,0.855766,0.610255
7680,7,0.018903,0.385196,5,3,427.200,0.847693,0.587832
7728,0,0.018750,0.956725,6,1,977.833,0.362878,0.664325
7728,1,0.018750,0.966480,4,0,1000.000,0.559792,0.664949
7728,2,0.815695,0.934375,200,1,995.325,0.663780,0.678949
7728,3,0.070797,0.929058,27,2,965.000,0.625280,0.676629
7728,4,0.019420,0.704825,8,3,733.750,0.691406,0.650247
7728,5,0.018863,0.505661,12,6,586.417,0.878138,0.631445
7728,6,0.018821,0.363825,5,3,445.400,0.818455,0.555244
7728,7,0.018903,0.512090,15,7,558.133,0.792985,0.610048
7776,0,0.018750,0.961665,3,0,1000.000,0.660999,0.697535
7776,1,0.018750,0.965718,5,0,1000.000,0.693528,0.697306
7776,2,0.815695,0.939630,168,2,990.506,0.718787,0.680997
7776,3,0.070797,0.952979,23,0,1000.000,0.745498,0.686220
7776,4,0.019420,0.473534,6,4,605.333,0.604261,0.622403
7776,5,0.018863,0.152565,10,9,249.800,0.759593,0.562539
7776,6,0.018821,0.481198,10,5,542.300,0.797149,0.613432
7776,7,0.018903,0.352233,10,6,435.100,0.851741,0.567191
7872,0,0.018750,0.871968,4,0,1000.000,0.678409,0.679044
7872,1,0.018750,0.960772,8,0,1000.000,0.738015,0.693203
7872,2,0.815695,0.941462,272,4,990.386,0.677752,0.676631
7872,3,0.070797,0.856045,26,6,890.731,0.630148,0.658954
7872,4,0.019420,0.765929,8,2,805.625,0.638499,0.655879
7872,5,0.018863,0.523490,11,5,576.818,0.618432,0.604923
7872,6,0.018821,0.258289,15,11,317.933,0.769924,0.562988
7872,7,0.018903,0.088849,11,10,172.455,0.809496,0.497559
7920,0,0.018750,0.964830,4,0,1000.000,0.518420,0.681995
7920,1,0.018750,0.955096,3,1,939.000,0.661471,0.680579
7920,2,0.815695,0.915334,129,5,966.481,0.637878,0.671782
7920,3,0.070797,0.882771,10,1,906.000,0.626422,0.673480
7920,4,0.019420,0.708561,3,1,717.667,0.473083,0.646749
7920,5,0.018863,0.550673,4,2,597.000,0.682360,0.635788
7920,6,0.018821,0.391481,5,3,531.200,0.828700,0.608098
7920,7,0.018903,0.482304,8,4,529.250,0.644081,0.587110
7968,0,0.018750,0.969329,4,0,1000.000,0.331706,0.641887
7968,1,0.018750,0.958083,3,0,1000.000,0.553647,0.681442
7968,2,0.815695,0.940997,173,2,990.931,0.628022,0.674960
7968,3,0.070797,0.909884,9,1,919.778,0.634737,0.673136
7968,4,0.019420,0.837236,8,2,858.750,0.718384,0.672968
7968,5,0.018863,0.710669,4,1,772.500,0.685871,0.632691
7968,6,0.018821,0.955461,1,0,1000.000,0.755430,0.706210
7968,7,0.018903,0.654549,4,1,761.750,0.941060,0.638141
8016,0,0.018750,0.954678,5,0,1000.000,0.626328,0.670147
8016,1,0.018750,0.962262,6,0,1000.000,0.661973,0.684358
8016,2,0.815695,0.924832,175,2,992.126,0.666940,0.671967
8016,3,0.070797,0.912781,22,1,972.636,0.749377,0.669578
8016,4,0.019420,0.713148,5,2,787.800,0.600103,0.629800
8016,5,0.018863,0.710523,4,1,760.750,0.843120,0.652672
8016,6,0.018821,0.647405,3,1,686.667,0.795513,0.609064
8016,7,0.018903,0.956497,4,0,1000.000,0.721927,0.683781
8064,0,0.018750,0.909029,8,0,1000.000,0.684996,0.672601
8064,1,0.018750,0.950818,8,1,984.500,0.620689,0.677901
8064,2,0.815695,0.936649,168,1,994.458,0.671451,0.674019
8064,3,0.070797,0.864236,13,0,1000.000,0.766193,0.666127
8064,4,0.019420,0.813171,5,1,849.400,0.591181,0.642862
8064,5,0.018863,0.740577,8,2,775.875,0.717180,0.647063
8064,6,0.018821,0.748323,9,2,788.444,0.825589,0.647422
8064,7,0.018903,0.227040,8,6,326.875,0.720082,0.532759
8112,0,0.018750,0.945711,10,0,1000.000,0.586144,0.669608
8112,1,0.018750,0.959884,8,0,1000.000,0.669057,0.684347
8112,2,0.815695,0.937345,215,2,992.865,0.703944,0.672978
8112,3,0.070797,0.933717,17,0,1000.000,0.613838,0.661983
8112,4,0.019420,0.938270,7,0,1000.000,0.801656,0.670803
8112,5,0.018863,0.651528,6,2,732.833,0.678707,0.610942
8112,6,0.018821,0.415925,7,4,475.286,0.857299,0.576438
8112,7,0.018903,0.788346,11,2,832.455,0.601504,0.642852
8160,0,0.018750,0.954739,1,0,1000.000,0.891982,0.684172
8160,1,0.018750,0.960069,5,1,990.200,0.537352,0.685506
8160,2,0.815695,0.950720,147,0,1000.000,0.685047,0.673090
8160,3,0.070797,0.953115,8,0,1000.000,0.598299,0.673418
8160,4,0.019420,0.956899,3,0,1000.000,0.934683,0.694175
8160,5,0.018863,0.415717,8,4,545.250,0.817538,0.591908
8160,6,0.018821,0.480374,4,2,528.000,0.705042,0.556473
8160,7,0.018903,0.414000,10,5,524.400,0.963156,0.566579
8208,0,0.018750,0.840914,5,0,1000.000,0.879423,0.657985
8208,1,0.018750,0.917036,2,0,1000.000,0.863552,0.670834
8208,2,0.815695,0.944685,134,1,993.127,0.660012,0.670105
8208,3,0.070797,0.950711,10,0,1000.000,0.696106,0.669498
8208,4,0.019420,0.954798,2,0,1000.000,0.524921,0.652652
8208,5,0.018863,0.953528,2,0,1000.000,0.693281,0.680890
8208,6,0.018821,0.537424,9,4,593.000,0.713136,0.590439
8208,7,0.018903,0.195537,5,4,263.600,0.798729,0.541925
8256,0,0.018750,0.955665,2,0,1000.000,0.652795,0.674231
8256,1,0.018750,0.902391,2,0,1000.000,0.660779,0.654735
8256,2,0.815695,0.939062,119,3,993.597,0.734403,0.674149
8256,3,0.070797,0.904981,10,1,908.400,0.566188,0.661205
8256,4,0.019420,0.728661,4,1,760.500,0.609860,0.628262
8256,5,0.018863,0.084833,4,4,235.250,0.540974,0.473028
8256,6,0.018821,0.977822,1,0,1000.000,0.154843,0.619623
8256,7,0.018903,0.591813,8,3,659.000,0.764438,0.601464
8352,0,0.018750,0.934654,5,0,1000.000,1.178544,0.681893
8352,1,0.018750,0.909781,4,1,942.500,0.985279,0.670219
8352,2,0.815695,0.897835,250,4,988.864,1.133747,0.664071
8352,3,0.070797,0.907726,15,0,1000.000,1.035992,0.659382
8352,4,0.019420,0.914126,6,0,1000.000,1.168085,0.673366
8352,5,0.018863,0.537068,8,4,701.250,1.193731,0.616947
8352,6,0.018821,0.453614,12,6,574.750,1.051729,0.598056
8352,7,0.018903,0.408396,11,6,500.636,0.964651,0.571261
8400,0,0.018750,0.896373,6,0,1000.000,1.078535,0.660984
8400,1,0.018750,0.935231,2,0,1000.000,1.384376,0.679479
8400,2,0.815695,0.896476,132,0,1000.000,1.140610,0.663826
8400,3,0.070797,0.851677,12,0,1000.000,1.194548,0.648165
8400,4,0.019420,0.924096,3,0,1000.000,1.012441,0.662502
8400,5,0.018863,0.657765,6,2,748.667,0.888621,0.619437
8400,6,0.018821,0.783599,7,1,874.000,1.031208,0.641732
8400,7,0.018903,0.933350,1,0,1000.000,1.103719,0.679587
8448,0,0.018750,0.946980,1,0,1000.000,1.176495,0.688559
8448,1,0.018750,0.817819,5,0,1000.000,1.045398,0.649705
8448,2,0.815695,0.908012,174,1,994.511,1.125596,0.664262
8448,3,0.070797,0.905778,13,0,1000.000,1.295520,0.673567
8448,4,0.019420,0.837201,3,1,979.667,0.883917,0.652787
8448,5,0.018863,0.914285,4,0,1000.000,1.183313,0.667021
8448,6,0.018821,0.625278,3,1,704.667,1.171662,0.619001
8448,7,0.018903,0.624768,6,2,703.000,0.824344,0.626814
8496,0,0.018750,0.877774,5,0,1000.000,1.147608,0.659298
8496,1,0.018750,0.924701,5,0,1000.000,1.082927,0.667683
8496,2,0.815695,0.906234,180,3,990.556,1.179435,0.662768
8496,3,0.070797,0.914986,29,0,1000.000,1.199709,0.667624
8496,4,0.019420,0.840748,4,0,1000.000,1.427289,0.659786
8496,5,0.018863,0.849132,12,1,958.000,1.182963,0.656391
8496,6,0.018821,0.932008,2,0,1000.000,1.137955,0.668738
8496,7,0.018903,0.945091,4,0,1000.000,0.983994,0.661310
8544,0,0.018750,0.928659,3,0,1000.000,1.340942,0.681111
8544,1,0.018750,0.939692,4,0,1000.000,1.173496,0.679313
8544,2,0.815695,0.916198,144,0,1000.000,1.243253,0.664469
8544,3,0.070797,0.926692,12,0,1000.000,1.252647,0.671446
8544,4,0.019420,0.923553,1,0,1000.000,1.011706,0.665056
8544,5,0.018863,0.487991,2,1,541.500,1.246181,0.578665
8544,6,0.018821,0.947992,2,0,1000.000,1.283871,0.684510
8544,7,0.018903,0.000323,1,1,54.000,0.637095,0.488475
8592,0,0.018750,0.914849,3,0,1000.000,1.234950,0.664341
8592,1,0.018750,0.950081,1,0,1000.000,1.123667,0.670392
8592,2,0.815695,0.910413,165,1,999.836,1.237660,0.662365
8592,3,0.070797,0.924952,14,0,1000.000,1.289076,0.667093
8592,4,0.019420,0.924277,2,0,1000.000,1.069193,0.667368
8592,5,0.018863,0.931486,3,0,1000.000,1.377482,0.667778
8592,6,0.018821,0.607214,3,1,704.333,1.229143,0.567947
8592,7,0.018903,0.807642,10,1,906.500,1.379691,0.647044
8640,0,0.018750,0.938787,2,0,1000.000,1.301342,0.678977
8640,1,0.018750,0.901890,6,0,1000.000,1.271382,0.663217
8640,2,0.815695,0.921233,193,1,998.135,1.243366,0.668133
8640,3,0.070797,0.932507,18,0,1000.000,1.247699,0.670028
8640,4,0.019420,0.780661,5,0,1000.000,1.455320,0.653770
8640,5,0.018863,0.794990,5,1,883.000,0.976912,0.639239
8640,6,0.018821,0.728827,5,1,810.600,1.247966,0.619606
8640,7,0.018903,0.632365,3,1,732.000,1.204816,0.607087
8688,0,0.018750,0.913029,9,0,1000.000,1.284524,0.664955
8688,1,0.018750,0.897152,3,0,1000.000,1.212934,0.645541
8688,2,0.815695,0.919895,224,0,1000.000,1.218440,0.665183
8688,3,0.070797,0.931785,17,0,1000.000,1.160441,0.668911
8688,4,0.019420,0.900837,5,0,1000.000,1.384571,0.663751
8688,5,0.018863,0.914077,5,0,1000.000,1.308736,0.670773
8688,6,0.018821,0.915387,6,0,1000.000,1.375728,0.666190
8688,7,0.018903,0.626356,6,2,763.167,1.151056,0.622523
8736,0,0.018750,0.929278,5,0,1000.000,1.100112,0.659688
8736,1,0.018750,0.934050,5,0,1000.000,1.183572,0.658995
8736,2,0.815695,0.922575,204,0,1000.000,1.214172,0.665585
8736,3,0.070797,0.936808,21,0,1000.000,1.169349,0.667992
8736,4,0.019420,0.940336,2,0,1000.000,1.300649,0.669958
8736,5,0.018863,0.899833,7,0,1000.000,1.451895,0.661589
8736,6,0.018821,0.749158,5,1,812.600,0.863600,0.614277
8736,7,0.018903,0.566326,5,2,624.200,0.942384,0.593788
8784,0,0.018750,0.928625,2,0,1000.000,1.062080,0.668783
8784,1,0.018750,0.775722,3,0,1000.000,1.479205,0.647840
8784,2,0.815695,0.923661,178,1,994.820,1.152263,0.666531
8784,3,0.070797,0.914345,15,0,1000.000,1.236105,0.666488
8784,4,0.019420,0.935185,8,0,1000.000,1.249491,0.667553
8784,5,0.018863,0.901648,4,0,1000.000,1.232736,0.649763
8784,6,0.018821,0.629696,3,1,694.333,1.026055,0.608909
8784,7,0.018903,0.503785,9,4,643.778,0.970497,0.584311
8832,0,0.018750,0.900466,4,0,1000.000,0.875560,0.653813
8832,1,0.018750,0.936347,4,0,1000.000,1.069856,0.666490
8832,2,0.815695,0.916256,142,1,995.908,1.185291,0.665829
8832,3,0.070797,0.940708,14,0,1000.000,1.304352,0.675886
8832,4,0.019420,0.944772,6,0,1000.000,1.114663,0.673960
8832,5,0.018863,0.537391,4,2,694.250,0.783628,0.583352
8832,6,0.018821,0.503292,6,3,677.667,1.061591,0.604521
8832,7,0.018903,0.629843,6,2,727.167,0.960033,0.608652
8880,0,0.018750,0.906584,2,0,1000.000,1.225324,0.664098
8880,1,0.018750,0.966615,1,0,1000.000,0.553357,0.647531
8880,2,0.815695,0.924278,111,3,994.261,1.167942,0.662807
8880,3,0.070797,0.927030,7,0,1000.000,1.186712,0.660262
8880,4,0.019420,0.673635,1,0,1000.000,1.778891,0.596156
8880,5,0.018863,0.673575,7,2,745.429,1.046867,0.612068
8880,6,0.018821,0.817162,7,1,928.000,1.109179,0.649200
8880,7,0.018903,0.482105,4,2,614.000,1.202399,0.588279
8928,0,0.018750,0.850610,5,0,1000.000,1.331727,0.655252
8928,1,0.018750,0.943175,9,0,1000.000,1.169547,0.673475
8928,2,0.815695,0.926850,132,0,1000.000,1.244467,0.667169
8928,3,0.070797,0.861939,15,1,940.800,1.221589,0.652873
8928,4,0.019420,0.904988,5,0,1000.000,1.347001,0.660017
8928,5,0.018863,0.931105,3,0,1000.000,1.152145,0.662767
8928,6,0.018821,0.782454,5,1,854.600,1.094819,0.626537
8928,7,0.018903,0.535209,9,4,695.333,1.194760,0.596463
8976,0,0.018750,0.949863,4,1,818.000,0.867406,0.637121
8976,1,0.018750,0.792372,4,0,1000.000,1.341791,0.646676
8976,2,0.815695,0.911083,173,3,992.642,1.237069,0.662499
8976,3,0.070797,0.872861,12,0,1000.000,1.389190,0.656791
8976,4,0.019420,0.939786,4,0,1000.000,1.359773,0.659912
8976,5,0.018863,0.801731,4,1,821.500,1.252075,0.648004
8976,6,0.018821,0.592859,3,1,824.333,1.187636,0.608036
8976,7,0.018903,0.315553,7,4,530.857,1.315035,0.562888
9024,0,0.018750,0.929375,2,0,1000.000,1.138774,0.661343
9024,1,0.018750,0.945975,4,0,1000.000,1.179200,0.673371
9024,2,0.815695,0.922248,177,0,1000.000,1.206379,0.665374
9024,3,0.070797,0.907626,18,1,973.778,1.175054,0.658787
9024,4,0.019420,0.898902,3,0,1000.000,1.316448,0.649834
9024,5,0.018863,0.900875,4,0,1000.000,1.129840,0.644894
9024,6,0.018821,0.947626,2,0,1000.000,1.184194,0.648575
9024,7,0.018903,0.787539,6,1,890.000,1.167984,0.646569
9072,0,0.018750,0.941098,8,0,1000.000,1.076237,0.662344
9072,1,0.018750,0.840425,6,0,1000.000,1.019784,0.645556
9072,2,0.815695,0.901927,194,0,1000.000,1.194497,0.664320
9072,3,0.070797,0.934886,15,0,1000.000,1.170958,0.664683
9072,4,0.019420,0.929780,4,0,1000.000,1.350590,0.672722
9072,5,0.018863,0.677434,8,2,788.375,1.118961,0.609335
9072,6,0.018821,0.246586,4,3,323.250,0.718958,0.533710
9072,7,0.018903,0.211818,5,4,530.000,1.148554,0.533361
9120,0,0.018750,0.949770,3,0,1000.000,1.156700,0.680839
9120,1,0.018750,0.942580,2,0,1000.000,0.998862,0.671576
9120,2,0.815695,0.928925,213,1,999.094,1.148935,0.664872
9120,3,0.070797,0.940681,13,1,976.308,0.963515,0.654949
9120,4,0.019420,0.940785,5,0,1000.000,1.165123,0.679609
9120,5,0.018863,0.827998,7,1,939.714,0.908443,0.632416
9120,6,0.018821,0.668005,3,1,883.000,0.971004,0.628209
9120,7,0.018903,0.319616,6,4,491.333,0.865088,0.555636
9168,0,0.018750,0.892485,5,0,1000.000,1.103795,0.647609
9168,1,0.018750,0.939616,4,0,1000.000,1.070878,0.659099
9168,2,0.815695,0.930297,136,0,1000.000,1.157761,0.665342
9168,3,0.070797,0.929511,13,0,1000.000,1.189507,0.659562
9168,4,0.019420,0.653806,4,2,680.000,0.789343,0.592100
9168,5,0.018863,0.856211,5,0,1000.000,1.289340,0.662013
9168,6,0.018821,0.758895,5,1,839.200,1.180379,0.639103
9168,7,0.018903,0.249979,8,6,489.750,0.954560,0.548831
9216,0,0.018750,0.948971,1,0,1000.000,1.195520,0.684052
9216,1,0.018750,0.925599,6,0,1000.000,1.005030,0.650485
9216,2,0.815695,0.903396,133,0,1000.000,1.210260,0.662796
9216,3,0.070797,0.927118,12,0,1000.000,1.189655,0.659360
9216,4,0.019420,0.915986,4,0,1000.000,1.157835,0.658406
9216,5,0.018863,0.847558,1,0,1000.000,1.612922,0.638757
9216,6,0.018821,0.279475,8,6,581.625,0.855758,0.562995
9216,7,0.018903,0.321149,6,4,555.500,1.047107,0.549000
9264,0,0.018750,0.959259,1,0,1000.000,1.187721,0.695926
9264,1,0.018750,0.665210,3,0,1000.000,1.342782,0.627533
9264,2,0.815695,0.898481,117,0,1000.000,1.205914,0.666152
9264,3,0.070797,0.944212,10,0,1000.000,1.218907,0.677139
9264,4,0.019420,0.934854,1,0,1000.000,1.108784,0.654219
9264,5,0.018863,0.939843,2,0,1000.000,1.225833,0.692891
9264,6,0.018821,0.642287,3,1,748.667,0.884934,0.632199
9264,7,0.018903,0.189348,5,4,264.200,0.836809,0.519184
9312,0,0.018750,0.784828,5,0,1000.000,1.311155,0.660844
9312,1,0.018750,0.933815,3,0,1000.000,1.176721,0.651811
9312,2,0.815695,0.911599,118,3,984.161,1.221142,0.669802
9312,3,0.070797,0.949302,20,0,1000.000,1.196698,0.674998
9312,4,0.019420,0.953478,3,0,1000.000,1.124223,0.675737
9312,5,0.018863,0.666014,7,3,891.143,0.799055,0.625943
9312,6,0.018821,0.757850,4,1,833.250,1.029903,0.642533
9312,7,0.018903,0.631527,9,3,803.889,0.811559,0.612597
9360,0,0.018750,0.000000,0,0,0.000,0.000000,0.000000
9360,1,0.018750,0.000000,0,0,0.000,0.000000,0.000000
9360,2,0.815695,0.912419,119,0,1000.000,1.230407,0.671576
9360,3,0.070797,0.927315,14,1,996.786,1.188449,0.665131
9360,4,0.019420,0.949601,6,0,1000.000,1.185770,0.680008
9360,5,0.018863,0.946260,2,0,1000.000,1.247880,0.689617
9360,6,0.018821,0.757415,5,1,855.600,1.084279,0.648001
9360,7,0.018903,0.134651,7,6,240.143,0.698132,0.504207
9408,0,0.018750,0.945073,1,0,1000.000,1.117587,0.663595
9408,1,0.018750,0.816953,9,0,1000.000,1.369061,0.655303
9408,2,0.815695,0.896949,128,1,992.672,1.227569,0.665401
9408,3,0.070797,0.946004,12,0,1000.000,1.149989,0.672526
9408,4,0.019420,0.766478,3,0,1000.000,1.413080,0.654734
9408,5,0.018863,0.829757,5,0,1000.000,1.325831,0.663771
9408,6,0.018821,0.596618,5,2,738.000,0.790884,0.612012
9408,7,0.018903,0.945687,4,0,1000.000,1.270193,0.675193
9456,0,0.018750,0.945814,3,0,1000.000,1.161904,0.678457
9456,1,0.018750,0.939427,3,0,1000.000,1.321087,0.666658
9456,2,0.815695,0.930023,173,0,1000.000,1.214538,0.675218
9456,3,0.070797,0.918513,18,0,1000.000,1.178131,0.667561
9456,4,0.019420,0.929585,6,0,1000.000,1.341968,0.671777
9456,5,0.018863,0.943929,2,0,1000.000,0.883002,0.674331
9456,6,0.018821,0.456743,6,3,581.167,1.104196,0.595792
9456,7,0.018903,0.486729,10,5,612.600,1.080852,0.592928
9504,0,0.018750,0.954783,5,0,1000.000,1.064097,0.682690
9504,1,0.018750,0.912172,4,0,1000.000,1.409938,0.651172
9504,2,0.815695,0.920637,185,0,1000.000,1.218394,0.674306
9504,3,0.070797,0.934361,20,0,1000.000,1.178555,0.672616
9504,4,0.019420,0.957436,2,0,1000.000,1.016743,0.691960
9504,5,0.018863,0.790171,5,1,881.600,1.250719,0.650896
9504,6,0.018821,0.646675,7,2,739.714,1.183131,0.617891
9504,7,0.018903,0.470881,6,3,564.000,1.130760,0.593271
9552,0,0.018750,0.857680,7,0,1000.000,1.409094,0.670276
9552,1,0.018750,0.943741,4,0,1000.000,1.127200,0.670675
9552,2,0.815695,0.936955,134,1,996.485,1.217625,0.674934
9552,3,0.070797,0.884103,17,1,980.294,1.272634,0.662815
9552,4,0.019420,0.933448,3,0,1000.000,1.150598,0.671307
9552,5,0.018863,0.253454,3,3,349.000,0.345767,0.502710
9552,6,0.018821,0.517973,3,1,875.667,1.251411,0.613527
9552,7,0.018903,0.017312,4,4,182.750,0.827983,0.493802
9600,0,0.018750,0.943909,5,0,1000.000,1.144310,0.673777
9600,1,0.018750,0.933202,6,0,1000.000,1.166121,0.673448
9600,2,0.815695,0.930792,152,1,996.717,1.221339,0.676049
9600,3,0.070797,0.890715,17,0,1000.000,1.390371,0.668577
9600,4,0.019420,0.889245,5,1,947.800,1.173112,0.659302
9600,5,0.018863,0.822015,6,1,862.333,1.003161,0.671930
9600,6,0.018821,0.814460,5,0,1000.000,1.375902,0.649984
9600,7,0.018903,0.674862,4,1,776.250,1.153926,0.595664
9648,0,0.020063,0.951248,6,0,1000.000,1.205886,0.683602
9648,1,0.019933,0.945494,8,0,1000.000,1.224155,0.675934
9648,2,0.022646,0.926095,202,0,1000.000,1.256845,0.677516
9648,3,0.069632,0.922869,14,2,949.286,1.128349,0.673284
9648,4,0.543759,0.950121,3,0,1000.000,0.996756,0.689036
9648,5,0.187663,0.912992,4,0,1000.000,1.056385,0.658260
9648,6,0.114603,0.739545,4,1,841.000,0.966150,0.660490
9648,7,0.021701,0.843962,8,1,987.625,1.168995,0.670388
9696,0,0.020063,0.923508,3,0,1000.000,1.228260,0.656332
9696,1,0.019933,0.951022,7,0,1000.000,1.182446,0.690621
9696,2,0.022646,0.802042,6,1,914.333,1.134472,0.660004
9696,3,0.069632,0.944494,15,0,1000.000,1.254189,0.686836
9696,4,0.543759,0.927781,144,0,1000.000,1.282526,0.677386
9696,5,0.187663,0.887577,59,1,990.305,1.256398,0.673651
9696,6,0.114603,0.904228,29,0,1000.000,1.324533,0.672461
9696,7,0.021701,0.952806,7,0,1000.000,1.187429,0.682299
9744,0,0.020063,0.945073,5,0,1000.000,1.126080,0.681161
9744,1,0.019933,0.931986,7,0,1000.000,1.199884,0.673793
9744,2,0.022646,0.936285,2,0,1000.000,1.024230,0.685829
9744,3,0.069632,0.950330,20,0,1000.000,1.206259,0.680556
9744,4,0.543759,0.928556,126,0,1000.000,1.202276,0.679098
9744,5,0.187663,0.893694,43,2,956.465,1.149029,0.664578
9744,6,0.114603,0.922790,34,0,1000.000,1.244548,0.673437
9744,7,0.021701,0.706982,4,1,793.250,0.944869,0.633697
9792,0,0.020063,0.953947,3,0,1000.000,1.249987,0.694227
9792,1,0.019933,0.949029,9,0,1000.000,1.193545,0.677959
9792,2,0.022646,0.947086,5,0,1000.000,1.264348,0.680272
9792,3,0.069632,0.933899,17,0,1000.000,1.317821,0.677860
9792,4,0.543759,0.930179,94,0,1000.000,1.213020,0.679518
9792,5,0.187663,0.916135,52,0,1000.000,1.302505,0.676947
9792,6,0.114603,0.858719,27,1,965.704,1.264464,0.663269
9792,7,0.021701,0.856670,11,1,920.364,1.125803,0.667878
9840,0,0.020063,0.954109,2,0,1000.000,1.363597,0.707648
9840,1,0.019933,0.945105,4,0,1000.000,1.091257,0.678622
9840,2,0.022646,0.620937,4,0,1000.000,1.549823,0.623116
9840,3,0.069632,0.918482,16,0,1000.000,1.252071,0.676098
9840,4,0.543759,0.923365,90,0,1000.000,1.182608,0.674500
9840,5,0.187663,0.840744,27,2,931.518,1.073055,0.648023
9840,6,0.114603,0.949258,20,0,1000.000,1.137314,0.679692
9840,7,0.021701,0.942780,4,0,1000.000,1.112959,0.676990
9888,0,0.020063,0.637655,3,0,1000.000,1.637112,0.634561
9888,1,0.019933,0.901967,3,0,1000.000,1.193333,0.661202
9888,2,0.022646,0.905033,3,0,1000.000,1.266119,0.666708
9888,3,0.069632,0.945669,12,0,1000.000,1.225519,0.677569
9888,4,0.543759,0.910061,78,0,1000.000,1.212518,0.670593
9888,5,0.187663,0.938733,17,0,1000.000,1.203367,0.678473
9888,6,0.114603,0.880651,16,1,942.250,1.307633,0.667683
9888,7,0.021701,0.740333,8,1,902.000,1.432383,0.636703
9936,0,0.020063,0.000000,0,0,0.000,0.000000,0.000000
9936,1,0.019933,0.956781,2,0,1000.000,1.251280,0.678425
9936,2,0.022646,0.942489,8,1,983.125,1.078583,0.682380
9936,3,0.069632,0.933988,13,0,1000.000,1.276896,0.678588
9936,4,0.543759,0.920718,124,2,988.242,1.241433,0.676871
9936,5,0.187663,0.916390,24,0,1000.000,1.246560,0.678448
9936,6,0.114603,0.760643,20,4,816.550,1.007296,0.634091
9936,7,0.021701,0.955160,2,0,1000.000,1.260207,0.701649
9984,0,0.020063,0.940588,1,0,1000.000,1.356845,0.686864
9984,1,0.019933,0.954357,7,0,1000.000,1.187470,0.679291
9984,2,0.022646,0.930969,4,0,1000.000,1.210312,0.676856
9984,3,0.069632,0.944736,17,0,1000.000,1.173116,0.673767
9984,4,0.543759,0.927044,95,0,1000.000,1.255673,0.680379
9984,5,0.187663,0.850805,42,3,956.619,1.214263,0.656421
9984,6,0.114603,0.847320,31,1,981.484,1.326025,0.667815
9984,7,0.021701,0.711991,3,0,1000.000,1.464676,0.648274
10032,0,0.020063,0.949340,5,0,1000.000,1.087010,0.673844
10032,1,0.019933,0.955875,4,0,1000.000,1.152359,0.687936
10032,2,0.022646,0.939986,1,0,1000.000,1.238778,0.669749
10032,3,0.069632,0.946200,13,0,1000.000,1.260228,0.678750
10032,4,0.543759,0.929124,128,1,999.969,1.213161,0.675286
10032,5,0.187663,0.887026,35,1,976.171,1.256359,0.672828
10032,6,0.114603,0.849867,18,2,908.778,1.195637,0.662523
10032,7,0.021701,0.940758,6,0,1000.000,1.099546,0.679651
10080,0,0.020063,0.941784,3,0,1000.000,1.118311,0.678248
10080,1,0.019933,0.949976,2,0,1000.000,1.276006,0.688525
10080,2,0.022646,0.697018,3,0,1000.000,1.552396,0.642444
10080,3,0.069632,0.950409,19,0,1000.000,1.119989,0.678092
10080,4,0.543759,0.919700,153,2,989.569,1.212500,0.671269
10080,5,0.187663,0.923933,46,0,1000.000,1.280681,0.677643
10080,6,0.114603,0.882687,37,2,951.757,1.189580,0.666466
10080,7,0.021701,0.571016,5,2,650.400,0.991406,0.600544
10128,0,0.020063,0.945429,5,0,1000.000,1.205561,0.678077
10128,1,0.019933,0.000000,0,0,0.000,0.000000,0.000000
10128,2,0.022646,0.940061,6,0,1000.000,1.006648,0.655182
10128,3,0.069632,0.900627,26,0,1000.000,1.211823,0.662847
10128,4,0.543759,0.921393,105,1,990.848,1.254347,0.672294
10128,5,0.187663,0.913360,40,0,1000.000,1.288997,0.670910
10128,6,0.114603,0.862490,25,2,936.680,1.167830,0.649993
10128,7,0.021701,0.933492,11,0,1000.000,1.314119,0.678125
10176,0,0.020063,0.955640,5,0,1000.000,1.218738,0.693697
10176,1,0.019933,0.958863,1,0,1000.000,1.319446,0.701576
10176,2,0.022646,0.944054,4,0,1000.000,1.333301,0.672384
10176,3,0.069632,0.879223,13,0,1000.000,1.330636,0.665352
10176,4,0.543759,0.925876,96,1,993.625,1.222958,0.670801
10176,5,0.187663,0.912809,35,1,974.114,1.255736,0.673843
10176,6,0.114603,0.694336,30,6,836.367,1.147791,0.627896
10176,7,0.021701,0.326572,6,4,546.500,1.391163,0.568351
10224,0,0.020063,0.783362,4,0,1000.000,1.483066,0.656946
10224,1,0.019933,0.884584,3,0,1000.000,1.397809,0.660179
10224,2,0.022646,0.953653,5,1,995.800,1.076807,0.678342
10224,3,0.069632,0.893231,14,0,1000.000,1.231677,0.662503
10224,4,0.543759,0.910771,78,1,988.000,1.270502,0.670631
10224,5,0.187663,0.895932,42,1,978.524,1.258647,0.664707
10224,6,0.114603,0.892515,21,1,955.000,1.126995,0.662255
10224,7,0.021701,0.478896,8,4,609.750,1.174773,0.564724
10272,0,0.020063,0.763098,4,0,1000.000,1.423378,0.651975
10272,1,0.019933,0.939641,4,0,1000.000,1.026538,0.655876
10272,2,0.022646,0.888972,6,1,972.000,1.216000,0.662783
10272,3,0.069632,0.946014,13,0,1000.000,1.254081,0.682258
10272,4,0.543759,0.916241,72,3,972.653,1.218234,0.670501
10272,5,0.187663,0.886294,24,2,930.458,1.161614,0.673362
10272,6,0.114603,0.886349,15,1,938.533,1.125443,0.662763
10272,7,0.021701,0.651792,3,1,775.000,1.138649,0.637273
10320,0,0.020063,0.951333,3,0,1000.000,1.313972,0.684356
10320,1,0.019933,0.961825,2,0,1000.000,0.931948,0.669444
10320,2,0.022646,0.927594,4,0,1000.000,1.410267,0.669055
10320,3,0.069632,0.949679,10,0,1000.000,1.203800,0.685470
10320,4,0.543759,0.895045,84,3,968.976,1.231355,0.667926
10320,5,0.187663,0.856252,36,4,925.833,1.139542,0.661107
10320,6,0.114603,0.815197,24,4,912.958,1.267020,0.662341
10320,7,0.021701,0.595996,8,3,667.625,1.389438,0.585331
10368,0,0.020063,0.945889,6,0,1000.000,1.004765,0.670428
10368,1,0.019933,0.951195,4,0,1000.000,1.366126,0.686130
10368,2,0.022646,0.947226,6,1,958.500,1.267565,0.683409
10368,3,0.069632,0.840926,11,0,1000.000,1.422626,0.659858
10368,4,0.543759,0.909781,93,4,965.591,1.229772,0.668257
10368,5,0.187663,0.864251,19,3,935.316,1.112634,0.663023
10368,6,0.114603,0.752207,27,6,849.926,1.199928,0.634431
10368,7,0.021701,0.719236,8,2,804.375,1.245571,0.646142
10416,0,0.020063,0.951312,1,0,1000.000,1.210780,0.676708
10416,1,0.019933,0.958222,4,0,1000.000,1.332933,0.700108
10416,2,0.022646,0.951611,3,1,974.000,0.963925,0.683288
10416,3,0.069632,0.949076,14,0,1000.000,1.258032,0.677033
10416,4,0.543759,0.910927,102,7,964.176,1.242586,0.668013
10416,5,0.187663,0.920263,35,2,968.600,1.245655,0.674760
10416,6,0.114603,0.840362,19,2,924.789,1.239762,0.658201
10416,7,0.021701,0.343694,3,2,485.667,1.467836,0.549330
10464,0,0.020063,0.954977,4,0,1000.000,1.306010,0.684514
10464,1,0.019933,0.961819,3,0,1000.000,1.266608,0.698924
10464,2,0.022646,0.956427,5,0,1000.000,1.237409,0.686733
10464,3,0.069632,0.910954,17,0,1000.000,1.329732,0.669646
10464,4,0.543759,0.930837,113,1,993.407,1.310133,0.674107
10464,5,0.187663,0.903027,54,2,983.926,1.327049,0.672928
10464,6,0.114603,0.799867,31,5,868.290,1.147200,0.643342
10464,7,0.021701,0.960814,6,0,1000.000,1.212619,0.689574
10512,0,0.020063,0.957391,3,0,1000.000,1.382759,0.699129
10512,1,0.019933,0.954920,3,0,1000.000,1.149039,0.696293
10512,2,0.022646,0.951510,3,0,1000.000,1.241335,0.690821
10512,3,0.069632,0.956859,9,0,1000.000,1.155957,0.681303
10512,4,0.543759,0.928141,121,1,996.702,1.281217,0.677545
10512,5,0.187663,0.915258,43,1,984.442,1.291358,0.675315
10512,6,0.114603,0.849892,26,3,946.500,1.156703,0.650544
10512,7,0.021701,0.841824,8,1,930.625,1.098537,0.669412
10560,0,0.020063,0.959475,2,0,1000.000,0.852777,0.689455
10560,1,0.019933,0.914272,3,0,1000.000,1.319032,0.647981
10560,2,0.022646,0.954839,5,0,1000.000,1.270592,0.684570
10560,3,0.069632,0.941172,8,0,1000.000,1.341561,0.666608
10560,4,0.543759,0.909356,104,0,1000.000,1.364520,0.671647
10560,5,0.187663,0.831442,34,3,922.235,1.321833,0.651397
10560,6,0.114603,0.835563,21,2,921.238,1.327794,0.650721
10560,7,0.021701,0.924493,3,0,1000.000,1.398351,0.678648
10608,0,0.020063,0.924607,3,0,1000.000,1.633046,0.662232
10608,1,0.019933,0.878822,8,0,1000.000,1.429220,0.673231
10608,2,0.022646,0.954791,4,0,1000.000,1.272962,0.674285
10608,3,0.069632,0.952429,17,0,1000.000,1.374451,0.682440
10608,4,0.543759,0.912327,113,5,966.212,1.270293,0.668926
10608,5,0.187663,0.914737,41,0,1000.000,1.325457,0.672966
10608,6,0.114603,0.856133,31,4,922.226,1.142430,0.657199
10608,7,0.021701,0.652881,6,2,817.833,1.092897,0.597146
10656,0,0.020063,0.860508,6,0,1000.000,1.627247,0.663396
10656,1,0.019933,0.945516,3,0,1000.000,1.159149,0.668124
10656,2,0.022646,0.917972,6,0,1000.000,1.312365,0.667842
10656,3,0.069632,0.864850,18,0,1000.000,1.443859,0.661151
10656,4,0.543759,0.899172,135,2,994.259,1.406752,0.665334
10656,5,0.187663,0.906265,54,2,977.426,1.346970,0.667593
10656,6,0.114603,0.752582,22,4,966.455,1.164866,0.641465
10656,7,0.021701,0.953193,3,0,1000.000,0.950627,0.688663
10704,0,0.020063,0.769696,9,0,1000.000,1.965592,0.616657
10704,1,0.019933,0.708797,3,0,1000.000,2.158622,0.601768
10704,2,0.022646,0.876090,4,0,1000.000,1.827910,0.638588
10704,3,0.069632,0.713685,14,0,1000.000,2.009664,0.616697
10704,4,0.543759,0.717719,145,1,999.855,2.015561,0.611397
10704,5,0.187663,0.644216,49,4,963.204,1.918778,0.599625
10704,6,0.114603,0.612034,44,6,917.750,1.742359,0.588226
10704,7,0.021701,0.643144,5,1,920.600,1.623199,0.590349
10752,0,0.020063,0.758940,7,0,1000.000,1.998081,0.610395
10752,1,0.019933,0.537457,2,0,1000.000,2.166894,0.589280
10752,2,0.022646,0.629672,5,0,1000.000,2.188457,0.598859
10752,3,0.069632,0.772029,17,0,1000.000,2.101999,0.615422
10752,4,0.543759,0.732013,120,1,993.708,1.936661,0.610736
10752,5,0.187663,0.737253,44,1,990.932,2.010369,0.610755
10752,6,0.114603,0.716012,29,2,980.138,1.939956,0.607036
10752,7,0.021701,0.577747,5,1,834.200,1.934867,0.590480
10848,0,0.020063,0.777189,8,0,1000.000,1.815096,0.598827
10848,1,0.019933,0.664182,6,0,1000.000,1.828495,0.601779
10848,2,0.022646,0.698337,4,0,1000.000,2.122300,0.604996
10848,3,0.069632,0.700683,27,0,1000.000,1.971323,0.604242
10848,4,0.543759,0.732413,201,5,987.602,1.940836,0.606190
10848,5,0.187663,0.705379,81,4,978.370,2.004699,0.605358
10848,6,0.114603,0.588692,51,9,902.412,1.855917,0.586399
10848,7,0.021701,0.718897,15,2,945.600,1.837237,0.608337
10944,0,0.020063,0.720395,6,0,1000.000,2.091137,0.600618
10944,1,0.019933,0.735563,3,0,1000.000,2.155828,0.604044
10944,2,0.022646,0.707170,7,0,1000.000,2.142853,0.598940
10944,3,0.069632,0.741242,19,0,1000.000,2.168488,0.603790
10944,4,0.543759,0.755989,178,3,993.904,2.028387,0.606752
10944,5,0.187663,0.733148,65,4,981.138,1.910820,0.598949
10944,6,0.114603,0.700776,47,2,984.319,1.944357,0.600367
10944,7,0.021701,0.306561,10,5,599.600,1.580301,0.518554
10992,0,0.020063,0.669280,5,0,1000.000,2.118382,0.592917
10992,1,0.019933,0.829618,2,0,1000.000,2.078198,0.610536
10992,2,0.022646,0.823012,3,0,1000.000,2.038052,0.606873
10992,3,0.069632,0.735450,14,0,1000.000,1.907715,0.598260
10992,4,0.543759,0.759093,102,3,984.608,1.953667,0.604324
10992,5,0.187663,0.793487,46,1,995.717,1.913417,0.613206
10992,6,0.114603,0.669877,25,3,962.640,2.013893,0.593481
10992,7,0.021701,0.521496,4,1,801.250,1.964329,0.565334
11040,0,0.020063,0.792568,2,0,1000.000,2.125667,0.601935
11040,1,0.019933,0.734306,4,0,1000.000,2.029197,0.616998
11040,2,0.022646,0.693408,11,0,1000.000,2.172013,0.599719
11040,3,0.069632,0.794905,12,1,933.417,1.714018,0.623344
11040,4,0.543759,0.773890,112,5,971.482,1.966065,0.602647
11040,5,0.187663,0.784425,40,2,976.100,1.851937,0.605717
11040,6,0.114603,0.691207,24,2,939.292,1.797305,0.595265
11040,7,0.021701,0.569708,6,2,875.833,1.575065,0.580515
11088,0,0.020063,0.675038,4,0,1000.000,1.645962,0.568166
11088,1,0.019933,0.769028,5,0,1000.000,2.287588,0.594320
11088,2,0.022646,0.776431,6,0,1000.000,1.946128,0.617576
11088,3,0.069632,0.705134,19,0,1000.000,2.126649,0.591206
11088,4,0.543759,0.758203,139,1,994.496,2.056784,0.601582
11088,5,0.187663,0.734626,38,0,1000.000,2.065651,0.597250
11088,6,0.114603,0.728311,29,2,972.034,1.948961,0.603298
11088,7,0.021701,0.715892,8,1,946.125,1.820789,0.608259
11136,0,0.020063,0.879760,5,0,1000.000,1.957785,0.616982
11136,1,0.019933,0.877751,2,0,1000.000,2.239802,0.617283
11136,2,0.022646,0.862604,2,0,1000.000,2.160584,0.610292
11136,3,0.069632,0.717441,13,0,1000.000,2.072290,0.597040
11136,4,0.543759,0.755128,127,2,985.236,2.062356,0.596153
11136,5,0.187663,0.729542,38,1,987.868,2.045882,0.597585
11136,6,0.114603,0.678979,22,2,921.000,2.044302,0.587758
11136,7,0.021701,0.715118,8,1,909.500,2.012608,0.593649
11184,0,0.020063,0.886367,3,0,1000.000,2.235108,0.621330
11184,1,0.019933,0.870191,5,0,1000.000,2.014802,0.618340
11184,2,0.022646,0.694426,6,0,1000.000,2.078197,0.586868
11184,3,0.069632,0.799487,11,0,1000.000,2.217401,0.601799
11184,4,0.543759,0.740152,94,1,997.628,2.066746,0.590982
11184,5,0.187663,0.769882,36,1,994.000,2.157789,0.598415
11184,6,0.114603,0.696002,14,1,961.857,2.105610,0.594307
11184,7,0.021701,0.278368,3,2,400.667,1.680090,0.466628
11232,0,0.020063,0.762717,6,0,1000.000,2.124970,0.602090
11232,1,0.019933,0.885039,2,0,1000.000,2.242430,0.620626
11232,2,0.022646,0.917517,1,0,1000.000,2.288389,0.624690
11232,3,0.069632,0.833601,12,1,933.917,1.929179,0.604262
11232,4,0.543759,0.764135,80,1,998.312,2.023677,0.599378
11232,5,0.187663,0.787079,29,1,994.793,2.050019,0.599305
11232,6,0.114603,0.756721,18,2,944.833,1.738780,0.592864
11232,7,0.021701,0.914114,3,0,1000.000,2.008985,0.634237
11280,0,0.020063,0.848150,3,0,1000.000,2.116981,0.598455
11280,1,0.019933,0.000000,0,0,0.000,0.000000,0.000000
11280,2,0.022646,0.906014,2,0,1000.000,2.253987,0.617590
11280,3,0.069632,0.779093,13,0,1000.000,2.038989,0.595065
11280,4,0.543759,0.794902,77,2,981.156,2.066038,0.598522
11280,5,0.187663,0.788259,29,2,953.655,1.756564,0.596432
11280,6,0.114603,0.734723,23,3,933.174,1.872084,0.596361
11280,7,0.021701,0.649992,6,1,845.333,2.077332,0.570835
11328,0,0.020063,0.801442,5,0,1000.000,2.269436,0.597906
11328,1,0.019933,0.818150,6,0,1000.000,2.170775,0.596272
11328,2,0.022646,0.826675,5,0,1000.000,1.891341,0.605169
11328,3,0.069632,0.801250,10,0,1000.000,2.182014,0.604977
11328,4,0.543759,0.797925,89,2,992.056,2.163383,0.601177
11328,5,0.187663,0.780928,26,2,971.731,1.960201,0.597895
11328,6,0.114603,0.811855,15,1,945.733,1.885005,0.606767
11328,7,0.021701,0.891875,6,0,1000.000,2.031616,0.620657
11376,0,0.020063,0.000000,0,0,0.000,0.000000,0.000000
11376,1,0.019933,0.762002,3,0,1000.000,2.315894,0.585591
11376,2,0.022646,0.828399,2,0,1000.000,2.043841,0.590448
11376,3,0.069632,0.832610,12,0,1000.000,2.055624,0.609129
11376,4,0.543759,0.798430,105,0,1000.000,2.174891,0.599228
11376,5,0.187663,0.829178,18,0,1000.000,2.134382,0.598318
11376,6,0.114603,0.831718,28,2,962.464,1.818167,0.592247
11376,7,0.021701,0.528675,7,2,834.714,1.559693,0.557081
11424,0,0.020063,0.829654,7,0,1000.000,2.186279,0.605531
11424,1,0.019933,0.656958,2,0,1000.000,2.394333,0.584583
11424,2,0.022646,0.930775,5,0,1000.000,1.466247,0.627820
11424,3,0.069632,0.875015,10,0,1000.000,2.050347,0.616163
11424,4,0.543759,0.800683,99,2,993.778,2.069861,0.597883
11424,5,0.187663,0.763662,34,1,978.265,2.111456,0.587970
11424,6,0.114603,0.824406,20,1,976.550,1.901100,0.600891
11424,7,0.021701,0.577442,9,3,803.667,1.796999,0.554386
11472,0,0.020063,0.829038,4,0,1000.000,1.725685,0.595260
11472,1,0.019933,0.812445,5,0,1000.000,1.586558,0.618023
11472,2,0.022646,0.714234,3,0,1000.000,1.985033,0.615045
11472,3,0.069632,0.871843,23,0,1000.000,2.055760,0.607186
11472,4,0.543759,0.801415,134,1,994.754,2.114640,0.597449
11472,5,0.187663,0.815556,35,1,989.914,1.979635,0.592537
11472,6,0.114603,0.793103,29,1,975.138,2.157955,0.598068
11472,7,0.021701,0.884090,7,0,1000.000,1.927801,0.609403
11520,0,0.020063,0.652642,5,0,1000.000,2.213168,0.572208
11520,1,0.019933,0.816052,6,0,1000.000,1.868664,0.587174
11520,2,0.022646,0.765857,6,0,1000.000,1.745587,0.597715
11520,3,0.069632,0.743411,12,0,1000.000,2.279267,0.584253
11520,4,0.543759,0.827596,101,1,997.030,2.047347,0.605432
11520,5,0.187663,0.821626,29,1,987.621,2.144940,0.597927
11520,6,0.114603,0.799705,33,2,977.515,1.935960,0.591799
11520,7,0.021701,0.619012,9,2,923.222,1.912556,0.568024
11568,0,0.020063,0.820079,4,0,1000.000,2.288596,0.595549
11568,1,0.019933,0.864523,3,0,1000.000,2.228133,0.595360
11568,2,0.022646,0.791581,8,0,1000.000,2.165318,0.597175
11568,3,0.069632,0.844909,14,0,1000.000,2.175158,0.604089
11568,4,0.543759,0.812784,95,0,1000.000,2.056531,0.593740
11568,5,0.187663,0.753077,37,1,977.243,2.154798,0.589439
11568,6,0.114603,0.760675,26,3,956.038,2.009487,0.594335
11568,7,0.021701,0.852856,7,0,1000.000,2.207627,0.606737
11616,0,0.020063,0.856771,2,0,1000.000,2.246427,0.606289
11616,1,0.019933,0.833111,5,0,1000.000,2.116342,0.594132
11616,2,0.022646,0.878113,9,0,1000.000,2.060191,0.612692
11616,3,0.069632,0.828636,10,0,1000.000,2.173092,0.600595
11616,4,0.543759,0.827927,115,0,1000.000,2.107549,0.601772
11616,5,0.187663,0.820751,40,0,1000.000,2.045919,0.597866
11616,6,0.114603,0.759743,16,2,942.375,1.949908,0.588243
11616,7,0.021701,0.836403,8,0,1000.000,2.236119,0.608073
11664,0,0.020063,0.906186,2,0,1000.000,1.820668,0.607770
11664,1,0.019933,0.915427,4,0,1000.000,2.109446,0.612582
11664,2,0.022646,0.766073,10,0,1000.000,2.048177,0.592530
11664,3,0.069632,0.856549,11,0,1000.000,2.145510,0.601632
11664,4,0.543759,0.828697,153,1,998.588,2.124488,0.596823
11664,5,0.187663,0.833381,46,0,1000.000,2.102965,0.605259
11664,6,0.114603,0.727743,28,4,929.893,1.778637,0.586391
11664,7,0.021701,0.630700,5,1,965.600,2.039994,0.568333
11712,0,0.020063,0.821968,2,0,1000.000,2.126276,0.586544
11712,1,0.019933,0.866061,5,0,1000.000,2.007473,0.598777
11712,2,0.022646,0.907646,3,0,1000.000,2.202058,0.614895
11712,3,0.069632,0.814328,16,0,1000.000,1.968917,0.595573
11712,4,0.543759,0.832736,140,2,997.171,2.106856,0.602019
11712,5,0.187663,0.861833,55,1,992.473,2.104460,0.606357
11712,6,0.114603,0.821681,38,1,992.184,2.206305,0.601007
11712,7,0.021701,0.563420,4,1,891.250,1.887141,0.558860
11760,0,0.020063,0.878453,7,0,1000.000,1.920449,0.596739
11760,1,0.019933,0.941778,5,0,1000.000,1.381662,0.612651
11760,2,0.022646,0.800590,7,0,1000.000,2.360199,0.592147
11760,3,0.069632,0.817401,15,0,1000.000,2.194218,0.600498
11760,4,0.543759,0.834878,117,1,994.265,2.174746,0.599645
11760,5,0.187663,0.842701,44,0,1000.000,2.207141,0.600847
11760,6,0.114603,0.841819,26,0,1000.000,1.967592,0.596715
11760,7,0.021701,0.775149,5,1,923.800,2.007775,0.585229
11808,0,0.020063,0.898838,4,0,1000.000,2.164209,0.600960
11808,1,0.019933,0.831269,7,0,1000.000,2.297353,0.593764
11808,2,0.022646,0.837617,1,0,1000.000,2.592260,0.587668
11808,3,0.069632,0.880284,12,0,1000.000,1.910130,0.600805
11808,4,0.543759,0.840259,104,0,1000.000,2.143237,0.602686
11808,5,0.187663,0.859814,42,0,1000.000,2.025794,0.604662
11808,6,0.114603,0.819085,32,0,1000.000,2.257813,0.598263
11808,7,0.021701,0.766484,8,1,949.375,2.015775,0.586532
11856,0,0.020063,0.784393,3,0,1000.000,2.193486,0.577206
11856,1,0.019933,0.889356,8,0,1000.000,1.710808,0.604713
11856,2,0.022646,0.701759,3,0,1000.000,2.138116,0.586398
11856,3,0.069632,0.857645,8,0,1000.000,2.181312,0.594878
11856,4,0.543759,0.847616,81,1,997.926,2.036009,0.596865
11856,5,0.187663,0.778491,24,0,1000.000,2.104954,0.594543
11856,6,0.114603,0.841973,18,0,1000.000,2.063699,0.599518
11856,7,0.021701,0.650062,5,1,813.600,1.866941,0.534827
11904,0,0.020063,0.934460,2,0,1000.000,2.068689,0.639635
11904,1,0.019933,0.831110,5,0,1000.000,2.058132,0.602922
11904,2,0.022646,0.891943,3,0,1000.000,2.291864,0.609350
11904,3,0.069632,0.801721,11,0,1000.000,2.220491,0.597195
11904,4,0.543759,0.816085,77,1,987.974,2.163627,0.593693
11904,5,0.187663,0.830671,27,0,1000.000,2.162410,0.603683
11904,6,0.114603,0.780640,11,1,971.909,2.071837,0.589274
11904,7,0.021701,0.512820,4,1,832.000,1.954703,0.550545
11952,0,0.020063,0.776204,5,0,1000.000,2.210940,0.580522
11952,1,0.019933,0.710307,2,0,1000.000,2.241784,0.587411
11952,2,0.022646,0.921772,2,0,1000.000,2.004326,0.636195
11952,3,0.069632,0.890406,17,0,1000.000,1.964222,0.597233
11952,4,0.543759,0.827759,120,1,999.100,2.158528,0.594679
11952,5,0.187663,0.842661,24,0,1000.000,2.237484,0.600898
11952,6,0.114603,0.807263,25,1,975.720,2.084702,0.600818
11952,7,0.021701,0.906444,4,0,1000.000,1.936971,0.612866
12000,0,0.020063,0.750844,5,0,1000.000,2.032979,0.582995
12000,1,0.019933,0.711869,2,0,1000.000,2.302750,0.576244
12000,2,0.022646,0.910538,2,0,1000.000,1.138426,0.631813
12000,3,0.069632,0.796275,12,0,1000.000,2.270687,0.594167
12000,4,0.543759,0.845670,102,0,1000.000,2.191080,0.601313
12000,5,0.187663,0.876131,43,1,991.186,2.111032,0.601952
12000,6,0.114603,0.808174,22,0,1000.000,2.102928,0.598084
12000,7,0.021701,0.753441,4,0,1000.000,1.780682,0.621500
12048,0,0.019757,0.950192,1,0,1000.000,1.789483,0.666208
12048,1,0.020090,0.906499,2,0,1000.000,2.170457,0.612978
12048,2,0.020029,0.713957,7,0,1000.000,2.422305,0.575886
12048,3,0.020445,0.818306,16,0,1000.000,2.209844,0.597458
12048,4,0.029903,0.843255,126,0,1000.000,2.163531,0.597458
12048,5,0.176885,0.836093,42,0,1000.000,2.230348,0.598054
12048,6,0.212735,0.853168,19,0,1000.000,2.143466,0.602714
12048,7,0.500155,0.692243,8,2,815.375,1.620483,0.564731
12096,0,0.019757,0.933331,6,0,1000.000,1.844333,0.606680
12096,1,0.020090,0.735340,11,0,1000.000,2.181313,0.587385
12096,2,0.020029,0.883171,7,0,1000.000,2.214830,0.600228
12096,3,0.020445,0.830994,5,0,1000.000,2.241944,0.614249
12096,4,0.029903,0.723995,8,1,950.375,1.990436,0.574481
12096,5,0.176885,0.838818,30,1,998.233,2.043529,0.601393
12096,6,0.212735,0.824313,49,0,1000.000,2.128892,0.594935
12096,7,0.500155,0.843470,132,1,999.682,2.111936,0.599783
12144,0,0.019757,0.913229,3,0,1000.000,2.026691,0.602183
12144,1,0.020090,0.923326,1,0,1000.000,2.238115,0.609859
12144,2,0.020029,0.890118,1,0,1000.000,2.024148,0.591246
12144,3,0.020445,0.874701,7,0,1000.000,2.241286,0.595841
12144,4,0.029903,0.773775,7,2,947.143,1.585892,0.596783
12144,5,0.176885,0.751317,41,1,977.293,2.093014,0.580514
12144,6,0.212735,0.841517,37,0,1000.000,2.136211,0.598373
12144,7,0.500155,0.822428,108,3,987.018,2.149873,0.591553
12192,0,0.019757,0.850636,4,0,1000.000,1.654477,0.576722
12192,1,0.020090,0.904248,2,0,1000.000,1.311939,0.623154
12192,2,0.020029,0.798260,6,0,1000.000,2.197131,0.586625
12192,3,0.020445,0.765065,2,0,1000.000,2.319839,0.585111
12192,4,0.029903,0.735937,8,3,898.875,1.584361,0.577034
12192,5,0.176885,0.804079,26,2,962.385,2.022672,0.581992
12192,6,0.212735,0.872713,35,0,1000.000,2.183358,0.609419
12192,7,0.500155,0.796762,91,3,980.593,2.014946,0.590704
12240,0,0.019757,0.816390,2,0,1000.000,2.209464,0.593796
12240,1,0.020090,0.901755,4,0,1000.000,1.683383,0.607786
12240,2,0.020029,0.926905,3,0,1000.000,1.612401,0.636326
12240,3,0.020445,0.538837,2,0,1000.000,2.596837,0.548343
12240,4,0.029903,0.822640,8,1,971.875,1.759009,0.583686
12240,5,0.176885,0.869461,22,1,999.273,1.991938,0.601395
12240,6,0.212735,0.822675,36,3,959.972,1.904418,0.603635
12240,7,0.500155,0.820124,79,2,978.380,2.101816,0.593520
12288,0,0.019757,0.885670,1,0,1000.000,2.014049,0.587890
12288,1,0.020090,0.932933,4,0,1000.000,1.801236,0.627646
12288,2,0.020029,0.000000,0,0,0.000,0.000000,0.000000
12288,3,0.020445,0.911103,2,0,1000.000,2.107655,0.606327
12288,4,0.029903,0.826600,13,3,874.692,1.870978,0.599068
12288,5,0.176885,0.795797,26,1,968.577,2.185793,0.589627
12288,6,0.212735,0.814875,39,3,973.513,2.009070,0.588314
12288,7,0.500155,0.837511,74,3,983.243,2.072696,0.599958
12384,0,0.019757,0.829229,11,0,1000.000,2.155572,0.601193
12384,1,0.020090,0.918105,11,0,1000.000,1.875798,0.613513
12384,2,0.020029,0.902158,6,0,1000.000,2.138938,0.606930
12384,3,0.020445,0.887338,8,0,1000.000,2.281846,0.617026
12384,4,0.029903,0.849395,8,2,870.375,1.712787,0.601580
12384,5,0.176885,0.838773,65,1,997.615,2.222500,0.603423
12384,6,0.212735,0.866636,78,0,1000.000,2.257345,0.606277
12384,7,0.500155,0.826941,154,7,960.552,2.094728,0.595075
12432,0,0.019757,0.802312,8,0,1000.000,2.227977,0.587204
12432,1,0.020090,0.867624,4,0,1000.000,2.372813,0.592077
12432,2,0.020029,0.872409,3,0,1000.000,2.297673,0.600127
12432,3,0.020445,0.934500,4,0,1000.000,2.045569,0.637646
12432,4,0.029903,0.942208,3,0,1000.000,1.987253,0.655459
12432,5,0.176885,0.847015,31,1,978.323,2.211320,0.596176
12432,6,0.212735,0.866265,34,0,1000.000,2.168087,0.597364
12432,7,0.500155,0.853232,109,1,993.927,2.169323,0.608544
12480,0,0.019757,0.824959,4,0,1000.000,2.139458,0.608056
12480,1,0.020090,0.914014,5,0,1000.000,2.124866,0.609968
12480,2,0.020029,0.841503,5,0,1000.000,2.437372,0.601443
12480,3,0.020445,0.823878,5,0,1000.000,2.278461,0.600199
12480,4,0.029903,0.871076,14,2,948.429,1.889760,0.609458
12480,5,0.176885,0.875315,38,0,1000.000,2.042145,0.610228
12480,6,0.212735,0.821333,47,1,981.000,2.212088,0.598148
12480,7,0.500155,0.828705,122,6,966.492,2.108356,0.606495
12528,0,0.019757,0.665817,3,0,1000.000,2.543717,0.566739
12528,1,0.020090,0.900871,7,0,1000.000,2.124697,0.618993
12528,2,0.020029,0.845886,6,0,1000.000,2.071311,0.614942
12528,3,0.020445,0.810483,6,0,1000.000,2.227734,0.611024
12528,4,0.029903,0.738500,4,0,1000.000,2.244148,0.584575
12528,5,0.176885,0.893286,34,1,999.706,2.080976,0.620473
12528,6,0.212735,0.834574,40,1,995.250,2.070497,0.601373
12528,7,0.500155,0.751618,104,13,914.808,1.947075,0.584349
12576,0,0.019757,0.902943,5,0,1000.000,2.149887,0.603004
12576,1,0.020090,0.575138,1,0,1000.000,2.586376,0.553972
12576,2,0.020029,0.645915,2,0,1000.000,2.218494,0.570458
12576,3,0.020445,0.919742,6,0,1000.000,1.930737,0.625863
12576,4,0.029903,0.911239,6,0,1000.000,1.613987,0.628628
12576,5,0.176885,0.843879,25,0,1000.000,2.038323,0.602075
12576,6,0.212735,0.871682,36,0,1000.000,2.195324,0.608917
12576,7,0.500155,0.800409,113,7,951.186,2.053587,0.594711
12624,0,0.019757,0.833936,7,0,1000.000,2.239924,0.610960
12624,1,0.020090,0.923563,1,0,1000.000,2.308416,0.617866
12624,2,0.020029,0.609921,2,0,1000.000,2.383348,0.553942
12624,3,0.020445,0.840416,5,0,1000.000,2.445714,0.603083
12624,4,0.029903,0.829311,8,0,1000.000,2.466292,0.597216
12624,5,0.176885,0.859547,38,0,1000.000,2.163677,0.611471
12624,6,0.212735,0.829230,45,0,1000.000,2.245926,0.597681
12624,7,0.500155,0.825882,123,7,963.455,2.060381,0.602897
12672,0,0.019757,0.861465,4,0,1000.000,2.410995,0.600091
12672,1,0.020090,0.838386,8,0,1000.000,2.156921,0.609001
12672,2,0.020029,0.844368,3,0,1000.000,2.141253,0.604933
12672,3,0.020445,0.857709,2,0,1000.000,2.510073,0.597459
12672,4,0.029903,0.859004,9,2,964.000,1.810960,0.607267
12672,5,0.176885,0.846242,41,0,1000.000,2.266352,0.608117
12672,6,0.212735,0.846211,59,1,999.305,2.143069,0.606169
12672,7,0.500155,0.837803,134,5,969.000,2.090986,0.601750
12720,0,0.019757,0.861560,5,0,1000.000,1.880461,0.602027
12720,1,0.020090,0.798221,7,0,1000.000,2.339487,0.598029
12720,2,0.020029,0.912277,4,0,1000.000,2.047230,0.627540
12720,3,0.020445,0.824827,2,0,1000.000,2.359686,0.601796
12720,4,0.029903,0.925227,6,0,1000.000,2.251367,0.622889
12720,5,0.176885,0.811824,52,1,981.462,2.186604,0.594901
12720,6,0.212735,0.866977,63,3,979.079,1.996619,0.608310
12720,7,0.500155,0.828603,136,6,964.140,2.115060,0.597953
12768,0,0.019757,0.907103,9,0,1000.000,1.958948,0.614427
12768,1,0.020090,0.825729,5,0,1000.000,2.274145,0.609247
12768,2,0.020029,0.914254,5,0,1000.000,2.115538,0.629977
12768,3,0.020445,0.939388,4,0,1000.000,2.156751,0.633882
12768,4,0.029903,0.915748,8,1,975.625,1.778592,0.620532
12768,5,0.176885,0.845953,35,0,1000.000,2.177544,0.610314
12768,6,0.212735,0.849979,38,0,1000.000,2.227188,0.610083
12768,7,0.500155,0.814340,123,3,985.650,2.208117,0.599479
12816,0,0.019757,0.832131,6,0,1000.000,2.329310,0.604803
12816,1,0.020090,0.752163,4,0,1000.000,2.470221,0.593132
12816,2,0.020029,0.919058,5,0,1000.000,2.219333,0.614337
12816,3,0.020445,0.852250,4,0,1000.000,2.282040,0.605264
12816,4,0.029903,0.910939,3,1,956.667,1.451926,0.600751
12816,5,0.176885,0.834638,38,2,974.500,2.178653,0.598687
12816,6,0.212735,0.844625,35,2,963.943,1.979222,0.601647
12816,7,0.500155,0.780209,107,8,942.841,2.111209,0.592452
12864,0,0.019757,0.936889,1,0,1000.000,1.878239,0.642209
12864,1,0.020090,0.840140,4,0,1000.000,2.104423,0.602587
12864,2,0.020029,0.000000,0,0,0.000,0.000000,0.000000
12864,3,0.020445,0.861098,4,0,1000.000,2.367258,0.614881
12864,4,0.029903,0.769293,2,0,1000.000,2.485183,0.577546
12864,5,0.176885,0.737855,25,0,1000.000,2.237965,0.582948
12864,6,0.212735,0.841117,35,2,971.314,1.961989,0.602719
12864,7,0.500155,0.809980,69,4,953.116,2.012938,0.587515
12912,0,0.019757,0.874588,3,0,1000.000,2.393990,0.598479
12912,1,0.020090,0.834322,5,0,1000.000,2.309883,0.594352
12912,2,0.020029,0.857436,2,0,1000.000,2.495968,0.586343
12912,3,0.020445,0.833843,3,0,1000.000,2.381091,0.602413
12912,4,0.029903,0.802982,4,0,1000.000,2.459698,0.600740
12912,5,0.176885,0.859741,28,1,990.536,2.155636,0.602120
12912,6,0.212735,0.822448,36,5,931.556,1.919707,0.598472
12912,7,0.500155,0.805857,84,8,943.607,1.988301,0.594191
12960,0,0.019757,0.921110,4,0,1000.000,2.036333,0.646007
12960,1,0.020090,0.910578,4,1,977.500,1.735384,0.618126
12960,2,0.020029,0.825841,3,0,1000.000,2.516149,0.585990
12960,3,0.020445,0.754110,2,0,1000.000,2.389225,0.593707
12960,4,0.029903,0.860046,7,0,1000.000,2.303667,0.609011
12960,5,0.176885,0.832507,41,0,1000.000,2.244649,0.601407
12960,6,0.212735,0.836120,57,2,973.702,2.087578,0.602027
12960,7,0.500155,0.792046,99,7,944.333,2.117608,0.594255
13008,0,0.019757,0.799109,5,0,1000.000,2.434583,0.603882
13008,1,0.020090,0.920725,2,0,1000.000,2.041544,0.615166
13008,2,0.020029,0.943694,1,0,1000.000,2.060731,0.621995
13008,3,0.020445,0.841600,3,0,1000.000,2.305166,0.596057
13008,4,0.029903,0.805608,2,0,1000.000,2.467839,0.569702
13008,5,0.176885,0.863237,26,0,1000.000,2.336136,0.603902
13008,6,0.212735,0.902471,51,0,1000.000,2.064173,0.606580
13008,7,0.500155,0.845644,108,7,964.037,2.011483,0.597972
13056,0,0.019757,0.743333,5,0,1000.000,2.157224,0.591595
13056,1,0.020090,0.820913,4,0,1000.000,2.371469,0.586814
13056,2,0.020029,0.851449,4,0,1000.000,2.360545,0.591069
13056,3,0.020445,0.907683,2,0,1000.000,1.336937,0.564104
13056,4,0.029903,0.756198,14,1,933.643,2.163403,0.582075
13056,5,0.176885,0.830820,26,0,1000.000,2.255490,0.598165
13056,6,0.212735,0.763315,55,2,974.309,2.258597,0.586883
13056,7,0.500155,0.782959,116,5,974.043,2.194731,0.593881
13104,0,0.019757,0.341080,2,0,1000.000,3.020241,0.538971
13104,1,0.020090,0.503210,6,0,1000.000,2.676259,0.558389
13104,2,0.020029,0.446534,6,0,1000.000,2.704811,0.543154
13104,3,0.020445,0.514599,1,0,1000.000,2.413817,0.546024
13104,4,0.029903,0.546705,8,0,1000.000,2.622129,0.556163
13104,5,0.176885,0.558976,48,2,989.104,2.448536,0.557071
13104,6,0.212735,0.524645,50,5,968.160,2.246805,0.549604
13104,7,0.500155,0.505559,125,9,967.464,2.339402,0.553888
13152,0,0.019757,0.860755,2,0,1000.000,2.451042,0.597765
13152,1,0.020090,0.454934,3,0,1000.000,1.880314,0.549069
13152,2,0.020029,0.410324,6,0,1000.000,2.418229,0.546918
13152,3,0.020445,0.508914,3,0,1000.000,2.533146,0.543048
13152,4,0.029903,0.492988,6,0,1000.000,2.793905,0.548951
13152,5,0.176885,0.608320,37,0,1000.000,2.619383,0.564054
13152,6,0.212735,0.470978,37,0,1000.000,2.606651,0.547572
13152,7,0.500155,0.512584,102,10,952.765,2.323978,0.554185
13200,0,0.019757,0.453309,1,0,1000.000,2.812194,0.551031
13200,1,0.020090,0.312188,2,0,1000.000,2.733627,0.532957
13200,2,0.020029,0.642262,6,0,1000.000,2.440415,0.566774
13200,3,0.020445,0.000000,0,0,0.000,0.000000,0.000000
13200,4,0.029903,0.338760,3,0,1000.000,2.759075,0.540179
13200,5,0.176885,0.486742,34,1,977.794,2.470120,0.549503
13200,6,0.212735,0.543134,31,0,1000.000,2.596749,0.555566
13200,7,0.500155,0.507554,92,8,968.359,2.382319,0.552142
13248,0,0.019757,0.352204,3,0,1000.000,2.721912,0.531166
13248,1,0.020090,0.672598,5,0,1000.000,2.536738,0.565331
13248,2,0.020029,0.331050,1,0,1000.000,2.817652,0.538518
13248,3,0.020445,0.498214,3,0,1000.000,2.775198,0.543562
13248,4,0.029903,0.503367,5,0,1000.000,2.755499,0.548845
13248,5,0.176885,0.602579,26,1,988.846,2.248230,0.560474
13248,6,0.212735,0.520421,30,0,1000.000,2.548546,0.550421
13248,7,0.500155,0.493096,77,7,959.857,2.458902,0.552595
13296,0,0.019757,0.661711,3,0,1000.000,2.124079,0.576856
13296,1,0.020090,0.699627,3,0,1000.000,2.602946,0.561892
13296,2,0.020029,0.000000,0,0,0.000,0.000000,0.000000
13296,3,0.020445,0.521545,1,0,1000.000,2.577060,0.541788
13296,4,0.029903,0.466895,3,0,1000.000,2.882349,0.546016
13296,5,0.176885,0.549295,31,0,1000.000,2.563886,0.553103
13296,6,0.212735,0.597882,37,2,976.784,2.346323,0.554803
13296,7,0.500155,0.552139,87,4,976.218,2.492896,0.557783
13392,0,0.019757,0.667332,6,0,1000.000,2.582357,0.567478
13392,1,0.020090,0.615656,8,0,1000.000,1.972329,0.575158
13392,2,0.020029,0.558898,8,0,1000.000,2.760841,0.556564
13392,3,0.020445,0.423517,6,0,1000.000,2.672683,0.539633
13392,4,0.029903,0.458027,12,0,1000.000,2.851876,0.544458
13392,5,0.176885,0.595420,52,0,1000.000,2.521153,0.564040
13392,6,0.212735,0.569197,78,4,984.167,2.504230,0.555559
13392,7,0.500155,0.601601,162,5,985.944,2.487467,0.562306
13440,0,0.019757,0.438066,3,0,1000.000,2.904370,0.548310
13440,1,0.020090,0.451013,4,0,1000.000,2.749731,0.554475
13440,2,0.020029,0.402164,1,0,1000.000,2.667429,0.550067
13440,3,0.020445,0.495485,4,0,1000.000,2.962490,0.543767
13440,4,0.029903,0.428085,5,0,1000.000,2.741433,0.538711
13440,5,0.176885,0.530620,41,0,1000.000,2.735960,0.550493
13440,6,0.212735,0.587912,50,1,993.560,2.634460,0.561706
13440,7,0.500155,0.594568,85,4,978.953,2.422457,0.557636
13488,0,0.019757,0.795439,6,0,1000.000,2.692476,0.582400
13488,1,0.020090,0.785484,4,0,1000.000,2.642884,0.575922
13488,2,0.020029,0.539526,2,0,1000.000,2.819868,0.553338
13488,3,0.020445,0.665241,3,0,1000.000,2.721661,0.567155
13488,4,0.029903,0.551494,12,0,1000.000,2.788566,0.554214
13488,5,0.176885,0.583896,38,0,1000.000,2.666507,0.560478
13488,6,0.212735,0.619448,51,1,989.039,2.729300,0.561917
13488,7,0.500155,0.546783,118,4,984.220,2.579445,0.552097
13536,0,0.019757,0.545291,5,0,1000.000,2.808465,0.550930
13536,1,0.020090,0.525208,6,0,1000.000,2.816165,0.551069
13536,2,0.020029,0.556173,4,0,1000.000,2.779299,0.556079
13536,3,0.020445,0.733194,4,0,1000.000,2.700929,0.577905
13536,4,0.029903,0.731980,3,0,1000.000,2.877932,0.578061
13536,5,0.176885,0.609915,37,0,1000.000,2.580079,0.562042
13536,6,0.212735,0.618152,43,1,998.233,2.543588,0.566923
13536,7,0.500155,0.555824,99,4,986.081,2.499953,0.554058
13584,0,0.019757,0.565185,3,0,1000.000,2.792427,0.558951
13584,1,0.020090,0.452364,2,0,1000.000,3.065408,0.541109
13584,2,0.020029,0.550188,5,0,1000.000,2.442149,0.553294
13584,3,0.020445,0.626491,7,0,1000.000,2.428789,0.541761
13584,4,0.029903,0.929623,1,0,1000.000,2.303602,0.598314
13584,5,0.176885,0.628178,31,0,1000.000,2.681546,0.566568
13584,6,0.212735,0.622350,47,2,989.000,2.527040,0.561516
13584,7,0.500155,0.588864,102,6,965.078,2.511445,0.556007
13632,0,0.019757,0.773589,6,0,1000.000,2.028676,0.573613
13632,1,0.020090,0.439710,3,0,1000.000,2.736291,0.534746
13632,2,0.020029,0.723398,3,0,1000.000,2.314012,0.596439
13632,3,0.020445,0.662358,6,0,1000.000,2.708653,0.578210
13632,4,0.029903,0.713716,6,0,1000.000,2.510782,0.584649
13632,5,0.176885,0.606078,40,0,1000.000,2.411202,0.564372
13632,6,0.212735,0.560987,46,2,974.957,2.483038,0.555617
13632,7,0.500155,0.550234,122,1,999.910,2.668152,0.553837
13680,0,0.019757,0.588648,6,0,1000.000,2.888686,0.558122
13680,1,0.020090,0.274365,1,0,1000.000,2.690295,0.526232
13680,2,0.020029,0.546004,7,0,1000.000,2.795355,0.550532
13680,3,0.020445,0.476895,8,0,1000.000,2.666118,0.552732
13680,4,0.029903,0.699360,8,0,1000.000,2.681512,0.566346
13680,5,0.176885,0.624533,42,0,1000.000,2.628461,0.566007
13680,6,0.212735,0.566549,56,3,968.589,2.582964,0.548708
13680,7,0.500155,0.584208,130,6,969.546,2.588089,0.555816
13728,0,0.019757,0.508906,6,0,1000.000,2.744429,0.552120
13728,1,0.020090,0.446860,8,0,1000.000,2.757138,0.540943
13728,2,0.020029,0.422791,4,0,1000.000,2.775477,0.538423
13728,3,0.020445,0.593434,3,0,1000.000,2.724476,0.549231
13728,4,0.029903,0.650214,4,0,1000.000,2.254446,0.543258
13728,5,0.176885,0.552038,32,0,1000.000,2.769542,0.554227
13728,6,0.212735,0.606548,57,1,988.421,2.603552,0.556135
13728,7,0.500155,0.616311,131,5,984.832,2.572222,0.561015
13776,0,0.019757,0.766340,2,0,1000.000,2.674561,0.571599
13776,1,0.020090,0.648023,7,0,1000.000,2.680059,0.569595
13776,2,0.020029,0.550822,7,0,1000.000,2.514200,0.558414
13776,3,0.020445,0.611651,5,0,1000.000,2.306551,0.542547
13776,4,0.029903,0.647795,4,0,1000.000,2.897410,0.562617
13776,5,0.176885,0.634008,35,0,1000.000,2.522453,0.562993
13776,6,0.212735,0.646437,37,0,1000.000,2.616927,0.560645
13776,7,0.500155,0.613217,124,5,977.661,2.544039,0.559244
13872,0,0.019757,0.511548,5,0,1000.000,2.714116,0.544306
13872,1,0.020090,0.590126,8,0,1000.000,2.499868,0.562059
13872,2,0.020029,0.677358,6,0,1000.000,2.698952,0.561628
13872,3,0.020445,0.874784,3,0,1000.000,2.645039,0.580369
13872,4,0.029903,0.607575,9,0,1000.000,2.628512,0.559103
13872,5,0.176885,0.601260,46,1,984.478,2.649833,0.555097
13872,6,0.212735,0.570160,77,1,996.182,2.627804,0.554206
13872,7,0.500155,0.607034,166,5,989.970,2.623134,0.556383
13920,0,0.019757,0.798198,4,0,1000.000,1.491407,0.574531
13920,1,0.020090,0.514407,6,0,1000.000,2.725400,0.541599
13920,2,0.020029,0.836973,1,0,1000.000,2.449003,0.567134
13920,3,0.020445,0.680702,5,0,1000.000,2.849856,0.567164
13920,4,0.029903,0.486149,3,0,1000.000,2.864166,0.543794
13920,5,0.176885,0.605423,31,2,961.548,2.339419,0.551502
13920,6,0.212735,0.593422,30,0,1000.000,2.824573,0.557651
13920,7,0.500155,0.626120,96,2,987.896,2.721692,0.556970
13968,0,0.019757,0.673246,2,0,1000.000,1.770440,0.580334
13968,1,0.020090,0.852694,4,0,1000.000,2.618821,0.592021
13968,2,0.020029,0.533018,7,0,1000.000,2.541053,0.539418
13968,3,0.020445,0.470695,1,0,1000.000,3.078263,0.545066
13968,4,0.029903,0.618467,4,0,1000.000,2.722116,0.554973
13968,5,0.176885,0.621516,37,0,1000.000,2.719573,0.557689
13968,6,0.212735,0.647776,42,0,1000.000,2.705104,0.558555
13968,7,0.500155,0.598416,116,2,991.336,2.656524,0.555271
14016,0,0.019757,0.686554,2,0,1000.000,2.620735,0.585007
14016,1,0.020090,0.655267,2,0,1000.000,2.066428,0.585538
14016,2,0.020029,0.515534,3,0,1000.000,2.703531,0.538953
14016,3,0.020445,0.554403,4,0,1000.000,2.866777,0.549181
14016,4,0.029903,0.446586,2,0,1000.000,3.051351,0.547108
14016,5,0.176885,0.618690,40,1,987.750,2.693783,0.556474
14016,6,0.212735,0.609729,46,0,1000.000,2.721593,0.560741
14016,7,0.500155,0.591957,107,4,983.019,2.558296,0.555271
14064,0,0.019757,0.645393,2,0,1000.000,2.796123,0.564356
14064,1,0.020090,0.567667,4,0,1000.000,2.206720,0.559202
14064,2,0.020029,0.658114,3,0,1000.000,2.953709,0.557360
14064,3,0.020445,0.486473,4,0,1000.000,2.603958,0.551077
14064,4,0.029903,0.459274,7,0,1000.000,2.355478,0.538364
14064,5,0.176885,0.645971,35,0,1000.000,2.736064,0.558583
14064,6,0.212735,0.621189,48,0,1000.000,2.689625,0.556574
14064,7,0.500155,0.624817,112,4,975.938,2.564899,0.553084
14112,0,0.019757,0.633683,5,0,1000.000,2.781877,0.558161
14112,1,0.020090,0.681487,4,0,1000.000,2.753140,0.564777
14112,2,0.020029,0.687281,4,0,1000.000,2.158055,0.580443
14112,3,0.020445,0.680600,5,0,1000.000,2.808114,0.563662
14112,4,0.029903,0.470285,5,0,1000.000,2.912795,0.539127
14112,5,0.176885,0.618830,47,0,1000.000,2.681189,0.556203
14112,6,0.212735,0.632852,57,1,997.982,2.539280,0.554586
14112,7,0.500155,0.572108,120,2,988.275,2.647805,0.550491
14160,0,0.019757,0.487954,8,0,1000.000,2.815408,0.540551
14160,1,0.020090,0.620460,6,0,1000.000,2.826631,0.557626
14160,2,0.020029,0.645385,4,0,1000.000,2.791890,0.556841
14160,3,0.020445,0.859127,2,0,1000.000,2.903717,0.584122
14160,4,0.029903,0.518742,9,0,1000.000,2.807818,0.547049
14160,5,0.176885,0.586386,37,0,1000.000,2.592054,0.554191
14160,6,0.212735,0.612021,46,0,1000.000,2.670460,0.552714
14160,7,0.500155,0.582985,81,1,989.790,2.685493,0.550548
14208,0,0.019757,0.597625,2,0,1000.000,2.961845,0.545215
14208,1,0.020090,0.609100,3,0,1000.000,2.487182,0.567551
14208,2,0.020029,0.694261,3,0,1000.000,2.010875,0.521164
14208,3,0.020445,0.743981,3,0,1000.000,1.939149,0.582591
14208,4,0.029903,0.493597,5,0,1000.000,2.995558,0.540231
14208,5,0.176885,0.617234,23,0,1000.000,2.757218,0.554375
14208,6,0.212735,0.531532,26,0,1000.000,2.845208,0.543026
14208,7,0.500155,0.591490,92,3,986.924,2.652473,0.548889
14256,0,0.019757,0.764495,3,0,1000.000,2.725967,0.571189
14256,1,0.020090,0.618219,7,1,865.286,2.368743,0.522652
14256,2,0.020029,0.377337,2,0,1000.000,2.893368,0.530147
14256,3,0.020445,0.704879,3,0,1000.000,2.851009,0.565166
14256,4,0.029903,0.000000,0,0,0.000,0.000000,0.000000
14256,5,0.176885,0.696956,30,0,1000.000,2.531178,0.567739
14256,6,0.212735,0.628424,43,0,1000.000,2.567106,0.555809
14256,7,0.500155,0.622984,65,2,982.508,2.626073,0.552435
14352,0,0.019757,0.679495,7,1,903.429,2.221198,0.549878
14352,1,0.020090,0.522672,7,0,1000.000,2.714844,0.548444
14352,2,0.020029,0.797612,7,0,1000.000,2.775516,0.571692
14352,3,0.020445,0.676976,9,0,1000.000,2.918611,0.559824
14352,4,0.029903,0.602017,11,0,1000.000,2.648184,0.557049
14352,5,0.176885,0.635562,58,0,1000.000,2.769880,0.554406
14352,6,0.212735,0.564828,61,2,979.164,2.583209,0.538886
14352,7,0.500155,0.633114,169,2,992.769,2.706305,0.555684
14400,0,0.019757,0.911873,3,0,1000.000,2.250947,0.605653
14400,1,0.020090,0.841661,2,0,1000.000,2.739686,0.574818
14400,2,0.020029,0.613624,7,0,1000.000,2.915180,0.555283
14400,3,0.020445,0.380473,1,0,1000.000,2.897234,0.524354
14400,4,0.029903,0.614827,4,0,1000.000,3.002211,0.543625
14400,5,0.176885,0.647429,28,0,1000.000,2.748750,0.559956
14400,6,0.212735,0.638097,34,0,1000.000,2.728435,0.558356
14400,7,0.500155,0.611620,93,0,1000.000,2.728616,0.551949
14448,0,0.132215,0.688749,4,0,1000.000,2.863272,0.557983
14448,1,0.072032,0.600312,6,0,1000.000,3.126116,0.555079
14448,2,0.029352,0.426887,2,0,1000.000,2.908576,0.534670
14448,3,0.045351,0.571297,6,0,1000.000,2.790008,0.551682
14448,4,0.036930,0.534394,9,0,1000.000,2.600474,0.537315
14448,5,0.069237,0.645026,32,1,970.094,2.721509,0.548488
14448,6,0.127362,0.712596,40,0,1000.000,2.674390,0.567297
14448,7,0.487522,0.674478,96,3,980.833,2.611386,0.556628
14496,0,0.132215,0.594740,32,0,1000.000,2.630209,0.548824
14496,1,0.072032,0.574311,14,0,1000.000,2.518526,0.552084
14496,2,0.029352,0.549281,6,0,1000.000,2.754598,0.545332
14496,3,0.045351,0.698009,10,0,1000.000,2.233323,0.571740
14496,4,0.036930,0.658837,13,0,1000.000,2.931302,0.557278
14496,5,0.069237,0.687576,21,0,1000.000,2.583099,0.565516
14496,6,0.127362,0.640531,28,1,980.750,2.680162,0.552777
14496,7,0.487522,0.637739,112,1,992.429,2.707967,0.558609
14544,0,0.132215,0.624869,22,0,1000.000,2.790179,0.559889
14544,1,0.072032,0.609206,12,0,1000.000,2.603223,0.549496
14544,2,0.029352,0.661137,10,1,909.300,2.592956,0.548440
14544,3,0.045351,0.582206,7,0,1000.000,3.009470,0.551149
14544,4,0.036930,0.765371,2,0,1000.000,2.683233,0.557085
14544,5,0.069237,0.662053,13,0,1000.000,2.932158,0.556388
14544,6,0.127362,0.611568,27,1,966.630,2.886404,0.544694
14544,7,0.487522,0.642724,91,0,1000.000,2.739721,0.558389
14592,0,0.132215,0.722082,30,0,1000.000,2.576864,0.573533
14592,1,0.072032,0.703844,20,0,1000.000,2.795703,0.561511
14592,2,0.029352,0.674365,11,0,1000.000,2.706821,0.555504
14592,3,0.045351,0.591556,6,0,1000.000,2.852306,0.548327
14592,4,0.036930,0.653431,9,0,1000.000,2.902753,0.560111
14592,5,0.069237,0.617203,13,0,1000.000,2.948613,0.555554
14592,6,0.127362,0.745128,27,0,1000.000,2.652641,0.570634
14592,7,0.487522,0.621487,89,3,985.640,2.715386,0.555308
14640,0,0.132215,0.695321,36,0,1000.000,2.680080,0.562256
14640,1,0.072032,0.617102,21,0,1000.000,2.775082,0.550056
14640,2,0.029352,0.595148,8,0,1000.000,2.971973,0.546082
14640,3,0.045351,0.723895,9,0,1000.000,2.936637,0.560796
14640,4,0.036930,0.719508,12,0,1000.000,2.922391,0.559307
14640,5,0.069237,0.678774,15,0,1000.000,2.789092,0.566123
14640,6,0.127362,0.674217,34,0,1000.000,2.765782,0.557991
14640,7,0.487522,0.650803,107,2,993.692,2.802660,0.555568
14688,0,0.132215,0.653416,43,0,1000.000,2.815872,0.557745
14688,1,0.072032,0.707086,17,0,1000.000,2.859272,0.570398
14688,2,0.029352,0.736639,9,0,1000.000,2.707731,0.559872
14688,3,0.045351,0.682924,12,0,1000.000,2.952350,0.554212
14688,4,0.036930,0.714631,15,0,1000.000,2.950776,0.562570
14688,5,0.069237,0.680235,13,0,1000.000,2.804051,0.561842
14688,6,0.127362,0.663725,31,0,1000.000,2.759053,0.556030
14688,7,0.487522,0.652284,120,2,994.525,2.662689,0.556229
14736,0,0.132215,0.717283,32,0,1000.000,2.635212,0.560035
14736,1,0.072032,0.685409,23,0,1000.000,2.915750,0.558272
14736,2,0.029352,0.767949,5,0,1000.000,2.516259,0.576616
14736,3,0.045351,0.680406,17,0,1000.000,2.817945,0.548055
14736,4,0.036930,0.581665,12,0,1000.000,2.859622,0.547957
14736,5,0.069237,0.653815,11,0,1000.000,2.711109,0.567691
14736,6,0.127362,0.646335,20,0,1000.000,2.877963,0.562129
14736,7,0.487522,0.690197,114,0,1000.000,2.709819,0.556631
14784,0,0.132215,0.688999,27,0,1000.000,2.741313,0.558886
14784,1,0.072032,0.727666,15,0,1000.000,2.774849,0.556126
14784,2,0.029352,0.851420,4,0,1000.000,2.941938,0.568617
14784,3,0.045351,0.726817,12,0,1000.000,2.470051,0.562396
14784,4,0.036930,0.639994,7,0,1000.000,2.438358,0.536242
14784,5,0.069237,0.656290,15,0,1000.000,2.791071,0.550926
14784,6,0.127362,0.717800,31,0,1000.000,2.825070,0.563013
14784,7,0.487522,0.670441,105,3,978.867,2.773407,0.552671
14832,0,0.132215,0.693004,19,0,1000.000,2.681751,0.555129
14832,1,0.072032,0.691454,14,0,1000.000,2.869949,0.552494
14832,2,0.029352,0.850553,7,0,1000.000,2.883097,0.575846
14832,3,0.045351,0.740986,5,0,1000.000,2.819166,0.567285
14832,4,0.036930,0.860447,6,0,1000.000,2.785414,0.590448
14832,5,0.069237,0.680462,19,0,1000.000,2.687402,0.554037
14832,6,0.127362,0.671144,22,0,1000.000,2.883068,0.557218
14832,7,0.487522,0.672509,87,3,983.230,2.650581,0.558827
14880,0,0.132215,0.654504,17,0,1000.000,2.933160,0.546868
14880,1,0.072032,0.627292,11,0,1000.000,2.765240,0.555103
14880,2,0.029352,0.641049,5,0,1000.000,2.753118,0.558259
14880,3,0.045351,0.652243,11,0,1000.000,2.502730,0.533127
14880,4,0.036930,0.651148,4,0,1000.000,2.670262,0.566743
14880,5,0.069237,0.642745,8,0,1000.000,3.009701,0.550579
14880,6,0.127362,0.673286,17,0,1000.000,2.764845,0.549258
14880,7,0.487522,0.630017,64,1,989.359,2.799996,0.550158
14928,0,0.132215,0.710249,22,0,1000.000,2.840174,0.561271
14928,1,0.072032,0.757871,7,0,1000.000,2.365929,0.582883
14928,2,0.029352,0.607760,5,0,1000.000,2.991518,0.545481
14928,3,0.045351,0.503888,9,0,1000.000,2.951223,0.539342
14928,4,0.036930,0.699877,8,0,1000.000,2.783602,0.570983
14928,5,0.069237,0.662983,11,0,1000.000,2.900526,0.555144
14928,6,0.127362,0.652078,18,0,1000.000,2.855264,0.557014
14928,7,0.487522,0.666814,107,1,991.579,2.718788,0.555597
14976,0,0.132215,0.664729,33,0,1000.000,2.764726,0.553392
14976,1,0.072032,0.659057,13,0,1000.000,2.660234,0.559633
14976,2,0.029352,0.676819,7,0,1000.000,2.797810,0.560284
14976,3,0.045351,0.749003,10,0,1000.000,2.919474,0.562375
14976,4,0.036930,0.683243,9,0,1000.000,2.436933,0.566061
14976,5,0.069237,0.609882,18,0,1000.000,2.828365,0.540790
14976,6,0.127362,0.761047,17,0,1000.000,2.675515,0.561994
14976,7,0.487522,0.674581,96,0,1000.000,2.758367,0.556039
15024,0,0.132215,0.638537,27,0,1000.000,2.797500,0.551114
15024,1,0.072032,0.679058,23,0,1000.000,2.470544,0.556088
15024,2,0.029352,0.699079,7,0,1000.000,2.571824,0.557222
15024,3,0.045351,0.648658,7,0,1000.000,2.792359,0.547766
15024,4,0.036930,0.745051,8,0,1000.000,2.980097,0.565398
15024,5,0.069237,0.624400,18,0,1000.000,3.001017,0.547841
15024,6,0.127362,0.714234,18,0,1000.000,2.601230,0.560627
15024,7,0.487522,0.687804,106,0,1000.000,2.761660,0.558256
15072,0,0.132215,0.726173,35,0,1000.000,2.813466,0.562894
15072,1,0.072032,0.740510,14,0,1000.000,2.442112,0.552321
15072,2,0.029352,0.724570,3,0,1000.000,3.216105,0.562104
15072,3,0.045351,0.788480,12,0,1000.000,2.069692,0.559555
15072,4,0.036930,0.640109,8,0,1000.000,2.706680,0.555621
15072,5,0.069237,0.715375,15,0,1000.000,2.721360,0.561145
15072,6,0.127362,0.658221,35,1,981.971,2.778272,0.550986
15072,7,0.487522,0.660106,107,3,976.897,2.741560,0.544659
15120,0,0.132215,0.702930,24,0,1000.000,2.638669,0.563075
15120,1,0.072032,0.670848,29,0,1000.000,2.805217,0.553913
15120,2,0.029352,0.537095,6,0,1000.000,2.889331,0.537869
15120,3,0.045351,0.684743,12,0,1000.000,2.834435,0.551834
15120,4,0.036930,0.705783,9,0,1000.000,2.729936,0.565077
15120,5,0.069237,0.713157,15,0,1000.000,2.639816,0.565128
15120,6,0.127362,0.727434,24,0,1000.000,2.656732,0.558241
15120,7,0.487522,0.674980,117,1,991.803,2.701373,0.551352
15168,0,0.132215,0.606410,29,0,1000.000,2.830880,0.546962
15168,1,0.072032,0.609360,7,0,1000.000,2.801757,0.551573
15168,2,0.029352,0.683889,9,0,1000.000,2.684702,0.561046
15168,3,0.045351,0.719202,2,0,1000.000,2.815760,0.551892
15168,4,0.036930,0.621799,3,0,1000.000,2.089510,0.558164
15168,5,0.069237,0.664568,12,0,1000.000,2.711501,0.555814
15168,6,0.127362,0.706989,25,0,1000.000,2.731389,0.557463
15168,7,0.487522,0.689280,90,1,990.067,2.782327,0.557241
15216,0,0.132215,0.618716,19,0,1000.000,2.887759,0.547122
15216,1,0.072032,0.738167,10,0,1000.000,1.950853,0.548899
15216,2,0.029352,0.729897,3,0,1000.000,2.783916,0.553987
15216,3,0.045351,0.755789,8,0,1000.000,2.855031,0.559453
15216,4,0.036930,0.678630,13,0,1000.000,2.607306,0.562155
15216,5,0.069237,0.682287,9,0,1000.000,2.741618,0.556262
15216,6,0.127362,0.665636,15,0,1000.000,2.768341,0.555083
15216,7,0.487522,0.698299,85,2,985.729,2.682153,0.555068
15264,0,0.132215,0.678212,23,0,1000.000,2.884496,0.550966
15264,1,0.072032,0.729032,8,0,1000.000,2.890668,0.560313
15264,2,0.029352,0.680868,2,0,1000.000,2.855239,0.543750
15264,3,0.045351,0.611600,6,0,1000.000,2.977519,0.542699
15264,4,0.036930,0.705850,4,0,1000.000,2.751774,0.549071
15264,5,0.069237,0.715322,11,0,1000.000,2.860125,0.563988
15264,6,0.127362,0.701162,26,0,1000.000,2.725283,0.553398
15264,7,0.487522,0.680482,68,2,974.221,2.746446,0.553958
15312,0,0.132215,0.674772,25,0,1000.000,2.744432,0.554644
15312,1,0.072032,0.678800,14,0,1000.000,2.730851,0.559440
15312,2,0.029352,0.677812,5,0,1000.000,3.049699,0.548719
15312,3,0.045351,0.602002,4,0,1000.000,3.078978,0.537080
15312,4,0.036930,0.631796,8,0,1000.000,2.972729,0.544403
15312,5,0.069237,0.766279,6,0,1000.000,2.902362,0.566200
15312,6,0.127362,0.732106,23,0,1000.000,2.638286,0.561745
15312,7,0.487522,0.705844,89,1,989.438,2.740983,0.554145
15360,0,0.132215,0.694657,25,0,1000.000,2.927421,0.551718
15360,1,0.072032,0.704861,3,0,1000.000,2.823262,0.554495
15360,2,0.029352,0.630888,4,0,1000.000,2.934387,0.546583
15360,3,0.045351,0.723366,8,0,1000.000,2.877064,0.561256
15360,4,0.036930,0.794896,5,0,1000.000,3.026194,0.562798
15360,5,0.069237,0.634621,12,0,1000.000,2.995853,0.544840
15360,6,0.127362,0.742927,13,0,1000.000,2.457940,0.568835
15360,7,0.487522,0.686497,93,2,980.430,2.790624,0.550104
15408,0,0.132215,0.735666,20,0,1000.000,2.815863,0.561708
15408,1,0.072032,0.704026,10,0,1000.000,3.052195,0.544499
15408,2,0.029352,0.878415,5,0,1000.000,2.766960,0.577653
15408,3,0.045351,0.698724,3,0,1000.000,3.046129,0.553018
15408,4,0.036930,0.553930,8,0,1000.000,3.042486,0.532568
15408,5,0.069237,0.649097,7,0,1000.000,2.978880,0.542825
15408,6,0.127362,0.739471,27,0,1000.000,2.797429,0.566973
15408,7,0.487522,0.668241,90,0,1000.000,2.856933,0.548997
15456,0,0.132215,0.701230,35,0,1000.000,2.741213,0.560969
15456,1,0.072032,0.686496,19,0,1000.000,2.694033,0.557708
15456,2,0.029352,0.637594,4,0,1000.000,2.894392,0.548273
15456,3,0.045351,0.691893,13,0,1000.000,2.980771,0.552273
15456,4,0.036930,0.762676,9,0,1000.000,2.922518,0.562053
15456,5,0.069237,0.741253,12,0,1000.000,2.479929,0.578607
15456,6,0.127362,0.738021,24,0,1000.000,2.485739,0.546998
15456,7,0.487522,0.723879,85,2,979.047,2.694405,0.561128
15504,0,0.132215,0.813066,25,1,978.400,2.020756,0.566646
15504,1,0.072032,0.774443,20,0,1000.000,2.013738,0.572615
15504,2,0.029352,0.570026,4,0,1000.000,3.043619,0.534509
15504,3,0.045351,0.746234,11,0,1000.000,2.172135,0.579674
15504,4,0.036930,0.613823,12,0,1000.000,2.551612,0.541670
15504,5,0.069237,0.653662,18,0,1000.000,2.683776,0.537877
15504,6,0.127362,0.740985,25,0,1000.000,2.083429,0.555107
15504,7,0.487522,0.738243,122,1,992.680,2.314355,0.560304
15552,0,0.132215,0.736311,22,1,990.591,2.072280,0.553342
15552,1,0.072032,0.671765,10,0,1000.000,2.523105,0.560742
15552,2,0.029352,0.749415,5,0,1000.000,1.981263,0.562843
15552,3,0.045351,0.704422,10,0,1000.000,2.282537,0.573192
15552,4,0.036930,0.836629,6,0,1000.000,1.680740,0.552136
15552,5,0.069237,0.787837,13,0,1000.000,1.992448,0.561596
15552,6,0.127362,0.717360,25,0,1000.000,2.287372,0.561418
15552,7,0.487522,0.731430,89,1,990.753,2.489123,0.558796
15600,0,0.132215,0.725666,26,0,1000.000,2.489244,0.561643
15600,1,0.072032,0.769595,19,0,1000.000,2.376902,0.556825
15600,2,0.029352,0.734351,6,0,1000.000,2.501962,0.542810
15600,3,0.045351,0.741624,6,0,1000.000,1.909897,0.554935
15600,4,0.036930,0.565232,2,0,1000.000,2.886090,0.528685
15600,5,0.069237,0.696145,17,0,1000.000,2.745710,0.551095
15600,6,0.127362,0.690267,29,0,1000.000,2.520520,0.559148
15600,7,0.487522,0.737343,102,1,991.549,2.291785,0.555726
15648,0,0.132215,0.770497,43,0,1000.000,2.293169,0.566142
15648,1,0.072032,0.716224,21,0,1000.000,2.227195,0.548823
15648,2,0.029352,0.669003,7,0,1000.000,2.918437,0.556194
15648,3,0.045351,0.672633,12,0,1000.000,2.626006,0.544017
15648,4,0.036930,0.737642,5,0,1000.000,2.217429,0.563774
15648,5,0.069237,0.697011,18,0,1000.000,2.264923,0.554065
15648,6,0.127362,0.761135,31,0,1000.000,2.212862,0.562784
15648,7,0.487522,0.750397,115,1,992.452,2.258272,0.561437
15696,0,0.132215,0.687327,32,0,1000.000,2.543367,0.564152
15696,1,0.072032,0.818660,18,0,1000.000,2.012860,0.566153
15696,2,0.029352,0.740022,10,0,1000.000,2.155784,0.584930
15696,3,0.045351,0.789861,10,0,1000.000,1.997190,0.543705
15696,4,0.036930,0.924757,3,0,1000.000,1.997345,0.582634
15696,5,0.069237,0.787374,18,0,1000.000,2.216882,0.564377
15696,6,0.127362,0.803875,38,0,1000.000,2.173031,0.573515
15696,7,0.487522,0.751710,128,0,1000.000,2.246446,0.565311
15744,0,0.132215,0.746636,23,0,1000.000,2.502771,0.562233
15744,1,0.072032,0.818527,11,0,1000.000,1.993378,0.562289
15744,2,0.029352,0.694825,4,0,1000.000,2.976574,0.544655
15744,3,0.045351,0.717552,16,0,1000.000,2.307020,0.555874
15744,4,0.036930,0.821842,6,0,1000.000,2.016895,0.583042
15744,5,0.069237,0.771761,10,0,1000.000,2.019756,0.563618
15744,6,0.127362,0.798331,29,0,1000.000,2.142744,0.570995
15744,7,0.487522,0.744080,121,0,1000.000,2.403574,0.560123
15792,0,0.132215,0.780290,37,0,1000.000,2.252132,0.576897
15792,1,0.072032,0.760042,14,1,938.071,2.138202,0.564763
15792,2,0.029352,0.761330,8,0,1000.000,2.303977,0.574551
15792,3,0.045351,0.805398,9,0,1000.000,2.095135,0.576064
15792,4,0.036930,0.824018,9,0,1000.000,2.253858,0.572530
15792,5,0.069237,0.788840,16,0,1000.000,2.532096,0.578763
15792,6,0.127362,0.769211,35,0,1000.000,2.142400,0.559042
15792,7,0.487522,0.742231,96,1,991.104,2.287838,0.560214
15840,0,0.132215,0.764315,19,0,1000.000,2.337704,0.568062
15840,1,0.072032,0.879409,12,0,1000.000,1.600630,0.556720
15840,2,0.029352,0.597301,6,0,1000.000,3.031021,0.537592
15840,3,0.045351,0.794059,3,0,1000.000,2.467536,0.592459
15840,4,0.036930,0.793749,8,0,1000.000,2.368520,0.566770
15840,5,0.069237,0.766495,11,0,1000.000,2.438521,0.557239
15840,6,0.127362,0.676419,24,1,961.375,2.330078,0.553150
15840,7,0.487522,0.752503,81,1,993.543,2.338701,0.566204
15888,0,0.132215,0.721221,20,0,1000.000,2.308246,0.560979
15888,1,0.072032,0.914183,9,0,1000.000,1.855843,0.592463
15888,2,0.029352,0.516368,2,0,1000.000,2.730907,0.529348
15888,3,0.045351,0.903881,2,0,1000.000,1.501863,0.564563
15888,4,0.036930,0.700195,6,0,1000.000,2.196541,0.556772
15888,5,0.069237,0.716958,8,0,1000.000,1.745624,0.554460
15888,6,0.127362,0.756433,21,0,1000.000,2.432064,0.563407
15888,7,0.487522,0.734874,77,1,989.338,2.214877,0.560279
15936,0,0.132215,0.668398,23,0,1000.000,2.728034,0.547314
15936,1,0.072032,0.729767,10,0,1000.000,2.128829,0.565524
15936,2,0.029352,0.670666,5,0,1000.000,2.450769,0.533650
15936,3,0.045351,0.718647,14,0,1000.000,2.499780,0.567271
15936,4,0.036930,0.654578,5,0,1000.000,1.967289,0.538954
15936,5,0.069237,0.743334,14,0,1000.000,1.982311,0.564646
15936,6,0.127362,0.746968,36,1,983.694,2.316016,0.560601
15936,7,0.487522,0.736963,86,0,1000.000,2.521817,0.564351
15984,0,0.132215,0.735759,34,0,1000.000,2.270440,0.569237
15984,1,0.072032,0.765744,12,0,1000.000,2.040202,0.573854
15984,2,0.029352,0.476579,2,0,1000.000,3.041849,0.529133
15984,3,0.045351,0.628793,12,1,920.250,2.373818,0.533689
15984,4,0.036930,0.617920,10,0,1000.000,2.711649,0.540591
15984,5,0.069237,0.654792,13,0,1000.000,2.743318,0.544015
15984,6,0.127362,0.683160,26,0,1000.000,2.702312,0.556584
15984,7,0.487522,0.733288,88,0,1000.000,2.464074,0.560924
16032,0,0.132215,0.684745,37,0,1000.000,2.724092,0.554740
16032,1,0.072032,0.681748,15,0,1000.000,2.199199,0.558372
16032,2,0.029352,0.530381,4,0,1000.000,3.049124,0.530124
16032,3,0.045351,0.682126,9,0,1000.000,2.657823,0.555827
16032,4,0.036930,0.798774,7,0,1000.000,1.885382,0.593307
16032,5,0.069237,0.700149,17,0,1000.000,2.293697,0.564229
16032,6,0.127362,0.647152,29,1,968.069,2.390621,0.550300
16032,7,0.487522,0.721837,94,1,991.000,2.482527,0.562998
16080,0,0.132215,0.751547,31,0,1000.000,2.114880,0.560848
16080,1,0.072032,0.766096,22,0,1000.000,2.021108,0.568484
16080,2,0.029352,0.641321,8,0,1000.000,2.996189,0.542555
16080,3,0.045351,0.836758,13,0,1000.000,1.973914,0.594735
16080,4,0.036930,0.827466,6,0,1000.000,1.937404,0.553434
16080,5,0.069237,0.775201,14,0,1000.000,2.233029,0.566844
16080,6,0.127362,0.708145,29,0,1000.000,2.498944,0.566802
16080,7,0.487522,0.725323,128,4,971.727,2.248769,0.556487
16128,0,0.132215,0.740204,21,0,1000.000,1.944699,0.564746
16128,1,0.072032,0.765575,24,0,1000.000,1.988607,0.573486
16128,2,0.029352,0.582826,8,0,1000.000,2.638010,0.537022
16128,3,0.045351,0.840635,10,0,1000.000,2.102269,0.595910
16128,4,0.036930,0.667241,12,0,1000.000,2.353986,0.565091
16128,5,0.069237,0.710470,13,0,1000.000,1.866303,0.560011
16128,6,0.127362,0.718016,24,0,1000.000,2.338452,0.570971
16128,7,0.487522,0.723061,99,1,990.333,2.460155,0.556262
16176,0,0.132215,0.781605,37,0,1000.000,1.925924,0.567161
16176,1,0.072032,0.797010,23,0,1000.000,1.989383,0.581201
16176,2,0.029352,0.593298,3,0,1000.000,2.966342,0.532946
16176,3,0.045351,0.937932,3,0,1000.000,1.722781,0.591466
16176,4,0.036930,0.713000,7,0,1000.000,2.580194,0.554144
16176,5,0.069237,0.825680,13,0,1000.000,1.903177,0.592250
16176,6,0.127362,0.682293,15,0,1000.000,2.671987,0.549807
16176,7,0.487522,0.764941,81,0,1000.000,2.321663,0.560053
16224,0,0.132215,0.766161,15,0,1000.000,2.044582,0.588988
16224,1,0.072032,0.716259,12,1,960.000,2.311649,0.559259
16224,2,0.029352,0.707129,3,0,1000.000,2.238201,0.564361
16224,3,0.045351,0.703672,9,0,1000.000,2.380075,0.563622
16224,4,0.036930,0.700363,7,0,1000.000,2.759711,0.560125
16224,5,0.069237,0.649044,13,0,1000.000,2.157461,0.544646
16224,6,0.127362,0.771276,21,0,1000.000,2.073040,0.576226
16224,7,0.487522,0.752626,85,1,989.341,2.134764,0.561897
16272,0,0.132215,0.717609,16,0,1000.000,2.600219,0.574893
16272,1,0.072032,0.770407,12,0,1000.000,2.630204,0.570293
16272,2,0.029352,0.816917,8,0,1000.000,2.321354,0.572326
16272,3,0.045351,0.864066,9,0,1000.000,2.025257,0.598722
16272,4,0.036930,0.750497,8,0,1000.000,1.819161,0.559018
16272,5,0.069237,0.701675,9,0,1000.000,2.491707,0.553390
16272,6,0.127362,0.754739,11,0,1000.000,2.377805,0.566075
16272,7,0.487522,0.700648,66,1,987.545,2.540010,0.559361
16320,0,0.132215,0.707434,34,1,977.706,2.499886,0.556397
16320,1,0.072032,0.729029,19,0,1000.000,2.175402,0.561109
16320,2,0.029352,0.797645,4,0,1000.000,2.135895,0.582211
16320,3,0.045351,0.566498,6,0,1000.000,3.038493,0.532476
16320,4,0.036930,0.739764,9,0,1000.000,2.885103,0.565458
16320,5,0.069237,0.866899,9,0,1000.000,1.842030,0.603217
16320,6,0.127362,0.734304,26,0,1000.000,2.887024,0.564307
16320,7,0.487522,0.764049,68,0,1000.000,2.258021,0.568554
16368,0,0.132215,0.753610,29,1,981.448,2.228525,0.567459
16368,1,0.072032,0.701438,12,0,1000.000,2.716263,0.549718
16368,2,0.029352,0.772789,7,0,1000.000,2.640670,0.579662
16368,3,0.045351,0.682612,6,0,1000.000,2.798070,0.553149
16368,4,0.036930,0.739402,4,0,1000.000,2.537945,0.560535
16368,5,0.069237,0.690413,8,0,1000.000,2.560626,0.561561
16368,6,0.127362,0.695823,19,0,1000.000,2.674354,0.559891
16368,7,0.487522,0.706276,83,2,977.145,2.404461,0.555268
16416,0,0.132215,0.795387,18,1,975.000,2.210341,0.563360
16416,1,0.072032,0.736562,16,0,1000.000,2.410102,0.577837
16416,2,0.029352,0.846381,2,0,1000.000,1.769884,0.552354
16416,3,0.045351,0.736658,9,0,1000.000,2.556597,0.559190
16416,4,0.036930,0.811329,7,0,1000.000,2.254019,0.586993
16416,5,0.069237,0.778568,17,0,1000.000,2.336291,0.570374
16416,6,0.127362,0.813884,16,0,1000.000,2.303832,0.566440
16416,7,0.487522,0.778839,87,1,989.391,2.124218,0.576129
16464,0,0.132215,0.790651,15,0,1000.000,2.261983,0.585338
16464,1,0.072032,0.653914,15,0,1000.000,2.343646,0.558469
16464,2,0.029352,0.936404,4,0,1000.000,1.086850,0.573334
16464,3,0.045351,0.771629,7,0,1000.000,2.328964,0.562721
16464,4,0.036930,0.693619,6,0,1000.000,3.118696,0.551387
16464,5,0.069237,0.719228,22,0,1000.000,2.500225,0.571983
16464,6,0.127362,0.704609,27,0,1000.000,2.609621,0.560745
16464,7,0.487522,0.776827,116,0,1000.000,2.513191,0.574151
16512,0,0.132215,0.838204,28,0,1000.000,2.153762,0.585236
16512,1,0.072032,0.829173,15,0,1000.000,2.083183,0.576731
16512,2,0.029352,0.819021,8,0,1000.000,2.213893,0.580560
16512,3,0.045351,0.779495,11,0,1000.000,2.562784,0.570067
16512,4,0.036930,0.736358,15,0,1000.000,2.368332,0.576934
16512,5,0.069237,0.780680,14,0,1000.000,2.076159,0.569163
16512,6,0.127362,0.755146,23,0,1000.000,2.530181,0.576661
16512,7,0.487522,0.764390,106,0,1000.000,2.301548,0.573404
16560,0,0.132215,0.752306,33,0,1000.000,2.676798,0.560667
16560,1,0.072032,0.761187,16,0,1000.000,2.469152,0.570806
16560,2,0.029352,0.666783,6,0,1000.000,2.736768,0.557941
16560,3,0.045351,0.715672,11,0,1000.000,2.528007,0.564408
16560,4,0.036930,0.833702,5,0,1000.000,1.615499,0.577517
16560,5,0.069237,0.817207,13,0,1000.000,1.715376,0.579174
16560,6,0.127362,0.751222,25,0,1000.000,2.494511,0.563178
16560,7,0.487522,0.761951,73,1,987.123,2.261738,0.569250
16608,0,0.132215,0.761569,28,0,1000.000,2.078153,0.571699
16608,1,0.072032,0.747605,20,0,1000.000,2.423466,0.577068
16608,2,0.029352,0.840500,5,0,1000.000,2.258780,0.610918
16608,3,0.045351,0.780499,11,0,1000.000,2.101792,0.560563
16608,4,0.036930,0.742198,8,0,1000.000,2.665771,0.569312
16608,5,0.069237,0.720410,15,0,1000.000,2.773886,0.562460
16608,6,0.127362,0.745941,22,0,1000.000,2.471508,0.561652
16608,7,0.487522,0.723731,108,1,991.176,2.451419,0.563245
16656,0,0.132215,0.728908,19,0,1000.000,2.680451,0.566712
16656,1,0.072032,0.810904,18,0,1000.000,2.274184,0.578315
16656,2,0.029352,0.697179,5,0,1000.000,2.461437,0.538091
16656,3,0.045351,0.789638,14,0,1000.000,2.508673,0.571510
16656,4,0.036930,0.667567,7,0,1000.000,3.101600,0.546676
16656,5,0.069237,0.659978,22,0,1000.000,2.982464,0.548777
16656,6,0.127362,0.774625,31,0,1000.000,2.419062,0.566035
16656,7,0.487522,0.755878,130,1,993.431,2.347122,0.566327
16704,0,0.132215,0.800191,36,0,1000.000,2.254812,0.577570
16704,1,0.072032,0.769261,16,0,1000.000,2.594389,0.571805
16704,2,0.029352,0.786107,9,0,1000.000,2.874593,0.568941
16704,3,0.045351,0.713733,7,0,1000.000,2.612743,0.553755
16704,4,0.036930,0.838499,8,0,1000.000,2.192114,0.603140
16704,5,0.069237,0.809548,25,0,1000.000,2.331606,0.583165
16704,6,0.127362,0.747088,41,0,1000.000,2.501366,0.566227
16704,7,0.487522,0.729397,118,1,992.619,2.582546,0.564430
16752,0,0.132215,0.760646,26,1,976.308,2.204469,0.570590
16752,1,0.072032,0.835356,10,0,1000.000,2.577968,0.581082
16752,2,0.029352,0.721128,6,0,1000.000,2.602539,0.564617
16752,3,0.045351,0.797090,7,0,1000.000,1.828916,0.600922
16752,4,0.036930,0.754983,9,0,1000.000,1.950114,0.576170
16752,5,0.069237,0.726263,15,0,1000.000,2.476771,0.562833
16752,6,0.127362,0.778507,22,0,1000.000,2.282978,0.573823
16752,7,0.487522,0.777503,120,1,992.250,2.233943,0.578045
16848,0,0.067650,0.787122,51,0,1000.000,2.374585,0.581566
16848,1,0.128660,0.766504,28,0,1000.000,2.401989,0.561427
16848,2,0.199337,0.813910,10,0,1000.000,1.821469,0.579100
16848,3,0.121910,0.745490,22,0,1000.000,2.672432,0.562368
16848,4,0.183851,0.739940,10,0,1000.000,2.727924,0.557685
16848,5,0.081949,0.691594,22,0,1000.000,2.613695,0.566568
16848,6,0.099637,0.776758,52,0,1000.000,2.534173,0.569402
16848,7,0.117005,0.754130,191,2,990.298,2.375467,0.561323
16944,0,0.067650,0.768835,32,0,1000.000,2.200060,0.576953
16944,1,0.128660,0.753004,40,0,1000.000,2.370161,0.565590
16944,2,0.199337,0.788684,69,1,986.493,2.177641,0.563495
16944,3,0.121910,0.765549,48,0,1000.000,2.419683,0.564594
16944,4,0.183851,0.780189,63,0,1000.000,2.249624,0.573144
16944,5,0.081949,0.738125,29,1,967.172,2.493584,0.556742
16944,6,0.099637,0.750670,26,0,1000.000,2.267581,0.568972
16944,7,0.117005,0.732664,40,2,959.250,2.300416,0.561966
16992,0,0.067650,0.716912,10,0,1000.000,2.258506,0.574571
16992,1,0.128660,0.744588,28,0,1000.000,2.589174,0.560945
16992,2,0.199337,0.686125,32,0,1000.000,3.000304,0.546339
16992,3,0.121910,0.778050,16,0,1000.000,1.984598,0.573622
16992,4,0.183851,0.750251,44,0,1000.000,2.431789,0.562389
16992,5,0.081949,0.775366,20,0,1000.000,2.637220,0.567138
16992,6,0.099637,0.747150,20,0,1000.000,2.491011,0.572392
16992,7,0.117005,0.732745,22,1,960.409,2.180981,0.566176
17040,0,0.067650,0.782090,18,0,1000.000,2.193948,0.578065
17040,1,0.128660,0.795690,37,0,1000.000,2.118340,0.577680
17040,2,0.199337,0.748125,39,0,1000.000,2.339125,0.558880
17040,3,0.121910,0.787316,25,0,1000.000,2.413131,0.565353
17040,4,0.183851,0.762548,34,0,1000.000,2.396802,0.565314
17040,5,0.081949,0.770346,16,0,1000.000,2.068954,0.566197
17040,6,0.099637,0.691187,15,0,1000.000,2.590809,0.548965
17040,7,0.117005,0.782540,26,0,1000.000,2.475934,0.566833
17088,0,0.067650,0.721955,13,0,1000.000,2.250553,0.583804
17088,1,0.128660,0.798025,32,0,1000.000,2.082731,0.574885
17088,2,0.199337,0.760129,40,0,1000.000,2.293491,0.556453
17088,3,0.121910,0.736670,35,0,1000.000,2.584115,0.564771
17088,4,0.183851,0.789595,54,0,1000.000,2.422227,0.574620
17088,5,0.081949,0.774710,21,0,1000.000,2.260393,0.565028
17088,6,0.099637,0.780116,19,0,1000.000,2.394524,0.568409
17088,7,0.117005,0.789641,32,0,1000.000,2.034971,0.571383
17136,0,0.067650,0.817319,15,1,980.333,1.905926,0.562435
17136,1,0.128660,0.775762,21,0,1000.000,2.506719,0.569928
17136,2,0.199337,0.739906,52,1,981.885,2.225140,0.559950
17136,3,0.121910,0.793637,25,0,1000.000,2.163161,0.573871
17136,4,0.183851,0.800901,39,0,1000.000,2.253689,0.573614
17136,5,0.081949,0.747962,19,0,1000.000,2.258969,0.557133
17136,6,0.099637,0.753650,23,0,1000.000,2.206210,0.572541
17136,7,0.117005,0.804377,22,0,1000.000,2.193979,0.566318
17184,0,0.067650,0.783416,8,0,1000.000,2.516942,0.561653
17184,1,0.128660,0.759146,21,0,1000.000,2.382648,0.565923
17184,2,0.199337,0.750985,35,0,1000.000,2.247811,0.569313
17184,3,0.121910,0.794394,21,0,1000.000,2.239911,0.566784
17184,4,0.183851,0.724911,28,0,1000.000,2.651144,0.555272
17184,5,0.081949,0.694394,17,0,1000.000,2.799245,0.550991
17184,6,0.099637,0.785779,21,0,1000.000,2.137814,0.573522
17184,7,0.117005,0.735056,19,0,1000.000,2.519265,0.555202
17232,0,0.067650,0.785439,10,0,1000.000,2.550581,0.553049
17232,1,0.128660,0.800460,28,0,1000.000,2.081778,0.574611
17232,2,0.199337,0.714328,22,0,1000.000,2.844112,0.555842
17232,3,0.121910,0.823663,21,0,1000.000,2.201966,0.573349
17232,4,0.183851,0.777238,32,0,1000.000,2.550877,0.562873
17232,5,0.081949,0.675882,11,0,1000.000,2.882970,0.538149
17232,6,0.099637,0.711266,14,0,1000.000,2.416585,0.563965
17232,7,0.117005,0.775970,18,0,1000.000,2.162944,0.569979
17280,0,0.067650,0.719316,9,0,1000.000,2.677057,0.564943
17280,1,0.128660,0.761538,18,0,1000.000,2.503564,0.560439
17280,2,0.199337,0.788929,26,0,1000.000,2.302075,0.579464
17280,3,0.121910,0.783419,27,0,1000.000,2.142951,0.568500
17280,4,0.183851,0.757524,26,0,1000.000,2.333130,0.564697
17280,5,0.081949,0.800635,13,0,1000.000,1.989268,0.581603
17280,6,0.099637,0.834723,16,0,1000.000,1.900240,0.588418
17280,7,0.117005,0.729157,20,1,960.200,2.257580,0.555793
17328,0,0.067650,0.742945,9,0,1000.000,2.443964,0.563051
17328,1,0.128660,0.780776,17,0,1000.000,2.223603,0.561041
17328,2,0.199337,0.734251,33,0,1000.000,2.710118,0.559593
17328,3,0.121910,0.749085,25,0,1000.000,2.759634,0.556802
17328,4,0.183851,0.788064,31,0,1000.000,2.375511,0.575759
17328,5,0.081949,0.722305,16,0,1000.000,3.018400,0.555696
17328,6,0.099637,0.830691,14,0,1000.000,2.212901,0.552253
17328,7,0.117005,0.786556,23,1,984.652,2.561389,0.571143
17376,0,0.067650,0.819345,16,0,1000.000,2.081650,0.584989
17376,1,0.128660,0.815124,16,0,1000.000,2.018684,0.590100
17376,2,0.199337,0.794209,40,0,1000.000,2.396429,0.573145
17376,3,0.121910,0.698887,19,0,1000.000,2.490201,0.558037
17376,4,0.183851,0.743869,27,0,1000.000,2.518149,0.560851
17376,5,0.081949,0.725691,15,0,1000.000,2.332281,0.569539
17376,6,0.099637,0.810056,19,0,1000.000,2.354102,0.572018
17376,7,0.117005,0.779252,18,0,1000.000,2.274470,0.569450
17424,0,0.067650,0.736726,9,1,965.667,1.976847,0.572760
17424,1,0.128660,0.771833,13,0,1000.000,2.938925,0.556637
17424,2,0.199337,0.790686,44,0,1000.000,2.342755,0.578177
17424,3,0.121910,0.817773,22,0,1000.000,2.266279,0.580076
17424,4,0.183851,0.767703,26,0,1000.000,2.532792,0.565362
17424,5,0.081949,0.765572,20,0,1000.000,2.603935,0.572296
17424,6,0.099637,0.764847,17,0,1000.000,2.560972,0.570325
17424,7,0.117005,0.767899,24,0,1000.000,2.581060,0.565649
17472,0,0.067650,0.738720,22,0,1000.000,2.673195,0.558926
17472,1,0.128660,0.768151,38,0,1000.000,2.605768,0.566851
17472,2,0.199337,0.753598,40,0,1000.000,2.505419,0.570105
17472,3,0.121910,0.752612,23,0,1000.000,2.411194,0.569953
17472,4,0.183851,0.788698,38,0,1000.000,2.514634,0.570057
17472,5,0.081949,0.733046,12,0,1000.000,2.745402,0.551238
17472,6,0.099637,0.794759,24,0,1000.000,2.569243,0.565194
17472,7,0.117005,0.784079,26,1,991.000,2.673190,0.568183
17520,0,0.067650,0.818725,18,1,985.500,1.939843,0.575286
17520,1,0.128660,0.832046,26,0,1000.000,2.113145,0.582554
17520,2,0.199337,0.757086,30,0,1000.000,2.455616,0.568051
17520,3,0.121910,0.794919,27,0,1000.000,2.249023,0.571840
17520,4,0.183851,0.765887,40,0,1000.000,2.587590,0.568664
17520,5,0.081949,0.863567,19,0,1000.000,2.039219,0.597930
17520,6,0.099637,0.777174,23,0,1000.000,2.063189,0.578840
17520,7,0.117005,0.803652,21,0,1000.000,2.732875,0.568830
17568,0,0.067650,0.839689,13,1,945.538,2.195901,0.583904
17568,1,0.128660,0.748477,33,0,1000.000,2.668205,0.563508
17568,2,0.199337,0.775094,41,0,1000.000,2.523095,0.574695
17568,3,0.121910,0.738263,22,0,1000.000,2.680638,0.562534
17568,4,0.183851,0.779686,34,0,1000.000,2.330092,0.562600
17568,5,0.081949,0.817765,21,0,1000.000,2.489833,0.579103
17568,6,0.099637,0.787591,24,0,1000.000,2.575273,0.571866
17568,7,0.117005,0.795695,13,0,1000.000,2.211056,0.588988
17616,0,0.067650,0.819767,20,1,992.250,2.222958,0.593234
17616,1,0.128660,0.873729,18,0,1000.000,2.117941,0.590565
17616,2,0.199337,0.808087,37,0,1000.000,2.331391,0.578341
17616,3,0.121910,0.807301,26,0,1000.000,2.128530,0.586411
17616,4,0.183851,0.759625,36,0,1000.000,2.505095,0.577498
17616,5,0.081949,0.824198,17,0,1000.000,2.196966,0.577173
17616,6,0.099637,0.796773,29,0,1000.000,2.311430,0.583851
17616,7,0.117005,0.794056,23,0,1000.000,2.247251,0.576293
17664,0,0.067650,0.864507,19,0,1000.000,2.398524,0.582473
17664,1,0.128660,0.771370,37,0,1000.000,2.513673,0.567564
17664,2,0.199337,0.777831,57,0,1000.000,2.405221,0.571195
17664,3,0.121910,0.816037,32,0,1000.000,2.199546,0.578781
17664,4,0.183851,0.772755,36,0,1000.000,2.553769,0.571812
17664,5,0.081949,0.806222,22,0,1000.000,2.246834,0.566528
17664,6,0.099637,0.793563,26,0,1000.000,2.549246,0.572353
17664,7,0.117005,0.785640,27,0,1000.000,2.505344,0.576061
17712,0,0.067650,0.848814,24,1,997.542,1.843769,0.584592
17712,1,0.128660,0.810708,29,0,1000.000,2.121114,0.577927
17712,2,0.199337,0.783432,48,0,1000.000,2.645569,0.574036
17712,3,0.121910,0.815530,18,0,1000.000,2.005081,0.587965
17712,4,0.183851,0.830557,50,0,1000.000,2.353193,0.592587
17712,5,0.081949,0.727974,18,0,1000.000,2.956838,0.554730
17712,6,0.099637,0.804371,25,0,1000.000,2.333520,0.566524
17712,7,0.117005,0.808877,35,0,1000.000,2.586796,0.575621
17760,0,0.067650,0.795110,12,0,1000.000,2.508012,0.579742
17760,1,0.128660,0.726259,23,0,1000.000,2.698696,0.561945
17760,2,0.199337,0.768721,41,0,1000.000,2.668943,0.560838
17760,3,0.121910,0.848976,21,0,1000.000,1.898726,0.587170
17760,4,0.183851,0.805314,40,0,1000.000,2.447038,0.571086
17760,5,0.081949,0.824872,24,0,1000.000,2.379699,0.579373
17760,6,0.099637,0.851549,27,0,1000.000,2.089343,0.598704
17760,7,0.117005,0.754636,31,1,972.000,2.349918,0.568269
17808,0,0.067650,0.754007,12,0,1000.000,2.463757,0.559548
17808,1,0.128660,0.791987,33,0,1000.000,2.531447,0.577434
17808,2,0.199337,0.804734,50,0,1000.000,2.465317,0.576942
17808,3,0.121910,0.823009,28,0,1000.000,2.037754,0.583490
17808,4,0.183851,0.712131,24,0,1000.000,2.975296,0.544353
17808,5,0.081949,0.790115,23,0,1000.000,2.626230,0.574923
17808,6,0.099637,0.778778,23,0,1000.000,2.671513,0.569152
17808,7,0.117005,0.694441,24,2,930.292,2.421463,0.550847
17856,0,0.067650,0.730253,8,0,1000.000,2.525240,0.550675
17856,1,0.128660,0.784882,19,0,1000.000,2.521088,0.575822
17856,2,0.199337,0.781708,32,0,1000.000,2.606966,0.570845
17856,3,0.121910,0.847685,21,0,1000.000,2.066431,0.600873
17856,4,0.183851,0.772187,19,0,1000.000,2.702606,0.567209
17856,5,0.081949,0.809765,12,0,1000.000,2.019946,0.590697
17856,6,0.099637,0.818636,11,0,1000.000,1.711071,0.602799
17856,7,0.117005,0.733809,23,1,966.348,2.285337,0.562494
17904,0,0.067650,0.933205,8,0,1000.000,1.688031,0.661004
17904,1,0.128660,0.889986,12,0,1000.000,1.906128,0.627286
17904,2,0.199337,0.893643,30,0,1000.000,1.638358,0.618117
17904,3,0.121910,0.917355,20,0,1000.000,1.722151,0.634921
17904,4,0.183851,0.898780,29,0,1000.000,1.727613,0.616792
17904,5,0.081949,0.928176,11,0,1000.000,1.726493,0.648032
17904,6,0.099637,0.853633,17,0,1000.000,2.010000,0.621773
17904,7,0.117005,0.901014,25,0,1000.000,1.939757,0.616660
17952,0,0.067650,0.878879,13,0,1000.000,2.105630,0.616622
17952,1,0.128660,0.913745,24,0,1000.000,1.716484,0.627089
17952,2,0.199337,0.881788,42,0,1000.000,1.985957,0.617930
17952,3,0.121910,0.901710,26,0,1000.000,1.846816,0.634995
17952,4,0.183851,0.869506,45,0,1000.000,2.062903,0.615564
17952,5,0.081949,0.872914,13,0,1000.000,1.864794,0.630743
17952,6,0.099637,0.921348,11,0,1000.000,1.891510,0.653341
17952,7,0.117005,0.913542,29,0,1000.000,1.907844,0.627904
18000,0,0.067650,0.938482,11,0,1000.000,1.522678,0.657619
18000,1,0.128660,0.928148,22,0,1000.000,1.594921,0.636834
18000,2,0.199337,0.915920,35,0,1000.000,1.586409,0.639001
18000,3,0.121910,0.876772,20,0,1000.000,2.043730,0.620278
18000,4,0.183851,0.899434,35,0,1000.000,1.866382,0.635043
18000,5,0.081949,0.877512,18,0,1000.000,2.320899,0.610711
18000,6,0.099637,0.866708,23,0,1000.000,1.732736,0.624632
18000,7,0.117005,0.931721,22,0,1000.000,1.802801,0.646305
18096,0,0.067650,0.895935,29,0,1000.000,1.768366,0.631932
18096,1,0.128660,0.910964,62,0,1000.000,1.604635,0.638294
18096,2,0.199337,0.909029,106,0,1000.000,1.662406,0.639243
18096,3,0.121910,0.900669,45,0,1000.000,1.828388,0.625735
18096,4,0.183851,0.896113,82,0,1000.000,1.876621,0.628345
18096,5,0.081949,0.913722,39,0,1000.000,1.779741,0.632768
18096,6,0.099637,0.904435,55,0,1000.000,1.743131,0.644632
18096,7,0.117005,0.881436,52,0,1000.000,1.679190,0.633596
18144,0,0.067650,0.908013,16,0,1000.000,2.078322,0.627707
18144,1,0.128660,0.873705,30,0,1000.000,2.059592,0.618952
18144,2,0.199337,0.875169,36,0,1000.000,1.923863,0.626824
18144,3,0.121910,0.890384,32,0,1000.000,2.022603,0.629611
18144,4,0.183851,0.895947,31,0,1000.000,1.832205,0.633211
18144,5,0.081949,0.892567,15,0,1000.000,1.969524,0.636446
18144,6,0.099637,0.889060,23,0,1000.000,1.694660,0.643931
18144,7,0.117005,0.909487,26,0,1000.000,1.816252,0.641270
18192,0,0.067650,0.888681,15,0,1000.000,1.846418,0.627721
18192,1,0.128660,0.929217,22,0,1000.000,1.522041,0.642510
18192,2,0.199337,0.908296,33,0,1000.000,1.673149,0.632840
18192,3,0.121910,0.870837,16,0,1000.000,1.722611,0.625471
18192,4,0.183851,0.882411,35,0,1000.000,1.556906,0.637096
18192,5,0.081949,0.886668,13,0,1000.000,2.060430,0.620559
18192,6,0.099637,0.894526,18,0,1000.000,2.009029,0.618737
18192,7,0.117005,0.919344,14,0,1000.000,2.109990,0.634602
18240,0,0.067650,0.902650,8,0,1000.000,1.465204,0.648373
18240,1,0.128660,0.889323,17,0,1000.000,1.774643,0.632170
18240,2,0.199337,0.863424,30,0,1000.000,2.240843,0.614479
18240,3,0.121910,0.871232,22,0,1000.000,1.881673,0.628543
18240,4,0.183851,0.875098,27,0,1000.000,2.018203,0.611398
18240,5,0.081949,0.898666,11,0,1000.000,1.765556,0.622425
18240,6,0.099637,0.909549,24,0,1000.000,1.634837,0.646207
18240,7,0.117005,0.922926,20,0,1000.000,1.744598,0.642408
18288,0,0.067650,0.894928,9,0,1000.000,1.925318,0.643541
18288,1,0.128660,0.873006,20,0,1000.000,2.043223,0.618989
18288,2,0.199337,0.830103,25,0,1000.000,2.040383,0.623842
18288,3,0.121910,0.856127,20,0,1000.000,2.095459,0.617938
18288,4,0.183851,0.905914,27,0,1000.000,1.746015,0.644807
18288,5,0.081949,0.927436,13,0,1000.000,1.461049,0.644212
18288,6,0.099637,0.921995,21,0,1000.000,1.891264,0.643600
18288,7,0.117005,0.899008,15,0,1000.000,1.704398,0.650077
18384,0,0.067650,0.910352,34,1,983.735,1.800383,0.644659
18384,1,0.128660,0.878537,35,0,1000.000,2.135944,0.623984
18384,2,0.199337,0.891473,64,0,1000.000,1.831388,0.635652
18384,3,0.121910,0.917884,29,0,1000.000,1.727628,0.661598
18384,4,0.183851,0.903259,65,0,1000.000,1.867859,0.641875
18384,5,0.081949,0.905723,29,0,1000.000,1.950061,0.630425
18384,6,0.099637,0.875559,36,0,1000.000,1.961107,0.636561
18384,7,0.117005,0.894809,47,0,1000.000,1.883203,0.632827
18432,0,0.067650,0.937337,13,0,1000.000,1.487730,0.676405
18432,1,0.128660,0.926314,24,0,1000.000,1.579260,0.655608
18432,2,0.199337,0.906371,38,0,1000.000,1.727984,0.649865
18432,3,0.121910,0.919600,23,0,1000.000,1.544458,0.651522
18432,4,0.183851,0.898788,35,0,1000.000,1.889378,0.648475
18432,5,0.081949,0.935554,13,0,1000.000,1.994531,0.653925
18432,6,0.099637,0.896651,13,0,1000.000,1.878213,0.639341
18432,7,0.117005,0.914574,22,0,1000.000,1.881094,0.646806
18480,0,0.067650,0.931392,16,0,1000.000,1.830381,0.665065
18480,1,0.128660,0.923152,28,0,1000.000,1.702802,0.655646
18480,2,0.199337,0.905340,38,0,1000.000,1.734725,0.645608
18480,3,0.121910,0.889852,27,0,1000.000,1.919414,0.641643
18480,4,0.183851,0.908459,46,0,1000.000,1.845330,0.643053
18480,5,0.081949,0.905813,20,0,1000.000,1.746998,0.646282
18480,6,0.099637,0.901146,23,0,1000.000,1.770851,0.653738
18480,7,0.117005,0.842655,30,2,943.067,2.036011,0.621906
18528,0,0.067650,0.919622,20,2,946.900,1.520923,0.661227
18528,1,0.128660,0.905239,27,0,1000.000,1.896682,0.638372
18528,2,0.199337,0.908936,40,0,1000.000,1.779681,0.648431
18528,3,0.121910,0.860038,16,0,1000.000,2.016368,0.629011
18528,4,0.183851,0.881709,40,1,976.100,1.830613,0.630095
18528,5,0.081949,0.916573,14,0,1000.000,1.629077,0.658070
18528,6,0.099637,0.902681,17,0,1000.000,1.745989,0.639418
18528,7,0.117005,0.905332,28,0,1000.000,1.811968,0.645234
18576,0,0.067650,0.885559,8,0,1000.000,2.049832,0.633851
18576,1,0.128660,0.864257,24,0,1000.000,2.083977,0.619552
18576,2,0.199337,0.916788,42,0,1000.000,1.742028,0.639644
18576,3,0.121910,0.885168,23,0,1000.000,1.709501,0.641325
18576,4,0.183851,0.898904,36,0,1000.000,1.777757,0.640374
18576,5,0.081949,0.899381,17,0,1000.000,1.738301,0.653221
18576,6,0.099637,0.901172,23,0,1000.000,1.651436,0.655972
18576,7,0.117005,0.888660,22,0,1000.000,2.087838,0.634963
18624,0,0.067650,0.937376,17,1,990.176,1.345518,0.665506
18624,1,0.128660,0.896156,40,1,976.300,1.784622,0.651164
18624,2,0.199337,0.873591,33,0,1000.000,2.039882,0.628877
18624,3,0.121910,0.868798,22,0,1000.000,2.286822,0.621790
18624,4,0.183851,0.916601,37,0,1000.000,1.607929,0.652035
18624,5,0.081949,0.909699,26,0,1000.000,1.840822,0.650637
18624,6,0.099637,0.904478,21,0,1000.000,1.616807,0.653958
18624,7,0.117005,0.879819,28,0,1000.000,1.901637,0.645944
18672,0,0.067650,0.919557,17,0,1000.000,1.547701,0.649223
18672,1,0.128660,0.931561,37,0,1000.000,1.398417,0.664074
18672,2,0.199337,0.900752,55,0,1000.000,1.909076,0.649823
18672,3,0.121910,0.867997,20,0,1000.000,1.945512,0.637699
18672,4,0.183851,0.888371,50,0,1000.000,1.871237,0.640382
18672,5,0.081949,0.871499,19,0,1000.000,1.983468,0.643176
18672,6,0.099637,0.898476,15,0,1000.000,1.855188,0.639639
18672,7,0.117005,0.917390,32,0,1000.000,1.683050,0.654479
18720,0,0.067650,0.904229,26,0,1000.000,1.836574,0.651816
18720,1,0.128660,0.881700,26,0,1000.000,1.784903,0.645894
18720,2,0.199337,0.887500,47,0,1000.000,1.865369,0.636871
18720,3,0.121910,0.903896,31,0,1000.000,1.734678,0.650102
18720,4,0.183851,0.901658,52,0,1000.000,1.894555,0.649503
18720,5,0.081949,0.893526,15,0,1000.000,1.906198,0.642057
18720,6,0.099637,0.893802,28,0,1000.000,1.912160,0.641335
18720,7,0.117005,0.902563,30,0,1000.000,1.976034,0.641635
18768,0,0.067650,0.913099,14,0,1000.000,1.665544,0.655631
18768,1,0.128660,0.913383,29,0,1000.000,1.834008,0.656544
18768,2,0.199337,0.894119,46,0,1000.000,1.848576,0.648177
18768,3,0.121910,0.883807,33,0,1000.000,1.917880,0.643222
18768,4,0.183851,0.916311,33,0,1000.000,1.710076,0.649695
18768,5,0.081949,0.903937,20,0,1000.000,1.776158,0.651175
18768,6,0.099637,0.898514,26,0,1000.000,1.981537,0.647755
18768,7,0.117005,0.836946,24,2,929.042,1.468059,0.646643
18816,0,0.067650,0.825615,13,0,1000.000,2.082377,0.620237
18816,1,0.128660,0.920165,34,0,1000.000,1.818564,0.655957
18816,2,0.199337,0.856876,34,0,1000.000,2.064749,0.628821
18816,3,0.121910,0.905526,25,0,1000.000,1.827849,0.650664
18816,4,0.183851,0.891020,39,0,1000.000,1.891321,0.643990
18816,5,0.081949,0.860061,11,0,1000.000,1.986798,0.620539
18816,6,0.099637,0.905493,26,0,1000.000,1.914134,0.651931
18816,7,0.117005,0.860382,19,1,957.474,1.651633,0.634583
18864,0,0.067650,0.883616,5,0,1000.000,2.089029,0.637218
18864,1,0.128660,0.851550,16,0,1000.000,1.876391,0.628452
18864,2,0.199337,0.921153,26,0,1000.000,1.468999,0.656724
18864,3,0.121910,0.888628,15,0,1000.000,1.637220,0.646836
18864,4,0.183851,0.849655,23,0,1000.000,2.250436,0.614961
18864,5,0.081949,0.899212,10,0,1000.000,1.976975,0.641877
18864,6,0.099637,0.928392,19,0,1000.000,1.553957,0.653463
18864,7,0.117005,0.914374,16,0,1000.000,1.419858,0.658999
18912,0,0.067650,0.939125,8,0,1000.000,1.211679,0.683563
18912,1,0.128660,0.888277,22,0,1000.000,1.885363,0.628331
18912,2,0.199337,0.916584,36,0,1000.000,1.743379,0.655018
18912,3,0.121910,0.912111,17,0,1000.000,1.799568,0.655596
18912,4,0.183851,0.850395,26,0,1000.000,2.044641,0.629865
18912,5,0.081949,0.912816,14,0,1000.000,1.716878,0.655732
18912,6,0.099637,0.916137,23,0,1000.000,1.781059,0.645078
18912,7,0.117005,0.927048,22,0,1000.000,1.687214,0.664485
18960,0,0.067650,0.900522,27,0,1000.000,1.652285,0.653354
18960,1,0.128660,0.900979,23,0,1000.000,1.721632,0.649073
18960,2,0.199337,0.896291,47,0,1000.000,1.575084,0.650976
18960,3,0.121910,0.874753,23,0,1000.000,1.964687,0.637228
18960,4,0.183851,0.892295,31,0,1000.000,1.942212,0.648992
18960,5,0.081949,0.937281,21,0,1000.000,1.588404,0.661550
18960,6,0.099637,0.917862,24,0,1000.000,1.762113,0.647750
18960,7,0.117005,0.804851,15,1,942.600,2.231309,0.605793
19008,0,0.067650,0.925542,17,0,1000.000,1.417318,0.669046
19008,1,0.128660,0.911226,27,0,1000.000,1.605581,0.657575
19008,2,0.199337,0.917004,30,0,1000.000,1.547303,0.659541
19008,3,0.121910,0.868506,26,0,1000.000,1.887891,0.630049
19008,4,0.183851,0.876077,32,0,1000.000,1.959080,0.638202
19008,5,0.081949,0.896901,13,0,1000.000,1.594605,0.655964
19008,6,0.099637,0.899986,24,0,1000.000,1.884970,0.653320
19008,7,0.117005,0.904384,23,0,1000.000,1.825849,0.656865
19056,0,0.067650,0.868392,17,0,1000.000,1.832532,0.642829
19056,1,0.128660,0.878136,22,0,1000.000,2.096769,0.629971
19056,2,0.199337,0.899884,49,0,1000.000,1.676244,0.651978
19056,3,0.121910,0.907352,34,0,1000.000,1.596699,0.650802
19056,4,0.183851,0.907254,43,0,1000.000,1.793375,0.644156
19056,5,0.081949,0.881593,15,0,1000.000,1.998669,0.639476
19056,6,0.099637,0.886562,18,0,1000.000,2.006724,0.640834
19056,7,0.117005,0.899467,27,0,1000.000,1.921417,0.638645
19104,0,0.067650,0.892727,18,0,1000.000,1.789525,0.644061
19104,1,0.128660,0.904526,29,0,1000.000,1.694283,0.650800
19104,2,0.199337,0.885872,45,0,1000.000,2.003837,0.636292
19104,3,0.121910,0.913508,35,0,1000.000,1.597923,0.656329
19104,4,0.183851,0.917912,44,0,1000.000,1.528307,0.661536
19104,5,0.081949,0.896995,20,0,1000.000,1.873437,0.645046
19104,6,0.099637,0.921755,18,0,1000.000,1.905427,0.642191
19104,7,0.117005,0.889990,31,0,1000.000,1.964624,0.636297
19152,0,0.067650,0.822443,8,0,1000.000,2.301368,0.620368
19152,1,0.128660,0.853951,20,0,1000.000,2.201730,0.619530
19152,2,0.199337,0.900674,39,0,1000.000,1.713787,0.650477
19152,3,0.121910,0.915704,24,0,1000.000,1.510366,0.651004
19152,4,0.183851,0.876631,37,0,1000.000,1.834527,0.639794
19152,5,0.081949,0.908252,18,0,1000.000,1.840141,0.648331
19152,6,0.099637,0.870022,26,0,1000.000,2.155938,0.626687
19152,7,0.117005,0.908803,26,0,1000.000,1.698218,0.647613
19200,0,0.067650,0.917559,15,0,1000.000,1.545055,0.655980
19200,1,0.128660,0.839298,21,0,1000.000,2.118457,0.619291
19200,2,0.199337,0.897848,35,0,1000.000,1.843728,0.646974
19200,3,0.121910,0.880465,20,0,1000.000,2.047242,0.627908
19200,4,0.183851,0.920840,26,0,1000.000,1.851340,0.657631
19200,5,0.081949,0.862358,5,0,1000.000,1.973468,0.625714
19200,6,0.099637,0.879576,19,0,1000.000,2.092000,0.625207
19200,7,0.117005,0.880020,24,0,1000.000,1.976669,0.632138
19248,0,0.130546,0.904469,9,0,1000.000,1.982059,0.651335
19248,1,0.104949,0.905918,20,0,1000.000,1.825856,0.649367
19248,2,0.155577,0.916592,21,0,1000.000,1.903757,0.652096
19248,3,0.117469,0.922699,22,0,1000.000,1.598880,0.665225
19248,4,0.109578,0.893957,27,0,1000.000,1.935007,0.641607
19248,5,0.136289,0.897179,21,0,1000.000,1.943893,0.641327
19248,6,0.125042,0.863625,15,0,1000.000,2.131315,0.620225
19248,7,0.120550,0.811440,14,1,941.286,2.052835,0.620977
19296,0,0.130546,0.903856,25,0,1000.000,1.711585,0.654352
19296,1,0.104949,0.876350,17,0,1000.000,2.037054,0.638241
19296,2,0.155577,0.874730,29,0,1000.000,2.016385,0.638785
19296,3,0.117469,0.892106,22,0,1000.000,2.079460,0.636808
19296,4,0.109578,0.823603,22,0,1000.000,1.977739,0.616460
19296,5,0.136289,0.907958,23,0,1000.000,1.921352,0.629616
19296,6,0.125042,0.910116,15,0,1000.000,1.928649,0.652187
19296,7,0.120550,0.832008,16,1,950.812,1.808417,0.622296
19392,0,0.130546,0.879167,39,1,998.308,1.607953,0.645882
19392,1,0.104949,0.904903,33,0,1000.000,1.732037,0.655933
19392,2,0.155577,0.880066,65,1,985.308,1.868909,0.635155
19392,3,0.117469,0.917900,42,0,1000.000,1.737739,0.652163
19392,4,0.109578,0.901757,38,0,1000.000,1.699669,0.650835
19392,5,0.136289,0.895570,43,0,1000.000,1.919711,0.637914
19392,6,0.125042,0.921525,38,0,1000.000,1.707269,0.645544
19392,7,0.120550,0.872316,31,1,971.839,1.825048,0.643203
19440,0,0.130546,0.936126,24,0,1000.000,1.569078,0.672573
19440,1,0.104949,0.910236,22,0,1000.000,1.692895,0.655203
19440,2,0.155577,0.922539,38,0,1000.000,1.686851,0.665252
19440,3,0.117469,0.899008,21,0,1000.000,1.828961,0.657809
19440,4,0.109578,0.926279,16,0,1000.000,2.069492,0.656042
19440,5,0.136289,0.894156,27,0,1000.000,1.591251,0.652727
19440,6,0.125042,0.923147,18,0,1000.000,1.996860,0.655247
19440,7,0.120550,0.900731,21,0,1000.000,1.702547,0.647406
19488,0,0.130546,0.875712,27,0,1000.000,1.946318,0.632201
19488,1,0.104949,0.868253,19,0,1000.000,1.888204,0.646273
19488,2,0.155577,0.917969,32,0,1000.000,1.765017,0.662108
19488,3,0.117469,0.916362,27,0,1000.000,1.650133,0.661737
19488,4,0.109578,0.877556,31,0,1000.000,2.085695,0.641665
19488,5,0.136289,0.913736,36,0,1000.000,1.884858,0.656315
19488,6,0.125042,0.870317,30,0,1000.000,2.198061,0.637191
19488,7,0.120550,0.886784,28,0,1000.000,1.836473,0.651617
19536,0,0.130546,0.931297,22,0,1000.000,1.500179,0.666182
19536,1,0.104949,0.919171,20,0,1000.000,1.927378,0.653710
19536,2,0.155577,0.909361,28,0,1000.000,1.770924,0.656294
19536,3,0.117469,0.925939,22,0,1000.000,1.688076,0.667812
19536,4,0.109578,0.893517,27,0,1000.000,1.886200,0.640656
19536,5,0.136289,0.915144,31,0,1000.000,1.562945,0.661350
19536,6,0.125042,0.904072,26,0,1000.000,1.931891,0.648179
19536,7,0.120550,0.887060,26,1,970.692,1.767430,0.649591
19584,0,0.130546,0.915837,31,0,1000.000,1.545542,0.660089
19584,1,0.104949,0.902468,22,0,1000.000,1.823275,0.639318
19584,2,0.155577,0.919245,22,0,1000.000,1.881431,0.649325
19584,3,0.117469,0.915542,28,0,1000.000,1.776763,0.649904
19584,4,0.109578,0.871533,21,0,1000.000,2.003113,0.623874
19584,5,0.136289,0.906077,28,0,1000.000,1.638636,0.659610
19584,6,0.125042,0.900891,22,0,1000.000,1.665654,0.658165
19584,7,0.120550,0.898021,22,0,1000.000,1.831962,0.653028
19632,0,0.130546,0.916352,42,0,1000.000,1.648898,0.661185
19632,1,0.104949,0.913805,24,0,1000.000,1.420167,0.660206
19632,2,0.155577,0.924584,26,0,1000.000,1.574664,0.665595
19632,3,0.117469,0.911581,28,0,1000.000,1.716983,0.661750
19632,4,0.109578,0.917049,30,0,1000.000,1.720505,0.659531
19632,5,0.136289,0.889260,34,0,1000.000,2.057080,0.644316
19632,6,0.125042,0.905229,20,0,1000.000,2.168264,0.638364
19632,7,0.120550,0.918911,27,0,1000.000,1.883986,0.664264
19680,0,0.130546,0.894118,27,0,1000.000,1.784849,0.642815
19680,1,0.104949,0.916397,28,0,1000.000,1.933264,0.648258
19680,2,0.155577,0.907848,35,0,1000.000,1.808501,0.645782
19680,3,0.117469,0.868365,26,0,1000.000,2.284399,0.629855
19680,4,0.109578,0.871387,30,0,1000.000,2.085910,0.630872
19680,5,0.136289,0.916621,35,0,1000.000,1.752192,0.660585
19680,6,0.125042,0.887739,42,0,1000.000,1.906873,0.648903
19680,7,0.120550,0.867156,27,1,967.259,1.879084,0.639593
19728,0,0.130546,0.911109,32,0,1000.000,1.664180,0.661341
19728,1,0.104949,0.896303,18,0,1000.000,1.866953,0.645993
19728,2,0.155577,0.890651,35,0,1000.000,2.036566,0.634265
19728,3,0.117469,0.893312,31,0,1000.000,2.089296,0.643050
19728,4,0.109578,0.885779,28,0,1000.000,1.807577,0.654870
19728,5,0.136289,0.896939,34,0,1000.000,2.018612,0.648211
19728,6,0.125042,0.880954,26,0,1000.000,2.078347,0.642321
19728,7,0.120550,0.915617,29,0,1000.000,1.851349,0.659850
19776,0,0.130546,0.878450,29,0,1000.000,1.915121,0.643254
19776,1,0.104949,0.914781,25,0,1000.000,1.685484,0.670399
19776,2,0.155577,0.920031,28,0,1000.000,1.719716,0.649865
19776,3,0.117469,0.902062,25,0,1000.000,1.785186,0.648300
19776,4,0.109578,0.903615,33,0,1000.000,1.815396,0.655594
19776,5,0.136289,0.916860,27,0,1000.000,1.830269,0.650092
19776,6,0.125042,0.888654,32,0,1000.000,1.946105,0.636707
19776,7,0.120550,0.909161,29,0,1000.000,1.836468,0.653554
19872,0,0.130546,0.927653,38,1,982.711,1.513837,0.661637
19872,1,0.104949,0.858645,32,0,1000.000,2.116885,0.632006
19872,2,0.155577,0.891552,54,0,1000.000,2.053981,0.637909
19872,3,0.117469,0.885352,36,0,1000.000,2.170427,0.632573
19872,4,0.109578,0.916801,29,0,1000.000,1.473802,0.667212
19872,5,0.136289,0.889460,52,0,1000.000,1.958969,0.638400
19872,6,0.125042,0.896990,38,0,1000.000,1.855568,0.647925
19872,7,0.120550,0.921898,46,0,1000.000,1.760596,0.648125
19920,0,0.130546,0.893746,25,1,979.760,1.425865,0.660319
19920,1,0.104949,0.905826,20,0,1000.000,2.030860,0.644894
19920,2,0.155577,0.920919,33,0,1000.000,1.712057,0.661557
19920,3,0.117469,0.889913,24,0,1000.000,1.996027,0.648278
19920,4,0.109578,0.907899,12,0,1000.000,1.654298,0.661964
19920,5,0.136289,0.873877,19,0,1000.000,2.205811,0.631291
19920,6,0.125042,0.875909,26,0,1000.000,2.142985,0.633885
19920,7,0.120550,0.893212,18,0,1000.000,1.931394,0.634454
19968,0,0.130546,0.881197,33,0,1000.000,1.852070,0.642215
19968,1,0.104949,0.866002,12,0,1000.000,2.055052,0.638779
19968,2,0.155577,0.931288,29,0,1000.000,1.540487,0.657594
19968,3,0.117469,0.908746,25,0,1000.000,1.699176,0.652731
19968,4,0.109578,0.890608,17,0,1000.000,2.196897,0.630953
19968,5,0.136289,0.934288,36,0,1000.000,1.560622,0.667483
19968,6,0.125042,0.882701,35,0,1000.000,2.002591,0.630369
19968,7,0.120550,0.907012,20,0,1000.000,1.795609,0.651034
20016,0,0.130546,0.884574,28,0,1000.000,1.885883,0.639425
20016,1,0.104949,0.888829,22,0,1000.000,1.831575,0.639220
20016,2,0.155577,0.908598,34,0,1000.000,1.787510,0.645891
20016,3,0.117469,0.932781,24,0,1000.000,1.928926,0.653970
20016,4,0.109578,0.928139,28,0,1000.000,1.546276,0.668436
20016,5,0.136289,0.920173,21,0,1000.000,1.630451,0.673130
20016,6,0.125042,0.908251,25,0,1000.000,1.903360,0.643399
20016,7,0.120550,0.914372,21,0,1000.000,1.513097,0.663888
20064,0,0.130546,0.895070,28,0,1000.000,1.778088,0.644313
20064,1,0.104949,0.913038,23,0,1000.000,1.790819,0.657338
20064,2,0.155577,0.915479,35,0,1000.000,1.783419,0.649286
20064,3,0.117469,0.914774,34,0,1000.000,1.523078,0.667199
20064,4,0.109578,0.922481,26,0,1000.000,1.759085,0.655832
20064,5,0.136289,0.896430,29,0,1000.000,1.785814,0.651071
20064,6,0.125042,0.870038,21,0,1000.000,1.808830,0.642735
20064,7,0.120550,0.885102,19,0,1000.000,1.860937,0.641680
20112,0,0.130546,0.925094,34,1,985.559,1.691137,0.654555
20112,1,0.104949,0.854744,29,0,1000.000,2.075612,0.626330
20112,2,0.155577,0.899660,32,0,1000.000,1.695942,0.652068
20112,3,0.117469,0.901325,30,0,1000.000,1.738627,0.646743
20112,4,0.109578,0.924524,31,0,1000.000,1.840090,0.654419
20112,5,0.136289,0.870716,29,0,1000.000,1.962905,0.639807
20112,6,0.125042,0.896060,25,0,1000.000,1.899455,0.644503
20112,7,0.120550,0.891301,31,0,1000.000,1.750245,0.641988
20160,0,0.130546,0.911921,21,0,1000.000,1.596878,0.652765
20160,1,0.104949,0.913943,20,0,1000.000,1.654648,0.651775
20160,2,0.155577,0.907206,28,0,1000.000,1.410504,0.646826
20160,3,0.117469,0.907895,21,0,1000.000,1.964292,0.639069
20160,4,0.109578,0.859949,23,0,1000.000,2.009322,0.621902
20160,5,0.136289,0.899650,30,0,1000.000,2.016013,0.639148
20160,6,0.125042,0.927747,24,0,1000.000,1.610036,0.658601
20160,7,0.120550,0.852167,28,1,968.214,1.961746,0.620215
20208,0,0.130546,0.935547,23,0,1000.000,1.620475,0.664334
20208,1,0.104949,0.832020,11,0,1000.000,2.379575,0.602703
20208,2,0.155577,0.902530,25,0,1000.000,1.768563,0.644437
20208,3,0.117469,0.913412,14,0,1000.000,1.684465,0.646806
20208,4,0.109578,0.839385,20,0,1000.000,1.993868,0.633018
20208,5,0.136289,0.843927,25,0,1000.000,2.184346,0.628743
20208,6,0.125042,0.903340,22,0,1000.000,1.747618,0.650473
20208,7,0.120550,0.932772,15,0,1000.000,1.393664,0.670099
20256,0,0.130546,0.876534,19,0,1000.000,1.934169,0.626601
20256,1,0.104949,0.927992,21,0,1000.000,1.713946,0.668308
20256,2,0.155577,0.908439,17,0,1000.000,1.557044,0.659295
20256,3,0.117469,0.835862,21,0,1000.000,1.970813,0.622564
20256,4,0.109578,0.934064,13,0,1000.000,1.774198,0.660493
20256,5,0.136289,0.891560,26,0,1000.000,1.895596,0.644666
20256,6,0.125042,0.920411,24,0,1000.000,1.764779,0.664500
20256,7,0.120550,0.875905,15,0,1000.000,2.308064,0.620926
20352,0,0.130546,0.908350,48,0,1000.000,1.954787,0.646591
20352,1,0.104949,0.937154,34,0,1000.000,1.528242,0.657722
20352,2,0.155577,0.910280,51,0,1000.000,1.689535,0.646061
20352,3,0.117469,0.915901,27,0,1000.000,1.529381,0.655952
20352,4,0.109578,0.921880,45,0,1000.000,1.587126,0.655625
20352,5,0.136289,0.914040,45,0,1000.000,1.711457,0.646841
20352,6,0.125042,0.920298,40,0,1000.000,1.753578,0.653746
20352,7,0.120550,0.899951,38,0,1000.000,1.889977,0.651219
20400,0,0.130546,0.897572,19,0,1000.000,1.943687,0.632824
20400,1,0.104949,0.939044,13,0,1000.000,1.749746,0.664385
20400,2,0.155577,0.880203,26,0,1000.000,1.756439,0.643665
20400,3,0.117469,0.906528,18,0,1000.000,1.900733,0.648411
20400,4,0.109578,0.887403,21,0,1000.000,1.710557,0.637339
20400,5,0.136289,0.891728,24,0,1000.000,2.043730,0.639038
20400,6,0.125042,0.904679,23,0,1000.000,1.440437,0.660535
20400,7,0.120550,0.898731,27,1,969.148,1.606849,0.648564
20448,0,0.130546,0.909963,21,0,1000.000,1.825125,0.645044
20448,1,0.104949,0.914735,27,0,1000.000,1.847342,0.643682
20448,2,0.155577,0.904805,34,0,1000.000,2.085081,0.634762
20448,3,0.117469,0.943430,12,0,1000.000,1.518955,0.673479
20448,4,0.109578,0.909785,23,0,1000.000,1.898143,0.643470
20448,5,0.136289,0.870654,25,0,1000.000,2.093188,0.627814
20448,6,0.125042,0.902361,25,0,1000.000,2.197414,0.638742
20448,7,0.120550,0.914793,23,0,1000.000,1.851971,0.655290
20496,0,0.130546,0.899361,44,0,1000.000,1.878991,0.644984
20496,1,0.104949,0.902419,27,0,1000.000,2.153404,0.638392
20496,2,0.155577,0.910521,28,0,1000.000,1.956632,0.635968
20496,3,0.117469,0.892359,24,0,1000.000,2.149033,0.637731
20496,4,0.109578,0.904408,16,0,1000.000,1.640338,0.637975
20496,5,0.136289,0.910328,35,0,1000.000,1.918309,0.647054
20496,6,0.125042,0.912629,37,0,1000.000,1.758500,0.653275
20496,7,0.120550,0.891807,27,0,1000.000,2.058043,0.638277
20544,0,0.130546,0.926492,24,0,1000.000,1.617303,0.653732
20544,1,0.104949,0.929761,26,0,1000.000,1.398139,0.650520
20544,2,0.155577,0.877118,22,0,1000.000,2.021042,0.625700
20544,3,0.117469,0.913099,21,0,1000.000,1.922762,0.639428
20544,4,0.109578,0.903232,22,0,1000.000,1.940530,0.656374
20544,5,0.136289,0.856983,25,0,1000.000,1.988178,0.641928
20544,6,0.125042,0.889083,21,0,1000.000,2.178172,0.639901
20544,7,0.120550,0.922000,23,0,1000.000,1.614188,0.646166
20592,0,0.130546,0.890982,25,0,1000.000,1.987977,0.648253
20592,1,0.104949,0.925223,24,0,1000.000,1.754193,0.650552
20592,2,0.155577,0.927908,39,0,1000.000,1.668431,0.655359
20592,3,0.117469,0.888496,17,0,1000.000,1.938178,0.653341
20592,4,0.109578,0.866946,22,0,1000.000,2.219364,0.625845
20592,5,0.136289,0.910329,19,0,1000.000,1.888716,0.649959
20592,6,0.125042,0.902995,36,0,1000.000,1.723208,0.650369
20592,7,0.120550,0.902439,20,0,1000.000,1.851876,0.650993
20640,0,0.130546,0.893459,37,0,1000.000,1.915377,0.639985
20640,1,0.104949,0.901698,32,1,980.781,1.965294,0.644280
20640,2,0.155577,0.870982,29,0,1000.000,2.114387,0.635687
20640,3,0.117469,0.899749,35,0,1000.000,1.768448,0.653165
20640,4,0.109578,0.903177,12,0,1000.000,1.528726,0.646887
20640,5,0.136289,0.904501,35,0,1000.000,2.070976,0.634522
20640,6,0.125042,0.928243,29,0,1000.000,1.713030,0.644803
20640,7,0.120550,0.911232,32,0,1000.000,1.833663,0.643244
20688,0,0.130546,0.905682,41,0,1000.000,1.849598,0.646631
20688,1,0.104949,0.919684,25,0,1000.000,1.942206,0.655440
20688,2,0.155577,0.917656,45,0,1000.000,1.731680,0.644746
20688,3,0.117469,0.917534,28,0,1000.000,1.933570,0.648028
20688,4,0.109578,0.923906,25,0,1000.000,1.781479,0.645649
20688,5,0.136289,0.892224,29,0,1000.000,2.160977,0.633248
20688,6,0.125042,0.906532,25,0,1000.000,1.920428,0.643789
20688,7,0.120550,0.902736,36,0,1000.000,2.016236,0.644282
20736,0,0.130546,0.886552,23,1,977.783,1.860910,0.638189
20736,1,0.104949,0.904782,21,0,1000.000,1.597049,0.648216
20736,2,0.155577,0.918389,42,0,1000.000,1.495595,0.661280
20736,3,0.117469,0.926740,29,0,1000.000,1.985798,0.651474
20736,4,0.109578,0.871058,30,0,1000.000,2.155704,0.626351
20736,5,0.136289,0.894589,34,0,1000.000,1.952046,0.635138
20736,6,0.125042,0.946965,24,0,1000.000,1.498571,0.662324
20736,7,0.120550,0.887235,27,0,1000.000,1.948515,0.634589
20784,0,0.130546,0.896780,37,0,1000.000,2.078667,0.627943
20784,1,0.104949,0.921206,19,0,1000.000,1.955966,0.652990
20784,2,0.155577,0.891787,36,0,1000.000,2.052905,0.633075
20784,3,0.117469,0.922566,28,0,1000.000,1.848384,0.649373
20784,4,0.109578,0.900041,25,0,1000.000,2.019176,0.645813
20784,5,0.136289,0.912327,36,0,1000.000,1.811009,0.646509
20784,6,0.125042,0.905299,22,0,1000.000,1.772611,0.650024
20784,7,0.120550,0.883503,19,0,1000.000,2.362945,0.623511
20832,0,0.130546,0.891478,27,0,1000.000,2.124313,0.643216
20832,1,0.104949,0.872087,13,0,1000.000,1.756524,0.655331
20832,2,0.155577,0.879569,29,0,1000.000,2.041651,0.639374
20832,3,0.117469,0.852844,19,0,1000.000,2.010882,0.634187
20832,4,0.109578,0.923127,15,0,1000.000,1.888077,0.640841
20832,5,0.136289,0.886236,29,0,1000.000,2.128964,0.635955
20832,6,0.125042,0.891896,25,0,1000.000,2.163834,0.635040
20832,7,0.120550,0.878332,21,0,1000.000,1.965689,0.636197
20880,0,0.130546,0.912376,25,0,1000.000,1.895861,0.641209
20880,1,0.104949,0.851998,19,0,1000.000,2.062278,0.628929
20880,2,0.155577,0.918960,10,0,1000.000,1.752013,0.675298
20880,3,0.117469,0.941516,15,0,1000.000,1.287430,0.653774
20880,4,0.109578,0.883503,20,0,1000.000,2.124159,0.624552
20880,5,0.136289,0.928816,13,0,1000.000,1.661610,0.653879
20880,6,0.125042,0.936409,20,0,1000.000,1.607596,0.639277
20880,7,0.120550,0.899600,16,0,1000.000,1.932210,0.642650
20928,0,0.130546,0.910398,21,1,989.000,1.780226,0.633467
20928,1,0.104949,0.919119,14,0,1000.000,1.619747,0.644284
20928,2,0.155577,0.939020,38,0,1000.000,1.715039,0.649566
20928,3,0.117469,0.904870,24,0,1000.000,1.810050,0.646756
20928,4,0.109578,0.891612,24,0,1000.000,2.037102,0.637166
20928,5,0.136289,0.882693,22,0,1000.000,2.400267,0.617810
20928,6,0.125042,0.920017,24,0,1000.000,1.854035,0.650549
20928,7,0.120550,0.881919,22,0,1000.000,2.069184,0.625137
20976,0,0.130546,0.895706,32,0,1000.000,1.912254,0.641933
20976,1,0.104949,0.922648,18,0,1000.000,1.977346,0.639744
20976,2,0.155577,0.924976,41,0,1000.000,1.919146,0.639700
20976,3,0.117469,0.871794,21,0,1000.000,2.381199,0.606768
20976,4,0.109578,0.890518,22,0,1000.000,1.827300,0.646679
20976,5,0.136289,0.890184,27,0,1000.000,2.057268,0.633801
20976,6,0.125042,0.888600,23,1,958.696,2.022879,0.625342
20976,7,0.120550,0.882089,19,0,1000.000,2.041540,0.638421
21024,0,0.130546,0.932638,27,0,1000.000,1.469685,0.651596
21024,1,0.104949,0.930114,22,0,1000.000,1.422547,0.653032
21024,2,0.155577,0.908026,37,0,1000.000,2.012127,0.632761
21024,3,0.117469,0.862890,26,0,1000.000,1.825585,0.635062
21024,4,0.109578,0.907641,34,0,1000.000,1.866180,0.645672
21024,5,0.136289,0.908377,25,0,1000.000,1.810327,0.648542
21024,6,0.125042,0.868213,20,0,1000.000,2.213321,0.628682
21024,7,0.120550,0.898915,22,0,1000.000,1.986252,0.642891
21072,0,0.130546,0.940677,25,0,1000.000,1.559829,0.652259
21072,1,0.104949,0.935027,27,0,1000.000,1.379855,0.663676
21072,2,0.155577,0.915871,32,0,1000.000,1.741856,0.646880
21072,3,0.117469,0.907208,28,0,1000.000,1.793939,0.648144
21072,4,0.109578,0.902761,30,0,1000.000,1.575807,0.662480
21072,5,0.136289,0.914766,32,0,1000.000,1.738147,0.649951
21072,6,0.125042,0.900923,27,0,1000.000,1.917404,0.648733
21072,7,0.120550,0.905782,20,0,1000.000,1.769572,0.633874
21120,0,0.130546,0.893221,27,0,1000.000,1.969929,0.635907
21120,1,0.104949,0.849358,23,0,1000.000,2.119106,0.611561
21120,2,0.155577,0.896875,33,0,1000.000,1.842096,0.636941
21120,3,0.117469,0.929569,24,0,1000.000,1.923716,0.643887
21120,4,0.109578,0.910142,32,0,1000.000,1.825785,0.655843
21120,5,0.136289,0.891318,34,0,1000.000,1.972819,0.629542
21120,6,0.125042,0.868263,32,0,1000.000,1.966001,0.632739
21120,7,0.120550,0.865835,31,0,1000.000,2.204156,0.623670
21168,0,0.130546,0.871344,23,0,1000.000,2.175739,0.612926
21168,1,0.104949,0.891212,24,0,1000.000,2.069846,0.637724
21168,2,0.155577,0.899360,35,0,1000.000,1.905570,0.636944
21168,3,0.117469,0.873264,15,0,1000.000,1.791349,0.632345
21168,4,0.109578,0.917083,15,0,1000.000,1.395045,0.632336
21168,5,0.136289,0.920939,23,0,1000.000,1.784872,0.645736
21168,6,0.125042,0.895112,26,0,1000.000,1.917965,0.622699
21168,7,0.120550,0.925667,16,0,1000.000,1.876305,0.638946
21216,0,0.130546,0.894282,16,0,1000.000,1.373810,0.646833
21216,1,0.104949,0.927367,25,0,1000.000,1.568778,0.644170
21216,2,0.155577,0.924402,20,0,1000.000,1.608492,0.658564
21216,3,0.117469,0.888534,26,0,1000.000,1.853580,0.635352
21216,4,0.109578,0.946994,12,0,1000.000,1.487613,0.656594
21216,5,0.136289,0.926738,27,0,1000.000,1.604962,0.647730
21216,6,0.125042,0.921762,17,0,1000.000,1.678964,0.660691
21216,7,0.120550,0.925928,16,0,1000.000,1.458186,0.641698
21264,0,0.130546,0.885832,18,0,1000.000,2.089916,0.635939
21264,1,0.104949,0.910504,14,0,1000.000,2.110959,0.634609
21264,2,0.155577,0.864576,23,0,1000.000,1.950421,0.623110
21264,3,0.117469,0.923542,19,0,1000.000,1.482788,0.653147
21264,4,0.109578,0.922694,11,0,1000.000,1.444628,0.671999
21264,5,0.136289,0.898147,23,0,1000.000,2.160773,0.637210
21264,6,0.125042,0.871627,21,0,1000.000,1.944883,0.623023
21264,7,0.120550,0.915458,21,0,1000.000,1.702657,0.640532
21312,0,0.130546,0.894138,27,0,1000.000,1.790407,0.645075
21312,1,0.104949,0.922167,18,0,1000.000,1.526735,0.660307
21312,2,0.155577,0.917951,23,0,1000.000,1.890522,0.641837
21312,3,0.117469,0.881678,18,0,1000.000,1.583220,0.643221
21312,4,0.109578,0.919939,24,0,1000.000,1.566950,0.658730
21312,5,0.136289,0.863127,19,0,1000.000,2.195164,0.628335
21312,6,0.125042,0.913573,16,0,1000.000,1.744591,0.636540
21312,7,0.120550,0.881702,26,0,1000.000,1.753476,0.637646
21360,0,0.130546,0.886313,23,0,1000.000,1.731951,0.648948
21360,1,0.104949,0.916765,14,0,1000.000,2.000520,0.644139
21360,2,0.155577,0.895230,31,0,1000.000,1.945539,0.635471
21360,3,0.117469,0.907509,19,0,1000.000,1.783776,0.642346
21360,4,0.109578,0.934430,8,0,1000.000,1.728966,0.663868
21360,5,0.136289,0.920158,27,0,1000.000,1.669513,0.658434
21360,6,0.125042,0.885175,27,0,1000.000,1.891978,0.637394
21360,7,0.120550,0.897518,15,0,1000.000,1.936635,0.643222
21408,0,0.130546,0.901969,25,0,1000.000,1.982299,0.631127
21408,1,0.104949,0.927300,17,0,1000.000,1.650577,0.665086
21408,2,0.155577,0.932758,28,0,1000.000,1.552798,0.656201
21408,3,0.117469,0.896762,21,0,1000.000,2.000158,0.637127
21408,4,0.109578,0.910300,16,0,1000.000,1.899494,0.626812
21408,5,0.136289,0.911031,21,0,1000.000,2.085307,0.638049
21408,6,0.125042,0.892210,21,0,1000.000,2.240944,0.627408
21408,7,0.120550,0.925288,20,0,1000.000,1.477718,0.664796
21456,0,0.130546,0.912028,22,0,1000.000,1.812987,0.655296
21456,1,0.104949,0.900304,19,0,1000.000,1.872097,0.629483
21456,2,0.155577,0.915806,28,0,1000.000,1.671380,0.661211
21456,3,0.117469,0.915922,26,0,1000.000,1.665739,0.652537
21456,4,0.109578,0.926498,28,0,1000.000,1.714314,0.667229
21456,5,0.136289,0.902518,26,0,1000.000,1.835601,0.649610
21456,6,0.125042,0.871358,30,0,1000.000,1.960523,0.647485
21456,7,0.120550,0.896793,22,0,1000.000,1.903102,0.638520
21504,0,0.130546,0.896285,24,0,1000.000,2.006967,0.640626
21504,1,0.104949,0.931508,21,0,1000.000,1.636539,0.656637
21504,2,0.155577,0.915798,41,0,1000.000,1.824703,0.648638
21504,3,0.117469,0.899327,29,0,1000.000,1.983681,0.648488
21504,4,0.109578,0.885554,28,0,1000.000,1.833799,0.631295
21504,5,0.136289,0.891799,39,0,1000.000,1.880253,0.648506
21504,6,0.125042,0.879008,28,0,1000.000,1.962830,0.632851
21504,7,0.120550,0.892750,25,0,1000.000,2.236261,0.622191
21552,0,0.130546,0.943338,17,0,1000.000,1.587294,0.663777
21552,1,0.104949,0.939524,19,0,1000.000,1.485950,0.662824
21552,2,0.155577,0.883886,34,0,1000.000,1.864235,0.640935
21552,3,0.117469,0.886600,20,0,1000.000,1.851308,0.633166
21552,4,0.109578,0.925650,26,0,1000.000,1.746664,0.637591
21552,5,0.136289,0.927448,26,0,1000.000,1.552010,0.664959
21552,6,0.125042,0.928775,13,0,1000.000,1.611047,0.643916
21552,7,0.120550,0.911496,26,0,1000.000,1.888532,0.654625
21600,0,0.130546,0.910680,26,0,1000.000,1.933322,0.642506
21600,1,0.104949,0.937975,16,0,1000.000,1.621384,0.662857
21600,2,0.155577,0.915029,32,0,1000.000,1.914427,0.636689
21600,3,0.117469,0.920889,24,0,1000.000,1.685846,0.648049
21600,4,0.109578,0.934250,19,0,1000.000,1.348363,0.666090
21600,5,0.136289,0.913869,38,0,1000.000,1.800915,0.641358
21600,6,0.125042,0.915672,24,0,1000.000,1.933352,0.636562
21600,7,0.120550,0.869959,24,0,1000.000,1.921674,0.636129
21648,0,0.115333,0.908682,25,1,982.200,1.714356,0.648611
21648,1,0.125651,0.906846,29,0,1000.000,1.736736,0.653821
21648,2,0.146072,0.903318,30,0,1000.000,1.769245,0.646119
21648,3,0.119757,0.912790,36,0,1000.000,1.618269,0.659213
21648,4,0.133789,0.920154,30,0,1000.000,1.753988,0.648875
21648,5,0.121013,0.893300,39,0,1000.000,2.000686,0.627534
21648,6,0.114916,0.921282,40,0,1000.000,1.806785,0.649519
21648,7,0.123470,0.878602,23,1,965.130,1.810446,0.654692
21696,0,0.115333,0.908855,42,0,1000.000,1.959140,0.647265
21696,1,0.125651,0.900816,40,0,1000.000,2.165601,0.630705
21696,2,0.146072,0.884532,39,0,1000.000,2.239688,0.626196
21696,3,0.119757,0.895612,27,0,1000.000,1.911437,0.644236
21696,4,0.133789,0.917835,31,0,1000.000,1.785556,0.659874
21696,5,0.121013,0.902366,19,0,1000.000,1.985856,0.648107
21696,6,0.114916,0.916525,30,0,1000.000,1.892164,0.655872
21696,7,0.123470,0.914314,26,0,1000.000,1.936848,0.652268
21744,0,0.115333,0.925021,25,0,1000.000,1.477463,0.660513
21744,1,0.125651,0.906741,25,0,1000.000,2.050514,0.640480
21744,2,0.146072,0.914243,35,0,1000.000,1.978401,0.637974
21744,3,0.119757,0.891570,25,0,1000.000,1.961534,0.638237
21744,4,0.133789,0.898628,33,0,1000.000,1.907033,0.644696
21744,5,0.121013,0.920531,27,0,1000.000,1.832242,0.650501
21744,6,0.114916,0.904650,26,0,1000.000,1.638254,0.651007
21744,7,0.123470,0.879088,23,0,1000.000,2.142736,0.624753
21792,0,0.115333,0.932481,29,0,1000.000,1.636642,0.664474
21792,1,0.125651,0.914555,30,0,1000.000,1.465173,0.661749
21792,2,0.146072,0.928680,32,0,1000.000,1.632452,0.656720
21792,3,0.119757,0.922902,28,0,1000.000,1.665670,0.655816
21792,4,0.133789,0.913086,37,0,1000.000,1.827013,0.645673
21792,5,0.121013,0.930934,25,0,1000.000,1.688635,0.664496
21792,6,0.114916,0.869852,22,0,1000.000,2.142705,0.624600
21792,7,0.123470,0.925420,24,0,1000.000,1.734507,0.652939
21840,0,0.115333,0.913194,26,0,1000.000,1.398432,0.662045
21840,1,0.125651,0.898747,23,0,1000.000,1.905213,0.636483
21840,2,0.146072,0.911922,23,0,1000.000,1.796219,0.640509
21840,3,0.119757,0.908502,22,0,1000.000,1.866881,0.642409
21840,4,0.133789,0.919776,25,0,1000.000,1.623630,0.659284
21840,5,0.121013,0.943101,14,0,1000.000,1.648853,0.648385
21840,6,0.114916,0.917811,12,0,1000.000,1.614151,0.654070
21840,7,0.123470,0.897282,17,0,1000.000,1.977086,0.630476
21888,0,0.115333,0.913037,20,0,1000.000,1.772509,0.650688
21888,1,0.125651,0.896179,18,1,977.056,1.722551,0.643856
21888,2,0.146072,0.910239,18,0,1000.000,1.804558,0.628890
21888,3,0.119757,0.910147,17,0,1000.000,1.743631,0.649666
21888,4,0.133789,0.923847,21,0,1000.000,1.722702,0.656129
21888,5,0.121013,0.933150,14,0,1000.000,2.069544,0.643179
21888,6,0.114916,0.862040,17,0,1000.000,2.253965,0.610345
21888,7,0.123470,0.816602,22,1,964.136,2.010210,0.615076
21936,0,0.115333,0.932507,25,0,1000.000,1.817949,0.665571
21936,1,0.125651,0.880270,19,0,1000.000,1.721049,0.652128
21936,2,0.146072,0.902653,25,0,1000.000,1.712534,0.645834
21936,3,0.119757,0.870072,26,0,1000.000,2.110618,0.630380
21936,4,0.133789,0.914544,33,0,1000.000,1.719642,0.643484
21936,5,0.121013,0.910491,23,0,1000.000,1.969444,0.647114
21936,6,0.114916,0.916313,19,0,1000.000,1.562947,0.658934
21936,7,0.123470,0.901465,23,0,1000.000,1.684980,0.648924
21984,0,0.115333,0.905995,25,0,1000.000,1.785541,0.646454
21984,1,0.125651,0.927454,23,0,1000.000,1.785979,0.640432
21984,2,0.146072,0.909824,29,0,1000.000,1.873769,0.648106
21984,3,0.119757,0.916793,24,0,1000.000,1.539590,0.652497
21984,4,0.133789,0.893047,29,0,1000.000,1.923005,0.632903
21984,5,0.121013,0.881990,29,0,1000.000,2.027933,0.635761
21984,6,0.114916,0.856990,15,0,1000.000,2.194350,0.625041
21984,7,0.123470,0.899027,22,0,1000.000,1.635964,0.643749
22032,0,0.115333,0.916260,21,0,1000.000,1.479387,0.657193
22032,1,0.125651,0.898386,28,0,1000.000,1.851271,0.643903
22032,2,0.146072,0.901006,26,0,1000.000,1.916284,0.635547
22032,3,0.119757,0.944041,23,0,1000.000,1.341532,0.670089
22032,4,0.133789,0.902620,29,0,1000.000,1.797018,0.650238
22032,5,0.121013,0.928760,29,0,1000.000,1.740654,0.651570
22032,6,0.114916,0.917166,29,0,1000.000,1.628495,0.655454
22032,7,0.123470,0.894271,26,0,1000.000,1.896726,0.639940
22080,0,0.115333,0.917295,28,0,1000.000,1.726572,0.657746
22080,1,0.125651,0.876303,35,0,1000.000,2.034802,0.631743
22080,2,0.146072,0.898923,34,0,1000.000,1.987438,0.636420
22080,3,0.119757,0.889051,23,0,1000.000,1.850564,0.632120
22080,4,0.133789,0.891318,33,0,1000.000,1.960033,0.639572
22080,5,0.121013,0.901925,28,0,1000.000,1.848908,0.636201
22080,6,0.114916,0.908931,28,0,1000.000,1.728367,0.646576
22080,7,0.123470,0.903360,34,0,1000.000,1.894732,0.637819
22128,0,0.115333,0.927243,25,0,1000.000,1.619645,0.659793
22128,1,0.125651,0.895590,28,0,1000.000,2.176731,0.623393
22128,2,0.146072,0.905268,35,0,1000.000,1.781078,0.648099
22128,3,0.119757,0.895123,22,0,1000.000,2.036772,0.633663
22128,4,0.133789,0.891181,29,0,1000.000,2.058457,0.625182
22128,5,0.121013,0.896416,32,0,1000.000,1.643035,0.652623
22128,6,0.114916,0.881296,21,0,1000.000,2.177072,0.631648
22128,7,0.123470,0.853330,19,0,1000.000,2.074853,0.613296
22176,0,0.115333,0.905208,25,0,1000.000,1.749160,0.643636
22176,1,0.125651,0.914048,23,0,1000.000,1.788860,0.639389
22176,2,0.146072,0.888457,21,0,1000.000,2.010202,0.646940
22176,3,0.119757,0.848153,26,0,1000.000,2.172908,0.618035
22176,4,0.133789,0.928780,23,0,1000.000,1.480224,0.657735
22176,5,0.121013,0.898557,25,0,1000.000,2.082309,0.635469
22176,6,0.114916,0.827266,17,0,1000.000,2.165050,0.615652
22176,7,0.123470,0.887358,22,0,1000.000,2.184506,0.628028
22224,0,0.115333,0.887867,20,0,1000.000,1.857801,0.644875
22224,1,0.125651,0.877412,15,0,1000.000,1.985226,0.616673
22224,2,0.146072,0.899191,29,0,1000.000,1.747073,0.632339
22224,3,0.119757,0.899890,26,0,1000.000,1.769754,0.642856
22224,4,0.133789,0.900830,14,0,1000.000,2.129693,0.629737
22224,5,0.121013,0.907965,22,0,1000.000,1.686223,0.655511
22224,6,0.114916,0.921917,14,0,1000.000,1.569134,0.667864
22224,7,0.123470,0.924933,23,0,1000.000,1.505486,0.642069
22272,0,0.115333,0.851904,18,0,1000.000,2.182301,0.626009
22272,1,0.125651,0.905034,22,0,1000.000,1.678404,0.655353
22272,2,0.146072,0.921931,19,0,1000.000,1.764325,0.649620
22272,3,0.119757,0.925257,15,0,1000.000,1.746890,0.656650
22272,4,0.133789,0.929512,20,0,1000.000,1.783210,0.663028
22272,5,0.121013,0.899471,17,0,1000.000,2.129546,0.644887
22272,6,0.114916,0.910291,11,0,1000.000,1.810150,0.639363
22272,7,0.123470,0.934537,16,0,1000.000,1.730705,0.641654
22320,0,0.115333,0.892746,24,0,1000.000,2.123174,0.631292
22320,1,0.125651,0.909635,24,2,964.625,1.534704,0.648514
22320,2,0.146072,0.899528,27,0,1000.000,2.043036,0.641977
22320,3,0.119757,0.892864,21,0,1000.000,2.032034,0.640031
22320,4,0.133789,0.908269,25,0,1000.000,2.143505,0.641915
22320,5,0.121013,0.889870,16,0,1000.000,2.068105,0.629048
22320,6,0.114916,0.896124,15,0,1000.000,1.836398,0.656835
22320,7,0.123470,0.911183,22,0,1000.000,2.056920,0.643247
22368,0,0.115333,0.907407,24,0,1000.000,1.706352,0.652822
22368,1,0.125651,0.892125,13,0,1000.000,2.183461,0.631921
22368,2,0.146072,0.915541,24,0,1000.000,1.925322,0.650478
22368,3,0.119757,0.923736,27,0,1000.000,1.750683,0.669499
22368,4,0.133789,0.939444,19,0,1000.000,1.699520,0.667042
22368,5,0.121013,0.882849,28,0,1000.000,2.073297,0.628019
22368,6,0.114916,0.877981,18,0,1000.000,2.018503,0.629034
22368,7,0.123470,0.872111,17,1,958.471,1.780683,0.642989
22416,0,0.115333,0.925716,21,1,998.048,1.447824,0.668036
22416,1,0.125651,0.886283,19,0,1000.000,2.192883,0.633499
22416,2,0.146072,0.908026,20,0,1000.000,1.854034,0.647114
22416,3,0.119757,0.899859,22,0,1000.000,1.775268,0.660976
22416,4,0.133789,0.891775,26,0,1000.000,2.161052,0.638249
22416,5,0.121013,0.890087,23,0,1000.000,2.144742,0.625780
22416,6,0.114916,0.877325,24,0,1000.000,2.203430,0.633138
22416,7,0.123470,0.861384,17,1,947.529,1.944267,0.638874
22464,0,0.115333,0.891886,25,1,963.920,1.936654,0.631747
22464,1,0.125651,0.913205,24,0,1000.000,1.634985,0.647780
22464,2,0.146072,0.912374,30,0,1000.000,1.680851,0.659320
22464,3,0.119757,0.885899,24,0,1000.000,1.891159,0.638549
22464,4,0.133789,0.912731,29,0,1000.000,1.757589,0.655180
22464,5,0.121013,0.936831,30,0,1000.000,1.720152,0.667204
22464,6,0.114916,0.888208,26,0,1000.000,2.080628,0.644714
22464,7,0.123470,0.909515,24,0,1000.000,2.059072,0.643935
22512,0,0.115333,0.921012,25,1,967.440,1.927326,0.651201
22512,1,0.125651,0.885080,26,0,1000.000,2.041788,0.640459
22512,2,0.146072,0.905342,36,0,1000.000,1.701279,0.642922
22512,3,0.119757,0.894741,16,0,1000.000,2.154109,0.635220
22512,4,0.133789,0.911889,37,0,1000.000,2.234061,0.637051
22512,5,0.121013,0.923028,32,0,1000.000,1.710011,0.662170
22512,6,0.114916,0.915184,27,0,1000.000,1.739848,0.657761
22512,7,0.123470,0.832670,26,1,970.577,1.963645,0.626819
22560,0,0.115333,0.870816,18,0,1000.000,2.006904,0.641175
22560,1,0.125651,0.914010,22,0,1000.000,1.840918,0.661120
22560,2,0.146072,0.877633,27,0,1000.000,2.031010,0.631172
22560,3,0.119757,0.919938,21,0,1000.000,1.530165,0.659367
22560,4,0.133789,0.916570,21,0,1000.000,1.821505,0.658740
22560,5,0.121013,0.909456,16,0,1000.000,1.584361,0.640792
22560,6,0.114916,0.922979,27,0,1000.000,1.508628,0.661288
22560,7,0.123470,0.912849,28,0,1000.000,1.753950,0.642251
22608,0,0.115333,0.898614,26,0,1000.000,1.862526,0.645783
22608,1,0.125651,0.864528,30,0,1000.000,2.077408,0.619625
22608,2,0.146072,0.898475,26,0,1000.000,1.913333,0.639050
22608,3,0.119757,0.914791,16,0,1000.000,1.870418,0.655297
22608,4,0.133789,0.919892,24,0,1000.000,1.356426,0.650806
22608,5,0.121013,0.891508,34,0,1000.000,2.257620,0.632086
22608,6,0.114916,0.911969,29,0,1000.000,1.711917,0.660354
22608,7,0.123470,0.873212,28,0,1000.000,2.239634,0.629270
22656,0,0.115333,0.904650,34,0,1000.000,2.036028,0.638328
22656,1,0.125651,0.935200,20,0,1000.000,1.522115,0.666155
22656,2,0.146072,0.921939,36,0,1000.000,1.713311,0.658730
22656,3,0.119757,0.915230,39,0,1000.000,1.941417,0.643720
22656,4,0.133789,0.920205,29,0,1000.000,1.916286,0.660495
22656,5,0.121013,0.915187,38,0,1000.000,1.897737,0.650850
22656,6,0.114916,0.915364,25,0,1000.000,1.972747,0.644718
22656,7,0.123470,0.895191,23,0,1000.000,1.707609,0.646038
22704,0,0.115333,0.883544,33,0,1000.000,2.061286,0.644577
22704,1,0.125651,0.877926,32,0,1000.000,1.982197,0.642923
22704,2,0.146072,0.908261,43,0,1000.000,1.908889,0.646693
22704,3,0.119757,0.911116,36,0,1000.000,1.946507,0.644667
22704,4,0.133789,0.916475,29,0,1000.000,1.994615,0.646746
22704,5,0.121013,0.909607,23,0,1000.000,1.708945,0.665561
22704,6,0.114916,0.890214,34,0,1000.000,1.811951,0.651895
22704,7,0.123470,0.927438,27,0,1000.000,1.558842,0.660567
22752,0,0.115333,0.905322,21,0,1000.000,1.879143,0.647908
22752,1,0.125651,0.906454,31,0,1000.000,2.001463,0.647402
22752,2,0.146072,0.895802,28,0,1000.000,2.085145,0.647047
22752,3,0.119757,0.901857,30,0,1000.000,2.076493,0.641267
22752,4,0.133789,0.905093,31,0,1000.000,1.885689,0.649628
22752,5,0.121013,0.915725,25,0,1000.000,1.996698,0.645927
22752,6,0.114916,0.895357,22,0,1000.000,2.089595,0.642364
22752,7,0.123470,0.915980,28,0,1000.000,1.820113,0.656889
22848,0,0.115333,0.903080,42,0,1000.000,1.932567,0.644608
22848,1,0.125651,0.920810,51,0,1000.000,1.674397,0.649212
22848,2,0.146072,0.910426,53,0,1000.000,1.799290,0.647427
22848,3,0.119757,0.914673,47,0,1000.000,1.663988,0.652046
22848,4,0.133789,0.914511,52,0,1000.000,1.893274,0.642975
22848,5,0.121013,0.908379,49,0,1000.000,1.769785,0.647662
22848,6,0.114916,0.894433,42,0,1000.000,2.040365,0.637411
22848,7,0.123470,0.893982,49,0,1000.000,1.952476,0.639694
22944,0,0.115333,0.885553,44,1,998.295,1.857436,0.636117
22944,1,0.125651,0.903794,37,0,1000.000,1.886217,0.650321
22944,2,0.146072,0.908191,44,0,1000.000,1.948392,0.646547
22944,3,0.119757,0.872018,42,0,1000.000,2.024897,0.627322
22944,4,0.133789,0.906919,50,0,1000.000,1.840899,0.641437
22944,5,0.121013,0.919086,45,0,1000.000,1.547211,0.651542
22944,6,0.114916,0.909465,37,0,1000.000,1.889674,0.648984
22944,7,0.123470,0.928012,49,0,1000.000,1.621372,0.659151
22992,0,0.115333,0.865159,18,0,1000.000,2.352626,0.620180
22992,1,0.125651,0.902688,20,0,1000.000,1.616336,0.674608
22992,2,0.146072,0.913651,33,0,1000.000,1.568134,0.649304
22992,3,0.119757,0.888219,21,0,1000.000,1.702472,0.646382
22992,4,0.133789,0.887555,22,0,1000.000,2.105464,0.626995
22992,5,0.121013,0.906165,23,0,1000.000,1.885628,0.646457
22992,6,0.114916,0.917654,33,0,1000.000,1.836178,0.646807
22992,7,0.123470,0.939471,24,0,1000.000,1.482515,0.664144
23040,0,0.115333,0.876660,27,0,1000.000,2.197455,0.634448
23040,1,0.125651,0.861097,22,0,1000.000,2.275557,0.625608
23040,2,0.146072,0.893362,25,0,1000.000,2.067563,0.634450
23040,3,0.119757,0.897438,24,0,1000.000,1.890631,0.641600
23040,4,0.133789,0.920488,31,0,1000.000,1.856440,0.646784
23040,5,0.121013,0.920570,24,0,1000.000,1.818337,0.645112
23040,6,0.114916,0.923642,28,0,1000.000,1.774958,0.647839
23040,7,0.123470,0.926419,26,0,1000.000,1.714186,0.665181
23088,0,0.115333,0.942231,24,0,1000.000,1.519136,0.667853
23088,1,0.125651,0.900239,28,0,1000.000,1.827922,0.641504
23088,2,0.146072,0.910738,39,0,1000.000,1.922998,0.656983
23088,3,0.119757,0.925100,29,0,1000.000,1.568407,0.655819
23088,4,0.133789,0.929527,28,0,1000.000,1.841607,0.655448
23088,5,0.121013,0.908613,33,0,1000.000,1.736907,0.647426
23088,6,0.114916,0.934731,28,0,1000.000,1.730751,0.670255
23088,7,0.123470,0.875338,31,0,1000.000,2.107866,0.633827
23136,0,0.115333,0.899282,30,0,1000.000,1.639430,0.652570
23136,1,0.125651,0.865060,29,0,1000.000,2.098713,0.626236
23136,2,0.146072,0.910098,32,0,1000.000,1.685105,0.651576
23136,3,0.119757,0.922050,25,0,1000.000,1.631202,0.655478
23136,4,0.133789,0.906956,25,0,1000.000,2.016550,0.645909
23136,5,0.121013,0.885023,29,0,1000.000,2.115111,0.625649
23136,6,0.114916,0.891622,30,0,1000.000,1.935353,0.642533
23136,7,0.123470,0.905020,16,0,1000.000,1.971925,0.641595
23184,0,0.115333,0.925033,22,0,1000.000,1.827159,0.647214
23184,1,0.125651,0.890295,18,0,1000.000,1.869938,0.637979
23184,2,0.146072,0.928474,23,0,1000.000,1.905689,0.657124
23184,3,0.119757,0.916517,28,0,1000.000,1.823985,0.646013
23184,4,0.133789,0.928085,31,0,1000.000,1.526899,0.649879
23184,5,0.121013,0.899673,16,0,1000.000,2.154409,0.641087
23184,6,0.114916,0.884863,20,0,1000.000,2.130970,0.622967
23184,7,0.123470,0.899381,12,0,1000.000,1.950095,0.657716
23232,0,0.115333,0.924494,14,1,967.143,1.684325,0.643717
23232,1,0.125651,0.899417,22,0,1000.000,1.898688,0.641412
23232,2,0.146072,0.846397,23,0,1000.000,2.189883,0.613914
23232,3,0.119757,0.905091,21,0,1000.000,2.015302,0.645268
23232,4,0.133789,0.892219,20,0,1000.000,1.976992,0.645336
23232,5,0.121013,0.902025,16,0,1000.000,1.769483,0.644905
23232,6,0.114916,0.901735,16,0,1000.000,1.965771,0.643047
23232,7,0.123470,0.926409,23,0,1000.000,1.564453,0.653738
23280,0,0.115333,0.890722,24,0,1000.000,1.720110,0.652990
23280,1,0.125651,0.870564,16,0,1000.000,2.235260,0.624467
23280,2,0.146072,0.893319,16,0,1000.000,1.919721,0.641951
23280,3,0.119757,0.909366,14,0,1000.000,1.903294,0.641957
23280,4,0.133789,0.931412,22,0,1000.000,1.532421,0.677057
23280,5,0.121013,0.915557,22,0,1000.000,2.098225,0.656665
23280,6,0.114916,0.922640,13,0,1000.000,1.284760,0.665381
23280,7,0.123470,0.894461,23,0,1000.000,1.600015,0.655896
23328,0,0.115333,0.896473,22,0,1000.000,1.809351,0.648959
23328,1,0.125651,0.917411,18,0,1000.000,1.651765,0.658195
23328,2,0.146072,0.935520,30,0,1000.000,1.539963,0.679020
23328,3,0.119757,0.907664,15,0,1000.000,1.720900,0.652479
23328,4,0.133789,0.922148,22,0,1000.000,1.697458,0.660636
23328,5,0.121013,0.919583,16,0,1000.000,1.850288,0.661726
23328,6,0.114916,0.936493,18,0,1000.000,1.635573,0.678628
23328,7,0.123470,0.911550,26,0,1000.000,1.597715,0.654369
23376,0,0.115333,0.905297,23,0,1000.000,1.698029,0.655686
23376,1,0.125651,0.899921,29,0,1000.000,1.908276,0.642532
23376,2,0.146072,0.876430,23,0,1000.000,1.715240,0.631364
23376,3,0.119757,0.886997,18,0,1000.000,1.596076,0.652077
23376,4,0.133789,0.895447,20,0,1000.000,1.983539,0.635069
23376,5,0.121013,0.901328,22,0,1000.000,1.809314,0.641566
23376,6,0.114916,0.905486,18,0,1000.000,1.930616,0.645831
23376,7,0.123470,0.887852,21,1,974.476,1.800641,0.642372
23424,0,0.115333,0.885862,22,0,1000.000,2.009130,0.637406
23424,1,0.125651,0.888728,17,0,1000.000,2.002210,0.633451
23424,2,0.146072,0.903774,29,0,1000.000,1.906950,0.637924
23424,3,0.119757,0.927006,24,0,1000.000,1.845401,0.662863
23424,4,0.133789,0.898083,14,0,1000.000,1.930382,0.650524
23424,5,0.121013,0.884276,26,0,1000.000,2.249753,0.633036
23424,6,0.114916,0.906991,25,0,1000.000,1.611911,0.666623
23424,7,0.123470,0.902347,19,0,1000.000,2.078337,0.638390
23472,0,0.115333,0.934227,27,0,1000.000,1.509751,0.673495
23472,1,0.125651,0.917658,33,0,1000.000,1.767596,0.656061
23472,2,0.146072,0.893796,33,0,1000.000,1.840220,0.659013
23472,3,0.119757,0.905402,26,0,1000.000,1.730840,0.660645
23472,4,0.133789,0.896847,25,0,1000.000,1.840050,0.645531
23472,5,0.121013,0.912265,25,0,1000.000,1.682968,0.654445
23472,6,0.114916,0.913819,27,0,1000.000,1.507862,0.656933
23472,7,0.123470,0.896298,26,0,1000.000,1.832307,0.641922
23520,0,0.115333,0.896389,25,0,1000.000,1.990700,0.653889
23520,1,0.125651,0.873834,27,0,1000.000,2.018795,0.633545
23520,2,0.146072,0.879173,37,0,1000.000,1.937990,0.646131
23520,3,0.119757,0.893239,25,0,1000.000,1.928342,0.651765
23520,4,0.133789,0.901582,35,0,1000.000,1.904631,0.648189
23520,5,0.121013,0.898004,21,0,1000.000,1.981647,0.642056
23520,6,0.114916,0.916070,20,0,1000.000,1.483948,0.657738
23520,7,0.123470,0.911294,20,0,1000.000,1.556683,0.652493
23568,0,0.115333,0.916161,26,0,1000.000,1.649697,0.667398
23568,1,0.125651,0.868531,29,0,1000.000,2.152308,0.625354
23568,2,0.146072,0.883541,22,0,1000.000,2.018024,0.641514
23568,3,0.119757,0.932169,19,0,1000.000,1.711967,0.666580
23568,4,0.133789,0.908590,33,0,1000.000,1.787946,0.646897
23568,5,0.121013,0.946067,18,0,1000.000,1.426040,0.676599
23568,6,0.114916,0.908884,21,0,1000.000,1.840969,0.657320
23568,7,0.123470,0.902895,28,0,1000.000,2.085775,0.645067
23616,0,0.115333,0.876664,15,0,1000.000,1.918934,0.648164
23616,1,0.125651,0.884380,22,0,1000.000,2.002164,0.643027
23616,2,0.146072,0.895847,34,0,1000.000,1.857247,0.650788
23616,3,0.119757,0.905250,23,0,1000.000,1.583713,0.660596
23616,4,0.133789,0.868184,24,0,1000.000,2.036294,0.646944
23616,5,0.121013,0.892693,25,0,1000.000,1.758138,0.639552
23616,6,0.114916,0.880615,26,0,1000.000,1.945493,0.641218
23616,7,0.123470,0.916092,35,0,1000.000,1.788798,0.657089
23664,0,0.115333,0.894941,29,0,1000.000,1.974043,0.637917
23664,1,0.125651,0.891958,36,0,1000.000,1.908467,0.639561
23664,2,0.146072,0.924624,30,0,1000.000,1.707858,0.654531
23664,3,0.119757,0.891181,40,0,1000.000,2.096537,0.635456
23664,4,0.133789,0.925215,32,0,1000.000,1.612962,0.654051
23664,5,0.121013,0.878797,26,0,1000.000,2.334395,0.626832
23664,6,0.114916,0.894181,35,0,1000.000,1.948184,0.648904
23664,7,0.123470,0.905579,27,0,1000.000,1.903434,0.659741
23712,0,0.115333,0.899963,36,1,973.944,1.646212,0.650324
23712,1,0.125651,0.898690,25,0,1000.000,2.039417,0.649247
23712,2,0.146072,0.846925,31,0,1000.000,2.262082,0.614681
23712,3,0.119757,0.849887,34,0,1000.000,2.090948,0.629987
23712,4,0.133789,0.916548,44,0,1000.000,1.804215,0.647509
23712,5,0.121013,0.919830,25,0,1000.000,2.000935,0.651089
23712,6,0.114916,0.905886,29,0,1000.000,2.046846,0.657974
23712,7,0.123470,0.910098,25,0,1000.000,1.778468,0.649485
23760,0,0.115333,0.905439,26,1,988.154,1.562578,0.648273
23760,1,0.125651,0.918445,30,0,1000.000,1.897254,0.655177
23760,2,0.146072,0.933044,28,0,1000.000,1.566584,0.663106
23760,3,0.119757,0.884423,27,0,1000.000,1.907433,0.638038
23760,4,0.133789,0.889551,29,0,1000.000,1.979488,0.637619
23760,5,0.121013,0.916800,25,0,1000.000,1.809647,0.654999
23760,6,0.114916,0.902398,31,0,1000.000,2.017320,0.638831
23760,7,0.123470,0.885377,27,0,1000.000,2.163795,0.641131
23808,0,0.115333,0.886913,15,1,945.000,1.964904,0.635609
23808,1,0.125651,0.903512,30,0,1000.000,1.910443,0.649277
23808,2,0.146072,0.923596,32,0,1000.000,1.795006,0.668064
23808,3,0.119757,0.902723,21,0,1000.000,1.674464,0.654415
23808,4,0.133789,0.929523,32,0,1000.000,1.652228,0.663935
23808,5,0.121013,0.916559,32,0,1000.000,1.922622,0.663693
23808,6,0.114916,0.914073,34,0,1000.000,1.784281,0.659043
23808,7,0.123470,0.899040,22,0,1000.000,1.925885,0.643730
23856,0,0.115333,0.870101,17,0,1000.000,2.053638,0.635764
23856,1,0.125651,0.899030,15,0,1000.000,1.690754,0.638062
23856,2,0.146072,0.925650,20,0,1000.000,1.782590,0.649747
23856,3,0.119757,0.890958,20,0,1000.000,1.903019,0.630510
23856,4,0.133789,0.898008,24,0,1000.000,1.826018,0.646801
23856,5,0.121013,0.865493,14,0,1000.000,2.066418,0.632744
23856,6,0.114916,0.933064,13,0,1000.000,1.572968,0.662997
23856,7,0.123470,0.823891,22,0,1000.000,2.335542,0.613171
23904,0,0.115333,0.902403,17,0,1000.000,1.674991,0.647969
23904,1,0.125651,0.900476,15,0,1000.000,1.594098,0.637585
23904,2,0.146072,0.919893,21,0,1000.000,1.650137,0.649603
23904,3,0.119757,0.859451,14,0,1000.000,2.151612,0.614906
23904,4,0.133789,0.927678,21,0,1000.000,1.895495,0.657024
23904,5,0.121013,0.879002,23,0,1000.000,1.894505,0.652080
23904,6,0.114916,0.850580,22,0,1000.000,2.079858,0.618202
23904,7,0.123470,0.906106,18,0,1000.000,1.827815,0.636821
23952,0,0.115333,0.890338,21,0,1000.000,1.959277,0.645801
23952,1,0.125651,0.915129,31,0,1000.000,1.772760,0.654560
23952,2,0.146072,0.909219,25,0,1000.000,1.692358,0.655921
23952,3,0.119757,0.915346,25,0,1000.000,1.633855,0.658965
23952,4,0.133789,0.910747,32,0,1000.000,1.720933,0.641528
23952,5,0.121013,0.906306,30,0,1000.000,1.917915,0.653299
23952,6,0.114916,0.904483,24,0,1000.000,1.560005,0.656144
23952,7,0.123470,0.918496,17,0,1000.000,1.855835,0.645430
24000,0,0.115333,0.909854,28,3,945.679,1.584889,0.641514
24000,1,0.125651,0.911475,28,0,1000.000,1.851246,0.648721
24000,2,0.146072,0.918086,23,0,1000.000,1.631030,0.652656
24000,3,0.119757,0.897194,20,0,1000.000,1.967112,0.632540
24000,4,0.133789,0.901222,21,0,1000.000,1.966537,0.639127
24000,5,0.121013,0.912969,18,0,1000.000,1.704882,0.653680
24000,6,0.114916,0.881185,28,0,1000.000,2.168622,0.624001
24000,7,0.123470,0.924688,24,0,1000.000,1.440299,0.640687
24096,0,0.121352,0.896353,41,0,1000.000,2.074668,0.639766
24096,1,0.107370,0.890896,59,0,1000.000,1.905082,0.635050
24096,2,0.118462,0.892897,61,1,984.426,1.779736,0.642894
24096,3,0.121487,0.910300,70,0,1000.000,1.716131,0.653584
24096,4,0.139500,0.904698,69,0,1000.000,1.898642,0.644351
24096,5,0.139484,0.901893,63,0,1000.000,1.967683,0.648736
24096,6,0.122934,0.908976,44,0,1000.000,1.925591,0.635551
24096,7,0.129411,0.898991,57,0,1000.000,1.971159,0.643885
24144,0,0.121352,0.906894,23,0,1000.000,1.938682,0.640297
24144,1,0.107370,0.872121,22,0,1000.000,2.158254,0.625271
24144,2,0.118462,0.923377,20,0,1000.000,1.721512,0.658771
24144,3,0.121487,0.917770,24,0,1000.000,1.788923,0.651551
24144,4,0.139500,0.865943,31,0,1000.000,2.140763,0.630748
24144,5,0.139484,0.909652,37,0,1000.000,1.823512,0.648300
24144,6,0.122934,0.888052,27,0,1000.000,1.801347,0.638638
24144,7,0.129411,0.910997,25,0,1000.000,1.727357,0.635425
24192,0,0.121352,0.915319,19,1,958.632,1.694244,0.643882
24192,1,0.107370,0.961928,9,0,1000.000,1.120453,0.678329
24192,2,0.118462,0.904904,22,0,1000.000,1.631087,0.638461
24192,3,0.121487,0.917832,27,0,1000.000,1.745249,0.651351
24192,4,0.139500,0.919768,26,0,1000.000,1.566698,0.660228
24192,5,0.139484,0.912960,24,0,1000.000,1.820518,0.644124
24192,6,0.122934,0.900714,20,0,1000.000,1.659318,0.643471
24192,7,0.129411,0.896367,19,0,1000.000,1.928820,0.626706
24240,0,0.121352,0.937468,27,0,1000.000,1.578333,0.662591
24240,1,0.107370,0.922162,16,0,1000.000,1.861469,0.651899
24240,2,0.118462,0.885665,19,0,1000.000,1.785242,0.646203
24240,3,0.121487,0.911274,24,0,1000.000,1.860833,0.643412
24240,4,0.139500,0.893659,16,0,1000.000,2.075990,0.628316
24240,5,0.139484,0.922228,27,0,1000.000,1.759714,0.657495
24240,6,0.122934,0.881450,12,0,1000.000,2.127220,0.635564
24240,7,0.129411,0.885180,16,0,1000.000,2.078947,0.622643
24288,0,0.121352,0.893974,13,1,939.923,1.788329,0.650344
24288,1,0.107370,0.898771,19,0,1000.000,1.919483,0.647087
24288,2,0.118462,0.882796,14,0,1000.000,1.712422,0.640545
24288,3,0.121487,0.901837,14,0,1000.000,1.990775,0.640051
24288,4,0.139500,0.927593,23,0,1000.000,1.594148,0.661906
24288,5,0.139484,0.909194,26,0,1000.000,1.677823,0.647816
24288,6,0.122934,0.915073,18,0,1000.000,2.053910,0.649366
24288,7,0.129411,0.901123,22,0,1000.000,1.699196,0.651161
24384,0,0.121352,0.907678,47,0,1000.000,1.605510,0.645509
24384,1,0.107370,0.909670,43,0,1000.000,1.716050,0.644302
24384,2,0.118462,0.879270,37,0,1000.000,1.961218,0.632752
24384,3,0.121487,0.884102,47,1,979.596,1.794973,0.642093
24384,4,0.139500,0.922092,47,0,1000.000,1.979537,0.646137
24384,5,0.139484,0.906388,46,0,1000.000,2.026065,0.647385
24384,6,0.122934,0.925407,37,0,1000.000,1.690985,0.666203
24384,7,0.129411,0.909616,38,0,1000.000,1.884719,0.647763
24432,0,0.121352,0.872131,27,0,1000.000,2.057074,0.628092
24432,1,0.107370,0.941312,20,0,1000.000,1.400622,0.669835
24432,2,0.118462,0.912458,23,0,1000.000,1.710018,0.652157
24432,3,0.121487,0.910374,18,0,1000.000,1.816584,0.658282
24432,4,0.139500,0.928283,15,0,1000.000,1.592283,0.670951
24432,5,0.139484,0.934414,27,0,1000.000,1.785680,0.663381
24432,6,0.122934,0.904364,19,0,1000.000,1.930975,0.643254
24432,7,0.129411,0.927736,31,0,1000.000,1.742876,0.657577
24480,0,0.121352,0.894822,15,1,938.067,2.089161,0.625567
24480,1,0.107370,0.898490,18,0,1000.000,1.555027,0.652613
24480,2,0.118462,0.878475,27,0,1000.000,2.110393,0.637262
24480,3,0.121487,0.915741,24,0,1000.000,1.463115,0.657607
24480,4,0.139500,0.903665,35,0,1000.000,1.757502,0.653627
24480,5,0.139484,0.906749,49,0,1000.000,1.940955,0.650620
24480,6,0.122934,0.914560,32,0,1000.000,1.638154,0.656489
24480,7,0.129411,0.914334,27,0,1000.000,1.713945,0.652193
24528,0,0.121352,0.890333,33,0,1000.000,1.861851,0.643732
24528,1,0.107370,0.912278,21,1,967.619,1.716358,0.645256
24528,2,0.118462,0.934694,26,0,1000.000,1.609636,0.670417
24528,3,0.121487,0.894971,23,0,1000.000,1.664201,0.649342
24528,4,0.139500,0.917550,33,0,1000.000,2.002978,0.643857
24528,5,0.139484,0.916136,30,0,1000.000,1.680531,0.652869
24528,6,0.122934,0.908219,20,0,1000.000,1.744773,0.642588
24528,7,0.129411,0.870568,20,1,957.100,1.831056,0.646479
24576,0,0.121352,0.908762,28,0,1000.000,1.759313,0.640184
24576,1,0.107370,0.929957,22,0,1000.000,1.358254,0.659899
24576,2,0.118462,0.911237,29,0,1000.000,1.579356,0.654988
24576,3,0.121487,0.920600,28,0,1000.000,1.845681,0.641526
24576,4,0.139500,0.919372,19,0,1000.000,1.633721,0.659336
24576,5,0.139484,0.890780,24,0,1000.000,2.166754,0.623208
24576,6,0.122934,0.863076,19,0,1000.000,2.228705,0.639810
24576,7,0.129411,0.890939,22,0,1000.000,2.099279,0.625458
24624,0,0.121352,0.901723,25,0,1000.000,2.131649,0.634584
24624,1,0.107370,0.892815,26,0,1000.000,2.102583,0.643819
24624,2,0.118462,0.930097,33,0,1000.000,1.364840,0.672631
24624,3,0.121487,0.933447,24,0,1000.000,1.685936,0.663851
24624,4,0.139500,0.893157,38,0,1000.000,1.965915,0.644519
24624,5,0.139484,0.885462,23,0,1000.000,2.027823,0.634649
24624,6,0.122934,0.884804,30,0,1000.000,2.241433,0.621093
24624,7,0.129411,0.929361,23,0,1000.000,1.940348,0.659118
24672,0,0.121352,0.928003,25,0,1000.000,1.515370,0.663239
24672,1,0.107370,0.906502,16,0,1000.000,1.769338,0.655918
24672,2,0.118462,0.915338,26,0,1000.000,1.880354,0.646510
24672,3,0.121487,0.939145,31,0,1000.000,1.493147,0.667791
24672,4,0.139500,0.921849,48,0,1000.000,1.839072,0.648901
24672,5,0.139484,0.892208,34,0,1000.000,2.165060,0.643127
24672,6,0.122934,0.887085,30,0,1000.000,2.032010,0.635350
24672,7,0.129411,0.895751,34,0,1000.000,1.744779,0.655322
24720,0,0.121352,0.906855,39,0,1000.000,1.937798,0.638912
24720,1,0.107370,0.917153,43,0,1000.000,1.846651,0.648498
24720,2,0.118462,0.918293,31,0,1000.000,1.832777,0.654002
24720,3,0.121487,0.896597,23,0,1000.000,1.847206,0.657856
24720,4,0.139500,0.882330,22,0,1000.000,1.896289,0.637379
24720,5,0.139484,0.889766,40,0,1000.000,2.067308,0.638874
24720,6,0.122934,0.881128,31,0,1000.000,2.140428,0.632802
24720,7,0.129411,0.909638,27,0,1000.000,1.720740,0.658548
24768,0,0.121352,0.877745,22,1,958.455,1.812447,0.638933
24768,1,0.107370,0.897132,28,0,1000.000,1.801496,0.653326
24768,2,0.118462,0.942411,21,0,1000.000,1.712845,0.676422
24768,3,0.121487,0.928265,36,0,1000.000,1.728107,0.644386
24768,4,0.139500,0.874884,22,0,1000.000,1.929286,0.632616
24768,5,0.139484,0.892182,39,0,1000.000,1.973766,0.634682
24768,6,0.122934,0.908922,29,0,1000.000,1.738426,0.646587
24768,7,0.129411,0.899072,32,0,1000.000,2.080439,0.638783
24816,0,0.121352,0.913690,27,0,1000.000,1.911936,0.652927
24816,1,0.107370,0.922730,26,0,1000.000,1.661385,0.653117
24816,2,0.118462,0.844540,20,0,1000.000,2.142619,0.616224
24816,3,0.121487,0.914219,20,0,1000.000,1.646346,0.649805
24816,4,0.139500,0.910671,35,0,1000.000,1.826706,0.651179
24816,5,0.139484,0.894057,23,0,1000.000,2.002325,0.648415
24816,6,0.122934,0.909362,23,0,1000.000,1.886324,0.660483
24816,7,0.129411,0.925670,26,0,1000.000,1.577985,0.655887
24864,0,0.121352,0.944570,12,0,1000.000,1.579556,0.671709
24864,1,0.107370,0.907869,15,0,1000.000,2.022261,0.642094
24864,2,0.118462,0.932084,19,0,1000.000,1.506882,0.659637
24864,3,0.121487,0.871271,12,0,1000.000,2.310978,0.622711
24864,4,0.139500,0.902624,14,0,1000.000,1.713871,0.656094
24864,5,0.139484,0.897936,22,0,1000.000,2.182144,0.619463
24864,6,0.122934,0.893822,13,0,1000.000,1.507963,0.637469
24864,7,0.129411,0.876715,24,0,1000.000,1.993125,0.634778
24912,0,0.121352,0.889544,25,0,1000.000,1.791303,0.634666
24912,1,0.107370,0.903824,13,0,1000.000,1.819527,0.632250
24912,2,0.118462,0.914456,16,0,1000.000,1.528008,0.655900
24912,3,0.121487,0.914596,29,0,1000.000,1.571036,0.661233
24912,4,0.139500,0.916548,22,0,1000.000,1.848583,0.667040
24912,5,0.139484,0.883796,24,0,1000.000,1.922372,0.651895
24912,6,0.122934,0.909634,14,0,1000.000,1.677016,0.640260
24912,7,0.129411,0.850131,25,1,974.720,1.920262,0.614171
24960,0,0.121352,0.922160,21,0,1000.000,1.678066,0.668881
24960,1,0.107370,0.912715,13,0,1000.000,1.950075,0.648520
24960,2,0.118462,0.922186,25,0,1000.000,1.671157,0.654001
24960,3,0.121487,0.920757,30,0,1000.000,1.729416,0.659108
24960,4,0.139500,0.894910,30,0,1000.000,1.774491,0.640113
24960,5,0.139484,0.904241,29,0,1000.000,1.836926,0.645505
24960,6,0.122934,0.915190,32,0,1000.000,1.650050,0.655138
24960,7,0.129411,0.900310,34,0,1000.000,2.248204,0.634031
25008,0,0.121352,0.921225,21,0,1000.000,1.707289,0.663934
25008,1,0.107370,0.906799,23,0,1000.000,1.940457,0.645321
25008,2,0.118462,0.900429,23,0,1000.000,1.669287,0.641776
25008,3,0.121487,0.887932,21,0,1000.000,1.941618,0.641142
25008,4,0.139500,0.898144,24,0,1000.000,1.987190,0.639163
25008,5,0.139484,0.884714,31,0,1000.000,2.141787,0.631120
25008,6,0.122934,0.926580,22,0,1000.000,1.693329,0.661175
25008,7,0.129411,0.869671,29,1,977.241,1.483359,0.641280
25056,0,0.121352,0.902625,21,0,1000.000,1.434657,0.643278
25056,1,0.107370,0.912077,27,0,1000.000,1.776997,0.648488
25056,2,0.118462,0.903710,27,0,1000.000,1.937339,0.649641
25056,3,0.121487,0.933436,23,0,1000.000,1.567240,0.662568
25056,4,0.139500,0.933708,25,0,1000.000,1.633490,0.661110
25056,5,0.139484,0.914284,33,0,1000.000,1.857903,0.651683
25056,6,0.122934,0.905407,30,0,1000.000,1.742196,0.659580
25056,7,0.129411,0.913499,35,0,1000.000,1.597537,0.655257
25104,0,0.121352,0.884989,32,1,983.812,1.610050,0.640434
25104,1,0.107370,0.899790,32,0,1000.000,1.789872,0.644408
25104,2,0.118462,0.882145,23,0,1000.000,1.803705,0.651347
25104,3,0.121487,0.896889,33,0,1000.000,1.725950,0.636495
25104,4,0.139500,0.907059,30,0,1000.000,1.684139,0.642893
25104,5,0.139484,0.889463,22,0,1000.000,2.032881,0.635557
25104,6,0.122934,0.915788,34,0,1000.000,1.674044,0.659825
25104,7,0.129411,0.885034,33,0,1000.000,1.874059,0.646808
25152,0,0.121352,0.937764,27,2,954.444,1.498011,0.647304
25152,1,0.107370,0.920851,20,0,1000.000,1.585296,0.641132
25152,2,0.118462,0.883721,28,0,1000.000,2.061325,0.639432
25152,3,0.121487,0.892720,24,0,1000.000,2.022046,0.639194
25152,4,0.139500,0.893574,29,0,1000.000,1.820313,0.635119
25152,5,0.139484,0.897932,27,0,1000.000,1.595509,0.627770
25152,6,0.122934,0.833907,13,0,1000.000,2.444172,0.600808
25152,7,0.129411,0.893767,30,0,1000.000,1.983991,0.638734
25200,0,0.121352,0.879976,21,0,1000.000,1.919036,0.636701
25200,1,0.107370,0.874313,23,0,1000.000,1.986827,0.626720
25200,2,0.118462,0.890242,17,0,1000.000,1.905242,0.630809
25200,3,0.121487,0.895071,16,0,1000.000,2.055055,0.629734
25200,4,0.139500,0.897422,21,0,1000.000,2.147194,0.621095
25200,5,0.139484,0.878880,18,0,1000.000,1.948430,0.633929
25200,6,0.122934,0.909957,27,0,1000.000,2.012938,0.649175
25200,7,0.129411,0.911477,23,0,1000.000,1.655493,0.657598
25248,0,0.121352,0.891335,22,0,1000.000,1.791508,0.651294
25248,1,0.107370,0.883174,10,0,1000.000,2.258726,0.626301
25248,2,0.118462,0.909418,16,0,1000.000,1.757835,0.648187
25248,3,0.121487,0.888366,19,0,1000.000,1.859777,0.645294
25248,4,0.139500,0.880513,20,0,1000.000,2.369172,0.622776
25248,5,0.139484,0.885622,20,0,1000.000,1.966474,0.647751
25248,6,0.122934,0.885010,20,0,1000.000,1.760740,0.636068
25248,7,0.129411,0.922474,19,0,1000.000,1.779047,0.647651
25296,0,0.121352,0.896916,13,1,939.154,1.377955,0.648758
25296,1,0.107370,0.846980,21,0,1000.000,2.085246,0.626058
25296,2,0.118462,0.873123,20,0,1000.000,2.105914,0.639914
25296,3,0.121487,0.902745,25,0,1000.000,1.898534,0.643853
25296,4,0.139500,0.896143,26,0,1000.000,1.945846,0.641378
25296,5,0.139484,0.886503,21,0,1000.000,1.769319,0.641150
25296,6,0.122934,0.875209,27,0,1000.000,2.123970,0.630714
25296,7,0.129411,0.925023,16,0,1000.000,1.804378,0.655707
25392,0,0.121352,0.896687,37,2,966.081,1.893634,0.643303
25392,1,0.107370,0.899073,36,0,1000.000,1.827321,0.648477
25392,2,0.118462,0.863341,30,0,1000.000,1.981192,0.626958
25392,3,0.121487,0.901349,50,0,1000.000,1.756013,0.646420
25392,4,0.139500,0.903015,57,0,1000.000,1.816483,0.646044
25392,5,0.139484,0.886402,47,0,1000.000,1.971085,0.638205
25392,6,0.122934,0.891217,33,0,1000.000,1.913532,0.635719
25392,7,0.129411,0.888571,40,0,1000.000,2.111212,0.635235
25440,0,0.121352,0.904985,24,0,1000.000,1.813770,0.649254
25440,1,0.107370,0.884077,22,0,1000.000,2.205124,0.633838
25440,2,0.118462,0.892170,25,0,1000.000,1.792906,0.634851
25440,3,0.121487,0.915688,15,0,1000.000,2.076702,0.653960
25440,4,0.139500,0.922209,23,0,1000.000,1.624185,0.649840
25440,5,0.139484,0.901733,27,0,1000.000,2.081203,0.646506
25440,6,0.122934,0.907303,22,0,1000.000,1.855102,0.648236
25440,7,0.129411,0.900019,28,0,1000.000,1.929285,0.645777
25488,0,0.121352,0.906483,25,0,1000.000,1.991608,0.645201
25488,1,0.107370,0.897729,17,0,1000.000,2.036127,0.646783
25488,2,0.118462,0.900063,44,0,1000.000,2.031098,0.643945
25488,3,0.121487,0.905196,29,0,1000.000,1.782706,0.658173
25488,4,0.139500,0.900851,37,0,1000.000,1.911013,0.646203
25488,5,0.139484,0.901850,23,0,1000.000,1.743536,0.650872
25488,6,0.122934,0.921771,26,0,1000.000,1.751210,0.659179
25488,7,0.129411,0.886875,30,0,1000.000,1.641339,0.648560
25536,0,0.121352,0.907720,24,0,1000.000,1.894896,0.653043
25536,1,0.107370,0.929379,24,0,1000.000,1.683951,0.651639
25536,2,0.118462,0.892158,26,0,1000.000,1.903045,0.641811
25536,3,0.121487,0.867388,24,0,1000.000,2.149085,0.635969
25536,4,0.139500,0.861622,27,0,1000.000,2.201199,0.628294
25536,5,0.139484,0.910096,36,0,1000.000,1.382789,0.653811
25536,6,0.122934,0.914475,23,0,1000.000,1.830444,0.665805
25536,7,0.129411,0.933390,19,0,1000.000,1.570375,0.667981
25584,0,0.121352,0.905287,20,0,1000.000,2.027186,0.652282
25584,1,0.107370,0.892931,18,0,1000.000,1.911566,0.634697
25584,2,0.118462,0.939245,21,0,1000.000,1.602973,0.664861
25584,3,0.121487,0.892775,20,0,1000.000,1.865294,0.653996
25584,4,0.139500,0.859518,29,0,1000.000,2.143578,0.630554
25584,5,0.139484,0.881356,26,0,1000.000,2.187253,0.637491
25584,6,0.122934,0.879399,25,0,1000.000,2.202258,0.622736
25584,7,0.129411,0.879970,34,0,1000.000,1.975786,0.641432
25632,0,0.121352,0.905369,32,0,1000.000,2.059577,0.643185
25632,1,0.107370,0.887558,25,0,1000.000,2.064073,0.640792
25632,2,0.118462,0.897403,22,0,1000.000,1.913905,0.642587
25632,3,0.121487,0.887051,31,0,1000.000,1.883930,0.640714
25632,4,0.139500,0.919477,35,0,1000.000,1.649762,0.652711
25632,5,0.139484,0.905845,28,0,1000.000,1.970790,0.646299
25632,6,0.122934,0.904751,25,0,1000.000,1.915047,0.643946
25632,7,0.129411,0.904525,32,0,1000.000,2.032820,0.649770
25680,0,0.121352,0.924248,28,1,971.964,1.534531,0.654933
25680,1,0.107370,0.894153,23,0,1000.000,1.813062,0.631268
25680,2,0.118462,0.902534,33,0,1000.000,1.736766,0.644362
25680,3,0.121487,0.926928,21,0,1000.000,1.750654,0.657358
25680,4,0.139500,0.928050,29,0,1000.000,1.663988,0.639093
25680,5,0.139484,0.916616,43,0,1000.000,1.829931,0.650806
25680,6,0.122934,0.914779,30,0,1000.000,2.108580,0.643178
25680,7,0.129411,0.901928,40,0,1000.000,1.785914,0.646283
25728,0,0.121352,0.897317,18,0,1000.000,2.050973,0.632321
25728,1,0.107370,0.891578,28,0,1000.000,1.671551,0.640593
25728,2,0.118462,0.861873,22,0,1000.000,2.454196,0.619386
25728,3,0.121487,0.925142,26,0,1000.000,1.720107,0.653820
25728,4,0.139500,0.905316,41,0,1000.000,1.842228,0.642003
25728,5,0.139484,0.864388,30,0,1000.000,2.163952,0.626850
25728,6,0.122934,0.900638,39,0,1000.000,1.813608,0.646903
25728,7,0.129411,0.902884,30,0,1000.000,1.858386,0.655346
25776,0,0.121352,0.878357,29,0,1000.000,2.055239,0.620671
25776,1,0.107370,0.924866,21,0,1000.000,1.685275,0.651824
25776,2,0.118462,0.920125,24,0,1000.000,1.799165,0.655564
25776,3,0.121487,0.899654,31,0,1000.000,1.869297,0.645615
25776,4,0.139500,0.907565,28,0,1000.000,1.856338,0.646105
25776,5,0.139484,0.894480,27,0,1000.000,1.896736,0.644367
25776,6,0.122934,0.898719,35,0,1000.000,1.856474,0.642924
25776,7,0.129411,0.913949,36,0,1000.000,2.083964,0.640391
25872,0,0.121352,0.882336,40,1,992.475,2.068370,0.623862
25872,1,0.107370,0.888405,42,0,1000.000,1.751079,0.630435
25872,2,0.118462,0.879076,38,0,1000.000,1.738350,0.631732
25872,3,0.121487,0.914588,37,0,1000.000,1.920924,0.640590
25872,4,0.139500,0.913275,52,0,1000.000,1.684753,0.647973
25872,5,0.139484,0.916452,40,0,1000.000,1.847000,0.644140
25872,6,0.122934,0.918712,35,0,1000.000,1.923079,0.643636
25872,7,0.129411,0.874798,42,1,980.167,1.912334,0.635206
25920,0,0.121352,0.886672,28,0,1000.000,1.936794,0.640559
25920,1,0.107370,0.885932,20,0,1000.000,2.080144,0.632373
25920,2,0.118462,0.919333,15,0,1000.000,1.670075,0.663410
25920,3,0.121487,0.861717,23,0,1000.000,1.977272,0.618795
25920,4,0.139500,0.927243,31,0,1000.000,1.410013,0.653343
25920,5,0.139484,0.918542,20,0,1000.000,1.798258,0.658289
25920,6,0.122934,0.913906,15,0,1000.000,1.546099,0.653664
25920,7,0.129411,0.904808,26,0,1000.000,1.602388,0.640526
25968,0,0.121352,0.896020,26,1,999.923,2.069540,0.631753
25968,1,0.107370,0.900237,21,0,1000.000,2.129456,0.632360
25968,2,0.118462,0.825132,16,0,1000.000,2.379943,0.605165
25968,3,0.121487,0.915165,29,0,1000.000,1.726929,0.644397
25968,4,0.139500,0.886745,24,0,1000.000,1.938297,0.623648
25968,5,0.139484,0.873216,28,0,1000.000,2.293195,0.619751
25968,6,0.122934,0.888067,25,0,1000.000,2.218030,0.631636
25968,7,0.129411,0.880506,39,0,1000.000,1.980074,0.631614
26016,0,0.121352,0.904168,26,0,1000.000,1.658085,0.634558
26016,1,0.107370,0.895109,24,0,1000.000,1.734539,0.636466
26016,2,0.118462,0.900065,29,0,1000.000,1.747250,0.637959
26016,3,0.121487,0.920738,24,0,1000.000,1.479648,0.652280
26016,4,0.139500,0.940091,18,0,1000.000,1.541971,0.651316
26016,5,0.139484,0.881247,30,0,1000.000,2.063625,0.637873
26016,6,0.122934,0.907799,29,0,1000.000,1.858726,0.649618
26016,7,0.129411,0.928358,25,0,1000.000,1.472677,0.661306
26064,0,0.121352,0.897359,20,0,1000.000,1.807212,0.647051
26064,1,0.107370,0.878115,20,0,1000.000,1.890394,0.633065
26064,2,0.118462,0.910810,19,0,1000.000,1.768914,0.639927
26064,3,0.121487,0.900459,31,0,1000.000,1.756912,0.646778
26064,4,0.139500,0.896492,28,0,1000.000,1.675494,0.640538
26064,5,0.139484,0.902275,34,0,1000.000,1.921392,0.644553
26064,6,0.122934,0.879524,27,0,1000.000,1.972170,0.636690
26064,7,0.129411,0.901286,30,0,1000.000,1.824818,0.638608
26112,0,0.121352,0.883604,38,0,1000.000,2.041839,0.625183
26112,1,0.107370,0.914245,23,0,1000.000,1.574951,0.642528
26112,2,0.118462,0.910723,29,0,1000.000,1.629816,0.644064
26112,3,0.121487,0.884950,24,0,1000.000,2.084524,0.632152
26112,4,0.139500,0.868663,32,0,1000.000,2.169325,0.626865
26112,5,0.139484,0.894998,38,0,1000.000,2.025985,0.633883
26112,6,0.122934,0.850152,25,0,1000.000,2.242519,0.618851
26112,7,0.129411,0.871940,34,1,973.029,1.701777,0.631242
26160,0,0.121352,0.887351,34,1,972.559,1.858872,0.630605
26160,1,0.107370,0.881980,31,0,1000.000,1.903487,0.632138
26160,2,0.118462,0.926578,18,0,1000.000,1.326800,0.664106
26160,3,0.121487,0.921671,29,0,1000.000,1.782509,0.635079
26160,4,0.139500,0.922200,18,0,1000.000,1.872705,0.637971
26160,5,0.139484,0.882666,21,0,1000.000,2.028746,0.627773
26160,6,0.122934,0.883333,22,0,1000.000,2.066710,0.628754
26160,7,0.129411,0.860574,23,0,1000.000,2.280868,0.627351
26208,0,0.121352,0.906011,16,0,1000.000,1.866850,0.633399
26208,1,0.107370,0.888694,20,0,1000.000,1.946792,0.640323
26208,2,0.118462,0.919588,19,0,1000.000,1.817201,0.642428
26208,3,0.121487,0.904946,23,0,1000.000,1.668249,0.632168
26208,4,0.139500,0.885209,20,0,1000.000,1.928194,0.627876
26208,5,0.139484,0.891361,20,0,1000.000,2.009353,0.636234
26208,6,0.122934,0.923828,17,0,1000.000,1.721446,0.651980
26208,7,0.129411,0.909357,19,0,1000.000,1.735363,0.631375
26256,0,0.121352,0.908160,21,0,1000.000,1.766299,0.656945
26256,1,0.107370,0.892489,13,0,1000.000,1.948440,0.630078
26256,2,0.118462,0.843057,19,0,1000.000,2.204846,0.618610
26256,3,0.121487,0.905610,19,0,1000.000,2.151828,0.628047
26256,4,0.139500,0.908985,16,0,1000.000,1.686269,0.656441
26256,5,0.139484,0.887865,21,0,1000.000,2.230319,0.638320
26256,6,0.122934,0.923028,23,0,1000.000,1.824616,0.649627
26256,7,0.129411,0.908856,20,0,1000.000,1.604275,0.641795
26352,0,0.121352,0.911501,33,0,1000.000,1.779212,0.644567
26352,1,0.107370,0.918892,31,0,1000.000,1.821815,0.643697
26352,2,0.118462,0.915909,39,0,1000.000,1.838402,0.647810
26352,3,0.121487,0.910560,30,0,1000.000,1.814477,0.655771
26352,4,0.139500,0.887375,47,0,1000.000,1.776652,0.621607
26352,5,0.139484,0.912961,63,0,1000.000,2.000805,0.643406
26352,6,0.122934,0.886218,31,0,1000.000,1.932661,0.638429
26352,7,0.129411,0.900481,54,0,1000.000,2.060238,0.641465
26400,0,0.121352,0.896934,20,0,1000.000,2.096977,0.632787
26400,1,0.107370,0.921763,19,0,1000.000,1.616904,0.648873
26400,2,0.118462,0.857812,20,0,1000.000,2.135886,0.626882
26400,3,0.121487,0.931277,24,0,1000.000,1.392403,0.655772
26400,4,0.139500,0.892215,30,0,1000.000,2.098353,0.635676
26400,5,0.139484,0.909510,17,0,1000.000,1.713552,0.641501
26400,6,0.122934,0.931053,27,0,1000.000,1.719111,0.656159
26400,7,0.129411,0.920591,17,0,1000.000,2.008261,0.635950
26448,0,0.121352,0.910311,28,0,1000.000,1.889793,0.653432
26448,1,0.107370,0.884102,14,0,1000.000,2.404118,0.630132
26448,2,0.118462,0.907205,31,0,1000.000,1.764800,0.646277
26448,3,0.121487,0.878570,29,0,1000.000,2.049603,0.621712
26448,4,0.139500,0.875987,30,0,1000.000,2.337993,0.620118
26448,5,0.139484,0.938834,23,0,1000.000,1.650052,0.646856
26448,6,0.122934,0.893802,17,0,1000.000,1.855506,0.650084
26448,7,0.129411,0.926945,17,0,1000.000,1.554385,0.652584
26496,0,0.127903,0.885504,32,0,1000.000,1.939352,0.646182
26496,1,0.138074,0.873276,23,0,1000.000,2.045742,0.624804
26496,2,0.118257,0.911853,23,0,1000.000,1.905323,0.647207
26496,3,0.135387,0.869970,31,0,1000.000,2.197703,0.630304
26496,4,0.113084,0.905621,32,0,1000.000,2.179221,0.640880
26496,5,0.111990,0.897707,42,0,1000.000,1.748650,0.644140
26496,6,0.124512,0.891679,24,0,1000.000,1.753639,0.648349
26496,7,0.130793,0.875133,34,0,1000.000,1.972368,0.640274
26544,0,0.127903,0.879821,31,0,1000.000,1.882518,0.634868
26544,1,0.138074,0.892310,31,0,1000.000,1.761535,0.645006
26544,2,0.118257,0.888968,20,0,1000.000,2.249957,0.617087
26544,3,0.135387,0.913973,23,0,1000.000,1.791339,0.643442
26544,4,0.113084,0.913954,10,0,1000.000,1.598533,0.672405
26544,5,0.111990,0.921681,19,0,1000.000,1.940768,0.649682
26544,6,0.124512,0.924977,29,0,1000.000,1.929015,0.655589
26544,7,0.130793,0.880973,21,0,1000.000,2.019506,0.648991
26592,0,0.127903,0.925958,17,1,975.353,1.697909,0.642736
26592,1,0.138074,0.884760,29,0,1000.000,2.014457,0.631162
26592,2,0.118257,0.928155,30,0,1000.000,1.547155,0.658762
26592,3,0.135387,0.908508,29,0,1000.000,1.797816,0.639814
26592,4,0.113084,0.938762,25,0,1000.000,1.478242,0.663567
26592,5,0.111990,0.882278,26,0,1000.000,1.839120,0.632421
26592,6,0.124512,0.911176,24,0,1000.000,1.929918,0.664969
26592,7,0.130793,0.885800,21,0,1000.000,2.170300,0.624571
26640,0,0.127903,0.900881,34,0,1000.000,2.017991,0.634355
26640,1,0.138074,0.913984,39,0,1000.000,1.634693,0.648210
26640,2,0.118257,0.904155,27,0,1000.000,1.930187,0.641489
26640,3,0.135387,0.903968,33,0,1000.000,2.044285,0.645113
26640,4,0.113084,0.915007,30,0,1000.000,1.843402,0.642839
26640,5,0.111990,0.910391,27,0,1000.000,2.064762,0.646783
26640,6,0.124512,0.874446,22,0,1000.000,2.206836,0.638936
26640,7,0.130793,0.922446,28,0,1000.000,1.613376,0.662254
26688,0,0.127903,0.912660,36,1,986.722,1.792120,0.641897
26688,1,0.138074,0.887180,24,0,1000.000,2.111532,0.628769
26688,2,0.118257,0.898156,25,0,1000.000,1.965801,0.639609
26688,3,0.135387,0.917940,41,0,1000.000,1.890128,0.647420
26688,4,0.113084,0.901587,39,0,1000.000,1.902720,0.652726
26688,5,0.111990,0.902307,22,0,1000.000,1.783442,0.647707
26688,6,0.124512,0.932502,32,0,1000.000,1.938148,0.651586
26688,7,0.130793,0.876306,33,0,1000.000,2.257626,0.630746
26736,0,0.127903,0.912874,32,0,1000.000,1.841836,0.638460
26736,1,0.138074,0.882075,38,0,1000.000,2.074040,0.629394
26736,2,0.118257,0.899549,23,0,1000.000,1.927522,0.633941
26736,3,0.135387,0.928333,20,0,1000.000,1.859805,0.647893
26736,4,0.113084,0.901212,32,0,1000.000,1.834958,0.637646
26736,5,0.111990,0.937324,23,0,1000.000,1.441598,0.650191
26736,6,0.124512,0.895152,25,0,1000.000,1.802871,0.621385
26736,7,0.130793,0.907502,37,0,1000.000,1.954776,0.645159
26784,0,0.127903,0.880531,32,0,1000.000,2.039619,0.643042
26784,1,0.138074,0.918135,28,0,1000.000,1.826277,0.647923
26784,2,0.118257,0.923662,32,0,1000.000,1.753900,0.641861
26784,3,0.135387,0.910754,36,0,1000.000,1.805462,0.647007
26784,4,0.113084,0.877014,18,0,1000.000,2.044428,0.624826
26784,5,0.111990,0.905201,23,0,1000.000,1.888488,0.645910
26784,6,0.124512,0.871285,29,0,1000.000,2.091131,0.624056
26784,7,0.130793,0.881109,26,0,1000.000,1.919604,0.636559
26832,0,0.127903,0.922270,21,0,1000.000,1.724804,0.642814
26832,1,0.138074,0.889319,16,0,1000.000,2.051227,0.629743
26832,2,0.118257,0.927635,20,0,1000.000,1.884327,0.653007
26832,3,0.135387,0.873978,29,1,968.552,1.983445,0.636623
26832,4,0.113084,0.889182,23,0,1000.000,2.139760,0.625288
26832,5,0.111990,0.912582,23,0,1000.000,1.852810,0.643901
26832,6,0.124512,0.864079,23,0,1000.000,2.189063,0.635030
26832,7,0.130793,0.905364,24,0,1000.000,2.003105,0.643687
26880,0,0.127903,0.889561,17,0,1000.000,2.004508,0.638786
26880,1,0.138074,0.916745,15,0,1000.000,1.809198,0.651707
26880,2,0.118257,0.899886,15,0,1000.000,1.699168,0.642952
26880,3,0.135387,0.905943,18,0,1000.000,2.035275,0.629881
26880,4,0.113084,0.891440,18,0,1000.000,1.992775,0.631937
26880,5,0.111990,0.913358,13,0,1000.000,1.816790,0.646347
26880,6,0.124512,0.910173,20,0,1000.000,1.990562,0.632428
26880,7,0.130793,0.899706,23,0,1000.000,1.535272,0.637525
26928,0,0.127903,0.914266,16,0,1000.000,1.789562,0.669629
26928,1,0.138074,0.932243,25,0,1000.000,1.700307,0.662624
26928,2,0.118257,0.887828,17,0,1000.000,1.823343,0.632942
26928,3,0.135387,0.926482,29,0,1000.000,2.017190,0.648319
26928,4,0.113084,0.878055,26,0,1000.000,2.050166,0.626820
26928,5,0.111990,0.866464,24,0,1000.000,2.231004,0.621507
26928,6,0.124512,0.938727,24,0,1000.000,1.470658,0.649499
26928,7,0.130793,0.917191,28,0,1000.000,1.631701,0.647443
26976,0,0.127903,0.874839,23,0,1000.000,1.988933,0.615540
26976,1,0.138074,0.903862,25,0,1000.000,1.653612,0.657091
26976,2,0.118257,0.903434,22,0,1000.000,1.839619,0.651008
26976,3,0.135387,0.890565,32,0,1000.000,2.033539,0.635213
26976,4,0.113084,0.928024,25,0,1000.000,1.809148,0.652139
26976,5,0.111990,0.934955,20,0,1000.000,1.607203,0.659936
26976,6,0.124512,0.901442,25,0,1000.000,1.868127,0.634651
26976,7,0.130793,0.921252,30,0,1000.000,1.601745,0.654118
27024,0,0.127903,0.905798,30,0,1000.000,1.853491,0.628294
27024,1,0.138074,0.892888,33,0,1000.000,2.002911,0.632412
27024,2,0.118257,0.863550,25,0,1000.000,2.247702,0.623511
27024,3,0.135387,0.900912,28,0,1000.000,1.979273,0.635087
27024,4,0.113084,0.901677,23,0,1000.000,2.316099,0.630125
27024,5,0.111990,0.909351,22,0,1000.000,2.192549,0.636952
27024,6,0.124512,0.886883,24,0,1000.000,2.201947,0.623263
27024,7,0.130793,0.909299,29,0,1000.000,1.695882,0.648530
27072,0,0.127903,0.912803,24,0,1000.000,1.877506,0.644769
27072,1,0.138074,0.895119,34,0,1000.000,2.045282,0.628634
27072,2,0.118257,0.863182,16,1,940.062,1.800872,0.620794
27072,3,0.135387,0.881239,33,0,1000.000,1.954996,0.638410
27072,4,0.113084,0.873488,26,0,1000.000,2.222816,0.626831
27072,5,0.111990,0.918050,32,0,1000.000,1.657789,0.636803
27072,6,0.124512,0.878820,25,0,1000.000,2.254426,0.624618
27072,7,0.130793,0.904681,27,0,1000.000,1.482074,0.637540
27120,0,0.127903,0.896592,29,0,1000.000,1.909195,0.636464
27120,1,0.138074,0.887417,32,0,1000.000,1.971282,0.637385
27120,2,0.118257,0.924254,22,0,1000.000,1.867920,0.640067
27120,3,0.135387,0.910126,42,0,1000.000,1.765283,0.632467
27120,4,0.113084,0.863887,26,0,1000.000,2.272672,0.618648
27120,5,0.111990,0.895798,31,0,1000.000,2.004863,0.631601
27120,6,0.124512,0.915550,18,0,1000.000,1.529231,0.647753
27120,7,0.130793,0.892496,38,0,1000.000,1.950231,0.631517
27168,0,0.127903,0.877953,24,1,963.833,1.957199,0.636587
27168,1,0.138074,0.908054,17,0,1000.000,1.801682,0.638714
27168,2,0.118257,0.906906,33,0,1000.000,1.790975,0.644533
27168,3,0.135387,0.893043,20,0,1000.000,2.089567,0.633545
27168,4,0.113084,0.889585,24,0,1000.000,1.904980,0.622946
27168,5,0.111990,0.916726,18,0,1000.000,1.829629,0.638564
27168,6,0.124512,0.870138,16,0,1000.000,2.347890,0.610038
27168,7,0.130793,0.908602,26,0,1000.000,2.034057,0.630287
27216,0,0.127903,0.883525,23,0,1000.000,2.033583,0.630044
27216,1,0.138074,0.925951,20,0,1000.000,1.563534,0.636910
27216,2,0.118257,0.896065,16,0,1000.000,1.877114,0.642715
27216,3,0.135387,0.907755,23,0,1000.000,1.676327,0.641052
27216,4,0.113084,0.939654,20,0,1000.000,1.496493,0.663978
27216,5,0.111990,0.896435,18,0,1000.000,1.831139,0.646273
27216,6,0.124512,0.917927,18,0,1000.000,1.911206,0.639708
27216,7,0.130793,0.887292,20,0,1000.000,2.176520,0.623120
27264,0,0.127903,0.877177,15,0,1000.000,1.889693,0.638956
27264,1,0.138074,0.927011,26,0,1000.000,1.517837,0.655736
27264,2,0.118257,0.855414,16,0,1000.000,1.868379,0.623781
27264,3,0.135387,0.883888,21,0,1000.000,1.864257,0.639344
27264,4,0.113084,0.873496,20,0,1000.000,1.469704,0.636380
27264,5,0.111990,0.868272,19,0,1000.000,2.209837,0.627835
27264,6,0.124512,0.870749,10,0,1000.000,2.308073,0.615293
27264,7,0.130793,0.863034,22,0,1000.000,2.201458,0.626537
27312,0,0.127903,0.912520,23,1,994.087,1.854800,0.631006
27312,1,0.138074,0.905343,21,0,1000.000,2.170478,0.637059
27312,2,0.118257,0.920595,11,0,1000.000,1.914039,0.634154
27312,3,0.135387,0.911951,26,0,1000.000,1.657583,0.652700
27312,4,0.113084,0.899145,21,0,1000.000,2.134586,0.634985
27312,5,0.111990,0.930730,23,0,1000.000,1.693301,0.652530
27312,6,0.124512,0.896435,23,0,1000.000,1.957907,0.647112
27312,7,0.130793,0.916125,25,0,1000.000,2.007261,0.652859
27360,0,0.127903,0.898902,15,0,1000.000,1.665103,0.644710
27360,1,0.138074,0.896970,22,1,960.818,1.793874,0.645663
27360,2,0.118257,0.890218,19,0,1000.000,2.085834,0.634975
27360,3,0.135387,0.930048,32,0,1000.000,1.764998,0.645492
27360,4,0.113084,0.866086,16,0,1000.000,2.165897,0.629950
27360,5,0.111990,0.831160,15,0,1000.000,2.235065,0.619610
27360,6,0.124512,0.894852,23,0,1000.000,2.060210,0.643329
27360,7,0.130793,0.913933,23,0,1000.000,1.957548,0.642982
27408,0,0.127903,0.930506,27,0,1000.000,1.816298,0.647043
27408,1,0.138074,0.911095,20,0,1000.000,1.894601,0.634330
27408,2,0.118257,0.888363,15,0,1000.000,2.027100,0.634149
27408,3,0.135387,0.904355,24,0,1000.000,1.837863,0.646630
27408,4,0.113084,0.929404,18,0,1000.000,1.597765,0.653919
27408,5,0.111990,0.893129,31,0,1000.000,2.131610,0.637970
27408,6,0.124512,0.900631,18,0,1000.000,1.736037,0.643538
27408,7,0.130793,0.853169,18,1,956.389,1.813906,0.630709
27456,0,0.127903,0.919208,32,0,1000.000,1.496532,0.654098
27456,1,0.138074,0.905783,25,0,1000.000,1.855723,0.633849
27456,2,0.118257,0.897297,18,0,1000.000,1.928455,0.643552
27456,3,0.135387,0.921837,31,0,1000.000,1.925619,0.645385
27456,4,0.113084,0.917176,21,0,1000.000,1.682870,0.653678
27456,5,0.111990,0.904466,22,0,1000.000,2.003920,0.640378
27456,6,0.124512,0.933702,19,0,1000.000,1.818103,0.659503
27456,7,0.130793,0.921757,32,0,1000.000,1.848991,0.646409
27504,0,0.127903,0.902656,20,0,1000.000,1.988584,0.636279
27504,1,0.138074,0.900202,44,0,1000.000,1.775252,0.637960
27504,2,0.118257,0.901633,39,0,1000.000,1.802675,0.647960
27504,3,0.135387,0.903221,27,0,1000.000,1.746151,0.644575
27504,4,0.113084,0.869736,22,0,1000.000,2.101737,0.622925
27504,5,0.111990,0.912254,20,0,1000.000,1.895434,0.650395
27504,6,0.124512,0.894123,29,0,1000.000,1.846738,0.642820
27504,7,0.130793,0.902093,37,0,1000.000,2.066505,0.635556
27552,0,0.127903,0.886831,27,0,1000.000,1.896279,0.639628
27552,1,0.138074,0.903289,26,0,1000.000,2.114543,0.632943
27552,2,0.118257,0.940233,15,0,1000.000,1.312782,0.677812
27552,3,0.135387,0.945863,21,0,1000.000,1.547955,0.655330
27552,4,0.113084,0.887745,23,0,1000.000,1.896752,0.629747
27552,5,0.111990,0.905114,21,0,1000.000,1.793467,0.641304
27552,6,0.124512,0.912036,20,0,1000.000,2.154996,0.635938
27552,7,0.130793,0.904747,29,0,1000.000,1.818841,0.639357
27600,0,0.127903,0.860713,29,0,1000.000,1.923085,0.628790
27600,1,0.138074,0.905550,28,0,1000.000,1.835391,0.647284
27600,2,0.118257,0.880833,21,0,1000.000,2.104876,0.608340
27600,3,0.135387,0.897326,28,0,1000.000,1.817248,0.641813
27600,4,0.113084,0.901934,30,0,1000.000,1.933053,0.645877
27600,5,0.111990,0.939962,22,0,1000.000,1.401826,0.665414
27600,6,0.124512,0.936680,24,0,1000.000,1.568097,0.665696
27600,7,0.130793,0.922748,19,0,1000.000,1.756632,0.646670
27648,0,0.127903,0.916094,31,0,1000.000,1.547867,0.657635
27648,1,0.138074,0.927338,32,0,1000.000,1.610805,0.656393
27648,2,0.118257,0.932204,22,0,1000.000,1.521961,0.648104
27648,3,0.135387,0.898615,44,0,1000.000,1.798333,0.638380
27648,4,0.113084,0.902745,29,0,1000.000,1.926956,0.649420
27648,5,0.111990,0.914786,21,0,1000.000,1.746006,0.643513
27648,6,0.124512,0.929186,28,0,1000.000,1.511668,0.649328
27648,7,0.130793,0.935420,41,0,1000.000,1.581375,0.658706
27696,0,0.127903,0.864802,32,0,1000.000,2.199512,0.626149
27696,1,0.138074,0.911805,38,0,1000.000,1.848511,0.643440
27696,2,0.118257,0.891199,40,0,1000.000,2.031534,0.633617
27696,3,0.135387,0.928904,29,0,1000.000,1.507646,0.660848
27696,4,0.113084,0.906373,29,0,1000.000,1.538187,0.658047
27696,5,0.111990,0.918294,30,0,1000.000,1.748633,0.666487
27696,6,0.124512,0.893417,30,0,1000.000,2.027720,0.649108
27696,7,0.130793,0.891619,25,0,1000.000,2.103712,0.633980
27744,0,0.127903,0.899367,24,0,1000.000,1.602904,0.642215
27744,1,0.138074,0.875031,34,0,1000.000,2.192660,0.628508
27744,2,0.118257,0.906443,34,0,1000.000,1.947965,0.649915
27744,3,0.135387,0.920911,28,0,1000.000,1.823876,0.650790
27744,4,0.113084,0.909273,20,0,1000.000,2.338159,0.626224
27744,5,0.111990,0.921607,27,0,1000.000,1.582005,0.655932
27744,6,0.124512,0.922968,27,0,1000.000,1.684970,0.658048
27744,7,0.130793,0.899553,25,0,1000.000,1.979162,0.630904
27792,0,0.127903,0.913865,28,1,972.750,1.812244,0.639632
27792,1,0.138074,0.904356,34,0,1000.000,1.853725,0.627642
27792,2,0.118257,0.879340,28,0,1000.000,2.361409,0.622597
27792,3,0.135387,0.918469,37,0,1000.000,1.819128,0.658207
27792,4,0.113084,0.920442,23,0,1000.000,1.554691,0.650456
27792,5,0.111990,0.894955,30,0,1000.000,1.971109,0.640719
27792,6,0.124512,0.878382,27,0,1000.000,2.028756,0.639478
27792,7,0.130793,0.894320,23,0,1000.000,2.323599,0.635134
27840,0,0.127903,0.904708,24,0,1000.000,1.932673,0.642050
27840,1,0.138074,0.917074,20,0,1000.000,1.896746,0.648450
27840,2,0.118257,0.928938,28,0,1000.000,1.884805,0.638164
27840,3,0.135387,0.916777,19,0,1000.000,1.729444,0.648664
27840,4,0.113084,0.907272,22,0,1000.000,1.836210,0.645596
27840,5,0.111990,0.904671,20,0,1000.000,2.027553,0.639786
27840,6,0.124512,0.885343,11,0,1000.000,1.790499,0.628120
27840,7,0.130793,0.844489,18,1,949.778,2.092496,0.622363
27888,0,0.127903,0.911471,23,0,1000.000,1.542463,0.646862
27888,1,0.138074,0.905105,21,0,1000.000,1.822278,0.644804
27888,2,0.118257,0.895906,18,0,1000.000,1.908194,0.637812
27888,3,0.135387,0.928789,20,0,1000.000,1.796028,0.638072
27888,4,0.113084,0.941401,16,0,1000.000,1.548528,0.664428
27888,5,0.111990,0.928236,15,0,1000.000,1.675686,0.654469
27888,6,0.124512,0.884449,21,0,1000.000,1.906706,0.644411
27888,7,0.130793,0.918699,13,0,1000.000,1.950137,0.633523
27936,0,0.127903,0.893178,26,0,1000.000,2.039195,0.625861
27936,1,0.138074,0.908480,31,0,1000.000,1.847273,0.656563
27936,2,0.118257,0.914825,27,0,1000.000,1.638787,0.658056
27936,3,0.135387,0.876799,23,0,1000.000,1.893239,0.639181
27936,4,0.113084,0.870009,23,0,1000.000,2.310320,0.616626
27936,5,0.111990,0.862880,12,0,1000.000,2.086521,0.621279
27936,6,0.124512,0.872590,29,0,1000.000,1.986940,0.623916
27936,7,0.130793,0.900457,23,0,1000.000,2.067117,0.631702
27984,0,0.127903,0.927405,26,0,1000.000,1.679996,0.661578
27984,1,0.138074,0.892805,24,0,1000.000,1.858297,0.646133
27984,2,0.118257,0.913550,20,0,1000.000,1.771413,0.643898
27984,3,0.135387,0.898640,27,0,1000.000,2.138800,0.636389
27984,4,0.113084,0.915823,22,0,1000.000,1.708704,0.636220
27984,5,0.111990,0.905926,24,0,1000.000,1.647787,0.641949
27984,6,0.124512,0.910082,32,0,1000.000,1.787354,0.632226
27984,7,0.130793,0.932006,20,0,1000.000,1.508634,0.663077
28032,0,0.127903,0.923757,25,0,1000.000,1.659875,0.650767
28032,1,0.138074,0.878678,33,0,1000.000,1.938841,0.625907
28032,2,0.118257,0.898556,20,0,1000.000,1.954098,0.632273
28032,3,0.135387,0.900967,29,0,1000.000,1.791598,0.636172
28032,4,0.113084,0.906415,17,0,1000.000,1.986919,0.654029
28032,5,0.111990,0.920968,23,0,1000.000,1.739463,0.639142
28032,6,0.124512,0.857929,29,0,1000.000,2.382637,0.614550
28032,7,0.130793,0.883639,34,0,1000.000,2.016167,0.635484
28080,0,0.127903,0.924577,32,1,977.094,1.642112,0.645856
28080,1,0.138074,0.874074,33,0,1000.000,2.036959,0.625926
28080,2,0.118257,0.889688,33,0,1000.000,1.780035,0.639305
28080,3,0.135387,0.937468,23,0,1000.000,1.854933,0.642125
28080,4,0.113084,0.899689,29,0,1000.000,1.855981,0.639253
28080,5,0.111990,0.923010,31,0,1000.000,1.748274,0.642316
28080,6,0.124512,0.870414,32,0,1000.000,2.162747,0.617326
28080,7,0.130793,0.897935,29,0,1000.000,2.032250,0.636232
28128,0,0.127903,0.899360,30,0,1000.000,1.979615,0.635796
28128,1,0.138074,0.912167,29,0,1000.000,1.795992,0.637764
28128,2,0.118257,0.902992,28,0,1000.000,1.713957,0.645778
28128,3,0.135387,0.886408,26,0,1000.000,1.827293,0.632522
28128,4,0.113084,0.901835,30,0,1000.000,1.923933,0.637066
28128,5,0.111990,0.911126,21,0,1000.000,1.698210,0.647408
28128,6,0.124512,0.917804,26,0,1000.000,1.764357,0.639623
28128,7,0.130793,0.913464,22,0,1000.000,1.825068,0.641390
28176,0,0.127903,0.926682,24,0,1000.000,1.531412,0.651854
28176,1,0.138074,0.937755,24,0,1000.000,1.708602,0.647099
28176,2,0.118257,0.907472,24,0,1000.000,1.700214,0.660323
28176,3,0.135387,0.879243,25,0,1000.000,2.217767,0.623754
28176,4,0.113084,0.914291,24,0,1000.000,1.756112,0.651748
28176,5,0.111990,0.880816,22,0,1000.000,2.210400,0.623599
28176,6,0.124512,0.893218,19,0,1000.000,2.133820,0.623396
28176,7,0.130793,0.911638,18,0,1000.000,1.842680,0.639376
28224,0,0.127903,0.875281,23,0,1000.000,1.734467,0.626671
28224,1,0.138074,0.888953,28,0,1000.000,2.049769,0.636506
28224,2,0.118257,0.929767,14,0,1000.000,1.804278,0.644106
28224,3,0.135387,0.933250,21,0,1000.000,1.577024,0.671026
28224,4,0.113084,0.912473,20,0,1000.000,1.951992,0.637570
28224,5,0.111990,0.913972,20,0,1000.000,2.087453,0.642225
28224,6,0.124512,0.916836,23,0,1000.000,1.826369,0.647859
28224,7,0.130793,0.883691,14,0,1000.000,1.974211,0.620182
28272,0,0.127903,0.902390,17,0,1000.000,1.665868,0.638476
28272,1,0.138074,0.891895,15,0,1000.000,1.792738,0.645523
28272,2,0.118257,0.885157,24,0,1000.000,2.328708,0.624283
28272,3,0.135387,0.880263,28,0,1000.000,2.181162,0.621666
28272,4,0.113084,0.946765,14,0,1000.000,1.272241,0.665177
28272,5,0.111990,0.887974,12,0,1000.000,2.080786,0.624890
28272,6,0.124512,0.894846,11,0,1000.000,1.695612,0.634039
28272,7,0.130793,0.888615,18,0,1000.000,1.950263,0.637826
28320,0,0.127903,0.904128,23,0,1000.000,2.022277,0.629531
28320,1,0.138074,0.889834,25,0,1000.000,1.897435,0.645785
28320,2,0.118257,0.898344,27,0,1000.000,1.983630,0.639687
28320,3,0.135387,0.923125,21,0,1000.000,1.691088,0.651525
28320,4,0.113084,0.918810,21,0,1000.000,1.618920,0.647564
28320,5,0.111990,0.896751,18,0,1000.000,1.707061,0.635045
28320,6,0.124512,0.916501,20,0,1000.000,1.751150,0.642461
28320,7,0.130793,0.909424,20,1,968.600,1.922737,0.641888
28368,0,0.127903,0.892973,26,0,1000.000,1.601233,0.651158
28368,1,0.138074,0.882202,24,1,959.875,1.710020,0.626750
28368,2,0.118257,0.900452,16,0,1000.000,1.761110,0.635613
28368,3,0.135387,0.929494,24,0,1000.000,1.557971,0.647754
28368,4,0.113084,0.917085,24,0,1000.000,1.786702,0.638160
28368,5,0.111990,0.926330,17,0,1000.000,1.546876,0.650289
28368,6,0.124512,0.913735,26,0,1000.000,1.641908,0.659042
28368,7,0.130793,0.821043,16,1,948.188,1.938767,0.606569
28416,0,0.127903,0.895436,26,0,1000.000,2.085684,0.627811
28416,1,0.138074,0.902323,19,0,1000.000,1.869112,0.638176
28416,2,0.118257,0.915309,19,0,1000.000,1.648487,0.653043
28416,3,0.135387,0.903703,18,0,1000.000,2.002166,0.639278
28416,4,0.113084,0.948261,15,0,1000.000,1.515345,0.641350
28416,5,0.111990,0.876623,28,0,1000.000,2.121718,0.625580
28416,6,0.124512,0.928946,20,0,1000.000,1.573143,0.655438
28416,7,0.130793,0.864372,26,0,1000.000,2.109477,0.621387
28464,0,0.127903,0.917163,24,0,1000.000,1.816069,0.650249
28464,1,0.138074,0.908374,27,0,1000.000,1.612369,0.644678
28464,2,0.118257,0.903030,29,0,1000.000,1.812163,0.648814
28464,3,0.135387,0.894264,29,0,1000.000,1.881360,0.635755
28464,4,0.113084,0.929094,30,0,1000.000,1.806213,0.666498
28464,5,0.111990,0.922181,18,0,1000.000,2.013233,0.660025
28464,6,0.124512,0.919228,33,0,1000.000,1.711370,0.652454
28464,7,0.130793,0.900925,21,0,1000.000,1.994546,0.648001
28512,0,0.127903,0.887258,29,0,1000.000,1.881957,0.638633
28512,1,0.138074,0.858432,31,1,969.258,2.048739,0.617806
28512,2,0.118257,0.893930,33,0,1000.000,2.042987,0.631571
28512,3,0.135387,0.870534,30,0,1000.000,1.975890,0.630748
28512,4,0.113084,0.901313,28,0,1000.000,1.666389,0.647509
28512,5,0.111990,0.924211,20,0,1000.000,1.453671,0.655537
28512,6,0.124512,0.920013,24,0,1000.000,1.787471,0.655911
28512,7,0.130793,0.898811,32,0,1000.000,1.862962,0.649827
28560,0,0.127903,0.880124,26,2,983.846,2.041378,0.625329
28560,1,0.138074,0.915659,22,0,1000.000,1.528122,0.648241
28560,2,0.118257,0.919262,27,0,1000.000,1.719598,0.649090
28560,3,0.135387,0.890086,23,0,1000.000,1.916309,0.643083
28560,4,0.113084,0.788277,18,1,946.444,2.088152,0.598661
28560,5,0.111990,0.884627,17,0,1000.000,1.790288,0.638926
28560,6,0.124512,0.901616,30,0,1000.000,1.766011,0.647327
28560,7,0.130793,0.892044,20,0,1000.000,1.973664,0.630397
28608,0,0.127903,0.937170,26,1,979.038,1.491434,0.659145
28608,1,0.138074,0.905850,34,0,1000.000,1.686207,0.648646
28608,2,0.118257,0.921689,19,0,1000.000,1.840497,0.663997
28608,3,0.135387,0.898948,31,0,1000.000,1.921991,0.642883
28608,4,0.113084,0.897207,22,0,1000.000,1.595308,0.640418
28608,5,0.111990,0.921952,30,0,1000.000,1.705562,0.657676
28608,6,0.124512,0.872541,31,0,1000.000,2.235284,0.619318
28608,7,0.130793,0.891690,20,0,1000.000,2.166959,0.629925
28656,0,0.127903,0.919846,31,1,997.548,1.498301,0.655508
28656,1,0.138074,0.926264,41,0,1000.000,1.622068,0.655699
28656,2,0.118257,0.918977,20,0,1000.000,1.738696,0.649834
28656,3,0.135387,0.902323,26,0,1000.000,1.922540,0.632826
28656,4,0.113084,0.910229,35,0,1000.000,1.694926,0.649238
28656,5,0.111990,0.912561,23,0,1000.000,1.876923,0.649569
28656,6,0.124512,0.915396,37,0,1000.000,1.950921,0.645350
28656,7,0.130793,0.903291,27,0,1000.000,1.844017,0.646178
28704,0,0.127903,0.900001,23,0,1000.000,2.104556,0.634624
28704,1,0.138074,0.910082,39,0,1000.000,1.592686,0.637889
28704,2,0.118257,0.899039,33,0,1000.000,1.853368,0.641791
28704,3,0.135387,0.913149,40,0,1000.000,1.790608,0.645354
28704,4,0.113084,0.924109,26,0,1000.000,1.861055,0.654504
28704,5,0.111990,0.902421,20,0,1000.000,2.003038,0.642378
28704,6,0.124512,0.909311,38,0,1000.000,2.002271,0.648973
28704,7,0.130793,0.909401,37,0,1000.000,1.816560,0.643048
28752,0,0.127903,0.917240,27,0,1000.000,1.660173,0.651174
28752,1,0.138074,0.921398,28,0,1000.000,1.975203,0.649697
28752,2,0.118257,0.902835,26,0,1000.000,1.885207,0.635410
28752,3,0.135387,0.898526,28,0,1000.000,1.955216,0.634367
28752,4,0.113084,0.894326,25,0,1000.000,2.067596,0.632211
28752,5,0.111990,0.906238,23,0,1000.000,1.905437,0.640556
28752,6,0.124512,0.906174,29,0,1000.000,1.795155,0.645189
28752,7,0.130793,0.904441,30,0,1000.000,1.953453,0.651438
28848,0,0.127903,0.913425,51,2,984.196,1.699897,0.647526
28848,1,0.138074,0.902032,51,0,1000.000,1.700245,0.639333
28848,2,0.118257,0.912487,59,0,1000.000,1.778411,0.642958
28848,3,0.135387,0.901612,38,0,1000.000,1.794976,0.638160
28848,4,0.113084,0.897856,54,0,1000.000,1.778636,0.640909
28848,5,0.111990,0.902117,40,0,1000.000,1.882527,0.640461
28848,6,0.124512,0.911171,44,0,1000.000,1.776552,0.650087
28848,7,0.130793,0.899093,50,0,1000.000,1.756409,0.640482
28896,0,0.122832,0.904567,21,0,1000.000,1.440055,0.656552
28896,1,0.124996,0.913239,30,0,1000.000,1.887184,0.650560
28896,2,0.129991,0.895971,24,0,1000.000,1.868484,0.640541
28896,3,0.123371,0.870938,19,0,1000.000,2.002710,0.624290
28896,4,0.121972,0.893121,11,0,1000.000,2.256228,0.615320
28896,5,0.131201,0.784460,9,0,1000.000,2.453569,0.597071
28896,6,0.127843,0.920464,12,0,1000.000,1.676798,0.640851
28896,7,0.117795,0.895437,19,0,1000.000,2.145063,0.627983
28944,0,0.122832,0.910853,30,1,990.567,1.765819,0.637907
28944,1,0.124996,0.915439,29,1,968.138,1.585602,0.634853
28944,2,0.129991,0.919549,17,0,1000.000,1.613186,0.645261
28944,3,0.123371,0.930375,21,0,1000.000,1.656983,0.665874
28944,4,0.121972,0.915301,19,0,1000.000,1.725025,0.631876
28944,5,0.131201,0.914673,22,0,1000.000,1.711137,0.655231
28944,6,0.127843,0.877431,30,0,1000.000,2.092815,0.628502
28944,7,0.117795,0.891625,35,0,1000.000,1.869124,0.634490
28992,0,0.122832,0.911489,24,1,969.250,1.609654,0.645434
28992,1,0.124996,0.897349,30,0,1000.000,1.694313,0.648884
28992,2,0.129991,0.895230,26,0,1000.000,1.984428,0.633596
28992,3,0.123371,0.893773,24,0,1000.000,1.931794,0.636568
28992,4,0.121972,0.931479,17,0,1000.000,1.403692,0.662720
28992,5,0.131201,0.890550,31,0,1000.000,1.965019,0.643201
28992,6,0.127843,0.926093,21,0,1000.000,1.676037,0.658433
28992,7,0.117795,0.853210,23,1,966.261,1.860026,0.629681
29040,0,0.122832,0.887320,22,0,1000.000,1.827530,0.632734
29040,1,0.124996,0.880579,20,0,1000.000,1.876900,0.628307
29040,2,0.129991,0.909708,24,0,1000.000,1.710822,0.650405
29040,3,0.123371,0.890594,29,0,1000.000,1.983979,0.636026
29040,4,0.121972,0.882140,20,0,1000.000,1.769915,0.625564
29040,5,0.131201,0.913015,33,0,1000.000,1.655734,0.640478
29040,6,0.127843,0.925048,25,0,1000.000,1.757262,0.660265
29040,7,0.117795,0.883753,35,0,1000.000,2.114718,0.636736
29088,0,0.122832,0.906952,31,2,972.806,1.694556,0.644822
29088,1,0.124996,0.937183,34,0,1000.000,1.466237,0.659464
29088,2,0.129991,0.870280,33,0,1000.000,1.912457,0.636141
29088,3,0.123371,0.926294,37,0,1000.000,1.618931,0.649340
29088,4,0.121972,0.885032,30,0,1000.000,1.992939,0.639186
29088,5,0.131201,0.923543,22,0,1000.000,1.749361,0.659498
29088,6,0.127843,0.903019,25,0,1000.000,2.061514,0.632020
29088,7,0.117795,0.924206,28,0,1000.000,1.955877,0.650959
29136,0,0.122832,0.916881,22,0,1000.000,1.913054,0.626765
29136,1,0.124996,0.882373,36,0,1000.000,2.117404,0.632287
29136,2,0.129991,0.878367,22,0,1000.000,2.033876,0.628797
29136,3,0.123371,0.909243,25,0,1000.000,1.843522,0.629469
29136,4,0.121972,0.904553,34,0,1000.000,1.674788,0.639157
29136,5,0.131201,0.901291,23,0,1000.000,1.850888,0.647623
29136,6,0.127843,0.922608,25,0,1000.000,1.677066,0.650239
29136,7,0.117795,0.870881,31,1,968.903,1.747887,0.621691
29184,0,0.122832,0.855745,17,0,1000.000,2.236568,0.630596
29184,1,0.124996,0.901136,18,0,1000.000,1.657597,0.636253
29184,2,0.129991,0.884229,23,0,1000.000,1.978628,0.627021
29184,3,0.123371,0.906800,23,0,1000.000,1.605401,0.637428
29184,4,0.121972,0.929815,25,0,1000.000,1.418475,0.649254
29184,5,0.131201,0.876785,19,0,1000.000,1.918756,0.635196
29184,6,0.127843,0.888849,16,0,1000.000,1.715811,0.640448
29184,7,0.117795,0.906174,26,0,1000.000,1.856996,0.640193
29232,0,0.122832,0.902414,20,0,1000.000,1.355623,0.643045
29232,1,0.124996,0.909026,21,0,1000.000,1.612308,0.647804
29232,2,0.129991,0.865598,15,0,1000.000,1.973378,0.625460
29232,3,0.123371,0.895782,13,0,1000.000,2.000340,0.631448
29232,4,0.121972,0.905352,18,0,1000.000,1.706544,0.642471
29232,5,0.131201,0.897842,27,0,1000.000,1.921151,0.640201
29232,6,0.127843,0.935175,24,0,1000.000,1.622795,0.653907
29232,7,0.117795,0.826767,16,1,947.125,2.447535,0.602815
29280,0,0.122832,0.895375,20,0,1000.000,1.896180,0.635386
29280,1,0.124996,0.900536,21,0,1000.000,1.696669,0.653150
29280,2,0.129991,0.930993,20,0,1000.000,1.562111,0.666610
29280,3,0.123371,0.894771,24,0,1000.000,1.742435,0.652157
29280,4,0.121972,0.886860,25,0,1000.000,2.019338,0.626603
29280,5,0.131201,0.844240,14,0,1000.000,2.076553,0.622505
29280,6,0.127843,0.894044,16,0,1000.000,1.891856,0.653418
29280,7,0.117795,0.891179,13,0,1000.000,1.962850,0.626216
29328,0,0.122832,0.894706,26,0,1000.000,1.884299,0.639766
29328,1,0.124996,0.880441,24,0,1000.000,2.224627,0.624532
29328,2,0.129991,0.907800,19,0,1000.000,2.000858,0.636073
29328,3,0.123371,0.938482,18,0,1000.000,1.410696,0.676795
29328,4,0.121972,0.907650,20,0,1000.000,1.867072,0.643715
29328,5,0.131201,0.892870,11,0,1000.000,1.968180,0.649951
29328,6,0.127843,0.870257,26,0,1000.000,1.857197,0.640041
29328,7,0.117795,0.864086,23,0,1000.000,2.183668,0.632292
29376,0,0.122832,0.914616,33,1,999.273,1.684677,0.649312
29376,1,0.124996,0.847258,16,0,1000.000,2.508958,0.610493
29376,2,0.129991,0.906208,23,0,1000.000,1.758831,0.634203
29376,3,0.123371,0.860157,22,0,1000.000,1.955785,0.622152
29376,4,0.121972,0.913745,27,0,1000.000,1.416111,0.660440
29376,5,0.131201,0.930582,17,0,1000.000,1.605292,0.670365
29376,6,0.127843,0.887098,17,0,1000.000,2.184298,0.630832
29376,7,0.117795,0.871831,24,0,1000.000,2.134026,0.628606
29424,0,0.122832,0.915924,22,0,1000.000,1.607574,0.658203
29424,1,0.124996,0.866526,31,0,1000.000,1.999088,0.619626
29424,2,0.129991,0.907579,25,0,1000.000,1.814656,0.645584
29424,3,0.123371,0.905909,24,0,1000.000,1.869740,0.657512
29424,4,0.121972,0.915576,22,0,1000.000,1.450600,0.661999
29424,5,0.131201,0.803731,12,0,1000.000,2.454640,0.606141
29424,6,0.127843,0.908688,15,0,1000.000,1.902852,0.648583
29424,7,0.117795,0.875243,22,0,1000.000,2.135488,0.629151
29472,0,0.122832,0.940184,22,0,1000.000,1.418648,0.672999
29472,1,0.124996,0.916707,30,0,1000.000,1.633897,0.652788
29472,2,0.129991,0.879601,36,0,1000.000,1.919545,0.634946
29472,3,0.123371,0.900798,29,0,1000.000,1.998535,0.632192
29472,4,0.121972,0.904455,28,0,1000.000,1.889829,0.654819
29472,5,0.131201,0.902145,23,0,1000.000,1.816742,0.645630
29472,6,0.127843,0.913482,27,0,1000.000,1.776856,0.654149
29472,7,0.117795,0.920252,25,0,1000.000,1.748089,0.658155
29520,0,0.122832,0.903100,23,0,1000.000,1.745445,0.634399
29520,1,0.124996,0.867814,25,0,1000.000,2.165988,0.626555
29520,2,0.129991,0.929132,35,0,1000.000,1.705860,0.664142
29520,3,0.123371,0.897801,27,0,1000.000,1.645510,0.640893
29520,4,0.121972,0.878520,24,0,1000.000,2.177079,0.635469
29520,5,0.131201,0.894713,21,0,1000.000,1.875059,0.650027
29520,6,0.127843,0.891535,25,0,1000.000,2.045618,0.639275
29520,7,0.117795,0.919164,34,0,1000.000,1.713856,0.639722
29568,0,0.122832,0.884127,32,0,1000.000,2.037163,0.639867
29568,1,0.124996,0.927994,23,0,1000.000,1.702648,0.666058
29568,2,0.129991,0.911880,34,0,1000.000,1.757968,0.654876
29568,3,0.123371,0.917303,24,0,1000.000,1.564389,0.650994
29568,4,0.121972,0.931397,15,0,1000.000,1.379776,0.671604
29568,5,0.131201,0.900550,30,0,1000.000,2.018485,0.639449
29568,6,0.127843,0.874222,17,0,1000.000,2.008510,0.630363
29568,7,0.117795,0.933265,20,0,1000.000,1.483431,0.661318
29616,0,0.122832,0.925134,24,1,987.750,1.605486,0.663473
29616,1,0.124996,0.919447,35,0,1000.000,1.496111,0.663742
29616,2,0.129991,0.911689,27,0,1000.000,1.861220,0.653414
29616,3,0.123371,0.901834,31,0,1000.000,1.968681,0.640754
29616,4,0.121972,0.914567,21,0,1000.000,1.781121,0.658353
29616,5,0.131201,0.867345,25,0,1000.000,2.054774,0.635126
29616,6,0.127843,0.883168,17,0,1000.000,2.090179,0.629394
29616,7,0.117795,0.930593,23,0,1000.000,1.402292,0.662163
29664,0,0.122832,0.920473,33,2,969.121,1.574043,0.656640
29664,1,0.124996,0.895661,33,0,1000.000,1.660851,0.648781
29664,2,0.129991,0.890510,33,0,1000.000,1.983665,0.639833
29664,3,0.123371,0.914161,30,0,1000.000,1.637861,0.661153
29664,4,0.121972,0.880204,35,0,1000.000,1.877668,0.633739
29664,5,0.131201,0.877388,31,0,1000.000,2.215475,0.632540
29664,6,0.127843,0.920758,34,0,1000.000,1.934574,0.659281
29664,7,0.117795,0.899515,26,0,1000.000,1.981991,0.643686
29712,0,0.122832,0.894165,21,0,1000.000,2.058252,0.649815
29712,1,0.124996,0.886774,26,0,1000.000,1.851060,0.647204
29712,2,0.129991,0.884281,37,0,1000.000,1.845223,0.646068
29712,3,0.123371,0.921165,38,0,1000.000,1.689661,0.656481
29712,4,0.121972,0.908195,32,0,1000.000,1.817645,0.646779
29712,5,0.131201,0.891870,36,0,1000.000,2.109093,0.627579
29712,6,0.127843,0.904305,26,0,1000.000,1.837958,0.647575
29712,7,0.117795,0.898810,31,0,1000.000,2.033978,0.645939
29760,0,0.122832,0.921056,28,0,1000.000,1.546197,0.659862
29760,1,0.124996,0.885937,24,0,1000.000,1.928179,0.647265
29760,2,0.129991,0.915474,30,0,1000.000,1.885568,0.645337
29760,3,0.123371,0.899552,36,0,1000.000,1.936878,0.651740
29760,4,0.121972,0.895286,25,0,1000.000,1.729089,0.650648
29760,5,0.131201,0.899425,24,0,1000.000,2.207080,0.633842
29760,6,0.127843,0.889461,28,0,1000.000,1.680697,0.638572
29760,7,0.117795,0.911151,25,0,1000.000,1.831313,0.656570
29808,0,0.122832,0.895192,34,1,993.882,1.734745,0.636219
29808,1,0.124996,0.894405,34,1,973.265,1.924820,0.640739
29808,2,0.129991,0.888375,31,0,1000.000,1.936858,0.641090
29808,3,0.123371,0.921583,26,0,1000.000,1.816521,0.654948
29808,4,0.121972,0.918034,32,0,1000.000,1.576044,0.656384
29808,5,0.131201,0.907896,25,0,1000.000,1.550466,0.648432
29808,6,0.127843,0.923989,20,0,1000.000,1.899003,0.655941
29808,7,0.117795,0.930809,20,0,1000.000,1.568977,0.658418
29856,0,0.122832,0.917755,23,1,968.043,1.648054,0.649440
29856,1,0.124996,0.920996,12,0,1000.000,1.740930,0.648795
29856,2,0.129991,0.880024,16,0,1000.000,2.188001,0.615551
29856,3,0.123371,0.909071,22,0,1000.000,1.727673,0.643486
29856,4,0.121972,0.876290,20,0,1000.000,1.954798,0.638985
29856,5,0.131201,0.889997,21,0,1000.000,1.807385,0.635932
29856,6,0.127843,0.886626,17,0,1000.000,1.912519,0.637614
29856,7,0.117795,0.906440,13,0,1000.000,2.189359,0.650254
29904,0,0.122832,0.934916,23,2,969.870,1.370955,0.650266
29904,1,0.124996,0.885553,21,0,1000.000,2.214005,0.632647
29904,2,0.129991,0.912998,13,0,1000.000,1.939629,0.638043
29904,3,0.123371,0.907911,16,0,1000.000,1.742673,0.651918
29904,4,0.121972,0.888162,22,0,1000.000,1.953307,0.633133
29904,5,0.131201,0.892728,18,0,1000.000,2.081747,0.647256
29904,6,0.127843,0.902264,18,0,1000.000,1.887589,0.636973
29904,7,0.117795,0.926790,22,0,1000.000,1.457474,0.663960
29952,0,0.122832,0.904031,25,0,1000.000,1.679933,0.647392
29952,1,0.124996,0.932812,29,1,986.586,1.572100,0.655853
29952,2,0.129991,0.914184,31,0,1000.000,1.795998,0.651524
29952,3,0.123371,0.922939,20,0,1000.000,1.635340,0.660588
29952,4,0.121972,0.870180,31,0,1000.000,2.174831,0.628210
29952,5,0.131201,0.910073,26,0,1000.000,1.582074,0.659968
29952,6,0.127843,0.914827,23,0,1000.000,1.905048,0.648268
29952,7,0.117795,0.926425,21,0,1000.000,1.830753,0.659957
30000,0,0.122832,0.908092,22,0,1000.000,1.635524,0.644994
30000,1,0.124996,0.921706,19,0,1000.000,1.608924,0.657608
30000,2,0.129991,0.926472,26,0,1000.000,1.624174,0.660174
30000,3,0.123371,0.899305,15,0,1000.000,1.865249,0.638665
30000,4,0.121972,0.913663,28,0,1000.000,1.995306,0.641826
30000,5,0.131201,0.914876,21,0,1000.000,1.911724,0.654916
30000,6,0.127843,0.926444,30,0,1000.000,1.725160,0.655677
30000,7,0.117795,0.910000,28,0,1000.000,1.977460,0.635360
30096,0,0.122832,0.905613,60,0,1000.000,1.763968,0.652265
30096,1,0.124996,0.907275,54,0,1000.000,1.747873,0.647638
30096,2,0.129991,0.905290,72,0,1000.000,1.862021,0.633690
30096,3,0.123371,0.918021,63,0,1000.000,1.854688,0.649915
30096,4,0.121972,0.920300,59,0,1000.000,1.663934,0.642713
30096,5,0.131201,0.907223,57,0,1000.000,1.890674,0.649336
30096,6,0.127843,0.885127,45,0,1000.000,2.252204,0.624030
30096,7,0.117795,0.869409,52,1,986.135,2.028450,0.632616
30144,0,0.122832,0.889896,27,0,1000.000,2.019155,0.624067
30144,1,0.124996,0.895659,26,0,1000.000,2.095456,0.634978
30144,2,0.129991,0.906329,31,0,1000.000,1.755302,0.645112
30144,3,0.123371,0.866642,20,0,1000.000,1.954335,0.630800
30144,4,0.121972,0.876053,18,0,1000.000,2.201251,0.611322
30144,5,0.131201,0.922000,25,0,1000.000,1.881504,0.647702
30144,6,0.127843,0.926958,28,0,1000.000,1.846783,0.643290
30144,7,0.117795,0.884527,36,1,979.667,1.788264,0.640222
30192,0,0.122832,0.901091,15,0,1000.000,1.926818,0.641088
30192,1,0.124996,0.887634,24,0,1000.000,2.149055,0.626145
30192,2,0.129991,0.905174,23,0,1000.000,1.560457,0.645371
30192,3,0.123371,0.904442,22,0,1000.000,1.692398,0.652591
30192,4,0.121972,0.892858,26,0,1000.000,2.096614,0.641248
30192,5,0.131201,0.898873,15,0,1000.000,2.019028,0.641450
30192,6,0.127843,0.917737,22,0,1000.000,1.715684,0.659520
30192,7,0.117795,0.925216,16,0,1000.000,1.950323,0.658146
30240,0,0.122832,0.906012,20,0,1000.000,1.853795,0.637606
30240,1,0.124996,0.885785,19,0,1000.000,1.936221,0.641493
30240,2,0.129991,0.932110,15,0,1000.000,1.476251,0.658176
30240,3,0.123371,0.880089,30,0,1000.000,2.233689,0.628764
30240,4,0.121972,0.934551,15,0,1000.000,1.947763,0.648590
30240,5,0.131201,0.910852,21,0,1000.000,1.838171,0.640927
30240,6,0.127843,0.895871,19,0,1000.000,1.988431,0.644142
30240,7,0.117795,0.918501,17,0,1000.000,1.730970,0.653248
30288,0,0.122832,0.930241,16,1,997.500,1.792154,0.645105
30288,1,0.124996,0.897371,18,0,1000.000,2.008604,0.631055
30288,2,0.129991,0.913025,11,0,1000.000,1.842493,0.649306
30288,3,0.123371,0.910869,18,0,1000.000,1.768751,0.648623
30288,4,0.121972,0.886594,20,0,1000.000,2.103902,0.650516
30288,5,0.131201,0.903174,24,1,959.875,1.479788,0.648904
30288,6,0.127843,0.894100,27,0,1000.000,2.031435,0.641832
30288,7,0.117795,0.902794,20,0,1000.000,2.172193,0.643278
30384,0,0.122832,0.902376,42,1,989.310,1.752978,0.646632
30384,1,0.124996,0.920027,45,0,1000.000,1.803647,0.651794
30384,2,0.129991,0.888874,40,0,1000.000,1.863036,0.639568
30384,3,0.123371,0.932749,31,0,1000.000,1.758497,0.654574
30384,4,0.121972,0.906285,49,0,1000.000,2.007940,0.648194
30384,5,0.131201,0.890232,43,0,1000.000,2.075897,0.638973
30384,6,0.127843,0.916890,46,0,1000.000,1.857018,0.645796
30384,7,0.117795,0.886914,47,0,1000.000,2.081792,0.636355
30432,0,0.122832,0.920027,21,0,1000.000,1.909366,0.646856
30432,1,0.124996,0.888851,30,0,1000.000,1.846064,0.627443
30432,2,0.129991,0.892640,23,0,1000.000,1.996549,0.634599
30432,3,0.123371,0.924207,16,0,1000.000,1.640202,0.655334
30432,4,0.121972,0.921509,21,0,1000.000,1.715276,0.656521
30432,5,0.131201,0.917423,18,0,1000.000,1.660846,0.654224
30432,6,0.127843,0.887896,27,0,1000.000,2.059491,0.634219
30432,7,0.117795,0.947162,20,0,1000.000,1.395587,0.672976
30480,0,0.122832,0.931014,25,1,976.400,1.574986,0.659930
30480,1,0.124996,0.889843,36,0,1000.000,1.929641,0.646968
30480,2,0.129991,0.920462,34,0,1000.000,1.737575,0.651027
30480,3,0.123371,0.901150,32,0,1000.000,1.834583,0.641076
30480,4,0.121972,0.872058,26,0,1000.000,2.327787,0.627328
30480,5,0.131201,0.915388,22,0,1000.000,1.816450,0.662350
30480,6,0.127843,0.881363,27,0,1000.000,1.924061,0.645436
30480,7,0.117795,0.925991,23,0,1000.000,1.857069,0.655279
30528,0,0.122832,0.881705,25,0,1000.000,2.014643,0.631862
30528,1,0.124996,0.901043,20,0,1000.000,1.659831,0.657463
30528,2,0.129991,0.887378,42,0,1000.000,2.105476,0.617968
30528,3,0.123371,0.890182,29,0,1000.000,1.803259,0.651770
30528,4,0.121972,0.921835,24,0,1000.000,1.627208,0.651205
30528,5,0.131201,0.911326,24,0,1000.000,1.835587,0.650227
30528,6,0.127843,0.902971,19,0,1000.000,1.777007,0.666341
30528,7,0.117795,0.914754,26,0,1000.000,1.884052,0.646750
30576,0,0.122832,0.911434,30,0,1000.000,1.768954,0.651596
30576,1,0.124996,0.911129,18,0,1000.000,1.803504,0.637003
30576,2,0.129991,0.890065,22,0,1000.000,2.052069,0.640009
30576,3,0.123371,0.877969,28,0,1000.000,2.162479,0.624467
30576,4,0.121972,0.914114,23,0,1000.000,1.876413,0.650056
30576,5,0.131201,0.901534,28,0,1000.000,2.017500,0.638637
30576,6,0.127843,0.912726,21,0,1000.000,1.930339,0.652999
30576,7,0.117795,0.935936,19,0,1000.000,1.641026,0.648680
30624,0,0.122832,0.888505,25,0,1000.000,1.871690,0.640938
30624,1,0.124996,0.924606,33,0,1000.000,1.822947,0.647047
30624,2,0.129991,0.909505,27,0,1000.000,1.975109,0.655635
30624,3,0.123371,0.944265,16,0,1000.000,1.385396,0.651194
30624,4,0.121972,0.936728,34,0,1000.000,1.732086,0.661178
30624,5,0.131201,0.889134,38,0,1000.000,2.040016,0.632043
30624,6,0.127843,0.912671,20,0,1000.000,1.829698,0.649772
30624,7,0.117795,0.915564,29,0,1000.000,1.817424,0.653797
30672,0,0.122832,0.911868,32,0,1000.000,1.792326,0.650187
30672,1,0.124996,0.884400,28,0,1000.000,2.004806,0.636761
30672,2,0.129991,0.909752,33,0,1000.000,1.924584,0.642365
30672,3,0.123371,0.892789,35,0,1000.000,2.046093,0.628490
30672,4,0.121972,0.910511,30,0,1000.000,1.820660,0.649289
30672,5,0.131201,0.907548,23,0,1000.000,2.003648,0.639720
30672,6,0.127843,0.923796,33,0,1000.000,1.734262,0.650919
30672,7,0.117795,0.902873,30,0,1000.000,1.851890,0.660848
30720,0,0.122832,0.906138,34,0,1000.000,2.017914,0.646456
30720,1,0.124996,0.931486,30,0,1000.000,1.594212,0.641416
30720,2,0.129991,0.901967,39,0,1000.000,1.824564,0.647158
30720,3,0.123371,0.897643,33,0,1000.000,1.871595,0.641401
30720,4,0.121972,0.928324,31,0,1000.000,1.795360,0.648327
30720,5,0.131201,0.916580,25,0,1000.000,2.163951,0.636617
30720,6,0.127843,0.880844,28,0,1000.000,2.305276,0.628382
30720,7,0.117795,0.936482,34,0,1000.000,1.682343,0.662794
30768,0,0.122832,0.920276,36,0,1000.000,1.667175,0.643254
30768,1,0.124996,0.903266,25,0,1000.000,1.933680,0.634487
30768,2,0.129991,0.917752,19,0,1000.000,1.590611,0.647907
30768,3,0.123371,0.907119,33,0,1000.000,1.981189,0.638391
30768,4,0.121972,0.916579,29,0,1000.000,1.908038,0.653266
30768,5,0.131201,0.876778,24,0,1000.000,2.144378,0.635642
30768,6,0.127843,0.924634,33,0,1000.000,1.703752,0.655388
30768,7,0.117795,0.912393,27,0,1000.000,1.816511,0.654261
30816,0,0.122832,0.903413,26,0,1000.000,2.176185,0.645809
30816,1,0.124996,0.892433,23,0,1000.000,2.053577,0.639869
30816,2,0.129991,0.894202,29,0,1000.000,1.629658,0.640480
30816,3,0.123371,0.909948,21,0,1000.000,1.754441,0.633864
30816,4,0.121972,0.897803,29,0,1000.000,1.710395,0.643629
30816,5,0.131201,0.892185,24,0,1000.000,2.190215,0.630582
30816,6,0.127843,0.906382,23,0,1000.000,1.936941,0.650408
30816,7,0.117795,0.867068,26,1,981.769,2.070305,0.629003
30864,0,0.122832,0.926403,15,0,1000.000,1.877386,0.651990
30864,1,0.124996,0.916571,16,0,1000.000,1.607135,0.666174
30864,2,0.129991,0.902852,16,0,1000.000,1.903852,0.637567
30864,3,0.123371,0.908355,27,0,1000.000,1.861161,0.649779
30864,4,0.121972,0.900610,18,0,1000.000,2.032712,0.632820
30864,5,0.131201,0.907015,16,0,1000.000,1.785069,0.649580
30864,6,0.127843,0.896997,12,0,1000.000,1.886884,0.624536
30864,7,0.117795,0.909240,11,0,1000.000,2.109874,0.629393
30912,0,0.122832,0.900107,23,0,1000.000,1.918315,0.640378
30912,1,0.124996,0.890313,20,0,1000.000,1.961013,0.625896
30912,2,0.129991,0.925801,25,0,1000.000,1.629893,0.656367
30912,3,0.123371,0.908930,24,0,1000.000,1.537143,0.640289
30912,4,0.121972,0.913286,17,0,1000.000,1.703892,0.647800
30912,5,0.131201,0.898158,20,0,1000.000,1.917017,0.640907
30912,6,0.127843,0.870465,20,0,1000.000,2.341319,0.626205
30912,7,0.117795,0.929190,20,0,1000.000,1.865523,0.648161
30960,0,0.122832,0.885571,20,0,1000.000,1.871574,0.640186
30960,1,0.124996,0.887953,27,0,1000.000,1.638810,0.637917
30960,2,0.129991,0.880642,31,0,1000.000,2.126616,0.622007
30960,3,0.123371,0.907223,27,0,1000.000,1.900699,0.637148
30960,4,0.121972,0.890990,19,0,1000.000,2.042062,0.625175
30960,5,0.131201,0.911268,35,0,1000.000,1.993835,0.644046
30960,6,0.127843,0.929261,18,0,1000.000,1.816332,0.664579
30960,7,0.117795,0.913204,40,0,1000.000,2.011782,0.648535
31008,0,0.122832,0.881216,25,0,1000.000,2.083607,0.641037
31008,1,0.124996,0.885086,22,0,1000.000,2.012115,0.631757
31008,2,0.129991,0.904668,27,0,1000.000,1.898467,0.640920
31008,3,0.123371,0.879570,20,0,1000.000,1.922637,0.633678
31008,4,0.121972,0.891858,28,0,1000.000,2.345903,0.627007
31008,5,0.131201,0.900335,21,0,1000.000,2.073560,0.638508
31008,6,0.127843,0.904590,27,0,1000.000,1.871798,0.631361
31008,7,0.117795,0.876480,22,0,1000.000,1.988181,0.638343
31056,0,0.122832,0.929540,34,0,1000.000,1.457383,0.648543
31056,1,0.124996,0.927889,16,0,1000.000,1.587285,0.672859
31056,2,0.129991,0.916033,21,0,1000.000,1.686703,0.652146
31056,3,0.123371,0.925924,28,0,1000.000,1.759105,0.647078
31056,4,0.121972,0.895166,39,0,1000.000,1.819260,0.634794
31056,5,0.131201,0.909904,28,0,1000.000,1.817050,0.649617
31056,6,0.127843,0.934032,23,0,1000.000,1.601422,0.654711
31056,7,0.117795,0.904413,27,0,1000.000,1.980552,0.647522
31104,0,0.122832,0.901066,30,0,1000.000,1.904897,0.627222
31104,1,0.124996,0.922921,25,0,1000.000,1.556959,0.657046
31104,2,0.129991,0.870675,43,0,1000.000,2.138207,0.620217
31104,3,0.123371,0.890558,25,0,1000.000,1.851880,0.633951
31104,4,0.121972,0.862270,28,0,1000.000,1.879078,0.634858
31104,5,0.131201,0.928809,31,0,1000.000,1.412646,0.666269
31104,6,0.127843,0.915970,28,0,1000.000,1.773190,0.646261
31104,7,0.117795,0.899440,31,0,1000.000,2.159165,0.636086
31152,0,0.122832,0.913469,23,0,1000.000,1.739469,0.645115
31152,1,0.124996,0.925892,26,0,1000.000,1.766134,0.646996
31152,2,0.129991,0.867208,22,0,1000.000,1.793321,0.637250
31152,3,0.123371,0.920608,26,0,1000.000,1.961762,0.646634
31152,4,0.121972,0.921968,31,0,1000.000,1.512334,0.649358
31152,5,0.131201,0.920499,21,0,1000.000,1.786986,0.654254
31152,6,0.127843,0.859925,25,0,1000.000,2.127985,0.632696
31152,7,0.117795,0.908789,26,0,1000.000,1.835187,0.645760
31200,0,0.122832,0.897798,21,0,1000.000,1.761672,0.647967
31200,1,0.124996,0.913312,20,0,1000.000,2.273676,0.629642
31200,2,0.129991,0.919030,20,0,1000.000,1.718887,0.649925
31200,3,0.123371,0.894442,25,1,961.920,1.760529,0.616282
31200,4,0.121972,0.926313,22,0,1000.000,1.862382,0.639515
31200,5,0.131201,0.924013,24,0,1000.000,1.759537,0.634189
31200,6,0.127843,0.899087,18,0,1000.000,2.216923,0.630090
31200,7,0.117795,0.776212,15,2,883.933,1.535745,0.602819
31248,0,0.122832,0.894066,20,0,1000.000,2.024641,0.630486
31248,1,0.124996,0.920052,15,0,1000.000,1.710515,0.659380
31248,2,0.129991,0.873524,19,0,1000.000,2.197706,0.633703
31248,3,0.123371,0.910795,18,0,1000.000,1.874843,0.635434
31248,4,0.121972,0.920435,17,0,1000.000,1.887414,0.646949
31248,5,0.131201,0.949832,13,0,1000.000,1.491491,0.675178
31248,6,0.127843,0.891278,20,0,1000.000,1.980876,0.638905
31248,7,0.117795,0.910215,22,0,1000.000,1.780481,0.645177
31296,0,0.131610,0.921535,19,0,1000.000,1.742599,0.652685
31296,1,0.121708,0.931110,21,0,1000.000,1.801529,0.664295
31296,2,0.118939,0.895844,20,0,1000.000,1.913571,0.625352
31296,3,0.123992,0.923256,24,0,1000.000,1.587827,0.642499
31296,4,0.128002,0.918283,26,0,1000.000,1.627038,0.646892
31296,5,0.117916,0.888248,25,0,1000.000,1.976385,0.628539
31296,6,0.126194,0.926576,16,0,1000.000,2.039514,0.648632
31296,7,0.131640,0.933672,21,0,1000.000,1.879320,0.662798
31392,0,0.131610,0.897018,50,0,1000.000,1.923531,0.636147
31392,1,0.121708,0.879686,40,0,1000.000,2.267964,0.624182
31392,2,0.118939,0.908326,40,0,1000.000,1.611125,0.649720
31392,3,0.123992,0.873700,42,0,1000.000,1.833309,0.635681
31392,4,0.128002,0.907677,48,0,1000.000,1.885593,0.647483
31392,5,0.117916,0.890389,35,0,1000.000,2.001182,0.626354
31392,6,0.126194,0.891794,48,0,1000.000,1.994178,0.642945
31392,7,0.131640,0.889523,28,0,1000.000,2.124990,0.632473
31440,0,0.131610,0.896086,26,0,1000.000,1.896807,0.638336
31440,1,0.121708,0.925048,19,0,1000.000,1.717555,0.649914
31440,2,0.118939,0.890771,17,0,1000.000,2.111794,0.634129
31440,3,0.123992,0.928753,23,0,1000.000,1.382571,0.664748
31440,4,0.128002,0.908177,24,0,1000.000,2.047195,0.647606
31440,5,0.117916,0.922618,24,0,1000.000,1.763036,0.651160
31440,6,0.126194,0.923047,21,0,1000.000,1.697737,0.664111
31440,7,0.131640,0.920985,28,0,1000.000,1.819266,0.656087
31488,0,0.131610,0.911037,28,1,968.107,1.492883,0.643180
31488,1,0.121708,0.918110,21,0,1000.000,1.764390,0.651490
31488,2,0.118939,0.907608,32,0,1000.000,1.942630,0.649650
31488,3,0.123992,0.904910,30,0,1000.000,1.864936,0.656999
31488,4,0.128002,0.897736,30,0,1000.000,1.818554,0.638936
31488,5,0.117916,0.905152,27,0,1000.000,1.913166,0.650009
31488,6,0.126194,0.911353,26,0,1000.000,1.669411,0.654127
31488,7,0.131640,0.923982,37,0,1000.000,1.682066,0.657076
31536,0,0.131610,0.891083,34,1,995.206,1.771378,0.638417
31536,1,0.121708,0.922492,18,0,1000.000,1.721467,0.659180
31536,2,0.118939,0.872406,23,0,1000.000,1.908799,0.626648
31536,3,0.123992,0.888878,15,0,1000.000,2.032130,0.652109
31536,4,0.128002,0.890998,20,0,1000.000,2.475219,0.630783
31536,5,0.117916,0.912960,34,0,1000.000,1.939497,0.656282
31536,6,0.126194,0.892629,30,0,1000.000,2.040328,0.647913
31536,7,0.131640,0.927900,33,0,1000.000,1.486413,0.658085
31584,0,0.131610,0.936624,25,0,1000.000,1.493292,0.666461
31584,1,0.121708,0.936185,19,0,1000.000,1.339116,0.646253
31584,2,0.118939,0.923181,21,0,1000.000,1.389340,0.653849
31584,3,0.123992,0.921440,22,0,1000.000,1.971770,0.649289
31584,4,0.128002,0.907734,30,0,1000.000,1.901625,0.656301
31584,5,0.117916,0.897067,19,0,1000.000,1.857028,0.640394
31584,6,0.126194,0.934389,29,0,1000.000,1.317952,0.654273
31584,7,0.131640,0.908193,27,0,1000.000,1.746341,0.659415
31632,0,0.131610,0.903559,31,0,1000.000,1.923959,0.648910
31632,1,0.121708,0.904499,29,0,1000.000,1.996378,0.639421
31632,2,0.118939,0.911987,26,0,1000.000,1.907705,0.658489
31632,3,0.123992,0.885661,26,0,1000.000,2.242848,0.644548
31632,4,0.128002,0.893008,24,0,1000.000,1.992496,0.638730
31632,5,0.117916,0.934491,23,0,1000.000,1.384343,0.683154
31632,6,0.126194,0.913469,38,0,1000.000,1.774664,0.651050
31632,7,0.131640,0.913639,34,0,1000.000,1.775810,0.650338
31680,0,0.131610,0.860148,33,0,1000.000,2.002538,0.627313
31680,1,0.121708,0.900455,27,0,1000.000,1.738741,0.642782
31680,2,0.118939,0.906745,26,0,1000.000,1.875989,0.644939
31680,3,0.123992,0.919466,26,0,1000.000,1.923901,0.651791
31680,4,0.128002,0.913911,38,0,1000.000,1.705756,0.651324
31680,5,0.117916,0.922171,33,0,1000.000,1.639474,0.658132
31680,6,0.126194,0.932275,34,0,1000.000,1.699231,0.657664
31680,7,0.131640,0.892980,32,0,1000.000,2.145859,0.636281
31728,0,0.131610,0.927211,30,0,1000.000,1.556949,0.649252
31728,1,0.121708,0.896030,35,0,1000.000,1.975682,0.643725
31728,2,0.118939,0.909648,29,0,1000.000,1.893539,0.652947
31728,3,0.123992,0.939660,16,0,1000.000,1.764307,0.675057
31728,4,0.128002,0.907551,29,0,1000.000,1.948095,0.649405
31728,5,0.117916,0.910754,33,0,1000.000,2.050766,0.648895
31728,6,0.126194,0.932598,24,0,1000.000,1.323549,0.660985
31728,7,0.131640,0.879804,33,0,1000.000,1.973661,0.632338
31776,0,0.131610,0.898702,38,0,1000.000,1.915991,0.638996
31776,1,0.121708,0.904159,36,0,1000.000,1.781494,0.640874
31776,2,0.118939,0.931227,28,0,1000.000,1.648722,0.669503
31776,3,0.123992,0.923202,27,0,1000.000,1.691792,0.660189
31776,4,0.128002,0.914552,18,0,1000.000,1.715501,0.654704
31776,5,0.117916,0.879840,24,0,1000.000,2.072352,0.639513
31776,6,0.126194,0.894638,30,0,1000.000,1.872802,0.637216
31776,7,0.131640,0.913651,30,0,1000.000,1.859794,0.652820
31872,0,0.131610,0.914736,32,0,1000.000,1.863197,0.649788
31872,1,0.121708,0.912908,52,0,1000.000,1.780433,0.639523
31872,2,0.118939,0.903009,41,0,1000.000,1.759526,0.641601
31872,3,0.123992,0.918739,44,0,1000.000,1.580078,0.659327
31872,4,0.128002,0.936720,37,0,1000.000,1.742380,0.647375
31872,5,0.117916,0.913758,45,0,1000.000,1.946314,0.650466
31872,6,0.126194,0.928001,34,0,1000.000,1.623024,0.652046
31872,7,0.131640,0.906133,43,1,999.116,1.760600,0.654480
31920,0,0.131610,0.929072,28,0,1000.000,1.725272,0.653187
31920,1,0.121708,0.903817,19,0,1000.000,1.728116,0.647426
31920,2,0.118939,0.877090,17,0,1000.000,1.944017,0.625151
31920,3,0.123992,0.927825,24,0,1000.000,1.482104,0.650434
31920,4,0.128002,0.896360,21,0,1000.000,1.848304,0.640879
31920,5,0.117916,0.924877,23,0,1000.000,1.678393,0.665363
31920,6,0.126194,0.908070,22,0,1000.000,2.137217,0.640438
31920,7,0.131640,0.901196,22,0,1000.000,2.109073,0.650446
31968,0,0.131610,0.922979,25,0,1000.000,1.669606,0.647294
31968,1,0.121708,0.899877,23,0,1000.000,1.547262,0.643298
31968,2,0.118939,0.890055,26,0,1000.000,1.869965,0.639834
31968,3,0.123992,0.898056,36,0,1000.000,1.922716,0.639136
31968,4,0.128002,0.888292,27,0,1000.000,2.159939,0.631827
31968,5,0.117916,0.919699,22,0,1000.000,1.811279,0.649641
31968,6,0.126194,0.918101,26,0,1000.000,1.699284,0.656234
31968,7,0.131640,0.915206,26,0,1000.000,2.060102,0.639121
32016,0,0.131610,0.913354,36,0,1000.000,1.840795,0.645650
32016,1,0.121708,0.876280,21,0,1000.000,1.821413,0.636751
32016,2,0.118939,0.904438,25,0,1000.000,1.823039,0.648226
32016,3,0.123992,0.909971,26,0,1000.000,1.640161,0.641937
32016,4,0.128002,0.917871,21,0,1000.000,1.765066,0.651649
32016,5,0.117916,0.898996,26,0,1000.000,1.677060,0.646995
32016,6,0.126194,0.913085,27,0,1000.000,1.665442,0.648941
32016,7,0.131640,0.898261,20,0,1000.000,1.885241,0.639924
32064,0,0.131610,0.891709,31,0,1000.000,1.865804,0.643262
32064,1,0.121708,0.865618,25,0,1000.000,2.337666,0.614234
32064,2,0.118939,0.911772,22,0,1000.000,1.839395,0.648223
32064,3,0.123992,0.891473,28,0,1000.000,1.834143,0.627788
32064,4,0.128002,0.887269,25,0,1000.000,2.114329,0.636486
32064,5,0.117916,0.897045,28,0,1000.000,1.841527,0.645575
32064,6,0.126194,0.914957,29,0,1000.000,1.756894,0.656630
32064,7,0.131640,0.931812,19,0,1000.000,1.903158,0.657718
32112,0,0.131610,0.916172,35,1,989.000,1.789149,0.642793
32112,1,0.121708,0.915781,28,0,1000.000,1.827479,0.656788
32112,2,0.118939,0.892437,35,0,1000.000,1.993392,0.635912
32112,3,0.123992,0.925914,31,0,1000.000,1.835309,0.657593
32112,4,0.128002,0.926394,34,0,1000.000,1.737710,0.648929
32112,5,0.117916,0.892192,34,0,1000.000,1.985385,0.626497
32112,6,0.126194,0.912558,22,0,1000.000,1.699036,0.637524
32112,7,0.131640,0.884666,25,0,1000.000,1.695427,0.646301
32160,0,0.131610,0.879590,23,1,959.087,1.817688,0.619979
32160,1,0.121708,0.884422,23,0,1000.000,1.825522,0.624621
32160,2,0.118939,0.899474,19,0,1000.000,1.832529,0.640246
32160,3,0.123992,0.883495,32,0,1000.000,1.917092,0.621685
32160,4,0.128002,0.918490,26,0,1000.000,1.869997,0.644867
32160,5,0.117916,0.910586,25,0,1000.000,1.690439,0.645276
32160,6,0.126194,0.901556,27,0,1000.000,2.090312,0.629446
32160,7,0.131640,0.938484,21,0,1000.000,1.625136,0.659922
32208,0,0.131610,0.907322,18,0,1000.000,1.753629,0.650740
32208,1,0.121708,0.925809,29,0,1000.000,1.562868,0.651314
32208,2,0.118939,0.903769,18,0,1000.000,1.965068,0.640689
32208,3,0.123992,0.914208,18,0,1000.000,1.669723,0.618570
32208,4,0.128002,0.878128,22,0,1000.000,2.133468,0.631767
32208,5,0.117916,0.914528,15,0,1000.000,1.731998,0.653146
32208,6,0.126194,0.897812,19,0,1000.000,2.068029,0.635891
32208,7,0.131640,0.903263,15,0,1000.000,1.408816,0.633916
32256,0,0.131610,0.894903,17,0,1000.000,1.646436,0.632992
32256,1,0.121708,0.922103,17,0,1000.000,1.696915,0.642824
32256,2,0.118939,0.924662,18,0,1000.000,1.920283,0.660131
32256,3,0.123992,0.941994,18,0,1000.000,1.555026,0.671984
32256,4,0.128002,0.919886,21,0,1000.000,1.512562,0.646281
32256,5,0.117916,0.903920,13,0,1000.000,2.219778,0.638587
32256,6,0.126194,0.919265,23,0,1000.000,1.845883,0.654618
32256,7,0.131640,0.854261,24,0,1000.000,2.199347,0.614586
32352,0,0.131610,0.897790,39,0,1000.000,2.057958,0.634092
32352,1,0.121708,0.918827,37,0,1000.000,1.952775,0.650958
32352,2,0.118939,0.876494,45,0,1000.000,2.094400,0.626346
32352,3,0.123992,0.921899,43,0,1000.000,1.479635,0.653164
32352,4,0.128002,0.922246,36,0,1000.000,1.577906,0.666309
32352,5,0.117916,0.932494,36,0,1000.000,1.686579,0.660407
32352,6,0.126194,0.896800,44,0,1000.000,1.986780,0.630509
32352,7,0.131640,0.906290,50,0,1000.000,1.819396,0.646932
32400,0,0.131610,0.890336,26,0,1000.000,1.804846,0.632552
32400,1,0.121708,0.926267,25,0,1000.000,1.679011,0.663460
32400,2,0.118939,0.919787,18,0,1000.000,1.441695,0.643849
32400,3,0.123992,0.923435,15,0,1000.000,1.600515,0.662098
32400,4,0.128002,0.939963,26,0,1000.000,1.407198,0.656011
32400,5,0.117916,0.902132,17,0,1000.000,1.927340,0.649334
32400,6,0.126194,0.907191,22,0,1000.000,1.963465,0.643794
32400,7,0.131640,0.890368,26,0,1000.000,1.896983,0.643634
32448,0,0.131610,0.907865,26,0,1000.000,1.985126,0.646310
32448,1,0.121708,0.914542,18,0,1000.000,1.637555,0.656528
32448,2,0.118939,0.874800,22,0,1000.000,2.232605,0.629043
32448,3,0.123992,0.877126,20,0,1000.000,1.828707,0.642963
32448,4,0.128002,0.866461,29,0,1000.000,2.190441,0.628645
32448,5,0.117916,0.909300,23,0,1000.000,2.144280,0.645201
32448,6,0.126194,0.893257,19,0,1000.000,1.855933,0.652026
32448,7,0.131640,0.940139,30,0,1000.000,1.651294,0.661274
32496,0,0.131610,0.909199,39,0,1000.000,1.769455,0.652103
32496,1,0.121708,0.906287,34,0,1000.000,1.725560,0.639975
32496,2,0.118939,0.914590,24,0,1000.000,1.512781,0.648932
32496,3,0.123992,0.913608,34,0,1000.000,1.899950,0.642912
32496,4,0.128002,0.926946,28,0,1000.000,1.797962,0.658413
32496,5,0.117916,0.912981,25,0,1000.000,1.703485,0.651738
32496,6,0.126194,0.914010,28,0,1000.000,1.804346,0.646002
32496,7,0.131640,0.874581,28,0,1000.000,1.986091,0.641465
32544,0,0.131610,0.891768,25,0,1000.000,1.898842,0.642332
32544,1,0.121708,0.932476,31,0,1000.000,1.593364,0.648942
32544,2,0.118939,0.921381,14,0,1000.000,2.074955,0.643449
32544,3,0.123992,0.922044,21,0,1000.000,1.565653,0.655584
32544,4,0.128002,0.921704,30,0,1000.000,1.670648,0.659105
32544,5,0.117916,0.871659,28,0,1000.000,2.201608,0.619163
32544,6,0.126194,0.908727,20,0,1000.000,2.171702,0.640999
32544,7,0.131640,0.885232,18,0,1000.000,2.347558,0.631896
32592,0,0.131610,0.898613,28,0,1000.000,1.675197,0.638318
32592,1,0.121708,0.911331,29,0,1000.000,1.814518,0.643808
32592,2,0.118939,0.937374,23,0,1000.000,1.549602,0.652263
32592,3,0.123992,0.884186,21,0,1000.000,1.882919,0.638633
32592,4,0.128002,0.879390,19,0,1000.000,1.846218,0.628591
32592,5,0.117916,0.930813,20,0,1000.000,1.654163,0.654303
32592,6,0.126194,0.912795,30,0,1000.000,2.085037,0.646873
32592,7,0.131640,0.857818,29,0,1000.000,1.984248,0.627929
32640,0,0.131610,0.902879,27,0,1000.000,2.066548,0.644044
32640,1,0.121708,0.923715,24,0,1000.000,1.536945,0.644831
32640,2,0.118939,0.896795,29,0,1000.000,1.981753,0.617799
32640,3,0.123992,0.913447,28,0,1000.000,1.798411,0.652429
32640,4,0.128002,0.893452,40,0,1000.000,1.842785,0.636470
32640,5,0.117916,0.893961,28,0,1000.000,1.988566,0.643319
32640,6,0.126194,0.894192,33,0,1000.000,1.822029,0.649920
32640,7,0.131640,0.899269,32,0,1000.000,2.100466,0.637790
32688,0,0.131610,0.933151,28,0,1000.000,1.496890,0.670961
32688,1,0.121708,0.888179,19,0,1000.000,1.917319,0.628711
32688,2,0.118939,0.916195,40,0,1000.000,1.876046,0.644914
32688,3,0.123992,0.896707,30,0,1000.000,2.038450,0.645340
32688,4,0.128002,0.905442,34,0,1000.000,1.674877,0.649389
32688,5,0.117916,0.881675,27,0,1000.000,1.980759,0.636729
32688,6,0.126194,0.901007,41,0,1000.000,2.105668,0.643341
32688,7,0.131640,0.919643,33,0,1000.000,1.912829,0.640132
32736,0,0.131610,0.929704,32,0,1000.000,1.513295,0.655519
32736,1,0.121708,0.909449,23,0,1000.000,1.720247,0.650777
32736,2,0.118939,0.907826,37,0,1000.000,1.831255,0.645374
32736,3,0.123992,0.907053,31,0,1000.000,1.912568,0.636469
32736,4,0.128002,0.907392,35,0,1000.000,1.949522,0.646140
32736,5,0.117916,0.898161,24,0,1000.000,1.749097,0.645608
32736,6,0.126194,0.920498,22,0,1000.000,1.733546,0.658274
32736,7,0.131640,0.900422,22,0,1000.000,1.998391,0.634351
32784,0,0.131610,0.931951,32,0,1000.000,1.691662,0.654333
32784,1,0.121708,0.918192,20,0,1000.000,1.812052,0.658064
32784,2,0.118939,0.865489,27,0,1000.000,2.206218,0.626029
32784,3,0.123992,0.895917,31,0,1000.000,1.931850,0.632679
32784,4,0.128002,0.889859,31,0,1000.000,1.961039,0.639057
32784,5,0.117916,0.900674,31,0,1000.000,2.091056,0.636215
32784,6,0.126194,0.905303,32,0,1000.000,1.879125,0.643907
32784,7,0.131640,0.879185,21,0,1000.000,1.964851,0.642577
32832,0,0.131610,0.933192,16,0,1000.000,1.650442,0.651715
32832,1,0.121708,0.916687,16,0,1000.000,1.557708,0.657737
32832,2,0.118939,0.892376,23,0,1000.000,1.785701,0.640180
32832,3,0.123992,0.896867,21,0,1000.000,2.065592,0.635834
32832,4,0.128002,0.902232,27,0,1000.000,1.992471,0.640444
32832,5,0.117916,0.882980,26,0,1000.000,2.057028,0.631240
32832,6,0.126194,0.891067,25,0,1000.000,2.217975,0.639369
32832,7,0.131640,0.897535,26,0,1000.000,1.903565,0.637084
32880,0,0.131610,0.908414,13,0,1000.000,1.873655,0.640635
32880,1,0.121708,0.937491,17,0,1000.000,1.441077,0.657220
32880,2,0.118939,0.881011,19,0,1000.000,1.838469,0.643362
32880,3,0.123992,0.898762,18,0,1000.000,2.213006,0.631372
32880,4,0.128002,0.897409,15,0,1000.000,1.800916,0.625087
32880,5,0.117916,0.863505,17,0,1000.000,2.251867,0.616678
32880,6,0.126194,0.875875,14,0,1000.000,2.033860,0.626981
32880,7,0.131640,0.898764,26,0,1000.000,1.646696,0.640109
32928,0,0.131610,0.910342,31,0,1000.000,1.838641,0.650344
32928,1,0.121708,0.918722,28,0,1000.000,1.824370,0.646783
32928,2,0.118939,0.896978,20,0,1000.000,2.041704,0.635328
32928,3,0.123992,0.885830,14,0,1000.000,1.537893,0.637485
32928,4,0.128002,0.829395,18,0,1000.000,2.274442,0.611889
32928,5,0.117916,0.921254,27,0,1000.000,1.883376,0.650899
32928,6,0.126194,0.883588,26,0,1000.000,2.084619,0.631640
32928,7,0.131640,0.926983,23,0,1000.000,1.637394,0.660579
32976,0,0.131610,0.907581,27,0,1000.000,1.674817,0.644260
32976,1,0.121708,0.914820,35,0,1000.000,1.760511,0.643966
32976,2,0.118939,0.909283,19,0,1000.000,1.729416,0.658853
32976,3,0.123992,0.901620,38,0,1000.000,1.758406,0.649037
32976,4,0.128002,0.926244,20,0,1000.000,2.034735,0.640037
32976,5,0.117916,0.915204,15,0,1000.000,1.953803,0.645936
32976,6,0.126194,0.899900,23,0,1000.000,1.745981,0.641200
32976,7,0.131640,0.913050,29,0,1000.000,1.988380,0.640552
33024,0,0.131610,0.871317,36,0,1000.000,2.126965,0.633393
33024,1,0.121708,0.903467,19,0,1000.000,1.757887,0.631275
33024,2,0.118939,0.883508,25,0,1000.000,2.047077,0.632310
33024,3,0.123992,0.870116,29,0,1000.000,2.178686,0.627212
33024,4,0.128002,0.863155,17,1,943.647,1.616780,0.631298
33024,5,0.117916,0.898855,27,0,1000.000,1.897495,0.646106
33024,6,0.126194,0.893691,28,0,1000.000,2.057227,0.628763
33024,7,0.131640,0.919647,29,0,1000.000,1.701707,0.639315
33072,0,0.131610,0.880449,26,0,1000.000,1.842483,0.625297
33072,1,0.121708,0.895587,19,0,1000.000,1.883029,0.634563
33072,2,0.118939,0.923007,20,0,1000.000,1.759011,0.645138
33072,3,0.123992,0.907707,22,0,1000.000,1.593395,0.648292
33072,4,0.128002,0.898098,38,0,1000.000,1.973395,0.647245
33072,5,0.117916,0.887441,33,0,1000.000,1.981372,0.639574
33072,6,0.126194,0.895232,20,0,1000.000,1.555220,0.641914
33072,7,0.131640,0.884723,38,0,1000.000,1.926162,0.632725
33120,0,0.131610,0.883422,30,0,1000.000,1.788472,0.632177
33120,1,0.121708,0.899663,24,1,999.292,1.870036,0.630988
33120,2,0.118939,0.893691,35,0,1000.000,1.902143,0.643118
33120,3,0.123992,0.918936,32,0,1000.000,1.583023,0.629423
33120,4,0.128002,0.910992,36,0,1000.000,1.576600,0.642137
33120,5,0.117916,0.911843,26,0,1000.000,1.702979,0.654475
33120,6,0.126194,0.908095,24,0,1000.000,1.996724,0.639547
33120,7,0.131640,0.879328,32,0,1000.000,2.154608,0.628417
33216,0,0.131610,0.889775,49,1,995.163,1.757730,0.633605
33216,1,0.121708,0.897874,39,0,1000.000,1.831538,0.634593
33216,2,0.118939,0.894487,35,0,1000.000,2.059505,0.629998
33216,3,0.123992,0.899251,37,0,1000.000,1.775049,0.638590
33216,4,0.128002,0.905499,44,0,1000.000,1.786146,0.637017
33216,5,0.117916,0.899881,37,0,1000.000,2.225548,0.631069
33216,6,0.126194,0.898777,46,0,1000.000,1.592991,0.641352
33216,7,0.131640,0.919367,52,0,1000.000,1.823108,0.643354
33264,0,0.131610,0.933520,19,0,1000.000,1.475903,0.668163
33264,1,0.121708,0.868663,23,0,1000.000,2.279791,0.624064
33264,2,0.118939,0.935744,12,0,1000.000,1.577338,0.634487
33264,3,0.123992,0.901008,21,0,1000.000,1.875229,0.644234
33264,4,0.128002,0.925567,18,0,1000.000,1.775028,0.645211
33264,5,0.117916,0.891963,15,0,1000.000,2.027386,0.644968
33264,6,0.126194,0.913451,15,0,1000.000,1.705251,0.640456
33264,7,0.131640,0.889201,24,0,1000.000,2.020173,0.638433
33312,0,0.131610,0.885480,24,1,973.917,1.996801,0.631560
33312,1,0.121708,0.893679,23,0,1000.000,1.990992,0.627008
33312,2,0.118939,0.917282,14,0,1000.000,1.845844,0.648811
33312,3,0.123992,0.896343,22,0,1000.000,2.262607,0.634108
33312,4,0.128002,0.890448,23,0,1000.000,1.668339,0.642076
33312,5,0.117916,0.913316,16,0,1000.000,1.632806,0.655404
33312,6,0.126194,0.892969,29,0,1000.000,1.900955,0.647861
33312,7,0.131640,0.900558,23,0,1000.000,1.829886,0.647652
33360,0,0.131610,0.936575,22,0,1000.000,1.554515,0.659430
33360,1,0.121708,0.878040,15,0,1000.000,2.014493,0.626102
33360,2,0.118939,0.865711,15,0,1000.000,1.971144,0.622396
33360,3,0.123992,0.921233,20,0,1000.000,1.601725,0.658189
33360,4,0.128002,0.916305,10,0,1000.000,1.649531,0.668923
33360,5,0.117916,0.920575,29,0,1000.000,1.842112,0.646659
33360,6,0.126194,0.912655,25,0,1000.000,1.717584,0.642048
33360,7,0.131640,0.900939,29,0,1000.000,1.893918,0.636019
33408,0,0.131610,0.899753,21,0,1000.000,1.970073,0.635946
33408,1,0.121708,0.838914,20,0,1000.000,2.240495,0.601039
33408,2,0.118939,0.888650,19,0,1000.000,1.878788,0.624095
33408,3,0.123992,0.917096,23,0,1000.000,1.446684,0.659954
33408,4,0.128002,0.925183,22,0,1000.000,1.844675,0.653786
33408,5,0.117916,0.932240,21,0,1000.000,1.385750,0.662518
33408,6,0.126194,0.901374,21,0,1000.000,1.829349,0.641276
33408,7,0.131640,0.838326,23,0,1000.000,1.885654,0.625305
33456,0,0.131610,0.906948,26,2,975.654,1.789207,0.641673
33456,1,0.121708,0.899958,27,0,1000.000,1.846559,0.630851
33456,2,0.118939,0.874241,27,0,1000.000,2.311524,0.618541
33456,3,0.123992,0.908807,24,0,1000.000,1.848159,0.648328
33456,4,0.128002,0.886020,28,0,1000.000,2.034873,0.628247
33456,5,0.117916,0.874440,22,0,1000.000,2.149640,0.626200
33456,6,0.126194,0.884598,22,0,1000.000,2.067595,0.617745
33456,7,0.131640,0.916767,26,0,1000.000,1.675512,0.643518
33504,0,0.131610,0.895561,30,1,980.367,1.793987,0.626672
33504,1,0.121708,0.868115,34,1,972.529,1.710268,0.625428
33504,2,0.118939,0.914494,29,0,1000.000,1.757851,0.660248
33504,3,0.123992,0.911602,29,0,1000.000,1.700631,0.651074
33504,4,0.128002,0.897464,26,0,1000.000,1.985660,0.639193
33504,5,0.117916,0.916844,37,0,1000.000,1.816029,0.655759
33504,6,0.126194,0.917101,27,0,1000.000,1.772156,0.668990
33504,7,0.131640,0.896879,26,0,1000.000,1.847612,0.647810
33552,0,0.131610,0.893397,21,0,1000.000,2.072359,0.632610
33552,1,0.121708,0.902874,23,0,1000.000,1.783813,0.629275
33552,2,0.118939,0.896350,21,0,1000.000,2.133824,0.634641
33552,3,0.123992,0.850556,27,0,1000.000,2.231651,0.624086
33552,4,0.128002,0.925400,25,0,1000.000,1.827151,0.650961
33552,5,0.117916,0.921514,23,0,1000.000,1.799163,0.648501
33552,6,0.126194,0.898988,18,0,1000.000,1.730060,0.637270
33552,7,0.131640,0.915449,26,0,1000.000,1.842200,0.645078
33600,0,0.131610,0.898682,28,0,1000.000,1.872126,0.634696
33600,1,0.121708,0.923526,25,0,1000.000,1.527240,0.652634
33600,2,0.118939,0.922855,22,0,1000.000,1.876056,0.635972
33600,3,0.123992,0.906990,28,0,1000.000,1.967600,0.649030
33600,4,0.128002,0.848231,24,0,1000.000,2.286881,0.616345
33600,5,0.117916,0.903534,17,0,1000.000,1.821706,0.647778
33600,6,0.126194,0.872269,29,0,1000.000,2.216744,0.632060
33600,7,0.131640,0.928946,28,0,1000.000,1.636764,0.648954
33648,0,0.131610,0.888667,31,0,1000.000,2.169749,0.632435
33648,1,0.121708,0.922267,33,0,1000.000,1.913667,0.655110
33648,2,0.118939,0.916504,29,0,1000.000,1.777230,0.642046
33648,3,0.123992,0.886780,34,0,1000.000,1.942338,0.638090
33648,4,0.128002,0.875282,38,0,1000.000,2.041047,0.625851
33648,5,0.117916,0.879436,17,0,1000.000,2.205949,0.630784
33648,6,0.126194,0.918780,38,0,1000.000,1.709774,0.652800
33648,7,0.131640,0.873282,30,1,971.400,1.873246,0.620375
33696,0,0.119503,0.913264,28,0,1000.000,1.997428,0.647387
33696,1,0.129262,0.913882,36,0,1000.000,1.759122,0.637507
33696,2,0.126287,0.906605,28,0,1000.000,1.757823,0.638759
33696,3,0.122666,0.933335,29,0,1000.000,1.425163,0.662081
33696,4,0.118389,0.925280,37,0,1000.000,1.686047,0.654516
33696,5,0.132409,0.905834,35,0,1000.000,1.976219,0.651608
33696,6,0.128249,0.913614,25,0,1000.000,1.893637,0.651549
33696,7,0.123235,0.915737,33,0,1000.000,1.794312,0.656768
33744,0,0.119503,0.904100,28,1,975.500,1.850553,0.628586
33744,1,0.129262,0.937116,32,0,1000.000,1.400059,0.646081
33744,2,0.126287,0.896144,25,0,1000.000,2.127671,0.640167
33744,3,0.122666,0.913969,20,0,1000.000,1.710406,0.659253
33744,4,0.118389,0.917464,30,0,1000.000,2.037598,0.644000
33744,5,0.132409,0.874798,21,0,1000.000,2.006071,0.630933
33744,6,0.128249,0.929258,35,0,1000.000,1.765279,0.650166
33744,7,0.123235,0.889006,25,0,1000.000,1.968720,0.638920
33792,0,0.119503,0.881870,27,0,1000.000,2.323967,0.623291
33792,1,0.129262,0.891420,30,0,1000.000,1.846266,0.633963
33792,2,0.126287,0.898257,29,0,1000.000,1.944846,0.638070
33792,3,0.122666,0.867201,27,0,1000.000,2.455499,0.617715
33792,4,0.118389,0.914177,31,0,1000.000,1.940682,0.643674
33792,5,0.132409,0.890848,30,0,1000.000,1.969768,0.645181
33792,6,0.128249,0.929869,27,0,1000.000,1.756142,0.649181
33792,7,0.123235,0.879638,29,0,1000.000,2.171156,0.632707
33840,0,0.119503,0.875318,18,0,1000.000,2.093106,0.618791
33840,1,0.129262,0.913966,17,0,1000.000,1.956167,0.649443
33840,2,0.126287,0.896250,24,0,1000.000,1.907593,0.633549
33840,3,0.122666,0.891535,10,0,1000.000,1.665361,0.631700
33840,4,0.118389,0.901310,25,0,1000.000,1.800950,0.645205
33840,5,0.132409,0.909377,20,0,1000.000,2.098040,0.634440
33840,6,0.128249,0.923864,28,0,1000.000,1.816833,0.656657
33840,7,0.123235,0.897473,22,0,1000.000,1.836192,0.641387
33888,0,0.119503,0.926007,13,0,1000.000,1.789276,0.644236
33888,1,0.129262,0.873512,25,0,1000.000,1.999775,0.623511
33888,2,0.126287,0.935362,14,0,1000.000,1.604234,0.645801
33888,3,0.122666,0.942708,11,0,1000.000,1.363392,0.653243
33888,4,0.118389,0.918677,26,0,1000.000,1.539540,0.642509
33888,5,0.132409,0.903013,25,0,1000.000,1.934605,0.638825
33888,6,0.128249,0.915242,17,0,1000.000,1.996240,0.633764
33888,7,0.123235,0.929282,14,0,1000.000,1.234038,0.641556
33936,0,0.119503,0.930419,22,0,1000.000,1.746970,0.665907
33936,1,0.129262,0.925742,23,0,1000.000,1.701321,0.646227
33936,2,0.126287,0.880734,24,0,1000.000,2.218494,0.624493
33936,3,0.122666,0.899958,24,0,1000.000,1.963481,0.632141
33936,4,0.118389,0.904566,23,0,1000.000,2.042946,0.638178
33936,5,0.132409,0.913155,24,0,1000.000,1.687755,0.636147
33936,6,0.128249,0.933988,31,0,1000.000,1.554855,0.648950
33936,7,0.123235,0.910814,21,0,1000.000,1.877020,0.639976
33984,0,0.119503,0.902911,25,0,1000.000,1.750922,0.642530
33984,1,0.129262,0.916656,32,0,1000.000,1.666784,0.637122
33984,2,0.126287,0.891633,27,0,1000.000,1.977255,0.621288
33984,3,0.122666,0.928346,27,0,1000.000,1.870132,0.641333
33984,4,0.118389,0.875159,20,0,1000.000,2.240668,0.625533
33984,5,0.132409,0.929534,17,0,1000.000,1.784865,0.647375
33984,6,0.128249,0.910242,23,0,1000.000,1.919975,0.638628
33984,7,0.123235,0.936696,26,0,1000.000,1.513401,0.658402
34032,0,0.119503,0.924814,20,0,1000.000,1.702656,0.640420
34032,1,0.129262,0.907323,24,0,1000.000,1.687106,0.646656
34032,2,0.126287,0.895578,27,0,1000.000,1.903715,0.640717
34032,3,0.122666,0.907406,22,0,1000.000,1.964181,0.634671
34032,4,0.118389,0.906004,27,0,1000.000,1.816119,0.636774
34032,5,0.132409,0.908057,30,0,1000.000,1.787974,0.632035
34032,6,0.128249,0.874662,32,0,1000.000,2.335006,0.622230
34032,7,0.123235,0.922164,26,0,1000.000,1.806038,0.653286
34080,0,0.119503,0.865938,16,0,1000.000,2.078007,0.612197
34080,1,0.129262,0.881515,30,0,1000.000,2.007035,0.622365
34080,2,0.126287,0.900705,39,0,1000.000,1.929150,0.641508
34080,3,0.122666,0.912592,33,0,1000.000,1.774661,0.650142
34080,4,0.118389,0.916102,31,0,1000.000,1.622570,0.641692
34080,5,0.132409,0.912759,30,0,1000.000,1.871512,0.635099
34080,6,0.128249,0.943091,31,0,1000.000,1.354707,0.661752
34080,7,0.123235,0.903220,32,0,1000.000,1.901448,0.632165
34128,0,0.119503,0.914805,28,0,1000.000,1.874655,0.637221
34128,1,0.129262,0.928392,25,0,1000.000,1.316468,0.658582
34128,2,0.126287,0.916103,27,0,1000.000,1.842676,0.641678
34128,3,0.122666,0.894721,20,0,1000.000,1.728028,0.646292
34128,4,0.118389,0.900195,26,0,1000.000,1.690667,0.636406
34128,5,0.132409,0.910733,34,0,1000.000,1.610950,0.641245
34128,6,0.128249,0.914827,27,0,1000.000,1.875058,0.635832
34128,7,0.123235,0.914118,24,0,1000.000,2.120470,0.627162
34176,0,0.119503,0.893231,22,0,1000.000,1.885190,0.630287
34176,1,0.129262,0.911312,18,0,1000.000,2.007614,0.634395
34176,2,0.126287,0.935215,23,0,1000.000,1.756261,0.656103
34176,3,0.122666,0.869717,18,0,1000.000,2.309675,0.621959
34176,4,0.118389,0.925194,21,0,1000.000,1.514591,0.639463
34176,5,0.132409,0.938298,16,0,1000.000,1.703277,0.650097
34176,6,0.128249,0.884711,39,0,1000.000,2.115775,0.621070
34176,7,0.123235,0.917217,25,0,1000.000,1.640049,0.644313
34224,0,0.119503,0.911576,28,0,1000.000,1.718482,0.628556
34224,1,0.129262,0.922465,19,0,1000.000,1.559652,0.642893
34224,2,0.126287,0.861519,16,0,1000.000,2.062031,0.612654
34224,3,0.122666,0.916323,18,0,1000.000,1.821620,0.629190
34224,4,0.118389,0.901220,21,0,1000.000,2.084990,0.628902
34224,5,0.132409,0.879812,25,0,1000.000,2.033684,0.619427
34224,6,0.128249,0.929317,20,0,1000.000,1.944722,0.648846
34224,7,0.123235,0.910135,16,0,1000.000,1.841490,0.647636
34272,0,0.119503,0.901373,19,0,1000.000,1.580094,0.636029
34272,1,0.129262,0.917972,15,0,1000.000,1.550420,0.646807
34272,2,0.126287,0.872093,10,1,904.200,1.695720,0.607389
34272,3,0.122666,0.901765,17,0,1000.000,1.720059,0.631509
34272,4,0.118389,0.897684,23,0,1000.000,1.722373,0.651704
34272,5,0.132409,0.918284,20,0,1000.000,1.687398,0.632228
34272,6,0.128249,0.929506,16,0,1000.000,1.412599,0.656176
34272,7,0.123235,0.918811,21,0,1000.000,1.445396,0.641448
34320,0,0.119503,0.908875,24,0,1000.000,1.673327,0.646434
34320,1,0.129262,0.908477,21,0,1000.000,1.978173,0.624536
34320,2,0.126287,0.910220,17,0,1000.000,1.938381,0.652460
34320,3,0.122666,0.901131,19,0,1000.000,1.625026,0.639857
34320,4,0.118389,0.915091,28,0,1000.000,1.785067,0.647532
34320,5,0.132409,0.912998,23,0,1000.000,1.734267,0.644285
34320,6,0.128249,0.887854,22,0,1000.000,1.996527,0.628236
34320,7,0.123235,0.931687,20,0,1000.000,1.341524,0.654065
34368,0,0.119503,0.870772,18,0,1000.000,2.003082,0.640661
34368,1,0.129262,0.921360,21,0,1000.000,1.676051,0.649368
34368,2,0.126287,0.879210,24,0,1000.000,2.109745,0.626816
34368,3,0.122666,0.924537,15,0,1000.000,1.514696,0.649582
34368,4,0.118389,0.934995,23,0,1000.000,1.705199,0.652532
34368,5,0.132409,0.911490,29,0,1000.000,1.966773,0.638367
34368,6,0.128249,0.930025,21,0,1000.000,1.491981,0.652746
34368,7,0.123235,0.896820,21,0,1000.000,2.076441,0.635539
34416,0,0.119503,0.925074,10,0,1000.000,1.939745,0.647852
34416,1,0.129262,0.892643,22,0,1000.000,1.829210,0.630930
34416,2,0.126287,0.934103,23,0,1000.000,1.544714,0.647577
34416,3,0.122666,0.924474,14,0,1000.000,1.633461,0.623403
34416,4,0.118389,0.884232,29,0,1000.000,2.178149,0.634015
34416,5,0.132409,0.918597,33,0,1000.000,1.778102,0.647964
34416,6,0.128249,0.893897,17,0,1000.000,1.483308,0.643383
34416,7,0.123235,0.878489,19,0,1000.000,2.134036,0.637599
34464,0,0.119503,0.918819,25,0,1000.000,1.787290,0.636065
34464,1,0.129262,0.907421,28,0,1000.000,2.100622,0.637756
34464,2,0.126287,0.935049,23,0,1000.000,1.555475,0.655312
34464,3,0.122666,0.905296,26,0,1000.000,1.920760,0.630273
34464,4,0.118389,0.905363,26,0,1000.000,1.823364,0.646105
34464,5,0.132409,0.917335,31,0,1000.000,1.716031,0.652225
34464,6,0.128249,0.876839,23,0,1000.000,2.278551,0.630904
34464,7,0.123235,0.915003,29,0,1000.000,1.739111,0.651906
34512,0,0.119503,0.906946,29,0,1000.000,1.938390,0.637864
34512,1,0.129262,0.899424,24,0,1000.000,1.641545,0.630697
34512,2,0.126287,0.913901,28,0,1000.000,1.846833,0.645933
34512,3,0.122666,0.887111,21,0,1000.000,1.852394,0.627217
34512,4,0.118389,0.865888,23,0,1000.000,2.149390,0.621614
34512,5,0.132409,0.909923,37,0,1000.000,1.614559,0.639276
34512,6,0.128249,0.913653,31,0,1000.000,1.675818,0.644754
34512,7,0.123235,0.923337,35,0,1000.000,1.735701,0.646794
34560,0,0.119503,0.886995,16,0,1000.000,1.692394,0.643159
34560,1,0.129262,0.904206,32,0,1000.000,2.066933,0.642744
34560,2,0.126287,0.876309,23,0,1000.000,2.182472,0.633919
34560,3,0.122666,0.900780,22,0,1000.000,2.028805,0.626688
34560,4,0.118389,0.908424,29,0,1000.000,1.791684,0.643443
34560,5,0.132409,0.897624,19,0,1000.000,1.828834,0.649545
34560,6,0.128249,0.881231,22,0,1000.000,1.736831,0.630762
34560,7,0.123235,0.884091,19,0,1000.000,2.140341,0.622332
34608,0,0.119503,0.898688,18,0,1000.000,2.027869,0.640610
34608,1,0.129262,0.898406,19,0,1000.000,2.021765,0.645536
34608,2,0.126287,0.888904,36,0,1000.000,2.007953,0.620979
34608,3,0.122666,0.921684,28,0,1000.000,1.696098,0.659878
34608,4,0.118389,0.886598,25,0,1000.000,1.928905,0.649127
34608,5,0.132409,0.929929,29,0,1000.000,1.398715,0.646836
34608,6,0.128249,0.927827,28,0,1000.000,1.811158,0.645433
34608,7,0.123235,0.922165,29,0,1000.000,1.882282,0.649176
34656,0,0.119503,0.905129,34,0,1000.000,1.943398,0.647801
34656,1,0.129262,0.911106,39,0,1000.000,1.926506,0.633507
34656,2,0.126287,0.915167,29,0,1000.000,1.822381,0.648107
34656,3,0.122666,0.931861,27,0,1000.000,1.668284,0.648451
34656,4,0.118389,0.911635,27,0,1000.000,1.879625,0.656637
34656,5,0.132409,0.940870,24,0,1000.000,1.574956,0.661432
34656,6,0.128249,0.903522,31,0,1000.000,2.159305,0.627263
34656,7,0.123235,0.928728,32,0,1000.000,1.765300,0.650069
34704,0,0.119503,0.923027,29,0,1000.000,1.895276,0.644740
34704,1,0.129262,0.913480,37,0,1000.000,2.004935,0.640363
34704,2,0.126287,0.878136,38,0,1000.000,1.898930,0.632491
34704,3,0.122666,0.875027,26,0,1000.000,2.252811,0.630898
34704,4,0.118389,0.901434,38,0,1000.000,1.960163,0.638824
34704,5,0.132409,0.910152,27,0,1000.000,1.897677,0.648280
34704,6,0.128249,0.925613,30,0,1000.000,1.870561,0.648096
34704,7,0.123235,0.908785,28,0,1000.000,1.897448,0.644857
34752,0,0.119503,0.867250,31,0,1000.000,2.137100,0.624388
34752,1,0.129262,0.880881,28,0,1000.000,1.926724,0.617332
34752,2,0.126287,0.899195,22,0,1000.000,2.073614,0.630605
34752,3,0.122666,0.918348,32,0,1000.000,1.893056,0.641612
34752,4,0.118389,0.914419,21,0,1000.000,1.836572,0.636873
34752,5,0.132409,0.911978,26,0,1000.000,2.124359,0.641587
34752,6,0.128249,0.860966,27,0,1000.000,2.364336,0.614119
34752,7,0.123235,0.909084,28,0,1000.000,2.121098,0.631040
34848,0,0.119503,0.922527,42,0,1000.000,1.770510,0.651459
34848,1,0.129262,0.896078,51,0,1000.000,1.943471,0.637078
34848,2,0.126287,0.914495,47,0,1000.000,1.652496,0.648937
34848,3,0.122666,0.897695,49,0,1000.000,1.980452,0.627733
34848,4,0.118389,0.903801,59,0,1000.000,2.057466,0.634617
34848,5,0.132409,0.907268,54,0,1000.000,1.911078,0.642084
34848,6,0.128249,0.894935,44,0,1000.000,2.202018,0.628310
34848,7,0.123235,0.897307,42,0,1000.000,1.966164,0.636170
34896,0,0.119503,0.906299,10,0,1000.000,1.636580,0.626546
34896,1,0.129262,0.908858,22,0,1000.000,1.599661,0.651371
34896,2,0.126287,0.886799,16,0,1000.000,1.938553,0.637838
34896,3,0.122666,0.920806,21,0,1000.000,1.465324,0.654814
34896,4,0.118389,0.899449,16,0,1000.000,1.683985,0.642598
34896,5,0.132409,0.910690,15,0,1000.000,1.811188,0.628020
34896,6,0.128249,0.897461,21,0,1000.000,1.821722,0.648453
34896,7,0.123235,0.915509,23,0,1000.000,1.727750,0.633953
34944,0,0.119503,0.883124,28,0,1000.000,1.884447,0.622897
34944,1,0.129262,0.903384,28,0,1000.000,1.844631,0.647592
34944,2,0.126287,0.861041,13,0,1000.000,2.380706,0.609025
34944,3,0.122666,0.917679,33,0,1000.000,1.601141,0.646527
34944,4,0.118389,0.914229,24,0,1000.000,1.797377,0.631110
34944,5,0.132409,0.923245,25,0,1000.000,1.872942,0.629051
34944,6,0.128249,0.860352,23,0,1000.000,2.039896,0.624132
34944,7,0.123235,0.923047,29,0,1000.000,1.566999,0.649289
34992,0,0.119503,0.887280,30,0,1000.000,1.891931,0.628650
34992,1,0.129262,0.904656,29,0,1000.000,1.775905,0.631019
34992,2,0.126287,0.841843,22,0,1000.000,2.442583,0.612191
34992,3,0.122666,0.915258,24,0,1000.000,1.819812,0.647754
34992,4,0.118389,0.905119,20,0,1000.000,1.750896,0.630826
34992,5,0.132409,0.906843,31,0,1000.000,1.648173,0.643263
34992,6,0.128249,0.887004,16,0,1000.000,2.036678,0.641153
34992,7,0.123235,0.865181,25,1,973.760,1.900865,0.630236
35040,0,0.119503,0.903664,25,0,1000.000,1.701363,0.635696
35040,1,0.129262,0.899304,25,0,1000.000,1.978589,0.638371
35040,2,0.126287,0.880617,33,0,1000.000,1.905206,0.633365
35040,3,0.122666,0.921215,22,0,1000.000,1.834440,0.638775
35040,4,0.118389,0.892270,29,0,1000.000,1.767030,0.631263
35040,5,0.132409,0.915256,15,0,1000.000,1.950024,0.645118
35040,6,0.128249,0.894486,29,0,1000.000,2.040782,0.629031
35040,7,0.123235,0.881599,26,0,1000.000,1.979682,0.639240
35088,0,0.119503,0.891985,33,0,1000.000,1.700728,0.634839
35088,1,0.129262,0.939135,28,0,1000.000,1.493864,0.645506
35088,2,0.126287,0.914871,29,0,1000.000,1.719822,0.643080
35088,3,0.122666,0.915059,30,0,1000.000,1.708972,0.641585
35088,4,0.118389,0.886508,35,0,1000.000,1.962464,0.632313
35088,5,0.132409,0.916588,34,0,1000.000,1.670005,0.655820
35088,6,0.128249,0.902741,22,0,1000.000,1.691492,0.636497
35088,7,0.123235,0.897011,28,0,1000.000,1.770642,0.643649
35136,0,0.119503,0.946708,22,0,1000.000,1.520617,0.646275
35136,1,0.129262,0.899633,25,0,1000.000,1.737469,0.640309
35136,2,0.126287,0.887392,34,0,1000.000,1.892195,0.626045
35136,3,0.122666,0.931816,24,0,1000.000,1.772730,0.651066
35136,4,0.118389,0.890298,23,0,1000.000,2.087001,0.630630
35136,5,0.132409,0.880797,29,0,1000.000,1.995514,0.617383
35136,6,0.128249,0.899550,32,0,1000.000,1.959687,0.634122
35136,7,0.123235,0.901579,27,0,1000.000,2.038477,0.640887
35184,0,0.119503,0.902844,26,0,1000.000,1.901951,0.640150
35184,1,0.129262,0.909778,25,0,1000.000,1.903189,0.631130
35184,2,0.126287,0.882804,22,0,1000.000,1.880198,0.632219
35184,3,0.122666,0.910985,22,0,1000.000,1.599330,0.654924
35184,4,0.118389,0.883374,19,0,1000.000,2.045100,0.617450
35184,5,0.132409,0.900642,14,0,1000.000,2.078289,0.631413
35184,6,0.128249,0.894035,22,0,1000.000,1.905456,0.624632
35184,7,0.123235,0.917554,19,0,1000.000,1.584353,0.653970
35232,0,0.119503,0.897864,23,0,1000.000,2.023665,0.623377
35232,1,0.129262,0.899203,18,0,1000.000,1.658720,0.647540
35232,2,0.126287,0.918797,21,0,1000.000,1.722350,0.646260
35232,3,0.122666,0.927237,21,0,1000.000,1.692444,0.646131
35232,4,0.118389,0.940937,12,0,1000.000,1.783931,0.662927
35232,5,0.132409,0.905314,17,0,1000.000,2.083430,0.635470
35232,6,0.128249,0.910671,19,0,1000.000,1.917667,0.649686
35232,7,0.123235,0.869089,23,0,1000.000,2.067394,0.623548
35280,0,0.119503,0.908628,22,0,1000.000,1.459768,0.657452
35280,1,0.129262,0.901110,17,0,1000.000,1.712230,0.638745
35280,2,0.126287,0.901419,15,0,1000.000,1.577841,0.643790
35280,3,0.122666,0.907241,14,0,1000.000,1.495290,0.645958
35280,4,0.118389,0.896793,20,0,1000.000,1.771533,0.638638
35280,5,0.132409,0.932319,25,0,1000.000,1.253826,0.650201
35280,6,0.128249,0.914082,22,0,1000.000,2.013177,0.646852
35280,7,0.123235,0.913579,20,0,1000.000,2.037652,0.638294
35328,0,0.119503,0.931152,14,1,981.143,1.514984,0.640793
35328,1,0.129262,0.868833,23,0,1000.000,2.297642,0.623334
35328,2,0.126287,0.896531,16,0,1000.000,1.952821,0.636765
35328,3,0.122666,0.902398,22,0,1000.000,1.802599,0.631539
35328,4,0.118389,0.892853,24,0,1000.000,2.047130,0.638322
35328,5,0.132409,0.923482,19,0,1000.000,1.891659,0.647285
35328,6,0.128249,0.903505,24,0,1000.000,1.688284,0.646349
35328,7,0.123235,0.891204,25,0,1000.000,2.033245,0.645328
35376,0,0.119503,0.921791,23,0,1000.000,1.826872,0.656919
35376,1,0.129262,0.909516,22,0,1000.000,1.943743,0.630081
35376,2,0.126287,0.900304,32,0,1000.000,1.794938,0.639045
35376,3,0.122666,0.894660,17,0,1000.000,2.013938,0.644367
35376,4,0.118389,0.892617,22,0,1000.000,2.015998,0.644398
35376,5,0.132409,0.854068,22,0,1000.000,2.216015,0.623403
35376,6,0.128249,0.864419,21,0,1000.000,2.105439,0.619245
35376,7,0.123235,0.930314,19,0,1000.000,1.735351,0.654758
35424,0,0.119503,0.873930,18,0,1000.000,1.742051,0.630637
35424,1,0.129262,0.893594,22,0,1000.000,1.939256,0.639753
35424,2,0.126287,0.899548,21,0,1000.000,1.759543,0.638520
35424,3,0.122666,0.924098,21,0,1000.000,1.812510,0.652272
35424,4,0.118389,0.893269,18,0,1000.000,2.017531,0.630134
35424,5,0.132409,0.909301,22,0,1000.000,1.892019,0.650903
35424,6,0.128249,0.900873,26,0,1000.000,2.004603,0.631639
35424,7,0.123235,0.907232,22,0,1000.000,1.908002,0.631920
35472,0,0.119503,0.891521,23,0,1000.000,2.003242,0.632829
35472,1,0.129262,0.939380,26,0,1000.000,1.599491,0.666834
35472,2,0.126287,0.919559,34,0,1000.000,1.675234,0.645755
35472,3,0.122666,0.920397,22,0,1000.000,1.813481,0.657094
35472,4,0.118389,0.884881,26,0,1000.000,1.986409,0.638320
35472,5,0.132409,0.909512,35,0,1000.000,1.686335,0.642911
35472,6,0.128249,0.926340,25,0,1000.000,1.570746,0.655399
35472,7,0.123235,0.912001,32,0,1000.000,1.833076,0.634326
35520,0,0.119503,0.882859,24,0,1000.000,1.890777,0.619389
35520,1,0.129262,0.890719,29,0,1000.000,1.856862,0.639072
35520,2,0.126287,0.897495,24,0,1000.000,2.018292,0.638178
35520,3,0.122666,0.889502,22,0,1000.000,2.117403,0.635796
35520,4,0.118389,0.895839,31,0,1000.000,1.802013,0.652048
35520,5,0.132409,0.914920,30,0,1000.000,1.656776,0.647036
35520,6,0.128249,0.926193,21,0,1000.000,1.481346,0.649863
35520,7,0.123235,0.919677,34,0,1000.000,1.782467,0.641562
35568,0,0.119503,0.910214,30,1,982.900,1.892962,0.637966
35568,1,0.129262,0.895065,31,0,1000.000,1.997108,0.637097
35568,2,0.126287,0.908482,18,0,1000.000,2.005508,0.623401
35568,3,0.122666,0.905170,21,0,1000.000,1.690967,0.650618
35568,4,0.118389,0.867949,18,0,1000.000,2.098861,0.634804
35568,5,0.132409,0.873101,31,0,1000.000,2.188342,0.623174
35568,6,0.128249,0.907063,26,0,1000.000,1.801457,0.647708
35568,7,0.123235,0.868987,20,0,1000.000,2.051841,0.625995
35616,0,0.119503,0.920565,24,1,998.625,1.651509,0.651282
35616,1,0.129262,0.902126,29,0,1000.000,2.165809,0.628287
35616,2,0.126287,0.903243,22,0,1000.000,2.190304,0.633884
35616,3,0.122666,0.888365,27,0,1000.000,1.764221,0.632943
35616,4,0.118389,0.890975,12,0,1000.000,2.103561,0.630423
35616,5,0.132409,0.924286,24,0,1000.000,1.608446,0.649255
35616,6,0.128249,0.916069,31,0,1000.000,1.790647,0.653665
35616,7,0.123235,0.906792,33,0,1000.000,1.947014,0.648001
35664,0,0.119503,0.890468,30,0,1000.000,1.842144,0.631672
35664,1,0.129262,0.913054,37,0,1000.000,1.863709,0.636482
35664,2,0.126287,0.860829,28,0,1000.000,2.230093,0.618664
35664,3,0.122666,0.909521,31,0,1000.000,1.960454,0.639982
35664,4,0.118389,0.882576,27,0,1000.000,2.266259,0.630585
35664,5,0.132409,0.927217,29,0,1000.000,1.619052,0.654374
35664,6,0.128249,0.936145,34,0,1000.000,1.555791,0.661550
35664,7,0.123235,0.894422,37,0,1000.000,2.091625,0.622114
35712,0,0.119503,0.910082,29,0,1000.000,1.871451,0.654406
35712,1,0.129262,0.879215,32,1,970.750,1.933881,0.630034
35712,2,0.126287,0.924001,37,0,1000.000,1.852867,0.636375
35712,3,0.122666,0.873829,26,0,1000.000,1.959774,0.646932
35712,4,0.118389,0.903615,40,0,1000.000,1.889629,0.652681
35712,5,0.132409,0.896399,35,0,1000.000,1.958671,0.651746
35712,6,0.128249,0.863424,24,0,1000.000,2.243519,0.631538
35712,7,0.123235,0.926847,24,0,1000.000,1.581926,0.656710
35760,0,0.119503,0.914138,35,0,1000.000,1.962176,0.641292
35760,1,0.129262,0.909390,33,0,1000.000,1.535929,0.655692
35760,2,0.126287,0.895853,25,0,1000.000,2.086901,0.646237
35760,3,0.122666,0.897700,25,0,1000.000,2.243624,0.622131
35760,4,0.118389,0.830892,17,0,1000.000,2.516065,0.608621
35760,5,0.132409,0.913991,29,0,1000.000,1.614804,0.652867
35760,6,0.128249,0.928459,34,0,1000.000,1.557250,0.648388
35760,7,0.123235,0.925205,23,0,1000.000,1.978948,0.630273
35808,0,0.119503,0.929336,23,0,1000.000,1.734809,0.647798
35808,1,0.129262,0.903706,25,0,1000.000,1.743986,0.642558
35808,2,0.126287,0.897515,29,0,1000.000,1.844425,0.636954
35808,3,0.122666,0.896708,29,0,1000.000,2.171348,0.630335
35808,4,0.118389,0.881658,34,1,972.853,1.857692,0.625276
35808,5,0.132409,0.912116,30,0,1000.000,1.773991,0.643648
35808,6,0.128249,0.917221,30,0,1000.000,1.858574,0.647215
35808,7,0.123235,0.911179,22,0,1000.000,1.769677,0.643424
35856,0,0.119503,0.860646,25,0,1000.000,1.969713,0.632288
35856,1,0.129262,0.872568,12,0,1000.000,2.450803,0.615837
35856,2,0.126287,0.896449,17,0,1000.000,1.964007,0.625030
35856,3,0.122666,0.927151,17,0,1000.000,1.591468,0.645469
35856,4,0.118389,0.887012,21,0,1000.000,1.918532,0.640763
35856,5,0.132409,0.907942,16,0,1000.000,1.717105,0.653766
35856,6,0.128249,0.902370,18,0,1000.000,1.829504,0.631764
35856,7,0.123235,0.895473,17,0,1000.000,2.003710,0.654060
35904,0,0.119503,0.873356,14,0,1000.000,2.106439,0.621826
35904,1,0.129262,0.886445,24,0,1000.000,2.025056,0.630950
35904,2,0.126287,0.898472,14,0,1000.000,2.088788,0.623067
35904,3,0.122666,0.913251,21,0,1000.000,1.856065,0.644673
35904,4,0.118389,0.866464,15,0,1000.000,2.093838,0.621191
35904,5,0.132409,0.898948,20,0,1000.000,1.914278,0.634947
35904,6,0.128249,0.936724,25,0,1000.000,1.492527,0.653196
35904,7,0.123235,0.879332,19,0,1000.000,2.237569,0.632734
35952,0,0.119503,0.892136,24,0,1000.000,1.953254,0.635502
35952,1,0.129262,0.905796,37,0,1000.000,1.873782,0.639374
35952,2,0.126287,0.910672,20,0,1000.000,1.815418,0.637531
35952,3,0.122666,0.909873,16,0,1000.000,1.932774,0.647044
35952,4,0.118389,0.927615,28,0,1000.000,1.829099,0.648685
35952,5,0.132409,0.916468,29,0,1000.000,1.857038,0.646923
35952,6,0.128249,0.901559,22,0,1000.000,1.754539,0.630221
35952,7,0.123235,0.880338,29,0,1000.000,2.321043,0.621631
36000,0,0.119503,0.877746,30,0,1000.000,1.889956,0.642599
36000,1,0.129262,0.879391,25,0,1000.000,1.858719,0.627209
36000,2,0.126287,0.914390,24,0,1000.000,1.905030,0.637705
36000,3,0.122666,0.882335,21,0,1000.000,2.016745,0.640930
36000,4,0.118389,0.900889,22,0,1000.000,2.129928,0.621616
36000,5,0.132409,0.886305,20,0,1000.000,2.191892,0.634239
36000,6,0.128249,0.920609,28,0,1000.000,1.774820,0.642560
36000,7,0.123235,0.906511,20,0,1000.000,1.894239,0.649241
36096,0,0.119102,0.904095,52,0,1000.000,1.822431,0.635471
36096,1,0.122140,0.892303,57,0,1000.000,1.953092,0.621830
36096,2,0.117331,0.899434,63,0,1000.000,1.835849,0.639710
36096,3,0.128058,0.894274,64,0,1000.000,2.056229,0.635896
36096,4,0.117239,0.902376,55,0,1000.000,1.901477,0.631437
36096,5,0.134216,0.903858,54,0,1000.000,1.892015,0.642456
36096,6,0.128026,0.903504,65,0,1000.000,1.927391,0.639591
36096,7,0.133889,0.890065,50,1,989.940,2.106304,0.632577
36144,0,0.119102,0.935695,21,0,1000.000,1.648159,0.651716
36144,1,0.122140,0.906849,30,0,1000.000,1.670155,0.644057
36144,2,0.117331,0.879716,25,0,1000.000,1.835822,0.637124
36144,3,0.128058,0.904831,27,0,1000.000,1.584517,0.641061
36144,4,0.117239,0.929678,24,0,1000.000,1.725877,0.647056
36144,5,0.134216,0.873043,24,0,1000.000,2.162524,0.623298
36144,6,0.128026,0.884196,28,0,1000.000,1.908048,0.637169
36144,7,0.133889,0.886465,30,0,1000.000,2.180522,0.625760
36192,0,0.119102,0.900079,19,0,1000.000,1.577527,0.625196
36192,1,0.122140,0.916121,9,0,1000.000,1.955076,0.637320
36192,2,0.117331,0.921525,20,0,1000.000,1.563782,0.653635
36192,3,0.128058,0.906569,22,0,1000.000,1.982342,0.629261
36192,4,0.117239,0.846443,20,0,1000.000,2.082166,0.621692
36192,5,0.134216,0.902365,26,0,1000.000,1.760574,0.624197
36192,6,0.128026,0.918846,26,0,1000.000,1.576453,0.646975
36192,7,0.133889,0.888657,23,0,1000.000,1.935447,0.634264
36240,0,0.119102,0.918440,17,0,1000.000,2.036890,0.650852
36240,1,0.122140,0.938166,15,0,1000.000,1.334503,0.672127
36240,2,0.117331,0.926833,15,0,1000.000,1.620257,0.652437
36240,3,0.128058,0.902640,17,0,1000.000,1.835232,0.638965
36240,4,0.117239,0.892793,20,0,1000.000,2.237732,0.633012
36240,5,0.134216,0.923322,22,0,1000.000,1.733318,0.631325
36240,6,0.128026,0.902363,17,0,1000.000,1.648290,0.632810
36240,7,0.133889,0.923317,33,0,1000.000,2.015618,0.642048
36288,0,0.119102,0.927234,15,0,1000.000,1.806293,0.647256
36288,1,0.122140,0.894474,19,0,1000.000,2.182500,0.624843
36288,2,0.117331,0.901739,16,0,1000.000,1.898631,0.635747
36288,3,0.128058,0.924787,16,0,1000.000,1.945933,0.650159
36288,4,0.117239,0.900680,16,0,1000.000,2.151715,0.640949
36288,5,0.134216,0.895120,24,0,1000.000,1.617536,0.645418
36288,6,0.128026,0.886091,33,0,1000.000,2.010227,0.629351
36288,7,0.133889,0.885912,15,0,1000.000,2.003633,0.637000
36384,0,0.119102,0.933319,45,0,1000.000,1.530648,0.657653
36384,1,0.122140,0.924455,49,0,1000.000,1.775149,0.640084
36384,2,0.117331,0.902167,38,0,1000.000,1.852652,0.647544
36384,3,0.128058,0.921324,32,0,1000.000,1.876898,0.647157
36384,4,0.117239,0.905728,40,0,1000.000,1.729577,0.641009
36384,5,0.134216,0.917537,46,0,1000.000,1.722157,0.646721
36384,6,0.128026,0.882039,46,0,1000.000,2.101750,0.629854
36384,7,0.133889,0.907967,48,0,1000.000,1.953614,0.643497
36432,0,0.119102,0.946345,21,0,1000.000,1.358269,0.674817
36432,1,0.122140,0.881792,12,0,1000.000,1.783531,0.652943
36432,2,0.117331,0.940371,15,0,1000.000,1.568001,0.640233
36432,3,0.128058,0.895560,31,0,1000.000,1.775564,0.650077
36432,4,0.117239,0.918376,20,0,1000.000,1.714980,0.644277
36432,5,0.134216,0.891497,27,0,1000.000,1.890417,0.653804
36432,6,0.128026,0.911092,26,0,1000.000,1.786896,0.653417
36432,7,0.133889,0.886898,22,0,1000.000,2.020224,0.637758
36480,0,0.119102,0.908663,28,0,1000.000,1.825243,0.648833
36480,1,0.122140,0.895155,31,1,979.065,2.019837,0.630466
36480,2,0.117331,0.917029,20,0,1000.000,1.908002,0.639878
36480,3,0.128058,0.887947,26,0,1000.000,2.006717,0.623697
36480,4,0.117239,0.946413,29,0,1000.000,1.393650,0.665481
36480,5,0.134216,0.920151,33,0,1000.000,1.759700,0.652141
36480,6,0.128026,0.912787,32,0,1000.000,1.989148,0.640919
36480,7,0.133889,0.907321,29,0,1000.000,2.002074,0.635410
36528,0,0.119102,0.893967,29,0,1000.000,1.912311,0.636017
36528,1,0.122140,0.919558,21,0,1000.000,1.479426,0.643017
36528,2,0.117331,0.925489,31,0,1000.000,1.937474,0.636204
36528,3,0.128058,0.906513,30,0,1000.000,1.940454,0.645621
36528,4,0.117239,0.895484,21,0,1000.000,1.893221,0.627928
36528,5,0.134216,0.892659,26,0,1000.000,2.101017,0.628244
36528,6,0.128026,0.933058,22,0,1000.000,1.609159,0.656428
36528,7,0.133889,0.889194,30,0,1000.000,2.002304,0.628431
36576,0,0.119102,0.929759,31,0,1000.000,1.591494,0.633400
36576,1,0.122140,0.914580,24,0,1000.000,1.754941,0.646428
36576,2,0.117331,0.911118,23,0,1000.000,1.667421,0.656769
36576,3,0.128058,0.830389,16,0,1000.000,2.221363,0.606800
36576,4,0.117239,0.910686,19,0,1000.000,2.147002,0.634673
36576,5,0.134216,0.910127,25,0,1000.000,1.912588,0.641872
36576,6,0.128026,0.896245,27,0,1000.000,1.856291,0.624153
36576,7,0.133889,0.873287,24,0,1000.000,2.139663,0.617141
36624,0,0.119102,0.938111,32,0,1000.000,1.562126,0.660380
36624,1,0.122140,0.918894,24,0,1000.000,1.804027,0.634765
36624,2,0.117331,0.906309,32,0,1000.000,1.721159,0.636323
36624,3,0.128058,0.894068,30,0,1000.000,1.955299,0.640858
36624,4,0.117239,0.910763,22,0,1000.000,1.866936,0.647259
36624,5,0.134216,0.897518,20,0,1000.000,1.891467,0.630741
36624,6,0.128026,0.876206,31,0,1000.000,1.912990,0.640575
36624,7,0.133889,0.915638,30,0,1000.000,2.104220,0.637857
36672,0,0.119102,0.908340,35,0,1000.000,1.892334,0.645291
36672,1,0.122140,0.910457,25,0,1000.000,1.639665,0.632141
36672,2,0.117331,0.924205,31,0,1000.000,2.038650,0.646382
36672,3,0.128058,0.883683,26,0,1000.000,2.143833,0.629402
36672,4,0.117239,0.895915,30,0,1000.000,2.126391,0.633646
36672,5,0.134216,0.897126,42,0,1000.000,2.034523,0.634007
36672,6,0.128026,0.905199,28,0,1000.000,1.787240,0.639751
36672,7,0.133889,0.888722,24,0,1000.000,2.221413,0.627555
36720,0,0.119102,0.939633,24,0,1000.000,1.544799,0.662003
36720,1,0.122140,0.893171,33,0,1000.000,1.646128,0.630293
36720,2,0.117331,0.897722,29,0,1000.000,1.895729,0.635828
36720,3,0.128058,0.886345,28,0,1000.000,2.177948,0.629924
36720,4,0.117239,0.936008,32,0,1000.000,1.530832,0.656778
36720,5,0.134216,0.889924,41,1,976.659,1.795019,0.636932
36720,6,0.128026,0.895777,41,0,1000.000,1.920960,0.631266
36720,7,0.133889,0.928149,28,0,1000.000,1.673056,0.660358
36768,0,0.119102,0.905125,28,0,1000.000,1.963065,0.629640
36768,1,0.122140,0.924187,28,0,1000.000,1.750399,0.641503
36768,2,0.117331,0.908313,24,0,1000.000,1.779545,0.640265
36768,3,0.128058,0.904970,37,0,1000.000,1.927109,0.656157
36768,4,0.117239,0.904299,24,0,1000.000,2.162493,0.633241
36768,5,0.134216,0.889391,27,0,1000.000,1.949357,0.631613
36768,6,0.128026,0.889591,26,0,1000.000,1.962652,0.628893
36768,7,0.133889,0.874027,32,0,1000.000,2.039842,0.627402
36816,0,0.119102,0.915537,19,0,1000.000,2.064092,0.636990
36816,1,0.122140,0.892019,24,0,1000.000,1.968934,0.633913
36816,2,0.117331,0.917683,29,0,1000.000,1.561316,0.643875
36816,3,0.128058,0.915757,29,0,1000.000,1.774742,0.659263
36816,4,0.117239,0.932664,22,0,1000.000,1.399033,0.661962
36816,5,0.134216,0.897750,18,0,1000.000,1.919331,0.652687
36816,6,0.128026,0.927680,30,0,1000.000,1.711330,0.651263
36816,7,0.133889,0.902992,32,0,1000.000,1.838122,0.640869
36864,0,0.119102,0.909020,7,0,1000.000,1.789470,0.666285
36864,1,0.122140,0.896595,12,0,1000.000,2.270557,0.633015
36864,2,0.117331,0.912275,20,0,1000.000,1.611306,0.640668
36864,3,0.128058,0.924366,18,0,1000.000,1.705706,0.651826
36864,4,0.117239,0.890837,14,0,1000.000,1.757060,0.645039
36864,5,0.134216,0.918688,24,0,1000.000,1.864836,0.644531
36864,6,0.128026,0.910656,17,0,1000.000,2.033299,0.643425
36864,7,0.133889,0.925554,18,0,1000.000,1.961810,0.628490
36912,0,0.119102,0.922344,28,1,966.607,1.744325,0.628514
36912,1,0.122140,0.920624,16,0,1000.000,1.541995,0.652661
36912,2,0.117331,0.926625,21,0,1000.000,1.623076,0.649834
36912,3,0.128058,0.934494,25,0,1000.000,1.721413,0.641717
36912,4,0.117239,0.924133,12,0,1000.000,1.942222,0.649690
36912,5,0.134216,0.905989,24,0,1000.000,1.997570,0.643804
36912,6,0.128026,0.915081,22,0,1000.000,1.868950,0.641983
36912,7,0.133889,0.909372,21,0,1000.000,1.731672,0.632757
36960,0,0.119102,0.920080,20,0,1000.000,1.817545,0.645719
36960,1,0.122140,0.883364,25,0,1000.000,1.941683,0.625016
36960,2,0.117331,0.923368,26,0,1000.000,1.910927,0.637598
36960,3,0.128058,0.911876,25,0,1000.000,1.581689,0.657607
36960,4,0.117239,0.923298,31,0,1000.000,1.898374,0.640781
36960,5,0.134216,0.906586,33,0,1000.000,1.921587,0.629648
36960,6,0.128026,0.905056,31,0,1000.000,2.066310,0.633913
36960,7,0.133889,0.899514,25,0,1000.000,2.129402,0.632199
37008,0,0.119102,0.899398,25,0,1000.000,1.883136,0.628725
37008,1,0.122140,0.923655,22,0,1000.000,1.514932,0.644928
37008,2,0.117331,0.928354,25,0,1000.000,1.474768,0.658130
37008,3,0.128058,0.925087,27,0,1000.000,1.845446,0.641878
37008,4,0.117239,0.906878,26,0,1000.000,1.911303,0.636273
37008,5,0.134216,0.875470,25,0,1000.000,2.097836,0.640096
37008,6,0.128026,0.912997,17,0,1000.000,1.623902,0.652621
37008,7,0.133889,0.884596,25,0,1000.000,2.084196,0.625067
37056,0,0.119102,0.891138,26,0,1000.000,1.973432,0.615653
37056,1,0.122140,0.928433,34,0,1000.000,1.674361,0.650129
37056,2,0.117331,0.909667,19,0,1000.000,1.602702,0.649843
37056,3,0.128058,0.909708,24,0,1000.000,1.993320,0.633842
37056,4,0.117239,0.935853,28,0,1000.000,1.606402,0.650935
37056,5,0.134216,0.885387,29,0,1000.000,2.164193,0.630968
37056,6,0.128026,0.942655,30,0,1000.000,1.588083,0.652430
37056,7,0.133889,0.929642,26,0,1000.000,1.508861,0.662455
37104,0,0.119102,0.886994,36,1,994.694,1.803616,0.618890
37104,1,0.122140,0.919076,37,0,1000.000,2.072761,0.631625
37104,2,0.117331,0.922688,21,0,1000.000,1.799404,0.642129
37104,3,0.128058,0.892126,24,0,1000.000,1.882793,0.610754
37104,4,0.117239,0.895046,26,0,1000.000,1.927235,0.618899
37104,5,0.134216,0.899158,28,0,1000.000,1.995254,0.648933
37104,6,0.128026,0.898879,28,0,1000.000,1.766545,0.632477
37104,7,0.133889,0.875098,42,1,977.071,1.909026,0.622591
37152,0,0.119102,0.901393,23,0,1000.000,2.126348,0.624238
37152,1,0.122140,0.947504,18,0,1000.000,1.437114,0.663390
37152,2,0.117331,0.871419,25,0,1000.000,2.079789,0.624778
37152,3,0.128058,0.913117,27,0,1000.000,1.962122,0.635812
37152,4,0.117239,0.901772,27,0,1000.000,1.836061,0.633077
37152,5,0.134216,0.908677,30,0,1000.000,1.852886,0.637725
37152,6,0.128026,0.925061,31,0,1000.000,2.060431,0.635794
37152,7,0.133889,0.866240,17,0,1000.000,2.454401,0.614704
37200,0,0.119102,0.912849,18,0,1000.000,1.835379,0.636738
37200,1,0.122140,0.904602,21,0,1000.000,2.023645,0.631662
37200,2,0.117331,0.931369,17,0,1000.000,1.739630,0.646860
37200,3,0.128058,0.905282,19,0,1000.000,1.794622,0.626430
37200,4,0.117239,0.879999,23,0,1000.000,1.833772,0.628819
37200,5,0.134216,0.909179,23,0,1000.000,1.706940,0.642971
37200,6,0.128026,0.936051,21,0,1000.000,1.479720,0.642700
37200,7,0.133889,0.904681,23,0,1000.000,1.915908,0.632650
37248,0,0.119102,0.941956,8,0,1000.000,1.402915,0.645155
37248,1,0.122140,0.918750,23,0,1000.000,1.664945,0.651929
37248,2,0.117331,0.887625,19,0,1000.000,2.016939,0.623832
37248,3,0.128058,0.885609,18,0,1000.000,2.214732,0.630470
37248,4,0.117239,0.918194,24,0,1000.000,1.964749,0.632780
37248,5,0.134216,0.910772,19,0,1000.000,2.047923,0.635724
37248,6,0.128026,0.927779,20,0,1000.000,1.336764,0.661545
37248,7,0.133889,0.922906,13,0,1000.000,1.653945,0.644904
37296,0,0.119102,0.927799,21,1,998.095,1.459932,0.660183
37296,1,0.122140,0.876794,20,0,1000.000,2.231100,0.620559
37296,2,0.117331,0.886535,27,0,1000.000,1.947921,0.631477
37296,3,0.128058,0.910331,19,0,1000.000,2.043099,0.622264
37296,4,0.117239,0.938553,27,0,1000.000,1.632161,0.658645
37296,5,0.134216,0.910133,18,0,1000.000,2.044816,0.624705
37296,6,0.128026,0.863525,21,0,1000.000,2.413726,0.617526
37296,7,0.133889,0.918707,20,0,1000.000,1.874919,0.632739
37392,0,0.119102,0.916899,28,1,981.643,1.849266,0.633333
37392,1,0.122140,0.908600,51,0,1000.000,2.026002,0.627782
37392,2,0.117331,0.908467,46,0,1000.000,1.815458,0.634449
37392,3,0.128058,0.911610,46,0,1000.000,1.911365,0.630367
37392,4,0.117239,0.870185,38,0,1000.000,2.229446,0.614127
37392,5,0.134216,0.910217,32,0,1000.000,2.064554,0.639765
37392,6,0.128026,0.876561,48,0,1000.000,2.030089,0.620079
37392,7,0.133889,0.908819,43,0,1000.000,1.917639,0.643314
37440,0,0.119102,0.912878,27,1,989.963,1.819572,0.638581
37440,1,0.122140,0.905571,25,0,1000.000,1.787201,0.650675
37440,2,0.117331,0.906747,27,0,1000.000,2.049063,0.638997
37440,3,0.128058,0.903035,24,0,1000.000,2.041688,0.623770
37440,4,0.117239,0.911337,14,0,1000.000,1.874857,0.635459
37440,5,0.134216,0.921816,20,0,1000.000,1.981846,0.643781
37440,6,0.128026,0.899557,23,0,1000.000,2.025472,0.631676
37440,7,0.133889,0.864455,21,0,1000.000,2.031264,0.621092
37488,0,0.119102,0.924218,31,0,1000.000,1.561008,0.653163
37488,1,0.122140,0.929584,28,0,1000.000,1.639191,0.650674
37488,2,0.117331,0.913026,22,0,1000.000,1.684180,0.646924
37488,3,0.128058,0.930716,27,0,1000.000,1.790699,0.655116
37488,4,0.117239,0.933060,23,0,1000.000,1.893491,0.648737
37488,5,0.134216,0.902483,35,0,1000.000,1.999530,0.645016
37488,6,0.128026,0.914315,33,0,1000.000,1.924585,0.640090
37488,7,0.133889,0.929538,34,0,1000.000,1.867811,0.653008
37536,0,0.119102,0.923552,20,0,1000.000,1.801684,0.659428
37536,1,0.122140,0.903876,30,0,1000.000,1.742892,0.642361
37536,2,0.117331,0.906304,20,0,1000.000,1.791177,0.643803
37536,3,0.128058,0.929026,25,0,1000.000,1.863634,0.647783
37536,4,0.117239,0.928836,34,0,1000.000,1.804714,0.640090
37536,5,0.134216,0.912979,24,0,1000.000,1.874542,0.639526
37536,6,0.128026,0.909766,23,0,1000.000,1.847942,0.631677
37536,7,0.133889,0.872763,32,1,973.281,1.956241,0.635445
37584,0,0.119102,0.907075,15,0,1000.000,1.731154,0.647413
37584,1,0.122140,0.884824,28,0,1000.000,1.984509,0.619991
37584,2,0.117331,0.927634,17,0,1000.000,1.738861,0.647204
37584,3,0.128058,0.899645,19,0,1000.000,1.683612,0.649454
37584,4,0.117239,0.917199,26,0,1000.000,2.030622,0.640833
37584,5,0.134216,0.909980,33,0,1000.000,1.780331,0.626819
37584,6,0.128026,0.909374,35,0,1000.000,2.057647,0.633875
37584,7,0.133889,0.857214,19,0,1000.000,2.276173,0.606902
37632,0,0.119102,0.907268,19,0,1000.000,2.068761,0.625833
37632,1,0.122140,0.885449,25,0,1000.000,2.090767,0.632729
37632,2,0.117331,0.917633,32,0,1000.000,1.852917,0.652276
37632,3,0.128058,0.917569,30,0,1000.000,1.853792,0.621573
37632,4,0.117239,0.904306,21,0,1000.000,1.935008,0.630152
37632,5,0.134216,0.903800,39,0,1000.000,2.167961,0.626006
37632,6,0.128026,0.901486,36,0,1000.000,2.038160,0.634553
37632,7,0.133889,0.938944,27,0,1000.000,1.593693,0.656130
37680,0,0.119102,0.926141,34,0,1000.000,1.575804,0.639973
37680,1,0.122140,0.890158,31,0,1000.000,2.244588,0.625892
37680,2,0.117331,0.890209,26,0,1000.000,2.130824,0.627668
37680,3,0.128058,0.886391,35,0,1000.000,2.115206,0.619686
37680,4,0.117239,0.922432,28,0,1000.000,1.788544,0.650598
37680,5,0.134216,0.907021,27,0,1000.000,1.984468,0.647019
37680,6,0.128026,0.864439,34,0,1000.000,2.214883,0.619650
37680,7,0.133889,0.917365,32,0,1000.000,1.867971,0.646621
37728,0,0.119102,0.902038,20,0,1000.000,1.577536,0.640389
37728,1,0.122140,0.915303,38,0,1000.000,1.707268,0.651086
37728,2,0.117331,0.906453,25,0,1000.000,2.015647,0.643720
37728,3,0.128058,0.892082,26,0,1000.000,2.273234,0.625411
37728,4,0.117239,0.896094,23,0,1000.000,2.122991,0.628218
37728,5,0.134216,0.916538,29,0,1000.000,2.001578,0.640507
37728,6,0.128026,0.914569,34,0,1000.000,1.732307,0.655767
37728,7,0.133889,0.904758,35,0,1000.000,2.221361,0.636505
37776,0,0.119102,0.909496,29,0,1000.000,1.819932,0.642587
37776,1,0.122140,0.903721,25,0,1000.000,2.101731,0.638876
37776,2,0.117331,0.922188,24,0,1000.000,1.578070,0.630886
37776,3,0.128058,0.914753,32,0,1000.000,1.790895,0.644696
37776,4,0.117239,0.921721,31,0,1000.000,1.804034,0.645839
37776,5,0.134216,0.902330,40,0,1000.000,2.048667,0.629130
37776,6,0.128026,0.881363,26,0,1000.000,2.123562,0.624111
37776,7,0.133889,0.886603,24,0,1000.000,2.085262,0.624383
37872,0,0.119102,0.910622,41,0,1000.000,1.885181,0.640027
37872,1,0.122140,0.918814,48,0,1000.000,1.977661,0.635212
37872,2,0.117331,0.901163,44,0,1000.000,1.901740,0.630831
37872,3,0.128058,0.904742,30,0,1000.000,2.051961,0.634436
37872,4,0.117239,0.924251,38,0,1000.000,1.717993,0.648597
37872,5,0.134216,0.891381,44,0,1000.000,2.089605,0.623330
37872,6,0.128026,0.888097,36,0,1000.000,2.219340,0.622241
37872,7,0.133889,0.896872,46,0,1000.000,1.921764,0.628477
37920,0,0.119102,0.891570,25,0,1000.000,2.164574,0.618473
37920,1,0.122140,0.876454,19,0,1000.000,1.932040,0.633354
37920,2,0.117331,0.895922,16,0,1000.000,1.913535,0.641401
37920,3,0.128058,0.904213,23,0,1000.000,1.969955,0.638785
37920,4,0.117239,0.930393,23,0,1000.000,2.003438,0.645759
37920,5,0.134216,0.866025,26,0,1000.000,2.299181,0.615628
37920,6,0.128026,0.889474,18,0,1000.000,1.775096,0.638930
37920,7,0.133889,0.903963,26,0,1000.000,2.069528,0.626172
37968,0,0.119102,0.895160,30,0,1000.000,1.924577,0.626870
37968,1,0.122140,0.872657,30,0,1000.000,1.980947,0.632243
37968,2,0.117331,0.909408,30,0,1000.000,1.726227,0.629464
37968,3,0.128058,0.907034,25,0,1000.000,2.027573,0.648346
37968,4,0.117239,0.933354,23,0,1000.000,1.584239,0.646827
37968,5,0.134216,0.917151,20,0,1000.000,1.669082,0.648678
37968,6,0.128026,0.914500,17,0,1000.000,2.152394,0.631966
37968,7,0.133889,0.924721,35,0,1000.000,1.788216,0.647181
38016,0,0.119102,0.927735,21,0,1000.000,1.782648,0.646354
38016,1,0.122140,0.893166,24,0,1000.000,2.208481,0.618315
38016,2,0.117331,0.908146,30,0,1000.000,1.706701,0.629912
38016,3,0.128058,0.911949,28,0,1000.000,1.858623,0.631570
38016,4,0.117239,0.911615,23,0,1000.000,1.749996,0.642051
38016,5,0.134216,0.881730,23,0,1000.000,1.918261,0.617788
38016,6,0.128026,0.918679,29,0,1000.000,1.704827,0.638367
38016,7,0.133889,0.905265,25,0,1000.000,1.915881,0.623428
38064,0,0.119102,0.857196,25,0,1000.000,2.111287,0.610615
38064,1,0.122140,0.921936,28,0,1000.000,1.769165,0.627473
38064,2,0.117331,0.942100,18,0,1000.000,1.673772,0.664029
38064,3,0.128058,0.889993,26,0,1000.000,1.916384,0.625862
38064,4,0.117239,0.915174,31,0,1000.000,1.738805,0.638222
38064,5,0.134216,0.869682,26,0,1000.000,2.165942,0.612310
38064,6,0.128026,0.920464,26,0,1000.000,2.041767,0.638736
38064,7,0.133889,0.888246,26,0,1000.000,2.479173,0.619891
38112,0,0.119102,0.903534,32,0,1000.000,1.887156,0.634149
38112,1,0.122140,0.933354,26,0,1000.000,1.572794,0.645131
38112,2,0.117331,0.886830,39,0,1000.000,1.998727,0.629707
38112,3,0.128058,0.903290,31,0,1000.000,1.900345,0.634718
38112,4,0.117239,0.906798,28,0,1000.000,2.010726,0.626015
38112,5,0.134216,0.906158,25,0,1000.000,1.886659,0.623955
38112,6,0.128026,0.893194,32,0,1000.000,2.187967,0.624479
38112,7,0.133889,0.874824,31,0,1000.000,2.130495,0.619341
38160,0,0.119102,0.912602,16,0,1000.000,1.937073,0.627919
38160,1,0.122140,0.858598,35,0,1000.000,2.108067,0.606031
38160,2,0.117331,0.909182,21,0,1000.000,1.861340,0.629837
38160,3,0.128058,0.909832,25,0,1000.000,1.944009,0.640083
38160,4,0.117239,0.922316,24,0,1000.000,1.753298,0.636848
38160,5,0.134216,0.932362,29,0,1000.000,1.511492,0.648892
38160,6,0.128026,0.919674,28,0,1000.000,1.901037,0.639593
38160,7,0.133889,0.912009,17,0,1000.000,1.739532,0.631161
38208,0,0.119102,0.881134,16,0,1000.000,1.807832,0.615858
38208,1,0.122140,0.897323,22,0,1000.000,1.908913,0.637571
38208,2,0.117331,0.918363,21,0,1000.000,1.857694,0.636919
38208,3,0.128058,0.869396,22,0,1000.000,1.930454,0.622864
38208,4,0.117239,0.939674,11,0,1000.000,1.697689,0.644563
38208,5,0.134216,0.883724,19,0,1000.000,1.806326,0.619721
38208,6,0.128026,0.881727,21,0,1000.000,2.248988,0.614616
38208,7,0.133889,0.873690,23,0,1000.000,2.025590,0.614780
38256,0,0.119102,0.929388,18,0,1000.000,1.541770,0.650398
38256,1,0.122140,0.875403,19,0,1000.000,2.143817,0.613777
38256,2,0.117331,0.876198,24,0,1000.000,2.196806,0.619713
38256,3,0.128058,0.878549,21,0,1000.000,2.020632,0.613145
38256,4,0.117239,0.892439,18,0,1000.000,2.246652,0.608184
38256,5,0.134216,0.895902,19,0,1000.000,2.102235,0.628107
38256,6,0.128026,0.919714,17,1,985.176,1.722720,0.628464
38256,7,0.133889,0.866902,16,0,1000.000,2.030575,0.626055
38352,0,0.119102,0.891532,44,1,993.136,1.941483,0.627665
38352,1,0.122140,0.900119,48,1,980.542,1.826561,0.634369
38352,2,0.117331,0.930929,34,0,1000.000,1.506963,0.645503
38352,3,0.128058,0.904085,34,0,1000.000,1.728137,0.647123
38352,4,0.117239,0.900972,47,0,1000.000,2.070039,0.628823
38352,5,0.134216,0.914998,46,0,1000.000,1.908270,0.637375
38352,6,0.128026,0.903603,38,0,1000.000,2.223648,0.634237
38352,7,0.133889,0.901676,42,0,1000.000,1.822016,0.628372
38400,0,0.119102,0.889195,21,0,1000.000,1.879084,0.649804
38400,1,0.122140,0.889256,17,0,1000.000,1.605530,0.634518
38400,2,0.117331,0.905553,21,0,1000.000,1.742657,0.642123
38400,3,0.128058,0.928721,24,0,1000.000,1.766809,0.640057
38400,4,0.117239,0.903329,19,0,1000.000,1.904144,0.627649
38400,5,0.134216,0.924072,28,0,1000.000,1.867401,0.639255
38400,6,0.128026,0.901256,24,0,1000.000,2.111553,0.642149
38400,7,0.133889,0.878469,21,0,1000.000,2.160009,0.608989
38448,0,0.119102,0.900640,27,0,1000.000,1.752495,0.639754
38448,1,0.122140,0.938753,21,0,1000.000,1.642021,0.649256
38448,2,0.117331,0.893555,19,0,1000.000,2.063390,0.621670
38448,3,0.128058,0.945029,23,0,1000.000,1.386298,0.663824
38448,4,0.117239,0.947661,13,0,1000.000,1.534579,0.654373
38448,5,0.134216,0.900237,25,0,1000.000,1.798225,0.623271
38448,6,0.128026,0.914590,31,0,1000.000,1.886924,0.637516
38448,7,0.133889,0.929965,27,0,1000.000,1.724957,0.647127
38496,0,0.138676,0.874834,36,0,1000.000,2.183305,0.617392
38496,1,0.122123,0.898578,18,0,1000.000,1.664256,0.644488
38496,2,0.145523,0.929741,27,0,1000.000,1.674479,0.648408
38496,3,0.114959,0.923417,31,0,1000.000,1.549838,0.641738
38496,4,0.152486,0.932788,35,0,1000.000,1.421854,0.646068
38496,5,0.106911,0.929352,29,0,1000.000,1.713749,0.664177
38496,6,0.113867,0.919999,34,0,1000.000,1.786547,0.640366
38496,7,0.105455,0.897606,32,0,1000.000,2.428955,0.626472
38544,0,0.138676,0.921568,24,0,1000.000,1.604105,0.636227
38544,1,0.122123,0.885086,30,0,1000.000,2.026747,0.623330
38544,2,0.145523,0.924210,26,0,1000.000,1.859576,0.645882
38544,3,0.114959,0.928032,29,0,1000.000,1.734367,0.640611
38544,4,0.152486,0.901085,23,0,1000.000,1.947536,0.632914
38544,5,0.106911,0.916930,19,0,1000.000,1.870442,0.620410
38544,6,0.113867,0.905532,18,0,1000.000,1.768188,0.649749
38544,7,0.105455,0.902612,18,0,1000.000,2.137394,0.641045
38592,0,0.138676,0.891864,22,0,1000.000,2.035524,0.628598
38592,1,0.122123,0.897105,17,0,1000.000,2.102940,0.627700
38592,2,0.145523,0.925491,38,0,1000.000,1.661809,0.644026
38592,3,0.114959,0.899135,25,0,1000.000,1.676209,0.645405
38592,4,0.152486,0.888171,38,0,1000.000,2.072043,0.627228
38592,5,0.106911,0.899135,16,0,1000.000,2.018958,0.637742
38592,6,0.113867,0.880100,24,0,1000.000,1.882094,0.628604
38592,7,0.105455,0.921277,19,0,1000.000,1.935892,0.635733
38640,0,0.138676,0.887533,30,0,1000.000,1.923079,0.639853
38640,1,0.122123,0.931578,25,0,1000.000,1.681803,0.642132
38640,2,0.145523,0.924112,33,0,1000.000,1.859638,0.641435
38640,3,0.114959,0.895196,27,0,1000.000,1.677643,0.640979
38640,4,0.152486,0.920903,37,0,1000.000,1.637253,0.638936
38640,5,0.106911,0.907232,27,0,1000.000,1.966186,0.631626
38640,6,0.113867,0.907682,32,0,1000.000,1.747484,0.644607
38640,7,0.105455,0.887271,29,0,1000.000,1.967734,0.634469
38688,0,0.138676,0.907055,34,0,1000.000,1.776180,0.646292
38688,1,0.122123,0.890117,36,0,1000.000,2.044008,0.634456
38688,2,0.145523,0.925416,37,0,1000.000,1.684696,0.646482
38688,3,0.114959,0.911567,27,0,1000.000,1.981220,0.643691
38688,4,0.152486,0.909299,41,0,1000.000,1.876966,0.648881
38688,5,0.106911,0.890001,24,0,1000.000,2.021357,0.627021
38688,6,0.113867,0.937361,25,0,1000.000,1.661681,0.642059
38688,7,0.105455,0.885453,25,0,1000.000,2.114486,0.613009
38736,0,0.138676,0.916477,34,0,1000.000,1.511280,0.643614
38736,1,0.122123,0.936408,26,0,1000.000,1.679040,0.646852
38736,2,0.145523,0.894116,24,0,1000.000,2.019722,0.639290
38736,3,0.114959,0.916072,29,0,1000.000,2.129859,0.635252
38736,4,0.152486,0.916660,38,0,1000.000,1.804977,0.645981
38736,5,0.106911,0.891512,24,0,1000.000,1.997947,0.636089
38736,6,0.113867,0.917921,27,0,1000.000,1.925800,0.639347
38736,7,0.105455,0.913749,25,0,1000.000,1.805988,0.637481
38784,0,0.138676,0.917120,28,0,1000.000,1.713573,0.643422
38784,1,0.122123,0.885672,29,0,1000.000,2.041586,0.622655
38784,2,0.145523,0.923222,31,0,1000.000,1.838773,0.649094
38784,3,0.114959,0.906655,21,0,1000.000,2.216056,0.628671
38784,4,0.152486,0.916703,37,0,1000.000,1.492180,0.645141
38784,5,0.106911,0.929727,30,0,1000.000,1.811741,0.641581
38784,6,0.113867,0.909236,20,0,1000.000,2.043024,0.632830
38784,7,0.105455,0.887308,29,0,1000.000,2.031471,0.633016
38832,0,0.138676,0.897142,26,0,1000.000,2.100976,0.631642
38832,1,0.122123,0.926281,23,0,1000.000,1.652326,0.652415
38832,2,0.145523,0.929284,22,0,1000.000,1.512140,0.651081
38832,3,0.114959,0.867983,24,0,1000.000,2.123864,0.611836
38832,4,0.152486,0.908698,32,0,1000.000,1.643986,0.643326
38832,5,0.106911,0.904701,17,0,1000.000,1.808799,0.629202
38832,6,0.113867,0.874147,25,0,1000.000,1.838033,0.627180
38832,7,0.105455,0.945829,11,0,1000.000,1.414104,0.667874
38880,0,0.138676,0.932568,19,0,1000.000,1.475764,0.618158
38880,1,0.122123,0.881684,15,0,1000.000,1.898254,0.613644
38880,2,0.145523,0.877930,22,0,1000.000,2.207037,0.616244
38880,3,0.114959,0.891805,12,0,1000.000,2.122929,0.621255
38880,4,0.152486,0.933006,15,0,1000.000,1.777995,0.648898
38880,5,0.106911,0.907972,18,0,1000.000,1.837935,0.649616
38880,6,0.113867,0.928401,17,0,1000.000,1.548485,0.652922
38880,7,0.105455,0.900922,20,0,1000.000,2.089251,0.614387
38928,0,0.138676,0.921663,26,0,1000.000,1.533275,0.665079
38928,1,0.122123,0.868887,16,0,1000.000,1.854009,0.649689
38928,2,0.145523,0.923972,30,0,1000.000,1.875841,0.650804
38928,3,0.114959,0.883460,23,0,1000.000,2.009744,0.638621
38928,4,0.152486,0.892150,23,0,1000.000,1.951465,0.629048
38928,5,0.106911,0.903955,23,0,1000.000,1.913350,0.625706
38928,6,0.113867,0.851602,24,0,1000.000,2.289383,0.615926
38928,7,0.105455,0.911543,22,0,1000.000,1.724247,0.642647
38976,0,0.138676,0.929887,32,0,1000.000,1.829917,0.639685
38976,1,0.122123,0.888403,27,0,1000.000,1.854223,0.635296
38976,2,0.145523,0.894080,25,1,962.080,1.702476,0.644977
38976,3,0.114959,0.910461,27,0,1000.000,1.914093,0.636845
38976,4,0.152486,0.911968,25,0,1000.000,2.198981,0.639064
38976,5,0.106911,0.895441,22,0,1000.000,2.311483,0.626799
38976,6,0.113867,0.894564,27,0,1000.000,2.065290,0.631928
38976,7,0.105455,0.889711,21,0,1000.000,2.245750,0.616814
39024,0,0.138676,0.926182,31,0,1000.000,1.675277,0.658226
39024,1,0.122123,0.907125,21,0,1000.000,2.040054,0.632252
39024,2,0.145523,0.882549,29,0,1000.000,2.246200,0.609702
39024,3,0.114959,0.895014,30,0,1000.000,1.837097,0.647878
39024,4,0.152486,0.931964,34,0,1000.000,1.579460,0.644790
39024,5,0.106911,0.897425,22,0,1000.000,1.989809,0.641110
39024,6,0.113867,0.916073,21,0,1000.000,1.849786,0.632945
39024,7,0.105455,0.936414,22,0,1000.000,1.505931,0.645172
39072,0,0.138676,0.895678,30,0,1000.000,1.974609,0.632498
39072,1,0.122123,0.884520,26,0,1000.000,1.935442,0.621501
39072,2,0.145523,0.918520,24,0,1000.000,1.649929,0.646471
39072,3,0.114959,0.908751,24,0,1000.000,1.662583,0.646478
39072,4,0.152486,0.920401,32,0,1000.000,1.819264,0.640562
39072,5,0.106911,0.898201,27,0,1000.000,2.177062,0.631863
39072,6,0.113867,0.863304,24,0,1000.000,2.364694,0.622643
39072,7,0.105455,0.912163,28,0,1000.000,1.626442,0.633755
39120,0,0.138676,0.907754,32,0,1000.000,1.711529,0.631511
39120,1,0.122123,0.882246,30,0,1000.000,1.708039,0.628999
39120,2,0.145523,0.914255,32,0,1000.000,1.896971,0.638821
39120,3,0.114959,0.872387,38,0,1000.000,2.018149,0.627085
39120,4,0.152486,0.927916,31,0,1000.000,1.521392,0.642115
39120,5,0.106911,0.931175,22,0,1000.000,1.704912,0.647794
39120,6,0.113867,0.909387,32,0,1000.000,1.941492,0.645354
39120,7,0.105455,0.899987,23,0,1000.000,1.994917,0.628207
39216,0,0.138676,0.888251,36,0,1000.000,2.106647,0.622288
39216,1,0.122123,0.904510,44,0,1000.000,1.767163,0.635716
39216,2,0.145523,0.903143,50,0,1000.000,1.952940,0.635528
39216,3,0.114959,0.891178,37,0,1000.000,2.105671,0.629788
39216,4,0.152486,0.880219,53,0,1000.000,2.108445,0.619657
39216,5,0.106911,0.931980,33,0,1000.000,1.532090,0.646680
39216,6,0.113867,0.919813,47,0,1000.000,1.696169,0.636697
39216,7,0.105455,0.898652,36,0,1000.000,1.700764,0.637110
39264,0,0.138676,0.900836,22,0,1000.000,1.791927,0.636984
39264,1,0.122123,0.873882,19,0,1000.000,1.925850,0.625430
39264,2,0.145523,0.861590,20,0,1000.000,1.972813,0.630204
39264,3,0.114959,0.869951,20,0,1000.000,2.183896,0.629952
39264,4,0.152486,0.916439,23,0,1000.000,2.012171,0.643903
39264,5,0.106911,0.919452,14,0,1000.000,1.801764,0.637779
39264,6,0.113867,0.863357,12,0,1000.000,1.948477,0.615661
39264,7,0.105455,0.947239,20,0,1000.000,1.452513,0.643994
39312,0,0.138676,0.918863,17,0,1000.000,1.655543,0.635832
39312,1,0.122123,0.856179,21,0,1000.000,1.934106,0.624443
39312,2,0.145523,0.905160,28,0,1000.000,2.037929,0.644791
39312,3,0.114959,0.925444,28,0,1000.000,1.531727,0.644483
39312,4,0.152486,0.911431,24,0,1000.000,2.172992,0.645748
39312,5,0.106911,0.926439,25,0,1000.000,1.721399,0.656310
39312,6,0.113867,0.890588,11,0,1000.000,1.827292,0.636031
39312,7,0.105455,0.926480,20,0,1000.000,1.746169,0.656282
39360,0,0.138676,0.911947,22,0,1000.000,1.785101,0.656413
39360,1,0.122123,0.913944,21,0,1000.000,1.977210,0.634122
39360,2,0.145523,0.897194,14,0,1000.000,1.782096,0.648993
39360,3,0.114959,0.918495,18,0,1000.000,1.762479,0.663367
39360,4,0.152486,0.892935,32,0,1000.000,2.107500,0.640620
39360,5,0.106911,0.854258,15,0,1000.000,2.311168,0.620911
39360,6,0.113867,0.899873,21,0,1000.000,1.648993,0.648994
39360,7,0.105455,0.910897,23,0,1000.000,2.106591,0.638738
39408,0,0.138676,0.911533,28,0,1000.000,1.707508,0.643594
39408,1,0.122123,0.901508,21,0,1000.000,1.746916,0.641465
39408,2,0.145523,0.887324,26,0,1000.000,2.173783,0.631552
39408,3,0.114959,0.903473,19,0,1000.000,1.603713,0.644067
39408,4,0.152486,0.911557,17,0,1000.000,1.905109,0.651859
39408,5,0.106911,0.929641,19,0,1000.000,1.606733,0.656875
39408,6,0.113867,0.921276,21,0,1000.000,1.650212,0.647128
39408,7,0.105455,0.925353,18,0,1000.000,1.599312,0.655607
39456,0,0.138676,0.913102,24,1,997.667,1.790571,0.649880
39456,1,0.122123,0.886652,14,0,1000.000,2.145242,0.616360
39456,2,0.145523,0.929693,38,0,1000.000,1.504487,0.657022
39456,3,0.114959,0.909311,24,0,1000.000,2.051772,0.646778
39456,4,0.152486,0.916838,36,0,1000.000,1.831949,0.641861
39456,5,0.106911,0.864117,21,0,1000.000,2.186509,0.621755
39456,6,0.113867,0.925090,28,0,1000.000,1.921845,0.655320
39456,7,0.105455,0.888331,18,0,1000.000,1.668034,0.628110
39504,0,0.138676,0.907525,34,0,1000.000,1.691031,0.642981
39504,1,0.122123,0.907100,29,0,1000.000,1.774048,0.640533
39504,2,0.145523,0.893448,45,0,1000.000,1.768621,0.645326
39504,3,0.114959,0.898902,22,0,1000.000,1.777969,0.632107
39504,4,0.152486,0.910167,25,0,1000.000,1.690649,0.645541
39504,5,0.106911,0.913368,28,0,1000.000,1.670370,0.645425
39504,6,0.113867,0.883021,25,0,1000.000,2.101529,0.634300
39504,7,0.105455,0.910968,28,0,1000.000,1.640365,0.646455
39552,0,0.138676,0.863174,24,0,1000.000,2.251881,0.621063
39552,1,0.122123,0.914312,19,0,1000.000,1.713599,0.635421
39552,2,0.145523,0.911683,37,0,1000.000,1.786642,0.642095
39552,3,0.114959,0.912091,24,0,1000.000,1.723808,0.648699
39552,4,0.152486,0.920909,20,0,1000.000,1.685038,0.653828
39552,5,0.106911,0.901372,19,0,1000.000,2.055781,0.636591
39552,6,0.113867,0.875975,18,0,1000.000,2.116433,0.641871
39552,7,0.105455,0.899087,23,0,1000.000,1.973442,0.637360
39600,0,0.138676,0.897090,16,0,1000.000,2.084205,0.640229
39600,1,0.122123,0.933113,28,0,1000.000,1.604605,0.666482
39600,2,0.145523,0.926973,25,0,1000.000,1.446719,0.648414
39600,3,0.114959,0.907948,26,0,1000.000,1.693518,0.646286
39600,4,0.152486,0.883273,32,0,1000.000,2.174900,0.633693
39600,5,0.106911,0.924565,31,0,1000.000,1.866737,0.648367
39600,6,0.113867,0.896494,22,0,1000.000,1.881335,0.634411
39600,7,0.105455,0.931690,21,0,1000.000,1.648717,0.660856
39648,0,0.138676,0.915601,40,1,981.800,1.659651,0.647539
39648,1,0.122123,0.900402,36,0,1000.000,1.955730,0.636566
39648,2,0.145523,0.927408,28,0,1000.000,1.341056,0.642247
39648,3,0.114959,0.922104,32,0,1000.000,1.899409,0.652091
39648,4,0.152486,0.920827,34,0,1000.000,1.671821,0.636813
39648,5,0.106911,0.899735,31,0,1000.000,2.164080,0.632761
39648,6,0.113867,0.908498,25,0,1000.000,1.799479,0.639875
39648,7,0.105455,0.923535,21,0,1000.000,1.691872,0.669507
39696,0,0.138676,0.904770,32,0,1000.000,1.946563,0.643567
39696,1,0.122123,0.933131,40,0,1000.000,1.723043,0.654098
39696,2,0.145523,0.904887,39,0,1000.000,1.801195,0.645748
39696,3,0.114959,0.917766,24,0,1000.000,1.985244,0.649624
39696,4,0.152486,0.919310,40,0,1000.000,1.757236,0.650059
39696,5,0.106911,0.912828,28,0,1000.000,1.738217,0.646482
39696,6,0.113867,0.919824,26,0,1000.000,1.752335,0.641536
39696,7,0.105455,0.895903,24,0,1000.000,1.986420,0.633657
39744,0,0.138676,0.934255,35,0,1000.000,1.673443,0.654909
39744,1,0.122123,0.916876,24,0,1000.000,1.577700,0.644445
39744,2,0.145523,0.924119,27,0,1000.000,1.488449,0.652219
39744,3,0.114959,0.931498,20,0,1000.000,1.554258,0.650189
39744,4,0.152486,0.934942,37,0,1000.000,1.634665,0.645068
39744,5,0.106911,0.917259,21,0,1000.000,1.710832,0.647316
39744,6,0.113867,0.903529,25,0,1000.000,1.987332,0.647256
39744,7,0.105455,0.927529,25,0,1000.000,1.657024,0.650457
39792,0,0.138676,0.938446,28,0,1000.000,1.520915,0.669463
39792,1,0.122123,0.916663,25,1,962.160,1.413288,0.646954
39792,2,0.145523,0.932738,29,0,1000.000,1.507002,0.664497
39792,3,0.114959,0.917618,37,0,1000.000,1.844823,0.649943
39792,4,0.152486,0.912744,45,0,1000.000,1.948318,0.644915
39792,5,0.106911,0.914118,35,0,1000.000,1.887205,0.643872
39792,6,0.113867,0.922598,12,0,1000.000,1.477575,0.653715
39792,7,0.105455,0.908194,21,0,1000.000,1.852766,0.657443
39840,0,0.138676,0.927339,16,0,1000.000,1.668518,0.650493
39840,1,0.122123,0.889431,16,0,1000.000,2.104550,0.629152
39840,2,0.145523,0.901663,35,0,1000.000,1.903543,0.635608
39840,3,0.114959,0.905766,20,0,1000.000,2.008981,0.646265
39840,4,0.152486,0.916324,26,0,1000.000,2.015262,0.641962
39840,5,0.106911,0.890942,20,0,1000.000,1.675252,0.640283
39840,6,0.113867,0.941348,21,0,1000.000,1.614957,0.649657
39840,7,0.105455,0.939554,9,0,1000.000,1.802706,0.662346
39888,0,0.138676,0.918379,17,0,1000.000,1.413647,0.657161
39888,1,0.122123,0.882271,17,0,1000.000,1.984647,0.633159
39888,2,0.145523,0.919696,17,0,1000.000,1.621260,0.647182
39888,3,0.114959,0.949096,14,0,1000.000,1.406024,0.656813
39888,4,0.152486,0.925188,25,0,1000.000,1.693447,0.641031
39888,5,0.106911,0.912863,16,0,1000.000,1.929308,0.634214
39888,6,0.113867,0.885637,23,0,1000.000,1.911089,0.631816
39888,7,0.105455,0.948082,17,0,1000.000,1.396947,0.661208
39936,0,0.138676,0.925233,28,0,1000.000,1.633589,0.645174
39936,1,0.122123,0.878370,20,0,1000.000,2.296881,0.632576
39936,2,0.145523,0.937657,23,0,1000.000,1.288083,0.664040
39936,3,0.114959,0.906414,24,0,1000.000,1.872177,0.635428
39936,4,0.152486,0.892277,26,0,1000.000,2.058826,0.623722
39936,5,0.106911,0.942302,24,0,1000.000,1.517099,0.651843
39936,6,0.113867,0.892343,16,0,1000.000,2.014306,0.648511
39936,7,0.105455,0.920961,29,0,1000.000,1.715294,0.634584
39984,0,0.138676,0.890691,31,0,1000.000,1.671930,0.635259
39984,1,0.122123,0.913659,28,0,1000.000,1.741113,0.639002
39984,2,0.145523,0.896490,27,0,1000.000,1.782818,0.638844
39984,3,0.114959,0.913758,20,0,1000.000,1.929056,0.638961
39984,4,0.152486,0.925281,30,0,1000.000,1.665696,0.650963
39984,5,0.106911,0.928619,22,0,1000.000,1.594897,0.645391
39984,6,0.113867,0.920202,21,0,1000.000,1.666207,0.660579
39984,7,0.105455,0.871270,20,0,1000.000,2.288728,0.625014
40032,0,0.138676,0.918921,26,0,1000.000,1.747772,0.647640
40032,1,0.122123,0.902357,23,0,1000.000,1.827185,0.642039
40032,2,0.145523,0.934048,29,0,1000.000,1.558014,0.648709
40032,3,0.114959,0.905560,17,0,1000.000,1.797673,0.633181
40032,4,0.152486,0.905371,28,0,1000.000,1.942549,0.637326
40032,5,0.106911,0.920413,33,0,1000.000,1.662874,0.646891
40032,6,0.113867,0.919905,28,0,1000.000,1.832368,0.654360
40032,7,0.105455,0.930908,24,0,1000.000,1.640425,0.656610
40080,0,0.138676,0.939089,38,0,1000.000,1.435196,0.653863
40080,1,0.122123,0.919175,28,0,1000.000,1.799067,0.645460
40080,2,0.145523,0.917488,33,0,1000.000,1.510217,0.642505
40080,3,0.114959,0.872191,28,0,1000.000,1.959265,0.636504
40080,4,0.152486,0.941594,34,0,1000.000,1.639258,0.660706
40080,5,0.106911,0.909405,36,0,1000.000,1.701365,0.645054
40080,6,0.113867,0.925024,21,0,1000.000,1.701203,0.667582
40080,7,0.105455,0.906794,24,0,1000.000,2.038315,0.637459
40128,0,0.138676,0.901804,23,0,1000.000,2.054144,0.636258
40128,1,0.122123,0.904295,27,0,1000.000,1.767650,0.629303
40128,2,0.145523,0.926242,30,0,1000.000,1.392289,0.652241
40128,3,0.114959,0.877807,20,0,1000.000,2.071027,0.635029
40128,4,0.152486,0.892564,31,0,1000.000,2.134116,0.625949
40128,5,0.106911,0.892058,23,0,1000.000,1.728830,0.642045
40128,6,0.113867,0.901821,25,0,1000.000,1.888669,0.639941
40128,7,0.105455,0.894539,34,1,998.824,1.709135,0.637495
40176,0,0.138676,0.927330,31,0,1000.000,1.600702,0.644737
40176,1,0.122123,0.894669,21,0,1000.000,2.038988,0.630111
40176,2,0.145523,0.916799,26,0,1000.000,1.739045,0.649079
40176,3,0.114959,0.890399,22,0,1000.000,1.806926,0.642522
40176,4,0.152486,0.932443,24,0,1000.000,1.524770,0.646189
40176,5,0.106911,0.918846,17,0,1000.000,1.614196,0.653097
40176,6,0.113867,0.937309,17,0,1000.000,1.124027,0.655711
40176,7,0.105455,0.916182,22,0,1000.000,1.787921,0.642156
40224,0,0.138676,0.920994,22,0,1000.000,1.814130,0.631182
40224,1,0.122123,0.944074,10,0,1000.000,1.433171,0.684274
40224,2,0.145523,0.908057,28,0,1000.000,1.659575,0.631350
40224,3,0.114959,0.912925,14,0,1000.000,2.160923,0.622683
40224,4,0.152486,0.929460,30,0,1000.000,1.765083,0.634332
40224,5,0.106911,0.918444,16,0,1000.000,1.590114,0.651363
40224,6,0.113867,0.932658,16,0,1000.000,1.596864,0.656847
40224,7,0.105455,0.909997,25,0,1000.000,1.602413,0.647977
40272,0,0.138676,0.902069,18,0,1000.000,2.201830,0.632830
40272,1,0.122123,0.897229,18,0,1000.000,1.724003,0.638037
40272,2,0.145523,0.920795,18,0,1000.000,1.672657,0.650698
40272,3,0.114959,0.923204,20,0,1000.000,1.544533,0.631884
40272,4,0.152486,0.904502,20,0,1000.000,2.087915,0.624941
40272,5,0.106911,0.901616,22,0,1000.000,1.928746,0.640792
40272,6,0.113867,0.941957,19,0,1000.000,1.583009,0.663721
40272,7,0.105455,0.922296,8,0,1000.000,1.817750,0.627047
40320,0,0.138676,0.926270,35,1,986.257,1.641625,0.647446
40320,1,0.122123,0.931799,17,0,1000.000,1.825773,0.640381
40320,2,0.145523,0.898236,27,0,1000.000,1.890340,0.642490
40320,3,0.114959,0.891194,15,0,1000.000,2.048685,0.641369
40320,4,0.152486,0.931895,32,0,1000.000,1.540313,0.654232
40320,5,0.106911,0.911828,18,0,1000.000,1.804848,0.644812
40320,6,0.113867,0.876665,13,0,1000.000,2.360083,0.627277
40320,7,0.105455,0.923151,18,0,1000.000,1.545859,0.635503
40368,0,0.138676,0.913536,23,0,1000.000,1.894246,0.654221
40368,1,0.122123,0.938450,19,0,1000.000,1.548895,0.660082
40368,2,0.145523,0.849822,18,0,1000.000,2.264070,0.612053
40368,3,0.114959,0.934312,35,0,1000.000,1.580392,0.647274
40368,4,0.152486,0.917154,21,0,1000.000,1.835836,0.638173
40368,5,0.106911,0.906209,19,0,1000.000,1.789075,0.643071
40368,6,0.113867,0.922647,17,0,1000.000,1.924388,0.636381
40368,7,0.105455,0.911078,19,0,1000.000,1.619493,0.648048
40416,0,0.138676,0.906629,22,0,1000.000,1.996366,0.635063
40416,1,0.122123,0.899373,27,0,1000.000,2.044188,0.630615
40416,2,0.145523,0.911989,24,0,1000.000,1.985584,0.638141
40416,3,0.114959,0.927422,17,0,1000.000,1.542905,0.654270
40416,4,0.152486,0.923207,22,0,1000.000,1.515278,0.640673
40416,5,0.106911,0.922816,23,0,1000.000,1.688890,0.655476
40416,6,0.113867,0.925420,20,0,1000.000,1.905177,0.652610
40416,7,0.105455,0.915536,13,0,1000.000,2.044199,0.658442
40464,0,0.138676,0.884353,21,0,1000.000,2.172908,0.622370
40464,1,0.122123,0.911437,27,0,1000.000,1.883575,0.638385
40464,2,0.145523,0.917179,31,0,1000.000,1.739610,0.645692
40464,3,0.114959,0.918737,23,0,1000.000,1.726221,0.632461
40464,4,0.152486,0.912672,40,0,1000.000,1.822892,0.649186
40464,5,0.106911,0.882329,22,0,1000.000,2.075851,0.635084
40464,6,0.113867,0.906350,28,0,1000.000,1.898711,0.644663
40464,7,0.105455,0.902409,22,1,958.545,1.555153,0.661491
40512,0,0.138676,0.906532,27,0,1000.000,1.925258,0.630748
40512,1,0.122123,0.917864,29,0,1000.000,1.671513,0.654058
40512,2,0.145523,0.907394,35,0,1000.000,1.716760,0.633697
40512,3,0.114959,0.930420,24,0,1000.000,1.858524,0.651626
40512,4,0.152486,0.921565,35,0,1000.000,1.796218,0.649247
40512,5,0.106911,0.890545,24,0,1000.000,2.219578,0.622009
40512,6,0.113867,0.910870,26,0,1000.000,1.914085,0.638919
40512,7,0.105455,0.908458,28,0,1000.000,1.713785,0.642149
40560,0,0.138676,0.934598,22,0,1000.000,1.663771,0.645824
40560,1,0.122123,0.924728,18,0,1000.000,1.575713,0.651916
40560,2,0.145523,0.911434,26,0,1000.000,1.939374,0.648557
40560,3,0.114959,0.952628,16,0,1000.000,1.332985,0.671167
40560,4,0.152486,0.927394,32,0,1000.000,1.788061,0.648838
40560,5,0.106911,0.887745,27,0,1000.000,2.051440,0.635496
40560,6,0.113867,0.921562,18,0,1000.000,1.898919,0.646734
40560,7,0.105455,0.918963,22,0,1000.000,1.676688,0.648034
40608,0,0.138676,0.890331,27,0,1000.000,2.000687,0.642570
40608,1,0.122123,0.912932,28,0,1000.000,1.736768,0.642924
40608,2,0.145523,0.905864,35,0,1000.000,2.032243,0.642330
40608,3,0.114959,0.887725,28,0,1000.000,1.783187,0.638522
40608,4,0.152486,0.947042,25,0,1000.000,1.617126,0.660426
40608,5,0.106911,0.932763,19,0,1000.000,1.612673,0.654796
40608,6,0.113867,0.893854,28,0,1000.000,1.958145,0.638310
40608,7,0.105455,0.930402,23,1,998.522,1.589488,0.654608
40656,0,0.138676,0.912196,34,0,1000.000,1.624983,0.652073
40656,1,0.122123,0.927796,30,0,1000.000,1.634248,0.659777
40656,2,0.145523,0.913641,24,0,1000.000,1.878071,0.649752
40656,3,0.114959,0.884474,21,0,1000.000,1.969487,0.629534
40656,4,0.152486,0.927971,41,0,1000.000,1.766111,0.651147
40656,5,0.106911,0.940339,34,0,1000.000,1.707801,0.649785
40656,6,0.113867,0.911654,33,0,1000.000,2.069231,0.648114
40656,7,0.105455,0.929136,22,0,1000.000,1.344087,0.658653
40704,0,0.138676,0.896843,27,0,1000.000,1.899915,0.634378
40704,1,0.122123,0.917093,22,0,1000.000,1.538241,0.640459
40704,2,0.145523,0.898069,36,0,1000.000,2.071379,0.629985
40704,3,0.114959,0.907825,34,0,1000.000,1.886271,0.633965
40704,4,0.152486,0.915969,47,0,1000.000,1.625196,0.659380
40704,5,0.106911,0.935267,28,0,1000.000,1.741470,0.650329
40704,6,0.113867,0.941268,34,0,1000.000,1.658672,0.662994
40704,7,0.105455,0.904519,27,0,1000.000,1.962683,0.628383
40752,0,0.138676,0.934158,30,0,1000.000,1.647378,0.647590
40752,1,0.122123,0.905477,32,0,1000.000,1.986920,0.637722
40752,2,0.145523,0.935604,31,0,1000.000,1.820256,0.663916
40752,3,0.114959,0.926769,24,0,1000.000,1.786670,0.654574
40752,4,0.152486,0.918841,35,0,1000.000,1.896896,0.658427
40752,5,0.106911,0.924647,19,0,1000.000,1.952605,0.647928
40752,6,0.113867,0.955068,19,0,1000.000,1.221358,0.674904
40752,7,0.105455,0.932656,22,0,1000.000,1.837345,0.644249
40848,0,0.138676,0.925717,53,0,1000.000,1.608919,0.648980
40848,1,0.122123,0.907682,37,0,1000.000,1.984600,0.632985
40848,2,0.145523,0.924595,66,0,1000.000,1.635933,0.648430
40848,3,0.114959,0.903214,38,0,1000.000,1.905268,0.647727
40848,4,0.152486,0.918910,66,0,1000.000,1.638644,0.650440
40848,5,0.106911,0.906862,48,0,1000.000,2.018717,0.630306
40848,6,0.113867,0.942284,45,0,1000.000,1.534231,0.651185
40848,7,0.105455,0.908651,35,0,1000.000,1.926232,0.643585
40896,0,0.116368,0.870495,27,1,965.667,2.077164,0.614650
40896,1,0.116909,0.932773,12,0,1000.000,1.633617,0.649733
40896,2,0.116789,0.903427,26,0,1000.000,1.789873,0.637576
40896,3,0.119444,0.894693,17,0,1000.000,1.836889,0.634958
40896,4,0.121746,0.924727,18,0,1000.000,1.805018,0.646553
40896,5,0.132515,0.942391,19,0,1000.000,1.564925,0.662549
40896,6,0.125826,0.916881,11,0,1000.000,1.790229,0.635948
40896,7,0.150403,0.912036,16,0,1000.000,1.612160,0.643525
40944,0,0.116368,0.907835,34,1,996.529,1.888379,0.626279
40944,1,0.116909,0.946802,12,0,1000.000,1.399612,0.664522
40944,2,0.116789,0.949841,24,0,1000.000,1.375098,0.655078
40944,3,0.119444,0.911507,21,0,1000.000,1.865708,0.655555
40944,4,0.121746,0.912901,27,0,1000.000,1.782836,0.644394
40944,5,0.132515,0.892593,26,0,1000.000,2.157822,0.625698
40944,6,0.125826,0.912627,22,0,1000.000,1.670269,0.633283
40944,7,0.150403,0.917731,36,0,1000.000,2.005167,0.631670
40992,0,0.116368,0.940318,20,0,1000.000,1.398479,0.653859
40992,1,0.116909,0.922481,28,0,1000.000,1.770095,0.634630
40992,2,0.116789,0.886806,29,0,1000.000,2.071357,0.605527
40992,3,0.119444,0.919094,24,0,1000.000,1.914948,0.645806
40992,4,0.121746,0.950387,23,0,1000.000,1.448048,0.671845
40992,5,0.132515,0.880955,24,0,1000.000,2.328712,0.619619
40992,6,0.125826,0.898571,20,0,1000.000,1.810264,0.638475
40992,7,0.150403,0.935884,30,0,1000.000,1.905293,0.640668
41040,0,0.116368,0.940531,25,0,1000.000,1.560762,0.650043
41040,1,0.116909,0.928709,18,0,1000.000,1.721698,0.629228
41040,2,0.116789,0.905419,35,0,1000.000,1.875181,0.634268
41040,3,0.119444,0.874978,25,0,1000.000,2.160450,0.621974
41040,4,0.121746,0.904357,17,0,1000.000,1.803776,0.648871
41040,5,0.132515,0.911842,31,0,1000.000,1.868830,0.626664
41040,6,0.125826,0.925698,26,0,1000.000,1.559612,0.636118
41040,7,0.150403,0.921355,27,0,1000.000,1.750608,0.647029
41088,0,0.116368,0.923030,26,0,1000.000,1.795807,0.647725
41088,1,0.116909,0.913662,28,0,1000.000,1.749121,0.638734
41088,2,0.116789,0.937053,26,0,1000.000,1.555116,0.653017
41088,3,0.119444,0.885535,31,0,1000.000,1.792614,0.625599
41088,4,0.121746,0.901594,23,0,1000.000,1.855148,0.632691
41088,5,0.132515,0.910417,39,0,1000.000,1.898850,0.636258
41088,6,0.125826,0.900747,26,0,1000.000,1.669794,0.633890
41088,7,0.150403,0.912840,40,0,1000.000,1.748616,0.654697
41136,0,0.116368,0.948706,21,0,1000.000,1.409680,0.649207
41136,1,0.116909,0.915392,22,0,1000.000,2.006766,0.627208
41136,2,0.116789,0.916153,25,0,1000.000,1.826399,0.623829
41136,3,0.119444,0.917238,35,0,1000.000,1.735526,0.650723
41136,4,0.121746,0.856024,22,0,1000.000,1.832085,0.614807
41136,5,0.132515,0.909939,27,0,1000.000,1.616006,0.621254
41136,6,0.125826,0.898260,26,0,1000.000,1.851186,0.629751
41136,7,0.150403,0.929932,37,0,1000.000,1.816096,0.651259
41184,0,0.116368,0.902845,12,0,1000.000,1.992508,0.634828
41184,1,0.116909,0.934668,26,0,1000.000,1.522241,0.649674
41184,2,0.116789,0.931374,17,0,1000.000,1.546671,0.647371
41184,3,0.119444,0.941197,18,0,1000.000,1.616485,0.649238
41184,4,0.121746,0.928795,30,0,1000.000,1.843831,0.648794
41184,5,0.132515,0.916543,22,0,1000.000,2.059318,0.627415
41184,6,0.125826,0.899042,24,0,1000.000,1.607686,0.623757
41184,7,0.150403,0.904385,20,0,1000.000,1.931381,0.645842
41232,0,0.116368,0.899961,17,0,1000.000,1.712762,0.632484
41232,1,0.116909,0.925831,21,0,1000.000,1.638896,0.646613
41232,2,0.116789,0.935839,9,0,1000.000,1.710021,0.633023
41232,3,0.119444,0.947845,19,0,1000.000,1.416512,0.658405
41232,4,0.121746,0.919651,20,0,1000.000,1.913009,0.634659
41232,5,0.132515,0.905919,21,0,1000.000,1.797351,0.633498
41232,6,0.125826,0.931561,22,0,1000.000,1.649264,0.642033
41232,7,0.150403,0.935196,24,0,1000.000,1.490403,0.647488
41280,0,0.116368,0.919479,21,0,1000.000,1.465334,0.636588
41280,1,0.116909,0.914476,14,0,1000.000,1.884436,0.644282
41280,2,0.116789,0.891456,18,0,1000.000,1.703592,0.625622
41280,3,0.119444,0.919465,23,0,1000.000,1.812377,0.629416
41280,4,0.121746,0.955532,12,0,1000.000,1.392424,0.651529
41280,5,0.132515,0.911890,19,0,1000.000,1.759970,0.635268
41280,6,0.125826,0.929783,20,0,1000.000,1.558107,0.658008
41280,7,0.150403,0.917130,29,0,1000.000,1.810274,0.643988
41328,0,0.116368,0.922823,22,0,1000.000,1.671707,0.648898
41328,1,0.116909,0.925903,21,0,1000.000,1.647151,0.657022
41328,2,0.116789,0.901955,21,0,1000.000,1.813184,0.638596
41328,3,0.119444,0.928348,23,0,1000.000,1.802086,0.654392
41328,4,0.121746,0.920573,19,0,1000.000,1.842862,0.643604
41328,5,0.132515,0.948169,21,0,1000.000,1.416716,0.664219
41328,6,0.125826,0.904505,20,0,1000.000,1.739296,0.636307
41328,7,0.150403,0.920912,22,0,1000.000,1.981438,0.640145
41376,0,0.116368,0.935052,22,0,1000.000,1.509265,0.641424
41376,1,0.116909,0.944867,20,0,1000.000,1.504457,0.652446
41376,2,0.116789,0.936712,21,0,1000.000,1.467588,0.646387
41376,3,0.119444,0.941391,31,0,1000.000,1.318760,0.659604
41376,4,0.121746,0.892332,15,0,1000.000,1.812604,0.617636
41376,5,0.132515,0.928624,21,0,1000.000,1.650000,0.651906
41376,6,0.125826,0.906419,26,0,1000.000,1.764912,0.628638
41376,7,0.150403,0.935151,19,0,1000.000,1.616011,0.653956
41424,0,0.116368,0.945142,21,0,1000.000,1.652155,0.658642
41424,1,0.116909,0.899856,19,0,1000.000,1.972205,0.622430
41424,2,0.116789,0.919958,21,0,1000.000,1.456961,0.638598
41424,3,0.119444,0.939167,23,0,1000.000,1.645625,0.655135
41424,4,0.121746,0.900692,16,0,1000.000,2.084763,0.631343
41424,5,0.132515,0.887601,29,0,1000.000,1.888523,0.633574
41424,6,0.125826,0.922995,17,0,1000.000,1.630085,0.642260
41424,7,0.150403,0.906159,26,0,1000.000,1.939265,0.644759
41472,0,0.116368,0.928969,25,0,1000.000,1.649473,0.649458
41472,1,0.116909,0.915535,25,0,1000.000,1.885339,0.633461
41472,2,0.116789,0.950218,26,0,1000.000,1.555854,0.658922
41472,3,0.119444,0.925051,30,0,1000.000,1.883892,0.643848
41472,4,0.121746,0.904307,18,0,1000.000,1.994199,0.639912
41472,5,0.132515,0.913631,34,0,1000.000,1.857304,0.636694
41472,6,0.125826,0.895737,21,0,1000.000,2.051337,0.627430
41472,7,0.150403,0.938360,46,0,1000.000,1.571964,0.655841
41520,0,0.116368,0.924488,28,0,1000.000,1.421998,0.652172
41520,1,0.116909,0.912144,29,0,1000.000,1.961137,0.628257
41520,2,0.116789,0.911509,25,0,1000.000,1.891338,0.630651
41520,3,0.119444,0.900086,19,0,1000.000,1.950131,0.624064
41520,4,0.121746,0.909451,26,0,1000.000,1.958955,0.625579
41520,5,0.132515,0.920903,31,0,1000.000,1.875579,0.638456
41520,6,0.125826,0.909717,26,0,1000.000,1.745335,0.648933
41520,7,0.150403,0.925151,31,0,1000.000,1.605066,0.658351
41568,0,0.116368,0.921086,18,0,1000.000,1.911770,0.628331
41568,1,0.116909,0.921100,22,0,1000.000,1.817104,0.639132
41568,2,0.116789,0.915461,29,0,1000.000,1.831136,0.648427
41568,3,0.119444,0.931633,30,0,1000.000,1.725659,0.645800
41568,4,0.121746,0.924289,20,0,1000.000,1.757078,0.641758
41568,5,0.132515,0.949063,19,0,1000.000,1.444966,0.668010
41568,6,0.125826,0.932966,28,0,1000.000,1.782260,0.660436
41568,7,0.150403,0.900679,28,0,1000.000,1.919747,0.626238
41616,0,0.116368,0.914156,28,0,1000.000,1.740421,0.637557
41616,1,0.116909,0.917914,22,0,1000.000,2.026726,0.626456
41616,2,0.116789,0.934814,26,0,1000.000,1.501360,0.645139
41616,3,0.119444,0.941518,14,0,1000.000,1.234576,0.684454
41616,4,0.121746,0.902814,25,0,1000.000,1.865993,0.645642
41616,5,0.132515,0.900641,32,0,1000.000,2.012726,0.624738
41616,6,0.125826,0.910469,30,0,1000.000,1.636625,0.641251
41616,7,0.150403,0.916143,26,0,1000.000,1.869676,0.635108
41664,0,0.116368,0.933444,30,0,1000.000,1.679169,0.650456
41664,1,0.116909,0.918920,29,1,981.897,1.485449,0.644625
41664,2,0.116789,0.910488,24,0,1000.000,1.766733,0.647369
41664,3,0.119444,0.914088,30,0,1000.000,1.667187,0.642490
41664,4,0.121746,0.927074,40,0,1000.000,1.631605,0.645828
41664,5,0.132515,0.906627,24,0,1000.000,1.931650,0.642607
41664,6,0.125826,0.921330,36,0,1000.000,1.686857,0.655033
41664,7,0.150403,0.924562,38,0,1000.000,1.797657,0.648173
41712,0,0.116368,0.899061,32,0,1000.000,2.209738,0.618395
41712,1,0.116909,0.911633,19,0,1000.000,1.871610,0.637609
41712,2,0.116789,0.941510,29,0,1000.000,1.325837,0.645498
41712,3,0.119444,0.901406,38,0,1000.000,1.945088,0.628296
41712,4,0.121746,0.919284,25,0,1000.000,1.871639,0.643248
41712,5,0.132515,0.910250,31,0,1000.000,1.930173,0.633398
41712,6,0.125826,0.929782,28,0,1000.000,1.693473,0.638561
41712,7,0.150403,0.910360,45,0,1000.000,1.842816,0.640920
41760,0,0.116368,0.911238,23,1,980.696,1.486123,0.629008
41760,1,0.116909,0.927746,28,0,1000.000,1.743374,0.633733
41760,2,0.116789,0.877880,20,1,953.100,1.954618,0.619020
41760,3,0.119444,0.914290,29,0,1000.000,1.939640,0.635378
41760,4,0.121746,0.892164,23,0,1000.000,2.147987,0.621783
41760,5,0.132515,0.915473,31,0,1000.000,1.745027,0.635701
41760,6,0.125826,0.917875,28,0,1000.000,1.651505,0.651263
41760,7,0.150403,0.914469,40,1,976.750,1.482153,0.643723
41808,0,0.116368,0.916327,23,0,1000.000,1.961865,0.642477
41808,1,0.116909,0.920033,24,0,1000.000,1.978818,0.638030
41808,2,0.116789,0.937983,24,0,1000.000,1.573993,0.646070
41808,3,0.119444,0.936755,27,0,1000.000,1.663712,0.651159
41808,4,0.121746,0.915426,30,0,1000.000,1.658737,0.639771
41808,5,0.132515,0.929616,31,0,1000.000,1.817391,0.647352
41808,6,0.125826,0.915014,29,0,1000.000,1.715907,0.634415
41808,7,0.150403,0.905556,33,0,1000.000,1.957027,0.637694
41856,0,0.116368,0.919566,17,0,1000.000,1.599005,0.629548
41856,1,0.116909,0.892929,13,0,1000.000,2.266108,0.595900
41856,2,0.116789,0.936174,22,0,1000.000,1.460277,0.633121
41856,3,0.119444,0.940551,13,0,1000.000,1.575908,0.642153
41856,4,0.121746,0.926638,21,0,1000.000,1.555233,0.645689
41856,5,0.132515,0.898977,18,0,1000.000,1.841168,0.632875
41856,6,0.125826,0.891078,17,0,1000.000,2.123143,0.631324
41856,7,0.150403,0.913052,21,0,1000.000,1.675953,0.632981
41904,0,0.116368,0.902446,16,0,1000.000,2.120785,0.623289
41904,1,0.116909,0.936832,23,0,1000.000,1.639030,0.650234
41904,2,0.116789,0.917661,17,0,1000.000,1.639575,0.663608
41904,3,0.119444,0.938562,14,0,1000.000,1.328403,0.636332
41904,4,0.121746,0.884455,17,0,1000.000,2.109392,0.635078
41904,5,0.132515,0.925431,20,0,1000.000,1.654143,0.649316
41904,6,0.125826,0.934510,25,0,1000.000,1.716642,0.634645
41904,7,0.150403,0.933501,21,0,1000.000,1.587519,0.644837
41952,0,0.116368,0.913209,27,1,965.778,1.840662,0.633651
41952,1,0.116909,0.881850,19,0,1000.000,2.098866,0.630873
41952,2,0.116789,0.909123,22,0,1000.000,1.737752,0.633904
41952,3,0.119444,0.891158,27,0,1000.000,2.067737,0.626394
41952,4,0.121746,0.942720,18,0,1000.000,1.594545,0.646094
41952,5,0.132515,0.894231,32,0,1000.000,1.840548,0.628788
41952,6,0.125826,0.933967,29,0,1000.000,1.712167,0.657424
41952,7,0.150403,0.876980,32,0,1000.000,2.179646,0.624489
42000,0,0.116368,0.890850,18,0,1000.000,2.139708,0.630222
42000,1,0.116909,0.869319,31,0,1000.000,1.950588,0.618833
42000,2,0.116789,0.896300,17,0,1000.000,1.652050,0.630919
42000,3,0.119444,0.924952,19,0,1000.000,1.766835,0.656017
42000,4,0.121746,0.895711,32,0,1000.000,2.004334,0.632096
42000,5,0.132515,0.902450,27,0,1000.000,2.153265,0.629198
42000,6,0.125826,0.868787,28,0,1000.000,1.963694,0.624110
42000,7,0.150403,0.857971,20,1,954.700,1.751885,0.612377
42096,0,0.116368,0.893112,56,1,987.589,1.995062,0.629324
42096,1,0.116909,0.913374,56,0,1000.000,1.792440,0.638916
42096,2,0.116789,0.900973,46,0,1000.000,1.941462,0.632666
42096,3,0.119444,0.881207,60,0,1000.000,1.974157,0.622967
42096,4,0.121746,0.890164,56,0,1000.000,2.125593,0.630314
42096,5,0.132515,0.917911,53,0,1000.000,1.918176,0.641266
42096,6,0.125826,0.902375,63,0,1000.000,1.997036,0.630458
42096,7,0.150403,0.886036,72,0,1000.000,2.089419,0.625756
42144,0,0.116368,0.875468,19,0,1000.000,1.841981,0.620547
42144,1,0.116909,0.893894,20,0,1000.000,1.759961,0.617458
42144,2,0.116789,0.895989,32,0,1000.000,2.129939,0.632405
42144,3,0.119444,0.902436,23,0,1000.000,1.971808,0.628768
42144,4,0.121746,0.887040,27,0,1000.000,2.201016,0.625525
42144,5,0.132515,0.910585,33,0,1000.000,1.738957,0.628768
42144,6,0.125826,0.916638,15,0,1000.000,1.785318,0.643769
42144,7,0.150403,0.904565,38,0,1000.000,1.866278,0.631818
42192,0,0.116368,0.900484,22,0,1000.000,1.793873,0.621067
42192,1,0.116909,0.932228,18,0,1000.000,1.825551,0.636575
42192,2,0.116789,0.890875,23,0,1000.000,1.904360,0.631030
42192,3,0.119444,0.912018,14,0,1000.000,1.783792,0.638083
42192,4,0.121746,0.929550,16,0,1000.000,1.643630,0.652466
42192,5,0.132515,0.910402,27,0,1000.000,2.029089,0.630006
42192,6,0.125826,0.867616,16,0,1000.000,2.452871,0.614756
42192,7,0.150403,0.927094,27,0,1000.000,1.724900,0.646787
42240,0,0.116368,0.926116,18,0,1000.000,1.545161,0.632546
42240,1,0.116909,0.926709,13,0,1000.000,1.443528,0.660201
42240,2,0.116789,0.894633,17,0,1000.000,1.989771,0.626739
42240,3,0.119444,0.928590,18,0,1000.000,1.609848,0.637677
42240,4,0.121746,0.917276,22,0,1000.000,1.506797,0.627654
42240,5,0.132515,0.928340,18,0,1000.000,1.491021,0.644964
42240,6,0.125826,0.901868,24,0,1000.000,1.761355,0.628094
42240,7,0.150403,0.860610,25,0,1000.000,2.022554,0.613960
42288,0,0.116368,0.893800,17,0,1000.000,1.959034,0.635926
42288,1,0.116909,0.890752,21,0,1000.000,1.939834,0.626444
42288,2,0.116789,0.919327,21,0,1000.000,1.740980,0.633294
42288,3,0.119444,0.871049,25,0,1000.000,2.175436,0.621518
42288,4,0.121746,0.901999,17,0,1000.000,1.774864,0.646820
42288,5,0.132515,0.943333,16,0,1000.000,1.366362,0.659632
42288,6,0.125826,0.897101,22,0,1000.000,2.001186,0.627835
42288,7,0.150403,0.911868,16,0,1000.000,1.926098,0.630575
42384,0,0.116368,0.916461,31,0,1000.000,1.810231,0.641269
42384,1,0.116909,0.908614,45,0,1000.000,1.626594,0.639072
42384,2,0.116789,0.895743,46,0,1000.000,2.036679,0.637200
42384,3,0.119444,0.898641,32,0,1000.000,2.160505,0.637141
42384,4,0.121746,0.912622,40,0,1000.000,1.775871,0.650189
42384,5,0.132515,0.913331,43,0,1000.000,1.895990,0.639549
42384,6,0.125826,0.868239,45,0,1000.000,2.115717,0.622612
42384,7,0.150403,0.895603,61,0,1000.000,2.035076,0.629733
42432,0,0.116368,0.884994,24,0,1000.000,2.018131,0.619187
42432,1,0.116909,0.915082,26,0,1000.000,1.750112,0.644650
42432,2,0.116789,0.902680,26,0,1000.000,1.865251,0.631349
42432,3,0.119444,0.899595,18,0,1000.000,1.917173,0.625172
42432,4,0.121746,0.928917,17,0,1000.000,1.863343,0.655724
42432,5,0.132515,0.929527,24,0,1000.000,1.653377,0.659341
42432,6,0.125826,0.908061,21,0,1000.000,1.726220,0.631243
42432,7,0.150403,0.901822,20,0,1000.000,2.073760,0.625867
42480,0,0.116368,0.913875,23,0,1000.000,1.499276,0.630956
42480,1,0.116909,0.925635,27,0,1000.000,1.441602,0.647381
42480,2,0.116789,0.901047,29,0,1000.000,1.917489,0.642579
42480,3,0.119444,0.899920,27,0,1000.000,2.054341,0.637814
42480,4,0.121746,0.908223,30,0,1000.000,2.009887,0.636082
42480,5,0.132515,0.940543,23,0,1000.000,1.742287,0.663878
42480,6,0.125826,0.918835,36,0,1000.000,1.870568,0.655558
42480,7,0.150403,0.892767,35,0,1000.000,1.937234,0.629830
42528,0,0.116368,0.921308,28,0,1000.000,1.732044,0.638052
42528,1,0.116909,0.924537,22,0,1000.000,1.814292,0.646054
42528,2,0.116789,0.934409,18,0,1000.000,1.935043,0.637006
42528,3,0.119444,0.884661,27,0,1000.000,1.923300,0.619617
42528,4,0.121746,0.900026,24,0,1000.000,1.844002,0.626419
42528,5,0.132515,0.882754,16,0,1000.000,2.086174,0.628074
42528,6,0.125826,0.893453,40,0,1000.000,2.188173,0.627504
42528,7,0.150403,0.901591,34,0,1000.000,1.974037,0.634630
42576,0,0.116368,0.938596,20,0,1000.000,1.607665,0.662902
42576,1,0.116909,0.890411,26,0,1000.000,1.888687,0.624041
42576,2,0.116789,0.904862,22,0,1000.000,1.827321,0.636364
42576,3,0.119444,0.912482,16,0,1000.000,1.935360,0.633500
42576,4,0.121746,0.833810,17,0,1000.000,2.251634,0.619919
42576,5,0.132515,0.869786,20,0,1000.000,2.041491,0.626484
42576,6,0.125826,0.905127,32,0,1000.000,2.002897,0.636891
42576,7,0.150403,0.894119,37,0,1000.000,2.093171,0.622268
42624,0,0.116368,0.902334,25,0,1000.000,1.917623,0.645865
42624,1,0.116909,0.886452,35,0,1000.000,2.153515,0.638591
42624,2,0.116789,0.890853,20,0,1000.000,2.233414,0.628446
42624,3,0.119444,0.905978,26,0,1000.000,1.837177,0.648158
42624,4,0.121746,0.890805,26,0,1000.000,2.063967,0.638632
42624,5,0.132515,0.900563,31,0,1000.000,1.808380,0.642260
42624,6,0.125826,0.899780,28,0,1000.000,1.827508,0.652752
42624,7,0.150403,0.853129,32,1,971.250,2.248611,0.611231
42672,0,0.116368,0.898111,36,0,1000.000,1.897799,0.636589
42672,1,0.116909,0.892878,22,0,1000.000,2.186435,0.626410
42672,2,0.116789,0.918162,33,0,1000.000,1.677084,0.652581
42672,3,0.119444,0.838126,21,0,1000.000,2.351765,0.620321
42672,4,0.121746,0.914519,31,0,1000.000,1.944983,0.642923
42672,5,0.132515,0.902290,32,0,1000.000,2.003124,0.636966
42672,6,0.125826,0.915886,25,0,1000.000,1.892704,0.633778
42672,7,0.150403,0.871298,39,0,1000.000,2.148074,0.629798
42720,0,0.116368,0.884247,30,1,988.233,1.978803,0.619423
42720,1,0.116909,0.914808,39,0,1000.000,1.968949,0.642842
42720,2,0.116789,0.888523,27,0,1000.000,2.257575,0.617631
42720,3,0.119444,0.907919,32,0,1000.000,1.884830,0.635390
42720,4,0.121746,0.906145,40,0,1000.000,1.908591,0.636459
42720,5,0.132515,0.922840,35,0,1000.000,1.875621,0.651028
42720,6,0.125826,0.874469,20,0,1000.000,2.281833,0.610891
42720,7,0.150403,0.886283,30,0,1000.000,2.235479,0.621611
42768,0,0.116368,0.894949,29,0,1000.000,1.925009,0.627384
42768,1,0.116909,0.857052,21,0,1000.000,2.348870,0.610567
42768,2,0.116789,0.933983,27,0,1000.000,1.436981,0.646454
42768,3,0.119444,0.897709,31,0,1000.000,2.053679,0.641276
42768,4,0.121746,0.854959,20,0,1000.000,2.141163,0.626610
42768,5,0.132515,0.916529,29,0,1000.000,1.667307,0.635526
42768,6,0.125826,0.911884,22,0,1000.000,1.581017,0.662675
42768,7,0.150403,0.914702,49,0,1000.000,1.755669,0.643528
42816,0,0.116368,0.888375,30,1,987.233,2.316947,0.621349
42816,1,0.116909,0.894098,27,0,1000.000,1.871535,0.632855
42816,2,0.116789,0.939403,26,0,1000.000,1.233742,0.645419
42816,3,0.119444,0.916267,21,0,1000.000,1.812474,0.627491
42816,4,0.121746,0.902423,22,0,1000.000,2.139604,0.620749
42816,5,0.132515,0.901142,20,0,1000.000,1.900005,0.636897
42816,6,0.125826,0.927943,29,0,1000.000,1.532961,0.651524
42816,7,0.150403,0.912246,28,0,1000.000,1.995748,0.642275
42864,0,0.116368,0.902448,11,1,972.636,1.732681,0.628398
42864,1,0.116909,0.920029,16,0,1000.000,1.938101,0.638708
42864,2,0.116789,0.868026,12,0,1000.000,1.738952,0.620717
42864,3,0.119444,0.932864,19,0,1000.000,1.461270,0.647979
42864,4,0.121746,0.907876,16,0,1000.000,1.512242,0.650706
42864,5,0.132515,0.878207,17,0,1000.000,2.308793,0.626601
42864,6,0.125826,0.913419,16,0,1000.000,1.750301,0.640860
42864,7,0.150403,0.906155,23,0,1000.000,1.681613,0.626709
42912,0,0.116368,0.943846,14,0,1000.000,1.743345,0.664529
42912,1,0.116909,0.877562,19,0,1000.000,2.426024,0.617703
42912,2,0.116789,0.915958,15,0,1000.000,2.009367,0.647758
42912,3,0.119444,0.937054,23,0,1000.000,1.675566,0.656270
42912,4,0.121746,0.878642,24,0,1000.000,1.891463,0.624235
42912,5,0.132515,0.929467,24,0,1000.000,1.590132,0.635203
42912,6,0.125826,0.909361,27,0,1000.000,1.960200,0.647846
42912,7,0.150403,0.894758,21,0,1000.000,2.151181,0.637099
42960,0,0.116368,0.886898,34,0,1000.000,2.123046,0.634236
42960,1,0.116909,0.886039,17,0,1000.000,2.226141,0.623337
42960,2,0.116789,0.916835,27,0,1000.000,1.658626,0.641516
42960,3,0.119444,0.922685,19,0,1000.000,2.031562,0.631393
42960,4,0.121746,0.886780,20,0,1000.000,2.143390,0.611794
42960,5,0.132515,0.886105,38,0,1000.000,2.149944,0.617821
42960,6,0.125826,0.912527,32,0,1000.000,1.830858,0.636965
42960,7,0.150403,0.887638,30,0,1000.000,2.192339,0.623351
43008,0,0.116368,0.875869,23,0,1000.000,2.066505,0.644401
43008,1,0.116909,0.914004,22,0,1000.000,1.831132,0.637255
43008,2,0.116789,0.904590,15,0,1000.000,1.774591,0.622292
43008,3,0.119444,0.916930,31,0,1000.000,1.745778,0.638360
43008,4,0.121746,0.899846,14,0,1000.000,1.952928,0.636107
43008,5,0.132515,0.933408,18,0,1000.000,1.962514,0.635020
43008,6,0.125826,0.906645,32,0,1000.000,1.910727,0.628360
43008,7,0.150403,0.882657,39,0,1000.000,2.039257,0.623322
43056,0,0.116368,0.901301,28,1,984.714,1.931786,0.630620
43056,1,0.116909,0.906311,28,0,1000.000,1.956119,0.637312
43056,2,0.116789,0.911569,19,0,1000.000,1.991410,0.640899
43056,3,0.119444,0.895200,26,0,1000.000,2.093006,0.627483
43056,4,0.121746,0.918469,28,0,1000.000,1.882039,0.647338
43056,5,0.132515,0.907100,25,0,1000.000,2.043250,0.639630
43056,6,0.125826,0.903444,33,0,1000.000,1.912303,0.633027
43056,7,0.150403,0.891181,28,0,1000.000,1.806273,0.640362
43104,0,0.116368,0.865442,32,0,1000.000,2.082705,0.613496
43104,1,0.116909,0.914403,40,0,1000.000,1.834872,0.635285
43104,2,0.116789,0.883245,31,0,1000.000,2.041810,0.625246
43104,3,0.119444,0.904109,32,0,1000.000,2.039111,0.627551
43104,4,0.121746,0.851436,29,0,1000.000,2.122231,0.617998
43104,5,0.132515,0.907306,21,0,1000.000,1.783076,0.639690
43104,6,0.125826,0.893386,25,0,1000.000,1.928892,0.630319
43104,7,0.150403,0.895192,33,0,1000.000,1.954866,0.618993
43152,0,0.116368,0.839218,25,0,1000.000,2.327043,0.606663
43152,1,0.116909,0.865103,18,0,1000.000,2.068488,0.621315
43152,2,0.116789,0.920496,24,0,1000.000,1.678524,0.633628
43152,3,0.119444,0.908460,22,0,1000.000,2.107096,0.631402
43152,4,0.121746,0.892629,20,0,1000.000,2.033227,0.640342
43152,5,0.132515,0.901428,29,0,1000.000,1.948398,0.631884
43152,6,0.125826,0.867303,25,0,1000.000,2.049518,0.619564
43152,7,0.150403,0.882239,32,0,1000.000,2.103148,0.634176
43200,0,0.116368,0.928720,23,0,1000.000,1.853546,0.648070
43200,1,0.116909,0.875664,13,0,1000.000,1.990234,0.634968
43200,2,0.116789,0.901515,20,0,1000.000,2.047007,0.633849
43200,3,0.119444,0.866954,18,0,1000.000,2.032485,0.615058
43200,4,0.121746,0.920164,21,0,1000.000,1.862098,0.630312
43200,5,0.132515,0.893643,26,0,1000.000,2.025830,0.625376
43200,6,0.125826,0.921039,20,0,1000.000,1.983074,0.642595
43200,7,0.150403,0.881928,21,0,1000.000,2.041850,0.630174
43248,0,0.116368,0.879470,22,0,1000.000,2.017380,0.629303
43248,1,0.116909,0.908046,22,0,1000.000,1.840883,0.642489
43248,2,0.116789,0.857236,21,0,1000.000,2.411049,0.600578
43248,3,0.119444,0.891589,11,0,1000.000,2.152153,0.627052
43248,4,0.121746,0.894151,19,0,1000.000,2.237092,0.615306
43248,5,0.132515,0.888034,16,0,1000.000,1.985185,0.634340
43248,6,0.125826,0.883723,11,0,1000.000,1.658313,0.633695
43248,7,0.150403,0.911078,23,0,1000.000,2.078535,0.631310
43296,0,0.124907,0.915618,23,0,1000.000,1.782302,0.641773
43296,1,0.136655,0.896158,24,0,1000.000,2.019038,0.628811
43296,2,0.129726,0.882879,20,0,1000.000,2.062526,0.619155
43296,3,0.138969,0.909353,13,0,1000.000,1.332465,0.660453
43296,4,0.108552,0.945901,12,0,1000.000,1.456716,0.652257
43296,5,0.127077,0.864215,25,0,1000.000,2.156871,0.621585
43296,6,0.122910,0.891059,12,0,1000.000,2.384875,0.617459
43296,7,0.111205,0.914216,45,0,1000.000,1.911737,0.644541
43392,0,0.124907,0.912429,42,2,995.190,1.705199,0.636168
43392,1,0.136655,0.919366,39,0,1000.000,1.910702,0.634977
43392,2,0.129726,0.910415,49,0,1000.000,2.017767,0.637975
43392,3,0.138969,0.908689,47,0,1000.000,1.741670,0.640771
43392,4,0.108552,0.881381,33,0,1000.000,1.863259,0.628414
43392,5,0.127077,0.924918,40,0,1000.000,1.702869,0.644959
43392,6,0.122910,0.908853,46,0,1000.000,1.765091,0.642416
43392,7,0.111205,0.922823,36,0,1000.000,1.766182,0.635873
43440,0,0.124907,0.848450,14,0,1000.000,1.816089,0.636360
43440,1,0.136655,0.914007,30,0,1000.000,1.791618,0.636393
43440,2,0.129726,0.908532,26,0,1000.000,1.942947,0.637223
43440,3,0.138969,0.902428,18,0,1000.000,1.780493,0.630908
43440,4,0.108552,0.919388,19,0,1000.000,1.859974,0.637193
43440,5,0.127077,0.923764,23,0,1000.000,1.631616,0.658810
43440,6,0.122910,0.889615,31,0,1000.000,1.930559,0.632357
43440,7,0.111205,0.889157,22,0,1000.000,1.957572,0.622089
43488,0,0.124907,0.912112,35,0,1000.000,1.886944,0.640310
43488,1,0.136655,0.903780,27,0,1000.000,1.852370,0.644764
43488,2,0.129726,0.914109,27,0,1000.000,1.811980,0.644008
43488,3,0.138969,0.917804,41,0,1000.000,1.791146,0.653660
43488,4,0.108552,0.920605,25,0,1000.000,1.581990,0.638705
43488,5,0.127077,0.902266,28,0,1000.000,2.225462,0.627082
43488,6,0.122910,0.836350,20,0,1000.000,2.019573,0.615180
43488,7,0.111205,0.899342,28,0,1000.000,2.045936,0.625404
43536,0,0.124907,0.920885,31,1,969.613,1.393520,0.644499
43536,1,0.136655,0.900627,25,0,1000.000,1.998776,0.649787
43536,2,0.129726,0.934635,24,0,1000.000,1.895828,0.646789
43536,3,0.138969,0.929092,25,0,1000.000,1.587386,0.638694
43536,4,0.108552,0.911121,21,0,1000.000,2.067641,0.620489
43536,5,0.127077,0.902187,23,0,1000.000,1.652586,0.644504
43536,6,0.122910,0.863300,35,0,1000.000,2.245215,0.621304
43536,7,0.111205,0.901037,23,1,977.391,2.013285,0.629677
43584,0,0.124907,0.904705,27,0,1000.000,1.829236,0.629939
43584,1,0.136655,0.938280,23,0,1000.000,1.682947,0.664237
43584,2,0.129726,0.914738,32,0,1000.000,1.839404,0.640075
43584,3,0.138969,0.905109,27,0,1000.000,1.904537,0.617575
43584,4,0.108552,0.891264,21,0,1000.000,2.078223,0.634102
43584,5,0.127077,0.915027,21,0,1000.000,1.748582,0.633350
43584,6,0.122910,0.933399,26,0,1000.000,1.720983,0.650525
43584,7,0.111205,0.898440,16,0,1000.000,1.807764,0.655221
43632,0,0.124907,0.903477,30,0,1000.000,2.033740,0.630959
43632,1,0.136655,0.919962,33,0,1000.000,1.830926,0.644049
43632,2,0.129726,0.870314,27,0,1000.000,2.262453,0.620477
43632,3,0.138969,0.862819,30,0,1000.000,2.219604,0.631975
43632,4,0.108552,0.929873,25,0,1000.000,1.648513,0.640100
43632,5,0.127077,0.908774,40,0,1000.000,2.104856,0.643047
43632,6,0.122910,0.906895,30,0,1000.000,1.774584,0.640713
43632,7,0.111205,0.873437,16,0,1000.000,2.001609,0.626781
43680,0,0.124907,0.916576,25,0,1000.000,1.755740,0.638138
43680,1,0.136655,0.886605,31,0,1000.000,1.978887,0.629620
43680,2,0.129726,0.926592,26,0,1000.000,1.635838,0.664251
43680,3,0.138969,0.904102,31,0,1000.000,2.104967,0.631848
43680,4,0.108552,0.894865,25,0,1000.000,2.248195,0.624966
43680,5,0.127077,0.889930,38,0,1000.000,2.167509,0.628808
43680,6,0.122910,0.914871,40,0,1000.000,1.952435,0.638880
43680,7,0.111205,0.928292,29,0,1000.000,1.797796,0.643977
43728,0,0.124907,0.919212,31,0,1000.000,1.570236,0.637122
43728,1,0.136655,0.921457,35,0,1000.000,1.769102,0.645462
43728,2,0.129726,0.873007,34,0,1000.000,2.051955,0.623572
43728,3,0.138969,0.907607,22,0,1000.000,1.847556,0.642093
43728,4,0.108552,0.911683,23,0,1000.000,2.131230,0.626461
43728,5,0.127077,0.918544,39,0,1000.000,1.883145,0.649611
43728,6,0.122910,0.901625,23,0,1000.000,2.005135,0.620138
43728,7,0.111205,0.856227,22,0,1000.000,2.321300,0.611508
43776,0,0.124907,0.875508,24,1,960.833,2.020921,0.629121
43776,1,0.136655,0.915212,35,0,1000.000,1.817492,0.647967
43776,2,0.129726,0.893298,31,0,1000.000,2.085853,0.611185
43776,3,0.138969,0.903564,37,0,1000.000,1.891086,0.640597
43776,4,0.108552,0.882461,24,0,1000.000,2.011251,0.632014
43776,5,0.127077,0.909361,35,0,1000.000,1.953513,0.639418
43776,6,0.122910,0.888821,24,0,1000.000,1.988078,0.636761
43776,7,0.111205,0.915188,26,0,1000.000,1.875228,0.632751
43872,0,0.124907,0.889884,40,2,964.275,1.854938,0.621722
43872,1,0.136655,0.901470,53,0,1000.000,1.951045,0.623374
43872,2,0.129726,0.925970,40,0,1000.000,1.597192,0.635559
43872,3,0.138969,0.896020,41,0,1000.000,1.982446,0.625943
43872,4,0.108552,0.911120,34,0,1000.000,2.000709,0.623231
43872,5,0.127077,0.888303,52,0,1000.000,2.258003,0.626652
43872,6,0.122910,0.906891,31,0,1000.000,1.778855,0.637948
43872,7,0.111205,0.899858,36,0,1000.000,1.835955,0.640778
43920,0,0.124907,0.885110,14,0,1000.000,1.671183,0.633570
43920,1,0.136655,0.889117,19,0,1000.000,1.898544,0.634273
43920,2,0.129726,0.915823,23,0,1000.000,2.004173,0.640690
43920,3,0.138969,0.903657,27,0,1000.000,1.882648,0.635051
43920,4,0.108552,0.915497,28,0,1000.000,1.776952,0.628311
43920,5,0.127077,0.903443,26,0,1000.000,2.032514,0.631150
43920,6,0.122910,0.899854,15,0,1000.000,2.195663,0.622271
43920,7,0.111205,0.937090,24,0,1000.000,1.618922,0.646167
43968,0,0.124907,0.898619,22,0,1000.000,1.733528,0.626966
43968,1,0.136655,0.927967,26,0,1000.000,1.872537,0.644497
43968,2,0.129726,0.882536,36,0,1000.000,2.024498,0.624841
43968,3,0.138969,0.914144,25,0,1000.000,2.039855,0.620727
43968,4,0.108552,0.920885,21,0,1000.000,1.710857,0.646846
43968,5,0.127077,0.887835,30,0,1000.000,2.056512,0.625339
43968,6,0.122910,0.883955,21,0,1000.000,2.097534,0.616085
43968,7,0.111205,0.942839,30,0,1000.000,1.564860,0.649045
44016,0,0.124907,0.900745,35,0,1000.000,1.805985,0.630956
44016,1,0.136655,0.904544,26,0,1000.000,1.854582,0.649092
44016,2,0.129726,0.933534,32,0,1000.000,1.808656,0.636317
44016,3,0.138969,0.880427,19,0,1000.000,1.899691,0.632312
44016,4,0.108552,0.911038,21,0,1000.000,2.117587,0.641255
44016,5,0.127077,0.883722,27,0,1000.000,2.111802,0.616830
44016,6,0.122910,0.879167,22,0,1000.000,2.084445,0.618309
44016,7,0.111205,0.867298,23,0,1000.000,2.121065,0.625604
44064,0,0.124907,0.897520,24,0,1000.000,1.860331,0.637193
44064,1,0.136655,0.934187,27,0,1000.000,1.970718,0.628414
44064,2,0.129726,0.915951,24,0,1000.000,1.557997,0.631305
44064,3,0.138969,0.919575,31,0,1000.000,1.820340,0.638337
44064,4,0.108552,0.924243,20,0,1000.000,1.632815,0.642268
44064,5,0.127077,0.888642,25,0,1000.000,1.790470,0.616313
44064,6,0.122910,0.928665,25,0,1000.000,1.558840,0.659274
44064,7,0.111205,0.897865,29,0,1000.000,1.931688,0.633874
44112,0,0.124907,0.902107,24,0,1000.000,1.833832,0.628440
44112,1,0.136655,0.853079,36,0,1000.000,2.108382,0.618727
44112,2,0.129726,0.876801,35,0,1000.000,2.230572,0.618720
44112,3,0.138969,0.888210,37,0,1000.000,1.767254,0.631653
44112,4,0.108552,0.887854,28,0,1000.000,1.926490,0.620679
44112,5,0.127077,0.894814,28,0,1000.000,1.975470,0.621545
44112,6,0.122910,0.903539,32,0,1000.000,1.809015,0.622826
44112,7,0.111205,0.904677,25,0,1000.000,1.936138,0.609229
44160,0,0.124907,0.909226,29,0,1000.000,1.609528,0.634498
44160,1,0.136655,0.891602,24,0,1000.000,1.805768,0.618243
44160,2,0.129726,0.863989,30,0,1000.000,2.034869,0.620760
44160,3,0.138969,0.882509,21,0,1000.000,1.674181,0.626778
44160,4,0.108552,0.900413,22,0,1000.000,1.767513,0.634508
44160,5,0.127077,0.873630,24,0,1000.000,2.174242,0.605195
44160,6,0.122910,0.854663,24,0,1000.000,2.026256,0.615130
44160,7,0.111205,0.908702,17,0,1000.000,1.678865,0.635341
44208,0,0.124907,0.898117,25,0,1000.000,2.215833,0.625168
44208,1,0.136655,0.908889,19,0,1000.000,1.922844,0.628711
44208,2,0.129726,0.904898,20,0,1000.000,1.576762,0.647072
44208,3,0.138969,0.928818,20,0,1000.000,1.591371,0.621542
44208,4,0.108552,0.897939,14,0,1000.000,1.960717,0.645150
44208,5,0.127077,0.881338,26,0,1000.000,1.955919,0.631890
44208,6,0.122910,0.890651,13,0,1000.000,1.355686,0.614762
44208,7,0.111205,0.928995,16,0,1000.000,1.903104,0.631724
44256,0,0.124907,0.950224,19,0,1000.000,1.407931,0.648642
44256,1,0.136655,0.889652,29,0,1000.000,2.025025,0.630109
44256,2,0.129726,0.944665,15,0,1000.000,1.179298,0.653268
44256,3,0.138969,0.859650,17,0,1000.000,2.199937,0.609674
44256,4,0.108552,0.873988,16,0,1000.000,2.223768,0.593482
44256,5,0.127077,0.923911,19,0,1000.000,1.552019,0.636989
44256,6,0.122910,0.890466,20,0,1000.000,1.952126,0.624600
44256,7,0.111205,0.835119,17,0,1000.000,2.048068,0.607577
44352,0,0.124907,0.901432,37,0,1000.000,2.020876,0.633051
44352,1,0.136655,0.909000,51,0,1000.000,1.729630,0.648297
44352,2,0.129726,0.931306,43,0,1000.000,1.662798,0.651294
44352,3,0.138969,0.927454,49,0,1000.000,1.606343,0.652896
44352,4,0.108552,0.932672,28,0,1000.000,1.605137,0.650043
44352,5,0.127077,0.890497,36,0,1000.000,2.035581,0.624311
44352,6,0.122910,0.930322,42,0,1000.000,1.478506,0.634322
44352,7,0.111205,0.893229,48,0,1000.000,1.994251,0.628519
44400,0,0.124907,0.882402,21,0,1000.000,2.175779,0.627216
44400,1,0.136655,0.940170,24,0,1000.000,1.362560,0.645017
44400,2,0.129726,0.904257,24,0,1000.000,1.678634,0.648039
44400,3,0.138969,0.908316,28,0,1000.000,1.846467,0.638317
44400,4,0.108552,0.909178,19,0,1000.000,1.893335,0.656821
44400,5,0.127077,0.881533,18,0,1000.000,1.916171,0.630538
44400,6,0.122910,0.900924,18,0,1000.000,2.226530,0.630005
44400,7,0.111205,0.890554,22,0,1000.000,1.897592,0.632818
44448,0,0.124907,0.908007,23,0,1000.000,1.816547,0.620314
44448,1,0.136655,0.904807,20,0,1000.000,1.794091,0.648782
44448,2,0.129726,0.930583,27,0,1000.000,1.319635,0.654450
44448,3,0.138969,0.914023,29,0,1000.000,1.684950,0.639992
44448,4,0.108552,0.866595,23,0,1000.000,2.137329,0.626699
44448,5,0.127077,0.902533,22,0,1000.000,2.032327,0.628552
44448,6,0.122910,0.916187,23,0,1000.000,1.863589,0.651251
44448,7,0.111205,0.918806,21,0,1000.000,1.763071,0.648540
44496,0,0.124907,0.900770,33,0,1000.000,2.064133,0.639547
44496,1,0.136655,0.927169,29,0,1000.000,1.602945,0.648831
44496,2,0.129726,0.855014,28,1,966.000,1.976642,0.610245
44496,3,0.138969,0.907707,27,0,1000.000,2.000800,0.628755
44496,4,0.108552,0.920037,26,0,1000.000,1.572482,0.647112
44496,5,0.127077,0.924575,22,0,1000.000,1.569176,0.647659
44496,6,0.122910,0.912885,37,0,1000.000,1.914767,0.641638
44496,7,0.111205,0.922417,37,0,1000.000,1.587295,0.638146
44544,0,0.124907,0.895291,26,0,1000.000,2.183649,0.632197
44544,1,0.136655,0.945425,24,0,1000.000,1.407308,0.657349
44544,2,0.129726,0.868208,19,0,1000.000,1.954424,0.628715
44544,3,0.138969,0.897757,22,0,1000.000,1.777163,0.636774
44544,4,0.108552,0.910161,28,0,1000.000,1.775412,0.642489
44544,5,0.127077,0.920606,28,0,1000.000,1.903575,0.639898
44544,6,0.122910,0.905687,20,0,1000.000,1.799762,0.627175
44544,7,0.111205,0.846575,22,1,969.000,1.906446,0.631415
44592,0,0.124907,0.918564,29,0,1000.000,1.647890,0.636735
44592,1,0.136655,0.911926,29,0,1000.000,1.813484,0.642175
44592,2,0.129726,0.900965,32,0,1000.000,1.718292,0.627594
44592,3,0.138969,0.926761,26,0,1000.000,1.793234,0.644938
44592,4,0.108552,0.894063,25,0,1000.000,2.150108,0.638561
44592,5,0.127077,0.901811,18,0,1000.000,2.057020,0.632232
44592,6,0.122910,0.913433,21,0,1000.000,1.909362,0.636069
44592,7,0.111205,0.919840,19,0,1000.000,1.511233,0.653120
44640,0,0.124907,0.911836,32,0,1000.000,1.568435,0.633841
44640,1,0.136655,0.919451,33,0,1000.000,1.751423,0.637514
44640,2,0.129726,0.879075,28,0,1000.000,2.042299,0.627132
44640,3,0.138969,0.937934,33,0,1000.000,1.726398,0.649871
44640,4,0.108552,0.906460,30,0,1000.000,1.877401,0.638976
44640,5,0.127077,0.908294,27,0,1000.000,1.827294,0.651083
44640,6,0.122910,0.898067,28,0,1000.000,1.737461,0.630969
44640,7,0.111205,0.907459,30,0,1000.000,1.981381,0.642621
44688,0,0.124907,0.922779,27,0,1000.000,1.521635,0.650201
44688,1,0.136655,0.929031,35,0,1000.000,1.607936,0.660399
44688,2,0.129726,0.918548,25,0,1000.000,1.825542,0.646121
44688,3,0.138969,0.903183,38,0,1000.000,1.916770,0.624118
44688,4,0.108552,0.916874,33,0,1000.000,1.680345,0.653788
44688,5,0.127077,0.935797,21,0,1000.000,1.670841,0.652577
44688,6,0.122910,0.905641,38,0,1000.000,1.616136,0.645245
44688,7,0.111205,0.909889,31,1,987.774,1.766226,0.648130
44736,0,0.124907,0.933372,27,0,1000.000,1.468208,0.657955
44736,1,0.136655,0.912563,32,0,1000.000,1.681693,0.638855
44736,2,0.129726,0.922060,31,0,1000.000,1.647424,0.650162
44736,3,0.138969,0.910278,22,0,1000.000,1.854581,0.635559
44736,4,0.108552,0.879183,24,0,1000.000,1.984322,0.632144
44736,5,0.127077,0.894888,34,0,1000.000,1.910451,0.636650
44736,6,0.122910,0.910842,27,0,1000.000,1.821655,0.646852
44736,7,0.111205,0.913575,29,0,1000.000,1.855131,0.640877
44784,0,0.124907,0.879332,28,0,1000.000,1.993990,0.629588
44784,1,0.136655,0.915724,35,0,1000.000,1.786893,0.645263
44784,2,0.129726,0.909125,33,0,1000.000,1.812238,0.642300
44784,3,0.138969,0.899122,32,0,1000.000,2.120680,0.626537
44784,4,0.108552,0.922334,29,0,1000.000,1.754207,0.651365
44784,5,0.127077,0.904509,33,0,1000.000,1.909216,0.634206
44784,6,0.122910,0.909531,18,0,1000.000,1.826311,0.650649
44784,7,0.111205,0.929532,22,0,1000.000,1.532979,0.656941
44832,0,0.124907,0.937979,27,0,1000.000,1.554517,0.660917
44832,1,0.136655,0.927378,28,0,1000.000,1.753891,0.643501
44832,2,0.129726,0.893905,27,0,1000.000,1.923366,0.645058
44832,3,0.138969,0.919884,21,0,1000.000,1.827876,0.639013
44832,4,0.108552,0.910998,15,0,1000.000,1.799270,0.609545
44832,5,0.127077,0.918797,23,0,1000.000,1.799728,0.649312
44832,6,0.122910,0.931688,20,0,1000.000,1.566491,0.647885
44832,7,0.111205,0.897680,17,0,1000.000,2.054751,0.637428
44880,0,0.124907,0.887965,23,0,1000.000,2.151349,0.622616
44880,1,0.136655,0.889484,15,0,1000.000,2.034192,0.616045
44880,2,0.129726,0.914720,15,0,1000.000,1.909096,0.645783
44880,3,0.138969,0.875468,21,0,1000.000,1.646367,0.622192
44880,4,0.108552,0.886167,16,0,1000.000,1.856307,0.646067
44880,5,0.127077,0.912370,15,0,1000.000,1.642980,0.639829
44880,6,0.122910,0.916012,19,0,1000.000,2.100211,0.634778
44880,7,0.111205,0.912414,17,0,1000.000,2.238018,0.624098
44928,0,0.124907,0.903399,30,1,998.333,1.812871,0.638385
44928,1,0.136655,0.904519,24,0,1000.000,1.733171,0.629840
44928,2,0.129726,0.911451,16,0,1000.000,1.803596,0.652442
44928,3,0.138969,0.903157,22,0,1000.000,1.838997,0.637972
44928,4,0.108552,0.912098,20,0,1000.000,1.764585,0.636747
44928,5,0.127077,0.893466,24,0,1000.000,2.046110,0.631534
44928,6,0.122910,0.926159,26,0,1000.000,1.564483,0.647850
44928,7,0.111205,0.920380,24,0,1000.000,1.839650,0.647173
44976,0,0.124907,0.910061,26,0,1000.000,1.827240,0.636166
44976,1,0.136655,0.887441,29,0,1000.000,2.092028,0.627032
44976,2,0.129726,0.918185,26,0,1000.000,1.948769,0.643992
44976,3,0.138969,0.900933,34,0,1000.000,1.856520,0.642479
44976,4,0.108552,0.900415,25,0,1000.000,2.080268,0.639839
44976,5,0.127077,0.919461,26,0,1000.000,1.856497,0.649967
44976,6,0.122910,0.891063,23,0,1000.000,1.963016,0.631967
44976,7,0.111205,0.891927,18,0,1000.000,1.785236,0.624382
45024,0,0.124907,0.913411,27,0,1000.000,1.668295,0.642214
45024,1,0.136655,0.908131,26,0,1000.000,1.826237,0.646158
45024,2,0.129726,0.871689,29,0,1000.000,2.276627,0.618218
45024,3,0.138969,0.880424,21,0,1000.000,2.112838,0.617165
45024,4,0.108552,0.897273,24,0,1000.000,1.891335,0.632212
45024,5,0.127077,0.914967,31,0,1000.000,1.799067,0.630782
45024,6,0.122910,0.925805,23,0,1000.000,1.728670,0.637281
45024,7,0.111205,0.919086,29,0,1000.000,1.736476,0.662374
45072,0,0.124907,0.900398,30,0,1000.000,1.782710,0.633100
45072,1,0.136655,0.920974,32,0,1000.000,1.458334,0.656375
45072,2,0.129726,0.887600,22,0,1000.000,1.821014,0.639386
45072,3,0.138969,0.879394,38,0,1000.000,1.860926,0.627220
45072,4,0.108552,0.917489,23,0,1000.000,1.717488,0.636781
45072,5,0.127077,0.911542,23,0,1000.000,1.671690,0.647730
45072,6,0.122910,0.903240,22,0,1000.000,2.093156,0.637107
45072,7,0.111205,0.894725,24,0,1000.000,2.248173,0.629074
45120,0,0.124907,0.912109,26,0,1000.000,1.910487,0.638747
45120,1,0.136655,0.882951,39,0,1000.000,1.991309,0.626343
45120,2,0.129726,0.897551,28,0,1000.000,2.045441,0.625925
45120,3,0.138969,0.895121,33,0,1000.000,2.159177,0.626944
45120,4,0.108552,0.896854,25,0,1000.000,1.800348,0.634006
45120,5,0.127077,0.898252,31,0,1000.000,2.072032,0.634614
45120,6,0.122910,0.905086,29,0,1000.000,2.214474,0.621244
45120,7,0.111205,0.921762,30,0,1000.000,1.581503,0.648889
45216,0,0.124907,0.890727,39,0,1000.000,1.869811,0.623821
45216,1,0.136655,0.920306,48,0,1000.000,1.564272,0.635651
45216,2,0.129726,0.928818,45,0,1000.000,1.514626,0.642542
45216,3,0.138969,0.890486,44,0,1000.000,1.951381,0.623962
45216,4,0.108552,0.891331,30,0,1000.000,1.915709,0.628402
45216,5,0.127077,0.890971,39,0,1000.000,2.072115,0.624995
45216,6,0.122910,0.912082,44,0,1000.000,1.733548,0.644240
45216,7,0.111205,0.919867,41,0,1000.000,1.766551,0.643678
45264,0,0.124907,0.918683,22,0,1000.000,1.692079,0.630083
45264,1,0.136655,0.949919,14,0,1000.000,1.321262,0.659418
45264,2,0.129726,0.889984,20,0,1000.000,2.185951,0.613409
45264,3,0.138969,0.916192,21,0,1000.000,1.875708,0.646764
45264,4,0.108552,0.925811,21,0,1000.000,1.639064,0.653172
45264,5,0.127077,0.861197,20,0,1000.000,2.189373,0.618710
45264,6,0.122910,0.891926,17,0,1000.000,2.268486,0.622638
45264,7,0.111205,0.897698,15,0,1000.000,1.829575,0.618959
45312,0,0.124907,0.939958,25,0,1000.000,1.662706,0.655812
45312,1,0.136655,0.894752,23,0,1000.000,2.116045,0.636669
45312,2,0.129726,0.918480,24,0,1000.000,2.009004,0.636011
45312,3,0.138969,0.911913,21,0,1000.000,1.796621,0.641082
45312,4,0.108552,0.896923,21,0,1000.000,2.205443,0.625362
45312,5,0.127077,0.930081,19,0,1000.000,1.534529,0.647608
45312,6,0.122910,0.919746,20,0,1000.000,1.715086,0.636394
45312,7,0.111205,0.906949,21,0,1000.000,2.022416,0.636895
45360,0,0.124907,0.915104,22,0,1000.000,1.613095,0.641938
45360,1,0.136655,0.902912,28,0,1000.000,1.960500,0.626917
45360,2,0.129726,0.920164,17,0,1000.000,1.827220,0.659086
45360,3,0.138969,0.866681,23,0,1000.000,2.206773,0.629213
45360,4,0.108552,0.933246,16,0,1000.000,1.816062,0.633060
45360,5,0.127077,0.916329,24,0,1000.000,1.921571,0.635294
45360,6,0.122910,0.907197,18,0,1000.000,1.607802,0.642393
45360,7,0.111205,0.947687,19,0,1000.000,1.240231,0.650153
45408,0,0.124907,0.909164,24,0,1000.000,1.896155,0.649371
45408,1,0.136655,0.912862,29,0,1000.000,1.744952,0.637170
45408,2,0.129726,0.951181,21,0,1000.000,1.222303,0.670831
45408,3,0.138969,0.910451,15,0,1000.000,1.830736,0.637754
45408,4,0.108552,0.871778,16,0,1000.000,2.282959,0.622311
45408,5,0.127077,0.927861,27,0,1000.000,1.717477,0.642073
45408,6,0.122910,0.919705,20,0,1000.000,1.703206,0.659185
45408,7,0.111205,0.901352,16,0,1000.000,1.644521,0.637544
45456,0,0.124907,0.897669,18,1,957.944,1.659380,0.637595
45456,1,0.136655,0.911093,32,0,1000.000,1.653841,0.644574
45456,2,0.129726,0.908041,27,0,1000.000,2.039420,0.626812
45456,3,0.138969,0.912125,31,0,1000.000,1.815546,0.639786
45456,4,0.108552,0.904284,14,0,1000.000,2.306709,0.632918
45456,5,0.127077,0.924904,36,0,1000.000,1.782469,0.648167
45456,6,0.122910,0.891807,21,1,955.286,1.614281,0.635525
45456,7,0.111205,0.903346,25,0,1000.000,2.110252,0.631496
45504,0,0.124907,0.885090,19,0,1000.000,1.980495,0.639267
45504,1,0.136655,0.900854,43,1,987.744,2.044183,0.636939
45504,2,0.129726,0.920342,28,0,1000.000,1.893572,0.644680
45504,3,0.138969,0.909549,31,0,1000.000,1.838040,0.638538
45504,4,0.108552,0.914474,34,0,1000.000,1.937066,0.640271
45504,5,0.127077,0.903880,28,0,1000.000,1.979310,0.636686
45504,6,0.122910,0.914668,27,0,1000.000,1.743462,0.651094
45504,7,0.111205,0.873841,28,0,1000.000,2.346317,0.609664
45552,0,0.124907,0.934119,18,0,1000.000,1.584265,0.650152
45552,1,0.136655,0.916209,15,0,1000.000,1.569586,0.647234
45552,2,0.129726,0.911640,28,0,1000.000,1.999102,0.636418
45552,3,0.138969,0.882416,28,0,1000.000,1.795741,0.619892
45552,4,0.108552,0.900508,24,0,1000.000,2.127624,0.625602
45552,5,0.127077,0.946052,25,0,1000.000,1.572929,0.660406
45552,6,0.122910,0.927639,21,0,1000.000,1.939905,0.645843
45552,7,0.111205,0.925209,25,0,1000.000,1.976070,0.645348
45600,0,0.124907,0.927299,35,0,1000.000,1.694479,0.636522
45600,1,0.136655,0.890188,25,0,1000.000,2.015119,0.621474
45600,2,0.129726,0.924205,20,0,1000.000,1.727215,0.645503
45600,3,0.138969,0.908102,27,0,1000.000,1.549060,0.651522
45600,4,0.108552,0.943663,21,0,1000.000,1.705976,0.650633
45600,5,0.127077,0.906222,26,0,1000.000,1.795491,0.658944
45600,6,0.122910,0.899055,28,0,1000.000,2.267328,0.621794
45600,7,0.111205,0.921078,18,0,1000.000,1.986926,0.624984
45648,0,0.124907,0.920887,30,0,1000.000,1.705943,0.646406
45648,1,0.136655,0.896304,32,0,1000.000,1.848182,0.628415
45648,2,0.129726,0.914752,30,0,1000.000,1.628989,0.639951
45648,3,0.138969,0.915992,42,0,1000.000,1.864852,0.638302
45648,4,0.108552,0.924524,25,0,1000.000,1.818271,0.649157
45648,5,0.127077,0.901017,38,0,1000.000,1.805973,0.637316
45648,6,0.122910,0.928161,27,0,1000.000,1.792622,0.641553
45648,7,0.111205,0.909427,24,0,1000.000,1.861632,0.630524
45696,0,0.123811,0.889296,29,0,1000.000,1.848947,0.633952
45696,1,0.132145,0.913176,40,0,1000.000,1.753224,0.646453
45696,2,0.120904,0.905778,30,0,1000.000,1.738387,0.640813
45696,3,0.113150,0.912838,32,0,1000.000,1.748196,0.642706
45696,4,0.131508,0.920621,31,0,1000.000,1.794524,0.650320
45696,5,0.122235,0.912574,30,0,1000.000,2.074757,0.635944
45696,6,0.124963,0.897318,30,1,968.500,1.708650,0.637025
45696,7,0.131284,0.919019,30,0,1000.000,1.767964,0.655300
45744,0,0.123811,0.894290,27,0,1000.000,1.805594,0.624792
45744,1,0.132145,0.908413,25,0,1000.000,1.896457,0.640223
45744,2,0.120904,0.907200,26,0,1000.000,1.907780,0.637349
45744,3,0.113150,0.930725,21,0,1000.000,1.617541,0.657031
45744,4,0.131508,0.933372,29,0,1000.000,1.736845,0.659466
45744,5,0.122235,0.934300,26,0,1000.000,1.688125,0.659575
45744,6,0.124963,0.905185,34,0,1000.000,1.786059,0.631016
45744,7,0.131284,0.937799,27,0,1000.000,1.587521,0.664227
45792,0,0.123811,0.914135,27,0,1000.000,1.723368,0.641516
45792,1,0.132145,0.930133,29,0,1000.000,1.848270,0.636494
45792,2,0.120904,0.907768,34,0,1000.000,1.995641,0.623492
45792,3,0.113150,0.931359,34,0,1000.000,1.564838,0.647339
45792,4,0.131508,0.918607,29,0,1000.000,1.844867,0.646048
45792,5,0.122235,0.941836,23,0,1000.000,1.678418,0.658671
45792,6,0.124963,0.916359,31,0,1000.000,1.706242,0.648827
45792,7,0.131284,0.926792,28,0,1000.000,1.901865,0.642062
45840,0,0.123811,0.939712,20,0,1000.000,1.681257,0.659977
45840,1,0.132145,0.931045,22,0,1000.000,1.612327,0.627503
45840,2,0.120904,0.907982,24,0,1000.000,2.006940,0.639203
45840,3,0.113150,0.929144,21,0,1000.000,1.734507,0.646832
45840,4,0.131508,0.926668,24,0,1000.000,1.905929,0.639095
45840,5,0.122235,0.899961,16,0,1000.000,2.038853,0.633583
45840,6,0.124963,0.908589,19,0,1000.000,2.009943,0.634991
45840,7,0.131284,0.862264,15,0,1000.000,2.012412,0.624042
45888,0,0.123811,0.882705,13,0,1000.000,1.881540,0.618583
45888,1,0.132145,0.919230,24,0,1000.000,1.692861,0.648426
45888,2,0.120904,0.884832,25,0,1000.000,2.156404,0.613417
45888,3,0.113150,0.914851,17,0,1000.000,1.724550,0.628745
45888,4,0.131508,0.893758,14,0,1000.000,2.031070,0.635977
45888,5,0.122235,0.921333,14,0,1000.000,1.494173,0.655204
45888,6,0.124963,0.896143,20,1,956.200,1.503891,0.628948
45888,7,0.131284,0.912943,24,0,1000.000,1.970780,0.630836
45936,0,0.123811,0.911293,22,1,985.591,1.592797,0.646959
45936,1,0.132145,0.916120,25,0,1000.000,1.655533,0.650269
45936,2,0.120904,0.900739,33,0,1000.000,1.941806,0.639302
45936,3,0.113150,0.927312,16,0,1000.000,2.276215,0.627976
45936,4,0.131508,0.915096,25,0,1000.000,1.687504,0.645021
45936,5,0.122235,0.937691,27,0,1000.000,1.448655,0.649594
45936,6,0.124963,0.907123,18,0,1000.000,1.766322,0.622699
45936,7,0.131284,0.926259,24,0,1000.000,1.678439,0.651471
45984,0,0.123811,0.907002,33,0,1000.000,2.027463,0.632304
45984,1,0.132145,0.889084,22,0,1000.000,1.868583,0.620487
45984,2,0.120904,0.893149,17,0,1000.000,1.786930,0.630090
45984,3,0.113150,0.911463,21,0,1000.000,1.798933,0.623840
45984,4,0.131508,0.909707,28,0,1000.000,1.825484,0.635155
45984,5,0.122235,0.883947,21,0,1000.000,1.800951,0.635283
45984,6,0.124963,0.913480,33,0,1000.000,1.860635,0.642506
45984,7,0.131284,0.916553,25,0,1000.000,1.731384,0.640437
46032,0,0.123811,0.930460,27,0,1000.000,1.809287,0.648010
46032,1,0.132145,0.902845,19,0,1000.000,1.853573,0.634109
46032,2,0.120904,0.924911,27,0,1000.000,2.067720,0.634206
46032,3,0.113150,0.912908,29,0,1000.000,1.714112,0.633797
46032,4,0.131508,0.924184,21,0,1000.000,1.317199,0.640557
46032,5,0.122235,0.912516,32,0,1000.000,2.069807,0.635208
46032,6,0.124963,0.905086,28,0,1000.000,1.946785,0.634334
46032,7,0.131284,0.924029,24,0,1000.000,1.416546,0.649595
46080,0,0.123811,0.920135,27,0,1000.000,1.833948,0.633901
46080,1,0.132145,0.934387,36,0,1000.000,1.652612,0.651322
46080,2,0.120904,0.903338,31,0,1000.000,1.901510,0.633798
46080,3,0.113150,0.932341,29,0,1000.000,1.610638,0.652198
46080,4,0.131508,0.908722,25,0,1000.000,2.139285,0.618232
46080,5,0.122235,0.879331,27,0,1000.000,2.187802,0.626440
46080,6,0.124963,0.932427,28,0,1000.000,1.571911,0.651018
46080,7,0.131284,0.907264,38,0,1000.000,1.734022,0.636042
46128,0,0.123811,0.924446,21,0,1000.000,1.975754,0.646702
46128,1,0.132145,0.887752,24,0,1000.000,1.915580,0.620344
46128,2,0.120904,0.880993,20,0,1000.000,2.136125,0.618629
46128,3,0.113150,0.932474,31,0,1000.000,1.666559,0.653504
46128,4,0.131508,0.919628,30,0,1000.000,2.058248,0.637421
46128,5,0.122235,0.924364,12,0,1000.000,1.795247,0.649361
46128,6,0.124963,0.926148,33,0,1000.000,1.798536,0.646483
46128,7,0.131284,0.903056,43,1,978.721,1.528464,0.639412
46176,0,0.123811,0.911491,33,0,1000.000,1.848266,0.629053
46176,1,0.132145,0.944865,21,0,1000.000,1.510421,0.646788
46176,2,0.120904,0.944786,15,0,1000.000,1.396170,0.650202
46176,3,0.113150,0.926332,19,0,1000.000,1.572539,0.642358
46176,4,0.131508,0.897174,22,0,1000.000,1.859133,0.645902
46176,5,0.122235,0.914463,24,0,1000.000,1.838834,0.649295
46176,6,0.124963,0.879258,18,0,1000.000,2.087201,0.621175
46176,7,0.131284,0.924345,24,0,1000.000,1.621130,0.625687
46224,0,0.123811,0.931233,24,0,1000.000,1.359256,0.644000
46224,1,0.132145,0.938510,26,0,1000.000,1.764059,0.647583
46224,2,0.120904,0.891476,29,0,1000.000,2.205707,0.608578
46224,3,0.113150,0.898883,16,0,1000.000,2.087999,0.627252
46224,4,0.131508,0.931012,14,0,1000.000,2.013093,0.644531
46224,5,0.122235,0.918150,15,0,1000.000,1.904827,0.634472
46224,6,0.124963,0.887285,22,0,1000.000,1.953429,0.623280
46224,7,0.131284,0.956989,12,0,1000.000,0.989348,0.659675
46272,0,0.123811,0.925264,17,0,1000.000,1.719067,0.645846
46272,1,0.132145,0.889724,18,0,1000.000,1.900241,0.640261
46272,2,0.120904,0.936837,18,0,1000.000,1.921024,0.649655
46272,3,0.113150,0.921525,17,0,1000.000,1.916817,0.651596
46272,4,0.131508,0.949570,12,0,1000.000,1.323863,0.658266
46272,5,0.122235,0.909741,17,0,1000.000,1.988284,0.637198
46272,6,0.124963,0.925318,15,0,1000.000,1.876070,0.643433
46272,7,0.131284,0.942779,29,0,1000.000,1.698224,0.644849
46320,0,0.123811,0.905389,21,0,1000.000,1.715960,0.642962
46320,1,0.132145,0.924780,21,0,1000.000,1.608841,0.638920
46320,2,0.120904,0.905847,22,0,1000.000,1.738758,0.634445
46320,3,0.113150,0.921509,23,0,1000.000,1.582257,0.662759
46320,4,0.131508,0.905837,25,0,1000.000,2.182542,0.630196
46320,5,0.122235,0.915657,17,0,1000.000,1.871636,0.643079
46320,6,0.124963,0.887519,16,0,1000.000,2.159640,0.624375
46320,7,0.131284,0.902705,30,0,1000.000,1.805314,0.649009
46368,0,0.123811,0.956390,18,0,1000.000,1.245836,0.674356
46368,1,0.132145,0.904256,31,0,1000.000,1.862795,0.645273
46368,2,0.120904,0.929378,21,0,1000.000,1.800028,0.652861
46368,3,0.113150,0.900216,19,0,1000.000,1.940730,0.641608
46368,4,0.131508,0.915307,22,0,1000.000,1.898349,0.636274
46368,5,0.122235,0.897203,19,0,1000.000,2.122451,0.635733
46368,6,0.124963,0.901128,16,0,1000.000,1.581580,0.650063
46368,7,0.131284,0.918305,26,0,1000.000,2.005251,0.633657
46416,0,0.123811,0.939765,19,0,1000.000,1.728560,0.645528
46416,1,0.132145,0.919187,18,0,1000.000,1.767268,0.659192
46416,2,0.120904,0.944174,25,0,1000.000,1.468083,0.659111
46416,3,0.113150,0.922455,24,0,1000.000,1.798882,0.646592
46416,4,0.131508,0.929195,17,0,1000.000,1.534223,0.645949
46416,5,0.122235,0.925968,18,0,1000.000,1.852088,0.653884
46416,6,0.124963,0.924592,22,0,1000.000,1.454832,0.655994
46416,7,0.131284,0.899474,23,0,1000.000,2.175180,0.630940
46464,0,0.123811,0.907321,27,0,1000.000,1.973246,0.642517
46464,1,0.132145,0.907942,24,0,1000.000,1.734564,0.648645
46464,2,0.120904,0.908691,18,0,1000.000,1.991125,0.641962
46464,3,0.113150,0.921665,24,0,1000.000,1.631743,0.664662
46464,4,0.131508,0.906335,37,0,1000.000,2.174614,0.626756
46464,5,0.122235,0.910296,25,0,1000.000,1.947744,0.640431
46464,6,0.124963,0.939109,25,0,1000.000,1.772606,0.648245
46464,7,0.131284,0.911803,33,0,1000.000,1.720259,0.640310
46512,0,0.123811,0.929183,24,0,1000.000,1.871783,0.651847
46512,1,0.132145,0.909077,32,0,1000.000,1.835446,0.639212
46512,2,0.120904,0.907687,30,0,1000.000,1.946563,0.638276
46512,3,0.113150,0.893329,26,0,1000.000,1.959388,0.629920
46512,4,0.131508,0.900943,34,0,1000.000,2.188706,0.628971
46512,5,0.122235,0.937254,28,0,1000.000,1.466127,0.654064
46512,6,0.124963,0.916163,23,0,1000.000,1.827680,0.643987
46512,7,0.131284,0.893017,34,0,1000.000,1.643510,0.638937
46560,0,0.123811,0.891089,19,0,1000.000,2.043473,0.626612
46560,1,0.132145,0.914264,26,0,1000.000,1.448601,0.640818
46560,2,0.120904,0.909301,16,0,1000.000,1.873467,0.642526
46560,3,0.113150,0.912485,17,0,1000.000,1.920353,0.630227
46560,4,0.131508,0.908605,34,0,1000.000,1.603608,0.644187
46560,5,0.122235,0.896835,30,0,1000.000,2.054327,0.627392
46560,6,0.124963,0.890257,22,0,1000.000,2.075905,0.630954
46560,7,0.131284,0.924972,16,0,1000.000,1.705580,0.658493
46608,0,0.123811,0.917811,23,0,1000.000,2.124299,0.640586
46608,1,0.132145,0.914190,24,0,1000.000,1.663321,0.648094
46608,2,0.120904,0.939980,24,0,1000.000,1.731198,0.649832
46608,3,0.113150,0.922565,32,0,1000.000,1.780248,0.650878
46608,4,0.131508,0.928539,29,0,1000.000,1.705291,0.651345
46608,5,0.122235,0.888747,24,0,1000.000,2.209858,0.629403
46608,6,0.124963,0.911385,27,0,1000.000,1.862473,0.648731
46608,7,0.131284,0.871615,30,1,971.067,1.935524,0.618027
46656,0,0.123811,0.903326,29,0,1000.000,1.801201,0.647068
46656,1,0.132145,0.922875,25,0,1000.000,1.892286,0.638734
46656,2,0.120904,0.923439,32,0,1000.000,1.740234,0.653226
46656,3,0.113150,0.916118,28,0,1000.000,2.118928,0.644639
46656,4,0.131508,0.910143,30,0,1000.000,1.858431,0.639286
46656,5,0.122235,0.898446,25,0,1000.000,2.074402,0.634951
46656,6,0.124963,0.909305,48,0,1000.000,1.861842,0.644752
46656,7,0.131284,0.928072,23,0,1000.000,1.710454,0.660561
46704,0,0.123811,0.901260,25,0,1000.000,1.885458,0.637585
46704,1,0.132145,0.942647,37,0,1000.000,1.557266,0.661210
46704,2,0.120904,0.911467,39,0,1000.000,1.940979,0.638666
46704,3,0.113150,0.934713,28,0,1000.000,1.701938,0.652396
46704,4,0.131508,0.930629,27,0,1000.000,1.696921,0.651375
46704,5,0.122235,0.892641,36,0,1000.000,2.063934,0.629511
46704,6,0.124963,0.905564,29,0,1000.000,1.925540,0.630759
46704,7,0.131284,0.945685,34,0,1000.000,1.521296,0.663644
46752,0,0.123811,0.905487,27,1,965.518,1.888313,0.627751
46752,1,0.132145,0.922299,27,0,1000.000,2.042777,0.643617
46752,2,0.120904,0.905434,24,0,1000.000,2.247741,0.629871
46752,3,0.113150,0.911430,17,0,1000.000,1.596385,0.642836
46752,4,0.131508,0.918450,29,0,1000.000,1.927743,0.631012
46752,5,0.122235,0.927801,22,0,1000.000,1.656534,0.653597
46752,6,0.124963,0.887053,36,0,1000.000,1.975548,0.629712
46752,7,0.131284,0.920625,32,0,1000.000,1.876319,0.650403
46848,0,0.123811,0.895483,56,0,1000.000,1.912554,0.630132
46848,1,0.132145,0.912099,48,0,1000.000,1.780602,0.637940
46848,2,0.120904,0.931182,41,0,1000.000,1.735730,0.647844
46848,3,0.113150,0.914978,44,0,1000.000,1.908482,0.639056
46848,4,0.131508,0.936438,54,0,1000.000,1.627238,0.658483
46848,5,0.122235,0.919734,42,0,1000.000,1.796965,0.649288
46848,6,0.124963,0.888043,55,1,982.891,1.897810,0.630004
46848,7,0.131284,0.903093,51,0,1000.000,1.982836,0.621357
46896,0,0.123811,0.909700,13,0,1000.000,1.950773,0.623388
46896,1,0.132145,0.901085,23,0,1000.000,1.789292,0.638554
46896,2,0.120904,0.914319,15,0,1000.000,1.741127,0.626704
46896,3,0.113150,0.909760,16,0,1000.000,2.021591,0.620685
46896,4,0.131508,0.897851,22,0,1000.000,1.954013,0.625884
46896,5,0.122235,0.927103,21,0,1000.000,1.986911,0.645200
46896,6,0.124963,0.923667,20,0,1000.000,1.556759,0.648437
46896,7,0.131284,0.902945,19,0,1000.000,2.029456,0.641432
46944,0,0.123811,0.908578,28,0,1000.000,1.778791,0.650449
46944,1,0.132145,0.884257,30,0,1000.000,2.145220,0.627272
46944,2,0.120904,0.914197,21,0,1000.000,1.924698,0.629538
46944,3,0.113150,0.932331,20,0,1000.000,1.805096,0.645808
46944,4,0.131508,0.920402,22,0,1000.000,1.580181,0.653695
46944,5,0.122235,0.914439,29,0,1000.000,1.687496,0.633478
46944,6,0.124963,0.901090,24,0,1000.000,1.762812,0.631831
46944,7,0.131284,0.911103,27,0,1000.000,1.645706,0.638711
46992,0,0.123811,0.918078,27,0,1000.000,2.044900,0.634463
46992,1,0.132145,0.910023,21,0,1000.000,1.867242,0.645932
46992,2,0.120904,0.908871,23,0,1000.000,1.941458,0.632026
46992,3,0.113150,0.927696,18,0,1000.000,1.789368,0.639380
46992,4,0.131508,0.923010,31,0,1000.000,1.573697,0.641595
46992,5,0.122235,0.915439,27,0,1000.000,2.064416,0.635497
46992,6,0.124963,0.923829,32,0,1000.000,1.749806,0.638868
46992,7,0.131284,0.943052,20,0,1000.000,1.648743,0.637479
47040,0,0.123811,0.919100,26,0,1000.000,1.887507,0.628021
47040,1,0.132145,0.949114,25,0,1000.000,1.465732,0.657067
47040,2,0.120904,0.928370,27,0,1000.000,1.649028,0.642858
47040,3,0.113150,0.893826,22,0,1000.000,2.008593,0.625477
47040,4,0.131508,0.913129,22,0,1000.000,1.792067,0.648839
47040,5,0.122235,0.909230,30,0,1000.000,1.939032,0.639844
47040,6,0.124963,0.909041,30,0,1000.000,1.873793,0.642603
47040,7,0.131284,0.907575,22,0,1000.000,2.125091,0.625545
47088,0,0.123811,0.904446,28,0,1000.000,1.814139,0.630103
47088,1,0.132145,0.922737,33,0,1000.000,1.738537,0.637249
47088,2,0.120904,0.897347,27,0,1000.000,1.993966,0.624547
47088,3,0.113150,0.894347,28,0,1000.000,1.789291,0.633770
47088,4,0.131508,0.897339,32,0,1000.000,1.988653,0.628280
47088,5,0.122235,0.928468,26,0,1000.000,1.841448,0.638977
47088,6,0.124963,0.907355,32,0,1000.000,1.999238,0.632888
47088,7,0.131284,0.908269,32,0,1000.000,1.852817,0.631083
47136,0,0.123811,0.881483,27,0,1000.000,2.124418,0.616323
47136,1,0.132145,0.861752,24,0,1000.000,2.209038,0.623392
47136,2,0.120904,0.933926,24,0,1000.000,1.660460,0.657183
47136,3,0.113150,0.901650,23,0,1000.000,1.732540,0.627807
47136,4,0.131508,0.898893,38,0,1000.000,2.204025,0.624380
47136,5,0.122235,0.922767,27,0,1000.000,1.941178,0.635718
47136,6,0.124963,0.938174,26,0,1000.000,1.818747,0.642338
47136,7,0.131284,0.920796,26,0,1000.000,1.584234,0.632562
47184,0,0.123811,0.900141,13,0,1000.000,1.962108,0.616774
47184,1,0.132145,0.909003,24,0,1000.000,1.870417,0.628038
47184,2,0.120904,0.906965,23,0,1000.000,1.823891,0.620534
47184,3,0.113150,0.931027,24,0,1000.000,1.812828,0.645725
47184,4,0.131508,0.893561,21,0,1000.000,2.183228,0.639629
47184,5,0.122235,0.821441,20,1,952.700,1.977856,0.587361
47184,6,0.124963,0.902461,20,0,1000.000,1.579484,0.633332
47184,7,0.131284,0.902119,19,0,1000.000,2.077487,0.607781
47232,0,0.123811,0.899516,14,0,1000.000,1.685520,0.615983
47232,1,0.132145,0.919919,23,0,1000.000,1.764795,0.647004
47232,2,0.120904,0.941931,13,0,1000.000,1.768532,0.638843
47232,3,0.113150,0.875732,16,0,1000.000,1.944014,0.620753
47232,4,0.131508,0.887533,20,0,1000.000,1.976081,0.623209
47232,5,0.122235,0.911041,26,0,1000.000,2.026121,0.622492
47232,6,0.124963,0.927533,23,0,1000.000,1.875144,0.635668
47232,7,0.131284,0.915712,17,0,1000.000,2.094228,0.625194
47280,0,0.123811,0.884743,19,0,1000.000,1.836894,0.624159
47280,1,0.132145,0.914905,13,0,1000.000,1.754746,0.656158
47280,2,0.120904,0.917515,24,0,1000.000,1.868659,0.650296
47280,3,0.113150,0.896322,15,0,1000.000,2.023541,0.625581
47280,4,0.131508,0.929355,21,0,1000.000,1.862146,0.656163
47280,5,0.122235,0.901401,24,0,1000.000,1.904117,0.632252
47280,6,0.124963,0.886516,17,0,1000.000,2.067434,0.623677
47280,7,0.131284,0.906927,23,0,1000.000,1.786424,0.641517
47328,0,0.123811,0.914119,23,0,1000.000,1.706818,0.637562
47328,1,0.132145,0.901011,24,0,1000.000,1.824312,0.645007
47328,2,0.120904,0.919388,18,0,1000.000,1.548141,0.652918
47328,3,0.113150,0.870854,18,0,1000.000,2.428910,0.621270
47328,4,0.131508,0.922432,24,0,1000.000,1.738270,0.644026
47328,5,0.122235,0.886899,26,0,1000.000,2.056677,0.625931
47328,6,0.124963,0.917550,17,0,1000.000,2.138253,0.624310
47328,7,0.131284,0.847545,21,1,955.333,1.756253,0.610903
47376,0,0.123811,0.910234,15,0,1000.000,2.109818,0.644118
47376,1,0.132145,0.916921,25,0,1000.000,1.681571,0.647198
47376,2,0.120904,0.898356,21,0,1000.000,2.132964,0.626780
47376,3,0.113150,0.912562,23,0,1000.000,1.857981,0.641183
47376,4,0.131508,0.893355,27,0,1000.000,1.986080,0.624301
47376,5,0.122235,0.885157,20,0,1000.000,2.196023,0.613378
47376,6,0.124963,0.916834,22,0,1000.000,1.787413,0.641569
47376,7,0.131284,0.901598,23,0,1000.000,1.984069,0.630825
47424,0,0.123811,0.918805,21,0,1000.000,1.779166,0.647673
47424,1,0.132145,0.923759,25,0,1000.000,1.746853,0.646257
47424,2,0.120904,0.900798,10,0,1000.000,1.646843,0.646760
47424,3,0.113150,0.926682,24,0,1000.000,1.733922,0.650594
47424,4,0.131508,0.889857,19,0,1000.000,2.075246,0.627776
47424,5,0.122235,0.900428,29,0,1000.000,1.907428,0.626160
47424,6,0.124963,0.885440,27,0,1000.000,2.181885,0.616936
47424,7,0.131284,0.915665,16,0,1000.000,1.901018,0.645597
47472,0,0.123811,0.920498,25,0,1000.000,1.773333,0.645866
47472,1,0.132145,0.907158,27,0,1000.000,1.860113,0.628763
47472,2,0.120904,0.909080,30,0,1000.000,1.892024,0.647795
47472,3,0.113150,0.884563,25,0,1000.000,1.980409,0.626343
47472,4,0.131508,0.918442,33,0,1000.000,1.817441,0.631646
47472,5,0.122235,0.911775,25,0,1000.000,1.791383,0.640270
47472,6,0.124963,0.919733,36,0,1000.000,1.526113,0.646411
47472,7,0.131284,0.906460,21,0,1000.000,1.963983,0.656615
47520,0,0.123811,0.936202,24,0,1000.000,1.780091,0.645738
47520,1,0.132145,0.925548,33,0,1000.000,1.676664,0.645786
47520,2,0.120904,0.902843,21,0,1000.000,1.900694,0.640048
47520,3,0.113150,0.911955,29,0,1000.000,2.005122,0.632785
47520,4,0.131508,0.917496,21,0,1000.000,1.594106,0.635685
47520,5,0.122235,0.929683,33,0,1000.000,1.795693,0.650761
47520,6,0.124963,0.889517,29,0,1000.000,1.762472,0.637945
47520,7,0.131284,0.871355,30,1,968.967,1.888117,0.611458
47568,0,0.123811,0.903859,23,1,992.913,1.677477,0.629445
47568,1,0.132145,0.907111,21,0,1000.000,1.547920,0.630636
47568,2,0.120904,0.883098,25,0,1000.000,2.058535,0.615419
47568,3,0.113150,0.938993,20,0,1000.000,1.660594,0.650047
47568,4,0.131508,0.925154,30,0,1000.000,1.806375,0.648069
47568,5,0.122235,0.868344,22,0,1000.000,2.334265,0.611296
47568,6,0.124963,0.896704,24,0,1000.000,2.184123,0.625400
47568,7,0.131284,0.894489,28,0,1000.000,1.995976,0.638596
47616,0,0.123811,0.918443,21,1,980.762,1.682408,0.631389
47616,1,0.132145,0.929285,24,0,1000.000,1.647440,0.650434
47616,2,0.120904,0.931172,22,0,1000.000,1.471013,0.637356
47616,3,0.113150,0.905643,21,0,1000.000,1.845579,0.633771
47616,4,0.131508,0.914449,31,0,1000.000,1.599374,0.651553
47616,5,0.122235,0.904086,29,0,1000.000,1.945974,0.642000
47616,6,0.124963,0.900731,22,0,1000.000,1.850397,0.619507
47616,7,0.131284,0.908368,34,0,1000.000,1.905758,0.641030
47664,0,0.123811,0.914147,33,0,1000.000,1.600713,0.635163
47664,1,0.132145,0.928677,34,0,1000.000,1.798514,0.649392
47664,2,0.120904,0.903428,30,0,1000.000,1.768947,0.637816
47664,3,0.113150,0.891969,33,0,1000.000,1.850459,0.623290
47664,4,0.131508,0.921158,28,0,1000.000,1.846041,0.639114
47664,5,0.122235,0.906210,33,0,1000.000,1.894607,0.640708
47664,6,0.124963,0.903738,35,0,1000.000,2.139070,0.630845
47664,7,0.131284,0.890668,26,0,1000.000,2.085030,0.637631
47712,0,0.123811,0.914904,27,2,973.704,1.474908,0.642729
47712,1,0.132145,0.908134,35,0,1000.000,1.644458,0.651105
47712,2,0.120904,0.926772,25,0,1000.000,1.734762,0.644335
47712,3,0.113150,0.909266,30,0,1000.000,1.774372,0.639765
47712,4,0.131508,0.909713,41,0,1000.000,1.798780,0.641905
47712,5,0.122235,0.931741,24,0,1000.000,1.830044,0.646213
47712,6,0.124963,0.907714,34,0,1000.000,1.885867,0.643381
47712,7,0.131284,0.902181,30,0,1000.000,1.816627,0.631879
47760,0,0.123811,0.910113,26,0,1000.000,1.772137,0.645989
47760,1,0.132145,0.899309,28,0,1000.000,1.904143,0.629561
47760,2,0.120904,0.922123,19,0,1000.000,1.650215,0.646967
47760,3,0.113150,0.909950,25,0,1000.000,1.916719,0.632310
47760,4,0.131508,0.919964,30,0,1000.000,1.585893,0.651306
47760,5,0.122235,0.891935,29,0,1000.000,2.120839,0.622212
47760,6,0.124963,0.920493,39,0,1000.000,1.929972,0.636587
47760,7,0.131284,0.883488,25,0,1000.000,2.209446,0.626938
47808,0,0.123811,0.898935,27,1,965.482,2.008760,0.623813
47808,1,0.132145,0.905750,20,0,1000.000,1.813790,0.634686
47808,2,0.120904,0.908990,32,0,1000.000,1.861144,0.637316
47808,3,0.113150,0.880615,16,0,1000.000,1.994431,0.639354
47808,4,0.131508,0.887365,37,0,1000.000,2.005358,0.634684
47808,5,0.122235,0.926928,35,0,1000.000,1.767883,0.649799
47808,6,0.124963,0.928067,27,0,1000.000,1.613120,0.659195
47808,7,0.131284,0.883124,28,0,1000.000,1.887367,0.638318
47856,0,0.123811,0.929186,16,0,1000.000,1.783425,0.636703
47856,1,0.132145,0.869136,16,0,1000.000,2.040327,0.618532
47856,2,0.120904,0.885340,14,0,1000.000,2.265444,0.629870
47856,3,0.113150,0.868760,14,0,1000.000,1.889834,0.629829
47856,4,0.131508,0.896743,22,0,1000.000,1.700851,0.639989
47856,5,0.122235,0.885432,16,0,1000.000,1.881291,0.609913
47856,6,0.124963,0.925927,29,0,1000.000,1.667545,0.655677
47856,7,0.131284,0.936337,17,0,1000.000,1.786636,0.664574
47904,0,0.123811,0.887077,17,0,1000.000,1.847616,0.648917
47904,1,0.132145,0.935562,9,0,1000.000,1.814401,0.639958
47904,2,0.120904,0.906292,23,0,1000.000,1.881498,0.630879
47904,3,0.113150,0.910383,20,0,1000.000,1.768368,0.632173
47904,4,0.131508,0.913112,32,0,1000.000,1.996916,0.636154
47904,5,0.122235,0.917435,20,0,1000.000,2.022094,0.637669
47904,6,0.124963,0.939849,12,0,1000.000,1.619180,0.644995
47904,7,0.131284,0.912320,24,0,1000.000,1.908029,0.647998
47952,0,0.123811,0.935643,28,1,990.000,1.429804,0.659079
47952,1,0.132145,0.897138,27,0,1000.000,1.927859,0.626808
47952,2,0.120904,0.922773,23,0,1000.000,1.647076,0.660276
47952,3,0.113150,0.913209,28,0,1000.000,2.101065,0.640228
47952,4,0.131508,0.895146,19,0,1000.000,2.029818,0.634676
47952,5,0.122235,0.932563,23,0,1000.000,1.350731,0.656468
47952,6,0.124963,0.912447,26,0,1000.000,2.104459,0.630371
47952,7,0.131284,0.920086,31,0,1000.000,1.615832,0.648927
48000,0,0.123811,0.893017,28,0,1000.000,2.052091,0.616941
48000,1,0.132145,0.926960,28,0,1000.000,1.505653,0.646857
48000,2,0.120904,0.943994,20,0,1000.000,1.479546,0.669489
48000,3,0.113150,0.909388,21,0,1000.000,2.066757,0.628605
48000,4,0.131508,0.859212,17,0,1000.000,2.452066,0.605375
48000,5,0.122235,0.883086,33,0,1000.000,2.052013,0.618335
48000,6,0.124963,0.897737,25,0,1000.000,1.822047,0.642581
48000,7,0.131284,0.899753,19,0,1000.000,1.822510,0.635435
48096,0,0.126194,0.900071,63,1,993.524,1.886525,0.632852
48096,1,0.120981,0.896397,58,0,1000.000,1.836317,0.636887
48096,2,0.126896,0.889394,56,0,1000.000,2.135220,0.629184
48096,3,0.131840,0.889542,47,0,1000.000,1.866601,0.632679
48096,4,0.126135,0.911414,59,0,1000.000,1.894751,0.634749
48096,5,0.118831,0.886756,52,0,1000.000,2.042701,0.634179
48096,6,0.125291,0.907957,58,0,1000.000,1.738618,0.635699
48096,7,0.123832,0.917502,67,0,1000.000,1.684081,0.638881
48144,0,0.126194,0.916711,24,1,964.083,1.809767,0.632669
48144,1,0.120981,0.912677,34,0,1000.000,1.955152,0.635351
48144,2,0.126896,0.897112,28,0,1000.000,1.831499,0.624588
48144,3,0.131840,0.900353,28,0,1000.000,1.963329,0.631588
48144,4,0.126135,0.890655,29,0,1000.000,1.959542,0.622869
48144,5,0.118831,0.896239,17,0,1000.000,1.880375,0.623796
48144,6,0.125291,0.895565,26,0,1000.000,2.187670,0.625695
48144,7,0.123832,0.901593,21,0,1000.000,1.714793,0.618644
48192,0,0.126194,0.850988,19,0,1000.000,2.070621,0.621272
48192,1,0.120981,0.900884,17,0,1000.000,1.890469,0.637415
48192,2,0.126896,0.939413,18,0,1000.000,1.366908,0.639067
48192,3,0.131840,0.912474,28,0,1000.000,1.907025,0.635609
48192,4,0.126135,0.924283,21,0,1000.000,1.615686,0.647275
48192,5,0.118831,0.877031,12,0,1000.000,2.100007,0.628706
48192,6,0.125291,0.900005,23,0,1000.000,2.039510,0.623509
48192,7,0.123832,0.882281,22,0,1000.000,1.912813,0.614261
48240,0,0.126194,0.917394,18,0,1000.000,1.879358,0.642378
48240,1,0.120981,0.925142,20,0,1000.000,1.807531,0.621347
48240,2,0.126896,0.929805,20,0,1000.000,1.758325,0.652703
48240,3,0.131840,0.903540,27,0,1000.000,1.799568,0.632911
48240,4,0.126135,0.874302,16,0,1000.000,2.149583,0.626864
48240,5,0.118831,0.889957,14,0,1000.000,1.573994,0.618986
48240,6,0.125291,0.907273,14,0,1000.000,1.645135,0.611900
48240,7,0.123832,0.901383,24,0,1000.000,1.936057,0.643856
48288,0,0.126194,0.890542,22,0,1000.000,1.819113,0.626659
48288,1,0.120981,0.918226,22,0,1000.000,1.733036,0.632756
48288,2,0.126896,0.900091,18,0,1000.000,1.975026,0.630775
48288,3,0.131840,0.910855,21,0,1000.000,1.856908,0.636779
48288,4,0.126135,0.898468,15,0,1000.000,2.127223,0.648710
48288,5,0.118831,0.909987,19,0,1000.000,1.945832,0.636000
48288,6,0.125291,0.918104,21,0,1000.000,1.919476,0.631396
48288,7,0.123832,0.885309,16,0,1000.000,1.883771,0.645136
48384,0,0.126194,0.903868,47,0,1000.000,1.906146,0.642843
48384,1,0.120981,0.895350,36,0,1000.000,2.216752,0.626805
48384,2,0.126896,0.926019,49,0,1000.000,1.683860,0.648747
48384,3,0.131840,0.903836,50,0,1000.000,1.877579,0.630914
48384,4,0.126135,0.915977,45,0,1000.000,1.982152,0.630577
48384,5,0.118831,0.889503,35,0,1000.000,1.968948,0.624506
48384,6,0.125291,0.917160,45,0,1000.000,1.748150,0.644807
48384,7,0.123832,0.896809,37,0,1000.000,1.925962,0.628771
48432,0,0.126194,0.901210,28,0,1000.000,2.143378,0.627481
48432,1,0.120981,0.936631,14,0,1000.000,1.907646,0.643623
48432,2,0.126896,0.926924,26,0,1000.000,1.807754,0.649569
48432,3,0.131840,0.886964,28,0,1000.000,2.160329,0.622636
48432,4,0.126135,0.872358,20,0,1000.000,2.104377,0.610059
48432,5,0.118831,0.894028,18,0,1000.000,2.009742,0.628692
48432,6,0.125291,0.903150,20,0,1000.000,2.128622,0.633857
48432,7,0.123832,0.902863,21,0,1000.000,2.001237,0.631428
48480,0,0.126194,0.921951,29,0,1000.000,1.858559,0.645573
48480,1,0.120981,0.910594,26,0,1000.000,2.061788,0.636899
48480,2,0.126896,0.927364,33,0,1000.000,1.768488,0.651209
48480,3,0.131840,0.945059,24,0,1000.000,1.363328,0.647732
48480,4,0.126135,0.914343,20,0,1000.000,1.875236,0.632662
48480,5,0.118831,0.895865,34,0,1000.000,2.002154,0.632266
48480,6,0.125291,0.924287,30,0,1000.000,1.873441,0.655338
48480,7,0.123832,0.895478,31,0,1000.000,1.902885,0.632997
48528,0,0.126194,0.891351,25,0,1000.000,1.935665,0.623956
48528,1,0.120981,0.908364,23,0,1000.000,1.672880,0.654495
48528,2,0.126896,0.919701,25,0,1000.000,1.691793,0.651302
48528,3,0.131840,0.876624,37,0,1000.000,2.029428,0.626966
48528,4,0.126135,0.910297,20,0,1000.000,1.697107,0.640694
48528,5,0.118831,0.904794,32,0,1000.000,1.787612,0.645260
48528,6,0.125291,0.926691,25,0,1000.000,1.799066,0.647145
48528,7,0.123832,0.916177,25,0,1000.000,1.826295,0.646751
48576,0,0.126194,0.902387,22,0,1000.000,1.728806,0.634928
48576,1,0.120981,0.909505,19,0,1000.000,2.164340,0.633506
48576,2,0.126896,0.896951,19,0,1000.000,1.980616,0.640513
48576,3,0.131840,0.911516,28,0,1000.000,1.859295,0.630250
48576,4,0.126135,0.918818,30,0,1000.000,1.423977,0.640233
48576,5,0.118831,0.909188,23,0,1000.000,1.741431,0.632869
48576,6,0.125291,0.893014,25,0,1000.000,1.890746,0.631990
48576,7,0.123832,0.913842,24,0,1000.000,2.024740,0.630734
48624,0,0.126194,0.913157,30,0,1000.000,1.779531,0.644661
48624,1,0.120981,0.907842,25,0,1000.000,1.802169,0.652353
48624,2,0.126896,0.914708,25,0,1000.000,1.770594,0.643068
48624,3,0.131840,0.892417,30,0,1000.000,1.787454,0.638385
48624,4,0.126135,0.876903,36,0,1000.000,2.079960,0.628203
48624,5,0.118831,0.904891,27,0,1000.000,1.980476,0.644442
48624,6,0.125291,0.931113,25,0,1000.000,1.585147,0.655521
48624,7,0.123832,0.912987,25,0,1000.000,1.660715,0.649948
48672,0,0.126194,0.892277,35,0,1000.000,1.745478,0.635997
48672,1,0.120981,0.928680,27,0,1000.000,1.593547,0.663328
48672,2,0.126896,0.929031,29,0,1000.000,1.698049,0.644557
48672,3,0.131840,0.894357,35,0,1000.000,1.926126,0.626978
48672,4,0.126135,0.898549,24,0,1000.000,1.989002,0.642069
48672,5,0.118831,0.905566,28,0,1000.000,1.823004,0.639606
48672,6,0.125291,0.905954,29,0,1000.000,1.775339,0.647972
48672,7,0.123832,0.913941,33,0,1000.000,1.933983,0.652983
48720,0,0.126194,0.929785,36,0,1000.000,1.641495,0.648665
48720,1,0.120981,0.928189,40,0,1000.000,1.618779,0.643572
48720,2,0.126896,0.880770,35,0,1000.000,1.808926,0.634419
48720,3,0.131840,0.911057,34,0,1000.000,1.676928,0.655777
48720,4,0.126135,0.906812,33,0,1000.000,1.762308,0.655802
48720,5,0.118831,0.883156,23,1,958.261,1.755819,0.643430
48720,6,0.125291,0.934572,26,0,1000.000,1.604981,0.659274
48720,7,0.123832,0.893196,25,0,1000.000,1.983874,0.626396
48768,0,0.126194,0.904165,26,0,1000.000,2.060822,0.641568
48768,1,0.120981,0.921552,30,0,1000.000,1.870289,0.648709
48768,2,0.126896,0.903939,26,0,1000.000,1.737454,0.632629
48768,3,0.131840,0.916243,33,0,1000.000,1.872664,0.641972
48768,4,0.126135,0.880779,34,0,1000.000,2.333896,0.630813
48768,5,0.118831,0.921448,26,0,1000.000,1.588091,0.641292
48768,6,0.125291,0.898836,28,0,1000.000,1.909312,0.627814
48768,7,0.123832,0.918556,26,0,1000.000,1.855084,0.655934
48816,0,0.126194,0.918480,28,0,1000.000,1.958534,0.652758
48816,1,0.120981,0.920059,20,0,1000.000,1.786756,0.645148
48816,2,0.126896,0.892913,27,0,1000.000,2.171901,0.629840
48816,3,0.131840,0.918965,28,0,1000.000,1.749773,0.652230
48816,4,0.126135,0.870565,19,0,1000.000,1.817957,0.608698
48816,5,0.118831,0.910577,18,0,1000.000,2.099756,0.633961
48816,6,0.125291,0.922039,34,0,1000.000,1.857295,0.640452
48816,7,0.123832,0.907789,29,0,1000.000,1.956780,0.648238
48864,0,0.126194,0.843260,13,0,1000.000,2.151815,0.611802
48864,1,0.120981,0.940803,17,0,1000.000,1.285509,0.660362
48864,2,0.126896,0.909812,19,0,1000.000,1.880787,0.635278
48864,3,0.131840,0.915933,17,0,1000.000,1.720043,0.636246
48864,4,0.126135,0.909226,20,0,1000.000,2.069990,0.636473
48864,5,0.118831,0.926360,16,0,1000.000,1.732513,0.649077
48864,6,0.125291,0.902859,16,0,1000.000,1.774939,0.630857
48864,7,0.123832,0.917127,15,0,1000.000,1.717136,0.633312
48912,0,0.126194,0.937330,21,1,965.714,1.453245,0.657020
48912,1,0.120981,0.891073,20,0,1000.000,2.074302,0.638326
48912,2,0.126896,0.931423,18,0,1000.000,1.768707,0.653642
48912,3,0.131840,0.884383,25,0,1000.000,1.941348,0.637246
48912,4,0.126135,0.863125,25,0,1000.000,2.189610,0.616715
48912,5,0.118831,0.928952,23,0,1000.000,1.583559,0.646819
48912,6,0.125291,0.910152,20,0,1000.000,1.655880,0.644788
48912,7,0.123832,0.905645,19,0,1000.000,1.634855,0.627413
48960,0,0.126194,0.904860,22,0,1000.000,1.572628,0.638139
48960,1,0.120981,0.914110,31,0,1000.000,1.746617,0.640979
48960,2,0.126896,0.916772,24,0,1000.000,1.655630,0.659666
48960,3,0.131840,0.902259,34,0,1000.000,1.819815,0.645146
48960,4,0.126135,0.920786,39,0,1000.000,1.646482,0.650896
48960,5,0.118831,0.905971,22,0,1000.000,2.081799,0.645056
48960,6,0.125291,0.937673,20,0,1000.000,1.482276,0.663102
48960,7,0.123832,0.920232,25,0,1000.000,1.740180,0.647195
49008,0,0.126194,0.900675,21,1,968.048,1.508890,0.636463
49008,1,0.120981,0.928195,26,0,1000.000,1.427750,0.636213
49008,2,0.126896,0.892978,32,0,1000.000,2.021197,0.624551
49008,3,0.131840,0.917114,31,0,1000.000,1.703206,0.655263
49008,4,0.126135,0.914966,20,0,1000.000,1.817242,0.636886
49008,5,0.118831,0.924975,30,0,1000.000,1.641684,0.642466
49008,6,0.125291,0.894605,16,0,1000.000,2.340073,0.623881
49008,7,0.123832,0.890299,16,0,1000.000,2.078246,0.615696
49056,0,0.126194,0.911663,22,0,1000.000,1.800789,0.645891
49056,1,0.120981,0.901121,34,0,1000.000,1.715859,0.631676
49056,2,0.126896,0.885845,26,0,1000.000,2.073856,0.626051
49056,3,0.131840,0.897601,28,0,1000.000,1.997832,0.631852
49056,4,0.126135,0.880792,29,0,1000.000,2.162990,0.619898
49056,5,0.118831,0.893617,26,0,1000.000,1.743991,0.651155
49056,6,0.125291,0.902537,28,0,1000.000,1.838939,0.634166
49056,7,0.123832,0.872350,19,0,1000.000,2.158141,0.639948
49104,0,0.126194,0.880284,31,1,987.258,1.797181,0.624834
49104,1,0.120981,0.907908,23,0,1000.000,1.940236,0.625304
49104,2,0.126896,0.893466,18,0,1000.000,1.936545,0.629166
49104,3,0.131840,0.894503,40,0,1000.000,1.929046,0.637853
49104,4,0.126135,0.909265,37,0,1000.000,1.787609,0.628206
49104,5,0.118831,0.879074,28,0,1000.000,1.738797,0.631600
49104,6,0.125291,0.896442,34,0,1000.000,1.767105,0.634066
49104,7,0.123832,0.923123,35,0,1000.000,1.704198,0.650379
49152,0,0.126194,0.907122,37,0,1000.000,1.549820,0.635909
49152,1,0.120981,0.901529,16,0,1000.000,1.794284,0.628559
49152,2,0.126896,0.881514,30,0,1000.000,2.108956,0.626896
49152,3,0.131840,0.901673,23,0,1000.000,2.076458,0.631232
49152,4,0.126135,0.916099,22,0,1000.000,1.624719,0.643853
49152,5,0.118831,0.920335,18,0,1000.000,1.710984,0.652976
49152,6,0.125291,0.898978,31,0,1000.000,1.817270,0.637446
49152,7,0.123832,0.918747,18,0,1000.000,1.807527,0.650961
49200,0,0.126194,0.908359,20,0,1000.000,1.481615,0.625911
49200,1,0.120981,0.924041,14,0,1000.000,1.997256,0.645017
49200,2,0.126896,0.886515,31,0,1000.000,1.848477,0.629058
49200,3,0.131840,0.885563,18,0,1000.000,1.892499,0.622245
49200,4,0.126135,0.904866,22,0,1000.000,1.967490,0.633461
49200,5,0.118831,0.913907,16,0,1000.000,2.015795,0.645289
49200,6,0.125291,0.937675,21,0,1000.000,1.342573,0.654866
49200,7,0.123832,0.912678,19,0,1000.000,1.967435,0.645280
49248,0,0.126194,0.926061,16,0,1000.000,1.716467,0.653844
49248,1,0.120981,0.888619,20,0,1000.000,1.834766,0.637264
49248,2,0.126896,0.931485,13,0,1000.000,1.589605,0.645177
49248,3,0.131840,0.909247,17,0,1000.000,1.786510,0.657207
49248,4,0.126135,0.878937,22,0,1000.000,1.847352,0.637670
49248,5,0.118831,0.931088,14,0,1000.000,1.660501,0.640394
49248,6,0.125291,0.895130,21,0,1000.000,2.182179,0.633351
49248,7,0.123832,0.909137,19,0,1000.000,1.806237,0.650985
49296,0,0.126194,0.907772,25,1,981.400,1.569289,0.640937
49296,1,0.120981,0.898010,19,0,1000.000,1.943222,0.635843
49296,2,0.126896,0.895964,19,0,1000.000,1.721601,0.652444
49296,3,0.131840,0.911862,19,0,1000.000,1.697825,0.633381
49296,4,0.126135,0.918119,25,0,1000.000,1.677335,0.636227
49296,5,0.118831,0.911821,25,0,1000.000,1.566957,0.645274
49296,6,0.125291,0.916680,18,0,1000.000,1.565898,0.654478
49296,7,0.123832,0.907656,25,0,1000.000,2.040280,0.634066
49392,0,0.126194,0.905414,43,0,1000.000,1.714615,0.624430
49392,1,0.120981,0.925554,43,0,1000.000,1.594626,0.643665
49392,2,0.126896,0.901404,45,0,1000.000,1.665199,0.639655
49392,3,0.131840,0.934171,42,0,1000.000,1.404204,0.655532
49392,4,0.126135,0.906839,42,0,1000.000,1.963364,0.635178
49392,5,0.118831,0.922217,34,0,1000.000,1.674438,0.647181
49392,6,0.125291,0.923108,44,1,982.955,1.491951,0.637215
49392,7,0.123832,0.902376,39,0,1000.000,2.072328,0.635909
49440,0,0.126194,0.912061,22,0,1000.000,1.867111,0.638607
49440,1,0.120981,0.899523,31,0,1000.000,1.928108,0.635590
49440,2,0.126896,0.933809,17,0,1000.000,1.637288,0.657353
49440,3,0.131840,0.906637,21,0,1000.000,1.996107,0.640409
49440,4,0.126135,0.909497,27,0,1000.000,2.074033,0.643556
49440,5,0.118831,0.922914,22,0,1000.000,1.772519,0.643511
49440,6,0.125291,0.919187,22,0,1000.000,1.915362,0.642538
49440,7,0.123832,0.902480,20,0,1000.000,2.048677,0.635419
49488,0,0.126194,0.913441,32,0,1000.000,1.833830,0.637598
49488,1,0.120981,0.911061,24,0,1000.000,1.542141,0.651646
49488,2,0.126896,0.899612,32,0,1000.000,1.917238,0.646996
49488,3,0.131840,0.886022,38,0,1000.000,1.858744,0.634649
49488,4,0.126135,0.898157,27,0,1000.000,2.001278,0.651975
49488,5,0.118831,0.917705,27,0,1000.000,1.907087,0.641122
49488,6,0.125291,0.890075,21,0,1000.000,2.080984,0.639117
49488,7,0.123832,0.902844,29,0,1000.000,1.786148,0.645169
49536,0,0.126194,0.912632,16,0,1000.000,1.932316,0.632175
49536,1,0.120981,0.944569,18,0,1000.000,1.108921,0.655279
49536,2,0.126896,0.920776,29,0,1000.000,1.767468,0.645104
49536,3,0.131840,0.895979,32,0,1000.000,1.884286,0.633545
49536,4,0.126135,0.911965,31,0,1000.000,1.950701,0.640067
49536,5,0.118831,0.931014,33,0,1000.000,1.771290,0.650085
49536,6,0.125291,0.907335,27,0,1000.000,1.952171,0.644608
49536,7,0.123832,0.928079,23,0,1000.000,1.682612,0.657180
49584,0,0.126194,0.873974,26,1,999.885,2.234825,0.620657
49584,1,0.120981,0.905711,24,0,1000.000,1.527912,0.635293
49584,2,0.126896,0.924526,20,0,1000.000,1.106167,0.645818
49584,3,0.131840,0.888312,29,0,1000.000,2.030350,0.635923
49584,4,0.126135,0.923651,32,0,1000.000,1.858929,0.646607
49584,5,0.118831,0.881852,16,0,1000.000,2.060136,0.622329
49584,6,0.125291,0.865128,21,0,1000.000,2.115187,0.627314
49584,7,0.123832,0.915251,25,0,1000.000,1.716251,0.651386
49632,0,0.126194,0.886703,36,2,991.083,2.011248,0.620240
49632,1,0.120981,0.935871,29,0,1000.000,1.712453,0.655993
49632,2,0.126896,0.909952,25,0,1000.000,1.996972,0.645676
49632,3,0.131840,0.941857,25,0,1000.000,1.474651,0.672881
49632,4,0.126135,0.905581,40,0,1000.000,2.066965,0.634106
49632,5,0.118831,0.910784,26,0,1000.000,1.686494,0.656598
49632,6,0.125291,0.884720,26,0,1000.000,2.180911,0.633292
49632,7,0.123832,0.912482,25,0,1000.000,2.109770,0.640235
49680,0,0.126194,0.916749,32,0,1000.000,1.766093,0.647995
49680,1,0.120981,0.916845,32,0,1000.000,1.729277,0.637992
49680,2,0.126896,0.934773,21,0,1000.000,1.804722,0.652249
49680,3,0.131840,0.907182,42,0,1000.000,1.856055,0.641994
49680,4,0.126135,0.918790,37,0,1000.000,1.672493,0.646260
49680,5,0.118831,0.899696,28,0,1000.000,2.084177,0.632895
49680,6,0.125291,0.942899,21,0,1000.000,1.758669,0.675733
49680,7,0.123832,0.906079,32,0,1000.000,1.963670,0.639430
49728,0,0.126194,0.875403,26,0,1000.000,2.061429,0.620817
49728,1,0.120981,0.909945,30,0,1000.000,1.648018,0.645241
49728,2,0.126896,0.903276,33,0,1000.000,1.858445,0.631585
49728,3,0.131840,0.914710,33,0,1000.000,1.809885,0.638969
49728,4,0.126135,0.875917,23,0,1000.000,2.016071,0.636028
49728,5,0.118831,0.911762,26,0,1000.000,2.059136,0.633829
49728,6,0.125291,0.936588,26,0,1000.000,1.663432,0.664537
49728,7,0.123832,0.917381,29,0,1000.000,1.876209,0.644320
49776,0,0.126194,0.908772,31,0,1000.000,1.773437,0.647363
49776,1,0.120981,0.920546,30,0,1000.000,1.794853,0.638273
49776,2,0.126896,0.938108,24,0,1000.000,1.423571,0.650211
49776,3,0.131840,0.906722,27,0,1000.000,1.917764,0.627088
49776,4,0.126135,0.915462,33,0,1000.000,1.877122,0.649281
49776,5,0.118831,0.932545,33,0,1000.000,1.606959,0.648242
49776,6,0.125291,0.922521,34,0,1000.000,1.754463,0.654651
49776,7,0.123832,0.905295,23,0,1000.000,1.777171,0.636003
49872,0,0.126194,0.905631,44,2,972.023,1.880005,0.635572
49872,1,0.120981,0.902866,39,0,1000.000,2.036991,0.634776
49872,2,0.126896,0.910314,47,0,1000.000,1.629001,0.646861
49872,3,0.131840,0.905631,30,0,1000.000,1.581615,0.639097
49872,4,0.126135,0.905942,40,0,1000.000,2.058569,0.641745
49872,5,0.118831,0.934109,44,0,1000.000,1.683322,0.650091
49872,6,0.125291,0.925645,49,0,1000.000,1.672010,0.650309
49872,7,0.123832,0.922154,38,0,1000.000,1.817155,0.645037
49920,0,0.126194,0.907690,23,1,985.870,1.801682,0.633711
49920,1,0.120981,0.869005,18,0,1000.000,2.163294,0.617063
49920,2,0.126896,0.908971,25,0,1000.000,1.787867,0.631402
49920,3,0.131840,0.919142,30,0,1000.000,1.618356,0.648598
49920,4,0.126135,0.907562,18,0,1000.000,1.894575,0.631171
49920,5,0.118831,0.888185,20,0,1000.000,1.915347,0.631917
49920,6,0.125291,0.932929,24,0,1000.000,1.558040,0.656251
49920,7,0.123832,0.906481,21,0,1000.000,1.761568,0.620385
49968,0,0.126194,0.905657,24,0,1000.000,1.701014,0.650138
49968,1,0.120981,0.921341,28,0,1000.000,1.882045,0.628760
49968,2,0.126896,0.876086,27,0,1000.000,2.041507,0.614923
49968,3,0.131840,0.919513,29,0,1000.000,2.043597,0.648430
49968,4,0.126135,0.924736,14,0,1000.000,1.993436,0.642015
49968,5,0.118831,0.910519,24,0,1000.000,1.892203,0.646186
49968,6,0.125291,0.882320,33,0,1000.000,2.144575,0.617728
49968,7,0.123832,0.882053,33,1,972.394,1.779479,0.625490
50016,0,0.126194,0.900702,30,0,1000.000,2.126911,0.626362
50016,1,0.120981,0.881252,24,0,1000.000,2.007030,0.628049
50016,2,0.126896,0.913612,20,0,1000.000,1.654464,0.633968
50016,3,0.131840,0.924232,26,0,1000.000,1.681380,0.647224
50016,4,0.126135,0.920210,23,0,1000.000,1.503123,0.635433
50016,5,0.118831,0.927957,28,0,1000.000,1.647825,0.634299
50016,6,0.125291,0.891125,25,0,1000.000,2.023346,0.620026
50016,7,0.123832,0.916058,27,0,1000.000,1.610239,0.652134
50064,0,0.126194,0.927334,29,0,1000.000,1.675878,0.651136
50064,1,0.120981,0.938941,21,0,1000.000,1.355949,0.644583
50064,2,0.126896,0.891504,22,0,1000.000,1.751386,0.629849
50064,3,0.131840,0.911498,26,0,1000.000,1.759864,0.632067
50064,4,0.126135,0.885490,29,0,1000.000,2.100345,0.630636
50064,5,0.118831,0.885620,32,0,1000.000,2.082197,0.622569
50064,6,0.125291,0.897826,25,0,1000.000,2.097560,0.623378
50064,7,0.123832,0.828746,21,1,957.762,2.007561,0.617115
50112,0,0.126194,0.901417,42,0,1000.000,1.924120,0.638675
50112,1,0.120981,0.889380,38,1,975.447,1.727969,0.631030
50112,2,0.126896,0.914403,29,0,1000.000,1.807545,0.644286
50112,3,0.131840,0.934974,24,0,1000.000,1.597992,0.652877
50112,4,0.126135,0.898696,34,0,1000.000,1.974516,0.635320
50112,5,0.118831,0.929085,33,0,1000.000,1.629273,0.654583
50112,6,0.125291,0.903848,23,0,1000.000,1.746913,0.628287
50112,7,0.123832,0.882777,24,0,1000.000,2.067718,0.630789
50160,0,0.126194,0.853403,16,0,1000.000,2.002236,0.622785
50160,1,0.120981,0.925251,31,0,1000.000,1.608008,0.639332
50160,2,0.126896,0.923469,13,0,1000.000,1.693883,0.651135
50160,3,0.131840,0.915465,22,0,1000.000,1.872679,0.648725
50160,4,0.126135,0.896011,29,0,1000.000,1.831438,0.637872
50160,5,0.118831,0.909762,23,0,1000.000,1.922072,0.633224
50160,6,0.125291,0.884712,26,0,1000.000,2.085202,0.620738
50160,7,0.123832,0.883147,31,0,1000.000,1.982515,0.631059
50208,0,0.126194,0.912621,20,0,1000.000,1.963867,0.628741
50208,1,0.120981,0.902120,21,0,1000.000,2.004481,0.635534
50208,2,0.126896,0.922218,18,0,1000.000,1.864321,0.634664
50208,3,0.131840,0.910313,14,0,1000.000,1.501361,0.628109
50208,4,0.126135,0.946596,20,0,1000.000,1.634272,0.646238
50208,5,0.118831,0.896513,22,0,1000.000,1.856890,0.628135
50208,6,0.125291,0.951294,15,0,1000.000,1.323906,0.649408
50208,7,0.123832,0.926774,22,0,1000.000,1.419429,0.644361
50256,0,0.126194,0.926489,17,0,1000.000,1.651548,0.649942
50256,1,0.120981,0.892051,20,0,1000.000,2.236284,0.614308
50256,2,0.126896,0.927565,18,0,1000.000,1.818500,0.644003
50256,3,0.131840,0.912234,22,0,1000.000,1.788552,0.634045
50256,4,0.126135,0.905467,21,0,1000.000,1.929400,0.641263
50256,5,0.118831,0.899370,21,0,1000.000,2.178918,0.636116
50256,6,0.125291,0.892701,17,1,943.294,1.502589,0.641431
50256,7,0.123832,0.934642,13,0,1000.000,1.759629,0.652020
50352,0,0.126194,0.939843,40,1,985.625,1.769799,0.639974
50352,1,0.120981,0.897599,43,0,1000.000,1.979707,0.624424
50352,2,0.126896,0.894617,48,0,1000.000,2.049169,0.629185
50352,3,0.131840,0.891031,52,0,1000.000,2.094276,0.626584
50352,4,0.126135,0.885837,38,0,1000.000,2.116233,0.629455
50352,5,0.118831,0.918080,31,0,1000.000,1.847330,0.627955
50352,6,0.125291,0.906941,35,0,1000.000,2.154064,0.631269
50352,7,0.123832,0.918218,49,0,1000.000,1.851089,0.636516
50400,0,0.126194,0.927192,23,0,1000.000,1.462766,0.651254
50400,1,0.120981,0.896323,12,0,1000.000,1.984956,0.621275
50400,2,0.126896,0.923526,23,0,1000.000,1.560413,0.625440
50400,3,0.131840,0.911026,17,0,1000.000,1.675323,0.644576
50400,4,0.126135,0.909586,28,0,1000.000,1.700558,0.639079
50400,5,0.118831,0.923977,21,0,1000.000,1.675834,0.623413
50400,6,0.125291,0.935213,19,0,1000.000,1.487299,0.647235
50400,7,0.123832,0.908756,30,0,1000.000,1.748555,0.645494
50448,0,0.126194,0.924059,21,0,1000.000,1.779790,0.652732
50448,1,0.120981,0.920824,20,0,1000.000,1.591905,0.664319
50448,2,0.126896,0.921489,31,0,1000.000,1.700488,0.651147
50448,3,0.131840,0.883939,21,0,1000.000,2.434244,0.622337
50448,4,0.126135,0.907187,29,0,1000.000,1.966986,0.633501
50448,5,0.118831,0.922944,24,0,1000.000,1.876840,0.645766
50448,6,0.125291,0.910927,22,0,1000.000,1.889457,0.635008
50448,7,0.123832,0.879401,20,0,1000.000,2.132110,0.616186
50496,0,0.117987,0.941376,25,0,1000.000,1.491293,0.655806
50496,1,0.128637,0.927135,26,0,1000.000,1.609090,0.644642
50496,2,0.128207,0.921550,29,0,1000.000,1.688909,0.646851
50496,3,0.122920,0.910489,30,0,1000.000,2.008978,0.629800
50496,4,0.113059,0.912965,35,0,1000.000,1.904500,0.645702
50496,5,0.133996,0.919385,28,0,1000.000,1.842588,0.642972
50496,6,0.134493,0.918607,32,0,1000.000,2.048571,0.636060
50496,7,0.120701,0.920179,32,0,1000.000,1.710922,0.642003
50544,0,0.117987,0.920635,19,0,1000.000,1.779007,0.637645
50544,1,0.128637,0.904407,23,0,1000.000,2.056114,0.639126
50544,2,0.128207,0.922599,27,0,1000.000,1.798537,0.638825
50544,3,0.122920,0.931995,18,0,1000.000,1.798826,0.632742
50544,4,0.113059,0.901978,30,0,1000.000,1.965708,0.636973
50544,5,0.133996,0.881459,36,0,1000.000,2.262618,0.619713
50544,6,0.134493,0.893673,19,0,1000.000,2.015147,0.620135
50544,7,0.120701,0.923326,19,0,1000.000,1.682684,0.642838
50592,0,0.117987,0.904481,23,0,1000.000,1.854385,0.637435
50592,1,0.128637,0.878450,19,1,949.737,1.716905,0.613942
50592,2,0.128207,0.928268,27,0,1000.000,1.667009,0.638977
50592,3,0.122920,0.880985,20,0,1000.000,2.188950,0.619053
50592,4,0.113059,0.900675,25,0,1000.000,2.016649,0.643817
50592,5,0.133996,0.897323,28,0,1000.000,2.059575,0.619400
50592,6,0.134493,0.908598,29,0,1000.000,1.869909,0.641319
50592,7,0.120701,0.909853,30,0,1000.000,1.796666,0.640901
50640,0,0.117987,0.912598,24,0,1000.000,1.768698,0.647022
50640,1,0.128637,0.899009,22,0,1000.000,1.830349,0.642507
50640,2,0.128207,0.917921,31,0,1000.000,1.680528,0.639735
50640,3,0.122920,0.891075,24,0,1000.000,2.033174,0.632584
50640,4,0.113059,0.889658,34,0,1000.000,2.098980,0.634664
50640,5,0.133996,0.898221,34,0,1000.000,1.899488,0.639326
50640,6,0.134493,0.912431,31,0,1000.000,2.004940,0.638718
50640,7,0.120701,0.919575,40,0,1000.000,1.816405,0.644060
50688,0,0.117987,0.919010,29,0,1000.000,1.694467,0.627997
50688,1,0.128637,0.921443,26,0,1000.000,1.913287,0.640148
50688,2,0.128207,0.906345,30,0,1000.000,1.851210,0.639315
50688,3,0.122920,0.946826,32,0,1000.000,1.447698,0.673528
50688,4,0.113059,0.919851,35,0,1000.000,1.884272,0.646806
50688,5,0.133996,0.926373,36,0,1000.000,1.844762,0.644714
50688,6,0.134493,0.912809,29,0,1000.000,1.755065,0.644877
50688,7,0.120701,0.922437,32,0,1000.000,1.723695,0.645134
50736,0,0.117987,0.905654,28,0,1000.000,1.912115,0.646915
50736,1,0.128637,0.901741,33,0,1000.000,1.845562,0.636076
50736,2,0.128207,0.920417,25,0,1000.000,1.791726,0.645907
50736,3,0.122920,0.915443,31,0,1000.000,1.896410,0.634375
50736,4,0.113059,0.926781,20,0,1000.000,1.806247,0.638554
50736,5,0.133996,0.913701,28,0,1000.000,1.958308,0.631858
50736,6,0.134493,0.919914,37,0,1000.000,1.826975,0.636320
50736,7,0.120701,0.916508,21,0,1000.000,1.697782,0.643982
50784,0,0.117987,0.877683,23,0,1000.000,2.287610,0.621712
50784,1,0.128637,0.936798,25,0,1000.000,1.546959,0.657927
50784,2,0.128207,0.925946,31,0,1000.000,1.579406,0.664025
50784,3,0.122920,0.920340,27,0,1000.000,1.862289,0.647748
50784,4,0.113059,0.932499,24,0,1000.000,1.717977,0.659847
50784,5,0.133996,0.915413,35,0,1000.000,1.850463,0.636456
50784,6,0.134493,0.910490,31,0,1000.000,1.670262,0.653171
50784,7,0.120701,0.883780,34,0,1000.000,2.298300,0.623511
50832,0,0.117987,0.906215,20,0,1000.000,1.737092,0.636418
50832,1,0.128637,0.909244,32,0,1000.000,1.922526,0.643158
50832,2,0.128207,0.930945,22,0,1000.000,1.853428,0.647015
50832,3,0.122920,0.900858,24,0,1000.000,2.027987,0.632493
50832,4,0.113059,0.889772,18,0,1000.000,2.392967,0.631642
50832,5,0.133996,0.921647,26,0,1000.000,1.922267,0.621971
50832,6,0.134493,0.931232,17,0,1000.000,1.794272,0.647659
50832,7,0.120701,0.901152,18,0,1000.000,1.936489,0.632416
50880,0,0.117987,0.899549,16,1,942.250,2.012164,0.606588
50880,1,0.128637,0.918944,30,0,1000.000,1.440739,0.641971
50880,2,0.128207,0.934936,14,0,1000.000,1.525548,0.645391
50880,3,0.122920,0.909308,20,0,1000.000,1.713740,0.639436
50880,4,0.113059,0.920889,19,0,1000.000,1.601027,0.656104
50880,5,0.133996,0.899848,16,0,1000.000,1.966193,0.639899
50880,6,0.134493,0.933520,17,0,1000.000,1.596089,0.649149
50880,7,0.120701,0.941539,11,0,1000.000,1.332628,0.656049
50928,0,0.117987,0.922469,28,0,1000.000,1.705283,0.642825
50928,1,0.128637,0.916536,24,0,1000.000,1.807004,0.646155
50928,2,0.128207,0.923246,21,0,1000.000,1.686406,0.640425
50928,3,0.122920,0.899655,28,0,1000.000,1.726469,0.632936
50928,4,0.113059,0.898843,19,0,1000.000,1.934151,0.634383
50928,5,0.133996,0.896619,25,0,1000.000,2.093244,0.637709
50928,6,0.134493,0.922711,28,0,1000.000,1.886167,0.632483
50928,7,0.120701,0.919220,15,0,1000.000,1.844906,0.630434
50976,0,0.117987,0.913466,26,0,1000.000,1.893642,0.632977
50976,1,0.128637,0.915964,26,0,1000.000,1.898729,0.642940
50976,2,0.128207,0.908355,30,0,1000.000,2.100884,0.630897
50976,3,0.122920,0.938746,22,0,1000.000,1.425767,0.645985
50976,4,0.113059,0.897747,27,0,1000.000,2.037618,0.634572
50976,5,0.133996,0.890749,28,0,1000.000,2.076357,0.624625
50976,6,0.134493,0.905780,30,0,1000.000,1.781373,0.627798
50976,7,0.120701,0.937895,21,0,1000.000,1.438615,0.658051
51024,0,0.117987,0.901460,25,1,983.560,1.710349,0.647920
51024,1,0.128637,0.893012,24,0,1000.000,1.985397,0.623378
51024,2,0.128207,0.907990,19,0,1000.000,2.001120,0.642102
51024,3,0.122920,0.908651,28,0,1000.000,2.031364,0.639879
51024,4,0.113059,0.869891,22,0,1000.000,1.859411,0.624020
51024,5,0.133996,0.913277,33,0,1000.000,1.671551,0.628110
51024,6,0.134493,0.891128,31,0,1000.000,2.153520,0.626707
51024,7,0.120701,0.908827,26,0,1000.000,2.040152,0.631989
51072,0,0.117987,0.878125,25,0,1000.000,2.112997,0.620879
51072,1,0.128637,0.905842,21,0,1000.000,1.972585,0.623500
51072,2,0.128207,0.913074,30,0,1000.000,1.881862,0.635518
51072,3,0.122920,0.949898,19,0,1000.000,1.491681,0.665541
51072,4,0.113059,0.891407,27,0,1000.000,1.833586,0.623121
51072,5,0.133996,0.914240,44,0,1000.000,1.687044,0.637978
51072,6,0.134493,0.940793,23,0,1000.000,1.371184,0.653511
51072,7,0.120701,0.928076,25,0,1000.000,1.746637,0.654974
51120,0,0.117987,0.918793,33,0,1000.000,1.756422,0.644439
51120,1,0.128637,0.902549,33,0,1000.000,1.741833,0.634787
51120,2,0.128207,0.889222,37,0,1000.000,1.940933,0.624709
51120,3,0.122920,0.921552,28,0,1000.000,1.737580,0.640287
51120,4,0.113059,0.905465,25,0,1000.000,1.913682,0.625663
51120,5,0.133996,0.904085,33,1,971.000,1.581645,0.640077
51120,6,0.134493,0.886114,27,1,965.185,1.771945,0.624739
51120,7,0.120701,0.899123,28,0,1000.000,1.918706,0.640387
51216,0,0.117987,0.907009,50,0,1000.000,1.810684,0.629924
51216,1,0.128637,0.881031,42,0,1000.000,1.955295,0.622334
51216,2,0.128207,0.897888,40,0,1000.000,1.841870,0.631977
51216,3,0.122920,0.903694,32,0,1000.000,1.994604,0.636284
51216,4,0.113059,0.902599,41,0,1000.000,1.741891,0.634383
51216,5,0.133996,0.904704,44,0,1000.000,1.886008,0.639699
51216,6,0.134493,0.902990,47,0,1000.000,1.978146,0.630494
51216,7,0.120701,0.898780,34,0,1000.000,2.002572,0.619484
51264,0,0.117987,0.903016,16,0,1000.000,1.905459,0.641596
51264,1,0.128637,0.938494,20,0,1000.000,1.792099,0.663317
51264,2,0.128207,0.911411,20,0,1000.000,1.814102,0.629332
51264,3,0.122920,0.921752,23,0,1000.000,1.927270,0.650947
51264,4,0.113059,0.920998,18,0,1000.000,1.736492,0.634820
51264,5,0.133996,0.901927,16,0,1000.000,1.583872,0.635751
51264,6,0.134493,0.937606,18,0,1000.000,1.612777,0.655246
51264,7,0.120701,0.884763,16,0,1000.000,1.876549,0.628184
51312,0,0.117987,0.926477,15,0,1000.000,1.973601,0.643950
51312,1,0.128637,0.930353,20,0,1000.000,1.563558,0.662830
51312,2,0.128207,0.933079,21,0,1000.000,1.563204,0.631305
51312,3,0.122920,0.914230,23,0,1000.000,2.084293,0.641304
51312,4,0.113059,0.946125,20,0,1000.000,1.417876,0.673015
51312,5,0.133996,0.915508,24,0,1000.000,1.821507,0.638968
51312,6,0.134493,0.908116,31,0,1000.000,1.929011,0.635859
51312,7,0.120701,0.903280,23,0,1000.000,1.758938,0.634354
51360,0,0.117987,0.924494,25,0,1000.000,1.465361,0.649539
51360,1,0.128637,0.934815,28,0,1000.000,1.387502,0.641926
51360,2,0.128207,0.890138,23,0,1000.000,2.110624,0.628769
51360,3,0.122920,0.925914,16,0,1000.000,1.703029,0.656058
51360,4,0.113059,0.900195,20,0,1000.000,2.072966,0.630104
51360,5,0.133996,0.849258,18,0,1000.000,2.619593,0.609329
51360,6,0.134493,0.883903,16,0,1000.000,1.862460,0.645464
51360,7,0.120701,0.928905,20,0,1000.000,1.528992,0.640579
51408,0,0.117987,0.929241,18,0,1000.000,1.889820,0.647193
51408,1,0.128637,0.930422,22,0,1000.000,1.655641,0.658814
51408,2,0.128207,0.905657,26,0,1000.000,1.843272,0.629865
51408,3,0.122920,0.891231,19,0,1000.000,2.087071,0.640197
51408,4,0.113059,0.881601,17,0,1000.000,1.995819,0.623462
51408,5,0.133996,0.922099,27,0,1000.000,1.672464,0.654569
51408,6,0.134493,0.887352,22,0,1000.000,1.958146,0.623269
51408,7,0.120701,0.916280,16,0,1000.000,1.794047,0.659096
51456,0,0.117987,0.870073,21,0,1000.000,1.772730,0.619098
51456,1,0.128637,0.926251,27,0,1000.000,1.542567,0.654934
51456,2,0.128207,0.919147,22,0,1000.000,1.538917,0.636414
51456,3,0.122920,0.894642,36,0,1000.000,2.099642,0.637233
51456,4,0.113059,0.912043,22,0,1000.000,2.036616,0.638701
51456,5,0.133996,0.919817,24,0,1000.000,1.641613,0.647992
51456,6,0.134493,0.902286,22,0,1000.000,1.982892,0.631495
51456,7,0.120701,0.891335,26,0,1000.000,2.139485,0.622759
51504,0,0.117987,0.884654,27,0,1000.000,2.139111,0.630221
51504,1,0.128637,0.893097,35,0,1000.000,2.178380,0.629697
51504,2,0.128207,0.919710,29,0,1000.000,1.863324,0.646005
51504,3,0.122920,0.913894,37,0,1000.000,1.923027,0.631520
51504,4,0.113059,0.883051,23,0,1000.000,2.130244,0.631319
51504,5,0.133996,0.916703,32,0,1000.000,1.728307,0.644344
51504,6,0.134493,0.925127,28,0,1000.000,1.747126,0.658128
51504,7,0.120701,0.909957,26,0,1000.000,1.974439,0.638176
51552,0,0.117987,0.904073,18,0,1000.000,1.743432,0.649013
51552,1,0.128637,0.918392,22,0,1000.000,1.923929,0.651042
51552,2,0.128207,0.900438,27,0,1000.000,1.822201,0.632680
51552,3,0.122920,0.931267,18,0,1000.000,1.622390,0.655260
51552,4,0.113059,0.907743,27,0,1000.000,1.949227,0.652119
51552,5,0.133996,0.894052,26,0,1000.000,1.892356,0.631869
51552,6,0.134493,0.889572,32,0,1000.000,2.179194,0.621504
51552,7,0.120701,0.925035,16,0,1000.000,1.880372,0.633364
51600,0,0.117987,0.945186,26,0,1000.000,1.304622,0.659221
51600,1,0.128637,0.868580,30,0,1000.000,2.237071,0.616429
51600,2,0.128207,0.927349,32,0,1000.000,1.576901,0.647650
51600,3,0.122920,0.932730,21,0,1000.000,1.688772,0.641671
51600,4,0.113059,0.906907,21,0,1000.000,2.219511,0.633473
51600,5,0.133996,0.913220,19,0,1000.000,1.849993,0.650249
51600,6,0.134493,0.890721,28,0,1000.000,2.226111,0.632237
51600,7,0.120701,0.928723,24,0,1000.000,2.033618,0.649912
51648,0,0.117987,0.911575,28,0,1000.000,1.655514,0.639930
51648,1,0.128637,0.900535,23,0,1000.000,1.873808,0.646596
51648,2,0.128207,0.878555,34,0,1000.000,2.132495,0.626862
51648,3,0.122920,0.919035,30,0,1000.000,1.851703,0.644691
51648,4,0.113059,0.919501,24,0,1000.000,1.756010,0.643077
51648,5,0.133996,0.892226,43,0,1000.000,2.121080,0.634682
51648,6,0.134493,0.909755,33,0,1000.000,1.823018,0.636664
51648,7,0.120701,0.902833,31,1,972.258,1.500084,0.640507
51696,0,0.117987,0.913682,31,0,1000.000,1.710794,0.653474
51696,1,0.128637,0.898506,37,0,1000.000,1.935147,0.632090
51696,2,0.128207,0.880007,36,0,1000.000,2.056985,0.634621
51696,3,0.122920,0.911672,31,0,1000.000,2.018422,0.632119
51696,4,0.113059,0.888498,25,0,1000.000,2.100380,0.634374
51696,5,0.133996,0.933394,27,0,1000.000,1.741025,0.645692
51696,6,0.134493,0.891069,36,0,1000.000,2.186466,0.626165
51696,7,0.120701,0.923702,31,0,1000.000,1.869942,0.656481
51744,0,0.117987,0.894509,20,0,1000.000,1.939027,0.627304
51744,1,0.128637,0.915934,25,0,1000.000,1.867078,0.630972
51744,2,0.128207,0.923856,30,0,1000.000,1.839689,0.637385
51744,3,0.122920,0.902133,17,0,1000.000,2.275055,0.628263
51744,4,0.113059,0.900115,30,0,1000.000,1.966243,0.650242
51744,5,0.133996,0.915943,30,0,1000.000,1.590677,0.649905
51744,6,0.134493,0.921535,29,0,1000.000,1.715545,0.643898
51744,7,0.120701,0.880566,30,0,1000.000,1.902482,0.636472
51792,0,0.117987,0.919237,18,0,1000.000,1.970043,0.639459
51792,1,0.128637,0.922671,27,0,1000.000,1.971855,0.643669
51792,2,0.128207,0.913820,26,0,1000.000,2.003907,0.639170
51792,3,0.122920,0.879880,31,0,1000.000,2.008888,0.629965
51792,4,0.113059,0.914174,31,0,1000.000,1.817009,0.644915
51792,5,0.133996,0.926161,30,0,1000.000,1.853166,0.644523
51792,6,0.134493,0.894813,41,0,1000.000,2.007618,0.632199
51792,7,0.120701,0.928983,30,0,1000.000,1.679957,0.655929
51840,0,0.117987,0.833828,10,0,1000.000,2.417580,0.598023
51840,1,0.128637,0.850347,24,0,1000.000,2.165121,0.619165
51840,2,0.128207,0.905390,15,0,1000.000,1.859578,0.639884
51840,3,0.122920,0.908177,22,0,1000.000,1.635234,0.655304
51840,4,0.113059,0.914500,18,0,1000.000,1.978837,0.640143
51840,5,0.133996,0.933122,27,0,1000.000,1.784143,0.648969
51840,6,0.134493,0.878681,20,0,1000.000,2.279679,0.628924
51840,7,0.120701,0.904969,27,0,1000.000,2.150016,0.633485
51888,0,0.117987,0.899257,14,0,1000.000,1.576483,0.632174
51888,1,0.128637,0.890161,26,0,1000.000,2.036662,0.628962
51888,2,0.128207,0.905543,22,0,1000.000,2.008014,0.635278
51888,3,0.122920,0.940263,18,0,1000.000,1.663159,0.653582
51888,4,0.113059,0.897078,14,0,1000.000,1.677564,0.640855
51888,5,0.133996,0.929956,21,0,1000.000,1.746295,0.639943
51888,6,0.134493,0.902591,20,0,1000.000,1.894757,0.648605
51888,7,0.120701,0.909175,15,0,1000.000,2.057797,0.627435
51936,0,0.117987,0.863238,17,0,1000.000,1.804711,0.630817
51936,1,0.128637,0.916214,27,0,1000.000,1.982225,0.652698
51936,2,0.128207,0.906636,24,0,1000.000,1.895547,0.626045
51936,3,0.122920,0.929240,28,0,1000.000,1.678238,0.650040
51936,4,0.113059,0.932522,16,0,1000.000,1.716876,0.636455
51936,5,0.133996,0.921390,28,0,1000.000,1.702210,0.620391
51936,6,0.134493,0.923165,25,0,1000.000,1.742684,0.641567
51936,7,0.120701,0.900380,26,0,1000.000,1.800113,0.642071
51984,0,0.117987,0.937290,21,0,1000.000,1.450163,0.663973
51984,1,0.128637,0.910588,34,0,1000.000,1.972093,0.639766
51984,2,0.128207,0.886214,22,1,956.545,1.722989,0.634875
51984,3,0.122920,0.926235,32,0,1000.000,1.694069,0.638403
51984,4,0.113059,0.920695,22,0,1000.000,1.821295,0.640598
51984,5,0.133996,0.937509,29,0,1000.000,1.629601,0.657896
51984,6,0.134493,0.912642,26,0,1000.000,1.829462,0.636787
51984,7,0.120701,0.902296,18,0,1000.000,2.005189,0.633617
52032,0,0.117987,0.908620,24,0,1000.000,2.104296,0.628588
52032,1,0.128637,0.943009,20,0,1000.000,1.597892,0.653907
52032,2,0.128207,0.920274,22,0,1000.000,1.652360,0.631139
52032,3,0.122920,0.900369,28,0,1000.000,2.012426,0.618111
52032,4,0.113059,0.943846,17,0,1000.000,1.235790,0.647332
52032,5,0.133996,0.906821,32,0,1000.000,1.938540,0.636315
52032,6,0.134493,0.899168,32,0,1000.000,2.132013,0.623317
52032,7,0.120701,0.918395,31,0,1000.000,1.924172,0.634717
52080,0,0.117987,0.922907,23,0,1000.000,1.942485,0.649837
52080,1,0.128637,0.929035,35,0,1000.000,1.652403,0.645802
52080,2,0.128207,0.898855,34,0,1000.000,1.896232,0.631030
52080,3,0.122920,0.923643,26,0,1000.000,1.733328,0.625458
52080,4,0.113059,0.895198,22,0,1000.000,2.008457,0.629715
52080,5,0.133996,0.904123,31,0,1000.000,1.785153,0.636604
52080,6,0.134493,0.904746,31,0,1000.000,2.052947,0.638853
52080,7,0.120701,0.904072,37,0,1000.000,1.986834,0.636252
52128,0,0.117987,0.907748,31,1,983.710,1.616159,0.632513
52128,1,0.128637,0.923681,26,0,1000.000,1.804272,0.636127
52128,2,0.128207,0.918364,31,0,1000.000,1.759218,0.639413
52128,3,0.122920,0.903214,23,0,1000.000,1.936715,0.630555
52128,4,0.113059,0.912397,27,0,1000.000,1.893659,0.629801
52128,5,0.133996,0.863551,27,0,1000.000,2.386628,0.608239
52128,6,0.134493,0.887684,30,0,1000.000,1.798593,0.622819
52128,7,0.120701,0.882339,22,0,1000.000,1.878870,0.632919
52176,0,0.117987,0.897435,26,0,1000.000,1.774531,0.618873
52176,1,0.128637,0.887730,31,0,1000.000,2.137942,0.612141
52176,2,0.128207,0.898729,23,0,1000.000,1.931268,0.620033
52176,3,0.122920,0.926906,19,0,1000.000,1.530985,0.645388
52176,4,0.113059,0.891703,18,0,1000.000,1.903878,0.619516
52176,5,0.133996,0.942178,16,0,1000.000,1.646551,0.655443
52176,6,0.134493,0.880269,28,0,1000.000,1.774327,0.632400
52176,7,0.120701,0.899641,17,0,1000.000,1.876475,0.627754
52224,0,0.117987,0.895173,20,0,1000.000,2.064991,0.637903
52224,1,0.128637,0.899477,21,0,1000.000,1.909814,0.633697
52224,2,0.128207,0.933452,26,0,1000.000,1.548622,0.632823
52224,3,0.122920,0.911548,19,0,1000.000,2.127676,0.624161
52224,4,0.113059,0.911795,16,0,1000.000,1.677850,0.632685
52224,5,0.133996,0.892119,20,0,1000.000,2.012420,0.599827
52224,6,0.134493,0.856257,21,0,1000.000,2.544554,0.610514
52224,7,0.120701,0.882142,12,0,1000.000,1.961525,0.610122
52272,0,0.117987,0.877928,13,0,1000.000,2.079446,0.632910
52272,1,0.128637,0.896187,15,0,1000.000,1.986109,0.635606
52272,2,0.128207,0.941154,23,0,1000.000,1.660569,0.647011
52272,3,0.122920,0.930111,18,0,1000.000,2.049657,0.629575
52272,4,0.113059,0.879206,16,0,1000.000,2.220728,0.619735
52272,5,0.133996,0.927615,19,0,1000.000,2.068493,0.638163
52272,6,0.134493,0.935740,20,0,1000.000,1.460055,0.645331
52272,7,0.120701,0.907716,19,0,1000.000,1.868764,0.637451
52320,0,0.117987,0.917561,13,0,1000.000,1.745466,0.645580
52320,1,0.128637,0.926795,17,0,1000.000,1.786894,0.651721
52320,2,0.128207,0.903837,29,0,1000.000,2.074044,0.634540
52320,3,0.122920,0.911708,27,0,1000.000,1.831396,0.640737
52320,4,0.113059,0.919065,22,0,1000.000,1.887335,0.622654
52320,5,0.133996,0.923043,26,0,1000.000,1.888022,0.657982
52320,6,0.134493,0.900645,27,0,1000.000,2.192830,0.619500
52320,7,0.120701,0.922225,17,0,1000.000,2.005773,0.625761
52368,0,0.117987,0.891820,22,0,1000.000,2.045275,0.630823
52368,1,0.128637,0.932066,20,0,1000.000,1.669294,0.634690
52368,2,0.128207,0.938938,11,0,1000.000,2.015426,0.629316
52368,3,0.122920,0.911086,20,0,1000.000,1.804679,0.626432
52368,4,0.113059,0.897026,18,0,1000.000,2.036372,0.637755
52368,5,0.133996,0.890830,26,0,1000.000,2.266284,0.614452
52368,6,0.134493,0.933647,25,0,1000.000,1.638745,0.647882
52368,7,0.120701,0.897564,29,0,1000.000,1.970701,0.631467
52416,0,0.117987,0.913997,14,0,1000.000,2.027410,0.653616
52416,1,0.128637,0.904666,27,0,1000.000,2.069018,0.626565
52416,2,0.128207,0.905154,23,0,1000.000,1.985307,0.644528
52416,3,0.122920,0.885516,27,0,1000.000,2.348330,0.626324
52416,4,0.113059,0.920168,9,0,1000.000,1.529158,0.632488
52416,5,0.133996,0.941001,18,0,1000.000,1.603043,0.636291
52416,6,0.134493,0.839326,25,1,961.480,1.957840,0.599848
52416,7,0.120701,0.910876,24,0,1000.000,2.226626,0.635205
52464,0,0.117987,0.885480,32,1,985.000,2.039243,0.628005
52464,1,0.128637,0.898096,28,0,1000.000,2.174017,0.627409
52464,2,0.128207,0.908784,18,0,1000.000,1.642745,0.655307
52464,3,0.122920,0.907609,21,0,1000.000,1.747044,0.659574
52464,4,0.113059,0.914253,21,0,1000.000,1.890910,0.642059
52464,5,0.133996,0.911986,23,0,1000.000,1.846933,0.638223
52464,6,0.134493,0.901408,41,0,1000.000,2.052025,0.635303
52464,7,0.120701,0.915533,26,0,1000.000,1.918430,0.640481
52512,0,0.117987,0.923828,24,1,967.708,1.806158,0.632559
52512,1,0.128637,0.916297,37,0,1000.000,1.965363,0.634196
52512,2,0.128207,0.909087,29,0,1000.000,1.891966,0.634197
52512,3,0.122920,0.917312,30,0,1000.000,1.769308,0.644449
52512,4,0.113059,0.933617,35,0,1000.000,1.800789,0.651188
52512,5,0.133996,0.906838,29,0,1000.000,2.113456,0.633112
52512,6,0.134493,0.889448,23,0,1000.000,2.136697,0.629026
52512,7,0.120701,0.924433,23,0,1000.000,1.720503,0.641215
52560,0,0.117987,0.915747,28,0,1000.000,1.821938,0.637798
52560,1,0.128637,0.890770,20,0,1000.000,2.078966,0.633095
52560,2,0.128207,0.930012,21,0,1000.000,1.460154,0.655491
52560,3,0.122920,0.934296,17,0,1000.000,1.565066,0.635330
52560,4,0.113059,0.920189,13,0,1000.000,1.682405,0.644456
52560,5,0.133996,0.916499,31,0,1000.000,1.785906,0.660414
52560,6,0.134493,0.896608,28,0,1000.000,2.124952,0.635009
52560,7,0.120701,0.938708,24,0,1000.000,1.636770,0.657023
52608,0,0.117987,0.921930,34,0,1000.000,1.563159,0.646660
52608,1,0.128637,0.903366,16,0,1000.000,1.870747,0.643596
52608,2,0.128207,0.907072,23,0,1000.000,1.803908,0.629892
52608,3,0.122920,0.888900,26,0,1000.000,2.103317,0.632646
52608,4,0.113059,0.886192,19,0,1000.000,2.217749,0.628259
52608,5,0.133996,0.922028,38,0,1000.000,1.921137,0.641491
52608,6,0.134493,0.929912,32,0,1000.000,1.938621,0.648638
52608,7,0.120701,0.923242,26,0,1000.000,1.887832,0.630479
52656,0,0.117987,0.881795,23,0,1000.000,2.034219,0.619349
52656,1,0.128637,0.948415,25,0,1000.000,1.405210,0.652616
52656,2,0.128207,0.928589,31,0,1000.000,1.960420,0.645031
52656,3,0.122920,0.914172,33,0,1000.000,1.867698,0.641561
52656,4,0.113059,0.915938,23,0,1000.000,1.786277,0.642473
52656,5,0.133996,0.921024,36,0,1000.000,1.854961,0.637411
52656,6,0.134493,0.922276,37,0,1000.000,1.856490,0.653317
52656,7,0.120701,0.903662,30,1,969.733,1.389322,0.643203
52704,0,0.117987,0.913958,28,0,1000.000,2.024894,0.636723
52704,1,0.128637,0.915836,20,0,1000.000,1.930991,0.650588
52704,2,0.128207,0.915664,30,0,1000.000,1.797275,0.648787
52704,3,0.122920,0.936993,34,0,1000.000,1.663220,0.658691
52704,4,0.113059,0.917626,34,0,1000.000,1.832049,0.635229
52704,5,0.133996,0.932524,30,0,1000.000,1.641227,0.654084
52704,6,0.134493,0.919468,36,0,1000.000,1.948872,0.646380
52704,7,0.120701,0.904596,44,0,1000.000,1.858549,0.631739
52752,0,0.117987,0.902716,36,0,1000.000,1.942674,0.640235
52752,1,0.128637,0.915421,31,0,1000.000,1.846998,0.635247
52752,2,0.128207,0.920014,21,0,1000.000,1.996383,0.635536
52752,3,0.122920,0.923748,27,0,1000.000,1.827253,0.648375
52752,4,0.113059,0.895849,23,0,1000.000,2.247319,0.626159
52752,5,0.133996,0.918247,28,0,1000.000,2.084882,0.636927
52752,6,0.134493,0.924601,23,0,1000.000,1.786412,0.646524
52752,7,0.120701,0.923684,22,0,1000.000,1.822333,0.632579
52848,0,0.117987,0.919643,48,0,1000.000,1.838987,0.638259
52848,1,0.128637,0.923289,32,0,1000.000,1.591110,0.647781
52848,2,0.128207,0.904842,60,0,1000.000,1.833504,0.631166
52848,3,0.122920,0.895521,39,0,1000.000,2.220567,0.626528
52848,4,0.113059,0.901901,57,0,1000.000,1.922867,0.631431
52848,5,0.133996,0.924252,52,0,1000.000,1.821468,0.646624
52848,6,0.134493,0.907508,54,0,1000.000,1.881334,0.630277
52848,7,0.120701,0.922064,50,0,1000.000,1.767256,0.653105
52896,0,0.118808,0.863140,15,0,1000.000,2.252183,0.602660
52896,1,0.116250,0.867113,20,0,1000.000,2.325889,0.612764
52896,2,0.124773,0.907867,15,0,1000.000,1.751226,0.658389
52896,3,0.137005,0.903982,27,0,1000.000,1.788469,0.643293
52896,4,0.129914,0.887302,22,0,1000.000,2.222920,0.617042
52896,5,0.126689,0.916989,22,0,1000.000,1.951853,0.625368
52896,6,0.110847,0.895792,15,0,1000.000,1.998624,0.627976
52896,7,0.135715,0.909852,12,0,1000.000,2.241505,0.622088
52944,0,0.118808,0.940527,27,0,1000.000,1.513929,0.648421
52944,1,0.116250,0.896397,28,0,1000.000,1.988741,0.642258
52944,2,0.124773,0.927514,23,0,1000.000,1.548135,0.657918
52944,3,0.137005,0.901837,37,0,1000.000,1.835149,0.627431
52944,4,0.129914,0.916441,18,0,1000.000,1.780188,0.654783
52944,5,0.126689,0.890031,26,0,1000.000,1.929786,0.627871
52944,6,0.110847,0.932149,16,0,1000.000,1.891762,0.645986
52944,7,0.135715,0.932361,25,0,1000.000,1.776082,0.639363
52992,0,0.118808,0.892684,25,0,1000.000,2.037576,0.619664
52992,1,0.116250,0.918698,22,0,1000.000,2.005438,0.643341
52992,2,0.124773,0.929811,27,0,1000.000,1.649140,0.643735
52992,3,0.137005,0.899896,33,0,1000.000,1.752726,0.617410
52992,4,0.129914,0.907198,23,0,1000.000,1.870619,0.641718
52992,5,0.126689,0.913510,22,0,1000.000,1.922403,0.640691
52992,6,0.110847,0.877780,18,0,1000.000,2.486541,0.599192
52992,7,0.135715,0.927137,31,0,1000.000,1.625237,0.629789
53040,0,0.118808,0.889326,17,0,1000.000,1.844310,0.628390
53040,1,0.116250,0.894164,15,0,1000.000,2.021942,0.635448
53040,2,0.124773,0.913969,33,0,1000.000,1.847370,0.637682
53040,3,0.137005,0.922155,34,0,1000.000,1.745635,0.626152
53040,4,0.129914,0.917950,27,0,1000.000,1.952278,0.651160
53040,5,0.126689,0.900057,28,0,1000.000,2.063613,0.633604
53040,6,0.110847,0.894262,21,0,1000.000,1.839318,0.634838
53040,7,0.135715,0.899009,29,0,1000.000,2.015397,0.626726
53088,0,0.118808,0.867535,31,0,1000.000,2.078800,0.617458
53088,1,0.116250,0.890350,32,0,1000.000,1.826960,0.628302
53088,2,0.124773,0.880078,24,0,1000.000,1.945198,0.643736
53088,3,0.137005,0.899569,29,0,1000.000,1.740645,0.637761
53088,4,0.129914,0.863338,31,0,1000.000,2.253974,0.619289
53088,5,0.126689,0.917711,28,0,1000.000,1.660720,0.643249
53088,6,0.110847,0.878148,20,0,1000.000,2.099313,0.618688
53088,7,0.135715,0.912086,41,0,1000.000,1.840398,0.634202
53136,0,0.118808,0.879178,17,0,1000.000,1.989643,0.625314
53136,1,0.116250,0.892432,30,0,1000.000,1.947270,0.630914
53136,2,0.124773,0.894580,31,0,1000.000,1.965551,0.633478
53136,3,0.137005,0.910312,29,0,1000.000,1.905690,0.636643
53136,4,0.129914,0.890734,30,0,1000.000,1.826684,0.634449
53136,5,0.126689,0.916871,33,0,1000.000,1.580873,0.646439
53136,6,0.110847,0.904591,22,0,1000.000,2.080969,0.633788
53136,7,0.135715,0.912870,28,0,1000.000,1.698913,0.626076
53184,0,0.118808,0.904621,27,1,965.185,1.796238,0.625008
53184,1,0.116250,0.869736,16,0,1000.000,2.096749,0.624611
53184,2,0.124773,0.929687,18,0,1000.000,1.749773,0.638244
53184,3,0.137005,0.945471,22,0,1000.000,1.536623,0.648472
53184,4,0.129914,0.911329,12,0,1000.000,1.904683,0.647920
53184,5,0.126689,0.890484,24,0,1000.000,1.690884,0.637695
53184,6,0.110847,0.916010,24,0,1000.000,1.874586,0.624157
53184,7,0.135715,0.899866,22,0,1000.000,1.884698,0.629316
53232,0,0.118808,0.931266,23,1,972.348,1.401023,0.645202
53232,1,0.116250,0.938350,12,0,1000.000,1.426690,0.644174
53232,2,0.124773,0.882949,15,0,1000.000,1.803164,0.631903
53232,3,0.137005,0.912369,26,0,1000.000,1.628704,0.637226
53232,4,0.129914,0.886739,17,0,1000.000,2.085752,0.627296
53232,5,0.126689,0.886119,18,0,1000.000,2.067778,0.636993
53232,6,0.110847,0.899279,19,0,1000.000,1.862158,0.625790
53232,7,0.135715,0.876127,20,0,1000.000,2.198935,0.611771
53280,0,0.118808,0.921917,15,0,1000.000,1.890849,0.626735
53280,1,0.116250,0.879594,21,0,1000.000,2.001818,0.627496
53280,2,0.124773,0.914837,13,0,1000.000,1.809623,0.630373
53280,3,0.137005,0.901982,19,0,1000.000,1.862400,0.644289
53280,4,0.129914,0.901152,21,0,1000.000,1.753077,0.641370
53280,5,0.126689,0.860184,19,0,1000.000,2.078772,0.614261
53280,6,0.110847,0.906158,24,0,1000.000,1.768652,0.639433
53280,7,0.135715,0.911786,23,0,1000.000,1.846282,0.641473
53328,0,0.118808,0.912514,22,0,1000.000,1.899881,0.645555
53328,1,0.116250,0.913599,18,0,1000.000,1.590164,0.629999
53328,2,0.124773,0.915148,24,0,1000.000,1.883284,0.641649
53328,3,0.137005,0.928947,21,0,1000.000,1.787483,0.646926
53328,4,0.129914,0.916651,18,0,1000.000,1.847904,0.651483
53328,5,0.126689,0.894858,24,0,1000.000,2.124108,0.631379
53328,6,0.110847,0.868993,16,0,1000.000,2.355675,0.632525
53328,7,0.135715,0.914588,30,0,1000.000,1.721253,0.647436
53376,0,0.118808,0.926047,23,0,1000.000,1.759707,0.654645
53376,1,0.116250,0.888879,21,0,1000.000,2.140254,0.632775
53376,2,0.124773,0.881677,30,0,1000.000,2.057265,0.627590
53376,3,0.137005,0.902046,13,0,1000.000,2.083328,0.629574
53376,4,0.129914,0.915574,23,0,1000.000,1.762007,0.637940
53376,5,0.126689,0.934111,20,0,1000.000,1.541513,0.660680
53376,6,0.110847,0.906726,12,0,1000.000,1.882560,0.631278
53376,7,0.135715,0.907150,32,0,1000.000,1.867354,0.634916
53424,0,0.118808,0.912217,15,0,1000.000,1.834075,0.664241
53424,1,0.116250,0.937373,20,0,1000.000,1.697072,0.654179
53424,2,0.124773,0.896226,25,0,1000.000,1.785446,0.628258
53424,3,0.137005,0.905843,21,0,1000.000,1.708040,0.644220
53424,4,0.129914,0.916002,23,0,1000.000,1.795512,0.641032
53424,5,0.126689,0.896358,27,0,1000.000,1.940434,0.644355
53424,6,0.110847,0.926276,12,0,1000.000,1.576301,0.654256
53424,7,0.135715,0.880351,28,0,1000.000,1.836458,0.621915
53472,0,0.118808,0.906728,26,0,1000.000,1.882169,0.639984
53472,1,0.116250,0.919220,28,0,1000.000,1.758350,0.657601
53472,2,0.124773,0.921681,22,0,1000.000,1.658047,0.656641
53472,3,0.137005,0.919183,33,0,1000.000,1.835698,0.644620
53472,4,0.129914,0.907769,16,0,1000.000,1.685292,0.620868
53472,5,0.126689,0.910342,32,0,1000.000,1.928174,0.646554
53472,6,0.110847,0.897102,33,0,1000.000,1.980011,0.635733
53472,7,0.135715,0.898577,31,0,1000.000,2.158697,0.635082
53520,0,0.118808,0.901829,30,0,1000.000,1.818074,0.637870
53520,1,0.116250,0.885993,24,0,1000.000,1.880922,0.642484
53520,2,0.124773,0.905241,23,0,1000.000,1.687753,0.635976
53520,3,0.137005,0.920565,28,0,1000.000,1.808349,0.643388
53520,4,0.129914,0.917505,31,0,1000.000,1.800747,0.651029
53520,5,0.126689,0.895713,33,0,1000.000,1.877489,0.630583
53520,6,0.110847,0.918608,19,0,1000.000,1.770437,0.646628
53520,7,0.135715,0.911371,30,0,1000.000,1.990874,0.642913
53568,0,0.118808,0.912831,21,0,1000.000,1.946520,0.644365
53568,1,0.116250,0.911714,27,0,1000.000,1.542604,0.641843
53568,2,0.124773,0.889823,31,0,1000.000,1.891913,0.646240
53568,3,0.137005,0.882839,24,0,1000.000,2.079949,0.629452
53568,4,0.129914,0.897945,31,0,1000.000,1.946760,0.637843
53568,5,0.126689,0.898921,23,0,1000.000,1.891453,0.633331
53568,6,0.110847,0.902751,21,0,1000.000,1.954610,0.627575
53568,7,0.135715,0.945377,15,0,1000.000,1.564092,0.673482
53616,0,0.118808,0.893938,24,0,1000.000,2.141594,0.640575
53616,1,0.116250,0.919875,24,0,1000.000,1.716452,0.639843
53616,2,0.124773,0.883562,23,0,1000.000,1.875364,0.626351
53616,3,0.137005,0.917840,15,0,1000.000,1.805510,0.652227
53616,4,0.129914,0.914999,33,0,1000.000,1.782293,0.647292
53616,5,0.126689,0.923162,25,0,1000.000,2.010182,0.632044
53616,6,0.110847,0.881413,27,0,1000.000,2.408235,0.613851
53616,7,0.135715,0.853639,33,0,1000.000,2.272968,0.624443
53664,0,0.118808,0.879069,22,0,1000.000,2.196375,0.628479
53664,1,0.116250,0.917028,31,0,1000.000,1.741197,0.655044
53664,2,0.124773,0.927683,37,0,1000.000,1.747203,0.655595
53664,3,0.137005,0.921302,37,0,1000.000,1.708109,0.645937
53664,4,0.129914,0.869702,28,0,1000.000,2.077774,0.630381
53664,5,0.126689,0.911681,32,0,1000.000,1.963658,0.656519
53664,6,0.110847,0.930733,21,0,1000.000,1.660772,0.650662
53664,7,0.135715,0.910081,42,0,1000.000,1.623864,0.645628
53712,0,0.118808,0.899909,25,0,1000.000,1.967895,0.633626
53712,1,0.116250,0.895084,31,0,1000.000,1.859316,0.652104
53712,2,0.124773,0.906436,35,0,1000.000,1.904292,0.649183
53712,3,0.137005,0.889611,43,0,1000.000,2.004420,0.627302
53712,4,0.129914,0.888897,29,0,1000.000,2.142079,0.636454
53712,5,0.126689,0.921732,34,0,1000.000,1.934552,0.648422
53712,6,0.110847,0.928213,25,0,1000.000,1.448807,0.659063
53712,7,0.135715,0.920107,24,0,1000.000,1.855781,0.628622
53760,0,0.118808,0.933181,27,0,1000.000,1.622532,0.656020
53760,1,0.116250,0.907838,33,0,1000.000,1.863153,0.640883
53760,2,0.124773,0.904306,35,0,1000.000,1.832946,0.636758
53760,3,0.137005,0.937208,22,0,1000.000,1.634535,0.656747
53760,4,0.129914,0.914792,23,0,1000.000,1.822779,0.638798
53760,5,0.126689,0.913746,25,0,1000.000,1.835499,0.646855
53760,6,0.110847,0.928424,18,0,1000.000,1.995527,0.645278
53760,7,0.135715,0.931311,36,0,1000.000,1.604420,0.651111
53808,0,0.118808,0.909521,28,0,1000.000,2.046611,0.635258
53808,1,0.116250,0.910816,22,0,1000.000,1.603333,0.652938
53808,2,0.124773,0.927937,27,0,1000.000,1.819770,0.664151
53808,3,0.137005,0.921249,33,0,1000.000,1.932938,0.640662
53808,4,0.129914,0.914241,28,0,1000.000,1.834182,0.650431
53808,5,0.126689,0.916781,25,0,1000.000,1.762381,0.647036
53808,6,0.110847,0.924173,25,0,1000.000,1.695966,0.641908
53808,7,0.135715,0.937218,34,0,1000.000,1.486391,0.655331
53856,0,0.118808,0.881797,19,1,963.842,1.948042,0.630978
53856,1,0.116250,0.904454,13,0,1000.000,1.739459,0.640193
53856,2,0.124773,0.888212,16,0,1000.000,1.923573,0.606769
53856,3,0.137005,0.887785,27,0,1000.000,1.734198,0.650879
53856,4,0.129914,0.900178,15,0,1000.000,1.753333,0.627330
53856,5,0.126689,0.891261,22,0,1000.000,1.877975,0.635793
53856,6,0.110847,0.881707,17,0,1000.000,1.981543,0.637558
53856,7,0.135715,0.906662,18,0,1000.000,2.062430,0.626623
53904,0,0.118808,0.858058,13,0,1000.000,2.198318,0.619871
53904,1,0.116250,0.862156,21,0,1000.000,2.144456,0.612955
53904,2,0.124773,0.904248,22,0,1000.000,1.935569,0.644046
53904,3,0.137005,0.898716,21,0,1000.000,1.881365,0.644490
53904,4,0.129914,0.874564,14,0,1000.000,2.036534,0.644413
53904,5,0.126689,0.898907,22,0,1000.000,1.990213,0.636406
53904,6,0.110847,0.920958,15,0,1000.000,1.837060,0.642654
53904,7,0.135715,0.904120,26,0,1000.000,1.860210,0.633108
53952,0,0.118808,0.907975,24,0,1000.000,1.923174,0.656709
53952,1,0.116250,0.923064,25,0,1000.000,1.585382,0.645289
53952,2,0.124773,0.860308,22,0,1000.000,2.321899,0.606325
53952,3,0.137005,0.898717,33,0,1000.000,1.847159,0.632963
53952,4,0.129914,0.940982,24,0,1000.000,1.330398,0.666000
53952,5,0.126689,0.899490,34,0,1000.000,1.874509,0.637112
53952,6,0.110847,0.920631,18,0,1000.000,1.939505,0.638359
53952,7,0.135715,0.873896,26,0,1000.000,2.087010,0.640101
54000,0,0.118808,0.920144,28,0,1000.000,1.719285,0.649734
54000,1,0.116250,0.932977,12,0,1000.000,1.782885,0.644007
54000,2,0.124773,0.902376,24,0,1000.000,1.918726,0.625072
54000,3,0.137005,0.909934,29,0,1000.000,1.779240,0.646069
54000,4,0.129914,0.889413,31,0,1000.000,2.079092,0.632972
54000,5,0.126689,0.926484,23,0,1000.000,1.622049,0.662310
54000,6,0.110847,0.864707,18,0,1000.000,2.014247,0.632208
54000,7,0.135715,0.907368,26,0,1000.000,1.609689,0.646602
54096,0,0.118808,0.894896,37,1,989.108,1.834026,0.638240
54096,1,0.116250,0.915901,52,0,1000.000,1.711500,0.637813
54096,2,0.124773,0.913602,72,0,1000.000,1.756672,0.646889
54096,3,0.137005,0.918916,61,0,1000.000,1.717473,0.636642
54096,4,0.129914,0.902048,52,0,1000.000,1.993535,0.628611
54096,5,0.126689,0.910270,67,0,1000.000,1.813440,0.631865
54096,6,0.110847,0.919120,56,0,1000.000,1.754886,0.637175
54096,7,0.135715,0.915812,64,0,1000.000,1.741979,0.651601
54144,0,0.118808,0.900522,16,0,1000.000,1.967022,0.642624
54144,1,0.116250,0.903176,36,0,1000.000,1.973579,0.635238
54144,2,0.124773,0.871132,29,0,1000.000,2.277166,0.618428
54144,3,0.137005,0.902602,22,0,1000.000,1.865958,0.631082
54144,4,0.129914,0.914838,23,0,1000.000,1.791105,0.648081
54144,5,0.126689,0.920716,33,0,1000.000,1.512492,0.656414
54144,6,0.110847,0.892310,21,0,1000.000,1.977287,0.624833
54144,7,0.135715,0.914731,29,0,1000.000,1.737346,0.644715
54192,0,0.118808,0.893088,22,0,1000.000,1.952659,0.621283
54192,1,0.116250,0.880015,19,0,1000.000,1.992780,0.626198
54192,2,0.124773,0.902107,14,0,1000.000,1.883696,0.641701
54192,3,0.137005,0.902181,24,0,1000.000,2.080107,0.632611
54192,4,0.129914,0.871291,16,0,1000.000,2.128222,0.615471
54192,5,0.126689,0.941498,25,0,1000.000,1.444385,0.660038
54192,6,0.110847,0.912376,21,0,1000.000,1.902589,0.642980
54192,7,0.135715,0.939225,20,0,1000.000,1.432465,0.644299
54240,0,0.118808,0.928917,22,0,1000.000,1.609354,0.647824
54240,1,0.116250,0.918700,15,0,1000.000,1.841906,0.652796
54240,2,0.124773,0.908314,18,0,1000.000,1.814710,0.639981
54240,3,0.137005,0.911849,24,0,1000.000,1.803869,0.646450
54240,4,0.129914,0.898886,27,0,1000.000,1.731080,0.645647
54240,5,0.126689,0.893131,18,0,1000.000,2.016608,0.624232
54240,6,0.110847,0.898298,14,0,1000.000,2.117674,0.626300
54240,7,0.135715,0.948129,15,0,1000.000,1.366295,0.645984
54288,0,0.118808,0.923086,15,0,1000.000,1.801657,0.657686
54288,1,0.116250,0.899620,17,0,1000.000,1.898069,0.635807
54288,2,0.124773,0.903122,18,0,1000.000,1.784794,0.652892
54288,3,0.137005,0.907756,22,0,1000.000,1.890618,0.635991
54288,4,0.129914,0.875031,14,0,1000.000,2.211203,0.627194
54288,5,0.126689,0.897152,25,0,1000.000,2.013426,0.624189
54288,6,0.110847,0.921771,16,0,1000.000,1.795729,0.665054
54288,7,0.135715,0.885819,28,0,1000.000,1.934442,0.621335
54384,0,0.118808,0.890079,46,0,1000.000,1.982142,0.627042
54384,1,0.116250,0.912779,48,0,1000.000,2.020649,0.639088
54384,2,0.124773,0.919000,35,0,1000.000,1.743774,0.645433
54384,3,0.137005,0.934448,53,0,1000.000,1.419924,0.650180
54384,4,0.129914,0.896906,45,1,978.978,1.822785,0.645448
54384,5,0.126689,0.907636,46,0,1000.000,1.991477,0.643284
54384,6,0.110847,0.932247,32,0,1000.000,1.765122,0.663425
54384,7,0.135715,0.894812,39,0,1000.000,2.070196,0.640716
54432,0,0.118808,0.902225,26,0,1000.000,1.888624,0.645561
54432,1,0.116250,0.915567,19,0,1000.000,1.680786,0.654137
54432,2,0.124773,0.939797,21,0,1000.000,1.573608,0.661586
54432,3,0.137005,0.913508,19,0,1000.000,2.196902,0.643776
54432,4,0.129914,0.898961,19,0,1000.000,1.949117,0.633985
54432,5,0.126689,0.919631,28,0,1000.000,1.773845,0.644048
54432,6,0.110847,0.898162,22,0,1000.000,1.974684,0.633638
54432,7,0.135715,0.891557,22,0,1000.000,2.262255,0.639675
54480,0,0.118808,0.913557,34,0,1000.000,1.631029,0.664550
54480,1,0.116250,0.903006,23,0,1000.000,2.055948,0.645849
54480,2,0.124773,0.889518,26,0,1000.000,1.874828,0.631759
54480,3,0.137005,0.919327,35,0,1000.000,1.812254,0.645322
54480,4,0.129914,0.905508,34,0,1000.000,2.179467,0.644097
54480,5,0.126689,0.911253,30,0,1000.000,2.006022,0.644190
54480,6,0.110847,0.919645,19,0,1000.000,1.902905,0.634739
54480,7,0.135715,0.914610,26,0,1000.000,1.738953,0.655966
54528,0,0.118808,0.882461,22,0,1000.000,2.151043,0.634169
54528,1,0.116250,0.903494,26,0,1000.000,1.922697,0.639635
54528,2,0.124773,0.912692,31,0,1000.000,1.985548,0.642540
54528,3,0.137005,0.923473,28,0,1000.000,1.770574,0.653338
54528,4,0.129914,0.900439,22,0,1000.000,1.822120,0.630925
54528,5,0.126689,0.912208,24,0,1000.000,1.755668,0.649386
54528,6,0.110847,0.921428,23,0,1000.000,1.716279,0.651159
54528,7,0.135715,0.917829,32,0,1000.000,1.807806,0.641710
54576,0,0.118808,0.891769,22,0,1000.000,2.085958,0.620779
54576,1,0.116250,0.923299,14,0,1000.000,1.854850,0.653283
54576,2,0.124773,0.933560,22,0,1000.000,1.697672,0.657130
54576,3,0.137005,0.911734,26,0,1000.000,1.790411,0.652113
54576,4,0.129914,0.928498,26,0,1000.000,1.552781,0.647936
54576,5,0.126689,0.906806,28,0,1000.000,1.649393,0.638667
54576,6,0.110847,0.899134,25,0,1000.000,1.779055,0.636620
54576,7,0.135715,0.913927,27,0,1000.000,1.829319,0.639428
54624,0,0.118808,0.934708,21,0,1000.000,1.577331,0.638392
54624,1,0.116250,0.915739,24,0,1000.000,1.875657,0.644259
54624,2,0.124773,0.933185,37,0,1000.000,1.429513,0.656342
54624,3,0.137005,0.922910,34,0,1000.000,1.909859,0.650995
54624,4,0.129914,0.853961,28,0,1000.000,2.133076,0.623667
54624,5,0.126689,0.914270,27,0,1000.000,2.014456,0.644594
54624,6,0.110847,0.925661,23,0,1000.000,2.020485,0.653465
54624,7,0.135715,0.934275,29,0,1000.000,1.685300,0.653830
54672,0,0.118808,0.872801,20,0,1000.000,2.135805,0.629252
54672,1,0.116250,0.917674,23,0,1000.000,1.642932,0.634301
54672,2,0.124773,0.898174,33,0,1000.000,1.976526,0.637672
54672,3,0.137005,0.911322,34,0,1000.000,1.807320,0.638280
54672,4,0.129914,0.884340,35,0,1000.000,2.124632,0.626111
54672,5,0.126689,0.936388,29,0,1000.000,1.726809,0.655828
54672,6,0.110847,0.928658,31,0,1000.000,1.834190,0.665610
54672,7,0.135715,0.921852,33,0,1000.000,1.711780,0.642274
54720,0,0.118808,0.916960,28,0,1000.000,1.821304,0.633811
54720,1,0.116250,0.908056,22,0,1000.000,1.842647,0.642493
54720,2,0.124773,0.919472,30,0,1000.000,1.800500,0.660059
54720,3,0.137005,0.915107,41,0,1000.000,1.825709,0.655981
54720,4,0.129914,0.892726,32,0,1000.000,1.913628,0.628890
54720,5,0.126689,0.913920,21,0,1000.000,1.917358,0.644782
54720,6,0.110847,0.893810,34,0,1000.000,2.004560,0.635233
54720,7,0.135715,0.923366,44,0,1000.000,1.810447,0.656742
54768,0,0.118808,0.894393,24,0,1000.000,1.892244,0.630793
54768,1,0.116250,0.913377,35,0,1000.000,1.872042,0.626148
54768,2,0.124773,0.929092,25,0,1000.000,1.778376,0.650738
54768,3,0.137005,0.900666,31,0,1000.000,2.246653,0.628651
54768,4,0.129914,0.933051,28,0,1000.000,1.757511,0.660328
54768,5,0.126689,0.905947,30,0,1000.000,1.905069,0.654475
54768,6,0.110847,0.886026,27,0,1000.000,1.889158,0.633556
54768,7,0.135715,0.892358,27,0,1000.000,2.075764,0.620581
54816,0,0.118808,0.912334,32,0,1000.000,1.775418,0.644624
54816,1,0.116250,0.912672,26,0,1000.000,1.720720,0.639698
54816,2,0.124773,0.942971,27,0,1000.000,1.611054,0.669066
54816,3,0.137005,0.928446,24,0,1000.000,1.741839,0.646143
54816,4,0.129914,0.912436,22,0,1000.000,1.604945,0.642916
54816,5,0.126689,0.922221,26,0,1000.000,1.838297,0.645853
54816,6,0.110847,0.889410,16,0,1000.000,1.916173,0.646031
54816,7,0.135715,0.893155,31,1,970.742,1.714424,0.643669
54864,0,0.118808,0.904086,15,0,1000.000,1.793386,0.628459
54864,1,0.116250,0.873935,18,0,1000.000,1.942891,0.619688
54864,2,0.124773,0.881820,18,0,1000.000,1.868864,0.626762
54864,3,0.137005,0.874950,9,0,1000.000,2.033559,0.627869
54864,4,0.129914,0.865034,10,0,1000.000,2.296333,0.614308
54864,5,0.126689,0.923830,18,0,1000.000,1.687998,0.658053
54864,6,0.110847,0.907925,21,0,1000.000,1.778242,0.648057
54864,7,0.135715,0.890675,25,0,1000.000,1.704168,0.623988
54912,0,0.118808,0.888720,16,0,1000.000,1.754632,0.646902
54912,1,0.116250,0.900216,17,0,1000.000,2.001184,0.625715
54912,2,0.124773,0.887347,33,0,1000.000,2.139207,0.630135
54912,3,0.137005,0.864991,19,0,1000.000,2.118557,0.631281
54912,4,0.129914,0.907785,20,0,1000.000,2.091634,0.639390
54912,5,0.126689,0.860472,15,0,1000.000,2.180781,0.631949
54912,6,0.110847,0.883438,26,0,1000.000,1.883790,0.637737
54912,7,0.135715,0.887326,23,0,1000.000,1.890008,0.637811
54960,0,0.118808,0.911413,25,0,1000.000,1.956644,0.632406
54960,1,0.116250,0.903550,30,0,1000.000,2.021960,0.632753
54960,2,0.124773,0.898505,26,0,1000.000,1.846733,0.634149
54960,3,0.137005,0.895192,25,0,1000.000,2.106416,0.624900
54960,4,0.129914,0.900434,28,0,1000.000,2.193838,0.628864
54960,5,0.126689,0.922869,34,0,1000.000,1.740883,0.647957
54960,6,0.110847,0.910459,17,0,1000.000,2.068356,0.638472
54960,7,0.135715,0.921680,33,0,1000.000,1.581820,0.644461
55008,0,0.118808,0.914666,21,0,1000.000,1.828439,0.638031
55008,1,0.116250,0.876797,18,0,1000.000,2.371147,0.614246
55008,2,0.124773,0.892852,21,0,1000.000,2.109003,0.635244
55008,3,0.137005,0.899843,27,0,1000.000,2.011673,0.644216
55008,4,0.129914,0.934859,23,0,1000.000,1.770211,0.664014
55008,5,0.126689,0.884347,30,0,1000.000,2.169334,0.615513
55008,6,0.110847,0.915264,27,0,1000.000,1.864267,0.652579
55008,7,0.135715,0.923189,25,0,1000.000,1.756204,0.655584
55056,0,0.118808,0.921027,23,0,1000.000,1.575142,0.645041
55056,1,0.116250,0.930927,19,0,1000.000,1.699286,0.663493
55056,2,0.124773,0.897342,34,0,1000.000,1.905998,0.638510
55056,3,0.137005,0.922872,35,0,1000.000,1.623141,0.659218
55056,4,0.129914,0.934685,30,0,1000.000,1.612001,0.650401
55056,5,0.126689,0.918216,28,0,1000.000,1.920756,0.645749
55056,6,0.110847,0.913483,19,0,1000.000,1.842821,0.632866
55056,7,0.135715,0.908281,24,0,1000.000,1.750913,0.637178
55104,0,0.118808,0.921419,33,0,1000.000,1.781662,0.643373
55104,1,0.116250,0.893562,24,0,1000.000,2.035835,0.614282
55104,2,0.124773,0.922367,28,0,1000.000,1.693810,0.644986
55104,3,0.137005,0.919357,41,0,1000.000,1.815806,0.644231
55104,4,0.129914,0.905358,35,0,1000.000,1.888873,0.636282
55104,5,0.126689,0.922138,35,0,1000.000,1.761588,0.648464
55104,6,0.110847,0.935926,20,0,1000.000,1.593962,0.651693
55104,7,0.135715,0.893187,31,0,1000.000,1.947052,0.630237
55152,0,0.118808,0.885036,26,2,977.346,1.922998,0.616866
55152,1,0.116250,0.899078,25,0,1000.000,2.087143,0.632252
55152,2,0.124773,0.915598,31,0,1000.000,1.944108,0.635815
55152,3,0.137005,0.908388,18,0,1000.000,2.101429,0.631420
55152,4,0.129914,0.877715,23,0,1000.000,2.015640,0.603738
55152,5,0.126689,0.916560,27,0,1000.000,1.910960,0.642043
55152,6,0.110847,0.922551,24,0,1000.000,1.608836,0.654653
55152,7,0.135715,0.904389,25,0,1000.000,2.100057,0.638845
55200,0,0.118808,0.931086,19,0,1000.000,1.965478,0.651186
55200,1,0.116250,0.907505,15,0,1000.000,1.602280,0.625429
55200,2,0.124773,0.890461,23,0,1000.000,1.989773,0.630872
55200,3,0.137005,0.904496,28,0,1000.000,1.823438,0.642457
55200,4,0.129914,0.910532,23,0,1000.000,1.785890,0.635775
55200,5,0.126689,0.948026,16,0,1000.000,1.439728,0.651731
55200,6,0.110847,0.901246,18,0,1000.000,1.867625,0.633500
55200,7,0.135715,0.896445,18,0,1000.000,1.903957,0.631119
55248,0,0.118808,0.913003,21,0,1000.000,1.898081,0.648539
55248,1,0.116250,0.890000,22,0,1000.000,2.126975,0.624708
55248,2,0.124773,0.909189,22,0,1000.000,1.832680,0.627402
55248,3,0.137005,0.940909,19,0,1000.000,1.666651,0.679455
55248,4,0.129914,0.912291,18,0,1000.000,1.598240,0.630362
55248,5,0.126689,0.919550,7,0,1000.000,1.844448,0.618000
55248,6,0.110847,0.943372,11,0,1000.000,1.752210,0.654281
55248,7,0.135715,0.911902,22,0,1000.000,1.865988,0.635425
55296,0,0.132371,0.918188,21,1,961.952,1.752252,0.639271
55296,1,0.120634,0.896307,14,0,1000.000,1.921472,0.637906
55296,2,0.116504,0.899134,23,0,1000.000,2.017491,0.636477
55296,3,0.121381,0.888036,28,0,1000.000,2.065608,0.615393
55296,4,0.120490,0.915141,22,0,1000.000,1.698835,0.637418
55296,5,0.125933,0.918908,24,0,1000.000,1.896771,0.650348
55296,6,0.137741,0.919783,26,0,1000.000,1.534368,0.634484
55296,7,0.124945,0.903063,17,0,1000.000,1.899290,0.639089
55392,0,0.132371,0.908231,57,1,987.982,1.682304,0.642133
55392,1,0.120634,0.895666,40,0,1000.000,1.881124,0.635590
55392,2,0.116504,0.927453,41,0,1000.000,1.649338,0.646973
55392,3,0.121381,0.908219,49,0,1000.000,1.807436,0.636752
55392,4,0.120490,0.887121,32,0,1000.000,2.015193,0.644845
55392,5,0.125933,0.931499,28,0,1000.000,1.635934,0.638213
55392,6,0.137741,0.917452,51,0,1000.000,1.936556,0.649922
55392,7,0.124945,0.910223,35,0,1000.000,2.093537,0.647194
55440,0,0.132371,0.892071,24,0,1000.000,2.320321,0.618383
55440,1,0.120634,0.895830,25,0,1000.000,2.028875,0.637066
55440,2,0.116504,0.912978,21,0,1000.000,1.886811,0.640655
55440,3,0.121381,0.891544,22,0,1000.000,2.017217,0.643062
55440,4,0.120490,0.927516,19,0,1000.000,1.474697,0.645097
55440,5,0.125933,0.942782,20,0,1000.000,1.714115,0.657639
55440,6,0.137741,0.909416,32,0,1000.000,1.716860,0.636048
55440,7,0.124945,0.872145,19,0,1000.000,1.994788,0.623104
55488,0,0.132371,0.881554,20,0,1000.000,2.149813,0.613610
55488,1,0.120634,0.914143,29,0,1000.000,1.775380,0.655438
55488,2,0.116504,0.926556,27,0,1000.000,1.867816,0.648740
55488,3,0.121381,0.914773,34,0,1000.000,1.933187,0.640331
55488,4,0.120490,0.917901,18,0,1000.000,1.836717,0.627662
55488,5,0.125933,0.918526,32,0,1000.000,2.101908,0.650169
55488,6,0.137741,0.932444,42,0,1000.000,1.565609,0.641423
55488,7,0.124945,0.913016,29,0,1000.000,1.979187,0.636492
55536,0,0.132371,0.925619,27,0,1000.000,1.435108,0.638450
55536,1,0.120634,0.895632,17,0,1000.000,1.947314,0.616170
55536,2,0.116504,0.926993,24,0,1000.000,1.571545,0.648618
55536,3,0.121381,0.927630,30,0,1000.000,1.675005,0.654211
55536,4,0.120490,0.952453,27,0,1000.000,1.291909,0.667877
55536,5,0.125933,0.925607,27,0,1000.000,1.844886,0.643886
55536,6,0.137741,0.883543,23,0,1000.000,2.201977,0.621673
55536,7,0.124945,0.893535,30,0,1000.000,2.185421,0.629052
55584,0,0.132371,0.891285,31,0,1000.000,2.112720,0.628640
55584,1,0.120634,0.900089,22,0,1000.000,1.804500,0.629378
55584,2,0.116504,0.901783,24,0,1000.000,1.858617,0.621618
55584,3,0.121381,0.888666,26,0,1000.000,1.969878,0.615562
55584,4,0.120490,0.900973,23,0,1000.000,1.782662,0.643635
55584,5,0.125933,0.917512,22,0,1000.000,1.567377,0.634911
55584,6,0.137741,0.901478,22,0,1000.000,2.084842,0.621264
55584,7,0.124945,0.876425,23,0,1000.000,2.165599,0.613024
55632,0,0.132371,0.903903,27,0,1000.000,2.129686,0.632193
55632,1,0.120634,0.920187,32,0,1000.000,1.822901,0.651141
55632,2,0.116504,0.933103,17,0,1000.000,1.715435,0.615868
55632,3,0.121381,0.920165,30,0,1000.000,1.890352,0.647729
55632,4,0.120490,0.896607,28,0,1000.000,2.055138,0.635393
55632,5,0.125933,0.920486,34,0,1000.000,1.832970,0.638228
55632,6,0.137741,0.897026,33,0,1000.000,2.034603,0.634969
55632,7,0.124945,0.928418,29,0,1000.000,1.743185,0.634223
55680,0,0.132371,0.906075,43,0,1000.000,1.752730,0.632298
55680,1,0.120634,0.918179,35,0,1000.000,1.659558,0.649070
55680,2,0.116504,0.918360,31,0,1000.000,1.907232,0.639883
55680,3,0.121381,0.891669,35,0,1000.000,2.360503,0.628308
55680,4,0.120490,0.901202,27,0,1000.000,1.980272,0.628973
55680,5,0.125933,0.915763,26,0,1000.000,1.790809,0.642941
55680,6,0.137741,0.919175,31,0,1000.000,1.853548,0.642061
55680,7,0.124945,0.929611,18,0,1000.000,1.549036,0.632853
55728,0,0.132371,0.895529,33,0,1000.000,1.927802,0.631307
55728,1,0.120634,0.887329,27,0,1000.000,2.159733,0.617501
55728,2,0.116504,0.910584,24,0,1000.000,2.019288,0.639758
55728,3,0.121381,0.910873,24,0,1000.000,1.680495,0.649065
55728,4,0.120490,0.924680,29,0,1000.000,1.752062,0.640242
55728,5,0.125933,0.917976,39,0,1000.000,1.932629,0.645432
55728,6,0.137741,0.915241,29,0,1000.000,1.823779,0.628354
55728,7,0.124945,0.930710,20,0,1000.000,1.799260,0.657727
55776,0,0.132371,0.916146,36,0,1000.000,1.981131,0.641545
55776,1,0.120634,0.917046,26,0,1000.000,1.903268,0.641407
55776,2,0.116504,0.890382,24,0,1000.000,2.047866,0.643594
55776,3,0.121381,0.910378,34,0,1000.000,2.043138,0.645413
55776,4,0.120490,0.882975,25,0,1000.000,2.213742,0.618257
55776,5,0.125933,0.908953,29,0,1000.000,1.820870,0.635336
55776,6,0.137741,0.908428,36,0,1000.000,1.973183,0.638562
55776,7,0.124945,0.913868,24,0,1000.000,2.025488,0.638371
55872,0,0.132371,0.891002,43,0,1000.000,2.186590,0.620794
55872,1,0.120634,0.892447,49,0,1000.000,2.025612,0.626090
55872,2,0.116504,0.912812,43,0,1000.000,1.826804,0.637753
55872,3,0.121381,0.925810,35,0,1000.000,1.609604,0.644578
55872,4,0.120490,0.887290,41,0,1000.000,2.032007,0.621139
55872,5,0.125933,0.908644,37,0,1000.000,1.844442,0.636235
55872,6,0.137741,0.930255,42,0,1000.000,1.665084,0.636376
55872,7,0.124945,0.907041,41,0,1000.000,2.048579,0.639564
55920,0,0.132371,0.912654,17,1,951.882,1.638283,0.625354
55920,1,0.120634,0.912608,22,1,997.000,1.730201,0.627712
55920,2,0.116504,0.869011,23,0,1000.000,2.225000,0.614796
55920,3,0.121381,0.847083,30,1,968.600,2.241125,0.601339
55920,4,0.120490,0.872527,22,0,1000.000,2.268411,0.619455
55920,5,0.125933,0.904836,20,0,1000.000,2.283073,0.633699
55920,6,0.137741,0.921515,22,0,1000.000,1.960844,0.632224
55920,7,0.124945,0.875984,24,1,961.250,1.800040,0.613927
55968,0,0.132371,0.936149,21,0,1000.000,1.810633,0.656377
55968,1,0.120634,0.920593,16,0,1000.000,1.903686,0.645188
55968,2,0.116504,0.915544,28,0,1000.000,1.668779,0.640883
55968,3,0.121381,0.899061,36,0,1000.000,2.041839,0.623915
55968,4,0.120490,0.943682,16,0,1000.000,1.772659,0.659994
55968,5,0.125933,0.926024,32,0,1000.000,1.774635,0.641649
55968,6,0.137741,0.916564,32,0,1000.000,1.727425,0.633913
55968,7,0.124945,0.911079,31,0,1000.000,1.947869,0.629624
56016,0,0.132371,0.869530,19,0,1000.000,1.899974,0.630537
56016,1,0.120634,0.887890,28,0,1000.000,2.137136,0.626044
56016,2,0.116504,0.944808,26,0,1000.000,1.517952,0.641886
56016,3,0.121381,0.947918,23,0,1000.000,1.533523,0.660241
56016,4,0.120490,0.883724,26,0,1000.000,2.083245,0.622577
56016,5,0.125933,0.899741,36,0,1000.000,1.981756,0.638405
56016,6,0.137741,0.940365,21,0,1000.000,1.805511,0.630151
56016,7,0.124945,0.921083,25,0,1000.000,1.750628,0.633521
56064,0,0.132371,0.909065,31,1,997.613,1.921311,0.634100
56064,1,0.120634,0.911816,23,0,1000.000,1.841484,0.626250
56064,2,0.116504,0.894771,28,0,1000.000,2.008595,0.610695
56064,3,0.121381,0.925122,24,0,1000.000,1.740804,0.644976
56064,4,0.120490,0.919565,24,0,1000.000,1.826738,0.646108
56064,5,0.125933,0.917324,24,0,1000.000,1.889502,0.617770
56064,6,0.137741,0.895450,23,0,1000.000,1.776870,0.628447
56064,7,0.124945,0.925843,26,0,1000.000,1.931128,0.642116
56112,0,0.132371,0.900388,30,0,1000.000,2.118447,0.619978
56112,1,0.120634,0.916158,28,0,1000.000,1.853046,0.643047
56112,2,0.116504,0.909361,32,0,1000.000,2.024287,0.626255
56112,3,0.121381,0.929051,34,0,1000.000,1.642396,0.645935
56112,4,0.120490,0.878127,23,1,958.478,1.761753,0.622071
56112,5,0.125933,0.878283,35,0,1000.000,2.161273,0.617071
56112,6,0.137741,0.925938,30,0,1000.000,1.638511,0.644219
56112,7,0.124945,0.895521,37,0,1000.000,2.042054,0.623279
56160,0,0.132371,0.899240,23,0,1000.000,1.646558,0.627291
56160,1,0.120634,0.932326,20,0,1000.000,1.574382,0.626394
56160,2,0.116504,0.907863,18,0,1000.000,1.850107,0.633461
56160,3,0.121381,0.940858,19,0,1000.000,1.659335,0.635614
56160,4,0.120490,0.896186,21,0,1000.000,2.152165,0.607403
56160,5,0.125933,0.924207,29,0,1000.000,1.788184,0.629853
56160,6,0.137741,0.905396,33,0,1000.000,1.869038,0.624104
56160,7,0.124945,0.891902,30,0,1000.000,2.062198,0.625203
56208,0,0.132371,0.911182,26,0,1000.000,1.775596,0.635729
56208,1,0.120634,0.945174,13,0,1000.000,1.541851,0.648088
56208,2,0.116504,0.910030,16,0,1000.000,1.740196,0.639418
56208,3,0.121381,0.890844,25,0,1000.000,2.044784,0.625380
56208,4,0.120490,0.937035,19,0,1000.000,1.582252,0.655414
56208,5,0.125933,0.909674,16,0,1000.000,1.778259,0.617327
56208,6,0.137741,0.865882,18,0,1000.000,2.139513,0.617903
56208,7,0.124945,0.890075,17,0,1000.000,1.965084,0.627439
56256,0,0.132371,0.912144,21,0,1000.000,1.853015,0.633744
56256,1,0.120634,0.895650,12,0,1000.000,2.203244,0.629348
56256,2,0.116504,0.868995,14,0,1000.000,2.142598,0.610512
56256,3,0.121381,0.925818,16,0,1000.000,2.004283,0.636448
56256,4,0.120490,0.910899,31,0,1000.000,1.704396,0.632576
56256,5,0.125933,0.907361,17,0,1000.000,2.255930,0.625415
56256,6,0.137741,0.895746,17,0,1000.000,2.107735,0.629684
56256,7,0.124945,0.872462,21,0,1000.000,2.261698,0.609519
56352,0,0.132371,0.896085,40,0,1000.000,2.075306,0.624601
56352,1,0.120634,0.891120,34,0,1000.000,2.097445,0.617638
56352,2,0.116504,0.909187,43,0,1000.000,1.904421,0.638088
56352,3,0.121381,0.919656,38,0,1000.000,1.834880,0.641164
56352,4,0.120490,0.918788,46,0,1000.000,1.922640,0.634432
56352,5,0.125933,0.917654,48,0,1000.000,1.995854,0.635112
56352,6,0.137741,0.918033,52,0,1000.000,2.089900,0.638277
56352,7,0.124945,0.904719,37,1,974.378,1.659125,0.638466
56400,0,0.132371,0.913597,22,1,966.682,2.032788,0.627898
56400,1,0.120634,0.875201,28,0,1000.000,2.184280,0.625424
56400,2,0.116504,0.915236,25,0,1000.000,1.767405,0.625316
56400,3,0.121381,0.915343,14,0,1000.000,1.883034,0.647214
56400,4,0.120490,0.897133,16,0,1000.000,1.671404,0.635544
56400,5,0.125933,0.908076,17,0,1000.000,1.931598,0.647370
56400,6,0.137741,0.895543,32,0,1000.000,2.256235,0.610528
56400,7,0.124945,0.923370,21,0,1000.000,1.896398,0.645113
56448,0,0.132371,0.922440,19,0,1000.000,1.861698,0.625381
56448,1,0.120634,0.894369,19,0,1000.000,1.711322,0.629438
56448,2,0.116504,0.900180,14,0,1000.000,2.223510,0.639183
56448,3,0.121381,0.926938,28,0,1000.000,1.855118,0.646714
56448,4,0.120490,0.924625,17,0,1000.000,1.753978,0.631689
56448,5,0.125933,0.924722,34,0,1000.000,1.784704,0.639961
56448,6,0.137741,0.884437,31,0,1000.000,2.283991,0.621272
56448,7,0.124945,0.928053,26,0,1000.000,1.552743,0.642439
56496,0,0.132371,0.903991,33,0,1000.000,1.897978,0.636781
56496,1,0.120634,0.909875,26,0,1000.000,1.680637,0.638648
56496,2,0.116504,0.926960,29,0,1000.000,1.694175,0.640850
56496,3,0.121381,0.909771,32,0,1000.000,2.006948,0.612789
56496,4,0.120490,0.936946,26,0,1000.000,1.698719,0.644928
56496,5,0.125933,0.913487,24,0,1000.000,1.958124,0.643358
56496,6,0.137741,0.913691,37,0,1000.000,1.913961,0.623251
56496,7,0.124945,0.915488,30,0,1000.000,2.008133,0.623236
56544,0,0.132371,0.922367,32,0,1000.000,1.782084,0.653940
56544,1,0.120634,0.917597,20,0,1000.000,1.878758,0.632880
56544,2,0.116504,0.854026,16,0,1000.000,2.399844,0.599142
56544,3,0.121381,0.919056,29,0,1000.000,1.860811,0.624400
56544,4,0.120490,0.922233,20,0,1000.000,1.780866,0.624081
56544,5,0.125933,0.932554,23,0,1000.000,1.624926,0.657720
56544,6,0.137741,0.903510,33,0,1000.000,2.050443,0.626569
56544,7,0.124945,0.895981,15,0,1000.000,2.193403,0.626030
56592,0,0.132371,0.926393,17,0,1000.000,1.480524,0.629200
56592,1,0.120634,0.896071,21,0,1000.000,1.930176,0.614773
56592,2,0.116504,0.925732,24,0,1000.000,1.548738,0.632901
56592,3,0.121381,0.917727,25,0,1000.000,1.630154,0.631481
56592,4,0.120490,0.881511,28,0,1000.000,2.202935,0.620409
56592,5,0.125933,0.902639,28,0,1000.000,2.008743,0.633725
56592,6,0.137741,0.932222,29,0,1000.000,1.625619,0.640411
56592,7,0.124945,0.942371,28,0,1000.000,1.703139,0.646414
56640,0,0.132371,0.904227,30,0,1000.000,1.997489,0.633607
56640,1,0.120634,0.926745,31,0,1000.000,1.494269,0.642847
56640,2,0.116504,0.931047,26,0,1000.000,1.423756,0.638790
56640,3,0.121381,0.919638,36,0,1000.000,1.959263,0.640694
56640,4,0.120490,0.930601,24,0,1000.000,1.613961,0.655715
56640,5,0.125933,0.906667,33,0,1000.000,1.933533,0.637957
56640,6,0.137741,0.924073,30,0,1000.000,2.010603,0.637370
56640,7,0.124945,0.922496,29,0,1000.000,1.689960,0.641387
56688,0,0.132371,0.885209,32,0,1000.000,2.125872,0.627544
56688,1,0.120634,0.937896,27,0,1000.000,1.666390,0.639539
56688,2,0.116504,0.905568,29,0,1000.000,1.943495,0.627596
56688,3,0.121381,0.929865,35,0,1000.000,1.714191,0.643933
56688,4,0.120490,0.906329,33,0,1000.000,1.863157,0.628918
56688,5,0.125933,0.907735,30,0,1000.000,2.099749,0.634807
56688,6,0.137741,0.924387,34,0,1000.000,1.649524,0.647470
56688,7,0.124945,0.886400,30,0,1000.000,2.114691,0.626198
56736,0,0.132371,0.917165,31,0,1000.000,1.917616,0.635146
56736,1,0.120634,0.933800,28,0,1000.000,1.535762,0.644012
56736,2,0.116504,0.914531,25,0,1000.000,1.978411,0.632241
56736,3,0.121381,0.925480,24,0,1000.000,1.672645,0.640817
56736,4,0.120490,0.907940,23,0,1000.000,1.804059,0.627045
56736,5,0.125933,0.918371,37,0,1000.000,1.844070,0.636519
56736,6,0.137741,0.920788,37,0,1000.000,1.875962,0.642667
56736,7,0.124945,0.945967,16,0,1000.000,1.503386,0.660890
56784,0,0.132371,0.918972,32,0,1000.000,2.027628,0.629266
56784,1,0.120634,0.917555,31,0,1000.000,1.902130,0.636928
56784,2,0.116504,0.921278,28,0,1000.000,1.686532,0.637514
56784,3,0.121381,0.889959,30,0,1000.000,2.001644,0.634825
56784,4,0.120490,0.910720,21,0,1000.000,1.877955,0.631200
56784,5,0.125933,0.919781,30,0,1000.000,1.762660,0.650265
56784,6,0.137741,0.880129,27,1,964.889,1.646992,0.608649
56784,7,0.124945,0.912594,31,0,1000.000,1.926122,0.628801
56832,0,0.132371,0.920997,18,0,1000.000,1.769940,0.648190
56832,1,0.120634,0.912525,18,0,1000.000,1.885996,0.631519
56832,2,0.116504,0.893308,23,0,1000.000,2.058103,0.637642
56832,3,0.121381,0.902242,26,0,1000.000,1.973056,0.621606
56832,4,0.120490,0.919736,20,0,1000.000,1.654827,0.657441
56832,5,0.125933,0.894724,24,0,1000.000,1.940735,0.639412
56832,6,0.137741,0.927378,28,0,1000.000,1.677554,0.647673
56832,7,0.124945,0.895976,20,0,1000.000,2.068811,0.621069
56880,0,0.132371,0.937127,18,1,986.833,1.716055,0.635687
56880,1,0.120634,0.897191,19,0,1000.000,2.213244,0.624324
56880,2,0.116504,0.889558,15,0,1000.000,1.853348,0.640949
56880,3,0.121381,0.885822,13,0,1000.000,2.152404,0.607880
56880,4,0.120490,0.884527,20,0,1000.000,1.987015,0.626899
56880,5,0.125933,0.908910,18,0,1000.000,1.962007,0.630921
56880,6,0.137741,0.916872,21,0,1000.000,2.048723,0.629356
56880,7,0.124945,0.878801,20,0,1000.000,2.249471,0.606931
56928,0,0.132371,0.898158,36,0,1000.000,1.913424,0.626538
56928,1,0.120634,0.888879,20,0,1000.000,1.879930,0.642315
56928,2,0.116504,0.874836,24,0,1000.000,2.229000,0.615772
56928,3,0.121381,0.918346,23,0,1000.000,1.839863,0.644222
56928,4,0.120490,0.948903,22,0,1000.000,1.306350,0.666788
56928,5,0.125933,0.904436,15,0,1000.000,1.660667,0.624619
56928,6,0.137741,0.903136,28,0,1000.000,1.911628,0.629376
56928,7,0.124945,0.912771,21,0,1000.000,2.133854,0.645399
56976,0,0.132371,0.893753,29,0,1000.000,1.713589,0.636084
56976,1,0.120634,0.918595,33,0,1000.000,1.820167,0.638799
56976,2,0.116504,0.893274,19,0,1000.000,1.759548,0.623391
56976,3,0.121381,0.925880,22,0,1000.000,1.409003,0.628984
56976,4,0.120490,0.874319,30,0,1000.000,2.100155,0.621831
56976,5,0.125933,0.925558,26,0,1000.000,1.937709,0.650394
56976,6,0.137741,0.913952,25,0,1000.000,1.748548,0.637569
56976,7,0.124945,0.873629,26,0,1000.000,2.168836,0.627770
57024,0,0.132371,0.912575,19,0,1000.000,2.127269,0.631013
57024,1,0.120634,0.887235,23,0,1000.000,2.151750,0.618058
57024,2,0.116504,0.909954,21,0,1000.000,1.719430,0.628927
57024,3,0.121381,0.896927,28,0,1000.000,1.967906,0.640345
57024,4,0.120490,0.909246,29,0,1000.000,2.028212,0.622926
57024,5,0.125933,0.918875,24,0,1000.000,1.658566,0.639640
57024,6,0.137741,0.886686,30,0,1000.000,2.271378,0.613398
57024,7,0.124945,0.881804,34,0,1000.000,2.264187,0.623037
57072,0,0.132371,0.887846,34,2,965.559,1.918702,0.604622
57072,1,0.120634,0.899556,21,0,1000.000,1.881591,0.640994
57072,2,0.116504,0.904999,24,0,1000.000,2.158135,0.619910
57072,3,0.121381,0.919084,28,0,1000.000,2.092510,0.637771
57072,4,0.120490,0.884810,21,0,1000.000,1.973480,0.632110
57072,5,0.125933,0.912278,28,0,1000.000,1.840262,0.641550
57072,6,0.137741,0.920488,31,0,1000.000,2.123131,0.639062
57072,7,0.124945,0.915609,27,0,1000.000,1.844872,0.641888
57120,0,0.132371,0.894138,32,0,1000.000,2.070174,0.623644
57120,1,0.120634,0.866339,35,0,1000.000,2.095736,0.608987
57120,2,0.116504,0.916656,34,0,1000.000,1.692341,0.611406
57120,3,0.121381,0.895897,31,0,1000.000,2.050579,0.622653
57120,4,0.120490,0.926164,32,0,1000.000,1.781721,0.632515
57120,5,0.125933,0.906257,26,0,1000.000,1.791302,0.639603
57120,6,0.137741,0.923778,28,0,1000.000,1.792905,0.637805
57120,7,0.124945,0.907993,25,0,1000.000,2.060352,0.627638
57216,0,0.132371,0.912032,37,0,1000.000,1.925649,0.632387
57216,1,0.120634,0.928555,39,0,1000.000,1.704793,0.635220
57216,2,0.116504,0.930134,35,0,1000.000,1.764520,0.648277
57216,3,0.121381,0.885329,34,0,1000.000,1.975972,0.618239
57216,4,0.120490,0.898141,42,0,1000.000,1.990886,0.621571
57216,5,0.125933,0.903592,43,0,1000.000,1.924134,0.635084
57216,6,0.137741,0.907943,47,0,1000.000,1.819767,0.639687
57216,7,0.124945,0.913158,53,0,1000.000,1.706876,0.636188
57264,0,0.132371,0.924542,23,0,1000.000,2.032756,0.648616
57264,1,0.120634,0.867633,14,1,932.500,2.131122,0.600389
57264,2,0.116504,0.903000,27,0,1000.000,1.794396,0.636781
57264,3,0.121381,0.910905,11,0,1000.000,2.103589,0.636007
57264,4,0.120490,0.906520,16,0,1000.000,1.898953,0.642039
57264,5,0.125933,0.925468,20,0,1000.000,1.681967,0.623546
57264,6,0.137741,0.914198,20,0,1000.000,2.020525,0.635288
57264,7,0.124945,0.933521,15,0,1000.000,1.166168,0.632302
57312,0,0.132371,0.908912,23,0,1000.000,1.952569,0.639297
57312,1,0.120634,0.923636,23,0,1000.000,1.997733,0.637285
57312,2,0.116504,0.914277,30,0,1000.000,1.794568,0.638989
57312,3,0.121381,0.922755,21,0,1000.000,1.616858,0.632886
57312,4,0.120490,0.918825,19,0,1000.000,1.781919,0.643198
57312,5,0.125933,0.939934,19,0,1000.000,1.477957,0.647864
57312,6,0.137741,0.920100,28,0,1000.000,1.836473,0.631096
57312,7,0.124945,0.871638,15,0,1000.000,2.376792,0.620746
57360,0,0.132371,0.930907,27,1,991.148,1.658091,0.643331
57360,1,0.120634,0.865624,12,0,1000.000,2.350477,0.594903
57360,2,0.116504,0.919071,20,0,1000.000,1.816584,0.640567
57360,3,0.121381,0.920012,20,0,1000.000,1.799343,0.636816
57360,4,0.120490,0.886304,18,0,1000.000,2.272187,0.610875
57360,5,0.125933,0.937684,18,0,1000.000,1.826952,0.642350
57360,6,0.137741,0.922578,23,0,1000.000,1.720461,0.647092
57360,7,0.124945,0.915354,29,0,1000.000,1.890961,0.637046
57408,0,0.132371,0.879034,15,0,1000.000,2.307094,0.631926
57408,1,0.120634,0.915123,24,0,1000.000,1.897801,0.641708
57408,2,0.116504,0.891025,15,0,1000.000,1.920820,0.631237
57408,3,0.121381,0.929043,21,0,1000.000,1.766431,0.634997
57408,4,0.120490,0.902154,21,0,1000.000,2.021773,0.637665
57408,5,0.125933,0.898495,19,0,1000.000,1.816419,0.626660
57408,6,0.137741,0.917398,32,0,1000.000,1.865090,0.642926
57408,7,0.124945,0.886888,23,0,1000.000,2.288205,0.624874
57456,0,0.132371,0.921080,22,0,1000.000,1.657003,0.655414
57456,1,0.120634,0.926574,24,0,1000.000,1.712832,0.650373
57456,2,0.116504,0.885373,28,0,1000.000,2.047435,0.628946
57456,3,0.121381,0.915644,19,0,1000.000,1.820558,0.654381
57456,4,0.120490,0.903566,25,0,1000.000,1.985551,0.637091
57456,5,0.125933,0.899371,20,0,1000.000,1.905880,0.640537
57456,6,0.137741,0.921686,27,0,1000.000,1.887484,0.636466
57456,7,0.124945,0.896900,36,0,1000.000,2.008018,0.632722
57504,0,0.132371,0.922535,29,0,1000.000,1.801464,0.643129
57504,1,0.120634,0.911305,25,0,1000.000,1.586059,0.637415
57504,2,0.116504,0.904680,23,0,1000.000,2.147465,0.627003
57504,3,0.121381,0.921768,29,0,1000.000,1.733577,0.642086
57504,4,0.120490,0.893757,27,0,1000.000,2.181318,0.637644
57504,5,0.125933,0.898877,29,0,1000.000,1.975750,0.642381
57504,6,0.137741,0.902561,32,0,1000.000,2.041725,0.636839
57504,7,0.124945,0.915244,42,0,1000.000,1.850719,0.639227
57552,0,0.132371,0.906245,29,0,1000.000,1.921755,0.644433
57552,1,0.120634,0.933850,21,0,1000.000,1.389588,0.645578
57552,2,0.116504,0.927053,22,0,1000.000,1.504102,0.634249
57552,3,0.121381,0.892239,17,0,1000.000,2.099186,0.634918
57552,4,0.120490,0.868186,22,0,1000.000,2.105975,0.607859
57552,5,0.125933,0.923815,26,0,1000.000,1.801142,0.647946
57552,6,0.137741,0.918345,27,0,1000.000,1.644686,0.645742
57552,7,0.124945,0.926682,21,0,1000.000,1.811509,0.661310
57600,0,0.132371,0.907192,29,0,1000.000,1.883477,0.623935
57600,1,0.120634,0.934492,22,0,1000.000,1.639266,0.635599
57600,2,0.116504,0.929583,24,0,1000.000,1.558074,0.649595
57600,3,0.121381,0.892798,24,0,1000.000,1.960884,0.626746
57600,4,0.120490,0.918023,20,0,1000.000,2.039493,0.644131
57600,5,0.125933,0.902371,28,0,1000.000,1.638678,0.644289
57600,6,0.137741,0.884371,15,0,1000.000,1.982143,0.623446
57600,7,0.124945,0.921771,36,0,1000.000,1.827129,0.642607
57648,0,0.132371,0.899192,32,0,1000.000,2.042417,0.632209
57648,1,0.120634,0.920406,18,0,1000.000,1.659683,0.636463
57648,2,0.116504,0.930958,33,0,1000.000,1.511019,0.645948
57648,3,0.121381,0.881441,26,0,1000.000,2.055356,0.621585
57648,4,0.120490,0.915202,23,0,1000.000,1.913236,0.652012
57648,5,0.125933,0.902265,35,0,1000.000,2.058097,0.630173
57648,6,0.137741,0.904121,40,0,1000.000,1.998012,0.634440
57648,7,0.124945,0.921879,39,0,1000.000,1.718812,0.658104
57696,0,0.122459,0.866593,34,0,1000.000,2.349054,0.614406
57696,1,0.127098,0.921478,40,0,1000.000,1.634794,0.649884
57696,2,0.126013,0.922790,27,0,1000.000,1.722850,0.650543
57696,3,0.122016,0.925786,27,0,1000.000,1.587843,0.640683
57696,4,0.130575,0.921993,34,0,1000.000,1.964613,0.637810
57696,5,0.129539,0.921523,31,0,1000.000,1.723602,0.644672
57696,6,0.125056,0.919722,26,0,1000.000,1.825672,0.638118
57696,7,0.117243,0.934660,34,0,1000.000,2.002810,0.654105
57744,0,0.122459,0.920418,29,1,980.276,1.718711,0.629599
57744,1,0.127098,0.911761,34,0,1000.000,1.696326,0.635853
57744,2,0.126013,0.901802,27,0,1000.000,1.982645,0.635402
57744,3,0.122016,0.931245,29,0,1000.000,1.711160,0.659676
57744,4,0.130575,0.909197,21,0,1000.000,1.960987,0.642159
57744,5,0.129539,0.944635,20,0,1000.000,1.690688,0.658318
57744,6,0.125056,0.898338,28,0,1000.000,2.001943,0.632159
57744,7,0.117243,0.881006,22,0,1000.000,2.094459,0.625565
57792,0,0.122459,0.889528,38,0,1000.000,2.082201,0.636764
57792,1,0.127098,0.933326,26,0,1000.000,1.492851,0.652537
57792,2,0.126013,0.906786,25,0,1000.000,1.869748,0.640359
57792,3,0.122016,0.922024,21,0,1000.000,1.689337,0.620881
57792,4,0.130575,0.886783,31,0,1000.000,2.302706,0.617081
57792,5,0.129539,0.909265,41,0,1000.000,1.948032,0.633142
57792,6,0.125056,0.922875,31,0,1000.000,1.857862,0.646544
57792,7,0.117243,0.924073,22,0,1000.000,1.572695,0.639199
57840,0,0.122459,0.934888,16,0,1000.000,1.673807,0.635629
57840,1,0.127098,0.913427,22,0,1000.000,1.919502,0.641702
57840,2,0.126013,0.922213,19,0,1000.000,1.636759,0.633408
57840,3,0.122016,0.907930,26,0,1000.000,1.858585,0.639849
57840,4,0.130575,0.918173,15,0,1000.000,1.628705,0.644595
57840,5,0.129539,0.898842,26,0,1000.000,2.053754,0.627300
57840,6,0.125056,0.934351,20,0,1000.000,1.520830,0.632814
57840,7,0.117243,0.890864,19,0,1000.000,1.769891,0.625046
57888,0,0.122459,0.922930,20,0,1000.000,1.514457,0.637230
57888,1,0.127098,0.926227,16,0,1000.000,1.446393,0.622782
57888,2,0.126013,0.869292,11,0,1000.000,2.417547,0.612767
57888,3,0.122016,0.911259,22,0,1000.000,1.913350,0.646028
57888,4,0.130575,0.925899,18,0,1000.000,1.659087,0.643001
57888,5,0.129539,0.877168,24,0,1000.000,2.108953,0.614818
57888,6,0.125056,0.908741,25,0,1000.000,1.831328,0.645488
57888,7,0.117243,0.928452,16,0,1000.000,1.655184,0.647694
57936,0,0.122459,0.935639,34,1,983.853,1.427712,0.645467
57936,1,0.127098,0.903052,19,0,1000.000,1.524608,0.647641
57936,2,0.126013,0.903645,31,0,1000.000,1.955274,0.636990
57936,3,0.122016,0.892094,20,0,1000.000,2.150897,0.620630
57936,4,0.130575,0.914000,20,0,1000.000,1.929910,0.652789
57936,5,0.129539,0.902253,26,0,1000.000,1.940337,0.631776
57936,6,0.125056,0.916380,26,0,1000.000,1.678950,0.649223
57936,7,0.117243,0.923385,16,0,1000.000,2.052701,0.636593
57984,0,0.122459,0.928347,26,0,1000.000,1.684852,0.638783
57984,1,0.127098,0.909762,27,0,1000.000,1.934601,0.634464
57984,2,0.126013,0.903711,32,0,1000.000,1.960521,0.641817
57984,3,0.122016,0.908801,28,0,1000.000,1.896893,0.636580
57984,4,0.130575,0.918218,21,0,1000.000,1.672438,0.636202
57984,5,0.129539,0.878280,28,0,1000.000,1.953460,0.624073
57984,6,0.125056,0.900437,16,0,1000.000,1.894260,0.627285
57984,7,0.117243,0.909314,24,0,1000.000,1.992594,0.631740
58032,0,0.122459,0.893794,32,0,1000.000,1.891561,0.623020
58032,1,0.127098,0.893151,26,0,1000.000,2.006929,0.625533
58032,2,0.126013,0.898306,24,0,1000.000,1.975620,0.636594
58032,3,0.122016,0.922063,25,0,1000.000,1.743222,0.637054
58032,4,0.130575,0.943016,21,0,1000.000,1.602365,0.664286
58032,5,0.129539,0.909616,26,0,1000.000,2.075231,0.627060
58032,6,0.125056,0.899076,35,0,1000.000,2.135944,0.622588
58032,7,0.117243,0.935661,18,0,1000.000,1.593029,0.637045
58080,0,0.122459,0.923483,27,0,1000.000,1.481319,0.643119
58080,1,0.127098,0.932546,33,0,1000.000,1.863176,0.639224
58080,2,0.126013,0.921698,29,0,1000.000,1.757071,0.636414
58080,3,0.122016,0.912396,22,0,1000.000,1.887042,0.633520
58080,4,0.130575,0.910279,31,0,1000.000,2.067725,0.638723
58080,5,0.129539,0.938411,34,0,1000.000,1.661705,0.658430
58080,6,0.125056,0.919458,34,0,1000.000,1.763504,0.647840
58080,7,0.117243,0.909536,29,0,1000.000,1.850503,0.620497
58128,0,0.122459,0.897696,22,0,1000.000,1.708601,0.630286
58128,1,0.127098,0.893155,32,0,1000.000,2.187102,0.618563
58128,2,0.126013,0.934771,27,0,1000.000,1.573213,0.642125
58128,3,0.122016,0.895402,28,0,1000.000,1.969477,0.629764
58128,4,0.130575,0.919794,29,0,1000.000,1.842290,0.649124
58128,5,0.129539,0.909483,24,0,1000.000,1.787726,0.631503
58128,6,0.125056,0.932678,28,0,1000.000,1.719086,0.650625
58128,7,0.117243,0.925118,26,0,1000.000,1.858548,0.653799
58176,0,0.122459,0.920058,19,0,1000.000,1.858296,0.646682
58176,1,0.127098,0.900518,25,0,1000.000,1.989030,0.628059
58176,2,0.126013,0.878707,29,0,1000.000,2.232040,0.619272
58176,3,0.122016,0.910937,20,0,1000.000,1.864305,0.622913
58176,4,0.130575,0.873555,22,0,1000.000,2.157599,0.619196
58176,5,0.129539,0.902504,20,0,1000.000,2.004550,0.630142
58176,6,0.125056,0.900026,20,0,1000.000,2.056430,0.625625
58176,7,0.117243,0.915840,22,0,1000.000,1.612089,0.646842
58224,0,0.122459,0.940622,17,0,1000.000,1.437234,0.647334
58224,1,0.127098,0.921831,25,0,1000.000,1.833708,0.619318
58224,2,0.126013,0.923717,11,0,1000.000,1.535399,0.622072
58224,3,0.122016,0.900021,15,0,1000.000,2.102525,0.617141
58224,4,0.130575,0.930441,29,0,1000.000,1.681444,0.644076
58224,5,0.129539,0.892970,16,0,1000.000,1.938814,0.625046
58224,6,0.125056,0.902012,23,0,1000.000,2.173569,0.630068
58224,7,0.117243,0.919851,20,0,1000.000,1.780725,0.651936
58272,0,0.122459,0.873258,16,0,1000.000,2.346485,0.621989
58272,1,0.127098,0.932811,20,0,1000.000,1.648020,0.654956
58272,2,0.126013,0.910938,22,0,1000.000,1.749901,0.648649
58272,3,0.122016,0.933934,20,0,1000.000,1.690389,0.644251
58272,4,0.130575,0.907815,16,0,1000.000,1.698516,0.635153
58272,5,0.129539,0.913475,17,0,1000.000,1.530978,0.641242
58272,6,0.125056,0.871835,19,1,951.053,1.902359,0.635554
58272,7,0.117243,0.917546,12,0,1000.000,1.913866,0.629077
58320,0,0.122459,0.921010,22,0,1000.000,1.897398,0.646083
58320,1,0.127098,0.911239,28,0,1000.000,1.584551,0.643849
58320,2,0.126013,0.931868,14,0,1000.000,1.835315,0.635721
58320,3,0.122016,0.914469,25,0,1000.000,1.762173,0.638643
58320,4,0.130575,0.910456,25,0,1000.000,1.846018,0.636350
58320,5,0.129539,0.913137,29,0,1000.000,1.920262,0.637977
58320,6,0.125056,0.890045,16,0,1000.000,2.015944,0.623099
58320,7,0.117243,0.912910,20,0,1000.000,2.106350,0.633474
58368,0,0.122459,0.929643,19,0,1000.000,1.591277,0.657648
58368,1,0.127098,0.916166,19,0,1000.000,1.575892,0.627878
58368,2,0.126013,0.884162,25,0,1000.000,1.931498,0.617417
58368,3,0.122016,0.907352,19,0,1000.000,1.926681,0.646949
58368,4,0.130575,0.919281,27,0,1000.000,1.861524,0.641835
58368,5,0.129539,0.904692,27,0,1000.000,1.820800,0.633519
58368,6,0.125056,0.925325,16,0,1000.000,1.664441,0.650334
58368,7,0.117243,0.923741,19,0,1000.000,1.762895,0.638957
58416,0,0.122459,0.907539,25,0,1000.000,1.572748,0.649480
58416,1,0.127098,0.903547,19,0,1000.000,1.984421,0.633658
58416,2,0.126013,0.910271,21,0,1000.000,1.879422,0.630623
58416,3,0.122016,0.899666,12,0,1000.000,2.167860,0.647242
58416,4,0.130575,0.910618,29,0,1000.000,1.839020,0.647109
58416,5,0.129539,0.872497,19,0,1000.000,2.099224,0.623324
58416,6,0.125056,0.915856,21,0,1000.000,1.902050,0.645174
58416,7,0.117243,0.908841,23,0,1000.000,1.757034,0.634665
58464,0,0.122459,0.893326,17,0,1000.000,1.922168,0.640336
58464,1,0.127098,0.935835,30,0,1000.000,1.678804,0.650891
58464,2,0.126013,0.921461,24,0,1000.000,1.717791,0.643562
58464,3,0.122016,0.862064,26,0,1000.000,2.314578,0.608580
58464,4,0.130575,0.922385,38,0,1000.000,1.664906,0.657707
58464,5,0.129539,0.932181,20,0,1000.000,1.707181,0.644159
58464,6,0.125056,0.887088,26,0,1000.000,2.144627,0.634235
58464,7,0.117243,0.893364,28,0,1000.000,2.142799,0.635914
58512,0,0.122459,0.928050,24,0,1000.000,1.480398,0.648571
58512,1,0.127098,0.916393,25,0,1000.000,1.743070,0.644038
58512,2,0.126013,0.916762,24,0,1000.000,1.914356,0.652507
58512,3,0.122016,0.893146,30,0,1000.000,2.171358,0.629537
58512,4,0.130575,0.905656,33,0,1000.000,2.004140,0.640607
58512,5,0.129539,0.915316,38,0,1000.000,1.932863,0.638656
58512,6,0.125056,0.907633,26,0,1000.000,1.940081,0.635976
58512,7,0.117243,0.921523,28,0,1000.000,1.480780,0.642664
58560,0,0.122459,0.925151,29,0,1000.000,1.604779,0.652210
58560,1,0.127098,0.912373,22,0,1000.000,2.072959,0.641448
58560,2,0.126013,0.892404,24,0,1000.000,1.955588,0.634169
58560,3,0.122016,0.927995,24,0,1000.000,1.737012,0.650999
58560,4,0.130575,0.909425,23,0,1000.000,1.866533,0.642025
58560,5,0.129539,0.913704,19,0,1000.000,1.943114,0.641952
58560,6,0.125056,0.924885,23,0,1000.000,1.605878,0.640570
58560,7,0.117243,0.861094,16,0,1000.000,2.211286,0.613901
58608,0,0.122459,0.890510,19,0,1000.000,1.720853,0.630665
58608,1,0.127098,0.892830,26,0,1000.000,2.076509,0.625910
58608,2,0.126013,0.901566,30,0,1000.000,1.981705,0.640004
58608,3,0.122016,0.878363,29,0,1000.000,1.948678,0.639070
58608,4,0.130575,0.925524,35,0,1000.000,1.935090,0.647727
58608,5,0.129539,0.926866,25,0,1000.000,1.719090,0.646331
58608,6,0.125056,0.937992,22,0,1000.000,1.617777,0.627271
58608,7,0.117243,0.903140,28,0,1000.000,2.036294,0.632554
58656,0,0.122459,0.915944,30,0,1000.000,1.936870,0.639763
58656,1,0.127098,0.901980,34,0,1000.000,2.048506,0.628745
58656,2,0.126013,0.897587,29,0,1000.000,2.104063,0.628630
58656,3,0.122016,0.904333,32,0,1000.000,2.138954,0.632887
58656,4,0.130575,0.919320,22,0,1000.000,2.052004,0.637858
58656,5,0.129539,0.909213,39,0,1000.000,1.815842,0.636308
58656,6,0.125056,0.917564,31,0,1000.000,1.880671,0.645555
58656,7,0.117243,0.930273,21,0,1000.000,1.196557,0.655546
58704,0,0.122459,0.906588,40,0,1000.000,1.894053,0.637572
58704,1,0.127098,0.874723,27,0,1000.000,2.169301,0.629554
58704,2,0.126013,0.914186,34,0,1000.000,1.790652,0.634607
58704,3,0.122016,0.933092,26,0,1000.000,1.737774,0.632459
58704,4,0.130575,0.917815,35,0,1000.000,2.047185,0.633771
58704,5,0.129539,0.924894,25,0,1000.000,1.931505,0.661184
58704,6,0.125056,0.905134,36,0,1000.000,2.099576,0.629109
58704,7,0.117243,0.936480,31,0,1000.000,1.580974,0.657783
58752,0,0.122459,0.918025,28,0,1000.000,1.707993,0.649081
58752,1,0.127098,0.923528,23,0,1000.000,1.514095,0.631250
58752,2,0.126013,0.897889,31,0,1000.000,1.968772,0.635468
58752,3,0.122016,0.922608,29,0,1000.000,1.864461,0.644955
58752,4,0.130575,0.898674,28,0,1000.000,2.088850,0.635045
58752,5,0.129539,0.914284,28,0,1000.000,1.858953,0.638640
58752,6,0.125056,0.906960,26,0,1000.000,1.766479,0.640962
58752,7,0.117243,0.896906,18,0,1000.000,2.150921,0.621721
58848,0,0.122459,0.899503,49,0,1000.000,2.159541,0.631404
58848,1,0.127098,0.927905,48,0,1000.000,1.588333,0.650891
58848,2,0.126013,0.913260,40,0,1000.000,1.959452,0.641053
58848,3,0.122016,0.912257,41,0,1000.000,1.862918,0.639941
58848,4,0.130575,0.905309,65,0,1000.000,1.919152,0.632276
58848,5,0.129539,0.900309,41,0,1000.000,2.036299,0.635161
58848,6,0.125056,0.932618,62,0,1000.000,1.548543,0.650581
58848,7,0.117243,0.909538,46,0,1000.000,1.985627,0.637230
58896,0,0.122459,0.936517,23,0,1000.000,1.420647,0.653761
58896,1,0.127098,0.901206,12,0,1000.000,2.108582,0.635206
58896,2,0.126013,0.899862,24,0,1000.000,2.014679,0.642484
58896,3,0.122016,0.878452,15,0,1000.000,2.356006,0.622869
58896,4,0.130575,0.949564,18,0,1000.000,1.295466,0.656273
58896,5,0.129539,0.862859,18,0,1000.000,2.143757,0.618854
58896,6,0.125056,0.885640,23,0,1000.000,2.392718,0.617158
58896,7,0.117243,0.903444,18,0,1000.000,1.926482,0.634233
58944,0,0.122459,0.891633,20,0,1000.000,1.854831,0.637359
58944,1,0.127098,0.910890,26,0,1000.000,1.882826,0.642707
58944,2,0.126013,0.907450,29,0,1000.000,1.833040,0.629009
58944,3,0.122016,0.907657,18,0,1000.000,1.840840,0.637551
58944,4,0.130575,0.923418,29,0,1000.000,1.748034,0.654716
58944,5,0.129539,0.892196,22,0,1000.000,2.177405,0.626791
58944,6,0.125056,0.879226,31,0,1000.000,2.015027,0.620135
58944,7,0.117243,0.887074,27,0,1000.000,2.090983,0.627023
58992,0,0.122459,0.900905,23,0,1000.000,1.987299,0.645863
58992,1,0.127098,0.924021,31,0,1000.000,1.691704,0.642538
58992,2,0.126013,0.945093,21,0,1000.000,1.509983,0.657891
58992,3,0.122016,0.923253,19,0,1000.000,1.722170,0.657636
58992,4,0.130575,0.927382,34,0,1000.000,1.817706,0.645361
58992,5,0.129539,0.925394,22,0,1000.000,1.763134,0.646136
58992,6,0.125056,0.897176,24,0,1000.000,2.093874,0.611585
58992,7,0.117243,0.907873,25,0,1000.000,1.988153,0.632757
59040,0,0.122459,0.906728,16,0,1000.000,1.602776,0.635139
59040,1,0.127098,0.932820,23,0,1000.000,1.586504,0.652784
59040,2,0.126013,0.915839,33,0,1000.000,1.822233,0.639933
59040,3,0.122016,0.935941,25,0,1000.000,1.475373,0.654399
59040,4,0.130575,0.930911,23,0,1000.000,1.695663,0.635367
59040,5,0.129539,0.937997,25,0,1000.000,1.587395,0.658055
59040,6,0.125056,0.930233,32,0,1000.000,1.706282,0.638638
59040,7,0.117243,0.872720,28,1,966.536,1.906088,0.609780
59088,0,0.122459,0.934271,31,0,1000.000,1.670884,0.654043
59088,1,0.127098,0.926084,28,0,1000.000,1.930041,0.635095
59088,2,0.126013,0.920103,31,0,1000.000,1.560022,0.647686
59088,3,0.122016,0.918533,27,0,1000.000,1.961457,0.623800
59088,4,0.130575,0.923467,25,0,1000.000,1.950542,0.640556
59088,5,0.129539,0.916206,37,0,1000.000,1.826511,0.639215
59088,6,0.125056,0.904656,27,0,1000.000,1.936782,0.645133
59088,7,0.117243,0.893996,31,0,1000.000,2.153861,0.624339
59136,0,0.122459,0.928098,22,0,1000.000,1.854388,0.646063
59136,1,0.127098,0.921831,30,0,1000.000,1.621243,0.625328
59136,2,0.126013,0.930199,25,0,1000.000,1.874457,0.642779
59136,3,0.122016,0.895658,33,0,1000.000,2.164737,0.625863
59136,4,0.130575,0.914522,29,0,1000.000,1.765242,0.642280
59136,5,0.129539,0.931928,26,0,1000.000,1.598751,0.645397
59136,6,0.125056,0.930903,36,0,1000.000,1.684934,0.645329
59136,7,0.117243,0.937272,18,0,1000.000,1.499496,0.656772
59184,0,0.122459,0.919794,14,0,1000.000,2.049010,0.633872
59184,1,0.127098,0.914739,25,0,1000.000,2.006319,0.619187
59184,2,0.126013,0.892391,17,0,1000.000,1.863548,0.637986
59184,3,0.122016,0.910361,22,0,1000.000,1.815303,0.639854
59184,4,0.130575,0.934862,24,0,1000.000,1.511994,0.649592
59184,5,0.129539,0.901291,17,0,1000.000,1.936931,0.629737
59184,6,0.125056,0.924098,27,0,1000.000,1.715371,0.644780
59184,7,0.117243,0.924825,16,0,1000.000,1.668805,0.637866
59232,0,0.122459,0.945625,15,0,1000.000,1.452544,0.648987
59232,1,0.127098,0.914884,25,0,1000.000,1.770140,0.648653
59232,2,0.126013,0.901650,19,0,1000.000,1.906699,0.624746
59232,3,0.122016,0.893404,23,0,1000.000,1.746149,0.615493
59232,4,0.130575,0.931219,22,0,1000.000,1.864789,0.647584
59232,5,0.129539,0.913457,15,0,1000.000,1.857824,0.627964
59232,6,0.125056,0.903762,21,0,1000.000,2.173555,0.633703
59232,7,0.117243,0.923144,11,0,1000.000,2.001338,0.633372
59280,0,0.122459,0.936302,23,0,1000.000,1.790935,0.663896
59280,1,0.127098,0.907951,15,0,1000.000,1.777711,0.630452
59280,2,0.126013,0.931483,19,0,1000.000,1.548116,0.651323
59280,3,0.122016,0.919308,21,0,1000.000,1.909237,0.636126
59280,4,0.130575,0.928865,19,0,1000.000,1.590970,0.634409
59280,5,0.129539,0.945963,19,0,1000.000,1.652604,0.640542
59280,6,0.125056,0.948301,15,0,1000.000,1.463239,0.664577
59280,7,0.117243,0.906351,23,0,1000.000,2.058514,0.636973
59328,0,0.122459,0.892593,22,0,1000.000,2.053819,0.621794
59328,1,0.127098,0.900351,17,0,1000.000,1.900442,0.624849
59328,2,0.126013,0.917177,17,0,1000.000,1.847292,0.641227
59328,3,0.122016,0.927259,17,0,1000.000,1.636844,0.656834
59328,4,0.130575,0.917341,33,0,1000.000,1.953782,0.643256
59328,5,0.129539,0.904270,22,0,1000.000,1.942025,0.620730
59328,6,0.125056,0.927493,27,0,1000.000,1.741180,0.653152
59328,7,0.117243,0.940346,19,0,1000.000,1.187343,0.654183
59376,0,0.122459,0.881089,20,0,1000.000,2.206321,0.617629
59376,1,0.127098,0.933516,25,0,1000.000,1.646581,0.645256
59376,2,0.126013,0.940680,23,0,1000.000,1.702384,0.644549
59376,3,0.122016,0.925386,21,0,1000.000,1.663566,0.652536
59376,4,0.130575,0.918777,24,0,1000.000,1.878394,0.643630
59376,5,0.129539,0.911119,21,0,1000.000,1.935958,0.637920
59376,6,0.125056,0.913494,22,0,1000.000,1.895827,0.644095
59376,7,0.117243,0.857472,21,1,955.619,2.045419,0.608024
59424,0,0.122459,0.923421,21,0,1000.000,1.602446,0.649547
59424,1,0.127098,0.899552,25,0,1000.000,1.920906,0.632015
59424,2,0.126013,0.931524,18,0,1000.000,1.661347,0.642458
59424,3,0.122016,0.869874,18,0,1000.000,2.166051,0.631975
59424,4,0.130575,0.912046,23,0,1000.000,1.801183,0.643395
59424,5,0.129539,0.895678,22,0,1000.000,2.134788,0.636126
59424,6,0.125056,0.929318,20,0,1000.000,1.750598,0.649256
59424,7,0.117243,0.910616,25,0,1000.000,2.001473,0.643539
59472,0,0.122459,0.933343,26,0,1000.000,1.622356,0.653657
59472,1,0.127098,0.923062,30,0,1000.000,1.899390,0.654006
59472,2,0.126013,0.928058,26,0,1000.000,1.651846,0.648962
59472,3,0.122016,0.928377,24,0,1000.000,1.770190,0.646198
59472,4,0.130575,0.907046,37,0,1000.000,1.883401,0.639188
59472,5,0.129539,0.921458,27,0,1000.000,1.718200,0.647055
59472,6,0.125056,0.911534,35,0,1000.000,1.935372,0.626447
59472,7,0.117243,0.881232,15,0,1000.000,2.131539,0.636154
59520,0,0.122459,0.908868,27,0,1000.000,2.027951,0.638088
59520,1,0.127098,0.924485,37,0,1000.000,1.821414,0.646308
59520,2,0.126013,0.898795,24,0,1000.000,1.884397,0.622178
59520,3,0.122016,0.928636,23,0,1000.000,1.532647,0.654791
59520,4,0.130575,0.890389,25,0,1000.000,1.935138,0.621111
59520,5,0.129539,0.923727,27,0,1000.000,1.725209,0.644505
59520,6,0.125056,0.912422,30,0,1000.000,1.916694,0.640991
59520,7,0.117243,0.941287,23,0,1000.000,1.432135,0.652448
59568,0,0.122459,0.922448,18,1,961.111,1.768796,0.626260
59568,1,0.127098,0.909024,29,0,1000.000,2.178061,0.631517
59568,2,0.126013,0.902023,17,0,1000.000,2.218821,0.635906
59568,3,0.122016,0.903778,18,0,1000.000,2.127887,0.620552
59568,4,0.130575,0.925905,33,0,1000.000,1.873868,0.650457
59568,5,0.129539,0.925362,27,0,1000.000,1.671184,0.648922
59568,6,0.125056,0.920781,28,0,1000.000,1.847204,0.630513
59568,7,0.117243,0.924689,23,0,1000.000,1.577227,0.639140
59616,0,0.122459,0.909454,30,0,1000.000,1.602844,0.639543
59616,1,0.127098,0.888035,19,0,1000.000,2.267523,0.628023
59616,2,0.126013,0.917429,21,0,1000.000,1.916353,0.634622
59616,3,0.122016,0.908194,29,0,1000.000,1.726746,0.643812
59616,4,0.130575,0.942258,25,0,1000.000,1.567295,0.668692
59616,5,0.129539,0.921561,24,0,1000.000,1.696101,0.651986
59616,6,0.125056,0.881116,30,0,1000.000,2.201535,0.625752
59616,7,0.117243,0.932544,26,0,1000.000,1.868698,0.650581
59664,0,0.122459,0.911991,27,0,1000.000,1.825704,0.645813
59664,1,0.127098,0.933328,23,0,1000.000,1.721153,0.643817
59664,2,0.126013,0.906509,27,0,1000.000,2.060415,0.637993
59664,3,0.122016,0.893815,38,0,1000.000,2.037804,0.631303
59664,4,0.130575,0.921938,28,0,1000.000,1.891401,0.653050
59664,5,0.129539,0.932872,42,0,1000.000,1.794756,0.648896
59664,6,0.125056,0.918375,30,0,1000.000,2.008176,0.644232
59664,7,0.117243,0.907869,34,0,1000.000,2.096386,0.632218
59712,0,0.122459,0.891982,27,0,1000.000,2.355821,0.623583
59712,1,0.127098,0.910042,42,0,1000.000,1.984065,0.639135
59712,2,0.126013,0.897047,30,0,1000.000,2.052844,0.632871
59712,3,0.122016,0.918711,39,0,1000.000,2.039432,0.641687
59712,4,0.130575,0.931288,26,0,1000.000,1.735060,0.638812
59712,5,0.129539,0.944130,23,0,1000.000,1.526613,0.655435
59712,6,0.125056,0.910821,25,0,1000.000,2.014776,0.650959
59712,7,0.117243,0.905709,32,0,1000.000,2.110535,0.631167
59760,0,0.122459,0.908516,35,0,1000.000,1.820521,0.630335
59760,1,0.127098,0.939398,28,0,1000.000,1.591133,0.651430
59760,2,0.126013,0.887932,28,0,1000.000,1.889634,0.641277
59760,3,0.122016,0.929227,36,0,1000.000,1.418069,0.643330
59760,4,0.130575,0.876916,27,1,965.778,2.203866,0.617769
59760,5,0.129539,0.908760,25,0,1000.000,2.065897,0.637008
59760,6,0.125056,0.936459,25,0,1000.000,1.414912,0.652592
59760,7,0.117243,0.907896,17,0,1000.000,2.023148,0.631423
59808,0,0.122459,0.905351,29,0,1000.000,1.935598,0.633609
59808,1,0.127098,0.935343,30,0,1000.000,1.549493,0.664429
59808,2,0.126013,0.924703,19,0,1000.000,1.822037,0.632252
59808,3,0.122016,0.908376,25,0,1000.000,2.229476,0.623419
59808,4,0.130575,0.900273,33,0,1000.000,2.188236,0.633113
59808,5,0.129539,0.916665,30,0,1000.000,1.890923,0.633001
59808,6,0.125056,0.938393,34,0,1000.000,1.630263,0.659165
59808,7,0.117243,0.944060,22,0,1000.000,1.674537,0.656790
59856,0,0.122459,0.936990,18,1,947.333,1.494368,0.636283
59856,1,0.127098,0.890732,21,0,1000.000,2.272143,0.624447
59856,2,0.126013,0.905340,18,0,1000.000,1.902309,0.639649
59856,3,0.122016,0.904835,18,0,1000.000,1.781186,0.625138
59856,4,0.130575,0.935991,18,0,1000.000,1.616066,0.647805
59856,5,0.129539,0.878907,14,0,1000.000,1.849603,0.615599
59856,6,0.125056,0.933888,15,0,1000.000,1.329003,0.647852
59856,7,0.117243,0.904746,25,0,1000.000,1.945613,0.634215
59904,0,0.122459,0.922165,26,0,1000.000,1.583807,0.643829
59904,1,0.127098,0.892972,22,0,1000.000,2.075851,0.637548
59904,2,0.126013,0.934907,18,0,1000.000,1.714823,0.646846
59904,3,0.122016,0.918508,20,0,1000.000,1.984694,0.633968
59904,4,0.130575,0.895737,17,0,1000.000,2.037430,0.634523
59904,5,0.129539,0.896652,15,0,1000.000,2.340910,0.623518
59904,6,0.125056,0.887830,22,1,957.545,1.521550,0.636889
59904,7,0.117243,0.927311,21,0,1000.000,2.034352,0.639108
59952,0,0.122459,0.945525,20,0,1000.000,1.586344,0.655114
59952,1,0.127098,0.894729,30,0,1000.000,2.094975,0.632292
59952,2,0.126013,0.931551,26,0,1000.000,1.687196,0.658469
59952,3,0.122016,0.924154,19,0,1000.000,1.572098,0.617940
59952,4,0.130575,0.909494,25,0,1000.000,1.976869,0.642177
59952,5,0.129539,0.923429,23,0,1000.000,1.826503,0.633846
59952,6,0.125056,0.900546,33,0,1000.000,1.929269,0.638696
59952,7,0.117243,0.931786,28,0,1000.000,1.709857,0.639328
60000,0,0.122459,0.918699,19,0,1000.000,1.837446,0.638670
60000,1,0.127098,0.914733,25,0,1000.000,1.665352,0.631459
60000,2,0.126013,0.914815,25,0,1000.000,1.943688,0.647915
60000,3,0.122016,0.877301,21,0,1000.000,1.979444,0.625262
60000,4,0.130575,0.928920,28,0,1000.000,1.863137,0.645472
60000,5,0.129539,0.893219,25,0,1000.000,2.103947,0.625217
60000,6,0.125056,0.895119,24,0,1000.000,1.982519,0.633432
60000,7,0.117243,0.939871,24,0,1000.000,1.547548,0.651540
60096,0,0.137484,0.925048,61,0,1000.000,1.823140,0.642352
60096,1,0.129028,0.930687,60,0,1000.000,1.691228,0.639908
60096,2,0.121304,0.898413,54,0,1000.000,1.874683,0.629586
60096,3,0.115373,0.931434,63,0,1000.000,1.705209,0.652503
60096,4,0.136575,0.899145,62,0,1000.000,1.848338,0.638261
60096,5,0.111666,0.907486,56,0,1000.000,1.908352,0.636816
60096,6,0.120574,0.923087,49,0,1000.000,1.802384,0.643147
60096,7,0.127997,0.908409,57,0,1000.000,1.937722,0.636153
60144,0,0.137484,0.923563,24,0,1000.000,1.908494,0.640224
60144,1,0.129028,0.922578,33,0,1000.000,1.731617,0.633488
60144,2,0.121304,0.918650,26,0,1000.000,2.023269,0.642162
60144,3,0.115373,0.905805,20,0,1000.000,1.829773,0.642895
60144,4,0.136575,0.896244,27,0,1000.000,1.876078,0.633656
60144,5,0.111666,0.919001,27,0,1000.000,1.660272,0.641722
60144,6,0.120574,0.909725,21,0,1000.000,2.164614,0.635705
60144,7,0.127997,0.926578,30,0,1000.000,1.892995,0.640669
60192,0,0.137484,0.898155,20,0,1000.000,1.870969,0.636289
60192,1,0.129028,0.926251,28,0,1000.000,1.752816,0.626562
60192,2,0.121304,0.915043,18,0,1000.000,1.821356,0.648519
60192,3,0.115373,0.872019,12,0,1000.000,2.033241,0.620673
60192,4,0.136575,0.900295,19,0,1000.000,1.707355,0.636549
60192,5,0.111666,0.935758,17,0,1000.000,1.608101,0.637385
60192,6,0.120574,0.924818,22,0,1000.000,2.071043,0.647382
60192,7,0.127997,0.879341,22,0,1000.000,1.912766,0.626633
60240,0,0.137484,0.887787,20,0,1000.000,1.905915,0.635257
60240,1,0.129028,0.926110,20,0,1000.000,1.548286,0.625123
60240,2,0.121304,0.939656,15,0,1000.000,1.366791,0.656136
60240,3,0.115373,0.924501,18,0,1000.000,1.789009,0.637622
60240,4,0.136575,0.918979,24,0,1000.000,1.755044,0.640539
60240,5,0.111666,0.927367,27,0,1000.000,1.705909,0.650457
60240,6,0.120574,0.906852,12,0,1000.000,1.750492,0.610155
60240,7,0.127997,0.949228,17,0,1000.000,1.399138,0.653855
60288,0,0.137484,0.939594,18,0,1000.000,1.238783,0.652220
60288,1,0.129028,0.933510,23,0,1000.000,1.844518,0.647774
60288,2,0.121304,0.886814,16,0,1000.000,1.947455,0.618505
60288,3,0.115373,0.899206,11,0,1000.000,2.198756,0.624458
60288,4,0.136575,0.911246,20,0,1000.000,1.578467,0.639396
60288,5,0.111666,0.924448,18,0,1000.000,1.734313,0.659531
60288,6,0.120574,0.871456,20,0,1000.000,2.193011,0.624247
60288,7,0.127997,0.932927,28,0,1000.000,1.831419,0.653545
60384,0,0.137484,0.925068,35,0,1000.000,1.495151,0.639859
60384,1,0.129028,0.914457,52,0,1000.000,1.601986,0.642757
60384,2,0.121304,0.897543,40,0,1000.000,1.951218,0.631795
60384,3,0.115373,0.911335,45,0,1000.000,1.891428,0.633946
60384,4,0.136575,0.908153,50,0,1000.000,1.987176,0.635481
60384,5,0.111666,0.901652,43,1,977.721,1.942401,0.637764
60384,6,0.120574,0.915000,37,0,1000.000,1.841961,0.638581
60384,7,0.127997,0.917328,45,0,1000.000,1.876500,0.640762
60432,0,0.137484,0.925779,24,0,1000.000,1.958913,0.649814
60432,1,0.129028,0.919416,21,0,1000.000,1.869213,0.638992
60432,2,0.121304,0.901607,20,0,1000.000,1.863746,0.623193
60432,3,0.115373,0.891797,25,0,1000.000,2.286513,0.627796
60432,4,0.136575,0.928469,24,0,1000.000,1.942008,0.647303
60432,5,0.111666,0.922616,22,0,1000.000,1.894467,0.657196
60432,6,0.120574,0.883280,23,0,1000.000,2.056762,0.618383
60432,7,0.127997,0.856051,19,1,950.526,1.939477,0.637436
60480,0,0.137484,0.920287,37,0,1000.000,1.659884,0.641833
60480,1,0.129028,0.902329,35,0,1000.000,2.087590,0.640249
60480,2,0.121304,0.878307,16,0,1000.000,2.136441,0.635217
60480,3,0.115373,0.928684,24,0,1000.000,1.938105,0.651989
60480,4,0.136575,0.927178,37,0,1000.000,1.928571,0.655796
60480,5,0.111666,0.905227,25,0,1000.000,1.956965,0.642274
60480,6,0.120574,0.918998,30,0,1000.000,1.892543,0.648295
60480,7,0.127997,0.944434,22,0,1000.000,1.634457,0.657675
60528,0,0.137484,0.863508,20,0,1000.000,2.274505,0.629113
60528,1,0.129028,0.912321,33,0,1000.000,1.940920,0.643540
60528,2,0.121304,0.904924,30,0,1000.000,1.906539,0.638306
60528,3,0.115373,0.912075,26,0,1000.000,1.714013,0.646406
60528,4,0.136575,0.901612,28,0,1000.000,1.961416,0.643353
60528,5,0.111666,0.882717,26,0,1000.000,2.197248,0.629104
60528,6,0.120574,0.910087,21,0,1000.000,2.193377,0.627665
60528,7,0.127997,0.877190,24,0,1000.000,2.354260,0.625859
60576,0,0.137484,0.912454,33,0,1000.000,1.983984,0.643944
60576,1,0.129028,0.900883,22,0,1000.000,1.711716,0.639109
60576,2,0.121304,0.915344,24,0,1000.000,2.105922,0.625477
60576,3,0.115373,0.910576,20,0,1000.000,2.007066,0.617866
60576,4,0.136575,0.908387,26,0,1000.000,1.895560,0.643413
60576,5,0.111666,0.929934,17,0,1000.000,1.849460,0.643687
60576,6,0.120574,0.901077,23,0,1000.000,2.157674,0.621118
60576,7,0.127997,0.927251,25,0,1000.000,1.791782,0.645468
60624,0,0.137484,0.905873,32,0,1000.000,1.750465,0.645386
60624,1,0.129028,0.925326,29,0,1000.000,1.916842,0.644105
60624,2,0.121304,0.896386,32,0,1000.000,1.743099,0.642379
60624,3,0.115373,0.907971,29,0,1000.000,1.641449,0.644130
60624,4,0.136575,0.913354,24,0,1000.000,1.673405,0.643922
60624,5,0.111666,0.933512,28,0,1000.000,1.571947,0.652254
60624,6,0.120574,0.942168,22,0,1000.000,1.310995,0.661922
60624,7,0.127997,0.924676,27,0,1000.000,1.856094,0.645089
60672,0,0.137484,0.894008,32,0,1000.000,2.149060,0.626991
60672,1,0.129028,0.924140,23,0,1000.000,1.674839,0.646566
60672,2,0.121304,0.928997,34,1,972.471,1.423020,0.653016
60672,3,0.115373,0.934461,31,0,1000.000,1.733107,0.650477
60672,4,0.136575,0.931311,31,0,1000.000,1.476840,0.651846
60672,5,0.111666,0.929666,26,0,1000.000,1.622138,0.641444
60672,6,0.120574,0.889309,32,0,1000.000,2.421820,0.626004
60672,7,0.127997,0.917461,28,0,1000.000,1.920815,0.653372
60720,0,0.137484,0.947362,30,1,985.300,1.454236,0.638584
60720,1,0.129028,0.917845,38,0,1000.000,1.731196,0.641118
60720,2,0.121304,0.928507,33,0,1000.000,1.536730,0.657808
60720,3,0.115373,0.912864,35,0,1000.000,1.763073,0.636640
60720,4,0.136575,0.908892,27,0,1000.000,1.955980,0.646216
60720,5,0.111666,0.916608,32,0,1000.000,1.956252,0.649860
60720,6,0.120574,0.880635,19,0,1000.000,1.702827,0.629054
60720,7,0.127997,0.909622,36,0,1000.000,1.905777,0.642776
60768,0,0.137484,0.909676,44,0,1000.000,1.913266,0.646527
60768,1,0.129028,0.914040,19,0,1000.000,1.916712,0.638094
60768,2,0.121304,0.926323,24,0,1000.000,1.705817,0.649823
60768,3,0.115373,0.897043,35,0,1000.000,1.898371,0.634522
60768,4,0.136575,0.915112,23,0,1000.000,1.698325,0.651888
60768,5,0.111666,0.913911,23,0,1000.000,1.769683,0.635705
60768,6,0.120574,0.884032,29,0,1000.000,2.120148,0.635506
60768,7,0.127997,0.921640,32,0,1000.000,2.010802,0.644510
60816,0,0.137484,0.910353,29,0,1000.000,2.015695,0.647185
60816,1,0.129028,0.920439,26,0,1000.000,1.848102,0.658902
60816,2,0.121304,0.925717,28,0,1000.000,1.752358,0.657562
60816,3,0.115373,0.908508,21,0,1000.000,2.145212,0.621548
60816,4,0.136575,0.918873,25,0,1000.000,1.869578,0.628813
60816,5,0.111666,0.921512,23,0,1000.000,1.695352,0.654508
60816,6,0.120574,0.905397,21,0,1000.000,2.119053,0.634977
60816,7,0.127997,0.918782,32,0,1000.000,1.651022,0.651524
60864,0,0.137484,0.919062,19,0,1000.000,1.698633,0.640289
60864,1,0.129028,0.883582,20,0,1000.000,2.339970,0.616376
60864,2,0.121304,0.891878,14,0,1000.000,2.028131,0.601809
60864,3,0.115373,0.889422,19,0,1000.000,2.342596,0.614759
60864,4,0.136575,0.921239,13,0,1000.000,1.998912,0.644815
60864,5,0.111666,0.916839,13,0,1000.000,1.901039,0.641668
60864,6,0.120574,0.911204,18,0,1000.000,1.893389,0.631561
60864,7,0.127997,0.906360,15,0,1000.000,2.067193,0.616652
60912,0,0.137484,0.909749,20,0,1000.000,1.635323,0.637762
60912,1,0.129028,0.924893,20,0,1000.000,1.710934,0.649893
60912,2,0.121304,0.924682,20,0,1000.000,1.781294,0.626915
60912,3,0.115373,0.889100,22,0,1000.000,1.974924,0.624009
60912,4,0.136575,0.927798,26,0,1000.000,1.718929,0.648074
60912,5,0.111666,0.919557,19,0,1000.000,1.988734,0.652065
60912,6,0.120574,0.885412,22,0,1000.000,2.139117,0.632447
60912,7,0.127997,0.884832,27,0,1000.000,2.190173,0.625219
60960,0,0.137484,0.927518,23,0,1000.000,1.880935,0.629939
60960,1,0.129028,0.899305,30,0,1000.000,1.899249,0.637311
60960,2,0.121304,0.913889,28,0,1000.000,1.636094,0.646582
60960,3,0.115373,0.911423,25,0,1000.000,1.632549,0.635791
60960,4,0.136575,0.919377,30,0,1000.000,1.593987,0.655234
60960,5,0.111666,0.896367,28,0,1000.000,2.091136,0.625858
60960,6,0.120574,0.928019,31,0,1000.000,1.854271,0.647504
60960,7,0.127997,0.916382,21,0,1000.000,2.074049,0.640551
61008,0,0.137484,0.887045,25,0,1000.000,2.084218,0.624582
61008,1,0.129028,0.917235,28,0,1000.000,1.779253,0.654313
61008,2,0.121304,0.918537,27,0,1000.000,1.765949,0.644817
61008,3,0.115373,0.916138,21,0,1000.000,1.679086,0.653952
61008,4,0.136575,0.929739,30,0,1000.000,1.619993,0.639006
61008,5,0.111666,0.933910,17,0,1000.000,1.745197,0.651693
61008,6,0.120574,0.893939,17,0,1000.000,1.861268,0.637796
61008,7,0.127997,0.922209,27,0,1000.000,1.721873,0.649140
61056,0,0.137484,0.913237,30,0,1000.000,2.015192,0.643453
61056,1,0.129028,0.915613,29,0,1000.000,1.468373,0.649625
61056,2,0.121304,0.899538,29,0,1000.000,2.043104,0.638507
61056,3,0.115373,0.927289,20,0,1000.000,1.665053,0.660292
61056,4,0.136575,0.901058,30,0,1000.000,1.895882,0.632753
61056,5,0.111666,0.902601,25,0,1000.000,1.763517,0.642429
61056,6,0.120574,0.912025,32,0,1000.000,1.791255,0.645791
61056,7,0.127997,0.939459,19,0,1000.000,1.723578,0.649957
61104,0,0.137484,0.919149,44,0,1000.000,1.688074,0.647240
61104,1,0.129028,0.922503,20,0,1000.000,1.789421,0.643205
61104,2,0.121304,0.926667,25,0,1000.000,1.863830,0.640154
61104,3,0.115373,0.929185,28,0,1000.000,1.668359,0.638117
61104,4,0.136575,0.914676,35,0,1000.000,1.872252,0.642041
61104,5,0.111666,0.886739,27,0,1000.000,1.903748,0.623937
61104,6,0.120574,0.906518,36,0,1000.000,2.110409,0.631634
61104,7,0.127997,0.906108,30,0,1000.000,1.840659,0.636536
61152,0,0.137484,0.915178,25,0,1000.000,2.080428,0.637328
61152,1,0.129028,0.907649,27,0,1000.000,1.788958,0.639089
61152,2,0.121304,0.872171,18,0,1000.000,2.086382,0.632030
61152,3,0.115373,0.929215,25,0,1000.000,1.449081,0.632273
61152,4,0.136575,0.954301,26,0,1000.000,1.117972,0.662758
61152,5,0.111666,0.906041,25,0,1000.000,1.805456,0.652267
61152,6,0.120574,0.929873,23,0,1000.000,1.767803,0.646031
61152,7,0.127997,0.908064,27,0,1000.000,1.964541,0.627629
61200,0,0.137484,0.921740,21,0,1000.000,1.794880,0.641829
61200,1,0.129028,0.927148,11,0,1000.000,1.472625,0.627509
61200,2,0.121304,0.871121,16,0,1000.000,2.004654,0.622270
61200,3,0.115373,0.928547,19,0,1000.000,1.735229,0.635494
61200,4,0.136575,0.894907,26,0,1000.000,1.702746,0.636720
61200,5,0.111666,0.931956,17,0,1000.000,1.960002,0.641638
61200,6,0.120574,0.899251,31,0,1000.000,1.934743,0.636082
61200,7,0.127997,0.898232,17,0,1000.000,1.752272,0.631433
61248,0,0.137484,0.900900,27,0,1000.000,1.904255,0.623758
61248,1,0.129028,0.929705,14,0,1000.000,1.781117,0.643058
61248,2,0.121304,0.935102,7,0,1000.000,1.502208,0.652756
61248,3,0.115373,0.938523,13,0,1000.000,1.479630,0.652117
61248,4,0.136575,0.912281,27,0,1000.000,2.009443,0.633023
61248,5,0.111666,0.909144,14,0,1000.000,1.892645,0.627078
61248,6,0.120574,0.914913,25,0,1000.000,1.774642,0.626838
61248,7,0.127997,0.914722,15,0,1000.000,1.977419,0.644486
61296,0,0.137484,0.904022,26,0,1000.000,1.911560,0.639135
61296,1,0.129028,0.909445,21,0,1000.000,1.898198,0.636919
61296,2,0.121304,0.942161,16,0,1000.000,1.867999,0.650327
61296,3,0.115373,0.950577,18,0,1000.000,1.387287,0.650517
61296,4,0.136575,0.864858,23,0,1000.000,2.317263,0.621637
61296,5,0.111666,0.937237,18,0,1000.000,1.980407,0.649879
61296,6,0.120574,0.910667,31,0,1000.000,1.717639,0.635078
61296,7,0.127997,0.923555,22,0,1000.000,1.690605,0.658371
61392,0,0.137484,0.920558,45,0,1000.000,1.760134,0.649669
61392,1,0.129028,0.912918,38,0,1000.000,1.789923,0.643473
61392,2,0.121304,0.931993,50,0,1000.000,1.751061,0.647965
61392,3,0.115373,0.931139,32,0,1000.000,1.807428,0.639786
61392,4,0.136575,0.922457,48,0,1000.000,1.853506,0.640273
61392,5,0.111666,0.918650,30,0,1000.000,1.584694,0.648073
61392,6,0.120574,0.916064,37,0,1000.000,1.766371,0.632739
61392,7,0.127997,0.907099,53,0,1000.000,2.018953,0.627947
61440,0,0.137484,0.847734,18,0,1000.000,2.243681,0.611250
61440,1,0.129028,0.930456,23,0,1000.000,1.692922,0.643857
61440,2,0.121304,0.945434,26,0,1000.000,1.582621,0.662225
61440,3,0.115373,0.935207,15,0,1000.000,1.522577,0.656017
61440,4,0.136575,0.915062,30,0,1000.000,1.718908,0.640706
61440,5,0.111666,0.922868,21,0,1000.000,1.712366,0.656147
61440,6,0.120574,0.887979,19,0,1000.000,2.291249,0.618514
61440,7,0.127997,0.940453,31,0,1000.000,1.798549,0.657751
61488,0,0.137484,0.917330,30,0,1000.000,1.940816,0.641760
61488,1,0.129028,0.904546,31,0,1000.000,1.917427,0.622603
61488,2,0.121304,0.894304,32,0,1000.000,1.950678,0.633952
61488,3,0.115373,0.893426,28,0,1000.000,2.270232,0.619627
61488,4,0.136575,0.907839,24,0,1000.000,1.887224,0.634119
61488,5,0.111666,0.919616,17,0,1000.000,1.842129,0.650334
61488,6,0.120574,0.912468,29,0,1000.000,1.839213,0.638651
61488,7,0.127997,0.875741,40,1,976.975,2.034652,0.631538
61536,0,0.137484,0.913499,34,0,1000.000,1.900994,0.632353
61536,1,0.129028,0.920926,27,0,1000.000,1.603972,0.657637
61536,2,0.121304,0.876027,34,0,1000.000,2.140790,0.614960
61536,3,0.115373,0.922448,20,0,1000.000,1.587622,0.655189
61536,4,0.136575,0.946043,21,0,1000.000,1.174130,0.653773
61536,5,0.111666,0.920728,18,0,1000.000,1.640104,0.648507
61536,6,0.120574,0.900670,24,0,1000.000,2.009017,0.633480
61536,7,0.127997,0.911215,27,0,1000.000,1.799369,0.635472
61584,0,0.137484,0.927618,20,0,1000.000,1.683324,0.654219
61584,1,0.129028,0.932988,21,0,1000.000,1.842109,0.641058
61584,2,0.121304,0.929409,20,0,1000.000,1.555601,0.643013
61584,3,0.115373,0.902752,26,0,1000.000,1.766469,0.637579
61584,4,0.136575,0.878263,27,0,1000.000,2.003372,0.624866
61584,5,0.111666,0.878615,28,0,1000.000,2.192543,0.629692
61584,6,0.120574,0.928373,22,0,1000.000,1.592130,0.647516
61584,7,0.127997,0.894511,28,0,1000.000,2.027039,0.625366
61632,0,0.137484,0.892838,31,0,1000.000,1.997191,0.633511
61632,1,0.129028,0.924070,26,0,1000.000,1.878107,0.655045
61632,2,0.121304,0.932933,25,0,1000.000,1.426456,0.643793
61632,3,0.115373,0.892560,29,0,1000.000,1.834997,0.635297
61632,4,0.136575,0.895718,30,0,1000.000,2.056885,0.630840
61632,5,0.111666,0.902714,29,0,1000.000,1.920431,0.640030
61632,6,0.120574,0.916007,26,0,1000.000,1.762620,0.645380
61632,7,0.127997,0.911426,35,0,1000.000,1.911708,0.643494
61680,0,0.137484,0.914246,32,0,1000.000,1.820130,0.645009
61680,1,0.129028,0.891964,31,0,1000.000,1.796572,0.644797
61680,2,0.121304,0.916189,27,0,1000.000,1.826349,0.637246
61680,3,0.115373,0.892617,26,0,1000.000,1.977303,0.624563
61680,4,0.136575,0.918049,37,0,1000.000,1.781732,0.640999
61680,5,0.111666,0.879657,28,0,1000.000,2.321456,0.605792
61680,6,0.120574,0.902812,29,0,1000.000,2.030992,0.631164
61680,7,0.127997,0.920688,35,0,1000.000,1.641169,0.651058
61728,0,0.137484,0.891453,27,0,1000.000,1.919527,0.637781
61728,1,0.129028,0.902314,36,0,1000.000,1.843857,0.634326
61728,2,0.121304,0.909019,28,0,1000.000,1.803215,0.644934
61728,3,0.115373,0.928412,20,0,1000.000,1.490734,0.639169
61728,4,0.136575,0.920531,36,0,1000.000,1.742523,0.633185
61728,5,0.111666,0.911878,24,0,1000.000,1.804982,0.631171
61728,6,0.120574,0.923739,26,0,1000.000,1.704142,0.653795
61728,7,0.127997,0.931935,27,0,1000.000,1.680208,0.652521
61776,0,0.137484,0.911684,31,0,1000.000,1.816497,0.639065
61776,1,0.129028,0.908093,38,0,1000.000,1.932434,0.644089
61776,2,0.121304,0.939997,30,0,1000.000,1.576407,0.664721
61776,3,0.115373,0.921069,19,0,1000.000,1.860386,0.659896
61776,4,0.136575,0.918038,38,0,1000.000,1.841413,0.640907
61776,5,0.111666,0.890225,21,0,1000.000,1.845062,0.610672
61776,6,0.120574,0.925809,27,0,1000.000,1.754559,0.655508
61776,7,0.127997,0.925814,32,0,1000.000,1.578626,0.644700
61872,0,0.137484,0.915150,37,0,1000.000,1.931227,0.637283
61872,1,0.129028,0.917374,54,0,1000.000,1.585201,0.642672
61872,2,0.121304,0.911922,37,0,1000.000,1.814656,0.639464
61872,3,0.115373,0.935251,32,0,1000.000,1.479918,0.643860
61872,4,0.136575,0.909407,43,0,1000.000,1.984575,0.638291
61872,5,0.111666,0.922950,38,0,1000.000,1.669926,0.628757
61872,6,0.120574,0.915134,46,0,1000.000,1.667461,0.638714
61872,7,0.127997,0.904777,42,0,1000.000,1.936789,0.627695
61920,0,0.137484,0.914390,22,0,1000.000,1.551924,0.644803
61920,1,0.129028,0.930860,17,0,1000.000,1.668993,0.651275
61920,2,0.121304,0.865380,18,0,1000.000,1.884434,0.620653
61920,3,0.115373,0.936716,19,0,1000.000,1.674394,0.648521
61920,4,0.136575,0.924132,34,0,1000.000,1.906199,0.638840
61920,5,0.111666,0.916742,33,0,1000.000,1.824252,0.641320
61920,6,0.120574,0.919706,18,0,1000.000,1.836562,0.639640
61920,7,0.127997,0.910960,22,0,1000.000,1.851617,0.629590
61968,0,0.137484,0.931311,28,1,977.107,1.498822,0.652073
61968,1,0.129028,0.920196,23,0,1000.000,1.968961,0.634533
61968,2,0.121304,0.925484,35,0,1000.000,1.525089,0.653325
61968,3,0.115373,0.916191,24,0,1000.000,1.577462,0.645241
61968,4,0.136575,0.874881,25,0,1000.000,2.091050,0.625334
61968,5,0.111666,0.932314,21,0,1000.000,1.673924,0.638967
61968,6,0.120574,0.905606,27,0,1000.000,1.942037,0.628610
61968,7,0.127997,0.854982,29,0,1000.000,2.265961,0.616022
62016,0,0.137484,0.886898,36,0,1000.000,2.031040,0.613625
62016,1,0.129028,0.923190,28,0,1000.000,1.764437,0.632911
62016,2,0.121304,0.914883,23,0,1000.000,1.673782,0.641945
62016,3,0.115373,0.888138,19,0,1000.000,1.782502,0.631579
62016,4,0.136575,0.901848,30,0,1000.000,2.011437,0.619431
62016,5,0.111666,0.925532,24,0,1000.000,1.606417,0.632961
62016,6,0.120574,0.941009,21,0,1000.000,1.513673,0.657072
62016,7,0.127997,0.918361,23,0,1000.000,1.624279,0.631928
62064,0,0.137484,0.914441,28,0,1000.000,1.790860,0.634135
62064,1,0.129028,0.913905,26,0,1000.000,1.614304,0.640028
62064,2,0.121304,0.911001,28,0,1000.000,1.922061,0.630482
62064,3,0.115373,0.933830,26,0,1000.000,1.710265,0.640243
62064,4,0.136575,0.920187,25,0,1000.000,1.624509,0.633239
62064,5,0.111666,0.887377,13,0,1000.000,2.006652,0.629752
62064,6,0.120574,0.873267,30,0,1000.000,2.009021,0.623350
62064,7,0.127997,0.874663,29,1,968.034,1.889191,0.624730
62112,0,0.137484,0.925822,25,1,985.760,1.655123,0.639369
62112,1,0.129028,0.889997,40,0,1000.000,1.917645,0.633553
62112,2,0.121304,0.920875,36,0,1000.000,1.525598,0.637502
62112,3,0.115373,0.899696,23,0,1000.000,1.923815,0.631396
62112,4,0.136575,0.921039,35,0,1000.000,1.768517,0.642467
62112,5,0.111666,0.919765,26,0,1000.000,1.972650,0.639160
62112,6,0.120574,0.916107,35,0,1000.000,1.793435,0.648685
62112,7,0.127997,0.878959,28,0,1000.000,2.032906,0.623924
62160,0,0.137484,0.902420,24,0,1000.000,1.659114,0.633034
62160,1,0.129028,0.891937,23,0,1000.000,2.045537,0.623454
62160,2,0.121304,0.898135,33,0,1000.000,1.960292,0.628524
62160,3,0.115373,0.870365,23,0,1000.000,2.182730,0.612213
62160,4,0.136575,0.895682,21,0,1000.000,2.087893,0.630981
62160,5,0.111666,0.889387,23,0,1000.000,1.827650,0.627388
62160,6,0.120574,0.923735,23,0,1000.000,1.714265,0.638892
62160,7,0.127997,0.946564,22,0,1000.000,1.473981,0.658536
62208,0,0.137484,0.880173,28,0,1000.000,1.954745,0.617642
62208,1,0.129028,0.928998,18,0,1000.000,1.807102,0.655289
62208,2,0.121304,0.942457,17,0,1000.000,1.588023,0.652157
62208,3,0.115373,0.844588,17,0,1000.000,2.294218,0.604392
62208,4,0.136575,0.933872,17,0,1000.000,1.591122,0.638108
62208,5,0.111666,0.924318,18,0,1000.000,1.677937,0.639604
62208,6,0.120574,0.901561,15,0,1000.000,2.113188,0.626965
62208,7,0.127997,0.898664,18,0,1000.000,2.088668,0.626475
62256,0,0.137484,0.866203,20,0,1000.000,2.383774,0.614254
62256,1,0.129028,0.920431,23,0,1000.000,1.565090,0.643188
62256,2,0.121304,0.912891,20,0,1000.000,2.012455,0.622336
62256,3,0.115373,0.893542,20,0,1000.000,2.132260,0.626698
62256,4,0.136575,0.936145,25,0,1000.000,1.671234,0.641044
62256,5,0.111666,0.885145,12,0,1000.000,1.990838,0.646840
62256,6,0.120574,0.929900,13,0,1000.000,2.156378,0.634170
62256,7,0.127997,0.921296,16,0,1000.000,2.009999,0.623991
62352,0,0.137484,0.889966,31,0,1000.000,1.771449,0.633254
62352,1,0.129028,0.897002,44,0,1000.000,1.883399,0.629204
62352,2,0.121304,0.916188,35,0,1000.000,1.816468,0.635821
62352,3,0.115373,0.924681,42,0,1000.000,1.721615,0.647954
62352,4,0.136575,0.897647,57,0,1000.000,1.963641,0.629151
62352,5,0.111666,0.893659,36,0,1000.000,2.123382,0.626130
62352,6,0.120574,0.926732,43,0,1000.000,1.658175,0.646636
62352,7,0.127997,0.919436,48,0,1000.000,1.740375,0.634788
62400,0,0.137484,0.921089,27,0,1000.000,1.480036,0.643021
62400,1,0.129028,0.910930,29,0,1000.000,1.892227,0.646807
62400,2,0.121304,0.886905,20,0,1000.000,1.904425,0.614261
62400,3,0.115373,0.869195,23,0,1000.000,2.021024,0.627463
62400,4,0.136575,0.911275,20,0,1000.000,1.907789,0.639309
62400,5,0.111666,0.919726,20,0,1000.000,1.838552,0.643219
62400,6,0.120574,0.879554,18,0,1000.000,1.823627,0.623783
62400,7,0.127997,0.908931,17,0,1000.000,1.476453,0.645264
62448,0,0.137484,0.888255,27,0,1000.000,1.999875,0.628435
62448,1,0.129028,0.890099,20,0,1000.000,1.730603,0.629433
62448,2,0.121304,0.906757,20,0,1000.000,1.665188,0.640135
62448,3,0.115373,0.893365,16,0,1000.000,1.989432,0.637596
62448,4,0.136575,0.907320,30,0,1000.000,1.861698,0.648670
62448,5,0.111666,0.889615,19,0,1000.000,2.237529,0.639519
62448,6,0.120574,0.899107,31,0,1000.000,1.920462,0.633660
62448,7,0.127997,0.928147,26,0,1000.000,1.782165,0.634415
62496,0,0.114021,0.929791,40,0,1000.000,1.612843,0.646441
62496,1,0.129847,0.890462,31,0,1000.000,1.857306,0.633949
62496,2,0.130540,0.897586,32,0,1000.000,1.937567,0.627293
62496,3,0.127470,0.878004,26,0,1000.000,1.931374,0.612095
62496,4,0.119926,0.863400,28,0,1000.000,2.236891,0.625313
62496,5,0.132016,0.918372,21,0,1000.000,1.577082,0.643728
62496,6,0.120225,0.904016,27,0,1000.000,1.910479,0.639279
62496,7,0.125955,0.902364,31,0,1000.000,1.863296,0.643352
62544,0,0.114021,0.938879,25,0,1000.000,1.356035,0.652285
62544,1,0.129847,0.901771,14,0,1000.000,1.810866,0.637050
62544,2,0.130540,0.919897,25,0,1000.000,1.737398,0.643453
62544,3,0.127470,0.915397,25,0,1000.000,1.561781,0.631608
62544,4,0.119926,0.901159,29,0,1000.000,2.036062,0.642019
62544,5,0.132016,0.909851,28,0,1000.000,1.886558,0.636972
62544,6,0.120225,0.916551,21,0,1000.000,1.785674,0.653463
62544,7,0.125955,0.895593,21,0,1000.000,1.855002,0.640410
62592,0,0.114021,0.923132,23,0,1000.000,1.595554,0.649028
62592,1,0.129847,0.891432,28,0,1000.000,2.074341,0.625211
62592,2,0.130540,0.931924,26,0,1000.000,1.524809,0.638927
62592,3,0.127470,0.928755,18,0,1000.000,1.499173,0.633637
62592,4,0.119926,0.909085,22,0,1000.000,1.819597,0.635485
62592,5,0.132016,0.927025,29,0,1000.000,1.685361,0.654106
62592,6,0.120225,0.888184,25,0,1000.000,2.130953,0.629486
62592,7,0.125955,0.923754,27,0,1000.000,1.575162,0.643032
62640,0,0.114021,0.924529,37,0,1000.000,1.665878,0.638308
62640,1,0.129847,0.885228,29,0,1000.000,2.122633,0.626577
62640,2,0.130540,0.927836,30,0,1000.000,1.738052,0.642927
62640,3,0.127470,0.925571,33,0,1000.000,1.560070,0.649410
62640,4,0.119926,0.886435,27,0,1000.000,2.031399,0.625749
62640,5,0.132016,0.900246,28,0,1000.000,2.074852,0.630902
62640,6,0.120225,0.929763,28,0,1000.000,1.561773,0.643288
62640,7,0.125955,0.920590,28,0,1000.000,1.807998,0.640430
62688,0,0.114021,0.928764,32,0,1000.000,1.692145,0.651632
62688,1,0.129847,0.934794,38,0,1000.000,1.654187,0.640686
62688,2,0.130540,0.900364,34,0,1000.000,1.969838,0.634535
62688,3,0.127470,0.908055,30,0,1000.000,2.023504,0.644762
62688,4,0.119926,0.911103,27,0,1000.000,1.692638,0.643386
62688,5,0.132016,0.929407,35,0,1000.000,1.838279,0.633570
62688,6,0.120225,0.897808,26,0,1000.000,2.082676,0.621112
62688,7,0.125955,0.897353,28,0,1000.000,2.145489,0.622384
62736,0,0.114021,0.923473,29,0,1000.000,1.884208,0.647284
62736,1,0.129847,0.901717,29,0,1000.000,1.840663,0.642963
62736,2,0.130540,0.879465,23,1,959.391,1.586108,0.632108
62736,3,0.127470,0.926969,32,0,1000.000,1.841988,0.652501
62736,4,0.119926,0.931467,33,0,1000.000,1.659517,0.656778
62736,5,0.132016,0.904497,36,0,1000.000,2.052711,0.629655
62736,6,0.120225,0.901087,17,0,1000.000,1.917954,0.637963
62736,7,0.125955,0.930964,24,0,1000.000,1.870911,0.638870
62784,0,0.114021,0.922424,34,0,1000.000,1.867929,0.643310
62784,1,0.129847,0.925118,29,0,1000.000,1.595215,0.640130
62784,2,0.130540,0.923006,32,0,1000.000,1.644609,0.648840
62784,3,0.127470,0.903067,27,0,1000.000,2.034920,0.629556
62784,4,0.119926,0.918914,28,0,1000.000,1.799586,0.634955
62784,5,0.132016,0.931305,38,0,1000.000,1.771014,0.649497
62784,6,0.120225,0.891574,16,0,1000.000,2.049707,0.615276
62784,7,0.125955,0.899882,25,0,1000.000,1.899761,0.633452
62832,0,0.114021,0.923608,21,0,1000.000,1.509427,0.647273
62832,1,0.129847,0.923796,26,0,1000.000,1.791850,0.640980
62832,2,0.130540,0.888011,24,0,1000.000,2.133039,0.622918
62832,3,0.127470,0.894383,25,0,1000.000,2.274495,0.627039
62832,4,0.119926,0.941670,17,0,1000.000,1.338834,0.661593
62832,5,0.132016,0.921920,28,0,1000.000,1.706749,0.631623
62832,6,0.120225,0.896719,14,0,1000.000,1.949104,0.627090
62832,7,0.125955,0.947161,22,0,1000.000,1.605180,0.668330
62880,0,0.114021,0.884693,21,0,1000.000,2.071114,0.624124
62880,1,0.129847,0.898917,19,0,1000.000,1.668553,0.629296
62880,2,0.130540,0.919957,13,1,966.000,1.687376,0.634096
62880,3,0.127470,0.905891,21,0,1000.000,2.009823,0.625541
62880,4,0.119926,0.908026,21,0,1000.000,2.139796,0.635539
62880,5,0.132016,0.895477,19,0,1000.000,1.947699,0.630028
62880,6,0.120225,0.902620,11,0,1000.000,1.795684,0.608764
62880,7,0.125955,0.909684,20,0,1000.000,2.034122,0.640716
62928,0,0.114021,0.926331,19,0,1000.000,1.349871,0.639006
62928,1,0.129847,0.947091,15,0,1000.000,1.713791,0.660538
62928,2,0.130540,0.885842,31,0,1000.000,2.066854,0.636437
62928,3,0.127470,0.920560,18,0,1000.000,1.802828,0.628735
62928,4,0.119926,0.900942,34,0,1000.000,2.057121,0.631090
62928,5,0.132016,0.911189,30,0,1000.000,1.856751,0.637215
62928,6,0.120225,0.937966,17,0,1000.000,1.620212,0.645133
62928,7,0.125955,0.918916,28,0,1000.000,1.821784,0.643372
62976,0,0.114021,0.906014,25,1,988.600,1.795089,0.623118
62976,1,0.129847,0.899365,35,0,1000.000,1.803134,0.631249
62976,2,0.130540,0.918319,27,0,1000.000,1.628270,0.641469
62976,3,0.127470,0.932904,24,0,1000.000,1.832712,0.629646
62976,4,0.119926,0.918310,24,0,1000.000,1.994968,0.635897
62976,5,0.132016,0.866439,28,0,1000.000,1.940643,0.607515
62976,6,0.120225,0.925823,22,0,1000.000,1.690783,0.642479
62976,7,0.125955,0.924770,24,0,1000.000,1.623076,0.640685
63024,0,0.114021,0.913679,24,0,1000.000,1.894824,0.632801
63024,1,0.129847,0.918709,23,0,1000.000,1.907851,0.648939
63024,2,0.130540,0.925627,24,0,1000.000,1.622393,0.641193
63024,3,0.127470,0.887198,26,0,1000.000,2.140749,0.612345
63024,4,0.119926,0.914216,22,0,1000.000,2.070556,0.636078
63024,5,0.132016,0.909520,38,0,1000.000,1.694858,0.636106
63024,6,0.120225,0.898627,24,0,1000.000,1.795942,0.636452
63024,7,0.125955,0.891401,28,0,1000.000,1.957610,0.628754
63072,0,0.114021,0.908148,27,0,1000.000,1.947789,0.630870
63072,1,0.129847,0.892494,23,0,1000.000,1.855993,0.624901
63072,2,0.130540,0.898213,22,0,1000.000,2.190351,0.627492
63072,3,0.127470,0.938012,33,0,1000.000,1.645926,0.641262
63072,4,0.119926,0.901320,24,0,1000.000,1.921270,0.628415
63072,5,0.132016,0.931998,28,0,1000.000,1.876790,0.647741
63072,6,0.120225,0.902883,37,0,1000.000,1.921859,0.625977
63072,7,0.125955,0.912362,20,0,1000.000,2.061981,0.634800
63120,0,0.114021,0.901448,22,0,1000.000,2.170075,0.620660
63120,1,0.129847,0.930748,39,0,1000.000,1.417149,0.639496
63120,2,0.130540,0.904069,36,0,1000.000,1.664198,0.633112
63120,3,0.127470,0.904868,32,0,1000.000,1.911296,0.614530
63120,4,0.119926,0.917202,24,0,1000.000,1.671368,0.625062
63120,5,0.132016,0.894204,27,0,1000.000,1.867078,0.617560
63120,6,0.120225,0.930154,31,0,1000.000,1.393518,0.646027
63120,7,0.125955,0.877960,33,0,1000.000,2.062783,0.619644
63216,0,0.114021,0.900709,34,0,1000.000,1.781793,0.612364
63216,1,0.129847,0.915854,45,0,1000.000,1.899434,0.629274
63216,2,0.130540,0.902416,44,0,1000.000,1.957469,0.635362
63216,3,0.127470,0.915017,34,0,1000.000,2.052420,0.629671
63216,4,0.119926,0.923131,45,0,1000.000,1.835620,0.633840
63216,5,0.132016,0.906242,43,0,1000.000,2.227432,0.627304
63216,6,0.120225,0.906876,45,0,1000.000,1.935447,0.632512
63216,7,0.125955,0.923935,37,0,1000.000,1.774289,0.638241
63264,0,0.114021,0.931478,18,0,1000.000,1.879392,0.640185
63264,1,0.129847,0.855879,16,0,1000.000,2.247648,0.601462
63264,2,0.130540,0.942608,22,0,1000.000,1.668477,0.648357
63264,3,0.127470,0.926113,25,0,1000.000,1.831224,0.630594
63264,4,0.119926,0.893780,15,0,1000.000,2.116765,0.624956
63264,5,0.132016,0.927501,19,0,1000.000,1.572322,0.645816
63264,6,0.120225,0.946661,12,0,1000.000,1.002984,0.650803
63264,7,0.125955,0.919657,18,0,1000.000,1.757618,0.626619
63312,0,0.114021,0.944073,17,0,1000.000,1.238539,0.625981
63312,1,0.129847,0.948287,21,0,1000.000,1.540194,0.650197
63312,2,0.130540,0.902454,29,0,1000.000,2.101427,0.631191
63312,3,0.127470,0.846537,23,1,957.870,2.266110,0.603442
63312,4,0.119926,0.908757,24,0,1000.000,2.015201,0.624728
63312,5,0.132016,0.878674,23,0,1000.000,2.109579,0.617122
63312,6,0.120225,0.916457,20,0,1000.000,1.713389,0.650584
63312,7,0.125955,0.906500,19,0,1000.000,1.735305,0.629571
63360,0,0.114021,0.895435,18,0,1000.000,2.310277,0.623482
63360,1,0.129847,0.911029,13,0,1000.000,1.344970,0.625037
63360,2,0.130540,0.912125,22,0,1000.000,2.054479,0.638397
63360,3,0.127470,0.911795,15,0,1000.000,1.795919,0.628538
63360,4,0.119926,0.897582,25,0,1000.000,1.955370,0.631962
63360,5,0.132016,0.915827,28,0,1000.000,1.775888,0.631495
63360,6,0.120225,0.936402,23,0,1000.000,1.670624,0.658095
63360,7,0.125955,0.919621,22,0,1000.000,2.057032,0.626425
63408,0,0.114021,0.896340,21,0,1000.000,1.876182,0.614632
63408,1,0.129847,0.917275,16,0,1000.000,1.709982,0.636394
63408,2,0.130540,0.909390,30,0,1000.000,1.761150,0.639905
63408,3,0.127470,0.902521,32,0,1000.000,1.995711,0.635150
63408,4,0.119926,0.893934,14,0,1000.000,2.065414,0.641263
63408,5,0.132016,0.904107,17,0,1000.000,1.941827,0.632604
63408,6,0.120225,0.923763,16,0,1000.000,1.563004,0.645942
63408,7,0.125955,0.899386,24,0,1000.000,2.103229,0.633244
63456,0,0.114021,0.911008,21,0,1000.000,1.937997,0.638528
63456,1,0.129847,0.940741,31,0,1000.000,1.603856,0.654432
63456,2,0.130540,0.942116,28,0,1000.000,1.649347,0.655048
63456,3,0.127470,0.944499,16,0,1000.000,1.743297,0.662619
63456,4,0.119926,0.933007,28,0,1000.000,1.758889,0.650483
63456,5,0.132016,0.921184,28,0,1000.000,1.670890,0.638447
63456,6,0.120225,0.925195,25,0,1000.000,1.922901,0.642009
63456,7,0.125955,0.907964,24,0,1000.000,1.934600,0.631332
63504,0,0.114021,0.931466,22,0,1000.000,1.930402,0.636204
63504,1,0.129847,0.928034,26,0,1000.000,1.623050,0.644555
63504,2,0.130540,0.911909,25,0,1000.000,1.990687,0.620819
63504,3,0.127470,0.915855,26,0,1000.000,1.898088,0.636904
63504,4,0.119926,0.919606,40,0,1000.000,1.893741,0.641625
63504,5,0.132016,0.918293,31,0,1000.000,1.822281,0.631453
63504,6,0.120225,0.929356,36,0,1000.000,1.651620,0.643914
63504,7,0.125955,0.938154,30,0,1000.000,1.556323,0.653510
63552,0,0.114021,0.933853,19,0,1000.000,1.799950,0.642636
63552,1,0.129847,0.927097,19,0,1000.000,1.771926,0.639359
63552,2,0.130540,0.944516,24,0,1000.000,1.602995,0.655659
63552,3,0.127470,0.903278,28,0,1000.000,1.861413,0.633811
63552,4,0.119926,0.931537,25,0,1000.000,1.681074,0.663583
63552,5,0.132016,0.928591,25,0,1000.000,1.695722,0.633565
63552,6,0.120225,0.895417,21,1,954.238,1.688727,0.622378
63552,7,0.125955,0.929453,26,0,1000.000,1.898432,0.647944
63600,0,0.114021,0.921493,26,0,1000.000,1.614883,0.650176
63600,1,0.129847,0.924901,19,0,1000.000,1.581371,0.647339
63600,2,0.130540,0.952167,21,0,1000.000,1.301343,0.663501
63600,3,0.127470,0.898954,25,0,1000.000,1.836436,0.629289
63600,4,0.119926,0.919649,17,0,1000.000,2.111508,0.642361
63600,5,0.132016,0.932369,33,0,1000.000,1.790072,0.637609
63600,6,0.120225,0.886952,31,0,1000.000,2.315809,0.603551
63600,7,0.125955,0.905338,24,0,1000.000,2.000767,0.620254
63648,0,0.114021,0.941027,26,0,1000.000,1.692359,0.655996
63648,1,0.129847,0.907624,33,0,1000.000,1.883905,0.651370
63648,2,0.130540,0.922117,38,0,1000.000,1.850460,0.646132
63648,3,0.127470,0.905061,31,0,1000.000,1.992961,0.626365
63648,4,0.119926,0.895996,26,0,1000.000,2.283750,0.626291
63648,5,0.132016,0.891102,38,0,1000.000,2.230547,0.624074
63648,6,0.120225,0.893496,23,0,1000.000,2.085308,0.620967
63648,7,0.125955,0.935938,31,0,1000.000,1.737112,0.653175
63696,0,0.114021,0.927820,35,0,1000.000,1.668789,0.652321
63696,1,0.129847,0.905736,23,0,1000.000,2.083483,0.636958
63696,2,0.130540,0.918287,30,0,1000.000,1.974787,0.636228
63696,3,0.127470,0.938919,32,0,1000.000,1.600792,0.646326
63696,4,0.119926,0.933864,27,0,1000.000,1.916623,0.649975
63696,5,0.132016,0.910359,31,0,1000.000,1.871480,0.626432
63696,6,0.120225,0.933488,36,0,1000.000,1.667029,0.659126
63696,7,0.125955,0.908929,40,0,1000.000,2.050931,0.639711
63744,0,0.114021,0.907882,29,0,1000.000,1.918818,0.639240
63744,1,0.129847,0.911149,25,0,1000.000,1.816775,0.627295
63744,2,0.130540,0.931784,30,0,1000.000,1.990050,0.643007
63744,3,0.127470,0.926356,20,0,1000.000,1.632821,0.640410
63744,4,0.119926,0.937631,26,0,1000.000,1.692943,0.654886
63744,5,0.132016,0.931776,32,0,1000.000,1.830249,0.642217
63744,6,0.120225,0.936762,25,0,1000.000,1.678659,0.661562
63744,7,0.125955,0.907467,24,0,1000.000,2.057668,0.628039
63792,0,0.114021,0.926151,23,0,1000.000,1.716111,0.636635
63792,1,0.129847,0.894040,35,0,1000.000,1.971058,0.632478
63792,2,0.130540,0.905280,28,0,1000.000,2.118012,0.629102
63792,3,0.127470,0.927163,24,0,1000.000,1.710647,0.646819
63792,4,0.119926,0.923886,33,0,1000.000,1.676000,0.642061
63792,5,0.132016,0.931781,31,0,1000.000,1.839930,0.646969
63792,6,0.120225,0.911509,23,0,1000.000,1.669964,0.652400
63792,7,0.125955,0.907792,37,0,1000.000,2.127178,0.632961
63840,0,0.114021,0.880844,17,0,1000.000,2.280677,0.619140
63840,1,0.129847,0.902643,15,0,1000.000,2.018278,0.638864
63840,2,0.130540,0.944179,15,0,1000.000,1.691375,0.640351
63840,3,0.127470,0.938783,19,0,1000.000,1.662372,0.640012
63840,4,0.119926,0.891466,29,0,1000.000,2.147971,0.620096
63840,5,0.132016,0.924140,27,0,1000.000,1.558037,0.652762
63840,6,0.120225,0.909684,17,0,1000.000,1.957876,0.637061
63840,7,0.125955,0.924539,24,0,1000.000,1.702357,0.640853
63888,0,0.114021,0.910735,10,0,1000.000,1.836730,0.638287
63888,1,0.129847,0.911966,26,0,1000.000,2.104303,0.628656
63888,2,0.130540,0.895102,21,0,1000.000,2.148984,0.621976
63888,3,0.127470,0.907347,24,0,1000.000,1.904160,0.629517
63888,4,0.119926,0.890551,16,0,1000.000,1.992756,0.628963
63888,5,0.132016,0.924897,19,0,1000.000,1.771313,0.635725
63888,6,0.120225,0.878369,19,0,1000.000,2.137614,0.615549
63888,7,0.125955,0.871272,18,0,1000.000,2.123400,0.617824
63936,0,0.114021,0.924895,19,0,1000.000,1.546880,0.664816
63936,1,0.129847,0.906968,34,0,1000.000,1.937184,0.637064
63936,2,0.130540,0.919882,20,0,1000.000,1.942879,0.644108
63936,3,0.127470,0.926725,23,0,1000.000,1.773752,0.652315
63936,4,0.119926,0.928414,27,0,1000.000,1.670849,0.635213
63936,5,0.132016,0.931411,25,0,1000.000,1.743487,0.641320
63936,6,0.120225,0.925350,23,0,1000.000,2.025362,0.637859
63936,7,0.125955,0.926997,22,0,1000.000,1.793121,0.639785
63984,0,0.114021,0.929621,20,0,1000.000,1.451655,0.644917
63984,1,0.129847,0.903804,32,0,1000.000,2.148804,0.636448
63984,2,0.130540,0.920014,33,0,1000.000,1.775173,0.648669
63984,3,0.127470,0.876998,16,0,1000.000,2.425856,0.606327
63984,4,0.119926,0.924199,20,0,1000.000,1.813829,0.643641
63984,5,0.132016,0.931894,30,0,1000.000,1.706663,0.641050
63984,6,0.120225,0.918377,32,0,1000.000,1.729881,0.636232
63984,7,0.125955,0.926267,19,0,1000.000,1.605996,0.660051
64032,0,0.114021,0.912624,25,0,1000.000,2.235754,0.627815
64032,1,0.129847,0.891085,33,0,1000.000,2.014230,0.627416
64032,2,0.130540,0.897052,20,0,1000.000,1.751583,0.631852
64032,3,0.127470,0.913199,25,0,1000.000,1.826626,0.632101
64032,4,0.119926,0.910651,22,0,1000.000,1.648184,0.653571
64032,5,0.132016,0.908271,32,0,1000.000,2.098771,0.632435
64032,6,0.120225,0.917837,19,0,1000.000,1.738861,0.640022
64032,7,0.125955,0.927009,33,0,1000.000,1.811926,0.642586
64080,0,0.114021,0.934369,34,0,1000.000,1.604361,0.650386
64080,1,0.129847,0.928497,23,0,1000.000,1.903584,0.641567
64080,2,0.130540,0.920731,36,0,1000.000,1.780388,0.639191
64080,3,0.127470,0.930447,32,0,1000.000,1.746243,0.643993
64080,4,0.119926,0.912692,28,0,1000.000,2.065359,0.627719
64080,5,0.132016,0.894851,30,0,1000.000,2.146102,0.629578
64080,6,0.120225,0.895894,31,0,1000.000,2.112308,0.601937
64080,7,0.125955,0.913872,25,0,1000.000,2.028047,0.635439
64128,0,0.114021,0.934709,19,0,1000.000,1.656100,0.642322
64128,1,0.129847,0.922450,24,0,1000.000,1.722168,0.639043
64128,2,0.130540,0.906205,17,0,1000.000,1.676857,0.632665
64128,3,0.127470,0.907389,27,0,1000.000,2.127791,0.631555
64128,4,0.119926,0.917748,36,0,1000.000,1.851857,0.622871
64128,5,0.132016,0.916704,30,0,1000.000,1.879719,0.630697
64128,6,0.120225,0.926795,31,0,1000.000,1.973471,0.635764
64128,7,0.125955,0.912588,32,0,1000.000,1.922504,0.621679
64176,0,0.114021,0.899964,19,1,955.053,1.689603,0.618963
64176,1,0.129847,0.942612,30,0,1000.000,1.541318,0.629056
64176,2,0.130540,0.931119,25,0,1000.000,1.614506,0.637640
64176,3,0.127470,0.939893,18,0,1000.000,1.491904,0.644668
64176,4,0.119926,0.960319,16,0,1000.000,1.028395,0.656052
64176,5,0.132016,0.891045,20,0,1000.000,2.098904,0.630076
64176,6,0.120225,0.908884,28,0,1000.000,1.953548,0.635440
64176,7,0.125955,0.930248,22,0,1000.000,1.700164,0.644113
64224,0,0.114021,0.909662,17,0,1000.000,2.090012,0.628243
64224,1,0.129847,0.907478,23,0,1000.000,2.007215,0.627461
64224,2,0.130540,0.925292,28,0,1000.000,1.866828,0.636412
64224,3,0.127470,0.918491,17,0,1000.000,1.349982,0.627311
64224,4,0.119926,0.913392,15,0,1000.000,1.948132,0.642779
64224,5,0.132016,0.918113,21,0,1000.000,1.534103,0.644903
64224,6,0.120225,0.925145,17,0,1000.000,1.914439,0.642444
64224,7,0.125955,0.908248,17,0,1000.000,1.697989,0.631458
64272,0,0.114021,0.890331,16,0,1000.000,2.006547,0.625049
64272,1,0.129847,0.941210,10,0,1000.000,1.498641,0.658791
64272,2,0.130540,0.923155,20,0,1000.000,1.566759,0.632804
64272,3,0.127470,0.891725,18,0,1000.000,2.081728,0.637553
64272,4,0.119926,0.937346,14,0,1000.000,1.358460,0.638288
64272,5,0.132016,0.915875,26,0,1000.000,1.976377,0.636548
64272,6,0.120225,0.926480,24,0,1000.000,1.650680,0.633983
64272,7,0.125955,0.922786,11,0,1000.000,1.985644,0.643219
64320,0,0.114021,0.926301,18,1,974.556,1.785112,0.639863
64320,1,0.129847,0.931752,32,0,1000.000,1.592803,0.645878
64320,2,0.130540,0.910326,24,0,1000.000,1.939165,0.632303
64320,3,0.127470,0.937468,26,0,1000.000,1.733082,0.665219
64320,4,0.119926,0.900367,21,0,1000.000,2.238515,0.624473
64320,5,0.132016,0.919814,14,0,1000.000,2.029535,0.625053
64320,6,0.120225,0.929683,27,0,1000.000,1.736228,0.635806
64320,7,0.125955,0.923989,16,0,1000.000,1.977444,0.625107
64368,0,0.114021,0.931049,11,0,1000.000,1.603422,0.632646
64368,1,0.129847,0.913713,16,0,1000.000,1.976391,0.619976
64368,2,0.130540,0.907645,29,0,1000.000,1.800514,0.637640
64368,3,0.127470,0.893971,18,0,1000.000,2.152980,0.638438
64368,4,0.119926,0.896229,26,0,1000.000,1.878014,0.628351
64368,5,0.132016,0.888516,29,0,1000.000,2.130081,0.636085
64368,6,0.120225,0.908509,22,0,1000.000,1.860928,0.630922
64368,7,0.125955,0.901531,21,0,1000.000,2.032739,0.629853
64416,0,0.114021,0.914621,22,0,1000.000,1.781961,0.629893
64416,1,0.129847,0.918342,23,0,1000.000,1.574490,0.639157
64416,2,0.130540,0.918495,26,0,1000.000,2.079262,0.628979
64416,3,0.127470,0.939496,14,0,1000.000,1.571353,0.653743
64416,4,0.119926,0.920403,19,0,1000.000,1.781021,0.633955
64416,5,0.132016,0.919611,27,0,1000.000,1.845781,0.646555
64416,6,0.120225,0.906878,23,0,1000.000,1.995038,0.622113
64416,7,0.125955,0.921087,15,0,1000.000,1.939166,0.646768
64464,0,0.114021,0.934927,22,0,1000.000,1.717654,0.666432
64464,1,0.129847,0.888133,29,0,1000.000,2.158920,0.634497
64464,2,0.130540,0.921158,31,0,1000.000,1.764455,0.649568
64464,3,0.127470,0.923121,27,0,1000.000,1.924044,0.645283
64464,4,0.119926,0.919126,21,0,1000.000,1.879425,0.647869
64464,5,0.132016,0.944565,27,0,1000.000,1.504567,0.664257
64464,6,0.120225,0.936790,18,0,1000.000,1.494429,0.669469
64464,7,0.125955,0.920015,35,1,972.571,1.316519,0.652139
64512,0,0.114021,0.916298,20,0,1000.000,1.676984,0.635724
64512,1,0.129847,0.912576,20,0,1000.000,1.768895,0.630095
64512,2,0.130540,0.902827,39,0,1000.000,2.012103,0.640352
64512,3,0.127470,0.891049,36,0,1000.000,2.040349,0.630574
64512,4,0.119926,0.927783,20,0,1000.000,1.724560,0.665821
64512,5,0.132016,0.902417,36,0,1000.000,1.967216,0.626462
64512,6,0.120225,0.915729,31,0,1000.000,1.853963,0.641034
64512,7,0.125955,0.898030,25,0,1000.000,2.159318,0.643542
64560,0,0.114021,0.910583,24,0,1000.000,1.856110,0.639569
64560,1,0.129847,0.914916,18,0,1000.000,1.955128,0.630642
64560,2,0.130540,0.918774,24,0,1000.000,1.883364,0.637203
64560,3,0.127470,0.900756,32,0,1000.000,1.940023,0.630873
64560,4,0.119926,0.895606,19,0,1000.000,2.249639,0.630481
64560,5,0.132016,0.907289,21,0,1000.000,1.897119,0.626310
64560,6,0.120225,0.931688,17,0,1000.000,1.741775,0.652591
64560,7,0.125955,0.913893,27,0,1000.000,1.975214,0.641218
64608,0,0.114021,0.923743,16,0,1000.000,1.676559,0.644756
64608,1,0.129847,0.914694,22,0,1000.000,1.860381,0.634517
64608,2,0.130540,0.907690,31,0,1000.000,1.951367,0.630557
64608,3,0.127470,0.911411,34,0,1000.000,1.942782,0.637921
64608,4,0.119926,0.940710,28,0,1000.000,1.498708,0.656077
64608,5,0.132016,0.926262,23,0,1000.000,1.763735,0.636130
64608,6,0.120225,0.907732,31,0,1000.000,1.968158,0.644815
64608,7,0.125955,0.905959,27,0,1000.000,2.282298,0.632155
64656,0,0.114021,0.904266,27,0,1000.000,1.731753,0.625458
64656,1,0.129847,0.924528,32,0,1000.000,1.703143,0.649844
64656,2,0.130540,0.921803,39,0,1000.000,1.819108,0.649145
64656,3,0.127470,0.894323,20,0,1000.000,2.332903,0.608081
64656,4,0.119926,0.912515,28,0,1000.000,1.847534,0.637690
64656,5,0.132016,0.909756,29,0,1000.000,2.198079,0.633716
64656,6,0.120225,0.904572,26,0,1000.000,2.008739,0.626010
64656,7,0.125955,0.910071,36,0,1000.000,2.074653,0.632165
64704,0,0.114021,0.924729,32,1,977.344,1.778085,0.659256
64704,1,0.129847,0.930014,31,0,1000.000,1.701190,0.646441
64704,2,0.130540,0.937404,29,0,1000.000,1.533287,0.662372
64704,3,0.127470,0.938361,30,0,1000.000,1.705750,0.649698
64704,4,0.119926,0.915196,31,0,1000.000,1.700131,0.629646
64704,5,0.132016,0.911165,37,0,1000.000,1.998040,0.631626
64704,6,0.120225,0.933794,38,0,1000.000,1.723337,0.655260
64704,7,0.125955,0.891811,29,0,1000.000,2.115864,0.618246
64752,0,0.114021,0.903132,23,0,1000.000,1.938591,0.629750
64752,1,0.129847,0.942086,31,0,1000.000,1.644616,0.658632
64752,2,0.130540,0.907795,18,0,1000.000,1.940188,0.638147
64752,3,0.127470,0.924013,37,0,1000.000,1.699895,0.646401
64752,4,0.119926,0.922781,21,0,1000.000,1.634664,0.649561
64752,5,0.132016,0.927203,26,0,1000.000,1.926983,0.637971
64752,6,0.120225,0.921235,16,0,1000.000,2.079264,0.638102
64752,7,0.125955,0.912937,39,0,1000.000,1.933304,0.639893
64848,0,0.114021,0.917736,47,0,1000.000,1.942729,0.639299
64848,1,0.129847,0.913516,52,0,1000.000,1.870313,0.635294
64848,2,0.130540,0.899054,41,0,1000.000,2.025491,0.629264
64848,3,0.127470,0.899456,57,0,1000.000,1.905614,0.635717
64848,4,0.119926,0.904826,45,0,1000.000,1.963638,0.634990
64848,5,0.132016,0.896312,42,0,1000.000,2.116038,0.628311
64848,6,0.120225,0.923327,65,0,1000.000,1.894622,0.642687
64848,7,0.125955,0.923222,42,0,1000.000,1.807957,0.640003
64896,0,0.136969,0.929194,19,0,1000.000,1.579628,0.639559
64896,1,0.116851,0.886712,17,0,1000.000,1.990347,0.625298
64896,2,0.125338,0.922631,21,0,1000.000,1.774061,0.631478
64896,3,0.125696,0.907038,16,0,1000.000,1.989041,0.640594
64896,4,0.123051,0.913370,26,0,1000.000,2.169432,0.629750
64896,5,0.118829,0.915901,18,0,1000.000,2.057619,0.655054
64896,6,0.131153,0.922336,18,0,1000.000,1.862577,0.647340
64896,7,0.122113,0.919921,18,0,1000.000,2.081245,0.643756
64944,0,0.136969,0.907476,21,0,1000.000,1.858425,0.623318
64944,1,0.116851,0.891031,32,0,1000.000,1.972315,0.630984
64944,2,0.125338,0.902688,28,0,1000.000,2.124549,0.633194
64944,3,0.125696,0.900511,24,0,1000.000,2.069113,0.621742
64944,4,0.123051,0.925243,27,0,1000.000,1.819566,0.656135
64944,5,0.118829,0.899450,26,0,1000.000,2.215053,0.644685
64944,6,0.131153,0.922262,25,0,1000.000,1.767701,0.644626
64944,7,0.122113,0.906488,19,0,1000.000,1.891783,0.626694
64992,0,0.136969,0.917757,24,0,1000.000,1.687549,0.646517
64992,1,0.116851,0.917349,25,0,1000.000,1.675771,0.634180
64992,2,0.125338,0.900826,27,0,1000.000,2.012289,0.626588
64992,3,0.125696,0.944495,17,0,1000.000,1.608276,0.655402
64992,4,0.123051,0.933716,24,0,1000.000,1.767889,0.639722
64992,5,0.118829,0.920544,28,0,1000.000,1.680169,0.645335
64992,6,0.131153,0.928487,32,0,1000.000,1.604631,0.651744
64992,7,0.122113,0.859173,22,1,957.318,2.039970,0.622437
65040,0,0.136969,0.919016,28,0,1000.000,1.755667,0.640354
65040,1,0.116851,0.911941,23,0,1000.000,1.589283,0.627534
65040,2,0.125338,0.935121,30,0,1000.000,1.647453,0.648046
65040,3,0.125696,0.919126,28,0,1000.000,1.915610,0.649568
65040,4,0.123051,0.895086,24,0,1000.000,1.986034,0.624855
65040,5,0.118829,0.913896,25,0,1000.000,1.572162,0.655242
65040,6,0.131153,0.930493,26,0,1000.000,1.692768,0.659802
65040,7,0.122113,0.927376,22,0,1000.000,1.735968,0.643247
65088,0,0.136969,0.925500,34,0,1000.000,1.719513,0.632417
65088,1,0.116851,0.926415,26,0,1000.000,1.757399,0.644119
65088,2,0.125338,0.908530,35,0,1000.000,1.850550,0.626626
65088,3,0.125696,0.892529,31,0,1000.000,2.183632,0.620743
65088,4,0.123051,0.885051,29,0,1000.000,2.219820,0.619425
65088,5,0.118829,0.890494,28,0,1000.000,1.896518,0.636674
65088,6,0.131153,0.899738,33,0,1000.000,2.011130,0.630684
65088,7,0.122113,0.853009,22,1,957.182,2.150728,0.601690
65136,0,0.136969,0.908287,29,0,1000.000,1.828255,0.643785
65136,1,0.116851,0.936928,21,0,1000.000,1.447612,0.641219
65136,2,0.125338,0.921788,28,0,1000.000,1.718399,0.642117
65136,3,0.125696,0.905558,28,0,1000.000,1.727396,0.627164
65136,4,0.123051,0.908667,25,0,1000.000,1.927152,0.634363
65136,5,0.118829,0.901594,26,0,1000.000,1.754882,0.640972
65136,6,0.131153,0.913417,38,0,1000.000,1.734663,0.640884
65136,7,0.122113,0.897561,25,0,1000.000,2.017825,0.635272
65184,0,0.136969,0.930740,24,0,1000.000,1.753498,0.650036
65184,1,0.116851,0.940399,18,0,1000.000,1.686787,0.661397
65184,2,0.125338,0.934743,20,0,1000.000,1.880864,0.642912
65184,3,0.125696,0.903404,21,0,1000.000,1.720070,0.649166
65184,4,0.123051,0.912057,22,0,1000.000,1.913170,0.636977
65184,5,0.118829,0.911488,22,0,1000.000,2.227157,0.630156
65184,6,0.131153,0.939560,16,0,1000.000,1.816487,0.642021
65184,7,0.122113,0.939035,19,0,1000.000,1.672055,0.646520
65232,0,0.136969,0.902031,27,0,1000.000,1.727805,0.636570
65232,1,0.116851,0.909076,22,0,1000.000,1.791268,0.636828
65232,2,0.125338,0.935814,13,0,1000.000,1.462881,0.650013
65232,3,0.125696,0.926914,18,0,1000.000,1.756402,0.641592
65232,4,0.123051,0.926174,16,0,1000.000,1.912801,0.643587
65232,5,0.118829,0.924043,15,0,1000.000,1.661782,0.630809
65232,6,0.131153,0.913072,17,0,1000.000,1.871730,0.649498
65232,7,0.122113,0.863958,24,1,974.000,2.225870,0.615523
65280,0,0.136969,0.931497,20,0,1000.000,1.602163,0.664292
65280,1,0.116851,0.893636,21,0,1000.000,1.854657,0.631262
65280,2,0.125338,0.903138,22,0,1000.000,2.093314,0.624046
65280,3,0.125696,0.872671,17,0,1000.000,2.269795,0.621434
65280,4,0.123051,0.891498,23,0,1000.000,1.980020,0.630672
65280,5,0.118829,0.869975,19,0,1000.000,2.219140,0.615382
65280,6,0.131153,0.877079,9,0,1000.000,2.535924,0.613601
65280,7,0.122113,0.878860,21,0,1000.000,1.929381,0.634012
65328,0,0.136969,0.932154,25,0,1000.000,1.346185,0.633130
65328,1,0.116851,0.948929,12,0,1000.000,1.376395,0.663214
65328,2,0.125338,0.893797,24,0,1000.000,2.229157,0.630257
65328,3,0.125696,0.904652,27,0,1000.000,1.999143,0.640154
65328,4,0.123051,0.887647,20,0,1000.000,2.133973,0.632222
65328,5,0.118829,0.932710,15,0,1000.000,1.878180,0.640773
65328,6,0.131153,0.883828,29,0,1000.000,2.417197,0.624873
65328,7,0.122113,0.951098,20,0,1000.000,1.452916,0.664317
65376,0,0.136969,0.900177,31,0,1000.000,2.075218,0.632629
65376,1,0.116851,0.918075,12,0,1000.000,1.789064,0.629284
65376,2,0.125338,0.928411,24,0,1000.000,1.655200,0.648175
65376,3,0.125696,0.923132,23,0,1000.000,1.677270,0.633276
65376,4,0.123051,0.930380,26,0,1000.000,1.773007,0.660206
65376,5,0.118829,0.920658,17,0,1000.000,1.948656,0.651222
65376,6,0.131153,0.935457,18,0,1000.000,1.681702,0.626789
65376,7,0.122113,0.931374,25,0,1000.000,1.724228,0.653708
65424,0,0.136969,0.928446,19,0,1000.000,1.812173,0.646101
65424,1,0.116851,0.929603,22,0,1000.000,1.555754,0.656030
65424,2,0.125338,0.934648,23,0,1000.000,1.515141,0.659066
65424,3,0.125696,0.907962,25,0,1000.000,1.996213,0.633233
65424,4,0.123051,0.889397,16,0,1000.000,2.118331,0.627526
65424,5,0.118829,0.895871,18,0,1000.000,2.000776,0.629278
65424,6,0.131153,0.908033,23,0,1000.000,1.798966,0.635130
65424,7,0.122113,0.925324,25,0,1000.000,1.765840,0.653468
65472,0,0.136969,0.908674,26,1,999.808,2.013056,0.647914
65472,1,0.116851,0.913790,22,0,1000.000,1.916098,0.653866
65472,2,0.125338,0.890599,28,0,1000.000,2.028603,0.633942
65472,3,0.125696,0.916236,23,0,1000.000,2.014363,0.649799
65472,4,0.123051,0.925186,34,0,1000.000,1.725757,0.659255
65472,5,0.118829,0.904786,29,0,1000.000,2.121556,0.646814
65472,6,0.131153,0.928540,35,0,1000.000,1.763004,0.650499
65472,7,0.122113,0.920573,25,0,1000.000,1.488540,0.651828
65520,0,0.136969,0.902762,33,0,1000.000,2.038985,0.632494
65520,1,0.116851,0.910525,25,1,994.040,1.663032,0.643046
65520,2,0.125338,0.908805,23,0,1000.000,2.037971,0.641365
65520,3,0.125696,0.930881,27,0,1000.000,1.662565,0.639282
65520,4,0.123051,0.936729,24,0,1000.000,1.778819,0.662146
65520,5,0.118829,0.922316,26,0,1000.000,1.760852,0.644745
65520,6,0.131153,0.913069,29,0,1000.000,1.870992,0.641178
65520,7,0.122113,0.905197,28,0,1000.000,1.983722,0.614876
65568,0,0.136969,0.913316,30,0,1000.000,1.960641,0.637127
65568,1,0.116851,0.908083,25,0,1000.000,1.758250,0.631494
65568,2,0.125338,0.941623,27,0,1000.000,1.569276,0.642511
65568,3,0.125696,0.918611,23,0,1000.000,1.870828,0.632561
65568,4,0.123051,0.951330,26,0,1000.000,1.454040,0.651541
65568,5,0.118829,0.919169,20,0,1000.000,1.940811,0.647912
65568,6,0.131153,0.897720,24,0,1000.000,1.861965,0.649439
65568,7,0.122113,0.902389,17,0,1000.000,1.995207,0.626477
65616,0,0.136969,0.919279,35,0,1000.000,1.805262,0.647770
65616,1,0.116851,0.891440,22,0,1000.000,2.042030,0.632687
65616,2,0.125338,0.914445,23,0,1000.000,2.000406,0.632456
65616,3,0.125696,0.917644,22,0,1000.000,2.002029,0.637272
65616,4,0.123051,0.912799,20,0,1000.000,2.023255,0.637309
65616,5,0.118829,0.903936,28,0,1000.000,1.936381,0.631014
65616,6,0.131153,0.916757,30,0,1000.000,1.863692,0.652300
65616,7,0.122113,0.914446,24,0,1000.000,2.033478,0.634245
65664,0,0.136969,0.919853,38,0,1000.000,1.572584,0.655110
65664,1,0.116851,0.913000,31,0,1000.000,2.057204,0.644565
65664,2,0.125338,0.928132,27,0,1000.000,1.673910,0.654721
65664,3,0.125696,0.883251,28,0,1000.000,2.385444,0.618238
65664,4,0.123051,0.923209,23,0,1000.000,1.762084,0.642042
65664,5,0.118829,0.918724,29,0,1000.000,1.734638,0.637301
65664,6,0.131153,0.934013,30,0,1000.000,1.746644,0.663605
65664,7,0.122113,0.899953,41,0,1000.000,2.136091,0.632907
65712,0,0.136969,0.926069,27,0,1000.000,1.795891,0.647749
65712,1,0.116851,0.931053,34,0,1000.000,1.750916,0.648241
65712,2,0.125338,0.915569,38,0,1000.000,1.968298,0.635110
65712,3,0.125696,0.929200,38,0,1000.000,1.765843,0.650308
65712,4,0.123051,0.899887,34,0,1000.000,2.079907,0.631292
65712,5,0.118829,0.924499,28,0,1000.000,1.966947,0.654802
65712,6,0.131153,0.945105,23,0,1000.000,1.665249,0.658548
65712,7,0.122113,0.890763,25,0,1000.000,2.002261,0.617728
65760,0,0.136969,0.897325,52,0,1000.000,2.034758,0.634019
65760,1,0.116851,0.907535,23,0,1000.000,1.871120,0.642075
65760,2,0.125338,0.907276,19,0,1000.000,1.840572,0.612680
65760,3,0.125696,0.897297,24,0,1000.000,2.087205,0.626944
65760,4,0.123051,0.919978,22,0,1000.000,1.709923,0.657402
65760,5,0.118829,0.922850,31,0,1000.000,1.913346,0.646361
65760,6,0.131153,0.936680,30,0,1000.000,1.680287,0.656863
65760,7,0.122113,0.908940,19,0,1000.000,2.080248,0.632261
65808,0,0.136969,0.935823,22,0,1000.000,1.683711,0.655932
65808,1,0.116851,0.930977,37,0,1000.000,1.657963,0.654141
65808,2,0.125338,0.932767,23,0,1000.000,1.512328,0.655448
65808,3,0.125696,0.934358,37,0,1000.000,1.654637,0.650741
65808,4,0.123051,0.924195,23,0,1000.000,1.682946,0.646736
65808,5,0.118829,0.895756,20,0,1000.000,2.187710,0.634909
65808,6,0.131153,0.901060,32,0,1000.000,2.022125,0.637072
65808,7,0.122113,0.932492,27,0,1000.000,1.753632,0.654743
65856,0,0.136969,0.892179,18,0,1000.000,1.848235,0.625936
65856,1,0.116851,0.914030,16,0,1000.000,1.424328,0.647309
65856,2,0.125338,0.920835,19,0,1000.000,1.679329,0.631139
65856,3,0.125696,0.944777,21,0,1000.000,1.569597,0.669515
65856,4,0.123051,0.910906,19,0,1000.000,1.845597,0.624759
65856,5,0.118829,0.846890,19,1,949.579,1.911563,0.605150
65856,6,0.131153,0.931618,20,0,1000.000,1.631559,0.654261
65856,7,0.122113,0.833061,14,0,1000.000,2.609642,0.600689
65904,0,0.136969,0.910057,19,0,1000.000,1.786936,0.628261
65904,1,0.116851,0.930104,17,0,1000.000,1.759194,0.638039
65904,2,0.125338,0.931441,31,0,1000.000,1.752702,0.638191
65904,3,0.125696,0.904446,18,0,1000.000,2.026359,0.624102
65904,4,0.123051,0.915037,17,0,1000.000,2.012688,0.646460
65904,5,0.118829,0.908786,24,0,1000.000,1.776023,0.641652
65904,6,0.131153,0.902167,18,0,1000.000,2.168785,0.634568
65904,7,0.122113,0.895804,17,0,1000.000,2.223512,0.622313
65952,0,0.136969,0.913384,30,1,999.200,1.735668,0.633077
65952,1,0.116851,0.897518,25,0,1000.000,2.175303,0.629677
65952,2,0.125338,0.895673,24,0,1000.000,2.079865,0.625459
65952,3,0.125696,0.943314,31,0,1000.000,1.403257,0.643096
65952,4,0.123051,0.866070,19,0,1000.000,2.077042,0.621278
65952,5,0.118829,0.920098,20,0,1000.000,1.638655,0.649712
65952,6,0.131153,0.920898,31,0,1000.000,1.899588,0.643699
65952,7,0.122113,0.927378,24,0,1000.000,2.041632,0.641861
66000,0,0.136969,0.891066,28,0,1000.000,2.123602,0.616141
66000,1,0.116851,0.931006,27,0,1000.000,1.834566,0.636998
66000,2,0.125338,0.889310,19,0,1000.000,2.296560,0.628734
66000,3,0.125696,0.934159,29,0,1000.000,1.683547,0.639701
66000,4,0.123051,0.910739,23,0,1000.000,2.087455,0.638223
66000,5,0.118829,0.937215,18,0,1000.000,1.542844,0.654476
66000,6,0.131153,0.902442,27,0,1000.000,1.845055,0.622308
66000,7,0.122113,0.930419,20,0,1000.000,1.805745,0.641608
66096,0,0.136969,0.898586,66,1,986.136,1.956078,0.622258
66096,1,0.116851,0.909505,59,0,1000.000,1.792519,0.641073
66096,2,0.125338,0.891044,52,0,1000.000,2.131469,0.625057
66096,3,0.125696,0.915747,55,0,1000.000,1.886621,0.638046
66096,4,0.123051,0.931471,57,0,1000.000,1.653235,0.650720
66096,5,0.118829,0.930802,50,0,1000.000,1.683232,0.642273
66096,6,0.131153,0.905330,62,0,1000.000,1.906091,0.639477
66096,7,0.122113,0.893569,64,0,1000.000,1.978144,0.622527
66144,0,0.136969,0.915797,25,0,1000.000,1.714610,0.618265
66144,1,0.116851,0.903799,19,0,1000.000,1.655927,0.628183
66144,2,0.125338,0.906860,27,0,1000.000,1.642991,0.628197
66144,3,0.125696,0.928883,25,0,1000.000,1.654777,0.626532
66144,4,0.123051,0.937053,31,0,1000.000,1.544652,0.635097
66144,5,0.118829,0.883164,21,0,1000.000,1.815492,0.609809
66144,6,0.131153,0.914734,25,0,1000.000,1.864710,0.620885
66144,7,0.122113,0.903141,37,1,974.757,1.705723,0.631205
66192,0,0.136969,0.927239,20,0,1000.000,1.601423,0.652264
66192,1,0.116851,0.927135,21,0,1000.000,1.797615,0.635052
66192,2,0.125338,0.897540,31,0,1000.000,2.339777,0.614679
66192,3,0.125696,0.930934,15,0,1000.000,1.986911,0.628667
66192,4,0.123051,0.885203,27,0,1000.000,1.944613,0.631139
66192,5,0.118829,0.898464,21,0,1000.000,2.185136,0.624167
66192,6,0.131153,0.925584,12,0,1000.000,1.749368,0.642192
66192,7,0.122113,0.951930,11,0,1000.000,1.596235,0.672275
66240,0,0.136969,0.926646,16,0,1000.000,1.881054,0.637621
66240,1,0.116851,0.947692,19,0,1000.000,1.606139,0.660783
66240,2,0.125338,0.925258,22,0,1000.000,1.420264,0.643209
66240,3,0.125696,0.895177,20,0,1000.000,1.755280,0.617826
66240,4,0.123051,0.939487,20,0,1000.000,1.694409,0.662576
66240,5,0.118829,0.910099,17,0,1000.000,2.124820,0.638623
66240,6,0.131153,0.895292,28,0,1000.000,2.132189,0.629642
66240,7,0.122113,0.937921,12,0,1000.000,1.483072,0.650794
66288,0,0.136969,0.921051,28,0,1000.000,1.763885,0.642305
66288,1,0.116851,0.913367,23,0,1000.000,1.769489,0.650792
66288,2,0.125338,0.917135,17,0,1000.000,1.759070,0.635404
66288,3,0.125696,0.929316,16,0,1000.000,1.600749,0.651609
66288,4,0.123051,0.903064,24,0,1000.000,1.848505,0.636297
66288,5,0.118829,0.929684,15,0,1000.000,1.598491,0.658576
66288,6,0.131153,0.887720,18,0,1000.000,2.142713,0.618953
66288,7,0.122113,0.932602,12,0,1000.000,1.706327,0.646118
66384,0,0.136969,0.925947,36,0,1000.000,1.622219,0.657345
66384,1,0.116851,0.914982,36,0,1000.000,1.657871,0.639410
66384,2,0.125338,0.914288,52,0,1000.000,1.851794,0.639843
66384,3,0.125696,0.919752,39,0,1000.000,1.948267,0.648118
66384,4,0.123051,0.881841,39,1,975.974,1.896728,0.631446
66384,5,0.118829,0.910152,46,0,1000.000,2.130679,0.628151
66384,6,0.131153,0.927979,51,0,1000.000,1.768879,0.646026
66384,7,0.122113,0.918487,46,0,1000.000,1.815079,0.639243
66432,0,0.136969,0.910770,26,0,1000.000,2.074630,0.623254
66432,1,0.116851,0.906575,20,0,1000.000,1.909203,0.635071
66432,2,0.125338,0.932518,24,0,1000.000,1.540595,0.651783
66432,3,0.125696,0.940570,14,0,1000.000,1.668386,0.662057
66432,4,0.123051,0.926014,24,0,1000.000,1.931944,0.647727
66432,5,0.118829,0.883306,26,0,1000.000,2.203218,0.627852
66432,6,0.131153,0.926065,26,0,1000.000,2.050064,0.644308
66432,7,0.122113,0.922578,16,0,1000.000,1.783894,0.640082
66480,0,0.136969,0.911683,31,0,1000.000,2.051251,0.630387
66480,1,0.116851,0.924233,23,0,1000.000,1.757120,0.650585
66480,2,0.125338,0.916471,33,0,1000.000,1.875338,0.631680
66480,3,0.125696,0.947607,25,0,1000.000,1.283261,0.665965
66480,4,0.123051,0.906571,34,0,1000.000,2.037679,0.630833
66480,5,0.118829,0.933364,26,0,1000.000,1.603420,0.659826
66480,6,0.131153,0.927753,25,0,1000.000,1.630815,0.641367
66480,7,0.122113,0.931484,30,0,1000.000,1.978286,0.634258
66528,0,0.136969,0.913947,28,0,1000.000,1.698546,0.652744
66528,1,0.116851,0.910204,27,0,1000.000,2.010632,0.630022
66528,2,0.125338,0.918717,27,0,1000.000,2.025159,0.640412
66528,3,0.125696,0.933803,28,0,1000.000,1.530600,0.660811
66528,4,0.123051,0.915250,26,0,1000.000,1.943939,0.632093
66528,5,0.118829,0.930579,28,0,1000.000,1.678523,0.637591
66528,6,0.131153,0.904022,29,0,1000.000,2.172662,0.624251
66528,7,0.122113,0.912650,16,0,1000.000,1.781276,0.618739
66576,0,0.136969,0.902855,32,0,1000.000,2.124792,0.627217
66576,1,0.116851,0.918809,28,0,1000.000,1.744033,0.638450
66576,2,0.125338,0.901720,27,0,1000.000,2.002189,0.634075
66576,3,0.125696,0.911098,17,0,1000.000,1.874506,0.632929
66576,4,0.123051,0.921962,26,0,1000.000,1.627473,0.637539
66576,5,0.118829,0.914385,20,0,1000.000,2.065332,0.616298
66576,6,0.131153,0.863579,21,1,955.333,1.904066,0.615939
66576,7,0.122113,0.927758,18,0,1000.000,2.058308,0.651466
66624,0,0.136969,0.896613,46,1,981.174,1.912359,0.627700
66624,1,0.116851,0.898816,21,0,1000.000,2.159520,0.619534
66624,2,0.125338,0.914843,30,0,1000.000,1.833230,0.628349
66624,3,0.125696,0.863251,23,1,960.087,2.188843,0.619113
66624,4,0.123051,0.910034,23,0,1000.000,1.845019,0.651466
66624,5,0.118829,0.918777,24,0,1000.000,1.842537,0.624457
66624,6,0.131153,0.907223,23,0,1000.000,2.010129,0.634023
66624,7,0.122113,0.926472,35,0,1000.000,1.584395,0.655239
66672,0,0.136969,0.941841,32,0,1000.000,1.503294,0.661171
66672,1,0.116851,0.897479,23,0,1000.000,2.090303,0.621947
66672,2,0.125338,0.937527,34,0,1000.000,1.666137,0.651380
66672,3,0.125696,0.929437,31,0,1000.000,1.853101,0.639326
66672,4,0.123051,0.917203,28,0,1000.000,1.638448,0.648145
66672,5,0.118829,0.927486,32,0,1000.000,1.727403,0.644734
66672,6,0.131153,0.898798,27,0,1000.000,1.955601,0.627593
66672,7,0.122113,0.931456,28,0,1000.000,1.900078,0.647372
66720,0,0.136969,0.936644,28,0,1000.000,1.511602,0.637096
66720,1,0.116851,0.917868,37,0,1000.000,1.823976,0.645339
66720,2,0.125338,0.905537,24,0,1000.000,1.877769,0.629025
66720,3,0.125696,0.918147,38,0,1000.000,1.946010,0.643393
66720,4,0.123051,0.862410,32,1,970.188,2.046486,0.618844
66720,5,0.118829,0.931283,41,0,1000.000,1.712770,0.646002
66720,6,0.131153,0.949463,28,0,1000.000,1.550328,0.652865
66720,7,0.122113,0.951556,25,0,1000.000,1.433222,0.662817
66768,0,0.136969,0.890864,36,0,1000.000,2.152727,0.628993
66768,1,0.116851,0.897851,25,0,1000.000,2.006142,0.633597
66768,2,0.125338,0.922915,32,0,1000.000,1.812616,0.634859
66768,3,0.125696,0.922670,28,0,1000.000,1.822556,0.638155
66768,4,0.123051,0.941978,24,0,1000.000,1.685089,0.656154
66768,5,0.118829,0.918241,21,0,1000.000,1.960367,0.649210
66768,6,0.131153,0.920622,30,0,1000.000,1.667750,0.650112
66768,7,0.122113,0.916798,32,0,1000.000,2.134353,0.638074
66816,0,0.136969,0.900540,23,0,1000.000,2.205450,0.630298
66816,1,0.116851,0.899087,18,0,1000.000,2.212236,0.628063
66816,2,0.125338,0.908727,23,0,1000.000,1.932494,0.626577
66816,3,0.125696,0.915382,34,0,1000.000,1.620490,0.645470
66816,4,0.123051,0.917291,22,0,1000.000,2.196079,0.622593
66816,5,0.118829,0.948872,28,0,1000.000,1.400795,0.650914
66816,6,0.131153,0.930668,28,0,1000.000,1.921697,0.634640
66816,7,0.122113,0.910902,29,1,970.483,1.519936,0.648225
66864,0,0.136969,0.924002,19,0,1000.000,1.600976,0.642309
66864,1,0.116851,0.944727,20,0,1000.000,1.370788,0.654017
66864,2,0.125338,0.917965,24,0,1000.000,1.951880,0.635002
66864,3,0.125696,0.949291,13,0,1000.000,1.460035,0.653762
66864,4,0.123051,0.917626,16,0,1000.000,1.863375,0.627181
66864,5,0.118829,0.848737,9,0,1000.000,2.479604,0.603728
66864,6,0.131153,0.922120,12,0,1000.000,1.620588,0.640417
66864,7,0.122113,0.917869,18,0,1000.000,1.929160,0.637246
66912,0,0.136969,0.918122,30,1,970.400,1.613679,0.622174
66912,1,0.116851,0.936515,21,0,1000.000,1.768992,0.659795
66912,2,0.125338,0.926849,27,0,1000.000,1.583417,0.636717
66912,3,0.125696,0.924687,23,0,1000.000,1.387991,0.636704
66912,4,0.123051,0.947947,22,0,1000.000,1.440343,0.652515
66912,5,0.118829,0.924034,10,0,1000.000,1.721109,0.643434
66912,6,0.131153,0.913659,25,0,1000.000,2.008967,0.632121
66912,7,0.122113,0.919144,19,0,1000.000,1.601107,0.639200
66960,0,0.136969,0.926105,31,0,1000.000,1.736424,0.642021
66960,1,0.116851,0.928173,26,0,1000.000,1.798398,0.641392
66960,2,0.125338,0.894514,26,0,1000.000,1.954290,0.626926
66960,3,0.125696,0.870261,30,1,967.900,1.920447,0.627352
66960,4,0.123051,0.913921,24,0,1000.000,1.878002,0.625725
66960,5,0.118829,0.919371,27,0,1000.000,1.679486,0.630011
66960,6,0.131153,0.924109,23,0,1000.000,1.710202,0.644835
66960,7,0.122113,0.924012,30,0,1000.000,1.707087,0.641672
67008,0,0.136969,0.905669,27,0,1000.000,1.828889,0.636111
67008,1,0.116851,0.896833,16,0,1000.000,2.392129,0.623960
67008,2,0.125338,0.924682,29,0,1000.000,1.768445,0.628955
67008,3,0.125696,0.911009,30,0,1000.000,2.086396,0.629440
67008,4,0.123051,0.916915,18,0,1000.000,1.887576,0.643104
67008,5,0.118829,0.851003,24,0,1000.000,2.431117,0.601524
67008,6,0.131153,0.910013,20,0,1000.000,1.866283,0.630674
67008,7,0.122113,0.901977,27,0,1000.000,1.974708,0.640209
67056,0,0.136969,0.929048,34,0,1000.000,1.707567,0.650391
67056,1,0.116851,0.905454,28,0,1000.000,1.841833,0.616956
67056,2,0.125338,0.895296,24,0,1000.000,2.071585,0.619823
67056,3,0.125696,0.907874,25,0,1000.000,2.031182,0.619569
67056,4,0.123051,0.926618,33,0,1000.000,1.642846,0.643984
67056,5,0.118829,0.904918,23,0,1000.000,1.798581,0.635691
67056,6,0.131153,0.922215,36,0,1000.000,1.806267,0.646326
67056,7,0.122113,0.885512,14,0,1000.000,2.429757,0.621160
67104,0,0.136969,0.893064,30,0,1000.000,1.950195,0.627357
67104,1,0.116851,0.931168,28,0,1000.000,1.437526,0.648020
67104,2,0.125338,0.920090,32,0,1000.000,1.832495,0.636756
67104,3,0.125696,0.910440,29,0,1000.000,2.016605,0.635705
67104,4,0.123051,0.910692,24,0,1000.000,1.398687,0.642857
67104,5,0.118829,0.916179,34,0,1000.000,1.791912,0.634918
67104,6,0.131153,0.918514,36,0,1000.000,1.670550,0.641276
67104,7,0.122113,0.906504,32,0,1000.000,1.895153,0.628839
67152,0,0.136969,0.909799,32,0,1000.000,1.888348,0.636748
67152,1,0.116851,0.924211,22,0,1000.000,1.507994,0.640329
67152,2,0.125338,0.889721,28,0,1000.000,2.093913,0.618936
67152,3,0.125696,0.916166,20,0,1000.000,2.193789,0.620451
67152,4,0.123051,0.907645,23,0,1000.000,1.898877,0.615803
67152,5,0.118829,0.892482,23,1,958.696,1.615905,0.625283
67152,6,0.131153,0.904642,21,0,1000.000,2.007730,0.629424
67152,7,0.122113,0.916957,30,0,1000.000,1.855616,0.634232
67200,0,0.136969,0.901075,17,0,1000.000,2.280066,0.604245
67200,1,0.116851,0.922815,22,0,1000.000,1.797869,0.648699
67200,2,0.125338,0.896691,25,0,1000.000,1.946492,0.631974
67200,3,0.125696,0.952030,18,0,1000.000,1.353513,0.644995
67200,4,0.123051,0.895197,21,0,1000.000,1.909759,0.622494
67200,5,0.118829,0.878950,17,0,1000.000,2.157948,0.620711
67200,6,0.131153,0.911605,21,0,1000.000,2.098403,0.611709
67200,7,0.122113,0.907135,18,1,973.778,1.710906,0.642571
67248,0,0.136969,0.934500,19,0,1000.000,1.896448,0.648688
67248,1,0.116851,0.925143,20,0,1000.000,1.904212,0.643844
67248,2,0.125338,0.901289,15,0,1000.000,2.131584,0.607952
67248,3,0.125696,0.939300,16,0,1000.000,1.646246,0.676170
67248,4,0.123051,0.930136,22,0,1000.000,1.476194,0.657367
67248,5,0.118829,0.896707,11,0,1000.000,2.177493,0.633098
67248,6,0.131153,0.908770,20,0,1000.000,1.712320,0.621511
67248,7,0.122113,0.926998,20,0,1000.000,1.790958,0.633183
67296,0,0.120816,0.925341,25,1,970.880,2.028310,0.638823
67296,1,0.132379,0.903614,20,0,1000.000,1.733071,0.622673
67296,2,0.122153,0.917506,18,0,1000.000,1.986827,0.652301
67296,3,0.134677,0.895236,21,0,1000.000,2.187949,0.615387
67296,4,0.123663,0.911838,22,0,1000.000,1.978286,0.645084
67296,5,0.116316,0.904311,21,0,1000.000,1.904283,0.610564
67296,6,0.125826,0.912622,26,0,1000.000,1.930801,0.632849
67296,7,0.124170,0.936751,22,0,1000.000,1.506305,0.654355
67392,0,0.120816,0.903582,47,2,991.404,1.936955,0.617000
67392,1,0.132379,0.882552,51,0,1000.000,2.014830,0.621315
67392,2,0.122153,0.914536,40,0,1000.000,1.860672,0.639514
67392,3,0.134677,0.901924,52,0,1000.000,1.849526,0.627949
67392,4,0.123663,0.905494,34,0,1000.000,1.809191,0.627046
67392,5,0.116316,0.921368,40,0,1000.000,1.832413,0.653514
67392,6,0.125826,0.932530,35,0,1000.000,1.578279,0.648989
67392,7,0.124170,0.902723,35,0,1000.000,2.027970,0.624361
67440,0,0.120816,0.901197,20,1,961.050,1.912227,0.633786
67440,1,0.132379,0.867417,25,0,1000.000,2.208865,0.617897
67440,2,0.122153,0.938025,17,0,1000.000,1.432558,0.651439
67440,3,0.134677,0.922381,29,0,1000.000,1.704057,0.656386
67440,4,0.123663,0.916795,20,0,1000.000,1.773043,0.639957
67440,5,0.116316,0.914419,17,0,1000.000,1.856097,0.652101
67440,6,0.125826,0.910975,28,0,1000.000,1.868205,0.630583
67440,7,0.124170,0.899491,27,1,965.259,1.443142,0.631806
67488,0,0.120816,0.923973,32,0,1000.000,1.919698,0.633808
67488,1,0.132379,0.893319,25,0,1000.000,2.040842,0.641223
67488,2,0.122153,0.942427,36,0,1000.000,1.639469,0.647916
67488,3,0.134677,0.902473,31,0,1000.000,1.755267,0.620627
67488,4,0.123663,0.892661,19,0,1000.000,1.971368,0.629767
67488,5,0.116316,0.890098,27,0,1000.000,2.211472,0.627570
67488,6,0.125826,0.886620,26,0,1000.000,2.145344,0.625973
67488,7,0.124170,0.932060,33,0,1000.000,1.660310,0.648971
67536,0,0.120816,0.926209,28,0,1000.000,1.557365,0.633692
67536,1,0.132379,0.896850,28,0,1000.000,1.807142,0.641041
67536,2,0.122153,0.927569,18,0,1000.000,1.721279,0.662338
67536,3,0.134677,0.923093,29,0,1000.000,1.702301,0.648198
67536,4,0.123663,0.914781,28,0,1000.000,1.906663,0.632929
67536,5,0.116316,0.899564,17,0,1000.000,1.744771,0.644314
67536,6,0.125826,0.934820,21,0,1000.000,1.728555,0.649051
67536,7,0.124170,0.909973,35,0,1000.000,1.789021,0.645782
67584,0,0.120816,0.921907,21,0,1000.000,1.681275,0.649052
67584,1,0.132379,0.898247,19,0,1000.000,2.119409,0.625789
67584,2,0.122153,0.905778,21,0,1000.000,2.024629,0.625232
67584,3,0.134677,0.909748,28,0,1000.000,1.980938,0.639816
67584,4,0.123663,0.911725,32,0,1000.000,2.046826,0.627295
67584,5,0.116316,0.857864,22,0,1000.000,2.457767,0.608411
67584,6,0.125826,0.927671,22,0,1000.000,1.928985,0.647940
67584,7,0.124170,0.910495,27,0,1000.000,1.696156,0.638917
67632,0,0.120816,0.922904,29,0,1000.000,1.447968,0.637835
67632,1,0.132379,0.903274,29,0,1000.000,2.097331,0.630331
67632,2,0.122153,0.928744,31,0,1000.000,1.799201,0.637515
67632,3,0.134677,0.895205,29,0,1000.000,2.052827,0.631681
67632,4,0.123663,0.903952,35,0,1000.000,1.947499,0.633972
67632,5,0.116316,0.916932,29,0,1000.000,2.122061,0.640154
67632,6,0.125826,0.916774,28,0,1000.000,1.998110,0.639751
67632,7,0.124170,0.933339,22,0,1000.000,1.648941,0.647661
67680,0,0.120816,0.907007,34,0,1000.000,1.754460,0.627198
67680,1,0.132379,0.908656,30,0,1000.000,2.021142,0.633483
67680,2,0.122153,0.926213,29,0,1000.000,1.650217,0.653048
67680,3,0.134677,0.919917,19,0,1000.000,1.828291,0.648423
67680,4,0.123663,0.909818,36,0,1000.000,2.172837,0.632182
67680,5,0.116316,0.923250,25,0,1000.000,1.798520,0.644787
67680,6,0.125826,0.906716,44,0,1000.000,2.106121,0.630017
67680,7,0.124170,0.942245,23,0,1000.000,1.385557,0.664613
67728,0,0.120816,0.922385,29,0,1000.000,1.844539,0.646330
67728,1,0.132379,0.912633,27,0,1000.000,1.642074,0.632640
67728,2,0.122153,0.921685,30,0,1000.000,1.931606,0.631987
67728,3,0.134677,0.916105,34,0,1000.000,1.869948,0.633999
67728,4,0.123663,0.912824,29,0,1000.000,2.139168,0.627179
67728,5,0.116316,0.907306,28,0,1000.000,1.731557,0.646983
67728,6,0.125826,0.926740,29,0,1000.000,1.689967,0.649012
67728,7,0.124170,0.904112,21,0,1000.000,1.804415,0.640310
67776,0,0.120816,0.921597,30,0,1000.000,1.650263,0.642756
67776,1,0.132379,0.892054,41,0,1000.000,1.969083,0.618245
67776,2,0.122153,0.911634,21,0,1000.000,2.081040,0.648458
67776,3,0.134677,0.886604,32,0,1000.000,1.874567,0.630710
67776,4,0.123663,0.899761,23,0,1000.000,1.883316,0.630105
67776,5,0.116316,0.908518,29,0,1000.000,1.942861,0.626508
67776,6,0.125826,0.918848,34,0,1000.000,1.813999,0.639497
67776,7,0.124170,0.914090,25,0,1000.000,1.797950,0.627952
67872,0,0.120816,0.898111,39,0,1000.000,1.922897,0.625786
67872,1,0.132379,0.915279,41,0,1000.000,1.706408,0.634331
67872,2,0.122153,0.922470,40,0,1000.000,1.757379,0.637657
67872,3,0.134677,0.918467,54,0,1000.000,1.775072,0.636984
67872,4,0.123663,0.902621,32,0,1000.000,1.892614,0.630653
67872,5,0.116316,0.927915,45,0,1000.000,1.729438,0.640420
67872,6,0.125826,0.905225,38,0,1000.000,1.913124,0.641569
67872,7,0.124170,0.882769,39,0,1000.000,1.925470,0.629400
67920,0,0.120816,0.893777,17,0,1000.000,2.082966,0.629334
67920,1,0.132379,0.889804,26,0,1000.000,1.914165,0.632993
67920,2,0.122153,0.895326,24,0,1000.000,1.881420,0.634983
67920,3,0.134677,0.920504,16,0,1000.000,1.641920,0.647239
67920,4,0.123663,0.888683,28,0,1000.000,2.110629,0.630645
67920,5,0.116316,0.909958,26,0,1000.000,1.724602,0.632175
67920,6,0.125826,0.899933,17,0,1000.000,2.261600,0.616608
67920,7,0.124170,0.896386,30,0,1000.000,2.165707,0.619606
67968,0,0.120816,0.910465,29,0,1000.000,2.112171,0.626962
67968,1,0.132379,0.903960,27,0,1000.000,1.974650,0.620500
67968,2,0.122153,0.917486,31,0,1000.000,1.947925,0.638238
67968,3,0.134677,0.928671,30,0,1000.000,1.780698,0.630255
67968,4,0.123663,0.931241,25,0,1000.000,1.743908,0.634008
67968,5,0.116316,0.926948,23,0,1000.000,1.942944,0.621043
67968,6,0.125826,0.912896,27,0,1000.000,2.001032,0.625208
67968,7,0.124170,0.934992,19,0,1000.000,1.909459,0.647095
68016,0,0.120816,0.925183,27,0,1000.000,1.685182,0.634216
68016,1,0.132379,0.920271,26,0,1000.000,1.767861,0.631591
68016,2,0.122153,0.905628,23,0,1000.000,1.967242,0.634534
68016,3,0.134677,0.920934,26,0,1000.000,1.886605,0.624028
68016,4,0.123663,0.925184,30,0,1000.000,1.586657,0.628959
68016,5,0.116316,0.927889,22,0,1000.000,1.925917,0.635004
68016,6,0.125826,0.920917,17,0,1000.000,1.682780,0.620220
68016,7,0.124170,0.904958,31,0,1000.000,1.875852,0.624145
68064,0,0.120816,0.920390,19,0,1000.000,1.634099,0.628317
68064,1,0.132379,0.911882,25,0,1000.000,1.918322,0.626231
68064,2,0.122153,0.937978,37,0,1000.000,1.659298,0.633641
68064,3,0.134677,0.885857,18,0,1000.000,2.174793,0.619357
68064,4,0.123663,0.926507,32,0,1000.000,1.806874,0.660519
68064,5,0.116316,0.916042,27,0,1000.000,1.960279,0.628868
68064,6,0.125826,0.923353,24,0,1000.000,1.890009,0.634901
68064,7,0.124170,0.946285,25,0,1000.000,1.551755,0.637836
68112,0,0.120816,0.914435,30,0,1000.000,1.942560,0.630063
68112,1,0.132379,0.921761,33,0,1000.000,1.923428,0.630187
68112,2,0.122153,0.905968,33,0,1000.000,2.020387,0.626362
68112,3,0.134677,0.928238,19,0,1000.000,1.792153,0.636751
68112,4,0.123663,0.907716,38,0,1000.000,1.932252,0.634398
68112,5,0.116316,0.921487,32,0,1000.000,1.916768,0.631110
68112,6,0.125826,0.923318,32,0,1000.000,1.765684,0.635715
68112,7,0.124170,0.901576,29,0,1000.000,2.047789,0.625439
68160,0,0.120816,0.917465,31,0,1000.000,1.804522,0.628018
68160,1,0.132379,0.938578,23,0,1000.000,1.534824,0.637318
68160,2,0.122153,0.924972,16,0,1000.000,1.941988,0.636831
68160,3,0.134677,0.949678,23,0,1000.000,1.580816,0.656661
68160,4,0.123663,0.926377,24,0,1000.000,1.875581,0.641254
68160,5,0.116316,0.948743,27,0,1000.000,1.556280,0.655695
68160,6,0.125826,0.916338,20,0,1000.000,1.847405,0.639193
68160,7,0.124170,0.928048,31,0,1000.000,1.740830,0.626827
68208,0,0.120816,0.940199,24,0,1000.000,1.482438,0.655652
68208,1,0.132379,0.898900,22,0,1000.000,1.901901,0.617577
68208,2,0.122153,0.914991,16,0,1000.000,1.803592,0.629381
68208,3,0.134677,0.909822,19,0,1000.000,1.755705,0.633814
68208,4,0.123663,0.903794,17,0,1000.000,1.903540,0.629961
68208,5,0.116316,0.911384,14,0,1000.000,2.103247,0.640310
68208,6,0.125826,0.865126,24,0,1000.000,2.191725,0.609881
68208,7,0.124170,0.938535,13,0,1000.000,1.514892,0.675539
68256,0,0.120816,0.946147,20,0,1000.000,1.686150,0.621314
68256,1,0.132379,0.921031,25,0,1000.000,2.005853,0.631729
68256,2,0.122153,0.910729,18,0,1000.000,1.737965,0.653479
68256,3,0.134677,0.883789,19,0,1000.000,1.787312,0.643627
68256,4,0.123663,0.932592,13,0,1000.000,1.865032,0.644322
68256,5,0.116316,0.915677,21,0,1000.000,1.656421,0.628153
68256,6,0.125826,0.911314,15,0,1000.000,1.738618,0.636441
68256,7,0.124170,0.919352,17,0,1000.000,1.704244,0.644370
68352,0,0.120816,0.924349,47,1,999.809,1.832565,0.631872
68352,1,0.132379,0.930911,39,0,1000.000,1.735907,0.645499
68352,2,0.122153,0.915282,46,0,1000.000,1.848968,0.623340
68352,3,0.134677,0.907723,52,0,1000.000,1.974327,0.638863
68352,4,0.123663,0.920350,43,0,1000.000,1.975271,0.632190
68352,5,0.116316,0.926617,41,0,1000.000,2.004987,0.644963
68352,6,0.125826,0.919207,31,0,1000.000,1.876794,0.631964
68352,7,0.124170,0.922796,36,0,1000.000,1.804968,0.645888
68400,0,0.120816,0.935194,21,0,1000.000,1.685434,0.645440
68400,1,0.132379,0.905551,26,0,1000.000,1.957741,0.627926
68400,2,0.122153,0.923091,21,0,1000.000,1.740095,0.623405
68400,3,0.134677,0.876604,29,0,1000.000,2.194600,0.614128
68400,4,0.123663,0.941634,17,0,1000.000,1.734376,0.643569
68400,5,0.116316,0.923477,23,0,1000.000,1.803782,0.643877
68400,6,0.125826,0.916548,22,0,1000.000,1.831238,0.641540
68400,7,0.124170,0.922789,19,0,1000.000,1.749962,0.627516
68448,0,0.120816,0.924742,18,0,1000.000,1.866505,0.641966
68448,1,0.132379,0.934043,31,0,1000.000,1.750813,0.634861
68448,2,0.122153,0.928973,22,0,1000.000,1.709369,0.655337
68448,3,0.134677,0.940878,22,0,1000.000,1.742551,0.649426
68448,4,0.123663,0.924325,22,0,1000.000,1.741775,0.636418
68448,5,0.116316,0.917084,25,0,1000.000,2.010631,0.634207
68448,6,0.125826,0.907378,26,0,1000.000,2.018082,0.626125
68448,7,0.124170,0.927368,22,0,1000.000,1.652599,0.632202
68496,0,0.120816,0.903024,34,0,1000.000,2.020245,0.626542
68496,1,0.132379,0.915649,30,0,1000.000,1.678710,0.649070
68496,2,0.122153,0.929280,19,0,1000.000,1.819399,0.657371
68496,3,0.134677,0.881900,33,0,1000.000,2.037032,0.619118
68496,4,0.123663,0.935859,24,0,1000.000,1.945011,0.650843
68496,5,0.116316,0.913097,26,0,1000.000,1.808638,0.638178
68496,6,0.125826,0.936286,33,0,1000.000,1.550501,0.654285
68496,7,0.124170,0.934848,35,0,1000.000,1.684152,0.656410
68544,0,0.120816,0.946007,21,0,1000.000,1.096383,0.656215
68544,1,0.132379,0.897006,21,0,1000.000,2.049102,0.618333
68544,2,0.122153,0.910435,27,0,1000.000,1.801910,0.624034
68544,3,0.134677,0.911235,29,0,1000.000,1.740427,0.646415
68544,4,0.123663,0.936016,20,0,1000.000,1.370248,0.639424
68544,5,0.116316,0.876986,21,0,1000.000,1.970121,0.616067
68544,6,0.125826,0.893573,22,0,1000.000,2.162515,0.617907
68544,7,0.124170,0.899294,27,0,1000.000,2.253107,0.620258
68592,0,0.120816,0.923574,25,0,1000.000,1.717349,0.644911
68592,1,0.132379,0.877328,25,0,1000.000,2.188485,0.623028
68592,2,0.122153,0.912020,20,0,1000.000,1.973663,0.640678
68592,3,0.134677,0.896656,30,0,1000.000,1.789733,0.631694
68592,4,0.123663,0.901299,24,0,1000.000,1.958287,0.629071
68592,5,0.116316,0.921308,32,0,1000.000,1.676997,0.642843
68592,6,0.125826,0.914666,21,0,1000.000,1.926298,0.657634
68592,7,0.124170,0.909369,23,0,1000.000,1.907315,0.627929
68640,0,0.120816,0.922429,32,0,1000.000,1.835690,0.629305
68640,1,0.132379,0.937458,32,0,1000.000,1.831627,0.637997
68640,2,0.122153,0.939704,25,0,1000.000,1.696805,0.650049
68640,3,0.134677,0.917500,23,0,1000.000,2.161020,0.629850
68640,4,0.123663,0.913847,37,0,1000.000,1.997988,0.640252
68640,5,0.116316,0.913089,33,0,1000.000,2.137807,0.642313
68640,6,0.125826,0.930409,29,0,1000.000,1.736726,0.651937
68640,7,0.124170,0.928998,29,0,1000.000,1.828766,0.649812
68688,0,0.120816,0.932057,26,0,1000.000,1.594659,0.657276
68688,1,0.132379,0.938829,35,0,1000.000,1.658260,0.633206
68688,2,0.122153,0.925805,29,0,1000.000,1.978362,0.642651
68688,3,0.134677,0.919256,31,0,1000.000,1.919239,0.636710
68688,4,0.123663,0.931059,19,0,1000.000,1.921172,0.644674
68688,5,0.116316,0.928081,40,0,1000.000,1.738295,0.631244
68688,6,0.125826,0.925117,32,0,1000.000,1.822352,0.644979
68688,7,0.124170,0.933166,33,0,1000.000,1.831657,0.648307
68736,0,0.120816,0.924033,27,0,1000.000,1.999991,0.630871
68736,1,0.132379,0.925457,38,0,1000.000,1.790156,0.650325
68736,2,0.122153,0.942195,29,0,1000.000,1.610997,0.649791
68736,3,0.134677,0.911828,23,0,1000.000,2.261881,0.633208
68736,4,0.123663,0.917934,28,0,1000.000,1.980764,0.644733
68736,5,0.116316,0.918330,20,0,1000.000,1.675422,0.640586
68736,6,0.125826,0.945271,24,0,1000.000,1.614108,0.656717
68736,7,0.124170,0.919825,35,0,1000.000,1.956686,0.627098
68784,0,0.120816,0.925623,38,1,982.605,1.658916,0.633966
68784,1,0.132379,0.911584,33,0,1000.000,1.971235,0.624613
68784,2,0.122153,0.919606,32,0,1000.000,2.052980,0.637160
68784,3,0.134677,0.922113,24,0,1000.000,1.705986,0.635894
68784,4,0.123663,0.925304,30,0,1000.000,1.974526,0.648064
68784,5,0.116316,0.919445,28,0,1000.000,2.042704,0.639315
68784,6,0.125826,0.929172,23,0,1000.000,1.985378,0.633260
68784,7,0.124170,0.916696,21,0,1000.000,1.938154,0.641599
68832,0,0.120816,0.934510,21,0,1000.000,1.693411,0.649521
68832,1,0.132379,0.889973,32,0,1000.000,2.231157,0.612750
68832,2,0.122153,0.887107,22,0,1000.000,2.133174,0.620036
68832,3,0.134677,0.888200,21,0,1000.000,1.989034,0.625621
68832,4,0.123663,0.927938,12,0,1000.000,1.894815,0.643754
68832,5,0.116316,0.935053,26,0,1000.000,1.846392,0.638690
68832,6,0.125826,0.894460,25,0,1000.000,2.018897,0.632922
68832,7,0.124170,0.942775,18,0,1000.000,1.716447,0.670557
68880,0,0.120816,0.913139,12,0,1000.000,2.001739,0.628896
68880,1,0.132379,0.886929,22,0,1000.000,1.971496,0.627838
68880,2,0.122153,0.901506,25,0,1000.000,2.075949,0.609322
68880,3,0.134677,0.908881,21,0,1000.000,1.841989,0.634110
68880,4,0.123663,0.918936,18,0,1000.000,2.019542,0.628034
68880,5,0.116316,0.920742,17,0,1000.000,1.856293,0.632521
68880,6,0.125826,0.958629,16,0,1000.000,0.977516,0.649194
68880,7,0.124170,0.899969,14,0,1000.000,2.172389,0.630568
68928,0,0.120816,0.927525,17,0,1000.000,1.678616,0.645846
68928,1,0.132379,0.907192,30,0,1000.000,2.207489,0.616766
68928,2,0.122153,0.890070,23,0,1000.000,2.069522,0.635843
68928,3,0.134677,0.927939,21,0,1000.000,1.765397,0.636235
68928,4,0.123663,0.923646,27,0,1000.000,1.817657,0.652814
68928,5,0.116316,0.945201,27,0,1000.000,1.684111,0.644891
68928,6,0.125826,0.931992,16,0,1000.000,1.736464,0.642063
68928,7,0.124170,0.911917,32,0,1000.000,1.980092,0.628573
68976,0,0.120816,0.921389,23,0,1000.000,1.643613,0.633240
68976,1,0.132379,0.896618,25,0,1000.000,2.076950,0.622260
68976,2,0.122153,0.928556,28,0,1000.000,1.825859,0.640947
68976,3,0.134677,0.904267,36,0,1000.000,1.867078,0.621408
68976,4,0.123663,0.938019,29,0,1000.000,1.717698,0.628701
68976,5,0.116316,0.926105,15,0,1000.000,1.891263,0.651047
68976,6,0.125826,0.903019,26,0,1000.000,1.765423,0.632418
68976,7,0.124170,0.900740,26,0,1000.000,2.134492,0.641866
69024,0,0.120816,0.886586,32,0,1000.000,2.161591,0.617840
69024,1,0.132379,0.950798,21,0,1000.000,1.393631,0.649456
69024,2,0.122153,0.915027,33,0,1000.000,1.693663,0.636988
69024,3,0.134677,0.907406,30,0,1000.000,2.122828,0.616296
69024,4,0.123663,0.892356,26,0,1000.000,2.451144,0.617529
69024,5,0.116316,0.896867,25,0,1000.000,2.124973,0.624949
69024,6,0.125826,0.952111,21,0,1000.000,1.681831,0.650357
69024,7,0.124170,0.929329,18,0,1000.000,1.809837,0.626122
69072,0,0.120816,0.924620,24,0,1000.000,1.882402,0.647555
69072,1,0.132379,0.913543,24,0,1000.000,1.749149,0.634636
69072,2,0.122153,0.920160,27,0,1000.000,1.818121,0.627679
69072,3,0.134677,0.910331,24,0,1000.000,1.950929,0.622223
69072,4,0.123663,0.910070,35,0,1000.000,1.977390,0.620665
69072,5,0.116316,0.933959,16,0,1000.000,1.982602,0.629351
69072,6,0.125826,0.945551,36,0,1000.000,1.552001,0.634433
69072,7,0.124170,0.891283,28,0,1000.000,1.912923,0.636202
69120,0,0.120816,0.921322,31,0,1000.000,1.981757,0.621405
69120,1,0.132379,0.909441,32,0,1000.000,1.949850,0.622197
69120,2,0.122153,0.917020,38,0,1000.000,1.557475,0.638726
69120,3,0.134677,0.942928,29,0,1000.000,1.461974,0.631051
69120,4,0.123663,0.895233,29,0,1000.000,2.072417,0.619211
69120,5,0.116316,0.922521,31,0,1000.000,2.182578,0.635617
69120,6,0.125826,0.934295,29,0,1000.000,1.838802,0.639466
69120,7,0.124170,0.898609,26,0,1000.000,1.927077,0.613023
69216,0,0.120816,0.910015,45,0,1000.000,1.967164,0.631683
69216,1,0.132379,0.936555,49,0,1000.000,1.525637,0.645474
69216,2,0.122153,0.916292,40,0,1000.000,1.898740,0.636102
69216,3,0.134677,0.927716,48,0,1000.000,1.681037,0.628707
69216,4,0.123663,0.921881,28,0,1000.000,1.823524,0.618743
69216,5,0.116316,0.919402,34,0,1000.000,1.916511,0.632879
69216,6,0.125826,0.920428,42,0,1000.000,1.779284,0.642543
69216,7,0.124170,0.928075,44,0,1000.000,1.748959,0.636305
69264,0,0.120816,0.935590,13,0,1000.000,1.289478,0.669116
69264,1,0.132379,0.912962,17,0,1000.000,1.801730,0.622341
69264,2,0.122153,0.923252,28,0,1000.000,1.977152,0.641319
69264,3,0.134677,0.929373,14,0,1000.000,1.614699,0.637442
69264,4,0.123663,0.922569,20,0,1000.000,1.992962,0.639206
69264,5,0.116316,0.876536,20,0,1000.000,2.168039,0.615471
69264,6,0.125826,0.936150,16,0,1000.000,1.666061,0.637056
69264,7,0.124170,0.915280,18,0,1000.000,1.979268,0.631191
69312,0,0.120816,0.904443,20,0,1000.000,1.808028,0.636262
69312,1,0.132379,0.929910,26,0,1000.000,1.728450,0.641496
69312,2,0.122153,0.912195,30,0,1000.000,1.968937,0.632716
69312,3,0.134677,0.916249,22,0,1000.000,1.873852,0.638536
69312,4,0.123663,0.936190,18,0,1000.000,1.743419,0.636000
69312,5,0.116316,0.926008,19,0,1000.000,1.878922,0.632309
69312,6,0.125826,0.938104,19,0,1000.000,1.498296,0.639084
69312,7,0.124170,0.954291,22,0,1000.000,1.404327,0.658411
69360,0,0.120816,0.913264,22,0,1000.000,2.232549,0.631579
69360,1,0.132379,0.875927,14,0,1000.000,2.287926,0.610098
69360,2,0.122153,0.903670,19,0,1000.000,2.017112,0.636937
69360,3,0.134677,0.893612,21,0,1000.000,1.847142,0.637620
69360,4,0.123663,0.902931,29,0,1000.000,2.143108,0.625381
69360,5,0.116316,0.900749,20,0,1000.000,1.758947,0.632314
69360,6,0.125826,0.938132,18,0,1000.000,1.645466,0.641994
69360,7,0.124170,0.919316,22,0,1000.000,1.649479,0.643257
69408,0,0.120816,0.911417,18,0,1000.000,1.729607,0.620473
69408,1,0.132379,0.930123,19,0,1000.000,1.606338,0.634296
69408,2,0.122153,0.932033,24,0,1000.000,1.679419,0.655593
69408,3,0.134677,0.897522,21,0,1000.000,2.221647,0.621857
69408,4,0.123663,0.905595,25,0,1000.000,1.949312,0.633214
69408,5,0.116316,0.908305,28,0,1000.000,2.046066,0.624865
69408,6,0.125826,0.903986,19,0,1000.000,1.786754,0.632375
69408,7,0.124170,0.903732,20,0,1000.000,1.885908,0.610270
69456,0,0.120816,0.933960,21,0,1000.000,1.623618,0.659232
69456,1,0.132379,0.921909,23,0,1000.000,1.761997,0.651993
69456,2,0.122153,0.926492,29,0,1000.000,1.522611,0.645466
69456,3,0.134677,0.902173,21,0,1000.000,1.781461,0.646314
69456,4,0.123663,0.919774,23,0,1000.000,1.763450,0.636833
69456,5,0.116316,0.908491,21,0,1000.000,1.675391,0.645243
69456,6,0.125826,0.912855,34,0,1000.000,2.001104,0.637003
69456,7,0.124170,0.914350,26,0,1000.000,1.692993,0.648908
69504,0,0.120816,0.917184,30,0,1000.000,1.761742,0.637500
69504,1,0.132379,0.911247,25,0,1000.000,1.994625,0.630584
69504,2,0.122153,0.947707,30,0,1000.000,1.485045,0.644827
69504,3,0.134677,0.908453,34,0,1000.000,1.860239,0.638017
69504,4,0.123663,0.892754,36,0,1000.000,2.216946,0.621474
69504,5,0.116316,0.922070,26,0,1000.000,1.843916,0.645827
69504,6,0.125826,0.909246,27,0,1000.000,2.022709,0.634801
69504,7,0.124170,0.929573,26,0,1000.000,1.704209,0.642502
69552,0,0.120816,0.920097,27,0,1000.000,1.947831,0.631504
69552,1,0.132379,0.904729,27,0,1000.000,2.066334,0.616261
69552,2,0.122153,0.922062,18,0,1000.000,1.781252,0.650105
69552,3,0.134677,0.917425,28,0,1000.000,1.978750,0.641318
69552,4,0.123663,0.898868,21,0,1000.000,1.961275,0.635437
69552,5,0.116316,0.906947,24,0,1000.000,1.894515,0.637006
69552,6,0.125826,0.934321,25,0,1000.000,1.711875,0.633113
69552,7,0.124170,0.880944,16,0,1000.000,2.013027,0.611511
69600,0,0.120816,0.896358,34,0,1000.000,2.156248,0.621918
69600,1,0.132379,0.915803,30,0,1000.000,1.654314,0.635285
69600,2,0.122153,0.900461,15,0,1000.000,2.144080,0.623312
69600,3,0.134677,0.923598,25,0,1000.000,1.742379,0.635564
69600,4,0.123663,0.905608,17,0,1000.000,1.979715,0.617921
69600,5,0.116316,0.939822,30,0,1000.000,1.615108,0.641978
69600,6,0.125826,0.937346,22,0,1000.000,1.276325,0.647528
69600,7,0.124170,0.926901,25,0,1000.000,1.744704,0.642814
69648,0,0.120816,0.903889,33,0,1000.000,2.004126,0.628764
69648,1,0.132379,0.905836,33,0,1000.000,1.939222,0.630750
69648,2,0.122153,0.936899,21,0,1000.000,1.835957,0.659001
69648,3,0.134677,0.932277,37,0,1000.000,1.625053,0.648820
69648,4,0.123663,0.913817,33,0,1000.000,2.127084,0.633663
69648,5,0.116316,0.917881,25,0,1000.000,1.845684,0.644191
69648,6,0.125826,0.904768,31,0,1000.000,1.660314,0.633957
69648,7,0.124170,0.901616,31,0,1000.000,2.217539,0.636311
69696,0,0.129536,0.941308,31,0,1000.000,1.558372,0.646917
69696,1,0.107255,0.912586,36,0,1000.000,2.061732,0.628545
69696,2,0.131004,0.898898,29,0,1000.000,2.259757,0.622593
69696,3,0.109921,0.906822,30,0,1000.000,2.050967,0.632017
69696,4,0.123307,0.913552,32,0,1000.000,1.914610,0.638890
69696,5,0.136964,0.937680,36,0,1000.000,1.517705,0.649859
69696,6,0.132308,0.932522,37,0,1000.000,1.475644,0.658428
69696,7,0.129706,0.923778,23,0,1000.000,1.857086,0.642764
69744,0,0.129536,0.916992,24,1,968.083,1.795349,0.635418
69744,1,0.107255,0.912166,23,0,1000.000,2.005160,0.627382
69744,2,0.131004,0.934269,24,0,1000.000,1.715475,0.639898
69744,3,0.109921,0.936870,19,0,1000.000,1.496957,0.654695
69744,4,0.123307,0.931147,19,0,1000.000,1.911966,0.649666
69744,5,0.136964,0.921496,35,0,1000.000,1.813194,0.640885
69744,6,0.132308,0.942321,28,0,1000.000,1.403124,0.643546
69744,7,0.129706,0.911703,39,0,1000.000,1.973205,0.612910
69792,0,0.129536,0.929745,33,0,1000.000,1.597586,0.641750
69792,1,0.107255,0.935458,20,0,1000.000,1.614533,0.639245
69792,2,0.131004,0.890566,31,0,1000.000,1.931060,0.625852
69792,3,0.109921,0.930352,28,0,1000.000,1.664158,0.653067
69792,4,0.123307,0.916860,33,0,1000.000,1.839004,0.636961
69792,5,0.136964,0.914729,37,0,1000.000,1.803745,0.635686
69792,6,0.132308,0.933658,25,0,1000.000,1.688801,0.644979
69792,7,0.129706,0.927595,27,0,1000.000,1.654360,0.666239
69840,0,0.129536,0.917520,14,0,1000.000,1.893069,0.637045
69840,1,0.107255,0.917596,16,0,1000.000,1.831476,0.623914
69840,2,0.131004,0.893792,21,0,1000.000,1.768679,0.621729
69840,3,0.109921,0.917177,25,0,1000.000,1.543907,0.634373
69840,4,0.123307,0.924106,17,0,1000.000,2.055547,0.637773
69840,5,0.136964,0.927990,24,0,1000.000,1.876780,0.644105
69840,6,0.132308,0.927029,23,0,1000.000,1.923304,0.638485
69840,7,0.129706,0.939283,23,0,1000.000,1.770723,0.659827
69888,0,0.129536,0.892166,24,0,1000.000,1.891132,0.624861
69888,1,0.107255,0.935381,13,0,1000.000,1.575680,0.634068
69888,2,0.131004,0.919813,15,0,1000.000,1.906182,0.626232
69888,3,0.109921,0.941957,15,0,1000.000,1.261945,0.635369
69888,4,0.123307,0.931297,28,0,1000.000,1.550315,0.642870
69888,5,0.136964,0.937524,18,0,1000.000,1.843058,0.638127
69888,6,0.132308,0.912975,18,0,1000.000,1.536784,0.613837
69888,7,0.129706,0.889576,22,1,957.500,1.750854,0.627168
69936,0,0.129536,0.902905,22,0,1000.000,1.985826,0.628321
69936,1,0.107255,0.928963,16,0,1000.000,1.624974,0.628650
69936,2,0.131004,0.885299,29,0,1000.000,2.050486,0.623857
69936,3,0.109921,0.943901,21,0,1000.000,1.596229,0.657238
69936,4,0.123307,0.925609,29,0,1000.000,1.697899,0.643306
69936,5,0.136964,0.895165,23,0,1000.000,1.806127,0.627711
69936,6,0.132308,0.922976,24,0,1000.000,1.935131,0.637967
69936,7,0.129706,0.920754,31,0,1000.000,1.927355,0.649232
69984,0,0.129536,0.909296,35,1,976.486,1.870452,0.631619
69984,1,0.107255,0.883660,25,0,1000.000,2.089272,0.620896
69984,2,0.131004,0.909740,27,0,1000.000,1.733368,0.637637
69984,3,0.109921,0.921180,25,0,1000.000,1.796992,0.631965
69984,4,0.123307,0.887376,19,0,1000.000,2.295291,0.621389
69984,5,0.136964,0.893324,27,0,1000.000,2.011077,0.622110
69984,6,0.132308,0.918368,25,0,1000.000,1.922950,0.625800
69984,7,0.129706,0.884270,19,0,1000.000,2.194977,0.624362
70032,0,0.129536,0.938297,23,0,1000.000,1.945370,0.649108
70032,1,0.107255,0.918094,29,0,1000.000,1.804677,0.645956
70032,2,0.131004,0.925940,20,0,1000.000,1.709627,0.633452
70032,3,0.109921,0.891845,25,0,1000.000,2.103166,0.615477
70032,4,0.123307,0.941446,29,0,1000.000,1.656385,0.651025
70032,5,0.136964,0.889496,29,0,1000.000,1.994723,0.627435
70032,6,0.132308,0.938375,27,0,1000.000,1.719966,0.641138
70032,7,0.129706,0.909193,24,0,1000.000,2.007960,0.625009
70080,0,0.129536,0.906136,29,0,1000.000,1.763175,0.626996
70080,1,0.107255,0.886647,26,0,1000.000,1.910688,0.628771
70080,2,0.131004,0.913630,30,0,1000.000,1.842398,0.632297
70080,3,0.109921,0.870798,26,1,963.231,1.991530,0.613915
70080,4,0.123307,0.918571,30,0,1000.000,1.929649,0.630214
70080,5,0.136964,0.914126,38,0,1000.000,1.694854,0.637162
70080,6,0.132308,0.930546,38,0,1000.000,1.861626,0.635656
70080,7,0.129706,0.915922,23,0,1000.000,1.933490,0.632290
70128,0,0.129536,0.888650,28,0,1000.000,1.882318,0.637877
70128,1,0.107255,0.906223,24,0,1000.000,1.829177,0.642594
70128,2,0.131004,0.938228,35,0,1000.000,1.617549,0.657804
70128,3,0.109921,0.894495,22,0,1000.000,1.759742,0.621372
70128,4,0.123307,0.912998,21,0,1000.000,2.127368,0.617585
70128,5,0.136964,0.915237,31,0,1000.000,1.798485,0.627904
70128,6,0.132308,0.913644,28,0,1000.000,1.806153,0.631260
70128,7,0.129706,0.918114,28,0,1000.000,1.824326,0.639076
70176,0,0.129536,0.887995,25,0,1000.000,1.950870,0.624533
70176,1,0.107255,0.922491,17,0,1000.000,1.821293,0.645484
70176,2,0.131004,0.899073,27,0,1000.000,1.863093,0.635121
70176,3,0.109921,0.885665,19,0,1000.000,2.062079,0.630255
70176,4,0.123307,0.924350,18,0,1000.000,1.893815,0.627202
70176,5,0.136964,0.913682,31,0,1000.000,1.919777,0.633859
70176,6,0.132308,0.898842,21,0,1000.000,2.054983,0.624076
70176,7,0.129706,0.927760,21,0,1000.000,1.582410,0.645350
70224,0,0.129536,0.909005,23,0,1000.000,1.913372,0.632725
70224,1,0.107255,0.911705,19,0,1000.000,1.908264,0.635225
70224,2,0.131004,0.916040,22,0,1000.000,1.967795,0.628302
70224,3,0.109921,0.894167,11,0,1000.000,2.191564,0.605043
70224,4,0.123307,0.946113,18,0,1000.000,1.669648,0.668581
70224,5,0.136964,0.908360,23,0,1000.000,2.023740,0.623438
70224,6,0.132308,0.856153,21,1,956.762,1.645920,0.616975
70224,7,0.129706,0.888176,20,0,1000.000,2.194861,0.617123
70272,0,0.129536,0.900681,26,0,1000.000,1.919801,0.623962
70272,1,0.107255,0.895785,12,0,1000.000,1.977174,0.620034
70272,2,0.131004,0.900792,26,0,1000.000,1.968918,0.622766
70272,3,0.109921,0.922267,13,0,1000.000,1.604562,0.623074
70272,4,0.123307,0.893694,13,0,1000.000,2.074622,0.621610
70272,5,0.136964,0.914455,11,0,1000.000,2.067033,0.641237
70272,6,0.132308,0.908039,21,0,1000.000,1.953494,0.638330
70272,7,0.129706,0.926167,17,0,1000.000,1.613629,0.652684
70320,0,0.129536,0.933482,21,0,1000.000,1.651806,0.637690
70320,1,0.107255,0.922499,20,0,1000.000,2.022058,0.639322
70320,2,0.131004,0.886578,21,0,1000.000,2.169170,0.630029
70320,3,0.109921,0.921188,24,0,1000.000,1.731413,0.645539
70320,4,0.123307,0.921920,21,0,1000.000,1.737106,0.643527
70320,5,0.136964,0.943873,25,0,1000.000,1.749574,0.652357
70320,6,0.132308,0.941910,14,0,1000.000,1.451764,0.633871
70320,7,0.129706,0.907039,32,0,1000.000,2.055802,0.625684
70368,0,0.129536,0.894124,30,0,1000.000,1.914474,0.621146
70368,1,0.107255,0.938610,13,0,1000.000,1.585794,0.637150
70368,2,0.131004,0.927825,21,0,1000.000,1.751459,0.651433
70368,3,0.109921,0.927645,17,0,1000.000,1.649839,0.638356
70368,4,0.123307,0.904497,25,0,1000.000,2.165346,0.637175
70368,5,0.136964,0.902352,18,0,1000.000,2.085750,0.632784
70368,6,0.132308,0.942451,28,0,1000.000,1.397653,0.643721
70368,7,0.129706,0.935675,20,0,1000.000,1.640476,0.647198
70416,0,0.129536,0.927178,24,0,1000.000,1.685058,0.638386
70416,1,0.107255,0.890354,18,0,1000.000,1.883285,0.628941
70416,2,0.131004,0.930098,28,0,1000.000,1.767645,0.651039
70416,3,0.109921,0.896693,26,0,1000.000,1.877245,0.622212
70416,4,0.123307,0.878335,19,0,1000.000,1.961815,0.626085
70416,5,0.136964,0.878910,18,0,1000.000,2.329953,0.607510
70416,6,0.132308,0.876983,20,0,1000.000,2.197283,0.631433
70416,7,0.129706,0.897120,20,0,1000.000,2.008619,0.634065
70464,0,0.129536,0.914587,28,0,1000.000,1.652890,0.633470
70464,1,0.107255,0.932864,26,0,1000.000,1.547912,0.645420
70464,2,0.131004,0.935179,23,0,1000.000,1.709722,0.652468
70464,3,0.109921,0.853412,23,0,1000.000,2.316176,0.620845
70464,4,0.123307,0.919068,29,0,1000.000,1.761434,0.644489
70464,5,0.136964,0.903944,28,0,1000.000,1.946875,0.635599
70464,6,0.132308,0.930237,31,0,1000.000,1.456759,0.650098
70464,7,0.129706,0.919334,19,0,1000.000,1.903777,0.628441
70512,0,0.129536,0.888076,21,0,1000.000,1.893156,0.635927
70512,1,0.107255,0.899477,25,0,1000.000,1.885145,0.639954
70512,2,0.131004,0.934673,32,0,1000.000,1.600302,0.656040
70512,3,0.109921,0.868297,17,0,1000.000,2.245921,0.627027
70512,4,0.123307,0.908427,33,0,1000.000,1.990263,0.629803
70512,5,0.136964,0.938709,28,0,1000.000,1.448596,0.643261
70512,6,0.132308,0.911079,42,0,1000.000,2.095633,0.630111
70512,7,0.129706,0.884208,25,0,1000.000,2.080797,0.626052
70560,0,0.129536,0.890860,28,0,1000.000,2.189202,0.629881
70560,1,0.107255,0.911334,20,0,1000.000,1.989284,0.635143
70560,2,0.131004,0.870723,24,1,960.792,2.045312,0.610480
70560,3,0.109921,0.915290,19,0,1000.000,2.010158,0.647909
70560,4,0.123307,0.918704,17,0,1000.000,1.727801,0.629408
70560,5,0.136964,0.873880,21,0,1000.000,2.057641,0.619948
70560,6,0.132308,0.856290,26,0,1000.000,2.390355,0.614822
70560,7,0.129706,0.891582,29,0,1000.000,2.026332,0.624950
70608,0,0.129536,0.897135,22,0,1000.000,1.952305,0.630400
70608,1,0.107255,0.920486,16,0,1000.000,1.483696,0.631823
70608,2,0.131004,0.926345,31,0,1000.000,1.692045,0.647670
70608,3,0.109921,0.920261,24,0,1000.000,2.043643,0.646940
70608,4,0.123307,0.937424,26,0,1000.000,1.613713,0.639216
70608,5,0.136964,0.896196,24,0,1000.000,2.048334,0.639849
70608,6,0.132308,0.889598,41,0,1000.000,1.929480,0.629111
70608,7,0.129706,0.927466,30,0,1000.000,1.658204,0.648024
70656,0,0.129536,0.941417,30,0,1000.000,1.655039,0.651159
70656,1,0.107255,0.930130,22,0,1000.000,1.562131,0.643793
70656,2,0.131004,0.897491,24,0,1000.000,2.052620,0.627386
70656,3,0.109921,0.957615,27,0,1000.000,1.347964,0.668284
70656,4,0.123307,0.928175,40,0,1000.000,1.780353,0.652460
70656,5,0.136964,0.921535,29,0,1000.000,1.868144,0.642801
70656,6,0.132308,0.926822,26,0,1000.000,2.024573,0.646366
70656,7,0.129706,0.922641,36,0,1000.000,1.562061,0.641058
70704,0,0.129536,0.933202,29,0,1000.000,1.442842,0.650653
70704,1,0.107255,0.935784,34,0,1000.000,1.592632,0.638095
70704,2,0.131004,0.933631,22,0,1000.000,1.890773,0.634464
70704,3,0.109921,0.929935,23,0,1000.000,1.815925,0.636088
70704,4,0.123307,0.899700,30,0,1000.000,1.965436,0.640106
70704,5,0.136964,0.919927,41,0,1000.000,1.758157,0.644178
70704,6,0.132308,0.919969,45,0,1000.000,1.920791,0.640857
70704,7,0.129706,0.897492,32,0,1000.000,1.954491,0.641876
70752,0,0.129536,0.898086,22,0,1000.000,1.922241,0.635454
70752,1,0.107255,0.915280,26,0,1000.000,1.818294,0.636370
70752,2,0.131004,0.931376,26,0,1000.000,1.840884,0.633851
70752,3,0.109921,0.908563,16,0,1000.000,2.093589,0.628563
70752,4,0.123307,0.901482,37,0,1000.000,2.137873,0.631766
70752,5,0.136964,0.918742,43,0,1000.000,1.936877,0.647440
70752,6,0.132308,0.941741,17,0,1000.000,1.525667,0.649868
70752,7,0.129706,0.920140,25,0,1000.000,1.854524,0.627889
70848,0,0.129536,0.911305,46,1,986.261,2.008074,0.632575
70848,1,0.107255,0.901557,38,0,1000.000,1.971464,0.619375
70848,2,0.131004,0.913727,62,0,1000.000,1.856526,0.634455
70848,3,0.109921,0.905514,49,0,1000.000,1.939450,0.635720
70848,4,0.123307,0.922995,52,0,1000.000,1.823739,0.636420
70848,5,0.136964,0.917098,47,0,1000.000,2.080664,0.620745
70848,6,0.132308,0.909450,46,0,1000.000,2.029859,0.621505
70848,7,0.129706,0.932929,50,0,1000.000,1.816584,0.648911
70896,0,0.129536,0.925218,23,0,1000.000,1.761756,0.622380
70896,1,0.107255,0.880859,16,0,1000.000,2.101189,0.611513
70896,2,0.131004,0.886593,20,0,1000.000,2.152188,0.618443
70896,3,0.109921,0.937766,16,0,1000.000,1.873366,0.633937
70896,4,0.123307,0.932776,23,0,1000.000,1.675995,0.651650
70896,5,0.136964,0.927919,17,0,1000.000,1.673979,0.646907
70896,6,0.132308,0.928273,20,0,1000.000,1.624043,0.639802
70896,7,0.129706,0.928836,19,0,1000.000,1.759712,0.634245
70944,0,0.129536,0.883075,17,0,1000.000,2.123738,0.619764
70944,1,0.107255,0.903244,31,0,1000.000,2.111263,0.623624
70944,2,0.131004,0.902595,28,0,1000.000,1.900174,0.626027
70944,3,0.109921,0.939330,20,0,1000.000,1.630379,0.629503
70944,4,0.123307,0.920697,23,0,1000.000,1.860863,0.622718
70944,5,0.136964,0.943453,26,0,1000.000,1.795715,0.640267
70944,6,0.132308,0.907122,24,0,1000.000,2.178239,0.629830
70944,7,0.129706,0.903030,33,0,1000.000,2.027867,0.621647
70992,0,0.129536,0.929503,25,0,1000.000,1.520216,0.642885
70992,1,0.107255,0.928236,20,0,1000.000,1.420249,0.643953
70992,2,0.131004,0.920683,27,0,1000.000,1.796655,0.639437
70992,3,0.109921,0.931292,21,0,1000.000,1.292048,0.633168
70992,4,0.123307,0.900171,30,0,1000.000,1.994565,0.622254
70992,5,0.136964,0.879704,23,0,1000.000,2.308496,0.619246
70992,6,0.132308,0.905155,25,0,1000.000,2.420198,0.616983
70992,7,0.129706,0.911545,27,0,1000.000,2.130606,0.624297
71040,0,0.129536,0.927291,23,0,1000.000,1.630569,0.627989
71040,1,0.107255,0.913448,19,0,1000.000,1.789526,0.647837
71040,2,0.131004,0.926008,24,0,1000.000,1.952811,0.627912
71040,3,0.109921,0.917333,30,0,1000.000,1.824887,0.633851
71040,4,0.123307,0.919379,29,0,1000.000,1.834628,0.637955
71040,5,0.136964,0.935560,38,0,1000.000,1.858553,0.641551
71040,6,0.132308,0.900823,21,0,1000.000,2.183361,0.621408
71040,7,0.129706,0.929119,20,0,1000.000,1.874083,0.631714
71088,0,0.129536,0.911306,33,0,1000.000,1.975070,0.625967
71088,1,0.107255,0.923449,20,0,1000.000,1.774156,0.628540
71088,2,0.131004,0.926477,28,0,1000.000,1.568768,0.635159
71088,3,0.109921,0.922231,30,0,1000.000,2.071349,0.630238
71088,4,0.123307,0.944920,27,0,1000.000,1.544467,0.648245
71088,5,0.136964,0.897731,31,0,1000.000,2.016201,0.610291
71088,6,0.132308,0.889583,39,0,1000.000,1.917253,0.631546
71088,7,0.129706,0.896849,30,0,1000.000,2.024229,0.620058
71136,0,0.129536,0.909959,24,0,1000.000,1.859844,0.625260
71136,1,0.107255,0.903723,21,0,1000.000,1.905664,0.631521
71136,2,0.131004,0.912312,23,0,1000.000,1.780669,0.616021
71136,3,0.109921,0.919639,27,0,1000.000,1.808347,0.629523
71136,4,0.123307,0.931540,39,0,1000.000,1.603742,0.634367
71136,5,0.136964,0.932978,26,0,1000.000,1.759519,0.635204
71136,6,0.132308,0.888537,30,0,1000.000,2.115052,0.618639
71136,7,0.129706,0.917537,30,0,1000.000,1.903638,0.617851
71184,0,0.129536,0.899406,20,0,1000.000,1.713196,0.623428
71184,1,0.107255,0.919158,16,0,1000.000,1.765389,0.624491
71184,2,0.131004,0.900112,30,0,1000.000,1.694642,0.628381
71184,3,0.109921,0.905229,21,0,1000.000,1.888305,0.619060
71184,4,0.123307,0.893607,22,0,1000.000,2.037494,0.623404
71184,5,0.136964,0.917956,15,0,1000.000,1.800584,0.623815
71184,6,0.132308,0.915539,19,0,1000.000,1.643273,0.626193
71184,7,0.129706,0.925140,19,0,1000.000,1.993315,0.628998
71232,0,0.129536,0.922171,21,0,1000.000,1.841738,0.608168
71232,1,0.107255,0.915624,19,0,1000.000,2.151996,0.634060
71232,2,0.131004,0.881443,24,0,1000.000,2.017987,0.624184
71232,3,0.109921,0.920314,15,0,1000.000,1.829612,0.633090
71232,4,0.123307,0.922328,17,0,1000.000,2.176029,0.630209
71232,5,0.136964,0.902897,16,0,1000.000,1.670254,0.611610
71232,6,0.132308,0.914095,22,0,1000.000,2.008219,0.612921
71232,7,0.129706,0.917968,20,0,1000.000,1.756672,0.640592
71280,0,0.129536,0.908006,21,0,1000.000,2.205975,0.624228
71280,1,0.107255,0.908865,19,0,1000.000,2.027081,0.620311
71280,2,0.131004,0.843989,21,0,1000.000,2.659634,0.588042
71280,3,0.109921,0.900413,18,0,1000.000,1.906636,0.649534
71280,4,0.123307,0.909347,21,0,1000.000,1.827865,0.619273
71280,5,0.136964,0.914500,22,0,1000.000,1.961924,0.626289
71280,6,0.132308,0.943669,12,0,1000.000,1.358106,0.632520
71280,7,0.129706,0.891016,19,0,1000.000,2.309969,0.612710
71328,0,0.129536,0.924334,25,0,1000.000,1.903727,0.646090
71328,1,0.107255,0.926855,21,0,1000.000,2.046469,0.631372
71328,2,0.131004,0.921719,23,0,1000.000,1.842358,0.644390
71328,3,0.109921,0.914855,19,0,1000.000,1.982902,0.620363
71328,4,0.123307,0.923802,23,0,1000.000,1.899755,0.635431
71328,5,0.136964,0.937346,23,0,1000.000,1.568365,0.649643
71328,6,0.132308,0.920788,22,0,1000.000,2.006054,0.634820
71328,7,0.129706,0.893756,15,0,1000.000,1.965195,0.641282
71376,0,0.129536,0.909249,21,0,1000.000,2.044997,0.615190
71376,1,0.107255,0.921695,19,0,1000.000,2.136074,0.636272
71376,2,0.131004,0.907270,32,0,1000.000,1.835981,0.625601
71376,3,0.109921,0.911752,19,0,1000.000,1.898225,0.630445
71376,4,0.123307,0.922119,26,0,1000.000,1.643839,0.637260
71376,5,0.136964,0.918147,21,0,1000.000,1.781098,0.634473
71376,6,0.132308,0.902381,17,0,1000.000,1.923940,0.643062
71376,7,0.129706,0.895216,22,0,1000.000,2.432473,0.614654
71424,0,0.129536,0.875756,15,0,1000.000,2.699913,0.597521
71424,1,0.107255,0.928256,19,0,1000.000,1.905181,0.635889
71424,2,0.131004,0.927300,32,0,1000.000,1.862731,0.630600
71424,3,0.109921,0.906947,23,0,1000.000,2.085623,0.618045
71424,4,0.123307,0.917744,30,0,1000.000,1.778091,0.638839
71424,5,0.136964,0.929359,24,0,1000.000,1.730162,0.651463
71424,6,0.132308,0.919214,15,0,1000.000,1.956882,0.639845
71424,7,0.129706,0.923091,15,0,1000.000,1.640078,0.634860
71472,0,0.129536,0.930120,33,1,982.061,1.850464,0.627229
71472,1,0.107255,0.946304,19,0,1000.000,1.493665,0.638488
71472,2,0.131004,0.906793,27,0,1000.000,2.073828,0.634495
71472,3,0.109921,0.930837,22,0,1000.000,1.923437,0.657637
71472,4,0.123307,0.920509,27,0,1000.000,1.841612,0.653761
71472,5,0.136964,0.910765,43,0,1000.000,1.950921,0.625693
71472,6,0.132308,0.896819,26,0,1000.000,2.346224,0.623191
71472,7,0.129706,0.932451,25,0,1000.000,1.859282,0.630521
71520,0,0.129536,0.922562,28,0,1000.000,1.864185,0.628605
71520,1,0.107255,0.939392,25,0,1000.000,1.695383,0.641349
71520,2,0.131004,0.916209,37,0,1000.000,1.907772,0.632661
71520,3,0.109921,0.911642,20,0,1000.000,1.609178,0.650000
71520,4,0.123307,0.907348,23,0,1000.000,2.062874,0.617762
71520,5,0.136964,0.918843,21,0,1000.000,2.263775,0.622831
71520,6,0.132308,0.904747,29,0,1000.000,2.145812,0.622355
71520,7,0.129706,0.921288,26,0,1000.000,1.658248,0.633109
71568,0,0.129536,0.916163,22,0,1000.000,1.865069,0.624258
71568,1,0.107255,0.910759,18,0,1000.000,1.673849,0.637629
71568,2,0.131004,0.917910,25,0,1000.000,1.734488,0.627034
71568,3,0.109921,0.917379,23,0,1000.000,2.015246,0.638118
71568,4,0.123307,0.893581,27,0,1000.000,2.245602,0.619168
71568,5,0.136964,0.932796,29,0,1000.000,1.744432,0.642882
71568,6,0.132308,0.888963,24,0,1000.000,2.148110,0.626279
71568,7,0.129706,0.929199,26,0,1000.000,1.692818,0.633873
71616,0,0.129536,0.932523,19,0,1000.000,1.919436,0.638919
71616,1,0.107255,0.909246,26,0,1000.000,2.104214,0.629237
71616,2,0.131004,0.920931,34,0,1000.000,1.746644,0.643064
71616,3,0.109921,0.909979,18,0,1000.000,2.130079,0.640414
71616,4,0.123307,0.914228,29,0,1000.000,2.059375,0.632423
71616,5,0.136964,0.939685,30,0,1000.000,1.685235,0.639185
71616,6,0.132308,0.920060,26,0,1000.000,1.758686,0.635766
71616,7,0.129706,0.889493,24,0,1000.000,2.330551,0.621196
71664,0,0.129536,0.891166,33,0,1000.000,2.310755,0.622473
71664,1,0.107255,0.925624,30,0,1000.000,1.858008,0.630069
71664,2,0.131004,0.919237,34,0,1000.000,1.913051,0.642748
71664,3,0.109921,0.929148,24,0,1000.000,1.568950,0.633677
71664,4,0.123307,0.916386,32,0,1000.000,2.097472,0.631986
71664,5,0.136964,0.933929,30,0,1000.000,1.682488,0.642715
71664,6,0.132308,0.927591,36,0,1000.000,1.917588,0.648935
71664,7,0.129706,0.902087,25,0,1000.000,1.831690,0.627663
71712,0,0.129536,0.918913,36,0,1000.000,2.022187,0.635769
71712,1,0.107255,0.899618,28,0,1000.000,1.850990,0.630585
71712,2,0.131004,0.908851,36,0,1000.000,2.096215,0.628868
71712,3,0.109921,0.922317,22,0,1000.000,1.657431,0.648385
71712,4,0.123307,0.912986,27,0,1000.000,2.019573,0.645505
71712,5,0.136964,0.907113,26,0,1000.000,2.214461,0.632475
71712,6,0.132308,0.903270,45,0,1000.000,1.999392,0.627728
71712,7,0.129706,0.923212,27,0,1000.000,1.878023,0.633008
71760,0,0.129536,0.934017,23,0,1000.000,1.935915,0.629335
71760,1,0.107255,0.897950,22,0,1000.000,2.071460,0.628487
71760,2,0.131004,0.900038,29,0,1000.000,1.998867,0.628857
71760,3,0.109921,0.938478,26,0,1000.000,1.799347,0.640649
71760,4,0.123307,0.921517,32,0,1000.000,1.869209,0.625240
71760,5,0.136964,0.928803,31,0,1000.000,1.923122,0.641807
71760,6,0.132308,0.905616,26,0,1000.000,2.281967,0.616020
71760,7,0.129706,0.911521,32,0,1000.000,2.001451,0.615782
71808,0,0.129536,0.907993,27,0,1000.000,1.981206,0.634854
71808,1,0.107255,0.930559,20,0,1000.000,1.936867,0.640378
71808,2,0.131004,0.930647,31,0,1000.000,1.624675,0.632928
71808,3,0.109921,0.918873,26,0,1000.000,1.857720,0.627104
71808,4,0.123307,0.883812,25,0,1000.000,2.112072,0.603617
71808,5,0.136964,0.930531,31,0,1000.000,1.871806,0.645527
71808,6,0.132308,0.920736,26,0,1000.000,1.779442,0.621786
71808,7,0.129706,0.929842,34,0,1000.000,1.739152,0.634600
71856,0,0.129536,0.910539,18,0,1000.000,1.539675,0.631963
71856,1,0.107255,0.897983,8,0,1000.000,1.753129,0.633267
71856,2,0.131004,0.937559,23,0,1000.000,1.621868,0.644295
71856,3,0.109921,0.896915,22,0,1000.000,2.001671,0.625953
71856,4,0.123307,0.888084,20,0,1000.000,2.256235,0.612233
71856,5,0.136964,0.915866,16,0,1000.000,2.002940,0.624341
71856,6,0.132308,0.922970,16,0,1000.000,1.854615,0.645058
71856,7,0.129706,0.911714,23,0,1000.000,2.018753,0.625026
71904,0,0.129536,0.932184,26,0,1000.000,1.563277,0.643099
71904,1,0.107255,0.926601,28,0,1000.000,1.715749,0.647563
71904,2,0.131004,0.925006,20,0,1000.000,2.106425,0.629717
71904,3,0.109921,0.887358,19,0,1000.000,2.135945,0.622808
71904,4,0.123307,0.927888,19,0,1000.000,1.896966,0.635731
71904,5,0.136964,0.919649,19,0,1000.000,2.100105,0.630136
71904,6,0.132308,0.921187,14,0,1000.000,1.860198,0.634950
71904,7,0.129706,0.914635,17,0,1000.000,1.596076,0.639580
71952,0,0.129536,0.900207,25,1,984.440,2.159128,0.616149
71952,1,0.107255,0.908267,16,0,1000.000,2.134097,0.626270
71952,2,0.131004,0.907282,16,0,1000.000,2.082925,0.628882
71952,3,0.109921,0.923007,28,0,1000.000,2.030078,0.641852
71952,4,0.123307,0.922002,26,0,1000.000,1.765608,0.642338
71952,5,0.136964,0.885065,38,0,1000.000,2.039150,0.628402
71952,6,0.132308,0.922207,27,0,1000.000,1.805785,0.634692
71952,7,0.129706,0.881318,30,0,1000.000,2.148776,0.620135
72000,0,0.129536,0.906171,18,0,1000.000,1.989964,0.634654
72000,1,0.107255,0.938174,21,0,1000.000,1.719100,0.649548
72000,2,0.131004,0.921971,31,0,1000.000,1.860095,0.631613
72000,3,0.109921,0.889255,14,0,1000.000,2.418459,0.609311
72000,4,0.123307,0.924774,29,0,1000.000,1.834028,0.635633
72000,5,0.136964,0.902857,36,0,1000.000,1.957589,0.631813
72000,6,0.132308,0.901362,28,0,1000.000,2.083380,0.618127
72000,7,0.129706,0.854905,15,1,941.067,2.028435,0.612177
