step,bin_idx,weight,mean_reward,n_samples,n_falls,mean_ep_len,mean_vx_at_term,r_en
48,0,0.125000,0.000084,4122,4096,6.308,0.130283,0.000000
48,1,0.125000,0.001154,20,0,1000.000,0.168183,0.000000
48,2,0.125000,0.000019,19,0,1000.000,0.183088,0.000000
48,3,0.125000,0.000000,31,0,1000.000,0.169117,0.000000
48,4,0.125000,0.000000,34,0,1000.000,0.173392,0.000000
48,5,0.125000,0.000000,25,0,1000.000,0.182627,0.000000
48,6,0.125000,0.000000,24,0,1000.000,0.181569,0.000000
48,7,0.125000,0.000000,23,0,1000.000,0.175167,0.000000
96,0,0.125000,0.041487,26,1,972.846,0.173153,0.000000
96,1,0.125000,0.003867,23,0,1000.000,0.142983,0.000000
96,2,0.125000,0.000106,23,0,1000.000,0.125141,0.000000
96,3,0.125000,0.000006,19,1,951.947,0.137849,0.000000
96,4,0.125000,0.000000,19,1,970.789,0.207467,0.000000
96,5,0.125000,0.000000,25,0,1000.000,0.215120,0.000000
96,6,0.125000,0.000000,20,0,1000.000,0.107249,0.000000
96,7,0.125000,0.000000,25,0,1000.000,0.180670,0.000000
144,0,0.125000,0.136882,38,8,859.342,0.149139,0.000000
144,1,0.125000,0.007182,35,2,991.657,0.136262,0.000000
144,2,0.125000,0.001473,42,10,846.667,0.126455,0.000000
144,3,0.125000,0.000003,28,3,955.786,0.149584,0.000000
144,4,0.125000,0.000000,32,5,916.719,0.153869,0.000000
144,5,0.125000,0.000000,22,3,923.727,0.122983,0.000000
144,6,0.125000,0.000000,24,5,918.583,0.179512,0.000000
144,7,0.125000,0.000000,29,5,920.034,0.147460,0.000000
192,0,0.125000,0.150083,42,15,869.167,0.104040,0.000000
192,1,0.125000,0.035668,31,10,828.097,0.103234,0.000000
192,2,0.125000,0.000740,29,9,911.759,0.146623,0.000000
192,3,0.125000,0.000013,25,10,828.640,0.118192,0.000000
192,4,0.125000,0.000000,39,17,803.923,0.098658,0.000000
192,5,0.125000,0.000000,32,12,841.375,0.121058,0.000000
192,6,0.125000,0.000000,36,7,938.500,0.094133,0.000000
192,7,0.125000,0.000000,39,5,961.256,0.144355,0.000000
240,0,0.125000,0.235338,44,19,807.068,0.126428,0.000000
240,1,0.125000,0.049456,48,23,744.667,0.099328,0.000000
240,2,0.125000,0.001901,33,12,800.758,0.098425,0.000000
240,3,0.125000,0.000009,36,12,871.944,0.083831,0.000000
240,4,0.125000,0.000000,28,7,894.107,0.134027,0.000000
240,5,0.125000,0.000000,25,3,958.920,0.126303,0.000000
240,6,0.125000,0.000000,35,5,939.057,0.090701,0.000000
240,7,0.125000,0.000000,31,2,965.710,0.141676,0.000000
288,0,0.125000,0.277464,46,20,783.935,0.089579,0.000000
288,1,0.125000,0.047613,48,21,802.417,0.093712,0.000000
288,2,0.125000,0.002327,30,14,808.100,0.078582,0.000000
288,3,0.125000,0.000027,25,10,767.520,0.095223,0.000000
288,4,0.125000,0.000000,31,9,850.129,0.123497,0.000000
288,5,0.125000,0.000000,33,6,924.485,0.131111,0.000000
288,6,0.125000,0.000000,29,3,921.103,0.147910,0.000000
288,7,0.125000,0.000000,34,4,968.029,0.146591,0.000000
336,0,0.125000,0.427130,55,41,599.473,0.096611,0.000000
336,1,0.125000,0.099126,50,36,579.880,0.082492,0.000000
336,2,0.125000,0.005335,43,27,639.209,0.074981,0.000000
336,3,0.125000,0.000055,38,17,757.947,0.093606,0.000000
336,4,0.125000,0.000000,39,16,723.436,0.089070,0.000000
336,5,0.125000,0.000000,32,7,882.344,0.121639,0.000000
336,6,0.125000,0.000000,28,5,896.929,0.117492,0.000000
336,7,0.125000,0.000000,29,5,891.138,0.130563,0.000000
384,0,0.125000,0.475605,90,68,558.967,0.079854,0.000000
384,1,0.125000,0.108298,64,46,554.672,0.084301,0.000000
384,2,0.125000,0.003967,43,23,681.698,0.088423,0.000000
384,3,0.125000,0.000067,45,23,709.400,0.104235,0.000000
384,4,0.125000,0.000000,47,27,699.000,0.104704,0.000000
384,5,0.125000,0.000000,37,8,886.892,0.115200,0.000000
384,6,0.125000,0.000000,37,17,716.730,0.132554,0.000000
384,7,0.125000,0.000000,39,10,800.205,0.105811,0.000000
432,0,0.125000,0.488448,79,63,575.177,0.092318,0.000000
432,1,0.125000,0.111647,72,56,547.097,0.080822,0.000000
432,2,0.125000,0.004873,63,40,660.365,0.111610,0.000000
432,3,0.125000,0.000053,54,32,646.074,0.105478,0.000000
432,4,0.125000,0.000000,50,27,697.100,0.085322,0.000000
432,5,0.125000,0.000000,62,21,819.339,0.114326,0.000000
432,6,0.125000,0.000000,28,14,715.500,0.090223,0.000000
432,7,0.125000,0.000000,34,9,856.618,0.127768,0.000000
480,0,0.125000,0.513487,100,87,553.240,0.074175,0.000000
480,1,0.125000,0.111181,73,58,582.329,0.092396,0.000000
480,2,0.125000,0.006108,71,53,539.113,0.092119,0.000000
480,3,0.125000,0.000088,57,40,565.070,0.080578,0.000000
480,4,0.125000,0.000000,51,26,708.098,0.104046,0.000000
480,5,0.125000,0.000000,44,26,597.341,0.095527,0.000000
480,6,0.125000,0.000000,50,15,840.780,0.127053,0.000000
480,7,0.125000,0.000000,28,5,868.036,0.120441,0.000000
528,0,0.125000,0.583682,104,90,442.962,0.090988,0.000000
528,1,0.125000,0.132242,93,81,459.817,0.089619,0.000000
528,2,0.125000,0.008088,73,65,442.411,0.098153,0.000000
528,3,0.125000,0.000120,67,51,476.433,0.082722,0.000000
528,4,0.125000,0.000000,60,37,662.100,0.098993,0.000000
528,5,0.125000,0.000000,28,14,696.607,0.114424,0.000000
528,6,0.125000,0.000000,31,11,742.935,0.128342,0.000000
528,7,0.125000,0.000000,21,5,860.238,0.126910,0.000000
576,0,0.125000,0.614433,100,92,406.720,0.089835,0.000000
576,1,0.125000,0.128533,125,110,484.720,0.110265,0.000000
576,2,0.125000,0.007605,113,99,470.558,0.090761,0.000000
576,3,0.125000,0.000081,95,79,478.411,0.100944,0.000000
576,4,0.125000,0.000000,67,48,609.657,0.095351,0.000000
576,5,0.125000,0.000000,51,34,637.000,0.121157,0.000000
576,6,0.125000,0.000000,40,26,610.250,0.101866,0.000000
576,7,0.125000,0.000000,46,20,757.783,0.121629,0.000000
624,0,0.125000,0.650980,144,138,326.264,0.101221,0.000000
624,1,0.125000,0.150648,164,155,378.921,0.124064,0.000000
624,2,0.125000,0.009041,162,154,356.333,0.123351,0.000000
624,3,0.125000,0.000105,140,128,399.514,0.114566,0.000000
624,4,0.125000,0.000000,154,135,454.370,0.120188,0.000000
624,5,0.125000,0.000000,130,115,486.662,0.118536,0.000000
624,6,0.125000,0.000000,109,97,439.266,0.102176,0.000000
624,7,0.125000,0.000000,112,94,513.116,0.109960,0.000000
672,0,0.125000,0.683074,137,136,217.401,0.164742,0.000000
672,1,0.125000,0.179007,154,152,248.318,0.154678,0.000000
672,2,0.125000,0.010384,174,168,321.764,0.170775,0.000000
672,3,0.125000,0.000181,171,164,399.684,0.199382,0.000000
672,4,0.125000,0.000000,191,178,380.869,0.174371,0.000000
672,5,0.125000,0.000000,212,203,400.651,0.183494,0.000000
672,6,0.125000,0.000000,244,229,414.934,0.150303,0.000000
672,7,0.125000,0.000000,231,222,389.922,0.117727,0.000000
720,0,0.125000,0.721955,113,112,124.947,0.129199,0.000000
720,1,0.125000,0.189041,83,81,195.518,0.184441,0.000000
720,2,0.125000,0.013307,125,122,246.080,0.186630,0.000000
720,3,0.125000,0.000316,135,134,265.963,0.192344,0.000000
720,4,0.125000,0.000001,139,131,347.612,0.185897,0.000000
720,5,0.125000,0.000000,148,142,341.108,0.193169,0.000000
720,6,0.125000,0.000000,184,175,379.435,0.160562,0.000000
720,7,0.125000,0.000000,185,178,406.800,0.131867,0.000000
768,0,0.125000,0.730006,122,122,115.787,0.164753,0.000000
768,1,0.125000,0.219993,129,128,138.659,0.188321,0.000000
768,2,0.125000,0.017675,131,131,169.656,0.191924,0.000000
768,3,0.125000,0.000303,153,148,221.275,0.242714,0.000000
768,4,0.125000,0.000001,156,149,253.340,0.212844,0.000000
768,5,0.125000,0.000000,175,171,294.246,0.173244,0.000000
768,6,0.125000,0.000000,207,203,293.773,0.143450,0.000000
768,7,0.125000,0.000000,219,215,240.840,0.125352,0.000000
816,0,0.125000,0.725368,173,173,112.474,0.195863,0.000000
816,1,0.125000,0.215341,193,193,133.881,0.246068,0.000000
816,2,0.125000,0.015097,221,219,149.914,0.261977,0.000000
816,3,0.125000,0.000313,244,241,184.930,0.278264,0.000000
816,4,0.125000,0.000001,263,262,188.414,0.267373,0.000000
816,5,0.125000,0.000000,282,277,225.543,0.244010,0.000000
816,6,0.125000,0.000000,294,289,227.068,0.209454,0.000000
816,7,0.125000,0.000000,314,309,221.150,0.181218,0.000000
864,0,0.125000,0.714307,191,191,109.298,0.244728,0.000000
864,1,0.125000,0.209952,198,198,119.758,0.326984,0.000000
864,2,0.125000,0.013048,225,225,132.044,0.319470,0.000000
864,3,0.125000,0.000264,258,257,141.140,0.333119,0.000000
864,4,0.125000,0.000001,276,273,155.989,0.347745,0.000000
864,5,0.125000,0.000000,282,281,166.163,0.278699,0.000000
864,6,0.125000,0.000000,271,270,143.251,0.276784,0.000000
864,7,0.125000,0.000000,274,274,131.434,0.249010,0.000000
912,0,0.125000,0.734373,160,160,113.481,0.206601,0.000000
912,1,0.125000,0.229108,172,172,111.483,0.279264,0.000000
912,2,0.125000,0.019096,181,181,120.210,0.289420,0.000000
912,3,0.125000,0.000342,134,134,121.813,0.301024,0.000000
912,4,0.125000,0.000001,197,197,118.558,0.304154,0.000000
912,5,0.125000,0.000000,203,202,130.276,0.290297,0.000000
912,6,0.125000,0.000000,219,217,135.612,0.299955,0.000000
912,7,0.125000,0.000000,185,185,104.503,0.268609,0.000000
960,0,0.125000,0.734831,141,141,121.149,0.212968,0.000000
960,1,0.125000,0.214119,138,138,120.768,0.244871,0.000000
960,2,0.125000,0.017905,151,151,125.781,0.264342,0.000000
960,3,0.125000,0.000363,147,145,131.578,0.295000,0.000000
960,4,0.125000,0.000001,153,152,135.314,0.225690,0.000000
960,5,0.125000,0.000000,130,130,122.985,0.245484,0.000000
960,6,0.125000,0.000000,165,163,132.830,0.238664,0.000000
960,7,0.125000,0.000000,163,162,127.117,0.199153,0.000000
1008,0,0.125000,0.721114,174,174,133.644,0.233306,0.000000
1008,1,0.125000,0.205922,168,168,132.905,0.272513,0.000000
1008,2,0.125000,0.017662,198,198,138.323,0.291271,0.000000
1008,3,0.125000,0.000280,183,183,133.530,0.278288,0.000000
1008,4,0.125000,0.000001,159,159,137.465,0.304026,0.000000
1008,5,0.125000,0.000000,170,170,125.900,0.248368,0.000000
1008,6,0.125000,0.000001,165,164,128.479,0.225888,0.000000
1008,7,0.125000,0.000000,191,191,131.838,0.215025,0.000000
1056,0,0.125000,0.735131,184,184,148.995,0.243392,0.000000
1056,1,0.125000,0.229656,186,186,145.011,0.302499,0.000000
1056,2,0.125000,0.017357,184,183,152.348,0.338761,0.000000
1056,3,0.125000,0.000379,185,185,140.616,0.324968,0.000000
1056,4,0.125000,0.000001,166,166,152.428,0.295850,0.000000
1056,5,0.125000,0.000000,185,185,137.854,0.240579,0.000000
1056,6,0.125000,0.000000,205,205,135.834,0.220125,0.000000
1056,7,0.125000,0.000000,190,190,119.411,0.190312,0.000000
1104,0,0.125000,0.749562,217,217,143.147,0.252022,0.000000
1104,1,0.125000,0.234773,230,230,141.322,0.278943,0.000000
1104,2,0.125000,0.018864,226,226,141.473,0.336428,0.000000
1104,3,0.125000,0.000556,193,193,128.560,0.325801,0.000000
1104,4,0.125000,0.000002,179,179,126.369,0.309082,0.000000
1104,5,0.125000,0.000000,210,210,124.110,0.286978,0.000000
1104,6,0.125000,0.000000,236,236,122.093,0.223060,0.000000
1104,7,0.125000,0.000000,209,209,117.847,0.197716,0.000000
1152,0,0.125000,0.763673,246,246,137.268,0.263260,0.000000
1152,1,0.125000,0.261448,249,249,126.960,0.295323,0.000000
1152,2,0.125000,0.023106,251,251,137.869,0.332320,0.000000
1152,3,0.125000,0.000606,289,289,135.273,0.341648,0.000000
1152,4,0.125000,0.000004,238,237,141.643,0.323562,0.000000
1152,5,0.125000,0.000000,238,238,118.773,0.331868,0.000000
1152,6,0.125000,0.000000,226,226,115.013,0.260024,0.000000
1152,7,0.125000,0.000000,193,193,107.829,0.257562,0.000000
1200,0,0.125000,0.766248,262,262,127.504,0.261561,0.000000
1200,1,0.125000,0.283263,284,284,119.567,0.310983,0.000000
1200,2,0.125000,0.026687,279,279,115.018,0.349322,0.000000
1200,3,0.125000,0.000654,279,279,119.986,0.352309,0.000000
1200,4,0.125000,0.000003,269,269,104.770,0.395520,0.000000
1200,5,0.125000,0.000000,279,279,108.384,0.327234,0.000000
1200,6,0.125000,0.000000,249,249,101.205,0.362129,0.000000
1200,7,0.125000,0.000000,243,243,101.037,0.271577,0.000000
1248,0,0.125000,0.786014,159,159,122.164,0.279015,0.000000
1248,1,0.125000,0.277425,184,184,109.614,0.306743,0.000000
1248,2,0.125000,0.028697,165,165,105.630,0.364667,0.000000
1248,3,0.125000,0.000464,178,178,109.084,0.382754,0.000000
1248,4,0.125000,0.000002,163,163,107.117,0.358616,0.000000
1248,5,0.125000,0.000000,191,191,99.518,0.328336,0.000000
1248,6,0.125000,0.000000,197,197,99.695,0.303438,0.000000
1248,7,0.125000,0.000000,206,206,96.728,0.264664,0.000000
1296,0,0.125000,0.774495,106,106,124.264,0.379123,0.000000
1296,1,0.125000,0.243087,154,154,110.688,0.424498,0.000000
1296,2,0.125000,0.017940,133,133,108.955,0.458152,0.000000
1296,3,0.125000,0.000267,140,140,108.029,0.364380,0.000000
1296,4,0.125000,0.000001,172,172,108.453,0.336495,0.000000
1296,5,0.125000,0.000000,177,177,103.356,0.301418,0.000000
1296,6,0.125000,0.000000,208,208,102.606,0.236418,0.000000
1296,7,0.125000,0.000000,209,209,104.995,0.208496,0.000000
1344,0,0.125000,0.780951,141,141,133.638,0.349336,0.000000
1344,1,0.125000,0.249686,185,185,122.811,0.422440,0.000000
1344,2,0.125000,0.017507,184,184,125.505,0.452662,0.000000
1344,3,0.125000,0.000259,210,210,125.938,0.457923,0.000000
1344,4,0.125000,0.000001,184,184,124.261,0.381145,0.000000
1344,5,0.125000,0.000000,193,193,115.741,0.342619,0.000000
1344,6,0.125000,0.000000,208,208,114.471,0.265038,0.000000
1344,7,0.125000,0.000000,207,207,112.261,0.201683,0.000000
1392,0,0.125000,0.777139,181,181,154.912,0.400583,0.000000
1392,1,0.125000,0.269070,191,191,134.853,0.474048,0.000000
1392,2,0.125000,0.019097,233,233,134.356,0.484397,0.000000
1392,3,0.125000,0.000407,242,242,123.599,0.480867,0.000000
1392,4,0.125000,0.000002,258,258,132.500,0.482311,0.000000
1392,5,0.125000,0.000000,203,203,119.172,0.443923,0.000000
1392,6,0.125000,0.000000,220,220,106.336,0.389738,0.000000
1392,7,0.125000,0.000000,188,188,116.559,0.317078,0.000000
1440,0,0.125000,0.799957,162,162,149.877,0.406286,0.000000
1440,1,0.125000,0.275220,234,234,145.282,0.459563,0.000000
1440,2,0.125000,0.022037,285,285,123.235,0.476354,0.000000
1440,3,0.125000,0.000387,271,271,122.590,0.529833,0.000000
1440,4,0.125000,0.000002,285,285,113.130,0.529221,0.000000
1440,5,0.125000,0.000000,274,274,106.620,0.495045,0.000000
1440,6,0.125000,0.000000,267,267,97.150,0.495064,0.000000
1440,7,0.125000,0.000000,242,242,90.698,0.425976,0.000000
1488,0,0.125000,0.804057,192,192,159.401,0.421367,0.000000
1488,1,0.125000,0.298649,295,295,124.542,0.455441,0.000000
1488,2,0.125000,0.025869,354,354,108.331,0.491723,0.000000
1488,3,0.125000,0.000542,351,351,96.926,0.518640,0.000000
1488,4,0.125000,0.000004,384,384,90.250,0.511843,0.000000
1488,5,0.125000,0.000000,398,398,78.962,0.526618,0.000000
1488,6,0.125000,0.000000,344,344,76.532,0.505418,0.000000
1488,7,0.125000,0.000000,364,364,70.536,0.502229,0.000000
1536,0,0.125000,0.808988,199,199,155.799,0.407682,0.000000
1536,1,0.125000,0.327134,316,316,109.054,0.451572,0.000000
1536,2,0.125000,0.029359,381,381,82.672,0.505888,0.000000
1536,3,0.125000,0.000639,415,415,65.506,0.526448,0.000000
1536,4,0.125000,0.000004,366,366,58.347,0.529353,0.000000
1536,5,0.125000,0.000000,391,391,54.803,0.523685,0.000000
1536,6,0.125000,0.000000,375,375,52.325,0.512148,0.000000
1536,7,0.125000,0.000000,404,404,50.708,0.494952,0.000000
1584,0,0.125000,0.804287,177,177,144.836,0.399486,0.000000
1584,1,0.125000,0.308337,343,343,96.271,0.456594,0.000000
1584,2,0.125000,0.023843,419,419,67.976,0.501457,0.000000
1584,3,0.125000,0.000328,369,369,55.369,0.508187,0.000000
1584,4,0.125000,0.000001,413,413,49.288,0.474228,0.000000
1584,5,0.125000,0.000000,378,378,46.283,0.454852,0.000000
1584,6,0.125000,0.000000,340,340,42.050,0.434381,0.000000
1584,7,0.125000,0.000000,381,381,40.496,0.399912,0.000000
1632,0,0.125000,0.800982,152,152,159.270,0.423910,0.000000
1632,1,0.125000,0.305321,397,397,91.224,0.475801,0.000000
1632,2,0.125000,0.024847,391,391,61.985,0.520999,0.000000
1632,3,0.125000,0.000328,405,405,48.886,0.516714,0.000000
1632,4,0.125000,0.000001,379,379,43.726,0.490457,0.000000
1632,5,0.125000,0.000000,390,390,39.726,0.463326,0.000000
1632,6,0.125000,0.000000,409,409,37.469,0.425483,0.000000
1632,7,0.125000,0.000000,390,390,35.062,0.401151,0.000000
1680,0,0.125000,0.799563,150,150,158.533,0.445915,0.000000
1680,1,0.125000,0.325471,387,387,91.902,0.463580,0.000000
1680,2,0.125000,0.029026,403,403,55.238,0.546618,0.000000
1680,3,0.125000,0.000549,394,394,44.919,0.550914,0.000000
1680,4,0.125000,0.000001,391,391,39.652,0.532103,0.000000
1680,5,0.125000,0.000000,364,364,35.563,0.508304,0.000000
1680,6,0.125000,0.000000,374,374,33.845,0.476221,0.000000
1680,7,0.125000,0.000000,392,392,31.699,0.434006,0.000000
1728,0,0.125000,0.806325,139,139,177.439,0.387512,0.000000
1728,1,0.125000,0.358829,384,384,89.677,0.437266,0.000000
1728,2,0.125000,0.034404,406,406,51.842,0.534606,0.000000
1728,3,0.125000,0.000778,364,364,40.755,0.566963,0.000000
1728,4,0.125000,0.000002,349,349,36.653,0.547368,0.000000
1728,5,0.125000,0.000000,374,374,33.254,0.516604,0.000000
1728,6,0.125000,0.000000,328,328,31.402,0.482413,0.000000
1728,7,0.125000,0.000000,346,346,29.393,0.449370,0.000000
1776,0,0.125000,0.799135,83,83,200.759,0.454241,0.000000
1776,1,0.125000,0.362098,308,308,91.250,0.434218,0.000000
1776,2,0.125000,0.032190,333,333,49.369,0.538655,0.000000
1776,3,0.125000,0.000500,349,349,39.837,0.552898,0.000000
1776,4,0.125000,0.000002,333,333,35.706,0.554412,0.000000
1776,5,0.125000,0.000000,331,331,32.012,0.503450,0.000000
1776,6,0.125000,0.000000,335,335,30.209,0.461168,0.000000
1776,7,0.125000,0.000000,373,373,28.901,0.434917,0.000000
1824,0,0.125000,0.816032,85,85,200.553,0.379428,0.000000
1824,1,0.125000,0.342574,407,407,92.894,0.462393,0.000000
1824,2,0.125000,0.031730,327,327,46.667,0.548854,0.000000
1824,3,0.125000,0.000487,362,362,38.619,0.546639,0.000000
1824,4,0.125000,0.000001,309,309,33.602,0.519090,0.000000
1824,5,0.125000,0.000000,319,319,30.624,0.476495,0.000000
1824,6,0.125000,0.000000,317,317,29.095,0.445514,0.000000
1824,7,0.125000,0.000000,274,274,27.679,0.415261,0.000000
1872,0,0.125000,0.818601,110,109,233.691,0.404397,0.000000
1872,1,0.125000,0.359743,344,344,84.465,0.464189,0.000000
1872,2,0.125000,0.028964,291,291,44.667,0.546149,0.000000
1872,3,0.125000,0.000371,294,294,36.861,0.525302,0.000000
1872,4,0.125000,0.000001,325,325,32.855,0.512307,0.000000
1872,5,0.125000,0.000000,282,282,30.025,0.472974,0.000000
1872,6,0.125000,0.000000,298,298,28.201,0.438282,0.000000
1872,7,0.125000,0.000000,294,294,26.915,0.399042,0.000000
1920,0,0.125000,0.831014,346,346,249.038,0.416822,0.000000
1920,1,0.125000,0.363609,378,378,65.603,0.511385,0.000000
1920,2,0.125000,0.026747,298,298,40.758,0.542964,0.000000
1920,3,0.125000,0.000295,318,318,34.651,0.514417,0.000000
1920,4,0.125000,0.000001,278,278,31.115,0.489075,0.000000
1920,5,0.125000,0.000000,276,276,28.493,0.444151,0.000000
1920,6,0.125000,0.000000,275,275,26.895,0.386176,0.000000
1920,7,0.125000,0.000000,330,330,25.615,0.365077,0.000000
1968,0,0.125000,0.842853,364,364,277.291,0.345318,0.000000
1968,1,0.125000,0.363773,263,263,54.175,0.490780,0.000000
1968,2,0.125000,0.027918,307,307,41.134,0.538546,0.000000
1968,3,0.125000,0.000331,340,340,34.000,0.527943,0.000000
1968,4,0.125000,0.000001,340,340,30.147,0.478793,0.000000
1968,5,0.125000,0.000000,344,344,27.919,0.436007,0.000000
1968,6,0.125000,0.000000,331,331,25.891,0.379357,0.000000
1968,7,0.125000,0.000000,345,345,25.043,0.338407,0.000000
2016,0,0.125000,0.840853,207,207,301.130,0.364669,0.000000
2016,1,0.125000,0.370094,284,284,56.394,0.480500,0.000000
2016,2,0.125000,0.027584,283,283,40.777,0.528606,0.000000
2016,3,0.125000,0.000359,291,291,34.725,0.517290,0.000000
2016,4,0.125000,0.000001,314,314,30.748,0.493539,0.000000
2016,5,0.125000,0.000000,321,321,28.087,0.453664,0.000000
2016,6,0.125000,0.000000,304,304,26.178,0.397197,0.000000
2016,7,0.125000,0.000000,293,293,25.287,0.367859,0.000000
2064,0,0.125000,0.830422,115,114,294.096,0.422329,0.000000
2064,1,0.125000,0.364283,209,209,65.139,0.450975,0.000000
2064,2,0.125000,0.028006,264,264,45.152,0.527892,0.000000
2064,3,0.125000,0.000385,278,278,37.806,0.531848,0.000000
2064,4,0.125000,0.000001,264,264,32.826,0.517123,0.000000
2064,5,0.125000,0.000000,273,273,29.275,0.467160,0.000000
2064,6,0.125000,0.000000,243,243,27.107,0.397100,0.000000
2064,7,0.125000,0.000000,262,262,25.668,0.373583,0.000000
2112,0,0.125000,0.834611,126,122,344.190,0.442503,0.000000
2112,1,0.125000,0.365690,234,234,76.021,0.450215,0.000000
2112,2,0.125000,0.031392,255,255,47.800,0.537529,0.000000
2112,3,0.125000,0.000420,243,243,37.621,0.536964,0.000000
2112,4,0.125000,0.000000,253,253,32.945,0.506606,0.000000
2112,5,0.125000,0.000000,212,212,29.769,0.481002,0.000000
2112,6,0.125000,0.000000,239,239,27.854,0.426089,0.000000
2112,7,0.125000,0.000000,197,197,26.508,0.388011,0.000000
2160,0,0.125000,0.833351,148,138,384.770,0.406404,0.000000
2160,1,0.125000,0.363422,315,315,80.076,0.467349,0.000000
2160,2,0.125000,0.028792,221,221,44.095,0.528744,0.000000
2160,3,0.125000,0.000333,272,272,35.989,0.539801,0.000000
2160,4,0.125000,0.000000,208,208,31.721,0.511292,0.000000
2160,5,0.125000,0.000000,203,203,28.995,0.479476,0.000000
2160,6,0.125000,0.000000,220,220,26.495,0.408354,0.000000
2160,7,0.125000,0.000000,225,225,25.493,0.369310,0.000000
2208,0,0.125000,0.847914,137,127,419.737,0.342559,0.000000
2208,1,0.125000,0.380800,163,163,72.239,0.431721,0.000000
2208,2,0.125000,0.031509,210,210,45.567,0.521356,0.000000
2208,3,0.125000,0.000327,180,180,37.567,0.522898,0.000000
2208,4,0.125000,0.000001,231,231,32.736,0.510507,0.000000
2208,5,0.125000,0.000000,219,219,29.580,0.457780,0.000000
2208,6,0.125000,0.000000,187,187,27.422,0.418813,0.000000
2208,7,0.125000,0.000000,194,194,25.758,0.392552,0.000000
2256,0,0.125000,0.821233,72,59,481.306,0.408957,0.000000
2256,1,0.125000,0.367200,143,143,81.622,0.420397,0.000000
2256,2,0.125000,0.029964,195,195,49.272,0.508222,0.000000
2256,3,0.125000,0.000455,201,201,39.468,0.549593,0.000000
2256,4,0.125000,0.000001,191,191,33.455,0.529427,0.000000
2256,5,0.125000,0.000000,207,207,29.908,0.475563,0.000000
2256,6,0.125000,0.000000,172,172,27.529,0.414806,0.000000
2256,7,0.125000,0.000000,182,182,25.863,0.381645,0.000000
2304,0,0.125000,0.834206,104,90,457.010,0.457599,0.000000
2304,1,0.125000,0.366044,193,193,94.036,0.389538,0.000000
2304,2,0.125000,0.031552,164,164,49.756,0.509359,0.000000
2304,3,0.125000,0.000530,172,172,38.093,0.547895,0.000000
2304,4,0.125000,0.000001,161,161,33.130,0.512191,0.000000
2304,5,0.125000,0.000000,171,171,30.000,0.508107,0.000000
2304,6,0.125000,0.000000,171,171,27.444,0.456352,0.000000
2304,7,0.125000,0.000000,165,165,25.424,0.404443,0.000000
2352,0,0.125000,0.843760,118,100,519.381,0.444751,0.000000
2352,1,0.125000,0.376947,225,225,91.147,0.415846,0.000000
2352,2,0.125000,0.030703,176,176,46.642,0.527292,0.000000
2352,3,0.125000,0.000543,131,131,36.534,0.537640,0.000000
2352,4,0.125000,0.000001,142,142,32.761,0.515754,0.000000
2352,5,0.125000,0.000000,165,165,29.679,0.475269,0.000000
2352,6,0.125000,0.000000,167,167,26.754,0.405324,0.000000
2352,7,0.125000,0.000000,169,169,25.107,0.366096,0.000000
2400,0,0.125000,0.849460,83,55,653.422,0.340717,0.000000
2400,1,0.125000,0.378079,103,103,99.417,0.388875,0.000000
2400,2,0.125000,0.032765,142,142,50.211,0.510170,0.000000
2400,3,0.125000,0.000400,146,146,39.315,0.518565,0.000000
2400,4,0.125000,0.000003,157,157,33.892,0.519419,0.000000
2400,5,0.125000,0.000000,152,152,30.368,0.482045,0.000000
2400,6,0.125000,0.000000,164,164,27.348,0.444157,0.000000
2400,7,0.125000,0.000000,185,185,25.297,0.371076,0.000000
2448,0,0.125000,0.862318,94,38,787.894,0.295216,0.000000
2448,1,0.125000,0.368200,79,79,95.228,0.356555,0.000000
2448,2,0.125000,0.033111,110,110,54.655,0.523042,0.000000
2448,3,0.125000,0.000380,129,129,41.488,0.547340,0.000000
2448,4,0.125000,0.000001,110,110,35.327,0.542155,0.000000
2448,5,0.125000,0.000000,133,133,31.654,0.513967,0.000000
2448,6,0.125000,0.000000,106,106,28.255,0.445173,0.000000
2448,7,0.125000,0.000000,114,114,26.447,0.409664,0.000000
2496,0,0.125000,0.858001,131,50,814.931,0.285016,0.000000
2496,1,0.125000,0.367801,117,117,111.017,0.417521,0.000000
2496,2,0.125000,0.033335,128,128,53.641,0.526084,0.000000
2496,3,0.125000,0.000394,128,128,39.844,0.569104,0.000000
2496,4,0.125000,0.000001,120,120,34.233,0.532673,0.000000
2496,5,0.125000,0.000000,118,118,30.466,0.483340,0.000000
2496,6,0.125000,0.000000,110,110,27.945,0.462043,0.000000
2496,7,0.125000,0.000000,110,110,26.136,0.412482,0.000000
2544,0,0.125000,0.864112,173,77,780.578,0.309856,0.000000
2544,1,0.125000,0.382020,232,232,125.888,0.424214,0.000000
2544,2,0.125000,0.037847,141,141,47.695,0.558135,0.000000
2544,3,0.125000,0.000509,151,151,37.934,0.570932,0.000000
2544,4,0.125000,0.000001,132,132,32.583,0.539704,0.000000
2544,5,0.125000,0.000000,112,112,29.152,0.515123,0.000000
2544,6,0.125000,0.000000,136,136,27.140,0.455790,0.000000
2544,7,0.125000,0.000000,132,132,25.485,0.380611,0.000000
2592,0,0.125000,0.865535,177,77,769.249,0.258958,0.000000
2592,1,0.125000,0.409719,175,175,96.674,0.397192,0.000000
2592,2,0.125000,0.038753,144,144,44.729,0.533273,0.000000
2592,3,0.125000,0.000612,161,161,37.106,0.550972,0.000000
2592,4,0.125000,0.000001,151,151,32.364,0.544924,0.000000
2592,5,0.125000,0.000000,163,163,29.491,0.519128,0.000000
2592,6,0.125000,0.000000,175,175,27.034,0.443777,0.000000
2592,7,0.125000,0.000000,139,139,25.576,0.391439,0.000000
2640,0,0.125000,0.871126,163,34,900.761,0.218683,0.000000
2640,1,0.125000,0.404651,116,116,85.147,0.402601,0.000000
2640,2,0.125000,0.035868,171,171,47.789,0.550275,0.000000
2640,3,0.125000,0.000434,174,174,38.897,0.567762,0.000000
2640,4,0.125000,0.000001,143,143,33.462,0.553839,0.000000
2640,5,0.125000,0.000000,149,149,30.034,0.492873,0.000000
2640,6,0.125000,0.000000,151,151,27.583,0.448172,0.000000
2640,7,0.125000,0.000000,154,154,25.721,0.385122,0.000000
2688,0,0.125000,0.871755,174,32,901.276,0.220590,0.000000
2688,1,0.125000,0.402839,155,155,91.871,0.431925,0.000000
2688,2,0.125000,0.036885,167,167,46.713,0.545958,0.000000
2688,3,0.125000,0.000443,162,162,37.389,0.574967,0.000000
2688,4,0.125000,0.000001,167,167,32.419,0.538013,0.000000
2688,5,0.125000,0.000000,164,164,29.506,0.482864,0.000000
2688,6,0.125000,0.000000,158,158,27.133,0.462060,0.000000
2688,7,0.125000,0.000000,151,151,25.709,0.398092,0.000000
2736,0,0.125000,0.869611,168,43,862.268,0.256899,0.000000
2736,1,0.125000,0.409132,108,108,88.398,0.407240,0.000000
2736,2,0.125000,0.039734,163,163,48.417,0.528533,0.000000
2736,3,0.125000,0.000543,148,148,39.203,0.560888,0.000000
2736,4,0.125000,0.000001,169,169,33.905,0.543375,0.000000
2736,5,0.125000,0.000000,159,159,29.918,0.503566,0.000000
2736,6,0.125000,0.000000,173,173,27.266,0.447898,0.000000
2736,7,0.125000,0.000000,161,161,25.932,0.413647,0.000000
2784,0,0.125000,0.875421,168,41,890.899,0.231014,0.000000
2784,1,0.125000,0.410526,145,145,93.724,0.414006,0.000000
2784,2,0.125000,0.038608,160,160,49.388,0.566387,0.000000
2784,3,0.125000,0.000745,163,163,38.951,0.582502,0.000000
2784,4,0.125000,0.000001,152,152,33.618,0.559995,0.000000
2784,5,0.125000,0.000000,150,150,29.927,0.519139,0.000000
2784,6,0.125000,0.000000,157,157,27.408,0.466750,0.000000
2784,7,0.125000,0.000000,149,149,25.678,0.400626,0.000000
2832,0,0.125000,0.877423,154,25,934.409,0.240460,0.000000
2832,1,0.125000,0.399983,167,167,88.796,0.425908,0.000000
2832,2,0.125000,0.039138,168,168,49.458,0.584123,0.000000
2832,3,0.125000,0.000643,174,174,38.259,0.623641,0.000000
2832,4,0.125000,0.000003,147,147,33.007,0.593303,0.000000
2832,5,0.125000,0.000000,156,156,29.596,0.568379,0.000000
2832,6,0.125000,0.000000,146,146,27.534,0.519765,0.000000
2832,7,0.125000,0.000000,162,162,25.636,0.464833,0.000000
2880,0,0.125000,0.876918,204,77,833.078,0.278985,0.000000
2880,1,0.125000,0.418084,229,229,90.467,0.477638,0.000000
2880,2,0.125000,0.046203,190,190,43.858,0.610164,0.000000
2880,3,0.125000,0.000638,181,181,35.331,0.625537,0.000000
2880,4,0.125000,0.000001,182,182,31.209,0.602132,0.000000
2880,5,0.125000,0.000000,178,178,28.146,0.555070,0.000000
2880,6,0.125000,0.000000,172,172,26.407,0.500713,0.000000
2880,7,0.125000,0.000000,167,167,24.898,0.445908,0.000000
2928,0,0.125000,0.877102,266,89,851.658,0.240934,0.000000
2928,1,0.125000,0.435497,171,171,68.292,0.492476,0.000000
2928,2,0.125000,0.044039,194,194,41.371,0.605892,0.000000
2928,3,0.125000,0.000719,210,210,34.824,0.634685,0.000000
2928,4,0.125000,0.000002,193,193,31.404,0.599796,0.000000
2928,5,0.125000,0.000000,205,205,28.278,0.567537,0.000000
2928,6,0.125000,0.000000,212,212,26.264,0.495462,0.000000
2928,7,0.125000,0.000000,184,184,24.582,0.425470,0.000000
2976,0,0.125000,0.880347,273,71,872.000,0.257194,0.000000
2976,1,0.125000,0.438132,200,200,65.355,0.514936,0.000000
2976,2,0.125000,0.045995,220,220,42.168,0.629014,0.000000
2976,3,0.125000,0.000783,208,208,34.933,0.647216,0.000000
2976,4,0.125000,0.000002,205,205,30.976,0.605950,0.000000
2976,5,0.125000,0.000000,207,207,28.203,0.562211,0.000000
2976,6,0.125000,0.000000,192,192,26.068,0.513467,0.000000
2976,7,0.125000,0.000000,189,189,24.751,0.425471,0.000000
3024,0,0.125000,0.879694,220,61,860.123,0.214099,0.000000
3024,1,0.125000,0.435880,170,170,63.165,0.468045,0.000000
3024,2,0.125000,0.044376,192,192,43.495,0.595767,0.000000
3024,3,0.125000,0.000750,211,211,36.493,0.630350,0.000000
3024,4,0.125000,0.000002,212,212,31.816,0.607152,0.000000
3024,5,0.125000,0.000000,178,178,28.893,0.567853,0.000000
3024,6,0.125000,0.000000,208,208,26.553,0.494079,0.000000
3024,7,0.125000,0.000000,207,207,25.150,0.421036,0.000000
3072,0,0.125000,0.883571,163,30,879.810,0.207068,0.000000
3072,1,0.125000,0.411772,201,201,72.761,0.469406,0.000000
3072,2,0.125000,0.038708,204,204,45.324,0.597581,0.000000
3072,3,0.125000,0.000647,185,185,37.124,0.638483,0.000000
3072,4,0.125000,0.000001,174,174,32.793,0.621200,0.000000
3072,5,0.125000,0.000000,203,203,29.064,0.577553,0.000000
3072,6,0.125000,0.000000,222,222,27.158,0.501705,0.000000
3072,7,0.125000,0.000000,213,213,25.192,0.439386,0.000000
3120,0,0.125000,0.881460,169,27,907.243,0.226656,0.000000
3120,1,0.125000,0.405954,176,176,73.750,0.485853,0.000000
3120,2,0.125000,0.038483,176,176,45.733,0.617508,0.000000
3120,3,0.125000,0.000536,186,186,37.726,0.636840,0.000000
3120,4,0.125000,0.000002,187,187,33.251,0.604170,0.000000
3120,5,0.125000,0.000000,215,215,29.772,0.567679,0.000000
3120,6,0.125000,0.000000,191,191,27.419,0.518989,0.000000
3120,7,0.125000,0.000000,178,178,25.944,0.453243,0.000000
3168,0,0.125000,0.885534,190,39,894.868,0.206333,0.000000
3168,1,0.125000,0.403478,205,205,76.039,0.494050,0.000000
3168,2,0.125000,0.038675,183,183,44.404,0.623038,0.000000
3168,3,0.125000,0.000693,172,172,37.459,0.629254,0.000000
3168,4,0.125000,0.000001,171,171,32.971,0.607699,0.000000
3168,5,0.125000,0.000000,183,183,30.235,0.596499,0.000000
3168,6,0.125000,0.000000,208,208,27.909,0.532278,0.000000
3168,7,0.125000,0.000000,175,175,26.189,0.477103,0.000000
3216,0,0.125000,0.882845,155,34,892.503,0.207688,0.000000
3216,1,0.125000,0.412764,169,169,76.059,0.487712,0.000000
3216,2,0.125000,0.040154,198,198,47.773,0.623178,0.000000
3216,3,0.125000,0.000571,204,204,38.471,0.636486,0.000000
3216,4,0.125000,0.000004,175,175,33.663,0.616855,0.000000
3216,5,0.125000,0.000000,192,192,29.901,0.577061,0.000000
3216,6,0.125000,0.000000,166,166,28.548,0.540408,0.000000
3216,7,0.125000,0.000000,170,170,26.376,0.502094,0.000000
3264,0,0.125000,0.883551,156,39,876.417,0.237054,0.000000
3264,1,0.125000,0.397449,192,192,77.740,0.502190,0.000000
3264,2,0.125000,0.032898,193,193,45.974,0.618496,0.000000
3264,3,0.125000,0.000571,187,187,38.455,0.635539,0.000000
3264,4,0.125000,0.000001,157,157,33.580,0.600316,0.000000
3264,5,0.125000,0.000000,159,159,30.459,0.575791,0.000000
3264,6,0.125000,0.000000,166,166,28.235,0.514039,0.000000
3264,7,0.125000,0.000000,183,183,26.831,0.458450,0.000000
3312,0,0.125000,0.883553,177,50,848.921,0.229911,0.000000
3312,1,0.125000,0.394037,207,207,72.092,0.524120,0.000000
3312,2,0.125000,0.032781,179,179,46.207,0.612951,0.000000
3312,3,0.125000,0.000466,172,172,38.012,0.641676,0.000000
3312,4,0.125000,0.000001,164,164,33.829,0.599188,0.000000
3312,5,0.125000,0.000000,171,171,30.480,0.576535,0.000000
3312,6,0.125000,0.000000,164,164,28.537,0.530583,0.000000
3312,7,0.125000,0.000000,199,199,26.925,0.459859,0.000000
3360,0,0.125000,0.879858,178,65,791.292,0.268973,0.000000
3360,1,0.125000,0.410259,167,167,72.976,0.482243,0.000000
3360,2,0.125000,0.039156,168,168,46.387,0.603603,0.000000
3360,3,0.125000,0.000645,194,194,38.577,0.628152,0.000000
3360,4,0.125000,0.000001,173,173,33.301,0.609137,0.000000
3360,5,0.125000,0.000000,186,186,30.742,0.566015,0.000000
3360,6,0.125000,0.000000,162,162,28.611,0.538528,0.000000
3360,7,0.125000,0.000000,181,181,26.724,0.471026,0.000000
3408,0,0.125000,0.886395,145,38,874.441,0.232643,0.000000
3408,1,0.125000,0.403917,199,199,67.643,0.482906,0.000000
3408,2,0.125000,0.034373,153,153,46.438,0.583051,0.000000
3408,3,0.125000,0.000492,169,169,37.917,0.600331,0.000000
3408,4,0.125000,0.000002,172,172,34.000,0.600181,0.000000
3408,5,0.125000,0.000000,186,186,30.559,0.561625,0.000000
3408,6,0.125000,0.000000,180,180,28.983,0.524803,0.000000
3408,7,0.125000,0.000000,183,183,27.033,0.495908,0.000000
3456,0,0.125000,0.885385,110,28,857.500,0.241149,0.000000
3456,1,0.125000,0.414196,128,128,69.703,0.441465,0.000000
3456,2,0.125000,0.041733,155,155,48.142,0.567217,0.000000
3456,3,0.125000,0.000597,157,157,39.490,0.595340,0.000000
3456,4,0.125000,0.000002,160,160,34.306,0.608199,0.000000
3456,5,0.125000,0.000000,165,165,30.933,0.562811,0.000000
3456,6,0.125000,0.000000,177,177,28.734,0.537472,0.000000
3456,7,0.125000,0.000000,178,178,26.601,0.486355,0.000000
3504,0,0.125000,0.886411,116,37,834.233,0.293804,0.000000
3504,1,0.125000,0.421374,137,137,80.000,0.407956,0.000000
3504,2,0.125000,0.041537,145,145,50.517,0.533834,0.000000
3504,3,0.125000,0.000654,154,154,40.156,0.567913,0.000000
3504,4,0.125000,0.000002,159,159,35.082,0.575378,0.000000
3504,5,0.125000,0.000000,141,141,31.348,0.553168,0.000000
3504,6,0.125000,0.000000,158,158,29.544,0.523649,0.000000
3504,7,0.125000,0.000000,139,139,27.396,0.472653,0.000000
3552,0,0.125000,0.889181,164,48,871.677,0.276140,0.000000
3552,1,0.125000,0.420373,118,118,93.949,0.385626,0.000000
3552,2,0.125000,0.039285,127,127,50.843,0.515773,0.000000
3552,3,0.125000,0.000739,137,137,41.321,0.578626,0.000000
3552,4,0.125000,0.000002,147,147,36.252,0.570748,0.000000
3552,5,0.125000,0.000000,131,131,32.550,0.551594,0.000000
3552,6,0.125000,0.000000,147,147,29.660,0.525002,0.000000
3552,7,0.125000,0.000000,117,117,27.692,0.483054,0.000000
3600,0,0.125000,0.886941,152,35,882.816,0.233028,0.000000
3600,1,0.125000,0.401597,156,156,94.853,0.400451,0.000000
3600,2,0.125000,0.034193,128,128,53.461,0.518012,0.000000
3600,3,0.125000,0.000538,139,139,40.827,0.593867,0.000000
3600,4,0.125000,0.000002,149,149,35.906,0.603796,0.000000
3600,5,0.125000,0.000000,149,149,32.993,0.566595,0.000000
3600,6,0.125000,0.000000,139,139,30.626,0.539450,0.000000
3600,7,0.125000,0.000000,136,136,28.118,0.481514,0.000000
3648,0,0.125000,0.891034,149,33,875.785,0.232550,0.000000
3648,1,0.125000,0.385065,168,168,93.452,0.437606,0.000000
3648,2,0.125000,0.032750,124,124,51.444,0.550859,0.000000
3648,3,0.125000,0.000570,118,118,41.881,0.588476,0.000000
3648,4,0.125000,0.000001,155,155,37.245,0.600785,0.000000
3648,5,0.125000,0.000000,141,141,33.482,0.554871,0.000000
3648,6,0.125000,0.000000,134,134,30.478,0.531750,0.000000
3648,7,0.125000,0.000000,147,147,29.048,0.483227,0.000000
3696,0,0.125000,0.893555,159,34,902.786,0.246567,0.000000
3696,1,0.125000,0.391498,119,119,104.513,0.437990,0.000000
3696,2,0.125000,0.035076,159,159,52.969,0.570904,0.000000
3696,3,0.125000,0.000565,142,142,42.056,0.605128,0.000000
3696,4,0.125000,0.000001,159,159,36.491,0.599393,0.000000
3696,5,0.125000,0.000000,151,151,33.669,0.590609,0.000000
3696,6,0.125000,0.000000,141,141,30.801,0.549941,0.000000
3696,7,0.125000,0.000000,142,142,28.824,0.464596,0.000000
3744,0,0.125000,0.895763,126,25,895.746,0.239877,0.000000
3744,1,0.125000,0.389864,131,131,101.817,0.420050,0.000000
3744,2,0.125000,0.032983,140,140,51.643,0.554398,0.000000
3744,3,0.125000,0.000514,126,126,42.198,0.579006,0.000000
3744,4,0.125000,0.000002,146,146,36.788,0.601855,0.000000
3744,5,0.125000,0.000000,157,157,33.350,0.551416,0.000000
3744,6,0.125000,0.000000,153,153,30.974,0.531087,0.000000
3744,7,0.125000,0.000000,128,128,29.328,0.490090,0.000000
3792,0,0.125000,0.894678,150,23,922.700,0.224831,0.000000
3792,1,0.125000,0.388652,135,135,95.867,0.447013,0.000000
3792,2,0.125000,0.034507,128,128,53.164,0.567964,0.000000
3792,3,0.125000,0.000511,139,139,43.259,0.590916,0.000000
3792,4,0.125000,0.000001,133,133,37.293,0.595477,0.000000
3792,5,0.125000,0.000000,150,150,34.007,0.588866,0.000000
3792,6,0.125000,0.000000,152,152,31.428,0.534921,0.000000
3792,7,0.125000,0.000000,149,149,29.315,0.491915,0.000000
3840,0,0.125000,0.896917,138,25,908.478,0.241709,0.000000
3840,1,0.125000,0.401267,132,132,102.045,0.433945,0.000000
3840,2,0.125000,0.037231,131,131,53.443,0.530281,0.000000
3840,3,0.125000,0.000630,135,135,43.081,0.591123,0.000000
3840,4,0.125000,0.000003,157,157,37.688,0.597438,0.000000
3840,5,0.125000,0.000000,140,140,33.700,0.573847,0.000000
3840,6,0.125000,0.000000,152,152,31.388,0.558585,0.000000
3840,7,0.125000,0.000000,129,129,29.295,0.508059,0.000000
3888,0,0.125000,0.897777,166,29,935.958,0.262802,0.000000
3888,1,0.125000,0.402819,119,119,113.160,0.426033,0.000000
3888,2,0.125000,0.040942,150,150,52.793,0.557383,0.000000
3888,3,0.125000,0.000694,141,141,43.532,0.612553,0.000000
3888,4,0.125000,0.000002,132,132,37.523,0.619472,0.000000
3888,5,0.125000,0.000000,143,143,33.406,0.577059,0.000000
3888,6,0.125000,0.000000,146,146,31.130,0.538686,0.000000
3888,7,0.125000,0.000000,129,129,29.047,0.492131,0.000000
3936,0,0.125000,0.896630,202,32,927.822,0.219203,0.000000
3936,1,0.125000,0.415474,118,118,109.559,0.425387,0.000000
3936,2,0.125000,0.041355,135,135,54.141,0.552438,0.000000
3936,3,0.125000,0.000855,122,122,42.459,0.622894,0.000000
3936,4,0.125000,0.000002,134,134,37.567,0.614163,0.000000
3936,5,0.125000,0.000000,136,136,33.838,0.594182,0.000000
3936,6,0.125000,0.000000,148,148,31.554,0.581821,0.000000
3936,7,0.125000,0.000000,149,149,29.765,0.529344,0.000000
3984,0,0.125000,0.898332,206,22,947.189,0.244223,0.000000
3984,1,0.125000,0.416143,87,87,116.483,0.373469,0.000000
3984,2,0.125000,0.047382,126,126,55.992,0.560517,0.000000
3984,3,0.125000,0.000882,137,137,44.117,0.592367,0.000000
3984,4,0.125000,0.000006,134,134,38.351,0.618179,0.000000
3984,5,0.125000,0.000000,152,152,34.796,0.605911,0.000000
3984,6,0.125000,0.000000,129,129,32.434,0.590218,0.000000
3984,7,0.125000,0.000000,151,151,30.278,0.544421,0.000000
4032,0,0.125000,0.895648,177,23,931.723,0.214753,0.000000
4032,1,0.125000,0.422770,91,91,124.648,0.388682,0.000000
4032,2,0.125000,0.045766,118,118,61.246,0.559605,0.000000
4032,3,0.125000,0.000963,122,122,45.803,0.614220,0.000000
4032,4,0.125000,0.000003,146,146,39.178,0.626916,0.000000
4032,5,0.125000,0.000000,121,121,35.760,0.591659,0.000000
4032,6,0.125000,0.000000,131,131,32.885,0.553251,0.000000
4032,7,0.125000,0.000000,154,154,30.526,0.528734,0.000000
4080,0,0.125000,0.900927,163,16,960.497,0.214713,0.000000
4080,1,0.125000,0.398800,61,61,128.721,0.376246,0.000000
4080,2,0.125000,0.042380,113,113,62.204,0.534098,0.000000
4080,3,0.125000,0.000804,140,140,48.021,0.599580,0.000000
4080,4,0.125000,0.000002,130,130,40.523,0.609010,0.000000
4080,5,0.125000,0.000000,145,145,35.993,0.581926,0.000000
4080,6,0.125000,0.000000,142,142,32.859,0.581819,0.000000
4080,7,0.125000,0.000000,146,146,31.123,0.554923,0.000000
4128,0,0.125000,0.899566,157,9,962.822,0.205461,0.000000
4128,1,0.125000,0.408278,62,62,146.242,0.361342,0.000000
4128,2,0.125000,0.039460,120,120,65.375,0.517446,0.000000
4128,3,0.125000,0.000874,127,127,48.197,0.604458,0.000000
4128,4,0.125000,0.000002,133,133,40.414,0.613579,0.000000
4128,5,0.125000,0.000000,119,119,36.000,0.619126,0.000000
4128,6,0.125000,0.000000,137,137,33.153,0.574047,0.000000
4128,7,0.125000,0.000000,111,111,31.315,0.563836,0.000000
4176,0,0.125000,0.905106,163,5,977.816,0.197314,0.000000
4176,1,0.125000,0.391622,58,58,160.517,0.413388,0.000000
4176,2,0.125000,0.042703,125,125,70.880,0.533915,0.000000
4176,3,0.125000,0.000850,118,118,48.881,0.611514,0.000000
4176,4,0.125000,0.000003,112,112,41.062,0.609840,0.000000
4176,5,0.125000,0.000000,115,115,36.157,0.597617,0.000000
4176,6,0.125000,0.000000,115,115,33.374,0.594787,0.000000
4176,7,0.125000,0.000000,115,115,32.035,0.554301,0.000000
4224,0,0.125000,0.902550,155,6,975.652,0.240786,0.000000
4224,1,0.125000,0.388414,66,66,172.364,0.432678,0.000000
4224,2,0.125000,0.045949,105,105,71.152,0.544177,0.000000
4224,3,0.125000,0.001164,140,140,49.886,0.626920,0.000000
4224,4,0.125000,0.000008,121,121,41.083,0.630116,0.000000
4224,5,0.125000,0.000000,108,108,37.546,0.645193,0.000000
4224,6,0.125000,0.000000,111,111,33.234,0.638161,0.000000
4224,7,0.125000,0.000000,101,101,31.762,0.591819,0.000000
4272,0,0.125000,0.903982,153,10,972.797,0.233080,0.000000
4272,1,0.125000,0.388008,79,79,183.000,0.381277,0.000000
4272,2,0.125000,0.054862,100,100,69.910,0.541155,0.000000
4272,3,0.125000,0.001657,131,131,49.176,0.609350,0.000000
4272,4,0.125000,0.000004,112,112,41.054,0.649083,0.000000
4272,5,0.125000,0.000000,118,118,36.559,0.659017,0.000000
4272,6,0.125000,0.000000,119,119,33.588,0.629376,0.000000
4272,7,0.125000,0.000000,119,119,31.790,0.614814,0.000000
4320,0,0.125000,0.901485,172,15,959.436,0.246553,0.000000
4320,1,0.125000,0.416478,76,76,189.684,0.365012,0.000000
4320,2,0.125000,0.054698,99,99,66.545,0.548784,0.000000
4320,3,0.125000,0.001549,116,116,49.216,0.615627,0.000000
4320,4,0.125000,0.000006,137,137,41.161,0.648155,0.000000
4320,5,0.125000,0.000000,118,118,35.814,0.633880,0.000000
4320,6,0.125000,0.000000,113,113,32.991,0.619500,0.000000
4320,7,0.125000,0.000000,120,120,30.850,0.586033,0.000000
4368,0,0.125000,0.902823,167,13,960.048,0.243873,0.000000
4368,1,0.125000,0.421401,60,60,204.800,0.387629,0.000000
4368,2,0.125000,0.059403,104,104,74.913,0.520376,0.000000
4368,3,0.125000,0.001933,110,110,50.355,0.623902,0.000000
4368,4,0.125000,0.000007,99,99,42.131,0.655391,0.000000
4368,5,0.125000,0.000000,99,99,37.788,0.658976,0.000000
4368,6,0.125000,0.000000,127,127,33.748,0.651844,0.000000
4368,7,0.125000,0.000000,98,98,31.378,0.590651,0.000000
4416,0,0.125000,0.903806,155,14,953.742,0.244412,0.000000
4416,1,0.125000,0.404638,40,40,209.775,0.383057,0.000000
4416,2,0.125000,0.057021,95,95,78.274,0.497656,0.000000
4416,3,0.125000,0.001540,104,104,53.846,0.619003,0.000000
4416,4,0.125000,0.000007,103,103,43.223,0.651657,0.000000
4416,5,0.125000,0.000000,107,107,37.636,0.663479,0.000000
4416,6,0.125000,0.000000,108,108,34.648,0.648117,0.000000
4416,7,0.125000,0.000000,115,115,31.704,0.622372,0.000000
4464,0,0.125000,0.905401,134,6,975.149,0.250518,0.000000
4464,1,0.125000,0.410839,47,46,274.681,0.397330,0.000000
4464,2,0.125000,0.060392,112,112,79.679,0.528881,0.000000
4464,3,0.125000,0.001659,108,108,52.204,0.598126,0.000000
4464,4,0.125000,0.000008,108,108,43.306,0.644858,0.000000
4464,5,0.125000,0.000000,104,104,37.894,0.658960,0.000000
4464,6,0.125000,0.000000,91,91,34.022,0.648685,0.000000
4464,7,0.125000,0.000000,121,121,32.124,0.632002,0.000000
4512,0,0.125000,0.905372,133,13,959.068,0.266560,0.000000
4512,1,0.125000,0.429086,39,39,232.462,0.409932,0.000000
4512,2,0.125000,0.059042,104,104,86.365,0.488882,0.000000
4512,3,0.125000,0.001760,102,102,52.196,0.588242,0.000000
4512,4,0.125000,0.000007,106,106,43.698,0.618927,0.000000
4512,5,0.125000,0.000000,119,119,37.815,0.648292,0.000000
4512,6,0.125000,0.000000,104,104,34.538,0.658959,0.000000
4512,7,0.125000,0.000000,118,118,31.932,0.624431,0.000000
4560,0,0.125000,0.906123,126,7,975.786,0.270990,0.000000
4560,1,0.125000,0.420210,28,28,233.679,0.411826,0.000000
4560,2,0.125000,0.061275,87,87,84.345,0.512793,0.000000
4560,3,0.125000,0.001593,92,92,53.674,0.628330,0.000000
4560,4,0.125000,0.000011,101,101,44.030,0.671580,0.000000
4560,5,0.125000,0.000000,105,105,38.200,0.678825,0.000000
4560,6,0.125000,0.000000,100,100,34.580,0.644878,0.000000
4560,7,0.125000,0.000000,104,104,32.654,0.659915,0.000000
4608,0,0.125000,0.904266,147,12,955.034,0.260198,0.000000
4608,1,0.125000,0.435903,43,42,321.465,0.389743,0.000000
4608,2,0.125000,0.059513,102,102,87.794,0.483133,0.000000
4608,3,0.125000,0.001939,100,100,53.840,0.602487,0.000000
4608,4,0.125000,0.000008,88,88,44.148,0.616473,0.000000
4608,5,0.125000,0.000000,86,86,37.221,0.648873,0.000000
4608,6,0.125000,0.000000,85,85,34.612,0.649569,0.000000
4608,7,0.125000,0.000000,104,104,32.154,0.627656,0.000000
4656,0,0.125000,0.905678,137,9,973.270,0.284406,0.000000
4656,1,0.125000,0.424651,42,40,356.286,0.356212,0.000000
4656,2,0.125000,0.065388,95,95,90.432,0.476187,0.000000
4656,3,0.125000,0.002182,103,103,53.932,0.597326,0.000000
4656,4,0.125000,0.000007,97,97,43.701,0.628271,0.000000
4656,5,0.125000,0.000000,77,77,38.156,0.663085,0.000000
4656,6,0.125000,0.000000,101,101,35.168,0.667045,0.000000
4656,7,0.125000,0.000000,90,90,32.389,0.649511,0.000000
4704,0,0.125000,0.907747,130,9,965.731,0.278549,0.000000
4704,1,0.125000,0.442334,56,55,335.339,0.303810,0.000000
4704,2,0.125000,0.063721,87,87,92.103,0.464457,0.000000
4704,3,0.125000,0.002411,91,91,55.297,0.584383,0.000000
4704,4,0.125000,0.000018,73,73,43.575,0.654319,0.000000
4704,5,0.125000,0.000000,105,105,37.914,0.647600,0.000000
4704,6,0.125000,0.000000,97,97,34.918,0.654746,0.000000
4704,7,0.125000,0.000000,101,101,32.644,0.634908,0.000000
4752,0,0.125000,0.907073,140,7,985.393,0.311224,0.000000
4752,1,0.125000,0.446774,57,50,415.930,0.391531,0.000000
4752,2,0.125000,0.072437,95,95,84.337,0.519201,0.000000
4752,3,0.125000,0.002868,90,90,56.589,0.590471,0.000000
4752,4,0.125000,0.000038,68,68,44.353,0.628470,0.000000
4752,5,0.125000,0.000000,86,86,38.279,0.677239,0.000000
4752,6,0.125000,0.000000,97,97,35.485,0.695628,0.000000
4752,7,0.125000,0.000000,77,77,33.390,0.680511,0.000000
4800,0,0.125000,0.908147,130,3,990.862,0.299476,0.000000
4800,1,0.125000,0.462563,64,53,451.094,0.328239,0.000000
4800,2,0.125000,0.081099,103,103,89.932,0.481822,0.000000
4800,3,0.125000,0.003702,107,107,56.402,0.601000,0.000000
4800,4,0.125000,0.000016,83,83,45.518,0.662497,0.000000
4800,5,0.125000,0.000000,102,102,40.147,0.689903,0.000000
4800,6,0.125000,0.000000,88,88,35.682,0.704757,0.000000
4800,7,0.125000,0.000000,87,87,33.851,0.698123,0.000000
4848,0,0.125000,0.907857,134,6,984.687,0.290453,0.000000
4848,1,0.125000,0.467785,57,46,479.456,0.346809,0.000000
4848,2,0.125000,0.089131,99,99,95.081,0.506182,0.000000
4848,3,0.125000,0.003873,104,104,53.981,0.587840,0.000000
4848,4,0.125000,0.000022,92,92,45.130,0.652090,0.000000
4848,5,0.125000,0.000000,96,96,39.125,0.707589,0.000000
4848,6,0.125000,0.000000,110,110,35.727,0.695882,0.000000
4848,7,0.125000,0.000000,89,89,32.944,0.693699,0.000000
4896,0,0.125000,0.908056,141,6,986.078,0.317060,0.000000
4896,1,0.125000,0.472785,75,57,535.773,0.374251,0.000000
4896,2,0.125000,0.086997,96,96,93.979,0.475980,0.000000
4896,3,0.125000,0.004311,70,70,54.414,0.633791,0.000000
4896,4,0.125000,0.000043,96,96,45.385,0.677512,0.000000
4896,5,0.125000,0.000000,91,91,38.088,0.700387,0.000000
4896,6,0.125000,0.000000,104,104,35.394,0.720317,0.000000
4896,7,0.125000,0.000000,98,98,33.286,0.710382,0.000000
4944,0,0.125000,0.908859,160,4,989.106,0.333703,0.000000
4944,1,0.125000,0.489412,68,40,651.603,0.399635,0.000000
4944,2,0.125000,0.104510,117,117,91.325,0.477929,0.000000
4944,3,0.125000,0.004404,77,77,56.403,0.611895,0.000000
4944,4,0.125000,0.000048,92,92,46.087,0.689908,0.000000
4944,5,0.125000,0.000000,106,106,39.509,0.728960,0.000000
4944,6,0.125000,0.000000,84,84,35.964,0.723214,0.000000
4944,7,0.125000,0.000000,114,114,33.623,0.706190,0.000000
4992,0,0.125000,0.906913,125,1,994.360,0.327898,0.000000
4992,1,0.125000,0.495871,98,65,582.061,0.420179,0.000000
4992,2,0.125000,0.109457,114,114,100.298,0.440920,0.000000
4992,3,0.125000,0.005680,96,96,55.073,0.578742,0.000000
4992,4,0.125000,0.000052,104,104,44.433,0.680656,0.000000
4992,5,0.125000,0.000000,95,95,38.705,0.708125,0.000000
4992,6,0.125000,0.000000,102,102,35.275,0.717147,0.000000
4992,7,0.125000,0.000000,112,112,32.902,0.715027,0.000000
5040,0,0.125000,0.906461,126,3,991.579,0.337300,0.000000
5040,1,0.125000,0.497847,95,58,614.526,0.375542,0.000000
5040,2,0.125000,0.106052,89,89,91.124,0.449266,0.000000
5040,3,0.125000,0.005456,109,109,56.853,0.608844,0.000000
5040,4,0.125000,0.000049,100,100,44.840,0.685421,0.000000
5040,5,0.125000,0.000000,120,120,39.108,0.726777,0.000000
5040,6,0.125000,0.000000,114,114,35.289,0.718195,0.000000
5040,7,0.125000,0.000000,122,122,32.639,0.715308,0.000000
5088,0,0.125000,0.908761,121,3,988.603,0.310324,0.000000
5088,1,0.125000,0.518003,78,46,681.038,0.395865,0.000000
5088,2,0.125000,0.117371,99,99,105.010,0.425760,0.000000
5088,3,0.125000,0.006799,104,104,57.471,0.566235,0.000000
5088,4,0.125000,0.000064,99,99,45.202,0.695256,0.000000
5088,5,0.125000,0.000000,114,114,39.465,0.722125,0.000000
5088,6,0.125000,0.000000,116,116,35.138,0.717831,0.000000
5088,7,0.125000,0.000000,120,120,33.708,0.739223,0.000000
5136,0,0.125000,0.906223,122,2,990.729,0.283568,0.000000
5136,1,0.125000,0.510986,74,29,801.703,0.423466,0.000000
5136,2,0.125000,0.117026,89,89,102.809,0.391097,0.000000
5136,3,0.125000,0.007080,108,108,59.648,0.598321,0.000000
5136,4,0.125000,0.000067,108,108,46.194,0.698383,0.000000
5136,5,0.125000,0.000000,96,96,40.052,0.752090,0.000000
5136,6,0.125000,0.000000,119,119,36.294,0.732214,0.000000
5136,7,0.125000,0.000000,103,103,33.854,0.703354,0.000000
5184,0,0.125000,0.910024,122,3,983.705,0.288034,0.000000
5184,1,0.125000,0.527249,82,41,692.841,0.396211,0.000000
5184,2,0.125000,0.126503,110,110,108.700,0.377904,0.000000
5184,3,0.125000,0.007576,118,118,60.763,0.570538,0.000000
5184,4,0.125000,0.000065,112,112,46.946,0.719124,0.000000
5184,5,0.125000,0.000000,99,99,41.162,0.718585,0.000000
5184,6,0.125000,0.000000,107,107,37.140,0.723716,0.000000
5184,7,0.125000,0.000000,116,116,34.164,0.694285,0.000000
5232,0,0.125000,0.909074,115,5,979.339,0.312639,0.000000
5232,1,0.125000,0.538603,81,43,672.284,0.390525,0.000000
5232,2,0.125000,0.136412,120,120,106.658,0.371238,0.000000
5232,3,0.125000,0.007840,106,106,59.679,0.584618,0.000000
5232,4,0.125000,0.000190,132,132,46.902,0.705699,0.000000
5232,5,0.125000,0.000000,99,99,39.717,0.729438,0.000000
5232,6,0.125000,0.000000,92,92,36.098,0.713812,0.000000
5232,7,0.125000,0.000000,103,103,34.078,0.671497,0.000000
5280,0,0.125000,0.908379,107,4,992.692,0.303075,0.000000
5280,1,0.125000,0.543015,93,46,745.602,0.461303,0.000000
5280,2,0.125000,0.147428,103,103,97.311,0.413580,0.000000
5280,3,0.125000,0.008595,108,108,58.648,0.617501,0.000000
5280,4,0.125000,0.000070,118,118,44.517,0.705598,0.000000
5280,5,0.125000,0.000000,98,98,39.704,0.724949,0.000000
5280,6,0.125000,0.000000,119,119,35.109,0.682877,0.000000
5280,7,0.125000,0.000000,112,112,32.554,0.655669,0.000000
5328,0,0.125000,0.911355,122,2,989.262,0.316878,0.000000
5328,1,0.125000,0.562608,80,34,752.700,0.485291,0.000000
5328,2,0.125000,0.153617,124,124,96.427,0.431345,0.000000
5328,3,0.125000,0.008355,112,112,55.348,0.613839,0.000000
5328,4,0.125000,0.000049,111,111,43.360,0.728778,0.000000
5328,5,0.125000,0.000000,105,105,38.343,0.726628,0.000000
5328,6,0.125000,0.000000,113,113,35.248,0.698248,0.000000
5328,7,0.125000,0.000000,121,121,32.306,0.627091,0.000000
5376,0,0.125000,0.909668,106,2,992.255,0.318473,0.000000
5376,1,0.125000,0.575831,86,49,621.826,0.429644,0.000000
5376,2,0.125000,0.160809,104,104,94.231,0.437906,0.000000
5376,3,0.125000,0.009189,100,100,53.490,0.631887,0.000000
5376,4,0.125000,0.000056,109,109,44.972,0.766832,0.000000
5376,5,0.125000,0.000000,122,122,39.107,0.742824,0.000000
5376,6,0.125000,0.000000,116,116,35.586,0.702616,0.000000
5376,7,0.125000,0.000000,108,108,33.417,0.668294,0.000000
5424,0,0.125000,0.907557,98,3,984.398,0.328921,0.000000
5424,1,0.125000,0.587022,70,20,844.029,0.488623,0.000000
5424,2,0.125000,0.181007,100,100,108.670,0.452611,0.000000
5424,3,0.125000,0.009557,119,119,56.118,0.641625,0.000000
5424,4,0.125000,0.000068,84,84,43.071,0.744515,0.000000
5424,5,0.125000,0.000000,104,104,39.231,0.738395,0.000000
5424,6,0.125000,0.000000,108,108,35.657,0.696297,0.000000
5424,7,0.125000,0.000000,91,91,32.505,0.614443,0.000000
5472,0,0.125000,0.904197,103,2,982.961,0.274950,0.000000
5472,1,0.125000,0.598319,54,15,827.000,0.467071,0.000000
5472,2,0.125000,0.178190,86,86,100.523,0.414953,0.000000
5472,3,0.125000,0.010568,97,97,58.412,0.637651,0.000000
5472,4,0.125000,0.000075,94,94,45.681,0.745444,0.000000
5472,5,0.125000,0.000000,107,107,40.533,0.737709,0.000000
5472,6,0.125000,0.000000,94,94,36.032,0.672394,0.000000
5472,7,0.125000,0.000000,85,85,33.906,0.625002,0.000000
5520,0,0.125000,0.909792,94,3,977.021,0.251895,0.000000
5520,1,0.125000,0.618483,60,12,882.650,0.475010,0.000000
5520,2,0.125000,0.165632,54,54,106.833,0.441011,0.000000
5520,3,0.125000,0.010579,81,81,62.296,0.668850,0.000000
5520,4,0.125000,0.000091,86,86,46.837,0.720312,0.000000
5520,5,0.125000,0.000000,83,83,39.916,0.733094,0.000000
5520,6,0.125000,0.000000,75,75,36.960,0.689465,0.000000
5520,7,0.125000,0.000000,104,104,33.538,0.618113,0.000000
5568,0,0.125000,0.909142,92,2,983.967,0.259682,0.000000
5568,1,0.125000,0.625861,42,7,882.452,0.513188,0.000000
5568,2,0.125000,0.179485,74,74,122.878,0.405996,0.000000
5568,3,0.125000,0.009723,103,103,59.427,0.680702,0.000000
5568,4,0.125000,0.000104,93,93,46.430,0.763585,0.000000
5568,5,0.125000,0.000000,70,70,40.814,0.726673,0.000000
5568,6,0.125000,0.000000,87,87,36.770,0.672844,0.000000
5568,7,0.125000,0.000000,88,88,34.341,0.615653,0.000000
5616,0,0.125000,0.908882,100,2,996.090,0.251851,0.000000
5616,1,0.125000,0.636243,49,5,954.939,0.491250,0.000000
5616,2,0.125000,0.186522,77,77,129.130,0.440034,0.000000
5616,3,0.125000,0.010435,96,96,59.844,0.694382,0.000000
5616,4,0.125000,0.000059,60,60,44.900,0.779282,0.000000
5616,5,0.125000,0.000000,82,82,39.695,0.718462,0.000000
5616,6,0.125000,0.000000,85,85,36.106,0.653761,0.000000
5616,7,0.125000,0.000000,79,79,32.620,0.565802,0.000000
5664,0,0.125000,0.908129,83,1,993.614,0.260675,0.000000
5664,1,0.125000,0.642417,53,9,899.321,0.495877,0.000000
5664,2,0.125000,0.211965,88,88,132.739,0.470273,0.000000
5664,3,0.125000,0.009775,78,78,59.449,0.720594,0.000000
5664,4,0.125000,0.000064,59,59,45.966,0.750647,0.000000
5664,5,0.125000,0.000000,77,77,39.364,0.719807,0.000000
5664,6,0.125000,0.000000,85,85,36.094,0.696843,0.000000
5664,7,0.125000,0.000000,95,95,32.663,0.594235,0.000000
5712,0,0.125000,0.907176,93,1,991.258,0.234489,0.000000
5712,1,0.125000,0.673310,55,4,975.345,0.532481,0.000000
5712,2,0.125000,0.202798,85,85,129.729,0.522128,0.000000
5712,3,0.125000,0.010472,72,72,57.819,0.693466,0.000000
5712,4,0.125000,0.000078,93,93,44.581,0.772828,0.000000
5712,5,0.125000,0.000000,75,75,38.587,0.738012,0.000000
5712,6,0.125000,0.000000,69,69,35.420,0.665094,0.000000
5712,7,0.125000,0.000000,64,64,32.781,0.614233,0.000000
5760,0,0.125000,0.906161,95,1,990.874,0.248915,0.000000
5760,1,0.125000,0.672011,62,14,877.452,0.549850,0.000000
5760,2,0.125000,0.224347,87,87,137.322,0.504156,0.000000
5760,3,0.125000,0.012360,74,74,58.459,0.700749,0.000000
5760,4,0.125000,0.000083,72,72,44.861,0.779485,0.000000
5760,5,0.125000,0.000000,70,70,39.143,0.703626,0.000000
5760,6,0.125000,0.000000,83,83,35.325,0.656168,0.000000
5760,7,0.125000,0.000000,82,82,32.476,0.565200,0.000000
5808,0,0.125000,0.907487,101,2,988.079,0.258014,0.000000
5808,1,0.125000,0.676131,59,10,887.034,0.543570,0.000000
5808,2,0.125000,0.222868,85,85,149.671,0.495231,0.000000
5808,3,0.125000,0.011045,67,67,57.478,0.711730,0.000000
5808,4,0.125000,0.000038,70,70,44.529,0.748539,0.000000
5808,5,0.125000,0.000000,78,78,40.372,0.742387,0.000000
5808,6,0.125000,0.000000,78,78,36.513,0.660262,0.000000
5808,7,0.125000,0.000000,72,72,34.250,0.584393,0.000000
5856,0,0.125000,0.907204,100,4,987.220,0.285392,0.000000
5856,1,0.125000,0.682507,68,18,860.574,0.544695,0.000000
5856,2,0.125000,0.224866,87,87,125.747,0.510668,0.000000
5856,3,0.125000,0.010832,90,90,55.922,0.693979,0.000000
5856,4,0.125000,0.000072,72,72,44.972,0.773753,0.000000
5856,5,0.125000,0.000000,79,79,38.241,0.705319,0.000000
5856,6,0.125000,0.000000,82,82,35.220,0.638035,0.000000
5856,7,0.125000,0.000000,82,82,33.476,0.554877,0.000000
5904,0,0.125000,0.909660,85,4,976.647,0.277978,0.000000
5904,1,0.125000,0.713702,81,15,916.815,0.612825,0.000000
5904,2,0.125000,0.248613,110,110,151.573,0.503455,0.000000
5904,3,0.125000,0.012102,85,85,54.871,0.717517,0.000000
5904,4,0.125000,0.000046,87,87,43.310,0.733831,0.000000
5904,5,0.125000,0.000000,89,89,38.292,0.680036,0.000000
5904,6,0.125000,0.000000,83,83,34.217,0.636172,0.000000
5904,7,0.125000,0.000000,78,78,31.846,0.528517,0.000000
5952,0,0.125000,0.908245,102,2,990.755,0.283099,0.000000
5952,1,0.125000,0.726985,77,15,908.039,0.608789,0.000000
5952,2,0.125000,0.276067,91,91,134.791,0.543101,0.000000
5952,3,0.125000,0.014193,110,110,54.636,0.717905,0.000000
5952,4,0.125000,0.000082,67,67,43.134,0.755634,0.000000
5952,5,0.125000,0.000000,84,84,37.119,0.691418,0.000000
5952,6,0.125000,0.000000,82,82,34.707,0.609255,0.000000
5952,7,0.125000,0.000000,75,75,31.880,0.520564,0.000000
6000,0,0.125000,0.910110,97,2,991.052,0.310915,0.000000
6000,1,0.125000,0.711843,100,21,910.540,0.584257,0.000000
6000,2,0.125000,0.269056,75,75,124.440,0.477643,0.000000
6000,3,0.125000,0.015916,67,67,56.970,0.740970,0.000000
6000,4,0.125000,0.000064,75,75,42.387,0.765752,0.000000
6000,5,0.125000,0.000000,81,81,38.420,0.713487,0.000000
6000,6,0.125000,0.000000,82,82,34.573,0.650176,0.000000
6000,7,0.125000,0.000000,86,86,32.233,0.556467,0.000000
6048,0,0.125000,0.914947,89,1,993.438,0.286026,0.000000
6048,1,0.125000,0.742412,93,21,891.774,0.626464,0.000000
6048,2,0.125000,0.279050,68,68,128.015,0.545044,0.000000
6048,3,0.125000,0.015556,88,88,55.352,0.744548,0.000000
6048,4,0.125000,0.000064,93,93,42.484,0.751767,0.000000
6048,5,0.125000,0.000000,91,91,36.022,0.706075,0.000000
6048,6,0.125000,0.000000,71,71,33.437,0.608731,0.000000
6048,7,0.125000,0.000000,75,75,31.640,0.571420,0.000000
6096,0,0.125000,0.911609,100,4,985.060,0.282733,0.000000
6096,1,0.125000,0.752815,86,12,945.674,0.619227,0.000000
6096,2,0.125000,0.274235,78,78,110.333,0.545377,0.000000
6096,3,0.125000,0.014563,71,71,55.183,0.733651,0.000000
6096,4,0.125000,0.000079,86,86,39.884,0.724705,0.000000
6096,5,0.125000,0.000000,79,79,36.570,0.686035,0.000000
6096,6,0.125000,0.000000,92,92,32.707,0.598838,0.000000
6096,7,0.125000,0.000000,81,81,31.074,0.522040,0.000000
6144,0,0.125000,0.905818,97,1,990.371,0.243363,0.000000
6144,1,0.125000,0.758176,81,10,957.259,0.633234,0.000000
6144,2,0.125000,0.263540,66,66,118.061,0.511326,0.000000
6144,3,0.125000,0.014105,82,82,53.463,0.734178,0.000000
6144,4,0.125000,0.000062,77,77,41.597,0.764336,0.000000
6144,5,0.125000,0.000000,93,93,36.849,0.704534,0.000000
6144,6,0.125000,0.000000,86,86,33.767,0.624807,0.000000
6144,7,0.125000,0.000000,82,82,31.232,0.544903,0.000000
6192,0,0.125000,0.910125,111,1,992.721,0.250824,0.000000
6192,1,0.125000,0.767927,80,17,899.662,0.602767,0.000000
6192,2,0.125000,0.295938,76,76,150.461,0.537496,0.000000
6192,3,0.125000,0.015684,78,78,55.051,0.762587,0.000000
6192,4,0.125000,0.000066,72,72,42.014,0.759711,0.000000
6192,5,0.125000,0.000000,88,88,37.443,0.701896,0.000000
6192,6,0.125000,0.000000,94,94,34.106,0.629495,0.000000
6192,7,0.125000,0.000000,85,85,31.824,0.575181,0.000000
6240,0,0.125000,0.912434,108,1,999.870,0.281484,0.000000
6240,1,0.125000,0.782451,92,10,938.402,0.650270,0.000000
6240,2,0.125000,0.305205,70,70,149.300,0.482105,0.000000
6240,3,0.125000,0.015375,86,86,56.465,0.743869,0.000000
6240,4,0.125000,0.000079,89,89,42.202,0.761418,0.000000
6240,5,0.125000,0.000000,100,100,36.940,0.693734,0.000000
6240,6,0.125000,0.000000,83,83,32.855,0.597190,0.000000
6240,7,0.125000,0.000000,81,81,31.062,0.513936,0.000000
6288,0,0.125000,0.910828,98,3,993.735,0.278927,0.000000
6288,1,0.125000,0.790659,89,11,931.944,0.637993,0.000000
6288,2,0.125000,0.304527,78,77,141.962,0.516767,0.000000
6288,3,0.125000,0.018371,89,89,58.719,0.764766,0.000000
6288,4,0.125000,0.000065,87,87,41.218,0.745144,0.000000
6288,5,0.125000,0.000000,88,88,36.670,0.689438,0.000000
6288,6,0.125000,0.000000,103,103,33.689,0.595148,0.000000
6288,7,0.125000,0.000000,94,94,31.681,0.534088,0.000000
6336,0,0.125000,0.913710,86,1,995.988,0.230920,0.000000
6336,1,0.125000,0.791254,113,14,928.973,0.630652,0.000000
6336,2,0.125000,0.319054,72,72,159.653,0.592480,0.000000
6336,3,0.125000,0.019324,97,97,56.186,0.739621,0.000000
6336,4,0.125000,0.000083,89,89,42.685,0.755724,0.000000
6336,5,0.125000,0.000000,89,89,36.753,0.702753,0.000000
6336,6,0.125000,0.000000,83,83,33.241,0.593408,0.000000
6336,7,0.125000,0.000000,91,91,30.714,0.503906,0.000000
6384,0,0.125000,0.911921,112,2,988.411,0.271602,0.000000
6384,1,0.125000,0.801629,114,7,961.096,0.640093,0.000000
6384,2,0.125000,0.340036,79,78,174.443,0.566122,0.000000
6384,3,0.125000,0.016971,96,96,57.177,0.789720,0.000000
6384,4,0.125000,0.000079,92,92,40.804,0.762440,0.000000
6384,5,0.125000,0.000000,80,80,35.825,0.696808,0.000000
6384,6,0.125000,0.000000,100,100,32.550,0.598408,0.000000
6384,7,0.125000,0.000000,81,81,31.062,0.517868,0.000000
6432,0,0.125000,0.913511,100,0,1000.000,0.275332,0.000000
6432,1,0.125000,0.819815,89,3,980.214,0.671553,0.000000
6432,2,0.125000,0.306089,67,67,145.313,0.610231,0.000000
6432,3,0.125000,0.016767,89,89,56.742,0.768562,0.000000
6432,4,0.125000,0.000075,97,97,41.722,0.788698,0.000000
6432,5,0.125000,0.000000,94,94,36.394,0.708628,0.000000
6432,6,0.125000,0.000000,86,86,33.826,0.620635,0.000000
6432,7,0.125000,0.000000,102,102,31.029,0.528707,0.000000
6480,0,0.125000,0.912845,63,0,1000.000,0.305569,0.000000
6480,1,0.125000,0.820868,73,8,948.192,0.672830,0.000000
6480,2,0.125000,0.336820,79,79,175.759,0.644841,0.000000
6480,3,0.125000,0.018338,97,97,57.330,0.807361,0.000000
6480,4,0.125000,0.000061,81,81,41.469,0.749108,0.000000
6480,5,0.125000,0.000000,82,82,36.305,0.691347,0.000000
6480,6,0.125000,0.000000,102,102,33.480,0.636753,0.000000
6480,7,0.125000,0.000000,84,84,31.274,0.536012,0.000000
6528,0,0.125000,0.913745,57,0,1000.000,0.292307,0.000000
6528,1,0.125000,0.821257,80,13,932.325,0.663193,0.000000
6528,2,0.125000,0.360047,112,110,206.786,0.683670,0.000000
6528,3,0.125000,0.019648,83,83,58.867,0.804041,0.000000
6528,4,0.125000,0.000078,77,77,42.416,0.812734,0.000000
6528,5,0.125000,0.000000,76,76,37.671,0.715353,0.000000
6528,6,0.125000,0.000000,72,72,32.958,0.626502,0.000000
6528,7,0.125000,0.000000,93,93,31.312,0.554645,0.000000
6576,0,0.125000,0.912124,82,0,1000.000,0.314457,0.000000
6576,1,0.125000,0.822453,63,8,930.540,0.689031,0.000000
6576,2,0.125000,0.361093,81,81,184.556,0.677375,0.000000
6576,3,0.125000,0.022196,72,72,57.250,0.805077,0.000000
6576,4,0.125000,0.000082,85,85,41.035,0.794691,0.000000
6576,5,0.125000,0.000000,89,89,35.652,0.703907,0.000000
6576,6,0.125000,0.000000,90,90,33.556,0.624067,0.000000
6576,7,0.125000,0.000000,79,79,30.987,0.566732,0.000000
6624,0,0.125000,0.912263,76,1,995.329,0.296070,0.000000
6624,1,0.125000,0.832222,81,5,975.222,0.670119,0.000000
6624,2,0.125000,0.368367,55,55,186.891,0.696459,0.000000
6624,3,0.125000,0.020216,72,72,55.778,0.782146,0.000000
6624,4,0.125000,0.000116,83,83,41.349,0.800142,0.000000
6624,5,0.125000,0.000000,88,88,35.670,0.716147,0.000000
6624,6,0.125000,0.000000,82,82,33.439,0.618299,0.000000
6624,7,0.125000,0.000000,79,79,29.797,0.512189,0.000000
6672,0,0.125000,0.910119,73,0,1000.000,0.323737,0.000000
6672,1,0.125000,0.844768,76,7,950.303,0.712767,0.000000
6672,2,0.125000,0.358988,42,41,195.238,0.662699,0.000000
6672,3,0.125000,0.024617,73,73,59.603,0.772614,0.000000
6672,4,0.125000,0.000119,54,54,42.407,0.811642,0.000000
6672,5,0.125000,0.000000,81,81,36.333,0.730235,0.000000
6672,6,0.125000,0.000000,77,77,33.117,0.638743,0.000000
6672,7,0.125000,0.000000,72,72,30.542,0.561703,0.000000
6720,0,0.125000,0.909707,74,1,996.500,0.256284,0.000000
6720,1,0.125000,0.851324,79,5,962.253,0.713333,0.000000
6720,2,0.125000,0.405001,42,41,239.476,0.709801,0.000000
6720,3,0.125000,0.019283,62,62,56.323,0.752425,0.000000
6720,4,0.125000,0.000125,57,57,41.860,0.796776,0.000000
6720,5,0.125000,0.000000,69,69,35.623,0.745818,0.000000
6720,6,0.125000,0.000000,70,70,32.929,0.644271,0.000000
6720,7,0.125000,0.000000,68,68,30.015,0.589190,0.000000
6768,0,0.125000,0.909175,79,0,1000.000,0.253177,0.000000
6768,1,0.125000,0.855885,79,2,991.380,0.724802,0.000000
6768,2,0.125000,0.409219,28,28,203.679,0.626320,0.000000
6768,3,0.125000,0.027103,45,45,62.400,0.813352,0.000000
6768,4,0.125000,0.000200,64,64,43.188,0.826802,0.000000
6768,5,0.125000,0.000000,74,74,36.865,0.752680,0.000000
6768,6,0.125000,0.000000,71,71,32.718,0.680646,0.000000
6768,7,0.125000,0.000000,58,58,30.793,0.566723,0.000000
6816,0,0.125000,0.912712,74,0,1000.000,0.255313,0.000000
6816,1,0.125000,0.862514,65,5,966.985,0.678494,0.000000
6816,2,0.125000,0.368300,17,17,161.118,0.640146,0.000000
6816,3,0.125000,0.034324,50,50,63.920,0.837358,0.000000
6816,4,0.125000,0.000127,79,79,43.177,0.828086,0.000000
6816,5,0.125000,0.000001,48,48,37.521,0.778734,0.000000
6816,6,0.125000,0.000000,61,61,34.148,0.696225,0.000000
6816,7,0.125000,0.000000,63,63,31.698,0.596480,0.000000
6864,0,0.125000,0.914358,89,0,1000.000,0.250756,0.000000
6864,1,0.125000,0.862954,79,3,985.392,0.685832,0.000000
6864,2,0.125000,0.310535,17,17,120.294,0.652930,0.000000
6864,3,0.125000,0.032991,46,46,67.804,0.839925,0.000000
6864,4,0.125000,0.000200,49,49,46.918,0.844609,0.000000
6864,5,0.125000,0.000000,49,49,37.898,0.765847,0.000000
6864,6,0.125000,0.000000,64,64,33.641,0.672551,0.000000
6864,7,0.125000,0.000000,48,48,32.083,0.625455,0.000000
6912,0,0.125000,0.909069,96,1,992.312,0.301656,0.000000
6912,1,0.125000,0.869910,97,2,990.835,0.694549,0.000000
6912,2,0.125000,0.396387,7,7,182.286,0.593741,0.000000
6912,3,0.125000,0.041245,36,36,83.694,0.721560,0.000000
6912,4,0.125000,0.000145,56,56,45.607,0.807611,0.000000
6912,5,0.125000,0.000000,58,58,40.638,0.758301,0.000000
6912,6,0.125000,0.000000,65,65,33.615,0.630757,0.000000
6912,7,0.125000,0.000000,55,55,31.600,0.552051,0.000000
6960,0,0.125000,0.913664,90,1,999.600,0.270319,0.000000
6960,1,0.125000,0.870229,78,3,978.346,0.725093,0.000000
6960,2,0.125000,0.427941,8,4,558.875,0.912387,0.000000
6960,3,0.125000,0.040555,48,48,83.104,0.817142,0.000000
6960,4,0.125000,0.000188,55,55,48.345,0.841835,0.000000
6960,5,0.125000,0.000000,48,48,38.146,0.754844,0.000000
6960,6,0.125000,0.000000,53,53,35.132,0.663907,0.000000
6960,7,0.125000,0.000000,56,56,32.321,0.548448,0.000000
7008,0,0.125000,0.911535,85,1,991.435,0.252269,0.000000
7008,1,0.125000,0.872263,88,1,995.489,0.693126,0.000000
7008,2,0.125000,0.451737,14,11,385.214,0.732256,0.000000
7008,3,0.125000,0.039857,46,46,83.913,0.847912,0.000000
7008,4,0.125000,0.000170,50,50,50.200,0.837537,0.000000
7008,5,0.125000,0.000001,69,69,39.420,0.746126,0.000000
7008,6,0.125000,0.000000,47,47,36.064,0.633171,0.000000
7008,7,0.125000,0.000000,56,56,32.518,0.537839,0.000000
7056,0,0.125000,0.913345,84,1,992.631,0.243375,0.000000
7056,1,0.125000,0.857244,78,2,984.115,0.684617,0.000000
7056,2,0.125000,0.522471,13,7,543.385,0.937957,0.000000
7056,3,0.125000,0.035549,32,32,87.562,0.798197,0.000000
7056,4,0.125000,0.000282,56,56,50.321,0.842523,0.000000
7056,5,0.125000,0.000000,52,52,40.769,0.733399,0.000000
7056,6,0.125000,0.000000,52,52,35.981,0.619840,0.000000
7056,7,0.125000,0.000000,62,62,32.371,0.530392,0.000000
7104,0,0.125000,0.912879,85,0,1000.000,0.267952,0.000000
7104,1,0.125000,0.872539,67,7,946.716,0.706262,0.000000
7104,2,0.125000,0.499297,10,7,484.900,0.830490,0.000000
7104,3,0.125000,0.055261,46,46,110.217,0.845404,0.000000
7104,4,0.125000,0.000210,51,51,49.451,0.757549,0.000000
7104,5,0.125000,0.000000,69,69,38.203,0.705872,0.000000
7104,6,0.125000,0.000000,57,57,33.842,0.565278,0.000000
7104,7,0.125000,0.000000,57,57,30.596,0.464576,0.000000
7152,0,0.125000,0.911011,72,0,1000.000,0.264675,0.000000
7152,1,0.125000,0.873681,86,1,999.337,0.703680,0.000000
7152,2,0.125000,0.546991,12,5,636.583,0.909338,0.000000
7152,3,0.125000,0.060496,32,32,112.688,0.799922,0.000000
7152,4,0.125000,0.000104,53,53,47.660,0.786123,0.000000
7152,5,0.125000,0.000000,47,47,36.979,0.689432,0.000000
7152,6,0.125000,0.000000,53,53,34.792,0.546057,0.000000
7152,7,0.125000,0.000000,48,48,29.917,0.439103,0.000000
7200,0,0.125000,0.910380,71,2,977.676,0.273422,0.000000
7200,1,0.125000,0.884890,72,1,996.806,0.736770,0.000000
7200,2,0.125000,0.607348,10,5,695.700,0.939616,0.000000
7200,3,0.125000,0.052284,31,31,121.194,0.865911,0.000000
7200,4,0.125000,0.000186,49,49,49.980,0.804345,0.000000
7200,5,0.125000,0.000000,42,42,39.262,0.720595,0.000000
7200,6,0.125000,0.000000,47,47,33.617,0.584665,0.000000
7200,7,0.125000,0.000000,64,64,31.172,0.467418,0.000000
7248,0,0.125000,0.914659,84,0,1000.000,0.277793,0.000000
7248,1,0.125000,0.874624,87,1,992.264,0.711321,0.000000
7248,2,0.125000,0.503046,15,9,571.800,0.891288,0.000000
7248,3,0.125000,0.067130,29,29,116.966,0.799523,0.000000
7248,4,0.125000,0.000220,45,45,47.978,0.828968,0.000000
7248,5,0.125000,0.000000,39,39,38.615,0.737885,0.000000
7248,6,0.125000,0.000000,45,45,34.844,0.598487,0.000000
7248,7,0.125000,0.000000,34,34,31.088,0.522375,0.000000
7296,0,0.125000,0.912719,95,2,994.221,0.268090,0.000000
7296,1,0.125000,0.882003,101,2,987.673,0.740550,0.000000
7296,2,0.125000,0.557983,15,5,724.000,0.922590,0.000000
7296,3,0.125000,0.066310,23,23,108.130,0.834868,0.000000
7296,4,0.125000,0.000222,47,47,50.404,0.830574,0.000000
7296,5,0.125000,0.000000,33,33,40.818,0.708235,0.000000
7296,6,0.125000,0.000000,58,58,33.276,0.580672,0.000000
7296,7,0.125000,0.000000,41,41,30.244,0.438812,0.000000
7344,0,0.125000,0.911375,82,3,989.646,0.258970,0.000000
7344,1,0.125000,0.887304,91,2,996.341,0.718121,0.000000
7344,2,0.125000,0.616688,17,3,897.000,1.004792,0.000000
7344,3,0.125000,0.065678,28,28,127.857,0.803063,0.000000
7344,4,0.125000,0.000334,52,52,54.058,0.833953,0.000000
7344,5,0.125000,0.000000,41,41,39.073,0.708352,0.000000
7344,6,0.125000,0.000000,65,65,34.646,0.555291,0.000000
7344,7,0.125000,0.000000,44,44,31.182,0.443164,0.000000
7392,0,0.125000,0.912684,104,0,1000.000,0.242109,0.000000
7392,1,0.125000,0.885340,95,2,987.811,0.710283,0.000000
7392,2,0.125000,0.679619,21,2,929.905,1.084638,0.000000
7392,3,0.125000,0.096689,20,20,192.600,0.753915,0.000000
7392,4,0.125000,0.000282,52,52,51.000,0.801937,0.000000
7392,5,0.125000,0.000000,60,60,38.400,0.692637,0.000000
7392,6,0.125000,0.000000,55,55,34.127,0.558844,0.000000
7392,7,0.125000,0.000000,46,46,31.587,0.442533,0.000000
7440,0,0.125000,0.915048,97,0,1000.000,0.248982,0.000000
7440,1,0.125000,0.889529,87,1,999.667,0.741874,0.000000
7440,2,0.125000,0.689759,20,1,988.350,1.114016,0.000000
7440,3,0.125000,0.098615,15,15,140.333,0.917292,0.000000
7440,4,0.125000,0.000714,51,51,66.412,0.843513,0.000000
7440,5,0.125000,0.000000,54,54,38.444,0.687503,0.000000
7440,6,0.125000,0.000000,54,54,34.259,0.550008,0.000000
7440,7,0.125000,0.000000,58,58,31.259,0.456811,0.000000
7488,0,0.125000,0.914912,86,0,1000.000,0.276014,0.000000
7488,1,0.125000,0.889028,79,1,991.177,0.721202,0.000000
7488,2,0.125000,0.690780,29,3,976.414,1.060525,0.000000
7488,3,0.125000,0.108354,17,17,139.941,0.783490,0.000000
7488,4,0.125000,0.001221,48,48,62.979,0.834886,0.000000
7488,5,0.125000,0.000000,55,55,39.818,0.692130,0.000000
7488,6,0.125000,0.000000,62,62,33.726,0.568119,0.000000
7488,7,0.125000,0.000000,48,48,30.625,0.425322,0.000000
7536,0,0.125000,0.913755,79,0,1000.000,0.259323,0.000000
7536,1,0.125000,0.891405,81,4,978.901,0.747903,0.000000
7536,2,0.125000,0.712454,38,3,966.000,1.168333,0.000000
7536,3,0.125000,0.098946,13,13,164.385,0.720595,0.000000
7536,4,0.125000,0.000363,55,55,52.909,0.829567,0.000000
7536,5,0.125000,0.000000,57,57,39.246,0.678865,0.000000
7536,6,0.125000,0.000000,63,63,33.524,0.530642,0.000000
7536,7,0.125000,0.000000,49,49,30.367,0.416506,0.000000
7584,0,0.125000,0.913879,63,0,1000.000,0.258547,0.000000
7584,1,0.125000,0.892394,86,1,993.884,0.711990,0.000000
7584,2,0.125000,0.722391,53,2,988.302,1.153954,0.000000
7584,3,0.125000,0.133981,19,19,184.316,0.724515,0.000000
7584,4,0.125000,0.000902,62,62,57.258,0.846445,0.000000
7584,5,0.125000,0.000000,45,45,38.644,0.682743,0.000000
7584,6,0.125000,0.000000,53,53,32.717,0.505776,0.000000
7584,7,0.125000,0.000000,54,54,29.759,0.385385,0.000000
7632,0,0.125000,0.914328,95,1,998.842,0.248690,0.000000
7632,1,0.125000,0.888123,84,4,977.821,0.769641,0.000000
7632,2,0.125000,0.714571,51,3,953.373,1.117705,0.000000
7632,3,0.125000,0.100460,10,10,226.400,0.790717,0.000000
7632,4,0.125000,0.000833,55,55,53.127,0.842218,0.000000
7632,5,0.125000,0.000008,48,48,39.896,0.630868,0.000000
7632,6,0.125000,0.000000,59,59,33.203,0.526915,0.000000
7632,7,0.125000,0.000000,73,73,29.767,0.399014,0.000000
7680,0,0.125000,0.912527,75,0,1000.000,0.278145,0.000000
7680,1,0.125000,0.892474,68,1,988.088,0.729078,0.000000
7680,2,0.125000,0.754386,49,0,1000.000,1.193961,0.000000
7680,3,0.125000,0.074671,16,15,140.688,0.938569,0.000000
7680,4,0.125000,0.000842,45,45,53.133,0.855683,0.000000
7680,5,0.125000,0.000000,63,63,37.841,0.655084,0.000000
7680,6,0.125000,0.000000,59,59,33.492,0.486660,0.000000
7680,7,0.125000,0.000000,55,55,29.909,0.395308,0.000000
7728,0,0.125000,0.915604,52,0,1000.000,0.268231,0.000000
7728,1,0.125000,0.888922,67,2,984.164,0.706077,0.000000
7728,2,0.125000,0.732312,49,2,979.388,1.179474,0.000000
7728,3,0.125000,0.149419,11,8,337.455,1.007990,0.000000
7728,4,0.125000,0.002327,51,51,60.588,0.813236,0.000000
7728,5,0.125000,0.000001,47,47,39.787,0.636331,0.000000
7728,6,0.125000,0.000000,60,60,32.650,0.472935,0.000000
7728,7,0.125000,0.000000,53,53,29.434,0.365622,0.000000
7776,0,0.125000,0.914211,56,0,1000.000,0.279410,0.000000
7776,1,0.125000,0.886592,65,1,987.923,0.681839,0.000000
7776,2,0.125000,0.743210,39,1,976.333,1.140686,0.000000
7776,3,0.125000,0.187023,14,9,427.857,1.081008,0.000000
7776,4,0.125000,0.000440,45,45,53.911,0.825268,0.000000
7776,5,0.125000,0.000000,51,51,39.373,0.632791,0.000000
7776,6,0.125000,0.000000,48,48,34.729,0.508116,0.000000
7776,7,0.125000,0.000000,44,44,30.977,0.370822,0.000000
7824,0,0.125000,0.914021,38,0,1000.000,0.229353,0.000000
7824,1,0.125000,0.890647,67,0,1000.000,0.686604,0.000000
7824,2,0.125000,0.773361,47,1,993.213,1.113402,0.000000
7824,3,0.125000,0.237147,24,10,631.292,1.109925,0.000000
7824,4,0.125000,0.000446,47,47,52.468,0.786772,0.000000
7824,5,0.125000,0.000000,48,48,39.146,0.612486,0.000000
7824,6,0.125000,0.000000,49,49,33.531,0.460399,0.000000
7824,7,0.125000,0.000000,42,42,29.952,0.323804,0.000000
7872,0,0.125000,0.911935,49,0,1000.000,0.242584,0.000000
7872,1,0.125000,0.889555,55,0,1000.000,0.737947,0.000000
7872,2,0.125000,0.775143,49,1,986.286,1.144575,0.000000
7872,3,0.125000,0.186766,18,10,480.944,1.140487,0.000000
7872,4,0.125000,0.001579,46,46,57.935,0.852407,0.000000
7872,5,0.125000,0.000000,57,57,38.877,0.617309,0.000000
7872,6,0.125000,0.000000,45,45,33.356,0.490194,0.000000
7872,7,0.125000,0.000000,46,46,28.652,0.318155,0.000000
7920,0,0.125000,0.909445,50,2,983.380,0.251936,0.000000
7920,1,0.125000,0.885669,61,1,987.443,0.730764,0.000000
7920,2,0.125000,0.790431,57,0,1000.000,1.187234,0.000000
7920,3,0.125000,0.285002,20,8,645.300,1.156697,0.000000
7920,4,0.125000,0.003159,39,39,62.179,0.809464,0.000000
7920,5,0.125000,0.000000,44,44,37.705,0.591011,0.000000
7920,6,0.125000,0.000000,41,41,32.854,0.440130,0.000000
7920,7,0.125000,0.000000,35,35,28.914,0.319695,0.000000
7968,0,0.125000,0.910901,62,2,985.613,0.273918,0.000000
7968,1,0.125000,0.888045,53,0,1000.000,0.730024,0.000000
7968,2,0.125000,0.794082,56,1,999.732,1.193030,0.000000
7968,3,0.125000,0.230354,19,10,579.947,1.097028,0.000000
7968,4,0.125000,0.002708,50,50,72.780,0.819084,0.000000
7968,5,0.125000,0.000000,49,49,38.837,0.597274,0.000000
7968,6,0.125000,0.000000,38,38,30.632,0.407856,0.000000
7968,7,0.125000,0.000000,48,48,28.500,0.294254,0.000000
8016,0,0.125000,0.912634,50,0,1000.000,0.264544,0.000000
8016,1,0.125000,0.890207,63,0,1000.000,0.742227,0.000000
8016,2,0.125000,0.798044,58,1,983.776,1.234384,0.000000
8016,3,0.125000,0.278347,20,7,670.950,1.283996,0.000000
8016,4,0.125000,0.001117,39,39,66.282,0.800305,0.000000
8016,5,0.125000,0.000000,54,54,36.333,0.565786,0.000000
8016,6,0.125000,0.000000,52,52,30.750,0.396524,0.000000
8016,7,0.125000,0.000000,57,57,26.772,0.283113,0.000000
8064,0,0.125000,0.911207,53,2,987.491,0.299802,0.000000
8064,1,0.125000,0.894843,52,0,1000.000,0.732075,0.000000
8064,2,0.125000,0.817327,52,0,1000.000,1.253293,0.000000
8064,3,0.125000,0.408804,16,2,931.938,1.399001,0.000000
8064,4,0.125000,0.000770,39,39,50.974,0.824493,0.000000
8064,5,0.125000,0.000000,65,65,34.892,0.576009,0.000000
8064,6,0.125000,0.000000,52,52,30.385,0.387933,0.000000
8064,7,0.125000,0.000000,45,45,27.578,0.256540,0.000000
8112,0,0.125000,0.911656,61,0,1000.000,0.258360,0.000000
8112,1,0.125000,0.891946,43,0,1000.000,0.728960,0.000000
8112,2,0.125000,0.822402,68,0,1000.000,1.209203,0.000000
8112,3,0.125000,0.408638,18,5,772.667,1.346113,0.000000
8112,4,0.125000,0.002479,46,46,64.565,0.817079,0.000000
8112,5,0.125000,0.000000,43,43,35.837,0.571451,0.000000
8112,6,0.125000,0.000000,59,59,30.881,0.402445,0.000000
8112,7,0.125000,0.000000,28,28,25.786,0.218672,0.000000
8160,0,0.125000,0.915374,47,1,997.149,0.244932,0.000000
8160,1,0.125000,0.888143,50,1,992.480,0.678737,0.000000
8160,2,0.125000,0.825561,45,0,1000.000,1.196457,0.000000
8160,3,0.125000,0.430474,30,5,865.267,1.357759,0.000000
8160,4,0.125000,0.002542,39,38,75.590,0.784626,0.000000
8160,5,0.125000,0.000000,59,59,37.864,0.529786,0.000000
8160,6,0.125000,0.000000,57,57,29.947,0.371547,0.000000
8160,7,0.125000,0.000000,40,40,25.750,0.226824,0.000000
8208,0,0.125000,0.915004,45,0,1000.000,0.273755,0.000000
8208,1,0.125000,0.887935,52,2,982.885,0.701382,0.000000
8208,2,0.125000,0.832918,58,0,1000.000,1.204900,0.000000
8208,3,0.125000,0.433757,29,6,837.310,1.412572,0.000000
8208,4,0.125000,0.000447,50,50,50.880,0.763458,0.000000
8208,5,0.125000,0.000000,36,36,36.361,0.524328,0.000000
8208,6,0.125000,0.000000,56,56,29.357,0.341657,0.000000
8208,7,0.125000,0.000000,44,44,26.545,0.189175,0.000000
8256,0,0.125000,0.916646,49,0,1000.000,0.274897,0.000000
8256,1,0.125000,0.880839,55,2,981.127,0.680368,0.000000
8256,2,0.125000,0.840145,53,0,1000.000,1.239514,0.000000
8256,3,0.125000,0.390595,33,10,717.333,1.316415,0.000000
8256,4,0.125000,0.011166,47,46,84.915,0.803350,0.000000
8256,5,0.125000,0.000000,50,50,35.040,0.511346,0.000000
8256,6,0.125000,0.000000,48,48,29.250,0.299431,0.000000
8256,7,0.125000,0.000000,53,53,24.453,0.175020,0.000000
8304,0,0.125000,0.914601,62,0,1000.000,0.301352,0.000000
8304,1,0.125000,0.889342,36,0,1000.000,0.723036,0.000000
8304,2,0.125000,0.827708,66,1,985.545,1.242431,0.000000
8304,3,0.125000,0.469875,38,9,816.053,1.343733,0.000000
8304,4,0.125000,0.008518,58,58,79.569,0.756709,0.000000
8304,5,0.125000,0.000000,58,58,34.034,0.476240,0.000000
8304,6,0.125000,0.000000,51,51,28.255,0.276830,0.000000
8304,7,0.125000,0.000000,48,48,24.125,0.141585,0.000000
8352,0,0.125000,0.914355,41,0,1000.000,0.289813,0.000000
8352,1,0.125000,0.888023,67,0,1000.000,0.711817,0.000000
8352,2,0.125000,0.845506,53,0,1000.000,1.242578,0.000000
8352,3,0.125000,0.525352,34,4,897.294,1.490535,0.000000
8352,4,0.125000,0.009468,65,65,76.692,0.778279,0.000000
8352,5,0.125000,0.000000,58,58,33.276,0.469622,0.000000
8352,6,0.125000,0.000000,52,52,26.692,0.310566,0.000000
8352,7,0.125000,0.000000,52,52,23.769,0.158355,0.000000
8400,0,0.125000,0.914153,65,3,973.969,0.272599,0.000000
8400,1,0.125000,0.887131,67,0,1000.000,0.714902,0.000000
8400,2,0.125000,0.847901,54,0,1000.000,1.264952,0.000000
8400,3,0.125000,0.491109,45,8,831.844,1.469928,0.000000
8400,4,0.125000,0.009398,42,40,112.262,0.830532,0.000000
8400,5,0.125000,0.000000,55,55,32.800,0.479967,0.000000
8400,6,0.125000,0.000000,48,48,26.458,0.306922,0.000000
8400,7,0.125000,0.000000,56,56,23.464,0.172031,0.000000
8448,0,0.125000,0.911025,64,1,985.859,0.243654,0.000000
8448,1,0.125000,0.887297,55,0,1000.000,0.680885,0.000000
8448,2,0.125000,0.852003,45,0,1000.000,1.250627,0.000000
8448,3,0.125000,0.474745,41,9,791.756,1.414255,0.000000
8448,4,0.125000,0.008370,71,68,85.239,0.750195,0.000000
8448,5,0.125000,0.000000,49,49,33.041,0.452979,0.000000
8448,6,0.125000,0.000000,57,57,27.228,0.301281,0.000000
8448,7,0.125000,0.000000,48,48,24.062,0.150098,0.000000
8496,0,0.125000,0.913546,56,2,977.679,0.313191,0.000000
8496,1,0.125000,0.886769,63,0,1000.000,0.694289,0.000000
8496,2,0.125000,0.851930,53,1,983.830,1.252539,0.000000
8496,3,0.125000,0.477435,46,12,759.826,1.377839,0.000000
8496,4,0.125000,0.003022,55,55,52.745,0.758123,0.000000
8496,5,0.125000,0.000000,55,55,34.164,0.478202,0.000000
8496,6,0.125000,0.000000,65,65,27.492,0.257240,0.000000
8496,7,0.125000,0.000000,47,47,23.213,0.163790,0.000000
8544,0,0.125000,0.915531,50,1,983.100,0.276420,0.000000
8544,1,0.125000,0.892445,46,0,1000.000,0.696059,0.000000
8544,2,0.125000,0.858994,65,0,1000.000,1.233965,0.000000
8544,3,0.125000,0.596300,41,3,931.902,1.557691,0.000000
8544,4,0.125000,0.021577,64,61,133.719,0.811888,0.000000
8544,5,0.125000,0.000000,55,55,32.727,0.436215,0.000000
8544,6,0.125000,0.000000,48,48,26.896,0.231477,0.000000
8544,7,0.125000,0.000000,43,43,23.791,0.135340,0.000000
8592,0,0.125000,0.912916,35,0,1000.000,0.275292,0.000000
8592,1,0.125000,0.888480,60,0,1000.000,0.714320,0.000000
8592,2,0.125000,0.859548,72,0,1000.000,1.266333,0.000000
8592,3,0.125000,0.606727,51,5,920.549,1.510964,0.000000
8592,4,0.125000,0.012724,52,50,98.731,0.810960,0.000000
8592,5,0.125000,0.000000,60,60,32.650,0.442790,0.000000
8592,6,0.125000,0.000000,54,54,27.574,0.279205,0.000000
8592,7,0.125000,0.000000,58,58,23.207,0.136741,0.000000
8640,0,0.125000,0.915807,52,1,990.212,0.282957,0.000000
8640,1,0.125000,0.895613,46,0,1000.000,0.729430,0.000000
8640,2,0.125000,0.854013,76,0,1000.000,1.265552,0.000000
8640,3,0.125000,0.592508,45,5,896.378,1.509380,0.000000
8640,4,0.125000,0.009501,57,54,95.439,0.813618,0.000000
8640,5,0.125000,0.000000,64,64,33.047,0.455469,0.000000
8640,6,0.125000,0.000000,45,45,27.133,0.279392,0.000000
8640,7,0.125000,0.000000,60,60,22.100,0.136849,0.000000
8688,0,0.125000,0.914835,58,2,986.397,0.289590,0.000000
8688,1,0.125000,0.889873,52,0,1000.000,0.704795,0.000000
8688,2,0.125000,0.854902,47,1,997.553,1.246535,0.000000
8688,3,0.125000,0.626684,47,4,919.234,1.503819,0.000000
8688,4,0.125000,0.016683,56,52,116.429,0.844384,0.000000
8688,5,0.125000,0.000000,52,52,32.712,0.518312,0.000000
8688,6,0.125000,0.000000,61,61,26.852,0.289866,0.000000
8688,7,0.125000,0.000000,71,71,23.183,0.128072,0.000000
8736,0,0.125000,0.916138,40,1,981.900,0.275836,0.000000
8736,1,0.125000,0.891094,53,1,997.189,0.728165,0.000000
8736,2,0.125000,0.857183,42,0,1000.000,1.241341,0.000000
8736,3,0.125000,0.656573,51,5,930.373,1.531024,0.000000
8736,4,0.125000,0.014395,53,51,94.057,0.899751,0.000000
8736,5,0.125000,0.000001,59,59,33.203,0.525586,0.000000
8736,6,0.125000,0.000000,56,56,25.982,0.268052,0.000000
8736,7,0.125000,0.000000,61,61,21.885,0.156768,0.000000
8784,0,0.125000,0.913067,44,0,1000.000,0.280310,0.000000
8784,1,0.125000,0.881802,45,0,1000.000,0.686130,0.000000
8784,2,0.125000,0.841667,47,1,979.426,1.222034,0.000000
8784,3,0.125000,0.630589,38,4,899.579,1.541425,0.000000
8784,4,0.125000,0.004943,44,43,68.909,0.818232,0.000000
8784,5,0.125000,0.000000,57,57,31.719,0.510110,0.000000
8784,6,0.125000,0.000000,50,50,25.480,0.282988,0.000000
8784,7,0.125000,0.000000,47,47,22.085,0.150889,0.000000
8832,0,0.125000,0.913588,39,1,982.154,0.278087,0.000000
8832,1,0.125000,0.892636,36,1,994.722,0.738968,0.000000
8832,2,0.125000,0.862758,49,0,1000.000,1.249794,0.000000
8832,3,0.125000,0.644722,39,3,927.410,1.578451,0.000000
8832,4,0.125000,0.000643,40,40,46.500,0.800817,0.000000
8832,5,0.125000,0.000000,53,53,32.830,0.507325,0.000000
8832,6,0.125000,0.000000,52,52,25.846,0.272248,0.000000
8832,7,0.125000,0.000000,38,38,20.711,0.130918,0.000000
8880,0,0.125000,0.912521,46,1,994.130,0.278591,0.000000
8880,1,0.125000,0.886523,42,0,1000.000,0.722844,0.000000
8880,2,0.125000,0.870032,49,0,1000.000,1.287261,0.000000
8880,3,0.125000,0.664872,35,3,918.371,1.566192,0.000000
8880,4,0.125000,0.022214,36,33,125.861,0.861443,0.000000
8880,5,0.125000,0.000000,53,53,30.642,0.479264,0.000000
8880,6,0.125000,0.000000,37,37,24.351,0.233003,0.000000
8880,7,0.125000,0.000000,41,41,20.561,0.154971,0.000000
8928,0,0.125000,0.913163,40,1,980.500,0.301936,0.000000
8928,1,0.125000,0.890009,46,0,1000.000,0.689643,0.000000
8928,2,0.125000,0.863550,51,0,1000.000,1.248401,0.000000
8928,3,0.125000,0.644024,47,6,878.170,1.523236,0.000000
8928,4,0.125000,0.032064,42,38,143.571,0.886208,0.000000
8928,5,0.125000,0.000000,47,47,31.000,0.487799,0.000000
8928,6,0.125000,0.000000,41,41,24.317,0.243130,0.000000
8928,7,0.125000,0.000000,37,37,20.784,0.129035,0.000000
8976,0,0.125000,0.914613,52,0,1000.000,0.248328,0.000000
8976,1,0.125000,0.880146,44,1,995.341,0.697339,0.000000
8976,2,0.125000,0.864830,47,0,1000.000,1.257410,0.000000
8976,3,0.125000,0.683291,41,5,902.146,1.557367,0.000000
8976,4,0.125000,0.008701,42,41,67.452,0.769172,0.000000
8976,5,0.125000,0.000000,39,39,30.769,0.481091,0.000000
8976,6,0.125000,0.000000,48,48,24.896,0.248407,0.000000
8976,7,0.125000,0.000000,57,57,20.684,0.143899,0.000000
9024,0,0.125000,0.916979,39,0,1000.000,0.211032,0.000000
9024,1,0.125000,0.885834,45,0,1000.000,0.689612,0.000000
9024,2,0.125000,0.855184,55,2,969.455,1.213365,0.000000
9024,3,0.125000,0.695172,31,3,907.710,1.570890,0.000000
9024,4,0.125000,0.028174,57,53,115.579,0.811675,0.000000
9024,5,0.125000,0.000000,53,53,29.226,0.404815,0.000000
9024,6,0.125000,0.000000,38,38,24.237,0.160894,0.000000
9024,7,0.125000,0.000000,40,40,20.050,0.126275,0.000000
9072,0,0.125000,0.914707,52,1,991.365,0.218518,0.000000
9072,1,0.125000,0.884416,52,1,996.038,0.645584,0.000000
9072,2,0.125000,0.869150,42,0,1000.000,1.246915,0.000000
9072,3,0.125000,0.687951,46,4,917.652,1.589868,0.000000
9072,4,0.125000,0.037617,36,33,139.472,0.813645,0.000000
9072,5,0.125000,0.000546,49,48,48.796,0.476419,0.000000
9072,6,0.125000,0.000000,51,51,23.569,0.166180,0.000000
9072,7,0.125000,0.000000,40,40,19.875,0.143849,0.000000
9120,0,0.125000,0.913726,49,1,993.959,0.273550,0.000000
9120,1,0.125000,0.885540,40,0,1000.000,0.690618,0.000000
9120,2,0.125000,0.866841,46,1,996.761,1.248510,0.000000
9120,3,0.125000,0.694731,40,5,893.525,1.540886,0.000000
9120,4,0.125000,0.038726,39,35,142.718,0.839088,0.000000
9120,5,0.125000,0.000000,24,24,30.833,0.373239,0.000000
9120,6,0.125000,0.000000,48,48,23.729,0.194064,0.000000
9120,7,0.125000,0.000000,43,43,20.535,0.134533,0.000000
9168,0,0.125000,0.914773,56,1,986.411,0.269680,0.000000
9168,1,0.125000,0.881430,39,1,984.513,0.672369,0.000000
9168,2,0.125000,0.866104,44,0,1000.000,1.231437,0.000000
9168,3,0.125000,0.745244,46,2,958.522,1.612137,0.000000
9168,4,0.125000,0.021018,38,36,98.211,0.835071,0.000000
9168,5,0.125000,0.000000,32,32,31.719,0.412491,0.000000
9168,6,0.125000,0.000000,41,41,23.927,0.227198,0.000000
9168,7,0.125000,0.000000,38,38,19.158,0.124892,0.000000
9216,0,0.125000,0.915771,47,0,1000.000,0.256874,0.000000
9216,1,0.125000,0.885873,47,0,1000.000,0.744445,0.000000
9216,2,0.125000,0.865107,30,0,1000.000,1.312426,0.000000
9216,3,0.125000,0.750954,43,2,971.372,1.653626,0.000000
9216,4,0.125000,0.015214,47,45,90.298,0.854241,0.000000
9216,5,0.125000,0.000000,37,37,31.405,0.439671,0.000000
9216,6,0.125000,0.000000,37,37,23.865,0.201294,0.000000
9216,7,0.125000,0.000000,40,40,19.400,0.140745,0.000000
9264,0,0.125000,0.914036,43,0,1000.000,0.277509,0.000000
9264,1,0.125000,0.885996,58,0,1000.000,0.707784,0.000000
9264,2,0.125000,0.850745,39,1,975.308,1.240348,0.000000
9264,3,0.125000,0.674212,39,5,877.180,1.501938,0.000000
9264,4,0.125000,0.048013,32,28,165.812,0.813043,0.000000
9264,5,0.125000,0.000000,39,39,31.308,0.487766,0.000000
9264,6,0.125000,0.000000,31,31,24.226,0.237956,0.000000
9264,7,0.125000,0.000000,36,36,20.000,0.138192,0.000000
9312,0,0.125000,0.913651,50,1,997.940,0.301713,0.000000
9312,1,0.125000,0.890194,42,0,1000.000,0.714791,0.000000
9312,2,0.125000,0.872666,66,0,1000.000,1.295879,0.000000
9312,3,0.125000,0.700599,43,5,889.023,1.574189,0.000000
9312,4,0.125000,0.010880,41,40,71.390,0.741205,0.000000
9312,5,0.125000,0.000000,46,46,31.674,0.400313,0.000000
9312,6,0.125000,0.000000,51,51,22.843,0.164758,0.000000
9312,7,0.125000,0.000000,46,46,19.761,0.118005,0.000000
9360,0,0.125000,0.912891,42,0,1000.000,0.279965,0.000000
9360,1,0.125000,0.886299,53,0,1000.000,0.723427,0.000000
9360,2,0.125000,0.868890,60,0,1000.000,1.256477,0.000000
9360,3,0.125000,0.793552,53,1,982.547,1.675769,0.000000
9360,4,0.125000,0.048826,38,35,157.500,0.755930,0.000000
9360,5,0.125000,0.000000,35,35,30.429,0.403645,0.000000
9360,6,0.125000,0.000000,45,45,23.289,0.165882,0.000000
9360,7,0.125000,0.000000,47,47,19.489,0.152421,0.000000
9408,0,0.125000,0.916914,54,0,1000.000,0.275950,0.000000
9408,1,0.125000,0.885476,46,1,999.348,0.703841,0.000000
9408,2,0.125000,0.869387,64,0,1000.000,1.323880,0.000000
9408,3,0.125000,0.734600,42,4,909.667,1.628283,0.000000
9408,4,0.125000,0.025010,45,42,111.600,0.815054,0.000000
9408,5,0.125000,0.000000,49,49,29.714,0.412466,0.000000
9408,6,0.125000,0.000000,57,57,22.772,0.175286,0.000000
9408,7,0.125000,0.000000,61,61,19.672,0.131854,0.000000
9456,0,0.125000,0.910629,45,2,988.267,0.282406,0.000000
9456,1,0.125000,0.881878,55,0,1000.000,0.691942,0.000000
9456,2,0.125000,0.867989,58,0,1000.000,1.290719,0.000000
9456,3,0.125000,0.790892,46,1,979.848,1.684101,0.000000
9456,4,0.125000,0.058295,60,52,173.617,0.862067,0.000000
9456,5,0.125000,0.000000,51,51,29.412,0.416085,0.000000
9456,6,0.125000,0.000000,46,46,21.261,0.155260,0.000000
9456,7,0.125000,0.000000,55,55,18.727,0.150576,0.000000
9504,0,0.125000,0.917842,44,1,983.250,0.240673,0.000000
9504,1,0.125000,0.886292,58,0,1000.000,0.698446,0.000000
9504,2,0.125000,0.871171,59,0,1000.000,1.261683,0.000000
9504,3,0.125000,0.742020,36,3,922.167,1.626231,0.000000
9504,4,0.125000,0.013496,65,63,74.769,0.740596,0.000000
9504,5,0.125000,0.000000,46,46,27.891,0.412481,0.000000
9504,6,0.125000,0.000000,46,46,21.130,0.167329,0.000000
9504,7,0.125000,0.000000,72,72,18.264,0.137996,0.000000
9552,0,0.125000,0.911386,70,4,971.086,0.257620,0.000000
9552,1,0.125000,0.885283,44,1,999.136,0.670337,0.000000
9552,2,0.125000,0.866922,41,0,1000.000,1.253447,0.000000
9552,3,0.125000,0.759118,47,3,939.872,1.598735,0.000000
9552,4,0.125000,0.058438,50,44,157.880,0.855750,0.000000
9552,5,0.125000,0.000000,42,42,31.786,0.438802,0.000000
9552,6,0.125000,0.000000,62,62,20.806,0.181571,0.000000
9552,7,0.125000,0.000000,49,49,18.102,0.147633,0.000000
9600,0,0.125000,0.909671,57,3,964.456,0.266589,0.000000
9600,1,0.125000,0.885553,57,0,1000.000,0.693696,0.000000
9600,2,0.125000,0.865547,43,1,980.953,1.208821,0.000000
9600,3,0.125000,0.802940,66,1,985.742,1.633251,0.000000
9600,4,0.125000,0.043915,54,49,134.000,0.869760,0.000000
9600,5,0.125000,0.000000,55,55,29.436,0.380409,0.000000
9600,6,0.125000,0.000000,49,49,20.939,0.161321,0.000000
9600,7,0.125000,0.000000,42,42,18.190,0.158578,0.000000
9648,0,0.125000,0.906408,57,5,958.351,0.244192,0.000000
9648,1,0.125000,0.886360,52,0,1000.000,0.718872,0.000000
9648,2,0.125000,0.872264,49,0,1000.000,1.237916,0.000000
9648,3,0.125000,0.804360,50,1,981.340,1.641040,0.000000
9648,4,0.125000,0.039906,51,47,123.902,0.847898,0.000000
9648,5,0.125000,0.000000,63,63,28.460,0.414049,0.000000
9648,6,0.125000,0.000000,57,57,21.035,0.151424,0.000000
9648,7,0.125000,0.000000,53,53,17.736,0.181243,0.000000
9696,0,0.125000,0.906600,53,5,955.906,0.277343,0.000000
9696,1,0.125000,0.880480,57,0,1000.000,0.748710,0.000000
9696,2,0.125000,0.872336,50,1,985.300,1.288928,0.000000
9696,3,0.125000,0.775804,50,3,942.280,1.600051,0.000000
9696,4,0.125000,0.050317,63,56,152.429,0.901626,0.000000
9696,5,0.125000,0.000000,53,53,26.642,0.353757,0.000000
9696,6,0.125000,0.000000,56,56,19.393,0.144501,0.000000
9696,7,0.125000,0.000000,65,65,17.323,0.185192,0.000000
9744,0,0.125000,0.891121,42,5,927.833,0.292357,0.000000
9744,1,0.125000,0.885142,50,0,1000.000,0.712216,0.000000
9744,2,0.125000,0.869758,54,0,1000.000,1.272959,0.000000
9744,3,0.125000,0.785330,54,4,936.056,1.656399,0.000000
9744,4,0.125000,0.030083,56,54,91.161,0.816621,0.000000
9744,5,0.125000,0.000000,57,57,26.018,0.315303,0.000000
9744,6,0.125000,0.000000,75,75,19.867,0.167076,0.000000
9744,7,0.125000,0.000000,47,47,16.532,0.230713,0.000000
9792,0,0.125000,0.913285,49,2,967.694,0.272702,0.000000
9792,1,0.125000,0.884809,61,0,1000.000,0.724362,0.000000
9792,2,0.125000,0.872511,41,0,1000.000,1.250233,0.000000
9792,3,0.125000,0.779866,40,3,939.475,1.618412,0.000000
9792,4,0.125000,0.040006,61,56,120.852,0.742458,0.000000
9792,5,0.125000,0.000000,52,52,25.231,0.281493,0.000000
9792,6,0.125000,0.000000,48,48,18.354,0.132293,0.000000
9792,7,0.125000,0.000000,41,41,16.561,0.225695,0.000000
9840,0,0.125000,0.911674,39,1,981.795,0.275695,0.000000
9840,1,0.125000,0.881963,56,0,1000.000,0.664789,0.000000
9840,2,0.125000,0.875072,41,0,1000.000,1.213742,0.000000
9840,3,0.125000,0.803091,49,1,980.612,1.655420,0.000000
9840,4,0.125000,0.025581,50,48,92.620,0.707368,0.000000
9840,5,0.125000,0.000000,51,51,25.078,0.298697,0.000000
9840,6,0.125000,0.000000,55,55,18.836,0.124185,0.000000
9840,7,0.125000,0.000000,52,52,16.058,0.210944,0.000000
9888,0,0.125000,0.912628,45,2,974.044,0.296579,0.000000
9888,1,0.125000,0.875132,32,1,970.094,0.706576,0.000000
9888,2,0.125000,0.873315,50,0,1000.000,1.195300,0.000000
9888,3,0.125000,0.766759,40,3,929.125,1.635075,0.000000
9888,4,0.125000,0.043379,44,40,130.000,0.792492,0.000000
9888,5,0.125000,0.000000,47,47,22.191,0.205851,0.000000
9888,6,0.125000,0.000000,38,38,17.553,0.168984,0.000000
9888,7,0.125000,0.000000,43,43,15.698,0.232546,0.000000
9936,0,0.125000,0.919184,46,0,1000.000,0.320656,0.000000
9936,1,0.125000,0.887586,35,0,1000.000,0.709510,0.000000
9936,2,0.125000,0.876955,40,0,1000.000,1.234337,0.000000
9936,3,0.125000,0.761708,37,3,922.919,1.604367,0.000000
9936,4,0.125000,0.060888,39,35,136.385,0.753303,0.000000
9936,5,0.125000,0.000000,35,35,24.600,0.282730,0.000000
9936,6,0.125000,0.000000,44,44,17.886,0.136586,0.000000
9936,7,0.125000,0.000000,43,43,16.163,0.250304,0.000000
9984,0,0.125000,0.911448,56,1,994.482,0.284779,0.000000
9984,1,0.125000,0.888914,39,0,1000.000,0.720028,0.000000
9984,2,0.125000,0.873773,44,0,1000.000,1.220865,0.000000
9984,3,0.125000,0.791487,46,2,958.870,1.628531,0.000000
9984,4,0.125000,0.082983,38,32,193.237,0.821012,0.000000
9984,5,0.125000,0.000000,37,37,23.270,0.248319,0.000000
9984,6,0.125000,0.000000,42,42,17.548,0.130122,0.000000
9984,7,0.125000,0.000000,37,37,16.189,0.222651,0.000000
10032,0,0.125000,0.900540,33,3,957.151,0.266715,0.000000
10032,1,0.125000,0.883398,46,0,1000.000,0.665502,0.000000
10032,2,0.125000,0.873498,60,0,1000.000,1.220847,0.000000
10032,3,0.125000,0.817232,46,2,978.500,1.638409,0.000000
10032,4,0.125000,0.037367,37,34,118.108,0.712032,0.000000
10032,5,0.125000,0.000000,53,53,22.660,0.240717,0.000000
10032,6,0.125000,0.000000,42,42,18.000,0.142596,0.000000
10032,7,0.125000,0.000000,36,36,16.000,0.235883,0.000000
10080,0,0.125000,0.906355,53,2,966.717,0.243198,0.000000
10080,1,0.125000,0.889592,61,0,1000.000,0.664437,0.000000
10080,2,0.125000,0.878030,44,0,1000.000,1.241492,0.000000
10080,3,0.125000,0.817097,33,2,958.091,1.667034,0.000000
10080,4,0.125000,0.066430,41,35,178.951,0.832277,0.000000
10080,5,0.125000,0.000000,59,59,24.763,0.267588,0.000000
10080,6,0.125000,0.000000,66,66,18.182,0.116604,0.000000
10080,7,0.125000,0.000000,39,39,15.641,0.219838,0.000000
10128,0,0.125000,0.914144,40,2,973.300,0.273179,0.000000
10128,1,0.125000,0.891042,43,0,1000.000,0.720890,0.000000
10128,2,0.125000,0.874927,50,0,1000.000,1.246589,0.000000
10128,3,0.125000,0.783154,45,3,935.733,1.625542,0.000000
10128,4,0.125000,0.069467,54,47,168.778,0.821126,0.000000
10128,5,0.125000,0.000000,39,39,23.385,0.242755,0.000000
10128,6,0.125000,0.000000,61,61,17.475,0.134780,0.000000
10128,7,0.125000,0.000000,39,39,16.205,0.210915,0.000000
10176,0,0.125000,0.915611,48,2,979.229,0.273533,0.000000
10176,1,0.125000,0.885452,39,0,1000.000,0.710031,0.000000
10176,2,0.125000,0.874912,47,1,985.936,1.270084,0.000000
10176,3,0.125000,0.794369,37,2,948.973,1.667221,0.000000
10176,4,0.125000,0.079878,49,42,191.551,0.889660,0.000000
10176,5,0.125000,0.000000,47,47,23.191,0.250152,0.000000
10176,6,0.125000,0.000000,44,44,17.773,0.156391,0.000000
10176,7,0.125000,0.000000,34,34,16.000,0.268247,0.000000
10224,0,0.125000,0.907857,39,2,963.667,0.256834,0.000000
10224,1,0.125000,0.887641,57,0,1000.000,0.700690,0.000000
10224,2,0.125000,0.876898,31,0,1000.000,1.278961,0.000000
10224,3,0.125000,0.820859,44,1,978.364,1.677137,0.000000
10224,4,0.125000,0.044390,45,42,122.000,0.695619,0.000000
10224,5,0.125000,0.000000,44,44,23.250,0.236207,0.000000
10224,6,0.125000,0.000000,51,51,18.333,0.136658,0.000000
10224,7,0.125000,0.000000,55,55,16.055,0.252850,0.000000
10272,0,0.125000,0.910010,35,2,957.286,0.271514,0.000000
10272,1,0.125000,0.876826,50,1,981.060,0.705028,0.000000
10272,2,0.125000,0.880170,45,0,1000.000,1.285600,0.000000
10272,3,0.125000,0.785633,31,2,938.516,1.648671,0.000000
10272,4,0.125000,0.054011,39,35,140.385,0.753953,0.000000
10272,5,0.125000,0.000000,37,37,22.189,0.189663,0.000000
10272,6,0.125000,0.000000,37,37,18.000,0.142963,0.000000
10272,7,0.125000,0.000000,30,30,16.167,0.284682,0.000000
10320,0,0.125000,0.916918,53,2,991.359,0.264310,0.000000
10320,1,0.125000,0.888406,47,0,1000.000,0.694827,0.000000
10320,2,0.125000,0.877395,41,0,1000.000,1.239723,0.000000
10320,3,0.125000,0.822653,49,1,980.531,1.669378,0.000000
10320,4,0.125000,0.003756,37,37,45.324,0.635157,0.000000
10320,5,0.125000,0.000000,34,34,23.471,0.207775,0.000000
10320,6,0.125000,0.000000,39,39,17.308,0.188812,0.000000
10320,7,0.125000,0.000000,42,42,15.595,0.305078,0.000000
10368,0,0.125000,0.913112,48,3,984.125,0.257738,0.000000
10368,1,0.125000,0.890447,50,0,1000.000,0.737448,0.000000
10368,2,0.125000,0.878129,50,0,1000.000,1.273127,0.000000
10368,3,0.125000,0.782178,44,3,935.045,1.634097,0.000000
10368,4,0.125000,0.095905,40,35,196.975,0.787947,0.000000
10368,5,0.125000,0.000000,54,54,21.852,0.192434,0.000000
10368,6,0.125000,0.000000,47,47,17.787,0.142138,0.000000
10368,7,0.125000,0.000000,46,46,15.478,0.326937,0.000000
10416,0,0.125000,0.917092,48,0,1000.000,0.277929,0.000000
10416,1,0.125000,0.885425,53,0,1000.000,0.670341,0.000000
10416,2,0.125000,0.876130,60,0,1000.000,1.250822,0.000000
10416,3,0.125000,0.792331,50,3,942.200,1.630615,0.000000
10416,4,0.125000,0.086714,42,38,164.571,0.756305,0.000000
10416,5,0.125000,0.000000,40,40,23.125,0.220179,0.000000
10416,6,0.125000,0.000000,51,51,17.078,0.129640,0.000000
10416,7,0.125000,0.000000,46,46,15.043,0.323518,0.000000
10464,0,0.125000,0.918610,44,0,1000.000,0.265156,0.000000
10464,1,0.125000,0.893143,52,0,1000.000,0.716103,0.000000
10464,2,0.125000,0.873435,41,0,1000.000,1.290432,0.000000
10464,3,0.125000,0.792453,52,3,945.288,1.676670,0.000000
10464,4,0.125000,0.073351,41,37,162.122,0.796270,0.000000
10464,5,0.125000,0.000000,53,53,22.113,0.188811,0.000000
10464,6,0.125000,0.000000,53,53,17.264,0.160301,0.000000
10464,7,0.125000,0.000000,60,60,15.667,0.303903,0.000000
10512,0,0.125000,0.917536,62,0,1000.000,0.303027,0.000000
10512,1,0.125000,0.888743,45,1,990.578,0.706404,0.000000
10512,2,0.125000,0.877130,46,0,1000.000,1.321230,0.000000
10512,3,0.125000,0.794801,66,5,930.879,1.625724,0.000000
10512,4,0.125000,0.071642,61,54,165.574,0.782236,0.000000
10512,5,0.125000,0.000000,58,58,21.862,0.203025,0.000000
10512,6,0.125000,0.000000,42,42,17.000,0.163460,0.000000
10512,7,0.125000,0.000000,54,54,14.852,0.280627,0.000000
10560,0,0.125000,0.914733,37,0,1000.000,0.297056,0.000000
10560,1,0.125000,0.886970,41,0,1000.000,0.668029,0.000000
10560,2,0.125000,0.864125,62,1,984.435,1.254699,0.000000
10560,3,0.125000,0.782271,54,4,929.111,1.652184,0.000000
10560,4,0.125000,0.110961,50,40,230.640,0.817687,0.000000
10560,5,0.125000,0.000000,45,45,22.067,0.179456,0.000000
10560,6,0.125000,0.000000,52,52,17.308,0.159941,0.000000
10560,7,0.125000,0.000000,50,50,15.380,0.239390,0.000000
10608,0,0.125000,0.916400,50,0,1000.000,0.298919,0.000000
10608,1,0.125000,0.893608,51,0,1000.000,0.723864,0.000000
10608,2,0.125000,0.885471,50,1,999.820,1.276873,0.000000
10608,3,0.125000,0.850316,48,1,996.750,1.721186,0.000000
10608,4,0.125000,0.059562,48,43,141.625,0.765576,0.000000
10608,5,0.125000,0.000000,55,55,21.145,0.180192,0.000000
10608,6,0.125000,0.000000,46,46,16.435,0.171590,0.000000
10608,7,0.125000,0.000000,56,56,14.804,0.316862,0.000000
10656,0,0.125000,0.916100,43,1,985.233,0.278783,0.000000
10656,1,0.125000,0.892787,49,0,1000.000,0.697169,0.000000
10656,2,0.125000,0.884942,58,1,992.052,1.277976,0.000000
10656,3,0.125000,0.845149,59,1,999.508,1.751188,0.000000
10656,4,0.125000,0.083231,31,27,161.581,0.794527,0.000000
10656,5,0.125000,0.000000,46,46,20.978,0.196269,0.000000
10656,6,0.125000,0.000000,45,45,15.978,0.163040,0.000000
10656,7,0.125000,0.000000,65,65,14.169,0.316366,0.000000
10704,0,0.125000,0.916564,36,0,1000.000,0.316630,0.000000
10704,1,0.125000,0.888752,64,0,1000.000,0.703785,0.000000
10704,2,0.125000,0.866333,50,2,978.620,1.223019,0.000000
10704,3,0.125000,0.833482,60,1,984.350,1.697392,0.000000
10704,4,0.125000,0.047208,40,38,107.950,0.640323,0.000000
10704,5,0.125000,0.000000,47,47,20.574,0.191607,0.000000
10704,6,0.125000,0.000000,49,49,16.429,0.186813,0.000000
10704,7,0.125000,0.000000,64,64,14.172,0.313058,0.000000
10752,0,0.125000,0.919077,40,0,1000.000,0.291458,0.000000
10752,1,0.125000,0.889628,63,0,1000.000,0.723050,0.000000
10752,2,0.125000,0.879117,48,0,1000.000,1.230667,0.000000
10752,3,0.125000,0.844580,61,0,1000.000,1.675713,0.000000
10752,4,0.125000,0.008529,40,40,42.225,0.634938,0.000000
10752,5,0.125000,0.000000,58,58,20.345,0.170838,0.000000
10752,6,0.125000,0.000000,46,46,15.848,0.208890,0.000000
10752,7,0.125000,0.000000,53,53,14.189,0.309871,0.000000
10800,0,0.125000,0.918037,49,0,1000.000,0.255293,0.000000
10800,1,0.125000,0.892116,45,0,1000.000,0.669066,0.000000
10800,2,0.125000,0.867406,55,1,982.709,1.243258,0.000000
10800,3,0.125000,0.834682,50,1,980.740,1.721034,0.000000
10800,4,0.125000,0.013210,54,53,53.741,0.583298,0.000000
10800,5,0.125000,0.000011,53,53,21.038,0.197429,0.000000
10800,6,0.125000,0.000000,56,56,15.000,0.155729,0.000000
10800,7,0.125000,0.000000,56,56,13.732,0.296087,0.000000
10848,0,0.125000,0.917404,39,0,1000.000,0.261165,0.000000
10848,1,0.125000,0.885627,62,2,987.694,0.685427,0.000000
10848,2,0.125000,0.880204,55,0,1000.000,1.272084,0.000000
10848,3,0.125000,0.840708,47,0,1000.000,1.716630,0.000000
10848,4,0.125000,0.032347,36,34,84.889,0.548009,0.000000
10848,5,0.125000,0.000000,26,26,18.731,0.135249,0.000000
10848,6,0.125000,0.000000,46,46,14.804,0.175016,0.000000
10848,7,0.125000,0.000000,55,55,13.364,0.264578,0.000000
10896,0,0.125000,0.918583,44,1,983.386,0.277402,0.000000
10896,1,0.125000,0.889261,51,0,1000.000,0.756302,0.000000
10896,2,0.125000,0.879133,33,0,1000.000,1.318745,0.000000
10896,3,0.125000,0.824160,41,3,948.293,1.662362,0.000000
10896,4,0.125000,0.026347,43,41,75.860,0.594484,0.000000
10896,5,0.125000,0.000000,50,50,20.020,0.209000,0.000000
10896,6,0.125000,0.000000,45,45,15.022,0.143073,0.000000
10896,7,0.125000,0.000000,34,34,12.882,0.276859,0.000000
10944,0,0.125000,0.917415,40,0,1000.000,0.266906,0.000000
10944,1,0.125000,0.887442,47,0,1000.000,0.696932,0.000000
10944,2,0.125000,0.879348,37,1,986.919,1.249814,0.000000
10944,3,0.125000,0.830284,48,3,954.521,1.680828,0.000000
10944,4,0.125000,0.172847,39,30,291.487,0.986695,0.000000
10944,5,0.125000,0.000000,51,51,19.373,0.154968,0.000000
10944,6,0.125000,0.000000,39,39,14.590,0.188269,0.000000
10944,7,0.125000,0.000000,47,47,12.915,0.289004,0.000000
10992,0,0.125000,0.915155,36,0,1000.000,0.260669,0.000000
10992,1,0.125000,0.892027,44,1,990.795,0.723991,0.000000
10992,2,0.125000,0.875227,36,0,1000.000,1.253150,0.000000
10992,3,0.125000,0.835708,47,1,979.787,1.685244,0.000000
10992,4,0.125000,0.124238,35,28,230.286,0.860988,0.000000
10992,5,0.125000,0.000000,43,43,18.884,0.145938,0.000000
10992,6,0.125000,0.000000,41,41,14.341,0.215769,0.000000
10992,7,0.125000,0.000000,45,45,12.933,0.297171,0.000000
11040,0,0.125000,0.914862,36,1,990.472,0.276337,0.000000
11040,1,0.125000,0.892249,45,0,1000.000,0.669785,0.000000
11040,2,0.125000,0.883247,35,0,1000.000,1.261563,0.000000
11040,3,0.125000,0.824879,56,3,962.554,1.675879,0.000000
11040,4,0.125000,0.077240,32,28,157.406,0.788969,0.000000
11040,5,0.125000,0.000000,31,31,17.387,0.134540,0.000000
11040,6,0.125000,0.000000,37,37,14.378,0.220865,0.000000
11040,7,0.125000,0.000000,34,34,12.706,0.313085,0.000000
11088,0,0.125000,0.914971,57,2,988.140,0.249479,0.000000
11088,1,0.125000,0.893476,55,1,998.727,0.688704,0.000000
11088,2,0.125000,0.879584,40,0,1000.000,1.230723,0.000000
11088,3,0.125000,0.797477,43,4,929.674,1.624939,0.000000
11088,4,0.125000,0.059108,38,36,105.579,0.700625,0.000000
11088,5,0.125000,0.000000,41,41,17.537,0.122759,0.000000
11088,6,0.125000,0.000000,34,34,14.412,0.193946,0.000000
11088,7,0.125000,0.000000,51,51,12.392,0.304335,0.000000
11136,0,0.125000,0.913278,53,2,983.396,0.279906,0.000000
11136,1,0.125000,0.891732,46,0,1000.000,0.676518,0.000000
11136,2,0.125000,0.883370,41,0,1000.000,1.253266,0.000000
11136,3,0.125000,0.835488,44,1,978.068,1.688573,0.000000
11136,4,0.125000,0.041406,42,39,103.405,0.625920,0.000000
11136,5,0.125000,0.000000,54,54,18.630,0.140661,0.000000
11136,6,0.125000,0.000000,51,51,14.412,0.208586,0.000000
11136,7,0.125000,0.000000,33,33,13.182,0.328513,0.000000
11184,0,0.125000,0.917187,44,0,1000.000,0.261613,0.000000
11184,1,0.125000,0.895877,45,0,1000.000,0.727983,0.000000
11184,2,0.125000,0.877401,41,0,1000.000,1.240940,0.000000
11184,3,0.125000,0.831399,40,1,975.725,1.689400,0.000000
11184,4,0.125000,0.139665,36,29,233.889,0.819985,0.000000
11184,5,0.125000,0.000000,32,32,18.344,0.157595,0.000000
11184,6,0.125000,0.000000,41,41,14.756,0.211612,0.000000
11184,7,0.125000,0.000000,47,47,13.000,0.318870,0.000000
11232,0,0.125000,0.913957,56,2,984.071,0.297918,0.000000
11232,1,0.125000,0.890209,59,2,995.288,0.717829,0.000000
11232,2,0.125000,0.879917,47,0,1000.000,1.315158,0.000000
11232,3,0.125000,0.830721,41,1,976.951,1.717120,0.000000
11232,4,0.125000,0.079527,33,29,154.515,0.760451,0.000000
11232,5,0.125000,0.000000,53,53,17.962,0.144433,0.000000
11232,6,0.125000,0.000000,58,58,14.517,0.163204,0.000000
11232,7,0.125000,0.000000,50,50,12.760,0.295607,0.000000
11280,0,0.125000,0.916692,35,0,1000.000,0.267644,0.000000
11280,1,0.125000,0.889430,43,0,1000.000,0.696882,0.000000
11280,2,0.125000,0.879804,45,0,1000.000,1.253338,0.000000
11280,3,0.125000,0.859682,36,0,1000.000,1.701126,0.000000
11280,4,0.125000,0.047312,38,35,108.105,0.657970,0.000000
11280,5,0.125000,0.000000,37,37,19.432,0.173050,0.000000
11280,6,0.125000,0.000000,41,41,14.585,0.226034,0.000000
11280,7,0.125000,0.000000,43,43,12.860,0.296567,0.000000
11328,0,0.125000,0.912966,35,1,975.914,0.303994,0.000000
11328,1,0.125000,0.889764,53,0,1000.000,0.714089,0.000000
11328,2,0.125000,0.880076,45,0,1000.000,1.265870,0.000000
11328,3,0.125000,0.798031,34,2,944.176,1.649195,0.000000
11328,4,0.125000,0.092096,34,29,172.147,0.660833,0.000000
11328,5,0.125000,0.000000,52,52,17.865,0.167757,0.000000
11328,6,0.125000,0.000000,58,58,14.138,0.235278,0.000000
11328,7,0.125000,0.000000,42,42,12.762,0.283738,0.000000
11376,0,0.125000,0.914282,41,2,973.878,0.283605,0.000000
11376,1,0.125000,0.894890,52,2,990.635,0.743289,0.000000
11376,2,0.125000,0.880108,51,1,997.039,1.276984,0.000000
11376,3,0.125000,0.822457,53,2,963.849,1.685390,0.000000
11376,4,0.125000,0.085209,41,35,172.829,0.727715,0.000000
11376,5,0.125000,0.000000,36,36,18.000,0.160266,0.000000
11376,6,0.125000,0.000000,40,40,14.625,0.234570,0.000000
11376,7,0.125000,0.000000,40,40,12.600,0.305829,0.000000
11424,0,0.125000,0.915765,47,2,978.021,0.296748,0.000000
11424,1,0.125000,0.890785,46,1,995.565,0.678403,0.000000
11424,2,0.125000,0.884018,36,0,1000.000,1.236926,0.000000
11424,3,0.125000,0.830266,69,2,972.072,1.686617,0.000000
11424,4,0.125000,0.055825,34,31,120.647,0.719998,0.000000
11424,5,0.125000,0.000000,54,54,19.778,0.168014,0.000000
11424,6,0.125000,0.000000,42,42,14.000,0.249288,0.000000
11424,7,0.125000,0.000000,41,41,12.683,0.336632,0.000000
11472,0,0.125000,0.918405,54,2,984.537,0.308551,0.000000
11472,1,0.125000,0.890894,40,0,1000.000,0.701808,0.000000
11472,2,0.125000,0.880434,48,0,1000.000,1.259847,0.000000
11472,3,0.125000,0.852892,42,0,1000.000,1.723174,0.000000
11472,4,0.125000,0.091365,32,27,181.438,0.672495,0.000000
11472,5,0.125000,0.000000,42,42,18.524,0.168782,0.000000
11472,6,0.125000,0.000000,45,45,13.822,0.238698,0.000000
11472,7,0.125000,0.000000,40,40,12.500,0.325633,0.000000
11520,0,0.125000,0.915140,46,1,986.087,0.258773,0.000000
11520,1,0.125000,0.890386,60,0,1000.000,0.706028,0.000000
11520,2,0.125000,0.880680,62,0,1000.000,1.248418,0.000000
11520,3,0.125000,0.842382,58,1,983.345,1.706440,0.000000
11520,4,0.125000,0.161850,37,29,253.919,0.901460,0.000000
11520,5,0.125000,0.000000,63,63,18.857,0.179562,0.000000
11520,6,0.125000,0.000000,48,48,14.146,0.236966,0.000000
11520,7,0.125000,0.000000,54,54,12.259,0.331659,0.000000
11568,0,0.125000,0.916882,52,3,983.500,0.280074,0.000000
11568,1,0.125000,0.891650,34,0,1000.000,0.719718,0.000000
11568,2,0.125000,0.881549,49,0,1000.000,1.248287,0.000000
11568,3,0.125000,0.855900,57,0,1000.000,1.707665,0.000000
11568,4,0.125000,0.135721,29,23,236.793,0.869149,0.000000
11568,5,0.125000,0.000000,40,40,18.500,0.140895,0.000000
11568,6,0.125000,0.000000,37,37,14.378,0.225732,0.000000
11568,7,0.125000,0.000000,43,43,12.674,0.338900,0.000000
11616,0,0.125000,0.915532,44,1,995.545,0.280344,0.000000
11616,1,0.125000,0.892471,55,0,1000.000,0.707694,0.000000
11616,2,0.125000,0.880245,51,0,1000.000,1.251172,0.000000
11616,3,0.125000,0.858750,61,0,1000.000,1.719189,0.000000
11616,4,0.125000,0.021004,37,36,59.432,0.549751,0.000000
11616,5,0.125000,0.000000,53,53,19.113,0.193138,0.000000
11616,6,0.125000,0.000000,66,66,14.000,0.235817,0.000000
11616,7,0.125000,0.000000,42,42,12.571,0.314944,0.000000
11664,0,0.125000,0.918742,52,1,995.173,0.300748,0.000000
11664,1,0.125000,0.890351,54,1,993.241,0.723448,0.000000
11664,2,0.125000,0.882942,56,0,1000.000,1.268229,0.000000
11664,3,0.125000,0.826438,50,2,961.340,1.660947,0.000000
11664,4,0.125000,0.154551,36,28,249.861,0.835082,0.000000
11664,5,0.125000,0.000000,42,42,18.810,0.173401,0.000000
11664,6,0.125000,0.000000,65,65,14.154,0.250574,0.000000
11664,7,0.125000,0.000000,38,38,12.342,0.320877,0.000000
11712,0,0.125000,0.916771,48,2,987.062,0.300986,0.000000
11712,1,0.125000,0.888471,49,0,1000.000,0.707742,0.000000
11712,2,0.125000,0.885168,58,1,987.069,1.253402,0.000000
11712,3,0.125000,0.866334,40,0,1000.000,1.733584,0.000000
11712,4,0.125000,0.091219,40,35,156.600,0.743578,0.000000
11712,5,0.125000,0.000000,54,54,18.389,0.153558,0.000000
11712,6,0.125000,0.000000,61,61,13.721,0.228872,0.000000
11712,7,0.125000,0.000000,51,51,12.118,0.321533,0.000000
11760,0,0.125000,0.918213,51,1,985.706,0.301002,0.000000
11760,1,0.125000,0.891532,55,0,1000.000,0.700003,0.000000
11760,2,0.125000,0.883578,50,0,1000.000,1.260528,0.000000
11760,3,0.125000,0.846087,47,1,979.723,1.703819,0.000000
11760,4,0.125000,0.156393,41,33,228.585,0.921904,0.000000
11760,5,0.125000,0.000000,64,64,18.219,0.155992,0.000000
11760,6,0.125000,0.000000,58,58,13.517,0.237210,0.000000
11760,7,0.125000,0.000000,41,41,12.659,0.323352,0.000000
11808,0,0.125000,0.918561,58,1,999.103,0.243859,0.000000
11808,1,0.125000,0.892434,63,0,1000.000,0.683901,0.000000
11808,2,0.125000,0.885100,45,0,1000.000,1.230457,0.000000
11808,3,0.125000,0.859191,55,0,1000.000,1.726622,0.000000
11808,4,0.125000,0.079339,35,31,142.086,0.698800,0.000000
11808,5,0.125000,0.000000,56,56,18.518,0.165525,0.000000
11808,6,0.125000,0.000000,73,73,13.712,0.232593,0.000000
11808,7,0.125000,0.000000,50,50,11.640,0.335287,0.000000
11856,0,0.125000,0.915977,43,0,1000.000,0.256507,0.000000
11856,1,0.125000,0.892719,48,0,1000.000,0.674963,0.000000
11856,2,0.125000,0.882353,54,0,1000.000,1.220566,0.000000
11856,3,0.125000,0.820645,37,2,948.000,1.664902,0.000000
11856,4,0.125000,0.248030,27,18,351.667,1.072780,0.000000
11856,5,0.125000,0.000000,43,43,18.279,0.172431,0.000000
11856,6,0.125000,0.000000,45,45,13.867,0.198836,0.000000
11856,7,0.125000,0.000000,46,46,11.761,0.301450,0.000000
11904,0,0.125000,0.921090,38,1,988.553,0.308733,0.000000
11904,1,0.125000,0.884859,47,1,989.617,0.701053,0.000000
11904,2,0.125000,0.878762,43,1,994.302,1.221200,0.000000
11904,3,0.125000,0.862178,52,1,985.673,1.717543,0.000000
11904,4,0.125000,0.169398,34,26,256.294,0.876565,0.000000
11904,5,0.125000,0.000000,44,44,17.773,0.179034,0.000000
11904,6,0.125000,0.000000,54,54,13.315,0.227726,0.000000
11904,7,0.125000,0.000000,49,49,11.776,0.306607,0.000000
11952,0,0.125000,0.915137,43,0,1000.000,0.295526,0.000000
11952,1,0.125000,0.894621,40,0,1000.000,0.707044,0.000000
11952,2,0.125000,0.882709,42,0,1000.000,1.257875,0.000000
11952,3,0.125000,0.864786,38,0,1000.000,1.762267,0.000000
11952,4,0.125000,0.217980,32,22,331.719,0.979969,0.000000
11952,5,0.125000,0.000000,33,33,17.970,0.177977,0.000000
11952,6,0.125000,0.000000,47,47,13.021,0.238308,0.000000
11952,7,0.125000,0.000000,46,46,12.130,0.278749,0.000000
12000,0,0.125000,0.915143,45,3,981.889,0.280840,0.000000
12000,1,0.125000,0.888921,42,0,1000.000,0.699951,0.000000
12000,2,0.125000,0.888755,37,0,1000.000,1.259741,0.000000
12000,3,0.125000,0.866430,44,0,1000.000,1.756148,0.000000
12000,4,0.125000,0.316202,42,24,444.619,1.216002,0.000000
12000,5,0.125000,0.000000,34,34,16.088,0.156134,0.000000
12000,6,0.125000,0.000000,43,43,12.837,0.189217,0.000000
12000,7,0.125000,0.000000,33,33,10.970,0.267208,0.000000
12048,0,0.125000,0.915591,37,1,984.568,0.265597,0.000000
12048,1,0.125000,0.889217,34,0,1000.000,0.694381,0.000000
12048,2,0.125000,0.887039,39,0,1000.000,1.264003,0.000000
12048,3,0.125000,0.866326,43,0,1000.000,1.764337,0.000000
12048,4,0.125000,0.193633,39,29,276.385,0.859384,0.000000
12048,5,0.125000,0.000000,42,42,17.000,0.154404,0.000000
12048,6,0.125000,0.000000,50,50,13.220,0.198014,0.000000
12048,7,0.125000,0.000000,37,37,11.162,0.228487,0.000000
12096,0,0.125000,0.918293,49,1,995.714,0.301196,0.000000
12096,1,0.125000,0.890974,45,0,1000.000,0.727537,0.000000
12096,2,0.125000,0.887286,41,0,1000.000,1.239425,0.000000
12096,3,0.125000,0.869473,45,0,1000.000,1.731015,0.000000
12096,4,0.125000,0.290691,34,20,429.529,1.186966,0.000000
12096,5,0.125000,0.000004,42,42,18.286,0.235158,0.000000
12096,6,0.125000,0.000000,38,38,12.658,0.203439,0.000000
12096,7,0.125000,0.000000,40,40,11.300,0.247637,0.000000
12144,0,0.125000,0.922447,38,0,1000.000,0.290825,0.000000
12144,1,0.125000,0.892365,45,0,1000.000,0.748527,0.000000
12144,2,0.125000,0.869277,47,1,979.468,1.253447,0.000000
12144,3,0.125000,0.823186,40,2,951.800,1.698845,0.000000
12144,4,0.125000,0.280574,28,17,410.179,1.153331,0.000000
12144,5,0.125000,0.000000,41,41,17.220,0.163504,0.000000
12144,6,0.125000,0.000000,46,46,12.565,0.168598,0.000000
12144,7,0.125000,0.000000,46,46,11.022,0.224695,0.000000
12192,0,0.125000,0.918493,33,0,1000.000,0.240583,0.000000
12192,1,0.125000,0.874697,43,1,977.651,0.692785,0.000000
12192,2,0.125000,0.884969,44,0,1000.000,1.211197,0.000000
12192,3,0.125000,0.870435,33,0,1000.000,1.733691,0.000000
12192,4,0.125000,0.366027,37,20,486.351,1.264151,0.000000
12192,5,0.125000,0.000000,37,37,18.459,0.195494,0.000000
12192,6,0.125000,0.000000,44,44,12.909,0.173002,0.000000
12192,7,0.125000,0.000000,27,27,11.037,0.223121,0.000000
12240,0,0.125000,0.916733,51,1,996.373,0.289371,0.000000
12240,1,0.125000,0.891674,46,1,985.696,0.715006,0.000000
12240,2,0.125000,0.885771,59,0,1000.000,1.268825,0.000000
12240,3,0.125000,0.865926,44,0,1000.000,1.738620,0.000000
12240,4,0.125000,0.279050,23,15,370.304,1.174844,0.000000
12240,5,0.125000,0.000000,34,34,17.235,0.167021,0.000000
12240,6,0.125000,0.000000,45,45,13.489,0.132967,0.000000
12240,7,0.125000,0.000000,42,42,11.357,0.234469,0.000000
12288,0,0.125000,0.912558,28,1,992.286,0.299480,0.000000
12288,1,0.125000,0.895058,37,0,1000.000,0.726079,0.000000
12288,2,0.125000,0.888888,37,0,1000.000,1.266867,0.000000
12288,3,0.125000,0.871194,45,0,1000.000,1.809761,0.000000
12288,4,0.125000,0.420206,29,13,563.793,1.429042,0.000000
12288,5,0.125000,0.000000,37,37,17.838,0.225223,0.000000
12288,6,0.125000,0.000000,41,41,12.634,0.124137,0.000000
12288,7,0.125000,0.000000,35,35,10.714,0.222527,0.000000
12336,0,0.125000,0.916843,40,1,980.525,0.273084,0.000000
12336,1,0.125000,0.891181,43,0,1000.000,0.695111,0.000000
12336,2,0.125000,0.886526,45,0,1000.000,1.237430,0.000000
12336,3,0.125000,0.866316,36,0,1000.000,1.791265,0.000000
12336,4,0.125000,0.370559,27,14,496.333,1.334084,0.000000
12336,5,0.125000,0.000047,46,46,19.978,0.280149,0.000000
12336,6,0.125000,0.000000,31,31,12.871,0.183597,0.000000
12336,7,0.125000,0.000000,40,40,11.000,0.230379,0.000000
12384,0,0.125000,0.916146,43,2,972.488,0.258144,0.000000
12384,1,0.125000,0.893966,43,0,1000.000,0.698127,0.000000
12384,2,0.125000,0.884652,44,0,1000.000,1.266952,0.000000
12384,3,0.125000,0.868114,44,1,998.227,1.727875,0.000000
12384,4,0.125000,0.375630,39,20,500.872,1.352044,0.000000
12384,5,0.125000,0.000000,26,26,17.654,0.221838,0.000000
12384,6,0.125000,0.000000,39,39,13.590,0.200801,0.000000
12384,7,0.125000,0.000000,40,40,11.800,0.220456,0.000000
12432,0,0.125000,0.911914,52,2,993.692,0.254328,0.000000
12432,1,0.125000,0.883878,48,1,996.229,0.680202,0.000000
12432,2,0.125000,0.884403,62,1,993.323,1.229360,0.000000
12432,3,0.125000,0.838297,30,1,968.933,1.675529,0.000000
12432,4,0.125000,0.393639,30,15,512.700,1.326881,0.000000
12432,5,0.125000,0.003343,41,41,23.780,0.216435,0.000000
12432,6,0.125000,0.000000,46,46,13.326,0.156003,0.000000
12432,7,0.125000,0.000000,35,35,11.371,0.246730,0.000000
12480,0,0.125000,0.917176,49,2,984.122,0.278459,0.000000
12480,1,0.125000,0.893429,50,0,1000.000,0.679933,0.000000
12480,2,0.125000,0.887085,39,0,1000.000,1.272864,0.000000
12480,3,0.125000,0.869543,49,0,1000.000,1.724696,0.000000
12480,4,0.125000,0.338838,31,18,437.935,1.288686,0.000000
12480,5,0.125000,0.000000,32,32,18.219,0.255822,0.000000
12480,6,0.125000,0.000000,31,31,13.097,0.154867,0.000000
12480,7,0.125000,0.000000,46,46,11.326,0.237730,0.000000
12528,0,0.125000,0.911435,52,1,982.635,0.285583,0.000000
12528,1,0.125000,0.885923,51,1,982.980,0.707023,0.000000
12528,2,0.125000,0.887730,58,1,995.172,1.256945,0.000000
12528,3,0.125000,0.867227,44,0,1000.000,1.786021,0.000000
12528,4,0.125000,0.482103,40,16,615.425,1.499506,0.000000
12528,5,0.125000,0.000000,45,45,17.822,0.209587,0.000000
12528,6,0.125000,0.000000,38,38,14.026,0.150684,0.000000
12528,7,0.125000,0.000000,60,60,11.617,0.217207,0.000000
12576,0,0.125000,0.922108,56,0,1000.000,0.280701,0.000000
12576,1,0.125000,0.888734,38,1,993.026,0.751154,0.000000
12576,2,0.125000,0.884986,38,0,1000.000,1.224666,0.000000
12576,3,0.125000,0.873012,41,0,1000.000,1.738933,0.000000
12576,4,0.125000,0.443943,34,15,572.118,1.433111,0.000000
12576,5,0.125000,0.000001,47,47,19.319,0.292060,0.000000
12576,6,0.125000,0.000000,55,55,13.564,0.130160,0.000000
12576,7,0.125000,0.000000,41,41,11.610,0.224538,0.000000
12624,0,0.125000,0.917185,46,1,985.391,0.314897,0.000000
12624,1,0.125000,0.890710,47,0,1000.000,0.694662,0.000000
12624,2,0.125000,0.891384,50,0,1000.000,1.238927,0.000000
12624,3,0.125000,0.853750,50,1,980.640,1.710810,0.000000
12624,4,0.125000,0.471266,37,15,605.135,1.507015,0.000000
12624,5,0.125000,0.000010,58,58,19.276,0.270113,0.000000
12624,6,0.125000,0.000000,49,49,13.245,0.144580,0.000000
12624,7,0.125000,0.000000,55,55,12.382,0.245797,0.000000
12672,0,0.125000,0.919568,45,0,1000.000,0.288365,0.000000
12672,1,0.125000,0.893390,56,0,1000.000,0.742717,0.000000
12672,2,0.125000,0.891586,46,0,1000.000,1.259045,0.000000
12672,3,0.125000,0.872362,36,0,1000.000,1.743922,0.000000
12672,4,0.125000,0.477347,39,16,601.718,1.487776,0.000000
12672,5,0.125000,0.000690,34,34,23.059,0.276318,0.000000
12672,6,0.125000,0.000000,33,33,13.212,0.142623,0.000000
12672,7,0.125000,0.000000,38,38,11.789,0.218039,0.000000
12720,0,0.125000,0.920389,42,0,1000.000,0.255860,0.000000
12720,1,0.125000,0.891897,58,0,1000.000,0.686444,0.000000
12720,2,0.125000,0.889815,42,0,1000.000,1.234232,0.000000
12720,3,0.125000,0.867148,52,0,1000.000,1.740664,0.000000
12720,4,0.125000,0.449635,32,15,569.719,1.486554,0.000000
12720,5,0.125000,0.012183,39,39,28.333,0.388500,0.000000
12720,6,0.125000,0.000000,45,45,13.667,0.139429,0.000000
12720,7,0.125000,0.000000,50,50,11.660,0.241719,0.000000
12768,0,0.125000,0.919685,47,0,1000.000,0.240153,0.000000
12768,1,0.125000,0.891347,36,0,1000.000,0.708662,0.000000
12768,2,0.125000,0.888375,54,0,1000.000,1.202659,0.000000
12768,3,0.125000,0.866763,50,1,991.040,1.696555,0.000000
12768,4,0.125000,0.672646,36,7,825.361,1.841275,0.000000
12768,5,0.125000,0.000001,48,48,20.500,0.234741,0.000000
12768,6,0.125000,0.000000,38,38,13.763,0.155174,0.000000
12768,7,0.125000,0.000000,51,51,11.843,0.249568,0.000000
12816,0,0.125000,0.917504,52,0,1000.000,0.286522,0.000000
12816,1,0.125000,0.890453,40,0,1000.000,0.726065,0.000000
12816,2,0.125000,0.889982,40,0,1000.000,1.243531,0.000000
12816,3,0.125000,0.856723,53,2,981.151,1.701090,0.000000
12816,4,0.125000,0.664754,39,7,826.077,1.849891,0.000000
12816,5,0.125000,0.000001,44,44,19.795,0.262649,0.000000
12816,6,0.125000,0.000000,53,53,13.660,0.174102,0.000000
12816,7,0.125000,0.000000,42,42,11.429,0.260290,0.000000
12864,0,0.125000,0.913252,41,1,979.317,0.254626,0.000000
12864,1,0.125000,0.892856,39,1,978.949,0.720757,0.000000
12864,2,0.125000,0.888415,54,0,1000.000,1.219605,0.000000
12864,3,0.125000,0.851733,38,1,975.026,1.676112,0.000000
12864,4,0.125000,0.623896,26,6,774.885,1.733640,0.000000
12864,5,0.125000,0.000000,36,36,18.417,0.221984,0.000000
12864,6,0.125000,0.000000,52,52,14.077,0.146384,0.000000
12864,7,0.125000,0.000000,38,38,11.947,0.233117,0.000000
12912,0,0.125000,0.917815,45,0,1000.000,0.292470,0.000000
12912,1,0.125000,0.888063,48,1,994.000,0.707337,0.000000
12912,2,0.125000,0.886752,46,0,1000.000,1.214779,0.000000
12912,3,0.125000,0.848327,38,1,974.632,1.701949,0.000000
12912,4,0.125000,0.582829,29,9,724.759,1.669139,0.000000
12912,5,0.125000,0.000000,35,35,20.400,0.294583,0.000000
12912,6,0.125000,0.000000,34,34,13.882,0.207450,0.000000
12912,7,0.125000,0.000000,40,40,11.425,0.260720,0.000000
12960,0,0.125000,0.913463,41,1,977.829,0.257119,0.000000
12960,1,0.125000,0.890808,41,1,984.317,0.727614,0.000000
12960,2,0.125000,0.869105,39,1,975.564,1.215897,0.000000
12960,3,0.125000,0.874553,45,0,1000.000,1.764234,0.000000
12960,4,0.125000,0.483183,15,6,611.600,1.508012,0.000000
12960,5,0.125000,0.000000,42,42,21.429,0.327714,0.000000
12960,6,0.125000,0.000000,35,35,13.829,0.154357,0.000000
12960,7,0.125000,0.000000,37,37,11.676,0.254126,0.000000
13008,0,0.125000,0.920362,42,0,1000.000,0.271724,0.000000
13008,1,0.125000,0.896547,31,2,996.581,0.727037,0.000000
13008,2,0.125000,0.886841,57,2,995.140,1.193647,0.000000
13008,3,0.125000,0.873769,42,0,1000.000,1.697444,0.000000
13008,4,0.125000,0.659612,22,4,822.318,1.785093,0.000000
13008,5,0.125000,0.011738,36,36,40.167,0.459498,0.000000
13008,6,0.125000,0.000000,28,28,13.821,0.132281,0.000000
13008,7,0.125000,0.000000,30,30,11.400,0.262614,0.000000
13056,0,0.125000,0.917857,42,0,1000.000,0.249101,0.000000
13056,1,0.125000,0.890657,34,2,954.441,0.698773,0.000000
13056,2,0.125000,0.889180,42,0,1000.000,1.190553,0.000000
13056,3,0.125000,0.876518,41,0,1000.000,1.726551,0.000000
13056,4,0.125000,0.610784,24,6,758.333,1.743622,0.000000
13056,5,0.125000,0.000000,39,39,22.256,0.389746,0.000000
13056,6,0.125000,0.000000,39,39,14.051,0.158294,0.000000
13056,7,0.125000,0.000000,30,30,11.900,0.240464,0.000000
13104,0,0.125000,0.918703,38,0,1000.000,0.268770,0.000000
13104,1,0.125000,0.892838,35,0,1000.000,0.647634,0.000000
13104,2,0.125000,0.883433,47,0,1000.000,1.211913,0.000000
13104,3,0.125000,0.876091,47,0,1000.000,1.707515,0.000000
13104,4,0.125000,0.606588,24,7,747.167,1.772666,0.000000
13104,5,0.125000,0.016493,42,41,49.667,0.462555,0.000000
13104,6,0.125000,0.000000,38,38,14.026,0.142838,0.000000
13104,7,0.125000,0.000000,44,44,11.886,0.247552,0.000000
13152,0,0.125000,0.920973,38,0,1000.000,0.297738,0.000000
13152,1,0.125000,0.893505,38,0,1000.000,0.723595,0.000000
13152,2,0.125000,0.883511,38,0,1000.000,1.218406,0.000000
13152,3,0.125000,0.876048,41,0,1000.000,1.764631,0.000000
13152,4,0.125000,0.709017,29,5,849.207,1.931620,0.000000
13152,5,0.125000,0.000002,32,32,23.312,0.394911,0.000000
13152,6,0.125000,0.000000,46,46,14.000,0.145993,0.000000
13152,7,0.125000,0.000000,36,36,12.111,0.253936,0.000000
13200,0,0.125000,0.919821,33,0,1000.000,0.308235,0.000000
13200,1,0.125000,0.891246,45,1,996.356,0.726151,0.000000
13200,2,0.125000,0.883871,41,0,1000.000,1.243380,0.000000
13200,3,0.125000,0.875152,39,0,1000.000,1.751351,0.000000
13200,4,0.125000,0.617899,28,8,745.071,1.783966,0.000000
13200,5,0.125000,0.010356,50,50,39.900,0.347922,0.000000
13200,6,0.125000,0.000000,44,44,13.977,0.153183,0.000000
13200,7,0.125000,0.000000,46,46,11.478,0.279975,0.000000
13248,0,0.125000,0.918640,42,0,1000.000,0.290998,0.000000
13248,1,0.125000,0.893741,37,0,1000.000,0.740500,0.000000
13248,2,0.125000,0.888444,46,0,1000.000,1.263626,0.000000
13248,3,0.125000,0.880928,33,0,1000.000,1.728397,0.000000
13248,4,0.125000,0.700743,40,6,854.175,1.933478,0.000000
13248,5,0.125000,0.010881,41,41,31.293,0.319406,0.000000
13248,6,0.125000,0.000000,46,46,13.739,0.183574,0.000000
13248,7,0.125000,0.000000,45,45,11.800,0.334289,0.000000
13296,0,0.125000,0.917279,29,0,1000.000,0.317222,0.000000
13296,1,0.125000,0.895177,49,0,1000.000,0.701756,0.000000
13296,2,0.125000,0.888838,37,0,1000.000,1.206578,0.000000
13296,3,0.125000,0.876695,35,0,1000.000,1.727707,0.000000
13296,4,0.125000,0.620214,23,6,749.783,1.823466,0.000000
13296,5,0.125000,0.000006,30,30,23.500,0.361351,0.000000
13296,6,0.125000,0.000000,34,34,13.912,0.219003,0.000000
13296,7,0.125000,0.000000,31,31,11.806,0.286675,0.000000
13344,0,0.125000,0.914224,37,2,983.757,0.310012,0.000000
13344,1,0.125000,0.895201,38,0,1000.000,0.732028,0.000000
13344,2,0.125000,0.886419,39,0,1000.000,1.288234,0.000000
13344,3,0.125000,0.876184,47,0,1000.000,1.766172,0.000000
13344,4,0.125000,0.633591,32,7,786.875,1.797300,0.000000
13344,5,0.125000,0.000006,34,34,24.059,0.375018,0.000000
13344,6,0.125000,0.000000,40,40,14.275,0.202851,0.000000
13344,7,0.125000,0.000000,39,39,11.769,0.308958,0.000000
13392,0,0.125000,0.920415,39,0,1000.000,0.274509,0.000000
13392,1,0.125000,0.898113,43,0,1000.000,0.733848,0.000000
13392,2,0.125000,0.889213,41,0,1000.000,1.298229,0.000000
13392,3,0.125000,0.873387,37,0,1000.000,1.802612,0.000000
13392,4,0.125000,0.733873,25,3,882.920,1.966478,0.000000
13392,5,0.125000,0.000000,29,29,22.621,0.331324,0.000000
13392,6,0.125000,0.000000,53,53,14.094,0.194109,0.000000
13392,7,0.125000,0.000000,35,35,11.714,0.259477,0.000000
13440,0,0.125000,0.920148,52,1,986.212,0.291793,0.000000
13440,1,0.125000,0.897979,40,0,1000.000,0.750370,0.000000
13440,2,0.125000,0.891604,37,0,1000.000,1.270109,0.000000
13440,3,0.125000,0.878416,45,0,1000.000,1.765116,0.000000
13440,4,0.125000,0.750421,34,3,914.353,2.055421,0.000000
13440,5,0.125000,0.000088,29,29,23.000,0.360260,0.000000
13440,6,0.125000,0.000000,39,39,13.821,0.170188,0.000000
13440,7,0.125000,0.000000,37,37,11.784,0.292996,0.000000
13488,0,0.125000,0.914445,33,2,952.515,0.278303,0.000000
13488,1,0.125000,0.897023,41,1,994.000,0.727443,0.000000
13488,2,0.125000,0.885422,47,0,1000.000,1.227474,0.000000
13488,3,0.125000,0.873988,41,0,1000.000,1.726925,0.000000
13488,4,0.125000,0.786253,37,2,947.243,2.057416,0.000000
13488,5,0.125000,0.015016,35,34,52.314,0.445485,0.000000
13488,6,0.125000,0.000000,41,41,13.683,0.167362,0.000000
13488,7,0.125000,0.000000,39,39,11.718,0.291193,0.000000
13536,0,0.125000,0.920743,51,0,1000.000,0.290529,0.000000
13536,1,0.125000,0.899442,48,1,991.271,0.726817,0.000000
13536,2,0.125000,0.886753,45,0,1000.000,1.233462,0.000000
13536,3,0.125000,0.875814,49,0,1000.000,1.726468,0.000000
13536,4,0.125000,0.744245,34,3,914.353,1.981039,0.000000
13536,5,0.125000,0.007715,43,43,25.512,0.349138,0.000000
13536,6,0.125000,0.000000,52,52,13.904,0.158369,0.000000
13536,7,0.125000,0.000000,45,45,11.978,0.319172,0.000000
13584,0,0.125000,0.920908,42,0,1000.000,0.270000,0.000000
13584,1,0.125000,0.899065,26,0,1000.000,0.732750,0.000000
13584,2,0.125000,0.892395,38,0,1000.000,1.244887,0.000000
13584,3,0.125000,0.880703,41,0,1000.000,1.741029,0.000000
13584,4,0.125000,0.716549,45,6,869.711,1.914565,0.000000
13584,5,0.125000,0.000045,37,37,27.108,0.468098,0.000000
13584,6,0.125000,0.000000,37,37,14.243,0.158280,0.000000
13584,7,0.125000,0.000000,36,36,11.861,0.288557,0.000000
13632,0,0.125000,0.923936,56,0,1000.000,0.287773,0.000000
13632,1,0.125000,0.898761,54,1,996.593,0.717177,0.000000
13632,2,0.125000,0.889107,46,0,1000.000,1.245219,0.000000
13632,3,0.125000,0.876654,38,0,1000.000,1.741833,0.000000
13632,4,0.125000,0.653537,42,9,791.238,1.811417,0.000000
13632,5,0.125000,0.019213,40,39,55.175,0.517539,0.000000
13632,6,0.125000,0.000000,32,32,14.094,0.170408,0.000000
13632,7,0.125000,0.000000,44,44,11.568,0.301393,0.000000
13680,0,0.125000,0.918024,40,0,1000.000,0.285744,0.000000
13680,1,0.125000,0.900332,40,0,1000.000,0.740350,0.000000
13680,2,0.125000,0.892607,45,0,1000.000,1.264181,0.000000
13680,3,0.125000,0.880268,52,0,1000.000,1.746415,0.000000
13680,4,0.125000,0.620986,32,8,757.844,1.767305,0.000000
13680,5,0.125000,0.000053,35,35,21.457,0.284559,0.000000
13680,6,0.125000,0.000000,40,40,14.650,0.185699,0.000000
13680,7,0.125000,0.000000,31,31,11.742,0.308394,0.000000
13728,0,0.125000,0.921212,46,0,1000.000,0.284915,0.000000
13728,1,0.125000,0.898924,41,0,1000.000,0.764160,0.000000
13728,2,0.125000,0.894787,40,0,1000.000,1.240192,0.000000
13728,3,0.125000,0.876879,53,1,993.887,1.727264,0.000000
13728,4,0.125000,0.728308,31,4,874.484,1.901095,0.000000
13728,5,0.125000,0.027652,27,26,58.296,0.386137,0.000000
13728,6,0.125000,0.000000,45,45,14.022,0.163167,0.000000
13728,7,0.125000,0.000000,47,47,11.532,0.299074,0.000000
13776,0,0.125000,0.919580,45,0,1000.000,0.295197,0.000000
13776,1,0.125000,0.901940,42,0,1000.000,0.707748,0.000000
13776,2,0.125000,0.890238,54,0,1000.000,1.239028,0.000000
13776,3,0.125000,0.880965,49,0,1000.000,1.761809,0.000000
13776,4,0.125000,0.806901,34,1,971.441,2.102119,0.000000
13776,5,0.125000,0.013720,43,42,45.163,0.388654,0.000000
13776,6,0.125000,0.000000,44,44,14.318,0.181659,0.000000
13776,7,0.125000,0.000000,40,40,11.350,0.287269,0.000000
13824,0,0.125000,0.920524,45,0,1000.000,0.257055,0.000000
13824,1,0.125000,0.900568,43,0,1000.000,0.740918,0.000000
13824,2,0.125000,0.876047,51,1,981.235,1.232525,0.000000
13824,3,0.125000,0.881826,48,0,1000.000,1.739232,0.000000
13824,4,0.125000,0.739324,41,5,881.268,1.964940,0.000000
13824,5,0.125000,0.022347,31,30,53.871,0.419537,0.000000
13824,6,0.125000,0.000000,54,54,13.926,0.166505,0.000000
13824,7,0.125000,0.000000,36,36,11.556,0.240836,0.000000
13872,0,0.125000,0.917474,45,1,985.622,0.298294,0.000000
13872,1,0.125000,0.897572,34,0,1000.000,0.749860,0.000000
13872,2,0.125000,0.890457,46,0,1000.000,1.238321,0.000000
13872,3,0.125000,0.878984,29,0,1000.000,1.720105,0.000000
13872,4,0.125000,0.772020,30,2,934.667,2.031089,0.000000
13872,5,0.125000,0.000077,34,34,25.676,0.461115,0.000000
13872,6,0.125000,0.000000,35,35,13.543,0.152709,0.000000
13872,7,0.125000,0.000000,37,37,11.568,0.277635,0.000000
13920,0,0.125000,0.919572,43,0,1000.000,0.263256,0.000000
13920,1,0.125000,0.896335,45,0,1000.000,0.698270,0.000000
13920,2,0.125000,0.889043,36,0,1000.000,1.226880,0.000000
13920,3,0.125000,0.879513,31,0,1000.000,1.729391,0.000000
13920,4,0.125000,0.790335,32,2,940.031,2.075116,0.000000
13920,5,0.125000,0.056048,41,38,104.537,0.674800,0.000000
13920,6,0.125000,0.000000,32,32,13.281,0.170624,0.000000
13920,7,0.125000,0.000000,31,31,11.194,0.276782,0.000000
13968,0,0.125000,0.921507,40,0,1000.000,0.283421,0.000000
13968,1,0.125000,0.897235,38,0,1000.000,0.709779,0.000000
13968,2,0.125000,0.894724,34,0,1000.000,1.242364,0.000000
13968,3,0.125000,0.874777,45,0,1000.000,1.739650,0.000000
13968,4,0.125000,0.723095,36,5,865.556,1.917841,0.000000
13968,5,0.125000,0.023262,29,28,55.138,0.412485,0.000000
13968,6,0.125000,0.000000,40,40,12.625,0.191592,0.000000
13968,7,0.125000,0.000000,36,36,11.139,0.299572,0.000000
14016,0,0.125000,0.920907,35,0,1000.000,0.275231,0.000000
14016,1,0.125000,0.900727,46,0,1000.000,0.737684,0.000000
14016,2,0.125000,0.886719,38,1,978.895,1.202669,0.000000
14016,3,0.125000,0.878090,27,1,996.741,1.655290,0.000000
14016,4,0.125000,0.721812,42,6,860.952,1.898431,0.000000
14016,5,0.125000,0.029678,38,36,73.158,0.469008,0.000000
14016,6,0.125000,0.000000,43,43,12.721,0.189663,0.000000
14016,7,0.125000,0.000000,41,41,11.049,0.305411,0.000000
14064,0,0.125000,0.910125,38,2,957.711,0.288835,0.000000
14064,1,0.125000,0.897412,43,0,1000.000,0.709560,0.000000
14064,2,0.125000,0.891145,28,0,1000.000,1.218333,0.000000
14064,3,0.125000,0.884300,35,0,1000.000,1.724448,0.000000
14064,4,0.125000,0.771407,24,2,918.875,2.010818,0.000000
14064,5,0.125000,0.000001,22,22,20.545,0.323076,0.000000
14064,6,0.125000,0.000000,32,32,13.594,0.166217,0.000000
14064,7,0.125000,0.000000,35,35,11.343,0.288303,0.000000
14112,0,0.125000,0.920240,46,2,997.543,0.283089,0.000000
14112,1,0.125000,0.898843,35,0,1000.000,0.699634,0.000000
14112,2,0.125000,0.894747,48,0,1000.000,1.207355,0.000000
14112,3,0.125000,0.858993,38,1,974.500,1.676334,0.000000
14112,4,0.125000,0.771961,35,3,916.400,2.002940,0.000000
14112,5,0.125000,0.020923,30,29,54.600,0.398028,0.000000
14112,6,0.125000,0.000000,28,28,13.393,0.188480,0.000000
14112,7,0.125000,0.000000,46,46,10.500,0.310130,0.000000
14160,0,0.125000,0.919705,40,1,991.625,0.273938,0.000000
14160,1,0.125000,0.903348,43,0,1000.000,0.752901,0.000000
14160,2,0.125000,0.895826,28,0,1000.000,1.224998,0.000000
14160,3,0.125000,0.884013,37,0,1000.000,1.725048,0.000000
14160,4,0.125000,0.736913,26,3,888.077,1.931496,0.000000
14160,5,0.125000,0.000008,37,37,21.838,0.355430,0.000000
14160,6,0.125000,0.000000,44,44,12.568,0.232961,0.000000
14160,7,0.125000,0.000000,42,42,11.143,0.314321,0.000000
14208,0,0.125000,0.920245,34,0,1000.000,0.268161,0.000000
14208,1,0.125000,0.899946,43,1,989.326,0.730990,0.000000
14208,2,0.125000,0.892372,39,0,1000.000,1.223081,0.000000
14208,3,0.125000,0.883579,32,0,1000.000,1.712200,0.000000
14208,4,0.125000,0.797084,42,2,953.524,2.057577,0.000000
14208,5,0.125000,0.003114,26,26,25.538,0.406196,0.000000
14208,6,0.125000,0.000000,23,23,13.130,0.192191,0.000000
14208,7,0.125000,0.000000,49,49,11.061,0.313087,0.000000
14256,0,0.125000,0.920524,39,1,998.692,0.264011,0.000000
14256,1,0.125000,0.894513,38,1,999.921,0.675719,0.000000
14256,2,0.125000,0.893857,42,0,1000.000,1.204675,0.000000
14256,3,0.125000,0.886168,38,0,1000.000,1.753021,0.000000
14256,4,0.125000,0.816659,35,1,972.200,2.099637,0.000000
14256,5,0.125000,0.063535,39,36,115.718,0.539087,0.000000
14256,6,0.125000,0.000000,49,49,13.673,0.188929,0.000000
14256,7,0.125000,0.000000,42,42,11.071,0.275164,0.000000
14304,0,0.125000,0.921361,31,0,1000.000,0.290316,0.000000
14304,1,0.125000,0.898721,36,0,1000.000,0.712342,0.000000
14304,2,0.125000,0.892136,40,0,1000.000,1.243560,0.000000
14304,3,0.125000,0.884383,24,0,1000.000,1.760448,0.000000
14304,4,0.125000,0.786584,34,2,943.324,2.093264,0.000000
14304,5,0.125000,0.022536,29,28,58.517,0.558535,0.000000
14304,6,0.125000,0.000000,38,38,13.605,0.205532,0.000000
14304,7,0.125000,0.000000,31,31,11.290,0.269635,0.000000
14352,0,0.125000,0.921159,36,0,1000.000,0.271247,0.000000
14352,1,0.125000,0.896611,36,0,1000.000,0.752099,0.000000
14352,2,0.125000,0.890452,37,1,977.513,1.254439,0.000000
14352,3,0.125000,0.887225,36,0,1000.000,1.743991,0.000000
14352,4,0.125000,0.820239,49,1,980.000,2.129727,0.000000
14352,5,0.125000,0.094587,34,30,157.324,0.579691,0.000000
14352,6,0.125000,0.000000,30,30,12.967,0.144286,0.000000
14352,7,0.125000,0.000000,33,33,10.970,0.237922,0.000000
14400,0,0.125000,0.922897,32,0,1000.000,0.243734,0.000000
14400,1,0.125000,0.894942,33,1,996.000,0.671730,0.000000
14400,2,0.125000,0.894743,42,0,1000.000,1.264789,0.000000
14400,3,0.125000,0.878481,40,0,1000.000,1.741925,0.000000
14400,4,0.125000,0.746944,30,3,903.867,1.966787,0.000000
14400,5,0.125000,0.050288,39,36,95.821,0.463365,0.000000
14400,6,0.125000,0.000000,46,46,13.457,0.177765,0.000000
14400,7,0.125000,0.000000,43,43,11.279,0.286915,0.000000
14448,0,0.125000,0.922242,48,1,990.875,0.283940,0.000000
14448,1,0.125000,0.896777,51,1,991.020,0.699937,0.000000
14448,2,0.125000,0.893686,31,0,1000.000,1.251683,0.000000
14448,3,0.125000,0.884373,29,0,1000.000,1.745600,0.000000
14448,4,0.125000,0.780834,43,4,918.140,2.065164,0.000000
14448,5,0.125000,0.102794,30,26,171.433,0.669280,0.000000
14448,6,0.125000,0.000000,40,40,12.875,0.193196,0.000000
14448,7,0.125000,0.000000,35,35,10.857,0.286395,0.000000
14496,0,0.125000,0.922340,43,0,1000.000,0.262919,0.000000
14496,1,0.125000,0.897016,29,0,1000.000,0.730166,0.000000
14496,2,0.125000,0.894452,39,0,1000.000,1.231013,0.000000
14496,3,0.125000,0.887920,42,0,1000.000,1.749293,0.000000
14496,4,0.125000,0.801357,39,2,950.308,2.114137,0.000000
14496,5,0.125000,0.107859,38,32,175.895,0.700493,0.000000
14496,6,0.125000,0.000000,36,36,12.806,0.188089,0.000000
14496,7,0.125000,0.000000,36,36,11.000,0.304057,0.000000
14544,0,0.125000,0.922284,37,0,1000.000,0.270331,0.000000
14544,1,0.125000,0.896253,44,0,1000.000,0.718130,0.000000
14544,2,0.125000,0.888938,34,0,1000.000,1.224095,0.000000
14544,3,0.125000,0.883157,54,0,1000.000,1.752106,0.000000
14544,4,0.125000,0.811582,45,2,956.556,2.093463,0.000000
14544,5,0.125000,0.101402,34,29,164.471,0.628091,0.000000
14544,6,0.125000,0.000000,48,48,12.792,0.257106,0.000000
14544,7,0.125000,0.000000,43,43,10.930,0.303340,0.000000
14592,0,0.125000,0.917522,41,3,957.756,0.282348,0.000000
14592,1,0.125000,0.890651,36,0,1000.000,0.747930,0.000000
14592,2,0.125000,0.895520,35,0,1000.000,1.267339,0.000000
14592,3,0.125000,0.885379,44,0,1000.000,1.758448,0.000000
14592,4,0.125000,0.829236,49,1,980.082,2.138660,0.000000
14592,5,0.125000,0.013737,45,44,40.867,0.312090,0.000000
14592,6,0.125000,0.000000,46,46,12.978,0.251652,0.000000
14592,7,0.125000,0.000000,47,47,10.979,0.338396,0.000000
14640,0,0.125000,0.925648,38,0,1000.000,0.293805,0.000000
14640,1,0.125000,0.899288,48,0,1000.000,0.711942,0.000000
14640,2,0.125000,0.895104,41,0,1000.000,1.252936,0.000000
14640,3,0.125000,0.885243,51,0,1000.000,1.752609,0.000000
14640,4,0.125000,0.756077,48,5,898.750,1.974866,0.000000
14640,5,0.125000,0.094269,49,42,159.122,0.604506,0.000000
14640,6,0.125000,0.000000,42,42,13.333,0.253877,0.000000
14640,7,0.125000,0.000000,49,49,11.061,0.344209,0.000000
14688,0,0.125000,0.924428,32,0,1000.000,0.303006,0.000000
14688,1,0.125000,0.896469,33,0,1000.000,0.735953,0.000000
14688,2,0.125000,0.896578,35,0,1000.000,1.222291,0.000000
14688,3,0.125000,0.885421,48,0,1000.000,1.746015,0.000000
14688,4,0.125000,0.732260,43,6,864.977,1.976169,0.000000
14688,5,0.125000,0.101878,57,49,171.912,0.572598,0.000000
14688,6,0.125000,0.000000,37,37,13.054,0.242370,0.000000
14688,7,0.125000,0.000000,33,33,10.758,0.333171,0.000000
14736,0,0.125000,0.925570,40,0,1000.000,0.307307,0.000000
14736,1,0.125000,0.897460,43,0,1000.000,0.743428,0.000000
14736,2,0.125000,0.895376,39,0,1000.000,1.216117,0.000000
14736,3,0.125000,0.886626,49,0,1000.000,1.750056,0.000000
14736,4,0.125000,0.784466,44,3,934.273,2.095500,0.000000
14736,5,0.125000,0.149327,35,28,222.429,0.723930,0.000000
14736,6,0.125000,0.000000,40,40,13.325,0.220711,0.000000
14736,7,0.125000,0.000000,45,45,11.111,0.322911,0.000000
14784,0,0.125000,0.919700,37,0,1000.000,0.254159,0.000000
14784,1,0.125000,0.900484,40,0,1000.000,0.709176,0.000000
14784,2,0.125000,0.896095,46,0,1000.000,1.250976,0.000000
14784,3,0.125000,0.887952,44,0,1000.000,1.775856,0.000000
14784,4,0.125000,0.858012,35,0,1000.000,2.227146,0.000000
14784,5,0.125000,0.106654,37,31,179.676,0.700847,0.000000
14784,6,0.125000,0.000000,36,36,13.444,0.230275,0.000000
14784,7,0.125000,0.000000,42,42,11.310,0.329889,0.000000
14832,0,0.125000,0.921230,48,0,1000.000,0.286878,0.000000
14832,1,0.125000,0.900496,40,0,1000.000,0.739763,0.000000
14832,2,0.125000,0.896463,45,0,1000.000,1.279902,0.000000
14832,3,0.125000,0.886141,45,0,1000.000,1.763625,0.000000
14832,4,0.125000,0.854136,43,0,1000.000,2.162972,0.000000
14832,5,0.125000,0.137555,42,33,232.024,0.863623,0.000000
14832,6,0.125000,0.000000,47,47,13.319,0.204195,0.000000
14832,7,0.125000,0.000000,47,47,10.787,0.324239,0.000000
14880,0,0.125000,0.922546,28,0,1000.000,0.329391,0.000000
14880,1,0.125000,0.899915,40,0,1000.000,0.759968,0.000000
14880,2,0.125000,0.897867,37,0,1000.000,1.219875,0.000000
14880,3,0.125000,0.883303,26,0,1000.000,1.761661,0.000000
14880,4,0.125000,0.822783,36,1,973.250,2.157416,0.000000
14880,5,0.125000,0.054249,35,32,104.629,0.577456,0.000000
14880,6,0.125000,0.000000,32,32,12.781,0.200121,0.000000
14880,7,0.125000,0.000000,38,38,10.895,0.267285,0.000000
14928,0,0.125000,0.923969,44,0,1000.000,0.263324,0.000000
14928,1,0.125000,0.907061,40,0,1000.000,0.722724,0.000000
14928,2,0.125000,0.893992,41,0,1000.000,1.277318,0.000000
14928,3,0.125000,0.885698,45,0,1000.000,1.738179,0.000000
14928,4,0.125000,0.800828,34,2,943.206,2.114498,0.000000
14928,5,0.125000,0.095493,35,30,159.714,0.628250,0.000000
14928,6,0.125000,0.000000,28,28,12.393,0.249442,0.000000
14928,7,0.125000,0.000000,30,30,10.500,0.292254,0.000000
14976,0,0.125000,0.920557,38,0,1000.000,0.296374,0.000000
14976,1,0.125000,0.901150,31,0,1000.000,0.694195,0.000000
14976,2,0.125000,0.894742,28,0,1000.000,1.219201,0.000000
14976,3,0.125000,0.887648,37,0,1000.000,1.727377,0.000000
14976,4,0.125000,0.795152,36,2,946.056,2.074776,0.000000
14976,5,0.125000,0.034789,34,32,79.088,0.496666,0.000000
14976,6,0.125000,0.000000,29,29,14.069,0.191613,0.000000
14976,7,0.125000,0.000000,44,44,10.909,0.286433,0.000000
15024,0,0.125000,0.921850,42,0,1000.000,0.286759,0.000000
15024,1,0.125000,0.905174,50,0,1000.000,0.728792,0.000000
15024,2,0.125000,0.897353,34,0,1000.000,1.224494,0.000000
15024,3,0.125000,0.888406,42,0,1000.000,1.749640,0.000000
15024,4,0.125000,0.821328,30,1,968.033,2.143208,0.000000
15024,5,0.125000,0.054191,28,26,91.536,0.564813,0.000000
15024,6,0.125000,0.000000,27,27,13.222,0.168865,0.000000
15024,7,0.125000,0.000000,30,30,10.867,0.283292,0.000000
15072,0,0.125000,0.924273,29,0,1000.000,0.271478,0.000000
15072,1,0.125000,0.902910,33,0,1000.000,0.761704,0.000000
15072,2,0.125000,0.894063,39,1,982.333,1.218627,0.000000
15072,3,0.125000,0.888411,38,0,1000.000,1.754235,0.000000
15072,4,0.125000,0.801887,19,1,948.632,2.087022,0.000000
15072,5,0.125000,0.100757,36,31,158.056,0.702272,0.000000
15072,6,0.125000,0.000000,33,33,12.697,0.159690,0.000000
15072,7,0.125000,0.000000,26,26,10.923,0.279723,0.000000
15120,0,0.125000,0.919502,33,0,1000.000,0.276996,0.000000
15120,1,0.125000,0.904698,36,0,1000.000,0.740048,0.000000
15120,2,0.125000,0.897183,36,0,1000.000,1.231611,0.000000
15120,3,0.125000,0.888625,32,0,1000.000,1.717724,0.000000
15120,4,0.125000,0.836266,44,1,977.727,2.137324,0.000000
15120,5,0.125000,0.070421,28,25,126.464,0.615283,0.000000
15120,6,0.125000,0.000000,36,36,12.833,0.204832,0.000000
15120,7,0.125000,0.000000,25,25,10.680,0.313906,0.000000
15168,0,0.125000,0.920715,44,0,1000.000,0.279640,0.000000
15168,1,0.125000,0.904568,34,0,1000.000,0.768183,0.000000
15168,2,0.125000,0.895994,36,0,1000.000,1.193509,0.000000
15168,3,0.125000,0.888894,39,0,1000.000,1.700268,0.000000
15168,4,0.125000,0.747125,31,4,874.613,1.942449,0.000000
15168,5,0.125000,0.059044,34,31,104.941,0.488250,0.000000
15168,6,0.125000,0.000000,41,41,12.244,0.218225,0.000000
15168,7,0.125000,0.000000,42,42,10.643,0.330222,0.000000
15216,0,0.125000,0.920994,33,0,1000.000,0.273312,0.000000
15216,1,0.125000,0.901576,39,1,979.667,0.737032,0.000000
15216,2,0.125000,0.896870,35,0,1000.000,1.227379,0.000000
15216,3,0.125000,0.890155,47,0,1000.000,1.724802,0.000000
15216,4,0.125000,0.783203,32,3,908.344,1.999777,0.000000
15216,5,0.125000,0.073227,44,40,116.932,0.514868,0.000000
15216,6,0.125000,0.000000,40,40,11.900,0.188568,0.000000
15216,7,0.125000,0.000000,35,35,10.400,0.321378,0.000000
15264,0,0.125000,0.924458,42,1,992.429,0.291083,0.000000
15264,1,0.125000,0.904354,38,0,1000.000,0.722679,0.000000
15264,2,0.125000,0.901607,32,0,1000.000,1.255487,0.000000
15264,3,0.125000,0.894811,25,0,1000.000,1.738004,0.000000
15264,4,0.125000,0.824516,45,2,957.400,2.139273,0.000000
15264,5,0.125000,0.130228,43,35,199.628,0.638074,0.000000
15264,6,0.125000,0.000000,27,27,12.259,0.198503,0.000000
15264,7,0.125000,0.000000,37,37,10.811,0.279087,0.000000
15312,0,0.125000,0.923320,40,0,1000.000,0.297773,0.000000
15312,1,0.125000,0.904207,42,0,1000.000,0.726780,0.000000
15312,2,0.125000,0.896938,36,1,989.028,1.273565,0.000000
15312,3,0.125000,0.889754,29,0,1000.000,1.768349,0.000000
15312,4,0.125000,0.813826,23,1,957.696,2.118573,0.000000
15312,5,0.125000,0.153198,32,25,232.156,0.732324,0.000000
15312,6,0.125000,0.000000,26,26,12.923,0.217811,0.000000
15312,7,0.125000,0.000000,48,48,10.625,0.304251,0.000000
15360,0,0.125000,0.922180,34,0,1000.000,0.293438,0.000000
15360,1,0.125000,0.905963,32,0,1000.000,0.751251,0.000000
15360,2,0.125000,0.899095,43,0,1000.000,1.222660,0.000000
15360,3,0.125000,0.890187,38,0,1000.000,1.738467,0.000000
15360,4,0.125000,0.838931,37,1,974.405,2.140165,0.000000
15360,5,0.125000,0.065499,31,29,89.258,0.406901,0.000000
15360,6,0.125000,0.000000,49,49,12.204,0.219273,0.000000
15360,7,0.125000,0.000000,27,27,11.889,0.287555,0.000000
15408,0,0.125000,0.925490,30,0,1000.000,0.301683,0.000000
15408,1,0.125000,0.904193,35,0,1000.000,0.731601,0.000000
15408,2,0.125000,0.898477,44,0,1000.000,1.284407,0.000000
15408,3,0.125000,0.890266,41,0,1000.000,1.749995,0.000000
15408,4,0.125000,0.845107,42,1,976.738,2.172597,0.000000
15408,5,0.125000,0.159177,42,33,231.024,0.846030,0.000000
15408,6,0.125000,0.000000,40,40,12.900,0.242149,0.000000
15408,7,0.125000,0.000000,40,40,10.525,0.279306,0.000000
15456,0,0.125000,0.915171,36,3,953.500,0.258065,0.000000
15456,1,0.125000,0.905256,31,0,1000.000,0.738676,0.000000
15456,2,0.125000,0.898864,47,0,1000.000,1.237509,0.000000
15456,3,0.125000,0.891703,36,0,1000.000,1.751942,0.000000
15456,4,0.125000,0.833967,39,1,975.256,2.188607,0.000000
15456,5,0.125000,0.142614,39,33,209.385,0.786191,0.000000
15456,6,0.125000,0.000000,43,43,13.163,0.181109,0.000000
15456,7,0.125000,0.000000,32,32,11.000,0.320427,0.000000
15504,0,0.125000,0.919478,47,1,983.213,0.265805,0.000000
15504,1,0.125000,0.906062,42,0,1000.000,0.722851,0.000000
15504,2,0.125000,0.898409,40,0,1000.000,1.217913,0.000000
15504,3,0.125000,0.892017,38,0,1000.000,1.763429,0.000000
15504,4,0.125000,0.860286,35,0,1000.000,2.219472,0.000000
15504,5,0.125000,0.118811,26,23,152.192,0.575814,0.000000
15504,6,0.125000,0.000000,27,27,12.889,0.198357,0.000000
15504,7,0.125000,0.000000,32,32,11.062,0.285800,0.000000
15552,0,0.125000,0.920433,39,2,966.077,0.299391,0.000000
15552,1,0.125000,0.906858,41,1,983.683,0.721193,0.000000
15552,2,0.125000,0.900264,42,0,1000.000,1.239964,0.000000
15552,3,0.125000,0.887162,45,0,1000.000,1.751802,0.000000
15552,4,0.125000,0.859663,45,1,992.733,2.134273,0.000000
15552,5,0.125000,0.090391,33,29,142.667,0.674856,0.000000
15552,6,0.125000,0.000000,47,47,13.723,0.190566,0.000000
15552,7,0.125000,0.000000,31,31,11.387,0.313497,0.000000
15600,0,0.125000,0.923992,44,0,1000.000,0.282457,0.000000
15600,1,0.125000,0.905507,46,0,1000.000,0.740369,0.000000
15600,2,0.125000,0.899967,40,0,1000.000,1.254071,0.000000
15600,3,0.125000,0.892302,30,0,1000.000,1.774485,0.000000
15600,4,0.125000,0.838327,40,1,975.700,2.166928,0.000000
15600,5,0.125000,0.085415,27,24,131.074,0.574664,0.000000
15600,6,0.125000,0.000000,31,31,12.871,0.173940,0.000000
15600,7,0.125000,0.000000,40,40,11.275,0.312893,0.000000
15648,0,0.125000,0.925314,34,1,995.118,0.296716,0.000000
15648,1,0.125000,0.907206,50,0,1000.000,0.751813,0.000000
15648,2,0.125000,0.903160,51,0,1000.000,1.226868,0.000000
15648,3,0.125000,0.892160,44,0,1000.000,1.765077,0.000000
15648,4,0.125000,0.843238,42,1,976.810,2.168156,0.000000
15648,5,0.125000,0.071111,40,36,122.350,0.617170,0.000000
15648,6,0.125000,0.000000,43,43,14.419,0.205973,0.000000
15648,7,0.125000,0.000000,53,53,11.340,0.271758,0.000000
15696,0,0.125000,0.924891,34,0,1000.000,0.264405,0.000000
15696,1,0.125000,0.909650,40,0,1000.000,0.737945,0.000000
15696,2,0.125000,0.899636,45,0,1000.000,1.251878,0.000000
15696,3,0.125000,0.889721,48,0,1000.000,1.781047,0.000000
15696,4,0.125000,0.791714,45,4,913.756,2.060329,0.000000
15696,5,0.125000,0.019404,36,35,49.111,0.475012,0.000000
15696,6,0.125000,0.000000,45,45,14.578,0.211087,0.000000
15696,7,0.125000,0.000000,55,55,11.164,0.263305,0.000000
15744,0,0.125000,0.924288,33,0,1000.000,0.286116,0.000000
15744,1,0.125000,0.906235,34,0,1000.000,0.737743,0.000000
15744,2,0.125000,0.900375,50,0,1000.000,1.266646,0.000000
15744,3,0.125000,0.893139,38,0,1000.000,1.761996,0.000000
15744,4,0.125000,0.765096,43,5,887.651,2.038533,0.000000
15744,5,0.125000,0.161805,50,39,236.020,0.845086,0.000000
15744,6,0.125000,0.000000,47,47,13.064,0.170094,0.000000
15744,7,0.125000,0.000000,54,54,11.296,0.272486,0.000000
15792,0,0.125000,0.923207,45,0,1000.000,0.288402,0.000000
15792,1,0.125000,0.909944,44,0,1000.000,0.755226,0.000000
15792,2,0.125000,0.900662,38,0,1000.000,1.254079,0.000000
15792,3,0.125000,0.890161,47,0,1000.000,1.765221,0.000000
15792,4,0.125000,0.819470,41,2,953.366,2.163038,0.000000
15792,5,0.125000,0.061812,33,30,109.121,0.566516,0.000000
15792,6,0.125000,0.000000,40,40,13.000,0.199765,0.000000
15792,7,0.125000,0.000000,26,26,11.115,0.257157,0.000000
15840,0,0.125000,0.921942,27,0,1000.000,0.295580,0.000000
15840,1,0.125000,0.908270,51,0,1000.000,0.751259,0.000000
15840,2,0.125000,0.896955,40,0,1000.000,1.233062,0.000000
15840,3,0.125000,0.889935,45,0,1000.000,1.770858,0.000000
15840,4,0.125000,0.843122,46,1,978.696,2.143034,0.000000
15840,5,0.125000,0.148284,49,39,221.265,0.825640,0.000000
15840,6,0.125000,0.000000,34,34,13.412,0.206727,0.000000
15840,7,0.125000,0.000000,43,43,10.674,0.238238,0.000000
15888,0,0.125000,0.928896,35,0,1000.000,0.270862,0.000000
15888,1,0.125000,0.903552,42,0,1000.000,0.729269,0.000000
15888,2,0.125000,0.898482,31,0,1000.000,1.296942,0.000000
15888,3,0.125000,0.892933,36,0,1000.000,1.779499,0.000000
15888,4,0.125000,0.812623,28,3,928.607,2.045572,0.000000
15888,5,0.125000,0.101570,49,42,158.776,0.623393,0.000000
15888,6,0.125000,0.000000,40,40,13.100,0.184279,0.000000
15888,7,0.125000,0.000000,46,46,10.543,0.241097,0.000000
15936,0,0.125000,0.924148,45,0,1000.000,0.270788,0.000000
15936,1,0.125000,0.906535,34,1,995.794,0.718114,0.000000
15936,2,0.125000,0.904335,44,0,1000.000,1.212070,0.000000
15936,3,0.125000,0.848388,43,2,955.558,1.678856,0.000000
15936,4,0.125000,0.838884,32,1,969.688,2.117976,0.000000
15936,5,0.125000,0.079926,39,35,120.795,0.559531,0.000000
15936,6,0.125000,0.000000,51,51,12.863,0.179366,0.000000
15936,7,0.125000,0.000000,21,21,10.476,0.260845,0.000000
15984,0,0.125000,0.922004,22,0,1000.000,0.287515,0.000000
15984,1,0.125000,0.907837,28,0,1000.000,0.706059,0.000000
15984,2,0.125000,0.898764,38,0,1000.000,1.243295,0.000000
15984,3,0.125000,0.892146,45,0,1000.000,1.744620,0.000000
15984,4,0.125000,0.808382,32,2,939.094,2.062248,0.000000
15984,5,0.125000,0.116827,37,31,178.811,0.690969,0.000000
15984,6,0.125000,0.000000,32,32,13.125,0.195391,0.000000
15984,7,0.125000,0.000000,36,36,10.944,0.286905,0.000000
16032,0,0.125000,0.922716,43,0,1000.000,0.312111,0.000000
16032,1,0.125000,0.903404,32,0,1000.000,0.732584,0.000000
16032,2,0.125000,0.898849,33,0,1000.000,1.270847,0.000000
16032,3,0.125000,0.893094,38,0,1000.000,1.757740,0.000000
16032,4,0.125000,0.832495,47,2,958.745,2.130523,0.000000
16032,5,0.125000,0.119332,44,37,174.227,0.605306,0.000000
16032,6,0.125000,0.000000,35,35,12.914,0.227961,0.000000
16032,7,0.125000,0.000000,47,47,10.660,0.280088,0.000000
16080,0,0.125000,0.922908,37,0,1000.000,0.301093,0.000000
16080,1,0.125000,0.900492,34,0,1000.000,0.789220,0.000000
16080,2,0.125000,0.902421,27,0,1000.000,1.277654,0.000000
16080,3,0.125000,0.891962,35,0,1000.000,1.762478,0.000000
16080,4,0.125000,0.836890,28,1,964.857,2.152709,0.000000
16080,5,0.125000,0.080295,44,39,130.727,0.561828,0.000000
16080,6,0.125000,0.000000,21,21,12.714,0.175520,0.000000
16080,7,0.125000,0.000000,35,35,10.429,0.282507,0.000000
16128,0,0.125000,0.922735,27,0,1000.000,0.284871,0.000000
16128,1,0.125000,0.905611,28,0,1000.000,0.801161,0.000000
16128,2,0.125000,0.898897,32,0,1000.000,1.293418,0.000000
16128,3,0.125000,0.892580,43,0,1000.000,1.802231,0.000000
16128,4,0.125000,0.811295,52,4,931.500,2.120198,0.000000
16128,5,0.125000,0.152679,31,27,180.677,0.742028,0.000000
16128,6,0.125000,0.000000,33,33,12.212,0.241372,0.000000
16128,7,0.125000,0.000000,33,33,10.879,0.295857,0.000000
16176,0,0.125000,0.922433,33,0,1000.000,0.274561,0.000000
16176,1,0.125000,0.906408,37,0,1000.000,0.753701,0.000000
16176,2,0.125000,0.898835,33,0,1000.000,1.248159,0.000000
16176,3,0.125000,0.888489,28,0,1000.000,1.790545,0.000000
16176,4,0.125000,0.807852,42,3,930.500,2.117630,0.000000
16176,5,0.125000,0.103060,21,18,158.714,0.626783,0.000000
16176,6,0.125000,0.000000,32,32,12.656,0.206270,0.000000
16176,7,0.125000,0.000000,35,35,10.743,0.309851,0.000000
16224,0,0.125000,0.922948,35,0,1000.000,0.244830,0.000000
16224,1,0.125000,0.905948,37,0,1000.000,0.735307,0.000000
16224,2,0.125000,0.901601,42,0,1000.000,1.235713,0.000000
16224,3,0.125000,0.895599,44,0,1000.000,1.749863,0.000000
16224,4,0.125000,0.870729,34,0,1000.000,2.228817,0.000000
16224,5,0.125000,0.102921,22,19,151.591,0.612219,0.000000
16224,6,0.125000,0.000000,44,44,12.818,0.191315,0.000000
16224,7,0.125000,0.000000,28,28,10.571,0.283754,0.000000
16272,0,0.125000,0.922210,40,0,1000.000,0.283198,0.000000
16272,1,0.125000,0.906045,35,0,1000.000,0.735024,0.000000
16272,2,0.125000,0.899257,46,0,1000.000,1.233432,0.000000
16272,3,0.125000,0.892779,38,0,1000.000,1.759168,0.000000
16272,4,0.125000,0.786774,34,3,913.706,1.999606,0.000000
16272,5,0.125000,0.027817,27,26,56.037,0.413442,0.000000
16272,6,0.125000,0.000000,42,42,13.071,0.216085,0.000000
16272,7,0.125000,0.000000,35,35,10.829,0.304796,0.000000
16320,0,0.125000,0.923955,27,0,1000.000,0.286208,0.000000
16320,1,0.125000,0.904227,33,0,1000.000,0.724489,0.000000
16320,2,0.125000,0.899275,38,0,1000.000,1.266346,0.000000
16320,3,0.125000,0.891362,39,0,1000.000,1.717000,0.000000
16320,4,0.125000,0.812294,31,2,936.645,2.079160,0.000000
16320,5,0.125000,0.071400,27,25,100.000,0.582349,0.000000
16320,6,0.125000,0.000000,35,35,14.343,0.246746,0.000000
16320,7,0.125000,0.000000,43,43,11.000,0.287275,0.000000
16368,0,0.125000,0.923560,40,0,1000.000,0.296502,0.000000
16368,1,0.125000,0.904854,37,0,1000.000,0.742524,0.000000
16368,2,0.125000,0.896270,31,0,1000.000,1.217731,0.000000
16368,3,0.125000,0.888372,38,0,1000.000,1.757770,0.000000
16368,4,0.125000,0.843323,44,1,977.705,2.142867,0.000000
16368,5,0.125000,0.102063,34,30,142.441,0.623146,0.000000
16368,6,0.125000,0.000000,37,37,13.108,0.208757,0.000000
16368,7,0.125000,0.000000,45,45,10.867,0.311702,0.000000
16416,0,0.125000,0.921568,34,0,1000.000,0.269302,0.000000
16416,1,0.125000,0.900053,31,0,1000.000,0.712657,0.000000
16416,2,0.125000,0.899629,40,0,1000.000,1.200324,0.000000
16416,3,0.125000,0.891152,43,0,1000.000,1.747285,0.000000
16416,4,0.125000,0.864731,40,0,1000.000,2.190416,0.000000
16416,5,0.125000,0.195835,35,26,272.857,0.906506,0.000000
16416,6,0.125000,0.000000,39,39,14.000,0.227114,0.000000
16416,7,0.125000,0.000000,30,30,10.667,0.290982,0.000000
16464,0,0.125000,0.923408,36,0,1000.000,0.276088,0.000000
16464,1,0.125000,0.905869,41,0,1000.000,0.743105,0.000000
16464,2,0.125000,0.899521,39,0,1000.000,1.229092,0.000000
16464,3,0.125000,0.891276,39,0,1000.000,1.747844,0.000000
16464,4,0.125000,0.801390,52,4,925.385,2.099786,0.000000
16464,5,0.125000,0.139996,32,26,203.281,0.739131,0.000000
16464,6,0.125000,0.000000,44,44,13.591,0.243715,0.000000
16464,7,0.125000,0.000000,48,48,10.917,0.306223,0.000000
16512,0,0.125000,0.924958,29,0,1000.000,0.294886,0.000000
16512,1,0.125000,0.908576,32,0,1000.000,0.721584,0.000000
16512,2,0.125000,0.901320,42,0,1000.000,1.207011,0.000000
16512,3,0.125000,0.886680,39,0,1000.000,1.734224,0.000000
16512,4,0.125000,0.862197,37,0,1000.000,2.194489,0.000000
16512,5,0.125000,0.129447,38,31,204.105,0.847300,0.000000
16512,6,0.125000,0.000000,32,32,13.562,0.223415,0.000000
16512,7,0.125000,0.000000,39,39,11.231,0.312850,0.000000
16560,0,0.125000,0.927178,28,0,1000.000,0.273733,0.000000
16560,1,0.125000,0.905373,50,0,1000.000,0.727922,0.000000
16560,2,0.125000,0.902388,47,0,1000.000,1.255764,0.000000
16560,3,0.125000,0.890976,39,0,1000.000,1.765116,0.000000
16560,4,0.125000,0.867001,50,0,1000.000,2.227238,0.000000
16560,5,0.125000,0.227810,52,36,321.615,1.042982,0.000000
16560,6,0.125000,0.000000,38,38,12.605,0.212159,0.000000
16560,7,0.125000,0.000000,34,34,11.353,0.289970,0.000000
16608,0,0.125000,0.925506,34,1,982.618,0.310202,0.000000
16608,1,0.125000,0.904667,41,0,1000.000,0.735728,0.000000
16608,2,0.125000,0.902151,31,0,1000.000,1.289641,0.000000
16608,3,0.125000,0.890080,30,0,1000.000,1.778803,0.000000
16608,4,0.125000,0.846966,38,1,974.105,2.169948,0.000000
16608,5,0.125000,0.153296,32,25,235.688,0.886074,0.000000
16608,6,0.125000,0.000000,47,47,12.574,0.177509,0.000000
16608,7,0.125000,0.000000,32,32,10.812,0.319352,0.000000
16656,0,0.125000,0.921844,48,0,1000.000,0.292237,0.000000
16656,1,0.125000,0.907873,43,0,1000.000,0.743801,0.000000
16656,2,0.125000,0.905143,45,0,1000.000,1.253126,0.000000
16656,3,0.125000,0.891154,39,0,1000.000,1.723882,0.000000
16656,4,0.125000,0.847979,44,1,978.250,2.198262,0.000000
16656,5,0.125000,0.095212,36,31,157.389,0.650635,0.000000
16656,6,0.125000,0.000000,38,38,13.237,0.250990,0.000000
16656,7,0.125000,0.000000,46,46,10.913,0.355248,0.000000
16704,0,0.125000,0.919635,34,0,1000.000,0.294852,0.000000
16704,1,0.125000,0.910238,37,0,1000.000,0.738132,0.000000
16704,2,0.125000,0.901996,53,0,1000.000,1.227066,0.000000
16704,3,0.125000,0.889226,36,0,1000.000,1.691065,0.000000
16704,4,0.125000,0.828707,50,2,961.400,2.130243,0.000000
16704,5,0.125000,0.151460,38,30,228.132,0.854844,0.000000
16704,6,0.125000,0.000000,39,39,12.872,0.222341,0.000000
16704,7,0.125000,0.000000,40,40,10.775,0.313551,0.000000
16752,0,0.125000,0.923949,48,1,997.812,0.279264,0.000000
16752,1,0.125000,0.906100,41,0,1000.000,0.722587,0.000000
16752,2,0.125000,0.905316,48,0,1000.000,1.179733,0.000000
16752,3,0.125000,0.895554,31,0,1000.000,1.658051,0.000000
16752,4,0.125000,0.846329,44,1,977.614,2.075279,0.000000
16752,5,0.125000,0.094043,44,38,152.773,0.644863,0.000000
16752,6,0.125000,0.000000,45,45,12.622,0.235352,0.000000
16752,7,0.125000,0.000000,30,30,10.667,0.325385,0.000000
16800,0,0.125000,0.924298,42,1,995.833,0.304205,0.000000
16800,1,0.125000,0.909882,33,0,1000.000,0.732374,0.000000
16800,2,0.125000,0.905290,37,0,1000.000,1.203836,0.000000
16800,3,0.125000,0.893519,45,0,1000.000,1.690784,0.000000
16800,4,0.125000,0.810230,47,3,937.745,2.059609,0.000000
16800,5,0.125000,0.075953,28,25,124.679,0.561569,0.000000
16800,6,0.125000,0.000000,38,38,12.737,0.207108,0.000000
16800,7,0.125000,0.000000,39,39,10.462,0.303262,0.000000
16848,0,0.125000,0.924038,42,0,1000.000,0.290987,0.000000
16848,1,0.125000,0.906237,40,1,997.225,0.750203,0.000000
16848,2,0.125000,0.895972,35,0,1000.000,1.245198,0.000000
16848,3,0.125000,0.889386,50,0,1000.000,1.725697,0.000000
16848,4,0.125000,0.824556,46,2,958.087,2.127573,0.000000
16848,5,0.125000,0.182992,44,33,264.568,0.917276,0.000000
16848,6,0.125000,0.000000,36,36,12.861,0.243759,0.000000
16848,7,0.125000,0.000000,48,48,10.562,0.339596,0.000000
16896,0,0.125000,0.922384,36,1,985.417,0.289971,0.000000
16896,1,0.125000,0.908476,28,0,1000.000,0.737427,0.000000
16896,2,0.125000,0.900376,40,0,1000.000,1.233078,0.000000
16896,3,0.125000,0.888079,37,0,1000.000,1.715574,0.000000
16896,4,0.125000,0.811246,33,2,940.576,2.069883,0.000000
16896,5,0.125000,0.090441,47,41,143.766,0.588287,0.000000
16896,6,0.125000,0.000000,43,43,12.698,0.214574,0.000000
16896,7,0.125000,0.000000,26,26,10.846,0.297272,0.000000
16944,0,0.125000,0.921867,38,1,984.053,0.307509,0.000000
16944,1,0.125000,0.909014,36,0,1000.000,0.723117,0.000000
16944,2,0.125000,0.901979,42,0,1000.000,1.269659,0.000000
16944,3,0.125000,0.886181,45,0,1000.000,1.766874,0.000000
16944,4,0.125000,0.853836,38,0,1000.000,2.190727,0.000000
16944,5,0.125000,0.000005,30,30,20.100,0.398963,0.000000
16944,6,0.125000,0.000000,32,32,12.531,0.233912,0.000000
16944,7,0.125000,0.000000,29,29,10.552,0.307654,0.000000
16992,0,0.125000,0.924286,30,0,1000.000,0.256110,0.000000
16992,1,0.125000,0.908040,35,0,1000.000,0.737279,0.000000
16992,2,0.125000,0.900255,31,0,1000.000,1.243981,0.000000
16992,3,0.125000,0.885897,34,0,1000.000,1.753221,0.000000
16992,4,0.125000,0.862206,33,0,1000.000,2.206409,0.000000
16992,5,0.125000,0.153902,37,29,229.703,0.750534,0.000000
16992,6,0.125000,0.000000,28,28,12.429,0.195021,0.000000
16992,7,0.125000,0.000000,34,34,10.147,0.327032,0.000000
17040,0,0.125000,0.920971,33,0,1000.000,0.265053,0.000000
17040,1,0.125000,0.907909,38,0,1000.000,0.754348,0.000000
17040,2,0.125000,0.900225,36,0,1000.000,1.260138,0.000000
17040,3,0.125000,0.890850,39,0,1000.000,1.761387,0.000000
17040,4,0.125000,0.841937,44,3,952.000,2.120080,0.000000
17040,5,0.125000,0.159297,37,29,235.595,0.955480,0.000000
17040,6,0.125000,0.000000,38,38,12.211,0.190033,0.000000
17040,7,0.125000,0.000000,31,31,10.290,0.298105,0.000000
17088,0,0.125000,0.924691,31,0,1000.000,0.261276,0.000000
17088,1,0.125000,0.909672,27,0,1000.000,0.751388,0.000000
17088,2,0.125000,0.900571,31,0,1000.000,1.252305,0.000000
17088,3,0.125000,0.893491,42,0,1000.000,1.729434,0.000000
17088,4,0.125000,0.833540,28,1,965.000,2.144576,0.000000
17088,5,0.125000,0.158024,36,29,226.056,0.826616,0.000000
17088,6,0.125000,0.000000,27,27,11.889,0.182602,0.000000
17088,7,0.125000,0.000000,30,30,11.167,0.284298,0.000000
17136,0,0.125000,0.924029,32,0,1000.000,0.299595,0.000000
17136,1,0.125000,0.907539,40,0,1000.000,0.722009,0.000000
17136,2,0.125000,0.901615,39,0,1000.000,1.256736,0.000000
17136,3,0.125000,0.887695,40,0,1000.000,1.739386,0.000000
17136,4,0.125000,0.833284,31,1,969.161,2.158156,0.000000
17136,5,0.125000,0.199648,33,26,268.576,0.866879,0.000000
17136,6,0.125000,0.000000,39,39,12.308,0.212230,0.000000
17136,7,0.125000,0.000000,52,52,10.808,0.288012,0.000000
17184,0,0.125000,0.923761,30,0,1000.000,0.303009,0.000000
17184,1,0.125000,0.911386,26,0,1000.000,0.737274,0.000000
17184,2,0.125000,0.898624,44,0,1000.000,1.227871,0.000000
17184,3,0.125000,0.890800,41,0,1000.000,1.721538,0.000000
17184,4,0.125000,0.865398,27,0,1000.000,2.232830,0.000000
17184,5,0.125000,0.104250,26,22,170.192,0.699295,0.000000
17184,6,0.125000,0.000000,21,21,13.048,0.207501,0.000000
17184,7,0.125000,0.000000,38,38,10.842,0.271015,0.000000
17232,0,0.125000,0.921503,46,0,1000.000,0.267310,0.000000
17232,1,0.125000,0.909632,33,0,1000.000,0.704226,0.000000
17232,2,0.125000,0.901748,29,0,1000.000,1.244790,0.000000
17232,3,0.125000,0.890823,49,0,1000.000,1.742875,0.000000
17232,4,0.125000,0.835734,28,1,965.357,2.165352,0.000000
17232,5,0.125000,0.189918,33,25,278.879,0.877793,0.000000
17232,6,0.125000,0.000000,38,38,13.105,0.191380,0.000000
17232,7,0.125000,0.000000,41,41,10.512,0.291091,0.000000
17280,0,0.125000,0.925264,38,1,988.816,0.269415,0.000000
17280,1,0.125000,0.906558,39,0,1000.000,0.741548,0.000000
17280,2,0.125000,0.904761,35,0,1000.000,1.202276,0.000000
17280,3,0.125000,0.891758,41,0,1000.000,1.659311,0.000000
17280,4,0.125000,0.805184,32,2,938.875,2.062813,0.000000
17280,5,0.125000,0.220137,36,25,318.444,0.968800,0.000000
17280,6,0.125000,0.000000,24,24,12.542,0.168628,0.000000
17280,7,0.125000,0.000000,31,31,10.484,0.271465,0.000000
17328,0,0.125000,0.927139,28,0,1000.000,0.284313,0.000000
17328,1,0.125000,0.907031,29,0,1000.000,0.734123,0.000000
17328,2,0.125000,0.898903,36,0,1000.000,1.188815,0.000000
17328,3,0.125000,0.889407,31,0,1000.000,1.685853,0.000000
17328,4,0.125000,0.856424,36,0,1000.000,2.182006,0.000000
17328,5,0.125000,0.162762,24,19,223.875,0.863396,0.000000
17328,6,0.125000,0.000000,39,39,13.000,0.223933,0.000000
17328,7,0.125000,0.000000,39,39,10.538,0.281412,0.000000
17376,0,0.125000,0.912573,30,2,957.033,0.291789,0.000000
17376,1,0.125000,0.910605,42,1,996.143,0.725393,0.000000
17376,2,0.125000,0.902627,40,0,1000.000,1.229395,0.000000
17376,3,0.125000,0.891108,34,0,1000.000,1.751826,0.000000
17376,4,0.125000,0.864040,42,1,998.333,2.115441,0.000000
17376,5,0.125000,0.155519,30,23,250.000,0.919787,0.000000
17376,6,0.125000,0.000000,50,50,12.940,0.215306,0.000000
17376,7,0.125000,0.000000,29,29,10.586,0.267741,0.000000
17424,0,0.125000,0.922267,42,0,1000.000,0.278223,0.000000
17424,1,0.125000,0.910668,26,0,1000.000,0.702171,0.000000
17424,2,0.125000,0.898941,42,0,1000.000,1.240790,0.000000
17424,3,0.125000,0.895319,31,0,1000.000,1.729530,0.000000
17424,4,0.125000,0.867433,43,0,1000.000,2.207206,0.000000
17424,5,0.125000,0.216241,39,28,308.487,1.030220,0.000000
17424,6,0.125000,0.000000,37,37,12.297,0.202859,0.000000
17424,7,0.125000,0.000000,31,31,10.613,0.273076,0.000000
17472,0,0.125000,0.927428,44,0,1000.000,0.260932,0.000000
17472,1,0.125000,0.913244,39,0,1000.000,0.729355,0.000000
17472,2,0.125000,0.901010,38,0,1000.000,1.240320,0.000000
17472,3,0.125000,0.894611,47,0,1000.000,1.737995,0.000000
17472,4,0.125000,0.837880,32,1,969.750,2.167969,0.000000
17472,5,0.125000,0.256169,49,32,362.653,1.146346,0.000000
17472,6,0.125000,0.000000,48,48,12.750,0.192780,0.000000
17472,7,0.125000,0.000000,49,49,10.633,0.268989,0.000000
17520,0,0.125000,0.925871,34,0,1000.000,0.246848,0.000000
17520,1,0.125000,0.909737,31,0,1000.000,0.735512,0.000000
17520,2,0.125000,0.904868,40,0,1000.000,1.205467,0.000000
17520,3,0.125000,0.895118,37,0,1000.000,1.729808,0.000000
17520,4,0.125000,0.847681,34,1,971.265,2.127817,0.000000
17520,5,0.125000,0.207837,40,30,282.325,0.966628,0.000000
17520,6,0.125000,0.000000,37,37,12.568,0.196116,0.000000
17520,7,0.125000,0.000000,31,31,10.677,0.261744,0.000000
17568,0,0.125000,0.922100,33,1,999.970,0.292615,0.000000
17568,1,0.125000,0.908498,36,0,1000.000,0.748132,0.000000
17568,2,0.125000,0.900840,35,0,1000.000,1.202268,0.000000
17568,3,0.125000,0.894104,47,0,1000.000,1.722324,0.000000
17568,4,0.125000,0.850319,57,1,982.947,2.155838,0.000000
17568,5,0.125000,0.114926,44,37,175.023,0.687060,0.000000
17568,6,0.125000,0.000000,40,40,13.675,0.210130,0.000000
17568,7,0.125000,0.000000,32,32,10.406,0.249521,0.000000
17616,0,0.125000,0.922174,35,1,983.629,0.276122,0.000000
17616,1,0.125000,0.911838,35,0,1000.000,0.768982,0.000000
17616,2,0.125000,0.900419,37,0,1000.000,1.243125,0.000000
17616,3,0.125000,0.893621,37,0,1000.000,1.748014,0.000000
17616,4,0.125000,0.798775,42,3,930.143,2.034039,0.000000
17616,5,0.125000,0.221770,26,19,307.115,1.012768,0.000000
17616,6,0.125000,0.000000,33,33,12.970,0.171957,0.000000
17616,7,0.125000,0.000000,46,46,11.065,0.250293,0.000000
17664,0,0.125000,0.923823,48,0,1000.000,0.309723,0.000000
17664,1,0.125000,0.911395,38,0,1000.000,0.787714,0.000000
17664,2,0.125000,0.900662,39,0,1000.000,1.254704,0.000000
17664,3,0.125000,0.893312,36,0,1000.000,1.715895,0.000000
17664,4,0.125000,0.813426,52,3,944.173,2.104372,0.000000
17664,5,0.125000,0.154918,42,33,229.833,0.815520,0.000000
17664,6,0.125000,0.000000,53,53,13.113,0.191075,0.000000
17664,7,0.125000,0.000000,39,39,10.974,0.248521,0.000000
17712,0,0.125000,0.922630,45,1,983.244,0.300507,0.000000
17712,1,0.125000,0.907424,55,0,1000.000,0.753914,0.000000
17712,2,0.125000,0.900434,41,0,1000.000,1.213890,0.000000
17712,3,0.125000,0.892712,37,0,1000.000,1.751962,0.000000
17712,4,0.125000,0.856861,28,0,1000.000,2.186079,0.000000
17712,5,0.125000,0.083947,46,42,122.065,0.593493,0.000000
17712,6,0.125000,0.000000,45,45,12.978,0.191336,0.000000
17712,7,0.125000,0.000000,52,52,10.596,0.254179,0.000000
17760,0,0.125000,0.925771,52,1,995.923,0.283379,0.000000
17760,1,0.125000,0.910551,49,0,1000.000,0.771401,0.000000
17760,2,0.125000,0.905506,46,0,1000.000,1.233170,0.000000
17760,3,0.125000,0.894789,40,0,1000.000,1.754785,0.000000
17760,4,0.125000,0.843979,37,1,974.027,2.131431,0.000000
17760,5,0.125000,0.118345,48,40,186.875,0.855418,0.000000
17760,6,0.125000,0.000000,40,40,13.625,0.140197,0.000000
17760,7,0.125000,0.000000,44,44,10.886,0.278641,0.000000
17808,0,0.125000,0.927599,43,0,1000.000,0.257574,0.000000
17808,1,0.125000,0.916580,34,0,1000.000,0.745920,0.000000
17808,2,0.125000,0.904791,38,0,1000.000,1.200166,0.000000
17808,3,0.125000,0.896665,39,0,1000.000,1.721784,0.000000
17808,4,0.125000,0.848253,36,1,973.139,2.151121,0.000000
17808,5,0.125000,0.171973,41,32,234.244,0.833146,0.000000
17808,6,0.125000,0.000000,57,57,13.386,0.189935,0.000000
17808,7,0.125000,0.000000,40,40,10.650,0.253467,0.000000
17856,0,0.125000,0.921431,36,0,1000.000,0.303491,0.000000
17856,1,0.125000,0.912677,57,0,1000.000,0.761614,0.000000
17856,2,0.125000,0.906064,48,0,1000.000,1.213774,0.000000
17856,3,0.125000,0.897231,35,0,1000.000,1.743548,0.000000
17856,4,0.125000,0.837863,35,1,972.229,2.137307,0.000000
17856,5,0.125000,0.123160,49,40,199.449,0.769241,0.000000
17856,6,0.125000,0.000000,34,34,12.794,0.196160,0.000000
17856,7,0.125000,0.000000,42,42,10.714,0.273067,0.000000
17904,0,0.125000,0.923370,39,1,987.590,0.269811,0.000000
17904,1,0.125000,0.913251,36,0,1000.000,0.752325,0.000000
17904,2,0.125000,0.905087,35,0,1000.000,1.247012,0.000000
17904,3,0.125000,0.897970,26,0,1000.000,1.737232,0.000000
17904,4,0.125000,0.847195,41,1,976.073,2.154755,0.000000
17904,5,0.125000,0.210143,48,35,301.792,0.971442,0.000000
17904,6,0.125000,0.000000,37,37,12.459,0.177055,0.000000
17904,7,0.125000,0.000000,32,32,10.469,0.255355,0.000000
17952,0,0.125000,0.922544,47,1,986.362,0.265338,0.000000
17952,1,0.125000,0.908217,37,0,1000.000,0.766735,0.000000
17952,2,0.125000,0.905863,39,0,1000.000,1.261817,0.000000
17952,3,0.125000,0.897957,33,0,1000.000,1.757058,0.000000
17952,4,0.125000,0.869178,30,0,1000.000,2.189835,0.000000
17952,5,0.125000,0.129606,40,34,184.875,0.836695,0.000000
17952,6,0.125000,0.000000,24,24,12.833,0.195618,0.000000
17952,7,0.125000,0.000000,33,33,11.030,0.251196,0.000000
18000,0,0.125000,0.923193,40,1,987.550,0.288821,0.000000
18000,1,0.125000,0.907940,32,0,1000.000,0.756494,0.000000
18000,2,0.125000,0.906367,25,0,1000.000,1.188787,0.000000
18000,3,0.125000,0.894672,30,0,1000.000,1.692646,0.000000
18000,4,0.125000,0.836356,47,2,958.468,2.120663,0.000000
18000,5,0.125000,0.208994,21,15,300.286,0.968684,0.000000
18000,6,0.125000,0.000000,38,38,13.605,0.191008,0.000000
18000,7,0.125000,0.000000,31,31,10.452,0.243027,0.000000
18048,0,0.125000,0.927102,42,0,1000.000,0.278101,0.000000
18048,1,0.125000,0.912392,45,1,990.400,0.762729,0.000000
18048,2,0.125000,0.904305,35,0,1000.000,1.228678,0.000000
18048,3,0.125000,0.897756,38,0,1000.000,1.715550,0.000000
18048,4,0.125000,0.846058,32,1,969.281,2.136453,0.000000
18048,5,0.125000,0.124535,22,19,165.455,0.535007,0.000000
18048,6,0.125000,0.000000,37,37,13.108,0.190750,0.000000
18048,7,0.125000,0.000000,33,33,10.939,0.250136,0.000000
18096,0,0.125000,0.926071,31,0,1000.000,0.261541,0.000000
18096,1,0.125000,0.907140,40,0,1000.000,0.754421,0.000000
18096,2,0.125000,0.905082,28,0,1000.000,1.233351,0.000000
18096,3,0.125000,0.899523,23,0,1000.000,1.773168,0.000000
18096,4,0.125000,0.865721,28,0,1000.000,2.186973,0.000000
18096,5,0.125000,0.250284,30,20,347.333,1.120976,0.000000
18096,6,0.125000,0.000000,32,32,14.156,0.219441,0.000000
18096,7,0.125000,0.000000,42,42,10.333,0.253630,0.000000
18144,0,0.125000,0.922737,37,0,1000.000,0.285990,0.000000
18144,1,0.125000,0.908461,40,0,1000.000,0.734833,0.000000
18144,2,0.125000,0.908839,40,0,1000.000,1.248209,0.000000
18144,3,0.125000,0.897152,38,0,1000.000,1.754000,0.000000
18144,4,0.125000,0.874852,28,0,1000.000,2.213473,0.000000
18144,5,0.125000,0.113932,33,28,169.333,0.733594,0.000000
18144,6,0.125000,0.000000,40,40,12.400,0.167946,0.000000
18144,7,0.125000,0.000000,39,39,10.590,0.295065,0.000000
18192,0,0.125000,0.924109,37,1,994.541,0.288582,0.000000
18192,1,0.125000,0.909709,35,0,1000.000,0.679487,0.000000
18192,2,0.125000,0.903126,33,0,1000.000,1.233908,0.000000
18192,3,0.125000,0.894132,24,0,1000.000,1.741202,0.000000
18192,4,0.125000,0.783230,31,3,904.871,2.015149,0.000000
18192,5,0.125000,0.330431,31,18,431.677,1.358831,0.000000
18192,6,0.125000,0.000000,36,36,13.500,0.201758,0.000000
18192,7,0.125000,0.000000,32,32,11.969,0.275453,0.000000
18240,0,0.125000,0.925869,39,0,1000.000,0.280953,0.000000
18240,1,0.125000,0.910346,33,0,1000.000,0.801970,0.000000
18240,2,0.125000,0.907225,31,0,1000.000,1.257258,0.000000
18240,3,0.125000,0.894755,46,0,1000.000,1.766380,0.000000
18240,4,0.125000,0.847838,41,1,976.268,2.185169,0.000000
18240,5,0.125000,0.229805,19,13,329.737,1.092716,0.000000
18240,6,0.125000,0.000000,32,32,12.906,0.181923,0.000000
18240,7,0.125000,0.000000,35,35,10.914,0.265467,0.000000
18288,0,0.125000,0.920806,37,1,979.459,0.329334,0.000000
18288,1,0.125000,0.908491,45,0,1000.000,0.824421,0.000000
18288,2,0.125000,0.901873,38,1,986.500,1.316762,0.000000
18288,3,0.125000,0.895102,32,0,1000.000,1.820728,0.000000
18288,4,0.125000,0.847002,39,1,974.949,2.192947,0.000000
18288,5,0.125000,0.263667,32,21,356.062,1.105078,0.000000
18288,6,0.125000,0.000000,35,35,13.257,0.156264,0.000000
18288,7,0.125000,0.000000,34,34,11.118,0.284882,0.000000
18336,0,0.125000,0.923200,27,0,1000.000,0.397895,0.000000
18336,1,0.125000,0.913243,32,0,1000.000,0.760628,0.000000
18336,2,0.125000,0.905174,27,0,1000.000,1.273227,0.000000
18336,3,0.125000,0.894985,39,0,1000.000,1.796350,0.000000
18336,4,0.125000,0.870790,23,0,1000.000,2.289640,0.000000
18336,5,0.125000,0.233226,28,20,327.107,1.063483,0.000000
18336,6,0.125000,0.000000,33,33,13.455,0.125144,0.000000
18336,7,0.125000,0.000000,36,36,11.611,0.244548,0.000000
18384,0,0.125000,0.920662,35,0,1000.000,0.323804,0.000000
18384,1,0.125000,0.909416,36,0,1000.000,0.747298,0.000000
18384,2,0.125000,0.904422,37,0,1000.000,1.259830,0.000000
18384,3,0.125000,0.894685,35,0,1000.000,1.783311,0.000000
18384,4,0.125000,0.866247,39,0,1000.000,2.203215,0.000000
18384,5,0.125000,0.234683,35,24,331.114,1.212124,0.000000
18384,6,0.125000,0.006507,37,36,40.784,0.189166,0.000000
18384,7,0.125000,0.000000,32,32,11.344,0.224113,0.000000
18432,0,0.125000,0.925094,46,0,1000.000,0.286643,0.000000
18432,1,0.125000,0.910287,35,0,1000.000,0.709607,0.000000
18432,2,0.125000,0.901903,37,0,1000.000,1.229302,0.000000
18432,3,0.125000,0.898801,32,0,1000.000,1.748184,0.000000
18432,4,0.125000,0.872413,41,0,1000.000,2.221931,0.000000
18432,5,0.125000,0.279484,29,18,392.448,1.227157,0.000000
18432,6,0.125000,0.000005,33,33,14.909,0.214456,0.000000
18432,7,0.125000,0.000000,47,47,11.340,0.221623,0.000000
18480,0,0.125000,0.923137,40,1,992.150,0.288357,0.000000
18480,1,0.125000,0.910856,44,1,984.841,0.747477,0.000000
18480,2,0.125000,0.904619,45,0,1000.000,1.236490,0.000000
18480,3,0.125000,0.893071,36,0,1000.000,1.730510,0.000000
18480,4,0.125000,0.846884,35,2,953.657,2.151391,0.000000
18480,5,0.125000,0.305398,19,12,406.421,1.233658,0.000000
18480,6,0.125000,0.000000,44,44,13.614,0.129363,0.000000
18480,7,0.125000,0.000000,35,35,10.943,0.250439,0.000000
18528,0,0.125000,0.924040,34,0,1000.000,0.282467,0.000000
18528,1,0.125000,0.910645,31,0,1000.000,0.767672,0.000000
18528,2,0.125000,0.902878,38,0,1000.000,1.254291,0.000000
18528,3,0.125000,0.895239,31,0,1000.000,1.748887,0.000000
18528,4,0.125000,0.873734,48,0,1000.000,2.215335,0.000000
18528,5,0.125000,0.272814,35,22,384.857,1.186328,0.000000
18528,6,0.125000,0.000000,19,19,12.737,0.164904,0.000000
18528,7,0.125000,0.000000,45,45,10.889,0.265194,0.000000
18576,0,0.125000,0.922729,42,1,992.524,0.293708,0.000000
18576,1,0.125000,0.912450,36,0,1000.000,0.723425,0.000000
18576,2,0.125000,0.904991,33,0,1000.000,1.283427,0.000000
18576,3,0.125000,0.895000,43,0,1000.000,1.752458,0.000000
18576,4,0.125000,0.869528,45,0,1000.000,2.198786,0.000000
18576,5,0.125000,0.253776,39,26,346.000,1.034970,0.000000
18576,6,0.125000,0.000000,36,36,14.778,0.180464,0.000000
18576,7,0.125000,0.000000,35,35,11.257,0.238176,0.000000
18624,0,0.125000,0.923998,32,0,1000.000,0.317113,0.000000
18624,1,0.125000,0.911934,44,0,1000.000,0.764676,0.000000
18624,2,0.125000,0.904369,37,0,1000.000,1.240351,0.000000
18624,3,0.125000,0.895888,36,0,1000.000,1.748247,0.000000
18624,4,0.125000,0.815082,33,2,940.970,2.089921,0.000000
18624,5,0.125000,0.249871,39,26,346.897,1.126906,0.000000
18624,6,0.125000,0.000000,23,23,13.174,0.155407,0.000000
18624,7,0.125000,0.000000,36,36,11.056,0.312932,0.000000
18672,0,0.125000,0.924753,26,0,1000.000,0.275444,0.000000
18672,1,0.125000,0.911959,40,0,1000.000,0.735438,0.000000
18672,2,0.125000,0.905250,48,0,1000.000,1.222619,0.000000
18672,3,0.125000,0.893351,44,0,1000.000,1.729658,0.000000
18672,4,0.125000,0.869182,40,0,1000.000,2.176416,0.000000
18672,5,0.125000,0.213327,36,26,291.944,0.943441,0.000000
18672,6,0.125000,0.000000,42,42,13.333,0.164066,0.000000
18672,7,0.125000,0.000000,35,35,10.657,0.257185,0.000000
18720,0,0.125000,0.925321,55,0,1000.000,0.245015,0.000000
18720,1,0.125000,0.906941,32,0,1000.000,0.708900,0.000000
18720,2,0.125000,0.907277,39,0,1000.000,1.241011,0.000000
18720,3,0.125000,0.894330,38,0,1000.000,1.737671,0.000000
18720,4,0.125000,0.868358,42,0,1000.000,2.175501,0.000000
18720,5,0.125000,0.147593,32,26,203.375,0.725787,0.000000
18720,6,0.125000,0.000000,41,41,13.488,0.201249,0.000000
18720,7,0.125000,0.000000,32,32,10.875,0.267296,0.000000
18768,0,0.125000,0.925516,48,1,999.750,0.278549,0.000000
18768,1,0.125000,0.911019,44,0,1000.000,0.722738,0.000000
18768,2,0.125000,0.905106,38,0,1000.000,1.236103,0.000000
18768,3,0.125000,0.893801,41,0,1000.000,1.736125,0.000000
18768,4,0.125000,0.853282,52,1,981.231,2.182400,0.000000
18768,5,0.125000,0.138701,36,30,182.889,0.681924,0.000000
18768,6,0.125000,0.000000,32,32,13.219,0.155946,0.000000
18768,7,0.125000,0.000000,41,41,10.878,0.289234,0.000000
18816,0,0.125000,0.922827,36,0,1000.000,0.315620,0.000000
18816,1,0.125000,0.909673,41,0,1000.000,0.723686,0.000000
18816,2,0.125000,0.901362,43,0,1000.000,1.246042,0.000000
18816,3,0.125000,0.889322,44,1,982.136,1.718629,0.000000
18816,4,0.125000,0.845135,38,1,974.632,2.168516,0.000000
18816,5,0.125000,0.188552,42,32,253.762,0.857289,0.000000
18816,6,0.125000,0.000000,39,39,13.205,0.207596,0.000000
18816,7,0.125000,0.000000,33,33,11.182,0.300788,0.000000
18864,0,0.125000,0.925627,49,0,1000.000,0.287319,0.000000
18864,1,0.125000,0.908349,37,0,1000.000,0.752476,0.000000
18864,2,0.125000,0.905951,41,0,1000.000,1.249169,0.000000
18864,3,0.125000,0.895050,38,0,1000.000,1.720007,0.000000
18864,4,0.125000,0.824989,40,2,951.525,2.124221,0.000000
18864,5,0.125000,0.154538,55,44,217.455,0.822925,0.000000
18864,6,0.125000,0.000000,51,51,13.647,0.190229,0.000000
18864,7,0.125000,0.000000,50,50,11.160,0.317018,0.000000
18912,0,0.125000,0.924173,40,1,981.650,0.269415,0.000000
18912,1,0.125000,0.912058,34,0,1000.000,0.731049,0.000000
18912,2,0.125000,0.903765,33,0,1000.000,1.217738,0.000000
18912,3,0.125000,0.892736,32,0,1000.000,1.767844,0.000000
18912,4,0.125000,0.846326,37,1,973.703,2.176261,0.000000
18912,5,0.125000,0.229158,42,29,324.619,1.021671,0.000000
18912,6,0.125000,0.000000,40,40,14.025,0.246977,0.000000
18912,7,0.125000,0.000000,44,44,10.932,0.279702,0.000000
18960,0,0.125000,0.926072,32,0,1000.000,0.251409,0.000000
18960,1,0.125000,0.908441,32,0,1000.000,0.739693,0.000000
18960,2,0.125000,0.902872,43,0,1000.000,1.248356,0.000000
18960,3,0.125000,0.898341,34,0,1000.000,1.759423,0.000000
18960,4,0.125000,0.871268,36,0,1000.000,2.188352,0.000000
18960,5,0.125000,0.305084,43,26,407.047,1.232780,0.000000
18960,6,0.125000,0.000000,39,39,13.359,0.186764,0.000000
18960,7,0.125000,0.000000,39,39,11.103,0.295102,0.000000
19008,0,0.125000,0.924790,37,0,1000.000,0.261024,0.000000
19008,1,0.125000,0.906131,32,0,1000.000,0.743799,0.000000
19008,2,0.125000,0.902295,33,0,1000.000,1.216202,0.000000
19008,3,0.125000,0.894509,37,0,1000.000,1.732589,0.000000
19008,4,0.125000,0.871324,35,0,1000.000,2.169411,0.000000
19008,5,0.125000,0.227215,31,22,304.194,1.015088,0.000000
19008,6,0.125000,0.015684,33,32,43.667,0.286183,0.000000
19008,7,0.125000,0.000000,29,29,10.931,0.339383,0.000000
19056,0,0.125000,0.926112,33,0,1000.000,0.282296,0.000000
19056,1,0.125000,0.907088,30,0,1000.000,0.747175,0.000000
19056,2,0.125000,0.905288,41,0,1000.000,1.232883,0.000000
19056,3,0.125000,0.894079,37,0,1000.000,1.707412,0.000000
19056,4,0.125000,0.876885,25,0,1000.000,2.202262,0.000000
19056,5,0.125000,0.275671,34,22,364.176,1.081394,0.000000
19056,6,0.125000,0.000000,40,40,13.625,0.171508,0.000000
19056,7,0.125000,0.000000,35,35,12.800,0.284138,0.000000
19104,0,0.125000,0.924975,24,0,1000.000,0.268863,0.000000
19104,1,0.125000,0.912835,34,0,1000.000,0.742054,0.000000
19104,2,0.125000,0.904351,30,0,1000.000,1.272961,0.000000
19104,3,0.125000,0.896641,39,0,1000.000,1.747734,0.000000
19104,4,0.125000,0.845955,34,1,971.118,2.142647,0.000000
19104,5,0.125000,0.268506,33,22,346.909,1.191538,0.000000
19104,6,0.125000,0.000000,38,38,12.474,0.192118,0.000000
19104,7,0.125000,0.000000,38,38,10.684,0.307997,0.000000
19152,0,0.125000,0.924836,54,0,1000.000,0.278350,0.000000
19152,1,0.125000,0.908868,36,0,1000.000,0.747996,0.000000
19152,2,0.125000,0.905473,24,0,1000.000,1.300705,0.000000
19152,3,0.125000,0.897155,35,0,1000.000,1.786406,0.000000
19152,4,0.125000,0.876921,33,0,1000.000,2.249932,0.000000
19152,5,0.125000,0.354830,29,16,457.897,1.337805,0.000000
19152,6,0.125000,0.000000,35,35,15.029,0.194304,0.000000
19152,7,0.125000,0.000000,25,25,10.400,0.279594,0.000000
19200,0,0.125000,0.926158,26,0,1000.000,0.305594,0.000000
19200,1,0.125000,0.907832,40,0,1000.000,0.691022,0.000000
19200,2,0.125000,0.908997,39,0,1000.000,1.252654,0.000000
19200,3,0.125000,0.899149,43,0,1000.000,1.757841,0.000000
19200,4,0.125000,0.834365,22,1,955.455,2.120025,0.000000
19200,5,0.125000,0.190805,37,28,261.216,1.019002,0.000000
19200,6,0.125000,0.000000,29,29,12.862,0.198257,0.000000
19200,7,0.125000,0.000000,53,53,10.321,0.310904,0.000000
19248,0,0.125000,0.924653,34,1,992.529,0.277964,0.000000
19248,1,0.125000,0.912090,36,1,978.917,0.739630,0.000000
19248,2,0.125000,0.906033,26,0,1000.000,1.187116,0.000000
19248,3,0.125000,0.899304,39,0,1000.000,1.718004,0.000000
19248,4,0.125000,0.851292,37,1,974.243,2.167492,0.000000
19248,5,0.125000,0.207830,45,34,264.178,0.894176,0.000000
19248,6,0.125000,0.000000,30,30,12.167,0.167536,0.000000
19248,7,0.125000,0.000000,41,41,10.439,0.284442,0.000000
19296,0,0.125000,0.925275,32,0,1000.000,0.274965,0.000000
19296,1,0.125000,0.910789,37,0,1000.000,0.722214,0.000000
19296,2,0.125000,0.905325,37,0,1000.000,1.195621,0.000000
19296,3,0.125000,0.899243,37,0,1000.000,1.731344,0.000000
19296,4,0.125000,0.848673,36,1,972.833,2.118209,0.000000
19296,5,0.125000,0.280701,41,26,378.390,1.197115,0.000000
19296,6,0.125000,0.000000,30,30,13.000,0.191222,0.000000
19296,7,0.125000,0.000000,23,23,10.957,0.248574,0.000000
19344,0,0.125000,0.924937,28,2,965.000,0.272293,0.000000
19344,1,0.125000,0.913443,36,0,1000.000,0.728428,0.000000
19344,2,0.125000,0.904445,38,0,1000.000,1.246888,0.000000
19344,3,0.125000,0.893700,29,0,1000.000,1.685079,0.000000
19344,4,0.125000,0.868679,26,0,1000.000,2.189025,0.000000
19344,5,0.125000,0.313623,32,19,419.281,1.316739,0.000000
19344,6,0.125000,0.000000,43,43,13.465,0.194299,0.000000
19344,7,0.125000,0.000000,31,31,10.548,0.266915,0.000000
19392,0,0.125000,0.927231,28,1,970.429,0.244254,0.000000
19392,1,0.125000,0.911406,38,0,1000.000,0.786148,0.000000
19392,2,0.125000,0.906099,30,0,1000.000,1.224060,0.000000
19392,3,0.125000,0.895526,39,0,1000.000,1.691308,0.000000
19392,4,0.125000,0.849802,39,1,974.897,2.097536,0.000000
19392,5,0.125000,0.350357,41,23,448.805,1.241535,0.000000
19392,6,0.125000,0.000000,43,43,12.651,0.177211,0.000000
19392,7,0.125000,0.000000,35,35,10.657,0.308169,0.000000
19440,0,0.125000,0.927304,33,0,1000.000,0.250857,0.000000
19440,1,0.125000,0.908690,36,0,1000.000,0.731681,0.000000
19440,2,0.125000,0.906548,41,0,1000.000,1.242117,0.000000
19440,3,0.125000,0.894097,30,0,1000.000,1.698388,0.000000
19440,4,0.125000,0.833737,41,2,952.195,2.104760,0.000000
19440,5,0.125000,0.469575,42,17,603.929,1.612333,0.000000
19440,6,0.125000,0.016797,31,30,44.806,0.262707,0.000000
19440,7,0.125000,0.000000,39,39,11.000,0.284775,0.000000
19488,0,0.125000,0.928701,39,0,1000.000,0.270032,0.000000
19488,1,0.125000,0.908903,38,0,1000.000,0.707750,0.000000
19488,2,0.125000,0.907957,35,0,1000.000,1.197953,0.000000
19488,3,0.125000,0.896207,38,0,1000.000,1.712437,0.000000
19488,4,0.125000,0.875387,41,0,1000.000,2.191661,0.000000
19488,5,0.125000,0.357247,36,20,455.444,1.370393,0.000000
19488,6,0.125000,0.000000,47,47,13.149,0.176063,0.000000
19488,7,0.125000,0.000000,39,39,10.513,0.279990,0.000000
19536,0,0.125000,0.920101,35,1,975.200,0.283552,0.000000
19536,1,0.125000,0.914273,43,0,1000.000,0.760172,0.000000
19536,2,0.125000,0.905388,31,0,1000.000,1.232855,0.000000
19536,3,0.125000,0.873124,35,1,972.714,1.746521,0.000000
19536,4,0.125000,0.858147,47,1,979.426,2.176598,0.000000
19536,5,0.125000,0.267065,39,26,346.359,1.114811,0.000000
19536,6,0.125000,0.000000,48,48,12.604,0.175764,0.000000
19536,7,0.125000,0.000000,37,37,10.514,0.235185,0.000000
19584,0,0.125000,0.924952,49,2,984.061,0.261649,0.000000
19584,1,0.125000,0.911783,31,0,1000.000,0.754292,0.000000
19584,2,0.125000,0.906644,33,0,1000.000,1.209877,0.000000
19584,3,0.125000,0.895186,43,0,1000.000,1.743159,0.000000
19584,4,0.125000,0.803920,35,3,916.971,2.063381,0.000000
19584,5,0.125000,0.161623,41,33,212.780,0.860249,0.000000
19584,6,0.125000,0.000000,30,30,11.933,0.226259,0.000000
19584,7,0.125000,0.000000,40,40,10.475,0.257156,0.000000
19632,0,0.125000,0.924000,34,2,983.147,0.265337,0.000000
19632,1,0.125000,0.906030,36,1,975.944,0.762859,0.000000
19632,2,0.125000,0.906743,47,0,1000.000,1.238613,0.000000
19632,3,0.125000,0.895181,37,0,1000.000,1.723749,0.000000
19632,4,0.125000,0.824565,39,2,949.923,2.134284,0.000000
19632,5,0.125000,0.250324,36,25,319.000,1.070491,0.000000
19632,6,0.125000,0.000000,35,35,11.829,0.185544,0.000000
19632,7,0.125000,0.000000,45,45,10.667,0.252816,0.000000
19680,0,0.125000,0.925800,38,0,1000.000,0.300999,0.000000
19680,1,0.125000,0.914435,35,0,1000.000,0.768300,0.000000
19680,2,0.125000,0.908270,24,0,1000.000,1.227462,0.000000
19680,3,0.125000,0.897648,41,0,1000.000,1.742749,0.000000
19680,4,0.125000,0.859068,54,1,981.815,2.177265,0.000000
19680,5,0.125000,0.504167,33,12,644.636,1.793718,0.000000
19680,6,0.125000,0.000000,40,40,12.850,0.226115,0.000000
19680,7,0.125000,0.000000,28,28,10.714,0.284510,0.000000
19728,0,0.125000,0.926070,45,0,1000.000,0.281272,0.000000
19728,1,0.125000,0.910325,41,0,1000.000,0.721995,0.000000
19728,2,0.125000,0.904868,33,0,1000.000,1.223041,0.000000
19728,3,0.125000,0.896693,37,0,1000.000,1.684921,0.000000
19728,4,0.125000,0.850454,38,1,974.421,2.149608,0.000000
19728,5,0.125000,0.259289,34,23,337.441,1.068698,0.000000
19728,6,0.125000,0.000000,24,24,12.333,0.171966,0.000000
19728,7,0.125000,0.000000,36,36,10.028,0.297472,0.000000
19776,0,0.125000,0.926638,45,0,1000.000,0.286583,0.000000
19776,1,0.125000,0.908076,34,0,1000.000,0.733761,0.000000
19776,2,0.125000,0.905818,44,0,1000.000,1.223201,0.000000
19776,3,0.125000,0.898165,41,0,1000.000,1.685955,0.000000
19776,4,0.125000,0.858589,53,1,981.453,2.152208,0.000000
19776,5,0.125000,0.215336,40,29,289.800,0.981176,0.000000
19776,6,0.125000,0.000000,41,41,12.512,0.230930,0.000000
19776,7,0.125000,0.000000,49,49,10.510,0.287923,0.000000
19824,0,0.125000,0.926557,36,0,1000.000,0.270371,0.000000
19824,1,0.125000,0.910555,41,0,1000.000,0.721942,0.000000
19824,2,0.125000,0.905087,41,0,1000.000,1.222828,0.000000
19824,3,0.125000,0.898727,42,0,1000.000,1.701798,0.000000
19824,4,0.125000,0.878481,19,0,1000.000,2.193406,0.000000
19824,5,0.125000,0.506335,25,9,649.000,1.824739,0.000000
19824,6,0.125000,0.000000,32,32,14.188,0.227762,0.000000
19824,7,0.125000,0.000000,33,33,10.697,0.284966,0.000000
19872,0,0.125000,0.923755,36,2,963.694,0.251569,0.000000
19872,1,0.125000,0.913387,40,1,991.800,0.734975,0.000000
19872,2,0.125000,0.904193,43,0,1000.000,1.218003,0.000000
19872,3,0.125000,0.898369,46,0,1000.000,1.738957,0.000000
19872,4,0.125000,0.879293,42,0,1000.000,2.199214,0.000000
19872,5,0.125000,0.341182,31,18,430.452,1.307021,0.000000
19872,6,0.125000,0.000000,43,43,13.674,0.197319,0.000000
19872,7,0.125000,0.000000,34,34,10.824,0.237670,0.000000
19920,0,0.125000,0.924322,37,1,980.784,0.276301,0.000000
19920,1,0.125000,0.914708,42,0,1000.000,0.757307,0.000000
19920,2,0.125000,0.902251,26,0,1000.000,1.255871,0.000000
19920,3,0.125000,0.897082,39,0,1000.000,1.745785,0.000000
19920,4,0.125000,0.871197,42,0,1000.000,2.200460,0.000000
19920,5,0.125000,0.281368,36,23,373.278,1.171475,0.000000
19920,6,0.125000,0.000000,42,42,13.690,0.216858,0.000000
19920,7,0.125000,0.000000,38,38,11.026,0.251674,0.000000
19968,0,0.125000,0.923538,33,2,974.485,0.288387,0.000000
19968,1,0.125000,0.909364,30,0,1000.000,0.794754,0.000000
19968,2,0.125000,0.902736,45,0,1000.000,1.270546,0.000000
19968,3,0.125000,0.896508,41,0,1000.000,1.771823,0.000000
19968,4,0.125000,0.872490,40,0,1000.000,2.248288,0.000000
19968,5,0.125000,0.216266,39,28,296.436,0.999619,0.000000
19968,6,0.125000,0.000000,35,35,13.914,0.190771,0.000000
19968,7,0.125000,0.000000,35,35,11.171,0.281045,0.000000
20016,0,0.125000,0.926586,31,0,1000.000,0.277551,0.000000
20016,1,0.125000,0.910119,41,0,1000.000,0.769660,0.000000
20016,2,0.125000,0.904554,21,0,1000.000,1.296308,0.000000
20016,3,0.125000,0.898962,37,0,1000.000,1.740875,0.000000
20016,4,0.125000,0.879855,39,0,1000.000,2.253453,0.000000
20016,5,0.125000,0.315771,26,16,396.885,1.266246,0.000000
20016,6,0.125000,0.000000,32,32,13.688,0.195660,0.000000
20016,7,0.125000,0.000000,32,32,11.062,0.272491,0.000000
20064,0,0.125000,0.926120,39,0,1000.000,0.282758,0.000000
20064,1,0.125000,0.912848,41,0,1000.000,0.751491,0.000000
20064,2,0.125000,0.906070,33,0,1000.000,1.224056,0.000000
20064,3,0.125000,0.897511,30,0,1000.000,1.767984,0.000000
20064,4,0.125000,0.881669,26,0,1000.000,2.249535,0.000000
20064,5,0.125000,0.289771,22,14,375.091,1.178103,0.000000
20064,6,0.125000,0.000000,31,31,13.452,0.225383,0.000000
20064,7,0.125000,0.000000,39,39,10.949,0.247000,0.000000
20112,0,0.125000,0.925479,27,0,1000.000,0.231015,0.000000
20112,1,0.125000,0.910439,34,0,1000.000,0.730381,0.000000
20112,2,0.125000,0.907415,40,0,1000.000,1.230819,0.000000
20112,3,0.125000,0.872577,35,1,972.486,1.703897,0.000000
20112,4,0.125000,0.871313,31,0,1000.000,2.221775,0.000000
20112,5,0.125000,0.268005,21,14,346.571,1.093181,0.000000
20112,6,0.125000,0.000000,33,33,14.576,0.261558,0.000000
20112,7,0.125000,0.000000,35,35,10.686,0.285580,0.000000
20160,0,0.125000,0.924578,31,1,993.452,0.319014,0.000000
20160,1,0.125000,0.907709,37,0,1000.000,0.739319,0.000000
20160,2,0.125000,0.883105,38,1,974.737,1.233676,0.000000
20160,3,0.125000,0.895919,34,0,1000.000,1.734517,0.000000
20160,4,0.125000,0.875798,39,0,1000.000,2.218561,0.000000
20160,5,0.125000,0.311559,26,16,398.385,1.325238,0.000000
20160,6,0.125000,0.000000,27,27,13.519,0.183684,0.000000
20160,7,0.125000,0.000000,42,42,11.500,0.265199,0.000000
20208,0,0.125000,0.926254,31,0,1000.000,0.266591,0.000000
20208,1,0.125000,0.912863,30,0,1000.000,0.722057,0.000000
20208,2,0.125000,0.904822,43,0,1000.000,1.242987,0.000000
20208,3,0.125000,0.895379,29,0,1000.000,1.768188,0.000000
20208,4,0.125000,0.870827,27,0,1000.000,2.217084,0.000000
20208,5,0.125000,0.312953,28,17,405.857,1.241032,0.000000
20208,6,0.125000,0.000000,35,35,14.686,0.237193,0.000000
20208,7,0.125000,0.000000,30,30,11.333,0.260683,0.000000
20256,0,0.125000,0.917540,38,1,976.658,0.298088,0.000000
20256,1,0.125000,0.911618,45,0,1000.000,0.772668,0.000000
20256,2,0.125000,0.902706,25,0,1000.000,1.264064,0.000000
20256,3,0.125000,0.898434,38,0,1000.000,1.733101,0.000000
20256,4,0.125000,0.874494,36,0,1000.000,2.218867,0.000000
20256,5,0.125000,0.426515,29,13,563.069,1.633867,0.000000
20256,6,0.125000,0.000000,39,39,13.974,0.178318,0.000000
20256,7,0.125000,0.000000,33,33,10.970,0.254961,0.000000
20304,0,0.125000,0.928520,47,2,983.468,0.302398,0.000000
20304,1,0.125000,0.909101,32,0,1000.000,0.725296,0.000000
20304,2,0.125000,0.904730,37,0,1000.000,1.235727,0.000000
20304,3,0.125000,0.895720,45,0,1000.000,1.727499,0.000000
20304,4,0.125000,0.871144,25,0,1000.000,2.224217,0.000000
20304,5,0.125000,0.238380,24,17,307.292,1.029817,0.000000
20304,6,0.125000,0.000000,32,32,13.344,0.225101,0.000000
20304,7,0.125000,0.000000,35,35,11.029,0.295974,0.000000
20352,0,0.125000,0.927331,33,0,1000.000,0.300422,0.000000
20352,1,0.125000,0.909781,35,0,1000.000,0.761174,0.000000
20352,2,0.125000,0.903564,33,0,1000.000,1.217968,0.000000
20352,3,0.125000,0.896119,32,0,1000.000,1.710647,0.000000
20352,4,0.125000,0.877122,30,0,1000.000,2.221383,0.000000
20352,5,0.125000,0.318550,28,17,405.429,1.288513,0.000000
20352,6,0.125000,0.000000,29,29,13.966,0.141082,0.000000
20352,7,0.125000,0.000000,27,27,11.296,0.271714,0.000000
20400,0,0.125000,0.926354,25,1,975.480,0.269421,0.000000
20400,1,0.125000,0.901038,43,1,978.209,0.728638,0.000000
20400,2,0.125000,0.906910,34,0,1000.000,1.243845,0.000000
20400,3,0.125000,0.898067,30,0,1000.000,1.743153,0.000000
20400,4,0.125000,0.856013,44,1,978.432,2.193992,0.000000
20400,5,0.125000,0.428091,30,14,543.333,1.571156,0.000000
20400,6,0.125000,0.000000,30,30,15.633,0.244760,0.000000
20400,7,0.125000,0.000000,34,34,11.588,0.268664,0.000000
20448,0,0.125000,0.923682,35,2,959.714,0.290743,0.000000
20448,1,0.125000,0.913297,35,0,1000.000,0.724141,0.000000
20448,2,0.125000,0.903060,38,0,1000.000,1.226443,0.000000
20448,3,0.125000,0.898676,36,0,1000.000,1.724418,0.000000
20448,4,0.125000,0.879100,39,0,1000.000,2.230198,0.000000
20448,5,0.125000,0.463538,35,15,583.486,1.681528,0.000000
20448,6,0.125000,0.000000,29,29,14.207,0.187876,0.000000
20448,7,0.125000,0.000000,35,35,11.371,0.283218,0.000000
20496,0,0.125000,0.923167,29,1,983.483,0.273716,0.000000
20496,1,0.125000,0.910200,41,0,1000.000,0.740276,0.000000
20496,2,0.125000,0.906382,47,0,1000.000,1.231051,0.000000
20496,3,0.125000,0.897274,25,0,1000.000,1.751314,0.000000
20496,4,0.125000,0.876915,35,0,1000.000,2.192719,0.000000
20496,5,0.125000,0.434147,33,15,555.212,1.603218,0.000000
20496,6,0.125000,0.000000,42,42,13.333,0.199570,0.000000
20496,7,0.125000,0.000000,35,35,10.657,0.309695,0.000000
20544,0,0.125000,0.924967,34,1,995.294,0.213731,0.000000
20544,1,0.125000,0.914031,40,1,998.275,0.756435,0.000000
20544,2,0.125000,0.904135,39,0,1000.000,1.255209,0.000000
20544,3,0.125000,0.895875,48,0,1000.000,1.722269,0.000000
20544,4,0.125000,0.873301,42,0,1000.000,2.236934,0.000000
20544,5,0.125000,0.460458,25,11,568.880,1.706370,0.000000
20544,6,0.125000,0.000000,39,39,13.282,0.199867,0.000000
20544,7,0.125000,0.000000,33,33,10.576,0.342143,0.000000
20592,0,0.125000,0.928631,44,0,1000.000,0.278385,0.000000
20592,1,0.125000,0.908922,40,0,1000.000,0.731676,0.000000
20592,2,0.125000,0.906853,32,0,1000.000,1.228124,0.000000
20592,3,0.125000,0.875443,39,1,975.231,1.692930,0.000000
20592,4,0.125000,0.880394,43,0,1000.000,2.222105,0.000000
20592,5,0.125000,0.251873,19,13,329.263,1.010067,0.000000
20592,6,0.125000,0.000000,30,30,13.367,0.197817,0.000000
20592,7,0.125000,0.000000,35,35,10.600,0.301429,0.000000
20640,0,0.125000,0.928683,37,0,1000.000,0.256183,0.000000
20640,1,0.125000,0.913178,44,1,993.455,0.723896,0.000000
20640,2,0.125000,0.904200,37,0,1000.000,1.241369,0.000000
20640,3,0.125000,0.898075,41,0,1000.000,1.711809,0.000000
20640,4,0.125000,0.850143,29,1,966.241,2.191494,0.000000
20640,5,0.125000,0.481557,35,14,608.257,1.722896,0.000000
20640,6,0.125000,0.013953,28,27,49.000,0.305649,0.000000
20640,7,0.125000,0.000000,29,29,10.517,0.321240,0.000000
20688,0,0.125000,0.928255,33,0,1000.000,0.253475,0.000000
20688,1,0.125000,0.912979,40,0,1000.000,0.718199,0.000000
20688,2,0.125000,0.905127,47,0,1000.000,1.223417,0.000000
20688,3,0.125000,0.898178,37,0,1000.000,1.731144,0.000000
20688,4,0.125000,0.875079,32,0,1000.000,2.182970,0.000000
20688,5,0.125000,0.307573,36,22,400.611,1.226009,0.000000
20688,6,0.125000,0.000000,38,38,13.263,0.187257,0.000000
20688,7,0.125000,0.000000,33,33,10.545,0.282069,0.000000
20736,0,0.125000,0.928207,39,2,971.180,0.230983,0.000000
20736,1,0.125000,0.906589,43,0,1000.000,0.719357,0.000000
20736,2,0.125000,0.902606,26,0,1000.000,1.236464,0.000000
20736,3,0.125000,0.897476,45,0,1000.000,1.752780,0.000000
20736,4,0.125000,0.852359,33,1,970.424,2.148120,0.000000
20736,5,0.125000,0.303545,39,24,395.308,1.164205,0.000000
20736,6,0.125000,0.000000,36,36,12.472,0.244642,0.000000
20736,7,0.125000,0.000000,42,42,10.405,0.295389,0.000000
20784,0,0.125000,0.928051,49,0,1000.000,0.243527,0.000000
20784,1,0.125000,0.910844,32,0,1000.000,0.715123,0.000000
20784,2,0.125000,0.903594,34,0,1000.000,1.224564,0.000000
20784,3,0.125000,0.903201,58,0,1000.000,1.713807,0.000000
20784,4,0.125000,0.878204,44,0,1000.000,2.175271,0.000000
20784,5,0.125000,0.340847,45,26,432.844,1.254228,0.000000
20784,6,0.125000,0.000000,45,45,12.578,0.211037,0.000000
20784,7,0.125000,0.000000,53,53,10.340,0.300128,0.000000
20832,0,0.125000,0.929154,40,2,993.075,0.275700,0.000000
20832,1,0.125000,0.916411,38,0,1000.000,0.762858,0.000000
20832,2,0.125000,0.907388,25,0,1000.000,1.215468,0.000000
20832,3,0.125000,0.895295,41,0,1000.000,1.732666,0.000000
20832,4,0.125000,0.874318,32,0,1000.000,2.209215,0.000000
20832,5,0.125000,0.409653,42,22,492.167,1.345445,0.000000
20832,6,0.125000,0.000000,43,43,12.581,0.195238,0.000000
20832,7,0.125000,0.000000,43,43,10.674,0.322419,0.000000
20880,0,0.125000,0.927016,35,2,980.543,0.286842,0.000000
20880,1,0.125000,0.910777,37,0,1000.000,0.738545,0.000000
20880,2,0.125000,0.907236,33,0,1000.000,1.250023,0.000000
20880,3,0.125000,0.901396,36,0,1000.000,1.724920,0.000000
20880,4,0.125000,0.882221,33,0,1000.000,2.200918,0.000000
20880,5,0.125000,0.576818,40,11,729.400,1.918523,0.000000
20880,6,0.125000,0.010615,47,46,34.830,0.277021,0.000000
20880,7,0.125000,0.000000,37,37,10.324,0.293379,0.000000
20928,0,0.125000,0.929162,32,0,1000.000,0.318131,0.000000
20928,1,0.125000,0.911371,38,0,1000.000,0.771572,0.000000
20928,2,0.125000,0.907965,35,0,1000.000,1.243387,0.000000
20928,3,0.125000,0.900873,38,0,1000.000,1.715948,0.000000
20928,4,0.125000,0.859671,46,1,978.848,2.208859,0.000000
20928,5,0.125000,0.544873,28,9,684.929,1.875889,0.000000
20928,6,0.125000,0.000000,26,26,13.000,0.131776,0.000000
20928,7,0.125000,0.000000,27,27,10.519,0.291860,0.000000
20976,0,0.125000,0.922187,32,1,972.625,0.270730,0.000000
20976,1,0.125000,0.912461,35,0,1000.000,0.764803,0.000000
20976,2,0.125000,0.909143,43,0,1000.000,1.252931,0.000000
20976,3,0.125000,0.900264,24,0,1000.000,1.754701,0.000000
20976,4,0.125000,0.883876,39,0,1000.000,2.225587,0.000000
20976,5,0.125000,0.471336,31,13,589.839,1.631130,0.000000
20976,6,0.125000,0.000000,36,36,14.139,0.196484,0.000000
20976,7,0.125000,0.000000,46,46,10.522,0.291270,0.000000
21024,0,0.125000,0.931692,27,0,1000.000,0.270750,0.000000
21024,1,0.125000,0.911491,43,0,1000.000,0.736886,0.000000
21024,2,0.125000,0.907907,24,0,1000.000,1.229292,0.000000
21024,3,0.125000,0.898827,33,0,1000.000,1.735136,0.000000
21024,4,0.125000,0.875219,37,0,1000.000,2.202417,0.000000
21024,5,0.125000,0.358869,47,26,457.936,1.344552,0.000000
21024,6,0.125000,0.074784,30,27,135.033,0.559905,0.000000
21024,7,0.125000,0.000000,32,32,10.938,0.312958,0.000000
21072,0,0.125000,0.927605,32,0,1000.000,0.300910,0.000000
21072,1,0.125000,0.910758,35,0,1000.000,0.720069,0.000000
21072,2,0.125000,0.911273,28,0,1000.000,1.202677,0.000000
21072,3,0.125000,0.905775,27,0,1000.000,1.679480,0.000000
21072,4,0.125000,0.885464,29,0,1000.000,2.183156,0.000000
21072,5,0.125000,0.575673,27,8,708.926,1.916625,0.000000
21072,6,0.125000,0.000000,33,33,15.333,0.229560,0.000000
21072,7,0.125000,0.000000,30,30,11.400,0.325381,0.000000
21120,0,0.125000,0.923383,28,1,997.607,0.256808,0.000000
21120,1,0.125000,0.917273,35,0,1000.000,0.741154,0.000000
21120,2,0.125000,0.904380,39,0,1000.000,1.240449,0.000000
21120,3,0.125000,0.899729,29,0,1000.000,1.735680,0.000000
21120,4,0.125000,0.882510,29,0,1000.000,2.190146,0.000000
21120,5,0.125000,0.573581,17,5,711.706,2.046464,0.000000
21120,6,0.125000,0.000000,25,25,15.200,0.197407,0.000000
21120,7,0.125000,0.000000,25,25,11.160,0.321236,0.000000
21168,0,0.125000,0.927348,34,1,996.912,0.263001,0.000000
21168,1,0.125000,0.914639,25,0,1000.000,0.740813,0.000000
21168,2,0.125000,0.909793,35,0,1000.000,1.226118,0.000000
21168,3,0.125000,0.901785,38,0,1000.000,1.740701,0.000000
21168,4,0.125000,0.883412,33,0,1000.000,2.181213,0.000000
21168,5,0.125000,0.583710,29,8,729.690,1.949207,0.000000
21168,6,0.125000,0.000000,29,29,15.759,0.207012,0.000000
21168,7,0.125000,0.000000,30,30,11.600,0.281380,0.000000
21216,0,0.125000,0.929714,46,0,1000.000,0.255107,0.000000
21216,1,0.125000,0.917360,26,0,1000.000,0.727867,0.000000
21216,2,0.125000,0.907010,37,0,1000.000,1.216267,0.000000
21216,3,0.125000,0.900261,35,0,1000.000,1.713078,0.000000
21216,4,0.125000,0.879929,28,0,1000.000,2.239519,0.000000
21216,5,0.125000,0.482222,22,9,599.682,1.674259,0.000000
21216,6,0.125000,0.012333,24,23,57.708,0.344524,0.000000
21216,7,0.125000,0.000000,32,32,11.625,0.269147,0.000000
21264,0,0.125000,0.926757,31,0,1000.000,0.256526,0.000000
21264,1,0.125000,0.912246,37,0,1000.000,0.720166,0.000000
21264,2,0.125000,0.907061,38,0,1000.000,1.239342,0.000000
21264,3,0.125000,0.898388,34,0,1000.000,1.707091,0.000000
21264,4,0.125000,0.882118,40,0,1000.000,2.211706,0.000000
21264,5,0.125000,0.691931,16,2,876.750,2.271811,0.000000
21264,6,0.125000,0.024846,41,39,63.927,0.382229,0.000000
21264,7,0.125000,0.000000,32,32,11.312,0.283265,0.000000
21312,0,0.125000,0.923488,34,2,969.500,0.237844,0.000000
21312,1,0.125000,0.913419,34,0,1000.000,0.730269,0.000000
21312,2,0.125000,0.910171,28,0,1000.000,1.248069,0.000000
21312,3,0.125000,0.897637,27,0,1000.000,1.719197,0.000000
21312,4,0.125000,0.878579,28,0,1000.000,2.219817,0.000000
21312,5,0.125000,0.488417,33,13,614.303,1.671725,0.000000
21312,6,0.125000,0.000000,34,34,13.912,0.207334,0.000000
21312,7,0.125000,0.000000,41,41,11.220,0.275548,0.000000
21360,0,0.125000,0.928365,41,1,992.171,0.271089,0.000000
21360,1,0.125000,0.907149,26,0,1000.000,0.723754,0.000000
21360,2,0.125000,0.909867,37,0,1000.000,1.225505,0.000000
21360,3,0.125000,0.896125,27,0,1000.000,1.725037,0.000000
21360,4,0.125000,0.880632,32,0,1000.000,2.224105,0.000000
21360,5,0.125000,0.571391,28,8,720.393,1.924616,0.000000
21360,6,0.125000,0.024933,25,24,54.480,0.361572,0.000000
21360,7,0.125000,0.000000,30,30,11.267,0.303943,0.000000
21408,0,0.125000,0.929246,28,0,1000.000,0.315581,0.000000
21408,1,0.125000,0.914828,36,0,1000.000,0.758888,0.000000
21408,2,0.125000,0.907087,33,0,1000.000,1.223880,0.000000
21408,3,0.125000,0.899635,29,0,1000.000,1.762201,0.000000
21408,4,0.125000,0.879974,43,0,1000.000,2.207386,0.000000
21408,5,0.125000,0.528458,33,11,673.273,1.803450,0.000000
21408,6,0.125000,0.000000,34,34,14.176,0.159805,0.000000
21408,7,0.125000,0.000000,37,37,11.757,0.299833,0.000000
21456,0,0.125000,0.925174,32,0,1000.000,0.299810,0.000000
21456,1,0.125000,0.909839,33,0,1000.000,0.752926,0.000000
21456,2,0.125000,0.904662,37,0,1000.000,1.248203,0.000000
21456,3,0.125000,0.896980,40,0,1000.000,1.711539,0.000000
21456,4,0.125000,0.880885,36,0,1000.000,2.221694,0.000000
21456,5,0.125000,0.498369,26,10,623.269,1.729553,0.000000
21456,6,0.125000,0.010732,39,38,40.513,0.323672,0.000000
21456,7,0.125000,0.000000,36,36,11.917,0.272627,0.000000
21504,0,0.125000,0.925281,43,1,993.698,0.321509,0.000000
21504,1,0.125000,0.914305,40,0,1000.000,0.708964,0.000000
21504,2,0.125000,0.911106,33,0,1000.000,1.236284,0.000000
21504,3,0.125000,0.900308,38,0,1000.000,1.752705,0.000000
21504,4,0.125000,0.884289,31,0,1000.000,2.216923,0.000000
21504,5,0.125000,0.501996,26,10,625.269,1.824837,0.000000
21504,6,0.125000,0.000000,45,45,16.422,0.204727,0.000000
21504,7,0.125000,0.000000,25,25,11.840,0.215633,0.000000
21552,0,0.125000,0.927419,38,0,1000.000,0.263981,0.000000
21552,1,0.125000,0.916530,47,0,1000.000,0.761279,0.000000
21552,2,0.125000,0.908530,38,0,1000.000,1.224970,0.000000
21552,3,0.125000,0.896180,35,0,1000.000,1.746918,0.000000
21552,4,0.125000,0.879593,38,0,1000.000,2.241549,0.000000
21552,5,0.125000,0.452107,40,18,558.750,1.601581,0.000000
21552,6,0.125000,0.011267,50,49,34.920,0.317444,0.000000
21552,7,0.125000,0.000000,38,38,11.342,0.287313,0.000000
21600,0,0.125000,0.926215,40,0,1000.000,0.265872,0.000000
21600,1,0.125000,0.913386,26,0,1000.000,0.734369,0.000000
21600,2,0.125000,0.906857,43,0,1000.000,1.216868,0.000000
21600,3,0.125000,0.900568,42,0,1000.000,1.734997,0.000000
21600,4,0.125000,0.878378,45,0,1000.000,2.183687,0.000000
21600,5,0.125000,0.554954,25,8,687.560,1.894771,0.000000
21600,6,0.125000,0.000000,44,44,13.886,0.211851,0.000000
21600,7,0.125000,0.000000,37,37,11.351,0.320866,0.000000
21648,0,0.125000,0.929912,40,0,1000.000,0.262572,0.000000
21648,1,0.125000,0.909698,35,0,1000.000,0.712075,0.000000
21648,2,0.125000,0.907997,31,0,1000.000,1.208153,0.000000
21648,3,0.125000,0.900325,32,0,1000.000,1.682230,0.000000
21648,4,0.125000,0.884664,33,0,1000.000,2.226349,0.000000
21648,5,0.125000,0.549874,34,11,683.706,1.889017,0.000000
21648,6,0.125000,0.024087,50,48,53.860,0.334211,0.000000
21648,7,0.125000,0.000000,35,35,11.029,0.321569,0.000000
21696,0,0.125000,0.928479,31,0,1000.000,0.292135,0.000000
21696,1,0.125000,0.916911,27,0,1000.000,0.712928,0.000000
21696,2,0.125000,0.906964,46,0,1000.000,1.203922,0.000000
21696,3,0.125000,0.900285,44,0,1000.000,1.714925,0.000000
21696,4,0.125000,0.875693,36,0,1000.000,2.152467,0.000000
21696,5,0.125000,0.551374,19,6,691.053,1.917247,0.000000
21696,6,0.125000,0.028861,35,33,70.686,0.355324,0.000000
21696,7,0.125000,0.000000,40,40,11.650,0.294158,0.000000
21744,0,0.125000,0.926796,49,0,1000.000,0.266689,0.000000
21744,1,0.125000,0.911037,32,0,1000.000,0.709894,0.000000
21744,2,0.125000,0.907514,38,0,1000.000,1.210038,0.000000
21744,3,0.125000,0.895302,31,0,1000.000,1.712419,0.000000
21744,4,0.125000,0.880975,41,0,1000.000,2.215294,0.000000
21744,5,0.125000,0.477309,27,12,581.852,1.657973,0.000000
21744,6,0.125000,0.009223,42,41,38.476,0.286368,0.000000
21744,7,0.125000,0.000000,32,32,11.438,0.321872,0.000000
21792,0,0.125000,0.928443,48,0,1000.000,0.235566,0.000000
21792,1,0.125000,0.916744,44,0,1000.000,0.726303,0.000000
21792,2,0.125000,0.907354,28,0,1000.000,1.202814,0.000000
21792,3,0.125000,0.898033,45,0,1000.000,1.679919,0.000000
21792,4,0.125000,0.845822,47,2,958.872,2.123377,0.000000
21792,5,0.125000,0.384292,19,10,486.263,1.410480,0.000000
21792,6,0.125000,0.018563,35,34,43.086,0.258340,0.000000
21792,7,0.125000,0.000000,40,40,11.575,0.254662,0.000000
21840,0,0.125000,0.928415,38,2,978.316,0.238141,0.000000
21840,1,0.125000,0.915190,49,0,1000.000,0.735394,0.000000
21840,2,0.125000,0.908319,29,0,1000.000,1.233518,0.000000
21840,3,0.125000,0.898162,38,0,1000.000,1.737985,0.000000
21840,4,0.125000,0.852336,35,1,972.000,2.144487,0.000000
21840,5,0.125000,0.509167,32,12,633.031,1.764749,0.000000
21840,6,0.125000,0.010738,43,42,40.512,0.359362,0.000000
21840,7,0.125000,0.000000,40,40,12.200,0.232197,0.000000
21888,0,0.125000,0.931652,38,0,1000.000,0.272859,0.000000
21888,1,0.125000,0.914458,55,0,1000.000,0.766329,0.000000
21888,2,0.125000,0.907821,38,0,1000.000,1.264574,0.000000
21888,3,0.125000,0.895606,38,0,1000.000,1.751793,0.000000
21888,4,0.125000,0.884784,29,0,1000.000,2.239579,0.000000
21888,5,0.125000,0.630583,23,5,788.826,2.136714,0.000000
21888,6,0.125000,0.014109,33,32,47.030,0.321875,0.000000
21888,7,0.125000,0.000000,52,52,11.865,0.244479,0.000000
21936,0,0.125000,0.919998,38,2,962.184,0.275331,0.000000
21936,1,0.125000,0.911535,28,1,972.179,0.749072,0.000000
21936,2,0.125000,0.910394,32,0,1000.000,1.229373,0.000000
21936,3,0.125000,0.903323,32,0,1000.000,1.720088,0.000000
21936,4,0.125000,0.854127,34,1,971.353,2.173753,0.000000
21936,5,0.125000,0.636582,34,7,798.853,2.190156,0.000000
21936,6,0.125000,0.025668,38,36,68.237,0.323654,0.000000
21936,7,0.125000,0.000000,35,35,12.029,0.236743,0.000000
21984,0,0.125000,0.927271,38,1,993.447,0.267658,0.000000
21984,1,0.125000,0.913025,29,0,1000.000,0.746166,0.000000
21984,2,0.125000,0.888235,29,1,967.414,1.266158,0.000000
21984,3,0.125000,0.895064,32,0,1000.000,1.711521,0.000000
21984,4,0.125000,0.873648,38,0,1000.000,2.261440,0.000000
21984,5,0.125000,0.692331,26,4,849.346,2.266833,0.000000
21984,6,0.125000,0.000000,33,33,15.455,0.176161,0.000000
21984,7,0.125000,0.000000,24,24,11.458,0.210009,0.000000
22032,0,0.125000,0.929121,38,0,1000.000,0.251479,0.000000
22032,1,0.125000,0.916319,38,0,1000.000,0.734784,0.000000
22032,2,0.125000,0.909234,31,0,1000.000,1.250273,0.000000
22032,3,0.125000,0.900662,42,0,1000.000,1.732065,0.000000
22032,4,0.125000,0.879319,36,0,1000.000,2.282601,0.000000
22032,5,0.125000,0.641228,27,6,784.148,2.180979,0.000000
22032,6,0.125000,0.000000,28,28,16.286,0.242643,0.000000
22032,7,0.125000,0.000000,39,39,12.615,0.215285,0.000000
22080,0,0.125000,0.930860,18,0,1000.000,0.229085,0.000000
22080,1,0.125000,0.915977,28,0,1000.000,0.743032,0.000000
22080,2,0.125000,0.909748,29,0,1000.000,1.246352,0.000000
22080,3,0.125000,0.899447,40,0,1000.000,1.738083,0.000000
22080,4,0.125000,0.876133,27,0,1000.000,2.227016,0.000000
22080,5,0.125000,0.678070,22,4,821.864,2.234205,0.000000
22080,6,0.125000,0.016687,30,29,49.700,0.292066,0.000000
22080,7,0.125000,0.000000,25,25,11.920,0.208616,0.000000
22128,0,0.125000,0.927015,30,0,1000.000,0.278235,0.000000
22128,1,0.125000,0.911654,24,0,1000.000,0.704221,0.000000
22128,2,0.125000,0.910515,27,0,1000.000,1.250248,0.000000
22128,3,0.125000,0.903468,38,0,1000.000,1.710691,0.000000
22128,4,0.125000,0.882487,38,0,1000.000,2.193710,0.000000
22128,5,0.125000,0.671505,22,4,821.227,2.214512,0.000000
22128,6,0.125000,0.019722,29,28,49.862,0.301341,0.000000
22128,7,0.125000,0.000000,37,37,12.405,0.205607,0.000000
22176,0,0.125000,0.926315,28,1,985.393,0.258315,0.000000
22176,1,0.125000,0.916520,35,0,1000.000,0.740673,0.000000
22176,2,0.125000,0.908449,28,0,1000.000,1.203494,0.000000
22176,3,0.125000,0.899890,47,0,1000.000,1.732400,0.000000
22176,4,0.125000,0.881939,33,0,1000.000,2.184149,0.000000
22176,5,0.125000,0.613490,27,7,747.148,2.088372,0.000000
22176,6,0.125000,0.015994,35,34,43.514,0.262662,0.000000
22176,7,0.125000,0.000000,28,28,12.250,0.246189,0.000000
22224,0,0.125000,0.927318,30,0,1000.000,0.261995,0.000000
22224,1,0.125000,0.915506,41,0,1000.000,0.748355,0.000000
22224,2,0.125000,0.904617,27,0,1000.000,1.274485,0.000000
22224,3,0.125000,0.899994,28,0,1000.000,1.698644,0.000000
22224,4,0.125000,0.876535,25,0,1000.000,2.230125,0.000000
22224,5,0.125000,0.622959,25,6,764.560,2.054836,0.000000
22224,6,0.125000,0.014884,31,30,48.968,0.355141,0.000000
22224,7,0.125000,0.000000,31,31,12.000,0.258244,0.000000
22272,0,0.125000,0.927540,36,0,1000.000,0.261466,0.000000
22272,1,0.125000,0.911057,29,0,1000.000,0.769981,0.000000
22272,2,0.125000,0.907063,31,0,1000.000,1.238236,0.000000
22272,3,0.125000,0.896736,38,0,1000.000,1.702518,0.000000
22272,4,0.125000,0.874749,44,0,1000.000,2.228966,0.000000
22272,5,0.125000,0.628285,34,8,771.676,2.189095,0.000000
22272,6,0.125000,0.000000,30,30,15.767,0.232917,0.000000
22272,7,0.125000,0.000000,42,42,11.048,0.226911,0.000000
22320,0,0.125000,0.930174,41,0,1000.000,0.303985,0.000000
22320,1,0.125000,0.911794,31,0,1000.000,0.760279,0.000000
22320,2,0.125000,0.907397,26,0,1000.000,1.218295,0.000000
22320,3,0.125000,0.898029,28,0,1000.000,1.707203,0.000000
22320,4,0.125000,0.881769,20,0,1000.000,2.213186,0.000000
22320,5,0.125000,0.605176,32,8,755.125,2.025721,0.000000
22320,6,0.125000,0.023963,22,21,59.682,0.247313,0.000000
22320,7,0.125000,0.000000,28,28,11.786,0.230269,0.000000
22368,0,0.125000,0.927138,26,0,1000.000,0.286036,0.000000
22368,1,0.125000,0.904431,40,1,976.650,0.777703,0.000000
22368,2,0.125000,0.911299,31,0,1000.000,1.257632,0.000000
22368,3,0.125000,0.895532,36,0,1000.000,1.729369,0.000000
22368,4,0.125000,0.845111,27,1,963.926,2.127681,0.000000
22368,5,0.125000,0.695692,21,3,860.476,2.287406,0.000000
22368,6,0.125000,0.026031,25,24,55.440,0.343127,0.000000
22368,7,0.125000,0.000000,40,40,11.450,0.259296,0.000000
22416,0,0.125000,0.929454,27,0,1000.000,0.323686,0.000000
22416,1,0.125000,0.915127,32,0,1000.000,0.789044,0.000000
22416,2,0.125000,0.909195,31,0,1000.000,1.235392,0.000000
22416,3,0.125000,0.895383,48,0,1000.000,1.714976,0.000000
22416,4,0.125000,0.875632,28,0,1000.000,2.215955,0.000000
22416,5,0.125000,0.711158,21,3,859.619,2.281954,0.000000
22416,6,0.125000,0.012969,36,35,42.611,0.245613,0.000000
22416,7,0.125000,0.000000,33,33,12.152,0.238541,0.000000
22464,0,0.125000,0.927878,44,0,1000.000,0.279219,0.000000
22464,1,0.125000,0.917877,39,0,1000.000,0.765661,0.000000
22464,2,0.125000,0.911000,37,0,1000.000,1.231334,0.000000
22464,3,0.125000,0.899974,36,0,1000.000,1.703504,0.000000
22464,4,0.125000,0.880801,35,0,1000.000,2.216161,0.000000
22464,5,0.125000,0.660851,31,6,810.516,2.211592,0.000000
22464,6,0.125000,0.000000,20,20,15.000,0.178661,0.000000
22464,7,0.125000,0.000000,36,36,12.472,0.220368,0.000000
22512,0,0.125000,0.918037,39,2,968.692,0.294080,0.000000
22512,1,0.125000,0.908562,37,0,1000.000,0.742983,0.000000
22512,2,0.125000,0.907260,36,0,1000.000,1.210443,0.000000
22512,3,0.125000,0.894736,41,0,1000.000,1.719697,0.000000
22512,4,0.125000,0.879229,24,0,1000.000,2.236025,0.000000
22512,5,0.125000,0.538048,30,11,651.800,1.801331,0.000000
22512,6,0.125000,0.012277,30,30,28.767,0.292794,0.000000
22512,7,0.125000,0.000000,29,29,11.448,0.255469,0.000000
22560,0,0.125000,0.925615,35,0,1000.000,0.265897,0.000000
22560,1,0.125000,0.910733,44,0,1000.000,0.748397,0.000000
22560,2,0.125000,0.902522,47,0,1000.000,1.231483,0.000000
22560,3,0.125000,0.895897,35,0,1000.000,1.726774,0.000000
22560,4,0.125000,0.872360,44,0,1000.000,2.240260,0.000000
22560,5,0.125000,0.468784,35,15,581.143,1.659844,0.000000
22560,6,0.125000,0.000000,27,27,17.815,0.271900,0.000000
22560,7,0.125000,0.000000,29,29,11.414,0.269563,0.000000
22608,0,0.125000,0.925774,32,0,1000.000,0.261388,0.000000
22608,1,0.125000,0.913029,26,0,1000.000,0.764004,0.000000
22608,2,0.125000,0.907389,39,0,1000.000,1.223793,0.000000
22608,3,0.125000,0.897620,39,0,1000.000,1.710146,0.000000
22608,4,0.125000,0.876284,32,0,1000.000,2.266632,0.000000
22608,5,0.125000,0.752209,24,2,918.417,2.424952,0.000000
22608,6,0.125000,0.000000,31,31,15.806,0.184827,0.000000
22608,7,0.125000,0.000000,40,40,11.650,0.272940,0.000000
22656,0,0.125000,0.920445,36,1,978.611,0.243021,0.000000
22656,1,0.125000,0.912420,37,0,1000.000,0.728945,0.000000
22656,2,0.125000,0.906275,32,0,1000.000,1.253997,0.000000
22656,3,0.125000,0.901363,32,0,1000.000,1.705776,0.000000
22656,4,0.125000,0.879036,45,0,1000.000,2.220947,0.000000
22656,5,0.125000,0.684400,30,5,836.500,2.218086,0.000000
22656,6,0.125000,0.013814,41,40,39.927,0.305404,0.000000
22656,7,0.125000,0.000000,41,41,11.244,0.320452,0.000000
22704,0,0.125000,0.925846,30,0,1000.000,0.298346,0.000000
22704,1,0.125000,0.912663,40,1,985.150,0.728475,0.000000
22704,2,0.125000,0.906836,39,0,1000.000,1.235793,0.000000
22704,3,0.125000,0.899387,26,0,1000.000,1.746316,0.000000
22704,4,0.125000,0.879912,35,0,1000.000,2.221171,0.000000
22704,5,0.125000,0.567457,35,11,693.914,1.948445,0.000000
22704,6,0.125000,0.000000,27,27,15.037,0.227245,0.000000
22704,7,0.125000,0.000000,30,30,11.800,0.319608,0.000000
22752,0,0.125000,0.928537,31,1,983.935,0.270366,0.000000
22752,1,0.125000,0.914644,26,0,1000.000,0.727366,0.000000
22752,2,0.125000,0.906920,35,0,1000.000,1.240340,0.000000
22752,3,0.125000,0.897851,44,0,1000.000,1.712382,0.000000
22752,4,0.125000,0.881469,34,0,1000.000,2.180964,0.000000
22752,5,0.125000,0.615100,44,11,755.409,2.075818,0.000000
22752,6,0.125000,0.000000,24,24,15.500,0.230012,0.000000
22752,7,0.125000,0.000000,39,39,11.462,0.293969,0.000000
22800,0,0.125000,0.927570,38,0,1000.000,0.292008,0.000000
22800,1,0.125000,0.912048,42,0,1000.000,0.743783,0.000000
22800,2,0.125000,0.907611,40,0,1000.000,1.246283,0.000000
22800,3,0.125000,0.899581,39,0,1000.000,1.722202,0.000000
22800,4,0.125000,0.883752,35,0,1000.000,2.231706,0.000000
22800,5,0.125000,0.597375,39,11,723.795,1.978477,0.000000
22800,6,0.125000,0.018529,42,41,41.262,0.376171,0.000000
22800,7,0.125000,0.000000,49,49,11.143,0.267685,0.000000
22848,0,0.125000,0.928124,40,1,995.775,0.298431,0.000000
22848,1,0.125000,0.916716,39,0,1000.000,0.744127,0.000000
22848,2,0.125000,0.908792,41,0,1000.000,1.233228,0.000000
22848,3,0.125000,0.899522,33,0,1000.000,1.690620,0.000000
22848,4,0.125000,0.885001,32,0,1000.000,2.223990,0.000000
22848,5,0.125000,0.694384,48,8,837.167,2.257315,0.000000
22848,6,0.125000,0.016078,46,45,36.304,0.246523,0.000000
22848,7,0.125000,0.000000,34,34,11.029,0.309510,0.000000
22896,0,0.125000,0.929373,28,0,1000.000,0.287929,0.000000
22896,1,0.125000,0.916687,42,0,1000.000,0.737609,0.000000
22896,2,0.125000,0.907439,34,0,1000.000,1.228425,0.000000
22896,3,0.125000,0.897527,39,0,1000.000,1.716217,0.000000
22896,4,0.125000,0.885919,33,0,1000.000,2.187484,0.000000
22896,5,0.125000,0.495070,50,20,608.240,1.722778,0.000000
22896,6,0.125000,0.010280,36,35,41.611,0.298711,0.000000
22896,7,0.125000,0.000000,46,46,11.696,0.274915,0.000000
22944,0,0.125000,0.925035,21,0,1000.000,0.251260,0.000000
22944,1,0.125000,0.913597,45,0,1000.000,0.744907,0.000000
22944,2,0.125000,0.912263,28,0,1000.000,1.219365,0.000000
22944,3,0.125000,0.903924,27,0,1000.000,1.741655,0.000000
22944,4,0.125000,0.888879,42,0,1000.000,2.214038,0.000000
22944,5,0.125000,0.601104,48,13,734.958,2.031795,0.000000
22944,6,0.125000,0.015350,34,33,43.353,0.270605,0.000000
22944,7,0.125000,0.000000,46,46,10.370,0.296593,0.000000
22992,0,0.125000,0.930267,27,0,1000.000,0.301649,0.000000
22992,1,0.125000,0.910760,33,0,1000.000,0.726524,0.000000
22992,2,0.125000,0.903838,22,0,1000.000,1.208212,0.000000
22992,3,0.125000,0.900679,27,0,1000.000,1.767165,0.000000
22992,4,0.125000,0.882805,37,0,1000.000,2.270368,0.000000
22992,5,0.125000,0.617783,36,9,755.833,2.089166,0.000000
22992,6,0.125000,0.011021,36,35,41.722,0.291438,0.000000
22992,7,0.125000,0.000000,32,32,10.625,0.304247,0.000000
23040,0,0.125000,0.927149,34,0,1000.000,0.264431,0.000000
23040,1,0.125000,0.903584,33,1,971.939,0.702845,0.000000
23040,2,0.125000,0.902926,41,0,1000.000,1.259933,0.000000
23040,3,0.125000,0.898445,34,0,1000.000,1.728358,0.000000
23040,4,0.125000,0.865073,40,1,975.575,2.190870,0.000000
23040,5,0.125000,0.577804,39,12,698.846,1.978485,0.000000
23040,6,0.125000,0.071353,39,34,140.026,0.568099,0.000000
23040,7,0.125000,0.000000,33,33,10.394,0.280929,0.000000
23088,0,0.125000,0.930279,24,1,999.583,0.213881,0.000000
23088,1,0.125000,0.911782,26,0,1000.000,0.799843,0.000000
23088,2,0.125000,0.906203,25,0,1000.000,1.283605,0.000000
23088,3,0.125000,0.901964,37,0,1000.000,1.737032,0.000000
23088,4,0.125000,0.887855,19,0,1000.000,2.242353,0.000000
23088,5,0.125000,0.648943,32,7,786.406,2.186156,0.000000
23088,6,0.125000,0.041611,34,32,72.794,0.397288,0.000000
23088,7,0.125000,0.000000,30,30,10.767,0.282063,0.000000
23136,0,0.125000,0.930187,26,0,1000.000,0.213896,0.000000
23136,1,0.125000,0.912107,29,0,1000.000,0.730151,0.000000
23136,2,0.125000,0.907123,30,0,1000.000,1.248221,0.000000
23136,3,0.125000,0.897969,30,0,1000.000,1.725559,0.000000
23136,4,0.125000,0.886078,36,0,1000.000,2.192526,0.000000
23136,5,0.125000,0.682784,40,7,828.775,2.226548,0.000000
23136,6,0.125000,0.000000,34,34,16.353,0.286423,0.000000
23136,7,0.125000,0.000000,41,41,11.098,0.266994,0.000000
23184,0,0.125000,0.930152,26,0,1000.000,0.307933,0.000000
23184,1,0.125000,0.915110,36,0,1000.000,0.767700,0.000000
23184,2,0.125000,0.908453,31,0,1000.000,1.231123,0.000000
23184,3,0.125000,0.896658,29,0,1000.000,1.730276,0.000000
23184,4,0.125000,0.884414,28,0,1000.000,2.163535,0.000000
23184,5,0.125000,0.599934,35,10,721.400,2.033022,0.000000
23184,6,0.125000,0.000000,24,24,13.333,0.185334,0.000000
23184,7,0.125000,0.000000,32,32,10.906,0.306405,0.000000
23232,0,0.125000,0.928074,20,0,1000.000,0.262366,0.000000
23232,1,0.125000,0.916053,41,0,1000.000,0.741487,0.000000
23232,2,0.125000,0.904718,32,0,1000.000,1.245837,0.000000
23232,3,0.125000,0.901573,30,0,1000.000,1.687149,0.000000
23232,4,0.125000,0.882142,41,0,1000.000,2.251006,0.000000
23232,5,0.125000,0.673061,26,5,812.308,2.198560,0.000000
23232,6,0.125000,0.000000,27,27,15.481,0.237626,0.000000
23232,7,0.125000,0.000000,32,32,10.469,0.276378,0.000000
23280,0,0.125000,0.928710,34,0,1000.000,0.298251,0.000000
23280,1,0.125000,0.915255,38,0,1000.000,0.753749,0.000000
23280,2,0.125000,0.905763,26,0,1000.000,1.306750,0.000000
23280,3,0.125000,0.897999,28,0,1000.000,1.731748,0.000000
23280,4,0.125000,0.882769,39,0,1000.000,2.228422,0.000000
23280,5,0.125000,0.673071,38,7,819.316,2.193723,0.000000
23280,6,0.125000,0.054830,26,24,90.346,0.414247,0.000000
23280,7,0.125000,0.000000,36,36,11.417,0.258225,0.000000
23328,0,0.125000,0.930590,25,0,1000.000,0.290651,0.000000
23328,1,0.125000,0.913537,25,0,1000.000,0.738806,0.000000
23328,2,0.125000,0.904322,26,0,1000.000,1.205596,0.000000
23328,3,0.125000,0.899241,33,0,1000.000,1.738683,0.000000
23328,4,0.125000,0.882927,28,0,1000.000,2.208171,0.000000
23328,5,0.125000,0.712019,35,5,859.971,2.283158,0.000000
23328,6,0.125000,0.010597,41,40,38.512,0.260636,0.000000
23328,7,0.125000,0.000000,28,28,11.071,0.270055,0.000000
23376,0,0.125000,0.929096,28,1,993.714,0.307050,0.000000
23376,1,0.125000,0.914133,36,0,1000.000,0.756184,0.000000
23376,2,0.125000,0.907977,26,0,1000.000,1.239363,0.000000
23376,3,0.125000,0.905534,26,0,1000.000,1.760499,0.000000
23376,4,0.125000,0.842199,25,1,960.960,2.160879,0.000000
23376,5,0.125000,0.685071,38,7,820.289,2.253928,0.000000
23376,6,0.125000,0.000000,42,42,16.976,0.250981,0.000000
23376,7,0.125000,0.000000,32,32,11.031,0.262854,0.000000
23424,0,0.125000,0.925186,34,0,1000.000,0.269722,0.000000
23424,1,0.125000,0.917342,33,0,1000.000,0.757287,0.000000
23424,2,0.125000,0.907773,44,0,1000.000,1.235786,0.000000
23424,3,0.125000,0.900139,34,0,1000.000,1.725764,0.000000
23424,4,0.125000,0.883772,24,0,1000.000,2.187824,0.000000
23424,5,0.125000,0.598204,42,12,720.643,2.010911,0.000000
23424,6,0.125000,0.088421,31,27,142.323,0.620503,0.000000
23424,7,0.125000,0.000000,35,35,11.029,0.254372,0.000000
23472,0,0.125000,0.928585,32,0,1000.000,0.314849,0.000000
23472,1,0.125000,0.916124,33,0,1000.000,0.759476,0.000000
23472,2,0.125000,0.909585,37,0,1000.000,1.268969,0.000000
23472,3,0.125000,0.903766,27,0,1000.000,1.724160,0.000000
23472,4,0.125000,0.887030,40,0,1000.000,2.190408,0.000000
23472,5,0.125000,0.674108,36,7,810.611,2.225626,0.000000
23472,6,0.125000,0.033539,44,42,58.568,0.340704,0.000000
23472,7,0.125000,0.000000,32,32,11.406,0.228517,0.000000
23520,0,0.125000,0.928318,41,0,1000.000,0.290224,0.000000
23520,1,0.125000,0.914270,35,0,1000.000,0.743368,0.000000
23520,2,0.125000,0.908999,35,0,1000.000,1.223497,0.000000
23520,3,0.125000,0.902607,36,0,1000.000,1.733426,0.000000
23520,4,0.125000,0.882787,27,0,1000.000,2.193077,0.000000
23520,5,0.125000,0.730003,31,4,873.613,2.313097,0.000000
23520,6,0.125000,0.000000,29,29,16.069,0.357976,0.000000
23520,7,0.125000,0.000000,39,39,10.872,0.276284,0.000000
23568,0,0.125000,0.930195,31,0,1000.000,0.273546,0.000000
23568,1,0.125000,0.915409,29,0,1000.000,0.722903,0.000000
23568,2,0.125000,0.907146,45,0,1000.000,1.235669,0.000000
23568,3,0.125000,0.901189,39,0,1000.000,1.724536,0.000000
23568,4,0.125000,0.888325,39,0,1000.000,2.208063,0.000000
23568,5,0.125000,0.720068,41,6,857.171,2.313690,0.000000
23568,6,0.125000,0.028017,40,38,63.750,0.337054,0.000000
23568,7,0.125000,0.000000,52,52,10.788,0.292169,0.000000
23616,0,0.125000,0.926184,29,0,1000.000,0.253970,0.000000
23616,1,0.125000,0.916852,31,0,1000.000,0.720176,0.000000
23616,2,0.125000,0.908282,44,0,1000.000,1.203080,0.000000
23616,3,0.125000,0.902751,41,0,1000.000,1.734279,0.000000
23616,4,0.125000,0.888360,24,0,1000.000,2.202908,0.000000
23616,5,0.125000,0.646175,35,8,775.686,2.061019,0.000000
23616,6,0.125000,0.057294,31,28,109.613,0.448114,0.000000
23616,7,0.125000,0.000000,39,39,10.897,0.290722,0.000000
23664,0,0.125000,0.924517,40,2,991.450,0.257925,0.000000
23664,1,0.125000,0.914383,26,0,1000.000,0.749156,0.000000
23664,2,0.125000,0.906193,44,0,1000.000,1.247093,0.000000
23664,3,0.125000,0.897618,37,0,1000.000,1.700395,0.000000
23664,4,0.125000,0.887819,42,0,1000.000,2.204326,0.000000
23664,5,0.125000,0.732186,22,3,866.636,2.326096,0.000000
23664,6,0.125000,0.019727,37,36,41.324,0.270102,0.000000
23664,7,0.125000,0.000000,30,30,11.033,0.283893,0.000000
23712,0,0.125000,0.931500,44,0,1000.000,0.258054,0.000000
23712,1,0.125000,0.915291,41,0,1000.000,0.769312,0.000000
23712,2,0.125000,0.905457,22,0,1000.000,1.237830,0.000000
23712,3,0.125000,0.906282,25,0,1000.000,1.791169,0.000000
23712,4,0.125000,0.886743,40,0,1000.000,2.198303,0.000000
23712,5,0.125000,0.567570,34,11,685.618,1.957970,0.000000
23712,6,0.125000,0.037825,34,32,74.912,0.404549,0.000000
23712,7,0.125000,0.000000,43,43,11.279,0.305750,0.000000
23760,0,0.125000,0.929367,42,0,1000.000,0.255090,0.000000
23760,1,0.125000,0.915216,27,0,1000.000,0.706235,0.000000
23760,2,0.125000,0.906926,40,0,1000.000,1.218316,0.000000
23760,3,0.125000,0.899442,33,0,1000.000,1.702032,0.000000
23760,4,0.125000,0.884898,33,0,1000.000,2.219012,0.000000
23760,5,0.125000,0.711757,26,4,849.038,2.270918,0.000000
23760,6,0.125000,0.017014,35,34,43.400,0.255659,0.000000
23760,7,0.125000,0.000000,37,37,11.054,0.341060,0.000000
23808,0,0.125000,0.927884,37,0,1000.000,0.267610,0.000000
23808,1,0.125000,0.915483,37,0,1000.000,0.755764,0.000000
23808,2,0.125000,0.907696,43,0,1000.000,1.251244,0.000000
23808,3,0.125000,0.899810,44,0,1000.000,1.702720,0.000000
23808,4,0.125000,0.890296,32,0,1000.000,2.229903,0.000000
23808,5,0.125000,0.637397,41,10,761.219,2.068054,0.000000
23808,6,0.125000,0.026902,47,45,56.830,0.315743,0.000000
23808,7,0.125000,0.000000,32,32,10.969,0.306716,0.000000
23856,0,0.125000,0.924986,34,1,978.500,0.255066,0.000000
23856,1,0.125000,0.916912,46,0,1000.000,0.762165,0.000000
23856,2,0.125000,0.908872,41,0,1000.000,1.219906,0.000000
23856,3,0.125000,0.900395,33,0,1000.000,1.746076,0.000000
23856,4,0.125000,0.884907,36,0,1000.000,2.230914,0.000000
23856,5,0.125000,0.683003,32,6,816.156,2.234282,0.000000
23856,6,0.125000,0.013605,33,32,45.667,0.321033,0.000000
23856,7,0.125000,0.000000,35,35,11.400,0.321364,0.000000
23904,0,0.125000,0.932013,45,0,1000.000,0.321269,0.000000
23904,1,0.125000,0.914934,38,1,981.368,0.760159,0.000000
23904,2,0.125000,0.908447,37,0,1000.000,1.242502,0.000000
23904,3,0.125000,0.903024,40,0,1000.000,1.760559,0.000000
23904,4,0.125000,0.889775,31,0,1000.000,2.224267,0.000000
23904,5,0.125000,0.611696,29,8,730.586,2.045899,0.000000
23904,6,0.125000,0.000000,38,38,15.237,0.208807,0.000000
23904,7,0.125000,0.000000,37,37,11.432,0.304108,0.000000
23952,0,0.125000,0.927965,35,1,989.029,0.272403,0.000000
23952,1,0.125000,0.920928,27,0,1000.000,0.797899,0.000000
23952,2,0.125000,0.906824,43,0,1000.000,1.245163,0.000000
23952,3,0.125000,0.899742,44,0,1000.000,1.741488,0.000000
23952,4,0.125000,0.887985,34,0,1000.000,2.231942,0.000000
23952,5,0.125000,0.677673,27,5,819.556,2.280432,0.000000
23952,6,0.125000,0.009880,46,45,37.261,0.277944,0.000000
23952,7,0.125000,0.000000,34,34,11.265,0.283508,0.000000
24000,0,0.125000,0.930210,34,0,1000.000,0.276319,0.000000
24000,1,0.125000,0.916794,27,0,1000.000,0.795387,0.000000
24000,2,0.125000,0.908991,34,0,1000.000,1.250850,0.000000
24000,3,0.125000,0.900166,31,0,1000.000,1.718381,0.000000
24000,4,0.125000,0.881826,29,0,1000.000,2.219185,0.000000
24000,5,0.125000,0.472568,32,14,571.844,1.609131,0.000000
24000,6,0.125000,0.000000,27,27,15.889,0.245624,0.000000
24000,7,0.125000,0.000000,29,29,11.034,0.269226,0.000000
24048,0,0.125000,0.932180,35,0,1000.000,0.302235,0.000000
24048,1,0.125000,0.915590,31,0,1000.000,0.751179,0.000000
24048,2,0.125000,0.906928,45,0,1000.000,1.238268,0.000000
24048,3,0.125000,0.902373,25,0,1000.000,1.734144,0.000000
24048,4,0.125000,0.888310,44,0,1000.000,2.218028,0.000000
24048,5,0.125000,0.576180,36,11,700.417,1.934848,0.000000
24048,6,0.125000,0.000000,31,31,12.774,0.181294,0.000000
24048,7,0.125000,0.000000,26,26,10.577,0.311216,0.000000
24096,0,0.125000,0.928130,31,0,1000.000,0.258737,0.000000
24096,1,0.125000,0.915453,25,0,1000.000,0.769829,0.000000
24096,2,0.125000,0.910757,35,0,1000.000,1.242190,0.000000
24096,3,0.125000,0.901628,31,0,1000.000,1.757144,0.000000
24096,4,0.125000,0.889305,22,0,1000.000,2.228588,0.000000
24096,5,0.125000,0.692497,21,3,860.429,2.276488,0.000000
24096,6,0.125000,0.000000,21,21,14.857,0.211633,0.000000
24096,7,0.125000,0.000000,26,26,11.231,0.299075,0.000000
24144,0,0.125000,0.931658,37,0,1000.000,0.270057,0.000000
24144,1,0.125000,0.917565,34,0,1000.000,0.763415,0.000000
24144,2,0.125000,0.910397,31,0,1000.000,1.239048,0.000000
24144,3,0.125000,0.900046,29,0,1000.000,1.724185,0.000000
24144,4,0.125000,0.883457,29,0,1000.000,2.221906,0.000000
24144,5,0.125000,0.585513,30,9,707.433,1.976020,0.000000
24144,6,0.125000,0.000000,25,25,14.040,0.195009,0.000000
24144,7,0.125000,0.000000,28,28,11.500,0.285958,0.000000
24192,0,0.125000,0.930158,33,0,1000.000,0.259418,0.000000
24192,1,0.125000,0.913705,29,0,1000.000,0.768821,0.000000
24192,2,0.125000,0.904882,45,1,990.533,1.254714,0.000000
24192,3,0.125000,0.900810,32,0,1000.000,1.712687,0.000000
24192,4,0.125000,0.885308,30,0,1000.000,2.276879,0.000000
24192,5,0.125000,0.659725,25,5,803.800,2.185942,0.000000
24192,6,0.125000,0.016445,34,33,43.971,0.311378,0.000000
24192,7,0.125000,0.000000,28,28,11.107,0.286266,0.000000
24240,0,0.125000,0.930416,27,0,1000.000,0.237627,0.000000
24240,1,0.125000,0.915012,27,0,1000.000,0.724778,0.000000
24240,2,0.125000,0.911185,29,0,1000.000,1.247246,0.000000
24240,3,0.125000,0.900619,28,0,1000.000,1.714564,0.000000
24240,4,0.125000,0.882657,29,0,1000.000,2.240998,0.000000
24240,5,0.125000,0.752128,38,4,898.263,2.426287,0.000000
24240,6,0.125000,0.076794,26,23,129.423,0.522643,0.000000
24240,7,0.125000,0.000000,23,23,11.522,0.248828,0.000000
24288,0,0.125000,0.927218,32,1,976.219,0.291288,0.000000
24288,1,0.125000,0.916096,34,0,1000.000,0.754266,0.000000
24288,2,0.125000,0.912680,38,0,1000.000,1.221998,0.000000
24288,3,0.125000,0.902306,31,0,1000.000,1.720973,0.000000
24288,4,0.125000,0.884109,38,0,1000.000,2.219366,0.000000
24288,5,0.125000,0.759674,30,3,902.467,2.434859,0.000000
24288,6,0.125000,0.046698,25,23,95.280,0.446801,0.000000
24288,7,0.125000,0.000000,25,25,11.040,0.287185,0.000000
24336,0,0.125000,0.929919,28,0,1000.000,0.277320,0.000000
24336,1,0.125000,0.917644,31,0,1000.000,0.759319,0.000000
24336,2,0.125000,0.907069,23,0,1000.000,1.247020,0.000000
24336,3,0.125000,0.902363,29,0,1000.000,1.710366,0.000000
24336,4,0.125000,0.882487,22,0,1000.000,2.232974,0.000000
24336,5,0.125000,0.641078,25,6,765.760,2.148756,0.000000
24336,6,0.125000,0.000000,28,28,14.857,0.229684,0.000000
24336,7,0.125000,0.000000,27,27,11.963,0.324003,0.000000
24384,0,0.125000,0.933789,29,0,1000.000,0.292435,0.000000
24384,1,0.125000,0.918448,33,0,1000.000,0.754135,0.000000
24384,2,0.125000,0.908867,38,0,1000.000,1.206226,0.000000
24384,3,0.125000,0.901699,34,0,1000.000,1.667561,0.000000
24384,4,0.125000,0.884853,31,0,1000.000,2.205432,0.000000
24384,5,0.125000,0.586371,27,8,711.889,2.008692,0.000000
24384,6,0.125000,0.025614,29,28,49.103,0.388105,0.000000
24384,7,0.125000,0.000000,32,32,10.719,0.310129,0.000000
24432,0,0.125000,0.928913,30,0,1000.000,0.270947,0.000000
24432,1,0.125000,0.919548,24,0,1000.000,0.721301,0.000000
24432,2,0.125000,0.905073,33,0,1000.000,1.228226,0.000000
24432,3,0.125000,0.902055,31,0,1000.000,1.694384,0.000000
24432,4,0.125000,0.885430,38,0,1000.000,2.184010,0.000000
24432,5,0.125000,0.624266,51,14,749.275,2.016347,0.000000
24432,6,0.125000,0.089622,40,34,162.350,0.613993,0.000000
24432,7,0.125000,0.000000,42,42,10.786,0.264746,0.000000
24480,0,0.125000,0.931517,40,0,1000.000,0.268135,0.000000
24480,1,0.125000,0.918329,37,0,1000.000,0.761881,0.000000
24480,2,0.125000,0.907874,32,0,1000.000,1.226318,0.000000
24480,3,0.125000,0.900916,41,0,1000.000,1.720013,0.000000
24480,4,0.125000,0.882742,25,0,1000.000,2.145736,0.000000
24480,5,0.125000,0.557292,34,11,682.912,1.840865,0.000000
24480,6,0.125000,0.020834,37,36,40.297,0.249270,0.000000
24480,7,0.125000,0.000000,44,44,10.614,0.264544,0.000000
24528,0,0.125000,0.930518,36,0,1000.000,0.285036,0.000000
24528,1,0.125000,0.919501,26,0,1000.000,0.772340,0.000000
24528,2,0.125000,0.909946,36,0,1000.000,1.216208,0.000000
24528,3,0.125000,0.899335,45,0,1000.000,1.688854,0.000000
24528,4,0.125000,0.883797,31,0,1000.000,2.185572,0.000000
24528,5,0.125000,0.674352,42,8,813.833,2.175004,0.000000
24528,6,0.125000,0.055446,35,32,100.343,0.458462,0.000000
24528,7,0.125000,0.000000,34,34,11.088,0.308445,0.000000
24576,0,0.125000,0.930937,40,0,1000.000,0.270706,0.000000
24576,1,0.125000,0.912202,35,0,1000.000,0.749579,0.000000
24576,2,0.125000,0.908028,38,0,1000.000,1.244571,0.000000
24576,3,0.125000,0.899916,32,0,1000.000,1.719420,0.000000
24576,4,0.125000,0.882096,38,0,1000.000,2.192963,0.000000
24576,5,0.125000,0.689366,39,7,825.231,2.234473,0.000000
24576,6,0.125000,0.058619,28,26,95.893,0.472044,0.000000
24576,7,0.125000,0.000000,40,40,10.750,0.286255,0.000000
24624,0,0.125000,0.932856,30,0,1000.000,0.240815,0.000000
24624,1,0.125000,0.918559,35,0,1000.000,0.777619,0.000000
24624,2,0.125000,0.907545,33,0,1000.000,1.207179,0.000000
24624,3,0.125000,0.902052,29,0,1000.000,1.747488,0.000000
24624,4,0.125000,0.885048,33,0,1000.000,2.202940,0.000000
24624,5,0.125000,0.731812,29,5,869.207,2.258224,0.000000
24624,6,0.125000,0.000000,30,30,15.233,0.181590,0.000000
24624,7,0.125000,0.000000,37,37,10.919,0.259529,0.000000
24672,0,0.125000,0.917605,38,1,976.605,0.255902,0.000000
24672,1,0.125000,0.917980,27,0,1000.000,0.766232,0.000000
24672,2,0.125000,0.881601,27,1,965.482,1.236667,0.000000
24672,3,0.125000,0.899443,47,0,1000.000,1.753122,0.000000
24672,4,0.125000,0.882957,44,0,1000.000,2.245682,0.000000
24672,5,0.125000,0.710072,32,6,835.594,2.280676,0.000000
24672,6,0.125000,0.044730,30,28,82.167,0.458464,0.000000
24672,7,0.125000,0.000000,28,28,11.643,0.283894,0.000000
24720,0,0.125000,0.932418,36,0,1000.000,0.304071,0.000000
24720,1,0.125000,0.921630,27,0,1000.000,0.749783,0.000000
24720,2,0.125000,0.909591,33,0,1000.000,1.261090,0.000000
24720,3,0.125000,0.899767,35,0,1000.000,1.722502,0.000000
24720,4,0.125000,0.887214,35,0,1000.000,2.243145,0.000000
24720,5,0.125000,0.615717,44,11,755.159,2.105336,0.000000
24720,6,0.125000,0.045418,32,30,77.594,0.377544,0.000000
24720,7,0.125000,0.000000,32,32,11.094,0.287248,0.000000
24768,0,0.125000,0.930841,33,0,1000.000,0.307041,0.000000
24768,1,0.125000,0.918906,28,0,1000.000,0.718618,0.000000
24768,2,0.125000,0.908948,36,0,1000.000,1.244242,0.000000
24768,3,0.125000,0.902384,34,0,1000.000,1.726757,0.000000
24768,4,0.125000,0.884845,34,0,1000.000,2.238437,0.000000
24768,5,0.125000,0.718167,35,5,861.143,2.373589,0.000000
24768,6,0.125000,0.013188,35,34,46.429,0.388016,0.000000
24768,7,0.125000,0.000000,45,45,10.822,0.259620,0.000000
24816,0,0.125000,0.931586,44,0,1000.000,0.290429,0.000000
24816,1,0.125000,0.916386,31,0,1000.000,0.768627,0.000000
24816,2,0.125000,0.909532,37,0,1000.000,1.251816,0.000000
24816,3,0.125000,0.904327,44,0,1000.000,1.741139,0.000000
24816,4,0.125000,0.890578,47,0,1000.000,2.267585,0.000000
24816,5,0.125000,0.640502,38,9,768.921,2.143393,0.000000
24816,6,0.125000,0.000000,34,34,16.412,0.238788,0.000000
24816,7,0.125000,0.000000,42,42,11.024,0.263570,0.000000
24864,0,0.125000,0.931638,27,0,1000.000,0.287147,0.000000
24864,1,0.125000,0.920746,48,0,1000.000,0.736998,0.000000
24864,2,0.125000,0.914422,28,0,1000.000,1.258537,0.000000
24864,3,0.125000,0.903544,38,0,1000.000,1.734279,0.000000
24864,4,0.125000,0.889438,37,0,1000.000,2.256931,0.000000
24864,5,0.125000,0.584760,40,12,706.500,1.972808,0.000000
24864,6,0.125000,0.047853,49,45,95.551,0.451202,0.000000
24864,7,0.125000,0.000000,34,34,11.088,0.271482,0.000000
24912,0,0.125000,0.931243,32,1,997.469,0.299225,0.000000
24912,1,0.125000,0.918112,38,0,1000.000,0.742209,0.000000
24912,2,0.125000,0.911048,43,0,1000.000,1.252647,0.000000
24912,3,0.125000,0.904605,40,0,1000.000,1.760767,0.000000
24912,4,0.125000,0.882385,32,0,1000.000,2.213872,0.000000
24912,5,0.125000,0.788801,32,2,938.500,2.488252,0.000000
24912,6,0.125000,0.041910,31,29,80.129,0.452873,0.000000
24912,7,0.125000,0.000000,30,30,10.400,0.292037,0.000000
24960,0,0.125000,0.935315,29,0,1000.000,0.264788,0.000000
24960,1,0.125000,0.920196,38,0,1000.000,0.759758,0.000000
24960,2,0.125000,0.908267,29,0,1000.000,1.213718,0.000000
24960,3,0.125000,0.901901,40,0,1000.000,1.722240,0.000000
24960,4,0.125000,0.885960,36,0,1000.000,2.253060,0.000000
24960,5,0.125000,0.599680,28,8,720.179,2.002552,0.000000
24960,6,0.125000,0.000000,39,39,15.436,0.204006,0.000000
24960,7,0.125000,0.000000,40,40,11.250,0.286241,0.000000
25008,0,0.125000,0.931388,43,0,1000.000,0.277408,0.000000
25008,1,0.125000,0.915973,41,0,1000.000,0.729813,0.000000
25008,2,0.125000,0.910935,28,0,1000.000,1.238056,0.000000
25008,3,0.125000,0.901792,26,0,1000.000,1.730177,0.000000
25008,4,0.125000,0.884478,29,0,1000.000,2.215425,0.000000
25008,5,0.125000,0.680014,33,6,821.697,2.262788,0.000000
25008,6,0.125000,0.016871,31,30,47.065,0.308372,0.000000
25008,7,0.125000,0.000000,25,25,10.960,0.292292,0.000000
25056,0,0.125000,0.931829,28,0,1000.000,0.255912,0.000000
25056,1,0.125000,0.918779,34,0,1000.000,0.758397,0.000000
25056,2,0.125000,0.910657,30,0,1000.000,1.202152,0.000000
25056,3,0.125000,0.899418,42,0,1000.000,1.732504,0.000000
25056,4,0.125000,0.884978,34,0,1000.000,2.216513,0.000000
25056,5,0.125000,0.719836,34,5,855.794,2.296639,0.000000
25056,6,0.125000,0.019314,34,33,44.618,0.339800,0.000000
25056,7,0.125000,0.000000,26,26,10.808,0.299607,0.000000
25104,0,0.125000,0.931257,30,0,1000.000,0.304147,0.000000
25104,1,0.125000,0.916864,26,0,1000.000,0.764824,0.000000
25104,2,0.125000,0.913953,25,0,1000.000,1.228413,0.000000
25104,3,0.125000,0.901346,26,0,1000.000,1.728745,0.000000
25104,4,0.125000,0.893970,20,0,1000.000,2.189345,0.000000
25104,5,0.125000,0.684855,32,6,815.844,2.196365,0.000000
25104,6,0.125000,0.000000,34,34,15.294,0.286631,0.000000
25104,7,0.125000,0.000000,31,31,10.742,0.309145,0.000000
25152,0,0.125000,0.933592,40,0,1000.000,0.245157,0.000000
25152,1,0.125000,0.917945,39,0,1000.000,0.752588,0.000000
25152,2,0.125000,0.909529,27,0,1000.000,1.211564,0.000000
25152,3,0.125000,0.900445,31,0,1000.000,1.746834,0.000000
25152,4,0.125000,0.890037,34,0,1000.000,2.234255,0.000000
25152,5,0.125000,0.597356,25,7,726.440,1.992735,0.000000
25152,6,0.125000,0.000000,35,35,13.971,0.209905,0.000000
25152,7,0.125000,0.000000,21,21,10.714,0.354557,0.000000
25200,0,0.125000,0.929480,38,0,1000.000,0.257807,0.000000
25200,1,0.125000,0.917789,28,0,1000.000,0.763183,0.000000
25200,2,0.125000,0.911359,28,0,1000.000,1.244902,0.000000
25200,3,0.125000,0.901064,38,0,1000.000,1.741359,0.000000
25200,4,0.125000,0.885988,24,0,1000.000,2.275445,0.000000
25200,5,0.125000,0.766027,35,3,915.829,2.434917,0.000000
25200,6,0.125000,0.036347,30,28,79.667,0.477408,0.000000
25200,7,0.125000,0.000000,38,38,10.395,0.331135,0.000000
25248,0,0.125000,0.929708,31,0,1000.000,0.290248,0.000000
25248,1,0.125000,0.917529,26,0,1000.000,0.754355,0.000000
25248,2,0.125000,0.911413,21,0,1000.000,1.236261,0.000000
25248,3,0.125000,0.900659,35,0,1000.000,1.749632,0.000000
25248,4,0.125000,0.885730,34,0,1000.000,2.232672,0.000000
25248,5,0.125000,0.685792,27,5,817.741,2.202814,0.000000
25248,6,0.125000,0.054815,45,41,102.044,0.454522,0.000000
25248,7,0.125000,0.000000,42,42,10.524,0.305880,0.000000
25296,0,0.125000,0.928001,29,0,1000.000,0.260428,0.000000
25296,1,0.125000,0.913810,39,0,1000.000,0.793176,0.000000
25296,2,0.125000,0.907123,35,0,1000.000,1.278424,0.000000
25296,3,0.125000,0.898713,30,0,1000.000,1.722371,0.000000
25296,4,0.125000,0.884272,31,0,1000.000,2.248703,0.000000
25296,5,0.125000,0.596532,38,11,716.105,1.961230,0.000000
25296,6,0.125000,0.059107,42,38,108.714,0.447089,0.000000
25296,7,0.125000,0.000000,28,28,10.714,0.335696,0.000000
25344,0,0.125000,0.927498,22,0,1000.000,0.246050,0.000000
25344,1,0.125000,0.919931,17,0,1000.000,0.792646,0.000000
25344,2,0.125000,0.909482,30,0,1000.000,1.217298,0.000000
25344,3,0.125000,0.899648,36,0,1000.000,1.735514,0.000000
25344,4,0.125000,0.884143,36,0,1000.000,2.180111,0.000000
25344,5,0.125000,0.751741,22,2,910.545,2.443469,0.000000
25344,6,0.125000,0.000000,23,23,14.087,0.246517,0.000000
25344,7,0.125000,0.000000,38,38,10.289,0.306504,0.000000
25392,0,0.125000,0.924874,24,0,1000.000,0.288387,0.000000
25392,1,0.125000,0.918089,34,0,1000.000,0.769648,0.000000
25392,2,0.125000,0.908192,27,0,1000.000,1.264832,0.000000
25392,3,0.125000,0.901827,34,0,1000.000,1.737710,0.000000
25392,4,0.125000,0.885025,44,0,1000.000,2.222604,0.000000
25392,5,0.125000,0.745178,24,3,877.625,2.385109,0.000000
25392,6,0.125000,0.031909,40,38,64.775,0.344353,0.000000
25392,7,0.125000,0.000000,27,27,10.815,0.326722,0.000000
25440,0,0.125000,0.925918,25,0,1000.000,0.303440,0.000000
25440,1,0.125000,0.914778,35,0,1000.000,0.731210,0.000000
25440,2,0.125000,0.912545,31,0,1000.000,1.260240,0.000000
25440,3,0.125000,0.899410,34,0,1000.000,1.747048,0.000000
25440,4,0.125000,0.886838,39,0,1000.000,2.225387,0.000000
25440,5,0.125000,0.728817,36,5,864.194,2.340661,0.000000
25440,6,0.125000,0.000000,21,21,14.619,0.223049,0.000000
25440,7,0.125000,0.000000,29,29,11.310,0.320150,0.000000
25488,0,0.125000,0.930843,31,0,1000.000,0.263035,0.000000
25488,1,0.125000,0.917947,48,0,1000.000,0.753130,0.000000
25488,2,0.125000,0.906363,34,0,1000.000,1.247753,0.000000
25488,3,0.125000,0.905046,26,0,1000.000,1.724953,0.000000
25488,4,0.125000,0.885324,41,0,1000.000,2.208446,0.000000
25488,5,0.125000,0.781901,28,2,930.000,2.438578,0.000000
25488,6,0.125000,0.024839,27,26,51.630,0.309808,0.000000
25488,7,0.125000,0.000000,30,30,11.300,0.278338,0.000000
25536,0,0.125000,0.930173,34,0,1000.000,0.249562,0.000000
25536,1,0.125000,0.916539,32,0,1000.000,0.706174,0.000000
25536,2,0.125000,0.910834,30,0,1000.000,1.260525,0.000000
25536,3,0.125000,0.902061,36,0,1000.000,1.715871,0.000000
25536,4,0.125000,0.889324,32,0,1000.000,2.254286,0.000000
25536,5,0.125000,0.696082,36,6,836.722,2.268004,0.000000
25536,6,0.125000,0.081262,27,24,125.407,0.563130,0.000000
25536,7,0.125000,0.000000,34,34,11.059,0.278960,0.000000
25584,0,0.125000,0.927668,40,0,1000.000,0.294100,0.000000
25584,1,0.125000,0.917637,29,0,1000.000,0.744005,0.000000
25584,2,0.125000,0.910993,39,0,1000.000,1.225495,0.000000
25584,3,0.125000,0.901265,42,0,1000.000,1.722372,0.000000
25584,4,0.125000,0.885562,39,0,1000.000,2.164486,0.000000
25584,5,0.125000,0.816612,32,1,969.781,2.628937,0.000000
25584,6,0.125000,0.017483,34,33,43.912,0.280913,0.000000
25584,7,0.125000,0.000000,27,27,10.926,0.256703,0.000000
25632,0,0.125000,0.928285,29,0,1000.000,0.220744,0.000000
25632,1,0.125000,0.918742,33,0,1000.000,0.759211,0.000000
25632,2,0.125000,0.912704,27,0,1000.000,1.220863,0.000000
25632,3,0.125000,0.905629,36,0,1000.000,1.727278,0.000000
25632,4,0.125000,0.891415,41,0,1000.000,2.209139,0.000000
25632,5,0.125000,0.731715,30,4,869.067,2.322018,0.000000
25632,6,0.125000,0.018742,34,33,44.529,0.346226,0.000000
25632,7,0.125000,0.000000,34,34,10.676,0.276252,0.000000
25680,0,0.125000,0.931232,34,0,1000.000,0.268924,0.000000
25680,1,0.125000,0.916891,43,0,1000.000,0.761609,0.000000
25680,2,0.125000,0.913098,26,0,1000.000,1.232728,0.000000
25680,3,0.125000,0.904383,43,0,1000.000,1.735342,0.000000
25680,4,0.125000,0.886834,29,0,1000.000,2.233856,0.000000
25680,5,0.125000,0.673337,42,9,791.024,2.199830,0.000000
25680,6,0.125000,0.025895,43,41,61.884,0.411234,0.000000
25680,7,0.125000,0.000000,46,46,10.522,0.287777,0.000000
25728,0,0.125000,0.927101,25,0,1000.000,0.269507,0.000000
25728,1,0.125000,0.918461,30,0,1000.000,0.774435,0.000000
25728,2,0.125000,0.912717,40,0,1000.000,1.248494,0.000000
25728,3,0.125000,0.905047,37,0,1000.000,1.734520,0.000000
25728,4,0.125000,0.888948,38,0,1000.000,2.223506,0.000000
25728,5,0.125000,0.651981,36,8,781.750,2.125952,0.000000
25728,6,0.125000,0.010600,44,43,36.591,0.223702,0.000000
25728,7,0.125000,0.000000,30,30,10.967,0.328489,0.000000
25776,0,0.125000,0.929473,26,0,1000.000,0.270227,0.000000
25776,1,0.125000,0.916306,39,0,1000.000,0.748697,0.000000
25776,2,0.125000,0.910535,29,0,1000.000,1.219204,0.000000
25776,3,0.125000,0.905984,41,0,1000.000,1.692399,0.000000
25776,4,0.125000,0.889493,31,0,1000.000,2.178410,0.000000
25776,5,0.125000,0.716784,40,6,853.850,2.342471,0.000000
25776,6,0.125000,0.021785,35,34,44.143,0.327462,0.000000
25776,7,0.125000,0.000000,33,33,11.182,0.316033,0.000000
25824,0,0.125000,0.932780,37,0,1000.000,0.258706,0.000000
25824,1,0.125000,0.918209,42,0,1000.000,0.768056,0.000000
25824,2,0.125000,0.911750,27,0,1000.000,1.208685,0.000000
25824,3,0.125000,0.902341,47,0,1000.000,1.688023,0.000000
25824,4,0.125000,0.887919,44,0,1000.000,2.197799,0.000000
25824,5,0.125000,0.712209,25,4,843.640,2.232091,0.000000
25824,6,0.125000,0.066987,36,32,125.111,0.523945,0.000000
25824,7,0.125000,0.000000,22,22,10.727,0.308416,0.000000
25872,0,0.125000,0.929090,35,0,1000.000,0.287675,0.000000
25872,1,0.125000,0.916535,40,0,1000.000,0.720836,0.000000
25872,2,0.125000,0.912321,37,0,1000.000,1.224171,0.000000
25872,3,0.125000,0.904325,36,0,1000.000,1.689636,0.000000
25872,4,0.125000,0.887665,39,0,1000.000,2.190943,0.000000
25872,5,0.125000,0.651494,48,11,775.167,2.085007,0.000000
25872,6,0.125000,0.019446,35,34,42.886,0.295035,0.000000
25872,7,0.125000,0.000000,28,28,11.393,0.327671,0.000000
25920,0,0.125000,0.930745,44,0,1000.000,0.277409,0.000000
25920,1,0.125000,0.916436,36,1,998.861,0.747823,0.000000
25920,2,0.125000,0.909637,41,0,1000.000,1.204200,0.000000
25920,3,0.125000,0.900165,30,0,1000.000,1.699317,0.000000
25920,4,0.125000,0.889144,31,0,1000.000,2.198807,0.000000
25920,5,0.125000,0.614918,30,8,738.600,1.994770,0.000000
25920,6,0.125000,0.038109,36,34,68.556,0.310487,0.000000
25920,7,0.125000,0.000000,38,38,11.053,0.280842,0.000000
25968,0,0.125000,0.933016,30,0,1000.000,0.290674,0.000000
25968,1,0.125000,0.917535,24,0,1000.000,0.718517,0.000000
25968,2,0.125000,0.907871,33,0,1000.000,1.235105,0.000000
25968,3,0.125000,0.906390,37,0,1000.000,1.718529,0.000000
25968,4,0.125000,0.889635,37,0,1000.000,2.176358,0.000000
25968,5,0.125000,0.654288,45,10,782.844,2.122267,0.000000
25968,6,0.125000,0.054771,24,22,97.958,0.431802,0.000000
25968,7,0.125000,0.000000,25,25,11.720,0.316355,0.000000
26016,0,0.125000,0.930081,36,0,1000.000,0.283342,0.000000
26016,1,0.125000,0.915149,27,0,1000.000,0.721059,0.000000
26016,2,0.125000,0.907690,28,0,1000.000,1.202295,0.000000
26016,3,0.125000,0.903784,37,0,1000.000,1.690615,0.000000
26016,4,0.125000,0.886767,39,0,1000.000,2.209684,0.000000
26016,5,0.125000,0.751047,26,3,887.538,2.421847,0.000000
26016,6,0.125000,0.000000,22,22,15.182,0.183748,0.000000
26016,7,0.125000,0.000000,28,28,11.393,0.271236,0.000000
26064,0,0.125000,0.930292,29,0,1000.000,0.274020,0.000000
26064,1,0.125000,0.916587,38,0,1000.000,0.760494,0.000000
26064,2,0.125000,0.910152,37,0,1000.000,1.236939,0.000000
26064,3,0.125000,0.905418,34,0,1000.000,1.727119,0.000000
26064,4,0.125000,0.891249,36,0,1000.000,2.225343,0.000000
26064,5,0.125000,0.701703,23,4,831.783,2.339854,0.000000
26064,6,0.125000,0.030101,36,34,69.944,0.409686,0.000000
26064,7,0.125000,0.000000,37,37,11.514,0.307402,0.000000
26112,0,0.125000,0.931186,29,0,1000.000,0.278215,0.000000
26112,1,0.125000,0.916444,29,0,1000.000,0.776856,0.000000
26112,2,0.125000,0.913575,29,0,1000.000,1.288609,0.000000
26112,3,0.125000,0.901728,26,0,1000.000,1.712962,0.000000
26112,4,0.125000,0.893152,26,0,1000.000,2.248708,0.000000
26112,5,0.125000,0.677179,29,6,796.897,2.173233,0.000000
26112,6,0.125000,0.033304,24,23,55.458,0.322936,0.000000
26112,7,0.125000,0.000000,16,16,11.500,0.283708,0.000000
26160,0,0.125000,0.929008,38,0,1000.000,0.245442,0.000000
26160,1,0.125000,0.916512,27,0,1000.000,0.744222,0.000000
26160,2,0.125000,0.913114,27,0,1000.000,1.244918,0.000000
26160,3,0.125000,0.907077,37,0,1000.000,1.726154,0.000000
26160,4,0.125000,0.890372,28,0,1000.000,2.245212,0.000000
26160,5,0.125000,0.718385,25,4,843.000,2.285044,0.000000
26160,6,0.125000,0.023545,32,31,46.406,0.322320,0.000000
26160,7,0.125000,0.000000,24,24,11.458,0.303134,0.000000
26208,0,0.125000,0.932075,24,0,1000.000,0.265118,0.000000
26208,1,0.125000,0.913195,38,0,1000.000,0.739154,0.000000
26208,2,0.125000,0.907503,29,0,1000.000,1.251350,0.000000
26208,3,0.125000,0.905157,33,0,1000.000,1.729490,0.000000
26208,4,0.125000,0.887233,29,0,1000.000,2.234042,0.000000
26208,5,0.125000,0.596613,30,9,706.533,1.966391,0.000000
26208,6,0.125000,0.000000,25,25,15.680,0.168426,0.000000
26208,7,0.125000,0.000000,33,33,11.636,0.317919,0.000000
26256,0,0.125000,0.929960,31,0,1000.000,0.255387,0.000000
26256,1,0.125000,0.918673,28,0,1000.000,0.765290,0.000000
26256,2,0.125000,0.909124,32,0,1000.000,1.284116,0.000000
26256,3,0.125000,0.901685,37,0,1000.000,1.710452,0.000000
26256,4,0.125000,0.889814,29,0,1000.000,2.211704,0.000000
26256,5,0.125000,0.785086,37,3,920.730,2.490408,0.000000
26256,6,0.125000,0.085185,25,22,133.880,0.628582,0.000000
26256,7,0.125000,0.000000,30,30,10.500,0.257218,0.000000
26304,0,0.125000,0.930256,37,0,1000.000,0.292061,0.000000
26304,1,0.125000,0.919838,29,0,1000.000,0.750488,0.000000
26304,2,0.125000,0.910387,39,0,1000.000,1.248551,0.000000
26304,3,0.125000,0.904539,32,0,1000.000,1.703406,0.000000
26304,4,0.125000,0.889646,26,0,1000.000,2.204071,0.000000
26304,5,0.125000,0.612846,37,10,736.054,2.050733,0.000000
26304,6,0.125000,0.036212,37,35,67.703,0.367467,0.000000
26304,7,0.125000,0.000000,33,33,10.515,0.274043,0.000000
26352,0,0.125000,0.928970,30,0,1000.000,0.279801,0.000000
26352,1,0.125000,0.915862,23,0,1000.000,0.759447,0.000000
26352,2,0.125000,0.906182,32,0,1000.000,1.208243,0.000000
26352,3,0.125000,0.901966,23,0,1000.000,1.722424,0.000000
26352,4,0.125000,0.886549,22,0,1000.000,2.176413,0.000000
26352,5,0.125000,0.630672,36,9,755.472,2.087405,0.000000
26352,6,0.125000,0.025747,19,18,66.368,0.293168,0.000000
26352,7,0.125000,0.000000,24,24,10.667,0.308197,0.000000
26400,0,0.125000,0.929613,30,0,1000.000,0.278759,0.000000
26400,1,0.125000,0.916227,33,0,1000.000,0.774329,0.000000
26400,2,0.125000,0.907726,35,0,1000.000,1.222564,0.000000
26400,3,0.125000,0.904285,37,0,1000.000,1.706035,0.000000
26400,4,0.125000,0.888103,33,0,1000.000,2.206849,0.000000
26400,5,0.125000,0.746031,32,4,877.938,2.351318,0.000000
26400,6,0.125000,0.041930,28,26,85.429,0.396755,0.000000
26400,7,0.125000,0.000000,30,30,10.467,0.283478,0.000000
26448,0,0.125000,0.932510,41,0,1000.000,0.272555,0.000000
26448,1,0.125000,0.917803,30,0,1000.000,0.767958,0.000000
26448,2,0.125000,0.907295,29,0,1000.000,1.266389,0.000000
26448,3,0.125000,0.903533,46,0,1000.000,1.717730,0.000000
26448,4,0.125000,0.889072,25,0,1000.000,2.227520,0.000000
26448,5,0.125000,0.637865,35,8,775.543,2.040806,0.000000
26448,6,0.125000,0.038013,35,33,70.457,0.334026,0.000000
26448,7,0.125000,0.000000,48,48,10.646,0.292991,0.000000
26496,0,0.125000,0.932134,30,0,1000.000,0.291857,0.000000
26496,1,0.125000,0.914020,46,0,1000.000,0.780285,0.000000
26496,2,0.125000,0.909120,31,0,1000.000,1.270378,0.000000
26496,3,0.125000,0.905602,38,0,1000.000,1.753476,0.000000
26496,4,0.125000,0.888235,24,0,1000.000,2.207675,0.000000
26496,5,0.125000,0.660486,29,6,797.276,2.149941,0.000000
26496,6,0.125000,0.015159,30,29,49.467,0.316174,0.000000
26496,7,0.125000,0.000000,35,35,11.143,0.248819,0.000000
26544,0,0.125000,0.929081,28,0,1000.000,0.272948,0.000000
26544,1,0.125000,0.916515,35,0,1000.000,0.764778,0.000000
26544,2,0.125000,0.911767,42,0,1000.000,1.267728,0.000000
26544,3,0.125000,0.902303,31,0,1000.000,1.749599,0.000000
26544,4,0.125000,0.887524,38,0,1000.000,2.232141,0.000000
26544,5,0.125000,0.766016,33,3,910.788,2.414668,0.000000
26544,6,0.125000,0.022649,32,31,46.500,0.356513,0.000000
26544,7,0.125000,0.000000,36,36,11.500,0.274101,0.000000
26592,0,0.125000,0.928911,43,0,1000.000,0.284844,0.000000
26592,1,0.125000,0.919018,30,0,1000.000,0.740763,0.000000
26592,2,0.125000,0.910543,37,0,1000.000,1.242344,0.000000
26592,3,0.125000,0.902645,25,0,1000.000,1.747380,0.000000
26592,4,0.125000,0.890343,42,0,1000.000,2.228017,0.000000
26592,5,0.125000,0.759551,38,4,899.816,2.437353,0.000000
26592,6,0.125000,0.011973,38,37,40.711,0.283774,0.000000
26592,7,0.125000,0.000000,42,42,11.143,0.287177,0.000000
26640,0,0.125000,0.932279,36,0,1000.000,0.271553,0.000000
26640,1,0.125000,0.915238,29,0,1000.000,0.747457,0.000000
26640,2,0.125000,0.909892,23,0,1000.000,1.226103,0.000000
26640,3,0.125000,0.904565,44,0,1000.000,1.709293,0.000000
26640,4,0.125000,0.888876,30,0,1000.000,2.191989,0.000000
26640,5,0.125000,0.717710,28,4,860.250,2.295903,0.000000
26640,6,0.125000,0.041940,32,30,77.375,0.443903,0.000000
26640,7,0.125000,0.000000,28,28,10.857,0.248369,0.000000
26688,0,0.125000,0.929355,38,0,1000.000,0.262449,0.000000
26688,1,0.125000,0.917590,29,0,1000.000,0.761171,0.000000
26688,2,0.125000,0.911724,39,0,1000.000,1.251158,0.000000
26688,3,0.125000,0.903079,38,0,1000.000,1.720486,0.000000
26688,4,0.125000,0.880563,37,0,1000.000,2.190070,0.000000
26688,5,0.125000,0.723427,40,6,855.200,2.376704,0.000000
26688,6,0.125000,0.016654,31,30,48.097,0.310277,0.000000
26688,7,0.125000,0.000000,38,38,11.474,0.240409,0.000000
26736,0,0.125000,0.931347,38,0,1000.000,0.271624,0.000000
26736,1,0.125000,0.919950,38,0,1000.000,0.754609,0.000000
26736,2,0.125000,0.909904,39,0,1000.000,1.225947,0.000000
26736,3,0.125000,0.903766,28,0,1000.000,1.717728,0.000000
26736,4,0.125000,0.889418,24,0,1000.000,2.225393,0.000000
26736,5,0.125000,0.653178,35,8,777.829,2.188023,0.000000
26736,6,0.125000,0.028515,52,50,53.404,0.331533,0.000000
26736,7,0.125000,0.000000,27,27,10.926,0.276705,0.000000
26784,0,0.125000,0.930644,44,0,1000.000,0.270718,0.000000
26784,1,0.125000,0.917264,36,0,1000.000,0.748165,0.000000
26784,2,0.125000,0.911347,42,0,1000.000,1.193494,0.000000
26784,3,0.125000,0.901661,32,0,1000.000,1.709626,0.000000
26784,4,0.125000,0.885917,36,0,1000.000,2.196038,0.000000
26784,5,0.125000,0.793090,29,2,932.310,2.514425,0.000000
26784,6,0.125000,0.038872,28,26,84.857,0.420851,0.000000
26784,7,0.125000,0.000000,50,50,11.360,0.245711,0.000000
26832,0,0.125000,0.932968,26,0,1000.000,0.223548,0.000000
26832,1,0.125000,0.915578,53,0,1000.000,0.746733,0.000000
26832,2,0.125000,0.906883,36,0,1000.000,1.216214,0.000000
26832,3,0.125000,0.903577,39,0,1000.000,1.686106,0.000000
26832,4,0.125000,0.887974,29,0,1000.000,2.253013,0.000000
26832,5,0.125000,0.763320,24,2,920.167,2.509464,0.000000
26832,6,0.125000,0.020796,33,32,43.879,0.244079,0.000000
26832,7,0.125000,0.000000,39,39,10.667,0.253779,0.000000
26880,0,0.125000,0.929615,40,0,1000.000,0.284103,0.000000
26880,1,0.125000,0.918940,36,0,1000.000,0.797660,0.000000
26880,2,0.125000,0.910660,37,0,1000.000,1.252603,0.000000
26880,3,0.125000,0.898546,45,0,1000.000,1.708144,0.000000
26880,4,0.125000,0.886827,45,0,1000.000,2.217893,0.000000
26880,5,0.125000,0.734673,23,3,872.565,2.386613,0.000000
26880,6,0.125000,0.041164,35,33,71.343,0.346058,0.000000
26880,7,0.125000,0.000000,44,44,10.818,0.273885,0.000000
26928,0,0.125000,0.931098,32,0,1000.000,0.288901,0.000000
26928,1,0.125000,0.917869,37,0,1000.000,0.765453,0.000000
26928,2,0.125000,0.910536,41,0,1000.000,1.268670,0.000000
26928,3,0.125000,0.904338,35,0,1000.000,1.713884,0.000000
26928,4,0.125000,0.866340,38,1,975.368,2.190057,0.000000
26928,5,0.125000,0.694949,33,6,822.212,2.237751,0.000000
26928,6,0.125000,0.008721,45,44,37.000,0.264424,0.000000
26928,7,0.125000,0.000000,34,34,11.029,0.262441,0.000000
26976,0,0.125000,0.930334,49,0,1000.000,0.278627,0.000000
26976,1,0.125000,0.919170,34,0,1000.000,0.778153,0.000000
26976,2,0.125000,0.914740,34,0,1000.000,1.265892,0.000000
26976,3,0.125000,0.902008,36,0,1000.000,1.724374,0.000000
26976,4,0.125000,0.891788,25,0,1000.000,2.211893,0.000000
26976,5,0.125000,0.678154,36,7,810.056,2.238661,0.000000
26976,6,0.125000,0.000000,38,38,15.658,0.242965,0.000000
26976,7,0.125000,0.000000,40,40,11.100,0.239991,0.000000
27024,0,0.125000,0.927333,29,0,1000.000,0.283417,0.000000
27024,1,0.125000,0.916273,28,0,1000.000,0.737414,0.000000
27024,2,0.125000,0.912755,33,0,1000.000,1.198766,0.000000
27024,3,0.125000,0.906275,28,0,1000.000,1.745317,0.000000
27024,4,0.125000,0.888412,36,0,1000.000,2.200196,0.000000
27024,5,0.125000,0.713676,20,3,853.350,2.305819,0.000000
27024,6,0.125000,0.088241,32,27,169.594,0.620375,0.000000
27024,7,0.125000,0.000000,31,31,11.226,0.264161,0.000000
27072,0,0.125000,0.931583,40,0,1000.000,0.271252,0.000000
27072,1,0.125000,0.917795,19,0,1000.000,0.736020,0.000000
27072,2,0.125000,0.914156,34,0,1000.000,1.246895,0.000000
27072,3,0.125000,0.904753,28,0,1000.000,1.721811,0.000000
27072,4,0.125000,0.892717,33,0,1000.000,2.199055,0.000000
27072,5,0.125000,0.759785,37,4,894.270,2.413109,0.000000
27072,6,0.125000,0.045046,32,30,77.500,0.428778,0.000000
27072,7,0.125000,0.000000,28,28,11.286,0.223282,0.000000
27120,0,0.125000,0.928295,33,0,1000.000,0.275872,0.000000
27120,1,0.125000,0.923137,32,0,1000.000,0.740019,0.000000
27120,2,0.125000,0.909110,27,0,1000.000,1.267980,0.000000
27120,3,0.125000,0.901057,21,0,1000.000,1.661795,0.000000
27120,4,0.125000,0.890275,24,0,1000.000,2.241217,0.000000
27120,5,0.125000,0.851458,23,0,1000.000,2.685543,0.000000
27120,6,0.125000,0.054161,25,23,94.520,0.469129,0.000000
27120,7,0.125000,0.000000,24,24,10.792,0.242268,0.000000
27168,0,0.125000,0.928500,34,0,1000.000,0.278541,0.000000
27168,1,0.125000,0.919584,38,0,1000.000,0.734851,0.000000
27168,2,0.125000,0.911242,29,0,1000.000,1.231116,0.000000
27168,3,0.125000,0.899516,34,0,1000.000,1.747386,0.000000
27168,4,0.125000,0.889259,30,0,1000.000,2.227261,0.000000
27168,5,0.125000,0.715110,27,4,854.778,2.322660,0.000000
27168,6,0.125000,0.000000,23,23,14.826,0.182099,0.000000
27168,7,0.125000,0.000000,26,26,10.577,0.267282,0.000000
27216,0,0.125000,0.930854,27,0,1000.000,0.261975,0.000000
27216,1,0.125000,0.917808,22,0,1000.000,0.744371,0.000000
27216,2,0.125000,0.910719,27,0,1000.000,1.253274,0.000000
27216,3,0.125000,0.901530,31,0,1000.000,1.686583,0.000000
27216,4,0.125000,0.891004,38,0,1000.000,2.271137,0.000000
27216,5,0.125000,0.744901,35,4,889.914,2.349230,0.000000
27216,6,0.125000,0.039615,30,28,81.133,0.430282,0.000000
27216,7,0.125000,0.000000,28,28,10.964,0.294676,0.000000
27264,0,0.125000,0.929928,32,0,1000.000,0.285938,0.000000
27264,1,0.125000,0.915118,34,0,1000.000,0.759669,0.000000
27264,2,0.125000,0.910031,34,0,1000.000,1.238700,0.000000
27264,3,0.125000,0.900290,32,0,1000.000,1.706211,0.000000
27264,4,0.125000,0.895208,26,0,1000.000,2.211052,0.000000
27264,5,0.125000,0.673635,35,7,804.000,2.172655,0.000000
27264,6,0.125000,0.000000,24,24,15.083,0.209013,0.000000
27264,7,0.125000,0.000000,27,27,11.296,0.259120,0.000000
27312,0,0.125000,0.928386,36,0,1000.000,0.320779,0.000000
27312,1,0.125000,0.917764,30,0,1000.000,0.739786,0.000000
27312,2,0.125000,0.912598,26,0,1000.000,1.279845,0.000000
27312,3,0.125000,0.905871,48,0,1000.000,1.740598,0.000000
27312,4,0.125000,0.892281,31,0,1000.000,2.224291,0.000000
27312,5,0.125000,0.704142,25,4,843.400,2.251253,0.000000
27312,6,0.125000,0.034774,37,35,68.405,0.350838,0.000000
27312,7,0.125000,0.000000,41,41,11.195,0.233229,0.000000
27360,0,0.125000,0.929765,31,0,1000.000,0.285187,0.000000
27360,1,0.125000,0.915773,20,0,1000.000,0.730663,0.000000
27360,2,0.125000,0.913024,26,0,1000.000,1.218060,0.000000
27360,3,0.125000,0.902940,34,0,1000.000,1.709577,0.000000
27360,4,0.125000,0.889677,28,0,1000.000,2.240965,0.000000
27360,5,0.125000,0.719496,26,4,848.923,2.240872,0.000000
27360,6,0.125000,0.051411,25,23,94.520,0.433575,0.000000
27360,7,0.125000,0.000000,25,25,10.600,0.260267,0.000000
27408,0,0.125000,0.933094,32,0,1000.000,0.264690,0.000000
27408,1,0.125000,0.919097,33,0,1000.000,0.741368,0.000000
27408,2,0.125000,0.910264,29,0,1000.000,1.207276,0.000000
27408,3,0.125000,0.906381,27,0,1000.000,1.708012,0.000000
27408,4,0.125000,0.888515,43,0,1000.000,2.208336,0.000000
27408,5,0.125000,0.727075,28,4,860.321,2.345856,0.000000
27408,6,0.125000,0.018811,33,32,45.576,0.326046,0.000000
27408,7,0.125000,0.000000,26,26,10.846,0.252996,0.000000
27456,0,0.125000,0.931150,30,0,1000.000,0.283675,0.000000
27456,1,0.125000,0.919670,31,0,1000.000,0.768669,0.000000
27456,2,0.125000,0.913793,30,0,1000.000,1.220975,0.000000
27456,3,0.125000,0.904655,39,0,1000.000,1.668655,0.000000
27456,4,0.125000,0.891367,31,0,1000.000,2.217664,0.000000
27456,5,0.125000,0.732037,39,6,855.667,2.284764,0.000000
27456,6,0.125000,0.000000,38,38,14.526,0.199824,0.000000
27456,7,0.125000,0.000000,47,47,10.447,0.263138,0.000000
27504,0,0.125000,0.935174,37,0,1000.000,0.282219,0.000000
27504,1,0.125000,0.921103,31,0,1000.000,0.736510,0.000000
27504,2,0.125000,0.911981,31,0,1000.000,1.226833,0.000000
27504,3,0.125000,0.904689,36,0,1000.000,1.736188,0.000000
27504,4,0.125000,0.893073,41,0,1000.000,2.229007,0.000000
27504,5,0.125000,0.737936,27,3,891.518,2.425192,0.000000
27504,6,0.125000,0.119862,21,17,202.905,0.690456,0.000000
27504,7,0.125000,0.000000,34,34,11.206,0.230708,0.000000
27552,0,0.125000,0.927752,34,1,989.500,0.278628,0.000000
27552,1,0.125000,0.915711,39,0,1000.000,0.733410,0.000000
27552,2,0.125000,0.912221,27,0,1000.000,1.251533,0.000000
27552,3,0.125000,0.902663,42,0,1000.000,1.712258,0.000000
27552,4,0.125000,0.887420,34,0,1000.000,2.199084,0.000000
27552,5,0.125000,0.731519,31,4,873.194,2.343584,0.000000
27552,6,0.125000,0.027445,30,29,49.533,0.341951,0.000000
27552,7,0.125000,0.000000,36,36,10.667,0.252540,0.000000
27600,0,0.125000,0.927411,36,0,1000.000,0.237544,0.000000
27600,1,0.125000,0.917017,32,0,1000.000,0.769482,0.000000
27600,2,0.125000,0.910796,45,0,1000.000,1.232022,0.000000
27600,3,0.125000,0.903720,36,0,1000.000,1.722247,0.000000
27600,4,0.125000,0.865068,32,1,970.062,2.209498,0.000000
27600,5,0.125000,0.845212,36,0,1000.000,2.644746,0.000000
27600,6,0.125000,0.052459,46,42,101.500,0.464665,0.000000
27600,7,0.125000,0.000000,44,44,11.023,0.246657,0.000000
27648,0,0.125000,0.933726,28,0,1000.000,0.262642,0.000000
27648,1,0.125000,0.920570,33,0,1000.000,0.743355,0.000000
27648,2,0.125000,0.909826,19,0,1000.000,1.236242,0.000000
27648,3,0.125000,0.901919,34,0,1000.000,1.721519,0.000000
27648,4,0.125000,0.892542,36,0,1000.000,2.207641,0.000000
27648,5,0.125000,0.722896,42,6,860.429,2.374367,0.000000
27648,6,0.125000,0.073962,26,23,129.808,0.571862,0.000000
27648,7,0.125000,0.000000,26,26,10.731,0.253272,0.000000
27696,0,0.125000,0.931249,30,0,1000.000,0.270489,0.000000
27696,1,0.125000,0.920411,30,1,997.533,0.722537,0.000000
27696,2,0.125000,0.912374,29,0,1000.000,1.262790,0.000000
27696,3,0.125000,0.905726,33,0,1000.000,1.725112,0.000000
27696,4,0.125000,0.891248,50,0,1000.000,2.253611,0.000000
27696,5,0.125000,0.848572,26,0,1000.000,2.717170,0.000000
27696,6,0.125000,0.060031,47,42,120.000,0.518210,0.000000
27696,7,0.125000,0.000000,38,38,10.421,0.257149,0.000000
27744,0,0.125000,0.929434,32,0,1000.000,0.286471,0.000000
27744,1,0.125000,0.917540,30,0,1000.000,0.760044,0.000000
27744,2,0.125000,0.907053,30,0,1000.000,1.226917,0.000000
27744,3,0.125000,0.903357,38,0,1000.000,1.733829,0.000000
27744,4,0.125000,0.891898,38,0,1000.000,2.233133,0.000000
27744,5,0.125000,0.748581,36,4,890.972,2.404403,0.000000
27744,6,0.125000,0.018664,34,33,46.559,0.423969,0.000000
27744,7,0.125000,0.000000,39,39,10.308,0.295591,0.000000
27792,0,0.125000,0.933416,38,0,1000.000,0.266090,0.000000
27792,1,0.125000,0.919496,37,1,985.513,0.753143,0.000000
27792,2,0.125000,0.912234,47,0,1000.000,1.244213,0.000000
27792,3,0.125000,0.902946,35,0,1000.000,1.757580,0.000000
27792,4,0.125000,0.891691,33,0,1000.000,2.266512,0.000000
27792,5,0.125000,0.677886,46,9,808.913,2.233206,0.000000
27792,6,0.125000,0.033132,23,22,56.391,0.322777,0.000000
27792,7,0.125000,0.000000,24,24,10.125,0.279849,0.000000
27840,0,0.125000,0.929560,38,0,1000.000,0.284346,0.000000
27840,1,0.125000,0.916481,31,0,1000.000,0.735640,0.000000
27840,2,0.125000,0.908213,28,0,1000.000,1.232286,0.000000
27840,3,0.125000,0.905676,33,0,1000.000,1.726508,0.000000
27840,4,0.125000,0.892400,39,0,1000.000,2.214464,0.000000
27840,5,0.125000,0.664551,33,7,792.758,2.157143,0.000000
27840,6,0.125000,0.067670,46,41,123.957,0.525791,0.000000
27840,7,0.125000,0.000000,42,42,10.643,0.264565,0.000000
27888,0,0.125000,0.931626,35,0,1000.000,0.268278,0.000000
27888,1,0.125000,0.919494,47,0,1000.000,0.742376,0.000000
27888,2,0.125000,0.915218,30,0,1000.000,1.213204,0.000000
27888,3,0.125000,0.904712,40,0,1000.000,1.725260,0.000000
27888,4,0.125000,0.864781,34,1,971.794,2.205374,0.000000
27888,5,0.125000,0.779177,36,3,918.306,2.454571,0.000000
27888,6,0.125000,0.030858,57,54,66.211,0.339297,0.000000
27888,7,0.125000,0.000000,36,36,10.528,0.279800,0.000000
27936,0,0.125000,0.930749,36,0,1000.000,0.240763,0.000000
27936,1,0.125000,0.918096,38,0,1000.000,0.715831,0.000000
27936,2,0.125000,0.914712,36,0,1000.000,1.220612,0.000000
27936,3,0.125000,0.904222,40,0,1000.000,1.713051,0.000000
27936,4,0.125000,0.888977,25,0,1000.000,2.232343,0.000000
27936,5,0.125000,0.761292,32,3,908.688,2.439009,0.000000
27936,6,0.125000,0.014116,31,30,47.226,0.333512,0.000000
27936,7,0.125000,0.000000,33,33,10.242,0.271918,0.000000
27984,0,0.125000,0.934118,40,0,1000.000,0.278106,0.000000
27984,1,0.125000,0.916435,26,0,1000.000,0.772229,0.000000
27984,2,0.125000,0.910266,28,0,1000.000,1.218730,0.000000
27984,3,0.125000,0.904189,45,0,1000.000,1.726380,0.000000
27984,4,0.125000,0.888960,31,0,1000.000,2.173841,0.000000
27984,5,0.125000,0.673005,45,9,803.911,2.183371,0.000000
27984,6,0.125000,0.054580,37,34,93.216,0.409877,0.000000
27984,7,0.125000,0.000000,45,45,10.178,0.289935,0.000000
28032,0,0.125000,0.930669,33,0,1000.000,0.200194,0.000000
28032,1,0.125000,0.920454,36,0,1000.000,0.721598,0.000000
28032,2,0.125000,0.910913,23,0,1000.000,1.239658,0.000000
28032,3,0.125000,0.903537,29,0,1000.000,1.729909,0.000000
28032,4,0.125000,0.895983,26,0,1000.000,2.231397,0.000000
28032,5,0.125000,0.731793,46,6,872.174,2.325769,0.000000
28032,6,0.125000,0.011608,40,39,38.725,0.295846,0.000000
28032,7,0.125000,0.000000,31,31,10.258,0.281929,0.000000
28080,0,0.125000,0.930904,28,0,1000.000,0.230486,0.000000
28080,1,0.125000,0.918063,31,0,1000.000,0.732160,0.000000
28080,2,0.125000,0.909928,38,0,1000.000,1.227132,0.000000
28080,3,0.125000,0.909317,27,0,1000.000,1.720084,0.000000
28080,4,0.125000,0.893354,32,0,1000.000,2.221918,0.000000
28080,5,0.125000,0.850096,27,0,1000.000,2.647693,0.000000
28080,6,0.125000,0.028517,36,34,69.444,0.374422,0.000000
28080,7,0.125000,0.000000,38,38,10.579,0.266940,0.000000
28128,0,0.125000,0.928700,29,1,978.207,0.296324,0.000000
28128,1,0.125000,0.915667,30,0,1000.000,0.758067,0.000000
28128,2,0.125000,0.909876,28,0,1000.000,1.240417,0.000000
28128,3,0.125000,0.903978,24,0,1000.000,1.753597,0.000000
28128,4,0.125000,0.891064,35,0,1000.000,2.207000,0.000000
28128,5,0.125000,0.667188,24,5,795.458,2.095948,0.000000
28128,6,0.125000,0.110604,18,15,178.500,0.693303,0.000000
28128,7,0.125000,0.000000,31,31,10.581,0.273315,0.000000
28176,0,0.125000,0.930942,30,0,1000.000,0.243962,0.000000
28176,1,0.125000,0.919985,33,0,1000.000,0.712440,0.000000
28176,2,0.125000,0.915909,30,0,1000.000,1.204270,0.000000
28176,3,0.125000,0.869994,27,1,964.037,1.678894,0.000000
28176,4,0.125000,0.890561,35,0,1000.000,2.222728,0.000000
28176,5,0.125000,0.703893,31,5,841.871,2.260366,0.000000
28176,6,0.125000,0.020773,29,28,49.655,0.329235,0.000000
28176,7,0.125000,0.000000,31,31,10.613,0.281024,0.000000
28224,0,0.125000,0.931942,33,1,995.727,0.281378,0.000000
28224,1,0.125000,0.919040,33,0,1000.000,0.745680,0.000000
28224,2,0.125000,0.906516,20,0,1000.000,1.246269,0.000000
28224,3,0.125000,0.906942,34,0,1000.000,1.725075,0.000000
28224,4,0.125000,0.891208,27,0,1000.000,2.243931,0.000000
28224,5,0.125000,0.796290,35,2,944.200,2.537177,0.000000
28224,6,0.125000,0.020003,25,24,54.960,0.276832,0.000000
28224,7,0.125000,0.000000,41,41,10.805,0.243462,0.000000
28272,0,0.125000,0.928989,34,0,1000.000,0.306373,0.000000
28272,1,0.125000,0.915631,36,0,1000.000,0.749503,0.000000
28272,2,0.125000,0.913779,27,0,1000.000,1.251330,0.000000
28272,3,0.125000,0.904772,41,0,1000.000,1.725353,0.000000
28272,4,0.125000,0.889386,27,0,1000.000,2.210779,0.000000
28272,5,0.125000,0.803493,18,1,945.611,2.545532,0.000000
28272,6,0.125000,0.022099,30,29,49.333,0.364028,0.000000
28272,7,0.125000,0.000000,26,26,10.577,0.301551,0.000000
28320,0,0.125000,0.927697,22,0,1000.000,0.271214,0.000000
28320,1,0.125000,0.916875,37,0,1000.000,0.755227,0.000000
28320,2,0.125000,0.910370,30,0,1000.000,1.214770,0.000000
28320,3,0.125000,0.904173,40,0,1000.000,1.723213,0.000000
28320,4,0.125000,0.890744,30,0,1000.000,2.249528,0.000000
28320,5,0.125000,0.770352,35,3,916.086,2.430628,0.000000
28320,6,0.125000,0.023131,30,29,46.700,0.295217,0.000000
28320,7,0.125000,0.000000,33,33,10.576,0.275523,0.000000
28368,0,0.125000,0.930450,23,0,1000.000,0.256078,0.000000
28368,1,0.125000,0.919862,24,0,1000.000,0.742247,0.000000
28368,2,0.125000,0.913135,31,0,1000.000,1.220187,0.000000
28368,3,0.125000,0.907267,34,0,1000.000,1.709030,0.000000
28368,4,0.125000,0.886637,25,0,1000.000,2.210747,0.000000
28368,5,0.125000,0.746195,20,2,902.000,2.387075,0.000000
28368,6,0.125000,0.000000,38,38,14.526,0.229393,0.000000
28368,7,0.125000,0.000000,31,31,10.194,0.295828,0.000000
28416,0,0.125000,0.931734,37,0,1000.000,0.279533,0.000000
28416,1,0.125000,0.918788,34,0,1000.000,0.702003,0.000000
28416,2,0.125000,0.913162,35,0,1000.000,1.248091,0.000000
28416,3,0.125000,0.904467,26,0,1000.000,1.717863,0.000000
28416,4,0.125000,0.891194,34,0,1000.000,2.213316,0.000000
28416,5,0.125000,0.740511,25,3,882.320,2.346937,0.000000
28416,6,0.125000,0.041692,30,28,79.667,0.425232,0.000000
28416,7,0.125000,0.000000,26,26,10.654,0.297149,0.000000
28464,0,0.125000,0.925587,29,0,1000.000,0.309574,0.000000
28464,1,0.125000,0.918527,41,0,1000.000,0.758096,0.000000
28464,2,0.125000,0.910962,35,0,1000.000,1.218886,0.000000
28464,3,0.125000,0.908000,34,0,1000.000,1.696995,0.000000
28464,4,0.125000,0.891239,37,0,1000.000,2.195457,0.000000
28464,5,0.125000,0.714961,31,5,842.419,2.290595,0.000000
28464,6,0.125000,0.048654,37,34,94.838,0.476776,0.000000
28464,7,0.125000,0.000000,38,38,10.105,0.293395,0.000000
28512,0,0.125000,0.932532,39,0,1000.000,0.261057,0.000000
28512,1,0.125000,0.920170,35,0,1000.000,0.739926,0.000000
28512,2,0.125000,0.911474,34,0,1000.000,1.239848,0.000000
28512,3,0.125000,0.906463,35,0,1000.000,1.735956,0.000000
28512,4,0.125000,0.890190,39,0,1000.000,2.212318,0.000000
28512,5,0.125000,0.763066,29,3,898.931,2.424514,0.000000
28512,6,0.125000,0.037146,24,22,98.500,0.521078,0.000000
28512,7,0.125000,0.000000,32,32,10.375,0.355322,0.000000
28560,0,0.125000,0.932498,30,0,1000.000,0.302603,0.000000
28560,1,0.125000,0.918643,35,0,1000.000,0.758385,0.000000
28560,2,0.125000,0.917357,35,0,1000.000,1.211410,0.000000
28560,3,0.125000,0.906927,28,0,1000.000,1.695785,0.000000
28560,4,0.125000,0.892476,34,0,1000.000,2.198156,0.000000
28560,5,0.125000,0.752301,35,4,888.486,2.398360,0.000000
28560,6,0.125000,0.041036,30,28,80.067,0.393246,0.000000
28560,7,0.125000,0.000000,37,37,10.162,0.296856,0.000000
28608,0,0.125000,0.932274,44,1,996.727,0.270069,0.000000
28608,1,0.125000,0.917735,38,0,1000.000,0.711685,0.000000
28608,2,0.125000,0.914123,30,0,1000.000,1.193069,0.000000
28608,3,0.125000,0.905033,41,0,1000.000,1.724141,0.000000
28608,4,0.125000,0.889293,33,0,1000.000,2.180524,0.000000
28608,5,0.125000,0.736622,38,5,871.474,2.345245,0.000000
28608,6,0.125000,0.069212,34,30,129.559,0.472914,0.000000
28608,7,0.125000,0.000000,42,42,10.333,0.302270,0.000000
28656,0,0.125000,0.933412,31,0,1000.000,0.302496,0.000000
28656,1,0.125000,0.918593,40,0,1000.000,0.754137,0.000000
28656,2,0.125000,0.913781,27,0,1000.000,1.235565,0.000000
28656,3,0.125000,0.905052,29,0,1000.000,1.742310,0.000000
28656,4,0.125000,0.895706,29,0,1000.000,2.197780,0.000000
28656,5,0.125000,0.639099,33,8,762.485,2.024652,0.000000
28656,6,0.125000,0.017102,39,38,39.026,0.274669,0.000000
28656,7,0.125000,0.000000,36,36,10.139,0.313685,0.000000
28704,0,0.125000,0.928681,33,0,1000.000,0.278161,0.000000
28704,1,0.125000,0.921512,32,0,1000.000,0.755563,0.000000
28704,2,0.125000,0.912718,30,0,1000.000,1.224352,0.000000
28704,3,0.125000,0.906585,31,0,1000.000,1.693708,0.000000
28704,4,0.125000,0.892589,44,0,1000.000,2.190948,0.000000
28704,5,0.125000,0.763838,42,4,906.762,2.413109,0.000000
28704,6,0.125000,0.028366,44,42,58.955,0.316613,0.000000
28704,7,0.125000,0.000000,36,36,10.139,0.263769,0.000000
28752,0,0.125000,0.921160,44,2,970.773,0.304571,0.000000
28752,1,0.125000,0.918094,36,0,1000.000,0.731749,0.000000
28752,2,0.125000,0.909261,42,0,1000.000,1.218696,0.000000
28752,3,0.125000,0.904653,38,0,1000.000,1.709298,0.000000
28752,4,0.125000,0.891023,31,0,1000.000,2.204041,0.000000
28752,5,0.125000,0.685833,27,5,817.815,2.180581,0.000000
28752,6,0.125000,0.000000,28,28,14.857,0.173279,0.000000
28752,7,0.125000,0.000000,32,32,10.781,0.276037,0.000000
28800,0,0.125000,0.929670,32,0,1000.000,0.250252,0.000000
28800,1,0.125000,0.918977,37,0,1000.000,0.752194,0.000000
28800,2,0.125000,0.912602,38,0,1000.000,1.214678,0.000000
28800,3,0.125000,0.906242,40,0,1000.000,1.701288,0.000000
28800,4,0.125000,0.892866,34,0,1000.000,2.216542,0.000000
28800,5,0.125000,0.726713,36,5,863.972,2.360389,0.000000
28800,6,0.125000,0.000000,38,38,16.895,0.305197,0.000000
28800,7,0.125000,0.000000,34,34,10.882,0.252304,0.000000
28848,0,0.125000,0.928778,40,0,1000.000,0.246348,0.000000
28848,1,0.125000,0.919367,28,0,1000.000,0.746644,0.000000
28848,2,0.125000,0.910335,24,0,1000.000,1.250036,0.000000
28848,3,0.125000,0.906640,46,0,1000.000,1.730254,0.000000
28848,4,0.125000,0.891685,37,0,1000.000,2.209491,0.000000
28848,5,0.125000,0.689931,26,5,813.346,2.307988,0.000000
28848,6,0.125000,0.050138,40,37,89.050,0.387787,0.000000
28848,7,0.125000,0.000000,43,43,10.395,0.291075,0.000000
28896,0,0.125000,0.927366,36,0,1000.000,0.253916,0.000000
28896,1,0.125000,0.920240,42,0,1000.000,0.744260,0.000000
28896,2,0.125000,0.911686,35,0,1000.000,1.217533,0.000000
28896,3,0.125000,0.903654,42,0,1000.000,1.725627,0.000000
28896,4,0.125000,0.889497,40,0,1000.000,2.207829,0.000000
28896,5,0.125000,0.705302,42,7,837.190,2.260425,0.000000
28896,6,0.125000,0.028851,43,41,61.558,0.368517,0.000000
28896,7,0.125000,0.000000,36,36,10.417,0.257496,0.000000
28944,0,0.125000,0.933436,34,0,1000.000,0.251774,0.000000
28944,1,0.125000,0.914413,32,0,1000.000,0.729217,0.000000
28944,2,0.125000,0.912363,30,0,1000.000,1.194868,0.000000
28944,3,0.125000,0.908352,33,0,1000.000,1.684632,0.000000
28944,4,0.125000,0.890544,39,0,1000.000,2.184952,0.000000
28944,5,0.125000,0.783117,27,2,927.407,2.480615,0.000000
28944,6,0.125000,0.000000,26,26,15.615,0.306597,0.000000
28944,7,0.125000,0.000000,40,40,10.600,0.256475,0.000000
28992,0,0.125000,0.930565,39,0,1000.000,0.240928,0.000000
28992,1,0.125000,0.920736,15,0,1000.000,0.767185,0.000000
28992,2,0.125000,0.912889,38,0,1000.000,1.239807,0.000000
28992,3,0.125000,0.902776,34,0,1000.000,1.705780,0.000000
28992,4,0.125000,0.892538,45,0,1000.000,2.207686,0.000000
28992,5,0.125000,0.734754,37,5,867.784,2.355009,0.000000
28992,6,0.125000,0.069686,43,38,129.837,0.546919,0.000000
28992,7,0.125000,0.000000,30,30,11.100,0.286123,0.000000
29040,0,0.125000,0.929789,36,1,977.222,0.284518,0.000000
29040,1,0.125000,0.920247,34,0,1000.000,0.770398,0.000000
29040,2,0.125000,0.913308,41,0,1000.000,1.257781,0.000000
29040,3,0.125000,0.869213,28,1,967.036,1.670860,0.000000
29040,4,0.125000,0.891386,34,0,1000.000,2.214690,0.000000
29040,5,0.125000,0.732674,25,3,882.040,2.345144,0.000000
29040,6,0.125000,0.019571,36,35,43.000,0.343275,0.000000
29040,7,0.125000,0.000000,24,24,10.292,0.233363,0.000000
29088,0,0.125000,0.934455,28,0,1000.000,0.264466,0.000000
29088,1,0.125000,0.921047,27,0,1000.000,0.749233,0.000000
29088,2,0.125000,0.912622,36,0,1000.000,1.239896,0.000000
29088,3,0.125000,0.906507,30,0,1000.000,1.700123,0.000000
29088,4,0.125000,0.894309,34,0,1000.000,2.209200,0.000000
29088,5,0.125000,0.765079,28,3,895.036,2.433705,0.000000
29088,6,0.125000,0.065597,42,37,133.714,0.549057,0.000000
29088,7,0.125000,0.000000,32,32,10.500,0.257830,0.000000
29136,0,0.125000,0.930485,25,0,1000.000,0.233575,0.000000
29136,1,0.125000,0.920626,31,0,1000.000,0.769607,0.000000
29136,2,0.125000,0.912524,31,0,1000.000,1.236174,0.000000
29136,3,0.125000,0.904315,27,0,1000.000,1.694620,0.000000
29136,4,0.125000,0.891228,33,0,1000.000,2.201935,0.000000
29136,5,0.125000,0.726733,22,3,867.318,2.385693,0.000000
29136,6,0.125000,0.042184,26,24,90.500,0.415294,0.000000
29136,7,0.125000,0.000000,25,25,10.120,0.274004,0.000000
29184,0,0.125000,0.933691,33,1,999.849,0.279386,0.000000
29184,1,0.125000,0.922869,24,0,1000.000,0.745722,0.000000
29184,2,0.125000,0.909368,26,0,1000.000,1.231114,0.000000
29184,3,0.125000,0.903886,32,0,1000.000,1.723829,0.000000
29184,4,0.125000,0.890695,42,0,1000.000,2.212425,0.000000
29184,5,0.125000,0.716146,26,4,849.423,2.303347,0.000000
29184,6,0.125000,0.030494,27,26,51.222,0.294492,0.000000
29184,7,0.125000,0.000000,26,26,10.115,0.255499,0.000000
29232,0,0.125000,0.931419,30,1,983.100,0.272511,0.000000
29232,1,0.125000,0.923493,27,0,1000.000,0.747982,0.000000
29232,2,0.125000,0.914642,22,0,1000.000,1.227099,0.000000
29232,3,0.125000,0.903628,40,0,1000.000,1.695229,0.000000
29232,4,0.125000,0.897645,30,0,1000.000,2.232174,0.000000
29232,5,0.125000,0.763542,41,4,903.927,2.405801,0.000000
29232,6,0.125000,0.115970,40,32,212.900,0.785983,0.000000
29232,7,0.125000,0.000000,26,26,10.308,0.306982,0.000000
29280,0,0.125000,0.930985,34,0,1000.000,0.269910,0.000000
29280,1,0.125000,0.924417,25,0,1000.000,0.788969,0.000000
29280,2,0.125000,0.911852,28,0,1000.000,1.232426,0.000000
29280,3,0.125000,0.904867,24,0,1000.000,1.708174,0.000000
29280,4,0.125000,0.890704,40,0,1000.000,2.204413,0.000000
29280,5,0.125000,0.824569,35,1,971.886,2.549829,0.000000
29280,6,0.125000,0.000000,30,30,17.133,0.258596,0.000000
29280,7,0.125000,0.000000,32,32,10.844,0.258358,0.000000
29328,0,0.125000,0.931031,26,0,1000.000,0.269729,0.000000
29328,1,0.125000,0.922079,24,0,1000.000,0.787591,0.000000
29328,2,0.125000,0.912804,32,0,1000.000,1.246897,0.000000
29328,3,0.125000,0.903164,32,0,1000.000,1.712527,0.000000
29328,4,0.125000,0.890567,38,0,1000.000,2.233373,0.000000
29328,5,0.125000,0.682727,20,4,804.950,2.254805,0.000000
29328,6,0.125000,0.016046,37,36,42.919,0.349937,0.000000
29328,7,0.125000,0.000000,27,27,10.667,0.280946,0.000000
29376,0,0.125000,0.934830,16,0,1000.000,0.285088,0.000000
29376,1,0.125000,0.922539,36,0,1000.000,0.745882,0.000000
29376,2,0.125000,0.915519,26,0,1000.000,1.247883,0.000000
29376,3,0.125000,0.903434,25,0,1000.000,1.717277,0.000000
29376,4,0.125000,0.892780,37,0,1000.000,2.215985,0.000000
29376,5,0.125000,0.745351,32,4,877.219,2.368710,0.000000
29376,6,0.125000,0.018431,38,37,41.632,0.314378,0.000000
29376,7,0.125000,0.000000,34,34,10.088,0.280350,0.000000
29424,0,0.125000,0.933620,31,1,975.355,0.276085,0.000000
29424,1,0.125000,0.916290,19,0,1000.000,0.715485,0.000000
29424,2,0.125000,0.913851,35,0,1000.000,1.238870,0.000000
29424,3,0.125000,0.906839,37,0,1000.000,1.697068,0.000000
29424,4,0.125000,0.894589,34,0,1000.000,2.219031,0.000000
29424,5,0.125000,0.802337,32,2,939.125,2.514672,0.000000
29424,6,0.125000,0.040540,33,31,74.485,0.357897,0.000000
29424,7,0.125000,0.000000,28,28,10.536,0.304676,0.000000
29472,0,0.125000,0.928707,40,1,995.850,0.246124,0.000000
29472,1,0.125000,0.920424,31,0,1000.000,0.736647,0.000000
29472,2,0.125000,0.915510,35,0,1000.000,1.241995,0.000000
29472,3,0.125000,0.904007,37,0,1000.000,1.756189,0.000000
29472,4,0.125000,0.892050,43,0,1000.000,2.223551,0.000000
29472,5,0.125000,0.737541,23,3,872.217,2.352785,0.000000
29472,6,0.125000,0.029602,47,45,56.426,0.322800,0.000000
29472,7,0.125000,0.000000,29,29,10.276,0.295364,0.000000
29520,0,0.125000,0.923719,46,2,976.565,0.268951,0.000000
29520,1,0.125000,0.924158,27,0,1000.000,0.778632,0.000000
29520,2,0.125000,0.908270,32,0,1000.000,1.232767,0.000000
29520,3,0.125000,0.908658,41,0,1000.000,1.722772,0.000000
29520,4,0.125000,0.885695,30,0,1000.000,2.207796,0.000000
29520,5,0.125000,0.829551,29,1,966.138,2.544626,0.000000
29520,6,0.125000,0.000000,37,37,13.865,0.173413,0.000000
29520,7,0.125000,0.000000,30,30,10.600,0.285878,0.000000
29568,0,0.125000,0.926948,29,1,969.552,0.260525,0.000000
29568,1,0.125000,0.922297,41,0,1000.000,0.773551,0.000000
29568,2,0.125000,0.910763,32,0,1000.000,1.237932,0.000000
29568,3,0.125000,0.907511,36,0,1000.000,1.702845,0.000000
29568,4,0.125000,0.893108,35,0,1000.000,2.200137,0.000000
29568,5,0.125000,0.789225,39,3,924.795,2.501630,0.000000
29568,6,0.125000,0.000000,28,28,16.571,0.334394,0.000000
29568,7,0.125000,0.000000,33,33,10.455,0.272069,0.000000
29616,0,0.125000,0.932920,28,0,1000.000,0.284818,0.000000
29616,1,0.125000,0.921909,32,0,1000.000,0.734355,0.000000
29616,2,0.125000,0.911184,30,0,1000.000,1.243583,0.000000
29616,3,0.125000,0.903949,46,0,1000.000,1.699100,0.000000
29616,4,0.125000,0.891324,39,0,1000.000,2.191175,0.000000
29616,5,0.125000,0.688278,36,7,812.056,2.243479,0.000000
29616,6,0.125000,0.031978,45,43,59.156,0.393293,0.000000
29616,7,0.125000,0.000000,41,41,10.146,0.282886,0.000000
29664,0,0.125000,0.933406,28,0,1000.000,0.289416,0.000000
29664,1,0.125000,0.922388,33,0,1000.000,0.784496,0.000000
29664,2,0.125000,0.914898,36,0,1000.000,1.244081,0.000000
29664,3,0.125000,0.902830,22,0,1000.000,1.703678,0.000000
29664,4,0.125000,0.892737,42,0,1000.000,2.194911,0.000000
29664,5,0.125000,0.697299,27,5,817.926,2.185579,0.000000
29664,6,0.125000,0.000000,24,24,14.500,0.196852,0.000000
29664,7,0.125000,0.000000,32,32,10.219,0.295989,0.000000
29712,0,0.125000,0.928284,32,0,1000.000,0.297985,0.000000
29712,1,0.125000,0.921445,38,0,1000.000,0.742343,0.000000
29712,2,0.125000,0.912566,31,0,1000.000,1.240523,0.000000
29712,3,0.125000,0.907640,37,0,1000.000,1.728337,0.000000
29712,4,0.125000,0.894338,41,0,1000.000,2.221165,0.000000
29712,5,0.125000,0.829647,42,1,976.524,2.580165,0.000000
29712,6,0.125000,0.034798,22,21,59.091,0.288273,0.000000
29712,7,0.125000,0.000000,28,28,10.429,0.291202,0.000000
29760,0,0.125000,0.933054,35,0,1000.000,0.274973,0.000000
29760,1,0.125000,0.920173,39,0,1000.000,0.748782,0.000000
29760,2,0.125000,0.916180,29,0,1000.000,1.253241,0.000000
29760,3,0.125000,0.905550,31,0,1000.000,1.723080,0.000000
29760,4,0.125000,0.872145,33,1,970.667,2.169733,0.000000
29760,5,0.125000,0.715833,33,5,851.394,2.290670,0.000000
29760,6,0.125000,0.026562,47,45,57.809,0.360028,0.000000
29760,7,0.125000,0.000000,37,37,10.730,0.228567,0.000000
29808,0,0.125000,0.930987,32,0,1000.000,0.245808,0.000000
29808,1,0.125000,0.920184,42,0,1000.000,0.704748,0.000000
29808,2,0.125000,0.915971,38,0,1000.000,1.199623,0.000000
29808,3,0.125000,0.901388,28,0,1000.000,1.730071,0.000000
29808,4,0.125000,0.895334,43,0,1000.000,2.208055,0.000000
29808,5,0.125000,0.795168,27,2,928.185,2.495201,0.000000
29808,6,0.125000,0.088254,31,27,141.548,0.516004,0.000000
29808,7,0.125000,0.000000,37,37,11.000,0.252517,0.000000
29856,0,0.125000,0.933103,36,0,1000.000,0.241478,0.000000
29856,1,0.125000,0.921613,24,0,1000.000,0.744529,0.000000
29856,2,0.125000,0.914850,37,0,1000.000,1.188215,0.000000
29856,3,0.125000,0.907131,26,0,1000.000,1.690280,0.000000
29856,4,0.125000,0.893553,49,0,1000.000,2.196879,0.000000
29856,5,0.125000,0.810978,41,2,952.171,2.542599,0.000000
29856,6,0.125000,0.070346,36,32,125.194,0.549788,0.000000
29856,7,0.125000,0.000000,38,38,10.921,0.252377,0.000000
29904,0,0.125000,0.930550,32,1,997.500,0.206660,0.000000
29904,1,0.125000,0.921519,40,0,1000.000,0.749225,0.000000
29904,2,0.125000,0.913045,43,0,1000.000,1.188477,0.000000
29904,3,0.125000,0.903299,36,0,1000.000,1.665284,0.000000
29904,4,0.125000,0.892152,41,0,1000.000,2.204970,0.000000
29904,5,0.125000,0.780056,40,4,902.350,2.457344,0.000000
29904,6,0.125000,0.039032,30,28,81.867,0.432824,0.000000
29904,7,0.125000,0.000000,24,24,10.625,0.261007,0.000000
29952,0,0.125000,0.931080,32,2,979.562,0.241107,0.000000
29952,1,0.125000,0.924464,28,0,1000.000,0.728706,0.000000
29952,2,0.125000,0.911412,31,0,1000.000,1.201912,0.000000
29952,3,0.125000,0.906163,36,0,1000.000,1.705864,0.000000
29952,4,0.125000,0.895095,30,0,1000.000,2.203537,0.000000
29952,5,0.125000,0.775917,33,3,910.727,2.433650,0.000000
29952,6,0.125000,0.056053,38,35,92.237,0.475167,0.000000
29952,7,0.125000,0.000000,26,26,10.077,0.232538,0.000000
30000,0,0.125000,0.924078,28,2,960.429,0.205578,0.000000
30000,1,0.125000,0.921070,38,0,1000.000,0.745678,0.000000
30000,2,0.125000,0.913985,36,0,1000.000,1.233163,0.000000
30000,3,0.125000,0.903373,43,0,1000.000,1.692555,0.000000
30000,4,0.125000,0.893596,37,0,1000.000,2.183239,0.000000
30000,5,0.125000,0.752548,35,4,887.829,2.377528,0.000000
30000,6,0.125000,0.042553,33,31,73.788,0.353302,0.000000
30000,7,0.125000,0.000000,38,38,10.211,0.276864,0.000000
30048,0,0.125000,0.930276,37,1,992.811,0.297897,0.000000
30048,1,0.125000,0.918380,31,0,1000.000,0.714794,0.000000
30048,2,0.125000,0.910581,38,0,1000.000,1.265023,0.000000
30048,3,0.125000,0.907621,28,0,1000.000,1.711778,0.000000
30048,4,0.125000,0.892392,29,0,1000.000,2.208275,0.000000
30048,5,0.125000,0.703220,29,5,831.931,2.294446,0.000000
30048,6,0.125000,0.068281,29,26,117.069,0.539608,0.000000
30048,7,0.125000,0.000000,33,33,10.848,0.262495,0.000000
30096,0,0.125000,0.932046,34,0,1000.000,0.272573,0.000000
30096,1,0.125000,0.920774,35,0,1000.000,0.779151,0.000000
30096,2,0.125000,0.912052,33,0,1000.000,1.255640,0.000000
30096,3,0.125000,0.904915,24,0,1000.000,1.714543,0.000000
30096,4,0.125000,0.893210,33,0,1000.000,2.226423,0.000000
30096,5,0.125000,0.722497,27,4,854.926,2.273114,0.000000
30096,6,0.125000,0.043240,31,29,79.323,0.429573,0.000000
30096,7,0.125000,0.000000,29,29,10.310,0.259308,0.000000
30144,0,0.125000,0.931758,28,0,1000.000,0.279832,0.000000
30144,1,0.125000,0.919993,35,0,1000.000,0.799057,0.000000
30144,2,0.125000,0.914039,26,0,1000.000,1.205753,0.000000
30144,3,0.125000,0.907176,22,0,1000.000,1.709137,0.000000
30144,4,0.125000,0.896947,29,0,1000.000,2.218303,0.000000
30144,5,0.125000,0.764207,31,3,905.065,2.411656,0.000000
30144,6,0.125000,0.070294,29,26,116.621,0.494875,0.000000
30144,7,0.125000,0.000000,35,35,9.971,0.317976,0.000000
30192,0,0.125000,0.931495,27,0,1000.000,0.277992,0.000000
30192,1,0.125000,0.919572,33,0,1000.000,0.726022,0.000000
30192,2,0.125000,0.915461,38,0,1000.000,1.263332,0.000000
30192,3,0.125000,0.907436,29,0,1000.000,1.755723,0.000000
30192,4,0.125000,0.892530,26,0,1000.000,2.198954,0.000000
30192,5,0.125000,0.749757,26,3,887.654,2.423032,0.000000
30192,6,0.125000,0.094057,28,24,155.357,0.586049,0.000000
30192,7,0.125000,0.000000,35,35,10.343,0.268385,0.000000
30240,0,0.125000,0.928729,29,0,1000.000,0.302016,0.000000
30240,1,0.125000,0.920716,27,0,1000.000,0.779514,0.000000
30240,2,0.125000,0.913054,29,0,1000.000,1.286221,0.000000
30240,3,0.125000,0.871068,29,1,966.759,1.692678,0.000000
30240,4,0.125000,0.889730,33,0,1000.000,2.244772,0.000000
30240,5,0.125000,0.773196,44,4,911.523,2.442583,0.000000
30240,6,0.125000,0.021634,25,24,55.560,0.430353,0.000000
30240,7,0.125000,0.000000,23,23,10.087,0.240761,0.000000
30288,0,0.125000,0.931152,26,0,1000.000,0.255970,0.000000
30288,1,0.125000,0.918065,31,0,1000.000,0.781531,0.000000
30288,2,0.125000,0.911581,41,0,1000.000,1.255281,0.000000
30288,3,0.125000,0.906469,28,0,1000.000,1.791215,0.000000
30288,4,0.125000,0.888482,27,0,1000.000,2.215647,0.000000
30288,5,0.125000,0.772320,30,3,901.400,2.439223,0.000000
30288,6,0.125000,0.049975,29,27,83.517,0.470108,0.000000
30288,7,0.125000,0.000000,23,23,10.261,0.224931,0.000000
30336,0,0.125000,0.929118,33,0,1000.000,0.298194,0.000000
30336,1,0.125000,0.918086,30,0,1000.000,0.774508,0.000000
30336,2,0.125000,0.910331,28,0,1000.000,1.224314,0.000000
30336,3,0.125000,0.899591,18,0,1000.000,1.688342,0.000000
30336,4,0.125000,0.890669,29,0,1000.000,2.218197,0.000000
30336,5,0.125000,0.823966,29,1,966.207,2.589639,0.000000
30336,6,0.125000,0.019947,29,28,49.207,0.298451,0.000000
30336,7,0.125000,0.000000,27,27,10.407,0.263435,0.000000
30384,0,0.125000,0.931705,30,0,1000.000,0.277819,0.000000
30384,1,0.125000,0.918167,30,0,1000.000,0.752896,0.000000
30384,2,0.125000,0.910866,30,0,1000.000,1.227190,0.000000
30384,3,0.125000,0.907448,27,0,1000.000,1.724253,0.000000
30384,4,0.125000,0.892765,28,0,1000.000,2.231466,0.000000
30384,5,0.125000,0.823230,35,1,972.457,2.630513,0.000000
30384,6,0.125000,0.027509,30,29,46.900,0.256122,0.000000
30384,7,0.125000,0.000000,23,23,10.957,0.284395,0.000000
30432,0,0.125000,0.933690,35,0,1000.000,0.308693,0.000000
30432,1,0.125000,0.920073,36,0,1000.000,0.735245,0.000000
30432,2,0.125000,0.913940,20,0,1000.000,1.232160,0.000000
30432,3,0.125000,0.903106,34,0,1000.000,1.724825,0.000000
30432,4,0.125000,0.886262,25,0,1000.000,2.200583,0.000000
30432,5,0.125000,0.824980,33,1,970.636,2.590938,0.000000
30432,6,0.125000,0.035466,38,36,65.895,0.373884,0.000000
30432,7,0.125000,0.000000,34,34,10.500,0.222798,0.000000
30480,0,0.125000,0.927525,33,1,973.515,0.279042,0.000000
30480,1,0.125000,0.919261,42,0,1000.000,0.755589,0.000000
30480,2,0.125000,0.911222,33,0,1000.000,1.264774,0.000000
30480,3,0.125000,0.904560,43,0,1000.000,1.711878,0.000000
30480,4,0.125000,0.890190,32,0,1000.000,2.214172,0.000000
30480,5,0.125000,0.793043,27,2,929.333,2.554324,0.000000
30480,6,0.125000,0.000000,35,35,14.657,0.190162,0.000000
30480,7,0.125000,0.000000,31,31,10.871,0.234916,0.000000
30528,0,0.125000,0.931740,35,0,1000.000,0.274561,0.000000
30528,1,0.125000,0.923773,34,0,1000.000,0.722434,0.000000
30528,2,0.125000,0.911613,28,0,1000.000,1.219882,0.000000
30528,3,0.125000,0.903961,47,0,1000.000,1.717789,0.000000
30528,4,0.125000,0.889947,35,0,1000.000,2.185935,0.000000
30528,5,0.125000,0.721218,32,5,847.875,2.375046,0.000000
30528,6,0.125000,0.029883,48,46,56.521,0.349034,0.000000
30528,7,0.125000,0.000000,42,42,10.881,0.207733,0.000000
30576,0,0.125000,0.926015,39,1,976.103,0.265539,0.000000
30576,1,0.125000,0.919235,36,0,1000.000,0.768347,0.000000
30576,2,0.125000,0.913609,35,0,1000.000,1.227331,0.000000
30576,3,0.125000,0.900542,30,0,1000.000,1.746426,0.000000
30576,4,0.125000,0.890564,32,0,1000.000,2.230137,0.000000
30576,5,0.125000,0.733492,33,4,881.455,2.377285,0.000000
30576,6,0.125000,0.015391,38,37,42.474,0.360672,0.000000
30576,7,0.125000,0.000000,48,48,10.104,0.215370,0.000000
30624,0,0.125000,0.930974,30,1,977.400,0.269433,0.000000
30624,1,0.125000,0.918895,48,0,1000.000,0.743760,0.000000
30624,2,0.125000,0.913626,32,0,1000.000,1.233437,0.000000
30624,3,0.125000,0.907128,31,0,1000.000,1.699558,0.000000
30624,4,0.125000,0.895939,36,0,1000.000,2.201638,0.000000
30624,5,0.125000,0.642620,34,8,769.294,2.113434,0.000000
30624,6,0.125000,0.000000,24,24,15.417,0.211917,0.000000
30624,7,0.125000,0.000000,31,31,10.129,0.214777,0.000000
30672,0,0.125000,0.928911,35,0,1000.000,0.287615,0.000000
30672,1,0.125000,0.918457,37,0,1000.000,0.765947,0.000000
30672,2,0.125000,0.914981,37,0,1000.000,1.228149,0.000000
30672,3,0.125000,0.904440,19,0,1000.000,1.761102,0.000000
30672,4,0.125000,0.892531,39,0,1000.000,2.253667,0.000000
30672,5,0.125000,0.785861,33,3,911.545,2.505488,0.000000
30672,6,0.125000,0.032490,25,24,54.880,0.360991,0.000000
30672,7,0.125000,0.000000,34,34,10.176,0.234317,0.000000
30720,0,0.125000,0.933440,32,0,1000.000,0.279440,0.000000
30720,1,0.125000,0.921992,32,0,1000.000,0.753819,0.000000
30720,2,0.125000,0.908958,47,0,1000.000,1.248765,0.000000
30720,3,0.125000,0.904981,39,0,1000.000,1.713477,0.000000
30720,4,0.125000,0.890896,32,0,1000.000,2.231802,0.000000
30720,5,0.125000,0.689843,32,7,802.719,2.186109,0.000000
30720,6,0.125000,0.017394,42,41,38.190,0.315268,0.000000
30720,7,0.125000,0.000000,35,35,10.057,0.245975,0.000000
30768,0,0.125000,0.927607,36,1,983.306,0.253622,0.000000
30768,1,0.125000,0.919592,38,0,1000.000,0.764463,0.000000
30768,2,0.125000,0.912215,31,0,1000.000,1.187978,0.000000
30768,3,0.125000,0.902645,38,0,1000.000,1.694931,0.000000
30768,4,0.125000,0.892826,31,0,1000.000,2.217859,0.000000
30768,5,0.125000,0.763721,32,3,908.125,2.422318,0.000000
30768,6,0.125000,0.047701,30,29,64.467,0.358249,0.000000
30768,7,0.125000,0.000000,26,26,9.808,0.233988,0.000000
30816,0,0.125000,0.931491,34,0,1000.000,0.273444,0.000000
30816,1,0.125000,0.918218,34,0,1000.000,0.772402,0.000000
30816,2,0.125000,0.911938,40,0,1000.000,1.250151,0.000000
30816,3,0.125000,0.907930,32,0,1000.000,1.748991,0.000000
30816,4,0.125000,0.886378,36,0,1000.000,2.219508,0.000000
30816,5,0.125000,0.770097,33,3,910.849,2.461895,0.000000
30816,6,0.125000,0.122585,36,29,205.333,0.733339,0.000000
30816,7,0.125000,0.000000,30,30,9.933,0.274116,0.000000
30864,0,0.125000,0.934083,44,0,1000.000,0.257025,0.000000
30864,1,0.125000,0.916224,26,0,1000.000,0.792315,0.000000
30864,2,0.125000,0.910125,33,0,1000.000,1.239133,0.000000
30864,3,0.125000,0.905174,31,0,1000.000,1.716858,0.000000
30864,4,0.125000,0.890041,35,0,1000.000,2.209727,0.000000
30864,5,0.125000,0.825038,42,1,976.762,2.579083,0.000000
30864,6,0.125000,0.047012,37,34,94.595,0.442787,0.000000
30864,7,0.125000,0.000000,22,22,9.773,0.268375,0.000000
30912,0,0.125000,0.930539,36,0,1000.000,0.272972,0.000000
30912,1,0.125000,0.917133,39,0,1000.000,0.778921,0.000000
30912,2,0.125000,0.912786,44,0,1000.000,1.237056,0.000000
30912,3,0.125000,0.905128,37,0,1000.000,1.714683,0.000000
30912,4,0.125000,0.889342,40,0,1000.000,2.216702,0.000000
30912,5,0.125000,0.677676,34,7,798.000,2.193389,0.000000
30912,6,0.125000,0.089612,35,29,183.057,0.651067,0.000000
30912,7,0.125000,0.000000,40,40,10.125,0.244294,0.000000
30960,0,0.125000,0.931862,34,0,1000.000,0.260056,0.000000
30960,1,0.125000,0.921789,33,0,1000.000,0.754484,0.000000
30960,2,0.125000,0.914849,24,0,1000.000,1.216584,0.000000
30960,3,0.125000,0.904186,32,0,1000.000,1.746036,0.000000
30960,4,0.125000,0.889870,34,0,1000.000,2.214597,0.000000
30960,5,0.125000,0.817416,31,1,968.323,2.605668,0.000000
30960,6,0.125000,0.050161,38,35,92.921,0.475877,0.000000
30960,7,0.125000,0.000000,38,38,10.421,0.281793,0.000000
31008,0,0.125000,0.931378,43,0,1000.000,0.268918,0.000000
31008,1,0.125000,0.920886,36,0,1000.000,0.760449,0.000000
31008,2,0.125000,0.915737,36,0,1000.000,1.231989,0.000000
31008,3,0.125000,0.905967,34,0,1000.000,1.738088,0.000000
31008,4,0.125000,0.892433,27,0,1000.000,2.256962,0.000000
31008,5,0.125000,0.829734,32,1,969.406,2.628155,0.000000
31008,6,0.125000,0.080233,23,20,143.522,0.590982,0.000000
31008,7,0.125000,0.000000,30,30,10.133,0.208966,0.000000
31056,0,0.125000,0.932476,28,0,1000.000,0.271404,0.000000
31056,1,0.125000,0.922519,37,0,1000.000,0.719740,0.000000
31056,2,0.125000,0.913359,24,0,1000.000,1.197888,0.000000
31056,3,0.125000,0.910766,36,0,1000.000,1.721864,0.000000
31056,4,0.125000,0.894957,37,0,1000.000,2.246104,0.000000
31056,5,0.125000,0.752052,35,4,889.171,2.437593,0.000000
31056,6,0.125000,0.021066,30,29,47.300,0.280516,0.000000
31056,7,0.125000,0.000000,40,40,9.925,0.264767,0.000000
31104,0,0.125000,0.928073,26,0,1000.000,0.288114,0.000000
31104,1,0.125000,0.920709,37,1,993.784,0.735022,0.000000
31104,2,0.125000,0.914785,25,0,1000.000,1.259993,0.000000
31104,3,0.125000,0.904699,34,0,1000.000,1.731781,0.000000
31104,4,0.125000,0.890714,29,0,1000.000,2.192971,0.000000
31104,5,0.125000,0.723334,37,6,841.324,2.274270,0.000000
31104,6,0.125000,0.080341,34,30,130.588,0.549903,0.000000
31104,7,0.125000,0.000000,29,29,10.103,0.231605,0.000000
31152,0,0.125000,0.930439,29,0,1000.000,0.254220,0.000000
31152,1,0.125000,0.922253,37,0,1000.000,0.742354,0.000000
31152,2,0.125000,0.916265,25,0,1000.000,1.226979,0.000000
31152,3,0.125000,0.907897,30,0,1000.000,1.712523,0.000000
31152,4,0.125000,0.891633,23,0,1000.000,2.199638,0.000000
31152,5,0.125000,0.780847,23,2,914.261,2.454994,0.000000
31152,6,0.125000,0.000000,21,21,14.190,0.262172,0.000000
31152,7,0.125000,0.000000,41,41,10.024,0.250045,0.000000
31200,0,0.125000,0.931402,39,1,986.590,0.258037,0.000000
31200,1,0.125000,0.921758,36,0,1000.000,0.701379,0.000000
31200,2,0.125000,0.915896,26,0,1000.000,1.212315,0.000000
31200,3,0.125000,0.909631,24,0,1000.000,1.713265,0.000000
31200,4,0.125000,0.893086,33,0,1000.000,2.234721,0.000000
31200,5,0.125000,0.777509,21,2,908.048,2.436080,0.000000
31200,6,0.125000,0.019465,37,36,41.541,0.351922,0.000000
31200,7,0.125000,0.000000,27,27,10.000,0.263857,0.000000
31248,0,0.125000,0.931434,39,0,1000.000,0.312167,0.000000
31248,1,0.125000,0.922233,39,0,1000.000,0.754266,0.000000
31248,2,0.125000,0.913705,24,0,1000.000,1.238189,0.000000
31248,3,0.125000,0.905743,35,0,1000.000,1.695743,0.000000
31248,4,0.125000,0.891934,25,0,1000.000,2.219439,0.000000
31248,5,0.125000,0.714980,31,5,841.871,2.265792,0.000000
31248,6,0.125000,0.000000,31,31,13.645,0.178177,0.000000
31248,7,0.125000,0.000000,34,34,9.882,0.268635,0.000000
31296,0,0.125000,0.931174,32,0,1000.000,0.282270,0.000000
31296,1,0.125000,0.910018,30,1,970.000,0.706952,0.000000
31296,2,0.125000,0.913605,30,0,1000.000,1.214599,0.000000
31296,3,0.125000,0.906141,32,0,1000.000,1.703554,0.000000
31296,4,0.125000,0.894015,34,0,1000.000,2.233152,0.000000
31296,5,0.125000,0.759922,28,3,895.000,2.392503,0.000000
31296,6,0.125000,0.000000,24,24,14.292,0.234414,0.000000
31296,7,0.125000,0.000000,31,31,10.516,0.252959,0.000000
31344,0,0.125000,0.931851,25,0,1000.000,0.263186,0.000000
31344,1,0.125000,0.919840,33,0,1000.000,0.766575,0.000000
31344,2,0.125000,0.909059,23,0,1000.000,1.224814,0.000000
31344,3,0.125000,0.906671,32,0,1000.000,1.714882,0.000000
31344,4,0.125000,0.887109,38,0,1000.000,2.225798,0.000000
31344,5,0.125000,0.729500,21,3,860.286,2.358573,0.000000
31344,6,0.125000,0.032422,24,23,55.833,0.328921,0.000000
31344,7,0.125000,0.000000,37,37,9.649,0.270931,0.000000
31392,0,0.125000,0.931396,23,1,994.565,0.250002,0.000000
31392,1,0.125000,0.922096,26,0,1000.000,0.704759,0.000000
31392,2,0.125000,0.912464,27,0,1000.000,1.215337,0.000000
31392,3,0.125000,0.904181,35,0,1000.000,1.733739,0.000000
31392,4,0.125000,0.886323,29,0,1000.000,2.192011,0.000000
31392,5,0.125000,0.818763,25,1,960.720,2.562181,0.000000
31392,6,0.125000,0.083936,31,27,141.677,0.575490,0.000000
31392,7,0.125000,0.000000,26,26,9.962,0.269730,0.000000
31440,0,0.125000,0.932114,38,0,1000.000,0.256495,0.000000
31440,1,0.125000,0.917978,26,0,1000.000,0.724706,0.000000
31440,2,0.125000,0.910703,27,0,1000.000,1.247634,0.000000
31440,3,0.125000,0.903144,26,0,1000.000,1.771545,0.000000
31440,4,0.125000,0.895307,41,0,1000.000,2.239617,0.000000
31440,5,0.125000,0.848214,26,0,1000.000,2.705399,0.000000
31440,6,0.125000,0.000000,15,15,14.800,0.194668,0.000000
31440,7,0.125000,0.000000,23,23,10.087,0.260245,0.000000
31488,0,0.125000,0.930563,31,0,1000.000,0.245524,0.000000
31488,1,0.125000,0.917396,35,0,1000.000,0.762792,0.000000
31488,2,0.125000,0.912426,34,0,1000.000,1.264426,0.000000
31488,3,0.125000,0.904156,39,0,1000.000,1.751125,0.000000
31488,4,0.125000,0.891256,39,0,1000.000,2.241817,0.000000
31488,5,0.125000,0.744061,42,5,884.190,2.462680,0.000000
31488,6,0.125000,0.000000,35,35,15.829,0.252243,0.000000
31488,7,0.125000,0.000000,35,35,9.914,0.250860,0.000000
31584,0,0.125000,0.932209,80,0,1000.000,0.269451,0.000000
31584,1,0.125000,0.919295,58,0,1000.000,0.716085,0.000000
31584,2,0.125000,0.914151,71,0,1000.000,1.228924,0.000000
31584,3,0.125000,0.908459,60,0,1000.000,1.741186,0.000000
31584,4,0.125000,0.893568,69,0,1000.000,2.237568,0.000000
31584,5,0.125000,0.830279,71,2,972.366,2.615100,0.000000
31584,6,0.125000,0.012944,59,58,31.831,0.284799,0.000000
31584,7,0.125000,0.000000,69,69,10.246,0.238587,0.000000
31632,0,0.125000,0.929789,45,0,1000.000,0.278731,0.000000
31632,1,0.125000,0.918792,25,0,1000.000,0.760196,0.000000
31632,2,0.125000,0.912172,40,0,1000.000,1.238381,0.000000
31632,3,0.125000,0.905159,33,0,1000.000,1.744933,0.000000
31632,4,0.125000,0.897222,31,0,1000.000,2.204513,0.000000
31632,5,0.125000,0.726667,43,6,863.837,2.299485,0.000000
31632,6,0.125000,0.048516,35,32,99.400,0.461657,0.000000
31632,7,0.125000,0.000000,32,32,10.094,0.253098,0.000000
31680,0,0.125000,0.932030,28,0,1000.000,0.306316,0.000000
31680,1,0.125000,0.919178,36,0,1000.000,0.784802,0.000000
31680,2,0.125000,0.915029,29,0,1000.000,1.222768,0.000000
31680,3,0.125000,0.906199,31,0,1000.000,1.702354,0.000000
31680,4,0.125000,0.894425,23,0,1000.000,2.190338,0.000000
31680,5,0.125000,0.804803,38,2,948.947,2.533411,0.000000
31680,6,0.125000,0.076558,29,26,116.034,0.462485,0.000000
31680,7,0.125000,0.000000,27,27,10.074,0.288309,0.000000
31728,0,0.125000,0.929617,39,0,1000.000,0.285944,0.000000
31728,1,0.125000,0.919473,34,0,1000.000,0.742011,0.000000
31728,2,0.125000,0.915952,34,0,1000.000,1.245603,0.000000
31728,3,0.125000,0.905419,31,0,1000.000,1.700170,0.000000
31728,4,0.125000,0.891607,36,0,1000.000,2.223860,0.000000
31728,5,0.125000,0.791872,43,3,931.744,2.505076,0.000000
31728,6,0.125000,0.016087,39,38,40.744,0.300439,0.000000
31728,7,0.125000,0.000000,42,42,9.857,0.325216,0.000000
31776,0,0.125000,0.933367,26,0,1000.000,0.231581,0.000000
31776,1,0.125000,0.920418,37,0,1000.000,0.722171,0.000000
31776,2,0.125000,0.912409,36,0,1000.000,1.243068,0.000000
31776,3,0.125000,0.906365,42,0,1000.000,1.732813,0.000000
31776,4,0.125000,0.892873,37,0,1000.000,2.215835,0.000000
31776,5,0.125000,0.752858,34,4,884.794,2.396057,0.000000
31776,6,0.125000,0.000000,31,31,13.613,0.204869,0.000000
31776,7,0.125000,0.000000,39,39,10.026,0.293709,0.000000
31824,0,0.125000,0.931262,37,0,1000.000,0.270086,0.000000
31824,1,0.125000,0.920392,38,0,1000.000,0.745908,0.000000
31824,2,0.125000,0.916641,27,0,1000.000,1.197080,0.000000
31824,3,0.125000,0.906227,41,0,1000.000,1.702328,0.000000
31824,4,0.125000,0.895816,37,0,1000.000,2.214477,0.000000
31824,5,0.125000,0.777885,37,3,920.730,2.493198,0.000000
31824,6,0.125000,0.014511,29,28,49.103,0.390767,0.000000
31824,7,0.125000,0.000000,41,41,9.951,0.290030,0.000000
31872,0,0.125000,0.933200,39,0,1000.000,0.247937,0.000000
31872,1,0.125000,0.919375,41,0,1000.000,0.744446,0.000000
31872,2,0.125000,0.913266,30,0,1000.000,1.232278,0.000000
31872,3,0.125000,0.907860,36,0,1000.000,1.746199,0.000000
31872,4,0.125000,0.893686,30,0,1000.000,2.251851,0.000000
31872,5,0.125000,0.801012,36,2,945.583,2.522088,0.000000
31872,6,0.125000,0.035541,52,49,70.519,0.350643,0.000000
31872,7,0.125000,0.000000,38,38,10.132,0.290060,0.000000
31920,0,0.125000,0.927708,26,1,979.500,0.255180,0.000000
31920,1,0.125000,0.918501,34,0,1000.000,0.780822,0.000000
31920,2,0.125000,0.913064,41,0,1000.000,1.227164,0.000000
31920,3,0.125000,0.904713,36,0,1000.000,1.741388,0.000000
31920,4,0.125000,0.896092,38,0,1000.000,2.224953,0.000000
31920,5,0.125000,0.796709,50,3,940.960,2.518861,0.000000
31920,6,0.125000,0.036211,37,35,66.730,0.295337,0.000000
31920,7,0.125000,0.000000,39,39,9.821,0.270635,0.000000
31968,0,0.125000,0.929903,22,0,1000.000,0.276901,0.000000
31968,1,0.125000,0.921592,26,0,1000.000,0.767763,0.000000
31968,2,0.125000,0.915444,40,0,1000.000,1.247712,0.000000
31968,3,0.125000,0.906238,42,0,1000.000,1.754374,0.000000
31968,4,0.125000,0.895287,32,0,1000.000,2.212842,0.000000
31968,5,0.125000,0.739321,38,5,870.816,2.353005,0.000000
31968,6,0.125000,0.059438,43,39,104.837,0.470089,0.000000
31968,7,0.125000,0.000000,38,38,10.000,0.247400,0.000000
32016,0,0.125000,0.930298,31,0,1000.000,0.281277,0.000000
32016,1,0.125000,0.922266,29,0,1000.000,0.745315,0.000000
32016,2,0.125000,0.909806,33,0,1000.000,1.249276,0.000000
32016,3,0.125000,0.905239,34,0,1000.000,1.726255,0.000000
32016,4,0.125000,0.897030,30,0,1000.000,2.234343,0.000000
32016,5,0.125000,0.694368,41,8,809.659,2.250084,0.000000
32016,6,0.125000,0.055213,30,27,112.633,0.498920,0.000000
32016,7,0.125000,0.000000,38,38,9.553,0.274549,0.000000
32064,0,0.125000,0.930161,32,0,1000.000,0.277351,0.000000
32064,1,0.125000,0.915842,31,0,1000.000,0.740047,0.000000
32064,2,0.125000,0.917846,28,0,1000.000,1.227771,0.000000
32064,3,0.125000,0.908682,37,0,1000.000,1.722071,0.000000
32064,4,0.125000,0.895002,34,0,1000.000,2.247824,0.000000
32064,5,0.125000,0.738114,36,5,863.306,2.325246,0.000000
32064,6,0.125000,0.016836,36,35,41.000,0.310717,0.000000
32064,7,0.125000,0.000000,34,34,10.029,0.261647,0.000000
32112,0,0.125000,0.930783,26,0,1000.000,0.288758,0.000000
32112,1,0.125000,0.917425,33,0,1000.000,0.764935,0.000000
32112,2,0.125000,0.913893,34,0,1000.000,1.235348,0.000000
32112,3,0.125000,0.909727,26,0,1000.000,1.768757,0.000000
32112,4,0.125000,0.896274,39,0,1000.000,2.235592,0.000000
32112,5,0.125000,0.820516,30,1,967.200,2.546333,0.000000
32112,6,0.125000,0.050904,29,27,81.621,0.352777,0.000000
32112,7,0.125000,0.000000,24,24,9.958,0.294610,0.000000
32160,0,0.125000,0.928871,29,0,1000.000,0.258596,0.000000
32160,1,0.125000,0.920060,28,0,1000.000,0.743129,0.000000
32160,2,0.125000,0.915268,26,0,1000.000,1.201936,0.000000
32160,3,0.125000,0.908748,27,0,1000.000,1.721163,0.000000
32160,4,0.125000,0.898280,26,0,1000.000,2.210485,0.000000
32160,5,0.125000,0.724774,33,5,850.909,2.275680,0.000000
32160,6,0.125000,0.000000,29,29,12.759,0.143548,0.000000
32160,7,0.125000,0.000000,42,42,9.929,0.279317,0.000000
32208,0,0.125000,0.929178,34,0,1000.000,0.242151,0.000000
32208,1,0.125000,0.921150,25,0,1000.000,0.740006,0.000000
32208,2,0.125000,0.917037,20,0,1000.000,1.244365,0.000000
32208,3,0.125000,0.904611,43,0,1000.000,1.737657,0.000000
32208,4,0.125000,0.899129,28,0,1000.000,2.213868,0.000000
32208,5,0.125000,0.730911,35,5,859.486,2.282714,0.000000
32208,6,0.125000,0.000000,33,33,14.848,0.228329,0.000000
32208,7,0.125000,0.000000,35,35,9.800,0.270089,0.000000
32256,0,0.125000,0.930250,36,0,1000.000,0.260608,0.000000
32256,1,0.125000,0.919623,37,0,1000.000,0.758445,0.000000
32256,2,0.125000,0.913509,25,0,1000.000,1.235970,0.000000
32256,3,0.125000,0.908581,23,0,1000.000,1.760477,0.000000
32256,4,0.125000,0.894400,40,0,1000.000,2.209908,0.000000
32256,5,0.125000,0.707747,35,6,833.486,2.294423,0.000000
32256,6,0.125000,0.030332,39,37,64.923,0.370361,0.000000
32256,7,0.125000,0.000000,23,23,10.261,0.263045,0.000000
32304,0,0.125000,0.931425,27,0,1000.000,0.322222,0.000000
32304,1,0.125000,0.918821,32,0,1000.000,0.778648,0.000000
32304,2,0.125000,0.915564,29,0,1000.000,1.270117,0.000000
32304,3,0.125000,0.909204,28,0,1000.000,1.718534,0.000000
32304,4,0.125000,0.897575,30,0,1000.000,2.220520,0.000000
32304,5,0.125000,0.761370,27,3,890.815,2.364399,0.000000
32304,6,0.125000,0.029064,44,42,58.318,0.299649,0.000000
32304,7,0.125000,0.000000,36,36,10.000,0.258806,0.000000
32352,0,0.125000,0.929455,29,0,1000.000,0.289413,0.000000
32352,1,0.125000,0.919806,25,0,1000.000,0.746050,0.000000
32352,2,0.125000,0.911535,33,0,1000.000,1.253892,0.000000
32352,3,0.125000,0.906367,31,0,1000.000,1.711875,0.000000
32352,4,0.125000,0.893382,31,0,1000.000,2.198061,0.000000
32352,5,0.125000,0.776592,26,2,924.692,2.498896,0.000000
32352,6,0.125000,0.043547,26,24,89.654,0.400284,0.000000
32352,7,0.125000,0.000000,22,22,10.000,0.272963,0.000000
32400,0,0.125000,0.928134,21,0,1000.000,0.292525,0.000000
32400,1,0.125000,0.920773,32,0,1000.000,0.711023,0.000000
32400,2,0.125000,0.916041,36,0,1000.000,1.231559,0.000000
32400,3,0.125000,0.909773,39,0,1000.000,1.723877,0.000000
32400,4,0.125000,0.898656,22,0,1000.000,2.229673,0.000000
32400,5,0.125000,0.762113,37,4,894.000,2.463502,0.000000
32400,6,0.125000,0.022480,26,25,52.077,0.343715,0.000000
32400,7,0.125000,0.000000,32,32,9.688,0.247921,0.000000
32448,0,0.125000,0.931488,28,0,1000.000,0.268005,0.000000
32448,1,0.125000,0.917862,41,0,1000.000,0.760794,0.000000
32448,2,0.125000,0.915461,25,0,1000.000,1.253266,0.000000
32448,3,0.125000,0.903700,28,0,1000.000,1.745478,0.000000
32448,4,0.125000,0.894360,29,0,1000.000,2.285406,0.000000
32448,5,0.125000,0.678020,36,7,809.500,2.245659,0.000000
32448,6,0.125000,0.064271,29,26,116.759,0.511884,0.000000
32448,7,0.125000,0.000000,23,23,10.304,0.275069,0.000000
32496,0,0.125000,0.932192,32,0,1000.000,0.280408,0.000000
32496,1,0.125000,0.925022,26,0,1000.000,0.718195,0.000000
32496,2,0.125000,0.913982,36,0,1000.000,1.239317,0.000000
32496,3,0.125000,0.907524,38,0,1000.000,1.755432,0.000000
32496,4,0.125000,0.895441,38,0,1000.000,2.231061,0.000000
32496,5,0.125000,0.767915,30,3,902.533,2.431067,0.000000
32496,6,0.125000,0.024036,23,22,57.217,0.326806,0.000000
32496,7,0.125000,0.000000,33,33,10.636,0.255824,0.000000
32544,0,0.125000,0.930410,36,0,1000.000,0.267049,0.000000
32544,1,0.125000,0.919660,26,0,1000.000,0.761712,0.000000
32544,2,0.125000,0.916801,38,0,1000.000,1.254627,0.000000
32544,3,0.125000,0.907151,41,0,1000.000,1.699975,0.000000
32544,4,0.125000,0.893563,48,0,1000.000,2.241928,0.000000
32544,5,0.125000,0.723302,29,4,865.103,2.349624,0.000000
32544,6,0.125000,0.035503,33,31,75.788,0.399725,0.000000
32544,7,0.125000,0.000000,37,37,11.054,0.219016,0.000000
32592,0,0.125000,0.931611,39,0,1000.000,0.256364,0.000000
32592,1,0.125000,0.923414,36,0,1000.000,0.782503,0.000000
32592,2,0.125000,0.914221,29,0,1000.000,1.258145,0.000000
32592,3,0.125000,0.909981,25,0,1000.000,1.735725,0.000000
32592,4,0.125000,0.894552,37,0,1000.000,2.250728,0.000000
32592,5,0.125000,0.743556,35,4,888.486,2.422562,0.000000
32592,6,0.125000,0.063475,27,24,125.333,0.505275,0.000000
32592,7,0.125000,0.000000,30,30,11.600,0.231290,0.000000
32640,0,0.125000,0.926795,33,1,991.576,0.263576,0.000000
32640,1,0.125000,0.920703,37,0,1000.000,0.760735,0.000000
32640,2,0.125000,0.912601,47,0,1000.000,1.218288,0.000000
32640,3,0.125000,0.908528,34,0,1000.000,1.708320,0.000000
32640,4,0.125000,0.893797,29,0,1000.000,2.219211,0.000000
32640,5,0.125000,0.750278,32,4,878.750,2.428879,0.000000
32640,6,0.125000,0.059094,33,30,104.394,0.437820,0.000000
32640,7,0.125000,0.000000,40,40,11.075,0.210024,0.000000
32688,0,0.125000,0.931477,32,0,1000.000,0.318563,0.000000
32688,1,0.125000,0.921778,31,0,1000.000,0.742419,0.000000
32688,2,0.125000,0.914806,28,0,1000.000,1.240726,0.000000
32688,3,0.125000,0.906804,34,0,1000.000,1.758222,0.000000
32688,4,0.125000,0.895962,36,0,1000.000,2.253354,0.000000
32688,5,0.125000,0.805821,35,2,944.086,2.523594,0.000000
32688,6,0.125000,0.000000,43,43,15.628,0.192382,0.000000
32688,7,0.125000,0.000000,25,25,11.120,0.230300,0.000000
32736,0,0.125000,0.930484,45,1,995.933,0.256802,0.000000
32736,1,0.125000,0.920158,25,0,1000.000,0.757532,0.000000
32736,2,0.125000,0.914859,32,0,1000.000,1.226022,0.000000
32736,3,0.125000,0.906586,30,0,1000.000,1.700772,0.000000
32736,4,0.125000,0.896940,36,0,1000.000,2.198171,0.000000
32736,5,0.125000,0.755318,37,4,894.378,2.399415,0.000000
32736,6,0.125000,0.031734,40,38,67.200,0.501004,0.000000
32736,7,0.125000,0.000000,49,49,10.980,0.214312,0.000000
32784,0,0.125000,0.930152,28,0,1000.000,0.251700,0.000000
32784,1,0.125000,0.919612,42,0,1000.000,0.762745,0.000000
32784,2,0.125000,0.911729,35,0,1000.000,1.237257,0.000000
32784,3,0.125000,0.907995,38,0,1000.000,1.677965,0.000000
32784,4,0.125000,0.895093,38,0,1000.000,2.198664,0.000000
32784,5,0.125000,0.782192,41,3,928.439,2.476178,0.000000
32784,6,0.125000,0.021602,35,34,43.771,0.296371,0.000000
32784,7,0.125000,0.000000,35,35,10.829,0.209417,0.000000
32832,0,0.125000,0.931819,44,0,1000.000,0.273954,0.000000
32832,1,0.125000,0.900234,34,1,971.971,0.746859,0.000000
32832,2,0.125000,0.917939,29,0,1000.000,1.234944,0.000000
32832,3,0.125000,0.908039,30,0,1000.000,1.726447,0.000000
32832,4,0.125000,0.896058,38,0,1000.000,2.239244,0.000000
32832,5,0.125000,0.799921,27,1,964.482,2.574856,0.000000
32832,6,0.125000,0.075564,34,31,118.882,0.548323,0.000000
32832,7,0.125000,0.000000,44,44,10.977,0.205844,0.000000
32880,0,0.125000,0.932588,41,0,1000.000,0.268420,0.000000
32880,1,0.125000,0.922118,35,0,1000.000,0.768162,0.000000
32880,2,0.125000,0.913836,40,0,1000.000,1.234165,0.000000
32880,3,0.125000,0.881734,36,1,973.028,1.697622,0.000000
32880,4,0.125000,0.893048,34,0,1000.000,2.201220,0.000000
32880,5,0.125000,0.791985,36,3,918.722,2.487297,0.000000
32880,6,0.125000,0.045937,38,35,91.711,0.357930,0.000000
32880,7,0.125000,0.000000,37,37,10.432,0.261116,0.000000
32928,0,0.125000,0.930209,37,1,980.595,0.255255,0.000000
32928,1,0.125000,0.921809,40,0,1000.000,0.739079,0.000000
32928,2,0.125000,0.914573,24,0,1000.000,1.257197,0.000000
32928,3,0.125000,0.906155,45,0,1000.000,1.725189,0.000000
32928,4,0.125000,0.895300,32,0,1000.000,2.241132,0.000000
32928,5,0.125000,0.796545,37,2,947.000,2.523074,0.000000
32928,6,0.125000,0.042292,43,41,69.674,0.391849,0.000000
32928,7,0.125000,0.000000,42,42,10.452,0.204439,0.000000
32976,0,0.125000,0.930257,44,0,1000.000,0.280033,0.000000
32976,1,0.125000,0.922365,23,0,1000.000,0.785731,0.000000
32976,2,0.125000,0.918156,28,0,1000.000,1.230734,0.000000
32976,3,0.125000,0.905761,38,0,1000.000,1.700105,0.000000
32976,4,0.125000,0.892420,33,0,1000.000,2.267564,0.000000
32976,5,0.125000,0.762260,49,5,900.653,2.454527,0.000000
32976,6,0.125000,0.011940,37,36,42.541,0.316107,0.000000
32976,7,0.125000,0.000000,42,42,10.238,0.242595,0.000000
33024,0,0.125000,0.932657,22,0,1000.000,0.278352,0.000000
33024,1,0.125000,0.919349,45,0,1000.000,0.785317,0.000000
33024,2,0.125000,0.916052,39,0,1000.000,1.239434,0.000000
33024,3,0.125000,0.906999,23,0,1000.000,1.756363,0.000000
33024,4,0.125000,0.891192,32,0,1000.000,2.228971,0.000000
33024,5,0.125000,0.763895,28,3,895.536,2.453146,0.000000
33024,6,0.125000,0.013606,50,49,35.420,0.295918,0.000000
33024,7,0.125000,0.000000,27,27,10.407,0.210689,0.000000
33072,0,0.125000,0.933717,45,0,1000.000,0.297802,0.000000
33072,1,0.125000,0.922563,38,0,1000.000,0.779206,0.000000
33072,2,0.125000,0.912753,29,0,1000.000,1.252617,0.000000
33072,3,0.125000,0.912284,26,0,1000.000,1.713429,0.000000
33072,4,0.125000,0.895282,29,0,1000.000,2.221263,0.000000
33072,5,0.125000,0.801678,32,2,939.062,2.584306,0.000000
33072,6,0.125000,0.018252,38,37,41.026,0.314492,0.000000
33072,7,0.125000,0.000000,41,41,10.341,0.245821,0.000000
33120,0,0.125000,0.932645,26,0,1000.000,0.268253,0.000000
33120,1,0.125000,0.915724,27,0,1000.000,0.788160,0.000000
33120,2,0.125000,0.915202,28,0,1000.000,1.263729,0.000000
33120,3,0.125000,0.906358,33,0,1000.000,1.762302,0.000000
33120,4,0.125000,0.896091,36,0,1000.000,2.230262,0.000000
33120,5,0.125000,0.767036,29,3,898.345,2.480406,0.000000
33120,6,0.125000,0.019114,31,30,46.645,0.307682,0.000000
33120,7,0.125000,0.000000,28,28,10.250,0.212067,0.000000
33168,0,0.125000,0.935532,25,0,1000.000,0.268081,0.000000
33168,1,0.125000,0.920739,27,0,1000.000,0.732720,0.000000
33168,2,0.125000,0.914849,20,0,1000.000,1.223364,0.000000
33168,3,0.125000,0.907941,31,0,1000.000,1.718667,0.000000
33168,4,0.125000,0.892035,36,0,1000.000,2.248991,0.000000
33168,5,0.125000,0.759153,35,4,888.514,2.398096,0.000000
33168,6,0.125000,0.000000,27,27,14.148,0.180854,0.000000
33168,7,0.125000,0.000000,36,36,10.472,0.254341,0.000000
33216,0,0.125000,0.928780,34,0,1000.000,0.251063,0.000000
33216,1,0.125000,0.917394,30,0,1000.000,0.754849,0.000000
33216,2,0.125000,0.912965,25,0,1000.000,1.210663,0.000000
33216,3,0.125000,0.906378,36,0,1000.000,1.717496,0.000000
33216,4,0.125000,0.893675,41,0,1000.000,2.234351,0.000000
33216,5,0.125000,0.865178,16,0,1000.000,2.701540,0.000000
33216,6,0.125000,0.025546,29,28,48.897,0.291455,0.000000
33216,7,0.125000,0.000000,40,40,10.600,0.259190,0.000000
33264,0,0.125000,0.932965,21,0,1000.000,0.298986,0.000000
33264,1,0.125000,0.917513,27,0,1000.000,0.720482,0.000000
33264,2,0.125000,0.915343,38,0,1000.000,1.230724,0.000000
33264,3,0.125000,0.906811,35,0,1000.000,1.721682,0.000000
33264,4,0.125000,0.891649,37,0,1000.000,2.221418,0.000000
33264,5,0.125000,0.847070,26,0,1000.000,2.663818,0.000000
33264,6,0.125000,0.050109,27,26,77.741,0.379583,0.000000
33264,7,0.125000,0.000000,26,26,10.692,0.261673,0.000000
33312,0,0.125000,0.930137,25,0,1000.000,0.253647,0.000000
33312,1,0.125000,0.921439,35,0,1000.000,0.728416,0.000000
33312,2,0.125000,0.913147,29,0,1000.000,1.210396,0.000000
33312,3,0.125000,0.901242,28,0,1000.000,1.657262,0.000000
33312,4,0.125000,0.893933,32,0,1000.000,2.199278,0.000000
33312,5,0.125000,0.755104,35,4,888.971,2.398994,0.000000
33312,6,0.125000,0.022732,25,24,56.280,0.352321,0.000000
33312,7,0.125000,0.000000,37,37,10.865,0.224101,0.000000
33360,0,0.125000,0.934294,27,0,1000.000,0.217257,0.000000
33360,1,0.125000,0.921173,34,0,1000.000,0.754312,0.000000
33360,2,0.125000,0.915114,27,0,1000.000,1.203124,0.000000
33360,3,0.125000,0.906433,37,0,1000.000,1.717706,0.000000
33360,4,0.125000,0.891567,26,0,1000.000,2.162620,0.000000
33360,5,0.125000,0.799073,14,1,930.214,2.473586,0.000000
33360,6,0.125000,0.017528,27,26,53.667,0.422947,0.000000
33360,7,0.125000,0.000000,23,23,10.783,0.235932,0.000000
33408,0,0.125000,0.929374,37,0,1000.000,0.289566,0.000000
33408,1,0.125000,0.915741,32,0,1000.000,0.791305,0.000000
33408,2,0.125000,0.911055,34,0,1000.000,1.237287,0.000000
33408,3,0.125000,0.905307,27,0,1000.000,1.688516,0.000000
33408,4,0.125000,0.889013,28,0,1000.000,2.196088,0.000000
33408,5,0.125000,0.819212,29,1,966.379,2.544623,0.000000
33408,6,0.125000,0.021172,29,28,50.931,0.357738,0.000000
33408,7,0.125000,0.000000,39,39,10.821,0.224530,0.000000
33456,0,0.125000,0.930367,25,0,1000.000,0.294014,0.000000
33456,1,0.125000,0.912178,37,1,974.973,0.727978,0.000000
33456,2,0.125000,0.910509,34,0,1000.000,1.244215,0.000000
33456,3,0.125000,0.905879,32,0,1000.000,1.700499,0.000000
33456,4,0.125000,0.887116,27,0,1000.000,2.159212,0.000000
33456,5,0.125000,0.702240,40,7,828.825,2.252530,0.000000
33456,6,0.125000,0.022438,27,26,53.370,0.366256,0.000000
33456,7,0.125000,0.000000,26,26,10.846,0.237679,0.000000
33504,0,0.125000,0.930732,38,0,1000.000,0.292607,0.000000
33504,1,0.125000,0.918799,32,0,1000.000,0.800858,0.000000
33504,2,0.125000,0.913414,33,0,1000.000,1.251813,0.000000
33504,3,0.125000,0.906506,28,0,1000.000,1.723944,0.000000
33504,4,0.125000,0.890085,36,0,1000.000,2.182287,0.000000
33504,5,0.125000,0.828218,36,1,972.861,2.604666,0.000000
33504,6,0.125000,0.000000,33,33,15.606,0.211645,0.000000
33504,7,0.125000,0.000000,39,39,10.923,0.268679,0.000000
33552,0,0.125000,0.931199,38,0,1000.000,0.275872,0.000000
33552,1,0.125000,0.920328,28,0,1000.000,0.794446,0.000000
33552,2,0.125000,0.911916,38,0,1000.000,1.225927,0.000000
33552,3,0.125000,0.903146,31,0,1000.000,1.701796,0.000000
33552,4,0.125000,0.893060,27,0,1000.000,2.233535,0.000000
33552,5,0.125000,0.801943,43,2,954.791,2.516743,0.000000
33552,6,0.125000,0.031431,25,24,56.240,0.331719,0.000000
33552,7,0.125000,0.000000,36,36,10.972,0.274392,0.000000
33600,0,0.125000,0.929134,38,1,982.789,0.285191,0.000000
33600,1,0.125000,0.921821,26,0,1000.000,0.734348,0.000000
33600,2,0.125000,0.912714,30,0,1000.000,1.245059,0.000000
33600,3,0.125000,0.902555,43,0,1000.000,1.725158,0.000000
33600,4,0.125000,0.889877,37,0,1000.000,2.231845,0.000000
33600,5,0.125000,0.824584,27,1,963.778,2.621313,0.000000
33600,6,0.125000,0.036168,33,31,74.182,0.324922,0.000000
33600,7,0.125000,0.000000,43,43,10.512,0.287751,0.000000
33648,0,0.125000,0.932141,37,1,996.865,0.289184,0.000000
33648,1,0.125000,0.920172,47,0,1000.000,0.777255,0.000000
33648,2,0.125000,0.910953,33,0,1000.000,1.219441,0.000000
33648,3,0.125000,0.904029,31,0,1000.000,1.770337,0.000000
33648,4,0.125000,0.888551,29,0,1000.000,2.229368,0.000000
33648,5,0.125000,0.761554,33,3,911.151,2.428110,0.000000
33648,6,0.125000,0.014007,39,38,41.590,0.348498,0.000000
33648,7,0.125000,0.000000,42,42,10.667,0.294973,0.000000
33696,0,0.125000,0.931382,31,0,1000.000,0.265317,0.000000
33696,1,0.125000,0.921520,21,0,1000.000,0.769338,0.000000
33696,2,0.125000,0.911964,37,0,1000.000,1.262601,0.000000
33696,3,0.125000,0.903204,38,0,1000.000,1.719966,0.000000
33696,4,0.125000,0.890625,28,0,1000.000,2.193739,0.000000
33696,5,0.125000,0.774972,37,3,920.622,2.466035,0.000000
33696,6,0.125000,0.020551,35,34,42.800,0.262626,0.000000
33696,7,0.125000,0.000000,40,40,10.625,0.279353,0.000000
33744,0,0.125000,0.930232,38,0,1000.000,0.279524,0.000000
33744,1,0.125000,0.918675,26,0,1000.000,0.749742,0.000000
33744,2,0.125000,0.915216,35,0,1000.000,1.202677,0.000000
33744,3,0.125000,0.904030,42,0,1000.000,1.677865,0.000000
33744,4,0.125000,0.893552,39,0,1000.000,2.202893,0.000000
33744,5,0.125000,0.788041,30,2,935.800,2.512740,0.000000
33744,6,0.125000,0.042825,35,33,71.743,0.375739,0.000000
33744,7,0.125000,0.000000,29,29,10.276,0.297406,0.000000
33792,0,0.125000,0.931329,29,1,993.448,0.286148,0.000000
33792,1,0.125000,0.920165,42,0,1000.000,0.761239,0.000000
33792,2,0.125000,0.915298,40,0,1000.000,1.272851,0.000000
33792,3,0.125000,0.902947,38,0,1000.000,1.684715,0.000000
33792,4,0.125000,0.891689,33,0,1000.000,2.187848,0.000000
33792,5,0.125000,0.761251,37,4,894.513,2.368009,0.000000
33792,6,0.125000,0.032900,36,34,68.722,0.371976,0.000000
33792,7,0.125000,0.000000,47,47,10.362,0.297518,0.000000
33840,0,0.125000,0.919021,40,1,976.425,0.283239,0.000000
33840,1,0.125000,0.923659,28,0,1000.000,0.774009,0.000000
33840,2,0.125000,0.913501,38,0,1000.000,1.239943,0.000000
33840,3,0.125000,0.903886,33,0,1000.000,1.717348,0.000000
33840,4,0.125000,0.890276,38,0,1000.000,2.202126,0.000000
33840,5,0.125000,0.804251,33,2,942.061,2.545722,0.000000
33840,6,0.125000,0.026862,19,18,66.474,0.379391,0.000000
33840,7,0.125000,0.000000,36,36,10.306,0.273107,0.000000
33888,0,0.125000,0.928672,27,0,1000.000,0.262692,0.000000
33888,1,0.125000,0.922694,51,0,1000.000,0.753158,0.000000
33888,2,0.125000,0.912723,37,0,1000.000,1.199154,0.000000
33888,3,0.125000,0.906541,24,0,1000.000,1.707891,0.000000
33888,4,0.125000,0.888676,51,0,1000.000,2.215206,0.000000
33888,5,0.125000,0.774086,34,3,914.147,2.477962,0.000000
33888,6,0.125000,0.024575,44,42,59.000,0.310210,0.000000
33888,7,0.125000,0.000000,30,30,10.467,0.302554,0.000000
33936,0,0.125000,0.932706,37,0,1000.000,0.250522,0.000000
33936,1,0.125000,0.920827,44,0,1000.000,0.733925,0.000000
33936,2,0.125000,0.913865,30,0,1000.000,1.231671,0.000000
33936,3,0.125000,0.900512,35,0,1000.000,1.713173,0.000000
33936,4,0.125000,0.889328,32,0,1000.000,2.206119,0.000000
33936,5,0.125000,0.746147,42,5,883.619,2.378351,0.000000
33936,6,0.125000,0.011301,47,46,35.511,0.237244,0.000000
33936,7,0.125000,0.000000,43,43,10.279,0.277810,0.000000
33984,0,0.125000,0.930393,45,0,1000.000,0.236520,0.000000
33984,1,0.125000,0.917815,24,0,1000.000,0.737547,0.000000
33984,2,0.125000,0.912409,35,0,1000.000,1.242085,0.000000
33984,3,0.125000,0.900913,34,0,1000.000,1.678638,0.000000
33984,4,0.125000,0.889083,25,0,1000.000,2.220854,0.000000
33984,5,0.125000,0.796186,39,2,950.333,2.583875,0.000000
33984,6,0.125000,0.033650,23,22,57.870,0.350399,0.000000
33984,7,0.125000,0.000000,32,32,10.562,0.258709,0.000000
34032,0,0.125000,0.930765,31,0,1000.000,0.253993,0.000000
34032,1,0.125000,0.923449,40,0,1000.000,0.697553,0.000000
34032,2,0.125000,0.910788,32,0,1000.000,1.248848,0.000000
34032,3,0.125000,0.903538,38,0,1000.000,1.728529,0.000000
34032,4,0.125000,0.893994,30,0,1000.000,2.226567,0.000000
34032,5,0.125000,0.808599,23,1,957.174,2.607811,0.000000
34032,6,0.125000,0.039151,30,28,79.133,0.377344,0.000000
34032,7,0.125000,0.000000,24,24,10.083,0.273023,0.000000
34080,0,0.125000,0.932092,33,0,1000.000,0.272136,0.000000
34080,1,0.125000,0.922194,32,0,1000.000,0.796804,0.000000
34080,2,0.125000,0.913264,26,0,1000.000,1.257801,0.000000
34080,3,0.125000,0.906067,43,0,1000.000,1.700679,0.000000
34080,4,0.125000,0.895624,40,0,1000.000,2.215425,0.000000
34080,5,0.125000,0.848649,26,0,1000.000,2.657336,0.000000
34080,6,0.125000,0.040577,31,29,78.774,0.391532,0.000000
34080,7,0.125000,0.000000,28,28,10.286,0.294109,0.000000
34128,0,0.125000,0.933134,31,1,989.871,0.279522,0.000000
34128,1,0.125000,0.922381,25,0,1000.000,0.766105,0.000000
34128,2,0.125000,0.914397,23,0,1000.000,1.256406,0.000000
34128,3,0.125000,0.902847,39,0,1000.000,1.705527,0.000000
34128,4,0.125000,0.893989,25,0,1000.000,2.208791,0.000000
34128,5,0.125000,0.790257,29,2,932.517,2.519814,0.000000
34128,6,0.125000,0.000000,19,19,15.421,0.217864,0.000000
34128,7,0.125000,0.000000,35,35,10.343,0.230549,0.000000
34176,0,0.125000,0.932227,28,0,1000.000,0.317342,0.000000
34176,1,0.125000,0.918387,39,0,1000.000,0.767146,0.000000
34176,2,0.125000,0.916231,24,0,1000.000,1.244555,0.000000
34176,3,0.125000,0.903756,31,0,1000.000,1.748730,0.000000
34176,4,0.125000,0.899382,23,0,1000.000,2.229245,0.000000
34176,5,0.125000,0.810479,25,1,960.800,2.561992,0.000000
34176,6,0.125000,0.021991,34,33,44.000,0.320245,0.000000
34176,7,0.125000,0.000000,41,41,10.146,0.220622,0.000000
34224,0,0.125000,0.932159,36,0,1000.000,0.261041,0.000000
34224,1,0.125000,0.922490,29,0,1000.000,0.783115,0.000000
34224,2,0.125000,0.910258,26,0,1000.000,1.268507,0.000000
34224,3,0.125000,0.901337,35,0,1000.000,1.673120,0.000000
34224,4,0.125000,0.888360,33,0,1000.000,2.192649,0.000000
34224,5,0.125000,0.755021,28,3,895.143,2.438869,0.000000
34224,6,0.125000,0.000000,30,30,13.567,0.173186,0.000000
34224,7,0.125000,0.000000,33,33,10.515,0.217636,0.000000
34272,0,0.125000,0.931169,39,0,1000.000,0.264164,0.000000
34272,1,0.125000,0.918045,20,0,1000.000,0.767097,0.000000
34272,2,0.125000,0.912611,37,0,1000.000,1.200873,0.000000
34272,3,0.125000,0.901145,28,0,1000.000,1.660800,0.000000
34272,4,0.125000,0.882838,26,0,1000.000,2.189821,0.000000
34272,5,0.125000,0.827656,38,1,974.789,2.572827,0.000000
34272,6,0.125000,0.047004,29,27,84.517,0.448124,0.000000
34272,7,0.125000,0.000000,30,30,10.733,0.198700,0.000000
34320,0,0.125000,0.930270,24,0,1000.000,0.264700,0.000000
34320,1,0.125000,0.918940,25,0,1000.000,0.733703,0.000000
34320,2,0.125000,0.912614,27,0,1000.000,1.209630,0.000000
34320,3,0.125000,0.905308,30,0,1000.000,1.704750,0.000000
34320,4,0.125000,0.891079,30,0,1000.000,2.259171,0.000000
34320,5,0.125000,0.849244,35,0,1000.000,2.656929,0.000000
34320,6,0.125000,0.020815,32,31,45.594,0.350545,0.000000
34320,7,0.125000,0.000000,27,27,10.333,0.208700,0.000000
34368,0,0.125000,0.933074,34,0,1000.000,0.266225,0.000000
34368,1,0.125000,0.922873,24,0,1000.000,0.743122,0.000000
34368,2,0.125000,0.913616,31,0,1000.000,1.232929,0.000000
34368,3,0.125000,0.904024,34,0,1000.000,1.699065,0.000000
34368,4,0.125000,0.888341,28,0,1000.000,2.253497,0.000000
34368,5,0.125000,0.847186,22,0,1000.000,2.686946,0.000000
34368,6,0.125000,0.075139,23,20,143.348,0.597721,0.000000
34368,7,0.125000,0.000000,22,22,10.500,0.189836,0.000000
34416,0,0.125000,0.933206,36,0,1000.000,0.258406,0.000000
34416,1,0.125000,0.919592,31,0,1000.000,0.747159,0.000000
34416,2,0.125000,0.912885,35,0,1000.000,1.246102,0.000000
34416,3,0.125000,0.902717,25,0,1000.000,1.743199,0.000000
34416,4,0.125000,0.891334,26,0,1000.000,2.228851,0.000000
34416,5,0.125000,0.823150,26,1,962.231,2.572642,0.000000
34416,6,0.125000,0.041690,34,32,73.647,0.399636,0.000000
34416,7,0.125000,0.000000,29,29,10.414,0.201046,0.000000
34464,0,0.125000,0.930783,34,0,1000.000,0.228344,0.000000
34464,1,0.125000,0.917575,38,0,1000.000,0.748165,0.000000
34464,2,0.125000,0.914841,30,0,1000.000,1.226109,0.000000
34464,3,0.125000,0.902786,36,0,1000.000,1.755232,0.000000
34464,4,0.125000,0.888025,28,0,1000.000,2.235082,0.000000
34464,5,0.125000,0.807336,31,1,968.194,2.572796,0.000000
34464,6,0.125000,0.021767,29,28,48.241,0.304549,0.000000
34464,7,0.125000,0.000000,28,28,9.964,0.228427,0.000000
34512,0,0.125000,0.929725,35,0,1000.000,0.264144,0.000000
34512,1,0.125000,0.923559,25,0,1000.000,0.750434,0.000000
34512,2,0.125000,0.910272,34,0,1000.000,1.249269,0.000000
34512,3,0.125000,0.903433,35,0,1000.000,1.708070,0.000000
34512,4,0.125000,0.889802,24,0,1000.000,2.173613,0.000000
34512,5,0.125000,0.815571,32,1,969.469,2.572461,0.000000
34512,6,0.125000,0.071592,20,18,116.650,0.602751,0.000000
34512,7,0.125000,0.000000,36,36,10.500,0.211641,0.000000
34560,0,0.125000,0.932599,47,0,1000.000,0.246263,0.000000
34560,1,0.125000,0.919940,40,0,1000.000,0.771123,0.000000
34560,2,0.125000,0.912868,31,0,1000.000,1.234593,0.000000
34560,3,0.125000,0.901977,30,0,1000.000,1.733649,0.000000
34560,4,0.125000,0.891613,32,0,1000.000,2.229291,0.000000
34560,5,0.125000,0.834664,38,1,974.211,2.587138,0.000000
34560,6,0.125000,0.022137,24,23,55.875,0.322247,0.000000
34560,7,0.125000,0.000000,33,33,10.061,0.230424,0.000000
34608,0,0.125000,0.929712,31,1,986.903,0.325542,0.000000
34608,1,0.125000,0.922251,27,0,1000.000,0.758556,0.000000
34608,2,0.125000,0.915203,36,0,1000.000,1.284006,0.000000
34608,3,0.125000,0.904316,32,0,1000.000,1.734980,0.000000
34608,4,0.125000,0.887829,30,0,1000.000,2.214692,0.000000
34608,5,0.125000,0.851751,35,0,1000.000,2.638796,0.000000
34608,6,0.125000,0.048208,27,25,87.852,0.397611,0.000000
34608,7,0.125000,0.000000,43,43,9.977,0.246248,0.000000
34656,0,0.125000,0.932263,31,0,1000.000,0.306517,0.000000
34656,1,0.125000,0.922368,35,0,1000.000,0.759345,0.000000
34656,2,0.125000,0.914567,29,0,1000.000,1.245999,0.000000
34656,3,0.125000,0.901506,41,0,1000.000,1.707252,0.000000
34656,4,0.125000,0.896426,36,0,1000.000,2.230663,0.000000
34656,5,0.125000,0.826867,38,1,974.158,2.576831,0.000000
34656,6,0.125000,0.029982,28,27,50.321,0.355312,0.000000
34656,7,0.125000,0.000000,36,36,10.528,0.223577,0.000000
34704,0,0.125000,0.932994,34,0,1000.000,0.279790,0.000000
34704,1,0.125000,0.921353,35,0,1000.000,0.751387,0.000000
34704,2,0.125000,0.914647,32,0,1000.000,1.225410,0.000000
34704,3,0.125000,0.904148,29,0,1000.000,1.710327,0.000000
34704,4,0.125000,0.898700,25,0,1000.000,2.170032,0.000000
34704,5,0.125000,0.822135,37,1,973.541,2.575310,0.000000
34704,6,0.125000,0.019495,42,41,39.190,0.339776,0.000000
34704,7,0.125000,0.000000,32,32,10.000,0.220987,0.000000
34752,0,0.125000,0.932504,34,0,1000.000,0.280861,0.000000
34752,1,0.125000,0.921549,30,0,1000.000,0.750257,0.000000
34752,2,0.125000,0.911740,25,0,1000.000,1.226779,0.000000
34752,3,0.125000,0.903702,31,0,1000.000,1.715464,0.000000
34752,4,0.125000,0.889386,48,0,1000.000,2.204566,0.000000
34752,5,0.125000,0.861344,41,0,1000.000,2.662774,0.000000
34752,6,0.125000,0.000000,16,16,14.625,0.184174,0.000000
34752,7,0.125000,0.000000,28,28,10.071,0.224295,0.000000
34800,0,0.125000,0.930998,32,0,1000.000,0.283075,0.000000
34800,1,0.125000,0.921551,35,0,1000.000,0.767060,0.000000
34800,2,0.125000,0.912519,41,0,1000.000,1.204524,0.000000
34800,3,0.125000,0.905989,42,0,1000.000,1.700588,0.000000
34800,4,0.125000,0.888955,38,0,1000.000,2.174032,0.000000
34800,5,0.125000,0.836921,43,1,977.093,2.618425,0.000000
34800,6,0.125000,0.044603,32,30,76.531,0.384949,0.000000
34800,7,0.125000,0.000000,32,32,10.438,0.239503,0.000000
34848,0,0.125000,0.933623,24,0,1000.000,0.270476,0.000000
34848,1,0.125000,0.920254,41,0,1000.000,0.759778,0.000000
34848,2,0.125000,0.913858,41,0,1000.000,1.198235,0.000000
34848,3,0.125000,0.900480,31,0,1000.000,1.725736,0.000000
34848,4,0.125000,0.895314,28,0,1000.000,2.210556,0.000000
34848,5,0.125000,0.774854,37,3,920.216,2.443999,0.000000
34848,6,0.125000,0.000000,36,36,14.639,0.218341,0.000000
34848,7,0.125000,0.000000,34,34,10.471,0.263313,0.000000
34896,0,0.125000,0.934273,45,0,1000.000,0.281462,0.000000
34896,1,0.125000,0.920925,33,0,1000.000,0.740925,0.000000
34896,2,0.125000,0.913698,31,0,1000.000,1.191512,0.000000
34896,3,0.125000,0.904406,26,0,1000.000,1.673883,0.000000
34896,4,0.125000,0.893900,33,0,1000.000,2.177082,0.000000
34896,5,0.125000,0.825139,47,1,979.149,2.528841,0.000000
34896,6,0.125000,0.052354,26,24,90.308,0.447740,0.000000
34896,7,0.125000,0.000000,30,30,10.367,0.240431,0.000000
34944,0,0.125000,0.934749,47,0,1000.000,0.270631,0.000000
34944,1,0.125000,0.920855,45,0,1000.000,0.755322,0.000000
34944,2,0.125000,0.916112,39,0,1000.000,1.233256,0.000000
34944,3,0.125000,0.900253,26,0,1000.000,1.706608,0.000000
34944,4,0.125000,0.894086,33,0,1000.000,2.205460,0.000000
34944,5,0.125000,0.800420,32,2,938.906,2.509529,0.000000
34944,6,0.125000,0.037871,43,41,59.791,0.329297,0.000000
34944,7,0.125000,0.000000,53,53,10.000,0.235881,0.000000
34992,0,0.125000,0.931894,34,0,1000.000,0.286580,0.000000
34992,1,0.125000,0.922454,25,0,1000.000,0.737798,0.000000
34992,2,0.125000,0.912824,27,0,1000.000,1.232608,0.000000
34992,3,0.125000,0.903391,43,0,1000.000,1.729609,0.000000
34992,4,0.125000,0.889623,37,0,1000.000,2.171923,0.000000
34992,5,0.125000,0.760090,42,4,906.810,2.416380,0.000000
34992,6,0.125000,0.012388,52,51,33.462,0.254983,0.000000
34992,7,0.125000,0.000000,34,34,10.118,0.229007,0.000000
35040,0,0.125000,0.934075,31,0,1000.000,0.237763,0.000000
35040,1,0.125000,0.920289,36,0,1000.000,0.739540,0.000000
35040,2,0.125000,0.914138,28,0,1000.000,1.238789,0.000000
35040,3,0.125000,0.899995,32,0,1000.000,1.727544,0.000000
35040,4,0.125000,0.887566,42,0,1000.000,2.180682,0.000000
35040,5,0.125000,0.728393,29,4,864.517,2.351251,0.000000
35040,6,0.125000,0.000000,35,35,14.629,0.222250,0.000000
35040,7,0.125000,0.000000,35,35,10.514,0.251951,0.000000
35088,0,0.125000,0.933291,26,0,1000.000,0.195541,0.000000
35088,1,0.125000,0.921621,27,0,1000.000,0.750356,0.000000
35088,2,0.125000,0.916188,30,0,1000.000,1.278726,0.000000
35088,3,0.125000,0.905118,43,0,1000.000,1.735052,0.000000
35088,4,0.125000,0.888137,41,0,1000.000,2.209073,0.000000
35088,5,0.125000,0.824739,27,1,963.444,2.531858,0.000000
35088,6,0.125000,0.000000,36,36,14.583,0.183949,0.000000
35088,7,0.125000,0.000000,40,40,10.550,0.228510,0.000000
35136,0,0.125000,0.932718,27,0,1000.000,0.305065,0.000000
35136,1,0.125000,0.921518,29,0,1000.000,0.779376,0.000000
35136,2,0.125000,0.916923,37,0,1000.000,1.251989,0.000000
35136,3,0.125000,0.903997,29,0,1000.000,1.667490,0.000000
35136,4,0.125000,0.852289,22,1,958.682,2.121361,0.000000
35136,5,0.125000,0.718548,27,4,854.741,2.332214,0.000000
35136,6,0.125000,0.037133,21,20,63.238,0.365503,0.000000
35136,7,0.125000,0.000000,36,36,10.639,0.238836,0.000000
35184,0,0.125000,0.930191,31,0,1000.000,0.291343,0.000000
35184,1,0.125000,0.923632,27,0,1000.000,0.766048,0.000000
35184,2,0.125000,0.913378,31,0,1000.000,1.229709,0.000000
35184,3,0.125000,0.902315,32,0,1000.000,1.722623,0.000000
35184,4,0.125000,0.890272,24,0,1000.000,2.261339,0.000000
35184,5,0.125000,0.853611,27,0,1000.000,2.657657,0.000000
35184,6,0.125000,0.029958,25,24,56.000,0.408805,0.000000
35184,7,0.125000,0.000000,29,29,10.793,0.200808,0.000000
35232,0,0.125000,0.933326,32,0,1000.000,0.257217,0.000000
35232,1,0.125000,0.919000,40,0,1000.000,0.741525,0.000000
35232,2,0.125000,0.913448,32,0,1000.000,1.240918,0.000000
35232,3,0.125000,0.903122,29,0,1000.000,1.738834,0.000000
35232,4,0.125000,0.891102,36,0,1000.000,2.222266,0.000000
35232,5,0.125000,0.795784,28,2,930.286,2.471767,0.000000
35232,6,0.125000,0.051741,37,34,94.730,0.385769,0.000000
35232,7,0.125000,0.000000,38,38,10.816,0.255524,0.000000
35280,0,0.125000,0.935893,31,0,1000.000,0.260912,0.000000
35280,1,0.125000,0.921921,38,0,1000.000,0.766347,0.000000
35280,2,0.125000,0.911405,26,0,1000.000,1.253105,0.000000
35280,3,0.125000,0.903709,33,0,1000.000,1.723745,0.000000
35280,4,0.125000,0.896605,26,0,1000.000,2.218110,0.000000
35280,5,0.125000,0.790954,26,2,924.885,2.500202,0.000000
35280,6,0.125000,0.041451,49,46,75.061,0.369721,0.000000
35280,7,0.125000,0.000000,39,39,10.564,0.255923,0.000000
35328,0,0.125000,0.931076,24,1,984.333,0.241414,0.000000
35328,1,0.125000,0.923045,27,0,1000.000,0.738555,0.000000
35328,2,0.125000,0.912891,34,0,1000.000,1.232531,0.000000
35328,3,0.125000,0.905129,29,0,1000.000,1.706894,0.000000
35328,4,0.125000,0.889839,30,0,1000.000,2.236319,0.000000
35328,5,0.125000,0.808216,34,2,942.471,2.520711,0.000000
35328,6,0.125000,0.000000,35,35,13.971,0.189629,0.000000
35328,7,0.125000,0.000000,37,37,10.135,0.264910,0.000000
35376,0,0.125000,0.930025,26,0,1000.000,0.252603,0.000000
35376,1,0.125000,0.921045,39,0,1000.000,0.762423,0.000000
35376,2,0.125000,0.913991,20,0,1000.000,1.239060,0.000000
35376,3,0.125000,0.903636,25,0,1000.000,1.741037,0.000000
35376,4,0.125000,0.888579,35,0,1000.000,2.220270,0.000000
35376,5,0.125000,0.825117,27,1,963.593,2.605214,0.000000
35376,6,0.125000,0.000000,31,31,15.452,0.252445,0.000000
35376,7,0.125000,0.000000,32,32,10.031,0.248689,0.000000
35424,0,0.125000,0.935041,23,0,1000.000,0.290036,0.000000
35424,1,0.125000,0.919173,39,0,1000.000,0.714498,0.000000
35424,2,0.125000,0.912975,28,0,1000.000,1.194970,0.000000
35424,3,0.125000,0.907883,35,0,1000.000,1.698186,0.000000
35424,4,0.125000,0.890262,36,0,1000.000,2.193668,0.000000
35424,5,0.125000,0.716311,27,4,856.407,2.310028,0.000000
35424,6,0.125000,0.018711,30,29,47.933,0.304573,0.000000
35424,7,0.125000,0.000000,34,34,10.765,0.228833,0.000000
35472,0,0.125000,0.930346,28,0,1000.000,0.287734,0.000000
35472,1,0.125000,0.916102,38,0,1000.000,0.757266,0.000000
35472,2,0.125000,0.912501,31,0,1000.000,1.231054,0.000000
35472,3,0.125000,0.901436,29,0,1000.000,1.684602,0.000000
35472,4,0.125000,0.887115,33,0,1000.000,2.215122,0.000000
35472,5,0.125000,0.794943,32,2,939.375,2.548295,0.000000
35472,6,0.125000,0.024815,33,32,45.152,0.273248,0.000000
35472,7,0.125000,0.000000,27,27,10.852,0.239188,0.000000
35520,0,0.125000,0.931924,35,0,1000.000,0.281924,0.000000
35520,1,0.125000,0.920425,38,0,1000.000,0.761838,0.000000
35520,2,0.125000,0.916693,28,0,1000.000,1.254298,0.000000
35520,3,0.125000,0.904298,28,0,1000.000,1.709043,0.000000
35520,4,0.125000,0.886879,37,0,1000.000,2.203499,0.000000
35520,5,0.125000,0.821843,29,1,966.000,2.545574,0.000000
35520,6,0.125000,0.094855,28,24,156.500,0.629665,0.000000
35520,7,0.125000,0.000000,25,25,10.880,0.222048,0.000000
35568,0,0.125000,0.927890,27,1,978.815,0.300303,0.000000
35568,1,0.125000,0.920921,35,0,1000.000,0.749499,0.000000
35568,2,0.125000,0.915036,32,0,1000.000,1.251579,0.000000
35568,3,0.125000,0.905151,41,0,1000.000,1.728461,0.000000
35568,4,0.125000,0.893586,40,0,1000.000,2.212994,0.000000
35568,5,0.125000,0.800539,35,2,944.343,2.500215,0.000000
35568,6,0.125000,0.064544,29,26,116.931,0.481212,0.000000
35568,7,0.125000,0.000000,37,37,10.649,0.211208,0.000000
35616,0,0.125000,0.933333,32,0,1000.000,0.282771,0.000000
35616,1,0.125000,0.921353,32,0,1000.000,0.745539,0.000000
35616,2,0.125000,0.915112,37,0,1000.000,1.221657,0.000000
35616,3,0.125000,0.904527,34,0,1000.000,1.720543,0.000000
35616,4,0.125000,0.889019,28,0,1000.000,2.251356,0.000000
35616,5,0.125000,0.820009,31,1,968.677,2.574757,0.000000
35616,6,0.125000,0.075628,37,33,122.676,0.596438,0.000000
35616,7,0.125000,0.000000,23,23,10.870,0.226108,0.000000
35664,0,0.125000,0.931322,35,0,1000.000,0.292774,0.000000
35664,1,0.125000,0.918680,35,0,1000.000,0.790143,0.000000
35664,2,0.125000,0.914348,29,0,1000.000,1.258602,0.000000
35664,3,0.125000,0.904508,22,0,1000.000,1.714912,0.000000
35664,4,0.125000,0.892691,33,0,1000.000,2.252825,0.000000
35664,5,0.125000,0.800735,36,2,945.194,2.550108,0.000000
35664,6,0.125000,0.033323,35,33,72.371,0.404220,0.000000
35664,7,0.125000,0.000000,41,41,10.659,0.245822,0.000000
35712,0,0.125000,0.931383,41,0,1000.000,0.280921,0.000000
35712,1,0.125000,0.917662,34,0,1000.000,0.766763,0.000000
35712,2,0.125000,0.917285,33,0,1000.000,1.255289,0.000000
35712,3,0.125000,0.906607,26,0,1000.000,1.739368,0.000000
35712,4,0.125000,0.892249,31,0,1000.000,2.210962,0.000000
35712,5,0.125000,0.816507,48,2,959.271,2.581891,0.000000
35712,6,0.125000,0.044543,29,27,82.793,0.426011,0.000000
35712,7,0.125000,0.000000,33,33,10.303,0.254946,0.000000
35760,0,0.125000,0.934118,37,0,1000.000,0.270079,0.000000
35760,1,0.125000,0.921796,34,0,1000.000,0.753759,0.000000
35760,2,0.125000,0.915770,36,0,1000.000,1.213150,0.000000
35760,3,0.125000,0.904927,39,0,1000.000,1.719221,0.000000
35760,4,0.125000,0.888768,27,0,1000.000,2.229624,0.000000
35760,5,0.125000,0.735637,38,5,871.684,2.382145,0.000000
35760,6,0.125000,0.062079,31,28,109.097,0.440015,0.000000
35760,7,0.125000,0.000000,44,44,10.477,0.253638,0.000000
35808,0,0.125000,0.934557,27,0,1000.000,0.288625,0.000000
35808,1,0.125000,0.921080,34,0,1000.000,0.770302,0.000000
35808,2,0.125000,0.913170,45,0,1000.000,1.256948,0.000000
35808,3,0.125000,0.904245,40,0,1000.000,1.744004,0.000000
35808,4,0.125000,0.891982,37,0,1000.000,2.234115,0.000000
35808,5,0.125000,0.834007,36,1,972.611,2.601988,0.000000
35808,6,0.125000,0.067656,42,39,102.571,0.461707,0.000000
35808,7,0.125000,0.000000,41,41,10.317,0.277756,0.000000
35856,0,0.125000,0.934569,33,0,1000.000,0.286932,0.000000
35856,1,0.125000,0.920577,39,1,982.462,0.734267,0.000000
35856,2,0.125000,0.917212,32,0,1000.000,1.243601,0.000000
35856,3,0.125000,0.901724,25,0,1000.000,1.726787,0.000000
35856,4,0.125000,0.889957,39,0,1000.000,2.222729,0.000000
35856,5,0.125000,0.755895,34,4,885.588,2.411861,0.000000
35856,6,0.125000,0.122509,27,22,198.074,0.781021,0.000000
35856,7,0.125000,0.000000,33,33,10.545,0.255498,0.000000
35904,0,0.125000,0.931626,44,0,1000.000,0.270645,0.000000
35904,1,0.125000,0.921207,47,1,997.489,0.787151,0.000000
35904,2,0.125000,0.916308,37,0,1000.000,1.248669,0.000000
35904,3,0.125000,0.903935,32,0,1000.000,1.731192,0.000000
35904,4,0.125000,0.893669,26,0,1000.000,2.211944,0.000000
35904,5,0.125000,0.695883,36,7,810.306,2.241367,0.000000
35904,6,0.125000,0.115233,30,25,179.000,0.650068,0.000000
35904,7,0.125000,0.000000,42,42,10.262,0.257512,0.000000
35952,0,0.125000,0.932123,34,0,1000.000,0.250167,0.000000
35952,1,0.125000,0.921365,36,0,1000.000,0.742957,0.000000
35952,2,0.125000,0.912141,23,0,1000.000,1.211294,0.000000
35952,3,0.125000,0.906635,37,0,1000.000,1.718813,0.000000
35952,4,0.125000,0.894770,46,0,1000.000,2.186513,0.000000
35952,5,0.125000,0.809298,41,2,952.219,2.491822,0.000000
35952,6,0.125000,0.000000,32,32,16.969,0.329573,0.000000
35952,7,0.125000,0.000000,36,36,10.722,0.182533,0.000000
36000,0,0.125000,0.928998,29,0,1000.000,0.264549,0.000000
36000,1,0.125000,0.920432,37,0,1000.000,0.705809,0.000000
36000,2,0.125000,0.913748,34,0,1000.000,1.193233,0.000000
36000,3,0.125000,0.906610,40,0,1000.000,1.707924,0.000000
36000,4,0.125000,0.891724,30,0,1000.000,2.200529,0.000000
36000,5,0.125000,0.754912,36,4,891.611,2.365881,0.000000
36000,6,0.125000,0.062689,35,32,100.029,0.433166,0.000000
36000,7,0.125000,0.000000,36,36,10.722,0.204414,0.000000
36048,0,0.125000,0.934856,28,0,1000.000,0.282782,0.000000
36048,1,0.125000,0.921853,27,0,1000.000,0.736266,0.000000
36048,2,0.125000,0.916440,31,0,1000.000,1.189099,0.000000
36048,3,0.125000,0.906010,33,0,1000.000,1.687552,0.000000
36048,4,0.125000,0.890742,45,0,1000.000,2.153950,0.000000
36048,5,0.125000,0.809149,27,1,964.333,2.503183,0.000000
36048,6,0.125000,0.038177,35,33,72.543,0.399512,0.000000
36048,7,0.125000,0.000000,38,38,10.579,0.226058,0.000000
36096,0,0.125000,0.931820,38,1,984.579,0.276790,0.000000
36096,1,0.125000,0.922172,22,0,1000.000,0.752750,0.000000
36096,2,0.125000,0.916946,34,0,1000.000,1.225595,0.000000
36096,3,0.125000,0.906866,30,0,1000.000,1.692813,0.000000
36096,4,0.125000,0.894990,34,0,1000.000,2.135177,0.000000
36096,5,0.125000,0.782915,37,3,920.730,2.466180,0.000000
36096,6,0.125000,0.000000,23,23,16.957,0.253595,0.000000
36096,7,0.125000,0.000000,34,34,10.735,0.213454,0.000000
36144,0,0.125000,0.930352,28,1,981.643,0.245094,0.000000
36144,1,0.125000,0.923179,25,0,1000.000,0.732118,0.000000
36144,2,0.125000,0.917154,34,0,1000.000,1.238835,0.000000
36144,3,0.125000,0.904820,33,0,1000.000,1.692683,0.000000
36144,4,0.125000,0.895439,26,0,1000.000,2.183145,0.000000
36144,5,0.125000,0.758287,26,3,887.269,2.341195,0.000000
36144,6,0.125000,0.053224,24,22,98.708,0.482183,0.000000
36144,7,0.125000,0.000000,26,26,10.692,0.226566,0.000000
36192,0,0.125000,0.930250,25,1,974.080,0.312180,0.000000
36192,1,0.125000,0.921956,27,0,1000.000,0.737564,0.000000
36192,2,0.125000,0.914082,30,0,1000.000,1.255452,0.000000
36192,3,0.125000,0.907421,25,0,1000.000,1.726142,0.000000
36192,4,0.125000,0.891332,33,0,1000.000,2.196849,0.000000
36192,5,0.125000,0.851136,23,0,1000.000,2.621248,0.000000
36192,6,0.125000,0.078819,26,23,130.077,0.604030,0.000000
36192,7,0.125000,0.000000,25,25,10.440,0.245821,0.000000
36240,0,0.125000,0.930607,24,0,1000.000,0.281696,0.000000
36240,1,0.125000,0.918157,35,0,1000.000,0.777872,0.000000
36240,2,0.125000,0.913447,37,0,1000.000,1.232888,0.000000
36240,3,0.125000,0.904987,36,0,1000.000,1.682933,0.000000
36240,4,0.125000,0.894383,30,0,1000.000,2.193051,0.000000
36240,5,0.125000,0.778043,37,4,901.892,2.406633,0.000000
36240,6,0.125000,0.062374,30,27,113.667,0.488189,0.000000
36240,7,0.125000,0.000000,40,40,10.275,0.244365,0.000000
36288,0,0.125000,0.934947,35,0,1000.000,0.276462,0.000000
36288,1,0.125000,0.921260,35,0,1000.000,0.769096,0.000000
36288,2,0.125000,0.914147,33,0,1000.000,1.224628,0.000000
36288,3,0.125000,0.902757,26,0,1000.000,1.773252,0.000000
36288,4,0.125000,0.894113,26,0,1000.000,2.207084,0.000000
36288,5,0.125000,0.771775,32,3,909.188,2.434216,0.000000
36288,6,0.125000,0.000000,27,27,15.630,0.229877,0.000000
36288,7,0.125000,0.000000,20,20,10.050,0.267940,0.000000
36336,0,0.125000,0.931753,33,0,1000.000,0.294772,0.000000
36336,1,0.125000,0.919150,26,1,998.577,0.797855,0.000000
36336,2,0.125000,0.915091,38,0,1000.000,1.243243,0.000000
36336,3,0.125000,0.903806,30,0,1000.000,1.756554,0.000000
36336,4,0.125000,0.895627,21,0,1000.000,2.224316,0.000000
36336,5,0.125000,0.771539,35,3,917.314,2.453671,0.000000
36336,6,0.125000,0.048147,30,28,79.533,0.383181,0.000000
36336,7,0.125000,0.000000,30,30,10.100,0.300274,0.000000
36384,0,0.125000,0.934332,19,0,1000.000,0.291026,0.000000
36384,1,0.125000,0.920181,32,0,1000.000,0.767221,0.000000
36384,2,0.125000,0.912687,33,0,1000.000,1.265852,0.000000
36384,3,0.125000,0.906263,28,0,1000.000,1.713156,0.000000
36384,4,0.125000,0.893741,32,0,1000.000,2.192447,0.000000
36384,5,0.125000,0.811371,21,2,946.286,2.436810,0.000000
36384,6,0.125000,0.000000,33,33,16.364,0.290351,0.000000
36384,7,0.125000,0.000000,26,26,10.269,0.298687,0.000000
36432,0,0.125000,0.932662,36,0,1000.000,0.291366,0.000000
36432,1,0.125000,0.920812,30,0,1000.000,0.763354,0.000000
36432,2,0.125000,0.912764,25,0,1000.000,1.233486,0.000000
36432,3,0.125000,0.905148,36,0,1000.000,1.731659,0.000000
36432,4,0.125000,0.892531,24,0,1000.000,2.214003,0.000000
36432,5,0.125000,0.783308,40,3,926.375,2.480780,0.000000
36432,6,0.125000,0.016566,32,31,46.750,0.345121,0.000000
36432,7,0.125000,0.000000,30,30,10.067,0.284798,0.000000
36480,0,0.125000,0.929489,34,1,986.706,0.250955,0.000000
36480,1,0.125000,0.920765,32,0,1000.000,0.735945,0.000000
36480,2,0.125000,0.914059,45,0,1000.000,1.248427,0.000000
36480,3,0.125000,0.900590,30,0,1000.000,1.714928,0.000000
36480,4,0.125000,0.894990,29,0,1000.000,2.214875,0.000000
36480,5,0.125000,0.822260,27,1,963.926,2.572420,0.000000
36480,6,0.125000,0.017654,26,25,53.500,0.386473,0.000000
36480,7,0.125000,0.000000,22,22,10.045,0.294865,0.000000
36528,0,0.125000,0.934048,38,0,1000.000,0.233684,0.000000
36528,1,0.125000,0.923069,25,0,1000.000,0.736578,0.000000
36528,2,0.125000,0.914470,29,0,1000.000,1.242368,0.000000
36528,3,0.125000,0.906127,37,0,1000.000,1.742586,0.000000
36528,4,0.125000,0.893830,33,0,1000.000,2.221556,0.000000
36528,5,0.125000,0.783719,34,3,913.500,2.456869,0.000000
36528,6,0.125000,0.020080,31,30,46.194,0.328161,0.000000
36528,7,0.125000,0.000000,36,36,10.111,0.285393,0.000000
36576,0,0.125000,0.931716,32,0,1000.000,0.247718,0.000000
36576,1,0.125000,0.918520,33,0,1000.000,0.748349,0.000000
36576,2,0.125000,0.915564,38,0,1000.000,1.242784,0.000000
36576,3,0.125000,0.906223,34,0,1000.000,1.695489,0.000000
36576,4,0.125000,0.895451,47,0,1000.000,2.222424,0.000000
36576,5,0.125000,0.823450,27,1,963.593,2.549823,0.000000
36576,6,0.125000,0.063247,39,35,115.205,0.489470,0.000000
36576,7,0.125000,0.000000,39,39,9.923,0.292424,0.000000
36624,0,0.125000,0.928225,35,1,974.257,0.286388,0.000000
36624,1,0.125000,0.921192,47,0,1000.000,0.753563,0.000000
36624,2,0.125000,0.914482,38,0,1000.000,1.226156,0.000000
36624,3,0.125000,0.904013,20,0,1000.000,1.701985,0.000000
36624,4,0.125000,0.893983,33,0,1000.000,2.166882,0.000000
36624,5,0.125000,0.718576,32,6,845.531,2.251094,0.000000
36624,6,0.125000,0.061336,31,28,109.452,0.451636,0.000000
36624,7,0.125000,0.000000,23,23,9.696,0.302673,0.000000
36672,0,0.125000,0.932031,38,0,1000.000,0.270541,0.000000
36672,1,0.125000,0.919980,35,0,1000.000,0.748076,0.000000
36672,2,0.125000,0.911694,42,0,1000.000,1.225177,0.000000
36672,3,0.125000,0.908775,23,0,1000.000,1.735359,0.000000
36672,4,0.125000,0.894453,30,0,1000.000,2.193516,0.000000
36672,5,0.125000,0.817235,29,1,966.034,2.555550,0.000000
36672,6,0.125000,0.022261,32,31,43.625,0.279871,0.000000
36672,7,0.125000,0.000000,38,38,9.526,0.254530,0.000000
36720,0,0.125000,0.925332,21,1,968.238,0.292394,0.000000
36720,1,0.125000,0.922055,36,0,1000.000,0.770692,0.000000
36720,2,0.125000,0.914885,34,0,1000.000,1.273852,0.000000
36720,3,0.125000,0.905510,40,0,1000.000,1.754733,0.000000
36720,4,0.125000,0.894908,39,0,1000.000,2.237645,0.000000
36720,5,0.125000,0.805445,32,2,938.531,2.530727,0.000000
36720,6,0.125000,0.031114,40,39,55.150,0.299361,0.000000
36720,7,0.125000,0.000000,43,43,10.186,0.288886,0.000000
36768,0,0.125000,0.934360,39,0,1000.000,0.276527,0.000000
36768,1,0.125000,0.920201,35,0,1000.000,0.752727,0.000000
36768,2,0.125000,0.914342,42,0,1000.000,1.243932,0.000000
36768,3,0.125000,0.908471,38,0,1000.000,1.710814,0.000000
36768,4,0.125000,0.894488,25,0,1000.000,2.240046,0.000000
36768,5,0.125000,0.770995,32,3,912.406,2.532773,0.000000
36768,6,0.125000,0.033180,32,31,56.344,0.362971,0.000000
36768,7,0.125000,0.000000,31,31,10.097,0.266436,0.000000
36816,0,0.125000,0.931983,37,0,1000.000,0.281837,0.000000
36816,1,0.125000,0.919351,38,1,997.026,0.775738,0.000000
36816,2,0.125000,0.912614,41,0,1000.000,1.234641,0.000000
36816,3,0.125000,0.908572,40,0,1000.000,1.718384,0.000000
36816,4,0.125000,0.893611,36,0,1000.000,2.225510,0.000000
36816,5,0.125000,0.822277,35,1,972.371,2.615067,0.000000
36816,6,0.125000,0.000000,37,37,13.892,0.220089,0.000000
36816,7,0.125000,0.000000,29,29,9.966,0.259056,0.000000
36864,0,0.125000,0.933268,22,0,1000.000,0.251437,0.000000
36864,1,0.125000,0.922441,31,0,1000.000,0.752574,0.000000
36864,2,0.125000,0.912590,38,0,1000.000,1.245958,0.000000
36864,3,0.125000,0.905526,34,0,1000.000,1.744746,0.000000
36864,4,0.125000,0.893838,38,0,1000.000,2.205166,0.000000
36864,5,0.125000,0.805194,37,2,947.000,2.542675,0.000000
36864,6,0.125000,0.028903,37,36,54.973,0.311414,0.000000
36864,7,0.125000,0.000000,34,34,9.794,0.244755,0.000000
36912,0,0.125000,0.931690,45,0,1000.000,0.288349,0.000000
36912,1,0.125000,0.921092,40,0,1000.000,0.765939,0.000000
36912,2,0.125000,0.912431,28,0,1000.000,1.244497,0.000000
36912,3,0.125000,0.904568,36,0,1000.000,1.727421,0.000000
36912,4,0.125000,0.894057,33,0,1000.000,2.227738,0.000000
36912,5,0.125000,0.828932,29,1,967.655,2.603436,0.000000
36912,6,0.125000,0.025868,39,37,64.718,0.341888,0.000000
36912,7,0.125000,0.000000,26,26,9.808,0.265301,0.000000
36960,0,0.125000,0.931583,39,0,1000.000,0.267150,0.000000
36960,1,0.125000,0.919474,40,0,1000.000,0.740372,0.000000
36960,2,0.125000,0.915642,32,0,1000.000,1.260011,0.000000
36960,3,0.125000,0.901983,38,0,1000.000,1.749329,0.000000
36960,4,0.125000,0.889931,32,0,1000.000,2.198765,0.000000
36960,5,0.125000,0.820862,23,1,957.609,2.584471,0.000000
36960,6,0.125000,0.083964,44,39,140.341,0.542824,0.000000
36960,7,0.125000,0.000000,47,47,9.702,0.264107,0.000000
37008,0,0.125000,0.932455,33,0,1000.000,0.275577,0.000000
37008,1,0.125000,0.922263,38,0,1000.000,0.757634,0.000000
37008,2,0.125000,0.914975,30,0,1000.000,1.231911,0.000000
37008,3,0.125000,0.907818,27,0,1000.000,1.718355,0.000000
37008,4,0.125000,0.890880,44,0,1000.000,2.221817,0.000000
37008,5,0.125000,0.848271,39,0,1000.000,2.665594,0.000000
37008,6,0.125000,0.063124,33,30,103.515,0.492026,0.000000
37008,7,0.125000,0.000000,50,50,9.780,0.263332,0.000000
37056,0,0.125000,0.917363,34,1,972.000,0.229904,0.000000
37056,1,0.125000,0.916695,23,0,1000.000,0.719202,0.000000
37056,2,0.125000,0.914303,28,0,1000.000,1.204605,0.000000
37056,3,0.125000,0.907043,30,0,1000.000,1.696019,0.000000
37056,4,0.125000,0.893887,43,0,1000.000,2.206326,0.000000
37056,5,0.125000,0.826434,26,1,962.077,2.539741,0.000000
37056,6,0.125000,0.073633,43,38,128.488,0.546636,0.000000
37056,7,0.125000,0.000000,33,33,9.788,0.272637,0.000000
37104,0,0.125000,0.929782,33,1,981.273,0.291410,0.000000
37104,1,0.125000,0.920951,39,0,1000.000,0.720657,0.000000
37104,2,0.125000,0.915480,36,0,1000.000,1.231271,0.000000
37104,3,0.125000,0.909449,24,0,1000.000,1.713140,0.000000
37104,4,0.125000,0.869197,34,1,971.971,2.113275,0.000000
37104,5,0.125000,0.806137,34,2,942.294,2.488544,0.000000
37104,6,0.125000,0.066098,35,31,126.314,0.511477,0.000000
37104,7,0.125000,0.000000,44,44,9.818,0.252986,0.000000
37152,0,0.125000,0.933672,25,0,1000.000,0.275137,0.000000
37152,1,0.125000,0.924295,30,0,1000.000,0.756562,0.000000
37152,2,0.125000,0.913897,28,0,1000.000,1.205782,0.000000
37152,3,0.125000,0.909843,31,0,1000.000,1.736871,0.000000
37152,4,0.125000,0.895439,19,0,1000.000,2.197080,0.000000
37152,5,0.125000,0.838670,33,1,970.455,2.614606,0.000000
37152,6,0.125000,0.096018,29,25,150.207,0.559192,0.000000
37152,7,0.125000,0.000000,34,34,10.000,0.252595,0.000000
37200,0,0.125000,0.920455,27,1,967.407,0.270935,0.000000
37200,1,0.125000,0.922540,22,0,1000.000,0.773422,0.000000
37200,2,0.125000,0.913596,25,0,1000.000,1.226553,0.000000
37200,3,0.125000,0.907879,30,0,1000.000,1.716479,0.000000
37200,4,0.125000,0.899020,26,0,1000.000,2.211004,0.000000
37200,5,0.125000,0.852254,25,0,1000.000,2.634777,0.000000
37200,6,0.125000,0.075784,27,24,124.556,0.543327,0.000000
37200,7,0.125000,0.000000,31,31,9.935,0.241478,0.000000
37248,0,0.125000,0.934979,31,0,1000.000,0.277783,0.000000
37248,1,0.125000,0.920458,30,0,1000.000,0.731372,0.000000
37248,2,0.125000,0.914715,35,0,1000.000,1.231116,0.000000
37248,3,0.125000,0.907479,37,0,1000.000,1.675745,0.000000
37248,4,0.125000,0.896191,31,0,1000.000,2.225909,0.000000
37248,5,0.125000,0.835876,37,1,973.405,2.599455,0.000000
37248,6,0.125000,0.018876,25,24,53.760,0.335012,0.000000
37248,7,0.125000,0.000000,27,27,9.778,0.256075,0.000000
37296,0,0.125000,0.934353,30,0,1000.000,0.276455,0.000000
37296,1,0.125000,0.918382,27,0,1000.000,0.726974,0.000000
37296,2,0.125000,0.914392,32,0,1000.000,1.245519,0.000000
37296,3,0.125000,0.907757,36,0,1000.000,1.713579,0.000000
37296,4,0.125000,0.894897,34,0,1000.000,2.226149,0.000000
37296,5,0.125000,0.758198,35,4,887.686,2.372463,0.000000
37296,6,0.125000,0.000000,28,28,13.714,0.213807,0.000000
37296,7,0.125000,0.000000,32,32,9.969,0.270677,0.000000
37344,0,0.125000,0.928684,25,1,972.960,0.211586,0.000000
37344,1,0.125000,0.920640,28,0,1000.000,0.748432,0.000000
37344,2,0.125000,0.916334,31,0,1000.000,1.225314,0.000000
37344,3,0.125000,0.905867,33,0,1000.000,1.711725,0.000000
37344,4,0.125000,0.894752,33,0,1000.000,2.230124,0.000000
37344,5,0.125000,0.797440,27,2,927.482,2.542072,0.000000
37344,6,0.125000,0.092936,31,27,140.968,0.537290,0.000000
37344,7,0.125000,0.000000,28,28,10.000,0.277727,0.000000
37392,0,0.125000,0.934413,29,0,1000.000,0.234156,0.000000
37392,1,0.125000,0.921772,29,0,1000.000,0.763791,0.000000
37392,2,0.125000,0.889255,32,1,970.188,1.199228,0.000000
37392,3,0.125000,0.907690,25,0,1000.000,1.727687,0.000000
37392,4,0.125000,0.892784,21,0,1000.000,2.242421,0.000000
37392,5,0.125000,0.853291,24,0,1000.000,2.701475,0.000000
37392,6,0.125000,0.061478,19,17,117.526,0.503697,0.000000
37392,7,0.125000,0.000000,21,21,10.333,0.245472,0.000000
37440,0,0.125000,0.931251,31,0,1000.000,0.235217,0.000000
37440,1,0.125000,0.920497,43,0,1000.000,0.764801,0.000000
37440,2,0.125000,0.916033,32,0,1000.000,1.220742,0.000000
37440,3,0.125000,0.905877,32,0,1000.000,1.694522,0.000000
37440,4,0.125000,0.896860,31,0,1000.000,2.190176,0.000000
37440,5,0.125000,0.790803,29,2,932.793,2.468261,0.000000
37440,6,0.125000,0.000000,24,24,14.583,0.203619,0.000000
37440,7,0.125000,0.000000,30,30,10.233,0.247082,0.000000
37488,0,0.125000,0.931581,39,0,1000.000,0.264266,0.000000
37488,1,0.125000,0.918087,29,0,1000.000,0.759618,0.000000
37488,2,0.125000,0.914253,31,0,1000.000,1.253354,0.000000
37488,3,0.125000,0.905117,31,0,1000.000,1.689327,0.000000
37488,4,0.125000,0.897414,34,0,1000.000,2.220865,0.000000
37488,5,0.125000,0.802977,30,2,934.833,2.475602,0.000000
37488,6,0.125000,0.000000,25,25,13.200,0.171461,0.000000
37488,7,0.125000,0.000000,27,27,10.111,0.217195,0.000000
37536,0,0.125000,0.933976,39,0,1000.000,0.284643,0.000000
37536,1,0.125000,0.914888,29,0,1000.000,0.739480,0.000000
37536,2,0.125000,0.914304,29,0,1000.000,1.285124,0.000000
37536,3,0.125000,0.904294,32,0,1000.000,1.750334,0.000000
37536,4,0.125000,0.893816,36,0,1000.000,2.206185,0.000000
37536,5,0.125000,0.826312,36,1,973.611,2.597346,0.000000
37536,6,0.125000,0.015144,34,33,43.500,0.285333,0.000000
37536,7,0.125000,0.000000,29,29,10.552,0.232384,0.000000
37584,0,0.125000,0.933050,34,0,1000.000,0.267913,0.000000
37584,1,0.125000,0.917624,30,0,1000.000,0.780297,0.000000
37584,2,0.125000,0.914650,36,0,1000.000,1.256508,0.000000
37584,3,0.125000,0.906690,41,0,1000.000,1.679395,0.000000
37584,4,0.125000,0.893927,37,0,1000.000,2.241965,0.000000
37584,5,0.125000,0.850272,30,0,1000.000,2.644108,0.000000
37584,6,0.125000,0.047260,31,29,79.032,0.463204,0.000000
37584,7,0.125000,0.000000,32,32,10.406,0.205288,0.000000
37632,0,0.125000,0.930508,26,0,1000.000,0.276653,0.000000
37632,1,0.125000,0.918732,37,0,1000.000,0.801203,0.000000
37632,2,0.125000,0.914661,38,0,1000.000,1.219206,0.000000
37632,3,0.125000,0.906440,38,0,1000.000,1.740563,0.000000
37632,4,0.125000,0.893432,30,0,1000.000,2.237664,0.000000
37632,5,0.125000,0.835564,33,1,970.303,2.614735,0.000000
37632,6,0.125000,0.032359,39,37,64.974,0.327051,0.000000
37632,7,0.125000,0.000000,45,45,10.156,0.230346,0.000000
37680,0,0.125000,0.932317,36,0,1000.000,0.259686,0.000000
37680,1,0.125000,0.921654,30,0,1000.000,0.759105,0.000000
37680,2,0.125000,0.914461,32,0,1000.000,1.272066,0.000000
37680,3,0.125000,0.908124,27,0,1000.000,1.724370,0.000000
37680,4,0.125000,0.892326,35,0,1000.000,2.215839,0.000000
37680,5,0.125000,0.827648,24,1,959.167,2.567364,0.000000
37680,6,0.125000,0.022775,28,27,51.321,0.345314,0.000000
37680,7,0.125000,0.000000,35,35,9.600,0.212426,0.000000
37728,0,0.125000,0.932197,43,0,1000.000,0.267097,0.000000
37728,1,0.125000,0.922151,35,0,1000.000,0.750418,0.000000
37728,2,0.125000,0.914403,36,0,1000.000,1.231527,0.000000
37728,3,0.125000,0.905178,24,0,1000.000,1.745623,0.000000
37728,4,0.125000,0.895154,31,0,1000.000,2.239017,0.000000
37728,5,0.125000,0.841564,32,1,969.281,2.594329,0.000000
37728,6,0.125000,0.015866,41,40,37.293,0.241681,0.000000
37728,7,0.125000,0.000000,28,28,10.179,0.241248,0.000000
37776,0,0.125000,0.930042,37,0,1000.000,0.251550,0.000000
37776,1,0.125000,0.920683,29,0,1000.000,0.766857,0.000000
37776,2,0.125000,0.913232,38,0,1000.000,1.241871,0.000000
37776,3,0.125000,0.905752,41,0,1000.000,1.704006,0.000000
37776,4,0.125000,0.893593,35,0,1000.000,2.247297,0.000000
37776,5,0.125000,0.864857,43,0,1000.000,2.651963,0.000000
37776,6,0.125000,0.044039,28,26,84.679,0.383516,0.000000
37776,7,0.125000,0.000000,41,41,9.927,0.228496,0.000000
37824,0,0.125000,0.932227,24,0,1000.000,0.264940,0.000000
37824,1,0.125000,0.917693,31,0,1000.000,0.740076,0.000000
37824,2,0.125000,0.915733,37,0,1000.000,1.245691,0.000000
37824,3,0.125000,0.901556,40,0,1000.000,1.685175,0.000000
37824,4,0.125000,0.892322,41,0,1000.000,2.188516,0.000000
37824,5,0.125000,0.774225,41,4,904.390,2.451649,0.000000
37824,6,0.125000,0.090840,55,48,140.109,0.552098,0.000000
37824,7,0.125000,0.000000,51,51,10.235,0.236759,0.000000
37872,0,0.125000,0.933012,32,0,1000.000,0.250112,0.000000
37872,1,0.125000,0.919308,36,0,1000.000,0.742555,0.000000
37872,2,0.125000,0.915762,33,0,1000.000,1.258802,0.000000
37872,3,0.125000,0.880378,42,1,977.024,1.694755,0.000000
37872,4,0.125000,0.893087,32,0,1000.000,2.186380,0.000000
37872,5,0.125000,0.781879,42,4,906.738,2.451032,0.000000
37872,6,0.125000,0.081696,37,33,121.486,0.581911,0.000000
37872,7,0.125000,0.000000,39,39,10.103,0.233007,0.000000
37920,0,0.125000,0.932373,33,0,1000.000,0.257579,0.000000
37920,1,0.125000,0.917726,33,0,1000.000,0.732476,0.000000
37920,2,0.125000,0.912591,35,0,1000.000,1.227910,0.000000
37920,3,0.125000,0.905476,33,0,1000.000,1.696345,0.000000
37920,4,0.125000,0.892644,30,0,1000.000,2.209976,0.000000
37920,5,0.125000,0.767317,39,4,899.513,2.420743,0.000000
37920,6,0.125000,0.058033,34,31,102.265,0.482059,0.000000
37920,7,0.125000,0.000000,29,29,9.862,0.231255,0.000000
37968,0,0.125000,0.932429,52,0,1000.000,0.260439,0.000000
37968,1,0.125000,0.918378,29,0,1000.000,0.737325,0.000000
37968,2,0.125000,0.911010,33,0,1000.000,1.225127,0.000000
37968,3,0.125000,0.901572,26,0,1000.000,1.748807,0.000000
37968,4,0.125000,0.865410,36,1,972.889,2.201859,0.000000
37968,5,0.125000,0.789495,37,3,920.405,2.440728,0.000000
37968,6,0.125000,0.000000,29,29,14.241,0.192976,0.000000
37968,7,0.125000,0.000000,43,43,10.233,0.221019,0.000000
38016,0,0.125000,0.931344,30,0,1000.000,0.241524,0.000000
38016,1,0.125000,0.919608,41,0,1000.000,0.749350,0.000000
38016,2,0.125000,0.912535,36,0,1000.000,1.223143,0.000000
38016,3,0.125000,0.903470,34,0,1000.000,1.695682,0.000000
38016,4,0.125000,0.893442,31,0,1000.000,2.189489,0.000000
38016,5,0.125000,0.834873,37,1,973.487,2.614223,0.000000
38016,6,0.125000,0.038377,38,36,66.500,0.330879,0.000000
38016,7,0.125000,0.000000,32,32,10.406,0.237640,0.000000
38064,0,0.125000,0.932458,30,0,1000.000,0.261604,0.000000
38064,1,0.125000,0.914836,38,1,995.816,0.754936,0.000000
38064,2,0.125000,0.908231,33,0,1000.000,1.210847,0.000000
38064,3,0.125000,0.905641,34,0,1000.000,1.675537,0.000000
38064,4,0.125000,0.893114,33,0,1000.000,2.171081,0.000000
38064,5,0.125000,0.787539,27,2,927.148,2.449916,0.000000
38064,6,0.125000,0.062632,34,31,102.441,0.526277,0.000000
38064,7,0.125000,0.000000,35,35,9.857,0.228845,0.000000
38112,0,0.125000,0.933215,23,0,1000.000,0.278036,0.000000
38112,1,0.125000,0.918993,40,0,1000.000,0.712433,0.000000
38112,2,0.125000,0.914484,32,0,1000.000,1.239088,0.000000
38112,3,0.125000,0.906029,25,0,1000.000,1.727284,0.000000
38112,4,0.125000,0.895984,37,0,1000.000,2.161213,0.000000
38112,5,0.125000,0.814787,38,2,948.237,2.525320,0.000000
38112,6,0.125000,0.023085,29,28,48.103,0.289949,0.000000
38112,7,0.125000,0.000000,31,31,10.258,0.251235,0.000000
38160,0,0.125000,0.935334,31,0,1000.000,0.301136,0.000000
38160,1,0.125000,0.923708,32,0,1000.000,0.753170,0.000000
38160,2,0.125000,0.909909,25,0,1000.000,1.241140,0.000000
38160,3,0.125000,0.906045,22,0,1000.000,1.706033,0.000000
38160,4,0.125000,0.890938,30,0,1000.000,2.203252,0.000000
38160,5,0.125000,0.856294,27,0,1000.000,2.632592,0.000000
38160,6,0.125000,0.000000,30,30,14.400,0.165097,0.000000
38160,7,0.125000,0.000000,45,45,10.067,0.239950,0.000000
38208,0,0.125000,0.930565,24,0,1000.000,0.268905,0.000000
38208,1,0.125000,0.916233,34,0,1000.000,0.725575,0.000000
38208,2,0.125000,0.913042,29,0,1000.000,1.246590,0.000000
38208,3,0.125000,0.902907,27,0,1000.000,1.682896,0.000000
38208,4,0.125000,0.894860,26,0,1000.000,2.225343,0.000000
38208,5,0.125000,0.826842,24,1,959.292,2.574553,0.000000
38208,6,0.125000,0.070869,31,28,110.903,0.543157,0.000000
38208,7,0.125000,0.000000,25,25,10.120,0.293804,0.000000
38256,0,0.125000,0.929961,29,0,1000.000,0.263023,0.000000
38256,1,0.125000,0.915508,33,0,1000.000,0.773104,0.000000
38256,2,0.125000,0.912950,40,0,1000.000,1.250534,0.000000
38256,3,0.125000,0.900978,32,0,1000.000,1.730507,0.000000
38256,4,0.125000,0.894078,31,0,1000.000,2.200815,0.000000
38256,5,0.125000,0.854341,25,0,1000.000,2.640374,0.000000
38256,6,0.125000,0.052003,39,36,89.821,0.382801,0.000000
38256,7,0.125000,0.000000,50,50,10.500,0.281089,0.000000
38304,0,0.125000,0.930827,26,0,1000.000,0.248470,0.000000
38304,1,0.125000,0.916895,33,0,1000.000,0.738917,0.000000
38304,2,0.125000,0.911669,38,0,1000.000,1.241575,0.000000
38304,3,0.125000,0.902589,39,0,1000.000,1.711423,0.000000
38304,4,0.125000,0.896589,32,0,1000.000,2.201717,0.000000
38304,5,0.125000,0.825752,32,1,969.500,2.573110,0.000000
38304,6,0.125000,0.017897,33,32,43.636,0.275965,0.000000
38304,7,0.125000,0.000000,30,30,10.400,0.284545,0.000000
38352,0,0.125000,0.930791,27,0,1000.000,0.264364,0.000000
38352,1,0.125000,0.916255,33,0,1000.000,0.794426,0.000000
38352,2,0.125000,0.911120,22,0,1000.000,1.216365,0.000000
38352,3,0.125000,0.904963,39,0,1000.000,1.700911,0.000000
38352,4,0.125000,0.891711,22,0,1000.000,2.207839,0.000000
38352,5,0.125000,0.771397,23,2,915.304,2.451829,0.000000
38352,6,0.125000,0.033298,36,34,70.139,0.391101,0.000000
38352,7,0.125000,0.000000,36,36,10.556,0.252641,0.000000
38400,0,0.125000,0.928954,20,1,959.950,0.280517,0.000000
38400,1,0.125000,0.919343,33,0,1000.000,0.740877,0.000000
38400,2,0.125000,0.910171,32,0,1000.000,1.234514,0.000000
38400,3,0.125000,0.901413,31,0,1000.000,1.674997,0.000000
38400,4,0.125000,0.893925,24,0,1000.000,2.198256,0.000000
38400,5,0.125000,0.819322,26,1,962.769,2.538839,0.000000
38400,6,0.125000,0.137397,21,17,202.000,0.672677,0.000000
38400,7,0.125000,0.000000,34,34,10.441,0.230281,0.000000
38448,0,0.125000,0.933515,26,0,1000.000,0.257032,0.000000
38448,1,0.125000,0.921195,29,0,1000.000,0.768019,0.000000
38448,2,0.125000,0.911185,26,0,1000.000,1.233000,0.000000
38448,3,0.125000,0.901566,51,0,1000.000,1.719059,0.000000
38448,4,0.125000,0.891430,33,0,1000.000,2.224704,0.000000
38448,5,0.125000,0.850352,28,0,1000.000,2.660453,0.000000
38448,6,0.125000,0.061892,28,25,119.643,0.455194,0.000000
38448,7,0.125000,0.000000,29,29,10.310,0.242737,0.000000
38496,0,0.125000,0.932730,35,0,1000.000,0.222664,0.000000
38496,1,0.125000,0.921055,37,0,1000.000,0.757881,0.000000
38496,2,0.125000,0.908889,27,0,1000.000,1.214877,0.000000
38496,3,0.125000,0.903000,30,0,1000.000,1.727740,0.000000
38496,4,0.125000,0.890652,23,0,1000.000,2.212091,0.000000
38496,5,0.125000,0.834706,35,1,972.171,2.623843,0.000000
38496,6,0.125000,0.015886,46,45,37.783,0.352326,0.000000
38496,7,0.125000,0.000000,36,36,10.500,0.258988,0.000000
38544,0,0.125000,0.933686,40,0,1000.000,0.264604,0.000000
38544,1,0.125000,0.917609,33,0,1000.000,0.772040,0.000000
38544,2,0.125000,0.911701,35,0,1000.000,1.234412,0.000000
38544,3,0.125000,0.903361,24,0,1000.000,1.723405,0.000000
38544,4,0.125000,0.891390,33,0,1000.000,2.229254,0.000000
38544,5,0.125000,0.724664,40,6,853.225,2.328954,0.000000
38544,6,0.125000,0.042146,40,37,87.975,0.352250,0.000000
38544,7,0.125000,0.000000,36,36,10.194,0.241129,0.000000
38592,0,0.125000,0.931722,29,0,1000.000,0.273147,0.000000
38592,1,0.125000,0.919984,35,1,982.429,0.749074,0.000000
38592,2,0.125000,0.911099,38,0,1000.000,1.285957,0.000000
38592,3,0.125000,0.905166,32,0,1000.000,1.726722,0.000000
38592,4,0.125000,0.890816,27,0,1000.000,2.213337,0.000000
38592,5,0.125000,0.807744,39,2,950.590,2.626414,0.000000
38592,6,0.125000,0.076217,37,33,120.486,0.500727,0.000000
38592,7,0.125000,0.000000,44,44,10.091,0.250508,0.000000
38640,0,0.125000,0.929912,44,1,981.227,0.255628,0.000000
38640,1,0.125000,0.919720,31,0,1000.000,0.787014,0.000000
38640,2,0.125000,0.913026,40,0,1000.000,1.279260,0.000000
38640,3,0.125000,0.904884,31,0,1000.000,1.774306,0.000000
38640,4,0.125000,0.888364,30,0,1000.000,2.236240,0.000000
38640,5,0.125000,0.744075,38,5,871.184,2.368442,0.000000
38640,6,0.125000,0.017135,38,37,39.395,0.244438,0.000000
38640,7,0.125000,0.000000,34,34,10.029,0.237699,0.000000
38688,0,0.125000,0.936063,28,0,1000.000,0.269095,0.000000
38688,1,0.125000,0.920190,37,0,1000.000,0.742668,0.000000
38688,2,0.125000,0.911645,37,0,1000.000,1.234898,0.000000
38688,3,0.125000,0.901570,22,0,1000.000,1.720658,0.000000
38688,4,0.125000,0.893876,34,0,1000.000,2.228684,0.000000
38688,5,0.125000,0.807626,34,2,943.441,2.571602,0.000000
38688,6,0.125000,0.053713,37,34,93.486,0.406965,0.000000
38688,7,0.125000,0.000000,23,23,9.652,0.211822,0.000000
38736,0,0.125000,0.931529,32,0,1000.000,0.278761,0.000000
38736,1,0.125000,0.919259,35,1,984.029,0.764236,0.000000
38736,2,0.125000,0.913641,38,0,1000.000,1.236965,0.000000
38736,3,0.125000,0.903431,29,0,1000.000,1.779692,0.000000
38736,4,0.125000,0.893308,33,0,1000.000,2.244665,0.000000
38736,5,0.125000,0.811584,36,2,945.556,2.539611,0.000000
38736,6,0.125000,0.016609,44,43,36.409,0.302762,0.000000
38736,7,0.125000,0.000000,33,33,9.788,0.227703,0.000000
38784,0,0.125000,0.933070,41,1,979.707,0.285025,0.000000
38784,1,0.125000,0.919099,34,0,1000.000,0.737040,0.000000
38784,2,0.125000,0.914691,32,0,1000.000,1.228952,0.000000
38784,3,0.125000,0.903363,34,0,1000.000,1.730436,0.000000
38784,4,0.125000,0.894618,37,0,1000.000,2.224642,0.000000
38784,5,0.125000,0.838811,36,1,972.833,2.623008,0.000000
38784,6,0.125000,0.087153,32,28,137.031,0.542460,0.000000
38784,7,0.125000,0.000000,28,28,10.179,0.234993,0.000000
38832,0,0.125000,0.931152,36,0,1000.000,0.277895,0.000000
38832,1,0.125000,0.920920,33,0,1000.000,0.742079,0.000000
38832,2,0.125000,0.896954,43,1,978.116,1.243826,0.000000
38832,3,0.125000,0.902732,39,0,1000.000,1.757573,0.000000
38832,4,0.125000,0.890637,35,0,1000.000,2.210138,0.000000
38832,5,0.125000,0.742629,30,4,869.467,2.355388,0.000000
38832,6,0.125000,0.084870,34,30,130.559,0.545096,0.000000
38832,7,0.125000,0.000000,38,38,10.158,0.241705,0.000000
38880,0,0.125000,0.932896,28,0,1000.000,0.292919,0.000000
38880,1,0.125000,0.922475,37,0,1000.000,0.770052,0.000000
38880,2,0.125000,0.915705,36,0,1000.000,1.242655,0.000000
38880,3,0.125000,0.903988,47,0,1000.000,1.725760,0.000000
38880,4,0.125000,0.893107,43,0,1000.000,2.230778,0.000000
38880,5,0.125000,0.780971,31,3,905.258,2.431206,0.000000
38880,6,0.125000,0.000000,36,36,14.667,0.187906,0.000000
38880,7,0.125000,0.000000,36,36,10.306,0.261975,0.000000
38928,0,0.125000,0.929293,31,0,1000.000,0.257428,0.000000
38928,1,0.125000,0.919254,30,0,1000.000,0.743817,0.000000
38928,2,0.125000,0.915539,41,0,1000.000,1.222993,0.000000
38928,3,0.125000,0.906462,37,0,1000.000,1.688669,0.000000
38928,4,0.125000,0.893520,32,0,1000.000,2.216545,0.000000
38928,5,0.125000,0.783805,34,3,913.118,2.429947,0.000000
38928,6,0.125000,0.042649,46,43,78.543,0.383451,0.000000
38928,7,0.125000,0.000000,38,38,10.289,0.241706,0.000000
38976,0,0.125000,0.932799,36,0,1000.000,0.270665,0.000000
38976,1,0.125000,0.921190,38,0,1000.000,0.718633,0.000000
38976,2,0.125000,0.914399,37,1,993.730,1.212043,0.000000
38976,3,0.125000,0.903450,43,0,1000.000,1.725590,0.000000
38976,4,0.125000,0.895571,33,0,1000.000,2.179552,0.000000
38976,5,0.125000,0.773886,21,2,906.429,2.459752,0.000000
38976,6,0.125000,0.019867,31,30,46.032,0.308491,0.000000
38976,7,0.125000,0.000000,44,44,10.568,0.251394,0.000000
39024,0,0.125000,0.934403,34,0,1000.000,0.248931,0.000000
39024,1,0.125000,0.920827,36,0,1000.000,0.771879,0.000000
39024,2,0.125000,0.908490,25,0,1000.000,1.265584,0.000000
39024,3,0.125000,0.900701,31,0,1000.000,1.713834,0.000000
39024,4,0.125000,0.893389,32,0,1000.000,2.209217,0.000000
39024,5,0.125000,0.824293,45,2,956.333,2.535532,0.000000
39024,6,0.125000,0.089047,44,38,148.023,0.526641,0.000000
39024,7,0.125000,0.000000,47,47,10.234,0.258885,0.000000
39072,0,0.125000,0.933032,37,0,1000.000,0.259310,0.000000
39072,1,0.125000,0.917290,36,0,1000.000,0.733517,0.000000
39072,2,0.125000,0.910251,34,0,1000.000,1.249097,0.000000
39072,3,0.125000,0.902545,30,0,1000.000,1.741538,0.000000
39072,4,0.125000,0.895467,30,0,1000.000,2.218190,0.000000
39072,5,0.125000,0.834024,30,1,967.533,2.592272,0.000000
39072,6,0.125000,0.018179,29,28,49.034,0.294256,0.000000
39072,7,0.125000,0.000000,42,42,10.500,0.222395,0.000000
39120,0,0.125000,0.932264,29,1,995.621,0.263860,0.000000
39120,1,0.125000,0.924120,32,0,1000.000,0.754695,0.000000
39120,2,0.125000,0.912577,32,0,1000.000,1.220179,0.000000
39120,3,0.125000,0.902987,29,0,1000.000,1.706382,0.000000
39120,4,0.125000,0.895147,35,0,1000.000,2.207608,0.000000
39120,5,0.125000,0.838201,35,1,972.143,2.601566,0.000000
39120,6,0.125000,0.060343,38,35,91.684,0.404397,0.000000
39120,7,0.125000,0.000000,21,21,10.381,0.228541,0.000000
39168,0,0.125000,0.933291,20,0,1000.000,0.303834,0.000000
39168,1,0.125000,0.921547,29,0,1000.000,0.773161,0.000000
39168,2,0.125000,0.912677,27,0,1000.000,1.281892,0.000000
39168,3,0.125000,0.905007,31,0,1000.000,1.728897,0.000000
39168,4,0.125000,0.893237,19,0,1000.000,2.214317,0.000000
39168,5,0.125000,0.855078,37,0,1000.000,2.671052,0.000000
39168,6,0.125000,0.064193,34,31,103.176,0.494299,0.000000
39168,7,0.125000,0.000000,29,29,10.483,0.239393,0.000000
39216,0,0.125000,0.931778,19,0,1000.000,0.308388,0.000000
39216,1,0.125000,0.918585,35,0,1000.000,0.741211,0.000000
39216,2,0.125000,0.911825,26,0,1000.000,1.234247,0.000000
39216,3,0.125000,0.905744,23,0,1000.000,1.713177,0.000000
39216,4,0.125000,0.897386,32,0,1000.000,2.207361,0.000000
39216,5,0.125000,0.797075,26,2,925.231,2.524275,0.000000
39216,6,0.125000,0.089288,24,21,138.167,0.546490,0.000000
39216,7,0.125000,0.000000,30,30,10.167,0.221859,0.000000
39264,0,0.125000,0.932570,29,0,1000.000,0.240395,0.000000
39264,1,0.125000,0.919849,38,0,1000.000,0.732785,0.000000
39264,2,0.125000,0.914280,36,0,1000.000,1.248862,0.000000
39264,3,0.125000,0.904382,32,0,1000.000,1.708993,0.000000
39264,4,0.125000,0.892338,34,0,1000.000,2.203558,0.000000
39264,5,0.125000,0.730213,32,5,848.031,2.363010,0.000000
39264,6,0.125000,0.053516,25,23,92.720,0.367757,0.000000
39264,7,0.125000,0.000000,35,35,10.257,0.258879,0.000000
39312,0,0.125000,0.931125,28,0,1000.000,0.282144,0.000000
39312,1,0.125000,0.920171,42,0,1000.000,0.772436,0.000000
39312,2,0.125000,0.914926,33,0,1000.000,1.261276,0.000000
39312,3,0.125000,0.903461,31,0,1000.000,1.724476,0.000000
39312,4,0.125000,0.892398,26,0,1000.000,2.209035,0.000000
39312,5,0.125000,0.803787,29,3,926.862,2.419693,0.000000
39312,6,0.125000,0.060721,41,37,110.317,0.465567,0.000000
39312,7,0.125000,0.000000,24,24,10.250,0.256092,0.000000
39360,0,0.125000,0.933478,34,0,1000.000,0.289486,0.000000
39360,1,0.125000,0.920362,33,0,1000.000,0.794999,0.000000
39360,2,0.125000,0.891763,29,1,966.690,1.230249,0.000000
39360,3,0.125000,0.903893,29,0,1000.000,1.716660,0.000000
39360,4,0.125000,0.891297,21,0,1000.000,2.206789,0.000000
39360,5,0.125000,0.748127,31,4,873.484,2.398156,0.000000
39360,6,0.125000,0.023316,30,29,48.567,0.337096,0.000000
39360,7,0.125000,0.000000,32,32,10.156,0.198307,0.000000
39408,0,0.125000,0.932022,28,0,1000.000,0.268453,0.000000
39408,1,0.125000,0.920010,23,0,1000.000,0.778384,0.000000
39408,2,0.125000,0.914010,27,0,1000.000,1.218259,0.000000
39408,3,0.125000,0.906113,35,0,1000.000,1.695699,0.000000
39408,4,0.125000,0.890461,28,0,1000.000,2.238157,0.000000
39408,5,0.125000,0.769063,39,4,899.564,2.430217,0.000000
39408,6,0.125000,0.017655,27,26,51.889,0.343394,0.000000
39408,7,0.125000,0.000000,24,24,10.333,0.238891,0.000000
39456,0,0.125000,0.931735,23,0,1000.000,0.284542,0.000000
39456,1,0.125000,0.920610,28,0,1000.000,0.782753,0.000000
39456,2,0.125000,0.912334,34,0,1000.000,1.232214,0.000000
39456,3,0.125000,0.904918,36,0,1000.000,1.698427,0.000000
39456,4,0.125000,0.896873,31,0,1000.000,2.224721,0.000000
39456,5,0.125000,0.856834,22,0,1000.000,2.714183,0.000000
39456,6,0.125000,0.094374,24,21,138.542,0.570227,0.000000
39456,7,0.125000,0.000000,31,31,10.806,0.231944,0.000000
39504,0,0.125000,0.931869,39,0,1000.000,0.272194,0.000000
39504,1,0.125000,0.920421,36,0,1000.000,0.750713,0.000000
39504,2,0.125000,0.910531,33,0,1000.000,1.219605,0.000000
39504,3,0.125000,0.905682,33,0,1000.000,1.713777,0.000000
39504,4,0.125000,0.897341,36,0,1000.000,2.188192,0.000000
39504,5,0.125000,0.827786,30,1,967.200,2.582708,0.000000
39504,6,0.125000,0.000000,38,38,14.895,0.220021,0.000000
39504,7,0.125000,0.000000,31,31,10.677,0.276355,0.000000
39552,0,0.125000,0.932488,33,0,1000.000,0.263903,0.000000
39552,1,0.125000,0.921475,36,0,1000.000,0.752709,0.000000
39552,2,0.125000,0.913984,35,0,1000.000,1.261859,0.000000
39552,3,0.125000,0.906566,37,0,1000.000,1.749154,0.000000
39552,4,0.125000,0.895114,33,0,1000.000,2.219424,0.000000
39552,5,0.125000,0.769115,29,3,898.897,2.453865,0.000000
39552,6,0.125000,0.000000,24,24,14.958,0.203227,0.000000
39552,7,0.125000,0.000000,30,30,10.700,0.278439,0.000000
39600,0,0.125000,0.930911,32,0,1000.000,0.274487,0.000000
39600,1,0.125000,0.920429,26,0,1000.000,0.757505,0.000000
39600,2,0.125000,0.910679,33,0,1000.000,1.257306,0.000000
39600,3,0.125000,0.905904,36,0,1000.000,1.745133,0.000000
39600,4,0.125000,0.895455,34,0,1000.000,2.222137,0.000000
39600,5,0.125000,0.817312,39,2,949.744,2.527990,0.000000
39600,6,0.125000,0.037514,36,34,69.556,0.384121,0.000000
39600,7,0.125000,0.000000,52,52,10.442,0.286303,0.000000
39648,0,0.125000,0.932184,31,0,1000.000,0.273977,0.000000
39648,1,0.125000,0.920208,30,0,1000.000,0.772221,0.000000
39648,2,0.125000,0.913102,37,0,1000.000,1.220078,0.000000
39648,3,0.125000,0.907934,27,0,1000.000,1.742905,0.000000
39648,4,0.125000,0.893144,28,0,1000.000,2.205764,0.000000
39648,5,0.125000,0.755428,47,6,875.064,2.354784,0.000000
39648,6,0.125000,0.018689,36,35,42.639,0.352973,0.000000
39648,7,0.125000,0.000000,38,38,10.263,0.224030,0.000000
39696,0,0.125000,0.921202,36,1,974.556,0.291339,0.000000
39696,1,0.125000,0.916743,32,0,1000.000,0.741659,0.000000
39696,2,0.125000,0.912845,40,0,1000.000,1.210953,0.000000
39696,3,0.125000,0.905643,33,0,1000.000,1.701179,0.000000
39696,4,0.125000,0.893071,33,0,1000.000,2.186532,0.000000
39696,5,0.125000,0.832948,30,1,967.133,2.554187,0.000000
39696,6,0.125000,0.082411,31,27,142.032,0.558204,0.000000
39696,7,0.125000,0.000000,33,33,10.424,0.244482,0.000000
39744,0,0.125000,0.934015,34,0,1000.000,0.247487,0.000000
39744,1,0.125000,0.918683,31,0,1000.000,0.715326,0.000000
39744,2,0.125000,0.911923,43,0,1000.000,1.216085,0.000000
39744,3,0.125000,0.906291,33,0,1000.000,1.708242,0.000000
39744,4,0.125000,0.898894,36,0,1000.000,2.243895,0.000000
39744,5,0.125000,0.860178,26,0,1000.000,2.671015,0.000000
39744,6,0.125000,0.036814,39,37,66.282,0.371075,0.000000
39744,7,0.125000,0.000000,32,32,10.562,0.223134,0.000000
39792,0,0.125000,0.932584,24,0,1000.000,0.245329,0.000000
39792,1,0.125000,0.921225,37,0,1000.000,0.696868,0.000000
39792,2,0.125000,0.912145,36,0,1000.000,1.213811,0.000000
39792,3,0.125000,0.907573,43,0,1000.000,1.697542,0.000000
39792,4,0.125000,0.893875,34,0,1000.000,2.204179,0.000000
39792,5,0.125000,0.797591,36,3,919.889,2.456910,0.000000
39792,6,0.125000,0.058146,52,47,109.865,0.450418,0.000000
39792,7,0.125000,0.000000,39,39,10.513,0.261515,0.000000
39840,0,0.125000,0.931368,30,0,1000.000,0.275716,0.000000
39840,1,0.125000,0.920187,28,0,1000.000,0.724322,0.000000
39840,2,0.125000,0.913365,38,0,1000.000,1.247205,0.000000
39840,3,0.125000,0.906337,33,0,1000.000,1.700357,0.000000
39840,4,0.125000,0.893056,47,0,1000.000,2.203406,0.000000
39840,5,0.125000,0.809603,31,2,938.452,2.558810,0.000000
39840,6,0.125000,0.060699,35,32,98.114,0.420384,0.000000
39840,7,0.125000,0.000000,41,41,10.171,0.220401,0.000000
39888,0,0.125000,0.931854,42,0,1000.000,0.288013,0.000000
39888,1,0.125000,0.919707,36,0,1000.000,0.742413,0.000000
39888,2,0.125000,0.909883,39,0,1000.000,1.217552,0.000000
39888,3,0.125000,0.904537,30,0,1000.000,1.680354,0.000000
39888,4,0.125000,0.892485,26,0,1000.000,2.179166,0.000000
39888,5,0.125000,0.845387,38,1,974.132,2.579270,0.000000
39888,6,0.125000,0.014932,36,35,40.861,0.240228,0.000000
39888,7,0.125000,0.000000,34,34,10.147,0.256452,0.000000
39936,0,0.125000,0.927996,37,1,977.054,0.260236,0.000000
39936,1,0.125000,0.917762,39,0,1000.000,0.733046,0.000000
39936,2,0.125000,0.910156,35,0,1000.000,1.221726,0.000000
39936,3,0.125000,0.903048,35,0,1000.000,1.699741,0.000000
39936,4,0.125000,0.892709,45,0,1000.000,2.211746,0.000000
39936,5,0.125000,0.756676,26,3,886.385,2.336346,0.000000
39936,6,0.125000,0.044837,33,31,73.848,0.368251,0.000000
39936,7,0.125000,0.000000,37,37,10.405,0.236855,0.000000
39984,0,0.125000,0.930257,41,0,1000.000,0.263841,0.000000
39984,1,0.125000,0.920274,37,0,1000.000,0.777832,0.000000
39984,2,0.125000,0.911308,45,0,1000.000,1.240748,0.000000
39984,3,0.125000,0.903316,37,0,1000.000,1.747993,0.000000
39984,4,0.125000,0.895131,26,0,1000.000,2.215852,0.000000
39984,5,0.125000,0.797424,27,2,927.630,2.484024,0.000000
39984,6,0.125000,0.035932,35,33,70.743,0.397692,0.000000
39984,7,0.125000,0.000000,39,39,9.872,0.231601,0.000000
40032,0,0.125000,0.929100,40,0,1000.000,0.248698,0.000000
40032,1,0.125000,0.918579,50,0,1000.000,0.751920,0.000000
40032,2,0.125000,0.911477,37,0,1000.000,1.235363,0.000000
40032,3,0.125000,0.904637,33,0,1000.000,1.706394,0.000000
40032,4,0.125000,0.851946,22,1,955.682,2.153875,0.000000
40032,5,0.125000,0.831858,28,1,964.893,2.550668,0.000000
40032,6,0.125000,0.075840,31,28,109.839,0.554173,0.000000
40032,7,0.125000,0.000000,39,39,10.077,0.224458,0.000000
40080,0,0.125000,0.930248,40,0,1000.000,0.275734,0.000000
40080,1,0.125000,0.918790,36,0,1000.000,0.726562,0.000000
40080,2,0.125000,0.908754,28,0,1000.000,1.257142,0.000000
40080,3,0.125000,0.904045,35,0,1000.000,1.685962,0.000000
40080,4,0.125000,0.895492,32,0,1000.000,2.211853,0.000000
40080,5,0.125000,0.771995,29,3,899.345,2.459285,0.000000
40080,6,0.125000,0.055973,38,35,91.000,0.409642,0.000000
40080,7,0.125000,0.000000,27,27,9.889,0.215626,0.000000
40128,0,0.125000,0.930431,35,0,1000.000,0.296581,0.000000
40128,1,0.125000,0.918935,27,0,1000.000,0.761938,0.000000
40128,2,0.125000,0.908161,32,0,1000.000,1.182440,0.000000
40128,3,0.125000,0.902240,27,0,1000.000,1.718385,0.000000
40128,4,0.125000,0.893288,36,0,1000.000,2.199502,0.000000
40128,5,0.125000,0.762607,25,3,881.880,2.370527,0.000000
40128,6,0.125000,0.055688,29,27,81.207,0.357474,0.000000
40128,7,0.125000,0.000000,27,27,9.741,0.210866,0.000000
40176,0,0.125000,0.931625,23,0,1000.000,0.274750,0.000000
40176,1,0.125000,0.917724,21,0,1000.000,0.720277,0.000000
40176,2,0.125000,0.911560,30,0,1000.000,1.255228,0.000000
40176,3,0.125000,0.908169,31,0,1000.000,1.737809,0.000000
40176,4,0.125000,0.898195,34,0,1000.000,2.239637,0.000000
40176,5,0.125000,0.865544,25,0,1000.000,2.683179,0.000000
40176,6,0.125000,0.042005,16,15,75.312,0.353118,0.000000
40176,7,0.125000,0.000000,21,21,9.952,0.208881,0.000000
40224,0,0.125000,0.932535,31,0,1000.000,0.282443,0.000000
40224,1,0.125000,0.918259,32,0,1000.000,0.776212,0.000000
40224,2,0.125000,0.913786,29,0,1000.000,1.218374,0.000000
40224,3,0.125000,0.900710,37,0,1000.000,1.703976,0.000000
40224,4,0.125000,0.896858,22,0,1000.000,2.193121,0.000000
40224,5,0.125000,0.827936,23,1,957.478,2.574481,0.000000
40224,6,0.125000,0.025023,28,27,49.536,0.353190,0.000000
40224,7,0.125000,0.000000,27,27,10.148,0.217041,0.000000
40272,0,0.125000,0.932196,16,0,1000.000,0.287466,0.000000
40272,1,0.125000,0.919002,27,0,1000.000,0.731711,0.000000
40272,2,0.125000,0.910054,33,0,1000.000,1.212524,0.000000
40272,3,0.125000,0.906884,27,0,1000.000,1.707049,0.000000
40272,4,0.125000,0.895914,36,0,1000.000,2.192471,0.000000
40272,5,0.125000,0.814780,35,2,943.714,2.505664,0.000000
40272,6,0.125000,0.083722,32,28,136.438,0.510711,0.000000
40272,7,0.125000,0.000000,30,30,10.100,0.230847,0.000000
40320,0,0.125000,0.930963,28,0,1000.000,0.279279,0.000000
40320,1,0.125000,0.920754,31,0,1000.000,0.726639,0.000000
40320,2,0.125000,0.911460,37,0,1000.000,1.196803,0.000000
40320,3,0.125000,0.906696,35,0,1000.000,1.700953,0.000000
40320,4,0.125000,0.900192,30,0,1000.000,2.188986,0.000000
40320,5,0.125000,0.799978,38,3,922.263,2.452065,0.000000
40320,6,0.125000,0.082400,41,37,123.244,0.628410,0.000000
40320,7,0.125000,0.000000,27,27,10.185,0.222117,0.000000
40368,0,0.125000,0.929004,27,0,1000.000,0.277293,0.000000
40368,1,0.125000,0.921129,26,0,1000.000,0.722272,0.000000
40368,2,0.125000,0.908663,24,0,1000.000,1.242267,0.000000
40368,3,0.125000,0.901015,30,0,1000.000,1.733937,0.000000
40368,4,0.125000,0.896622,32,0,1000.000,2.216635,0.000000
40368,5,0.125000,0.794730,39,3,924.974,2.512280,0.000000
40368,6,0.125000,0.054470,28,26,84.071,0.380075,0.000000
40368,7,0.125000,0.000000,26,26,10.500,0.222418,0.000000
40416,0,0.125000,0.933685,29,0,1000.000,0.227324,0.000000
40416,1,0.125000,0.919521,28,0,1000.000,0.762644,0.000000
40416,2,0.125000,0.909612,37,0,1000.000,1.258979,0.000000
40416,3,0.125000,0.900543,33,0,1000.000,1.728754,0.000000
40416,4,0.125000,0.895586,24,0,1000.000,2.241394,0.000000
40416,5,0.125000,0.856892,27,0,1000.000,2.656186,0.000000
40416,6,0.125000,0.087700,23,20,142.043,0.611098,0.000000
40416,7,0.125000,0.000000,29,29,9.862,0.228591,0.000000
40464,0,0.125000,0.928493,27,0,1000.000,0.257544,0.000000
40464,1,0.125000,0.918799,26,0,1000.000,0.742086,0.000000
40464,2,0.125000,0.913870,30,0,1000.000,1.241815,0.000000
40464,3,0.125000,0.906113,27,0,1000.000,1.701409,0.000000
40464,4,0.125000,0.892045,38,0,1000.000,2.226331,0.000000
40464,5,0.125000,0.824208,24,1,959.292,2.556612,0.000000
40464,6,0.125000,0.099139,21,18,154.095,0.577442,0.000000
40464,7,0.125000,0.000000,32,32,10.031,0.209984,0.000000
40512,0,0.125000,0.930127,42,0,1000.000,0.272532,0.000000
40512,1,0.125000,0.919385,19,0,1000.000,0.754874,0.000000
40512,2,0.125000,0.913239,35,0,1000.000,1.259151,0.000000
40512,3,0.125000,0.903473,33,0,1000.000,1.749030,0.000000
40512,4,0.125000,0.897563,33,0,1000.000,2.248504,0.000000
40512,5,0.125000,0.848812,34,1,971.000,2.630413,0.000000
40512,6,0.125000,0.060684,37,34,93.351,0.400239,0.000000
40512,7,0.125000,0.000000,30,30,10.300,0.248741,0.000000
40560,0,0.125000,0.930580,38,0,1000.000,0.291051,0.000000
40560,1,0.125000,0.918586,37,0,1000.000,0.791191,0.000000
40560,2,0.125000,0.911998,30,0,1000.000,1.216061,0.000000
40560,3,0.125000,0.902026,19,0,1000.000,1.694409,0.000000
40560,4,0.125000,0.896452,39,0,1000.000,2.248071,0.000000
40560,5,0.125000,0.820009,36,2,945.583,2.528546,0.000000
40560,6,0.125000,0.015989,30,29,48.133,0.325265,0.000000
40560,7,0.125000,0.000000,30,30,10.400,0.223561,0.000000
40608,0,0.125000,0.932593,33,0,1000.000,0.251704,0.000000
40608,1,0.125000,0.920242,26,0,1000.000,0.775205,0.000000
40608,2,0.125000,0.912498,38,0,1000.000,1.247990,0.000000
40608,3,0.125000,0.906989,43,0,1000.000,1.707019,0.000000
40608,4,0.125000,0.901122,25,0,1000.000,2.237849,0.000000
40608,5,0.125000,0.847263,35,1,971.886,2.589713,0.000000
40608,6,0.125000,0.037501,36,34,68.889,0.371182,0.000000
40608,7,0.125000,0.000000,42,42,9.929,0.238717,0.000000
40656,0,0.125000,0.932159,30,0,1000.000,0.263975,0.000000
40656,1,0.125000,0.920648,26,0,1000.000,0.728725,0.000000
40656,2,0.125000,0.911867,40,0,1000.000,1.236282,0.000000
40656,3,0.125000,0.905698,37,0,1000.000,1.698331,0.000000
40656,4,0.125000,0.898593,48,0,1000.000,2.201851,0.000000
40656,5,0.125000,0.860689,29,0,1000.000,2.629924,0.000000
40656,6,0.125000,0.000000,51,51,13.765,0.214412,0.000000
40656,7,0.125000,0.000000,37,37,10.000,0.248322,0.000000
40704,0,0.125000,0.930668,32,0,1000.000,0.264455,0.000000
40704,1,0.125000,0.922495,29,0,1000.000,0.725816,0.000000
40704,2,0.125000,0.912697,36,0,1000.000,1.214294,0.000000
40704,3,0.125000,0.909304,39,0,1000.000,1.707039,0.000000
40704,4,0.125000,0.895010,35,0,1000.000,2.183226,0.000000
40704,5,0.125000,0.727383,32,5,847.219,2.309796,0.000000
40704,6,0.125000,0.032226,41,39,62.512,0.346012,0.000000
40704,7,0.125000,0.000000,36,36,10.167,0.254347,0.000000
40752,0,0.125000,0.929680,31,0,1000.000,0.276042,0.000000
40752,1,0.125000,0.917950,37,0,1000.000,0.729154,0.000000
40752,2,0.125000,0.909374,28,0,1000.000,1.204421,0.000000
40752,3,0.125000,0.904247,30,0,1000.000,1.700454,0.000000
40752,4,0.125000,0.899963,31,0,1000.000,2.224491,0.000000
40752,5,0.125000,0.864752,45,0,1000.000,2.662108,0.000000
40752,6,0.125000,0.018676,45,44,35.867,0.254978,0.000000
40752,7,0.125000,0.000000,35,35,10.057,0.242624,0.000000
40800,0,0.125000,0.933136,32,0,1000.000,0.279289,0.000000
40800,1,0.125000,0.921056,31,0,1000.000,0.736077,0.000000
40800,2,0.125000,0.916542,49,0,1000.000,1.225366,0.000000
40800,3,0.125000,0.909740,37,0,1000.000,1.728582,0.000000
40800,4,0.125000,0.896151,35,0,1000.000,2.209629,0.000000
40800,5,0.125000,0.840657,35,1,971.800,2.595189,0.000000
40800,6,0.125000,0.120649,36,30,178.389,0.659970,0.000000
40800,7,0.125000,0.000000,29,29,10.138,0.234785,0.000000
40848,0,0.125000,0.930300,30,0,1000.000,0.274264,0.000000
40848,1,0.125000,0.920657,33,0,1000.000,0.749016,0.000000
40848,2,0.125000,0.913957,35,0,1000.000,1.200955,0.000000
40848,3,0.125000,0.904630,45,0,1000.000,1.726832,0.000000
40848,4,0.125000,0.897678,28,0,1000.000,2.219257,0.000000
40848,5,0.125000,0.737147,29,4,867.069,2.390444,0.000000
40848,6,0.125000,0.100601,32,27,169.969,0.688611,0.000000
40848,7,0.125000,0.000000,38,38,10.605,0.193066,0.000000
40896,0,0.125000,0.933276,32,0,1000.000,0.283366,0.000000
40896,1,0.125000,0.921884,30,0,1000.000,0.762473,0.000000
40896,2,0.125000,0.911302,30,0,1000.000,1.232106,0.000000
40896,3,0.125000,0.906931,40,0,1000.000,1.722633,0.000000
40896,4,0.125000,0.898370,37,0,1000.000,2.221194,0.000000
40896,5,0.125000,0.819146,35,2,943.886,2.565069,0.000000
40896,6,0.125000,0.032408,36,34,69.167,0.370802,0.000000
40896,7,0.125000,0.000000,43,43,10.233,0.205535,0.000000
40944,0,0.125000,0.930813,44,0,1000.000,0.295563,0.000000
40944,1,0.125000,0.920453,33,0,1000.000,0.776657,0.000000
40944,2,0.125000,0.913147,43,0,1000.000,1.246349,0.000000
40944,3,0.125000,0.908770,39,0,1000.000,1.752900,0.000000
40944,4,0.125000,0.896901,34,0,1000.000,2.257107,0.000000
40944,5,0.125000,0.834416,31,1,968.258,2.598530,0.000000
40944,6,0.125000,0.037332,33,31,75.273,0.382734,0.000000
40944,7,0.125000,0.000000,44,44,10.364,0.206998,0.000000
40992,0,0.125000,0.930675,37,0,1000.000,0.255129,0.000000
40992,1,0.125000,0.921576,33,0,1000.000,0.783020,0.000000
40992,2,0.125000,0.913301,38,0,1000.000,1.267933,0.000000
40992,3,0.125000,0.906578,30,0,1000.000,1.770711,0.000000
40992,4,0.125000,0.898208,31,0,1000.000,2.249949,0.000000
40992,5,0.125000,0.834000,34,1,971.441,2.612997,0.000000
40992,6,0.125000,0.082611,26,23,129.346,0.574346,0.000000
40992,7,0.125000,0.000000,41,41,10.317,0.224751,0.000000
41040,0,0.125000,0.930599,29,0,1000.000,0.280525,0.000000
41040,1,0.125000,0.921457,41,0,1000.000,0.769464,0.000000
41040,2,0.125000,0.914880,39,0,1000.000,1.203141,0.000000
41040,3,0.125000,0.907347,32,0,1000.000,1.742120,0.000000
41040,4,0.125000,0.894339,35,0,1000.000,2.239611,0.000000
41040,5,0.125000,0.851523,30,0,1000.000,2.698269,0.000000
41040,6,0.125000,0.031379,26,25,51.154,0.289668,0.000000
41040,7,0.125000,0.000000,24,24,10.583,0.238857,0.000000
41088,0,0.125000,0.932808,38,0,1000.000,0.296250,0.000000
41088,1,0.125000,0.920623,40,0,1000.000,0.750605,0.000000
41088,2,0.125000,0.913504,35,1,995.800,1.242641,0.000000
41088,3,0.125000,0.906186,23,0,1000.000,1.715433,0.000000
41088,4,0.125000,0.899345,36,0,1000.000,2.204554,0.000000
41088,5,0.125000,0.836984,28,1,964.750,2.540854,0.000000
41088,6,0.125000,0.046246,31,29,77.903,0.346815,0.000000
41088,7,0.125000,0.000000,33,33,10.515,0.242947,0.000000
41136,0,0.125000,0.928932,32,1,975.125,0.277521,0.000000
41136,1,0.125000,0.922081,36,0,1000.000,0.773173,0.000000
41136,2,0.125000,0.911220,28,0,1000.000,1.253369,0.000000
41136,3,0.125000,0.911112,39,0,1000.000,1.728979,0.000000
41136,4,0.125000,0.899725,28,0,1000.000,2.214470,0.000000
41136,5,0.125000,0.842918,29,1,966.034,2.608390,0.000000
41136,6,0.125000,0.000000,32,32,13.656,0.187413,0.000000
41136,7,0.125000,0.000000,31,31,10.032,0.258631,0.000000
41184,0,0.125000,0.928442,26,0,1000.000,0.270191,0.000000
41184,1,0.125000,0.919777,27,0,1000.000,0.756437,0.000000
41184,2,0.125000,0.914678,22,0,1000.000,1.241797,0.000000
41184,3,0.125000,0.912526,28,0,1000.000,1.711579,0.000000
41184,4,0.125000,0.899627,29,0,1000.000,2.224942,0.000000
41184,5,0.125000,0.780780,20,2,901.900,2.416292,0.000000
41184,6,0.125000,0.105944,26,22,165.846,0.607147,0.000000
41184,7,0.125000,0.000000,35,35,9.886,0.198630,0.000000
41232,0,0.125000,0.931685,35,0,1000.000,0.296681,0.000000
41232,1,0.125000,0.922716,34,0,1000.000,0.754437,0.000000
41232,2,0.125000,0.883252,28,1,965.571,1.224958,0.000000
41232,3,0.125000,0.905783,37,0,1000.000,1.746949,0.000000
41232,4,0.125000,0.894722,25,0,1000.000,2.236020,0.000000
41232,5,0.125000,0.774403,29,3,898.759,2.427681,0.000000
41232,6,0.125000,0.068992,33,30,103.636,0.451894,0.000000
41232,7,0.125000,0.000000,29,29,10.276,0.228098,0.000000
41280,0,0.125000,0.931145,26,0,1000.000,0.290748,0.000000
41280,1,0.125000,0.919693,29,0,1000.000,0.773844,0.000000
41280,2,0.125000,0.915237,22,0,1000.000,1.257568,0.000000
41280,3,0.125000,0.909464,26,0,1000.000,1.748077,0.000000
41280,4,0.125000,0.896660,45,0,1000.000,2.212277,0.000000
41280,5,0.125000,0.831952,30,1,967.433,2.601139,0.000000
41280,6,0.125000,0.079438,25,22,131.640,0.518621,0.000000
41280,7,0.125000,0.000000,31,31,10.613,0.247292,0.000000
41328,0,0.125000,0.928877,30,1,981.333,0.259227,0.000000
41328,1,0.125000,0.922878,31,0,1000.000,0.744406,0.000000
41328,2,0.125000,0.915886,28,0,1000.000,1.241106,0.000000
41328,3,0.125000,0.906246,23,0,1000.000,1.673542,0.000000
41328,4,0.125000,0.898046,41,0,1000.000,2.180029,0.000000
41328,5,0.125000,0.782761,42,4,906.690,2.380350,0.000000
41328,6,0.125000,0.028525,25,25,53.080,0.274804,0.000000
41328,7,0.125000,0.000000,25,25,10.360,0.216645,0.000000
41376,0,0.125000,0.932222,33,0,1000.000,0.273365,0.000000
41376,1,0.125000,0.923605,28,0,1000.000,0.776166,0.000000
41376,2,0.125000,0.913896,26,0,1000.000,1.152821,0.000000
41376,3,0.125000,0.905699,29,0,1000.000,1.641422,0.000000
41376,4,0.125000,0.895063,29,0,1000.000,2.168647,0.000000
41376,5,0.125000,0.856433,28,0,1000.000,2.616707,0.000000
41376,6,0.125000,0.052421,34,32,88.147,0.418363,0.000000
41376,7,0.125000,0.000000,27,27,10.222,0.243753,0.000000
41424,0,0.125000,0.931081,41,0,1000.000,0.231225,0.000000
41424,1,0.125000,0.919792,23,0,1000.000,0.708189,0.000000
41424,2,0.125000,0.913510,39,0,1000.000,1.226612,0.000000
41424,3,0.125000,0.907499,29,0,1000.000,1.666624,0.000000
41424,4,0.125000,0.891052,33,0,1000.000,2.173025,0.000000
41424,5,0.125000,0.818933,20,1,951.250,2.520545,0.000000
41424,6,0.125000,0.019202,31,30,45.226,0.267484,0.000000
41424,7,0.125000,0.000000,25,25,10.720,0.217448,0.000000
41472,0,0.125000,0.928518,25,0,1000.000,0.257885,0.000000
41472,1,0.125000,0.917446,24,0,1000.000,0.765655,0.000000
41472,2,0.125000,0.913723,31,0,1000.000,1.207542,0.000000
41472,3,0.125000,0.905928,29,0,1000.000,1.682141,0.000000
41472,4,0.125000,0.887862,29,0,1000.000,2.182928,0.000000
41472,5,0.125000,0.821159,28,1,965.107,2.575221,0.000000
41472,6,0.125000,0.000000,22,22,14.591,0.215746,0.000000
41472,7,0.125000,0.000000,24,24,10.583,0.239320,0.000000
41520,0,0.125000,0.932332,31,0,1000.000,0.274838,0.000000
41520,1,0.125000,0.921922,41,0,1000.000,0.724448,0.000000
41520,2,0.125000,0.914591,30,0,1000.000,1.198624,0.000000
41520,3,0.125000,0.906905,36,0,1000.000,1.732876,0.000000
41520,4,0.125000,0.897247,34,0,1000.000,2.192345,0.000000
41520,5,0.125000,0.837597,34,1,971.118,2.585684,0.000000
41520,6,0.125000,0.064405,25,23,94.880,0.464250,0.000000
41520,7,0.125000,0.000000,30,30,11.067,0.204801,0.000000
41568,0,0.125000,0.932246,26,0,1000.000,0.277089,0.000000
41568,1,0.125000,0.921208,27,0,1000.000,0.761968,0.000000
41568,2,0.125000,0.912654,35,0,1000.000,1.249551,0.000000
41568,3,0.125000,0.905223,39,0,1000.000,1.683682,0.000000
41568,4,0.125000,0.891419,37,0,1000.000,2.216377,0.000000
41568,5,0.125000,0.776922,34,3,914.265,2.440174,0.000000
41568,6,0.125000,0.095073,33,28,164.303,0.610393,0.000000
41568,7,0.125000,0.000000,30,30,10.833,0.204633,0.000000
41616,0,0.125000,0.932276,42,0,1000.000,0.303636,0.000000
41616,1,0.125000,0.920621,27,0,1000.000,0.746914,0.000000
41616,2,0.125000,0.911467,35,0,1000.000,1.243078,0.000000
41616,3,0.125000,0.905271,32,0,1000.000,1.757021,0.000000
41616,4,0.125000,0.892487,30,0,1000.000,2.180729,0.000000
41616,5,0.125000,0.801686,31,2,936.742,2.495931,0.000000
41616,6,0.125000,0.124967,28,23,191.393,0.743500,0.000000
41616,7,0.125000,0.000000,39,39,11.410,0.241697,0.000000
41664,0,0.125000,0.928281,34,0,1000.000,0.242368,0.000000
41664,1,0.125000,0.918915,37,0,1000.000,0.758441,0.000000
41664,2,0.125000,0.916482,35,0,1000.000,1.234450,0.000000
41664,3,0.125000,0.907496,29,0,1000.000,1.734327,0.000000
41664,4,0.125000,0.890343,39,0,1000.000,2.227582,0.000000
41664,5,0.125000,0.816954,35,2,944.171,2.567873,0.000000
41664,6,0.125000,0.017609,38,37,43.342,0.376577,0.000000
41664,7,0.125000,0.000000,29,29,11.276,0.230046,0.000000
41712,0,0.125000,0.931693,34,0,1000.000,0.260729,0.000000
41712,1,0.125000,0.919871,39,0,1000.000,0.725684,0.000000
41712,2,0.125000,0.914249,23,0,1000.000,1.203989,0.000000
41712,3,0.125000,0.905503,35,0,1000.000,1.693903,0.000000
41712,4,0.125000,0.900752,40,0,1000.000,2.202780,0.000000
41712,5,0.125000,0.862089,28,0,1000.000,2.647380,0.000000
41712,6,0.125000,0.023371,26,25,53.269,0.266650,0.000000
41712,7,0.125000,0.000000,33,33,11.455,0.234232,0.000000
41760,0,0.125000,0.932760,37,0,1000.000,0.240144,0.000000
41760,1,0.125000,0.917612,32,0,1000.000,0.727231,0.000000
41760,2,0.125000,0.913879,33,0,1000.000,1.240536,0.000000
41760,3,0.125000,0.903651,30,0,1000.000,1.670889,0.000000
41760,4,0.125000,0.896669,40,0,1000.000,2.185870,0.000000
41760,5,0.125000,0.840329,33,1,970.424,2.593987,0.000000
41760,6,0.125000,0.029631,28,27,50.393,0.288046,0.000000
41760,7,0.125000,0.000000,37,37,10.703,0.226888,0.000000
41808,0,0.125000,0.929370,37,0,1000.000,0.285037,0.000000
41808,1,0.125000,0.922204,40,0,1000.000,0.749538,0.000000
41808,2,0.125000,0.914531,37,0,1000.000,1.241196,0.000000
41808,3,0.125000,0.908632,26,0,1000.000,1.704251,0.000000
41808,4,0.125000,0.899644,30,0,1000.000,2.175712,0.000000
41808,5,0.125000,0.856442,40,0,1000.000,2.642607,0.000000
41808,6,0.125000,0.073491,31,28,111.290,0.493856,0.000000
41808,7,0.125000,0.000000,31,31,11.000,0.209090,0.000000
41856,0,0.125000,0.929670,24,0,1000.000,0.311392,0.000000
41856,1,0.125000,0.918688,27,0,1000.000,0.750200,0.000000
41856,2,0.125000,0.918416,35,0,1000.000,1.238424,0.000000
41856,3,0.125000,0.910355,39,0,1000.000,1.743888,0.000000
41856,4,0.125000,0.898891,34,0,1000.000,2.229452,0.000000
41856,5,0.125000,0.857587,47,0,1000.000,2.636969,0.000000
41856,6,0.125000,0.040424,33,31,74.242,0.332036,0.000000
41856,7,0.125000,0.000000,38,38,11.000,0.194589,0.000000
41904,0,0.125000,0.932156,28,0,1000.000,0.255032,0.000000
41904,1,0.125000,0.919847,35,1,992.143,0.781853,0.000000
41904,2,0.125000,0.916909,38,0,1000.000,1.255440,0.000000
41904,3,0.125000,0.907177,34,0,1000.000,1.735988,0.000000
41904,4,0.125000,0.895867,52,0,1000.000,2.196854,0.000000
41904,5,0.125000,0.837283,32,1,969.469,2.561369,0.000000
41904,6,0.125000,0.070306,33,30,113.333,0.544152,0.000000
41904,7,0.125000,0.000000,35,35,10.829,0.229730,0.000000
41952,0,0.125000,0.929360,37,0,1000.000,0.256912,0.000000
41952,1,0.125000,0.920358,45,0,1000.000,0.771709,0.000000
41952,2,0.125000,0.913080,38,0,1000.000,1.270802,0.000000
41952,3,0.125000,0.903614,33,0,1000.000,1.746291,0.000000
41952,4,0.125000,0.893228,31,0,1000.000,2.221457,0.000000
41952,5,0.125000,0.814220,34,2,942.471,2.498427,0.000000
41952,6,0.125000,0.058543,37,34,94.243,0.432155,0.000000
41952,7,0.125000,0.000000,36,36,10.694,0.210975,0.000000
42000,0,0.125000,0.931099,37,0,1000.000,0.282804,0.000000
42000,1,0.125000,0.921709,29,0,1000.000,0.739641,0.000000
42000,2,0.125000,0.913924,34,0,1000.000,1.226424,0.000000
42000,3,0.125000,0.905042,33,0,1000.000,1.735181,0.000000
42000,4,0.125000,0.891933,32,0,1000.000,2.194990,0.000000
42000,5,0.125000,0.804367,36,2,945.639,2.506760,0.000000
42000,6,0.125000,0.020269,39,38,40.359,0.298033,0.000000
42000,7,0.125000,0.000000,43,43,10.442,0.221955,0.000000
42048,0,0.125000,0.927891,42,0,1000.000,0.248673,0.000000
42048,1,0.125000,0.919451,36,1,995.917,0.752621,0.000000
42048,2,0.125000,0.913722,32,0,1000.000,1.233608,0.000000
42048,3,0.125000,0.904428,27,0,1000.000,1.717299,0.000000
42048,4,0.125000,0.896550,31,0,1000.000,2.221521,0.000000
42048,5,0.125000,0.826060,34,1,971.176,2.587996,0.000000
42048,6,0.125000,0.075764,29,25,150.759,0.588336,0.000000
42048,7,0.125000,0.000000,40,40,10.550,0.227236,0.000000
42096,0,0.125000,0.928253,34,0,1000.000,0.299253,0.000000
42096,1,0.125000,0.920007,34,0,1000.000,0.772838,0.000000
42096,2,0.125000,0.912983,24,0,1000.000,1.210009,0.000000
42096,3,0.125000,0.903848,35,0,1000.000,1.684015,0.000000
42096,4,0.125000,0.894127,32,0,1000.000,2.211059,0.000000
42096,5,0.125000,0.807828,37,2,947.459,2.541442,0.000000
42096,6,0.125000,0.067449,39,35,116.872,0.517753,0.000000
42096,7,0.125000,0.000000,37,37,10.324,0.181808,0.000000
42144,0,0.125000,0.932829,30,0,1000.000,0.251945,0.000000
42144,1,0.125000,0.919776,32,0,1000.000,0.741130,0.000000
42144,2,0.125000,0.912320,28,0,1000.000,1.286446,0.000000
42144,3,0.125000,0.906821,30,0,1000.000,1.722946,0.000000
42144,4,0.125000,0.893918,33,0,1000.000,2.259788,0.000000
42144,5,0.125000,0.862022,29,0,1000.000,2.643310,0.000000
42144,6,0.125000,0.051483,34,31,101.118,0.459623,0.000000
42144,7,0.125000,0.000000,39,39,9.821,0.224026,0.000000
42192,0,0.125000,0.930855,31,0,1000.000,0.284878,0.000000
42192,1,0.125000,0.923508,31,0,1000.000,0.764667,0.000000
42192,2,0.125000,0.917292,27,0,1000.000,1.240375,0.000000
42192,3,0.125000,0.907516,23,0,1000.000,1.705927,0.000000
42192,4,0.125000,0.896913,24,0,1000.000,2.226510,0.000000
42192,5,0.125000,0.727941,28,4,860.571,2.348324,0.000000
42192,6,0.125000,0.000000,21,21,14.000,0.185636,0.000000
42192,7,0.125000,0.000000,33,33,10.667,0.211023,0.000000
42240,0,0.125000,0.929471,34,0,1000.000,0.286099,0.000000
42240,1,0.125000,0.921890,35,0,1000.000,0.772823,0.000000
42240,2,0.125000,0.918426,28,0,1000.000,1.243128,0.000000
42240,3,0.125000,0.901142,32,0,1000.000,1.745340,0.000000
42240,4,0.125000,0.897701,33,0,1000.000,2.219001,0.000000
42240,5,0.125000,0.822890,26,1,962.192,2.572871,0.000000
42240,6,0.125000,0.026678,27,26,52.333,0.349063,0.000000
42240,7,0.125000,0.000000,40,40,10.625,0.244696,0.000000
42288,0,0.125000,0.926520,34,1,977.647,0.280235,0.000000
42288,1,0.125000,0.921829,28,0,1000.000,0.743463,0.000000
42288,2,0.125000,0.912409,36,0,1000.000,1.239430,0.000000
42288,3,0.125000,0.904171,32,0,1000.000,1.728403,0.000000
42288,4,0.125000,0.890462,31,0,1000.000,2.176020,0.000000
42288,5,0.125000,0.846318,23,0,1000.000,2.629218,0.000000
42288,6,0.125000,0.000001,24,24,15.667,0.283277,0.000000
42288,7,0.125000,0.000000,33,33,10.667,0.237426,0.000000
42384,0,0.125000,0.928618,66,1,993.591,0.256682,0.000000
42384,1,0.125000,0.919331,80,0,1000.000,0.754017,0.000000
42384,2,0.125000,0.913420,48,0,1000.000,1.226725,0.000000
42384,3,0.125000,0.903098,57,0,1000.000,1.698680,0.000000
42384,4,0.125000,0.891099,54,0,1000.000,2.182769,0.000000
42384,5,0.125000,0.810743,52,3,943.904,2.528308,0.000000
42384,6,0.125000,0.044063,66,62,74.561,0.386120,0.000000
42384,7,0.125000,0.000000,66,66,10.318,0.249017,0.000000
42432,0,0.125000,0.932436,38,0,1000.000,0.243077,0.000000
42432,1,0.125000,0.921940,33,0,1000.000,0.734874,0.000000
42432,2,0.125000,0.911363,27,0,1000.000,1.219933,0.000000
42432,3,0.125000,0.905565,23,0,1000.000,1.699299,0.000000
42432,4,0.125000,0.896452,28,0,1000.000,2.231831,0.000000
42432,5,0.125000,0.838925,39,1,974.949,2.609409,0.000000
42432,6,0.125000,0.207485,13,9,316.462,1.038105,0.000000
42432,7,0.125000,0.000000,25,25,10.440,0.267225,0.000000
42480,0,0.125000,0.930989,32,0,1000.000,0.271770,0.000000
42480,1,0.125000,0.919338,31,0,1000.000,0.784082,0.000000
42480,2,0.125000,0.917698,24,0,1000.000,1.250086,0.000000
42480,3,0.125000,0.903003,24,0,1000.000,1.732038,0.000000
42480,4,0.125000,0.892840,27,0,1000.000,2.205333,0.000000
42480,5,0.125000,0.823821,30,1,967.267,2.559551,0.000000
42480,6,0.125000,0.069881,23,21,101.957,0.440227,0.000000
42480,7,0.125000,0.000000,24,24,10.375,0.270821,0.000000
42528,0,0.125000,0.930467,30,0,1000.000,0.287396,0.000000
42528,1,0.125000,0.920524,30,0,1000.000,0.791135,0.000000
42528,2,0.125000,0.912027,32,0,1000.000,1.265019,0.000000
42528,3,0.125000,0.905600,35,0,1000.000,1.736359,0.000000
42528,4,0.125000,0.894668,28,0,1000.000,2.235202,0.000000
42528,5,0.125000,0.858625,33,0,1000.000,2.664064,0.000000
42528,6,0.125000,0.180658,30,22,276.633,0.917045,0.000000
42528,7,0.125000,0.000000,32,32,10.344,0.249852,0.000000
42576,0,0.125000,0.931287,33,0,1000.000,0.261528,0.000000
42576,1,0.125000,0.922748,25,0,1000.000,0.752959,0.000000
42576,2,0.125000,0.915240,34,0,1000.000,1.249714,0.000000
42576,3,0.125000,0.908792,41,0,1000.000,1.769317,0.000000
42576,4,0.125000,0.898698,31,0,1000.000,2.226852,0.000000
42576,5,0.125000,0.801730,43,3,931.977,2.515443,0.000000
42576,6,0.125000,0.131059,23,19,185.696,0.681959,0.000000
42576,7,0.125000,0.000000,31,31,10.452,0.257610,0.000000
42624,0,0.125000,0.930038,36,0,1000.000,0.233237,0.000000
42624,1,0.125000,0.919858,22,0,1000.000,0.770722,0.000000
42624,2,0.125000,0.915693,37,0,1000.000,1.270176,0.000000
42624,3,0.125000,0.905529,24,0,1000.000,1.743794,0.000000
42624,4,0.125000,0.897102,30,0,1000.000,2.182351,0.000000
42624,5,0.125000,0.834714,38,1,974.079,2.626104,0.000000
42624,6,0.125000,0.049737,28,26,84.321,0.348768,0.000000
42624,7,0.125000,0.000000,36,36,10.306,0.233693,0.000000
42672,0,0.125000,0.930855,34,0,1000.000,0.234306,0.000000
42672,1,0.125000,0.921960,32,0,1000.000,0.760652,0.000000
42672,2,0.125000,0.912447,42,0,1000.000,1.245893,0.000000
42672,3,0.125000,0.903422,30,0,1000.000,1.725218,0.000000
42672,4,0.125000,0.895944,32,0,1000.000,2.219015,0.000000
42672,5,0.125000,0.858015,37,0,1000.000,2.659120,0.000000
42672,6,0.125000,0.156566,40,31,236.300,0.825657,0.000000
42672,7,0.125000,0.000000,38,38,10.289,0.243209,0.000000
42720,0,0.125000,0.929734,38,0,1000.000,0.260671,0.000000
42720,1,0.125000,0.919353,31,0,1000.000,0.737511,0.000000
42720,2,0.125000,0.911623,37,0,1000.000,1.202611,0.000000
42720,3,0.125000,0.908951,32,0,1000.000,1.701265,0.000000
42720,4,0.125000,0.897650,32,0,1000.000,2.199570,0.000000
42720,5,0.125000,0.834456,32,1,969.375,2.559482,0.000000
42720,6,0.125000,0.000000,28,28,15.750,0.197449,0.000000
42720,7,0.125000,0.000000,42,42,10.810,0.229492,0.000000
42768,0,0.125000,0.929860,32,0,1000.000,0.261541,0.000000
42768,1,0.125000,0.920799,36,0,1000.000,0.740603,0.000000
42768,2,0.125000,0.913589,39,0,1000.000,1.228236,0.000000
42768,3,0.125000,0.908404,34,0,1000.000,1.772243,0.000000
42768,4,0.125000,0.895834,29,0,1000.000,2.186942,0.000000
42768,5,0.125000,0.860346,35,0,1000.000,2.600168,0.000000
42768,6,0.125000,0.205938,21,15,296.571,0.975488,0.000000
42768,7,0.125000,0.000000,26,26,10.808,0.249367,0.000000
42816,0,0.125000,0.931280,30,0,1000.000,0.239948,0.000000
42816,1,0.125000,0.919946,39,0,1000.000,0.740482,0.000000
42816,2,0.125000,0.916535,33,0,1000.000,1.222505,0.000000
42816,3,0.125000,0.906370,31,0,1000.000,1.729803,0.000000
42816,4,0.125000,0.895392,30,0,1000.000,2.220124,0.000000
42816,5,0.125000,0.858436,44,0,1000.000,2.629535,0.000000
42816,6,0.125000,0.085198,40,35,138.925,0.625905,0.000000
42816,7,0.125000,0.000000,35,35,10.600,0.247070,0.000000
42864,0,0.125000,0.929870,29,0,1000.000,0.285817,0.000000
42864,1,0.125000,0.922733,38,0,1000.000,0.771513,0.000000
42864,2,0.125000,0.917701,34,0,1000.000,1.228546,0.000000
42864,3,0.125000,0.905650,29,0,1000.000,1.712026,0.000000
42864,4,0.125000,0.895717,24,0,1000.000,2.215318,0.000000
42864,5,0.125000,0.809520,51,3,942.373,2.533890,0.000000
42864,6,0.125000,0.095878,38,33,144.526,0.552241,0.000000
42864,7,0.125000,0.000000,41,41,10.244,0.239284,0.000000
42912,0,0.125000,0.930662,36,0,1000.000,0.262588,0.000000
42912,1,0.125000,0.924867,32,0,1000.000,0.774619,0.000000
42912,2,0.125000,0.910462,37,0,1000.000,1.259633,0.000000
42912,3,0.125000,0.907747,45,0,1000.000,1.723274,0.000000
42912,4,0.125000,0.898730,22,0,1000.000,2.264829,0.000000
42912,5,0.125000,0.862087,40,0,1000.000,2.626802,0.000000
42912,6,0.125000,0.076972,26,23,127.808,0.461994,0.000000
42912,7,0.125000,0.000000,33,33,10.636,0.197786,0.000000
42960,0,0.125000,0.928886,38,1,986.553,0.257392,0.000000
42960,1,0.125000,0.920111,30,0,1000.000,0.788840,0.000000
42960,2,0.125000,0.909062,31,0,1000.000,1.215765,0.000000
42960,3,0.125000,0.908941,50,0,1000.000,1.737036,0.000000
42960,4,0.125000,0.894805,33,0,1000.000,2.231213,0.000000
42960,5,0.125000,0.864806,39,0,1000.000,2.637296,0.000000
42960,6,0.125000,0.029492,26,25,53.462,0.321128,0.000000
42960,7,0.125000,0.000000,23,23,10.478,0.236955,0.000000
43008,0,0.125000,0.932225,30,0,1000.000,0.281865,0.000000
43008,1,0.125000,0.925121,28,0,1000.000,0.752568,0.000000
43008,2,0.125000,0.914576,32,0,1000.000,1.281976,0.000000
43008,3,0.125000,0.902370,36,0,1000.000,1.740561,0.000000
43008,4,0.125000,0.892700,39,0,1000.000,2.201342,0.000000
43008,5,0.125000,0.841067,37,1,973.432,2.605775,0.000000
43008,6,0.125000,0.022044,35,34,43.886,0.293922,0.000000
43008,7,0.125000,0.000000,38,38,10.526,0.226560,0.000000
43056,0,0.125000,0.931749,33,0,1000.000,0.259761,0.000000
43056,1,0.125000,0.921428,30,0,1000.000,0.761943,0.000000
43056,2,0.125000,0.913632,26,0,1000.000,1.206100,0.000000
43056,3,0.125000,0.908752,43,0,1000.000,1.749973,0.000000
43056,4,0.125000,0.895142,34,0,1000.000,2.224438,0.000000
43056,5,0.125000,0.783133,35,3,916.171,2.471771,0.000000
43056,6,0.125000,0.046065,28,26,85.357,0.379315,0.000000
43056,7,0.125000,0.000000,32,32,10.562,0.237238,0.000000
43104,0,0.125000,0.931299,30,0,1000.000,0.285038,0.000000
43104,1,0.125000,0.920847,41,0,1000.000,0.739086,0.000000
43104,2,0.125000,0.915090,31,0,1000.000,1.213046,0.000000
43104,3,0.125000,0.903240,33,0,1000.000,1.719086,0.000000
43104,4,0.125000,0.895818,33,0,1000.000,2.199443,0.000000
43104,5,0.125000,0.831354,32,1,969.781,2.588616,0.000000
43104,6,0.125000,0.065655,34,31,101.265,0.441589,0.000000
43104,7,0.125000,0.000000,37,37,10.243,0.219630,0.000000
43152,0,0.125000,0.932591,38,0,1000.000,0.252802,0.000000
43152,1,0.125000,0.923888,23,0,1000.000,0.750440,0.000000
43152,2,0.125000,0.915240,32,0,1000.000,1.245932,0.000000
43152,3,0.125000,0.905359,33,0,1000.000,1.750704,0.000000
43152,4,0.125000,0.894939,28,0,1000.000,2.207317,0.000000
43152,5,0.125000,0.743554,30,4,869.500,2.371948,0.000000
43152,6,0.125000,0.000000,37,37,14.514,0.205120,0.000000
43152,7,0.125000,0.000000,32,32,10.125,0.234496,0.000000
43200,0,0.125000,0.928382,31,0,1000.000,0.272685,0.000000
43200,1,0.125000,0.923674,25,0,1000.000,0.791085,0.000000
43200,2,0.125000,0.917185,27,0,1000.000,1.217625,0.000000
43200,3,0.125000,0.911963,21,0,1000.000,1.782400,0.000000
43200,4,0.125000,0.893320,32,0,1000.000,2.228260,0.000000
43200,5,0.125000,0.855840,27,0,1000.000,2.622203,0.000000
43200,6,0.125000,0.000000,25,25,15.080,0.198738,0.000000
43200,7,0.125000,0.000000,24,24,10.292,0.200577,0.000000
43248,0,0.125000,0.931170,30,1,980.000,0.298225,0.000000
43248,1,0.125000,0.923127,35,0,1000.000,0.752000,0.000000
43248,2,0.125000,0.913876,25,0,1000.000,1.232286,0.000000
43248,3,0.125000,0.906331,26,0,1000.000,1.714413,0.000000
43248,4,0.125000,0.896266,30,0,1000.000,2.238057,0.000000
43248,5,0.125000,0.837356,34,1,971.265,2.607467,0.000000
43248,6,0.125000,0.093054,29,25,150.552,0.514454,0.000000
43248,7,0.125000,0.000000,32,32,10.625,0.172477,0.000000
43296,0,0.125000,0.929172,30,1,984.433,0.276854,0.000000
43296,1,0.125000,0.918416,34,0,1000.000,0.717665,0.000000
43296,2,0.125000,0.912924,32,0,1000.000,1.216223,0.000000
43296,3,0.125000,0.906953,39,0,1000.000,1.714944,0.000000
43296,4,0.125000,0.891336,22,0,1000.000,2.202743,0.000000
43296,5,0.125000,0.828451,28,1,964.857,2.569777,0.000000
43296,6,0.125000,0.033252,40,38,64.025,0.348771,0.000000
43296,7,0.125000,0.000000,29,29,11.034,0.184357,0.000000
43344,0,0.125000,0.930891,36,0,1000.000,0.291752,0.000000
43344,1,0.125000,0.922265,26,0,1000.000,0.762760,0.000000
43344,2,0.125000,0.913538,39,0,1000.000,1.239394,0.000000
43344,3,0.125000,0.905721,19,0,1000.000,1.708243,0.000000
43344,4,0.125000,0.895190,38,0,1000.000,2.192204,0.000000
43344,5,0.125000,0.823477,44,2,955.705,2.561072,0.000000
43344,6,0.125000,0.038001,41,39,63.732,0.346556,0.000000
43344,7,0.125000,0.000000,38,38,11.184,0.205472,0.000000
43392,0,0.125000,0.929782,27,1,998.926,0.237610,0.000000
43392,1,0.125000,0.921573,44,0,1000.000,0.782128,0.000000
43392,2,0.125000,0.916005,20,0,1000.000,1.255302,0.000000
43392,3,0.125000,0.911027,27,0,1000.000,1.745535,0.000000
43392,4,0.125000,0.897175,25,0,1000.000,2.216118,0.000000
43392,5,0.125000,0.660815,22,5,777.500,2.150416,0.000000
43392,6,0.125000,0.029976,28,27,53.821,0.408482,0.000000
43392,7,0.125000,0.000000,32,32,10.562,0.224232,0.000000
43440,0,0.125000,0.931724,40,0,1000.000,0.239625,0.000000
43440,1,0.125000,0.921433,29,0,1000.000,0.762582,0.000000
43440,2,0.125000,0.914810,26,0,1000.000,1.273052,0.000000
43440,3,0.125000,0.905354,22,0,1000.000,1.709798,0.000000
43440,4,0.125000,0.895606,36,0,1000.000,2.214859,0.000000
43440,5,0.125000,0.839780,38,1,974.263,2.607021,0.000000
43440,6,0.125000,0.079851,19,17,118.263,0.523302,0.000000
43440,7,0.125000,0.000000,35,35,10.514,0.231380,0.000000
43488,0,0.125000,0.929278,23,0,1000.000,0.269647,0.000000
43488,1,0.125000,0.919381,28,0,1000.000,0.758896,0.000000
43488,2,0.125000,0.920206,30,0,1000.000,1.239247,0.000000
43488,3,0.125000,0.907592,24,0,1000.000,1.731990,0.000000
43488,4,0.125000,0.895024,36,0,1000.000,2.204756,0.000000
43488,5,0.125000,0.799223,32,3,919.688,2.453386,0.000000
43488,6,0.125000,0.075547,35,31,127.543,0.489832,0.000000
43488,7,0.125000,0.000000,25,25,10.440,0.215231,0.000000
43536,0,0.125000,0.932217,31,0,1000.000,0.239405,0.000000
43536,1,0.125000,0.921597,39,0,1000.000,0.716788,0.000000
43536,2,0.125000,0.914700,33,1,992.030,1.214272,0.000000
43536,3,0.125000,0.911955,28,0,1000.000,1.700661,0.000000
43536,4,0.125000,0.899328,25,0,1000.000,2.189581,0.000000
43536,5,0.125000,0.802867,33,2,941.303,2.535418,0.000000
43536,6,0.125000,0.152859,28,22,225.321,0.743663,0.000000
43536,7,0.125000,0.000000,29,29,10.690,0.204779,0.000000
43584,0,0.125000,0.930257,35,0,1000.000,0.280519,0.000000
43584,1,0.125000,0.920769,33,0,1000.000,0.752827,0.000000
43584,2,0.125000,0.916227,35,0,1000.000,1.263286,0.000000
43584,3,0.125000,0.907034,34,0,1000.000,1.747186,0.000000
43584,4,0.125000,0.895309,27,0,1000.000,2.241795,0.000000
43584,5,0.125000,0.806032,37,2,947.162,2.546415,0.000000
43584,6,0.125000,0.018162,43,42,37.023,0.243652,0.000000
43584,7,0.125000,0.000000,41,41,10.488,0.225524,0.000000
43632,0,0.125000,0.932041,31,1,975.355,0.254338,0.000000
43632,1,0.125000,0.923501,31,0,1000.000,0.745154,0.000000
43632,2,0.125000,0.914868,33,0,1000.000,1.228621,0.000000
43632,3,0.125000,0.904999,32,0,1000.000,1.719524,0.000000
43632,4,0.125000,0.897374,32,0,1000.000,2.247641,0.000000
43632,5,0.125000,0.805673,37,2,947.108,2.524140,0.000000
43632,6,0.125000,0.064127,30,27,112.633,0.461948,0.000000
43632,7,0.125000,0.000000,29,29,11.103,0.213071,0.000000
43680,0,0.125000,0.930898,30,0,1000.000,0.308812,0.000000
43680,1,0.125000,0.922112,45,0,1000.000,0.746112,0.000000
43680,2,0.125000,0.916125,36,0,1000.000,1.235616,0.000000
43680,3,0.125000,0.907208,35,0,1000.000,1.735369,0.000000
43680,4,0.125000,0.896909,30,0,1000.000,2.219447,0.000000
43680,5,0.125000,0.778483,41,4,906.878,2.483423,0.000000
43680,6,0.125000,0.017220,39,38,41.744,0.318282,0.000000
43680,7,0.125000,0.000000,33,33,11.182,0.224651,0.000000
43728,0,0.125000,0.933127,33,0,1000.000,0.274711,0.000000
43728,1,0.125000,0.921275,37,0,1000.000,0.757383,0.000000
43728,2,0.125000,0.914407,37,0,1000.000,1.218762,0.000000
43728,3,0.125000,0.905952,37,0,1000.000,1.731175,0.000000
43728,4,0.125000,0.896569,29,0,1000.000,2.193739,0.000000
43728,5,0.125000,0.832888,35,1,972.743,2.623588,0.000000
43728,6,0.125000,0.055733,34,32,96.824,0.435397,0.000000
43728,7,0.125000,0.000000,28,28,10.536,0.182870,0.000000
43776,0,0.125000,0.932164,24,0,1000.000,0.264761,0.000000
43776,1,0.125000,0.921762,36,0,1000.000,0.711641,0.000000
43776,2,0.125000,0.915271,35,0,1000.000,1.225843,0.000000
43776,3,0.125000,0.908843,29,0,1000.000,1.702963,0.000000
43776,4,0.125000,0.896106,42,0,1000.000,2.219432,0.000000
43776,5,0.125000,0.732881,34,5,855.794,2.317536,0.000000
43776,6,0.125000,0.050493,45,42,79.400,0.355364,0.000000
43776,7,0.125000,0.000000,29,29,10.276,0.212026,0.000000
43824,0,0.125000,0.931648,32,0,1000.000,0.241132,0.000000
43824,1,0.125000,0.919942,40,0,1000.000,0.732633,0.000000
43824,2,0.125000,0.913637,45,0,1000.000,1.205870,0.000000
43824,3,0.125000,0.904241,33,0,1000.000,1.699785,0.000000
43824,4,0.125000,0.898188,35,0,1000.000,2.226303,0.000000
43824,5,0.125000,0.705616,24,4,836.042,2.239482,0.000000
43824,6,0.125000,0.037147,50,47,73.060,0.346480,0.000000
43824,7,0.125000,0.000000,56,56,10.393,0.221818,0.000000
43872,0,0.125000,0.933107,30,0,1000.000,0.250287,0.000000
43872,1,0.125000,0.921634,53,0,1000.000,0.736706,0.000000
43872,2,0.125000,0.916668,34,0,1000.000,1.213317,0.000000
43872,3,0.125000,0.910481,42,0,1000.000,1.714999,0.000000
43872,4,0.125000,0.895867,32,0,1000.000,2.172387,0.000000
43872,5,0.125000,0.793836,36,3,918.667,2.492588,0.000000
43872,6,0.125000,0.000000,45,45,14.422,0.161126,0.000000
43872,7,0.125000,0.000000,25,25,10.240,0.218439,0.000000
43920,0,0.125000,0.931030,31,0,1000.000,0.293028,0.000000
43920,1,0.125000,0.919097,35,0,1000.000,0.749639,0.000000
43920,2,0.125000,0.915259,35,0,1000.000,1.237557,0.000000
43920,3,0.125000,0.911105,41,0,1000.000,1.684448,0.000000
43920,4,0.125000,0.895283,29,0,1000.000,2.178697,0.000000
43920,5,0.125000,0.839984,37,1,974.135,2.611064,0.000000
43920,6,0.125000,0.031934,44,42,59.432,0.319256,0.000000
43920,7,0.125000,0.000000,33,33,10.424,0.246801,0.000000
43968,0,0.125000,0.930142,28,0,1000.000,0.263056,0.000000
43968,1,0.125000,0.922487,37,0,1000.000,0.731819,0.000000
43968,2,0.125000,0.914994,36,0,1000.000,1.207315,0.000000
43968,3,0.125000,0.907843,33,0,1000.000,1.685080,0.000000
43968,4,0.125000,0.895545,30,0,1000.000,2.207629,0.000000
43968,5,0.125000,0.802172,46,3,936.478,2.511479,0.000000
43968,6,0.125000,0.053711,36,33,96.306,0.414739,0.000000
43968,7,0.125000,0.000000,41,41,10.585,0.214435,0.000000
44016,0,0.125000,0.931943,29,0,1000.000,0.295355,0.000000
44016,1,0.125000,0.922204,37,0,1000.000,0.778331,0.000000
44016,2,0.125000,0.914813,45,0,1000.000,1.247264,0.000000
44016,3,0.125000,0.906653,32,0,1000.000,1.741581,0.000000
44016,4,0.125000,0.892137,25,0,1000.000,2.201616,0.000000
44016,5,0.125000,0.855848,32,0,1000.000,2.624541,0.000000
44016,6,0.125000,0.073682,37,33,121.595,0.506257,0.000000
44016,7,0.125000,0.000000,25,25,10.600,0.191501,0.000000
44064,0,0.125000,0.935928,31,0,1000.000,0.229367,0.000000
44064,1,0.125000,0.925127,44,0,1000.000,0.764938,0.000000
44064,2,0.125000,0.914617,33,0,1000.000,1.212016,0.000000
44064,3,0.125000,0.907400,29,0,1000.000,1.680255,0.000000
44064,4,0.125000,0.899829,22,0,1000.000,2.203121,0.000000
44064,5,0.125000,0.833950,38,1,974.474,2.585804,0.000000
44064,6,0.125000,0.037630,35,33,71.429,0.366711,0.000000
44064,7,0.125000,0.000000,37,37,10.351,0.169933,0.000000
44112,0,0.125000,0.935051,36,0,1000.000,0.267180,0.000000
44112,1,0.125000,0.921007,40,0,1000.000,0.757937,0.000000
44112,2,0.125000,0.913570,45,0,1000.000,1.207824,0.000000
44112,3,0.125000,0.907446,21,0,1000.000,1.713215,0.000000
44112,4,0.125000,0.900520,35,0,1000.000,2.201984,0.000000
44112,5,0.125000,0.796396,27,2,929.444,2.504831,0.000000
44112,6,0.125000,0.063738,33,30,104.848,0.457158,0.000000
44112,7,0.125000,0.000000,26,26,10.846,0.196339,0.000000
44160,0,0.125000,0.932102,30,0,1000.000,0.301612,0.000000
44160,1,0.125000,0.920566,20,0,1000.000,0.723500,0.000000
44160,2,0.125000,0.916197,30,0,1000.000,1.224762,0.000000
44160,3,0.125000,0.905533,30,0,1000.000,1.708075,0.000000
44160,4,0.125000,0.898781,35,0,1000.000,2.211442,0.000000
44160,5,0.125000,0.819552,37,2,946.973,2.515122,0.000000
44160,6,0.125000,0.034527,23,22,58.261,0.383604,0.000000
44160,7,0.125000,0.000000,39,39,10.615,0.227084,0.000000
44208,0,0.125000,0.927563,24,0,1000.000,0.263218,0.000000
44208,1,0.125000,0.921853,29,0,1000.000,0.759639,0.000000
44208,2,0.125000,0.917707,21,0,1000.000,1.261756,0.000000
44208,3,0.125000,0.907775,24,0,1000.000,1.723764,0.000000
44208,4,0.125000,0.898611,30,0,1000.000,2.203752,0.000000
44208,5,0.125000,0.835706,30,1,967.167,2.556793,0.000000
44208,6,0.125000,0.025119,30,29,47.867,0.297901,0.000000
44208,7,0.125000,0.000000,32,32,10.531,0.212849,0.000000
44256,0,0.125000,0.931805,26,0,1000.000,0.313513,0.000000
44256,1,0.125000,0.923521,35,0,1000.000,0.800593,0.000000
44256,2,0.125000,0.914164,24,0,1000.000,1.233377,0.000000
44256,3,0.125000,0.906773,35,0,1000.000,1.716517,0.000000
44256,4,0.125000,0.896199,37,0,1000.000,2.200793,0.000000
44256,5,0.125000,0.767419,28,3,895.214,2.386980,0.000000
44256,6,0.125000,0.090518,25,22,134.080,0.596536,0.000000
44256,7,0.125000,0.000000,31,31,12.032,0.202625,0.000000
44304,0,0.125000,0.934499,27,0,1000.000,0.240811,0.000000
44304,1,0.125000,0.916437,31,0,1000.000,0.742952,0.000000
44304,2,0.125000,0.914180,23,0,1000.000,1.258449,0.000000
44304,3,0.125000,0.908375,32,0,1000.000,1.730844,0.000000
44304,4,0.125000,0.897469,36,0,1000.000,2.195035,0.000000
44304,5,0.125000,0.757619,28,3,895.214,2.420873,0.000000
44304,6,0.125000,0.162746,22,17,238.682,0.829362,0.000000
44304,7,0.125000,0.000000,28,28,11.107,0.210562,0.000000
44352,0,0.125000,0.932462,37,0,1000.000,0.279059,0.000000
44352,1,0.125000,0.919010,38,0,1000.000,0.735377,0.000000
44352,2,0.125000,0.915018,27,0,1000.000,1.267792,0.000000
44352,3,0.125000,0.907347,35,0,1000.000,1.736596,0.000000
44352,4,0.125000,0.897525,39,0,1000.000,2.256373,0.000000
44352,5,0.125000,0.834212,32,1,969.219,2.578887,0.000000
44352,6,0.125000,0.021383,33,32,45.879,0.343590,0.000000
44352,7,0.125000,0.000000,33,33,10.333,0.225770,0.000000
44400,0,0.125000,0.932194,28,0,1000.000,0.269315,0.000000
44400,1,0.125000,0.922001,25,0,1000.000,0.723074,0.000000
44400,2,0.125000,0.915310,29,0,1000.000,1.244282,0.000000
44400,3,0.125000,0.906502,27,0,1000.000,1.736944,0.000000
44400,4,0.125000,0.889819,27,0,1000.000,2.219283,0.000000
44400,5,0.125000,0.860848,32,0,1000.000,2.697443,0.000000
44400,6,0.125000,0.000000,28,28,15.821,0.266060,0.000000
44400,7,0.125000,0.000000,33,33,10.576,0.263062,0.000000
44448,0,0.125000,0.932183,37,1,989.865,0.269866,0.000000
44448,1,0.125000,0.921992,34,0,1000.000,0.756988,0.000000
44448,2,0.125000,0.914851,32,0,1000.000,1.234902,0.000000
44448,3,0.125000,0.910749,37,0,1000.000,1.732915,0.000000
44448,4,0.125000,0.895538,22,0,1000.000,2.250440,0.000000
44448,5,0.125000,0.793244,26,2,924.808,2.538010,0.000000
44448,6,0.125000,0.057963,35,32,102.514,0.513329,0.000000
44448,7,0.125000,0.000000,32,32,10.594,0.270985,0.000000
44496,0,0.125000,0.929945,35,0,1000.000,0.289612,0.000000
44496,1,0.125000,0.917488,32,0,1000.000,0.785727,0.000000
44496,2,0.125000,0.913365,23,0,1000.000,1.247905,0.000000
44496,3,0.125000,0.905088,25,0,1000.000,1.719678,0.000000
44496,4,0.125000,0.895374,30,0,1000.000,2.208508,0.000000
44496,5,0.125000,0.769750,31,3,905.710,2.463253,0.000000
44496,6,0.125000,0.026039,27,26,52.519,0.367937,0.000000
44496,7,0.125000,0.000000,25,25,10.360,0.260862,0.000000
44544,0,0.125000,0.929433,41,0,1000.000,0.300505,0.000000
44544,1,0.125000,0.920383,30,0,1000.000,0.747492,0.000000
44544,2,0.125000,0.914388,30,0,1000.000,1.272795,0.000000
44544,3,0.125000,0.909355,35,0,1000.000,1.731435,0.000000
44544,4,0.125000,0.894802,21,0,1000.000,2.212694,0.000000
44544,5,0.125000,0.790100,36,3,918.417,2.483474,0.000000
44544,6,0.125000,0.022741,31,30,45.613,0.264457,0.000000
44544,7,0.125000,0.000000,26,26,10.269,0.247623,0.000000
44592,0,0.125000,0.929695,36,0,1000.000,0.277324,0.000000
44592,1,0.125000,0.920197,29,0,1000.000,0.770944,0.000000
44592,2,0.125000,0.914560,26,0,1000.000,1.253053,0.000000
44592,3,0.125000,0.906210,38,0,1000.000,1.680372,0.000000
44592,4,0.125000,0.895313,40,0,1000.000,2.222749,0.000000
44592,5,0.125000,0.856922,36,0,1000.000,2.665550,0.000000
44592,6,0.125000,0.020378,31,30,45.774,0.257704,0.000000
44592,7,0.125000,0.000000,39,39,10.410,0.244320,0.000000
44640,0,0.125000,0.933673,27,0,1000.000,0.253327,0.000000
44640,1,0.125000,0.917474,26,0,1000.000,0.745281,0.000000
44640,2,0.125000,0.911880,40,0,1000.000,1.191194,0.000000
44640,3,0.125000,0.908555,34,0,1000.000,1.724380,0.000000
44640,4,0.125000,0.893479,27,0,1000.000,2.266392,0.000000
44640,5,0.125000,0.821801,34,1,971.118,2.569875,0.000000
44640,6,0.125000,0.076099,37,33,119.784,0.450268,0.000000
44640,7,0.125000,0.000000,42,42,10.381,0.272757,0.000000
44688,0,0.125000,0.930689,33,0,1000.000,0.274911,0.000000
44688,1,0.125000,0.920290,38,0,1000.000,0.757021,0.000000
44688,2,0.125000,0.916143,43,0,1000.000,1.238282,0.000000
44688,3,0.125000,0.884604,35,1,972.743,1.693959,0.000000
44688,4,0.125000,0.894439,38,0,1000.000,2.242981,0.000000
44688,5,0.125000,0.785827,24,2,918.292,2.416442,0.000000
44688,6,0.125000,0.060151,35,32,98.257,0.446992,0.000000
44688,7,0.125000,0.000000,14,14,10.714,0.244629,0.000000
44736,0,0.125000,0.928982,39,0,1000.000,0.295516,0.000000
44736,1,0.125000,0.918990,35,0,1000.000,0.745707,0.000000
44736,2,0.125000,0.916143,32,0,1000.000,1.227571,0.000000
44736,3,0.125000,0.907115,29,0,1000.000,1.704042,0.000000
44736,4,0.125000,0.899909,44,0,1000.000,2.227260,0.000000
44736,5,0.125000,0.777839,34,3,913.559,2.436854,0.000000
44736,6,0.125000,0.000000,33,33,14.242,0.189170,0.000000
44736,7,0.125000,0.000000,34,34,10.088,0.242370,0.000000
44784,0,0.125000,0.930884,37,0,1000.000,0.276690,0.000000
44784,1,0.125000,0.921324,35,0,1000.000,0.777504,0.000000
44784,2,0.125000,0.916709,33,0,1000.000,1.240685,0.000000
44784,3,0.125000,0.909954,35,0,1000.000,1.692719,0.000000
44784,4,0.125000,0.897893,34,0,1000.000,2.202106,0.000000
44784,5,0.125000,0.790601,27,2,928.407,2.482810,0.000000
44784,6,0.125000,0.053540,25,23,93.840,0.467498,0.000000
44784,7,0.125000,0.000000,32,32,10.469,0.235979,0.000000
44832,0,0.125000,0.932692,34,0,1000.000,0.244640,0.000000
44832,1,0.125000,0.922333,38,1,999.763,0.741315,0.000000
44832,2,0.125000,0.917940,45,0,1000.000,1.229594,0.000000
44832,3,0.125000,0.906113,39,0,1000.000,1.740950,0.000000
44832,4,0.125000,0.895310,35,0,1000.000,2.224461,0.000000
44832,5,0.125000,0.792302,27,2,927.222,2.458335,0.000000
44832,6,0.125000,0.030104,25,24,54.800,0.358609,0.000000
44832,7,0.125000,0.000000,27,27,10.296,0.259896,0.000000
44880,0,0.125000,0.931363,43,0,1000.000,0.274106,0.000000
44880,1,0.125000,0.921394,29,0,1000.000,0.779627,0.000000
44880,2,0.125000,0.915811,33,0,1000.000,1.247025,0.000000
44880,3,0.125000,0.904542,46,0,1000.000,1.721947,0.000000
44880,4,0.125000,0.896594,43,0,1000.000,2.203087,0.000000
44880,5,0.125000,0.829233,30,1,967.300,2.576454,0.000000
44880,6,0.125000,0.000000,37,37,15.459,0.201124,0.000000
44880,7,0.125000,0.000000,32,32,10.375,0.239824,0.000000
44928,0,0.125000,0.931277,38,0,1000.000,0.263785,0.000000
44928,1,0.125000,0.920675,36,0,1000.000,0.759257,0.000000
44928,2,0.125000,0.917516,30,0,1000.000,1.256751,0.000000
44928,3,0.125000,0.907714,43,0,1000.000,1.719818,0.000000
44928,4,0.125000,0.894242,26,0,1000.000,2.193561,0.000000
44928,5,0.125000,0.802218,31,2,936.839,2.481942,0.000000
44928,6,0.125000,0.063089,34,31,101.176,0.435912,0.000000
44928,7,0.125000,0.000000,44,44,10.205,0.262119,0.000000
44976,0,0.125000,0.930614,43,0,1000.000,0.289649,0.000000
44976,1,0.125000,0.921848,37,0,1000.000,0.742904,0.000000
44976,2,0.125000,0.917537,22,0,1000.000,1.194304,0.000000
44976,3,0.125000,0.908982,28,0,1000.000,1.742337,0.000000
44976,4,0.125000,0.889842,33,0,1000.000,2.210079,0.000000
44976,5,0.125000,0.776574,42,4,906.667,2.415770,0.000000
44976,6,0.125000,0.000000,25,25,14.440,0.186838,0.000000
44976,7,0.125000,0.000000,33,33,10.576,0.253050,0.000000
45024,0,0.125000,0.929402,42,0,1000.000,0.241221,0.000000
45024,1,0.125000,0.921231,32,0,1000.000,0.727527,0.000000
45024,2,0.125000,0.915161,34,0,1000.000,1.215437,0.000000
45024,3,0.125000,0.906075,41,0,1000.000,1.672479,0.000000
45024,4,0.125000,0.900874,28,0,1000.000,2.194231,0.000000
45024,5,0.125000,0.802174,34,2,942.324,2.469319,0.000000
45024,6,0.125000,0.057246,27,25,88.333,0.412585,0.000000
45024,7,0.125000,0.000000,35,35,11.400,0.256102,0.000000
45072,0,0.125000,0.931993,28,0,1000.000,0.237844,0.000000
45072,1,0.125000,0.925470,31,0,1000.000,0.763321,0.000000
45072,2,0.125000,0.914714,28,0,1000.000,1.242477,0.000000
45072,3,0.125000,0.905386,35,0,1000.000,1.681847,0.000000
45072,4,0.125000,0.894050,36,0,1000.000,2.184771,0.000000
45072,5,0.125000,0.737324,46,6,872.739,2.337490,0.000000
45072,6,0.125000,0.018081,34,33,43.265,0.299063,0.000000
45072,7,0.125000,0.000000,31,31,10.452,0.285235,0.000000
45120,0,0.125000,0.930424,31,0,1000.000,0.280613,0.000000
45120,1,0.125000,0.921833,35,0,1000.000,0.772995,0.000000
45120,2,0.125000,0.913391,32,0,1000.000,1.256272,0.000000
45120,3,0.125000,0.908569,33,0,1000.000,1.699284,0.000000
45120,4,0.125000,0.893756,28,0,1000.000,2.209726,0.000000
45120,5,0.125000,0.818969,45,2,956.333,2.548946,0.000000
45120,6,0.125000,0.091703,40,35,136.925,0.522448,0.000000
45120,7,0.125000,0.000000,37,37,10.514,0.250043,0.000000
45168,0,0.125000,0.929881,29,0,1000.000,0.246120,0.000000
45168,1,0.125000,0.922235,33,0,1000.000,0.714414,0.000000
45168,2,0.125000,0.915246,23,0,1000.000,1.246455,0.000000
45168,3,0.125000,0.907420,27,0,1000.000,1.666831,0.000000
45168,4,0.125000,0.890220,29,0,1000.000,2.235338,0.000000
45168,5,0.125000,0.833496,38,1,974.105,2.597484,0.000000
45168,6,0.125000,0.025446,30,29,47.100,0.241513,0.000000
45168,7,0.125000,0.000000,18,18,10.278,0.215017,0.000000
45216,0,0.125000,0.932128,18,0,1000.000,0.239953,0.000000
45216,1,0.125000,0.922709,32,0,1000.000,0.761284,0.000000
45216,2,0.125000,0.915701,29,0,1000.000,1.221085,0.000000
45216,3,0.125000,0.911608,26,0,1000.000,1.691390,0.000000
45216,4,0.125000,0.900413,22,0,1000.000,2.178547,0.000000
45216,5,0.125000,0.811832,24,1,959.292,2.571274,0.000000
45216,6,0.125000,0.017216,36,35,43.361,0.351913,0.000000
45216,7,0.125000,0.000000,25,25,10.600,0.227974,0.000000
45264,0,0.125000,0.934877,27,0,1000.000,0.286336,0.000000
45264,1,0.125000,0.920475,28,0,1000.000,0.765818,0.000000
45264,2,0.125000,0.916238,38,0,1000.000,1.243321,0.000000
45264,3,0.125000,0.905374,26,0,1000.000,1.744549,0.000000
45264,4,0.125000,0.902291,34,0,1000.000,2.202551,0.000000
45264,5,0.125000,0.802580,28,2,930.179,2.509671,0.000000
45264,6,0.125000,0.072574,30,27,114.033,0.565224,0.000000
45264,7,0.125000,0.000000,24,24,10.542,0.215477,0.000000
45312,0,0.125000,0.929026,30,0,1000.000,0.261918,0.000000
45312,1,0.125000,0.921677,40,0,1000.000,0.741838,0.000000
45312,2,0.125000,0.914718,31,0,1000.000,1.249547,0.000000
45312,3,0.125000,0.908373,25,0,1000.000,1.707878,0.000000
45312,4,0.125000,0.900188,29,0,1000.000,2.209743,0.000000
45312,5,0.125000,0.828671,27,1,964.111,2.573483,0.000000
45312,6,0.125000,0.066647,41,37,111.707,0.514248,0.000000
45312,7,0.125000,0.000000,28,28,10.429,0.231131,0.000000
45360,0,0.125000,0.926471,36,0,1000.000,0.303984,0.000000
45360,1,0.125000,0.922951,34,0,1000.000,0.748639,0.000000
45360,2,0.125000,0.917251,35,0,1000.000,1.233810,0.000000
45360,3,0.125000,0.910881,32,0,1000.000,1.717401,0.000000
45360,4,0.125000,0.896382,28,0,1000.000,2.190594,0.000000
45360,5,0.125000,0.869163,43,0,1000.000,2.682092,0.000000
45360,6,0.125000,0.095867,35,30,155.743,0.606442,0.000000
45360,7,0.125000,0.000000,28,28,10.357,0.246893,0.000000
45408,0,0.125000,0.929721,28,0,1000.000,0.266983,0.000000
45408,1,0.125000,0.921583,22,0,1000.000,0.783599,0.000000
45408,2,0.125000,0.916562,24,0,1000.000,1.274823,0.000000
45408,3,0.125000,0.908164,25,0,1000.000,1.689464,0.000000
45408,4,0.125000,0.900222,24,0,1000.000,2.207045,0.000000
45408,5,0.125000,0.866236,37,0,1000.000,2.655209,0.000000
45408,6,0.125000,0.101092,42,36,156.095,0.621060,0.000000
45408,7,0.125000,0.000000,25,25,10.240,0.218056,0.000000
45456,0,0.125000,0.927740,36,1,978.972,0.285787,0.000000
45456,1,0.125000,0.920840,35,0,1000.000,0.771661,0.000000
45456,2,0.125000,0.915257,33,0,1000.000,1.258252,0.000000
45456,3,0.125000,0.909655,21,0,1000.000,1.701792,0.000000
45456,4,0.125000,0.898238,31,0,1000.000,2.242964,0.000000
45456,5,0.125000,0.804311,30,2,934.967,2.540600,0.000000
45456,6,0.125000,0.000000,23,23,15.652,0.240225,0.000000
45456,7,0.125000,0.000000,41,41,10.512,0.230171,0.000000
45504,0,0.125000,0.930827,28,0,1000.000,0.264435,0.000000
45504,1,0.125000,0.924587,24,0,1000.000,0.777139,0.000000
45504,2,0.125000,0.915833,37,0,1000.000,1.256289,0.000000
45504,3,0.125000,0.906047,33,0,1000.000,1.711912,0.000000
45504,4,0.125000,0.899057,34,0,1000.000,2.210558,0.000000
45504,5,0.125000,0.803508,33,2,940.939,2.535850,0.000000
45504,6,0.125000,0.062648,32,29,106.000,0.409031,0.000000
45504,7,0.125000,0.000000,26,26,9.885,0.215978,0.000000
45552,0,0.125000,0.928278,34,0,1000.000,0.291259,0.000000
45552,1,0.125000,0.911995,36,1,973.444,0.738020,0.000000
45552,2,0.125000,0.913840,36,0,1000.000,1.229769,0.000000
45552,3,0.125000,0.909817,27,0,1000.000,1.760996,0.000000
45552,4,0.125000,0.898837,34,0,1000.000,2.200620,0.000000
45552,5,0.125000,0.860009,22,0,1000.000,2.659116,0.000000
45552,6,0.125000,0.039734,37,35,67.784,0.332448,0.000000
45552,7,0.125000,0.000000,41,41,10.293,0.217584,0.000000
45600,0,0.125000,0.930607,30,0,1000.000,0.278659,0.000000
45600,1,0.125000,0.924145,28,0,1000.000,0.755275,0.000000
45600,2,0.125000,0.917142,37,0,1000.000,1.280022,0.000000
45600,3,0.125000,0.909380,36,0,1000.000,1.744256,0.000000
45600,4,0.125000,0.897412,35,0,1000.000,2.184856,0.000000
45600,5,0.125000,0.765883,28,3,896.036,2.436090,0.000000
45600,6,0.125000,0.000000,36,36,13.722,0.143318,0.000000
45600,7,0.125000,0.000000,40,40,10.350,0.206463,0.000000
45648,0,0.125000,0.933850,42,0,1000.000,0.255733,0.000000
45648,1,0.125000,0.921464,32,0,1000.000,0.756065,0.000000
45648,2,0.125000,0.918249,35,0,1000.000,1.226274,0.000000
45648,3,0.125000,0.908537,32,0,1000.000,1.724919,0.000000
45648,4,0.125000,0.900807,29,0,1000.000,2.189081,0.000000
45648,5,0.125000,0.835436,31,1,968.290,2.565706,0.000000
45648,6,0.125000,0.021710,30,29,48.367,0.367730,0.000000
45648,7,0.125000,0.000000,32,32,10.344,0.222878,0.000000
45696,0,0.125000,0.931671,35,1,991.486,0.278201,0.000000
45696,1,0.125000,0.921979,28,0,1000.000,0.726286,0.000000
45696,2,0.125000,0.915335,40,0,1000.000,1.208363,0.000000
45696,3,0.125000,0.908829,39,0,1000.000,1.708885,0.000000
45696,4,0.125000,0.895993,29,0,1000.000,2.173019,0.000000
45696,5,0.125000,0.810398,35,2,945.571,2.530263,0.000000
45696,6,0.125000,0.028199,25,24,54.680,0.332945,0.000000
45696,7,0.125000,0.000000,34,34,10.471,0.195646,0.000000
45744,0,0.125000,0.931519,39,0,1000.000,0.290960,0.000000
45744,1,0.125000,0.922091,39,0,1000.000,0.751567,0.000000
45744,2,0.125000,0.914962,26,0,1000.000,1.225050,0.000000
45744,3,0.125000,0.908271,40,0,1000.000,1.735305,0.000000
45744,4,0.125000,0.898324,38,0,1000.000,2.214401,0.000000
45744,5,0.125000,0.858913,35,0,1000.000,2.653517,0.000000
45744,6,0.125000,0.000000,30,30,14.167,0.215036,0.000000
45744,7,0.125000,0.000000,34,34,10.235,0.217977,0.000000
45792,0,0.125000,0.932538,31,0,1000.000,0.277000,0.000000
45792,1,0.125000,0.921605,36,0,1000.000,0.751484,0.000000
45792,2,0.125000,0.915357,33,0,1000.000,1.233508,0.000000
45792,3,0.125000,0.903700,26,0,1000.000,1.709100,0.000000
45792,4,0.125000,0.896547,34,0,1000.000,2.240772,0.000000
45792,5,0.125000,0.869540,29,0,1000.000,2.710034,0.000000
45792,6,0.125000,0.041900,38,36,66.000,0.348663,0.000000
45792,7,0.125000,0.000000,40,40,10.025,0.233395,0.000000
45840,0,0.125000,0.928861,46,0,1000.000,0.272325,0.000000
45840,1,0.125000,0.923876,30,0,1000.000,0.749487,0.000000
45840,2,0.125000,0.916615,31,0,1000.000,1.267103,0.000000
45840,3,0.125000,0.908551,36,0,1000.000,1.742904,0.000000
45840,4,0.125000,0.897635,41,0,1000.000,2.242183,0.000000
45840,5,0.125000,0.807717,34,2,942.235,2.495551,0.000000
45840,6,0.125000,0.073271,37,33,120.216,0.461006,0.000000
45840,7,0.125000,0.000000,36,36,10.028,0.203500,0.000000
45888,0,0.125000,0.932879,45,0,1000.000,0.279234,0.000000
45888,1,0.125000,0.921921,40,0,1000.000,0.758041,0.000000
45888,2,0.125000,0.917156,32,0,1000.000,1.259768,0.000000
45888,3,0.125000,0.908362,36,0,1000.000,1.738593,0.000000
45888,4,0.125000,0.894494,34,0,1000.000,2.225036,0.000000
45888,5,0.125000,0.719638,35,6,833.057,2.284373,0.000000
45888,6,0.125000,0.078260,35,31,126.657,0.533252,0.000000
45888,7,0.125000,0.000000,37,37,10.378,0.195989,0.000000
45936,0,0.125000,0.932352,32,0,1000.000,0.268587,0.000000
45936,1,0.125000,0.921683,36,0,1000.000,0.753906,0.000000
45936,2,0.125000,0.913072,44,0,1000.000,1.234099,0.000000
45936,3,0.125000,0.905708,32,0,1000.000,1.736944,0.000000
45936,4,0.125000,0.895721,34,0,1000.000,2.242875,0.000000
45936,5,0.125000,0.840072,36,1,972.972,2.613982,0.000000
45936,6,0.125000,0.078187,28,25,120.893,0.520916,0.000000
45936,7,0.125000,0.000000,33,33,10.242,0.203562,0.000000
45984,0,0.125000,0.929488,41,0,1000.000,0.265889,0.000000
45984,1,0.125000,0.922004,25,0,1000.000,0.736061,0.000000
45984,2,0.125000,0.915799,41,0,1000.000,1.268002,0.000000
45984,3,0.125000,0.904888,30,0,1000.000,1.719859,0.000000
45984,4,0.125000,0.890978,35,0,1000.000,2.228158,0.000000
45984,5,0.125000,0.772214,30,3,903.000,2.425473,0.000000
45984,6,0.125000,0.091815,41,35,159.220,0.618052,0.000000
45984,7,0.125000,0.000000,34,34,10.794,0.238515,0.000000
46032,0,0.125000,0.929549,42,0,1000.000,0.269847,0.000000
46032,1,0.125000,0.921469,35,0,1000.000,0.726316,0.000000
46032,2,0.125000,0.916566,35,0,1000.000,1.228751,0.000000
46032,3,0.125000,0.908203,36,0,1000.000,1.719628,0.000000
46032,4,0.125000,0.896692,26,0,1000.000,2.230457,0.000000
46032,5,0.125000,0.828001,27,1,964.000,2.579661,0.000000
46032,6,0.125000,0.063459,24,22,97.000,0.395090,0.000000
46032,7,0.125000,0.000000,43,43,10.465,0.180664,0.000000
46080,0,0.125000,0.934073,40,0,1000.000,0.257766,0.000000
46080,1,0.125000,0.919250,43,0,1000.000,0.706088,0.000000
46080,2,0.125000,0.914417,24,0,1000.000,1.231522,0.000000
46080,3,0.125000,0.904252,39,0,1000.000,1.709447,0.000000
46080,4,0.125000,0.896426,28,0,1000.000,2.173134,0.000000
46080,5,0.125000,0.817637,21,1,953.619,2.541083,0.000000
46080,6,0.125000,0.013507,46,45,36.565,0.291550,0.000000
46080,7,0.125000,0.000000,36,36,10.306,0.202013,0.000000
46128,0,0.125000,0.931566,29,0,1000.000,0.212621,0.000000
46128,1,0.125000,0.918933,38,0,1000.000,0.732583,0.000000
46128,2,0.125000,0.914091,41,0,1000.000,1.212940,0.000000
46128,3,0.125000,0.907851,22,0,1000.000,1.679177,0.000000
46128,4,0.125000,0.900461,45,0,1000.000,2.225018,0.000000
46128,5,0.125000,0.813987,40,3,945.025,2.477050,0.000000
46128,6,0.125000,0.000000,37,37,14.135,0.166756,0.000000
46128,7,0.125000,0.000000,28,28,10.357,0.230737,0.000000
46176,0,0.125000,0.935390,20,0,1000.000,0.259089,0.000000
46176,1,0.125000,0.920506,33,0,1000.000,0.741435,0.000000
46176,2,0.125000,0.913755,30,0,1000.000,1.277425,0.000000
46176,3,0.125000,0.907602,27,0,1000.000,1.758991,0.000000
46176,4,0.125000,0.895857,25,0,1000.000,2.249976,0.000000
46176,5,0.125000,0.772190,28,3,895.679,2.451055,0.000000
46176,6,0.125000,0.040445,38,36,65.737,0.329273,0.000000
46176,7,0.125000,0.000000,46,46,10.196,0.219819,0.000000
46224,0,0.125000,0.934805,27,0,1000.000,0.311415,0.000000
46224,1,0.125000,0.920517,29,0,1000.000,0.828326,0.000000
46224,2,0.125000,0.915486,23,0,1000.000,1.266943,0.000000
46224,3,0.125000,0.907817,29,0,1000.000,1.784078,0.000000
46224,4,0.125000,0.896108,27,0,1000.000,2.276590,0.000000
46224,5,0.125000,0.745766,30,4,869.900,2.391589,0.000000
46224,6,0.125000,0.073530,29,26,115.276,0.458843,0.000000
46224,7,0.125000,0.000000,29,29,10.276,0.207643,0.000000
46272,0,0.125000,0.935470,27,0,1000.000,0.239843,0.000000
46272,1,0.125000,0.921318,28,0,1000.000,0.730265,0.000000
46272,2,0.125000,0.914259,29,0,1000.000,1.248638,0.000000
46272,3,0.125000,0.908407,30,0,1000.000,1.751193,0.000000
46272,4,0.125000,0.895291,34,0,1000.000,2.214945,0.000000
46272,5,0.125000,0.823990,38,2,948.395,2.574262,0.000000
46272,6,0.125000,0.040850,29,28,54.759,0.311811,0.000000
46272,7,0.125000,0.000000,22,22,9.864,0.266233,0.000000
46320,0,0.125000,0.930769,30,0,1000.000,0.254028,0.000000
46320,1,0.125000,0.922333,34,0,1000.000,0.692804,0.000000
46320,2,0.125000,0.914544,37,0,1000.000,1.218691,0.000000
46320,3,0.125000,0.905946,25,0,1000.000,1.693138,0.000000
46320,4,0.125000,0.896340,31,0,1000.000,2.183027,0.000000
46320,5,0.125000,0.803628,31,2,937.194,2.510978,0.000000
46320,6,0.125000,0.000000,31,31,12.871,0.145124,0.000000
46320,7,0.125000,0.000000,33,33,9.970,0.255114,0.000000
46368,0,0.125000,0.931364,32,0,1000.000,0.287335,0.000000
46368,1,0.125000,0.921169,36,0,1000.000,0.717148,0.000000
46368,2,0.125000,0.916511,35,0,1000.000,1.191368,0.000000
46368,3,0.125000,0.907701,36,0,1000.000,1.744587,0.000000
46368,4,0.125000,0.894655,27,0,1000.000,2.192526,0.000000
46368,5,0.125000,0.869376,33,0,1000.000,2.644652,0.000000
46368,6,0.125000,0.019593,35,34,41.200,0.245764,0.000000
46368,7,0.125000,0.000000,35,35,10.000,0.260695,0.000000
46416,0,0.125000,0.931276,29,0,1000.000,0.282778,0.000000
46416,1,0.125000,0.923719,31,0,1000.000,0.794570,0.000000
46416,2,0.125000,0.912546,34,0,1000.000,1.254948,0.000000
46416,3,0.125000,0.904166,23,0,1000.000,1.733226,0.000000
46416,4,0.125000,0.892027,25,0,1000.000,2.210352,0.000000
46416,5,0.125000,0.828100,28,1,964.857,2.550753,0.000000
46416,6,0.125000,0.000000,18,18,14.556,0.164894,0.000000
46416,7,0.125000,0.000000,29,29,10.276,0.277687,0.000000
46464,0,0.125000,0.929430,27,0,1000.000,0.274066,0.000000
46464,1,0.125000,0.922629,29,0,1000.000,0.736841,0.000000
46464,2,0.125000,0.914030,28,0,1000.000,1.223538,0.000000
46464,3,0.125000,0.905981,42,0,1000.000,1.692060,0.000000
46464,4,0.125000,0.896344,31,0,1000.000,2.191800,0.000000
46464,5,0.125000,0.782461,31,3,905.355,2.423240,0.000000
46464,6,0.125000,0.000000,24,24,14.250,0.249986,0.000000
46464,7,0.125000,0.000000,26,26,10.115,0.256298,0.000000
46512,0,0.125000,0.931101,44,0,1000.000,0.266295,0.000000
46512,1,0.125000,0.920644,33,0,1000.000,0.762894,0.000000
46512,2,0.125000,0.915493,30,0,1000.000,1.211726,0.000000
46512,3,0.125000,0.907727,31,0,1000.000,1.744615,0.000000
46512,4,0.125000,0.896300,30,0,1000.000,2.202693,0.000000
46512,5,0.125000,0.778073,20,2,902.550,2.426185,0.000000
46512,6,0.125000,0.049106,32,30,74.344,0.369525,0.000000
46512,7,0.125000,0.000000,38,38,10.237,0.263443,0.000000
46560,0,0.125000,0.931969,33,0,1000.000,0.246723,0.000000
46560,1,0.125000,0.920221,30,0,1000.000,0.736503,0.000000
46560,2,0.125000,0.908930,30,0,1000.000,1.209327,0.000000
46560,3,0.125000,0.906880,36,0,1000.000,1.689368,0.000000
46560,4,0.125000,0.896740,34,0,1000.000,2.196321,0.000000
46560,5,0.125000,0.802231,30,2,934.700,2.503555,0.000000
46560,6,0.125000,0.033662,22,21,58.000,0.293252,0.000000
46560,7,0.125000,0.000000,26,26,10.154,0.271647,0.000000
46608,0,0.125000,0.932787,38,0,1000.000,0.265434,0.000000
46608,1,0.125000,0.927492,23,0,1000.000,0.754897,0.000000
46608,2,0.125000,0.915376,31,0,1000.000,1.222019,0.000000
46608,3,0.125000,0.906621,32,0,1000.000,1.659180,0.000000
46608,4,0.125000,0.897718,28,0,1000.000,2.234787,0.000000
46608,5,0.125000,0.796627,40,3,926.600,2.467748,0.000000
46608,6,0.125000,0.020142,37,36,40.351,0.218903,0.000000
46608,7,0.125000,0.000000,42,42,10.310,0.235943,0.000000
46656,0,0.125000,0.934744,41,0,1000.000,0.284955,0.000000
46656,1,0.125000,0.921410,32,0,1000.000,0.764785,0.000000
46656,2,0.125000,0.913728,28,0,1000.000,1.267246,0.000000
46656,3,0.125000,0.904278,37,0,1000.000,1.708771,0.000000
46656,4,0.125000,0.894796,39,0,1000.000,2.209089,0.000000
46656,5,0.125000,0.857378,33,0,1000.000,2.633224,0.000000
46656,6,0.125000,0.056721,35,32,98.029,0.370041,0.000000
46656,7,0.125000,0.000000,35,35,10.171,0.261989,0.000000
46704,0,0.125000,0.936299,25,0,1000.000,0.271102,0.000000
46704,1,0.125000,0.918603,32,0,1000.000,0.754562,0.000000
46704,2,0.125000,0.914181,42,0,1000.000,1.178134,0.000000
46704,3,0.125000,0.905613,33,0,1000.000,1.675896,0.000000
46704,4,0.125000,0.894303,41,0,1000.000,2.197981,0.000000
46704,5,0.125000,0.847918,36,1,973.028,2.602988,0.000000
46704,6,0.125000,0.000000,36,36,13.944,0.237762,0.000000
46704,7,0.125000,0.000000,26,26,10.269,0.245304,0.000000
46752,0,0.125000,0.929836,29,0,1000.000,0.299847,0.000000
46752,1,0.125000,0.923658,26,0,1000.000,0.738812,0.000000
46752,2,0.125000,0.914291,39,0,1000.000,1.206087,0.000000
46752,3,0.125000,0.908316,35,0,1000.000,1.702987,0.000000
46752,4,0.125000,0.894367,35,0,1000.000,2.217957,0.000000
46752,5,0.125000,0.863332,34,0,1000.000,2.627109,0.000000
46752,6,0.125000,0.027345,28,27,49.071,0.280721,0.000000
46752,7,0.125000,0.000000,25,25,10.280,0.255139,0.000000
46800,0,0.125000,0.933796,31,0,1000.000,0.265334,0.000000
46800,1,0.125000,0.921948,42,0,1000.000,0.750637,0.000000
46800,2,0.125000,0.912809,34,0,1000.000,1.209677,0.000000
46800,3,0.125000,0.908667,36,0,1000.000,1.698013,0.000000
46800,4,0.125000,0.898188,35,0,1000.000,2.233764,0.000000
46800,5,0.125000,0.755990,34,4,885.235,2.410975,0.000000
46800,6,0.125000,0.023394,31,30,45.097,0.277654,0.000000
46800,7,0.125000,0.000000,45,45,10.000,0.234266,0.000000
46848,0,0.125000,0.931075,33,0,1000.000,0.282154,0.000000
46848,1,0.125000,0.919945,37,0,1000.000,0.748715,0.000000
46848,2,0.125000,0.916206,32,0,1000.000,1.225085,0.000000
46848,3,0.125000,0.903171,39,0,1000.000,1.740043,0.000000
46848,4,0.125000,0.887471,23,0,1000.000,2.176887,0.000000
46848,5,0.125000,0.789274,41,3,928.268,2.467333,0.000000
46848,6,0.125000,0.000000,44,44,14.500,0.235036,0.000000
46848,7,0.125000,0.000000,33,33,10.030,0.250847,0.000000
46896,0,0.125000,0.933220,33,0,1000.000,0.291761,0.000000
46896,1,0.125000,0.920834,36,0,1000.000,0.732062,0.000000
46896,2,0.125000,0.913888,36,0,1000.000,1.256123,0.000000
46896,3,0.125000,0.904644,48,0,1000.000,1.729763,0.000000
46896,4,0.125000,0.893505,37,0,1000.000,2.200415,0.000000
46896,5,0.125000,0.862353,36,0,1000.000,2.695986,0.000000
46896,6,0.125000,0.049718,39,36,90.385,0.410869,0.000000
46896,7,0.125000,0.000000,31,31,10.387,0.234938,0.000000
46944,0,0.125000,0.935298,34,0,1000.000,0.259712,0.000000
46944,1,0.125000,0.921055,36,0,1000.000,0.751425,0.000000
46944,2,0.125000,0.911408,33,0,1000.000,1.249347,0.000000
46944,3,0.125000,0.904202,33,0,1000.000,1.727415,0.000000
46944,4,0.125000,0.894170,26,0,1000.000,2.181954,0.000000
46944,5,0.125000,0.806569,45,3,935.022,2.564941,0.000000
46944,6,0.125000,0.000000,36,36,14.111,0.169583,0.000000
46944,7,0.125000,0.000000,39,39,10.462,0.231145,0.000000
46992,0,0.125000,0.933128,35,0,1000.000,0.269518,0.000000
46992,1,0.125000,0.922400,41,0,1000.000,0.770458,0.000000
46992,2,0.125000,0.910810,37,0,1000.000,1.225804,0.000000
46992,3,0.125000,0.906355,26,0,1000.000,1.728104,0.000000
46992,4,0.125000,0.894024,33,0,1000.000,2.230929,0.000000
46992,5,0.125000,0.843396,42,1,976.524,2.599700,0.000000
46992,6,0.125000,0.019727,36,35,42.722,0.281180,0.000000
46992,7,0.125000,0.000000,42,42,10.357,0.264048,0.000000
47040,0,0.125000,0.933602,37,0,1000.000,0.312442,0.000000
47040,1,0.125000,0.920867,31,0,1000.000,0.762426,0.000000
47040,2,0.125000,0.913209,36,0,1000.000,1.292555,0.000000
47040,3,0.125000,0.906333,30,0,1000.000,1.718123,0.000000
47040,4,0.125000,0.894911,30,0,1000.000,2.252659,0.000000
47040,5,0.125000,0.807358,34,2,942.176,2.527282,0.000000
47040,6,0.125000,0.054881,34,31,101.794,0.498122,0.000000
47040,7,0.125000,0.000000,30,30,9.900,0.271499,0.000000
47088,0,0.125000,0.931918,37,0,1000.000,0.296818,0.000000
47088,1,0.125000,0.916999,33,0,1000.000,0.753029,0.000000
47088,2,0.125000,0.915049,39,0,1000.000,1.257829,0.000000
47088,3,0.125000,0.905881,30,0,1000.000,1.746544,0.000000
47088,4,0.125000,0.896179,45,0,1000.000,2.251373,0.000000
47088,5,0.125000,0.794847,24,2,918.542,2.496562,0.000000
47088,6,0.125000,0.011614,43,42,37.023,0.286255,0.000000
47088,7,0.125000,0.000000,33,33,9.758,0.268217,0.000000
47136,0,0.125000,0.930988,33,0,1000.000,0.264785,0.000000
47136,1,0.125000,0.922245,32,0,1000.000,0.734321,0.000000
47136,2,0.125000,0.913923,37,0,1000.000,1.240566,0.000000
47136,3,0.125000,0.908507,35,0,1000.000,1.733389,0.000000
47136,4,0.125000,0.898839,20,0,1000.000,2.208156,0.000000
47136,5,0.125000,0.796514,40,3,926.800,2.521665,0.000000
47136,6,0.125000,0.063875,33,30,104.212,0.470311,0.000000
47136,7,0.125000,0.000000,30,30,9.900,0.275586,0.000000
47184,0,0.125000,0.933302,22,0,1000.000,0.248379,0.000000
47184,1,0.125000,0.920631,28,0,1000.000,0.755219,0.000000
47184,2,0.125000,0.915914,31,0,1000.000,1.232544,0.000000
47184,3,0.125000,0.911376,34,0,1000.000,1.726412,0.000000
47184,4,0.125000,0.894881,30,0,1000.000,2.197673,0.000000
47184,5,0.125000,0.832982,28,1,964.964,2.548607,0.000000
47184,6,0.125000,0.000000,25,25,13.120,0.120043,0.000000
47184,7,0.125000,0.000000,30,30,10.367,0.310124,0.000000
47232,0,0.125000,0.935481,29,0,1000.000,0.245096,0.000000
47232,1,0.125000,0.919437,19,1,967.421,0.741134,0.000000
47232,2,0.125000,0.913272,32,0,1000.000,1.215937,0.000000
47232,3,0.125000,0.909011,32,0,1000.000,1.711743,0.000000
47232,4,0.125000,0.898579,28,0,1000.000,2.203004,0.000000
47232,5,0.125000,0.868455,18,0,1000.000,2.705355,0.000000
47232,6,0.125000,0.015640,34,33,43.853,0.266538,0.000000
47232,7,0.125000,0.000000,27,27,10.333,0.269293,0.000000
47280,0,0.125000,0.932247,28,0,1000.000,0.250902,0.000000
47280,1,0.125000,0.918882,31,0,1000.000,0.790684,0.000000
47280,2,0.125000,0.913561,30,0,1000.000,1.219673,0.000000
47280,3,0.125000,0.905254,38,0,1000.000,1.713812,0.000000
47280,4,0.125000,0.894192,31,0,1000.000,2.164823,0.000000
47280,5,0.125000,0.786019,26,2,924.423,2.470757,0.000000
47280,6,0.125000,0.000000,21,21,14.286,0.236877,0.000000
47280,7,0.125000,0.000000,22,22,10.091,0.278054,0.000000
47328,0,0.125000,0.935354,48,0,1000.000,0.231460,0.000000
47328,1,0.125000,0.918867,32,0,1000.000,0.749308,0.000000
47328,2,0.125000,0.915179,24,0,1000.000,1.237089,0.000000
47328,3,0.125000,0.906238,35,0,1000.000,1.738708,0.000000
47328,4,0.125000,0.893023,29,0,1000.000,2.162814,0.000000
47328,5,0.125000,0.803228,30,2,934.533,2.494586,0.000000
47328,6,0.125000,0.000001,34,34,17.324,0.361976,0.000000
47328,7,0.125000,0.000000,26,26,9.923,0.284504,0.000000
47376,0,0.125000,0.933965,39,0,1000.000,0.273981,0.000000
47376,1,0.125000,0.921314,26,0,1000.000,0.763765,0.000000
47376,2,0.125000,0.915955,27,0,1000.000,1.217124,0.000000
47376,3,0.125000,0.907004,33,0,1000.000,1.709620,0.000000
47376,4,0.125000,0.895575,42,0,1000.000,2.200974,0.000000
47376,5,0.125000,0.806439,31,2,937.290,2.530119,0.000000
47376,6,0.125000,0.023149,34,33,44.088,0.325105,0.000000
47376,7,0.125000,0.000000,27,27,10.481,0.298803,0.000000
47424,0,0.125000,0.933401,30,0,1000.000,0.247436,0.000000
47424,1,0.125000,0.924932,30,0,1000.000,0.714654,0.000000
47424,2,0.125000,0.911268,24,0,1000.000,1.212699,0.000000
47424,3,0.125000,0.905593,27,0,1000.000,1.724398,0.000000
47424,4,0.125000,0.890842,42,0,1000.000,2.192038,0.000000
47424,5,0.125000,0.810450,23,1,957.565,2.555975,0.000000
47424,6,0.125000,0.052994,39,36,91.128,0.479812,0.000000
47424,7,0.125000,0.000000,24,24,10.083,0.219047,0.000000
47472,0,0.125000,0.924316,28,1,969.250,0.255433,0.000000
47472,1,0.125000,0.920544,28,0,1000.000,0.725002,0.000000
47472,2,0.125000,0.914286,33,0,1000.000,1.236599,0.000000
47472,3,0.125000,0.903630,28,0,1000.000,1.732291,0.000000
47472,4,0.125000,0.901622,25,0,1000.000,2.192752,0.000000
47472,5,0.125000,0.812460,35,3,936.286,2.475559,0.000000
47472,6,0.125000,0.037808,35,33,71.943,0.434166,0.000000
47472,7,0.125000,0.000000,31,31,10.323,0.263793,0.000000
47520,0,0.125000,0.928136,40,1,984.375,0.264767,0.000000
47520,1,0.125000,0.919357,36,0,1000.000,0.796602,0.000000
47520,2,0.125000,0.914908,32,0,1000.000,1.246901,0.000000
47520,3,0.125000,0.906404,29,0,1000.000,1.748227,0.000000
47520,4,0.125000,0.894525,31,0,1000.000,2.187324,0.000000
47520,5,0.125000,0.827536,23,1,957.391,2.567275,0.000000
47520,6,0.125000,0.000000,28,28,13.643,0.193754,0.000000
47520,7,0.125000,0.000000,29,29,10.069,0.250298,0.000000
47568,0,0.125000,0.931611,29,0,1000.000,0.324031,0.000000
47568,1,0.125000,0.922142,34,0,1000.000,0.804713,0.000000
47568,2,0.125000,0.915445,26,0,1000.000,1.248431,0.000000
47568,3,0.125000,0.905954,27,0,1000.000,1.735860,0.000000
47568,4,0.125000,0.895605,36,0,1000.000,2.177702,0.000000
47568,5,0.125000,0.818825,37,2,947.243,2.507803,0.000000
47568,6,0.125000,0.000000,28,28,14.429,0.192473,0.000000
47568,7,0.125000,0.000000,33,33,10.182,0.247976,0.000000
47616,0,0.125000,0.934092,32,0,1000.000,0.249206,0.000000
47616,1,0.125000,0.921414,40,0,1000.000,0.763598,0.000000
47616,2,0.125000,0.912089,25,0,1000.000,1.234017,0.000000
47616,3,0.125000,0.905305,28,0,1000.000,1.706068,0.000000
47616,4,0.125000,0.897671,44,0,1000.000,2.199644,0.000000
47616,5,0.125000,0.826326,24,2,942.750,2.480212,0.000000
47616,6,0.125000,0.071591,46,41,122.696,0.548845,0.000000
47616,7,0.125000,0.000000,38,38,9.947,0.245890,0.000000
47664,0,0.125000,0.928237,30,0,1000.000,0.247190,0.000000
47664,1,0.125000,0.923964,28,0,1000.000,0.722954,0.000000
47664,2,0.125000,0.915278,42,0,1000.000,1.229040,0.000000
47664,3,0.125000,0.906230,39,0,1000.000,1.698091,0.000000
47664,4,0.125000,0.893859,34,0,1000.000,2.181615,0.000000
47664,5,0.125000,0.843714,38,1,974.789,2.609470,0.000000
47664,6,0.125000,0.000000,32,32,15.500,0.237512,0.000000
47664,7,0.125000,0.000000,27,27,9.852,0.259447,0.000000
47712,0,0.125000,0.934809,44,0,1000.000,0.238785,0.000000
47712,1,0.125000,0.920117,37,0,1000.000,0.726012,0.000000
47712,2,0.125000,0.912445,36,0,1000.000,1.187516,0.000000
47712,3,0.125000,0.907828,45,0,1000.000,1.686907,0.000000
47712,4,0.125000,0.896380,25,0,1000.000,2.201961,0.000000
47712,5,0.125000,0.863223,36,0,1000.000,2.634060,0.000000
47712,6,0.125000,0.057938,27,25,87.111,0.398246,0.000000
47712,7,0.125000,0.000000,29,29,9.966,0.224299,0.000000
47760,0,0.125000,0.928653,23,0,1000.000,0.220250,0.000000
47760,1,0.125000,0.919956,32,0,1000.000,0.724207,0.000000
47760,2,0.125000,0.917899,29,0,1000.000,1.208386,0.000000
47760,3,0.125000,0.906510,41,0,1000.000,1.671272,0.000000
47760,4,0.125000,0.894889,35,0,1000.000,2.177662,0.000000
47760,5,0.125000,0.833035,26,1,962.115,2.554688,0.000000
47760,6,0.125000,0.024838,26,25,55.308,0.364536,0.000000
47760,7,0.125000,0.000000,39,39,10.179,0.270695,0.000000
47808,0,0.125000,0.934206,30,0,1000.000,0.319284,0.000000
47808,1,0.125000,0.921924,42,0,1000.000,0.743129,0.000000
47808,2,0.125000,0.916520,30,0,1000.000,1.233629,0.000000
47808,3,0.125000,0.904845,28,0,1000.000,1.683550,0.000000
47808,4,0.125000,0.896259,41,0,1000.000,2.153955,0.000000
47808,5,0.125000,0.806191,37,2,947.595,2.514561,0.000000
47808,6,0.125000,0.000000,25,25,12.720,0.176049,0.000000
47808,7,0.125000,0.000000,33,33,10.273,0.301436,0.000000
47856,0,0.125000,0.934770,34,0,1000.000,0.306572,0.000000
47856,1,0.125000,0.920599,26,0,1000.000,0.799177,0.000000
47856,2,0.125000,0.914625,28,0,1000.000,1.230615,0.000000
47856,3,0.125000,0.904740,52,0,1000.000,1.728984,0.000000
47856,4,0.125000,0.898293,30,0,1000.000,2.203437,0.000000
47856,5,0.125000,0.838448,37,1,973.568,2.601327,0.000000
47856,6,0.125000,0.024653,33,32,45.121,0.345269,0.000000
47856,7,0.125000,0.000000,44,44,10.341,0.271594,0.000000
47904,0,0.125000,0.932318,35,0,1000.000,0.301276,0.000000
47904,1,0.125000,0.918586,37,0,1000.000,0.758368,0.000000
47904,2,0.125000,0.916888,36,0,1000.000,1.242449,0.000000
47904,3,0.125000,0.903161,43,0,1000.000,1.695804,0.000000
47904,4,0.125000,0.895768,35,0,1000.000,2.203503,0.000000
47904,5,0.125000,0.787691,44,4,910.750,2.447860,0.000000
47904,6,0.125000,0.000000,42,42,15.500,0.251593,0.000000
47904,7,0.125000,0.000000,44,44,10.295,0.277499,0.000000
47952,0,0.125000,0.933322,38,0,1000.000,0.290215,0.000000
47952,1,0.125000,0.920707,35,0,1000.000,0.753655,0.000000
47952,2,0.125000,0.915039,37,0,1000.000,1.245713,0.000000
47952,3,0.125000,0.905211,33,0,1000.000,1.701759,0.000000
47952,4,0.125000,0.897572,35,0,1000.000,2.208956,0.000000
47952,5,0.125000,0.812956,31,2,936.710,2.498679,0.000000
47952,6,0.125000,0.000000,28,28,14.857,0.168049,0.000000
47952,7,0.125000,0.000000,33,33,10.576,0.241605,0.000000
48000,0,0.125000,0.929731,31,0,1000.000,0.269583,0.000000
48000,1,0.125000,0.925192,37,0,1000.000,0.772754,0.000000
48000,2,0.125000,0.912850,30,0,1000.000,1.220832,0.000000
48000,3,0.125000,0.906893,39,0,1000.000,1.729205,0.000000
48000,4,0.125000,0.895682,40,0,1000.000,2.199170,0.000000
48000,5,0.125000,0.823127,33,1,970.424,2.575757,0.000000
48000,6,0.125000,0.017142,42,41,37.810,0.258725,0.000000
48000,7,0.125000,0.000000,42,42,10.286,0.257807,0.000000
48048,0,0.125000,0.928206,37,1,991.622,0.280912,0.000000
48048,1,0.125000,0.924794,36,0,1000.000,0.792757,0.000000
48048,2,0.125000,0.916354,34,0,1000.000,1.247728,0.000000
48048,3,0.125000,0.904166,29,0,1000.000,1.736989,0.000000
48048,4,0.125000,0.896871,27,0,1000.000,2.208818,0.000000
48048,5,0.125000,0.788850,38,3,922.737,2.488433,0.000000
48048,6,0.125000,0.000000,32,32,15.125,0.201447,0.000000
48048,7,0.125000,0.000000,30,30,10.500,0.243156,0.000000
48096,0,0.125000,0.927443,34,0,1000.000,0.275961,0.000000
48096,1,0.125000,0.923647,40,0,1000.000,0.746565,0.000000
48096,2,0.125000,0.915980,32,0,1000.000,1.226400,0.000000
48096,3,0.125000,0.905516,33,0,1000.000,1.703568,0.000000
48096,4,0.125000,0.894218,32,0,1000.000,2.218858,0.000000
48096,5,0.125000,0.831607,36,1,972.722,2.574301,0.000000
48096,6,0.125000,0.000000,26,26,14.385,0.192027,0.000000
48096,7,0.125000,0.000000,29,29,10.310,0.274487,0.000000
48192,0,0.125000,0.929360,49,0,1000.000,0.279827,0.000000
48192,1,0.125000,0.920794,73,0,1000.000,0.773068,0.000000
48192,2,0.125000,0.914327,61,0,1000.000,1.235602,0.000000
48192,3,0.125000,0.906803,57,0,1000.000,1.708893,0.000000
48192,4,0.125000,0.896420,64,0,1000.000,2.194599,0.000000
48192,5,0.125000,0.848876,59,1,983.322,2.639752,0.000000
48192,6,0.125000,0.009818,59,58,31.576,0.243823,0.000000
48192,7,0.125000,0.000000,53,53,10.509,0.250576,0.000000
48240,0,0.125000,0.931483,38,0,1000.000,0.289262,0.000000
48240,1,0.125000,0.922252,31,0,1000.000,0.757763,0.000000
48240,2,0.125000,0.913061,22,0,1000.000,1.208193,0.000000
48240,3,0.125000,0.907731,29,0,1000.000,1.701154,0.000000
48240,4,0.125000,0.899204,27,0,1000.000,2.218072,0.000000
48240,5,0.125000,0.831672,30,1,968.033,2.613234,0.000000
48240,6,0.125000,0.021111,29,29,27.655,0.211264,0.000000
48240,7,0.125000,0.000000,26,26,10.500,0.268570,0.000000
48288,0,0.125000,0.927888,28,0,1000.000,0.248991,0.000000
48288,1,0.125000,0.919942,32,0,1000.000,0.759576,0.000000
48288,2,0.125000,0.915613,28,0,1000.000,1.202919,0.000000
48288,3,0.125000,0.904559,29,0,1000.000,1.666463,0.000000
48288,4,0.125000,0.893503,23,0,1000.000,2.136969,0.000000
48288,5,0.125000,0.868261,26,0,1000.000,2.663572,0.000000
48288,6,0.125000,0.000000,26,26,14.692,0.225805,0.000000
48288,7,0.125000,0.000000,37,37,10.541,0.269146,0.000000
48336,0,0.125000,0.930414,40,0,1000.000,0.280106,0.000000
48336,1,0.125000,0.918255,33,1,984.576,0.754261,0.000000
48336,2,0.125000,0.920828,21,0,1000.000,1.213562,0.000000
48336,3,0.125000,0.905680,25,0,1000.000,1.720514,0.000000
48336,4,0.125000,0.895300,32,0,1000.000,2.210712,0.000000
48336,5,0.125000,0.823221,44,2,955.795,2.562319,0.000000
48336,6,0.125000,0.070208,31,28,110.903,0.487884,0.000000
48336,7,0.125000,0.000000,25,25,10.320,0.256889,0.000000
48384,0,0.125000,0.927751,27,0,1000.000,0.241031,0.000000
48384,1,0.125000,0.919869,27,0,1000.000,0.762742,0.000000
48384,2,0.125000,0.913517,43,0,1000.000,1.195341,0.000000
48384,3,0.125000,0.904184,38,0,1000.000,1.701963,0.000000
48384,4,0.125000,0.897937,30,0,1000.000,2.190809,0.000000
48384,5,0.125000,0.813199,34,2,943.353,2.534306,0.000000
48384,6,0.125000,0.027738,28,27,49.714,0.298483,0.000000
48384,7,0.125000,0.000000,32,32,10.406,0.224583,0.000000
48432,0,0.125000,0.929869,26,0,1000.000,0.258300,0.000000
48432,1,0.125000,0.924115,26,0,1000.000,0.739833,0.000000
48432,2,0.125000,0.913316,23,0,1000.000,1.224850,0.000000
48432,3,0.125000,0.904337,34,0,1000.000,1.715316,0.000000
48432,4,0.125000,0.897467,36,0,1000.000,2.192662,0.000000
48432,5,0.125000,0.859497,31,0,1000.000,2.666228,0.000000
48432,6,0.125000,0.022556,30,29,48.533,0.342547,0.000000
48432,7,0.125000,0.000000,29,29,10.138,0.256785,0.000000
48480,0,0.125000,0.930558,27,0,1000.000,0.254389,0.000000
48480,1,0.125000,0.920650,33,0,1000.000,0.763158,0.000000
48480,2,0.125000,0.914676,16,0,1000.000,1.210382,0.000000
48480,3,0.125000,0.903661,38,0,1000.000,1.661262,0.000000
48480,4,0.125000,0.893825,34,0,1000.000,2.181479,0.000000
48480,5,0.125000,0.801817,31,2,936.839,2.529823,0.000000
48480,6,0.125000,0.088391,25,22,132.920,0.518604,0.000000
48480,7,0.125000,0.000000,34,34,10.441,0.287205,0.000000
48528,0,0.125000,0.929405,30,0,1000.000,0.259652,0.000000
48528,1,0.125000,0.920302,26,0,1000.000,0.751739,0.000000
48528,2,0.125000,0.908331,29,0,1000.000,1.206231,0.000000
48528,3,0.125000,0.907947,37,0,1000.000,1.697929,0.000000
48528,4,0.125000,0.893380,32,0,1000.000,2.205741,0.000000
48528,5,0.125000,0.813902,33,2,940.576,2.563070,0.000000
48528,6,0.125000,0.025383,24,23,56.333,0.373390,0.000000
48528,7,0.125000,0.000000,29,29,10.345,0.265813,0.000000
48576,0,0.125000,0.930158,31,0,1000.000,0.253119,0.000000
48576,1,0.125000,0.924995,24,0,1000.000,0.747243,0.000000
48576,2,0.125000,0.914620,24,0,1000.000,1.213462,0.000000
48576,3,0.125000,0.903712,35,0,1000.000,1.715498,0.000000
48576,4,0.125000,0.898745,37,0,1000.000,2.214385,0.000000
48576,5,0.125000,0.849515,46,1,978.522,2.582124,0.000000
48576,6,0.125000,0.055511,27,25,87.370,0.348039,0.000000
48576,7,0.125000,0.000000,28,28,10.214,0.270349,0.000000
48624,0,0.125000,0.935292,36,0,1000.000,0.241633,0.000000
48624,1,0.125000,0.918481,19,0,1000.000,0.767803,0.000000
48624,2,0.125000,0.914512,37,0,1000.000,1.238703,0.000000
48624,3,0.125000,0.906791,32,0,1000.000,1.700727,0.000000
48624,4,0.125000,0.891609,38,0,1000.000,2.171376,0.000000
48624,5,0.125000,0.811333,32,2,938.656,2.504728,0.000000
48624,6,0.125000,0.043676,32,30,75.906,0.354627,0.000000
48624,7,0.125000,0.000000,27,27,10.333,0.264482,0.000000
48672,0,0.125000,0.933863,42,0,1000.000,0.266823,0.000000
48672,1,0.125000,0.925469,27,0,1000.000,0.770887,0.000000
48672,2,0.125000,0.915164,34,0,1000.000,1.243538,0.000000
48672,3,0.125000,0.900683,35,0,1000.000,1.754103,0.000000
48672,4,0.125000,0.890699,37,0,1000.000,2.192657,0.000000
48672,5,0.125000,0.866717,40,0,1000.000,2.668143,0.000000
48672,6,0.125000,0.058360,36,33,96.861,0.452604,0.000000
48672,7,0.125000,0.000000,45,45,10.400,0.257683,0.000000
48720,0,0.125000,0.929957,38,0,1000.000,0.268483,0.000000
48720,1,0.125000,0.922526,36,0,1000.000,0.747293,0.000000
48720,2,0.125000,0.912152,40,0,1000.000,1.244924,0.000000
48720,3,0.125000,0.905636,29,0,1000.000,1.757175,0.000000
48720,4,0.125000,0.893010,36,0,1000.000,2.206547,0.000000
48720,5,0.125000,0.873789,31,0,1000.000,2.667376,0.000000
48720,6,0.125000,0.039841,38,36,67.316,0.346671,0.000000
48720,7,0.125000,0.000000,31,31,10.032,0.239309,0.000000
48768,0,0.125000,0.930311,36,0,1000.000,0.281822,0.000000
48768,1,0.125000,0.924455,35,0,1000.000,0.766087,0.000000
48768,2,0.125000,0.917999,23,0,1000.000,1.245934,0.000000
48768,3,0.125000,0.906691,34,0,1000.000,1.734569,0.000000
48768,4,0.125000,0.900460,31,0,1000.000,2.250180,0.000000
48768,5,0.125000,0.833859,30,1,967.367,2.651916,0.000000
48768,6,0.125000,0.073802,37,33,120.162,0.468838,0.000000
48768,7,0.125000,0.000000,43,43,10.419,0.223215,0.000000
48816,0,0.125000,0.932387,41,0,1000.000,0.259987,0.000000
48816,1,0.125000,0.927454,28,0,1000.000,0.765656,0.000000
48816,2,0.125000,0.915309,46,0,1000.000,1.230492,0.000000
48816,3,0.125000,0.901920,30,0,1000.000,1.702907,0.000000
48816,4,0.125000,0.899194,27,0,1000.000,2.225447,0.000000
48816,5,0.125000,0.810213,32,2,939.031,2.512151,0.000000
48816,6,0.125000,0.038211,31,29,77.677,0.348265,0.000000
48816,7,0.125000,0.000000,39,39,10.000,0.272631,0.000000
48864,0,0.125000,0.929016,39,1,988.128,0.255738,0.000000
48864,1,0.125000,0.922164,33,0,1000.000,0.736772,0.000000
48864,2,0.125000,0.912930,24,0,1000.000,1.234113,0.000000
48864,3,0.125000,0.904853,40,0,1000.000,1.703404,0.000000
48864,4,0.125000,0.901324,29,0,1000.000,2.193611,0.000000
48864,5,0.125000,0.845705,38,1,974.079,2.581010,0.000000
48864,6,0.125000,0.019717,33,32,45.697,0.355340,0.000000
48864,7,0.125000,0.000000,33,33,10.152,0.259128,0.000000
48912,0,0.125000,0.934472,44,0,1000.000,0.250421,0.000000
48912,1,0.125000,0.919291,37,0,1000.000,0.747607,0.000000
48912,2,0.125000,0.918291,31,0,1000.000,1.230823,0.000000
48912,3,0.125000,0.903713,42,0,1000.000,1.709994,0.000000
48912,4,0.125000,0.898494,35,0,1000.000,2.187677,0.000000
48912,5,0.125000,0.792869,46,4,914.739,2.469610,0.000000
48912,6,0.125000,0.000000,44,44,14.295,0.172535,0.000000
48912,7,0.125000,0.000000,38,38,10.105,0.267761,0.000000
48960,0,0.125000,0.929741,28,0,1000.000,0.289957,0.000000
48960,1,0.125000,0.925331,25,0,1000.000,0.749795,0.000000
48960,2,0.125000,0.915577,32,0,1000.000,1.255595,0.000000
48960,3,0.125000,0.906518,34,0,1000.000,1.711134,0.000000
48960,4,0.125000,0.900726,35,0,1000.000,2.229249,0.000000
48960,5,0.125000,0.847962,36,1,972.889,2.590547,0.000000
48960,6,0.125000,0.061315,31,28,110.839,0.501071,0.000000
48960,7,0.125000,0.000000,28,28,10.286,0.306963,0.000000
49008,0,0.125000,0.935165,36,0,1000.000,0.252278,0.000000
49008,1,0.125000,0.924023,38,0,1000.000,0.732273,0.000000
49008,2,0.125000,0.915943,46,0,1000.000,1.243386,0.000000
49008,3,0.125000,0.907754,38,0,1000.000,1.708074,0.000000
49008,4,0.125000,0.895519,20,0,1000.000,2.170214,0.000000
49008,5,0.125000,0.823627,41,2,952.244,2.540364,0.000000
49008,6,0.125000,0.019029,34,33,42.971,0.233362,0.000000
49008,7,0.125000,0.000000,50,50,10.640,0.263413,0.000000
49056,0,0.125000,0.933737,38,0,1000.000,0.282035,0.000000
49056,1,0.125000,0.926834,26,0,1000.000,0.737207,0.000000
49056,2,0.125000,0.916856,37,0,1000.000,1.231253,0.000000
49056,3,0.125000,0.907747,38,0,1000.000,1.744131,0.000000
49056,4,0.125000,0.895974,36,0,1000.000,2.217743,0.000000
49056,5,0.125000,0.871244,28,0,1000.000,2.648182,0.000000
49056,6,0.125000,0.035234,41,39,65.122,0.448379,0.000000
49056,7,0.125000,0.000000,20,20,10.400,0.285132,0.000000
49104,0,0.125000,0.933257,36,1,977.806,0.300520,0.000000
49104,1,0.125000,0.926334,29,0,1000.000,0.745817,0.000000
49104,2,0.125000,0.918533,33,0,1000.000,1.232788,0.000000
49104,3,0.125000,0.906435,33,0,1000.000,1.724226,0.000000
49104,4,0.125000,0.893371,34,0,1000.000,2.207368,0.000000
49104,5,0.125000,0.829477,44,2,955.432,2.570832,0.000000
49104,6,0.125000,0.046417,29,27,83.241,0.441915,0.000000
49104,7,0.125000,0.000000,28,28,10.536,0.247341,0.000000
49152,0,0.125000,0.934442,29,0,1000.000,0.254241,0.000000
49152,1,0.125000,0.924454,24,0,1000.000,0.746561,0.000000
49152,2,0.125000,0.915312,37,0,1000.000,1.196066,0.000000
49152,3,0.125000,0.903806,32,0,1000.000,1.718692,0.000000
49152,4,0.125000,0.901359,21,0,1000.000,2.234083,0.000000
49152,5,0.125000,0.862880,37,0,1000.000,2.662455,0.000000
49152,6,0.125000,0.032401,37,35,71.568,0.466726,0.000000
49152,7,0.125000,0.000000,35,35,10.543,0.264480,0.000000
49200,0,0.125000,0.932484,26,0,1000.000,0.252481,0.000000
49200,1,0.125000,0.924318,31,0,1000.000,0.728070,0.000000
49200,2,0.125000,0.912752,27,0,1000.000,1.248799,0.000000
49200,3,0.125000,0.908999,32,0,1000.000,1.724951,0.000000
49200,4,0.125000,0.895508,30,0,1000.000,2.200795,0.000000
49200,5,0.125000,0.865808,36,0,1000.000,2.664879,0.000000
49200,6,0.125000,0.034415,24,23,59.083,0.437855,0.000000
49200,7,0.125000,0.000000,28,28,10.286,0.223406,0.000000
49248,0,0.125000,0.933710,35,0,1000.000,0.248554,0.000000
49248,1,0.125000,0.925702,23,0,1000.000,0.787451,0.000000
49248,2,0.125000,0.912685,20,0,1000.000,1.222513,0.000000
49248,3,0.125000,0.908893,37,0,1000.000,1.719948,0.000000
49248,4,0.125000,0.898086,25,0,1000.000,2.235309,0.000000
49248,5,0.125000,0.816387,30,2,935.033,2.576874,0.000000
49248,6,0.125000,0.000000,34,34,16.735,0.198796,0.000000
49248,7,0.125000,0.000000,20,20,9.950,0.267050,0.000000
49296,0,0.125000,0.931325,23,0,1000.000,0.269020,0.000000
49296,1,0.125000,0.923760,21,0,1000.000,0.738681,0.000000
49296,2,0.125000,0.913623,22,0,1000.000,1.242900,0.000000
49296,3,0.125000,0.903813,39,0,1000.000,1.698032,0.000000
49296,4,0.125000,0.900076,22,0,1000.000,2.210996,0.000000
49296,5,0.125000,0.803273,41,3,928.463,2.496294,0.000000
49296,6,0.125000,0.000000,22,22,13.364,0.177723,0.000000
49296,7,0.125000,0.000000,15,15,10.733,0.260269,0.000000
49344,0,0.125000,0.930630,43,0,1000.000,0.274679,0.000000
49344,1,0.125000,0.919361,34,0,1000.000,0.750613,0.000000
49344,2,0.125000,0.915326,34,0,1000.000,1.249692,0.000000
49344,3,0.125000,0.904478,31,0,1000.000,1.724343,0.000000
49344,4,0.125000,0.893749,33,0,1000.000,2.182379,0.000000
49344,5,0.125000,0.821298,36,2,945.528,2.544066,0.000000
49344,6,0.125000,0.066301,31,28,109.065,0.423153,0.000000
49344,7,0.125000,0.000000,31,31,10.194,0.286759,0.000000
49392,0,0.125000,0.925945,29,1,970.172,0.314342,0.000000
49392,1,0.125000,0.924628,23,0,1000.000,0.789960,0.000000
49392,2,0.125000,0.913691,35,0,1000.000,1.212586,0.000000
49392,3,0.125000,0.906177,37,0,1000.000,1.665616,0.000000
49392,4,0.125000,0.896342,26,0,1000.000,2.181780,0.000000
49392,5,0.125000,0.799364,28,2,930.786,2.506629,0.000000
49392,6,0.125000,0.039476,33,31,73.333,0.334778,0.000000
49392,7,0.125000,0.000000,30,30,10.133,0.224547,0.000000
49440,0,0.125000,0.933914,30,0,1000.000,0.289812,0.000000
49440,1,0.125000,0.922645,28,0,1000.000,0.723681,0.000000
49440,2,0.125000,0.913453,29,0,1000.000,1.227145,0.000000
49440,3,0.125000,0.907074,32,0,1000.000,1.717426,0.000000
49440,4,0.125000,0.899091,32,0,1000.000,2.253278,0.000000
49440,5,0.125000,0.814676,31,2,936.806,2.527324,0.000000
49440,6,0.125000,0.089236,31,27,140.871,0.508867,0.000000
49440,7,0.125000,0.000000,18,18,10.056,0.255468,0.000000
49488,0,0.125000,0.934084,31,0,1000.000,0.239447,0.000000
49488,1,0.125000,0.925002,36,0,1000.000,0.767986,0.000000
49488,2,0.125000,0.911920,24,0,1000.000,1.225997,0.000000
49488,3,0.125000,0.907593,36,0,1000.000,1.727438,0.000000
49488,4,0.125000,0.895994,22,0,1000.000,2.198577,0.000000
49488,5,0.125000,0.816644,40,2,951.500,2.577604,0.000000
49488,6,0.125000,0.028260,24,23,57.042,0.334839,0.000000
49488,7,0.125000,0.000000,24,24,10.583,0.259351,0.000000
49536,0,0.125000,0.932784,31,0,1000.000,0.258259,0.000000
49536,1,0.125000,0.916519,24,0,1000.000,0.775665,0.000000
49536,2,0.125000,0.915143,28,0,1000.000,1.252582,0.000000
49536,3,0.125000,0.906153,34,0,1000.000,1.720145,0.000000
49536,4,0.125000,0.896485,33,0,1000.000,2.232325,0.000000
49536,5,0.125000,0.840718,34,1,971.265,2.622427,0.000000
49536,6,0.125000,0.020029,33,32,45.485,0.296019,0.000000
49536,7,0.125000,0.000000,34,34,10.353,0.278290,0.000000
49584,0,0.125000,0.929182,25,0,1000.000,0.286772,0.000000
49584,1,0.125000,0.921553,31,0,1000.000,0.755084,0.000000
49584,2,0.125000,0.915890,36,0,1000.000,1.235414,0.000000
49584,3,0.125000,0.908535,34,0,1000.000,1.725400,0.000000
49584,4,0.125000,0.897880,28,0,1000.000,2.232213,0.000000
49584,5,0.125000,0.842239,34,1,971.176,2.601208,0.000000
49584,6,0.125000,0.000000,36,36,14.889,0.186778,0.000000
49584,7,0.125000,0.000000,27,27,10.444,0.247340,0.000000
49632,0,0.125000,0.934273,33,0,1000.000,0.272282,0.000000
49632,1,0.125000,0.925813,41,0,1000.000,0.740642,0.000000
49632,2,0.125000,0.919542,41,0,1000.000,1.227448,0.000000
49632,3,0.125000,0.909738,28,0,1000.000,1.745830,0.000000
49632,4,0.125000,0.899062,25,0,1000.000,2.210166,0.000000
49632,5,0.125000,0.807722,28,2,930.607,2.516121,0.000000
49632,6,0.125000,0.020774,35,34,44.114,0.339956,0.000000
49632,7,0.125000,0.000000,42,42,10.405,0.238962,0.000000
49680,0,0.125000,0.934109,32,0,1000.000,0.236080,0.000000
49680,1,0.125000,0.922160,40,0,1000.000,0.744781,0.000000
49680,2,0.125000,0.916902,34,0,1000.000,1.217509,0.000000
49680,3,0.125000,0.904133,44,0,1000.000,1.683288,0.000000
49680,4,0.125000,0.900383,40,0,1000.000,2.209025,0.000000
49680,5,0.125000,0.868890,33,0,1000.000,2.667273,0.000000
49680,6,0.125000,0.035004,42,40,62.238,0.328528,0.000000
49680,7,0.125000,0.000000,29,29,10.379,0.223778,0.000000
49728,0,0.125000,0.933565,35,0,1000.000,0.264824,0.000000
49728,1,0.125000,0.921734,38,0,1000.000,0.728893,0.000000
49728,2,0.125000,0.912416,31,0,1000.000,1.205301,0.000000
49728,3,0.125000,0.907533,29,0,1000.000,1.687506,0.000000
49728,4,0.125000,0.898814,35,0,1000.000,2.174550,0.000000
49728,5,0.125000,0.872554,34,0,1000.000,2.678405,0.000000
49728,6,0.125000,0.049421,36,33,98.194,0.458971,0.000000
49728,7,0.125000,0.000000,34,34,10.235,0.232871,0.000000
49776,0,0.125000,0.932214,34,0,1000.000,0.252819,0.000000
49776,1,0.125000,0.922271,22,0,1000.000,0.750135,0.000000
49776,2,0.125000,0.914956,31,0,1000.000,1.185221,0.000000
49776,3,0.125000,0.907680,40,0,1000.000,1.703505,0.000000
49776,4,0.125000,0.898800,29,0,1000.000,2.290161,0.000000
49776,5,0.125000,0.875257,28,0,1000.000,2.732671,0.000000
49776,6,0.125000,0.024843,29,28,49.034,0.305128,0.000000
49776,7,0.125000,0.000000,33,33,10.727,0.264815,0.000000
49824,0,0.125000,0.934668,31,0,1000.000,0.262541,0.000000
49824,1,0.125000,0.919878,36,0,1000.000,0.737453,0.000000
49824,2,0.125000,0.916208,42,0,1000.000,1.257743,0.000000
49824,3,0.125000,0.908529,34,0,1000.000,1.746657,0.000000
49824,4,0.125000,0.897117,44,0,1000.000,2.234241,0.000000
49824,5,0.125000,0.832553,26,1,963.962,2.620655,0.000000
49824,6,0.125000,0.044453,35,33,71.543,0.356804,0.000000
49824,7,0.125000,0.000000,24,24,10.375,0.266268,0.000000
49872,0,0.125000,0.933807,35,0,1000.000,0.289973,0.000000
49872,1,0.125000,0.920718,26,0,1000.000,0.821397,0.000000
49872,2,0.125000,0.914004,42,0,1000.000,1.271670,0.000000
49872,3,0.125000,0.908219,32,0,1000.000,1.739521,0.000000
49872,4,0.125000,0.897301,37,0,1000.000,2.260446,0.000000
49872,5,0.125000,0.867896,30,0,1000.000,2.661709,0.000000
49872,6,0.125000,0.028301,25,24,55.120,0.336358,0.000000
49872,7,0.125000,0.000000,35,35,10.400,0.237616,0.000000
49920,0,0.125000,0.931277,38,0,1000.000,0.296477,0.000000
49920,1,0.125000,0.923742,52,0,1000.000,0.773935,0.000000
49920,2,0.125000,0.914271,21,0,1000.000,1.252841,0.000000
49920,3,0.125000,0.905196,48,0,1000.000,1.749739,0.000000
49920,4,0.125000,0.895589,38,0,1000.000,2.202345,0.000000
49920,5,0.125000,0.834114,50,2,960.860,2.581573,0.000000
49920,6,0.125000,0.020338,37,36,42.865,0.303689,0.000000
49920,7,0.125000,0.000000,41,41,10.610,0.254146,0.000000
49968,0,0.125000,0.933342,41,1,998.878,0.324186,0.000000
49968,1,0.125000,0.919357,31,0,1000.000,0.732911,0.000000
49968,2,0.125000,0.910487,28,0,1000.000,1.221318,0.000000
49968,3,0.125000,0.905592,30,0,1000.000,1.707155,0.000000
49968,4,0.125000,0.896493,21,0,1000.000,2.215229,0.000000
49968,5,0.125000,0.797252,36,3,919.056,2.463759,0.000000
49968,6,0.125000,0.000000,44,44,17.227,0.250069,0.000000
49968,7,0.125000,0.000000,39,39,10.359,0.250739,0.000000
50016,0,0.125000,0.932759,37,0,1000.000,0.253399,0.000000
50016,1,0.125000,0.924049,35,0,1000.000,0.771930,0.000000
50016,2,0.125000,0.914451,43,0,1000.000,1.255286,0.000000
50016,3,0.125000,0.906859,35,0,1000.000,1.707509,0.000000
50016,4,0.125000,0.896782,30,0,1000.000,2.224894,0.000000
50016,5,0.125000,0.867086,25,0,1000.000,2.661504,0.000000
50016,6,0.125000,0.047400,41,38,87.317,0.387681,0.000000
50016,7,0.125000,0.000000,31,31,10.484,0.238260,0.000000
50064,0,0.125000,0.934999,41,0,1000.000,0.264037,0.000000
50064,1,0.125000,0.923238,21,0,1000.000,0.812852,0.000000
50064,2,0.125000,0.910131,38,0,1000.000,1.185902,0.000000
50064,3,0.125000,0.904737,43,0,1000.000,1.735606,0.000000
50064,4,0.125000,0.896057,39,0,1000.000,2.208983,0.000000
50064,5,0.125000,0.831452,28,1,965.571,2.591200,0.000000
50064,6,0.125000,0.033774,45,43,59.978,0.365518,0.000000
50064,7,0.125000,0.000000,27,27,10.407,0.255848,0.000000
50112,0,0.125000,0.932602,35,0,1000.000,0.279505,0.000000
50112,1,0.125000,0.923410,34,0,1000.000,0.747359,0.000000
50112,2,0.125000,0.914795,31,0,1000.000,1.233726,0.000000
50112,3,0.125000,0.906277,36,0,1000.000,1.731461,0.000000
50112,4,0.125000,0.900637,34,0,1000.000,2.214477,0.000000
50112,5,0.125000,0.869783,33,0,1000.000,2.693770,0.000000
50112,6,0.125000,0.032541,47,45,56.936,0.332585,0.000000
50112,7,0.125000,0.000000,39,39,10.103,0.265786,0.000000
50160,0,0.125000,0.932481,33,0,1000.000,0.258546,0.000000
50160,1,0.125000,0.922769,31,0,1000.000,0.773619,0.000000
50160,2,0.125000,0.913991,29,0,1000.000,1.226720,0.000000
50160,3,0.125000,0.910068,33,0,1000.000,1.720181,0.000000
50160,4,0.125000,0.893509,26,0,1000.000,2.240010,0.000000
50160,5,0.125000,0.834790,28,1,965.321,2.550904,0.000000
50160,6,0.125000,0.022287,33,32,44.545,0.280174,0.000000
50160,7,0.125000,0.000000,28,28,10.250,0.271592,0.000000
50208,0,0.125000,0.929136,27,1,997.296,0.266739,0.000000
50208,1,0.125000,0.924432,25,0,1000.000,0.771175,0.000000
50208,2,0.125000,0.916799,28,0,1000.000,1.209028,0.000000
50208,3,0.125000,0.909223,34,0,1000.000,1.723123,0.000000
50208,4,0.125000,0.898673,36,0,1000.000,2.227395,0.000000
50208,5,0.125000,0.867363,32,0,1000.000,2.671788,0.000000
50208,6,0.125000,0.000000,40,40,14.925,0.202060,0.000000
50208,7,0.125000,0.000000,32,32,10.281,0.244864,0.000000
50256,0,0.125000,0.931614,25,1,979.480,0.281044,0.000000
50256,1,0.125000,0.924083,28,0,1000.000,0.723317,0.000000
50256,2,0.125000,0.912734,34,0,1000.000,1.194269,0.000000
50256,3,0.125000,0.905098,34,0,1000.000,1.688444,0.000000
50256,4,0.125000,0.900936,24,0,1000.000,2.183917,0.000000
50256,5,0.125000,0.833945,27,1,963.741,2.530718,0.000000
50256,6,0.125000,0.000000,25,25,15.640,0.246501,0.000000
50256,7,0.125000,0.000000,30,30,10.133,0.237368,0.000000
50304,0,0.125000,0.932545,30,0,1000.000,0.264167,0.000000
50304,1,0.125000,0.926117,28,0,1000.000,0.762724,0.000000
50304,2,0.125000,0.915626,23,0,1000.000,1.225654,0.000000
50304,3,0.125000,0.907592,32,0,1000.000,1.712525,0.000000
50304,4,0.125000,0.891172,21,0,1000.000,2.222146,0.000000
50304,5,0.125000,0.866290,43,0,1000.000,2.648998,0.000000
50304,6,0.125000,0.000000,33,33,14.485,0.200844,0.000000
50304,7,0.125000,0.000000,27,27,10.037,0.269638,0.000000
50352,0,0.125000,0.935227,36,0,1000.000,0.254513,0.000000
50352,1,0.125000,0.923197,35,0,1000.000,0.747286,0.000000
50352,2,0.125000,0.913415,41,0,1000.000,1.246215,0.000000
50352,3,0.125000,0.904312,21,0,1000.000,1.768349,0.000000
50352,4,0.125000,0.895094,31,0,1000.000,2.207009,0.000000
50352,5,0.125000,0.811622,33,2,940.788,2.511613,0.000000
50352,6,0.125000,0.000000,44,44,14.932,0.206769,0.000000
50352,7,0.125000,0.000000,27,27,9.963,0.252122,0.000000
50400,0,0.125000,0.930248,35,0,1000.000,0.251902,0.000000
50400,1,0.125000,0.919909,38,0,1000.000,0.769658,0.000000
50400,2,0.125000,0.915197,33,0,1000.000,1.229164,0.000000
50400,3,0.125000,0.907492,25,0,1000.000,1.714057,0.000000
50400,4,0.125000,0.896304,27,0,1000.000,2.158162,0.000000
50400,5,0.125000,0.790665,33,4,907.364,2.419918,0.000000
50400,6,0.125000,0.020054,39,38,38.974,0.221496,0.000000
50400,7,0.125000,0.000000,35,35,10.029,0.268464,0.000000
50448,0,0.125000,0.934142,37,0,1000.000,0.260687,0.000000
50448,1,0.125000,0.920268,33,0,1000.000,0.746569,0.000000
50448,2,0.125000,0.915119,24,0,1000.000,1.249390,0.000000
50448,3,0.125000,0.908013,29,0,1000.000,1.721930,0.000000
50448,4,0.125000,0.896583,40,0,1000.000,2.203501,0.000000
50448,5,0.125000,0.840082,30,1,967.933,2.606798,0.000000
50448,6,0.125000,0.024005,32,31,45.188,0.261085,0.000000
50448,7,0.125000,0.000000,46,46,10.109,0.280919,0.000000
50496,0,0.125000,0.930720,26,0,1000.000,0.254394,0.000000
50496,1,0.125000,0.929041,26,0,1000.000,0.752112,0.000000
50496,2,0.125000,0.917076,27,0,1000.000,1.291074,0.000000
50496,3,0.125000,0.907269,28,0,1000.000,1.728232,0.000000
50496,4,0.125000,0.892601,31,0,1000.000,2.233886,0.000000
50496,5,0.125000,0.834973,25,1,960.920,2.569497,0.000000
50496,6,0.125000,0.073699,27,24,125.481,0.569810,0.000000
50496,7,0.125000,0.000000,27,27,10.037,0.255145,0.000000
50544,0,0.125000,0.931620,28,0,1000.000,0.234586,0.000000
50544,1,0.125000,0.918020,35,0,1000.000,0.737791,0.000000
50544,2,0.125000,0.912185,29,0,1000.000,1.236780,0.000000
50544,3,0.125000,0.907194,32,0,1000.000,1.721019,0.000000
50544,4,0.125000,0.897780,35,0,1000.000,2.225572,0.000000
50544,5,0.125000,0.859411,32,0,1000.000,2.705894,0.000000
50544,6,0.125000,0.035025,33,31,74.303,0.349477,0.000000
50544,7,0.125000,0.000000,34,34,10.294,0.264598,0.000000
50592,0,0.125000,0.931951,38,1,986.026,0.305657,0.000000
50592,1,0.125000,0.921235,25,0,1000.000,0.745424,0.000000
50592,2,0.125000,0.914278,26,0,1000.000,1.224975,0.000000
50592,3,0.125000,0.902977,28,0,1000.000,1.716984,0.000000
50592,4,0.125000,0.896198,40,0,1000.000,2.252084,0.000000
50592,5,0.125000,0.815598,34,2,942.588,2.531206,0.000000
50592,6,0.125000,0.000000,21,21,15.857,0.275555,0.000000
50592,7,0.125000,0.000000,34,34,10.324,0.241109,0.000000
50640,0,0.125000,0.932471,34,0,1000.000,0.263754,0.000000
50640,1,0.125000,0.921356,42,0,1000.000,0.722267,0.000000
50640,2,0.125000,0.915761,31,0,1000.000,1.245812,0.000000
50640,3,0.125000,0.907916,34,0,1000.000,1.718496,0.000000
50640,4,0.125000,0.893673,27,0,1000.000,2.183275,0.000000
50640,5,0.125000,0.798463,39,3,926.538,2.536162,0.000000
50640,6,0.125000,0.025574,28,27,50.929,0.294099,0.000000
50640,7,0.125000,0.000000,30,30,10.433,0.249139,0.000000
50688,0,0.125000,0.929703,32,0,1000.000,0.246753,0.000000
50688,1,0.125000,0.922816,42,0,1000.000,0.758231,0.000000
50688,2,0.125000,0.912788,36,0,1000.000,1.210575,0.000000
50688,3,0.125000,0.907001,42,0,1000.000,1.691966,0.000000
50688,4,0.125000,0.896686,28,0,1000.000,2.171700,0.000000
50688,5,0.125000,0.834493,35,1,972.400,2.593761,0.000000
50688,6,0.125000,0.000000,30,30,14.800,0.191154,0.000000
50688,7,0.125000,0.000000,27,27,10.407,0.256152,0.000000
50736,0,0.125000,0.931835,34,0,1000.000,0.264644,0.000000
50736,1,0.125000,0.923092,36,0,1000.000,0.767002,0.000000
50736,2,0.125000,0.879924,29,1,968.207,1.213020,0.000000
50736,3,0.125000,0.909957,34,0,1000.000,1.715675,0.000000
50736,4,0.125000,0.896276,38,0,1000.000,2.181706,0.000000
50736,5,0.125000,0.874007,31,0,1000.000,2.634596,0.000000
50736,6,0.125000,0.048109,33,31,77.788,0.501981,0.000000
50736,7,0.125000,0.000000,32,32,10.469,0.219290,0.000000
50784,0,0.125000,0.933562,38,0,1000.000,0.272678,0.000000
50784,1,0.125000,0.921404,31,1,987.387,0.771034,0.000000
50784,2,0.125000,0.914196,28,0,1000.000,1.256664,0.000000
50784,3,0.125000,0.912429,35,0,1000.000,1.729751,0.000000
50784,4,0.125000,0.899331,32,0,1000.000,2.186249,0.000000
50784,5,0.125000,0.852285,30,0,1000.000,2.594064,0.000000
50784,6,0.125000,0.000000,26,26,16.538,0.262651,0.000000
50784,7,0.125000,0.000000,48,48,10.521,0.241634,0.000000
50832,0,0.125000,0.930454,32,0,1000.000,0.221497,0.000000
50832,1,0.125000,0.920356,39,0,1000.000,0.740868,0.000000
50832,2,0.125000,0.912689,39,0,1000.000,1.238089,0.000000
50832,3,0.125000,0.906154,29,0,1000.000,1.675226,0.000000
50832,4,0.125000,0.897774,35,0,1000.000,2.194281,0.000000
50832,5,0.125000,0.781666,32,3,909.812,2.438414,0.000000
50832,6,0.125000,0.000000,28,28,14.929,0.243780,0.000000
50832,7,0.125000,0.000000,31,31,10.419,0.226177,0.000000
50880,0,0.125000,0.932857,34,0,1000.000,0.233478,0.000000
50880,1,0.125000,0.921296,40,0,1000.000,0.730957,0.000000
50880,2,0.125000,0.913136,40,0,1000.000,1.230894,0.000000
50880,3,0.125000,0.905447,23,0,1000.000,1.670723,0.000000
50880,4,0.125000,0.891850,28,0,1000.000,2.190976,0.000000
50880,5,0.125000,0.859324,33,0,1000.000,2.645458,0.000000
50880,6,0.125000,0.057749,25,23,93.720,0.412857,0.000000
50880,7,0.125000,0.000000,32,32,10.625,0.189101,0.000000
50928,0,0.125000,0.932052,42,0,1000.000,0.282618,0.000000
50928,1,0.125000,0.922153,39,0,1000.000,0.709720,0.000000
50928,2,0.125000,0.916143,41,0,1000.000,1.230964,0.000000
50928,3,0.125000,0.903844,35,0,1000.000,1.692834,0.000000
50928,4,0.125000,0.896249,41,0,1000.000,2.227954,0.000000
50928,5,0.125000,0.802189,39,3,925.385,2.511402,0.000000
50928,6,0.125000,0.036337,39,37,66.385,0.371023,0.000000
50928,7,0.125000,0.000000,25,25,10.520,0.218967,0.000000
50976,0,0.125000,0.929952,36,0,1000.000,0.297137,0.000000
50976,1,0.125000,0.922029,25,0,1000.000,0.771852,0.000000
50976,2,0.125000,0.917474,34,0,1000.000,1.248269,0.000000
50976,3,0.125000,0.905165,26,0,1000.000,1.711811,0.000000
50976,4,0.125000,0.895056,36,0,1000.000,2.223906,0.000000
50976,5,0.125000,0.838149,39,1,974.872,2.588084,0.000000
50976,6,0.125000,0.046425,30,28,82.233,0.414010,0.000000
50976,7,0.125000,0.000000,28,28,10.393,0.223401,0.000000
51024,0,0.125000,0.930822,24,0,1000.000,0.277731,0.000000
51024,1,0.125000,0.921552,33,0,1000.000,0.781272,0.000000
51024,2,0.125000,0.914625,36,0,1000.000,1.271188,0.000000
51024,3,0.125000,0.906724,38,0,1000.000,1.724731,0.000000
51024,4,0.125000,0.895984,42,0,1000.000,2.221166,0.000000
51024,5,0.125000,0.853344,40,0,1000.000,2.661017,0.000000
51024,6,0.125000,0.044558,29,27,82.276,0.368909,0.000000
51024,7,0.125000,0.000000,41,41,10.805,0.236773,0.000000
51072,0,0.125000,0.933770,36,0,1000.000,0.254336,0.000000
51072,1,0.125000,0.920408,35,0,1000.000,0.723568,0.000000
51072,2,0.125000,0.913859,33,0,1000.000,1.199278,0.000000
51072,3,0.125000,0.906248,30,0,1000.000,1.707946,0.000000
51072,4,0.125000,0.896260,35,0,1000.000,2.188586,0.000000
51072,5,0.125000,0.806963,32,2,939.344,2.552819,0.000000
51072,6,0.125000,0.023290,31,30,48.226,0.380601,0.000000
51072,7,0.125000,0.000000,34,34,10.618,0.222241,0.000000
51120,0,0.125000,0.920630,25,1,964.360,0.305874,0.000000
51120,1,0.125000,0.924108,34,0,1000.000,0.731875,0.000000
51120,2,0.125000,0.915140,42,0,1000.000,1.240874,0.000000
51120,3,0.125000,0.910359,33,0,1000.000,1.724824,0.000000
51120,4,0.125000,0.895898,35,0,1000.000,2.212467,0.000000
51120,5,0.125000,0.861508,37,0,1000.000,2.677142,0.000000
51120,6,0.125000,0.024875,27,26,54.889,0.384719,0.000000
51120,7,0.125000,0.000000,39,39,10.538,0.222305,0.000000
51168,0,0.125000,0.930587,27,0,1000.000,0.289405,0.000000
51168,1,0.125000,0.920427,30,0,1000.000,0.774944,0.000000
51168,2,0.125000,0.913320,22,0,1000.000,1.247724,0.000000
51168,3,0.125000,0.905168,34,0,1000.000,1.765390,0.000000
51168,4,0.125000,0.893186,36,0,1000.000,2.229968,0.000000
51168,5,0.125000,0.867841,33,0,1000.000,2.704789,0.000000
51168,6,0.125000,0.000000,36,36,16.417,0.256383,0.000000
51168,7,0.125000,0.000000,42,42,10.262,0.247114,0.000000
51216,0,0.125000,0.927482,26,1,972.654,0.274869,0.000000
51216,1,0.125000,0.921648,43,0,1000.000,0.750923,0.000000
51216,2,0.125000,0.912253,19,0,1000.000,1.233790,0.000000
51216,3,0.125000,0.904259,25,0,1000.000,1.770228,0.000000
51216,4,0.125000,0.895725,33,0,1000.000,2.202424,0.000000
51216,5,0.125000,0.805674,31,2,936.871,2.489237,0.000000
51216,6,0.125000,0.027959,22,21,60.409,0.330080,0.000000
51216,7,0.125000,0.000000,31,31,10.129,0.202248,0.000000
51264,0,0.125000,0.932771,32,0,1000.000,0.295515,0.000000
51264,1,0.125000,0.919248,33,0,1000.000,0.774941,0.000000
51264,2,0.125000,0.911877,33,0,1000.000,1.251634,0.000000
51264,3,0.125000,0.906668,27,0,1000.000,1.709815,0.000000
51264,4,0.125000,0.894587,20,0,1000.000,2.244343,0.000000
51264,5,0.125000,0.835549,32,1,969.938,2.609923,0.000000
51264,6,0.125000,0.000000,39,39,14.077,0.146736,0.000000
51264,7,0.125000,0.000000,29,29,10.276,0.237071,0.000000
51312,0,0.125000,0.933160,25,0,1000.000,0.264778,0.000000
51312,1,0.125000,0.922153,30,0,1000.000,0.752176,0.000000
51312,2,0.125000,0.912591,32,0,1000.000,1.222569,0.000000
51312,3,0.125000,0.902285,32,0,1000.000,1.687583,0.000000
51312,4,0.125000,0.898354,35,0,1000.000,2.193624,0.000000
51312,5,0.125000,0.822885,24,1,959.208,2.520179,0.000000
51312,6,0.125000,0.041265,33,31,75.606,0.395605,0.000000
51312,7,0.125000,0.000000,26,26,10.000,0.239807,0.000000
51360,0,0.125000,0.930111,28,0,1000.000,0.304213,0.000000
51360,1,0.125000,0.923752,34,0,1000.000,0.770561,0.000000
51360,2,0.125000,0.916839,35,0,1000.000,1.191006,0.000000
51360,3,0.125000,0.904041,34,0,1000.000,1.722634,0.000000
51360,4,0.125000,0.898460,36,0,1000.000,2.190982,0.000000
51360,5,0.125000,0.854277,29,0,1000.000,2.628082,0.000000
51360,6,0.125000,0.047719,29,27,82.724,0.361713,0.000000
51360,7,0.125000,0.000000,30,30,10.567,0.222477,0.000000
51408,0,0.125000,0.930851,19,0,1000.000,0.318965,0.000000
51408,1,0.125000,0.920079,41,0,1000.000,0.797782,0.000000
51408,2,0.125000,0.914769,26,0,1000.000,1.229980,0.000000
51408,3,0.125000,0.903782,33,0,1000.000,1.710350,0.000000
51408,4,0.125000,0.897009,30,0,1000.000,2.232373,0.000000
51408,5,0.125000,0.857456,30,0,1000.000,2.617286,0.000000
51408,6,0.125000,0.000000,20,20,14.750,0.139242,0.000000
51408,7,0.125000,0.000000,26,26,10.654,0.210854,0.000000
51456,0,0.125000,0.929538,32,0,1000.000,0.284534,0.000000
51456,1,0.125000,0.921807,32,0,1000.000,0.749034,0.000000
51456,2,0.125000,0.914509,34,0,1000.000,1.245955,0.000000
51456,3,0.125000,0.906112,37,0,1000.000,1.708896,0.000000
51456,4,0.125000,0.895573,39,0,1000.000,2.204003,0.000000
51456,5,0.125000,0.860702,27,0,1000.000,2.641313,0.000000
51456,6,0.125000,0.000000,37,37,17.000,0.295260,0.000000
51456,7,0.125000,0.000000,31,31,10.645,0.229316,0.000000
51504,0,0.125000,0.929255,30,0,1000.000,0.313091,0.000000
51504,1,0.125000,0.920568,21,0,1000.000,0.775049,0.000000
51504,2,0.125000,0.914241,27,0,1000.000,1.258463,0.000000
51504,3,0.125000,0.905698,29,0,1000.000,1.771637,0.000000
51504,4,0.125000,0.899307,33,0,1000.000,2.186865,0.000000
51504,5,0.125000,0.831231,28,1,965.750,2.593189,0.000000
51504,6,0.125000,0.019847,27,26,51.593,0.279219,0.000000
51504,7,0.125000,0.000000,33,33,9.909,0.237825,0.000000
51552,0,0.125000,0.930887,29,0,1000.000,0.314556,0.000000
51552,1,0.125000,0.919795,29,0,1000.000,0.778125,0.000000
51552,2,0.125000,0.917073,26,0,1000.000,1.257394,0.000000
51552,3,0.125000,0.902938,28,0,1000.000,1.758577,0.000000
51552,4,0.125000,0.890611,43,0,1000.000,2.199665,0.000000
51552,5,0.125000,0.861841,38,0,1000.000,2.676919,0.000000
51552,6,0.125000,0.000000,24,24,15.875,0.271105,0.000000
51552,7,0.125000,0.000000,29,29,10.379,0.224567,0.000000
51600,0,0.125000,0.927446,38,0,1000.000,0.281098,0.000000
51600,1,0.125000,0.924400,28,0,1000.000,0.732170,0.000000
51600,2,0.125000,0.916286,27,0,1000.000,1.253516,0.000000
51600,3,0.125000,0.904720,32,0,1000.000,1.743237,0.000000
51600,4,0.125000,0.893691,29,0,1000.000,2.243302,0.000000
51600,5,0.125000,0.861376,29,0,1000.000,2.662274,0.000000
51600,6,0.125000,0.020047,38,37,41.526,0.276717,0.000000
51600,7,0.125000,0.000000,34,34,10.559,0.212477,0.000000
51648,0,0.125000,0.931590,27,0,1000.000,0.266216,0.000000
51648,1,0.125000,0.921582,30,0,1000.000,0.765232,0.000000
51648,2,0.125000,0.913291,37,0,1000.000,1.234517,0.000000
51648,3,0.125000,0.904812,41,0,1000.000,1.704157,0.000000
51648,4,0.125000,0.895654,39,0,1000.000,2.237763,0.000000
51648,5,0.125000,0.837469,36,1,972.778,2.593889,0.000000
51648,6,0.125000,0.052971,27,25,87.667,0.328662,0.000000
51648,7,0.125000,0.000000,29,29,10.414,0.211889,0.000000
51696,0,0.125000,0.929353,29,0,1000.000,0.275714,0.000000
51696,1,0.125000,0.921467,29,0,1000.000,0.765188,0.000000
51696,2,0.125000,0.884494,34,1,971.529,1.213039,0.000000
51696,3,0.125000,0.905052,30,0,1000.000,1.713884,0.000000
51696,4,0.125000,0.893141,43,0,1000.000,2.227067,0.000000
51696,5,0.125000,0.859568,47,0,1000.000,2.704397,0.000000
51696,6,0.125000,0.000000,43,43,16.186,0.231701,0.000000
51696,7,0.125000,0.000000,40,40,10.475,0.213177,0.000000
51744,0,0.125000,0.930888,32,0,1000.000,0.303095,0.000000
51744,1,0.125000,0.922113,35,0,1000.000,0.761891,0.000000
51744,2,0.125000,0.913561,36,0,1000.000,1.263141,0.000000
51744,3,0.125000,0.907187,31,0,1000.000,1.764264,0.000000
51744,4,0.125000,0.891154,34,0,1000.000,2.245571,0.000000
51744,5,0.125000,0.868005,36,0,1000.000,2.691097,0.000000
51744,6,0.125000,0.012476,47,46,36.128,0.256375,0.000000
51744,7,0.125000,0.000000,41,41,10.244,0.256213,0.000000
51792,0,0.125000,0.931291,41,0,1000.000,0.286983,0.000000
51792,1,0.125000,0.919328,25,0,1000.000,0.772049,0.000000
51792,2,0.125000,0.915023,29,0,1000.000,1.248033,0.000000
51792,3,0.125000,0.905813,28,0,1000.000,1.766464,0.000000
51792,4,0.125000,0.895445,37,0,1000.000,2.205714,0.000000
51792,5,0.125000,0.837077,33,1,970.697,2.600354,0.000000
51792,6,0.125000,0.021362,33,32,46.030,0.372694,0.000000
51792,7,0.125000,0.000000,28,28,10.179,0.254577,0.000000
51840,0,0.125000,0.932931,43,0,1000.000,0.250398,0.000000
51840,1,0.125000,0.924062,29,0,1000.000,0.769269,0.000000
51840,2,0.125000,0.914024,42,0,1000.000,1.257956,0.000000
51840,3,0.125000,0.905990,32,0,1000.000,1.737369,0.000000
51840,4,0.125000,0.894159,37,0,1000.000,2.233678,0.000000
51840,5,0.125000,0.747859,24,3,878.958,2.415522,0.000000
51840,6,0.125000,0.068936,39,35,115.128,0.469878,0.000000
51840,7,0.125000,0.000000,29,29,10.172,0.250428,0.000000
51888,0,0.125000,0.931786,39,0,1000.000,0.270711,0.000000
51888,1,0.125000,0.921639,27,0,1000.000,0.754823,0.000000
51888,2,0.125000,0.885127,30,1,968.633,1.155117,0.000000
51888,3,0.125000,0.907187,31,0,1000.000,1.730177,0.000000
51888,4,0.125000,0.896158,34,0,1000.000,2.215305,0.000000
51888,5,0.125000,0.820157,45,2,956.778,2.575549,0.000000
51888,6,0.125000,0.072923,28,25,119.536,0.440443,0.000000
51888,7,0.125000,0.000000,26,26,10.077,0.234045,0.000000
51936,0,0.125000,0.932711,46,1,983.196,0.294132,0.000000
51936,1,0.125000,0.924937,42,0,1000.000,0.740788,0.000000
51936,2,0.125000,0.917054,40,0,1000.000,1.213042,0.000000
51936,3,0.125000,0.906747,34,0,1000.000,1.714367,0.000000
51936,4,0.125000,0.897931,36,0,1000.000,2.215070,0.000000
51936,5,0.125000,0.841570,30,1,967.667,2.593402,0.000000
51936,6,0.125000,0.065653,45,41,101.844,0.442977,0.000000
51936,7,0.125000,0.000000,46,46,9.935,0.255372,0.000000
51984,0,0.125000,0.933156,29,0,1000.000,0.257469,0.000000
51984,1,0.125000,0.923566,35,0,1000.000,0.781181,0.000000
51984,2,0.125000,0.915255,29,0,1000.000,1.252992,0.000000
51984,3,0.125000,0.906742,33,0,1000.000,1.697154,0.000000
51984,4,0.125000,0.892432,37,0,1000.000,2.179115,0.000000
51984,5,0.125000,0.762834,33,4,882.182,2.405208,0.000000
51984,6,0.125000,0.037142,32,30,75.875,0.349259,0.000000
51984,7,0.125000,0.000000,35,35,10.200,0.222033,0.000000
52032,0,0.125000,0.932394,36,0,1000.000,0.317011,0.000000
52032,1,0.125000,0.920514,28,0,1000.000,0.775842,0.000000
52032,2,0.125000,0.914691,34,0,1000.000,1.243447,0.000000
52032,3,0.125000,0.902339,47,0,1000.000,1.727773,0.000000
52032,4,0.125000,0.896941,30,0,1000.000,2.217999,0.000000
52032,5,0.125000,0.837302,38,1,974.184,2.621770,0.000000
52032,6,0.125000,0.023193,32,31,44.344,0.242294,0.000000
52032,7,0.125000,0.000000,36,36,10.111,0.219432,0.000000
52080,0,0.125000,0.926417,32,1,970.594,0.303036,0.000000
52080,1,0.125000,0.919124,36,0,1000.000,0.736993,0.000000
52080,2,0.125000,0.911233,26,0,1000.000,1.235872,0.000000
52080,3,0.125000,0.909069,42,0,1000.000,1.731038,0.000000
52080,4,0.125000,0.896955,28,0,1000.000,2.200820,0.000000
52080,5,0.125000,0.833180,30,1,967.367,2.571618,0.000000
52080,6,0.125000,0.090320,40,35,137.225,0.539997,0.000000
52080,7,0.125000,0.000000,27,27,10.000,0.255183,0.000000
52128,0,0.125000,0.932074,31,0,1000.000,0.274702,0.000000
52128,1,0.125000,0.922871,37,0,1000.000,0.744029,0.000000
52128,2,0.125000,0.913394,36,0,1000.000,1.229844,0.000000
52128,3,0.125000,0.907076,37,0,1000.000,1.676969,0.000000
52128,4,0.125000,0.897539,26,0,1000.000,2.213215,0.000000
52128,5,0.125000,0.824219,38,2,948.605,2.542998,0.000000
52128,6,0.125000,0.044383,32,30,75.594,0.311483,0.000000
52128,7,0.125000,0.000000,30,30,10.000,0.199187,0.000000
52176,0,0.125000,0.932642,26,0,1000.000,0.284255,0.000000
52176,1,0.125000,0.922611,40,0,1000.000,0.757185,0.000000
52176,2,0.125000,0.914303,28,0,1000.000,1.194047,0.000000
52176,3,0.125000,0.908418,34,0,1000.000,1.720402,0.000000
52176,4,0.125000,0.891766,30,0,1000.000,2.203161,0.000000
52176,5,0.125000,0.831771,23,1,957.870,2.568157,0.000000
52176,6,0.125000,0.052575,28,26,85.679,0.428224,0.000000
52176,7,0.125000,0.000000,30,30,10.333,0.218691,0.000000
52224,0,0.125000,0.932923,26,0,1000.000,0.280888,0.000000
52224,1,0.125000,0.921546,31,0,1000.000,0.744238,0.000000
52224,2,0.125000,0.916445,29,0,1000.000,1.225114,0.000000
52224,3,0.125000,0.905503,34,0,1000.000,1.707793,0.000000
52224,4,0.125000,0.895720,29,0,1000.000,2.209056,0.000000
52224,5,0.125000,0.868593,33,0,1000.000,2.688124,0.000000
52224,6,0.125000,0.017079,31,30,45.613,0.234110,0.000000
52224,7,0.125000,0.000000,24,24,10.458,0.212448,0.000000
52272,0,0.125000,0.933801,19,0,1000.000,0.286047,0.000000
52272,1,0.125000,0.924037,41,0,1000.000,0.765707,0.000000
52272,2,0.125000,0.914745,30,0,1000.000,1.274349,0.000000
52272,3,0.125000,0.905505,26,0,1000.000,1.672487,0.000000
52272,4,0.125000,0.898340,24,0,1000.000,2.207382,0.000000
52272,5,0.125000,0.810978,33,2,941.606,2.523902,0.000000
52272,6,0.125000,0.000000,29,29,14.690,0.194916,0.000000
52272,7,0.125000,0.000000,30,30,10.600,0.246841,0.000000
52320,0,0.125000,0.932485,41,0,1000.000,0.269364,0.000000
52320,1,0.125000,0.922326,28,0,1000.000,0.745153,0.000000
52320,2,0.125000,0.915209,28,0,1000.000,1.254432,0.000000
52320,3,0.125000,0.908639,28,0,1000.000,1.726064,0.000000
52320,4,0.125000,0.894276,28,0,1000.000,2.211008,0.000000
52320,5,0.125000,0.823367,24,1,959.500,2.558490,0.000000
52320,6,0.125000,0.030282,26,25,52.154,0.280671,0.000000
52320,7,0.125000,0.000000,26,26,10.269,0.191360,0.000000
52368,0,0.125000,0.931765,29,0,1000.000,0.300653,0.000000
52368,1,0.125000,0.921168,36,0,1000.000,0.775137,0.000000
52368,2,0.125000,0.915009,44,0,1000.000,1.255032,0.000000
52368,3,0.125000,0.906734,34,0,1000.000,1.699766,0.000000
52368,4,0.125000,0.895742,27,0,1000.000,2.212263,0.000000
52368,5,0.125000,0.813942,36,2,945.750,2.548380,0.000000
52368,6,0.125000,0.028107,39,37,64.846,0.288581,0.000000
52368,7,0.125000,0.000000,32,32,10.531,0.211868,0.000000
52416,0,0.125000,0.929862,31,0,1000.000,0.280224,0.000000
52416,1,0.125000,0.918747,23,0,1000.000,0.792783,0.000000
52416,2,0.125000,0.916184,19,0,1000.000,1.207267,0.000000
52416,3,0.125000,0.907706,42,0,1000.000,1.714450,0.000000
52416,4,0.125000,0.897302,30,0,1000.000,2.192288,0.000000
52416,5,0.125000,0.835648,29,1,967.793,2.578334,0.000000
52416,6,0.125000,0.081110,38,34,118.658,0.490464,0.000000
52416,7,0.125000,0.000000,25,25,10.320,0.212038,0.000000
52464,0,0.125000,0.933937,22,0,1000.000,0.247219,0.000000
52464,1,0.125000,0.908699,35,1,972.914,0.726641,0.000000
52464,2,0.125000,0.913871,38,0,1000.000,1.215740,0.000000
52464,3,0.125000,0.906757,31,0,1000.000,1.694126,0.000000
52464,4,0.125000,0.894764,32,0,1000.000,2.178947,0.000000
52464,5,0.125000,0.817446,36,2,946.722,2.545493,0.000000
52464,6,0.125000,0.060960,23,21,101.000,0.458699,0.000000
52464,7,0.125000,0.000000,38,38,10.237,0.237305,0.000000
52512,0,0.125000,0.927620,26,0,1000.000,0.287873,0.000000
52512,1,0.125000,0.923067,27,0,1000.000,0.782433,0.000000
52512,2,0.125000,0.912197,33,0,1000.000,1.245517,0.000000
52512,3,0.125000,0.909384,38,0,1000.000,1.717701,0.000000
52512,4,0.125000,0.895633,26,0,1000.000,2.217936,0.000000
52512,5,0.125000,0.813939,29,2,934.000,2.520393,0.000000
52512,6,0.125000,0.052217,29,27,82.586,0.393800,0.000000
52512,7,0.125000,0.000000,23,23,10.522,0.216638,0.000000
52560,0,0.125000,0.933428,35,0,1000.000,0.256725,0.000000
52560,1,0.125000,0.921354,32,0,1000.000,0.774616,0.000000
52560,2,0.125000,0.911275,24,0,1000.000,1.198767,0.000000
52560,3,0.125000,0.906015,31,0,1000.000,1.669719,0.000000
52560,4,0.125000,0.898275,24,0,1000.000,2.167526,0.000000
52560,5,0.125000,0.870172,30,0,1000.000,2.640249,0.000000
52560,6,0.125000,0.080182,35,31,127.571,0.548200,0.000000
52560,7,0.125000,0.000000,26,26,10.192,0.182456,0.000000
52608,0,0.125000,0.925061,24,1,961.292,0.265448,0.000000
52608,1,0.125000,0.924718,37,0,1000.000,0.747379,0.000000
52608,2,0.125000,0.914250,32,0,1000.000,1.197587,0.000000
52608,3,0.125000,0.903125,33,0,1000.000,1.688024,0.000000
52608,4,0.125000,0.869467,33,1,970.939,2.120968,0.000000
52608,5,0.125000,0.867851,32,0,1000.000,2.654935,0.000000
52608,6,0.125000,0.031226,21,20,62.190,0.392506,0.000000
52608,7,0.125000,0.000000,25,25,10.320,0.189339,0.000000
52656,0,0.125000,0.931426,33,0,1000.000,0.281453,0.000000
52656,1,0.125000,0.924275,32,0,1000.000,0.756601,0.000000
52656,2,0.125000,0.911136,39,0,1000.000,1.244586,0.000000
52656,3,0.125000,0.905078,29,0,1000.000,1.686536,0.000000
52656,4,0.125000,0.900109,38,0,1000.000,2.204823,0.000000
52656,5,0.125000,0.817702,41,2,951.976,2.489579,0.000000
52656,6,0.125000,0.024526,32,31,46.188,0.340134,0.000000
52656,7,0.125000,0.000000,37,37,10.351,0.239621,0.000000
52704,0,0.125000,0.935337,35,0,1000.000,0.300076,0.000000
52704,1,0.125000,0.923099,24,0,1000.000,0.767255,0.000000
52704,2,0.125000,0.917723,34,0,1000.000,1.278260,0.000000
52704,3,0.125000,0.906298,36,0,1000.000,1.750159,0.000000
52704,4,0.125000,0.897636,40,0,1000.000,2.189173,0.000000
52704,5,0.125000,0.857029,32,0,1000.000,2.646116,0.000000
52704,6,0.125000,0.078923,45,40,124.867,0.548284,0.000000
52704,7,0.125000,0.000000,38,38,10.342,0.221124,0.000000
52752,0,0.125000,0.932490,26,0,1000.000,0.309687,0.000000
52752,1,0.125000,0.925549,30,0,1000.000,0.805804,0.000000
52752,2,0.125000,0.916193,31,0,1000.000,1.265708,0.000000
52752,3,0.125000,0.904741,37,0,1000.000,1.728804,0.000000
52752,4,0.125000,0.897318,39,0,1000.000,2.213013,0.000000
52752,5,0.125000,0.838639,39,1,974.820,2.584696,0.000000
52752,6,0.125000,0.028625,25,24,54.520,0.345742,0.000000
52752,7,0.125000,0.000000,40,40,10.125,0.217521,0.000000
52800,0,0.125000,0.932903,39,0,1000.000,0.282929,0.000000
52800,1,0.125000,0.921554,27,0,1000.000,0.771263,0.000000
52800,2,0.125000,0.911112,25,0,1000.000,1.255657,0.000000
52800,3,0.125000,0.907420,32,0,1000.000,1.737808,0.000000
52800,4,0.125000,0.896167,36,0,1000.000,2.220186,0.000000
52800,5,0.125000,0.863795,36,0,1000.000,2.687327,0.000000
52800,6,0.125000,0.018329,38,37,40.474,0.274253,0.000000
52800,7,0.125000,0.000000,33,33,10.152,0.208895,0.000000
52848,0,0.125000,0.932565,34,0,1000.000,0.276987,0.000000
52848,1,0.125000,0.921131,38,0,1000.000,0.772878,0.000000
52848,2,0.125000,0.916933,42,0,1000.000,1.261600,0.000000
52848,3,0.125000,0.902348,39,0,1000.000,1.733364,0.000000
52848,4,0.125000,0.898356,35,0,1000.000,2.235726,0.000000
52848,5,0.125000,0.864694,26,0,1000.000,2.727318,0.000000
52848,6,0.125000,0.021308,37,36,41.162,0.268987,0.000000
52848,7,0.125000,0.000000,49,49,10.082,0.217822,0.000000
52896,0,0.125000,0.932085,46,0,1000.000,0.276549,0.000000
52896,1,0.125000,0.922321,29,0,1000.000,0.779270,0.000000
52896,2,0.125000,0.912724,27,0,1000.000,1.257246,0.000000
52896,3,0.125000,0.905828,39,0,1000.000,1.722591,0.000000
52896,4,0.125000,0.891156,25,0,1000.000,2.241305,0.000000
52896,5,0.125000,0.838580,31,1,968.290,2.603916,0.000000
52896,6,0.125000,0.020595,36,35,41.972,0.286814,0.000000
52896,7,0.125000,0.000000,42,42,10.048,0.227829,0.000000
52944,0,0.125000,0.935102,45,0,1000.000,0.275721,0.000000
52944,1,0.125000,0.923070,44,0,1000.000,0.743385,0.000000
52944,2,0.125000,0.912925,39,0,1000.000,1.256929,0.000000
52944,3,0.125000,0.906998,42,0,1000.000,1.749072,0.000000
52944,4,0.125000,0.857587,23,1,957.913,2.208504,0.000000
52944,5,0.125000,0.828779,41,2,953.122,2.578611,0.000000
52944,6,0.125000,0.025002,33,32,44.333,0.318162,0.000000
52944,7,0.125000,0.000000,31,31,9.903,0.207718,0.000000
52992,0,0.125000,0.933481,35,0,1000.000,0.267081,0.000000
52992,1,0.125000,0.925022,28,0,1000.000,0.754254,0.000000
52992,2,0.125000,0.918923,35,0,1000.000,1.224497,0.000000
52992,3,0.125000,0.906481,39,0,1000.000,1.736261,0.000000
52992,4,0.125000,0.895046,33,0,1000.000,2.231893,0.000000
52992,5,0.125000,0.861529,32,0,1000.000,2.719923,0.000000
52992,6,0.125000,0.070078,30,27,111.800,0.483097,0.000000
52992,7,0.125000,0.000000,29,29,9.862,0.241593,0.000000
53040,0,0.125000,0.928830,29,0,1000.000,0.292445,0.000000
53040,1,0.125000,0.922481,46,1,994.935,0.772735,0.000000
53040,2,0.125000,0.914236,41,0,1000.000,1.233469,0.000000
53040,3,0.125000,0.906277,34,0,1000.000,1.739156,0.000000
53040,4,0.125000,0.898766,32,0,1000.000,2.229139,0.000000
53040,5,0.125000,0.813482,35,2,944.171,2.554056,0.000000
53040,6,0.125000,0.000000,33,33,12.455,0.148634,0.000000
53040,7,0.125000,0.000000,41,41,9.512,0.256803,0.000000
53088,0,0.125000,0.932824,28,0,1000.000,0.260683,0.000000
53088,1,0.125000,0.926494,20,0,1000.000,0.757555,0.000000
53088,2,0.125000,0.916774,35,0,1000.000,1.249697,0.000000
53088,3,0.125000,0.905707,39,0,1000.000,1.709149,0.000000
53088,4,0.125000,0.898302,43,0,1000.000,2.222041,0.000000
53088,5,0.125000,0.830542,25,1,961.160,2.584869,0.000000
53088,6,0.125000,0.042043,35,33,70.229,0.391864,0.000000
53088,7,0.125000,0.000000,32,32,9.438,0.239036,0.000000
53136,0,0.125000,0.931417,31,0,1000.000,0.287764,0.000000
53136,1,0.125000,0.924951,46,0,1000.000,0.783811,0.000000
53136,2,0.125000,0.916327,33,0,1000.000,1.239927,0.000000
53136,3,0.125000,0.908483,36,0,1000.000,1.730030,0.000000
53136,4,0.125000,0.897215,27,0,1000.000,2.228257,0.000000
53136,5,0.125000,0.851486,37,1,973.405,2.593131,0.000000
53136,6,0.125000,0.000000,39,39,13.256,0.181209,0.000000
53136,7,0.125000,0.000000,32,32,9.500,0.232102,0.000000
53184,0,0.125000,0.933466,35,0,1000.000,0.251803,0.000000
53184,1,0.125000,0.925952,27,0,1000.000,0.763356,0.000000
53184,2,0.125000,0.910602,26,0,1000.000,1.232914,0.000000
53184,3,0.125000,0.906639,33,0,1000.000,1.688450,0.000000
53184,4,0.125000,0.896293,23,0,1000.000,2.186008,0.000000
53184,5,0.125000,0.800387,26,2,924.692,2.491537,0.000000
53184,6,0.125000,0.039900,39,37,63.846,0.334201,0.000000
53184,7,0.125000,0.000000,29,29,9.621,0.221709,0.000000
53232,0,0.125000,0.930612,34,1,985.588,0.263882,0.000000
53232,1,0.125000,0.922563,31,0,1000.000,0.738647,0.000000
53232,2,0.125000,0.916617,22,0,1000.000,1.263312,0.000000
53232,3,0.125000,0.904993,34,0,1000.000,1.698859,0.000000
53232,4,0.125000,0.894045,29,0,1000.000,2.177638,0.000000
53232,5,0.125000,0.845980,38,1,974.237,2.580708,0.000000
53232,6,0.125000,0.026193,24,23,55.083,0.296288,0.000000
53232,7,0.125000,0.000000,24,24,10.042,0.216175,0.000000
53280,0,0.125000,0.931574,31,0,1000.000,0.275453,0.000000
53280,1,0.125000,0.920160,28,0,1000.000,0.756703,0.000000
53280,2,0.125000,0.913194,19,0,1000.000,1.252543,0.000000
53280,3,0.125000,0.908996,38,0,1000.000,1.724849,0.000000
53280,4,0.125000,0.897267,29,0,1000.000,2.170277,0.000000
53280,5,0.125000,0.764661,26,3,887.154,2.433387,0.000000
53280,6,0.125000,0.032271,24,23,55.000,0.339368,0.000000
53280,7,0.125000,0.000000,37,37,10.027,0.234006,0.000000
53328,0,0.125000,0.932419,40,0,1000.000,0.317743,0.000000
53328,1,0.125000,0.921079,29,0,1000.000,0.726236,0.000000
53328,2,0.125000,0.913201,29,0,1000.000,1.219381,0.000000
53328,3,0.125000,0.904831,27,0,1000.000,1.691447,0.000000
53328,4,0.125000,0.899359,24,0,1000.000,2.198116,0.000000
53328,5,0.125000,0.798253,39,3,924.667,2.534098,0.000000
53328,6,0.125000,0.024881,33,32,44.879,0.350208,0.000000
53328,7,0.125000,0.000000,34,34,10.000,0.224028,0.000000
53376,0,0.125000,0.932663,29,0,1000.000,0.279086,0.000000
53376,1,0.125000,0.923831,40,0,1000.000,0.749777,0.000000
53376,2,0.125000,0.913529,30,0,1000.000,1.236555,0.000000
53376,3,0.125000,0.908025,30,0,1000.000,1.700928,0.000000
53376,4,0.125000,0.896396,24,0,1000.000,2.226178,0.000000
53376,5,0.125000,0.839747,39,1,974.769,2.590246,0.000000
53376,6,0.125000,0.152766,39,31,217.154,0.814520,0.000000
53376,7,0.125000,0.000000,29,29,10.138,0.233027,0.000000
53424,0,0.125000,0.930747,30,0,1000.000,0.280343,0.000000
53424,1,0.125000,0.925447,30,0,1000.000,0.776057,0.000000
53424,2,0.125000,0.914269,27,0,1000.000,1.247702,0.000000
53424,3,0.125000,0.903541,31,0,1000.000,1.757367,0.000000
53424,4,0.125000,0.889588,25,0,1000.000,2.223805,0.000000
53424,5,0.125000,0.829524,32,1,969.656,2.586786,0.000000
53424,6,0.125000,0.020619,32,31,45.500,0.296348,0.000000
53424,7,0.125000,0.000000,34,34,10.029,0.237629,0.000000
53472,0,0.125000,0.934432,33,0,1000.000,0.286273,0.000000
53472,1,0.125000,0.922703,24,0,1000.000,0.799226,0.000000
53472,2,0.125000,0.917218,33,0,1000.000,1.235209,0.000000
53472,3,0.125000,0.908314,27,0,1000.000,1.736565,0.000000
53472,4,0.125000,0.895381,31,0,1000.000,2.235942,0.000000
53472,5,0.125000,0.856851,36,0,1000.000,2.691400,0.000000
53472,6,0.125000,0.122855,29,24,185.690,0.803187,0.000000
53472,7,0.125000,0.000000,37,37,10.162,0.243789,0.000000
53520,0,0.125000,0.931377,36,1,987.611,0.280965,0.000000
53520,1,0.125000,0.922907,24,0,1000.000,0.746777,0.000000
53520,2,0.125000,0.913789,34,0,1000.000,1.255242,0.000000
53520,3,0.125000,0.902655,31,0,1000.000,1.740133,0.000000
53520,4,0.125000,0.893767,33,0,1000.000,2.246479,0.000000
53520,5,0.125000,0.830520,25,1,960.800,2.611199,0.000000
53520,6,0.125000,0.102459,30,26,145.533,0.548090,0.000000
53520,7,0.125000,0.000000,35,35,10.143,0.251487,0.000000
53568,0,0.125000,0.932363,32,0,1000.000,0.269373,0.000000
53568,1,0.125000,0.921226,32,0,1000.000,0.786700,0.000000
53568,2,0.125000,0.916453,37,0,1000.000,1.224489,0.000000
53568,3,0.125000,0.903780,20,0,1000.000,1.710369,0.000000
53568,4,0.125000,0.894379,36,0,1000.000,2.207740,0.000000
53568,5,0.125000,0.832373,29,1,966.241,2.591475,0.000000
53568,6,0.125000,0.097767,30,26,146.300,0.591044,0.000000
53568,7,0.125000,0.000000,36,36,10.417,0.238882,0.000000
53616,0,0.125000,0.936209,25,0,1000.000,0.234622,0.000000
53616,1,0.125000,0.922845,33,0,1000.000,0.736339,0.000000
53616,2,0.125000,0.913868,31,0,1000.000,1.231567,0.000000
53616,3,0.125000,0.905843,40,0,1000.000,1.703981,0.000000
53616,4,0.125000,0.894900,27,0,1000.000,2.173638,0.000000
53616,5,0.125000,0.868151,30,0,1000.000,2.668411,0.000000
53616,6,0.125000,0.147782,26,21,204.269,0.732382,0.000000
53616,7,0.125000,0.000000,34,34,10.176,0.261653,0.000000
53664,0,0.125000,0.935322,30,0,1000.000,0.262763,0.000000
53664,1,0.125000,0.922595,29,0,1000.000,0.717211,0.000000
53664,2,0.125000,0.916707,39,0,1000.000,1.249006,0.000000
53664,3,0.125000,0.904822,41,0,1000.000,1.743577,0.000000
53664,4,0.125000,0.896989,23,0,1000.000,2.177605,0.000000
53664,5,0.125000,0.847040,32,1,969.375,2.594947,0.000000
53664,6,0.125000,0.042998,31,29,78.129,0.402700,0.000000
53664,7,0.125000,0.000000,40,40,9.975,0.244523,0.000000
53712,0,0.125000,0.935421,33,0,1000.000,0.247699,0.000000
53712,1,0.125000,0.919052,21,0,1000.000,0.733422,0.000000
53712,2,0.125000,0.917268,43,0,1000.000,1.216670,0.000000
53712,3,0.125000,0.908906,42,0,1000.000,1.719536,0.000000
53712,4,0.125000,0.898158,41,0,1000.000,2.203559,0.000000
53712,5,0.125000,0.845994,34,1,971.118,2.631183,0.000000
53712,6,0.125000,0.020243,35,34,43.200,0.342682,0.000000
53712,7,0.125000,0.000000,34,34,10.294,0.262465,0.000000
53760,0,0.125000,0.929319,32,0,1000.000,0.317937,0.000000
53760,1,0.125000,0.925566,26,0,1000.000,0.773063,0.000000
53760,2,0.125000,0.914878,26,0,1000.000,1.210256,0.000000
53760,3,0.125000,0.910488,33,0,1000.000,1.713291,0.000000
53760,4,0.125000,0.898385,44,0,1000.000,2.233822,0.000000
53760,5,0.125000,0.805631,37,3,920.838,2.488887,0.000000
53760,6,0.125000,0.070397,29,26,118.759,0.545003,0.000000
53760,7,0.125000,0.000000,31,31,11.065,0.254580,0.000000
53808,0,0.125000,0.932683,37,0,1000.000,0.253736,0.000000
53808,1,0.125000,0.925154,41,0,1000.000,0.724678,0.000000
53808,2,0.125000,0.917243,28,0,1000.000,1.210908,0.000000
53808,3,0.125000,0.909856,35,0,1000.000,1.700212,0.000000
53808,4,0.125000,0.898685,26,0,1000.000,2.199528,0.000000
53808,5,0.125000,0.790078,35,3,916.314,2.450996,0.000000
53808,6,0.125000,0.000000,25,25,15.880,0.273747,0.000000
53808,7,0.125000,0.000000,29,29,10.034,0.258139,0.000000
53856,0,0.125000,0.931797,32,1,973.594,0.267587,0.000000
53856,1,0.125000,0.922400,33,0,1000.000,0.698933,0.000000
53856,2,0.125000,0.912838,30,0,1000.000,1.178429,0.000000
53856,3,0.125000,0.908240,33,0,1000.000,1.733948,0.000000
53856,4,0.125000,0.898401,42,0,1000.000,2.209128,0.000000
53856,5,0.125000,0.845015,39,1,975.051,2.594727,0.000000
53856,6,0.125000,0.100993,38,33,145.316,0.644682,0.000000
53856,7,0.125000,0.000000,33,33,9.788,0.233605,0.000000
53904,0,0.125000,0.933376,36,0,1000.000,0.288106,0.000000
53904,1,0.125000,0.921610,25,0,1000.000,0.781506,0.000000
53904,2,0.125000,0.912902,41,0,1000.000,1.218409,0.000000
53904,3,0.125000,0.905034,28,0,1000.000,1.785375,0.000000
53904,4,0.125000,0.901659,41,0,1000.000,2.246702,0.000000
53904,5,0.125000,0.847235,34,1,971.529,2.607115,0.000000
53904,6,0.125000,0.046180,32,30,75.469,0.386723,0.000000
53904,7,0.125000,0.000000,33,33,10.364,0.296974,0.000000
53952,0,0.125000,0.932704,36,0,1000.000,0.258303,0.000000
53952,1,0.125000,0.920391,39,0,1000.000,0.790816,0.000000
53952,2,0.125000,0.914028,33,0,1000.000,1.246194,0.000000
53952,3,0.125000,0.906084,40,0,1000.000,1.747201,0.000000
53952,4,0.125000,0.894548,41,0,1000.000,2.209922,0.000000
53952,5,0.125000,0.871189,35,0,1000.000,2.683321,0.000000
53952,6,0.125000,0.030311,45,43,58.444,0.346536,0.000000
53952,7,0.125000,0.000000,32,32,10.344,0.276894,0.000000
54000,0,0.125000,0.932035,35,0,1000.000,0.287691,0.000000
54000,1,0.125000,0.917542,32,0,1000.000,0.752521,0.000000
54000,2,0.125000,0.915858,32,0,1000.000,1.235909,0.000000
54000,3,0.125000,0.906476,42,0,1000.000,1.700378,0.000000
54000,4,0.125000,0.899578,41,0,1000.000,2.184339,0.000000
54000,5,0.125000,0.767717,37,4,893.946,2.397627,0.000000
54000,6,0.125000,0.028053,26,25,53.423,0.401519,0.000000
54000,7,0.125000,0.000000,39,39,10.359,0.260768,0.000000
54048,0,0.125000,0.932243,30,0,1000.000,0.292575,0.000000
54048,1,0.125000,0.924286,29,0,1000.000,0.738691,0.000000
54048,2,0.125000,0.912185,38,0,1000.000,1.228221,0.000000
54048,3,0.125000,0.904369,34,0,1000.000,1.711260,0.000000
54048,4,0.125000,0.894247,43,0,1000.000,2.163422,0.000000
54048,5,0.125000,0.808144,30,2,934.867,2.540571,0.000000
54048,6,0.125000,0.055595,34,31,101.765,0.448444,0.000000
54048,7,0.125000,0.000000,30,30,10.633,0.237857,0.000000
54096,0,0.125000,0.932570,35,0,1000.000,0.242103,0.000000
54096,1,0.125000,0.920662,32,0,1000.000,0.755163,0.000000
54096,2,0.125000,0.914191,26,0,1000.000,1.244524,0.000000
54096,3,0.125000,0.904181,29,0,1000.000,1.697646,0.000000
54096,4,0.125000,0.897354,28,0,1000.000,2.183255,0.000000
54096,5,0.125000,0.839087,36,1,972.861,2.589433,0.000000
54096,6,0.125000,0.038192,33,31,73.545,0.328012,0.000000
54096,7,0.125000,0.000000,36,36,10.333,0.261494,0.000000
54144,0,0.125000,0.933072,38,1,988.579,0.255634,0.000000
54144,1,0.125000,0.919910,37,0,1000.000,0.759701,0.000000
54144,2,0.125000,0.913184,37,0,1000.000,1.243193,0.000000
54144,3,0.125000,0.905472,34,0,1000.000,1.718497,0.000000
54144,4,0.125000,0.873418,40,1,976.150,2.163750,0.000000
54144,5,0.125000,0.776372,29,3,899.345,2.401015,0.000000
54144,6,0.125000,0.023402,27,26,50.259,0.265819,0.000000
54144,7,0.125000,0.000000,32,32,10.406,0.259574,0.000000
54192,0,0.125000,0.934698,30,0,1000.000,0.299281,0.000000
54192,1,0.125000,0.923439,21,0,1000.000,0.755754,0.000000
54192,2,0.125000,0.911974,39,0,1000.000,1.220678,0.000000
54192,3,0.125000,0.904769,30,0,1000.000,1.732730,0.000000
54192,4,0.125000,0.897144,29,0,1000.000,2.193814,0.000000
54192,5,0.125000,0.843265,32,1,969.781,2.589548,0.000000
54192,6,0.125000,0.000000,35,35,14.286,0.167818,0.000000
54192,7,0.125000,0.000000,31,31,10.323,0.272417,0.000000
54240,0,0.125000,0.932646,28,0,1000.000,0.294065,0.000000
54240,1,0.125000,0.921182,37,0,1000.000,0.779378,0.000000
54240,2,0.125000,0.916741,36,0,1000.000,1.260176,0.000000
54240,3,0.125000,0.904936,20,0,1000.000,1.761976,0.000000
54240,4,0.125000,0.899388,30,0,1000.000,2.218812,0.000000
54240,5,0.125000,0.826485,27,1,963.667,2.560870,0.000000
54240,6,0.125000,0.000000,36,36,15.139,0.260403,0.000000
54240,7,0.125000,0.000000,36,36,10.306,0.269499,0.000000
54288,0,0.125000,0.932809,24,0,1000.000,0.267903,0.000000
54288,1,0.125000,0.921174,37,0,1000.000,0.748239,0.000000
54288,2,0.125000,0.910825,20,0,1000.000,1.228220,0.000000
54288,3,0.125000,0.906247,28,0,1000.000,1.708045,0.000000
54288,4,0.125000,0.898011,28,0,1000.000,2.202242,0.000000
54288,5,0.125000,0.877507,26,0,1000.000,2.733278,0.000000
54288,6,0.125000,0.059845,25,23,94.200,0.459989,0.000000
54288,7,0.125000,0.000000,34,34,10.235,0.234470,0.000000
54336,0,0.125000,0.935261,35,0,1000.000,0.266436,0.000000
54336,1,0.125000,0.920013,35,0,1000.000,0.727521,0.000000
54336,2,0.125000,0.916210,37,0,1000.000,1.204660,0.000000
54336,3,0.125000,0.911029,23,0,1000.000,1.727171,0.000000
54336,4,0.125000,0.893784,27,0,1000.000,2.194723,0.000000
54336,5,0.125000,0.807261,30,2,934.867,2.485799,0.000000
54336,6,0.125000,0.000000,30,30,16.733,0.265539,0.000000
54336,7,0.125000,0.000000,31,31,10.452,0.240399,0.000000
54384,0,0.125000,0.934409,38,0,1000.000,0.262630,0.000000
54384,1,0.125000,0.923420,27,0,1000.000,0.707081,0.000000
54384,2,0.125000,0.913785,35,0,1000.000,1.261084,0.000000
54384,3,0.125000,0.908160,31,0,1000.000,1.727319,0.000000
54384,4,0.125000,0.898045,30,0,1000.000,2.227143,0.000000
54384,5,0.125000,0.839481,36,1,973.750,2.647483,0.000000
54384,6,0.125000,0.072959,41,37,110.537,0.516993,0.000000
54384,7,0.125000,0.000000,33,33,10.061,0.260721,0.000000
54432,0,0.125000,0.933203,25,0,1000.000,0.275231,0.000000
54432,1,0.125000,0.921812,40,0,1000.000,0.763097,0.000000
54432,2,0.125000,0.917024,25,0,1000.000,1.264189,0.000000
54432,3,0.125000,0.904801,31,0,1000.000,1.753311,0.000000
54432,4,0.125000,0.896776,30,0,1000.000,2.278977,0.000000
54432,5,0.125000,0.798370,35,3,916.057,2.516814,0.000000
54432,6,0.125000,0.036783,39,37,65.641,0.361032,0.000000
54432,7,0.125000,0.000000,37,37,10.351,0.228125,0.000000
54480,0,0.125000,0.931591,31,0,1000.000,0.267691,0.000000
54480,1,0.125000,0.921246,33,0,1000.000,0.777030,0.000000
54480,2,0.125000,0.914856,22,0,1000.000,1.278288,0.000000
54480,3,0.125000,0.907871,28,0,1000.000,1.734729,0.000000
54480,4,0.125000,0.897003,31,0,1000.000,2.240959,0.000000
54480,5,0.125000,0.839724,36,1,972.833,2.640502,0.000000
54480,6,0.125000,0.024387,34,33,41.794,0.210017,0.000000
54480,7,0.125000,0.000000,30,30,9.967,0.229049,0.000000
54528,0,0.125000,0.937969,25,0,1000.000,0.273832,0.000000
54528,1,0.125000,0.921457,32,0,1000.000,0.768492,0.000000
54528,2,0.125000,0.914497,37,0,1000.000,1.227904,0.000000
54528,3,0.125000,0.901362,29,0,1000.000,1.714003,0.000000
54528,4,0.125000,0.897506,26,0,1000.000,2.184430,0.000000
54528,5,0.125000,0.818361,38,2,948.211,2.526279,0.000000
54528,6,0.125000,0.047247,31,29,77.323,0.334484,0.000000
54528,7,0.125000,0.000000,30,30,10.100,0.277337,0.000000
54576,0,0.125000,0.933511,29,0,1000.000,0.278796,0.000000
54576,1,0.125000,0.923454,46,0,1000.000,0.742692,0.000000
54576,2,0.125000,0.912606,28,0,1000.000,1.246192,0.000000
54576,3,0.125000,0.906558,27,0,1000.000,1.745049,0.000000
54576,4,0.125000,0.899356,35,0,1000.000,2.209881,0.000000
54576,5,0.125000,0.867983,22,0,1000.000,2.672210,0.000000
54576,6,0.125000,0.026695,30,29,48.000,0.318393,0.000000
54576,7,0.125000,0.000000,27,27,10.296,0.263635,0.000000
54624,0,0.125000,0.932068,29,1,998.069,0.239275,0.000000
54624,1,0.125000,0.921943,25,0,1000.000,0.747799,0.000000
54624,2,0.125000,0.911032,27,0,1000.000,1.216059,0.000000
54624,3,0.125000,0.907592,41,0,1000.000,1.692438,0.000000
54624,4,0.125000,0.899301,33,0,1000.000,2.187258,0.000000
54624,5,0.125000,0.841312,37,1,973.568,2.576446,0.000000
54624,6,0.125000,0.077132,30,27,112.533,0.474885,0.000000
54624,7,0.125000,0.000000,26,26,10.308,0.218901,0.000000
54672,0,0.125000,0.932497,21,0,1000.000,0.231796,0.000000
54672,1,0.125000,0.920295,31,0,1000.000,0.714226,0.000000
54672,2,0.125000,0.913595,26,0,1000.000,1.228061,0.000000
54672,3,0.125000,0.908806,31,0,1000.000,1.695469,0.000000
54672,4,0.125000,0.896948,47,0,1000.000,2.176280,0.000000
54672,5,0.125000,0.862467,38,0,1000.000,2.622784,0.000000
54672,6,0.125000,0.023111,35,34,42.857,0.318870,0.000000
54672,7,0.125000,0.000000,34,34,10.235,0.190335,0.000000
54720,0,0.125000,0.931622,38,0,1000.000,0.244919,0.000000
54720,1,0.125000,0.923478,38,0,1000.000,0.765453,0.000000
54720,2,0.125000,0.912058,42,0,1000.000,1.201841,0.000000
54720,3,0.125000,0.904892,29,0,1000.000,1.712100,0.000000
54720,4,0.125000,0.898251,35,0,1000.000,2.182347,0.000000
54720,5,0.125000,0.864319,35,0,1000.000,2.668803,0.000000
54720,6,0.125000,0.062437,38,35,92.474,0.378572,0.000000
54720,7,0.125000,0.000000,32,32,10.062,0.249010,0.000000
54768,0,0.125000,0.935037,29,0,1000.000,0.251470,0.000000
54768,1,0.125000,0.923048,30,0,1000.000,0.732430,0.000000
54768,2,0.125000,0.913408,37,0,1000.000,1.229908,0.000000
54768,3,0.125000,0.904959,40,0,1000.000,1.712048,0.000000
54768,4,0.125000,0.894314,39,0,1000.000,2.171701,0.000000
54768,5,0.125000,0.864380,21,0,1000.000,2.661548,0.000000
54768,6,0.125000,0.041886,35,33,69.886,0.321374,0.000000
54768,7,0.125000,0.000000,33,33,10.121,0.244312,0.000000
54816,0,0.125000,0.928658,35,1,976.114,0.216959,0.000000
54816,1,0.125000,0.918451,34,0,1000.000,0.742481,0.000000
54816,2,0.125000,0.911339,34,0,1000.000,1.248863,0.000000
54816,3,0.125000,0.905494,29,0,1000.000,1.714612,0.000000
54816,4,0.125000,0.894718,41,0,1000.000,2.207248,0.000000
54816,5,0.125000,0.835820,30,1,967.133,2.592509,0.000000
54816,6,0.125000,0.000003,34,34,15.265,0.245569,0.000000
54816,7,0.125000,0.000000,24,24,10.583,0.222629,0.000000
54864,0,0.125000,0.931885,30,0,1000.000,0.236384,0.000000
54864,1,0.125000,0.917439,33,0,1000.000,0.782410,0.000000
54864,2,0.125000,0.913493,40,0,1000.000,1.270060,0.000000
54864,3,0.125000,0.874453,31,1,969.806,1.698961,0.000000
54864,4,0.125000,0.898758,31,0,1000.000,2.244590,0.000000
54864,5,0.125000,0.847180,38,1,974.132,2.627628,0.000000
54864,6,0.125000,0.000000,30,30,14.500,0.148754,0.000000
54864,7,0.125000,0.000000,37,37,10.622,0.247114,0.000000
54912,0,0.125000,0.932038,43,0,1000.000,0.255332,0.000000
54912,1,0.125000,0.920016,20,0,1000.000,0.784332,0.000000
54912,2,0.125000,0.915944,44,0,1000.000,1.237786,0.000000
54912,3,0.125000,0.904999,30,0,1000.000,1.725570,0.000000
54912,4,0.125000,0.894106,35,0,1000.000,2.215750,0.000000
54912,5,0.125000,0.816790,41,2,952.439,2.586850,0.000000
54912,6,0.125000,0.046270,32,30,77.500,0.423381,0.000000
54912,7,0.125000,0.000000,19,19,10.105,0.269943,0.000000
54960,0,0.125000,0.930368,45,0,1000.000,0.257350,0.000000
54960,1,0.125000,0.918873,32,0,1000.000,0.788419,0.000000
54960,2,0.125000,0.915081,40,0,1000.000,1.252728,0.000000
54960,3,0.125000,0.903330,42,0,1000.000,1.699439,0.000000
54960,4,0.125000,0.896871,35,0,1000.000,2.204370,0.000000
54960,5,0.125000,0.861065,30,0,1000.000,2.660242,0.000000
54960,6,0.125000,0.000000,46,46,15.130,0.220805,0.000000
54960,7,0.125000,0.000000,34,34,10.618,0.218639,0.000000
55008,0,0.125000,0.930545,38,0,1000.000,0.267949,0.000000
55008,1,0.125000,0.917400,36,0,1000.000,0.761356,0.000000
55008,2,0.125000,0.914154,27,0,1000.000,1.258398,0.000000
55008,3,0.125000,0.905959,34,0,1000.000,1.710708,0.000000
55008,4,0.125000,0.893298,37,0,1000.000,2.202281,0.000000
55008,5,0.125000,0.860780,41,0,1000.000,2.654370,0.000000
55008,6,0.125000,0.026389,30,29,48.567,0.324300,0.000000
55008,7,0.125000,0.000000,34,34,10.529,0.247879,0.000000
55056,0,0.125000,0.931192,38,0,1000.000,0.286141,0.000000
55056,1,0.125000,0.917617,37,0,1000.000,0.743710,0.000000
55056,2,0.125000,0.913127,36,0,1000.000,1.240949,0.000000
55056,3,0.125000,0.904276,36,0,1000.000,1.719548,0.000000
55056,4,0.125000,0.893449,26,0,1000.000,2.240314,0.000000
55056,5,0.125000,0.808618,34,2,942.971,2.519930,0.000000
55056,6,0.125000,0.043548,32,30,75.469,0.359799,0.000000
55056,7,0.125000,0.000000,31,31,10.258,0.232802,0.000000
55104,0,0.125000,0.931499,33,0,1000.000,0.283464,0.000000
55104,1,0.125000,0.920489,36,0,1000.000,0.772124,0.000000
55104,2,0.125000,0.915961,33,0,1000.000,1.263647,0.000000
55104,3,0.125000,0.904535,21,0,1000.000,1.731271,0.000000
55104,4,0.125000,0.893270,38,0,1000.000,2.206951,0.000000
55104,5,0.125000,0.815602,33,2,940.333,2.517503,0.000000
55104,6,0.125000,0.020350,31,30,46.000,0.291680,0.000000
55104,7,0.125000,0.000000,45,45,10.444,0.223627,0.000000
55152,0,0.125000,0.932253,32,0,1000.000,0.268721,0.000000
55152,1,0.125000,0.906971,30,1,969.067,0.771861,0.000000
55152,2,0.125000,0.916338,39,0,1000.000,1.270969,0.000000
55152,3,0.125000,0.907347,24,0,1000.000,1.709767,0.000000
55152,4,0.125000,0.893728,42,0,1000.000,2.189056,0.000000
55152,5,0.125000,0.837878,26,1,962.385,2.581344,0.000000
55152,6,0.125000,0.018940,34,33,43.059,0.210519,0.000000
55152,7,0.125000,0.000000,33,33,10.182,0.243666,0.000000
55200,0,0.125000,0.930869,46,0,1000.000,0.257573,0.000000
55200,1,0.125000,0.920437,22,0,1000.000,0.773319,0.000000
55200,2,0.125000,0.914174,34,0,1000.000,1.219639,0.000000
55200,3,0.125000,0.905850,23,0,1000.000,1.733550,0.000000
55200,4,0.125000,0.896723,32,0,1000.000,2.215594,0.000000
55200,5,0.125000,0.874665,30,0,1000.000,2.706145,0.000000
55200,6,0.125000,0.033224,22,21,58.182,0.275500,0.000000
55200,7,0.125000,0.000000,23,23,10.391,0.247939,0.000000
55248,0,0.125000,0.927992,30,1,974.067,0.240060,0.000000
55248,1,0.125000,0.919890,25,0,1000.000,0.767795,0.000000
55248,2,0.125000,0.911837,22,0,1000.000,1.293368,0.000000
55248,3,0.125000,0.906094,36,0,1000.000,1.743916,0.000000
55248,4,0.125000,0.890436,34,0,1000.000,2.181758,0.000000
55248,5,0.125000,0.805858,29,2,932.828,2.562980,0.000000
55248,6,0.125000,0.047690,32,30,76.312,0.332081,0.000000
55248,7,0.125000,0.000000,30,30,10.300,0.245057,0.000000
55296,0,0.125000,0.932564,20,0,1000.000,0.267276,0.000000
55296,1,0.125000,0.921902,31,0,1000.000,0.778351,0.000000
55296,2,0.125000,0.916969,28,0,1000.000,1.262552,0.000000
55296,3,0.125000,0.907014,33,0,1000.000,1.732026,0.000000
55296,4,0.125000,0.896908,33,0,1000.000,2.204180,0.000000
55296,5,0.125000,0.822391,19,1,948.684,2.550422,0.000000
55296,6,0.125000,0.028755,26,25,53.077,0.336451,0.000000
55296,7,0.125000,0.000000,34,34,10.265,0.235312,0.000000
55344,0,0.125000,0.930753,31,0,1000.000,0.292294,0.000000
55344,1,0.125000,0.920715,39,0,1000.000,0.762235,0.000000
55344,2,0.125000,0.915348,23,0,1000.000,1.246453,0.000000
55344,3,0.125000,0.907667,28,0,1000.000,1.743228,0.000000
55344,4,0.125000,0.895016,40,0,1000.000,2.230892,0.000000
55344,5,0.125000,0.871154,35,0,1000.000,2.698179,0.000000
55344,6,0.125000,0.054123,30,28,81.133,0.453259,0.000000
55344,7,0.125000,0.000000,36,36,10.528,0.233472,0.000000
55392,0,0.125000,0.930032,29,0,1000.000,0.245625,0.000000
55392,1,0.125000,0.917483,27,0,1000.000,0.795502,0.000000
55392,2,0.125000,0.915346,34,0,1000.000,1.225016,0.000000
55392,3,0.125000,0.909371,29,0,1000.000,1.703367,0.000000
55392,4,0.125000,0.895003,34,0,1000.000,2.217900,0.000000
55392,5,0.125000,0.825126,36,2,945.750,2.545141,0.000000
55392,6,0.125000,0.041428,37,35,66.405,0.304116,0.000000
55392,7,0.125000,0.000000,37,37,10.135,0.250361,0.000000
55440,0,0.125000,0.932421,27,0,1000.000,0.276178,0.000000
55440,1,0.125000,0.923692,28,0,1000.000,0.753502,0.000000
55440,2,0.125000,0.914525,34,0,1000.000,1.203628,0.000000
55440,3,0.125000,0.906519,30,0,1000.000,1.724421,0.000000
55440,4,0.125000,0.898533,32,0,1000.000,2.209812,0.000000
55440,5,0.125000,0.862777,30,0,1000.000,2.649901,0.000000
55440,6,0.125000,0.089466,27,24,124.000,0.509510,0.000000
55440,7,0.125000,0.000000,29,29,9.931,0.221617,0.000000
55488,0,0.125000,0.930368,26,0,1000.000,0.275469,0.000000
55488,1,0.125000,0.924755,30,0,1000.000,0.772521,0.000000
55488,2,0.125000,0.916965,40,0,1000.000,1.244494,0.000000
55488,3,0.125000,0.906581,34,0,1000.000,1.753193,0.000000
55488,4,0.125000,0.898566,28,0,1000.000,2.202462,0.000000
55488,5,0.125000,0.865711,33,0,1000.000,2.686127,0.000000
55488,6,0.125000,0.000000,24,24,14.375,0.173271,0.000000
55488,7,0.125000,0.000000,32,32,10.281,0.239037,0.000000
55536,0,0.125000,0.933578,25,0,1000.000,0.281047,0.000000
55536,1,0.125000,0.918766,28,0,1000.000,0.756486,0.000000
55536,2,0.125000,0.915298,36,0,1000.000,1.233912,0.000000
55536,3,0.125000,0.905022,32,0,1000.000,1.680429,0.000000
55536,4,0.125000,0.897199,31,0,1000.000,2.220303,0.000000
55536,5,0.125000,0.816350,33,2,940.909,2.537665,0.000000
55536,6,0.125000,0.021684,31,30,45.903,0.288986,0.000000
55536,7,0.125000,0.000000,25,25,10.120,0.231346,0.000000
55584,0,0.125000,0.929095,25,0,1000.000,0.259685,0.000000
55584,1,0.125000,0.917794,30,0,1000.000,0.749156,0.000000
55584,2,0.125000,0.913648,36,0,1000.000,1.251899,0.000000
55584,3,0.125000,0.909954,33,0,1000.000,1.686663,0.000000
55584,4,0.125000,0.892140,30,0,1000.000,2.217201,0.000000
55584,5,0.125000,0.790291,33,3,911.091,2.476401,0.000000
55584,6,0.125000,0.018980,39,38,38.513,0.263554,0.000000
55584,7,0.125000,0.000000,28,28,9.750,0.262269,0.000000
55632,0,0.125000,0.927778,29,0,1000.000,0.293403,0.000000
55632,1,0.125000,0.921405,38,0,1000.000,0.752103,0.000000
55632,2,0.125000,0.916554,31,0,1000.000,1.230963,0.000000
55632,3,0.125000,0.903561,32,0,1000.000,1.731310,0.000000
55632,4,0.125000,0.891466,35,0,1000.000,2.205657,0.000000
55632,5,0.125000,0.806688,30,2,934.567,2.522114,0.000000
55632,6,0.125000,0.023429,35,34,43.000,0.347371,0.000000
55632,7,0.125000,0.000000,31,31,9.774,0.244486,0.000000
55680,0,0.125000,0.929060,30,1,994.967,0.255998,0.000000
55680,1,0.125000,0.918496,31,0,1000.000,0.767296,0.000000
55680,2,0.125000,0.916163,39,0,1000.000,1.244052,0.000000
55680,3,0.125000,0.908353,26,0,1000.000,1.717606,0.000000
55680,4,0.125000,0.892522,29,0,1000.000,2.168683,0.000000
55680,5,0.125000,0.844206,38,1,974.289,2.624900,0.000000
55680,6,0.125000,0.054638,43,40,81.767,0.381493,0.000000
55680,7,0.125000,0.000000,28,28,9.750,0.260358,0.000000
55728,0,0.125000,0.932479,43,0,1000.000,0.269352,0.000000
55728,1,0.125000,0.922835,36,0,1000.000,0.755341,0.000000
55728,2,0.125000,0.916850,38,0,1000.000,1.234357,0.000000
55728,3,0.125000,0.908216,37,0,1000.000,1.689645,0.000000
55728,4,0.125000,0.893058,31,0,1000.000,2.163883,0.000000
55728,5,0.125000,0.844854,38,1,974.053,2.619327,0.000000
55728,6,0.125000,0.000000,36,36,14.417,0.265784,0.000000
55728,7,0.125000,0.000000,35,35,9.914,0.242506,0.000000
55776,0,0.125000,0.933278,28,0,1000.000,0.240346,0.000000
55776,1,0.125000,0.921232,38,0,1000.000,0.740756,0.000000
55776,2,0.125000,0.917223,36,0,1000.000,1.217826,0.000000
55776,3,0.125000,0.908313,27,0,1000.000,1.712997,0.000000
55776,4,0.125000,0.898346,33,0,1000.000,2.163761,0.000000
55776,5,0.125000,0.821025,38,2,948.500,2.502671,0.000000
55776,6,0.125000,0.022796,36,35,40.222,0.242185,0.000000
55776,7,0.125000,0.000000,35,35,9.829,0.207195,0.000000
55824,0,0.125000,0.931468,44,0,1000.000,0.276582,0.000000
55824,1,0.125000,0.920943,23,0,1000.000,0.738289,0.000000
55824,2,0.125000,0.915818,27,0,1000.000,1.216509,0.000000
55824,3,0.125000,0.904923,36,0,1000.000,1.669835,0.000000
55824,4,0.125000,0.896524,30,0,1000.000,2.193959,0.000000
55824,5,0.125000,0.823612,41,2,952.073,2.531621,0.000000
55824,6,0.125000,0.023360,28,27,48.714,0.261332,0.000000
55824,7,0.125000,0.000000,36,36,10.306,0.190753,0.000000
55872,0,0.125000,0.933682,26,0,1000.000,0.254586,0.000000
55872,1,0.125000,0.921081,26,0,1000.000,0.801663,0.000000
55872,2,0.125000,0.918671,40,0,1000.000,1.232517,0.000000
55872,3,0.125000,0.908248,31,0,1000.000,1.745619,0.000000
55872,4,0.125000,0.899222,40,0,1000.000,2.231771,0.000000
55872,5,0.125000,0.871874,41,0,1000.000,2.679530,0.000000
55872,6,0.125000,0.042647,34,32,72.618,0.350919,0.000000
55872,7,0.125000,0.000000,21,21,10.286,0.209250,0.000000
55920,0,0.125000,0.931653,35,0,1000.000,0.292175,0.000000
55920,1,0.125000,0.921702,30,0,1000.000,0.756130,0.000000
55920,2,0.125000,0.916704,39,0,1000.000,1.250386,0.000000
55920,3,0.125000,0.909856,40,0,1000.000,1.723665,0.000000
55920,4,0.125000,0.896547,44,0,1000.000,2.242619,0.000000
55920,5,0.125000,0.862770,28,0,1000.000,2.674767,0.000000
55920,6,0.125000,0.052487,42,39,85.214,0.412952,0.000000
55920,7,0.125000,0.000000,45,45,10.600,0.195006,0.000000
55968,0,0.125000,0.933794,46,0,1000.000,0.285531,0.000000
55968,1,0.125000,0.921644,30,0,1000.000,0.746229,0.000000
55968,2,0.125000,0.919094,32,0,1000.000,1.225606,0.000000
55968,3,0.125000,0.907484,36,0,1000.000,1.710688,0.000000
55968,4,0.125000,0.891967,32,0,1000.000,2.195943,0.000000
55968,5,0.125000,0.871264,32,0,1000.000,2.721839,0.000000
55968,6,0.125000,0.016653,46,45,35.370,0.232249,0.000000
55968,7,0.125000,0.000000,40,40,10.150,0.199933,0.000000
56016,0,0.125000,0.932328,29,0,1000.000,0.278229,0.000000
56016,1,0.125000,0.923859,33,0,1000.000,0.749778,0.000000
56016,2,0.125000,0.917073,52,0,1000.000,1.240475,0.000000
56016,3,0.125000,0.909077,36,0,1000.000,1.723630,0.000000
56016,4,0.125000,0.897490,36,0,1000.000,2.227564,0.000000
56016,5,0.125000,0.782440,31,3,905.484,2.474424,0.000000
56016,6,0.125000,0.019311,36,35,40.889,0.304788,0.000000
56016,7,0.125000,0.000000,47,47,10.191,0.215012,0.000000
56064,0,0.125000,0.934177,36,0,1000.000,0.253216,0.000000
56064,1,0.125000,0.920541,30,0,1000.000,0.762931,0.000000
56064,2,0.125000,0.918824,26,0,1000.000,1.210698,0.000000
56064,3,0.125000,0.906414,35,0,1000.000,1.718119,0.000000
56064,4,0.125000,0.897095,31,0,1000.000,2.188421,0.000000
56064,5,0.125000,0.839014,43,1,977.070,2.602582,0.000000
56064,6,0.125000,0.034054,41,39,61.951,0.328409,0.000000
56064,7,0.125000,0.000000,30,30,10.167,0.199348,0.000000
56112,0,0.125000,0.933010,37,1,997.892,0.295276,0.000000
56112,1,0.125000,0.924431,35,0,1000.000,0.723748,0.000000
56112,2,0.125000,0.916388,32,0,1000.000,1.261947,0.000000
56112,3,0.125000,0.910990,25,0,1000.000,1.693649,0.000000
56112,4,0.125000,0.898482,38,0,1000.000,2.188815,0.000000
56112,5,0.125000,0.821033,38,2,948.447,2.530073,0.000000
56112,6,0.125000,0.000000,24,24,14.250,0.164382,0.000000
56112,7,0.125000,0.000000,43,43,10.163,0.231042,0.000000
56160,0,0.125000,0.931307,52,0,1000.000,0.271971,0.000000
56160,1,0.125000,0.924851,22,0,1000.000,0.773145,0.000000
56160,2,0.125000,0.912580,26,0,1000.000,1.263547,0.000000
56160,3,0.125000,0.910191,34,0,1000.000,1.727211,0.000000
56160,4,0.125000,0.901740,33,0,1000.000,2.188785,0.000000
56160,5,0.125000,0.796369,36,3,918.472,2.459300,0.000000
56160,6,0.125000,0.023710,31,30,45.903,0.300729,0.000000
56160,7,0.125000,0.000000,24,24,10.375,0.226935,0.000000
56208,0,0.125000,0.932147,31,0,1000.000,0.286859,0.000000
56208,1,0.125000,0.924627,31,0,1000.000,0.736785,0.000000
56208,2,0.125000,0.916141,33,0,1000.000,1.230568,0.000000
56208,3,0.125000,0.910503,29,0,1000.000,1.722841,0.000000
56208,4,0.125000,0.898031,29,0,1000.000,2.196638,0.000000
56208,5,0.125000,0.832799,25,1,961.040,2.556615,0.000000
56208,6,0.125000,0.000000,30,30,14.667,0.179368,0.000000
56208,7,0.125000,0.000000,29,29,10.621,0.245454,0.000000
56256,0,0.125000,0.929029,23,0,1000.000,0.251258,0.000000
56256,1,0.125000,0.919847,26,0,1000.000,0.776952,0.000000
56256,2,0.125000,0.916574,37,0,1000.000,1.264168,0.000000
56256,3,0.125000,0.900462,24,0,1000.000,1.704150,0.000000
56256,4,0.125000,0.896300,34,0,1000.000,2.199244,0.000000
56256,5,0.125000,0.871991,22,0,1000.000,2.695373,0.000000
56256,6,0.125000,0.029106,28,27,50.357,0.277428,0.000000
56256,7,0.125000,0.000000,24,24,10.625,0.221760,0.000000
56304,0,0.125000,0.931365,38,0,1000.000,0.274022,0.000000
56304,1,0.125000,0.922568,24,0,1000.000,0.775329,0.000000
56304,2,0.125000,0.918287,19,0,1000.000,1.292238,0.000000
56304,3,0.125000,0.907688,27,0,1000.000,1.711398,0.000000
56304,4,0.125000,0.896549,36,0,1000.000,2.217850,0.000000
56304,5,0.125000,0.845981,31,1,968.419,2.612857,0.000000
56304,6,0.125000,0.030166,25,24,54.640,0.334808,0.000000
56304,7,0.125000,0.000000,29,29,10.517,0.226927,0.000000
56352,0,0.125000,0.928289,25,0,1000.000,0.244240,0.000000
56352,1,0.125000,0.922725,26,0,1000.000,0.777900,0.000000
56352,2,0.125000,0.917639,36,0,1000.000,1.229683,0.000000
56352,3,0.125000,0.907216,32,0,1000.000,1.741630,0.000000
56352,4,0.125000,0.900412,36,0,1000.000,2.259158,0.000000
56352,5,0.125000,0.845795,38,1,974.421,2.669710,0.000000
56352,6,0.125000,0.102646,33,28,163.606,0.619659,0.000000
56352,7,0.125000,0.000000,15,15,10.467,0.251056,0.000000
56400,0,0.125000,0.934669,30,0,1000.000,0.297806,0.000000
56400,1,0.125000,0.919472,30,0,1000.000,0.756665,0.000000
56400,2,0.125000,0.915835,40,0,1000.000,1.255947,0.000000
56400,3,0.125000,0.909340,33,0,1000.000,1.736544,0.000000
56400,4,0.125000,0.894393,32,0,1000.000,2.230127,0.000000
56400,5,0.125000,0.865712,22,0,1000.000,2.680631,0.000000
56400,6,0.125000,0.054865,26,24,90.769,0.462807,0.000000
56400,7,0.125000,0.000000,31,31,10.387,0.223932,0.000000
56448,0,0.125000,0.930162,33,1,985.909,0.286365,0.000000
56448,1,0.125000,0.922959,26,0,1000.000,0.783962,0.000000
56448,2,0.125000,0.915604,28,0,1000.000,1.318250,0.000000
56448,3,0.125000,0.908872,38,0,1000.000,1.753341,0.000000
56448,4,0.125000,0.897434,27,0,1000.000,2.229764,0.000000
56448,5,0.125000,0.869515,27,0,1000.000,2.645706,0.000000
56448,6,0.125000,0.021905,30,29,46.900,0.266697,0.000000
56448,7,0.125000,0.000000,36,36,10.333,0.219166,0.000000
56496,0,0.125000,0.933155,26,0,1000.000,0.312665,0.000000
56496,1,0.125000,0.923422,38,0,1000.000,0.763595,0.000000
56496,2,0.125000,0.916475,37,0,1000.000,1.269650,0.000000
56496,3,0.125000,0.907120,29,0,1000.000,1.730267,0.000000
56496,4,0.125000,0.893700,36,0,1000.000,2.225122,0.000000
56496,5,0.125000,0.841479,30,1,967.467,2.633732,0.000000
56496,6,0.125000,0.000000,38,38,13.658,0.192825,0.000000
56496,7,0.125000,0.000000,27,27,9.852,0.198113,0.000000
56544,0,0.125000,0.928549,29,0,1000.000,0.265992,0.000000
56544,1,0.125000,0.921057,32,0,1000.000,0.718477,0.000000
56544,2,0.125000,0.919140,22,0,1000.000,1.273118,0.000000
56544,3,0.125000,0.905976,30,0,1000.000,1.747258,0.000000
56544,4,0.125000,0.892772,35,0,1000.000,2.186329,0.000000
56544,5,0.125000,0.766023,27,3,891.259,2.402925,0.000000
56544,6,0.125000,0.048844,32,30,74.469,0.336202,0.000000
56544,7,0.125000,0.000000,34,34,10.088,0.254279,0.000000
56592,0,0.125000,0.930885,34,1,990.912,0.242940,0.000000
56592,1,0.125000,0.922920,27,0,1000.000,0.747403,0.000000
56592,2,0.125000,0.919208,26,0,1000.000,1.222796,0.000000
56592,3,0.125000,0.907316,39,0,1000.000,1.701361,0.000000
56592,4,0.125000,0.896670,41,0,1000.000,2.189205,0.000000
56592,5,0.125000,0.835231,29,1,966.241,2.592214,0.000000
56592,6,0.125000,0.054346,28,26,84.429,0.395686,0.000000
56592,7,0.125000,0.000000,24,24,9.917,0.215794,0.000000
56640,0,0.125000,0.932976,31,0,1000.000,0.304042,0.000000
56640,1,0.125000,0.926189,28,0,1000.000,0.734552,0.000000
56640,2,0.125000,0.917073,38,0,1000.000,1.233228,0.000000
56640,3,0.125000,0.909257,29,0,1000.000,1.702277,0.000000
56640,4,0.125000,0.898186,36,0,1000.000,2.195333,0.000000
56640,5,0.125000,0.843369,30,1,967.800,2.598072,0.000000
56640,6,0.125000,0.026818,31,30,45.935,0.263564,0.000000
56640,7,0.125000,0.000000,30,30,10.267,0.240817,0.000000
56688,0,0.125000,0.933134,27,0,1000.000,0.282028,0.000000
56688,1,0.125000,0.922242,34,0,1000.000,0.788033,0.000000
56688,2,0.125000,0.914557,29,0,1000.000,1.264155,0.000000
56688,3,0.125000,0.909606,45,0,1000.000,1.719625,0.000000
56688,4,0.125000,0.901104,32,0,1000.000,2.234047,0.000000
56688,5,0.125000,0.866178,29,0,1000.000,2.635760,0.000000
56688,6,0.125000,0.038198,37,35,67.108,0.307426,0.000000
56688,7,0.125000,0.000000,28,28,11.500,0.255903,0.000000
56736,0,0.125000,0.925850,40,0,1000.000,0.280258,0.000000
56736,1,0.125000,0.921861,46,0,1000.000,0.757877,0.000000
56736,2,0.125000,0.917140,36,0,1000.000,1.257427,0.000000
56736,3,0.125000,0.910847,30,0,1000.000,1.745234,0.000000
56736,4,0.125000,0.895826,40,0,1000.000,2.223636,0.000000
56736,5,0.125000,0.841903,32,1,969.531,2.592542,0.000000
56736,6,0.125000,0.021384,31,30,44.613,0.237446,0.000000
56736,7,0.125000,0.000000,35,35,10.086,0.223525,0.000000
56784,0,0.125000,0.931562,30,0,1000.000,0.296364,0.000000
56784,1,0.125000,0.921001,29,0,1000.000,0.768619,0.000000
56784,2,0.125000,0.918042,40,0,1000.000,1.289360,0.000000
56784,3,0.125000,0.911039,24,0,1000.000,1.730528,0.000000
56784,4,0.125000,0.898735,39,0,1000.000,2.223464,0.000000
56784,5,0.125000,0.823424,32,2,938.500,2.516184,0.000000
56784,6,0.125000,0.000000,25,25,14.680,0.221128,0.000000
56784,7,0.125000,0.000000,36,36,9.806,0.265520,0.000000
56832,0,0.125000,0.933747,27,0,1000.000,0.290627,0.000000
56832,1,0.125000,0.922163,33,0,1000.000,0.751833,0.000000
56832,2,0.125000,0.914782,29,0,1000.000,1.186748,0.000000
56832,3,0.125000,0.912555,37,0,1000.000,1.718949,0.000000
56832,4,0.125000,0.898182,42,0,1000.000,2.215972,0.000000
56832,5,0.125000,0.772204,36,4,891.583,2.375873,0.000000
56832,6,0.125000,0.074945,31,28,109.581,0.469950,0.000000
56832,7,0.125000,0.000000,37,37,10.162,0.241686,0.000000
56880,0,0.125000,0.931256,26,1,984.231,0.283552,0.000000
56880,1,0.125000,0.925131,42,0,1000.000,0.750472,0.000000
56880,2,0.125000,0.917320,35,0,1000.000,1.244807,0.000000
56880,3,0.125000,0.909828,27,0,1000.000,1.726036,0.000000
56880,4,0.125000,0.895399,31,0,1000.000,2.204696,0.000000
56880,5,0.125000,0.863231,34,0,1000.000,2.613002,0.000000
56880,6,0.125000,0.000000,28,28,14.214,0.190280,0.000000
56880,7,0.125000,0.000000,39,39,10.205,0.247471,0.000000
56928,0,0.125000,0.932649,39,0,1000.000,0.275158,0.000000
56928,1,0.125000,0.919805,31,0,1000.000,0.708139,0.000000
56928,2,0.125000,0.918990,47,0,1000.000,1.247565,0.000000
56928,3,0.125000,0.913307,37,0,1000.000,1.722348,0.000000
56928,4,0.125000,0.899864,30,0,1000.000,2.212206,0.000000
56928,5,0.125000,0.827830,47,2,958.489,2.556150,0.000000
56928,6,0.125000,0.054804,37,34,94.054,0.384486,0.000000
56928,7,0.125000,0.000000,42,42,10.357,0.241324,0.000000
56976,0,0.125000,0.934272,30,0,1000.000,0.242963,0.000000
56976,1,0.125000,0.925480,40,0,1000.000,0.722357,0.000000
56976,2,0.125000,0.917042,30,0,1000.000,1.257943,0.000000
56976,3,0.125000,0.908924,31,0,1000.000,1.707097,0.000000
56976,4,0.125000,0.898399,25,0,1000.000,2.199254,0.000000
56976,5,0.125000,0.805543,43,3,931.814,2.488537,0.000000
56976,6,0.125000,0.072008,40,36,112.300,0.443564,0.000000
56976,7,0.125000,0.000000,52,52,10.135,0.245211,0.000000
57024,0,0.125000,0.932271,40,1,984.300,0.289447,0.000000
57024,1,0.125000,0.921707,36,0,1000.000,0.723252,0.000000
57024,2,0.125000,0.917713,32,0,1000.000,1.252691,0.000000
57024,3,0.125000,0.911193,35,0,1000.000,1.738027,0.000000
57024,4,0.125000,0.898944,36,0,1000.000,2.195134,0.000000
57024,5,0.125000,0.868503,37,0,1000.000,2.664146,0.000000
57024,6,0.125000,0.096905,21,18,154.857,0.578601,0.000000
57024,7,0.125000,0.000000,34,34,10.265,0.241565,0.000000
57072,0,0.125000,0.930951,34,0,1000.000,0.250130,0.000000
57072,1,0.125000,0.924820,35,0,1000.000,0.725514,0.000000
57072,2,0.125000,0.915553,34,0,1000.000,1.238190,0.000000
57072,3,0.125000,0.909294,36,0,1000.000,1.751877,0.000000
57072,4,0.125000,0.895784,33,0,1000.000,2.193534,0.000000
57072,5,0.125000,0.785547,37,3,920.946,2.483836,0.000000
57072,6,0.125000,0.000000,29,29,14.621,0.216695,0.000000
57072,7,0.125000,0.000000,20,20,10.250,0.258579,0.000000
57120,0,0.125000,0.928924,29,0,1000.000,0.266769,0.000000
57120,1,0.125000,0.900812,35,1,972.457,0.739628,0.000000
57120,2,0.125000,0.916534,43,0,1000.000,1.217133,0.000000
57120,3,0.125000,0.911319,36,0,1000.000,1.725582,0.000000
57120,4,0.125000,0.900911,34,0,1000.000,2.227872,0.000000
57120,5,0.125000,0.806514,29,2,932.517,2.506187,0.000000
57120,6,0.125000,0.023685,30,29,47.833,0.331913,0.000000
57120,7,0.125000,0.000000,24,24,10.542,0.244545,0.000000
57168,0,0.125000,0.929285,30,0,1000.000,0.286832,0.000000
57168,1,0.125000,0.921169,31,0,1000.000,0.764769,0.000000
57168,2,0.125000,0.916878,31,0,1000.000,1.239567,0.000000
57168,3,0.125000,0.913551,30,0,1000.000,1.740549,0.000000
57168,4,0.125000,0.899547,43,0,1000.000,2.237540,0.000000
57168,5,0.125000,0.766531,27,3,891.518,2.431836,0.000000
57168,6,0.125000,0.000001,43,43,16.209,0.246835,0.000000
57168,7,0.125000,0.000000,43,43,10.349,0.225065,0.000000
57216,0,0.125000,0.920047,33,3,932.697,0.264217,0.000000
57216,1,0.125000,0.923778,29,0,1000.000,0.702164,0.000000
57216,2,0.125000,0.918638,34,0,1000.000,1.220228,0.000000
57216,3,0.125000,0.907331,25,0,1000.000,1.725102,0.000000
57216,4,0.125000,0.896950,32,0,1000.000,2.204817,0.000000
57216,5,0.125000,0.870236,31,0,1000.000,2.651032,0.000000
57216,6,0.125000,0.000000,22,22,14.682,0.179888,0.000000
57216,7,0.125000,0.000000,30,30,10.067,0.212537,0.000000
57264,0,0.125000,0.934236,30,0,1000.000,0.282720,0.000000
57264,1,0.125000,0.924559,28,0,1000.000,0.746111,0.000000
57264,2,0.125000,0.917858,32,0,1000.000,1.250578,0.000000
57264,3,0.125000,0.912626,28,0,1000.000,1.707540,0.000000
57264,4,0.125000,0.900880,24,0,1000.000,2.212498,0.000000
57264,5,0.125000,0.829497,25,1,961.000,2.590231,0.000000
57264,6,0.125000,0.045771,34,32,73.059,0.441687,0.000000
57264,7,0.125000,0.000000,25,25,10.200,0.258266,0.000000
57312,0,0.125000,0.929270,26,0,1000.000,0.258328,0.000000
57312,1,0.125000,0.923477,31,0,1000.000,0.744216,0.000000
57312,2,0.125000,0.919211,33,0,1000.000,1.262582,0.000000
57312,3,0.125000,0.913165,30,0,1000.000,1.726457,0.000000
57312,4,0.125000,0.898720,28,0,1000.000,2.182963,0.000000
57312,5,0.125000,0.824532,23,1,957.739,2.598804,0.000000
57312,6,0.125000,0.016442,28,27,50.464,0.304444,0.000000
57312,7,0.125000,0.000000,21,21,10.476,0.231062,0.000000
57360,0,0.125000,0.925380,30,1,977.900,0.227646,0.000000
57360,1,0.125000,0.921489,31,0,1000.000,0.750598,0.000000
57360,2,0.125000,0.916265,31,0,1000.000,1.222867,0.000000
57360,3,0.125000,0.909794,43,0,1000.000,1.721629,0.000000
57360,4,0.125000,0.899565,34,0,1000.000,2.210400,0.000000
57360,5,0.125000,0.815526,36,2,945.667,2.549378,0.000000
57360,6,0.125000,0.017541,40,39,38.400,0.237423,0.000000
57360,7,0.125000,0.000000,36,36,10.417,0.227357,0.000000
57408,0,0.125000,0.930167,35,0,1000.000,0.259252,0.000000
57408,1,0.125000,0.922908,29,0,1000.000,0.717297,0.000000
57408,2,0.125000,0.919275,37,0,1000.000,1.250685,0.000000
57408,3,0.125000,0.907384,26,0,1000.000,1.729629,0.000000
57408,4,0.125000,0.899829,35,0,1000.000,2.205731,0.000000
57408,5,0.125000,0.867211,25,0,1000.000,2.682218,0.000000
57408,6,0.125000,0.000000,32,32,14.344,0.139467,0.000000
57408,7,0.125000,0.000000,35,35,10.314,0.235823,0.000000
57456,0,0.125000,0.923651,31,1,972.645,0.283767,0.000000
57456,1,0.125000,0.922627,32,0,1000.000,0.744500,0.000000
57456,2,0.125000,0.916446,43,0,1000.000,1.232381,0.000000
57456,3,0.125000,0.907157,30,0,1000.000,1.741854,0.000000
57456,4,0.125000,0.895814,27,0,1000.000,2.231788,0.000000
57456,5,0.125000,0.838150,28,1,965.143,2.599287,0.000000
57456,6,0.125000,0.037340,33,31,75.273,0.417792,0.000000
57456,7,0.125000,0.000000,27,27,9.815,0.220307,0.000000
57504,0,0.125000,0.934262,24,0,1000.000,0.290011,0.000000
57504,1,0.125000,0.922431,27,0,1000.000,0.705742,0.000000
57504,2,0.125000,0.914086,35,0,1000.000,1.214383,0.000000
57504,3,0.125000,0.913552,34,0,1000.000,1.703094,0.000000
57504,4,0.125000,0.900659,28,0,1000.000,2.201357,0.000000
57504,5,0.125000,0.814219,31,2,936.742,2.512621,0.000000
57504,6,0.125000,0.000000,31,31,15.677,0.241686,0.000000
57504,7,0.125000,0.000000,30,30,10.167,0.191671,0.000000
57552,0,0.125000,0.931057,24,0,1000.000,0.263086,0.000000
57552,1,0.125000,0.919547,32,0,1000.000,0.765789,0.000000
57552,2,0.125000,0.915744,35,0,1000.000,1.222848,0.000000
57552,3,0.125000,0.911474,21,0,1000.000,1.696143,0.000000
57552,4,0.125000,0.899912,24,0,1000.000,2.199141,0.000000
57552,5,0.125000,0.859630,56,0,1000.000,2.648567,0.000000
57552,6,0.125000,0.000000,31,31,13.677,0.156342,0.000000
57552,7,0.125000,0.000000,25,25,10.920,0.185094,0.000000
57600,0,0.125000,0.934113,28,0,1000.000,0.225640,0.000000
57600,1,0.125000,0.921334,29,0,1000.000,0.739033,0.000000
57600,2,0.125000,0.914700,31,0,1000.000,1.211434,0.000000
57600,3,0.125000,0.914465,33,0,1000.000,1.711434,0.000000
57600,4,0.125000,0.897970,35,0,1000.000,2.216181,0.000000
57600,5,0.125000,0.829914,26,1,962.077,2.571294,0.000000
57600,6,0.125000,0.000000,21,21,12.857,0.185159,0.000000
57600,7,0.125000,0.000000,24,24,9.625,0.209011,0.000000
57648,0,0.125000,0.932900,33,0,1000.000,0.292625,0.000000
57648,1,0.125000,0.922579,35,0,1000.000,0.738148,0.000000
57648,2,0.125000,0.918329,36,0,1000.000,1.229933,0.000000
57648,3,0.125000,0.906945,30,0,1000.000,1.667889,0.000000
57648,4,0.125000,0.903138,39,0,1000.000,2.219627,0.000000
57648,5,0.125000,0.833006,28,1,964.929,2.527198,0.000000
57648,6,0.125000,0.027509,42,40,60.071,0.286054,0.000000
57648,7,0.125000,0.000000,27,27,9.704,0.229964,0.000000
57696,0,0.125000,0.932303,35,0,1000.000,0.260550,0.000000
57696,1,0.125000,0.921652,31,0,1000.000,0.777971,0.000000
57696,2,0.125000,0.918052,30,0,1000.000,1.211427,0.000000
57696,3,0.125000,0.911302,32,0,1000.000,1.696310,0.000000
57696,4,0.125000,0.899705,33,0,1000.000,2.190774,0.000000
57696,5,0.125000,0.793431,36,3,918.250,2.404623,0.000000
57696,6,0.125000,0.000000,47,47,12.957,0.150843,0.000000
57696,7,0.125000,0.000000,42,42,9.524,0.233450,0.000000
57744,0,0.125000,0.932324,41,0,1000.000,0.289460,0.000000
57744,1,0.125000,0.922457,38,0,1000.000,0.745578,0.000000
57744,2,0.125000,0.920225,35,0,1000.000,1.231490,0.000000
57744,3,0.125000,0.909587,34,0,1000.000,1.720566,0.000000
57744,4,0.125000,0.899481,43,0,1000.000,2.226694,0.000000
57744,5,0.125000,0.828996,31,1,968.452,2.564459,0.000000
57744,6,0.125000,0.000000,28,28,14.000,0.245667,0.000000
57744,7,0.125000,0.000000,42,42,9.643,0.219103,0.000000
57792,0,0.125000,0.929630,38,1,985.132,0.290364,0.000000
57792,1,0.125000,0.922609,34,0,1000.000,0.754866,0.000000
57792,2,0.125000,0.917289,28,0,1000.000,1.224532,0.000000
57792,3,0.125000,0.912046,42,0,1000.000,1.726198,0.000000
57792,4,0.125000,0.897787,27,0,1000.000,2.188482,0.000000
57792,5,0.125000,0.813925,33,2,941.788,2.503963,0.000000
57792,6,0.125000,0.018828,33,32,43.212,0.279718,0.000000
57792,7,0.125000,0.000000,29,29,9.552,0.247934,0.000000
57840,0,0.125000,0.932818,29,0,1000.000,0.279283,0.000000
57840,1,0.125000,0.920729,31,0,1000.000,0.762564,0.000000
57840,2,0.125000,0.916921,40,0,1000.000,1.231405,0.000000
57840,3,0.125000,0.906440,31,0,1000.000,1.695952,0.000000
57840,4,0.125000,0.895577,35,0,1000.000,2.211576,0.000000
57840,5,0.125000,0.844768,39,1,974.974,2.593477,0.000000
57840,6,0.125000,0.019960,37,36,40.000,0.246648,0.000000
57840,7,0.125000,0.000000,32,32,9.875,0.227192,0.000000
57888,0,0.125000,0.931749,36,0,1000.000,0.282324,0.000000
57888,1,0.125000,0.921403,23,0,1000.000,0.752850,0.000000
57888,2,0.125000,0.915275,23,0,1000.000,1.238243,0.000000
57888,3,0.125000,0.907416,33,0,1000.000,1.739823,0.000000
57888,4,0.125000,0.901049,33,0,1000.000,2.204139,0.000000
57888,5,0.125000,0.832090,30,1,967.333,2.576684,0.000000
57888,6,0.125000,0.063534,34,31,100.471,0.412055,0.000000
57888,7,0.125000,0.000000,36,36,9.639,0.255649,0.000000
57936,0,0.125000,0.932013,43,0,1000.000,0.230840,0.000000
57936,1,0.125000,0.922947,34,0,1000.000,0.744309,0.000000
57936,2,0.125000,0.917277,36,0,1000.000,1.224899,0.000000
57936,3,0.125000,0.910498,43,0,1000.000,1.724404,0.000000
57936,4,0.125000,0.899417,32,0,1000.000,2.218054,0.000000
57936,5,0.125000,0.845859,41,1,976.122,2.628095,0.000000
57936,6,0.125000,0.039764,34,32,71.588,0.319760,0.000000
57936,7,0.125000,0.000000,34,34,9.676,0.224044,0.000000
57984,0,0.125000,0.932611,43,1,993.698,0.252094,0.000000
57984,1,0.125000,0.921198,23,0,1000.000,0.727517,0.000000
57984,2,0.125000,0.916651,47,0,1000.000,1.256731,0.000000
57984,3,0.125000,0.909521,48,0,1000.000,1.730895,0.000000
57984,4,0.125000,0.898128,19,0,1000.000,2.219543,0.000000
57984,5,0.125000,0.819203,39,2,949.590,2.567081,0.000000
57984,6,0.125000,0.037745,38,36,65.474,0.324838,0.000000
57984,7,0.125000,0.000000,34,34,9.971,0.181139,0.000000
58032,0,0.125000,0.930635,45,0,1000.000,0.262002,0.000000
58032,1,0.125000,0.923334,29,0,1000.000,0.727665,0.000000
58032,2,0.125000,0.917374,36,0,1000.000,1.222155,0.000000
58032,3,0.125000,0.905652,39,0,1000.000,1.718223,0.000000
58032,4,0.125000,0.899887,33,0,1000.000,2.195302,0.000000
58032,5,0.125000,0.791351,39,3,924.513,2.484668,0.000000
58032,6,0.125000,0.022284,28,27,48.607,0.265518,0.000000
58032,7,0.125000,0.000000,37,37,10.135,0.206232,0.000000
58080,0,0.125000,0.928615,24,0,1000.000,0.212130,0.000000
58080,1,0.125000,0.920191,34,0,1000.000,0.738594,0.000000
58080,2,0.125000,0.917207,27,0,1000.000,1.176124,0.000000
58080,3,0.125000,0.906682,40,0,1000.000,1.685368,0.000000
58080,4,0.125000,0.898160,35,0,1000.000,2.158666,0.000000
58080,5,0.125000,0.824071,39,2,950.000,2.501657,0.000000
58080,6,0.125000,0.000000,28,28,13.679,0.183487,0.000000
58080,7,0.125000,0.000000,37,37,9.919,0.216255,0.000000
58128,0,0.125000,0.929566,34,0,1000.000,0.283593,0.000000
58128,1,0.125000,0.920329,36,0,1000.000,0.699611,0.000000
58128,2,0.125000,0.918360,28,0,1000.000,1.228631,0.000000
58128,3,0.125000,0.910102,27,0,1000.000,1.686297,0.000000
58128,4,0.125000,0.896234,35,0,1000.000,2.185877,0.000000
58128,5,0.125000,0.843607,31,1,968.548,2.565941,0.000000
58128,6,0.125000,0.063582,30,27,112.967,0.472937,0.000000
58128,7,0.125000,0.000000,40,40,10.000,0.217640,0.000000
58176,0,0.125000,0.930681,29,0,1000.000,0.303007,0.000000
58176,1,0.125000,0.922400,43,0,1000.000,0.743583,0.000000
58176,2,0.125000,0.915577,35,0,1000.000,1.207523,0.000000
58176,3,0.125000,0.907382,35,0,1000.000,1.694129,0.000000
58176,4,0.125000,0.893225,33,0,1000.000,2.152889,0.000000
58176,5,0.125000,0.831602,29,1,966.172,2.562952,0.000000
58176,6,0.125000,0.027500,50,48,53.080,0.267255,0.000000
58176,7,0.125000,0.000000,53,53,9.736,0.207768,0.000000
58224,0,0.125000,0.925461,32,1,972.250,0.220378,0.000000
58224,1,0.125000,0.920657,36,0,1000.000,0.755122,0.000000
58224,2,0.125000,0.918992,29,0,1000.000,1.233049,0.000000
58224,3,0.125000,0.909484,33,0,1000.000,1.706832,0.000000
58224,4,0.125000,0.900083,26,0,1000.000,2.215113,0.000000
58224,5,0.125000,0.811895,21,1,953.571,2.538854,0.000000
58224,6,0.125000,0.050793,47,43,97.872,0.411122,0.000000
58224,7,0.125000,0.000000,41,41,10.049,0.209756,0.000000
58272,0,0.125000,0.934035,28,0,1000.000,0.256303,0.000000
58272,1,0.125000,0.920495,28,0,1000.000,0.716510,0.000000
58272,2,0.125000,0.918600,25,0,1000.000,1.221490,0.000000
58272,3,0.125000,0.910150,27,0,1000.000,1.738530,0.000000
58272,4,0.125000,0.901542,24,0,1000.000,2.210037,0.000000
58272,5,0.125000,0.843009,36,1,973.167,2.630492,0.000000
58272,6,0.125000,0.032271,25,24,54.000,0.286862,0.000000
58272,7,0.125000,0.000000,36,36,10.278,0.195508,0.000000
58320,0,0.125000,0.930485,27,0,1000.000,0.277842,0.000000
58320,1,0.125000,0.917284,29,1,984.069,0.720558,0.000000
58320,2,0.125000,0.914749,25,0,1000.000,1.263168,0.000000
58320,3,0.125000,0.909239,33,0,1000.000,1.734929,0.000000
58320,4,0.125000,0.868400,33,1,971.121,2.200554,0.000000
58320,5,0.125000,0.862919,24,0,1000.000,2.691751,0.000000
58320,6,0.125000,0.000000,26,26,13.808,0.145514,0.000000
58320,7,0.125000,0.000000,31,31,10.258,0.207428,0.000000
58368,0,0.125000,0.933442,29,0,1000.000,0.233375,0.000000
58368,1,0.125000,0.922620,37,0,1000.000,0.744523,0.000000
58368,2,0.125000,0.918936,33,0,1000.000,1.239449,0.000000
58368,3,0.125000,0.910118,24,0,1000.000,1.753916,0.000000
58368,4,0.125000,0.895395,40,0,1000.000,2.243250,0.000000
58368,5,0.125000,0.837868,36,1,972.944,2.604492,0.000000
58368,6,0.125000,0.000000,23,23,14.000,0.178609,0.000000
58368,7,0.125000,0.000000,33,33,9.939,0.184942,0.000000
58416,0,0.125000,0.928661,31,0,1000.000,0.244153,0.000000
58416,1,0.125000,0.921927,28,0,1000.000,0.767654,0.000000
58416,2,0.125000,0.916243,31,0,1000.000,1.263057,0.000000
58416,3,0.125000,0.910371,38,0,1000.000,1.747681,0.000000
58416,4,0.125000,0.892738,24,0,1000.000,2.220016,0.000000
58416,5,0.125000,0.846884,31,0,1000.000,2.670157,0.000000
58416,6,0.125000,0.000000,45,45,16.711,0.235876,0.000000
58416,7,0.125000,0.000000,45,45,10.289,0.169979,0.000000
58464,0,0.125000,0.919772,31,1,970.097,0.282800,0.000000
58464,1,0.125000,0.923844,38,0,1000.000,0.732470,0.000000
58464,2,0.125000,0.916134,32,0,1000.000,1.228532,0.000000
58464,3,0.125000,0.906324,34,0,1000.000,1.724522,0.000000
58464,4,0.125000,0.897394,35,0,1000.000,2.247941,0.000000
58464,5,0.125000,0.826216,25,1,960.920,2.587470,0.000000
58464,6,0.125000,0.095272,31,27,141.613,0.600579,0.000000
58464,7,0.125000,0.000000,36,36,10.250,0.214862,0.000000
58512,0,0.125000,0.932895,32,0,1000.000,0.279704,0.000000
58512,1,0.125000,0.919631,30,0,1000.000,0.712913,0.000000
58512,2,0.125000,0.916942,26,0,1000.000,1.230344,0.000000
58512,3,0.125000,0.881476,33,1,971.697,1.710522,0.000000
58512,4,0.125000,0.901517,30,0,1000.000,2.257783,0.000000
58512,5,0.125000,0.861429,26,0,1000.000,2.699166,0.000000
58512,6,0.125000,0.116988,24,20,179.958,0.727265,0.000000
58512,7,0.125000,0.000000,38,38,10.237,0.165335,0.000000
58560,0,0.125000,0.931380,33,1,985.758,0.221718,0.000000
58560,1,0.125000,0.920969,28,0,1000.000,0.781033,0.000000
58560,2,0.125000,0.916524,39,0,1000.000,1.234544,0.000000
58560,3,0.125000,0.906974,31,0,1000.000,1.730015,0.000000
58560,4,0.125000,0.894784,22,0,1000.000,2.226337,0.000000
58560,5,0.125000,0.835663,35,1,972.943,2.676622,0.000000
58560,6,0.125000,0.057053,46,42,101.000,0.470192,0.000000
58560,7,0.125000,0.000000,32,32,10.469,0.185742,0.000000
58608,0,0.125000,0.931597,23,0,1000.000,0.251355,0.000000
58608,1,0.125000,0.923147,37,0,1000.000,0.743764,0.000000
58608,2,0.125000,0.912925,28,0,1000.000,1.212049,0.000000
58608,3,0.125000,0.908907,25,0,1000.000,1.728281,0.000000
58608,4,0.125000,0.896619,34,0,1000.000,2.245097,0.000000
58608,5,0.125000,0.860668,34,0,1000.000,2.646152,0.000000
58608,6,0.125000,0.042905,33,31,75.212,0.416635,0.000000
58608,7,0.125000,0.000000,19,19,10.316,0.193118,0.000000
58656,0,0.125000,0.931179,40,0,1000.000,0.254344,0.000000
58656,1,0.125000,0.924023,48,0,1000.000,0.778295,0.000000
58656,2,0.125000,0.914420,25,0,1000.000,1.285788,0.000000
58656,3,0.125000,0.907225,37,0,1000.000,1.710889,0.000000
58656,4,0.125000,0.893632,28,0,1000.000,2.183793,0.000000
58656,5,0.125000,0.863035,27,0,1000.000,2.673172,0.000000
58656,6,0.125000,0.000000,31,31,13.935,0.164740,0.000000
58656,7,0.125000,0.000000,34,34,10.088,0.214756,0.000000
58704,0,0.125000,0.932486,25,0,1000.000,0.261391,0.000000
58704,1,0.125000,0.923571,46,0,1000.000,0.766949,0.000000
58704,2,0.125000,0.917969,42,0,1000.000,1.257177,0.000000
58704,3,0.125000,0.909199,37,0,1000.000,1.742387,0.000000
58704,4,0.125000,0.894905,27,0,1000.000,2.205279,0.000000
58704,5,0.125000,0.735042,27,4,855.259,2.330499,0.000000
58704,6,0.125000,0.000000,25,25,13.200,0.141822,0.000000
58704,7,0.125000,0.000000,33,33,10.333,0.222832,0.000000
58752,0,0.125000,0.931106,34,0,1000.000,0.262841,0.000000
58752,1,0.125000,0.922315,31,0,1000.000,0.781033,0.000000
58752,2,0.125000,0.918390,36,0,1000.000,1.253354,0.000000
58752,3,0.125000,0.910039,39,0,1000.000,1.719384,0.000000
58752,4,0.125000,0.898606,31,0,1000.000,2.215166,0.000000
58752,5,0.125000,0.770578,38,4,897.211,2.434823,0.000000
58752,6,0.125000,0.036817,36,34,70.278,0.381878,0.000000
58752,7,0.125000,0.000000,26,26,10.346,0.241555,0.000000
58800,0,0.125000,0.928588,33,0,1000.000,0.246398,0.000000
58800,1,0.125000,0.926047,30,0,1000.000,0.776621,0.000000
58800,2,0.125000,0.918208,33,0,1000.000,1.225372,0.000000
58800,3,0.125000,0.911345,32,0,1000.000,1.716303,0.000000
58800,4,0.125000,0.896887,33,0,1000.000,2.200626,0.000000
58800,5,0.125000,0.842240,37,1,973.541,2.609472,0.000000
58800,6,0.125000,0.017826,36,35,42.972,0.320861,0.000000
58800,7,0.125000,0.000000,32,32,10.531,0.211235,0.000000
58848,0,0.125000,0.928667,24,0,1000.000,0.261792,0.000000
58848,1,0.125000,0.921951,27,0,1000.000,0.743131,0.000000
58848,2,0.125000,0.917872,58,0,1000.000,1.246160,0.000000
58848,3,0.125000,0.911365,37,0,1000.000,1.730948,0.000000
58848,4,0.125000,0.892895,32,0,1000.000,2.183560,0.000000
58848,5,0.125000,0.872149,27,0,1000.000,2.633350,0.000000
58848,6,0.125000,0.023039,33,32,44.242,0.251818,0.000000
58848,7,0.125000,0.000000,33,33,10.182,0.169744,0.000000
58896,0,0.125000,0.932825,26,0,1000.000,0.273968,0.000000
58896,1,0.125000,0.924277,32,0,1000.000,0.751506,0.000000
58896,2,0.125000,0.920084,33,0,1000.000,1.251480,0.000000
58896,3,0.125000,0.908623,43,0,1000.000,1.706384,0.000000
58896,4,0.125000,0.897024,31,0,1000.000,2.229651,0.000000
58896,5,0.125000,0.838668,31,1,968.968,2.594055,0.000000
58896,6,0.125000,0.044934,33,31,73.667,0.361826,0.000000
58896,7,0.125000,0.000000,44,44,10.341,0.190639,0.000000
58944,0,0.125000,0.934073,35,0,1000.000,0.279429,0.000000
58944,1,0.125000,0.923545,49,0,1000.000,0.738859,0.000000
58944,2,0.125000,0.918086,38,0,1000.000,1.255740,0.000000
58944,3,0.125000,0.909737,40,0,1000.000,1.726949,0.000000
58944,4,0.125000,0.898466,38,0,1000.000,2.209425,0.000000
58944,5,0.125000,0.775557,30,3,903.600,2.470444,0.000000
58944,6,0.125000,0.034406,44,42,59.341,0.319906,0.000000
58944,7,0.125000,0.000000,37,37,10.189,0.199779,0.000000
58992,0,0.125000,0.932965,48,0,1000.000,0.241112,0.000000
58992,1,0.125000,0.921522,31,0,1000.000,0.760406,0.000000
58992,2,0.125000,0.916918,23,0,1000.000,1.235366,0.000000
58992,3,0.125000,0.907950,50,0,1000.000,1.721587,0.000000
58992,4,0.125000,0.896635,36,0,1000.000,2.201466,0.000000
58992,5,0.125000,0.765727,27,3,890.889,2.404352,0.000000
58992,6,0.125000,0.018011,39,38,39.231,0.255762,0.000000
58992,7,0.125000,0.000000,35,35,10.057,0.205705,0.000000
59040,0,0.125000,0.932082,39,0,1000.000,0.242385,0.000000
59040,1,0.125000,0.924896,38,0,1000.000,0.702595,0.000000
59040,2,0.125000,0.917722,31,0,1000.000,1.234724,0.000000
59040,3,0.125000,0.905814,36,0,1000.000,1.709221,0.000000
59040,4,0.125000,0.895560,28,0,1000.000,2.218024,0.000000
59040,5,0.125000,0.791482,35,3,916.000,2.437439,0.000000
59040,6,0.125000,0.061417,44,40,103.455,0.412112,0.000000
59040,7,0.125000,0.000000,44,44,10.205,0.220385,0.000000
59088,0,0.125000,0.933118,26,0,1000.000,0.268636,0.000000
59088,1,0.125000,0.923859,33,0,1000.000,0.752095,0.000000
59088,2,0.125000,0.918621,33,0,1000.000,1.228695,0.000000
59088,3,0.125000,0.902695,31,0,1000.000,1.708933,0.000000
59088,4,0.125000,0.900371,32,0,1000.000,2.191002,0.000000
59088,5,0.125000,0.827425,42,2,953.643,2.537275,0.000000
59088,6,0.125000,0.051968,31,29,79.839,0.450326,0.000000
59088,7,0.125000,0.000000,44,44,10.364,0.182385,0.000000
59136,0,0.125000,0.928973,37,0,1000.000,0.251554,0.000000
59136,1,0.125000,0.923471,36,0,1000.000,0.733761,0.000000
59136,2,0.125000,0.915885,27,0,1000.000,1.246748,0.000000
59136,3,0.125000,0.908093,28,0,1000.000,1.681340,0.000000
59136,4,0.125000,0.899744,43,0,1000.000,2.182269,0.000000
59136,5,0.125000,0.826092,23,1,957.913,2.560372,0.000000
59136,6,0.125000,0.000000,23,23,14.087,0.116932,0.000000
59136,7,0.125000,0.000000,34,34,10.382,0.169070,0.000000
59184,0,0.125000,0.929157,29,0,1000.000,0.250309,0.000000
59184,1,0.125000,0.921237,41,0,1000.000,0.718534,0.000000
59184,2,0.125000,0.920975,25,0,1000.000,1.234255,0.000000
59184,3,0.125000,0.909491,35,0,1000.000,1.681666,0.000000
59184,4,0.125000,0.900598,25,0,1000.000,2.198559,0.000000
59184,5,0.125000,0.814369,36,2,945.444,2.497211,0.000000
59184,6,0.125000,0.000000,29,29,15.241,0.239917,0.000000
59184,7,0.125000,0.000000,33,33,10.212,0.196472,0.000000
59232,0,0.125000,0.931595,32,0,1000.000,0.279741,0.000000
59232,1,0.125000,0.920359,36,0,1000.000,0.746326,0.000000
59232,2,0.125000,0.918111,30,0,1000.000,1.209226,0.000000
59232,3,0.125000,0.908624,34,0,1000.000,1.713908,0.000000
59232,4,0.125000,0.899524,39,0,1000.000,2.212214,0.000000
59232,5,0.125000,0.828265,24,1,959.333,2.515447,0.000000
59232,6,0.125000,0.000000,22,22,14.818,0.194887,0.000000
59232,7,0.125000,0.000000,20,20,12.300,0.246247,0.000000
59280,0,0.125000,0.932888,29,0,1000.000,0.257164,0.000000
59280,1,0.125000,0.924905,28,0,1000.000,0.726216,0.000000
59280,2,0.125000,0.915757,22,0,1000.000,1.266478,0.000000
59280,3,0.125000,0.910717,37,0,1000.000,1.740633,0.000000
59280,4,0.125000,0.898711,29,0,1000.000,2.203156,0.000000
59280,5,0.125000,0.823597,22,1,955.409,2.566550,0.000000
59280,6,0.125000,0.018327,32,31,45.875,0.272460,0.000000
59280,7,0.125000,0.000000,25,25,10.320,0.255906,0.000000
59328,0,0.125000,0.930647,27,0,1000.000,0.272051,0.000000
59328,1,0.125000,0.924089,28,0,1000.000,0.763734,0.000000
59328,2,0.125000,0.917556,28,0,1000.000,1.225926,0.000000
59328,3,0.125000,0.907671,39,0,1000.000,1.720221,0.000000
59328,4,0.125000,0.902005,34,0,1000.000,2.224029,0.000000
59328,5,0.125000,0.871256,24,0,1000.000,2.656047,0.000000
59328,6,0.125000,0.021544,39,38,40.000,0.262885,0.000000
59328,7,0.125000,0.000000,32,32,10.344,0.224654,0.000000
59376,0,0.125000,0.930563,38,0,1000.000,0.248637,0.000000
59376,1,0.125000,0.924214,24,0,1000.000,0.762369,0.000000
59376,2,0.125000,0.917284,29,0,1000.000,1.202654,0.000000
59376,3,0.125000,0.909366,36,0,1000.000,1.716611,0.000000
59376,4,0.125000,0.901713,28,0,1000.000,2.231250,0.000000
59376,5,0.125000,0.815260,34,2,942.471,2.550023,0.000000
59376,6,0.125000,0.050480,30,28,80.033,0.421696,0.000000
59376,7,0.125000,0.000000,34,34,10.029,0.211656,0.000000
59424,0,0.125000,0.927700,25,0,1000.000,0.256106,0.000000
59424,1,0.125000,0.921260,33,0,1000.000,0.745812,0.000000
59424,2,0.125000,0.920421,32,0,1000.000,1.222479,0.000000
59424,3,0.125000,0.903180,26,0,1000.000,1.696998,0.000000
59424,4,0.125000,0.900047,41,0,1000.000,2.218628,0.000000
59424,5,0.125000,0.835333,31,1,968.355,2.597769,0.000000
59424,6,0.125000,0.028759,27,26,50.296,0.270589,0.000000
59424,7,0.125000,0.000000,21,21,10.286,0.247196,0.000000
59472,0,0.125000,0.930998,41,0,1000.000,0.240792,0.000000
59472,1,0.125000,0.926210,39,0,1000.000,0.757410,0.000000
59472,2,0.125000,0.919131,33,0,1000.000,1.226676,0.000000
59472,3,0.125000,0.906253,28,0,1000.000,1.707150,0.000000
59472,4,0.125000,0.894356,21,0,1000.000,2.173959,0.000000
59472,5,0.125000,0.840735,34,1,971.176,2.593616,0.000000
59472,6,0.125000,0.000000,27,27,14.704,0.141115,0.000000
59472,7,0.125000,0.000000,39,39,10.538,0.238244,0.000000
59520,0,0.125000,0.933203,36,1,994.139,0.234189,0.000000
59520,1,0.125000,0.923144,28,0,1000.000,0.700321,0.000000
59520,2,0.125000,0.916537,35,0,1000.000,1.266245,0.000000
59520,3,0.125000,0.911598,22,0,1000.000,1.671798,0.000000
59520,4,0.125000,0.898890,31,0,1000.000,2.208211,0.000000
59520,5,0.125000,0.859184,26,0,1000.000,2.639197,0.000000
59520,6,0.125000,0.019523,28,27,50.964,0.318512,0.000000
59520,7,0.125000,0.000000,22,22,10.318,0.245237,0.000000
59568,0,0.125000,0.929320,29,0,1000.000,0.254436,0.000000
59568,1,0.125000,0.920745,25,0,1000.000,0.749722,0.000000
59568,2,0.125000,0.915983,35,0,1000.000,1.214511,0.000000
59568,3,0.125000,0.907538,28,0,1000.000,1.697547,0.000000
59568,4,0.125000,0.896290,42,0,1000.000,2.192288,0.000000
59568,5,0.125000,0.863311,35,0,1000.000,2.670302,0.000000
59568,6,0.125000,0.017988,37,36,41.486,0.314848,0.000000
59568,7,0.125000,0.000000,29,29,10.724,0.247893,0.000000
59616,0,0.125000,0.927156,34,0,1000.000,0.285731,0.000000
59616,1,0.125000,0.925179,32,0,1000.000,0.697648,0.000000
59616,2,0.125000,0.917232,38,0,1000.000,1.226725,0.000000
59616,3,0.125000,0.910485,30,0,1000.000,1.703274,0.000000
59616,4,0.125000,0.899828,31,0,1000.000,2.219450,0.000000
59616,5,0.125000,0.796864,28,2,930.036,2.512708,0.000000
59616,6,0.125000,0.020404,32,31,45.156,0.260433,0.000000
59616,7,0.125000,0.000000,25,25,10.560,0.249671,0.000000
59664,0,0.125000,0.924263,30,1,971.700,0.236976,0.000000
59664,1,0.125000,0.922001,32,0,1000.000,0.787625,0.000000
59664,2,0.125000,0.916647,28,0,1000.000,1.260954,0.000000
59664,3,0.125000,0.908328,34,0,1000.000,1.698406,0.000000
59664,4,0.125000,0.896694,38,0,1000.000,2.190096,0.000000
59664,5,0.125000,0.803876,30,2,934.667,2.483617,0.000000
59664,6,0.125000,0.023950,33,32,44.606,0.294301,0.000000
59664,7,0.125000,0.000000,35,35,10.514,0.267805,0.000000
59712,0,0.125000,0.932867,32,0,1000.000,0.248572,0.000000
59712,1,0.125000,0.922709,33,0,1000.000,0.749715,0.000000
59712,2,0.125000,0.915349,40,0,1000.000,1.233242,0.000000
59712,3,0.125000,0.909785,31,0,1000.000,1.729395,0.000000
59712,4,0.125000,0.898512,38,0,1000.000,2.191819,0.000000
59712,5,0.125000,0.854055,38,0,1000.000,2.635600,0.000000
59712,6,0.125000,0.051080,27,25,88.259,0.360245,0.000000
59712,7,0.125000,0.000000,33,33,10.424,0.252987,0.000000
59760,0,0.125000,0.926210,36,1,974.694,0.253497,0.000000
59760,1,0.125000,0.921451,33,0,1000.000,0.745541,0.000000
59760,2,0.125000,0.916682,35,0,1000.000,1.248996,0.000000
59760,3,0.125000,0.908325,20,0,1000.000,1.707145,0.000000
59760,4,0.125000,0.901103,41,0,1000.000,2.193676,0.000000
59760,5,0.125000,0.813584,41,2,952.219,2.553472,0.000000
59760,6,0.125000,0.000000,31,31,15.226,0.156754,0.000000
59760,7,0.125000,0.000000,35,35,10.257,0.255286,0.000000
59808,0,0.125000,0.931843,29,0,1000.000,0.277949,0.000000
59808,1,0.125000,0.921556,33,0,1000.000,0.778090,0.000000
59808,2,0.125000,0.918165,41,0,1000.000,1.271061,0.000000
59808,3,0.125000,0.910472,37,0,1000.000,1.741744,0.000000
59808,4,0.125000,0.897294,31,0,1000.000,2.240845,0.000000
59808,5,0.125000,0.837621,28,1,965.000,2.610246,0.000000
59808,6,0.125000,0.037628,39,37,65.846,0.353358,0.000000
59808,7,0.125000,0.000000,31,31,10.645,0.241303,0.000000
59856,0,0.125000,0.930940,29,0,1000.000,0.256182,0.000000
59856,1,0.125000,0.918734,30,0,1000.000,0.775899,0.000000
59856,2,0.125000,0.914985,31,0,1000.000,1.214483,0.000000
59856,3,0.125000,0.907563,38,0,1000.000,1.715924,0.000000
59856,4,0.125000,0.896300,33,0,1000.000,2.225315,0.000000
59856,5,0.125000,0.856432,31,0,1000.000,2.726299,0.000000
59856,6,0.125000,0.046565,28,26,85.571,0.413784,0.000000
59856,7,0.125000,0.000000,27,27,10.519,0.235270,0.000000
59904,0,0.125000,0.929823,29,1,997.655,0.274292,0.000000
59904,1,0.125000,0.920932,36,0,1000.000,0.747429,0.000000
59904,2,0.125000,0.918655,36,0,1000.000,1.238352,0.000000
59904,3,0.125000,0.909238,45,0,1000.000,1.706372,0.000000
59904,4,0.125000,0.898157,31,0,1000.000,2.202501,0.000000
59904,5,0.125000,0.863403,23,0,1000.000,2.680934,0.000000
59904,6,0.125000,0.045950,29,27,81.966,0.358014,0.000000
59904,7,0.125000,0.000000,27,27,10.407,0.242585,0.000000
59952,0,0.125000,0.930282,35,0,1000.000,0.268055,0.000000
59952,1,0.125000,0.922364,38,0,1000.000,0.763379,0.000000
59952,2,0.125000,0.915598,41,0,1000.000,1.276840,0.000000
59952,3,0.125000,0.909217,40,0,1000.000,1.756375,0.000000
59952,4,0.125000,0.898350,36,0,1000.000,2.201160,0.000000
59952,5,0.125000,0.860946,35,0,1000.000,2.724878,0.000000
59952,6,0.125000,0.017650,39,38,41.513,0.239545,0.000000
59952,7,0.125000,0.000000,41,41,10.195,0.264480,0.000000
60000,0,0.125000,0.929462,28,0,1000.000,0.270375,0.000000
60000,1,0.125000,0.924574,24,0,1000.000,0.773459,0.000000
60000,2,0.125000,0.918223,39,0,1000.000,1.210274,0.000000
60000,3,0.125000,0.909899,32,0,1000.000,1.713962,0.000000
60000,4,0.125000,0.896097,38,0,1000.000,2.240674,0.000000
60000,5,0.125000,0.843834,47,1,979.170,2.683196,0.000000
60000,6,0.125000,0.016910,43,42,37.070,0.231126,0.000000
60000,7,0.125000,0.000000,33,33,10.182,0.220619,0.000000
60048,0,0.125000,0.930675,42,0,1000.000,0.246213,0.000000
60048,1,0.125000,0.921364,26,0,1000.000,0.747552,0.000000
60048,2,0.125000,0.916360,35,0,1000.000,1.231869,0.000000
60048,3,0.125000,0.906127,42,0,1000.000,1.692516,0.000000
60048,4,0.125000,0.896504,31,0,1000.000,2.178683,0.000000
60048,5,0.125000,0.834003,37,1,973.703,2.624888,0.000000
60048,6,0.125000,0.040258,37,35,67.297,0.326555,0.000000
60048,7,0.125000,0.000000,41,41,10.439,0.237152,0.000000
60096,0,0.125000,0.928971,31,0,1000.000,0.202820,0.000000
60096,1,0.125000,0.922149,34,0,1000.000,0.736759,0.000000
60096,2,0.125000,0.915064,34,0,1000.000,1.219128,0.000000
60096,3,0.125000,0.905865,34,0,1000.000,1.729653,0.000000
60096,4,0.125000,0.892884,29,0,1000.000,2.210459,0.000000
60096,5,0.125000,0.771965,31,3,906.226,2.471660,0.000000
60096,6,0.125000,0.030716,48,46,55.604,0.309561,0.000000
60096,7,0.125000,0.000000,33,33,10.333,0.250775,0.000000
60144,0,0.125000,0.931653,38,0,1000.000,0.225782,0.000000
60144,1,0.125000,0.921943,29,0,1000.000,0.750488,0.000000
60144,2,0.125000,0.916244,30,0,1000.000,1.247212,0.000000
60144,3,0.125000,0.907801,37,0,1000.000,1.709763,0.000000
60144,4,0.125000,0.894135,44,0,1000.000,2.220056,0.000000
60144,5,0.125000,0.807021,32,2,938.812,2.558594,0.000000
60144,6,0.125000,0.024692,32,31,44.562,0.278148,0.000000
60144,7,0.125000,0.000000,32,32,10.062,0.247003,0.000000
60192,0,0.125000,0.928022,30,0,1000.000,0.239245,0.000000
60192,1,0.125000,0.921706,28,0,1000.000,0.743182,0.000000
60192,2,0.125000,0.916254,32,0,1000.000,1.229378,0.000000
60192,3,0.125000,0.905718,35,0,1000.000,1.729006,0.000000
60192,4,0.125000,0.895000,31,0,1000.000,2.206125,0.000000
60192,5,0.125000,0.866064,32,0,1000.000,2.653158,0.000000
60192,6,0.125000,0.022288,34,33,42.824,0.232648,0.000000
60192,7,0.125000,0.000000,39,39,10.103,0.269711,0.000000
60240,0,0.125000,0.928657,30,0,1000.000,0.256461,0.000000
60240,1,0.125000,0.922131,35,0,1000.000,0.745075,0.000000
60240,2,0.125000,0.916807,36,0,1000.000,1.201604,0.000000
60240,3,0.125000,0.906757,30,0,1000.000,1.713898,0.000000
60240,4,0.125000,0.894602,21,0,1000.000,2.172471,0.000000
60240,5,0.125000,0.859429,27,0,1000.000,2.684688,0.000000
60240,6,0.125000,0.047202,30,28,79.433,0.351546,0.000000
60240,7,0.125000,0.000000,36,36,10.806,0.205574,0.000000
60288,0,0.125000,0.929187,23,0,1000.000,0.287293,0.000000
60288,1,0.125000,0.921531,25,0,1000.000,0.745646,0.000000
60288,2,0.125000,0.916383,34,0,1000.000,1.250765,0.000000
60288,3,0.125000,0.908324,25,0,1000.000,1.687895,0.000000
60288,4,0.125000,0.892727,28,0,1000.000,2.211897,0.000000
60288,5,0.125000,0.837682,33,1,970.273,2.605427,0.000000
60288,6,0.125000,0.052027,26,24,90.615,0.378827,0.000000
60288,7,0.125000,0.000000,28,28,10.357,0.217635,0.000000
60336,0,0.125000,0.928816,24,1,995.750,0.257899,0.000000
60336,1,0.125000,0.924280,27,0,1000.000,0.752370,0.000000
60336,2,0.125000,0.915288,31,0,1000.000,1.238797,0.000000
60336,3,0.125000,0.906424,39,0,1000.000,1.735327,0.000000
60336,4,0.125000,0.893793,31,0,1000.000,2.235327,0.000000
60336,5,0.125000,0.863898,21,0,1000.000,2.659384,0.000000
60336,6,0.125000,0.027514,28,27,50.214,0.310916,0.000000
60336,7,0.125000,0.000000,29,29,10.379,0.226967,0.000000
60384,0,0.125000,0.923614,33,0,1000.000,0.257604,0.000000
60384,1,0.125000,0.921779,33,0,1000.000,0.747369,0.000000
60384,2,0.125000,0.914353,39,0,1000.000,1.263438,0.000000
60384,3,0.125000,0.907065,32,0,1000.000,1.712554,0.000000
60384,4,0.125000,0.895323,27,0,1000.000,2.214337,0.000000
60384,5,0.125000,0.813074,37,2,947.703,2.547782,0.000000
60384,6,0.125000,0.069272,33,30,105.636,0.471711,0.000000
60384,7,0.125000,0.000000,31,31,10.452,0.226840,0.000000
60432,0,0.125000,0.928668,34,0,1000.000,0.260511,0.000000
60432,1,0.125000,0.921289,31,0,1000.000,0.770181,0.000000
60432,2,0.125000,0.918190,34,0,1000.000,1.241717,0.000000
60432,3,0.125000,0.905467,26,0,1000.000,1.701638,0.000000
60432,4,0.125000,0.892600,27,0,1000.000,2.199850,0.000000
60432,5,0.125000,0.858466,28,0,1000.000,2.687506,0.000000
60432,6,0.125000,0.046065,33,31,74.394,0.330161,0.000000
60432,7,0.125000,0.000000,31,31,10.194,0.224500,0.000000
60480,0,0.125000,0.914905,24,1,962.583,0.264457,0.000000
60480,1,0.125000,0.922232,32,0,1000.000,0.783141,0.000000
60480,2,0.125000,0.916414,34,0,1000.000,1.234903,0.000000
60480,3,0.125000,0.910038,46,0,1000.000,1.729061,0.000000
60480,4,0.125000,0.891749,31,0,1000.000,2.206215,0.000000
60480,5,0.125000,0.862749,29,0,1000.000,2.704219,0.000000
60480,6,0.125000,0.089632,31,27,143.097,0.538804,0.000000
60480,7,0.125000,0.000000,42,42,10.500,0.249999,0.000000
60528,0,0.125000,0.927786,24,0,1000.000,0.281383,0.000000
60528,1,0.125000,0.920377,35,0,1000.000,0.764785,0.000000
60528,2,0.125000,0.916286,28,0,1000.000,1.224945,0.000000
60528,3,0.125000,0.906287,20,0,1000.000,1.725541,0.000000
60528,4,0.125000,0.895317,38,0,1000.000,2.204723,0.000000
60528,5,0.125000,0.866374,33,0,1000.000,2.690554,0.000000
60528,6,0.125000,0.034532,22,21,60.045,0.268798,0.000000
60528,7,0.125000,0.000000,17,17,10.235,0.216570,0.000000
60576,0,0.125000,0.928809,31,0,1000.000,0.269151,0.000000
60576,1,0.125000,0.921759,39,0,1000.000,0.775381,0.000000
60576,2,0.125000,0.914740,21,0,1000.000,1.263236,0.000000
60576,3,0.125000,0.909330,26,0,1000.000,1.747260,0.000000
60576,4,0.125000,0.897059,31,0,1000.000,2.170058,0.000000
60576,5,0.125000,0.868169,41,0,1000.000,2.709351,0.000000
60576,6,0.125000,0.086000,35,31,127.657,0.556350,0.000000
60576,7,0.125000,0.000000,40,40,10.475,0.196303,0.000000
60624,0,0.125000,0.929655,28,0,1000.000,0.256460,0.000000
60624,1,0.125000,0.921310,39,0,1000.000,0.758184,0.000000
60624,2,0.125000,0.916183,26,0,1000.000,1.182248,0.000000
60624,3,0.125000,0.907096,37,0,1000.000,1.704251,0.000000
60624,4,0.125000,0.889387,33,0,1000.000,2.184969,0.000000
60624,5,0.125000,0.827697,26,1,962.423,2.548594,0.000000
60624,6,0.125000,0.020224,33,32,45.818,0.311089,0.000000
60624,7,0.125000,0.000000,32,32,10.562,0.201720,0.000000
60672,0,0.125000,0.931646,33,0,1000.000,0.251618,0.000000
60672,1,0.125000,0.921245,29,0,1000.000,0.738525,0.000000
60672,2,0.125000,0.913155,33,0,1000.000,1.227238,0.000000
60672,3,0.125000,0.907469,39,0,1000.000,1.713671,0.000000
60672,4,0.125000,0.900213,31,0,1000.000,2.194776,0.000000
60672,5,0.125000,0.871145,28,0,1000.000,2.675969,0.000000
60672,6,0.125000,0.019634,33,32,44.545,0.301902,0.000000
60672,7,0.125000,0.000000,20,20,10.600,0.211785,0.000000
60720,0,0.125000,0.929587,30,0,1000.000,0.275144,0.000000
60720,1,0.125000,0.926653,34,0,1000.000,0.706974,0.000000
60720,2,0.125000,0.913996,39,0,1000.000,1.228353,0.000000
60720,3,0.125000,0.909972,37,0,1000.000,1.726349,0.000000
60720,4,0.125000,0.900555,32,0,1000.000,2.174413,0.000000
60720,5,0.125000,0.848494,37,1,973.595,2.621042,0.000000
60720,6,0.125000,0.023566,31,30,47.935,0.336626,0.000000
60720,7,0.125000,0.000000,25,25,10.400,0.230944,0.000000
60768,0,0.125000,0.930726,39,0,1000.000,0.244739,0.000000
60768,1,0.125000,0.925179,37,0,1000.000,0.747644,0.000000
60768,2,0.125000,0.918935,35,0,1000.000,1.243590,0.000000
60768,3,0.125000,0.907754,29,0,1000.000,1.700296,0.000000
60768,4,0.125000,0.898693,32,0,1000.000,2.195134,0.000000
60768,5,0.125000,0.869860,37,0,1000.000,2.644458,0.000000
60768,6,0.125000,0.020437,38,37,41.816,0.284583,0.000000
60768,7,0.125000,0.000000,35,35,10.600,0.230855,0.000000
60816,0,0.125000,0.926742,24,0,1000.000,0.269170,0.000000
60816,1,0.125000,0.922859,32,0,1000.000,0.731553,0.000000
60816,2,0.125000,0.916409,44,0,1000.000,1.249141,0.000000
60816,3,0.125000,0.906476,33,0,1000.000,1.701464,0.000000
60816,4,0.125000,0.899984,31,0,1000.000,2.205363,0.000000
60816,5,0.125000,0.865257,36,0,1000.000,2.647024,0.000000
60816,6,0.125000,0.053905,28,26,86.071,0.435237,0.000000
60816,7,0.125000,0.000000,35,35,10.171,0.238980,0.000000
60864,0,0.125000,0.933195,29,0,1000.000,0.265702,0.000000
60864,1,0.125000,0.917954,30,0,1000.000,0.774935,0.000000
60864,2,0.125000,0.916620,38,0,1000.000,1.275478,0.000000
60864,3,0.125000,0.904077,31,0,1000.000,1.740913,0.000000
60864,4,0.125000,0.895592,35,0,1000.000,2.205362,0.000000
60864,5,0.125000,0.829413,29,1,966.276,2.545547,0.000000
60864,6,0.125000,0.047767,28,26,85.143,0.381042,0.000000
60864,7,0.125000,0.000000,32,32,10.625,0.234547,0.000000
60912,0,0.125000,0.930637,42,0,1000.000,0.249632,0.000000
60912,1,0.125000,0.919898,23,0,1000.000,0.787356,0.000000
60912,2,0.125000,0.917362,38,0,1000.000,1.233720,0.000000
60912,3,0.125000,0.910024,30,0,1000.000,1.696586,0.000000
60912,4,0.125000,0.899693,32,0,1000.000,2.209730,0.000000
60912,5,0.125000,0.817798,37,2,946.892,2.494294,0.000000
60912,6,0.125000,0.021695,27,26,50.926,0.263385,0.000000
60912,7,0.125000,0.000000,35,35,10.343,0.240947,0.000000
60960,0,0.125000,0.929724,35,0,1000.000,0.232208,0.000000
60960,1,0.125000,0.922185,32,0,1000.000,0.727993,0.000000
60960,2,0.125000,0.916955,41,0,1000.000,1.212209,0.000000
60960,3,0.125000,0.908558,32,0,1000.000,1.720057,0.000000
60960,4,0.125000,0.898109,50,0,1000.000,2.203564,0.000000
60960,5,0.125000,0.867070,35,0,1000.000,2.658134,0.000000
60960,6,0.125000,0.023626,34,33,45.765,0.342105,0.000000
60960,7,0.125000,0.000000,41,41,10.488,0.209187,0.000000
61008,0,0.125000,0.929617,37,0,1000.000,0.276746,0.000000
61008,1,0.125000,0.920743,32,0,1000.000,0.742087,0.000000
61008,2,0.125000,0.921220,39,0,1000.000,1.251685,0.000000
61008,3,0.125000,0.907267,35,0,1000.000,1.711879,0.000000
61008,4,0.125000,0.901220,37,0,1000.000,2.221794,0.000000
61008,5,0.125000,0.832513,32,1,969.750,2.598495,0.000000
61008,6,0.125000,0.000000,32,32,15.594,0.209668,0.000000
61008,7,0.125000,0.000000,35,35,10.886,0.246552,0.000000
61056,0,0.125000,0.928377,27,0,1000.000,0.243241,0.000000
61056,1,0.125000,0.919767,30,0,1000.000,0.757619,0.000000
61056,2,0.125000,0.915339,35,0,1000.000,1.200278,0.000000
61056,3,0.125000,0.907438,37,0,1000.000,1.730737,0.000000
61056,4,0.125000,0.874333,39,1,975.103,2.152341,0.000000
61056,5,0.125000,0.838304,35,1,972.057,2.601350,0.000000
61056,6,0.125000,0.026848,23,22,59.826,0.375155,0.000000
61056,7,0.125000,0.000000,27,27,10.889,0.200428,0.000000
61104,0,0.125000,0.932619,31,0,1000.000,0.222642,0.000000
61104,1,0.125000,0.922641,33,0,1000.000,0.759682,0.000000
61104,2,0.125000,0.917051,35,0,1000.000,1.269371,0.000000
61104,3,0.125000,0.909331,39,0,1000.000,1.714097,0.000000
61104,4,0.125000,0.895122,36,0,1000.000,2.184798,0.000000
61104,5,0.125000,0.829319,29,1,966.379,2.588556,0.000000
61104,6,0.125000,0.000000,33,33,16.212,0.203056,0.000000
61104,7,0.125000,0.000000,29,29,10.621,0.209707,0.000000
61152,0,0.125000,0.927975,36,0,1000.000,0.264101,0.000000
61152,1,0.125000,0.923763,36,0,1000.000,0.778087,0.000000
61152,2,0.125000,0.917087,35,0,1000.000,1.251766,0.000000
61152,3,0.125000,0.906991,29,0,1000.000,1.701208,0.000000
61152,4,0.125000,0.891598,32,0,1000.000,2.209372,0.000000
61152,5,0.125000,0.796331,35,3,916.257,2.467213,0.000000
61152,6,0.125000,0.000000,28,28,17.143,0.240807,0.000000
61152,7,0.125000,0.000000,35,35,10.371,0.221957,0.000000
61200,0,0.125000,0.930127,33,0,1000.000,0.259071,0.000000
61200,1,0.125000,0.924317,29,0,1000.000,0.751333,0.000000
61200,2,0.125000,0.915549,23,0,1000.000,1.244172,0.000000
61200,3,0.125000,0.908138,38,0,1000.000,1.694289,0.000000
61200,4,0.125000,0.897079,32,0,1000.000,2.216613,0.000000
61200,5,0.125000,0.862331,35,0,1000.000,2.698063,0.000000
61200,6,0.125000,0.036451,38,36,68.526,0.430084,0.000000
61200,7,0.125000,0.000000,31,31,10.484,0.204826,0.000000
61248,0,0.125000,0.918598,35,1,973.143,0.265127,0.000000
61248,1,0.125000,0.924444,33,0,1000.000,0.747649,0.000000
61248,2,0.125000,0.916616,29,0,1000.000,1.241114,0.000000
61248,3,0.125000,0.909643,24,0,1000.000,1.740432,0.000000
61248,4,0.125000,0.892128,27,0,1000.000,2.189250,0.000000
61248,5,0.125000,0.871589,31,0,1000.000,2.707238,0.000000
61248,6,0.125000,0.025487,27,26,51.444,0.305433,0.000000
61248,7,0.125000,0.000000,41,41,10.488,0.229185,0.000000
61296,0,0.125000,0.930823,28,0,1000.000,0.245471,0.000000
61296,1,0.125000,0.921128,31,0,1000.000,0.804636,0.000000
61296,2,0.125000,0.917035,20,0,1000.000,1.259197,0.000000
61296,3,0.125000,0.905787,36,0,1000.000,1.709471,0.000000
61296,4,0.125000,0.897833,29,0,1000.000,2.188352,0.000000
61296,5,0.125000,0.864195,28,0,1000.000,2.635867,0.000000
61296,6,0.125000,0.000000,24,24,14.250,0.166101,0.000000
61296,7,0.125000,0.000000,30,30,10.300,0.221199,0.000000
61344,0,0.125000,0.931519,29,0,1000.000,0.241303,0.000000
61344,1,0.125000,0.927561,25,0,1000.000,0.750077,0.000000
61344,2,0.125000,0.917245,27,0,1000.000,1.199326,0.000000
61344,3,0.125000,0.908089,33,0,1000.000,1.707430,0.000000
61344,4,0.125000,0.896717,26,0,1000.000,2.207971,0.000000
61344,5,0.125000,0.811415,36,2,945.472,2.513549,0.000000
61344,6,0.125000,0.059618,38,35,94.395,0.471574,0.000000
61344,7,0.125000,0.000000,33,33,10.515,0.250836,0.000000
61392,0,0.125000,0.932406,31,0,1000.000,0.243855,0.000000
61392,1,0.125000,0.922897,37,0,1000.000,0.749932,0.000000
61392,2,0.125000,0.916834,39,0,1000.000,1.243050,0.000000
61392,3,0.125000,0.906592,32,0,1000.000,1.655652,0.000000
61392,4,0.125000,0.895530,30,0,1000.000,2.170144,0.000000
61392,5,0.125000,0.836969,28,1,965.071,2.549253,0.000000
61392,6,0.125000,0.018460,34,33,45.471,0.364024,0.000000
61392,7,0.125000,0.000000,33,33,11.667,0.208766,0.000000
61440,0,0.125000,0.931280,33,0,1000.000,0.238775,0.000000
61440,1,0.125000,0.921443,34,0,1000.000,0.758825,0.000000
61440,2,0.125000,0.915755,34,0,1000.000,1.219808,0.000000
61440,3,0.125000,0.909081,25,0,1000.000,1.701164,0.000000
61440,4,0.125000,0.891052,31,0,1000.000,2.204174,0.000000
61440,5,0.125000,0.864995,28,0,1000.000,2.700873,0.000000
61440,6,0.125000,0.061999,26,24,92.192,0.472581,0.000000
61440,7,0.125000,0.000000,29,29,10.862,0.243916,0.000000
61488,0,0.125000,0.931424,46,0,1000.000,0.277072,0.000000
61488,1,0.125000,0.924675,26,0,1000.000,0.793437,0.000000
61488,2,0.125000,0.918120,33,0,1000.000,1.279661,0.000000
61488,3,0.125000,0.908891,25,0,1000.000,1.742889,0.000000
61488,4,0.125000,0.893961,32,0,1000.000,2.216872,0.000000
61488,5,0.125000,0.860436,35,0,1000.000,2.699576,0.000000
61488,6,0.125000,0.057333,39,36,92.000,0.454547,0.000000
61488,7,0.125000,0.000000,33,33,10.848,0.235981,0.000000
61536,0,0.125000,0.931416,26,0,1000.000,0.289798,0.000000
61536,1,0.125000,0.924699,26,0,1000.000,0.772859,0.000000
61536,2,0.125000,0.916586,35,0,1000.000,1.262915,0.000000
61536,3,0.125000,0.906763,32,0,1000.000,1.748563,0.000000
61536,4,0.125000,0.889707,29,0,1000.000,2.209991,0.000000
61536,5,0.125000,0.854234,27,0,1000.000,2.691839,0.000000
61536,6,0.125000,0.025769,28,27,51.607,0.324787,0.000000
61536,7,0.125000,0.000000,30,30,10.700,0.212238,0.000000
61584,0,0.125000,0.930661,33,0,1000.000,0.280063,0.000000
61584,1,0.125000,0.920319,24,0,1000.000,0.794895,0.000000
61584,2,0.125000,0.917093,34,0,1000.000,1.246819,0.000000
61584,3,0.125000,0.905613,29,0,1000.000,1.706656,0.000000
61584,4,0.125000,0.891246,26,0,1000.000,2.208574,0.000000
61584,5,0.125000,0.865778,31,0,1000.000,2.684801,0.000000
61584,6,0.125000,0.063721,25,23,94.640,0.431864,0.000000
61584,7,0.125000,0.000000,37,37,10.459,0.230971,0.000000
61632,0,0.125000,0.931010,27,0,1000.000,0.283421,0.000000
61632,1,0.125000,0.921729,24,0,1000.000,0.718197,0.000000
61632,2,0.125000,0.916057,33,0,1000.000,1.210504,0.000000
61632,3,0.125000,0.905581,45,0,1000.000,1.697878,0.000000
61632,4,0.125000,0.896077,37,0,1000.000,2.205272,0.000000
61632,5,0.125000,0.857239,33,0,1000.000,2.656653,0.000000
61632,6,0.125000,0.022783,30,29,46.833,0.221101,0.000000
61632,7,0.125000,0.000000,29,29,11.000,0.234585,0.000000
61680,0,0.125000,0.928483,26,1,980.731,0.267753,0.000000
61680,1,0.125000,0.922794,31,0,1000.000,0.784647,0.000000
61680,2,0.125000,0.917821,37,0,1000.000,1.252569,0.000000
61680,3,0.125000,0.905372,30,0,1000.000,1.718825,0.000000
61680,4,0.125000,0.895538,34,0,1000.000,2.222582,0.000000
61680,5,0.125000,0.817956,38,2,948.579,2.557977,0.000000
61680,6,0.125000,0.083786,24,21,138.083,0.506470,0.000000
61680,7,0.125000,0.000000,38,38,10.553,0.222857,0.000000
61728,0,0.125000,0.929957,40,0,1000.000,0.265709,0.000000
61728,1,0.125000,0.921587,34,0,1000.000,0.759372,0.000000
61728,2,0.125000,0.916346,32,0,1000.000,1.208528,0.000000
61728,3,0.125000,0.907564,34,0,1000.000,1.703119,0.000000
61728,4,0.125000,0.897056,32,0,1000.000,2.182420,0.000000
61728,5,0.125000,0.827492,33,1,970.212,2.579071,0.000000
61728,6,0.125000,0.023345,34,33,44.206,0.304954,0.000000
61728,7,0.125000,0.000000,40,40,10.750,0.235101,0.000000
61776,0,0.125000,0.933637,42,0,1000.000,0.243147,0.000000
61776,1,0.125000,0.921408,29,0,1000.000,0.777059,0.000000
61776,2,0.125000,0.919762,31,0,1000.000,1.236614,0.000000
61776,3,0.125000,0.908084,38,0,1000.000,1.726094,0.000000
61776,4,0.125000,0.897271,37,0,1000.000,2.201152,0.000000
61776,5,0.125000,0.822782,39,2,950.359,2.547342,0.000000
61776,6,0.125000,0.040746,37,35,69.135,0.382125,0.000000
61776,7,0.125000,0.000000,33,33,10.636,0.234582,0.000000
61824,0,0.125000,0.928520,41,0,1000.000,0.237344,0.000000
61824,1,0.125000,0.924602,32,0,1000.000,0.741031,0.000000
61824,2,0.125000,0.919232,27,0,1000.000,1.236762,0.000000
61824,3,0.125000,0.906253,47,0,1000.000,1.724455,0.000000
61824,4,0.125000,0.893614,33,0,1000.000,2.210488,0.000000
61824,5,0.125000,0.872747,23,0,1000.000,2.699424,0.000000
61824,6,0.125000,0.027223,29,28,48.586,0.296298,0.000000
61824,7,0.125000,0.000000,36,36,10.694,0.231409,0.000000
61872,0,0.125000,0.930822,30,0,1000.000,0.270134,0.000000
61872,1,0.125000,0.926729,22,0,1000.000,0.714836,0.000000
61872,2,0.125000,0.918970,48,0,1000.000,1.229157,0.000000
61872,3,0.125000,0.905861,25,0,1000.000,1.720169,0.000000
61872,4,0.125000,0.888861,25,0,1000.000,2.194961,0.000000
61872,5,0.125000,0.809134,35,2,944.000,2.526247,0.000000
61872,6,0.125000,0.045683,31,29,79.129,0.432575,0.000000
61872,7,0.125000,0.000000,29,29,10.966,0.225566,0.000000
61920,0,0.125000,0.930177,43,1,995.070,0.226923,0.000000
61920,1,0.125000,0.920311,33,0,1000.000,0.744201,0.000000
61920,2,0.125000,0.917017,33,0,1000.000,1.212807,0.000000
61920,3,0.125000,0.908057,30,0,1000.000,1.709608,0.000000
61920,4,0.125000,0.897311,34,0,1000.000,2.221413,0.000000
61920,5,0.125000,0.868613,35,0,1000.000,2.683501,0.000000
61920,6,0.125000,0.000000,26,26,14.538,0.149386,0.000000
61920,7,0.125000,0.000000,38,38,10.921,0.198293,0.000000
61968,0,0.125000,0.932645,43,0,1000.000,0.213007,0.000000
61968,1,0.125000,0.921733,33,0,1000.000,0.697588,0.000000
61968,2,0.125000,0.916490,28,0,1000.000,1.228519,0.000000
61968,3,0.125000,0.905334,42,0,1000.000,1.707233,0.000000
61968,4,0.125000,0.898367,31,0,1000.000,2.208777,0.000000
61968,5,0.125000,0.874580,47,0,1000.000,2.686841,0.000000
61968,6,0.125000,0.021733,32,31,46.656,0.327566,0.000000
61968,7,0.125000,0.000000,31,31,10.581,0.237290,0.000000
62016,0,0.125000,0.928044,28,0,1000.000,0.275586,0.000000
62016,1,0.125000,0.923422,25,0,1000.000,0.727152,0.000000
62016,2,0.125000,0.916613,31,0,1000.000,1.250331,0.000000
62016,3,0.125000,0.907630,40,0,1000.000,1.720189,0.000000
62016,4,0.125000,0.894469,43,0,1000.000,2.197520,0.000000
62016,5,0.125000,0.845439,44,1,977.795,2.633876,0.000000
62016,6,0.125000,0.041666,38,36,66.789,0.328326,0.000000
62016,7,0.125000,0.000000,33,33,10.970,0.210168,0.000000
62064,0,0.125000,0.923071,31,1,975.774,0.235151,0.000000
62064,1,0.125000,0.922268,38,0,1000.000,0.760610,0.000000
62064,2,0.125000,0.917699,38,0,1000.000,1.261582,0.000000
62064,3,0.125000,0.906653,24,0,1000.000,1.720171,0.000000
62064,4,0.125000,0.894866,29,0,1000.000,2.206590,0.000000
62064,5,0.125000,0.865943,38,0,1000.000,2.670362,0.000000
62064,6,0.125000,0.110972,28,24,156.214,0.608875,0.000000
62064,7,0.125000,0.000000,33,33,10.394,0.193120,0.000000
62112,0,0.125000,0.931197,33,0,1000.000,0.306713,0.000000
62112,1,0.125000,0.924703,39,0,1000.000,0.761639,0.000000
62112,2,0.125000,0.915156,36,0,1000.000,1.246651,0.000000
62112,3,0.125000,0.908453,37,0,1000.000,1.747890,0.000000
62112,4,0.125000,0.890915,32,0,1000.000,2.205817,0.000000
62112,5,0.125000,0.774415,30,3,902.100,2.421258,0.000000
62112,6,0.125000,0.032267,38,36,67.553,0.341637,0.000000
62112,7,0.125000,0.000000,30,30,10.433,0.199838,0.000000
62160,0,0.125000,0.929798,33,0,1000.000,0.260844,0.000000
62160,1,0.125000,0.922576,27,0,1000.000,0.750835,0.000000
62160,2,0.125000,0.918737,34,0,1000.000,1.238498,0.000000
62160,3,0.125000,0.908442,30,0,1000.000,1.723008,0.000000
62160,4,0.125000,0.892845,25,0,1000.000,2.150138,0.000000
62160,5,0.125000,0.850955,41,1,976.219,2.607868,0.000000
62160,6,0.125000,0.037197,39,37,65.231,0.332385,0.000000
62160,7,0.125000,0.000000,35,35,10.657,0.244930,0.000000
62208,0,0.125000,0.929732,28,0,1000.000,0.242310,0.000000
62208,1,0.125000,0.923157,39,0,1000.000,0.744258,0.000000
62208,2,0.125000,0.916094,38,0,1000.000,1.251184,0.000000
62208,3,0.125000,0.907587,30,0,1000.000,1.724665,0.000000
62208,4,0.125000,0.891540,27,0,1000.000,2.193302,0.000000
62208,5,0.125000,0.803856,27,2,928.000,2.530323,0.000000
62208,6,0.125000,0.049327,27,25,87.148,0.358695,0.000000
62208,7,0.125000,0.000000,28,28,10.536,0.189154,0.000000
62256,0,0.125000,0.931040,29,0,1000.000,0.237429,0.000000
62256,1,0.125000,0.921178,29,0,1000.000,0.774394,0.000000
62256,2,0.125000,0.887419,28,1,965.821,1.181715,0.000000
62256,3,0.125000,0.903740,35,0,1000.000,1.707942,0.000000
62256,4,0.125000,0.896354,39,0,1000.000,2.214281,0.000000
62256,5,0.125000,0.866792,27,0,1000.000,2.715476,0.000000
62256,6,0.125000,0.017901,37,36,41.243,0.257870,0.000000
62256,7,0.125000,0.000000,24,24,10.208,0.200660,0.000000
62304,0,0.125000,0.930968,23,0,1000.000,0.261959,0.000000
62304,1,0.125000,0.922093,24,0,1000.000,0.783521,0.000000
62304,2,0.125000,0.913870,24,0,1000.000,1.220513,0.000000
62304,3,0.125000,0.904865,35,0,1000.000,1.704517,0.000000
62304,4,0.125000,0.895721,37,0,1000.000,2.210303,0.000000
62304,5,0.125000,0.826046,22,1,955.682,2.559138,0.000000
62304,6,0.125000,0.028913,27,26,51.037,0.252832,0.000000
62304,7,0.125000,0.000000,28,28,10.643,0.187980,0.000000
62352,0,0.125000,0.930281,22,0,1000.000,0.266931,0.000000
62352,1,0.125000,0.919848,36,0,1000.000,0.772195,0.000000
62352,2,0.125000,0.914714,26,0,1000.000,1.230962,0.000000
62352,3,0.125000,0.905621,33,0,1000.000,1.731866,0.000000
62352,4,0.125000,0.895730,34,0,1000.000,2.201901,0.000000
62352,5,0.125000,0.847018,37,1,973.622,2.632323,0.000000
62352,6,0.125000,0.057725,27,25,87.741,0.391249,0.000000
62352,7,0.125000,0.000000,26,26,10.269,0.225531,0.000000
62400,0,0.125000,0.929140,32,0,1000.000,0.289484,0.000000
62400,1,0.125000,0.924789,28,0,1000.000,0.741460,0.000000
62400,2,0.125000,0.917209,38,0,1000.000,1.243744,0.000000
62400,3,0.125000,0.907465,28,0,1000.000,1.732279,0.000000
62400,4,0.125000,0.893306,32,0,1000.000,2.189584,0.000000
62400,5,0.125000,0.814108,30,2,934.500,2.522579,0.000000
62400,6,0.125000,0.057095,38,35,92.632,0.416848,0.000000
62400,7,0.125000,0.000000,37,37,10.676,0.210166,0.000000
62448,0,0.125000,0.929616,31,0,1000.000,0.288349,0.000000
62448,1,0.125000,0.923973,30,0,1000.000,0.773273,0.000000
62448,2,0.125000,0.917882,29,0,1000.000,1.278656,0.000000
62448,3,0.125000,0.907723,34,0,1000.000,1.759048,0.000000
62448,4,0.125000,0.897770,26,0,1000.000,2.212783,0.000000
62448,5,0.125000,0.790004,34,3,915.147,2.467517,0.000000
62448,6,0.125000,0.041174,37,35,67.189,0.311464,0.000000
62448,7,0.125000,0.000000,30,30,9.967,0.186692,0.000000
62496,0,0.125000,0.929994,22,0,1000.000,0.287327,0.000000
62496,1,0.125000,0.925332,30,0,1000.000,0.770919,0.000000
62496,2,0.125000,0.915652,31,0,1000.000,1.276608,0.000000
62496,3,0.125000,0.908614,41,0,1000.000,1.739662,0.000000
62496,4,0.125000,0.899766,38,0,1000.000,2.254334,0.000000
62496,5,0.125000,0.839924,37,1,973.973,2.585128,0.000000
62496,6,0.125000,0.016715,38,37,40.316,0.273073,0.000000
62496,7,0.125000,0.000000,19,19,10.421,0.200777,0.000000
62544,0,0.125000,0.930572,30,0,1000.000,0.275560,0.000000
62544,1,0.125000,0.921283,30,0,1000.000,0.787565,0.000000
62544,2,0.125000,0.917747,29,0,1000.000,1.255467,0.000000
62544,3,0.125000,0.904538,31,0,1000.000,1.731739,0.000000
62544,4,0.125000,0.894547,30,0,1000.000,2.255468,0.000000
62544,5,0.125000,0.827270,29,1,966.345,2.642709,0.000000
62544,6,0.125000,0.041677,34,32,71.971,0.333605,0.000000
62544,7,0.125000,0.000000,31,31,10.323,0.179944,0.000000
62592,0,0.125000,0.931096,27,0,1000.000,0.316174,0.000000
62592,1,0.125000,0.920612,27,0,1000.000,0.765313,0.000000
62592,2,0.125000,0.916163,32,0,1000.000,1.263361,0.000000
62592,3,0.125000,0.907923,36,0,1000.000,1.733607,0.000000
62592,4,0.125000,0.893071,32,0,1000.000,2.249701,0.000000
62592,5,0.125000,0.858485,29,0,1000.000,2.690131,0.000000
62592,6,0.125000,0.098145,43,37,151.326,0.562041,0.000000
62592,7,0.125000,0.000000,29,29,10.448,0.186737,0.000000
62640,0,0.125000,0.929671,38,0,1000.000,0.279497,0.000000
62640,1,0.125000,0.921722,40,0,1000.000,0.750371,0.000000
62640,2,0.125000,0.917937,35,0,1000.000,1.260655,0.000000
62640,3,0.125000,0.880414,30,1,968.100,1.689751,0.000000
62640,4,0.125000,0.898994,25,0,1000.000,2.229531,0.000000
62640,5,0.125000,0.837211,32,1,969.906,2.640236,0.000000
62640,6,0.125000,0.037287,22,21,59.000,0.288120,0.000000
62640,7,0.125000,0.000000,36,36,10.611,0.198531,0.000000
62688,0,0.125000,0.929428,35,1,983.229,0.244742,0.000000
62688,1,0.125000,0.923253,35,0,1000.000,0.766954,0.000000
62688,2,0.125000,0.916887,29,0,1000.000,1.215028,0.000000
62688,3,0.125000,0.902453,20,0,1000.000,1.670198,0.000000
62688,4,0.125000,0.896392,34,0,1000.000,2.181755,0.000000
62688,5,0.125000,0.834740,29,1,966.310,2.593356,0.000000
62688,6,0.125000,0.000000,27,27,16.222,0.190526,0.000000
62688,7,0.125000,0.000000,30,30,10.500,0.197463,0.000000
62736,0,0.125000,0.930462,39,0,1000.000,0.212076,0.000000
62736,1,0.125000,0.923489,39,0,1000.000,0.762786,0.000000
62736,2,0.125000,0.916294,34,0,1000.000,1.224941,0.000000
62736,3,0.125000,0.904717,41,0,1000.000,1.659750,0.000000
62736,4,0.125000,0.895109,28,0,1000.000,2.167139,0.000000
62736,5,0.125000,0.860577,35,0,1000.000,2.642965,0.000000
62736,6,0.125000,0.057947,25,23,94.840,0.456726,0.000000
62736,7,0.125000,0.000000,29,29,10.655,0.173606,0.000000
62784,0,0.125000,0.929874,45,0,1000.000,0.271362,0.000000
62784,1,0.125000,0.923967,39,0,1000.000,0.771494,0.000000
62784,2,0.125000,0.918922,33,0,1000.000,1.245178,0.000000
62784,3,0.125000,0.904248,28,0,1000.000,1.716778,0.000000
62784,4,0.125000,0.895738,34,0,1000.000,2.203989,0.000000
62784,5,0.125000,0.805614,32,2,943.688,2.497155,0.000000
62784,6,0.125000,0.038481,35,33,72.057,0.345822,0.000000
62784,7,0.125000,0.000000,30,30,10.533,0.187455,0.000000
62832,0,0.125000,0.929208,26,0,1000.000,0.269273,0.000000
62832,1,0.125000,0.921821,36,0,1000.000,0.776196,0.000000
62832,2,0.125000,0.916165,33,0,1000.000,1.235921,0.000000
62832,3,0.125000,0.906617,39,0,1000.000,1.696536,0.000000
62832,4,0.125000,0.899387,34,0,1000.000,2.206107,0.000000
62832,5,0.125000,0.866719,32,0,1000.000,2.605027,0.000000
62832,6,0.125000,0.000000,33,33,16.758,0.247035,0.000000
62832,7,0.125000,0.000000,23,23,10.739,0.221217,0.000000
62880,0,0.125000,0.931697,36,1,989.194,0.288653,0.000000
62880,1,0.125000,0.920970,34,0,1000.000,0.784022,0.000000
62880,2,0.125000,0.916918,19,0,1000.000,1.250010,0.000000
62880,3,0.125000,0.910452,33,0,1000.000,1.723653,0.000000
62880,4,0.125000,0.891219,36,0,1000.000,2.192052,0.000000
62880,5,0.125000,0.863985,37,0,1000.000,2.658649,0.000000
62880,6,0.125000,0.026263,26,25,53.462,0.313729,0.000000
62880,7,0.125000,0.000000,32,32,10.438,0.201766,0.000000
62928,0,0.125000,0.930927,43,0,1000.000,0.292159,0.000000
62928,1,0.125000,0.918707,40,0,1000.000,0.765753,0.000000
62928,2,0.125000,0.913170,33,0,1000.000,1.259722,0.000000
62928,3,0.125000,0.908358,33,0,1000.000,1.728463,0.000000
62928,4,0.125000,0.895720,31,0,1000.000,2.229555,0.000000
62928,5,0.125000,0.866384,23,0,1000.000,2.643131,0.000000
62928,6,0.125000,0.069857,31,28,110.032,0.504326,0.000000
62928,7,0.125000,0.000000,33,33,10.212,0.225885,0.000000
62976,0,0.125000,0.935041,19,0,1000.000,0.244705,0.000000
62976,1,0.125000,0.926246,37,0,1000.000,0.753603,0.000000
62976,2,0.125000,0.916876,42,0,1000.000,1.232547,0.000000
62976,3,0.125000,0.907507,40,0,1000.000,1.701315,0.000000
62976,4,0.125000,0.896637,43,0,1000.000,2.203251,0.000000
62976,5,0.125000,0.846725,39,1,974.897,2.623255,0.000000
62976,6,0.125000,0.019507,38,37,40.553,0.254910,0.000000
62976,7,0.125000,0.000000,24,24,10.417,0.229828,0.000000
63024,0,0.125000,0.930226,38,0,1000.000,0.268952,0.000000
63024,1,0.125000,0.923209,35,0,1000.000,0.739628,0.000000
63024,2,0.125000,0.917815,41,0,1000.000,1.257831,0.000000
63024,3,0.125000,0.903725,43,0,1000.000,1.684309,0.000000
63024,4,0.125000,0.897314,40,0,1000.000,2.183080,0.000000
63024,5,0.125000,0.800860,26,2,925.769,2.522523,0.000000
63024,6,0.125000,0.015167,38,37,39.500,0.219229,0.000000
63024,7,0.125000,0.000000,42,42,10.333,0.210923,0.000000
63072,0,0.125000,0.932535,25,0,1000.000,0.254836,0.000000
63072,1,0.125000,0.923254,32,0,1000.000,0.772336,0.000000
63072,2,0.125000,0.917664,38,0,1000.000,1.235438,0.000000
63072,3,0.125000,0.910193,33,0,1000.000,1.711480,0.000000
63072,4,0.125000,0.892852,34,0,1000.000,2.200293,0.000000
63072,5,0.125000,0.867172,37,0,1000.000,2.670806,0.000000
63072,6,0.125000,0.000000,42,42,14.643,0.213903,0.000000
63072,7,0.125000,0.000000,27,27,10.370,0.236291,0.000000
63120,0,0.125000,0.927913,34,0,1000.000,0.275839,0.000000
63120,1,0.125000,0.921102,30,0,1000.000,0.749586,0.000000
63120,2,0.125000,0.917969,36,0,1000.000,1.241457,0.000000
63120,3,0.125000,0.907410,24,0,1000.000,1.745012,0.000000
63120,4,0.125000,0.893508,31,0,1000.000,2.198270,0.000000
63120,5,0.125000,0.838509,34,1,971.618,2.600662,0.000000
63120,6,0.125000,0.023696,33,32,45.000,0.266011,0.000000
63120,7,0.125000,0.000000,46,46,10.587,0.249553,0.000000
63168,0,0.125000,0.930344,40,0,1000.000,0.248635,0.000000
63168,1,0.125000,0.889294,26,1,963.615,0.769925,0.000000
63168,2,0.125000,0.918970,37,0,1000.000,1.226195,0.000000
63168,3,0.125000,0.911322,25,0,1000.000,1.748535,0.000000
63168,4,0.125000,0.895756,37,0,1000.000,2.208776,0.000000
63168,5,0.125000,0.821353,38,2,948.289,2.505156,0.000000
63168,6,0.125000,0.036920,39,37,65.410,0.304977,0.000000
63168,7,0.125000,0.000000,46,46,10.522,0.181820,0.000000
63216,0,0.125000,0.931794,36,0,1000.000,0.300949,0.000000
63216,1,0.125000,0.920175,27,0,1000.000,0.763013,0.000000
63216,2,0.125000,0.915833,39,0,1000.000,1.212675,0.000000
63216,3,0.125000,0.904008,34,0,1000.000,1.700116,0.000000
63216,4,0.125000,0.896175,30,0,1000.000,2.202497,0.000000
63216,5,0.125000,0.826217,26,1,963.192,2.540107,0.000000
63216,6,0.125000,0.014325,46,45,40.174,0.420340,0.000000
63216,7,0.125000,0.000000,31,31,10.484,0.186829,0.000000
63264,0,0.125000,0.931232,27,0,1000.000,0.249864,0.000000
63264,1,0.125000,0.924107,28,0,1000.000,0.778675,0.000000
63264,2,0.125000,0.918080,36,0,1000.000,1.257931,0.000000
63264,3,0.125000,0.908689,30,0,1000.000,1.730132,0.000000
63264,4,0.125000,0.897240,24,0,1000.000,2.214944,0.000000
63264,5,0.125000,0.868713,37,0,1000.000,2.652799,0.000000
63264,6,0.125000,0.000000,27,27,15.259,0.198485,0.000000
63264,7,0.125000,0.000000,24,24,10.042,0.161448,0.000000
63312,0,0.125000,0.931658,33,1,987.333,0.254721,0.000000
63312,1,0.125000,0.926088,24,0,1000.000,0.800207,0.000000
63312,2,0.125000,0.914356,25,0,1000.000,1.250164,0.000000
63312,3,0.125000,0.909244,25,0,1000.000,1.742297,0.000000
63312,4,0.125000,0.896036,31,0,1000.000,2.240724,0.000000
63312,5,0.125000,0.828857,26,1,963.538,2.561875,0.000000
63312,6,0.125000,0.020087,33,32,45.273,0.308953,0.000000
63312,7,0.125000,0.000000,26,26,10.269,0.164522,0.000000
63360,0,0.125000,0.930300,24,0,1000.000,0.300247,0.000000
63360,1,0.125000,0.920550,36,0,1000.000,0.774267,0.000000
63360,2,0.125000,0.917128,27,0,1000.000,1.246977,0.000000
63360,3,0.125000,0.908484,41,0,1000.000,1.725091,0.000000
63360,4,0.125000,0.898307,32,0,1000.000,2.268214,0.000000
63360,5,0.125000,0.869386,24,0,1000.000,2.710781,0.000000
63360,6,0.125000,0.069852,31,28,109.065,0.385761,0.000000
63360,7,0.125000,0.000000,33,33,10.152,0.183663,0.000000
63408,0,0.125000,0.932585,31,0,1000.000,0.270937,0.000000
63408,1,0.125000,0.925258,37,0,1000.000,0.746800,0.000000
63408,2,0.125000,0.920124,30,0,1000.000,1.288827,0.000000
63408,3,0.125000,0.907714,30,0,1000.000,1.734508,0.000000
63408,4,0.125000,0.896415,35,0,1000.000,2.281691,0.000000
63408,5,0.125000,0.864675,30,0,1000.000,2.702174,0.000000
63408,6,0.125000,0.000000,30,30,14.600,0.199336,0.000000
63408,7,0.125000,0.000000,26,26,10.269,0.193350,0.000000
63456,0,0.125000,0.929791,34,0,1000.000,0.259480,0.000000
63456,1,0.125000,0.921962,36,0,1000.000,0.789688,0.000000
63456,2,0.125000,0.918905,29,0,1000.000,1.229766,0.000000
63456,3,0.125000,0.907935,28,0,1000.000,1.732599,0.000000
63456,4,0.125000,0.893603,22,0,1000.000,2.249116,0.000000
63456,5,0.125000,0.848360,38,1,974.263,2.644795,0.000000
63456,6,0.125000,0.000000,35,35,13.971,0.166135,0.000000
63456,7,0.125000,0.000000,45,45,9.978,0.182577,0.000000
63504,0,0.125000,0.929304,25,0,1000.000,0.298530,0.000000
63504,1,0.125000,0.926189,41,0,1000.000,0.771594,0.000000
63504,2,0.125000,0.916461,26,0,1000.000,1.236366,0.000000
63504,3,0.125000,0.911325,32,0,1000.000,1.734978,0.000000
63504,4,0.125000,0.900011,33,0,1000.000,2.272973,0.000000
63504,5,0.125000,0.842059,38,1,974.237,2.651703,0.000000
63504,6,0.125000,0.000001,37,37,14.973,0.232220,0.000000
63504,7,0.125000,0.000000,24,24,9.833,0.180710,0.000000
63552,0,0.125000,0.931836,34,0,1000.000,0.262429,0.000000
63552,1,0.125000,0.922701,37,0,1000.000,0.714672,0.000000
63552,2,0.125000,0.920750,22,0,1000.000,1.250704,0.000000
63552,3,0.125000,0.911365,31,0,1000.000,1.709394,0.000000
63552,4,0.125000,0.899317,30,0,1000.000,2.200266,0.000000
63552,5,0.125000,0.855096,28,0,1000.000,2.667743,0.000000
63552,6,0.125000,0.020296,35,34,41.314,0.243024,0.000000
63552,7,0.125000,0.000000,35,35,9.800,0.186987,0.000000
63600,0,0.125000,0.912015,29,1,967.621,0.254440,0.000000
63600,1,0.125000,0.921670,36,0,1000.000,0.725188,0.000000
63600,2,0.125000,0.919261,38,0,1000.000,1.216935,0.000000
63600,3,0.125000,0.907362,35,0,1000.000,1.704935,0.000000
63600,4,0.125000,0.895066,30,0,1000.000,2.218271,0.000000
63600,5,0.125000,0.797060,28,2,931.571,2.535385,0.000000
63600,6,0.125000,0.000000,31,31,14.032,0.184792,0.000000
63600,7,0.125000,0.000000,32,32,9.719,0.199337,0.000000
63648,0,0.125000,0.931604,39,0,1000.000,0.259642,0.000000
63648,1,0.125000,0.920740,29,0,1000.000,0.731053,0.000000
63648,2,0.125000,0.917545,19,0,1000.000,1.238345,0.000000
63648,3,0.125000,0.907661,39,0,1000.000,1.716996,0.000000
63648,4,0.125000,0.899787,27,0,1000.000,2.206174,0.000000
63648,5,0.125000,0.865685,35,0,1000.000,2.687120,0.000000
63648,6,0.125000,0.033346,39,37,64.154,0.302150,0.000000
63648,7,0.125000,0.000000,29,29,9.621,0.222837,0.000000
63696,0,0.125000,0.926839,33,0,1000.000,0.274840,0.000000
63696,1,0.125000,0.920470,29,0,1000.000,0.767369,0.000000
63696,2,0.125000,0.914969,36,0,1000.000,1.227924,0.000000
63696,3,0.125000,0.905979,25,0,1000.000,1.743636,0.000000
63696,4,0.125000,0.897919,33,0,1000.000,2.205562,0.000000
63696,5,0.125000,0.831074,35,1,972.343,2.617273,0.000000
63696,6,0.125000,0.030043,25,24,53.400,0.253431,0.000000
63696,7,0.125000,0.000000,34,34,10.059,0.234532,0.000000
63744,0,0.125000,0.929054,35,0,1000.000,0.287445,0.000000
63744,1,0.125000,0.922471,37,0,1000.000,0.739245,0.000000
63744,2,0.125000,0.918048,32,0,1000.000,1.207019,0.000000
63744,3,0.125000,0.910413,38,0,1000.000,1.708035,0.000000
63744,4,0.125000,0.890252,37,0,1000.000,2.175313,0.000000
63744,5,0.125000,0.834367,32,1,969.312,2.533357,0.000000
63744,6,0.125000,0.042065,38,36,65.763,0.325596,0.000000
63744,7,0.125000,0.000000,37,37,10.189,0.242372,0.000000
63792,0,0.125000,0.928708,39,0,1000.000,0.252393,0.000000
63792,1,0.125000,0.923614,30,0,1000.000,0.701894,0.000000
63792,2,0.125000,0.918487,37,0,1000.000,1.210829,0.000000
63792,3,0.125000,0.908772,39,0,1000.000,1.707084,0.000000
63792,4,0.125000,0.898557,35,0,1000.000,2.191420,0.000000
63792,5,0.125000,0.840641,37,1,973.649,2.536473,0.000000
63792,6,0.125000,0.040167,31,29,78.581,0.436786,0.000000
63792,7,0.125000,0.000000,35,35,10.171,0.201979,0.000000
63840,0,0.125000,0.928261,31,1,996.194,0.252011,0.000000
63840,1,0.125000,0.922726,40,0,1000.000,0.749262,0.000000
63840,2,0.125000,0.916683,38,0,1000.000,1.205797,0.000000
63840,3,0.125000,0.907835,28,0,1000.000,1.713846,0.000000
63840,4,0.125000,0.891348,29,0,1000.000,2.213814,0.000000
63840,5,0.125000,0.785637,35,3,916.971,2.426156,0.000000
63840,6,0.125000,0.037542,36,34,69.972,0.381640,0.000000
63840,7,0.125000,0.000000,30,30,10.133,0.215855,0.000000
63888,0,0.125000,0.933614,22,0,1000.000,0.234283,0.000000
63888,1,0.125000,0.923659,33,0,1000.000,0.734532,0.000000
63888,2,0.125000,0.921328,35,0,1000.000,1.219613,0.000000
63888,3,0.125000,0.905556,36,0,1000.000,1.717859,0.000000
63888,4,0.125000,0.895112,27,0,1000.000,2.157844,0.000000
63888,5,0.125000,0.841718,37,1,973.459,2.582981,0.000000
63888,6,0.125000,0.099400,28,24,154.643,0.552972,0.000000
63888,7,0.125000,0.000000,30,30,10.200,0.196021,0.000000
63936,0,0.125000,0.932393,36,0,1000.000,0.281886,0.000000
63936,1,0.125000,0.923731,32,0,1000.000,0.763298,0.000000
63936,2,0.125000,0.918812,38,0,1000.000,1.218383,0.000000
63936,3,0.125000,0.902868,33,0,1000.000,1.692816,0.000000
63936,4,0.125000,0.893404,31,0,1000.000,2.203399,0.000000
63936,5,0.125000,0.866386,30,0,1000.000,2.656594,0.000000
63936,6,0.125000,0.032481,40,38,62.875,0.285487,0.000000
63936,7,0.125000,0.000000,33,33,10.000,0.180167,0.000000
63984,0,0.125000,0.922961,34,1,973.441,0.279611,0.000000
63984,1,0.125000,0.924566,40,0,1000.000,0.751219,0.000000
63984,2,0.125000,0.917970,39,0,1000.000,1.234557,0.000000
63984,3,0.125000,0.906938,41,0,1000.000,1.714722,0.000000
63984,4,0.125000,0.896570,38,0,1000.000,2.217514,0.000000
63984,5,0.125000,0.795519,38,3,923.684,2.501643,0.000000
63984,6,0.125000,0.021740,38,37,40.184,0.270760,0.000000
63984,7,0.125000,0.000000,37,37,9.703,0.181494,0.000000
64032,0,0.125000,0.932610,33,0,1000.000,0.280009,0.000000
64032,1,0.125000,0.922750,33,0,1000.000,0.733343,0.000000
64032,2,0.125000,0.912659,33,0,1000.000,1.236708,0.000000
64032,3,0.125000,0.907193,39,0,1000.000,1.721320,0.000000
64032,4,0.125000,0.897442,35,0,1000.000,2.201596,0.000000
64032,5,0.125000,0.824371,34,1,971.382,2.579914,0.000000
64032,6,0.125000,0.000000,44,44,12.841,0.175765,0.000000
64032,7,0.125000,0.000000,36,36,9.639,0.159677,0.000000
64080,0,0.125000,0.934472,25,0,1000.000,0.230013,0.000000
64080,1,0.125000,0.924098,36,0,1000.000,0.738209,0.000000
64080,2,0.125000,0.918695,33,0,1000.000,1.234889,0.000000
64080,3,0.125000,0.905309,34,0,1000.000,1.729685,0.000000
64080,4,0.125000,0.896869,34,0,1000.000,2.183561,0.000000
64080,5,0.125000,0.834489,33,1,970.394,2.585075,0.000000
64080,6,0.125000,0.000000,32,32,12.750,0.155509,0.000000
64080,7,0.125000,0.000000,25,25,9.800,0.206838,0.000000
64128,0,0.125000,0.927634,38,0,1000.000,0.262041,0.000000
64128,1,0.125000,0.921839,18,0,1000.000,0.709399,0.000000
64128,2,0.125000,0.913756,36,0,1000.000,1.208328,0.000000
64128,3,0.125000,0.908408,36,0,1000.000,1.690528,0.000000
64128,4,0.125000,0.897919,47,0,1000.000,2.208644,0.000000
64128,5,0.125000,0.807946,32,2,938.906,2.501436,0.000000
64128,6,0.125000,0.000000,47,47,13.553,0.146485,0.000000
64128,7,0.125000,0.000000,30,30,9.700,0.142204,0.000000
64176,0,0.125000,0.930859,29,0,1000.000,0.285816,0.000000
64176,1,0.125000,0.922809,33,0,1000.000,0.750818,0.000000
64176,2,0.125000,0.913267,28,0,1000.000,1.228955,0.000000
64176,3,0.125000,0.908518,33,0,1000.000,1.703496,0.000000
64176,4,0.125000,0.894736,37,0,1000.000,2.220945,0.000000
64176,5,0.125000,0.861560,30,0,1000.000,2.653386,0.000000
64176,6,0.125000,0.069440,39,35,114.051,0.418181,0.000000
64176,7,0.125000,0.000000,32,32,9.656,0.167624,0.000000
64224,0,0.125000,0.928883,31,0,1000.000,0.226142,0.000000
64224,1,0.125000,0.920718,32,0,1000.000,0.747911,0.000000
64224,2,0.125000,0.916030,35,0,1000.000,1.233611,0.000000
64224,3,0.125000,0.909536,29,0,1000.000,1.688398,0.000000
64224,4,0.125000,0.898862,30,0,1000.000,2.232513,0.000000
64224,5,0.125000,0.834056,34,1,971.176,2.599526,0.000000
64224,6,0.125000,0.011510,47,46,33.809,0.187325,0.000000
64224,7,0.125000,0.000000,35,35,9.800,0.193879,0.000000
64272,0,0.125000,0.929520,39,0,1000.000,0.241702,0.000000
64272,1,0.125000,0.921019,29,0,1000.000,0.751610,0.000000
64272,2,0.125000,0.915847,21,0,1000.000,1.271477,0.000000
64272,3,0.125000,0.910643,32,0,1000.000,1.707140,0.000000
64272,4,0.125000,0.896962,41,0,1000.000,2.203012,0.000000
64272,5,0.125000,0.862514,25,0,1000.000,2.701668,0.000000
64272,6,0.125000,0.018036,27,26,49.556,0.254095,0.000000
64272,7,0.125000,0.000000,28,28,10.214,0.172046,0.000000
64320,0,0.125000,0.930956,37,1,997.730,0.246364,0.000000
64320,1,0.125000,0.922977,21,0,1000.000,0.771855,0.000000
64320,2,0.125000,0.920440,38,0,1000.000,1.219610,0.000000
64320,3,0.125000,0.906694,26,0,1000.000,1.732386,0.000000
64320,4,0.125000,0.895183,24,0,1000.000,2.230258,0.000000
64320,5,0.125000,0.861854,18,0,1000.000,2.695121,0.000000
64320,6,0.125000,0.023277,33,32,44.000,0.220922,0.000000
64320,7,0.125000,0.000000,24,24,9.792,0.189690,0.000000
64368,0,0.125000,0.928996,35,0,1000.000,0.254931,0.000000
64368,1,0.125000,0.924786,30,0,1000.000,0.743333,0.000000
64368,2,0.125000,0.917702,38,0,1000.000,1.215825,0.000000
64368,3,0.125000,0.909482,32,0,1000.000,1.695157,0.000000
64368,4,0.125000,0.897126,27,0,1000.000,2.212916,0.000000
64368,5,0.125000,0.838945,29,1,966.138,2.627070,0.000000
64368,6,0.125000,0.025501,27,26,50.037,0.292139,0.000000
64368,7,0.125000,0.000000,42,42,10.119,0.168092,0.000000
64416,0,0.125000,0.931624,27,1,979.444,0.247357,0.000000
64416,1,0.125000,0.921185,29,0,1000.000,0.765765,0.000000
64416,2,0.125000,0.915322,38,0,1000.000,1.223592,0.000000
64416,3,0.125000,0.904780,29,0,1000.000,1.687914,0.000000
64416,4,0.125000,0.900151,32,0,1000.000,2.188803,0.000000
64416,5,0.125000,0.825036,25,1,960.720,2.518535,0.000000
64416,6,0.125000,0.015827,35,34,41.171,0.210987,0.000000
64416,7,0.125000,0.000000,33,33,10.121,0.188775,0.000000
64464,0,0.125000,0.930041,34,1,981.353,0.246047,0.000000
64464,1,0.125000,0.924371,27,0,1000.000,0.740081,0.000000
64464,2,0.125000,0.919158,32,0,1000.000,1.249743,0.000000
64464,3,0.125000,0.908395,28,0,1000.000,1.675477,0.000000
64464,4,0.125000,0.899876,35,0,1000.000,2.225153,0.000000
64464,5,0.125000,0.808067,37,2,946.946,2.510371,0.000000
64464,6,0.125000,0.031952,43,41,59.674,0.303691,0.000000
64464,7,0.125000,0.000000,31,31,10.032,0.179043,0.000000
64512,0,0.125000,0.932242,25,0,1000.000,0.272210,0.000000
64512,1,0.125000,0.920545,37,0,1000.000,0.753442,0.000000
64512,2,0.125000,0.917816,20,0,1000.000,1.311357,0.000000
64512,3,0.125000,0.908627,43,0,1000.000,1.739720,0.000000
64512,4,0.125000,0.894293,29,0,1000.000,2.229638,0.000000
64512,5,0.125000,0.843589,41,1,976.122,2.631698,0.000000
64512,6,0.125000,0.026860,28,27,49.214,0.241507,0.000000
64512,7,0.125000,0.000000,28,28,10.250,0.217111,0.000000
64560,0,0.125000,0.931301,22,0,1000.000,0.251218,0.000000
64560,1,0.125000,0.920904,31,0,1000.000,0.755049,0.000000
64560,2,0.125000,0.916718,28,0,1000.000,1.239400,0.000000
64560,3,0.125000,0.906082,29,0,1000.000,1.763644,0.000000
64560,4,0.125000,0.892960,36,0,1000.000,2.217924,0.000000
64560,5,0.125000,0.831024,34,1,971.618,2.604893,0.000000
64560,6,0.125000,0.083805,24,21,138.083,0.534502,0.000000
64560,7,0.125000,0.000000,32,32,10.562,0.185644,0.000000
64608,0,0.125000,0.932425,37,0,1000.000,0.290624,0.000000
64608,1,0.125000,0.921070,34,0,1000.000,0.769026,0.000000
64608,2,0.125000,0.915641,26,0,1000.000,1.231387,0.000000
64608,3,0.125000,0.904856,35,0,1000.000,1.724272,0.000000
64608,4,0.125000,0.898417,31,0,1000.000,2.234465,0.000000
64608,5,0.125000,0.823309,29,1,966.586,2.548216,0.000000
64608,6,0.125000,0.052505,28,26,84.000,0.355859,0.000000
64608,7,0.125000,0.000000,30,30,10.333,0.167440,0.000000
64656,0,0.125000,0.933357,32,0,1000.000,0.263556,0.000000
64656,1,0.125000,0.925094,37,0,1000.000,0.730242,0.000000
64656,2,0.125000,0.917169,36,0,1000.000,1.262578,0.000000
64656,3,0.125000,0.908975,23,0,1000.000,1.687305,0.000000
64656,4,0.125000,0.892204,28,0,1000.000,2.223374,0.000000
64656,5,0.125000,0.832074,38,1,975.395,2.592144,0.000000
64656,6,0.125000,0.000000,38,38,14.816,0.180203,0.000000
64656,7,0.125000,0.000000,44,44,10.386,0.178561,0.000000
64704,0,0.125000,0.926876,35,0,1000.000,0.275475,0.000000
64704,1,0.125000,0.923488,31,0,1000.000,0.765547,0.000000
64704,2,0.125000,0.916513,39,0,1000.000,1.213212,0.000000
64704,3,0.125000,0.904954,26,0,1000.000,1.712600,0.000000
64704,4,0.125000,0.895205,33,0,1000.000,2.223304,0.000000
64704,5,0.125000,0.823827,28,1,965.214,2.553017,0.000000
64704,6,0.125000,0.036308,35,33,72.771,0.408859,0.000000
64704,7,0.125000,0.000000,44,44,10.250,0.211789,0.000000
64752,0,0.125000,0.933455,46,0,1000.000,0.280637,0.000000
64752,1,0.125000,0.919730,32,0,1000.000,0.711673,0.000000
64752,2,0.125000,0.916692,29,0,1000.000,1.271439,0.000000
64752,3,0.125000,0.905945,40,0,1000.000,1.772692,0.000000
64752,4,0.125000,0.897013,28,0,1000.000,2.202305,0.000000
64752,5,0.125000,0.788933,34,3,913.529,2.473913,0.000000
64752,6,0.125000,0.031057,42,40,61.000,0.292013,0.000000
64752,7,0.125000,0.000000,51,51,10.275,0.181007,0.000000
64800,0,0.125000,0.931158,34,0,1000.000,0.321212,0.000000
64800,1,0.125000,0.922677,38,0,1000.000,0.780535,0.000000
64800,2,0.125000,0.916831,30,0,1000.000,1.294213,0.000000
64800,3,0.125000,0.910744,42,0,1000.000,1.755721,0.000000
64800,4,0.125000,0.898526,32,0,1000.000,2.205590,0.000000
64800,5,0.125000,0.849927,44,1,977.682,2.667277,0.000000
64800,6,0.125000,0.024356,33,32,43.182,0.224335,0.000000
64800,7,0.125000,0.000000,30,30,10.000,0.152496,0.000000
64848,0,0.125000,0.931048,39,0,1000.000,0.271593,0.000000
64848,1,0.125000,0.925647,32,0,1000.000,0.789035,0.000000
64848,2,0.125000,0.917858,28,0,1000.000,1.272798,0.000000
64848,3,0.125000,0.907522,37,0,1000.000,1.705230,0.000000
64848,4,0.125000,0.877182,40,1,976.750,2.178997,0.000000
64848,5,0.125000,0.838674,25,1,960.920,2.614062,0.000000
64848,6,0.125000,0.048972,30,28,79.367,0.341767,0.000000
64848,7,0.125000,0.000000,37,37,10.297,0.174228,0.000000
64896,0,0.125000,0.931766,28,0,1000.000,0.255195,0.000000
64896,1,0.125000,0.921138,30,0,1000.000,0.743402,0.000000
64896,2,0.125000,0.915008,23,0,1000.000,1.236492,0.000000
64896,3,0.125000,0.910442,36,0,1000.000,1.717009,0.000000
64896,4,0.125000,0.898926,28,0,1000.000,2.235238,0.000000
64896,5,0.125000,0.827761,47,2,958.787,2.609636,0.000000
64896,6,0.125000,0.021561,35,34,43.771,0.321200,0.000000
64896,7,0.125000,0.000000,29,29,10.517,0.158601,0.000000
64944,0,0.125000,0.930242,41,0,1000.000,0.221237,0.000000
64944,1,0.125000,0.922623,43,0,1000.000,0.742336,0.000000
64944,2,0.125000,0.918489,34,0,1000.000,1.211573,0.000000
64944,3,0.125000,0.905139,32,0,1000.000,1.712247,0.000000
64944,4,0.125000,0.896827,34,0,1000.000,2.234077,0.000000
64944,5,0.125000,0.805891,28,2,933.464,2.579140,0.000000
64944,6,0.125000,0.000000,27,27,14.037,0.188060,0.000000
64944,7,0.125000,0.000000,22,22,10.636,0.195661,0.000000
64992,0,0.125000,0.932575,24,0,1000.000,0.225548,0.000000
64992,1,0.125000,0.921373,36,0,1000.000,0.716684,0.000000
64992,2,0.125000,0.915502,35,0,1000.000,1.216234,0.000000
64992,3,0.125000,0.906455,47,0,1000.000,1.718057,0.000000
64992,4,0.125000,0.895291,42,0,1000.000,2.189537,0.000000
64992,5,0.125000,0.822266,39,2,949.769,2.554167,0.000000
64992,6,0.125000,0.049542,32,30,76.125,0.328240,0.000000
64992,7,0.125000,0.000000,23,23,10.217,0.152665,0.000000
65040,0,0.125000,0.931847,29,0,1000.000,0.229184,0.000000
65040,1,0.125000,0.919879,31,0,1000.000,0.756827,0.000000
65040,2,0.125000,0.913916,41,0,1000.000,1.229159,0.000000
65040,3,0.125000,0.911245,25,0,1000.000,1.714887,0.000000
65040,4,0.125000,0.896733,35,0,1000.000,2.199354,0.000000
65040,5,0.125000,0.817960,40,2,951.175,2.555797,0.000000
65040,6,0.125000,0.027553,23,22,56.957,0.229432,0.000000
65040,7,0.125000,0.000000,29,29,10.310,0.172456,0.000000
65088,0,0.125000,0.931283,36,0,1000.000,0.273583,0.000000
65088,1,0.125000,0.922255,26,0,1000.000,0.785921,0.000000
65088,2,0.125000,0.917078,36,0,1000.000,1.230145,0.000000
65088,3,0.125000,0.909092,33,0,1000.000,1.716021,0.000000
65088,4,0.125000,0.892759,41,0,1000.000,2.179598,0.000000
65088,5,0.125000,0.820684,35,2,945.629,2.566018,0.000000
65088,6,0.125000,0.039203,35,33,70.686,0.321389,0.000000
65088,7,0.125000,0.000000,40,40,10.500,0.172075,0.000000
65136,0,0.125000,0.931274,27,0,1000.000,0.301011,0.000000
65136,1,0.125000,0.922971,25,0,1000.000,0.741092,0.000000
65136,2,0.125000,0.916603,42,0,1000.000,1.230754,0.000000
65136,3,0.125000,0.908985,31,0,1000.000,1.666058,0.000000
65136,4,0.125000,0.893310,24,0,1000.000,2.175101,0.000000
65136,5,0.125000,0.837110,32,1,969.469,2.568152,0.000000
65136,6,0.125000,0.083077,25,22,134.480,0.594298,0.000000
65136,7,0.125000,0.000000,39,39,10.436,0.166143,0.000000
65184,0,0.125000,0.933298,32,0,1000.000,0.276559,0.000000
65184,1,0.125000,0.924918,37,0,1000.000,0.733763,0.000000
65184,2,0.125000,0.915539,29,0,1000.000,1.223507,0.000000
65184,3,0.125000,0.906835,30,0,1000.000,1.701362,0.000000
65184,4,0.125000,0.899214,32,0,1000.000,2.177789,0.000000
65184,5,0.125000,0.866470,36,0,1000.000,2.619506,0.000000
65184,6,0.125000,0.000000,33,33,15.212,0.237116,0.000000
65184,7,0.125000,0.000000,30,30,10.467,0.174996,0.000000
65232,0,0.125000,0.929141,35,0,1000.000,0.257789,0.000000
65232,1,0.125000,0.921210,32,0,1000.000,0.785077,0.000000
65232,2,0.125000,0.917160,37,0,1000.000,1.244496,0.000000
65232,3,0.125000,0.906191,31,0,1000.000,1.693612,0.000000
65232,4,0.125000,0.897766,39,0,1000.000,2.161967,0.000000
65232,5,0.125000,0.813534,36,2,945.472,2.544728,0.000000
65232,6,0.125000,0.000000,34,34,14.471,0.185902,0.000000
65232,7,0.125000,0.000000,26,26,10.231,0.172022,0.000000
65280,0,0.125000,0.932065,33,0,1000.000,0.284395,0.000000
65280,1,0.125000,0.920549,22,1,975.955,0.730868,0.000000
65280,2,0.125000,0.920088,37,0,1000.000,1.237068,0.000000
65280,3,0.125000,0.906223,35,0,1000.000,1.730504,0.000000
65280,4,0.125000,0.893271,22,0,1000.000,2.213002,0.000000
65280,5,0.125000,0.876440,21,0,1000.000,2.669436,0.000000
65280,6,0.125000,0.000000,25,25,15.960,0.198244,0.000000
65280,7,0.125000,0.000000,32,32,10.219,0.156852,0.000000
65328,0,0.125000,0.932053,23,0,1000.000,0.259011,0.000000
65328,1,0.125000,0.923990,32,0,1000.000,0.769635,0.000000
65328,2,0.125000,0.918207,29,0,1000.000,1.210109,0.000000
65328,3,0.125000,0.906780,33,0,1000.000,1.705999,0.000000
65328,4,0.125000,0.899294,21,0,1000.000,2.187735,0.000000
65328,5,0.125000,0.867692,36,0,1000.000,2.650290,0.000000
65328,6,0.125000,0.054326,23,21,98.783,0.383041,0.000000
65328,7,0.125000,0.000000,28,28,9.964,0.179539,0.000000
65376,0,0.125000,0.931801,24,0,1000.000,0.270824,0.000000
65376,1,0.125000,0.922680,22,0,1000.000,0.762694,0.000000
65376,2,0.125000,0.912873,33,0,1000.000,1.234022,0.000000
65376,3,0.125000,0.906373,35,0,1000.000,1.714182,0.000000
65376,4,0.125000,0.894924,43,0,1000.000,2.215545,0.000000
65376,5,0.125000,0.841145,32,1,969.438,2.577401,0.000000
65376,6,0.125000,0.000000,29,29,13.931,0.155253,0.000000
65376,7,0.125000,0.000000,28,28,9.893,0.154835,0.000000
65424,0,0.125000,0.932697,29,0,1000.000,0.251513,0.000000
65424,1,0.125000,0.924051,30,0,1000.000,0.769642,0.000000
65424,2,0.125000,0.915834,26,0,1000.000,1.221268,0.000000
65424,3,0.125000,0.906938,29,0,1000.000,1.713684,0.000000
65424,4,0.125000,0.895686,42,0,1000.000,2.212398,0.000000
65424,5,0.125000,0.765745,25,3,882.840,2.426185,0.000000
65424,6,0.125000,0.000000,27,27,14.519,0.213825,0.000000
65424,7,0.125000,0.000000,29,29,9.724,0.174027,0.000000
65472,0,0.125000,0.931824,38,0,1000.000,0.282907,0.000000
65472,1,0.125000,0.923581,30,0,1000.000,0.742362,0.000000
65472,2,0.125000,0.917806,34,0,1000.000,1.261556,0.000000
65472,3,0.125000,0.909715,34,0,1000.000,1.738872,0.000000
65472,4,0.125000,0.895016,39,0,1000.000,2.217516,0.000000
65472,5,0.125000,0.864358,31,0,1000.000,2.691663,0.000000
65472,6,0.125000,0.000000,39,39,13.205,0.132491,0.000000
65472,7,0.125000,0.000000,29,29,9.966,0.164934,0.000000
65520,0,0.125000,0.934211,25,0,1000.000,0.245338,0.000000
65520,1,0.125000,0.924503,28,0,1000.000,0.760625,0.000000
65520,2,0.125000,0.918514,26,0,1000.000,1.228029,0.000000
65520,3,0.125000,0.909044,40,0,1000.000,1.733053,0.000000
65520,4,0.125000,0.893672,30,0,1000.000,2.192270,0.000000
65520,5,0.125000,0.868013,38,0,1000.000,2.709861,0.000000
65520,6,0.125000,0.036739,38,36,65.579,0.325822,0.000000
65520,7,0.125000,0.000000,32,32,9.469,0.193871,0.000000
65568,0,0.125000,0.933804,32,0,1000.000,0.278724,0.000000
65568,1,0.125000,0.923847,27,0,1000.000,0.740572,0.000000
65568,2,0.125000,0.918053,39,0,1000.000,1.229910,0.000000
65568,3,0.125000,0.904877,31,0,1000.000,1.716148,0.000000
65568,4,0.125000,0.891465,25,0,1000.000,2.214752,0.000000
65568,5,0.125000,0.856039,32,0,1000.000,2.707626,0.000000
65568,6,0.125000,0.058112,28,26,84.179,0.391750,0.000000
65568,7,0.125000,0.000000,31,31,9.742,0.175693,0.000000
65616,0,0.125000,0.933743,31,0,1000.000,0.271343,0.000000
65616,1,0.125000,0.922712,35,0,1000.000,0.734647,0.000000
65616,2,0.125000,0.917021,29,0,1000.000,1.235720,0.000000
65616,3,0.125000,0.908225,23,0,1000.000,1.668835,0.000000
65616,4,0.125000,0.895378,20,0,1000.000,2.181815,0.000000
65616,5,0.125000,0.799794,42,3,930.024,2.506058,0.000000
65616,6,0.125000,0.000000,41,41,13.878,0.166063,0.000000
65616,7,0.125000,0.000000,24,24,9.833,0.165365,0.000000
65664,0,0.125000,0.933744,33,0,1000.000,0.249249,0.000000
65664,1,0.125000,0.925505,33,0,1000.000,0.741488,0.000000
65664,2,0.125000,0.917153,29,0,1000.000,1.214136,0.000000
65664,3,0.125000,0.907781,34,0,1000.000,1.729622,0.000000
65664,4,0.125000,0.892981,25,0,1000.000,2.197255,0.000000
65664,5,0.125000,0.866763,42,0,1000.000,2.676216,0.000000
65664,6,0.125000,0.019863,35,34,42.514,0.257669,0.000000
65664,7,0.125000,0.000000,34,34,11.029,0.134937,0.000000
65712,0,0.125000,0.935153,27,0,1000.000,0.296761,0.000000
65712,1,0.125000,0.924112,33,0,1000.000,0.761770,0.000000
65712,2,0.125000,0.914722,43,0,1000.000,1.225091,0.000000
65712,3,0.125000,0.906518,34,0,1000.000,1.698846,0.000000
65712,4,0.125000,0.896826,34,0,1000.000,2.214677,0.000000
65712,5,0.125000,0.869167,31,0,1000.000,2.669606,0.000000
65712,6,0.125000,0.000000,33,33,15.273,0.220120,0.000000
65712,7,0.125000,0.000000,33,33,10.303,0.177724,0.000000
65760,0,0.125000,0.933727,38,0,1000.000,0.291811,0.000000
65760,1,0.125000,0.922201,30,0,1000.000,0.765809,0.000000
65760,2,0.125000,0.916555,31,0,1000.000,1.258208,0.000000
65760,3,0.125000,0.908341,32,0,1000.000,1.722418,0.000000
65760,4,0.125000,0.896956,36,0,1000.000,2.211385,0.000000
65760,5,0.125000,0.859972,34,0,1000.000,2.632701,0.000000
65760,6,0.125000,0.022159,36,35,42.250,0.297109,0.000000
65760,7,0.125000,0.000000,41,41,10.366,0.134442,0.000000
65808,0,0.125000,0.934167,36,0,1000.000,0.218767,0.000000
65808,1,0.125000,0.926791,31,0,1000.000,0.757202,0.000000
65808,2,0.125000,0.915744,43,0,1000.000,1.244416,0.000000
65808,3,0.125000,0.908188,42,0,1000.000,1.751035,0.000000
65808,4,0.125000,0.894742,29,0,1000.000,2.235281,0.000000
65808,5,0.125000,0.862510,40,0,1000.000,2.693230,0.000000
65808,6,0.125000,0.000000,32,32,15.531,0.252213,0.000000
65808,7,0.125000,0.000000,32,32,9.906,0.158414,0.000000
65856,0,0.125000,0.932165,32,0,1000.000,0.261778,0.000000
65856,1,0.125000,0.924616,36,0,1000.000,0.740202,0.000000
65856,2,0.125000,0.916544,31,0,1000.000,1.235473,0.000000
65856,3,0.125000,0.910362,29,0,1000.000,1.735162,0.000000
65856,4,0.125000,0.895096,31,0,1000.000,2.227830,0.000000
65856,5,0.125000,0.860990,28,0,1000.000,2.708928,0.000000
65856,6,0.125000,0.034033,23,22,56.304,0.221164,0.000000
65856,7,0.125000,0.000000,27,27,10.148,0.157171,0.000000
65904,0,0.125000,0.932710,22,0,1000.000,0.220048,0.000000
65904,1,0.125000,0.924549,31,0,1000.000,0.725936,0.000000
65904,2,0.125000,0.915227,27,0,1000.000,1.248377,0.000000
65904,3,0.125000,0.904037,52,0,1000.000,1.723749,0.000000
65904,4,0.125000,0.893795,32,0,1000.000,2.236499,0.000000
65904,5,0.125000,0.861486,32,0,1000.000,2.696470,0.000000
65904,6,0.125000,0.054070,27,25,87.370,0.382030,0.000000
65904,7,0.125000,0.000000,33,33,10.242,0.154966,0.000000
65952,0,0.125000,0.932673,28,0,1000.000,0.266309,0.000000
65952,1,0.125000,0.923397,38,0,1000.000,0.772017,0.000000
65952,2,0.125000,0.913109,37,0,1000.000,1.231401,0.000000
65952,3,0.125000,0.884649,43,1,977.674,1.713418,0.000000
65952,4,0.125000,0.893631,37,0,1000.000,2.249819,0.000000
65952,5,0.125000,0.843450,41,1,977.976,2.685847,0.000000
65952,6,0.125000,0.000000,36,36,13.611,0.136146,0.000000
65952,7,0.125000,0.000000,37,37,10.162,0.183495,0.000000
66000,0,0.125000,0.930863,49,0,1000.000,0.246292,0.000000
66000,1,0.125000,0.923930,32,0,1000.000,0.772798,0.000000
66000,2,0.125000,0.915031,28,0,1000.000,1.241990,0.000000
66000,3,0.125000,0.902921,44,0,1000.000,1.737665,0.000000
66000,4,0.125000,0.893113,31,0,1000.000,2.197063,0.000000
66000,5,0.125000,0.802596,40,3,926.700,2.546754,0.000000
66000,6,0.125000,0.019545,34,33,43.324,0.269627,0.000000
66000,7,0.125000,0.000000,43,43,10.186,0.161290,0.000000
66048,0,0.125000,0.929070,35,0,1000.000,0.279712,0.000000
66048,1,0.125000,0.925486,24,0,1000.000,0.738701,0.000000
66048,2,0.125000,0.914890,37,0,1000.000,1.241200,0.000000
66048,3,0.125000,0.904826,29,0,1000.000,1.737675,0.000000
66048,4,0.125000,0.894921,38,0,1000.000,2.250579,0.000000
66048,5,0.125000,0.866437,28,0,1000.000,2.701365,0.000000
66048,6,0.125000,0.035674,20,19,63.900,0.368233,0.000000
66048,7,0.125000,0.000000,30,30,10.200,0.173942,0.000000
66096,0,0.125000,0.931638,35,0,1000.000,0.261594,0.000000
66096,1,0.125000,0.923526,40,1,997.025,0.771939,0.000000
66096,2,0.125000,0.915614,33,0,1000.000,1.217826,0.000000
66096,3,0.125000,0.904355,31,0,1000.000,1.708147,0.000000
66096,4,0.125000,0.893173,37,0,1000.000,2.224051,0.000000
66096,5,0.125000,0.836473,30,1,969.233,2.592410,0.000000
66096,6,0.125000,0.052252,27,25,87.444,0.354199,0.000000
66096,7,0.125000,0.000000,32,32,9.875,0.153180,0.000000
66144,0,0.125000,0.930126,34,0,1000.000,0.238951,0.000000
66144,1,0.125000,0.924013,37,0,1000.000,0.738296,0.000000
66144,2,0.125000,0.915531,25,0,1000.000,1.270734,0.000000
66144,3,0.125000,0.905079,30,0,1000.000,1.695938,0.000000
66144,4,0.125000,0.897421,27,0,1000.000,2.199236,0.000000
66144,5,0.125000,0.863744,35,0,1000.000,2.648620,0.000000
66144,6,0.125000,0.050954,30,28,80.067,0.365948,0.000000
66144,7,0.125000,0.000000,38,38,9.816,0.177102,0.000000
66192,0,0.125000,0.933442,26,0,1000.000,0.233475,0.000000
66192,1,0.125000,0.922761,33,0,1000.000,0.764707,0.000000
66192,2,0.125000,0.914538,38,0,1000.000,1.275071,0.000000
66192,3,0.125000,0.908418,27,0,1000.000,1.724280,0.000000
66192,4,0.125000,0.896633,36,0,1000.000,2.251191,0.000000
66192,5,0.125000,0.822265,38,2,949.289,2.615674,0.000000
66192,6,0.125000,0.019551,33,32,43.242,0.218272,0.000000
66192,7,0.125000,0.000000,25,25,9.680,0.210883,0.000000
66240,0,0.125000,0.927980,36,1,974.333,0.247233,0.000000
66240,1,0.125000,0.921055,33,0,1000.000,0.748456,0.000000
66240,2,0.125000,0.918962,34,0,1000.000,1.250763,0.000000
66240,3,0.125000,0.906329,37,0,1000.000,1.706085,0.000000
66240,4,0.125000,0.898752,35,0,1000.000,2.252871,0.000000
66240,5,0.125000,0.786497,35,3,915.657,2.485117,0.000000
66240,6,0.125000,0.014217,47,46,34.064,0.194619,0.000000
66240,7,0.125000,0.000000,29,29,10.138,0.226560,0.000000
66288,0,0.125000,0.935829,21,0,1000.000,0.277086,0.000000
66288,1,0.125000,0.921551,28,0,1000.000,0.784453,0.000000
66288,2,0.125000,0.918515,28,0,1000.000,1.244635,0.000000
66288,3,0.125000,0.910871,25,0,1000.000,1.756442,0.000000
66288,4,0.125000,0.897353,31,0,1000.000,2.220974,0.000000
66288,5,0.125000,0.811514,32,2,939.625,2.519689,0.000000
66288,6,0.125000,0.033093,43,41,60.605,0.305609,0.000000
66288,7,0.125000,0.000000,40,40,9.925,0.213055,0.000000
66336,0,0.125000,0.933652,38,0,1000.000,0.273722,0.000000
66336,1,0.125000,0.920332,25,0,1000.000,0.756778,0.000000
66336,2,0.125000,0.917969,31,0,1000.000,1.224632,0.000000
66336,3,0.125000,0.909602,28,0,1000.000,1.710096,0.000000
66336,4,0.125000,0.897303,20,0,1000.000,2.228265,0.000000
66336,5,0.125000,0.833126,24,1,959.042,2.555230,0.000000
66336,6,0.125000,0.064170,24,22,96.750,0.475060,0.000000
66336,7,0.125000,0.000000,22,22,10.045,0.206882,0.000000
66384,0,0.125000,0.931764,38,1,995.368,0.274748,0.000000
66384,1,0.125000,0.925589,29,0,1000.000,0.755796,0.000000
66384,2,0.125000,0.917055,27,0,1000.000,1.232305,0.000000
66384,3,0.125000,0.906516,36,0,1000.000,1.708804,0.000000
66384,4,0.125000,0.895245,31,0,1000.000,2.195569,0.000000
66384,5,0.125000,0.772494,35,4,888.629,2.374343,0.000000
66384,6,0.125000,0.020057,36,35,42.444,0.316852,0.000000
66384,7,0.125000,0.000000,23,23,9.870,0.201434,0.000000
66432,0,0.125000,0.932800,29,0,1000.000,0.253427,0.000000
66432,1,0.125000,0.922379,41,0,1000.000,0.749440,0.000000
66432,2,0.125000,0.915068,27,0,1000.000,1.220663,0.000000
66432,3,0.125000,0.909672,35,0,1000.000,1.722663,0.000000
66432,4,0.125000,0.900096,30,0,1000.000,2.190118,0.000000
66432,5,0.125000,0.873812,23,0,1000.000,2.670311,0.000000
66432,6,0.125000,0.000000,28,28,14.679,0.228841,0.000000
66432,7,0.125000,0.000000,46,46,10.022,0.225126,0.000000
66480,0,0.125000,0.931659,40,0,1000.000,0.253572,0.000000
66480,1,0.125000,0.919520,25,0,1000.000,0.722610,0.000000
66480,2,0.125000,0.915073,43,0,1000.000,1.215621,0.000000
66480,3,0.125000,0.907504,33,0,1000.000,1.721019,0.000000
66480,4,0.125000,0.895965,30,0,1000.000,2.220065,0.000000
66480,5,0.125000,0.846345,35,1,972.400,2.624259,0.000000
66480,6,0.125000,0.000000,34,34,14.912,0.230151,0.000000
66480,7,0.125000,0.000000,43,43,9.837,0.165425,0.000000
66528,0,0.125000,0.933074,34,0,1000.000,0.269749,0.000000
66528,1,0.125000,0.925458,29,0,1000.000,0.775575,0.000000
66528,2,0.125000,0.915858,35,0,1000.000,1.227618,0.000000
66528,3,0.125000,0.905512,28,0,1000.000,1.726187,0.000000
66528,4,0.125000,0.895809,33,0,1000.000,2.202400,0.000000
66528,5,0.125000,0.837279,27,1,964.333,2.587922,0.000000
66528,6,0.125000,0.000000,28,28,14.750,0.175865,0.000000
66528,7,0.125000,0.000000,32,32,9.812,0.174770,0.000000
66576,0,0.125000,0.930633,28,0,1000.000,0.281126,0.000000
66576,1,0.125000,0.917536,25,0,1000.000,0.762118,0.000000
66576,2,0.125000,0.890629,38,1,975.289,1.238198,0.000000
66576,3,0.125000,0.905630,33,0,1000.000,1.703321,0.000000
66576,4,0.125000,0.897586,38,0,1000.000,2.197390,0.000000
66576,5,0.125000,0.839394,30,1,967.467,2.615590,0.000000
66576,6,0.125000,0.000000,21,21,14.095,0.173351,0.000000
66576,7,0.125000,0.000000,28,28,9.893,0.196088,0.000000
66624,0,0.125000,0.932957,32,0,1000.000,0.301988,0.000000
66624,1,0.125000,0.921292,19,0,1000.000,0.765285,0.000000
66624,2,0.125000,0.915212,35,0,1000.000,1.219698,0.000000
66624,3,0.125000,0.908708,29,0,1000.000,1.701056,0.000000
66624,4,0.125000,0.896050,38,0,1000.000,2.237945,0.000000
66624,5,0.125000,0.828559,25,1,961.560,2.566161,0.000000
66624,6,0.125000,0.000000,25,25,14.680,0.228695,0.000000
66624,7,0.125000,0.000000,34,34,10.147,0.206452,0.000000
66672,0,0.125000,0.934366,31,0,1000.000,0.266340,0.000000
66672,1,0.125000,0.925472,37,0,1000.000,0.760986,0.000000
66672,2,0.125000,0.918163,31,0,1000.000,1.217353,0.000000
66672,3,0.125000,0.909423,36,0,1000.000,1.728354,0.000000
66672,4,0.125000,0.898042,31,0,1000.000,2.224533,0.000000
66672,5,0.125000,0.874287,27,0,1000.000,2.678041,0.000000
66672,6,0.125000,0.000000,35,35,15.743,0.242978,0.000000
66672,7,0.125000,0.000000,31,31,10.645,0.224054,0.000000
66720,0,0.125000,0.930813,43,0,1000.000,0.303521,0.000000
66720,1,0.125000,0.923201,28,0,1000.000,0.740173,0.000000
66720,2,0.125000,0.917197,25,0,1000.000,1.272035,0.000000
66720,3,0.125000,0.909057,37,0,1000.000,1.695080,0.000000
66720,4,0.125000,0.899768,31,0,1000.000,2.196974,0.000000
66720,5,0.125000,0.867430,37,0,1000.000,2.684887,0.000000
66720,6,0.125000,0.000000,39,39,15.590,0.227343,0.000000
66720,7,0.125000,0.000000,31,31,11.548,0.221328,0.000000
66768,0,0.125000,0.934173,32,0,1000.000,0.311826,0.000000
66768,1,0.125000,0.901441,35,1,973.029,0.785928,0.000000
66768,2,0.125000,0.917529,43,0,1000.000,1.254497,0.000000
66768,3,0.125000,0.907596,31,0,1000.000,1.706812,0.000000
66768,4,0.125000,0.897573,36,0,1000.000,2.235178,0.000000
66768,5,0.125000,0.843639,33,1,970.273,2.601944,0.000000
66768,6,0.125000,0.020254,42,41,37.810,0.264524,0.000000
66768,7,0.125000,0.000000,42,42,10.071,0.210852,0.000000
66816,0,0.125000,0.930097,38,0,1000.000,0.282547,0.000000
66816,1,0.125000,0.922719,32,0,1000.000,0.753887,0.000000
66816,2,0.125000,0.915904,35,0,1000.000,1.237325,0.000000
66816,3,0.125000,0.906339,33,0,1000.000,1.735721,0.000000
66816,4,0.125000,0.901059,50,0,1000.000,2.234744,0.000000
66816,5,0.125000,0.875576,28,0,1000.000,2.705884,0.000000
66816,6,0.125000,0.049334,33,31,74.939,0.413747,0.000000
66816,7,0.125000,0.000000,30,30,10.100,0.214798,0.000000
66864,0,0.125000,0.932725,33,0,1000.000,0.246870,0.000000
66864,1,0.125000,0.919827,30,0,1000.000,0.762183,0.000000
66864,2,0.125000,0.916724,37,0,1000.000,1.225522,0.000000
66864,3,0.125000,0.905716,37,0,1000.000,1.743322,0.000000
66864,4,0.125000,0.898713,34,0,1000.000,2.206178,0.000000
66864,5,0.125000,0.835213,28,1,965.393,2.622726,0.000000
66864,6,0.125000,0.054172,39,36,90.821,0.419438,0.000000
66864,7,0.125000,0.000000,23,23,10.217,0.231796,0.000000
66912,0,0.125000,0.934203,27,0,1000.000,0.278856,0.000000
66912,1,0.125000,0.919682,28,0,1000.000,0.764721,0.000000
66912,2,0.125000,0.917465,25,0,1000.000,1.265554,0.000000
66912,3,0.125000,0.903845,36,0,1000.000,1.728949,0.000000
66912,4,0.125000,0.893886,32,0,1000.000,2.221047,0.000000
66912,5,0.125000,0.863584,39,0,1000.000,2.676109,0.000000
66912,6,0.125000,0.048205,27,25,88.481,0.431330,0.000000
66912,7,0.125000,0.000000,28,28,10.071,0.208969,0.000000
66960,0,0.125000,0.930827,37,0,1000.000,0.272140,0.000000
66960,1,0.125000,0.920413,30,0,1000.000,0.725296,0.000000
66960,2,0.125000,0.916765,37,0,1000.000,1.234407,0.000000
66960,3,0.125000,0.907598,39,0,1000.000,1.708526,0.000000
66960,4,0.125000,0.896022,32,0,1000.000,2.232671,0.000000
66960,5,0.125000,0.852354,47,1,979.319,2.661102,0.000000
66960,6,0.125000,0.026917,25,24,53.680,0.314495,0.000000
66960,7,0.125000,0.000000,28,28,10.000,0.239270,0.000000
67008,0,0.125000,0.932700,41,0,1000.000,0.274154,0.000000
67008,1,0.125000,0.923271,29,0,1000.000,0.766868,0.000000
67008,2,0.125000,0.917930,37,0,1000.000,1.231252,0.000000
67008,3,0.125000,0.908624,44,0,1000.000,1.742228,0.000000
67008,4,0.125000,0.897558,25,0,1000.000,2.251235,0.000000
67008,5,0.125000,0.802604,41,3,929.098,2.607230,0.000000
67008,6,0.125000,0.053116,44,41,81.727,0.436473,0.000000
67008,7,0.125000,0.000000,39,39,9.667,0.256986,0.000000
67056,0,0.125000,0.935867,37,0,1000.000,0.283680,0.000000
67056,1,0.125000,0.923324,33,0,1000.000,0.757836,0.000000
67056,2,0.125000,0.918606,34,0,1000.000,1.272492,0.000000
67056,3,0.125000,0.902489,34,0,1000.000,1.746825,0.000000
67056,4,0.125000,0.894479,26,0,1000.000,2.230498,0.000000
67056,5,0.125000,0.862850,31,0,1000.000,2.713020,0.000000
67056,6,0.125000,0.047942,28,26,83.714,0.368321,0.000000
67056,7,0.125000,0.000000,36,36,10.111,0.258737,0.000000
67104,0,0.125000,0.933302,31,0,1000.000,0.301007,0.000000
67104,1,0.125000,0.922025,34,1,992.647,0.771331,0.000000
67104,2,0.125000,0.917111,38,0,1000.000,1.288244,0.000000
67104,3,0.125000,0.903993,39,0,1000.000,1.716545,0.000000
67104,4,0.125000,0.892798,37,0,1000.000,2.274288,0.000000
67104,5,0.125000,0.828803,30,1,968.233,2.652682,0.000000
67104,6,0.125000,0.022680,30,29,47.333,0.324512,0.000000
67104,7,0.125000,0.000000,42,42,9.810,0.263163,0.000000
67152,0,0.125000,0.932296,25,0,1000.000,0.280176,0.000000
67152,1,0.125000,0.923573,25,0,1000.000,0.765179,0.000000
67152,2,0.125000,0.917420,38,0,1000.000,1.279903,0.000000
67152,3,0.125000,0.909016,38,0,1000.000,1.770480,0.000000
67152,4,0.125000,0.894847,36,0,1000.000,2.247351,0.000000
67152,5,0.125000,0.863486,28,0,1000.000,2.703951,0.000000
67152,6,0.125000,0.050861,30,28,80.167,0.384711,0.000000
67152,7,0.125000,0.000000,31,31,9.774,0.241473,0.000000
67200,0,0.125000,0.931963,25,0,1000.000,0.287134,0.000000
67200,1,0.125000,0.900887,41,1,976.561,0.757585,0.000000
67200,2,0.125000,0.913380,28,0,1000.000,1.263430,0.000000
67200,3,0.125000,0.908701,32,0,1000.000,1.695728,0.000000
67200,4,0.125000,0.894434,28,0,1000.000,2.222657,0.000000
67200,5,0.125000,0.840059,37,1,975.487,2.630909,0.000000
67200,6,0.125000,0.000000,44,44,15.773,0.230849,0.000000
67200,7,0.125000,0.000000,26,26,9.962,0.259560,0.000000
67248,0,0.125000,0.935255,38,0,1000.000,0.244154,0.000000
67248,1,0.125000,0.922643,17,0,1000.000,0.739410,0.000000
67248,2,0.125000,0.913389,31,0,1000.000,1.226441,0.000000
67248,3,0.125000,0.906985,35,0,1000.000,1.708240,0.000000
67248,4,0.125000,0.895026,40,0,1000.000,2.232623,0.000000
67248,5,0.125000,0.870925,37,0,1000.000,2.682678,0.000000
67248,6,0.125000,0.068054,21,19,109.143,0.493881,0.000000
67248,7,0.125000,0.000000,30,30,9.700,0.267883,0.000000
67296,0,0.125000,0.931820,32,0,1000.000,0.241560,0.000000
67296,1,0.125000,0.921971,34,0,1000.000,0.734104,0.000000
67296,2,0.125000,0.916308,32,0,1000.000,1.252759,0.000000
67296,3,0.125000,0.904963,22,0,1000.000,1.766432,0.000000
67296,4,0.125000,0.894182,31,0,1000.000,2.221665,0.000000
67296,5,0.125000,0.856901,25,0,1000.000,2.682039,0.000000
67296,6,0.125000,0.000000,22,22,13.636,0.181711,0.000000
67296,7,0.125000,0.000000,18,18,9.944,0.269571,0.000000
67344,0,0.125000,0.935384,27,0,1000.000,0.297019,0.000000
67344,1,0.125000,0.921631,20,0,1000.000,0.721270,0.000000
67344,2,0.125000,0.915278,27,0,1000.000,1.282179,0.000000
67344,3,0.125000,0.908207,20,0,1000.000,1.744700,0.000000
67344,4,0.125000,0.894601,36,0,1000.000,2.224983,0.000000
67344,5,0.125000,0.867920,33,0,1000.000,2.686570,0.000000
67344,6,0.125000,0.016511,39,38,39.487,0.277593,0.000000
67344,7,0.125000,0.000000,28,28,10.107,0.236385,0.000000
67392,0,0.125000,0.928155,34,0,1000.000,0.261940,0.000000
67392,1,0.125000,0.924216,28,0,1000.000,0.742717,0.000000
67392,2,0.125000,0.917335,45,0,1000.000,1.264811,0.000000
67392,3,0.125000,0.906882,25,0,1000.000,1.694134,0.000000
67392,4,0.125000,0.897984,23,0,1000.000,2.193987,0.000000
67392,5,0.125000,0.844208,36,1,972.889,2.617894,0.000000
67392,6,0.125000,0.043146,31,29,78.161,0.385734,0.000000
67392,7,0.125000,0.000000,33,33,9.727,0.227681,0.000000
67440,0,0.125000,0.928747,28,0,1000.000,0.308917,0.000000
67440,1,0.125000,0.924023,35,0,1000.000,0.793192,0.000000
67440,2,0.125000,0.917819,27,0,1000.000,1.292266,0.000000
67440,3,0.125000,0.906089,31,0,1000.000,1.746971,0.000000
67440,4,0.125000,0.892827,35,0,1000.000,2.258384,0.000000
67440,5,0.125000,0.862786,23,0,1000.000,2.692404,0.000000
67440,6,0.125000,0.095893,30,26,144.667,0.514490,0.000000
67440,7,0.125000,0.000000,17,17,9.647,0.241886,0.000000
67488,0,0.125000,0.930950,33,0,1000.000,0.298772,0.000000
67488,1,0.125000,0.923376,30,0,1000.000,0.810664,0.000000
67488,2,0.125000,0.917461,35,0,1000.000,1.278247,0.000000
67488,3,0.125000,0.905917,44,0,1000.000,1.756819,0.000000
67488,4,0.125000,0.899791,33,0,1000.000,2.281574,0.000000
67488,5,0.125000,0.842141,32,1,969.219,2.648113,0.000000
67488,6,0.125000,0.040822,36,34,68.639,0.358985,0.000000
67488,7,0.125000,0.000000,36,36,9.500,0.278786,0.000000
67536,0,0.125000,0.930150,33,1,991.970,0.238311,0.000000
67536,1,0.125000,0.924568,29,0,1000.000,0.739331,0.000000
67536,2,0.125000,0.915826,28,0,1000.000,1.222412,0.000000
67536,3,0.125000,0.910757,37,0,1000.000,1.757912,0.000000
67536,4,0.125000,0.894654,27,0,1000.000,2.233041,0.000000
67536,5,0.125000,0.867162,24,0,1000.000,2.681751,0.000000
67536,6,0.125000,0.036983,40,38,62.650,0.355522,0.000000
67536,7,0.125000,0.000000,34,34,9.765,0.249769,0.000000
67584,0,0.125000,0.928914,20,0,1000.000,0.255659,0.000000
67584,1,0.125000,0.920917,27,0,1000.000,0.738392,0.000000
67584,2,0.125000,0.914175,28,0,1000.000,1.220349,0.000000
67584,3,0.125000,0.909312,27,0,1000.000,1.723337,0.000000
67584,4,0.125000,0.895098,51,0,1000.000,2.235763,0.000000
67584,5,0.125000,0.843225,30,1,967.333,2.582679,0.000000
67584,6,0.125000,0.026848,31,30,45.839,0.265359,0.000000
67584,7,0.125000,0.000000,29,29,9.448,0.263714,0.000000
67632,0,0.125000,0.933000,33,0,1000.000,0.245409,0.000000
67632,1,0.125000,0.920870,29,0,1000.000,0.743224,0.000000
67632,2,0.125000,0.917242,30,0,1000.000,1.213214,0.000000
67632,3,0.125000,0.908642,36,0,1000.000,1.707639,0.000000
67632,4,0.125000,0.893587,33,0,1000.000,2.149181,0.000000
67632,5,0.125000,0.872034,30,0,1000.000,2.705081,0.000000
67632,6,0.125000,0.000000,32,32,14.719,0.186559,0.000000
67632,7,0.125000,0.000000,27,27,9.370,0.248635,0.000000
67680,0,0.125000,0.931220,35,0,1000.000,0.246666,0.000000
67680,1,0.125000,0.923462,29,0,1000.000,0.717063,0.000000
67680,2,0.125000,0.918464,29,0,1000.000,1.230875,0.000000
67680,3,0.125000,0.909558,33,0,1000.000,1.705897,0.000000
67680,4,0.125000,0.898089,26,0,1000.000,2.194416,0.000000
67680,5,0.125000,0.870308,29,0,1000.000,2.674067,0.000000
67680,6,0.125000,0.083977,43,38,129.488,0.582458,0.000000
67680,7,0.125000,0.000000,38,38,9.395,0.271214,0.000000
67728,0,0.125000,0.931155,38,0,1000.000,0.254478,0.000000
67728,1,0.125000,0.924366,38,0,1000.000,0.704875,0.000000
67728,2,0.125000,0.916072,31,0,1000.000,1.219965,0.000000
67728,3,0.125000,0.907819,37,0,1000.000,1.707366,0.000000
67728,4,0.125000,0.896385,32,0,1000.000,2.207890,0.000000
67728,5,0.125000,0.871018,29,0,1000.000,2.640550,0.000000
67728,6,0.125000,0.035652,37,35,66.811,0.353716,0.000000
67728,7,0.125000,0.000000,27,27,9.444,0.276884,0.000000
67776,0,0.125000,0.932839,41,0,1000.000,0.291731,0.000000
67776,1,0.125000,0.921030,35,0,1000.000,0.752787,0.000000
67776,2,0.125000,0.916886,28,0,1000.000,1.226566,0.000000
67776,3,0.125000,0.906333,38,0,1000.000,1.696123,0.000000
67776,4,0.125000,0.898078,45,0,1000.000,2.192976,0.000000
67776,5,0.125000,0.871480,27,0,1000.000,2.668718,0.000000
67776,6,0.125000,0.020369,35,34,41.629,0.273680,0.000000
67776,7,0.125000,0.000000,34,34,9.618,0.308178,0.000000
67824,0,0.125000,0.932573,33,1,990.727,0.312162,0.000000
67824,1,0.125000,0.923165,37,0,1000.000,0.736766,0.000000
67824,2,0.125000,0.918651,32,0,1000.000,1.246332,0.000000
67824,3,0.125000,0.906961,37,0,1000.000,1.706373,0.000000
67824,4,0.125000,0.897560,35,0,1000.000,2.214080,0.000000
67824,5,0.125000,0.873658,40,0,1000.000,2.650961,0.000000
67824,6,0.125000,0.025968,31,30,44.774,0.252419,0.000000
67824,7,0.125000,0.000000,33,33,10.091,0.309806,0.000000
67872,0,0.125000,0.930132,29,0,1000.000,0.266324,0.000000
67872,1,0.125000,0.922153,33,0,1000.000,0.745943,0.000000
67872,2,0.125000,0.913672,38,0,1000.000,1.204455,0.000000
67872,3,0.125000,0.906631,25,0,1000.000,1.708109,0.000000
67872,4,0.125000,0.898982,35,0,1000.000,2.170758,0.000000
67872,5,0.125000,0.862015,26,0,1000.000,2.649309,0.000000
67872,6,0.125000,0.107519,47,40,160.234,0.589098,0.000000
67872,7,0.125000,0.000000,27,27,10.037,0.253276,0.000000
67920,0,0.125000,0.935004,25,0,1000.000,0.265613,0.000000
67920,1,0.125000,0.921791,41,0,1000.000,0.718564,0.000000
67920,2,0.125000,0.914784,37,0,1000.000,1.212492,0.000000
67920,3,0.125000,0.906278,30,0,1000.000,1.731120,0.000000
67920,4,0.125000,0.898894,30,0,1000.000,2.207007,0.000000
67920,5,0.125000,0.870171,36,0,1000.000,2.656258,0.000000
67920,6,0.125000,0.078244,29,26,115.034,0.405415,0.000000
67920,7,0.125000,0.000000,40,40,9.825,0.248101,0.000000
67968,0,0.125000,0.932211,38,0,1000.000,0.287242,0.000000
67968,1,0.125000,0.921891,41,0,1000.000,0.747796,0.000000
67968,2,0.125000,0.917669,31,0,1000.000,1.228174,0.000000
67968,3,0.125000,0.904362,29,0,1000.000,1.708731,0.000000
67968,4,0.125000,0.897923,27,0,1000.000,2.174759,0.000000
67968,5,0.125000,0.871788,42,0,1000.000,2.666587,0.000000
67968,6,0.125000,0.000000,30,30,14.200,0.123878,0.000000
67968,7,0.125000,0.000000,34,34,10.265,0.231386,0.000000
68016,0,0.125000,0.930562,34,0,1000.000,0.281036,0.000000
68016,1,0.125000,0.921010,35,0,1000.000,0.742553,0.000000
68016,2,0.125000,0.916388,34,0,1000.000,1.202529,0.000000
68016,3,0.125000,0.910225,41,0,1000.000,1.703342,0.000000
68016,4,0.125000,0.895472,44,0,1000.000,2.162355,0.000000
68016,5,0.125000,0.847455,40,1,975.525,2.597323,0.000000
68016,6,0.125000,0.000000,36,36,13.833,0.157028,0.000000
68016,7,0.125000,0.000000,37,37,9.703,0.208318,0.000000
68064,0,0.125000,0.933015,39,0,1000.000,0.296031,0.000000
68064,1,0.125000,0.920774,33,0,1000.000,0.769064,0.000000
68064,2,0.125000,0.920858,26,0,1000.000,1.244607,0.000000
68064,3,0.125000,0.909310,36,0,1000.000,1.697912,0.000000
68064,4,0.125000,0.895529,23,0,1000.000,2.162611,0.000000
68064,5,0.125000,0.835779,33,1,970.697,2.571531,0.000000
68064,6,0.125000,0.023125,24,23,55.042,0.240910,0.000000
68064,7,0.125000,0.000000,28,28,9.607,0.226098,0.000000
68112,0,0.125000,0.932998,37,0,1000.000,0.244919,0.000000
68112,1,0.125000,0.924196,29,0,1000.000,0.793014,0.000000
68112,2,0.125000,0.916149,38,0,1000.000,1.239868,0.000000
68112,3,0.125000,0.909050,39,0,1000.000,1.709997,0.000000
68112,4,0.125000,0.895359,31,0,1000.000,2.219838,0.000000
68112,5,0.125000,0.864296,33,0,1000.000,2.656265,0.000000
68112,6,0.125000,0.048183,32,30,76.250,0.371002,0.000000
68112,7,0.125000,0.000000,31,31,9.935,0.220083,0.000000
68160,0,0.125000,0.929221,39,0,1000.000,0.306412,0.000000
68160,1,0.125000,0.918741,27,0,1000.000,0.756613,0.000000
68160,2,0.125000,0.915853,25,0,1000.000,1.240833,0.000000
68160,3,0.125000,0.905668,33,0,1000.000,1.738973,0.000000
68160,4,0.125000,0.895146,32,0,1000.000,2.218986,0.000000
68160,5,0.125000,0.865879,23,0,1000.000,2.619375,0.000000
68160,6,0.125000,0.116701,30,25,178.633,0.626115,0.000000
68160,7,0.125000,0.000000,32,32,10.000,0.217730,0.000000
68208,0,0.125000,0.932121,26,0,1000.000,0.285065,0.000000
68208,1,0.125000,0.924055,35,0,1000.000,0.730275,0.000000
68208,2,0.125000,0.913582,40,0,1000.000,1.226696,0.000000
68208,3,0.125000,0.907713,40,0,1000.000,1.697062,0.000000
68208,4,0.125000,0.899269,38,0,1000.000,2.226137,0.000000
68208,5,0.125000,0.866480,29,0,1000.000,2.639202,0.000000
68208,6,0.125000,0.044549,34,32,73.706,0.335611,0.000000
68208,7,0.125000,0.000000,24,24,10.000,0.214507,0.000000
68256,0,0.125000,0.931725,32,0,1000.000,0.224344,0.000000
68256,1,0.125000,0.921546,33,0,1000.000,0.737370,0.000000
68256,2,0.125000,0.915729,35,0,1000.000,1.273091,0.000000
68256,3,0.125000,0.906023,29,0,1000.000,1.729181,0.000000
68256,4,0.125000,0.897556,24,0,1000.000,2.233037,0.000000
68256,5,0.125000,0.847053,43,1,977.302,2.636710,0.000000
68256,6,0.125000,0.019650,41,40,37.463,0.212220,0.000000
68256,7,0.125000,0.000000,34,34,9.971,0.219505,0.000000
68304,0,0.125000,0.922238,29,1,970.414,0.244164,0.000000
68304,1,0.125000,0.921335,30,0,1000.000,0.721037,0.000000
68304,2,0.125000,0.917561,28,0,1000.000,1.222657,0.000000
68304,3,0.125000,0.904983,29,0,1000.000,1.712337,0.000000
68304,4,0.125000,0.889859,25,0,1000.000,2.194441,0.000000
68304,5,0.125000,0.868064,30,0,1000.000,2.673770,0.000000
68304,6,0.125000,0.022593,32,31,46.312,0.289489,0.000000
68304,7,0.125000,0.000000,29,29,11.241,0.224682,0.000000
68352,0,0.125000,0.933245,24,0,1000.000,0.265598,0.000000
68352,1,0.125000,0.921973,29,0,1000.000,0.761183,0.000000
68352,2,0.125000,0.915895,32,0,1000.000,1.208538,0.000000
68352,3,0.125000,0.905556,24,0,1000.000,1.703552,0.000000
68352,4,0.125000,0.898155,30,0,1000.000,2.199802,0.000000
68352,5,0.125000,0.869986,24,0,1000.000,2.688296,0.000000
68352,6,0.125000,0.054029,26,24,89.962,0.349175,0.000000
68352,7,0.125000,0.000000,28,28,10.179,0.199701,0.000000
68400,0,0.125000,0.931572,28,0,1000.000,0.237147,0.000000
68400,1,0.125000,0.922892,44,0,1000.000,0.768089,0.000000
68400,2,0.125000,0.918876,28,0,1000.000,1.228624,0.000000
68400,3,0.125000,0.909454,37,0,1000.000,1.698870,0.000000
68400,4,0.125000,0.898372,32,0,1000.000,2.223927,0.000000
68400,5,0.125000,0.868868,25,0,1000.000,2.666883,0.000000
68400,6,0.125000,0.029400,23,22,57.348,0.279157,0.000000
68400,7,0.125000,0.000000,30,30,10.133,0.244210,0.000000
68448,0,0.125000,0.932907,29,0,1000.000,0.273963,0.000000
68448,1,0.125000,0.923218,36,0,1000.000,0.754415,0.000000
68448,2,0.125000,0.915113,25,0,1000.000,1.253893,0.000000
68448,3,0.125000,0.907839,32,0,1000.000,1.724410,0.000000
68448,4,0.125000,0.898112,30,0,1000.000,2.214924,0.000000
68448,5,0.125000,0.858778,21,0,1000.000,2.675225,0.000000
68448,6,0.125000,0.061117,29,26,116.517,0.462280,0.000000
68448,7,0.125000,0.000000,29,29,9.897,0.232200,0.000000
68496,0,0.125000,0.931225,34,0,1000.000,0.256836,0.000000
68496,1,0.125000,0.919382,37,0,1000.000,0.722402,0.000000
68496,2,0.125000,0.912773,35,0,1000.000,1.231811,0.000000
68496,3,0.125000,0.906185,30,0,1000.000,1.740075,0.000000
68496,4,0.125000,0.896697,45,0,1000.000,2.203333,0.000000
68496,5,0.125000,0.821285,39,2,951.308,2.577287,0.000000
68496,6,0.125000,0.000000,45,45,14.178,0.191678,0.000000
68496,7,0.125000,0.000000,28,28,9.893,0.198392,0.000000
68544,0,0.125000,0.931229,28,0,1000.000,0.261999,0.000000
68544,1,0.125000,0.920875,23,0,1000.000,0.698933,0.000000
68544,2,0.125000,0.915708,36,0,1000.000,1.214969,0.000000
68544,3,0.125000,0.905862,30,0,1000.000,1.688187,0.000000
68544,4,0.125000,0.894841,27,0,1000.000,2.211935,0.000000
68544,5,0.125000,0.830152,30,1,969.033,2.580094,0.000000
68544,6,0.125000,0.026567,26,25,52.346,0.237095,0.000000
68544,7,0.125000,0.000000,33,33,10.061,0.194405,0.000000
68592,0,0.125000,0.926628,46,2,973.913,0.255690,0.000000
68592,1,0.125000,0.918802,33,0,1000.000,0.734452,0.000000
68592,2,0.125000,0.877177,27,1,965.518,1.180333,0.000000
68592,3,0.125000,0.903903,25,0,1000.000,1.722203,0.000000
68592,4,0.125000,0.891926,27,0,1000.000,2.203572,0.000000
68592,5,0.125000,0.741452,28,4,860.714,2.355139,0.000000
68592,6,0.125000,0.000000,33,33,13.848,0.157123,0.000000
68592,7,0.125000,0.000000,35,35,9.943,0.251354,0.000000
68640,0,0.125000,0.930708,30,0,1000.000,0.280446,0.000000
68640,1,0.125000,0.920737,30,0,1000.000,0.722060,0.000000
68640,2,0.125000,0.914031,33,0,1000.000,1.195518,0.000000
68640,3,0.125000,0.904733,35,0,1000.000,1.709723,0.000000
68640,4,0.125000,0.889851,35,0,1000.000,2.183081,0.000000
68640,5,0.125000,0.859248,32,0,1000.000,2.645963,0.000000
68640,6,0.125000,0.025566,30,29,46.800,0.238517,0.000000
68640,7,0.125000,0.000000,36,36,10.278,0.221935,0.000000
68688,0,0.125000,0.926537,26,0,1000.000,0.260492,0.000000
68688,1,0.125000,0.920174,34,0,1000.000,0.754787,0.000000
68688,2,0.125000,0.916609,26,0,1000.000,1.226313,0.000000
68688,3,0.125000,0.903024,21,0,1000.000,1.672271,0.000000
68688,4,0.125000,0.891990,32,0,1000.000,2.225383,0.000000
68688,5,0.125000,0.839885,38,1,975.500,2.619545,0.000000
68688,6,0.125000,0.028716,43,41,60.047,0.304750,0.000000
68688,7,0.125000,0.000000,36,36,9.556,0.241815,0.000000
68736,0,0.125000,0.932768,36,0,1000.000,0.247894,0.000000
68736,1,0.125000,0.920437,39,0,1000.000,0.762316,0.000000
68736,2,0.125000,0.916597,38,0,1000.000,1.234884,0.000000
68736,3,0.125000,0.908332,27,0,1000.000,1.713495,0.000000
68736,4,0.125000,0.866517,37,1,973.946,2.148048,0.000000
68736,5,0.125000,0.856057,33,0,1000.000,2.627018,0.000000
68736,6,0.125000,0.049054,27,25,86.296,0.346553,0.000000
68736,7,0.125000,0.000000,33,33,10.152,0.199705,0.000000
68784,0,0.125000,0.931772,43,0,1000.000,0.240037,0.000000
68784,1,0.125000,0.922018,35,0,1000.000,0.774988,0.000000
68784,2,0.125000,0.916419,38,0,1000.000,1.265312,0.000000
68784,3,0.125000,0.903906,45,0,1000.000,1.718445,0.000000
68784,4,0.125000,0.896634,33,0,1000.000,2.207932,0.000000
68784,5,0.125000,0.863822,34,0,1000.000,2.629270,0.000000
68784,6,0.125000,0.000000,35,35,13.429,0.165297,0.000000
68784,7,0.125000,0.000000,30,30,10.200,0.224960,0.000000
68832,0,0.125000,0.930465,38,0,1000.000,0.307369,0.000000
68832,1,0.125000,0.923876,30,0,1000.000,0.755297,0.000000
68832,2,0.125000,0.891562,38,1,974.737,1.214238,0.000000
68832,3,0.125000,0.904322,30,0,1000.000,1.705270,0.000000
68832,4,0.125000,0.897598,29,0,1000.000,2.240518,0.000000
68832,5,0.125000,0.833077,39,1,974.820,2.590537,0.000000
68832,6,0.125000,0.000000,32,32,13.594,0.177814,0.000000
68832,7,0.125000,0.000000,33,33,9.879,0.225155,0.000000
68880,0,0.125000,0.929912,27,0,1000.000,0.246012,0.000000
68880,1,0.125000,0.921178,38,0,1000.000,0.765335,0.000000
68880,2,0.125000,0.916249,40,0,1000.000,1.247210,0.000000
68880,3,0.125000,0.906168,28,0,1000.000,1.733159,0.000000
68880,4,0.125000,0.894636,25,0,1000.000,2.204774,0.000000
68880,5,0.125000,0.859325,36,0,1000.000,2.634739,0.000000
68880,6,0.125000,0.022660,33,32,43.424,0.261737,0.000000
68880,7,0.125000,0.000000,35,35,9.829,0.213726,0.000000
68928,0,0.125000,0.916316,37,1,974.784,0.284483,0.000000
68928,1,0.125000,0.916786,30,0,1000.000,0.751932,0.000000
68928,2,0.125000,0.916331,35,0,1000.000,1.245670,0.000000
68928,3,0.125000,0.907237,35,0,1000.000,1.712197,0.000000
68928,4,0.125000,0.895770,39,0,1000.000,2.223801,0.000000
68928,5,0.125000,0.839543,36,1,972.861,2.598033,0.000000
68928,6,0.125000,0.064854,33,30,103.939,0.447791,0.000000
68928,7,0.125000,0.000000,37,37,9.838,0.216454,0.000000
68976,0,0.125000,0.930185,26,0,1000.000,0.310020,0.000000
68976,1,0.125000,0.920416,28,0,1000.000,0.804273,0.000000
68976,2,0.125000,0.918480,32,0,1000.000,1.269860,0.000000
68976,3,0.125000,0.904978,35,0,1000.000,1.764035,0.000000
68976,4,0.125000,0.895294,33,0,1000.000,2.218900,0.000000
68976,5,0.125000,0.869503,37,0,1000.000,2.698544,0.000000
68976,6,0.125000,0.019843,34,33,42.500,0.223491,0.000000
68976,7,0.125000,0.000000,28,28,9.786,0.204854,0.000000
69024,0,0.125000,0.922126,30,2,954.733,0.244357,0.000000
69024,1,0.125000,0.920733,47,0,1000.000,0.790622,0.000000
69024,2,0.125000,0.915007,39,0,1000.000,1.247116,0.000000
69024,3,0.125000,0.904970,47,0,1000.000,1.714688,0.000000
69024,4,0.125000,0.894507,33,0,1000.000,2.237572,0.000000
69024,5,0.125000,0.868957,49,0,1000.000,2.703485,0.000000
69024,6,0.125000,0.000000,32,32,14.219,0.186436,0.000000
69024,7,0.125000,0.000000,38,38,9.895,0.201851,0.000000
69072,0,0.125000,0.931310,29,0,1000.000,0.249723,0.000000
69072,1,0.125000,0.921987,30,0,1000.000,0.743975,0.000000
69072,2,0.125000,0.920541,21,0,1000.000,1.225947,0.000000
69072,3,0.125000,0.909882,35,0,1000.000,1.717284,0.000000
69072,4,0.125000,0.897392,37,0,1000.000,2.207318,0.000000
69072,5,0.125000,0.835501,31,1,969.226,2.607400,0.000000
69072,6,0.125000,0.000006,31,31,15.226,0.167963,0.000000
69072,7,0.125000,0.000000,24,24,9.792,0.216246,0.000000
69120,0,0.125000,0.931961,38,0,1000.000,0.208554,0.000000
69120,1,0.125000,0.923527,32,0,1000.000,0.804931,0.000000
69120,2,0.125000,0.915766,29,0,1000.000,1.221504,0.000000
69120,3,0.125000,0.907223,31,0,1000.000,1.724947,0.000000
69120,4,0.125000,0.894385,41,0,1000.000,2.234028,0.000000
69120,5,0.125000,0.836784,29,1,967.931,2.620488,0.000000
69120,6,0.125000,0.018114,35,34,43.257,0.270719,0.000000
69120,7,0.125000,0.000000,38,38,10.079,0.230874,0.000000
69168,0,0.125000,0.931640,33,0,1000.000,0.271455,0.000000
69168,1,0.125000,0.921667,43,1,982.233,0.763412,0.000000
69168,2,0.125000,0.917411,25,0,1000.000,1.268775,0.000000
69168,3,0.125000,0.907290,41,0,1000.000,1.726439,0.000000
69168,4,0.125000,0.895991,32,0,1000.000,2.228826,0.000000
69168,5,0.125000,0.861084,24,0,1000.000,2.706307,0.000000
69168,6,0.125000,0.016856,40,39,37.550,0.204722,0.000000
69168,7,0.125000,0.000000,36,36,10.000,0.198246,0.000000
69216,0,0.125000,0.929481,35,1,987.029,0.270533,0.000000
69216,1,0.125000,0.923279,37,0,1000.000,0.762300,0.000000
69216,2,0.125000,0.916025,33,0,1000.000,1.236581,0.000000
69216,3,0.125000,0.906216,33,0,1000.000,1.727307,0.000000
69216,4,0.125000,0.901468,25,0,1000.000,2.240047,0.000000
69216,5,0.125000,0.870594,29,0,1000.000,2.657413,0.000000
69216,6,0.125000,0.019790,37,36,40.108,0.245654,0.000000
69216,7,0.125000,0.000000,17,17,9.941,0.172634,0.000000
69264,0,0.125000,0.929741,31,0,1000.000,0.287852,0.000000
69264,1,0.125000,0.925281,30,0,1000.000,0.750056,0.000000
69264,2,0.125000,0.913683,32,0,1000.000,1.274223,0.000000
69264,3,0.125000,0.906300,34,0,1000.000,1.703619,0.000000
69264,4,0.125000,0.897578,38,0,1000.000,2.194225,0.000000
69264,5,0.125000,0.869369,29,0,1000.000,2.681688,0.000000
69264,6,0.125000,0.048522,32,30,75.875,0.361552,0.000000
69264,7,0.125000,0.000000,22,22,9.727,0.202311,0.000000
69312,0,0.125000,0.931024,29,0,1000.000,0.268319,0.000000
69312,1,0.125000,0.919591,32,0,1000.000,0.740911,0.000000
69312,2,0.125000,0.916032,34,0,1000.000,1.230137,0.000000
69312,3,0.125000,0.913474,18,0,1000.000,1.715816,0.000000
69312,4,0.125000,0.894815,23,0,1000.000,2.168258,0.000000
69312,5,0.125000,0.865383,33,0,1000.000,2.649454,0.000000
69312,6,0.125000,0.000000,30,30,13.533,0.165266,0.000000
69312,7,0.125000,0.000000,26,26,9.731,0.176229,0.000000
69360,0,0.125000,0.928198,34,0,1000.000,0.258788,0.000000
69360,1,0.125000,0.919549,33,0,1000.000,0.719132,0.000000
69360,2,0.125000,0.919346,31,0,1000.000,1.223786,0.000000
69360,3,0.125000,0.907876,26,0,1000.000,1.714858,0.000000
69360,4,0.125000,0.897147,27,0,1000.000,2.221218,0.000000
69360,5,0.125000,0.868978,22,0,1000.000,2.623807,0.000000
69360,6,0.125000,0.027121,23,22,56.391,0.255313,0.000000
69360,7,0.125000,0.000000,28,28,10.143,0.198182,0.000000
69408,0,0.125000,0.931024,39,0,1000.000,0.272849,0.000000
69408,1,0.125000,0.920725,33,0,1000.000,0.755070,0.000000
69408,2,0.125000,0.915139,31,0,1000.000,1.196076,0.000000
69408,3,0.125000,0.910734,29,0,1000.000,1.675799,0.000000
69408,4,0.125000,0.901602,26,0,1000.000,2.200138,0.000000
69408,5,0.125000,0.861647,26,0,1000.000,2.684271,0.000000
69408,6,0.125000,0.070957,40,36,112.625,0.446731,0.000000
69408,7,0.125000,0.000000,26,26,9.962,0.195876,0.000000
69456,0,0.125000,0.929155,22,0,1000.000,0.277854,0.000000
69456,1,0.125000,0.924419,36,0,1000.000,0.733069,0.000000
69456,2,0.125000,0.915574,27,0,1000.000,1.238985,0.000000
69456,3,0.125000,0.906384,33,0,1000.000,1.726616,0.000000
69456,4,0.125000,0.891741,27,0,1000.000,2.239013,0.000000
69456,5,0.125000,0.844034,36,1,972.917,2.611491,0.000000
69456,6,0.125000,0.053312,25,23,92.680,0.380434,0.000000
69456,7,0.125000,0.000000,29,29,10.000,0.144091,0.000000
69504,0,0.125000,0.933502,25,0,1000.000,0.265140,0.000000
69504,1,0.125000,0.920162,29,0,1000.000,0.764528,0.000000
69504,2,0.125000,0.916115,34,0,1000.000,1.216765,0.000000
69504,3,0.125000,0.910467,38,0,1000.000,1.700559,0.000000
69504,4,0.125000,0.899050,45,0,1000.000,2.186059,0.000000
69504,5,0.125000,0.870616,30,0,1000.000,2.676095,0.000000
69504,6,0.125000,0.103376,26,22,166.115,0.597605,0.000000
69504,7,0.125000,0.000000,38,38,10.316,0.181831,0.000000
69552,0,0.125000,0.927719,30,0,1000.000,0.294242,0.000000
69552,1,0.125000,0.920983,27,0,1000.000,0.728210,0.000000
69552,2,0.125000,0.914730,27,0,1000.000,1.237389,0.000000
69552,3,0.125000,0.906924,34,0,1000.000,1.705247,0.000000
69552,4,0.125000,0.893303,32,0,1000.000,2.177752,0.000000
69552,5,0.125000,0.839032,34,1,971.676,2.630720,0.000000
69552,6,0.125000,0.025761,48,46,56.000,0.298244,0.000000
69552,7,0.125000,0.000000,35,35,10.029,0.201293,0.000000
69600,0,0.125000,0.927355,29,0,1000.000,0.252637,0.000000
69600,1,0.125000,0.921697,32,0,1000.000,0.728306,0.000000
69600,2,0.125000,0.913756,28,0,1000.000,1.257806,0.000000
69600,3,0.125000,0.906244,26,0,1000.000,1.700969,0.000000
69600,4,0.125000,0.893750,39,0,1000.000,2.185798,0.000000
69600,5,0.125000,0.799520,27,2,929.815,2.449363,0.000000
69600,6,0.125000,0.000000,35,35,13.857,0.151914,0.000000
69600,7,0.125000,0.000000,27,27,10.111,0.191593,0.000000
69648,0,0.125000,0.929221,29,0,1000.000,0.268827,0.000000
69648,1,0.125000,0.923979,23,0,1000.000,0.756811,0.000000
69648,2,0.125000,0.914571,38,0,1000.000,1.236315,0.000000
69648,3,0.125000,0.902656,35,0,1000.000,1.691201,0.000000
69648,4,0.125000,0.895241,31,0,1000.000,2.176948,0.000000
69648,5,0.125000,0.789591,43,4,910.930,2.431605,0.000000
69648,6,0.125000,0.000000,32,32,14.188,0.188407,0.000000
69648,7,0.125000,0.000000,25,25,9.920,0.183418,0.000000
69696,0,0.125000,0.929433,39,1,985.180,0.265408,0.000000
69696,1,0.125000,0.920516,32,0,1000.000,0.771499,0.000000
69696,2,0.125000,0.918121,26,0,1000.000,1.244689,0.000000
69696,3,0.125000,0.904259,32,0,1000.000,1.717830,0.000000
69696,4,0.125000,0.897188,34,0,1000.000,2.184954,0.000000
69696,5,0.125000,0.871857,26,0,1000.000,2.655463,0.000000
69696,6,0.125000,0.000000,30,30,14.300,0.185923,0.000000
69696,7,0.125000,0.000000,24,24,10.000,0.195169,0.000000
69744,0,0.125000,0.932224,32,0,1000.000,0.236137,0.000000
69744,1,0.125000,0.920424,34,0,1000.000,0.762817,0.000000
69744,2,0.125000,0.920989,28,0,1000.000,1.235586,0.000000
69744,3,0.125000,0.908575,42,0,1000.000,1.709286,0.000000
69744,4,0.125000,0.890816,34,0,1000.000,2.220592,0.000000
69744,5,0.125000,0.869205,34,0,1000.000,2.653137,0.000000
69744,6,0.125000,0.059956,35,32,100.000,0.438410,0.000000
69744,7,0.125000,0.000000,30,30,10.133,0.191279,0.000000
69792,0,0.125000,0.931775,41,0,1000.000,0.283398,0.000000
69792,1,0.125000,0.923763,43,0,1000.000,0.741524,0.000000
69792,2,0.125000,0.918143,30,0,1000.000,1.225461,0.000000
69792,3,0.125000,0.903759,30,0,1000.000,1.741854,0.000000
69792,4,0.125000,0.894760,38,0,1000.000,2.235365,0.000000
69792,5,0.125000,0.842439,40,1,975.725,2.632004,0.000000
69792,6,0.125000,0.024577,31,30,46.194,0.289074,0.000000
69792,7,0.125000,0.000000,36,36,9.889,0.188924,0.000000
69840,0,0.125000,0.914695,28,1,966.964,0.256439,0.000000
69840,1,0.125000,0.924658,36,0,1000.000,0.771803,0.000000
69840,2,0.125000,0.917960,35,0,1000.000,1.282683,0.000000
69840,3,0.125000,0.906001,37,0,1000.000,1.692727,0.000000
69840,4,0.125000,0.893862,30,0,1000.000,2.198737,0.000000
69840,5,0.125000,0.844912,40,1,975.475,2.588356,0.000000
69840,6,0.125000,0.040288,40,38,63.350,0.331319,0.000000
69840,7,0.125000,0.000000,22,22,9.636,0.175319,0.000000
69888,0,0.125000,0.932169,38,0,1000.000,0.290404,0.000000
69888,1,0.125000,0.922084,32,0,1000.000,0.760862,0.000000
69888,2,0.125000,0.915510,27,0,1000.000,1.260392,0.000000
69888,3,0.125000,0.907079,51,0,1000.000,1.740654,0.000000
69888,4,0.125000,0.900221,29,0,1000.000,2.206961,0.000000
69888,5,0.125000,0.858879,24,0,1000.000,2.638430,0.000000
69888,6,0.125000,0.022410,35,34,42.714,0.298597,0.000000
69888,7,0.125000,0.000000,26,26,9.846,0.229383,0.000000
69936,0,0.125000,0.929757,20,0,1000.000,0.297714,0.000000
69936,1,0.125000,0.924569,35,0,1000.000,0.802358,0.000000
69936,2,0.125000,0.916690,36,0,1000.000,1.227737,0.000000
69936,3,0.125000,0.908001,41,0,1000.000,1.717680,0.000000
69936,4,0.125000,0.897481,33,0,1000.000,2.231794,0.000000
69936,5,0.125000,0.862445,31,0,1000.000,2.640603,0.000000
69936,6,0.125000,0.000000,31,31,15.000,0.161590,0.000000
69936,7,0.125000,0.000000,44,44,9.500,0.230545,0.000000
69984,0,0.125000,0.930978,32,1,981.969,0.301497,0.000000
69984,1,0.125000,0.921997,43,0,1000.000,0.757845,0.000000
69984,2,0.125000,0.918458,31,0,1000.000,1.219097,0.000000
69984,3,0.125000,0.907858,38,0,1000.000,1.727213,0.000000
69984,4,0.125000,0.898489,31,0,1000.000,2.224807,0.000000
69984,5,0.125000,0.848094,38,1,974.316,2.595362,0.000000
69984,6,0.125000,0.016401,44,43,35.864,0.214961,0.000000
69984,7,0.125000,0.000000,26,26,9.423,0.252408,0.000000
70032,0,0.125000,0.930635,40,0,1000.000,0.257814,0.000000
70032,1,0.125000,0.923484,34,0,1000.000,0.766889,0.000000
70032,2,0.125000,0.916863,29,0,1000.000,1.215788,0.000000
70032,3,0.125000,0.907074,47,0,1000.000,1.730406,0.000000
70032,4,0.125000,0.900741,31,0,1000.000,2.242128,0.000000
70032,5,0.125000,0.827731,40,2,951.725,2.609677,0.000000
70032,6,0.125000,0.018978,35,34,41.886,0.288583,0.000000
70032,7,0.125000,0.000000,37,37,9.568,0.267306,0.000000
70080,0,0.125000,0.932093,38,0,1000.000,0.238821,0.000000
70080,1,0.125000,0.927532,25,0,1000.000,0.746757,0.000000
70080,2,0.125000,0.916498,22,0,1000.000,1.276937,0.000000
70080,3,0.125000,0.904136,30,0,1000.000,1.735706,0.000000
70080,4,0.125000,0.896774,38,0,1000.000,2.192853,0.000000
70080,5,0.125000,0.795595,38,3,925.553,2.500735,0.000000
70080,6,0.125000,0.019748,32,31,44.281,0.246125,0.000000
70080,7,0.125000,0.000000,38,38,9.684,0.240175,0.000000
70128,0,0.125000,0.928196,33,0,1000.000,0.311601,0.000000
70128,1,0.125000,0.922226,41,0,1000.000,0.737180,0.000000
70128,2,0.125000,0.918443,35,0,1000.000,1.200321,0.000000
70128,3,0.125000,0.903836,37,0,1000.000,1.720247,0.000000
70128,4,0.125000,0.896482,29,0,1000.000,2.200773,0.000000
70128,5,0.125000,0.804842,31,2,938.323,2.520790,0.000000
70128,6,0.125000,0.020657,38,37,39.237,0.249294,0.000000
70128,7,0.125000,0.000000,32,32,9.781,0.198719,0.000000
70176,0,0.125000,0.930389,39,0,1000.000,0.266362,0.000000
70176,1,0.125000,0.925408,31,0,1000.000,0.762210,0.000000
70176,2,0.125000,0.917192,26,0,1000.000,1.253304,0.000000
70176,3,0.125000,0.903562,30,0,1000.000,1.679756,0.000000
70176,4,0.125000,0.891795,33,0,1000.000,2.191801,0.000000
70176,5,0.125000,0.854590,32,0,1000.000,2.625406,0.000000
70176,6,0.125000,0.000000,27,27,14.111,0.154459,0.000000
70176,7,0.125000,0.000000,29,29,9.828,0.223398,0.000000
70224,0,0.125000,0.933118,35,0,1000.000,0.268146,0.000000
70224,1,0.125000,0.919592,33,0,1000.000,0.722959,0.000000
70224,2,0.125000,0.916236,34,0,1000.000,1.225853,0.000000
70224,3,0.125000,0.905205,34,0,1000.000,1.718484,0.000000
70224,4,0.125000,0.899183,44,0,1000.000,2.203808,0.000000
70224,5,0.125000,0.864181,26,0,1000.000,2.669197,0.000000
70224,6,0.125000,0.031542,35,33,69.057,0.295094,0.000000
70224,7,0.125000,0.000000,21,21,9.905,0.224981,0.000000
70272,0,0.125000,0.930530,33,0,1000.000,0.255575,0.000000
70272,1,0.125000,0.921464,31,0,1000.000,0.705143,0.000000
70272,2,0.125000,0.917026,32,0,1000.000,1.244552,0.000000
70272,3,0.125000,0.905619,36,0,1000.000,1.716470,0.000000
70272,4,0.125000,0.891516,26,0,1000.000,2.184023,0.000000
70272,5,0.125000,0.836323,33,1,970.333,2.607471,0.000000
70272,6,0.125000,0.070657,30,27,111.967,0.447042,0.000000
70272,7,0.125000,0.000000,31,31,10.032,0.230450,0.000000
70320,0,0.125000,0.930946,28,0,1000.000,0.275813,0.000000
70320,1,0.125000,0.921833,22,1,973.591,0.754429,0.000000
70320,2,0.125000,0.917184,25,0,1000.000,1.251165,0.000000
70320,3,0.125000,0.907587,23,0,1000.000,1.698619,0.000000
70320,4,0.125000,0.895970,34,0,1000.000,2.180773,0.000000
70320,5,0.125000,0.866346,35,0,1000.000,2.660338,0.000000
70320,6,0.125000,0.080779,18,16,123.222,0.442634,0.000000
70320,7,0.125000,0.000000,31,31,10.161,0.238983,0.000000
70368,0,0.125000,0.928679,26,1,994.192,0.308413,0.000000
70368,1,0.125000,0.919907,37,0,1000.000,0.759028,0.000000
70368,2,0.125000,0.916190,18,0,1000.000,1.232416,0.000000
70368,3,0.125000,0.907579,30,0,1000.000,1.728021,0.000000
70368,4,0.125000,0.892334,32,0,1000.000,2.231878,0.000000
70368,5,0.125000,0.830776,24,1,959.167,2.577194,0.000000
70368,6,0.125000,0.047175,32,30,76.312,0.400181,0.000000
70368,7,0.125000,0.000000,19,19,10.053,0.244104,0.000000
70416,0,0.125000,0.930398,33,0,1000.000,0.299885,0.000000
70416,1,0.125000,0.925821,37,0,1000.000,0.781358,0.000000
70416,2,0.125000,0.915957,36,0,1000.000,1.212619,0.000000
70416,3,0.125000,0.907672,34,0,1000.000,1.711176,0.000000
70416,4,0.125000,0.886828,25,0,1000.000,2.206361,0.000000
70416,5,0.125000,0.790022,37,3,920.919,2.464321,0.000000
70416,6,0.125000,0.000000,33,33,13.636,0.183481,0.000000
70416,7,0.125000,0.000000,39,39,9.897,0.226708,0.000000
70464,0,0.125000,0.913817,23,1,958.391,0.293329,0.000000
70464,1,0.125000,0.922025,29,0,1000.000,0.730263,0.000000
70464,2,0.125000,0.878494,25,1,961.640,1.167454,0.000000
70464,3,0.125000,0.904814,36,0,1000.000,1.684713,0.000000
70464,4,0.125000,0.891876,29,0,1000.000,2.194290,0.000000
70464,5,0.125000,0.865729,27,0,1000.000,2.686102,0.000000
70464,6,0.125000,0.000000,25,25,13.600,0.224906,0.000000
70464,7,0.125000,0.000000,31,31,9.548,0.223274,0.000000
70512,0,0.125000,0.932668,41,0,1000.000,0.284108,0.000000
70512,1,0.125000,0.921234,43,0,1000.000,0.754746,0.000000
70512,2,0.125000,0.915291,32,0,1000.000,1.165861,0.000000
70512,3,0.125000,0.899457,23,0,1000.000,1.676495,0.000000
70512,4,0.125000,0.895606,31,0,1000.000,2.186282,0.000000
70512,5,0.125000,0.807104,31,2,939.452,2.558434,0.000000
70512,6,0.125000,0.079037,46,41,119.717,0.467290,0.000000
70512,7,0.125000,0.000000,30,30,9.600,0.220685,0.000000
70560,0,0.125000,0.927029,32,0,1000.000,0.247326,0.000000
70560,1,0.125000,0.922311,31,0,1000.000,0.761855,0.000000
70560,2,0.125000,0.915679,30,0,1000.000,1.220987,0.000000
70560,3,0.125000,0.907534,30,0,1000.000,1.708931,0.000000
70560,4,0.125000,0.893117,27,0,1000.000,2.184293,0.000000
70560,5,0.125000,0.830704,34,1,972.088,2.554170,0.000000
70560,6,0.125000,0.039226,34,32,71.588,0.355077,0.000000
70560,7,0.125000,0.000000,32,32,9.312,0.262447,0.000000
70608,0,0.125000,0.934449,25,0,1000.000,0.263257,0.000000
70608,1,0.125000,0.921410,36,0,1000.000,0.738900,0.000000
70608,2,0.125000,0.917248,27,0,1000.000,1.239393,0.000000
70608,3,0.125000,0.903250,42,0,1000.000,1.702021,0.000000
70608,4,0.125000,0.892216,22,0,1000.000,2.166016,0.000000
70608,5,0.125000,0.805131,34,2,942.382,2.496307,0.000000
70608,6,0.125000,0.023491,40,39,41.100,0.301558,0.000000
70608,7,0.125000,0.000000,32,32,10.062,0.265451,0.000000
70656,0,0.125000,0.928030,35,0,1000.000,0.268895,0.000000
70656,1,0.125000,0.921318,32,0,1000.000,0.755604,0.000000
70656,2,0.125000,0.917299,30,0,1000.000,1.244285,0.000000
70656,3,0.125000,0.907762,35,0,1000.000,1.737172,0.000000
70656,4,0.125000,0.894473,20,0,1000.000,2.218473,0.000000
70656,5,0.125000,0.858846,39,0,1000.000,2.696890,0.000000
70656,6,0.125000,0.022262,33,32,42.970,0.290623,0.000000
70656,7,0.125000,0.000000,26,26,9.500,0.213822,0.000000
70704,0,0.125000,0.930460,29,0,1000.000,0.225681,0.000000
70704,1,0.125000,0.920645,41,0,1000.000,0.718832,0.000000
70704,2,0.125000,0.915397,22,0,1000.000,1.197360,0.000000
70704,3,0.125000,0.909061,29,0,1000.000,1.681530,0.000000
70704,4,0.125000,0.891378,32,0,1000.000,2.157626,0.000000
70704,5,0.125000,0.839038,39,1,974.795,2.565412,0.000000
70704,6,0.125000,0.000000,32,32,13.500,0.179021,0.000000
70704,7,0.125000,0.000000,24,24,9.500,0.211144,0.000000
70752,0,0.125000,0.928650,27,0,1000.000,0.259505,0.000000
70752,1,0.125000,0.921131,41,0,1000.000,0.713141,0.000000
70752,2,0.125000,0.914989,28,0,1000.000,1.213283,0.000000
70752,3,0.125000,0.907776,46,0,1000.000,1.684336,0.000000
70752,4,0.125000,0.896253,42,0,1000.000,2.150434,0.000000
70752,5,0.125000,0.781289,33,3,911.091,2.364626,0.000000
70752,6,0.125000,0.000000,36,36,13.083,0.154031,0.000000
70752,7,0.125000,0.000000,29,29,9.621,0.218212,0.000000
70800,0,0.125000,0.931680,39,0,1000.000,0.322740,0.000000
70800,1,0.125000,0.922295,31,0,1000.000,0.759171,0.000000
70800,2,0.125000,0.915442,52,0,1000.000,1.199265,0.000000
70800,3,0.125000,0.906392,31,0,1000.000,1.667298,0.000000
70800,4,0.125000,0.894063,33,0,1000.000,2.149059,0.000000
70800,5,0.125000,0.837408,42,1,976.619,2.516593,0.000000
70800,6,0.125000,0.041734,43,40,82.419,0.351623,0.000000
70800,7,0.125000,0.000000,41,41,9.732,0.197684,0.000000
70848,0,0.125000,0.929312,32,0,1000.000,0.262885,0.000000
70848,1,0.125000,0.923638,32,0,1000.000,0.769752,0.000000
70848,2,0.125000,0.913905,32,0,1000.000,1.203337,0.000000
70848,3,0.125000,0.903874,25,0,1000.000,1.684329,0.000000
70848,4,0.125000,0.891162,34,0,1000.000,2.199878,0.000000
70848,5,0.125000,0.747108,31,4,875.871,2.332295,0.000000
70848,6,0.125000,0.022371,36,35,40.917,0.280561,0.000000
70848,7,0.125000,0.000000,33,33,10.576,0.192779,0.000000
70896,0,0.125000,0.930742,41,0,1000.000,0.253270,0.000000
70896,1,0.125000,0.920660,36,0,1000.000,0.730272,0.000000
70896,2,0.125000,0.914595,26,0,1000.000,1.186379,0.000000
70896,3,0.125000,0.899435,28,0,1000.000,1.720008,0.000000
70896,4,0.125000,0.873440,41,1,976.756,2.161069,0.000000
70896,5,0.125000,0.817397,31,1,968.806,2.567354,0.000000
70896,6,0.125000,0.030400,27,26,51.333,0.308544,0.000000
70896,7,0.125000,0.000000,29,29,9.897,0.154431,0.000000
70944,0,0.125000,0.929945,31,0,1000.000,0.300009,0.000000
70944,1,0.125000,0.921656,39,0,1000.000,0.763921,0.000000
70944,2,0.125000,0.915402,38,0,1000.000,1.233485,0.000000
70944,3,0.125000,0.899308,36,0,1000.000,1.737790,0.000000
70944,4,0.125000,0.888431,29,0,1000.000,2.247367,0.000000
70944,5,0.125000,0.795253,33,2,942.091,2.515202,0.000000
70944,6,0.125000,0.000000,30,30,15.267,0.203266,0.000000
70944,7,0.125000,0.000000,30,30,10.100,0.143817,0.000000
70992,0,0.125000,0.926277,38,0,1000.000,0.299657,0.000000
70992,1,0.125000,0.921310,37,0,1000.000,0.752941,0.000000
70992,2,0.125000,0.912949,38,0,1000.000,1.271921,0.000000
70992,3,0.125000,0.903296,42,0,1000.000,1.714610,0.000000
70992,4,0.125000,0.892000,33,0,1000.000,2.205749,0.000000
70992,5,0.125000,0.859460,29,0,1000.000,2.651192,0.000000
70992,6,0.125000,0.000000,29,29,14.793,0.192522,0.000000
70992,7,0.125000,0.000000,37,37,9.946,0.174453,0.000000
71040,0,0.125000,0.927894,34,0,1000.000,0.271618,0.000000
71040,1,0.125000,0.919384,35,0,1000.000,0.753122,0.000000
71040,2,0.125000,0.913882,40,0,1000.000,1.243604,0.000000
71040,3,0.125000,0.901677,47,0,1000.000,1.739148,0.000000
71040,4,0.125000,0.893065,30,0,1000.000,2.218882,0.000000
71040,5,0.125000,0.856504,29,0,1000.000,2.663953,0.000000
71040,6,0.125000,0.013809,44,43,37.091,0.261211,0.000000
71040,7,0.125000,0.000000,36,36,10.028,0.174316,0.000000
71088,0,0.125000,0.927113,36,0,1000.000,0.258674,0.000000
71088,1,0.125000,0.920117,33,0,1000.000,0.782687,0.000000
71088,2,0.125000,0.913072,34,0,1000.000,1.243752,0.000000
71088,3,0.125000,0.902549,29,0,1000.000,1.742642,0.000000
71088,4,0.125000,0.885664,32,0,1000.000,2.226624,0.000000
71088,5,0.125000,0.849376,29,0,1000.000,2.674892,0.000000
71088,6,0.125000,0.030159,26,25,53.038,0.323272,0.000000
71088,7,0.125000,0.000000,33,33,9.909,0.175577,0.000000
71136,0,0.125000,0.933084,37,1,991.081,0.258754,0.000000
71136,1,0.125000,0.921445,36,0,1000.000,0.764683,0.000000
71136,2,0.125000,0.915576,34,0,1000.000,1.252209,0.000000
71136,3,0.125000,0.905097,29,0,1000.000,1.758596,0.000000
71136,4,0.125000,0.894921,25,0,1000.000,2.266403,0.000000
71136,5,0.125000,0.832483,42,1,976.595,2.641613,0.000000
71136,6,0.125000,0.000000,29,29,15.379,0.239454,0.000000
71136,7,0.125000,0.000000,33,33,10.424,0.177333,0.000000
71184,0,0.125000,0.930315,25,0,1000.000,0.266995,0.000000
71184,1,0.125000,0.919740,25,0,1000.000,0.765651,0.000000
71184,2,0.125000,0.917327,25,0,1000.000,1.251543,0.000000
71184,3,0.125000,0.905525,29,0,1000.000,1.749519,0.000000
71184,4,0.125000,0.892277,38,0,1000.000,2.216387,0.000000
71184,5,0.125000,0.836684,49,1,981.061,2.629860,0.000000
71184,6,0.125000,0.024026,29,28,50.103,0.371591,0.000000
71184,7,0.125000,0.000000,42,42,10.048,0.169585,0.000000
71232,0,0.125000,0.929876,39,0,1000.000,0.267902,0.000000
71232,1,0.125000,0.920602,34,0,1000.000,0.714769,0.000000
71232,2,0.125000,0.913337,42,0,1000.000,1.239122,0.000000
71232,3,0.125000,0.905791,31,0,1000.000,1.718771,0.000000
71232,4,0.125000,0.892659,32,0,1000.000,2.171076,0.000000
71232,5,0.125000,0.859372,21,0,1000.000,2.685126,0.000000
71232,6,0.125000,0.081136,24,21,138.542,0.564733,0.000000
71232,7,0.125000,0.000000,36,36,10.222,0.179577,0.000000
71280,0,0.125000,0.927196,36,0,1000.000,0.296721,0.000000
71280,1,0.125000,0.919799,38,0,1000.000,0.737889,0.000000
71280,2,0.125000,0.917599,28,0,1000.000,1.233909,0.000000
71280,3,0.125000,0.903534,34,0,1000.000,1.717202,0.000000
71280,4,0.125000,0.887392,31,0,1000.000,2.212211,0.000000
71280,5,0.125000,0.861095,38,0,1000.000,2.689796,0.000000
71280,6,0.125000,0.000000,35,35,14.314,0.192102,0.000000
71280,7,0.125000,0.000000,28,28,9.929,0.151222,0.000000
71328,0,0.125000,0.929174,26,0,1000.000,0.255272,0.000000
71328,1,0.125000,0.920310,34,0,1000.000,0.733460,0.000000
71328,2,0.125000,0.914667,29,0,1000.000,1.226359,0.000000
71328,3,0.125000,0.909389,21,0,1000.000,1.736621,0.000000
71328,4,0.125000,0.892409,28,0,1000.000,2.209704,0.000000
71328,5,0.125000,0.816354,22,1,955.409,2.559061,0.000000
71328,6,0.125000,0.000000,28,28,13.821,0.174279,0.000000
71328,7,0.125000,0.000000,36,36,10.028,0.176956,0.000000
71376,0,0.125000,0.928880,19,0,1000.000,0.261209,0.000000
71376,1,0.125000,0.920719,30,0,1000.000,0.736383,0.000000
71376,2,0.125000,0.913881,34,0,1000.000,1.266643,0.000000
71376,3,0.125000,0.903487,28,0,1000.000,1.699435,0.000000
71376,4,0.125000,0.889809,39,0,1000.000,2.205707,0.000000
71376,5,0.125000,0.863027,26,0,1000.000,2.704982,0.000000
71376,6,0.125000,0.060873,23,21,99.783,0.405254,0.000000
71376,7,0.125000,0.000000,25,25,10.040,0.204686,0.000000
71424,0,0.125000,0.928056,33,0,1000.000,0.253582,0.000000
71424,1,0.125000,0.917277,26,0,1000.000,0.716959,0.000000
71424,2,0.125000,0.911974,37,0,1000.000,1.207049,0.000000
71424,3,0.125000,0.901674,32,0,1000.000,1.708584,0.000000
71424,4,0.125000,0.889219,30,0,1000.000,2.202596,0.000000
71424,5,0.125000,0.863717,24,0,1000.000,2.688156,0.000000
71424,6,0.125000,0.023207,28,27,49.250,0.295947,0.000000
71424,7,0.125000,0.000000,32,32,9.812,0.190546,0.000000
71472,0,0.125000,0.927093,26,0,1000.000,0.292239,0.000000
71472,1,0.125000,0.914253,27,0,1000.000,0.732517,0.000000
71472,2,0.125000,0.914770,30,0,1000.000,1.230410,0.000000
71472,3,0.125000,0.905989,30,0,1000.000,1.713252,0.000000
71472,4,0.125000,0.893401,28,0,1000.000,2.207619,0.000000
71472,5,0.125000,0.817973,33,1,976.818,2.666721,0.000000
71472,6,0.125000,0.023206,22,21,58.955,0.317244,0.000000
71472,7,0.125000,0.000000,26,26,9.885,0.183698,0.000000
71520,0,0.125000,0.930620,41,0,1000.000,0.264344,0.000000
71520,1,0.125000,0.920868,30,0,1000.000,0.739267,0.000000
71520,2,0.125000,0.915360,45,0,1000.000,1.239680,0.000000
71520,3,0.125000,0.901423,37,0,1000.000,1.742923,0.000000
71520,4,0.125000,0.890880,29,0,1000.000,2.223385,0.000000
71520,5,0.125000,0.868305,20,0,1000.000,2.662871,0.000000
71520,6,0.125000,0.023129,33,32,43.818,0.266816,0.000000
71520,7,0.125000,0.000000,38,38,9.789,0.191394,0.000000
71568,0,0.125000,0.928834,31,0,1000.000,0.249030,0.000000
71568,1,0.125000,0.920952,37,0,1000.000,0.761702,0.000000
71568,2,0.125000,0.916170,36,0,1000.000,1.230043,0.000000
71568,3,0.125000,0.905224,31,0,1000.000,1.730288,0.000000
71568,4,0.125000,0.890956,23,0,1000.000,2.214179,0.000000
71568,5,0.125000,0.859947,30,0,1000.000,2.724679,0.000000
71568,6,0.125000,0.021711,34,33,43.059,0.285972,0.000000
71568,7,0.125000,0.000000,31,31,9.968,0.185997,0.000000
71664,0,0.125000,0.929958,69,0,1000.000,0.289112,0.000000
71664,1,0.125000,0.920923,69,0,1000.000,0.743030,0.000000
71664,2,0.125000,0.914434,69,0,1000.000,1.235644,0.000000
71664,3,0.125000,0.903630,57,0,1000.000,1.747311,0.000000
71664,4,0.125000,0.891218,60,0,1000.000,2.188144,0.000000
71664,5,0.125000,0.862298,50,0,1000.000,2.647468,0.000000
71664,6,0.125000,0.068764,58,52,116.241,0.533708,0.000000
71664,7,0.125000,0.000000,53,53,9.528,0.199104,0.000000
71712,0,0.125000,0.927886,40,0,1000.000,0.268366,0.000000
71712,1,0.125000,0.921503,36,0,1000.000,0.764782,0.000000
71712,2,0.125000,0.912423,35,0,1000.000,1.224074,0.000000
71712,3,0.125000,0.904840,24,0,1000.000,1.690412,0.000000
71712,4,0.125000,0.890739,26,0,1000.000,2.195222,0.000000
71712,5,0.125000,0.754612,24,3,878.667,2.434278,0.000000
71712,6,0.125000,0.000000,25,25,12.280,0.158053,0.000000
71712,7,0.125000,0.000000,28,28,9.714,0.226534,0.000000
71760,0,0.125000,0.933307,34,0,1000.000,0.270681,0.000000
71760,1,0.125000,0.919768,51,0,1000.000,0.735241,0.000000
71760,2,0.125000,0.912509,30,0,1000.000,1.221120,0.000000
71760,3,0.125000,0.899579,37,0,1000.000,1.707449,0.000000
71760,4,0.125000,0.893611,31,0,1000.000,2.230825,0.000000
71760,5,0.125000,0.863684,25,0,1000.000,2.673647,0.000000
71760,6,0.125000,0.000000,27,27,14.148,0.194013,0.000000
71760,7,0.125000,0.000000,27,27,10.111,0.237261,0.000000
71808,0,0.125000,0.927817,43,0,1000.000,0.239480,0.000000
71808,1,0.125000,0.920433,44,0,1000.000,0.731661,0.000000
71808,2,0.125000,0.917234,26,0,1000.000,1.210550,0.000000
71808,3,0.125000,0.902882,51,0,1000.000,1.736602,0.000000
71808,4,0.125000,0.895081,41,0,1000.000,2.222361,0.000000
71808,5,0.125000,0.834932,31,1,968.387,2.638330,0.000000
71808,6,0.125000,0.000000,27,27,14.259,0.174183,0.000000
71808,7,0.125000,0.000000,30,30,9.933,0.221781,0.000000
71856,0,0.125000,0.929957,26,0,1000.000,0.265454,0.000000
71856,1,0.125000,0.916492,25,0,1000.000,0.703127,0.000000
71856,2,0.125000,0.910971,38,0,1000.000,1.213195,0.000000
71856,3,0.125000,0.905721,37,0,1000.000,1.690762,0.000000
71856,4,0.125000,0.897835,36,0,1000.000,2.205669,0.000000
71856,5,0.125000,0.840778,29,1,966.552,2.586605,0.000000
71856,6,0.125000,0.059394,37,34,93.973,0.412217,0.000000
71856,7,0.125000,0.000000,26,26,9.769,0.234223,0.000000
71904,0,0.125000,0.928441,29,0,1000.000,0.240941,0.000000
71904,1,0.125000,0.920820,44,0,1000.000,0.733751,0.000000
71904,2,0.125000,0.915916,31,0,1000.000,1.212371,0.000000
71904,3,0.125000,0.904588,27,0,1000.000,1.695998,0.000000
71904,4,0.125000,0.894272,30,0,1000.000,2.216429,0.000000
71904,5,0.125000,0.871134,31,0,1000.000,2.673371,0.000000
71904,6,0.125000,0.163412,22,17,237.455,0.767805,0.000000
71904,7,0.125000,0.000000,28,28,9.714,0.250194,0.000000
71952,0,0.125000,0.930620,32,0,1000.000,0.246346,0.000000
71952,1,0.125000,0.920263,31,0,1000.000,0.709068,0.000000
71952,2,0.125000,0.914370,36,0,1000.000,1.213677,0.000000
71952,3,0.125000,0.905809,34,0,1000.000,1.720349,0.000000
71952,4,0.125000,0.899772,27,0,1000.000,2.171189,0.000000
71952,5,0.125000,0.850118,42,1,976.548,2.614629,0.000000
71952,6,0.125000,0.024939,28,27,49.679,0.267974,0.000000
71952,7,0.125000,0.000000,32,32,9.812,0.261040,0.000000
72000,0,0.125000,0.931700,45,0,1000.000,0.276671,0.000000
72000,1,0.125000,0.921373,32,0,1000.000,0.780910,0.000000
72000,2,0.125000,0.915479,39,0,1000.000,1.271958,0.000000
72000,3,0.125000,0.906636,45,0,1000.000,1.727785,0.000000
72000,4,0.125000,0.899519,34,0,1000.000,2.188908,0.000000
72000,5,0.125000,0.878027,27,0,1000.000,2.715320,0.000000
72000,6,0.125000,0.032201,44,42,58.136,0.291623,0.000000
72000,7,0.125000,0.000000,41,41,9.683,0.268042,0.000000
