step,bin_idx,weight,mean_reward,n_samples,n_falls,mean_ep_len,mean_vx_at_term,r_en
48,0,0.666667,0.000384,4235,4096,32.822,0.131549,0.000000
48,1,0.333333,0.001395,63,0,1000.000,0.178039,0.000000
48,2,0.000000,0.000000,0,0,0.000,0.000000,0.000000
48,3,0.000000,0.000000,0,0,0.000,0.000000,0.000000
48,4,0.000000,0.000000,0,0,0.000,0.000000,0.000000
48,5,0.000000,0.000000,0,0,0.000,0.000000,0.000000
48,6,0.000000,0.000000,0,0,0.000,0.000000,0.000000
48,7,0.000000,0.000000,0,0,0.000,0.000000,0.000000
96,0,0.666667,0.047791,119,5,972.857,0.147766,0.000000
96,1,0.333333,0.004370,63,0,1000.000,0.162068,0.000000
96,2,0.000000,0.000000,0,0,0.000,0.000000,0.000000
96,3,0.000000,0.000000,0,0,0.000,0.000000,0.000000
96,4,0.000000,0.000000,0,0,0.000,0.000000,0.000000
96,5,0.000000,0.000000,0,0,0.000,0.000000,0.000000
96,6,0.000000,0.000000,0,0,0.000,0.000000,0.000000
96,7,0.000000,0.000000,0,0,0.000,0.000000,0.000000
144,0,0.666667,0.115018,197,45,881.107,0.128314,0.000000
144,1,0.333333,0.013807,67,10,935.597,0.139169,0.000000
144,2,0.000000,0.000000,0,0,0.000,0.000000,0.000000
144,3,0.000000,0.000000,0,0,0.000,0.000000,0.000000
144,4,0.000000,0.000000,0,0,0.000,0.000000,0.000000
144,5,0.000000,0.000000,0,0,0.000,0.000000,0.000000
144,6,0.000000,0.000000,0,0,0.000,0.000000,0.000000
144,7,0.000000,0.000000,0,0,0.000,0.000000,0.000000
192,0,0.666667,0.205905,221,113,761.502,0.094775,0.000000
192,1,0.333333,0.025469,104,26,890.000,0.100587,0.000000
192,2,0.000000,0.000000,0,0,0.000,0.000000,0.000000
192,3,0.000000,0.000000,0,0,0.000,0.000000,0.000000
192,4,0.000000,0.000000,0,0,0.000,0.000000,0.000000
192,5,0.000000,0.000000,0,0,0.000,0.000000,0.000000
192,6,0.000000,0.000000,0,0,0.000,0.000000,0.000000
192,7,0.000000,0.000000,0,0,0.000,0.000000,0.000000
240,0,0.666667,0.292985,338,224,684.405,0.085909,0.000000
240,1,0.333333,0.059324,156,80,720.917,0.106080,0.000000
240,2,0.000000,0.000000,0,0,0.000,0.000000,0.000000
240,3,0.000000,0.000000,0,0,0.000,0.000000,0.000000
240,4,0.000000,0.000000,0,0,0.000,0.000000,0.000000
240,5,0.000000,0.000000,0,0,0.000,0.000000,0.000000
240,6,0.000000,0.000000,0,0,0.000,0.000000,0.000000
240,7,0.000000,0.000000,0,0,0.000,0.000000,0.000000
288,0,0.666667,0.406405,466,368,574.869,0.084553,0.000000
288,1,0.333333,0.076669,171,102,673.678,0.094188,0.000000
288,2,0.000000,0.000000,0,0,0.000,0.000000,0.000000
288,3,0.000000,0.000000,0,0,0.000,0.000000,0.000000
288,4,0.000000,0.000000,0,0,0.000,0.000000,0.000000
288,5,0.000000,0.000000,0,0,0.000,0.000000,0.000000
288,6,0.000000,0.000000,0,0,0.000,0.000000,0.000000
288,7,0.000000,0.000000,0,0,0.000,0.000000,0.000000
336,0,0.666667,0.495463,575,503,489.438,0.085386,0.000000
336,1,0.333333,0.093290,145,94,613.297,0.075207,0.000000
336,2,0.000000,0.000000,0,0,0.000,0.000000,0.000000
336,3,0.000000,0.000000,0,0,0.000,0.000000,0.000000
336,4,0.000000,0.000000,0,0,0.000,0.000000,0.000000
336,5,0.000000,0.000000,0,0,0.000,0.000000,0.000000
336,6,0.000000,0.000000,0,0,0.000,0.000000,0.000000
336,7,0.000000,0.000000,0,0,0.000,0.000000,0.000000
384,0,0.666667,0.553312,587,517,439.160,0.086125,0.000000
384,1,0.333333,0.115329,173,116,559.191,0.089140,0.000000
384,2,0.000000,0.000000,0,0,0.000,0.000000,0.000000
384,3,0.000000,0.000000,0,0,0.000,0.000000,0.000000
384,4,0.000000,0.000000,0,0,0.000,0.000000,0.000000
384,5,0.000000,0.000000,0,0,0.000,0.000000,0.000000
384,6,0.000000,0.000000,0,0,0.000,0.000000,0.000000
384,7,0.000000,0.000000,0,0,0.000,0.000000,0.000000
432,0,0.666667,0.585664,600,539,418.780,0.088777,0.000000
432,1,0.333333,0.138036,232,182,466.659,0.090933,0.000000
432,2,0.000000,0.000000,0,0,0.000,0.000000,0.000000
432,3,0.000000,0.000000,0,0,0.000,0.000000,0.000000
432,4,0.000000,0.000000,0,0,0.000,0.000000,0.000000
432,5,0.000000,0.000000,0,0,0.000,0.000000,0.000000
432,6,0.000000,0.000000,0,0,0.000,0.000000,0.000000
432,7,0.000000,0.000000,0,0,0.000,0.000000,0.000000
480,0,0.666667,0.648070,774,734,342.935,0.087125,0.000000
480,1,0.333333,0.158570,456,407,396.072,0.099153,0.000000
480,2,0.000000,0.000000,0,0,0.000,0.000000,0.000000
480,3,0.000000,0.000000,0,0,0.000,0.000000,0.000000
480,4,0.000000,0.000000,0,0,0.000,0.000000,0.000000
480,5,0.000000,0.000000,0,0,0.000,0.000000,0.000000
480,6,0.000000,0.000000,0,0,0.000,0.000000,0.000000
480,7,0.000000,0.000000,0,0,0.000,0.000000,0.000000
528,0,0.666667,0.680800,738,720,316.504,0.093802,0.000000
528,1,0.333333,0.179395,619,595,363.792,0.094103,0.000000
528,2,0.000000,0.000000,0,0,0.000,0.000000,0.000000
528,3,0.000000,0.000000,0,0,0.000,0.000000,0.000000
528,4,0.000000,0.000000,0,0,0.000,0.000000,0.000000
528,5,0.000000,0.000000,0,0,0.000,0.000000,0.000000
528,6,0.000000,0.000000,0,0,0.000,0.000000,0.000000
528,7,0.000000,0.000000,0,0,0.000,0.000000,0.000000
576,0,0.666667,0.739187,543,531,254.101,0.096907,0.000000
576,1,0.333333,0.217927,656,642,291.447,0.095580,0.000000
576,2,0.000000,0.000000,0,0,0.000,0.000000,0.000000
576,3,0.000000,0.000000,0,0,0.000,0.000000,0.000000
576,4,0.000000,0.000000,0,0,0.000,0.000000,0.000000
576,5,0.000000,0.000000,0,0,0.000,0.000000,0.000000
576,6,0.000000,0.000000,0,0,0.000,0.000000,0.000000
576,7,0.000000,0.000000,0,0,0.000,0.000000,0.000000
624,0,0.666667,0.785268,507,499,209.385,0.105758,0.000000
624,1,0.333333,0.288645,700,698,168.140,0.105250,0.000000
624,2,0.000000,0.000000,0,0,0.000,0.000000,0.000000
624,3,0.000000,0.000000,0,0,0.000,0.000000,0.000000
624,4,0.000000,0.000000,0,0,0.000,0.000000,0.000000
624,5,0.000000,0.000000,0,0,0.000,0.000000,0.000000
624,6,0.000000,0.000000,0,0,0.000,0.000000,0.000000
624,7,0.000000,0.000000,0,0,0.000,0.000000,0.000000
672,0,0.666667,0.800181,409,400,194.658,0.127764,0.000000
672,1,0.333333,0.326267,469,469,121.708,0.101221,0.000000
672,2,0.000000,0.000000,0,0,0.000,0.000000,0.000000
672,3,0.000000,0.000000,0,0,0.000,0.000000,0.000000
672,4,0.000000,0.000000,0,0,0.000,0.000000,0.000000
672,5,0.000000,0.000000,0,0,0.000,0.000000,0.000000
672,6,0.000000,0.000000,0,0,0.000,0.000000,0.000000
672,7,0.000000,0.000000,0,0,0.000,0.000000,0.000000
720,0,0.666667,0.800090,505,496,202.572,0.154939,0.000000
720,1,0.333333,0.366613,493,493,93.992,0.100513,0.000000
720,2,0.000000,0.000000,0,0,0.000,0.000000,0.000000
720,3,0.000000,0.000000,0,0,0.000,0.000000,0.000000
720,4,0.000000,0.000000,0,0,0.000,0.000000,0.000000
720,5,0.000000,0.000000,0,0,0.000,0.000000,0.000000
720,6,0.000000,0.000000,0,0,0.000,0.000000,0.000000
720,7,0.000000,0.000000,0,0,0.000,0.000000,0.000000
768,0,0.666667,0.809149,925,922,192.082,0.176672,0.000000
768,1,0.333333,0.394656,374,374,79.503,0.104211,0.000000
768,2,0.000000,0.000000,0,0,0.000,0.000000,0.000000
768,3,0.000000,0.000000,0,0,0.000,0.000000,0.000000
768,4,0.000000,0.000000,0,0,0.000,0.000000,0.000000
768,5,0.000000,0.000000,0,0,0.000,0.000000,0.000000
768,6,0.000000,0.000000,0,0,0.000,0.000000,0.000000
768,7,0.000000,0.000000,0,0,0.000,0.000000,0.000000
816,0,0.666667,0.815921,660,657,200.233,0.229600,0.000000
816,1,0.333333,0.425996,389,389,65.383,0.156656,0.000000
816,2,0.000000,0.000000,0,0,0.000,0.000000,0.000000
816,3,0.000000,0.000000,0,0,0.000,0.000000,0.000000
816,4,0.000000,0.000000,0,0,0.000,0.000000,0.000000
816,5,0.000000,0.000000,0,0,0.000,0.000000,0.000000
816,6,0.000000,0.000000,0,0,0.000,0.000000,0.000000
816,7,0.000000,0.000000,0,0,0.000,0.000000,0.000000
864,0,0.666667,0.812570,380,377,201.982,0.332738,0.000000
864,1,0.333333,0.449707,397,397,68.106,0.189409,0.000000
864,2,0.000000,0.000000,0,0,0.000,0.000000,0.000000
864,3,0.000000,0.000000,0,0,0.000,0.000000,0.000000
864,4,0.000000,0.000000,0,0,0.000,0.000000,0.000000
864,5,0.000000,0.000000,0,0,0.000,0.000000,0.000000
864,6,0.000000,0.000000,0,0,0.000,0.000000,0.000000
864,7,0.000000,0.000000,0,0,0.000,0.000000,0.000000
912,0,0.666667,0.826142,227,224,220.648,0.359972,0.000000
912,1,0.333333,0.456669,313,313,66.003,0.246090,0.000000
912,2,0.000000,0.000000,0,0,0.000,0.000000,0.000000
912,3,0.000000,0.000000,0,0,0.000,0.000000,0.000000
912,4,0.000000,0.000000,0,0,0.000,0.000000,0.000000
912,5,0.000000,0.000000,0,0,0.000,0.000000,0.000000
912,6,0.000000,0.000000,0,0,0.000,0.000000,0.000000
912,7,0.000000,0.000000,0,0,0.000,0.000000,0.000000
960,0,0.666667,0.819800,220,216,241.714,0.386865,0.000000
960,1,0.333333,0.468925,166,166,66.771,0.253727,0.000000
960,2,0.000000,0.000000,0,0,0.000,0.000000,0.000000
960,3,0.000000,0.000000,0,0,0.000,0.000000,0.000000
960,4,0.000000,0.000000,0,0,0.000,0.000000,0.000000
960,5,0.000000,0.000000,0,0,0.000,0.000000,0.000000
960,6,0.000000,0.000000,0,0,0.000,0.000000,0.000000
960,7,0.000000,0.000000,0,0,0.000,0.000000,0.000000
1008,0,0.666667,0.829978,292,291,260.788,0.428535,0.000000
1008,1,0.333333,0.485792,132,132,66.288,0.262813,0.000000
1008,2,0.000000,0.000000,0,0,0.000,0.000000,0.000000
1008,3,0.000000,0.000000,0,0,0.000,0.000000,0.000000
1008,4,0.000000,0.000000,0,0,0.000,0.000000,0.000000
1008,5,0.000000,0.000000,0,0,0.000,0.000000,0.000000
1008,6,0.000000,0.000000,0,0,0.000,0.000000,0.000000
1008,7,0.000000,0.000000,0,0,0.000,0.000000,0.000000
1056,0,0.666667,0.838843,287,287,268.321,0.432697,0.000000
1056,1,0.333333,0.486791,142,141,72.951,0.347374,0.000000
1056,2,0.000000,0.000000,0,0,0.000,0.000000,0.000000
1056,3,0.000000,0.000000,0,0,0.000,0.000000,0.000000
1056,4,0.000000,0.000000,0,0,0.000,0.000000,0.000000
1056,5,0.000000,0.000000,0,0,0.000,0.000000,0.000000
1056,6,0.000000,0.000000,0,0,0.000,0.000000,0.000000
1056,7,0.000000,0.000000,0,0,0.000,0.000000,0.000000
1104,0,0.666667,0.847344,265,264,308.336,0.430781,0.000000
1104,1,0.333333,0.469040,167,167,64.359,0.449758,0.000000
1104,2,0.000000,0.000000,0,0,0.000,0.000000,0.000000
1104,3,0.000000,0.000000,0,0,0.000,0.000000,0.000000
1104,4,0.000000,0.000000,0,0,0.000,0.000000,0.000000
1104,5,0.000000,0.000000,0,0,0.000,0.000000,0.000000
1104,6,0.000000,0.000000,0,0,0.000,0.000000,0.000000
1104,7,0.000000,0.000000,0,0,0.000,0.000000,0.000000
1152,0,0.666667,0.846732,296,296,334.787,0.422280,0.000000
1152,1,0.333333,0.476478,149,149,61.389,0.496632,0.000000
1152,2,0.000000,0.000000,0,0,0.000,0.000000,0.000000
1152,3,0.000000,0.000000,0,0,0.000,0.000000,0.000000
1152,4,0.000000,0.000000,0,0,0.000,0.000000,0.000000
1152,5,0.000000,0.000000,0,0,0.000,0.000000,0.000000
1152,6,0.000000,0.000000,0,0,0.000,0.000000,0.000000
1152,7,0.000000,0.000000,0,0,0.000,0.000000,0.000000
1200,0,0.666667,0.854349,442,441,357.735,0.446157,0.000000
1200,1,0.333333,0.491569,166,164,70.024,0.447832,0.000000
1200,2,0.000000,0.000000,0,0,0.000,0.000000,0.000000
1200,3,0.000000,0.000000,0,0,0.000,0.000000,0.000000
1200,4,0.000000,0.000000,0,0,0.000,0.000000,0.000000
1200,5,0.000000,0.000000,0,0,0.000,0.000000,0.000000
1200,6,0.000000,0.000000,0,0,0.000,0.000000,0.000000
1200,7,0.000000,0.000000,0,0,0.000,0.000000,0.000000
1248,0,0.666667,0.857236,618,614,364.450,0.421668,0.000000
1248,1,0.333333,0.495348,192,187,76.333,0.531082,0.000000
1248,2,0.000000,0.000000,0,0,0.000,0.000000,0.000000
1248,3,0.000000,0.000000,0,0,0.000,0.000000,0.000000
1248,4,0.000000,0.000000,0,0,0.000,0.000000,0.000000
1248,5,0.000000,0.000000,0,0,0.000,0.000000,0.000000
1248,6,0.000000,0.000000,0,0,0.000,0.000000,0.000000
1248,7,0.000000,0.000000,0,0,0.000,0.000000,0.000000
1296,0,0.666667,0.861205,524,516,365.891,0.421931,0.000000
1296,1,0.333333,0.501497,299,293,71.602,0.479611,0.000000
1296,2,0.000000,0.000000,0,0,0.000,0.000000,0.000000
1296,3,0.000000,0.000000,0,0,0.000,0.000000,0.000000
1296,4,0.000000,0.000000,0,0,0.000,0.000000,0.000000
1296,5,0.000000,0.000000,0,0,0.000,0.000000,0.000000
1296,6,0.000000,0.000000,0,0,0.000,0.000000,0.000000
1296,7,0.000000,0.000000,0,0,0.000,0.000000,0.000000
1344,0,0.666667,0.864392,519,515,365.867,0.428486,0.000000
1344,1,0.333333,0.509656,271,270,54.624,0.496144,0.000000
1344,2,0.000000,0.000000,0,0,0.000,0.000000,0.000000
1344,3,0.000000,0.000000,0,0,0.000,0.000000,0.000000
1344,4,0.000000,0.000000,0,0,0.000,0.000000,0.000000
1344,5,0.000000,0.000000,0,0,0.000,0.000000,0.000000
1344,6,0.000000,0.000000,0,0,0.000,0.000000,0.000000
1344,7,0.000000,0.000000,0,0,0.000,0.000000,0.000000
1392,0,0.666667,0.870678,430,420,366.723,0.411738,0.000000
1392,1,0.333333,0.505829,289,287,55.478,0.515426,0.000000
1392,2,0.000000,0.000000,0,0,0.000,0.000000,0.000000
1392,3,0.000000,0.000000,0,0,0.000,0.000000,0.000000
1392,4,0.000000,0.000000,0,0,0.000,0.000000,0.000000
1392,5,0.000000,0.000000,0,0,0.000,0.000000,0.000000
1392,6,0.000000,0.000000,0,0,0.000,0.000000,0.000000
1392,7,0.000000,0.000000,0,0,0.000,0.000000,0.000000
1440,0,0.666667,0.872192,405,381,385.842,0.399010,0.000000
1440,1,0.333333,0.527637,260,248,93.604,0.484897,0.000000
1440,2,0.000000,0.000000,0,0,0.000,0.000000,0.000000
1440,3,0.000000,0.000000,0,0,0.000,0.000000,0.000000
1440,4,0.000000,0.000000,0,0,0.000,0.000000,0.000000
1440,5,0.000000,0.000000,0,0,0.000,0.000000,0.000000
1440,6,0.000000,0.000000,0,0,0.000,0.000000,0.000000
1440,7,0.000000,0.000000,0,0,0.000,0.000000,0.000000
1488,0,0.666667,0.871970,374,315,443.305,0.391046,0.000000
1488,1,0.333333,0.518839,278,254,131.957,0.542192,0.000000
1488,2,0.000000,0.000000,0,0,0.000,0.000000,0.000000
1488,3,0.000000,0.000000,0,0,0.000,0.000000,0.000000
1488,4,0.000000,0.000000,0,0,0.000,0.000000,0.000000
1488,5,0.000000,0.000000,0,0,0.000,0.000000,0.000000
1488,6,0.000000,0.000000,0,0,0.000,0.000000,0.000000
1488,7,0.000000,0.000000,0,0,0.000,0.000000,0.000000
1536,0,0.666667,0.867581,537,480,410.073,0.431643,0.000000
1536,1,0.333333,0.450198,295,259,164.485,0.590181,0.000000
1536,2,0.000000,0.000000,0,0,0.000,0.000000,0.000000
1536,3,0.000000,0.000000,0,0,0.000,0.000000,0.000000
1536,4,0.000000,0.000000,0,0,0.000,0.000000,0.000000
1536,5,0.000000,0.000000,0,0,0.000,0.000000,0.000000
1536,6,0.000000,0.000000,0,0,0.000,0.000000,0.000000
1536,7,0.000000,0.000000,0,0,0.000,0.000000,0.000000
1584,0,0.666667,0.867414,593,545,405.919,0.412925,0.000000
1584,1,0.333333,0.459146,253,228,142.336,0.590360,0.000000
1584,2,0.000000,0.000000,0,0,0.000,0.000000,0.000000
1584,3,0.000000,0.000000,0,0,0.000,0.000000,0.000000
1584,4,0.000000,0.000000,0,0,0.000,0.000000,0.000000
1584,5,0.000000,0.000000,0,0,0.000,0.000000,0.000000
1584,6,0.000000,0.000000,0,0,0.000,0.000000,0.000000
1584,7,0.000000,0.000000,0,0,0.000,0.000000,0.000000
1632,0,0.666667,0.867981,242,187,479.273,0.367362,0.000000
1632,1,0.333333,0.518779,251,220,172.594,0.537603,0.000000
1632,2,0.000000,0.000000,0,0,0.000,0.000000,0.000000
1632,3,0.000000,0.000000,0,0,0.000,0.000000,0.000000
1632,4,0.000000,0.000000,0,0,0.000,0.000000,0.000000
1632,5,0.000000,0.000000,0,0,0.000,0.000000,0.000000
1632,6,0.000000,0.000000,0,0,0.000,0.000000,0.000000
1632,7,0.000000,0.000000,0,0,0.000,0.000000,0.000000
1680,0,0.666667,0.871074,115,83,565.687,0.331869,0.000000
1680,1,0.333333,0.556106,162,138,206.333,0.442632,0.000000
1680,2,0.000000,0.000000,0,0,0.000,0.000000,0.000000
1680,3,0.000000,0.000000,0,0,0.000,0.000000,0.000000
1680,4,0.000000,0.000000,0,0,0.000,0.000000,0.000000
1680,5,0.000000,0.000000,0,0,0.000,0.000000,0.000000
1680,6,0.000000,0.000000,0,0,0.000,0.000000,0.000000
1680,7,0.000000,0.000000,0,0,0.000,0.000000,0.000000
1728,0,0.666667,0.876242,95,33,768.895,0.274448,0.000000
1728,1,0.333333,0.644642,132,85,413.432,0.348939,0.000000
1728,2,0.000000,0.000000,0,0,0.000,0.000000,0.000000
1728,3,0.000000,0.000000,0,0,0.000,0.000000,0.000000
1728,4,0.000000,0.000000,0,0,0.000,0.000000,0.000000
1728,5,0.000000,0.000000,0,0,0.000,0.000000,0.000000
1728,6,0.000000,0.000000,0,0,0.000,0.000000,0.000000
1728,7,0.000000,0.000000,0,0,0.000,0.000000,0.000000
1776,0,0.666667,0.883642,124,17,900.669,0.192791,0.000000
1776,1,0.333333,0.608529,111,75,391.108,0.354986,0.000000
1776,2,0.000000,0.000000,0,0,0.000,0.000000,0.000000
1776,3,0.000000,0.000000,0,0,0.000,0.000000,0.000000
1776,4,0.000000,0.000000,0,0,0.000,0.000000,0.000000
1776,5,0.000000,0.000000,0,0,0.000,0.000000,0.000000
1776,6,0.000000,0.000000,0,0,0.000,0.000000,0.000000
1776,7,0.000000,0.000000,0,0,0.000,0.000000,0.000000
1824,0,0.666667,0.889900,78,8,939.987,0.191179,0.000000
1824,1,0.333333,0.656753,77,41,531.948,0.298471,0.000000
1824,2,0.000000,0.000000,0,0,0.000,0.000000,0.000000
1824,3,0.000000,0.000000,0,0,0.000,0.000000,0.000000
1824,4,0.000000,0.000000,0,0,0.000,0.000000,0.000000
1824,5,0.000000,0.000000,0,0,0.000,0.000000,0.000000
1824,6,0.000000,0.000000,0,0,0.000,0.000000,0.000000
1824,7,0.000000,0.000000,0,0,0.000,0.000000,0.000000
1872,0,0.666667,0.881378,62,12,866.161,0.204182,0.000000
1872,1,0.333333,0.603296,78,50,439.679,0.393300,0.000000
1872,2,0.000000,0.000000,0,0,0.000,0.000000,0.000000
1872,3,0.000000,0.000000,0,0,0.000,0.000000,0.000000
1872,4,0.000000,0.000000,0,0,0.000,0.000000,0.000000
1872,5,0.000000,0.000000,0,0,0.000,0.000000,0.000000
1872,6,0.000000,0.000000,0,0,0.000,0.000000,0.000000
1872,7,0.000000,0.000000,0,0,0.000,0.000000,0.000000
1920,0,0.666667,0.874045,50,11,858.040,0.238104,0.000000
1920,1,0.333333,0.522218,82,71,258.122,0.339734,0.000000
1920,2,0.000000,0.000000,0,0,0.000,0.000000,0.000000
1920,3,0.000000,0.000000,0,0,0.000,0.000000,0.000000
1920,4,0.000000,0.000000,0,0,0.000,0.000000,0.000000
1920,5,0.000000,0.000000,0,0,0.000,0.000000,0.000000
1920,6,0.000000,0.000000,0,0,0.000,0.000000,0.000000
1920,7,0.000000,0.000000,0,0,0.000,0.000000,0.000000
1968,0,0.666667,0.873013,65,28,766.846,0.322190,0.000000
1968,1,0.333333,0.525978,111,98,250.234,0.395714,0.000000
1968,2,0.000000,0.000000,0,0,0.000,0.000000,0.000000
1968,3,0.000000,0.000000,0,0,0.000,0.000000,0.000000
1968,4,0.000000,0.000000,0,0,0.000,0.000000,0.000000
1968,5,0.000000,0.000000,0,0,0.000,0.000000,0.000000
1968,6,0.000000,0.000000,0,0,0.000,0.000000,0.000000
1968,7,0.000000,0.000000,0,0,0.000,0.000000,0.000000
2016,0,0.666667,0.886289,70,35,772.329,0.305293,0.000000
2016,1,0.333333,0.580171,80,63,318.725,0.343864,0.000000
2016,2,0.000000,0.000000,0,0,0.000,0.000000,0.000000
2016,3,0.000000,0.000000,0,0,0.000,0.000000,0.000000
2016,4,0.000000,0.000000,0,0,0.000,0.000000,0.000000
2016,5,0.000000,0.000000,0,0,0.000,0.000000,0.000000
2016,6,0.000000,0.000000,0,0,0.000,0.000000,0.000000
2016,7,0.000000,0.000000,0,0,0.000,0.000000,0.000000
2064,0,0.666667,0.885917,66,31,779.894,0.313467,0.000000
2064,1,0.333333,0.608299,77,58,337.675,0.378954,0.000000
2064,2,0.000000,0.000000,0,0,0.000,0.000000,0.000000
2064,3,0.000000,0.000000,0,0,0.000,0.000000,0.000000
2064,4,0.000000,0.000000,0,0,0.000,0.000000,0.000000
2064,5,0.000000,0.000000,0,0,0.000,0.000000,0.000000
2064,6,0.000000,0.000000,0,0,0.000,0.000000,0.000000
2064,7,0.000000,0.000000,0,0,0.000,0.000000,0.000000
2112,0,0.666667,0.888241,67,29,804.866,0.302113,0.000000
2112,1,0.333333,0.646400,69,44,431.232,0.357291,0.000000
2112,2,0.000000,0.000000,0,0,0.000,0.000000,0.000000
2112,3,0.000000,0.000000,0,0,0.000,0.000000,0.000000
2112,4,0.000000,0.000000,0,0,0.000,0.000000,0.000000
2112,5,0.000000,0.000000,0,0,0.000,0.000000,0.000000
2112,6,0.000000,0.000000,0,0,0.000,0.000000,0.000000
2112,7,0.000000,0.000000,0,0,0.000,0.000000,0.000000
2160,0,0.666667,0.896264,66,22,888.545,0.262637,0.000000
2160,1,0.333333,0.653188,66,40,472.591,0.336138,0.000000
2160,2,0.000000,0.000000,0,0,0.000,0.000000,0.000000
2160,3,0.000000,0.000000,0,0,0.000,0.000000,0.000000
2160,4,0.000000,0.000000,0,0,0.000,0.000000,0.000000
2160,5,0.000000,0.000000,0,0,0.000,0.000000,0.000000
2160,6,0.000000,0.000000,0,0,0.000,0.000000,0.000000
2160,7,0.000000,0.000000,0,0,0.000,0.000000,0.000000
2208,0,0.666667,0.896322,97,22,922.412,0.270091,0.000000
2208,1,0.333333,0.652784,101,59,482.495,0.399539,0.000000
2208,2,0.000000,0.000000,0,0,0.000,0.000000,0.000000
2208,3,0.000000,0.000000,0,0,0.000,0.000000,0.000000
2208,4,0.000000,0.000000,0,0,0.000,0.000000,0.000000
2208,5,0.000000,0.000000,0,0,0.000,0.000000,0.000000
2208,6,0.000000,0.000000,0,0,0.000,0.000000,0.000000
2208,7,0.000000,0.000000,0,0,0.000,0.000000,0.000000
2256,0,0.666667,0.893575,200,68,880.275,0.268211,0.000000
2256,1,0.333333,0.680822,115,60,524.400,0.359250,0.000000
2256,2,0.000000,0.000000,0,0,0.000,0.000000,0.000000
2256,3,0.000000,0.000000,0,0,0.000,0.000000,0.000000
2256,4,0.000000,0.000000,0,0,0.000,0.000000,0.000000
2256,5,0.000000,0.000000,0,0,0.000,0.000000,0.000000
2256,6,0.000000,0.000000,0,0,0.000,0.000000,0.000000
2256,7,0.000000,0.000000,0,0,0.000,0.000000,0.000000
2304,0,0.666667,0.895774,163,36,910.472,0.268875,0.000000
2304,1,0.333333,0.692093,146,75,530.952,0.341092,0.000000
2304,2,0.000000,0.000000,0,0,0.000,0.000000,0.000000
2304,3,0.000000,0.000000,0,0,0.000,0.000000,0.000000
2304,4,0.000000,0.000000,0,0,0.000,0.000000,0.000000
2304,5,0.000000,0.000000,0,0,0.000,0.000000,0.000000
2304,6,0.000000,0.000000,0,0,0.000,0.000000,0.000000
2304,7,0.000000,0.000000,0,0,0.000,0.000000,0.000000
2352,0,0.666667,0.895683,202,47,908.049,0.258389,0.000000
2352,1,0.333333,0.679972,163,91,485.086,0.319825,0.000000
2352,2,0.000000,0.000000,0,0,0.000,0.000000,0.000000
2352,3,0.000000,0.000000,0,0,0.000,0.000000,0.000000
2352,4,0.000000,0.000000,0,0,0.000,0.000000,0.000000
2352,5,0.000000,0.000000,0,0,0.000,0.000000,0.000000
2352,6,0.000000,0.000000,0,0,0.000,0.000000,0.000000
2352,7,0.000000,0.000000,0,0,0.000,0.000000,0.000000
2400,0,0.666667,0.895117,170,28,942.859,0.244338,0.000000
2400,1,0.333333,0.686736,158,87,496.937,0.312308,0.000000
2400,2,0.000000,0.000000,0,0,0.000,0.000000,0.000000
2400,3,0.000000,0.000000,0,0,0.000,0.000000,0.000000
2400,4,0.000000,0.000000,0,0,0.000,0.000000,0.000000
2400,5,0.000000,0.000000,0,0,0.000,0.000000,0.000000
2400,6,0.000000,0.000000,0,0,0.000,0.000000,0.000000
2400,7,0.000000,0.000000,0,0,0.000,0.000000,0.000000
2448,0,0.666667,0.897888,167,20,947.515,0.230857,0.000000
2448,1,0.333333,0.724003,137,60,602.876,0.263501,0.000000
2448,2,0.000000,0.000000,0,0,0.000,0.000000,0.000000
2448,3,0.000000,0.000000,0,0,0.000,0.000000,0.000000
2448,4,0.000000,0.000000,0,0,0.000,0.000000,0.000000
2448,5,0.000000,0.000000,0,0,0.000,0.000000,0.000000
2448,6,0.000000,0.000000,0,0,0.000,0.000000,0.000000
2448,7,0.000000,0.000000,0,0,0.000,0.000000,0.000000
2496,0,0.666667,0.899789,178,4,988.393,0.192456,0.000000
2496,1,0.333333,0.807965,114,26,797.412,0.236501,0.000000
2496,2,0.000000,0.000000,0,0,0.000,0.000000,0.000000
2496,3,0.000000,0.000000,0,0,0.000,0.000000,0.000000
2496,4,0.000000,0.000000,0,0,0.000,0.000000,0.000000
2496,5,0.000000,0.000000,0,0,0.000,0.000000,0.000000
2496,6,0.000000,0.000000,0,0,0.000,0.000000,0.000000
2496,7,0.000000,0.000000,0,0,0.000,0.000000,0.000000
2544,0,0.666667,0.898685,330,3,998.088,0.191308,0.000000
2544,1,0.333333,0.862173,183,16,923.710,0.238789,0.000000
2544,2,0.000000,0.000000,0,0,0.000,0.000000,0.000000
2544,3,0.000000,0.000000,0,0,0.000,0.000000,0.000000
2544,4,0.000000,0.000000,0,0,0.000,0.000000,0.000000
2544,5,0.000000,0.000000,0,0,0.000,0.000000,0.000000
2544,6,0.000000,0.000000,0,0,0.000,0.000000,0.000000
2544,7,0.000000,0.000000,0,0,0.000,0.000000,0.000000
2592,0,0.666667,0.900088,311,5,991.148,0.193325,0.000000
2592,1,0.333333,0.823074,183,30,859.432,0.280722,0.000000
2592,2,0.000000,0.000000,0,0,0.000,0.000000,0.000000
2592,3,0.000000,0.000000,0,0,0.000,0.000000,0.000000
2592,4,0.000000,0.000000,0,0,0.000,0.000000,0.000000
2592,5,0.000000,0.000000,0,0,0.000,0.000000,0.000000
2592,6,0.000000,0.000000,0,0,0.000,0.000000,0.000000
2592,7,0.000000,0.000000,0,0,0.000,0.000000,0.000000
2640,0,0.666667,0.900100,181,4,986.133,0.203667,0.000000
2640,1,0.333333,0.738899,130,46,694.785,0.280310,0.000000
2640,2,0.000000,0.000000,0,0,0.000,0.000000,0.000000
2640,3,0.000000,0.000000,0,0,0.000,0.000000,0.000000
2640,4,0.000000,0.000000,0,0,0.000,0.000000,0.000000
2640,5,0.000000,0.000000,0,0,0.000,0.000000,0.000000
2640,6,0.000000,0.000000,0,0,0.000,0.000000,0.000000
2640,7,0.000000,0.000000,0,0,0.000,0.000000,0.000000
2688,0,0.666667,0.900989,107,1,992.112,0.210254,0.000000
2688,1,0.333333,0.759376,75,23,750.933,0.293121,0.000000
2688,2,0.000000,0.000000,0,0,0.000,0.000000,0.000000
2688,3,0.000000,0.000000,0,0,0.000,0.000000,0.000000
2688,4,0.000000,0.000000,0,0,0.000,0.000000,0.000000
2688,5,0.000000,0.000000,0,0,0.000,0.000000,0.000000
2688,6,0.000000,0.000000,0,0,0.000,0.000000,0.000000
2688,7,0.000000,0.000000,0,0,0.000,0.000000,0.000000
2736,0,0.666667,0.905797,104,5,965.288,0.209014,0.000000
2736,1,0.333333,0.697889,71,31,654.197,0.278101,0.000000
2736,2,0.000000,0.000000,0,0,0.000,0.000000,0.000000
2736,3,0.000000,0.000000,0,0,0.000,0.000000,0.000000
2736,4,0.000000,0.000000,0,0,0.000,0.000000,0.000000
2736,5,0.000000,0.000000,0,0,0.000,0.000000,0.000000
2736,6,0.000000,0.000000,0,0,0.000,0.000000,0.000000
2736,7,0.000000,0.000000,0,0,0.000,0.000000,0.000000
2784,0,0.666667,0.907386,81,1,992.259,0.218220,0.000000
2784,1,0.333333,0.735292,92,34,709.772,0.304914,0.000000
2784,2,0.000000,0.000000,0,0,0.000,0.000000,0.000000
2784,3,0.000000,0.000000,0,0,0.000,0.000000,0.000000
2784,4,0.000000,0.000000,0,0,0.000,0.000000,0.000000
2784,5,0.000000,0.000000,0,0,0.000,0.000000,0.000000
2784,6,0.000000,0.000000,0,0,0.000,0.000000,0.000000
2784,7,0.000000,0.000000,0,0,0.000,0.000000,0.000000
2832,0,0.666667,0.909003,58,1,987.586,0.216023,0.000000
2832,1,0.333333,0.728135,60,22,706.650,0.316542,0.000000
2832,2,0.000000,0.000000,0,0,0.000,0.000000,0.000000
2832,3,0.000000,0.000000,0,0,0.000,0.000000,0.000000
2832,4,0.000000,0.000000,0,0,0.000,0.000000,0.000000
2832,5,0.000000,0.000000,0,0,0.000,0.000000,0.000000
2832,6,0.000000,0.000000,0,0,0.000,0.000000,0.000000
2832,7,0.000000,0.000000,0,0,0.000,0.000000,0.000000
2880,0,0.666667,0.905614,52,5,937.019,0.243221,0.000000
2880,1,0.333333,0.619448,79,49,563.279,0.395793,0.000000
2880,2,0.000000,0.000000,0,0,0.000,0.000000,0.000000
2880,3,0.000000,0.000000,0,0,0.000,0.000000,0.000000
2880,4,0.000000,0.000000,0,0,0.000,0.000000,0.000000
2880,5,0.000000,0.000000,0,0,0.000,0.000000,0.000000
2880,6,0.000000,0.000000,0,0,0.000,0.000000,0.000000
2880,7,0.000000,0.000000,0,0,0.000,0.000000,0.000000
2928,0,0.666667,0.910183,55,5,952.255,0.263007,0.000000
2928,1,0.333333,0.637171,78,45,614.359,0.352273,0.000000
2928,2,0.000000,0.000000,0,0,0.000,0.000000,0.000000
2928,3,0.000000,0.000000,0,0,0.000,0.000000,0.000000
2928,4,0.000000,0.000000,0,0,0.000,0.000000,0.000000
2928,5,0.000000,0.000000,0,0,0.000,0.000000,0.000000
2928,6,0.000000,0.000000,0,0,0.000,0.000000,0.000000
2928,7,0.000000,0.000000,0,0,0.000,0.000000,0.000000
2976,0,0.666667,0.911103,74,3,985.054,0.242953,0.000000
2976,1,0.333333,0.658982,76,40,658.684,0.353991,0.000000
2976,2,0.000000,0.000000,0,0,0.000,0.000000,0.000000
2976,3,0.000000,0.000000,0,0,0.000,0.000000,0.000000
2976,4,0.000000,0.000000,0,0,0.000,0.000000,0.000000
2976,5,0.000000,0.000000,0,0,0.000,0.000000,0.000000
2976,6,0.000000,0.000000,0,0,0.000,0.000000,0.000000
2976,7,0.000000,0.000000,0,0,0.000,0.000000,0.000000
3024,0,0.666667,0.911510,63,2,982.444,0.237041,0.000000
3024,1,0.333333,0.616057,86,56,606.291,0.362315,0.000000
3024,2,0.000000,0.000000,0,0,0.000,0.000000,0.000000
3024,3,0.000000,0.000000,0,0,0.000,0.000000,0.000000
3024,4,0.000000,0.000000,0,0,0.000,0.000000,0.000000
3024,5,0.000000,0.000000,0,0,0.000,0.000000,0.000000
3024,6,0.000000,0.000000,0,0,0.000,0.000000,0.000000
3024,7,0.000000,0.000000,0,0,0.000,0.000000,0.000000
3072,0,0.666667,0.915440,73,5,970.068,0.238767,0.000000
3072,1,0.333333,0.635051,61,39,602.623,0.361110,0.000000
3072,2,0.000000,0.000000,0,0,0.000,0.000000,0.000000
3072,3,0.000000,0.000000,0,0,0.000,0.000000,0.000000
3072,4,0.000000,0.000000,0,0,0.000,0.000000,0.000000
3072,5,0.000000,0.000000,0,0,0.000,0.000000,0.000000
3072,6,0.000000,0.000000,0,0,0.000,0.000000,0.000000
3072,7,0.000000,0.000000,0,0,0.000,0.000000,0.000000
3120,0,0.666667,0.914071,56,2,986.589,0.201393,0.000000
3120,1,0.333333,0.742379,57,22,790.702,0.314575,0.000000
3120,2,0.000000,0.000000,0,0,0.000,0.000000,0.000000
3120,3,0.000000,0.000000,0,0,0.000,0.000000,0.000000
3120,4,0.000000,0.000000,0,0,0.000,0.000000,0.000000
3120,5,0.000000,0.000000,0,0,0.000,0.000000,0.000000
3120,6,0.000000,0.000000,0,0,0.000,0.000000,0.000000
3120,7,0.000000,0.000000,0,0,0.000,0.000000,0.000000
3168,0,0.666667,0.910310,66,0,1000.000,0.233387,0.000000
3168,1,0.333333,0.718278,49,22,730.143,0.319393,0.000000
3168,2,0.000000,0.000000,0,0,0.000,0.000000,0.000000
3168,3,0.000000,0.000000,0,0,0.000,0.000000,0.000000
3168,4,0.000000,0.000000,0,0,0.000,0.000000,0.000000
3168,5,0.000000,0.000000,0,0,0.000,0.000000,0.000000
3168,6,0.000000,0.000000,0,0,0.000,0.000000,0.000000
3168,7,0.000000,0.000000,0,0,0.000,0.000000,0.000000
3216,0,0.666667,0.913116,103,0,1000.000,0.243929,0.000000
3216,1,0.333333,0.775987,66,20,837.773,0.294257,0.000000
3216,2,0.000000,0.000000,0,0,0.000,0.000000,0.000000
3216,3,0.000000,0.000000,0,0,0.000,0.000000,0.000000
3216,4,0.000000,0.000000,0,0,0.000,0.000000,0.000000
3216,5,0.000000,0.000000,0,0,0.000,0.000000,0.000000
3216,6,0.000000,0.000000,0,0,0.000,0.000000,0.000000
3216,7,0.000000,0.000000,0,0,0.000,0.000000,0.000000
3264,0,0.666667,0.918040,143,1,998.189,0.242982,0.000000
3264,1,0.333333,0.799785,101,27,860.168,0.298776,0.000000
3264,2,0.000000,0.000000,0,0,0.000,0.000000,0.000000
3264,3,0.000000,0.000000,0,0,0.000,0.000000,0.000000
3264,4,0.000000,0.000000,0,0,0.000,0.000000,0.000000
3264,5,0.000000,0.000000,0,0,0.000,0.000000,0.000000
3264,6,0.000000,0.000000,0,0,0.000,0.000000,0.000000
3264,7,0.000000,0.000000,0,0,0.000,0.000000,0.000000
3312,0,0.666667,0.903676,142,0,1000.000,0.233753,0.000000
3312,1,0.333333,0.782357,92,26,849.163,0.297903,0.000000
3312,2,0.000000,0.000000,0,0,0.000,0.000000,0.000000
3312,3,0.000000,0.000000,0,0,0.000,0.000000,0.000000
3312,4,0.000000,0.000000,0,0,0.000,0.000000,0.000000
3312,5,0.000000,0.000000,0,0,0.000,0.000000,0.000000
3312,6,0.000000,0.000000,0,0,0.000,0.000000,0.000000
3312,7,0.000000,0.000000,0,0,0.000,0.000000,0.000000
3360,0,0.666667,0.892460,167,0,1000.000,0.237012,0.000000
3360,1,0.333333,0.790190,112,26,885.277,0.313909,0.000000
3360,2,0.000000,0.000000,0,0,0.000,0.000000,0.000000
3360,3,0.000000,0.000000,0,0,0.000,0.000000,0.000000
3360,4,0.000000,0.000000,0,0,0.000,0.000000,0.000000
3360,5,0.000000,0.000000,0,0,0.000,0.000000,0.000000
3360,6,0.000000,0.000000,0,0,0.000,0.000000,0.000000
3360,7,0.000000,0.000000,0,0,0.000,0.000000,0.000000
3408,0,0.666667,0.855547,163,2,992.724,0.237675,0.000000
3408,1,0.333333,0.811593,115,13,937.009,0.265964,0.000000
3408,2,0.000000,0.000000,0,0,0.000,0.000000,0.000000
3408,3,0.000000,0.000000,0,0,0.000,0.000000,0.000000
3408,4,0.000000,0.000000,0,0,0.000,0.000000,0.000000
3408,5,0.000000,0.000000,0,0,0.000,0.000000,0.000000
3408,6,0.000000,0.000000,0,0,0.000,0.000000,0.000000
3408,7,0.000000,0.000000,0,0,0.000,0.000000,0.000000
3456,0,0.666667,0.861538,144,0,1000.000,0.256658,0.000000
3456,1,0.333333,0.792983,100,12,928.410,0.307790,0.000000
3456,2,0.000000,0.000000,0,0,0.000,0.000000,0.000000
3456,3,0.000000,0.000000,0,0,0.000,0.000000,0.000000
3456,4,0.000000,0.000000,0,0,0.000,0.000000,0.000000
3456,5,0.000000,0.000000,0,0,0.000,0.000000,0.000000
3456,6,0.000000,0.000000,0,0,0.000,0.000000,0.000000
3456,7,0.000000,0.000000,0,0,0.000,0.000000,0.000000
3504,0,0.666667,0.836552,178,0,1000.000,0.284023,0.000000
3504,1,0.333333,0.796129,93,15,895.075,0.301258,0.000000
3504,2,0.000000,0.000000,0,0,0.000,0.000000,0.000000
3504,3,0.000000,0.000000,0,0,0.000,0.000000,0.000000
3504,4,0.000000,0.000000,0,0,0.000,0.000000,0.000000
3504,5,0.000000,0.000000,0,0,0.000,0.000000,0.000000
3504,6,0.000000,0.000000,0,0,0.000,0.000000,0.000000
3504,7,0.000000,0.000000,0,0,0.000,0.000000,0.000000
3552,0,0.666667,0.861435,295,3,994.275,0.282488,0.000000
3552,1,0.333333,0.817533,150,18,921.760,0.306966,0.000000
3552,2,0.000000,0.000000,0,0,0.000,0.000000,0.000000
3552,3,0.000000,0.000000,0,0,0.000,0.000000,0.000000
3552,4,0.000000,0.000000,0,0,0.000,0.000000,0.000000
3552,5,0.000000,0.000000,0,0,0.000,0.000000,0.000000
3552,6,0.000000,0.000000,0,0,0.000,0.000000,0.000000
3552,7,0.000000,0.000000,0,0,0.000,0.000000,0.000000
3600,0,0.666667,0.822325,258,1,997.221,0.303294,0.000000
3600,1,0.333333,0.785690,164,33,876.323,0.334078,0.000000
3600,2,0.000000,0.000000,0,0,0.000,0.000000,0.000000
3600,3,0.000000,0.000000,0,0,0.000,0.000000,0.000000
3600,4,0.000000,0.000000,0,0,0.000,0.000000,0.000000
3600,5,0.000000,0.000000,0,0,0.000,0.000000,0.000000
3600,6,0.000000,0.000000,0,0,0.000,0.000000,0.000000
3600,7,0.000000,0.000000,0,0,0.000,0.000000,0.000000
3648,0,0.666667,0.869183,157,2,995.064,0.293764,0.000000
3648,1,0.333333,0.775860,91,18,894.154,0.326844,0.000000
3648,2,0.000000,0.000000,0,0,0.000,0.000000,0.000000
3648,3,0.000000,0.000000,0,0,0.000,0.000000,0.000000
3648,4,0.000000,0.000000,0,0,0.000,0.000000,0.000000
3648,5,0.000000,0.000000,0,0,0.000,0.000000,0.000000
3648,6,0.000000,0.000000,0,0,0.000,0.000000,0.000000
3648,7,0.000000,0.000000,0,0,0.000,0.000000,0.000000
3696,0,0.666667,0.860397,95,0,1000.000,0.290431,0.000000
3696,1,0.333333,0.789804,61,11,879.492,0.371170,0.000000
3696,2,0.000000,0.000000,0,0,0.000,0.000000,0.000000
3696,3,0.000000,0.000000,0,0,0.000,0.000000,0.000000
3696,4,0.000000,0.000000,0,0,0.000,0.000000,0.000000
3696,5,0.000000,0.000000,0,0,0.000,0.000000,0.000000
3696,6,0.000000,0.000000,0,0,0.000,0.000000,0.000000
3696,7,0.000000,0.000000,0,0,0.000,0.000000,0.000000
3744,0,0.666667,0.826316,100,2,996.970,0.328813,0.000000
3744,1,0.333333,0.780204,61,14,824.820,0.343439,0.000000
3744,2,0.000000,0.000000,0,0,0.000,0.000000,0.000000
3744,3,0.000000,0.000000,0,0,0.000,0.000000,0.000000
3744,4,0.000000,0.000000,0,0,0.000,0.000000,0.000000
3744,5,0.000000,0.000000,0,0,0.000,0.000000,0.000000
3744,6,0.000000,0.000000,0,0,0.000,0.000000,0.000000
3744,7,0.000000,0.000000,0,0,0.000,0.000000,0.000000
3792,0,0.666667,0.867700,99,0,1000.000,0.342816,0.000000
3792,1,0.333333,0.770359,54,13,853.018,0.396600,0.000000
3792,2,0.000000,0.000000,0,0,0.000,0.000000,0.000000
3792,3,0.000000,0.000000,0,0,0.000,0.000000,0.000000
3792,4,0.000000,0.000000,0,0,0.000,0.000000,0.000000
3792,5,0.000000,0.000000,0,0,0.000,0.000000,0.000000
3792,6,0.000000,0.000000,0,0,0.000,0.000000,0.000000
3792,7,0.000000,0.000000,0,0,0.000,0.000000,0.000000
3840,0,0.666667,0.861438,74,1,989.865,0.318795,0.000000
3840,1,0.333333,0.799302,38,8,887.421,0.381421,0.000000
3840,2,0.000000,0.000000,0,0,0.000,0.000000,0.000000
3840,3,0.000000,0.000000,0,0,0.000,0.000000,0.000000
3840,4,0.000000,0.000000,0,0,0.000,0.000000,0.000000
3840,5,0.000000,0.000000,0,0,0.000,0.000000,0.000000
3840,6,0.000000,0.000000,0,0,0.000,0.000000,0.000000
3840,7,0.000000,0.000000,0,0,0.000,0.000000,0.000000
3888,0,0.666667,0.845753,71,0,1000.000,0.396258,0.000000
3888,1,0.333333,0.831571,42,5,958.500,0.392958,0.000000
3888,2,0.000000,0.000000,0,0,0.000,0.000000,0.000000
3888,3,0.000000,0.000000,0,0,0.000,0.000000,0.000000
3888,4,0.000000,0.000000,0,0,0.000,0.000000,0.000000
3888,5,0.000000,0.000000,0,0,0.000,0.000000,0.000000
3888,6,0.000000,0.000000,0,0,0.000,0.000000,0.000000
3888,7,0.000000,0.000000,0,0,0.000,0.000000,0.000000
3936,0,0.666667,0.836786,85,0,1000.000,0.366315,0.000000
3936,1,0.333333,0.804500,35,4,941.371,0.398996,0.000000
3936,2,0.000000,0.000000,0,0,0.000,0.000000,0.000000
3936,3,0.000000,0.000000,0,0,0.000,0.000000,0.000000
3936,4,0.000000,0.000000,0,0,0.000,0.000000,0.000000
3936,5,0.000000,0.000000,0,0,0.000,0.000000,0.000000
3936,6,0.000000,0.000000,0,0,0.000,0.000000,0.000000
3936,7,0.000000,0.000000,0,0,0.000,0.000000,0.000000
4032,0,0.666667,0.854011,185,3,992.389,0.376580,0.000000
4032,1,0.333333,0.837306,84,0,1000.000,0.421781,0.000000
4032,2,0.000000,0.000000,0,0,0.000,0.000000,0.000000
4032,3,0.000000,0.000000,0,0,0.000,0.000000,0.000000
4032,4,0.000000,0.000000,0,0,0.000,0.000000,0.000000
4032,5,0.000000,0.000000,0,0,0.000,0.000000,0.000000
4032,6,0.000000,0.000000,0,0,0.000,0.000000,0.000000
4032,7,0.000000,0.000000,0,0,0.000,0.000000,0.000000
4080,0,0.666667,0.860280,73,0,1000.000,0.345904,0.000000
4080,1,0.333333,0.859847,36,0,1000.000,0.388226,0.000000
4080,2,0.000000,0.000000,0,0,0.000,0.000000,0.000000
4080,3,0.000000,0.000000,0,0,0.000,0.000000,0.000000
4080,4,0.000000,0.000000,0,0,0.000,0.000000,0.000000
4080,5,0.000000,0.000000,0,0,0.000,0.000000,0.000000
4080,6,0.000000,0.000000,0,0,0.000,0.000000,0.000000
4080,7,0.000000,0.000000,0,0,0.000,0.000000,0.000000
4176,0,0.666667,0.849126,129,0,1000.000,0.333918,0.000000
4176,1,0.333333,0.864335,80,2,994.275,0.327163,0.000000
4176,2,0.000000,0.000000,0,0,0.000,0.000000,0.000000
4176,3,0.000000,0.000000,0,0,0.000,0.000000,0.000000
4176,4,0.000000,0.000000,0,0,0.000,0.000000,0.000000
4176,5,0.000000,0.000000,0,0,0.000,0.000000,0.000000
4176,6,0.000000,0.000000,0,0,0.000,0.000000,0.000000
4176,7,0.000000,0.000000,0,0,0.000,0.000000,0.000000
4224,0,0.666667,0.871850,117,1,996.068,0.294697,0.000000
4224,1,0.333333,0.855619,44,0,1000.000,0.366588,0.000000
4224,2,0.000000,0.000000,0,0,0.000,0.000000,0.000000
4224,3,0.000000,0.000000,0,0,0.000,0.000000,0.000000
4224,4,0.000000,0.000000,0,0,0.000,0.000000,0.000000
4224,5,0.000000,0.000000,0,0,0.000,0.000000,0.000000
4224,6,0.000000,0.000000,0,0,0.000,0.000000,0.000000
4224,7,0.000000,0.000000,0,0,0.000,0.000000,0.000000
4272,0,0.666667,0.863537,180,0,1000.000,0.332932,0.000000
4272,1,0.333333,0.861364,62,1,986.306,0.370263,0.000000
4272,2,0.000000,0.000000,0,0,0.000,0.000000,0.000000
4272,3,0.000000,0.000000,0,0,0.000,0.000000,0.000000
4272,4,0.000000,0.000000,0,0,0.000,0.000000,0.000000
4272,5,0.000000,0.000000,0,0,0.000,0.000000,0.000000
4272,6,0.000000,0.000000,0,0,0.000,0.000000,0.000000
4272,7,0.000000,0.000000,0,0,0.000,0.000000,0.000000
4320,0,0.666667,0.863418,147,0,1000.000,0.372207,0.000000
4320,1,0.333333,0.873456,73,0,1000.000,0.367494,0.000000
4320,2,0.000000,0.000000,0,0,0.000,0.000000,0.000000
4320,3,0.000000,0.000000,0,0,0.000,0.000000,0.000000
4320,4,0.000000,0.000000,0,0,0.000,0.000000,0.000000
4320,5,0.000000,0.000000,0,0,0.000,0.000000,0.000000
4320,6,0.000000,0.000000,0,0,0.000,0.000000,0.000000
4320,7,0.000000,0.000000,0,0,0.000,0.000000,0.000000
4368,0,0.666667,0.876924,170,0,1000.000,0.396515,0.000000
4368,1,0.333333,0.868609,105,0,1000.000,0.462000,0.000000
4368,2,0.000000,0.000000,0,0,0.000,0.000000,0.000000
4368,3,0.000000,0.000000,0,0,0.000,0.000000,0.000000
4368,4,0.000000,0.000000,0,0,0.000,0.000000,0.000000
4368,5,0.000000,0.000000,0,0,0.000,0.000000,0.000000
4368,6,0.000000,0.000000,0,0,0.000,0.000000,0.000000
4368,7,0.000000,0.000000,0,0,0.000,0.000000,0.000000
4416,0,0.666667,0.881875,200,0,1000.000,0.399960,0.000000
4416,1,0.333333,0.880220,66,0,1000.000,0.393515,0.000000
4416,2,0.000000,0.000000,0,0,0.000,0.000000,0.000000
4416,3,0.000000,0.000000,0,0,0.000,0.000000,0.000000
4416,4,0.000000,0.000000,0,0,0.000,0.000000,0.000000
4416,5,0.000000,0.000000,0,0,0.000,0.000000,0.000000
4416,6,0.000000,0.000000,0,0,0.000,0.000000,0.000000
4416,7,0.000000,0.000000,0,0,0.000,0.000000,0.000000
4464,0,0.666667,0.876997,135,1,992.948,0.363536,0.000000
4464,1,0.333333,0.875667,77,0,1000.000,0.431272,0.000000
4464,2,0.000000,0.000000,0,0,0.000,0.000000,0.000000
4464,3,0.000000,0.000000,0,0,0.000,0.000000,0.000000
4464,4,0.000000,0.000000,0,0,0.000,0.000000,0.000000
4464,5,0.000000,0.000000,0,0,0.000,0.000000,0.000000
4464,6,0.000000,0.000000,0,0,0.000,0.000000,0.000000
4464,7,0.000000,0.000000,0,0,0.000,0.000000,0.000000
4512,0,0.666667,0.879321,191,0,1000.000,0.377871,0.000000
4512,1,0.333333,0.889402,95,0,1000.000,0.392891,0.000000
4512,2,0.000000,0.000000,0,0,0.000,0.000000,0.000000
4512,3,0.000000,0.000000,0,0,0.000,0.000000,0.000000
4512,4,0.000000,0.000000,0,0,0.000,0.000000,0.000000
4512,5,0.000000,0.000000,0,0,0.000,0.000000,0.000000
4512,6,0.000000,0.000000,0,0,0.000,0.000000,0.000000
4512,7,0.000000,0.000000,0,0,0.000,0.000000,0.000000
4560,0,0.666667,0.881837,326,6,989.267,0.385921,0.000000
4560,1,0.333333,0.885041,151,0,1000.000,0.417463,0.000000
4560,2,0.000000,0.000000,0,0,0.000,0.000000,0.000000
4560,3,0.000000,0.000000,0,0,0.000,0.000000,0.000000
4560,4,0.000000,0.000000,0,0,0.000,0.000000,0.000000
4560,5,0.000000,0.000000,0,0,0.000,0.000000,0.000000
4560,6,0.000000,0.000000,0,0,0.000,0.000000,0.000000
4560,7,0.000000,0.000000,0,0,0.000,0.000000,0.000000
4608,0,0.666667,0.893890,265,3,991.558,0.396969,0.000000
4608,1,0.333333,0.890031,107,0,1000.000,0.432215,0.000000
4608,2,0.000000,0.000000,0,0,0.000,0.000000,0.000000
4608,3,0.000000,0.000000,0,0,0.000,0.000000,0.000000
4608,4,0.000000,0.000000,0,0,0.000,0.000000,0.000000
4608,5,0.000000,0.000000,0,0,0.000,0.000000,0.000000
4608,6,0.000000,0.000000,0,0,0.000,0.000000,0.000000
4608,7,0.000000,0.000000,0,0,0.000,0.000000,0.000000
4656,0,0.666667,0.898289,143,2,989.294,0.324768,0.000000
4656,1,0.333333,0.888531,82,0,1000.000,0.410603,0.000000
4656,2,0.000000,0.000000,0,0,0.000,0.000000,0.000000
4656,3,0.000000,0.000000,0,0,0.000,0.000000,0.000000
4656,4,0.000000,0.000000,0,0,0.000,0.000000,0.000000
4656,5,0.000000,0.000000,0,0,0.000,0.000000,0.000000
4656,6,0.000000,0.000000,0,0,0.000,0.000000,0.000000
4656,7,0.000000,0.000000,0,0,0.000,0.000000,0.000000
4704,0,0.666667,0.899317,106,1,997.726,0.347456,0.000000
4704,1,0.333333,0.897974,54,1,987.111,0.360983,0.000000
4704,2,0.000000,0.000000,0,0,0.000,0.000000,0.000000
4704,3,0.000000,0.000000,0,0,0.000,0.000000,0.000000
4704,4,0.000000,0.000000,0,0,0.000,0.000000,0.000000
4704,5,0.000000,0.000000,0,0,0.000,0.000000,0.000000
4704,6,0.000000,0.000000,0,0,0.000,0.000000,0.000000
4704,7,0.000000,0.000000,0,0,0.000,0.000000,0.000000
4752,0,0.666667,0.890788,104,5,964.558,0.356597,0.000000
4752,1,0.333333,0.889715,54,0,1000.000,0.432976,0.000000
4752,2,0.000000,0.000000,0,0,0.000,0.000000,0.000000
4752,3,0.000000,0.000000,0,0,0.000,0.000000,0.000000
4752,4,0.000000,0.000000,0,0,0.000,0.000000,0.000000
4752,5,0.000000,0.000000,0,0,0.000,0.000000,0.000000
4752,6,0.000000,0.000000,0,0,0.000,0.000000,0.000000
4752,7,0.000000,0.000000,0,0,0.000,0.000000,0.000000
4800,0,0.666667,0.906990,106,1,994.085,0.362514,0.000000
4800,1,0.333333,0.892959,43,1,978.209,0.431545,0.000000
4800,2,0.000000,0.000000,0,0,0.000,0.000000,0.000000
4800,3,0.000000,0.000000,0,0,0.000,0.000000,0.000000
4800,4,0.000000,0.000000,0,0,0.000,0.000000,0.000000
4800,5,0.000000,0.000000,0,0,0.000,0.000000,0.000000
4800,6,0.000000,0.000000,0,0,0.000,0.000000,0.000000
4800,7,0.000000,0.000000,0,0,0.000,0.000000,0.000000
4848,0,0.025715,0.905810,76,2,994.895,0.361174,0.000000
4848,1,0.858763,0.904097,36,0,1000.000,0.432918,0.000000
4848,2,0.019254,0.000000,0,0,0.000,0.000000,0.000000
4848,3,0.019254,0.000000,0,0,0.000,0.000000,0.000000
4848,4,0.019254,0.000000,0,0,0.000,0.000000,0.000000
4848,5,0.019254,0.000000,0,0,0.000,0.000000,0.000000
4848,6,0.019254,0.000000,0,0,0.000,0.000000,0.000000
4848,7,0.019254,0.000000,0,0,0.000,0.000000,0.000000
4896,0,0.025715,0.830569,2,1,744.500,0.475740,0.000000
4896,1,0.858763,0.903485,99,0,1000.000,0.448845,0.000000
4896,2,0.019254,0.904505,4,0,1000.000,0.392569,0.000000
4896,3,0.019254,0.000000,0,0,0.000,0.000000,0.000000
4896,4,0.019254,0.879869,1,0,1000.000,0.970107,0.000000
4896,5,0.019254,0.860679,2,0,1000.000,0.816875,0.000000
4896,6,0.019254,0.901766,3,0,1000.000,0.505114,0.000000
4896,7,0.019254,0.754486,6,1,838.833,0.478480,0.000000
4944,0,0.025715,0.906591,4,0,1000.000,0.379064,0.000000
4944,1,0.858763,0.905124,106,0,1000.000,0.409209,0.000000
4944,2,0.019254,0.933852,2,0,1000.000,0.376445,0.000000
4944,3,0.019254,0.000000,0,0,0.000,0.000000,0.000000
4944,4,0.019254,0.864402,1,0,1000.000,0.707287,0.000000
4944,5,0.019254,0.876896,3,0,1000.000,0.874696,0.000000
4944,6,0.019254,0.338710,8,5,403.500,0.453567,0.000000
4944,7,0.019254,0.224671,4,3,279.750,0.527757,0.000000
4992,0,0.025715,0.900354,2,0,1000.000,0.537547,0.000000
4992,1,0.858763,0.906116,122,0,1000.000,0.417778,0.000000
4992,2,0.019254,0.902468,2,0,1000.000,0.555756,0.000000
4992,3,0.019254,0.889858,2,0,1000.000,0.773225,0.000000
4992,4,0.019254,0.934043,2,0,1000.000,0.356386,0.000000
4992,5,0.019254,0.730672,5,1,810.800,0.500973,0.000000
4992,6,0.019254,0.588645,3,1,674.333,0.509437,0.000000
4992,7,0.019254,0.198418,9,7,255.111,0.403442,0.000000
5040,0,0.025715,0.927557,2,0,1000.000,0.214942,0.000000
5040,1,0.858763,0.904162,115,0,1000.000,0.402597,0.000000
5040,2,0.019254,0.912661,3,0,1000.000,0.396437,0.000000
5040,3,0.019254,0.905746,1,0,1000.000,0.223877,0.000000
5040,4,0.019254,0.690804,4,1,772.750,0.444795,0.000000
5040,5,0.019254,0.000000,1,1,146.000,0.312943,0.000000
5040,6,0.019254,0.000000,2,2,64.500,0.490019,0.000000
5040,7,0.019254,0.228786,4,3,277.500,0.318678,0.000000
5136,0,0.025715,0.902093,4,0,1000.000,0.400653,0.000000
5136,1,0.858763,0.902288,179,0,1000.000,0.434063,0.000000
5136,2,0.019254,0.918371,4,0,1000.000,0.422276,0.000000
5136,3,0.019254,0.893256,3,0,1000.000,0.572426,0.000000
5136,4,0.019254,0.398744,9,5,509.444,0.456850,0.000000
5136,5,0.019254,0.442415,12,6,534.500,0.654793,0.000000
5136,6,0.019254,0.275824,10,7,348.800,0.525849,0.000000
5136,7,0.019254,0.270202,10,7,327.600,0.325560,0.000000
5184,0,0.025715,0.791310,1,0,1000.000,0.807707,0.000000
5184,1,0.858763,0.903794,101,0,1000.000,0.442535,0.000000
5184,2,0.019254,0.922190,2,0,1000.000,0.361287,0.000000
5184,3,0.019254,0.653964,3,1,726.667,0.479739,0.000000
5184,4,0.019254,0.133139,7,6,288.143,0.521528,0.000000
5184,5,0.019254,0.912216,1,0,1000.000,0.438831,0.000000
5184,6,0.019254,0.884141,2,0,1000.000,0.607753,0.000000
5184,7,0.019254,0.550908,10,4,613.900,0.384956,0.000000
5232,0,0.025715,0.914176,9,0,1000.000,0.337926,0.000000
5232,1,0.858763,0.902385,145,0,1000.000,0.441423,0.000000
5232,2,0.019254,0.925736,3,0,1000.000,0.330169,0.000000
5232,3,0.019254,0.724680,5,1,865.200,0.574928,0.000000
5232,4,0.019254,0.491601,13,6,621.077,0.600438,0.000000
5232,5,0.019254,0.000001,3,3,91.000,0.681323,0.000000
5232,6,0.019254,0.365832,5,3,421.200,0.366648,0.000000
5232,7,0.019254,0.394321,7,4,453.143,0.301645,0.000000
5280,0,0.025715,0.918695,6,1,972.000,0.133500,0.000000
5280,1,0.858763,0.907159,209,0,1000.000,0.419004,0.000000
5280,2,0.019254,0.894964,3,0,1000.000,0.461310,0.000000
5280,3,0.019254,0.894492,3,0,1000.000,0.610809,0.000000
5280,4,0.019254,0.453704,12,6,610.750,0.475630,0.000000
5280,5,0.019254,0.818823,11,1,914.182,0.546349,0.000000
5280,6,0.019254,0.373378,5,3,434.200,0.447226,0.000000
5280,7,0.019254,0.114107,8,7,153.750,0.221117,0.000000
5328,0,0.025715,0.883729,1,0,1000.000,0.789184,0.000000
5328,1,0.858763,0.904865,198,0,1000.000,0.437843,0.000000
5328,2,0.019254,0.917484,2,0,1000.000,0.627285,0.000000
5328,3,0.019254,0.924951,4,0,1000.000,0.325104,0.000000
5328,4,0.019254,0.454243,6,3,579.833,0.358752,0.000000
5328,5,0.019254,0.696289,13,3,782.000,0.487294,0.000000
5328,6,0.019254,0.515864,21,9,595.476,0.389749,0.000000
5328,7,0.019254,0.602150,6,2,679.167,0.442266,0.000000
5376,0,0.025715,0.913005,5,0,1000.000,0.418737,0.000000
5376,1,0.858763,0.908097,254,1,997.378,0.434554,0.000000
5376,2,0.019254,0.902439,2,0,1000.000,0.530585,0.000000
5376,3,0.019254,0.911167,4,0,1000.000,0.357771,0.000000
5376,4,0.019254,0.302301,6,4,401.500,0.515592,0.000000
5376,5,0.019254,0.340509,13,8,424.077,0.530577,0.000000
5376,6,0.019254,0.441577,6,3,531.833,0.603489,0.000000
5376,7,0.019254,0.516913,7,3,587.286,0.393818,0.000000
5424,0,0.025715,0.912769,4,0,1000.000,0.418244,0.000000
5424,1,0.858763,0.906417,205,1,995.839,0.448069,0.000000
5424,2,0.019254,0.917214,3,0,1000.000,0.581924,0.000000
5424,3,0.019254,0.621739,6,2,736.167,0.568107,0.000000
5424,4,0.019254,0.614935,12,4,726.833,0.531266,0.000000
5424,5,0.019254,0.593314,9,3,690.889,0.588872,0.000000
5424,6,0.019254,0.446856,12,6,524.917,0.551030,0.000000
5424,7,0.019254,0.231094,16,12,279.375,0.268726,0.000000
5472,0,0.025715,0.869082,2,0,1000.000,0.606426,0.000000
5472,1,0.858763,0.904205,182,0,1000.000,0.484273,0.000000
5472,2,0.019254,0.904540,5,0,1000.000,0.560835,0.000000
5472,3,0.019254,0.915287,5,0,1000.000,0.339997,0.000000
5472,4,0.019254,0.598525,6,2,732.833,0.476383,0.000000
5472,5,0.019254,0.358652,5,3,446.000,0.314574,0.000000
5472,6,0.019254,0.553267,5,2,615.600,0.319252,0.000000
5472,7,0.019254,0.598871,15,5,681.467,0.507824,0.000000
5520,0,0.025715,0.910254,10,1,985.000,0.438425,0.000000
5520,1,0.858763,0.907026,276,0,1000.000,0.455754,0.000000
5520,2,0.019254,0.899964,9,0,1000.000,0.454807,0.000000
5520,3,0.019254,0.676949,7,2,787.857,0.646409,0.000000
5520,4,0.019254,0.460683,10,5,585.600,0.549982,0.000000
5520,5,0.019254,0.578349,11,4,662.000,0.425037,0.000000
5520,6,0.019254,0.251151,7,5,318.571,0.410405,0.000000
5520,7,0.019254,0.504640,14,6,588.286,0.424102,0.000000
5568,0,0.025715,0.918912,17,0,1000.000,0.320961,0.000000
5568,1,0.858763,0.902981,411,1,997.681,0.467113,0.000000
5568,2,0.019254,0.912067,8,0,1000.000,0.479271,0.000000
5568,3,0.019254,0.922419,12,0,1000.000,0.419061,0.000000
5568,4,0.019254,0.799932,17,2,903.765,0.467344,0.000000
5568,5,0.019254,0.548744,15,6,627.800,0.460599,0.000000
5568,6,0.019254,0.393520,16,9,469.562,0.372176,0.000000
5568,7,0.019254,0.430355,21,11,495.571,0.351157,0.000000
5616,0,0.025715,0.911700,13,0,1000.000,0.350129,0.000000
5616,1,0.858763,0.903569,280,0,1000.000,0.411085,0.000000
5616,2,0.019254,0.921889,5,0,1000.000,0.243578,0.000000
5616,3,0.019254,0.905737,4,0,1000.000,0.421322,0.000000
5616,4,0.019254,0.658105,11,3,773.545,0.593898,0.000000
5616,5,0.019254,0.576335,14,5,678.071,0.570613,0.000000
5616,6,0.019254,0.339843,24,15,405.917,0.379523,0.000000
5616,7,0.019254,0.544271,15,6,615.800,0.369020,0.000000
5664,0,0.025715,0.900967,8,0,1000.000,0.424794,0.000000
5664,1,0.858763,0.906320,170,0,1000.000,0.415358,0.000000
5664,2,0.019254,0.897265,4,0,1000.000,0.323287,0.000000
5664,3,0.019254,0.909403,3,0,1000.000,0.487790,0.000000
5664,4,0.019254,0.310053,6,4,429.667,0.496447,0.000000
5664,5,0.019254,0.257213,14,10,352.857,0.481431,0.000000
5664,6,0.019254,0.256904,14,10,329.214,0.352979,0.000000
5664,7,0.019254,0.413390,9,5,472.556,0.228622,0.000000
5712,0,0.025715,0.906076,6,0,1000.000,0.408353,0.000000
5712,1,0.858763,0.907846,142,0,1000.000,0.409971,0.000000
5712,2,0.019254,0.872401,3,0,1000.000,0.462748,0.000000
5712,3,0.019254,0.627354,3,1,728.000,0.426306,0.000000
5712,4,0.019254,0.364340,10,6,484.800,0.410479,0.000000
5712,5,0.019254,0.199703,9,7,285.556,0.431933,0.000000
5712,6,0.019254,0.303095,6,4,380.167,0.318508,0.000000
5712,7,0.019254,0.551710,5,2,630.600,0.414566,0.000000
5760,0,0.025715,0.923211,5,0,1000.000,0.350981,0.000000
5760,1,0.858763,0.908943,127,0,1000.000,0.400110,0.000000
5760,2,0.019254,0.909260,3,0,1000.000,0.490286,0.000000
5760,3,0.019254,0.769745,6,1,964.333,0.299846,0.000000
5760,4,0.019254,0.236608,16,12,363.812,0.605738,0.000000
5760,5,0.019254,0.594195,6,2,706.500,0.557617,0.000000
5760,6,0.019254,0.205987,9,7,257.444,0.428431,0.000000
5760,7,0.019254,0.582750,11,4,655.000,0.363275,0.000000
5808,0,0.025715,0.918557,4,0,1000.000,0.249004,0.000000
5808,1,0.858763,0.911590,122,0,1000.000,0.390626,0.000000
5808,2,0.019254,0.883312,3,0,1000.000,0.607890,0.000000
5808,3,0.019254,0.330278,4,3,622.000,0.506624,0.000000
5808,4,0.019254,0.430449,2,1,597.000,0.398602,0.000000
5808,5,0.019254,0.361495,5,3,442.200,0.284339,0.000000
5808,6,0.019254,0.217520,4,3,303.500,0.334535,0.000000
5808,7,0.019254,0.539703,12,5,602.000,0.316238,0.000000
5856,0,0.025715,0.924622,2,0,1000.000,0.105496,0.000000
5856,1,0.858763,0.903968,87,1,994.230,0.482942,0.000000
5856,2,0.019254,0.904640,4,0,1000.000,0.544709,0.000000
5856,3,0.019254,0.901531,3,0,1000.000,0.546055,0.000000
5856,4,0.019254,0.606167,3,1,725.333,0.445660,0.000000
5856,5,0.019254,0.371531,5,3,455.400,0.415105,0.000000
5856,6,0.019254,0.512732,7,3,591.857,0.514690,0.000000
5856,7,0.019254,0.340541,8,5,409.000,0.537119,0.000000
5904,0,0.025715,0.893366,3,0,1000.000,0.606192,0.000000
5904,1,0.858763,0.878189,89,0,1000.000,0.747466,0.000000
5904,2,0.019254,0.901122,1,0,1000.000,0.786250,0.000000
5904,3,0.019254,0.625010,3,0,1000.000,0.978808,0.000000
5904,4,0.019254,0.886551,4,0,1000.000,0.837769,0.000000
5904,5,0.019254,0.361847,5,3,464.400,0.686113,0.000000
5904,6,0.019254,0.300301,3,2,362.333,0.452989,0.000000
5904,7,0.019254,0.371381,7,4,459.000,0.538086,0.000000
5952,0,0.025715,0.746137,5,0,1000.000,0.841367,0.000000
5952,1,0.858763,0.877495,100,0,1000.000,0.751604,0.000000
5952,2,0.019254,0.870620,5,1,936.000,0.834823,0.000000
5952,3,0.019254,0.881372,3,0,1000.000,0.806945,0.000000
5952,4,0.019254,0.897721,4,0,1000.000,0.826253,0.000000
5952,5,0.019254,0.296943,3,2,431.333,0.563485,0.000000
5952,6,0.019254,0.897064,1,0,1000.000,0.942152,0.000000
5952,7,0.019254,0.528226,5,2,616.200,0.694018,0.000000
6000,0,0.025715,0.875378,3,0,1000.000,0.729670,0.000000
6000,1,0.858763,0.876873,115,0,1000.000,0.749242,0.000000
6000,2,0.019254,0.872423,2,0,1000.000,0.723472,0.000000
6000,3,0.019254,0.914949,1,0,1000.000,0.853107,0.000000
6000,4,0.019254,0.280245,3,2,540.333,0.542131,0.000000
6000,5,0.019254,0.902611,2,0,1000.000,0.938188,0.000000
6000,6,0.019254,0.664423,4,1,785.250,0.815481,0.000000
6000,7,0.019254,0.000000,1,1,30.000,0.274935,0.000000
6048,0,0.025715,0.899552,4,0,1000.000,0.602882,0.000000
6048,1,0.858763,0.856732,99,0,1000.000,0.773631,0.000000
6048,2,0.019254,0.884053,5,0,1000.000,0.677002,0.000000
6048,3,0.019254,0.000000,0,0,0.000,0.000000,0.000000
6048,4,0.019254,0.000000,0,0,0.000,0.000000,0.000000
6048,5,0.019254,0.435946,2,1,524.500,0.843151,0.000000
6048,6,0.019254,0.293099,3,2,368.333,0.649874,0.000000
6048,7,0.019254,0.455435,4,2,514.500,0.344364,0.000000
6096,0,0.025715,0.871311,3,0,1000.000,0.720073,0.000000
6096,1,0.858763,0.880493,97,0,1000.000,0.701359,0.000000
6096,2,0.019254,0.905088,1,0,1000.000,0.831014,0.000000
6096,3,0.019254,0.886309,6,0,1000.000,0.729508,0.000000
6096,4,0.019254,0.876667,3,0,1000.000,0.823821,0.000000
6096,5,0.019254,0.530429,5,2,627.600,0.827233,0.000000
6096,6,0.019254,0.900561,4,0,1000.000,0.700492,0.000000
6096,7,0.019254,0.284773,6,4,365.667,0.565404,0.000000
6144,0,0.025715,0.891590,5,0,1000.000,0.742635,0.000000
6144,1,0.858763,0.885680,78,0,1000.000,0.696506,0.000000
6144,2,0.019254,0.881099,2,0,1000.000,0.584385,0.000000
6144,3,0.019254,0.518367,3,1,988.000,0.830688,0.000000
6144,4,0.019254,0.884686,2,0,1000.000,0.825076,0.000000
6144,5,0.019254,0.000000,0,0,0.000,0.000000,0.000000
6144,6,0.019254,0.443393,6,3,553.667,0.525662,0.000000
6144,7,0.019254,0.277733,3,2,379.333,0.448234,0.000000
6192,0,0.025715,0.896826,2,0,1000.000,0.739847,0.000000
6192,1,0.858763,0.873188,106,0,1000.000,0.710561,0.000000
6192,2,0.019254,0.872432,3,0,1000.000,0.675330,0.000000
6192,3,0.019254,0.760483,5,1,849.600,0.726718,0.000000
6192,4,0.019254,0.444578,2,1,525.500,0.860162,0.000000
6192,5,0.019254,0.595226,3,1,735.667,0.683392,0.000000
6192,6,0.019254,0.878063,5,0,1000.000,0.887261,0.000000
6192,7,0.019254,0.299600,3,2,370.667,0.413547,0.000000
6240,0,0.025715,0.846639,4,1,806.000,0.436667,0.000000
6240,1,0.858763,0.883447,169,0,1000.000,0.685834,0.000000
6240,2,0.019254,0.865127,2,0,1000.000,0.604690,0.000000
6240,3,0.019254,0.896482,4,0,1000.000,0.719813,0.000000
6240,4,0.019254,0.898293,2,0,1000.000,0.683358,0.000000
6240,5,0.019254,0.639790,7,2,753.286,0.755462,0.000000
6240,6,0.019254,0.657616,4,1,767.250,0.545606,0.000000
6240,7,0.019254,0.296695,3,2,372.000,0.495641,0.000000
6288,0,0.025715,0.911106,4,0,1000.000,0.629084,0.000000
6288,1,0.858763,0.887131,186,0,1000.000,0.726528,0.000000
6288,2,0.019254,0.893098,6,0,1000.000,0.881484,0.000000
6288,3,0.019254,0.890039,7,0,1000.000,0.752834,0.000000
6288,4,0.019254,0.898551,2,0,1000.000,0.713971,0.000000
6288,5,0.019254,0.556533,8,3,679.750,0.624190,0.000000
6288,6,0.019254,0.677253,8,2,765.375,0.627617,0.000000
6288,7,0.019254,0.447098,4,2,534.750,0.651021,0.000000
6336,0,0.025715,0.888847,5,0,1000.000,0.766491,0.000000
6336,1,0.858763,0.865887,222,0,1000.000,0.780929,0.000000
6336,2,0.019254,0.817250,4,0,1000.000,0.914693,0.000000
6336,3,0.019254,0.434016,1,0,1000.000,1.457998,0.000000
6336,4,0.019254,0.895027,4,0,1000.000,0.792695,0.000000
6336,5,0.019254,0.584606,6,1,886.333,0.696540,0.000000
6336,6,0.019254,0.513603,12,5,626.333,0.661224,0.000000
6336,7,0.019254,0.327520,8,5,420.125,0.518122,0.000000
6384,0,0.025715,0.854214,6,0,1000.000,0.729048,0.000000
6384,1,0.858763,0.875266,245,0,1000.000,0.777261,0.000000
6384,2,0.019254,0.888140,5,0,1000.000,0.747611,0.000000
6384,3,0.019254,0.865569,3,0,1000.000,0.744579,0.000000
6384,4,0.019254,0.898108,5,0,1000.000,0.799571,0.000000
6384,5,0.019254,0.576369,3,1,684.667,0.804397,0.000000
6384,6,0.019254,0.540254,5,2,643.200,0.453981,0.000000
6384,7,0.019254,0.534327,11,4,657.727,0.676458,0.000000
6432,0,0.025715,0.894238,5,0,1000.000,0.828420,0.000000
6432,1,0.858763,0.880251,209,0,1000.000,0.759394,0.000000
6432,2,0.019254,0.887104,3,0,1000.000,0.943639,0.000000
6432,3,0.019254,0.901353,4,0,1000.000,0.816112,0.000000
6432,4,0.019254,0.859714,7,0,1000.000,0.990562,0.000000
6432,5,0.019254,0.667790,12,3,795.833,0.786711,0.000000
6432,6,0.019254,0.307234,3,2,417.333,0.563640,0.000000
6432,7,0.019254,0.437936,8,4,545.875,0.525802,0.000000
6480,0,0.025715,0.898195,9,0,1000.000,0.737444,0.000000
6480,1,0.858763,0.878955,167,0,1000.000,0.739957,0.000000
6480,2,0.019254,0.883842,7,0,1000.000,0.745111,0.000000
6480,3,0.019254,0.802169,6,1,964.500,0.895576,0.000000
6480,4,0.019254,0.650956,10,2,910.500,0.762044,0.000000
6480,5,0.019254,0.000051,1,1,345.000,0.667587,0.000000
6480,6,0.019254,0.656455,12,3,791.167,0.738094,0.000000
6480,7,0.019254,0.296819,9,6,378.333,0.474538,0.000000
6528,0,0.025715,0.896680,11,1,998.545,0.670723,0.000000
6528,1,0.858763,0.881639,272,0,1000.000,0.711539,0.000000
6528,2,0.019254,0.898472,6,0,1000.000,0.748589,0.000000
6528,3,0.019254,0.766357,10,0,1000.000,0.810317,0.000000
6528,4,0.019254,0.762673,13,2,898.154,0.671524,0.000000
6528,5,0.019254,0.617719,10,3,803.000,0.658554,0.000000
6528,6,0.019254,0.628741,14,4,752.357,0.628543,0.000000
6528,7,0.019254,0.399919,9,5,507.889,0.570059,0.000000
6576,0,0.025715,0.895524,15,0,1000.000,0.659605,0.000000
6576,1,0.858763,0.880239,409,0,1000.000,0.707073,0.000000
6576,2,0.019254,0.894898,13,0,1000.000,0.712589,0.000000
6576,3,0.019254,0.896760,10,0,1000.000,0.648282,0.000000
6576,4,0.019254,0.793757,10,1,919.700,0.732862,0.000000
6576,5,0.019254,0.626363,8,2,829.125,0.944774,0.000000
6576,6,0.019254,0.818500,8,0,1000.000,0.848072,0.000000
6576,7,0.019254,0.557864,16,6,653.438,0.517999,0.000000
6624,0,0.025715,0.876260,6,0,1000.000,0.724355,0.000000
6624,1,0.858763,0.865638,278,0,1000.000,0.725619,0.000000
6624,2,0.019254,0.876382,5,0,1000.000,0.816666,0.000000
6624,3,0.019254,0.898808,5,0,1000.000,0.762451,0.000000
6624,4,0.019254,0.798455,6,0,1000.000,0.833429,0.000000
6624,5,0.019254,0.582286,6,2,755.500,0.831804,0.000000
6624,6,0.019254,0.450642,8,4,598.375,0.741334,0.000000
6624,7,0.019254,0.381391,7,4,507.429,0.589854,0.000000
6672,0,0.025715,0.773696,4,0,1000.000,0.821813,0.000000
6672,1,0.858763,0.870933,172,0,1000.000,0.715482,0.000000
6672,2,0.019254,0.886251,4,0,1000.000,0.704514,0.000000
6672,3,0.019254,0.678913,4,0,1000.000,0.930970,0.000000
6672,4,0.019254,0.569135,8,2,849.875,0.595395,0.000000
6672,5,0.019254,0.542710,5,2,776.600,0.625706,0.000000
6672,6,0.019254,0.352265,10,6,477.000,0.464422,0.000000
6672,7,0.019254,0.297671,9,6,408.111,0.329477,0.000000
6720,0,0.025715,0.786068,4,0,1000.000,0.926683,0.000000
6720,1,0.858763,0.873537,148,0,1000.000,0.714696,0.000000
6720,2,0.019254,0.893619,6,0,1000.000,0.651048,0.000000
6720,3,0.019254,0.900910,2,0,1000.000,0.740947,0.000000
6720,4,0.019254,0.365817,5,3,519.800,0.480234,0.000000
6720,5,0.019254,0.712869,5,1,848.600,0.703401,0.000000
6720,6,0.019254,0.302096,12,8,448.083,0.564666,0.000000
6720,7,0.019254,0.298452,9,6,419.667,0.508715,0.000000
6768,0,0.025715,0.903205,1,0,1000.000,0.691374,0.000000
6768,1,0.858763,0.859155,155,1,995.013,0.739664,0.000000
6768,2,0.019254,0.759820,1,0,1000.000,1.001541,0.000000
6768,3,0.019254,0.892608,2,0,1000.000,0.814878,0.000000
6768,4,0.019254,0.713639,5,1,887.400,0.756011,0.000000
6768,5,0.019254,0.202175,5,3,551.000,0.783861,0.000000
6768,6,0.019254,0.354532,10,6,525.500,0.601851,0.000000
6768,7,0.019254,0.453570,4,2,550.250,0.387683,0.000000
6816,0,0.025715,0.879816,2,0,1000.000,0.799271,0.000000
6816,1,0.858763,0.860806,120,0,1000.000,0.768316,0.000000
6816,2,0.019254,0.888950,3,0,1000.000,0.794019,0.000000
6816,3,0.019254,0.890180,3,0,1000.000,0.629279,0.000000
6816,4,0.019254,0.355248,5,3,692.400,0.940974,0.000000
6816,5,0.019254,0.863471,1,0,1000.000,0.670431,0.000000
6816,6,0.019254,0.227361,12,9,454.000,0.681198,0.000000
6816,7,0.019254,0.440948,6,3,584.000,0.556708,0.000000
6864,0,0.025715,0.900750,4,0,1000.000,0.703953,0.000000
6864,1,0.858763,0.851551,95,0,1000.000,0.761661,0.000000
6864,2,0.019254,0.903996,2,0,1000.000,0.807168,0.000000
6864,3,0.019254,0.901537,2,0,1000.000,0.605137,0.000000
6864,4,0.019254,0.874466,2,0,1000.000,0.755114,0.000000
6864,5,0.019254,0.874986,2,0,1000.000,0.856726,0.000000
6864,6,0.019254,0.370415,12,7,649.750,0.642181,0.000000
6864,7,0.019254,0.499201,6,2,704.667,0.918033,0.000000
6912,0,0.025715,0.872405,1,0,1000.000,0.690731,0.000000
6912,1,0.858763,0.841908,91,0,1000.000,0.799408,0.000000
6912,2,0.019254,0.889213,3,0,1000.000,0.747087,0.000000
6912,3,0.019254,0.887635,3,0,1000.000,0.788519,0.000000
6912,4,0.019254,0.643885,3,1,881.667,0.660646,0.000000
6912,5,0.019254,0.594042,3,1,832.667,0.641686,0.000000
6912,6,0.019254,0.274830,13,8,564.385,0.688510,0.000000
6912,7,0.019254,0.228862,6,4,477.000,0.681538,0.000000
7008,0,0.025715,0.885161,4,1,915.500,0.580073,0.000000
7008,1,0.858763,0.866952,207,0,1000.000,0.746172,0.000000
7008,2,0.019254,0.898148,8,0,1000.000,0.749152,0.000000
7008,3,0.019254,0.597378,3,0,1000.000,0.897490,0.000000
7008,4,0.019254,0.897659,5,0,1000.000,0.782770,0.000000
7008,5,0.019254,0.399268,9,5,656.333,0.755699,0.000000
7008,6,0.019254,0.237874,19,14,495.579,0.575685,0.000000
7008,7,0.019254,0.222545,8,6,350.375,0.428737,0.000000
7056,0,0.025715,0.887219,4,0,1000.000,0.588909,0.000000
7056,1,0.858763,0.862681,103,0,1000.000,0.702823,0.000000
7056,2,0.019254,0.890647,2,0,1000.000,0.634214,0.000000
7056,3,0.019254,0.923788,1,0,1000.000,0.157177,0.000000
7056,4,0.019254,0.868200,2,0,1000.000,1.043475,0.000000
7056,5,0.019254,0.115778,8,7,476.500,0.520278,0.000000
7056,6,0.019254,0.100434,9,8,406.111,0.581223,0.000000
7056,7,0.019254,0.226062,7,5,330.429,0.663764,0.000000
7152,0,0.025715,0.906765,3,0,1000.000,0.661774,0.000000
7152,1,0.858763,0.859873,171,0,1000.000,0.727725,0.000000
7152,2,0.019254,0.903794,5,0,1000.000,0.595185,0.000000
7152,3,0.019254,0.834527,3,0,1000.000,0.687665,0.000000
7152,4,0.019254,0.884251,7,0,1000.000,0.666572,0.000000
7152,5,0.019254,0.455381,12,6,745.583,0.627934,0.000000
7152,6,0.019254,0.443622,10,5,687.100,0.591504,0.000000
7152,7,0.019254,0.445145,4,2,619.250,0.551663,0.000000
7248,0,0.018750,0.890443,12,0,1000.000,0.682526,0.000000
7248,1,0.018750,0.866529,276,1,996.587,0.732672,0.000000
7248,2,0.813513,0.903802,6,0,1000.000,0.760716,0.000000
7248,3,0.068750,0.880669,5,0,1000.000,0.856970,0.000000
7248,4,0.023493,0.706318,8,2,903.500,0.639477,0.000000
7248,5,0.019089,0.368440,19,11,713.632,0.668017,0.000000
7248,6,0.018866,0.297756,12,8,452.500,0.742882,0.000000
7248,7,0.018790,0.677994,12,3,769.917,0.803608,0.000000
7296,0,0.018750,0.889108,4,0,1000.000,0.755317,0.000000
7296,1,0.018750,0.910429,6,0,1000.000,0.699808,0.000000
7296,2,0.813513,0.853395,167,0,1000.000,0.789371,0.000000
7296,3,0.068750,0.831478,13,0,1000.000,0.783405,0.000000
7296,4,0.023493,0.863568,7,0,1000.000,0.802538,0.000000
7296,5,0.019089,0.203903,10,6,622.300,0.858555,0.000000
7296,6,0.018866,0.567824,5,1,819.200,0.848408,0.000000
7296,7,0.018790,0.356592,5,3,478.200,0.803178,0.000000
7344,0,0.018750,0.879654,4,0,1000.000,0.686918,0.000000
7344,1,0.018750,0.904504,1,0,1000.000,0.647963,0.000000
7344,2,0.813513,0.871368,220,0,1000.000,0.736568,0.000000
7344,3,0.068750,0.901621,28,0,1000.000,0.712929,0.000000
7344,4,0.023493,0.658172,4,1,860.500,0.546589,0.000000
7344,5,0.019089,0.193341,8,6,584.000,0.779370,0.000000
7344,6,0.018866,0.000000,4,4,114.500,0.595083,0.000000
7344,7,0.018790,0.645428,7,2,731.286,0.655148,0.000000
7392,0,0.018750,0.894899,3,0,1000.000,0.761878,0.000000
7392,1,0.018750,0.000000,0,0,0.000,0.000000,0.000000
7392,2,0.813513,0.873879,203,1,995.330,0.763734,0.000000
7392,3,0.068750,0.832859,20,1,986.300,0.839788,0.000000
7392,4,0.023493,0.749752,6,1,840.167,0.790788,0.000000
7392,5,0.019089,0.498031,9,4,612.222,0.796624,0.000000
7392,6,0.018866,0.467180,15,7,579.467,0.791403,0.000000
7392,7,0.018790,0.501613,9,2,811.111,0.803730,0.000000
7440,0,0.018750,0.894097,3,0,1000.000,0.714138,0.000000
7440,1,0.018750,0.898743,3,0,1000.000,0.717543,0.000000
7440,2,0.813513,0.860627,187,1,995.000,0.796816,0.000000
7440,3,0.068750,0.889695,14,0,1000.000,0.746939,0.000000
7440,4,0.023493,0.717033,9,2,885.111,0.754379,0.000000
7440,5,0.019089,0.326739,11,7,549.273,0.683630,0.000000
7440,6,0.018866,0.180475,5,4,244.800,0.775949,0.000000
7440,7,0.018790,0.538714,10,4,643.800,0.784913,0.000000
7488,0,0.018750,0.882138,5,0,1000.000,0.765566,0.000000
7488,1,0.018750,0.906662,4,0,1000.000,0.738307,0.000000
7488,2,0.813513,0.869819,189,0,1000.000,0.778576,0.000000
7488,3,0.068750,0.832335,12,1,923.917,0.736680,0.000000
7488,4,0.023493,0.666846,8,2,763.750,0.755225,0.000000
7488,5,0.019089,0.117555,8,7,464.750,0.705967,0.000000
7488,6,0.018866,0.456427,14,5,691.429,0.930680,0.000000
7488,7,0.018790,0.299400,9,6,384.444,0.582322,0.000000
7536,0,0.018750,0.888308,10,0,1000.000,0.751532,0.000000
7536,1,0.018750,0.804485,10,1,958.900,0.716128,0.000000
7536,2,0.813513,0.870804,296,0,1000.000,0.797606,0.000000
7536,3,0.068750,0.860659,25,0,1000.000,0.805554,0.000000
7536,4,0.023493,0.769616,6,0,1000.000,0.943702,0.000000
7536,5,0.019089,0.793865,9,1,897.111,0.702945,0.000000
7536,6,0.018866,0.331841,19,12,426.526,0.766973,0.000000
7536,7,0.018790,0.654526,15,4,748.733,0.775579,0.000000
7584,0,0.018750,0.784384,7,0,1000.000,0.881491,0.000000
7584,1,0.018750,0.875076,5,0,1000.000,0.899359,0.000000
7584,2,0.813513,0.871070,345,0,1000.000,0.822392,0.000000
7584,3,0.068750,0.825471,36,0,1000.000,0.965716,0.000000
7584,4,0.023493,0.792133,10,1,936.100,0.868108,0.000000
7584,5,0.019089,0.401123,9,5,720.556,0.862025,0.000000
7584,6,0.018866,0.673776,8,2,776.875,0.878222,0.000000
7584,7,0.018790,0.568023,14,5,677.143,0.645970,0.000000
7632,0,0.018750,0.897410,3,0,1000.000,0.742776,0.000000
7632,1,0.018750,0.837681,1,0,1000.000,0.785734,0.000000
7632,2,0.813513,0.844044,242,2,992.231,0.845121,0.000000
7632,3,0.068750,0.865136,23,1,973.826,0.733290,0.000000
7632,4,0.023493,0.895208,6,0,1000.000,0.731345,0.000000
7632,5,0.019089,0.749734,6,1,852.833,0.750803,0.000000
7632,6,0.018866,0.658462,15,4,764.400,0.891336,0.000000
7632,7,0.018790,0.244011,11,8,337.818,0.523512,0.000000
7680,0,0.018750,0.889337,4,0,1000.000,0.726359,0.000000
7680,1,0.018750,0.899452,2,0,1000.000,0.777676,0.000000
7680,2,0.813513,0.876118,156,1,993.878,0.770084,0.000000
7680,3,0.068750,0.796098,14,0,1000.000,0.918737,0.000000
7680,4,0.023493,0.889925,3,0,1000.000,0.653875,0.000000
7680,5,0.019089,0.660787,4,1,763.250,0.937829,0.000000
7680,6,0.018866,0.115732,8,7,221.500,0.715597,0.000000
7680,7,0.018790,0.400606,9,5,493.444,0.759497,0.000000
7728,0,0.018750,0.883674,2,0,1000.000,0.888008,0.000000
7728,1,0.018750,0.908045,4,0,1000.000,0.706249,0.000000
7728,2,0.813513,0.861056,153,0,1000.000,0.835525,0.000000
7728,3,0.068750,0.854432,12,1,932.583,0.758995,0.000000
7728,4,0.023493,0.904965,2,0,1000.000,1.028454,0.000000
7728,5,0.019089,0.909704,2,0,1000.000,0.926252,0.000000
7728,6,0.018866,0.605103,6,2,683.167,0.871353,0.000000
7728,7,0.018790,0.589370,6,2,695.167,0.802809,0.000000
7776,0,0.018750,0.929430,1,0,1000.000,0.842059,0.000000
7776,1,0.018750,0.892760,9,0,1000.000,0.753190,0.000000
7776,2,0.813513,0.885451,141,0,1000.000,0.797923,0.000000
7776,3,0.068750,0.895570,10,0,1000.000,0.804640,0.000000
7776,4,0.023493,0.898111,3,0,1000.000,1.068141,0.000000
7776,5,0.019089,0.457806,4,2,532.250,0.610621,0.000000
7776,6,0.018866,0.597452,6,2,719.667,0.893320,0.000000
7776,7,0.018790,0.000000,2,2,119.000,1.241556,0.000000
7824,0,0.018750,0.803842,3,1,701.667,0.358438,0.000000
7824,1,0.018750,0.902960,1,0,1000.000,0.749402,0.000000
7824,2,0.813513,0.882963,102,0,1000.000,0.796607,0.000000
7824,3,0.068750,0.868141,12,0,1000.000,0.844606,0.000000
7824,4,0.023493,0.893616,4,0,1000.000,0.785660,0.000000
7824,5,0.019089,0.545780,5,2,637.800,0.772435,0.000000
7824,6,0.018866,0.272015,12,8,474.083,0.974611,0.000000
7824,7,0.018790,0.446025,8,4,573.500,0.891325,0.000000
7872,0,0.018750,0.000000,0,0,0.000,0.000000,0.000000
7872,1,0.018750,0.903493,2,1,930.000,0.632869,0.000000
7872,2,0.813513,0.862731,90,0,1000.000,0.810028,0.000000
7872,3,0.068750,0.854369,7,1,891.857,0.721430,0.000000
7872,4,0.023493,0.826531,5,0,1000.000,0.925544,0.000000
7872,5,0.019089,0.541360,10,4,685.900,0.831566,0.000000
7872,6,0.018866,0.228416,8,6,380.500,0.941425,0.000000
7872,7,0.018790,0.453616,12,6,584.167,0.701303,0.000000
7920,0,0.018750,0.884800,6,0,1000.000,0.718412,0.000000
7920,1,0.018750,0.911831,4,0,1000.000,0.838139,0.000000
7920,2,0.813513,0.878038,92,1,989.859,0.831771,0.000000
7920,3,0.068750,0.902689,14,0,1000.000,0.739522,0.000000
7920,4,0.023493,0.091108,2,2,217.000,0.781601,0.000000
7920,5,0.019089,0.208026,9,7,497.556,0.944394,0.000000
7920,6,0.018866,0.147165,6,5,524.667,1.153936,0.000000
7920,7,0.018790,0.360464,5,3,460.800,0.986208,0.000000
7968,0,0.018750,0.906284,1,0,1000.000,0.802480,0.000000
7968,1,0.018750,0.000000,0,0,0.000,0.000000,0.000000
7968,2,0.813513,0.882288,107,2,988.514,0.822197,0.000000
7968,3,0.068750,0.792785,8,1,909.000,0.773686,0.000000
7968,4,0.023493,0.647145,5,2,835.000,0.830335,0.000000
7968,5,0.019089,0.552470,10,4,840.300,0.800496,0.000000
7968,6,0.018866,0.601257,6,2,717.167,0.950893,0.000000
7968,7,0.018790,0.330227,8,5,424.750,0.795450,0.000000
8016,0,0.018750,0.907792,3,0,1000.000,0.736851,0.000000
8016,1,0.018750,0.000000,0,0,0.000,0.000000,0.000000
8016,2,0.813513,0.866259,97,0,1000.000,0.802860,0.000000
8016,3,0.068750,0.881489,1,0,1000.000,1.166574,0.000000
8016,4,0.023493,0.693139,3,1,836.667,0.726373,0.000000
8016,5,0.019089,0.146664,6,5,539.667,0.957253,0.000000
8016,6,0.018866,0.900994,3,0,1000.000,0.885906,0.000000
8016,7,0.018790,0.603897,6,2,686.000,0.628953,0.000000
8064,0,0.018750,0.890546,7,2,938.286,0.610770,0.000000
8064,1,0.018750,0.748944,3,0,1000.000,1.013510,0.000000
8064,2,0.813513,0.891688,101,0,1000.000,0.794050,0.000000
8064,3,0.068750,0.864226,10,1,933.800,0.840206,0.000000
8064,4,0.023493,0.773272,6,1,996.667,0.798981,0.000000
8064,5,0.019089,0.615495,6,2,901.667,0.947034,0.000000
8064,6,0.018866,0.539057,5,2,633.800,0.828072,0.000000
8064,7,0.018790,0.462051,4,1,761.750,1.243403,0.000000
8112,0,0.018750,0.897936,1,0,1000.000,0.807007,0.000000
8112,1,0.018750,0.000000,0,0,0.000,0.000000,0.000000
8112,2,0.813513,0.877711,82,2,991.268,0.767139,0.000000
8112,3,0.068750,0.891058,7,0,1000.000,0.938209,0.000000
8112,4,0.023493,0.000000,0,0,0.000,0.000000,0.000000
8112,5,0.019089,0.548501,7,3,803.714,0.771277,0.000000
8112,6,0.018866,0.552403,6,2,724.167,1.061933,0.000000
8112,7,0.018790,0.533879,5,2,631.400,0.845701,0.000000
8208,0,0.018750,0.876803,5,2,899.200,0.461749,0.000000
8208,1,0.018750,0.895542,4,0,1000.000,0.685723,0.000000
8208,2,0.813513,0.887813,193,2,995.668,0.728595,0.000000
8208,3,0.068750,0.885764,18,1,977.278,0.712226,0.000000
8208,4,0.023493,0.810416,15,2,934.267,0.793022,0.000000
8208,5,0.019089,0.384789,7,4,617.857,0.941389,0.000000
8208,6,0.018866,0.500829,9,4,616.556,1.032982,0.000000
8208,7,0.018790,0.899308,5,0,1000.000,0.799053,0.000000
8256,0,0.018750,0.885595,10,1,952.000,0.761713,0.000000
8256,1,0.018750,0.818459,6,0,1000.000,0.932607,0.000000
8256,2,0.813513,0.881057,165,1,999.279,0.842578,0.000000
8256,3,0.068750,0.854822,18,0,1000.000,0.879001,0.000000
8256,4,0.023493,0.782796,4,1,874.250,1.030935,0.000000
8256,5,0.019089,0.720953,5,1,849.400,0.960709,0.000000
8256,6,0.018866,0.506072,2,0,1000.000,1.491503,0.000000
8256,7,0.018790,0.607974,3,1,715.333,1.070109,0.000000
8304,0,0.018750,0.873608,3,1,912.000,0.849236,0.000000
8304,1,0.018750,0.876096,5,0,1000.000,1.314844,0.000000
8304,2,0.813513,0.843007,179,0,1000.000,1.287485,0.000000
8304,3,0.068750,0.867149,10,0,1000.000,1.148531,0.000000
8304,4,0.023493,0.781305,7,1,915.571,1.296813,0.000000
8304,5,0.019089,0.586561,3,1,759.000,1.107845,0.000000
8304,6,0.018866,0.694804,5,1,809.200,1.010667,0.000000
8304,7,0.018790,0.439542,8,4,527.625,0.751133,0.000000
8352,0,0.018750,0.777689,8,1,887.500,1.247965,0.000000
8352,1,0.018750,0.857741,6,0,1000.000,1.317237,0.000000
8352,2,0.813513,0.845727,206,1,999.155,1.279248,0.000000
8352,3,0.068750,0.850205,17,0,1000.000,1.257651,0.000000
8352,4,0.023493,0.832331,7,0,1000.000,1.438383,0.000000
8352,5,0.019089,0.669104,10,2,853.200,1.244877,0.000000
8352,6,0.018866,0.566432,3,1,692.667,1.303109,0.000000
8352,7,0.018790,0.353031,10,6,436.600,0.799588,0.000000
8400,0,0.018750,0.858470,9,1,944.556,1.123067,0.000000
8400,1,0.018750,0.874095,4,0,1000.000,1.266868,0.000000
8400,2,0.813513,0.862323,197,1,998.452,1.261453,0.000000
8400,3,0.068750,0.838237,25,0,1000.000,1.314094,0.000000
8400,4,0.023493,0.867113,2,0,1000.000,1.201205,0.000000
8400,5,0.019089,0.436259,2,1,539.000,1.126060,0.000000
8400,6,0.018866,0.525749,5,2,624.800,1.086058,0.000000
8400,7,0.018790,0.632983,8,2,768.625,1.077581,0.000000
8448,0,0.018750,0.879951,1,0,1000.000,1.144651,0.000000
8448,1,0.018750,0.820828,5,0,1000.000,1.404400,0.000000
8448,2,0.813513,0.857402,185,4,984.589,1.213495,0.000000
8448,3,0.068750,0.869342,23,1,984.348,1.135457,0.000000
8448,4,0.023493,0.895391,5,0,1000.000,1.267258,0.000000
8448,5,0.019089,0.897294,4,0,1000.000,1.027557,0.000000
8448,6,0.018866,0.839623,3,0,1000.000,1.422234,0.000000
8448,7,0.018790,0.196628,4,3,303.000,0.670794,0.000000
8496,0,0.018750,0.862193,4,0,1000.000,1.185405,0.000000
8496,1,0.018750,0.879048,7,0,1000.000,1.124147,0.000000
8496,2,0.813513,0.853972,188,2,991.973,1.256985,0.000000
8496,3,0.068750,0.879852,19,0,1000.000,1.260431,0.000000
8496,4,0.023493,0.883936,8,0,1000.000,1.197288,0.000000
8496,5,0.019089,0.702152,5,1,817.000,1.073035,0.000000
8496,6,0.018866,0.536286,3,1,683.667,1.067465,0.000000
8496,7,0.018790,0.552216,8,3,658.125,0.906704,0.000000
8544,0,0.018750,0.859461,7,0,1000.000,1.267671,0.000000
8544,1,0.018750,0.898275,3,0,1000.000,1.265023,0.000000
8544,2,0.813513,0.858511,316,2,994.142,1.263026,0.000000
8544,3,0.068750,0.854693,28,0,1000.000,1.366937,0.000000
8544,4,0.023493,0.875179,13,0,1000.000,1.304178,0.000000
8544,5,0.019089,0.891981,8,0,1000.000,1.362332,0.000000
8544,6,0.018866,0.803508,13,1,936.077,1.322971,0.000000
8544,7,0.018790,0.519176,17,7,618.059,1.031443,0.000000
8592,0,0.018750,0.848834,7,0,1000.000,1.287729,0.000000
8592,1,0.018750,0.798474,8,0,1000.000,1.420840,0.000000
8592,2,0.813513,0.857312,321,1,997.009,1.310570,0.000000
8592,3,0.068750,0.874757,33,0,1000.000,1.305269,0.000000
8592,4,0.023493,0.873463,16,0,1000.000,1.289519,0.000000
8592,5,0.019089,0.893092,4,0,1000.000,1.297618,0.000000
8592,6,0.018866,0.754848,8,1,881.625,1.157875,0.000000
8592,7,0.018790,0.502613,15,6,621.867,1.054475,0.000000
8640,0,0.018750,0.801042,7,1,904.571,1.102027,0.000000
8640,1,0.018750,0.884551,5,0,1000.000,1.230767,0.000000
8640,2,0.813513,0.852253,223,2,992.677,1.321534,0.000000
8640,3,0.068750,0.763600,14,0,1000.000,1.474306,0.000000
8640,4,0.023493,0.837453,6,0,1000.000,1.394455,0.000000
8640,5,0.019089,0.895153,4,0,1000.000,1.475631,0.000000
8640,6,0.018866,0.499497,7,3,600.857,0.971860,0.000000
8640,7,0.018790,0.381859,7,4,470.429,0.747545,0.000000
8688,0,0.018750,0.856441,4,0,1000.000,1.273329,0.000000
8688,1,0.018750,0.871990,3,0,1000.000,1.427026,0.000000
8688,2,0.813513,0.873330,143,0,1000.000,1.264108,0.000000
8688,3,0.068750,0.868741,15,0,1000.000,1.212844,0.000000
8688,4,0.023493,0.871584,5,0,1000.000,1.042941,0.000000
8688,5,0.019089,0.907890,1,0,1000.000,1.443298,0.000000
8688,6,0.018866,0.885566,2,0,1000.000,1.315322,0.000000
8688,7,0.018790,0.711730,3,0,1000.000,1.535407,0.000000
8736,0,0.018750,0.879503,4,0,1000.000,1.354675,0.000000
8736,1,0.018750,0.896586,3,0,1000.000,1.175028,0.000000
8736,2,0.813513,0.878368,136,0,1000.000,1.245231,0.000000
8736,3,0.068750,0.854223,12,1,949.000,1.121008,0.000000
8736,4,0.023493,0.883685,8,0,1000.000,1.255154,0.000000
8736,5,0.019089,0.895222,2,0,1000.000,1.211249,0.000000
8736,6,0.018866,0.841076,2,0,1000.000,1.194701,0.000000
8736,7,0.018790,0.507575,7,3,670.857,1.160785,0.000000
8784,0,0.018750,0.870226,6,1,945.333,0.988194,0.000000
8784,1,0.018750,0.890332,1,0,1000.000,1.260186,0.000000
8784,2,0.813513,0.863695,134,0,1000.000,1.292930,0.000000
8784,3,0.068750,0.836275,13,0,1000.000,1.293927,0.000000
8784,4,0.023493,0.892639,6,0,1000.000,1.315608,0.000000
8784,5,0.019089,0.892415,2,0,1000.000,1.217056,0.000000
8784,6,0.018866,0.899833,2,0,1000.000,1.248511,0.000000
8784,7,0.018790,0.714424,6,1,851.833,1.437205,0.000000
8832,0,0.018750,0.888514,2,0,1000.000,1.378487,0.000000
8832,1,0.018750,0.895681,1,0,1000.000,1.191775,0.000000
8832,2,0.813513,0.863126,118,1,994.839,1.309607,0.000000
8832,3,0.068750,0.882549,12,0,1000.000,1.138951,0.000000
8832,4,0.023493,0.880858,3,0,1000.000,1.381109,0.000000
8832,5,0.019089,0.430089,2,1,529.000,1.038944,0.000000
8832,6,0.018866,0.710144,5,1,866.800,1.235694,0.000000
8832,7,0.018790,0.108721,8,7,226.500,0.871720,0.000000
8880,0,0.018750,0.876763,3,0,1000.000,1.228704,0.000000
8880,1,0.018750,0.838014,2,0,1000.000,1.307722,0.000000
8880,2,0.813513,0.862049,94,0,1000.000,1.316617,0.000000
8880,3,0.068750,0.881012,6,0,1000.000,1.277538,0.000000
8880,4,0.023493,0.717825,3,0,1000.000,1.588177,0.000000
8880,5,0.019089,0.864393,3,0,1000.000,1.361130,0.000000
8880,6,0.018866,0.896373,2,0,1000.000,1.279414,0.000000
8880,7,0.018790,0.551502,8,3,692.125,1.174491,0.000000
8928,0,0.018750,0.900247,3,0,1000.000,1.074512,0.000000
8928,1,0.018750,0.887107,3,0,1000.000,1.349015,0.000000
8928,2,0.813513,0.872264,109,0,1000.000,1.269829,0.000000
8928,3,0.068750,0.860039,13,0,1000.000,1.236987,0.000000
8928,4,0.023493,0.866883,1,0,1000.000,1.063473,0.000000
8928,5,0.019089,0.375784,1,1,543.000,0.867223,0.000000
8928,6,0.018866,0.617572,3,1,881.333,1.079810,0.000000
8928,7,0.018790,0.355934,5,3,523.600,1.042968,0.000000
8976,0,0.018750,0.885478,3,0,1000.000,1.152837,0.000000
8976,1,0.018750,0.894038,4,0,1000.000,0.992927,0.000000
8976,2,0.813513,0.889912,116,1,998.595,1.232943,0.000000
8976,3,0.068750,0.846068,10,0,1000.000,1.229505,0.000000
8976,4,0.023493,0.898749,3,0,1000.000,1.298187,0.000000
8976,5,0.019089,0.140679,1,1,538.000,0.317160,0.000000
8976,6,0.018866,0.882688,3,0,1000.000,1.312458,0.000000
8976,7,0.018790,0.329661,8,5,469.875,0.870024,0.000000
9024,0,0.018750,0.891740,1,0,1000.000,1.087741,0.000000
9024,1,0.018750,0.000000,0,0,0.000,0.000000,0.000000
9024,2,0.813513,0.865083,99,2,980.950,1.252131,0.000000
9024,3,0.068750,0.863737,7,0,1000.000,1.325977,0.000000
9024,4,0.023493,0.899381,2,0,1000.000,1.411604,0.000000
9024,5,0.019089,0.000000,0,0,0.000,0.000000,0.000000
9024,6,0.018866,0.669573,4,1,803.750,1.166839,0.000000
9024,7,0.018790,0.245509,11,8,402.818,1.039931,0.000000
9072,0,0.018750,0.887147,2,0,1000.000,1.252894,0.000000
9072,1,0.018750,0.859098,5,0,1000.000,1.292573,0.000000
9072,2,0.813513,0.876073,111,1,995.189,1.208828,0.000000
9072,3,0.068750,0.878400,8,0,1000.000,1.255625,0.000000
9072,4,0.023493,0.901020,2,0,1000.000,1.289405,0.000000
9072,5,0.019089,0.890194,1,0,1000.000,1.300143,0.000000
9072,6,0.018866,0.808002,3,0,1000.000,1.664607,0.000000
9072,7,0.018790,0.361193,5,3,445.800,1.023294,0.000000
9120,0,0.018750,0.830141,2,0,1000.000,1.355010,0.000000
9120,1,0.018750,0.899547,1,1,637.000,0.997741,0.000000
9120,2,0.813513,0.879839,81,1,988.370,1.268694,0.000000
9120,3,0.068750,0.891794,12,0,1000.000,1.270150,0.000000
9120,4,0.023493,0.899170,5,0,1000.000,1.347534,0.000000
9120,5,0.019089,0.872087,4,0,1000.000,1.192879,0.000000
9120,6,0.018866,0.594722,3,1,699.667,1.126519,0.000000
9120,7,0.018790,0.674441,6,1,845.000,1.420694,0.000000
9168,0,0.018750,0.893603,2,0,1000.000,1.341868,0.000000
9168,1,0.018750,0.896710,2,0,1000.000,1.235208,0.000000
9168,2,0.813513,0.882918,87,0,1000.000,1.266019,0.000000
9168,3,0.068750,0.881720,10,0,1000.000,1.299052,0.000000
9168,4,0.023493,0.892666,5,0,1000.000,1.048399,0.000000
9168,5,0.019089,0.894463,1,0,1000.000,1.282966,0.000000
9168,6,0.018866,0.038514,1,1,669.000,0.830873,0.000000
9168,7,0.018790,0.870162,2,0,1000.000,1.197213,0.000000
9216,0,0.018750,0.890375,2,0,1000.000,1.349005,0.000000
9216,1,0.018750,0.876810,5,0,1000.000,1.134562,0.000000
9216,2,0.813513,0.864239,130,0,1000.000,1.272260,0.000000
9216,3,0.068750,0.845112,12,0,1000.000,1.351638,0.000000
9216,4,0.023493,0.847946,6,0,1000.000,1.533242,0.000000
9216,5,0.019089,0.886238,3,0,1000.000,1.316342,0.000000
9216,6,0.018866,0.895886,5,0,1000.000,1.262334,0.000000
9216,7,0.018790,0.300089,6,3,627.500,1.188358,0.000000
9264,0,0.018750,0.873729,2,0,1000.000,1.214281,0.000000
9264,1,0.018750,0.888746,2,0,1000.000,1.099801,0.000000
9264,2,0.813513,0.863046,171,2,988.889,1.226445,0.000000
9264,3,0.068750,0.845550,18,1,990.667,1.263829,0.000000
9264,4,0.023493,0.903976,3,0,1000.000,1.255741,0.000000
9264,5,0.019089,0.905360,3,0,1000.000,1.183784,0.000000
9264,6,0.018866,0.658327,4,1,772.250,0.955625,0.000000
9264,7,0.018790,0.720435,7,1,984.286,1.368819,0.000000
9312,0,0.018750,0.889611,5,0,1000.000,1.237524,0.000000
9312,1,0.018750,0.907756,1,0,1000.000,1.237567,0.000000
9312,2,0.813513,0.858142,182,1,998.374,1.277550,0.000000
9312,3,0.068750,0.836885,18,0,1000.000,1.416752,0.000000
9312,4,0.023493,0.852645,3,0,1000.000,1.398840,0.000000
9312,5,0.019089,0.895620,5,0,1000.000,1.265702,0.000000
9312,6,0.018866,0.868866,2,0,1000.000,1.253763,0.000000
9312,7,0.018790,0.591241,3,1,687.333,1.199776,0.000000
9360,0,0.018750,0.903629,4,0,1000.000,0.655488,0.000000
9360,1,0.018750,0.871889,5,0,1000.000,1.311044,0.000000
9360,2,0.813513,0.873380,212,1,995.533,1.261182,0.000000
9360,3,0.068750,0.783359,8,1,880.125,1.301003,0.000000
9360,4,0.023493,0.892099,6,0,1000.000,1.304741,0.000000
9360,5,0.019089,0.896469,8,0,1000.000,1.152756,0.000000
9360,6,0.018866,0.707208,3,0,1000.000,1.714656,0.000000
9360,7,0.018790,0.516621,7,3,694.429,1.416423,0.000000
9408,0,0.018750,0.887933,7,0,1000.000,1.204387,0.000000
9408,1,0.018750,0.895578,4,0,1000.000,1.345081,0.000000
9408,2,0.813513,0.871045,197,1,995.228,1.292794,0.000000
9408,3,0.068750,0.806259,17,0,1000.000,1.386616,0.000000
9408,4,0.023493,0.901798,5,0,1000.000,1.303961,0.000000
9408,5,0.019089,0.890995,3,0,1000.000,1.253220,0.000000
9408,6,0.018866,0.768564,8,1,887.875,1.454095,0.000000
9408,7,0.018790,0.573411,10,3,799.200,1.340235,0.000000
9456,0,0.018750,0.880716,3,0,1000.000,1.253139,0.000000
9456,1,0.018750,0.813221,6,0,1000.000,1.375333,0.000000
9456,2,0.813513,0.869511,188,1,995.197,1.280233,0.000000
9456,3,0.068750,0.879125,13,0,1000.000,1.343728,0.000000
9456,4,0.023493,0.897724,3,0,1000.000,1.194855,0.000000
9456,5,0.019089,0.868229,3,0,1000.000,1.292132,0.000000
9456,6,0.018866,0.631489,3,1,876.667,1.297296,0.000000
9456,7,0.018790,0.604356,9,2,811.444,1.381954,0.000000
9504,0,0.018750,0.919945,2,0,1000.000,1.302693,0.000000
9504,1,0.018750,0.889059,3,0,1000.000,1.209626,0.000000
9504,2,0.813513,0.872675,203,0,1000.000,1.267206,0.000000
9504,3,0.068750,0.882344,18,0,1000.000,1.352016,0.000000
9504,4,0.023493,0.849573,8,0,1000.000,1.302665,0.000000
9504,5,0.019089,0.834160,4,0,1000.000,1.451783,0.000000
9504,6,0.018866,0.513209,7,3,727.714,1.158814,0.000000
9504,7,0.018790,0.638907,7,2,744.000,1.357912,0.000000
9552,0,0.018750,0.895687,10,0,1000.000,1.306036,0.000000
9552,1,0.018750,0.901411,5,0,1000.000,1.239684,0.000000
9552,2,0.813513,0.865688,331,3,994.227,1.296583,0.000000
9552,3,0.068750,0.890479,25,0,1000.000,1.323255,0.000000
9552,4,0.023493,0.894615,11,0,1000.000,1.301815,0.000000
9552,5,0.019089,0.684818,8,1,882.250,1.261982,0.000000
9552,6,0.018866,0.757007,12,2,976.500,1.227861,0.000000
9552,7,0.018790,0.472686,9,3,693.333,1.228494,0.000000
9600,0,0.018750,0.766498,9,1,895.333,1.311840,0.000000
9600,1,0.018750,0.662530,6,0,1000.000,1.631500,0.000000
9600,2,0.813513,0.853903,319,2,993.956,1.313829,0.000000
9600,3,0.068750,0.826056,21,0,1000.000,1.356013,0.000000
9600,4,0.023493,0.850776,7,0,1000.000,1.444243,0.000000
9600,5,0.019089,0.870067,9,0,1000.000,1.330797,0.000000
9600,6,0.018866,0.343604,8,5,604.250,1.333639,0.000000
9600,7,0.018790,0.803028,9,1,904.111,1.261360,0.000000
9648,0,0.025153,0.852224,6,0,1000.000,1.279554,0.000000
9648,1,0.020196,0.906403,4,0,1000.000,1.209138,0.000000
9648,2,0.025746,0.871690,198,0,1000.000,1.309928,0.000000
9648,3,0.106585,0.852600,32,0,1000.000,1.312088,0.000000
9648,4,0.353803,0.815038,4,0,1000.000,1.454205,0.000000
9648,5,0.186991,0.887829,5,0,1000.000,1.274050,0.000000
9648,6,0.189874,0.633868,10,3,834.000,1.152601,0.000000
9648,7,0.091652,0.292428,6,4,433.667,0.874377,0.000000
9696,0,0.025153,0.874602,2,0,1000.000,0.976985,0.000000
9696,1,0.020196,0.891606,3,0,1000.000,1.138867,0.000000
9696,2,0.025746,0.901209,4,0,1000.000,1.245013,0.000000
9696,3,0.106585,0.819267,11,0,1000.000,1.361950,0.000000
9696,4,0.353803,0.865183,64,0,1000.000,1.324228,0.000000
9696,5,0.186991,0.875966,34,0,1000.000,1.333738,0.000000
9696,6,0.189874,0.854900,37,0,1000.000,1.230117,0.000000
9696,7,0.091652,0.641798,14,3,805.643,1.308523,0.000000
9744,0,0.025153,0.898187,3,0,1000.000,1.231068,0.000000
9744,1,0.020196,0.909383,3,0,1000.000,1.238938,0.000000
9744,2,0.025746,0.906960,1,0,1000.000,1.060449,0.000000
9744,3,0.106585,0.867963,12,0,1000.000,1.316968,0.000000
9744,4,0.353803,0.871214,63,1,984.857,1.280489,0.000000
9744,5,0.186991,0.859228,36,0,1000.000,1.379259,0.000000
9744,6,0.189874,0.812528,33,3,929.212,1.231447,0.000000
9744,7,0.091652,0.686705,25,6,800.680,1.336633,0.000000
9792,0,0.025153,0.880771,5,0,1000.000,1.341263,0.000000
9792,1,0.020196,0.905745,2,0,1000.000,1.183257,0.000000
9792,2,0.025746,0.877697,7,1,937.571,1.154375,0.000000
9792,3,0.106585,0.872086,16,0,1000.000,1.330515,0.000000
9792,4,0.353803,0.854109,65,1,985.769,1.374523,0.000000
9792,5,0.186991,0.781447,35,0,1000.000,1.430683,0.000000
9792,6,0.189874,0.721325,31,5,850.645,1.317877,0.000000
9792,7,0.091652,0.484715,13,5,696.000,1.378868,0.000000
9840,0,0.025153,0.871444,4,0,1000.000,1.309412,0.000000
9840,1,0.020196,0.904844,6,0,1000.000,1.375556,0.000000
9840,2,0.025746,0.896084,4,1,982.000,1.175756,0.000000
9840,3,0.106585,0.867150,15,0,1000.000,1.347076,0.000000
9840,4,0.353803,0.877447,46,0,1000.000,1.285857,0.000000
9840,5,0.186991,0.896823,24,0,1000.000,1.348870,0.000000
9840,6,0.189874,0.660384,32,7,807.406,1.299430,0.000000
9840,7,0.091652,0.689783,20,4,826.950,1.325964,0.000000
9888,0,0.025153,0.894271,5,1,948.400,1.044369,0.000000
9888,1,0.020196,0.883889,2,0,1000.000,1.414198,0.000000
9888,2,0.025746,0.914320,2,0,1000.000,1.169711,0.000000
9888,3,0.106585,0.901074,16,0,1000.000,1.257939,0.000000
9888,4,0.353803,0.869741,40,1,977.475,1.318199,0.000000
9888,5,0.186991,0.807435,19,2,910.263,1.192058,0.000000
9888,6,0.189874,0.685513,33,7,841.273,1.354686,0.000000
9888,7,0.091652,0.572496,17,6,685.706,1.196722,0.000000
9936,0,0.025153,0.879668,2,0,1000.000,1.251192,0.000000
9936,1,0.020196,0.910105,3,0,1000.000,1.110561,0.000000
9936,2,0.025746,0.899008,2,0,1000.000,1.331752,0.000000
9936,3,0.106585,0.905733,14,0,1000.000,1.258373,0.000000
9936,4,0.353803,0.900672,43,0,1000.000,1.297341,0.000000
9936,5,0.186991,0.844978,31,0,1000.000,1.336324,0.000000
9936,6,0.189874,0.755178,37,6,876.297,1.254779,0.000000
9936,7,0.091652,0.603145,15,5,712.733,1.260866,0.000000
9984,0,0.025153,0.909490,4,0,1000.000,1.252752,0.000000
9984,1,0.020196,0.897838,5,0,1000.000,1.181988,0.000000
9984,2,0.025746,0.883986,6,1,939.000,1.166279,0.000000
9984,3,0.106585,0.895061,11,0,1000.000,1.276944,0.000000
9984,4,0.353803,0.806264,39,1,975.795,1.417287,0.000000
9984,5,0.186991,0.782147,32,1,972.344,1.392689,0.000000
9984,6,0.189874,0.767585,42,5,901.452,1.293627,0.000000
9984,7,0.091652,0.639271,18,5,742.611,1.237738,0.000000
10032,0,0.025153,0.026007,1,0,1000.000,2.279609,0.000000
10032,1,0.020196,0.908492,2,0,1000.000,1.163766,0.000000
10032,2,0.025746,0.897854,3,0,1000.000,1.190057,0.000000
10032,3,0.106585,0.820752,18,0,1000.000,1.489525,0.000000
10032,4,0.353803,0.887142,43,0,1000.000,1.279986,0.000000
10032,5,0.186991,0.724009,24,2,962.250,1.414588,0.000000
10032,6,0.189874,0.710987,29,6,816.966,1.230788,0.000000
10032,7,0.091652,0.722600,20,3,863.800,1.362514,0.000000
10176,0,0.025153,0.846482,13,1,959.923,1.282090,0.000000
10176,1,0.020196,0.903804,3,1,818.000,0.944379,0.000000
10176,2,0.025746,0.901876,8,0,1000.000,1.096487,0.000000
10176,3,0.106585,0.852813,42,2,958.452,1.274358,0.000000
10176,4,0.353803,0.876125,111,2,984.631,1.258566,0.000000
10176,5,0.186991,0.844069,72,3,973.153,1.384102,0.000000
10176,6,0.189874,0.706760,84,17,835.595,1.299023,0.000000
10176,7,0.091652,0.596603,56,17,742.214,1.338190,0.000000
10224,0,0.025153,0.892330,4,0,1000.000,1.317069,0.000000
10224,1,0.020196,0.876436,3,0,1000.000,1.322516,0.000000
10224,2,0.025746,0.898809,4,0,1000.000,1.316903,0.000000
10224,3,0.106585,0.845557,20,0,1000.000,1.377611,0.000000
10224,4,0.353803,0.832258,50,1,981.040,1.340127,0.000000
10224,5,0.186991,0.835780,38,0,1000.000,1.438533,0.000000
10224,6,0.189874,0.788997,33,4,922.818,1.250545,0.000000
10224,7,0.091652,0.560653,16,5,719.438,1.338865,0.000000
10272,0,0.025153,0.899216,3,0,1000.000,1.202785,0.000000
10272,1,0.020196,0.903928,10,0,1000.000,1.316959,0.000000
10272,2,0.025746,0.791262,6,0,1000.000,1.444982,0.000000
10272,3,0.106585,0.895599,19,0,1000.000,1.243980,0.000000
10272,4,0.353803,0.828861,93,1,989.753,1.424014,0.000000
10272,5,0.186991,0.777794,33,3,920.151,1.384832,0.000000
10272,6,0.189874,0.737753,46,7,924.457,1.394243,0.000000
10272,7,0.091652,0.766128,27,4,871.704,1.289804,0.000000
10320,0,0.025153,0.732313,5,0,1000.000,1.435044,0.000000
10320,1,0.020196,0.881333,2,0,1000.000,1.177088,0.000000
10320,2,0.025746,0.880739,6,1,989.667,1.114264,0.000000
10320,3,0.106585,0.887769,21,0,1000.000,1.323967,0.000000
10320,4,0.353803,0.885163,79,0,1000.000,1.294730,0.000000
10320,5,0.186991,0.871525,36,0,1000.000,1.404127,0.000000
10320,6,0.189874,0.709408,57,11,841.263,1.271144,0.000000
10320,7,0.091652,0.621326,30,9,728.367,1.198326,0.000000
10368,0,0.025153,0.896800,4,0,1000.000,1.217965,0.000000
10368,1,0.020196,0.902993,5,0,1000.000,1.273842,0.000000
10368,2,0.025746,0.890450,11,2,974.636,1.116291,0.000000
10368,3,0.106585,0.861847,29,0,1000.000,1.336957,0.000000
10368,4,0.353803,0.866644,86,1,988.872,1.350063,0.000000
10368,5,0.186991,0.832537,46,3,969.000,1.266748,0.000000
10368,6,0.189874,0.764489,61,9,886.115,1.319156,0.000000
10368,7,0.091652,0.567590,35,12,764.400,1.390215,0.000000
10416,0,0.025153,0.885969,3,1,885.333,0.866651,0.000000
10416,1,0.020196,0.906759,6,0,1000.000,1.291521,0.000000
10416,2,0.025746,0.688683,8,0,1000.000,1.649998,0.000000
10416,3,0.106585,0.871050,20,0,1000.000,1.291224,0.000000
10416,4,0.353803,0.843491,99,3,972.121,1.392862,0.000000
10416,5,0.186991,0.840478,52,3,967.250,1.347607,0.000000
10416,6,0.189874,0.739441,52,8,860.365,1.329196,0.000000
10416,7,0.091652,0.512586,40,15,716.600,1.308096,0.000000
10464,0,0.025153,0.900891,4,0,1000.000,1.189609,0.000000
10464,1,0.020196,0.626298,3,0,1000.000,1.646996,0.000000
10464,2,0.025746,0.869676,4,0,1000.000,1.121306,0.000000
10464,3,0.106585,0.853905,31,1,970.355,1.327718,0.000000
10464,4,0.353803,0.806702,61,3,963.393,1.445297,0.000000
10464,5,0.186991,0.806843,42,2,970.571,1.416799,0.000000
10464,6,0.189874,0.686863,50,11,828.460,1.408269,0.000000
10464,7,0.091652,0.599280,38,11,743.816,1.215237,0.000000
10512,0,0.025153,0.876982,10,0,1000.000,1.383521,0.000000
10512,1,0.020196,0.911219,7,0,1000.000,1.274928,0.000000
10512,2,0.025746,0.894172,6,0,1000.000,1.414059,0.000000
10512,3,0.106585,0.857899,31,0,1000.000,1.326100,0.000000
10512,4,0.353803,0.872407,92,2,986.239,1.301951,0.000000
10512,5,0.186991,0.829837,56,2,970.107,1.378671,0.000000
10512,6,0.189874,0.673388,63,13,835.460,1.381635,0.000000
10512,7,0.091652,0.643269,28,8,745.071,1.343907,0.000000
10560,0,0.025153,0.885859,12,0,1000.000,1.430854,0.000000
10560,1,0.020196,0.906229,13,0,1000.000,1.334214,0.000000
10560,2,0.025746,0.904272,11,0,1000.000,1.268598,0.000000
10560,3,0.106585,0.859727,44,0,1000.000,1.343113,0.000000
10560,4,0.353803,0.852125,145,3,980.476,1.347682,0.000000
10560,5,0.186991,0.824610,81,2,982.827,1.448062,0.000000
10560,6,0.189874,0.808336,97,8,929.763,1.431856,0.000000
10560,7,0.091652,0.632534,60,16,766.300,1.372835,0.000000
10608,0,0.025153,0.899382,6,1,974.667,1.134916,0.000000
10608,1,0.020196,0.903373,7,0,1000.000,1.301345,0.000000
10608,2,0.025746,0.898637,11,0,1000.000,1.320188,0.000000
10608,3,0.106585,0.882901,37,0,1000.000,1.429916,0.000000
10608,4,0.353803,0.842092,122,6,973.066,1.399822,0.000000
10608,5,0.186991,0.796482,71,4,947.521,1.471156,0.000000
10608,6,0.189874,0.725098,85,14,863.800,1.437426,0.000000
10608,7,0.091652,0.487340,48,22,612.979,1.260419,0.000000
10656,0,0.025153,0.791588,9,0,1000.000,1.695795,0.000000
10656,1,0.020196,0.829719,4,1,762.000,0.955857,0.000000
10656,2,0.025746,0.817294,7,0,1000.000,1.632655,0.000000
10656,3,0.106585,0.867688,25,0,1000.000,1.565111,0.000000
10656,4,0.353803,0.853304,86,5,974.791,1.434806,0.000000
10656,5,0.186991,0.690908,54,12,819.315,1.430181,0.000000
10656,6,0.189874,0.547081,75,28,737.880,1.507473,0.000000
10656,7,0.091652,0.451547,51,23,629.569,1.397196,0.000000
10704,0,0.025153,0.426679,2,0,1000.000,2.050081,0.000000
10704,1,0.020196,0.549952,3,0,1000.000,2.265929,0.000000
10704,2,0.025746,0.776445,4,0,1000.000,2.120721,0.000000
10704,3,0.106585,0.699757,16,3,950.250,1.824101,0.000000
10704,4,0.353803,0.622916,65,4,966.692,2.002074,0.000000
10704,5,0.186991,0.473521,48,18,792.583,1.893619,0.000000
10704,6,0.189874,0.313363,61,35,628.197,1.526996,0.000000
10704,7,0.091652,0.167127,36,28,414.972,1.333206,0.000000
10752,0,0.025153,0.574058,2,0,1000.000,1.971594,0.000000
10752,1,0.020196,0.629111,7,0,1000.000,2.215872,0.000000
10752,2,0.025746,0.436632,4,0,1000.000,2.306780,0.000000
10752,3,0.106585,0.596648,23,0,1000.000,2.159651,0.000000
10752,4,0.353803,0.605384,72,17,873.486,1.797511,0.000000
10752,5,0.186991,0.483285,58,29,712.155,1.487663,0.000000
10752,6,0.189874,0.264871,77,49,543.701,1.497159,0.000000
10752,7,0.091652,0.084464,55,49,351.782,1.365213,0.000000
10800,0,0.025153,0.519385,3,0,1000.000,2.295418,0.000000
10800,1,0.020196,0.718625,4,0,1000.000,2.094865,0.000000
10800,2,0.025746,0.662983,3,1,809.000,1.510803,0.000000
10800,3,0.106585,0.638658,13,2,883.385,1.772656,0.000000
10800,4,0.353803,0.666052,62,16,875.919,1.641969,0.000000
10800,5,0.186991,0.480727,54,28,677.518,1.353136,0.000000
10800,6,0.189874,0.222696,82,50,559.622,1.437637,0.000000
10800,7,0.091652,0.221789,47,32,527.298,1.591216,0.000000
10848,0,0.025153,0.798022,1,0,1000.000,2.297469,0.000000
10848,1,0.020196,0.829169,1,0,1000.000,1.735249,0.000000
10848,2,0.025746,0.582441,6,1,880.833,2.014145,0.000000
10848,3,0.106585,0.647791,16,1,955.938,2.193763,0.000000
10848,4,0.353803,0.637214,56,10,914.268,1.769918,0.000000
10848,5,0.186991,0.457264,34,19,571.618,1.291369,0.000000
10848,6,0.189874,0.405897,54,27,676.982,1.574185,0.000000
10848,7,0.091652,0.180053,31,22,483.161,1.691676,0.000000
10896,0,0.025153,0.807845,5,0,1000.000,1.892227,0.000000
10896,1,0.020196,0.881508,3,0,1000.000,1.874056,0.000000
10896,2,0.025746,0.751824,2,0,1000.000,2.214605,0.000000
10896,3,0.106585,0.627789,13,1,973.462,1.944988,0.000000
10896,4,0.353803,0.639464,49,6,922.653,1.994465,0.000000
10896,5,0.186991,0.563263,26,7,814.538,1.719994,0.000000
10896,6,0.189874,0.387551,36,14,723.278,1.869976,0.000000
10896,7,0.091652,0.187411,24,16,493.625,1.680345,0.000000
10944,0,0.025153,0.832905,3,0,1000.000,2.079211,0.000000
10944,1,0.020196,0.476932,3,0,1000.000,2.255013,0.000000
10944,2,0.025746,0.828438,6,0,1000.000,1.773727,0.000000
10944,3,0.106585,0.605858,11,0,1000.000,2.329134,0.000000
10944,4,0.353803,0.688089,51,1,982.490,1.998092,0.000000
10944,5,0.186991,0.595340,27,6,872.630,1.868035,0.000000
10944,6,0.189874,0.502833,31,11,724.387,1.857408,0.000000
10944,7,0.091652,0.337664,11,6,537.273,1.715684,0.000000
10992,0,0.025153,0.689603,5,0,1000.000,2.098127,0.000000
10992,1,0.020196,0.613187,1,0,1000.000,2.327289,0.000000
10992,2,0.025746,0.092224,1,0,1000.000,2.499801,0.000000
10992,3,0.106585,0.704930,18,0,1000.000,2.267888,0.000000
10992,4,0.353803,0.663420,59,2,974.729,2.015494,0.000000
10992,5,0.186991,0.675503,22,1,978.182,2.233125,0.000000
10992,6,0.189874,0.531103,31,9,776.161,1.854306,0.000000
10992,7,0.091652,0.381010,14,5,739.500,2.026586,0.000000
11040,0,0.025153,0.615885,9,0,1000.000,2.181977,0.000000
11040,1,0.020196,0.898592,1,0,1000.000,1.090128,0.000000
11040,2,0.025746,0.837129,6,0,1000.000,2.107604,0.000000
11040,3,0.106585,0.652986,9,0,1000.000,2.121856,0.000000
11040,4,0.353803,0.680601,37,1,982.216,2.216304,0.000000
11040,5,0.186991,0.658002,19,2,914.316,2.089319,0.000000
11040,6,0.189874,0.491720,20,5,794.150,1.902154,0.000000
11040,7,0.091652,0.663226,12,2,947.417,1.778567,0.000000
11136,0,0.025153,0.712265,7,0,1000.000,1.941023,0.000000
11136,1,0.020196,0.755887,5,0,1000.000,2.264424,0.000000
11136,2,0.025746,0.768001,7,1,935.143,1.984687,0.000000
11136,3,0.106585,0.654418,19,0,1000.000,2.207561,0.000000
11136,4,0.353803,0.739768,91,1,992.637,2.123231,0.000000
11136,5,0.186991,0.612104,32,5,891.969,1.843077,0.000000
11136,6,0.189874,0.573748,44,9,840.455,2.012973,0.000000
11136,7,0.091652,0.461943,29,7,803.172,2.130126,0.000000
11184,0,0.025153,0.275699,2,0,1000.000,2.660542,0.000000
11184,1,0.020196,0.849581,4,0,1000.000,1.954311,0.000000
11184,2,0.025746,0.850965,2,0,1000.000,2.056692,0.000000
11184,3,0.106585,0.638767,7,0,1000.000,2.205187,0.000000
11184,4,0.353803,0.701915,45,0,1000.000,2.147024,0.000000
11184,5,0.186991,0.656183,21,0,1000.000,2.191965,0.000000
11184,6,0.189874,0.601098,21,4,845.952,2.074113,0.000000
11184,7,0.091652,0.624701,12,2,868.500,1.913013,0.000000
11232,0,0.025153,0.637463,5,0,1000.000,2.293478,0.000000
11232,1,0.020196,0.685793,8,0,1000.000,1.769600,0.000000
11232,2,0.025746,0.844702,5,0,1000.000,1.994504,0.000000
11232,3,0.106585,0.805926,17,0,1000.000,2.089866,0.000000
11232,4,0.353803,0.661070,53,1,981.981,2.161162,0.000000
11232,5,0.186991,0.795660,27,0,1000.000,2.271913,0.000000
11232,6,0.189874,0.603366,35,4,909.943,2.070024,0.000000
11232,7,0.091652,0.406076,14,7,585.786,1.791689,0.000000
11280,0,0.025153,0.698833,5,0,1000.000,2.298332,0.000000
11280,1,0.020196,0.834223,3,0,1000.000,2.285410,0.000000
11280,2,0.025746,0.561333,6,0,1000.000,2.438468,0.000000
11280,3,0.106585,0.694090,19,0,1000.000,2.276551,0.000000
11280,4,0.353803,0.721376,76,1,991.342,2.135791,0.000000
11280,5,0.186991,0.682729,30,0,1000.000,2.172403,0.000000
11280,6,0.189874,0.602623,35,2,983.857,2.161734,0.000000
11280,7,0.091652,0.515211,25,5,840.520,2.039869,0.000000
11328,0,0.025153,0.871564,2,0,1000.000,2.011774,0.000000
11328,1,0.020196,0.526819,6,0,1000.000,2.508533,0.000000
11328,2,0.025746,0.792128,6,0,1000.000,1.721587,0.000000
11328,3,0.106585,0.726390,17,0,1000.000,2.169316,0.000000
11328,4,0.353803,0.686334,77,0,1000.000,2.206630,0.000000
11328,5,0.186991,0.669466,38,0,1000.000,2.127774,0.000000
11328,6,0.189874,0.546547,40,7,870.675,2.064315,0.000000
11328,7,0.091652,0.542444,25,6,827.120,1.953117,0.000000
11376,0,0.025153,0.848756,6,0,1000.000,1.703166,0.000000
11376,1,0.020196,0.575672,3,0,1000.000,1.836131,0.000000
11376,2,0.025746,0.760214,6,0,1000.000,2.163995,0.000000
11376,3,0.106585,0.740198,20,0,1000.000,1.998542,0.000000
11376,4,0.353803,0.696791,81,0,1000.000,2.122984,0.000000
11376,5,0.186991,0.663940,40,1,976.600,2.268164,0.000000
11376,6,0.189874,0.658249,55,4,933.564,2.201600,0.000000
11376,7,0.091652,0.633322,19,2,900.105,2.081753,0.000000
11424,0,0.025153,0.179732,1,0,1000.000,2.626626,0.000000
11424,1,0.020196,0.660076,3,0,1000.000,2.404586,0.000000
11424,2,0.025746,0.789460,6,0,1000.000,2.272004,0.000000
11424,3,0.106585,0.776699,20,0,1000.000,2.144588,0.000000
11424,4,0.353803,0.733359,70,0,1000.000,2.148089,0.000000
11424,5,0.186991,0.728570,52,2,963.462,2.239945,0.000000
11424,6,0.189874,0.556125,53,9,890.491,2.159104,0.000000
11424,7,0.091652,0.613223,28,6,832.143,1.838886,0.000000
11472,0,0.025153,0.857953,5,0,1000.000,1.824772,0.000000
11472,1,0.020196,0.871657,4,0,1000.000,1.723764,0.000000
11472,2,0.025746,0.713696,4,0,1000.000,2.336014,0.000000
11472,3,0.106585,0.628282,16,0,1000.000,2.373681,0.000000
11472,4,0.353803,0.752704,77,1,997.987,2.094564,0.000000
11472,5,0.186991,0.637829,38,4,924.342,2.178563,0.000000
11472,6,0.189874,0.548351,47,14,845.170,1.886673,0.000000
11472,7,0.091652,0.492908,31,12,731.065,1.656047,0.000000
11520,0,0.025153,0.745014,11,0,1000.000,2.140240,0.000000
11520,1,0.020196,0.874929,5,0,1000.000,1.691666,0.000000
11520,2,0.025746,0.849434,3,0,1000.000,1.883537,0.000000
11520,3,0.106585,0.724214,20,0,1000.000,2.290021,0.000000
11520,4,0.353803,0.729298,97,2,989.691,2.259531,0.000000
11520,5,0.186991,0.685445,53,0,1000.000,2.301528,0.000000
11520,6,0.189874,0.667260,72,7,959.889,2.083565,0.000000
11520,7,0.091652,0.505579,24,7,824.833,2.036189,0.000000
11568,0,0.025153,0.752440,5,0,1000.000,1.976795,0.000000
11568,1,0.020196,0.608106,3,0,1000.000,2.218918,0.000000
11568,2,0.025746,0.813717,16,0,1000.000,1.905185,0.000000
11568,3,0.106585,0.688781,43,0,1000.000,2.378971,0.000000
11568,4,0.353803,0.750983,130,1,999.869,2.184526,0.000000
11568,5,0.186991,0.690246,85,5,969.871,2.250923,0.000000
11568,6,0.189874,0.620916,88,10,921.000,2.117968,0.000000
11568,7,0.091652,0.524872,51,14,841.627,2.176760,0.000000
11616,0,0.025153,0.719160,8,0,1000.000,1.940266,0.000000
11616,1,0.020196,0.792447,5,0,1000.000,2.191537,0.000000
11616,2,0.025746,0.631366,7,0,1000.000,2.182315,0.000000
11616,3,0.106585,0.739271,32,1,999.219,2.201501,0.000000
11616,4,0.353803,0.713386,95,1,990.305,2.278695,0.000000
11616,5,0.186991,0.654900,57,2,987.702,2.267140,0.000000
11616,6,0.189874,0.600422,65,10,914.277,2.218696,0.000000
11616,7,0.091652,0.479511,56,17,793.179,2.123049,0.000000
11664,0,0.025153,0.555399,6,0,1000.000,2.529563,0.000000
11664,1,0.020196,0.848783,8,0,1000.000,2.112911,0.000000
11664,2,0.025746,0.629792,3,0,1000.000,2.334633,0.000000
11664,3,0.106585,0.696248,32,0,1000.000,2.309381,0.000000
11664,4,0.353803,0.702621,83,2,977.687,2.224334,0.000000
11664,5,0.186991,0.689836,45,4,964.578,1.968330,0.000000
11664,6,0.189874,0.547084,59,13,885.373,2.053095,0.000000
11664,7,0.091652,0.444476,35,14,794.800,1.834095,0.000000
11712,0,0.025153,0.786115,5,0,1000.000,2.236416,0.000000
11712,1,0.020196,0.811361,3,0,1000.000,1.781769,0.000000
11712,2,0.025746,0.727173,8,0,1000.000,1.861181,0.000000
11712,3,0.106585,0.667971,22,0,1000.000,2.342753,0.000000
11712,4,0.353803,0.751854,78,1,987.744,2.167226,0.000000
11712,5,0.186991,0.689093,29,1,967.103,2.319163,0.000000
11712,6,0.189874,0.582493,44,13,843.591,1.918186,0.000000
11712,7,0.091652,0.518725,28,8,804.714,2.199929,0.000000
11760,0,0.025153,0.612233,8,0,1000.000,2.327820,0.000000
11760,1,0.020196,0.668296,4,0,1000.000,2.400222,0.000000
11760,2,0.025746,0.680079,5,0,1000.000,2.358112,0.000000
11760,3,0.106585,0.697244,33,0,1000.000,2.217279,0.000000
11760,4,0.353803,0.731679,85,1,999.635,2.115793,0.000000
11760,5,0.186991,0.669530,41,1,976.390,2.304836,0.000000
11760,6,0.189874,0.669085,52,4,935.308,2.211056,0.000000
11760,7,0.091652,0.453388,37,14,702.162,1.876198,0.000000
11808,0,0.025153,0.858142,6,0,1000.000,1.946836,0.000000
11808,1,0.020196,0.878466,1,0,1000.000,1.628819,0.000000
11808,2,0.025746,0.605242,6,0,1000.000,2.488515,0.000000
11808,3,0.106585,0.706299,31,1,969.484,2.139684,0.000000
11808,4,0.353803,0.720032,76,1,991.947,2.254831,0.000000
11808,5,0.186991,0.665197,36,0,1000.000,2.341841,0.000000
11808,6,0.189874,0.624868,48,6,914.979,2.174395,0.000000
11808,7,0.091652,0.461459,34,13,748.824,1.915727,0.000000
11856,0,0.025153,0.812222,4,0,1000.000,2.231306,0.000000
11856,1,0.020196,0.755509,7,0,1000.000,2.316315,0.000000
11856,2,0.025746,0.623857,5,0,1000.000,2.202930,0.000000
11856,3,0.106585,0.741772,21,0,1000.000,2.374982,0.000000
11856,4,0.353803,0.677698,61,1,984.525,2.262155,0.000000
11856,5,0.186991,0.748155,23,1,979.826,2.211207,0.000000
11856,6,0.189874,0.609697,47,10,850.660,1.935345,0.000000
11856,7,0.091652,0.309631,29,17,614.379,1.931424,0.000000
11904,0,0.025153,0.814400,3,0,1000.000,2.001145,0.000000
11904,1,0.020196,0.706911,4,0,1000.000,2.313017,0.000000
11904,2,0.025746,0.792622,2,0,1000.000,2.377115,0.000000
11904,3,0.106585,0.772873,11,0,1000.000,2.201930,0.000000
11904,4,0.353803,0.699208,54,2,979.815,2.219415,0.000000
11904,5,0.186991,0.696250,29,4,895.621,1.995074,0.000000
11904,6,0.189874,0.600025,37,9,855.324,2.021585,0.000000
11904,7,0.091652,0.354544,24,12,641.583,1.911443,0.000000
11952,0,0.025153,0.882866,3,0,1000.000,1.995436,0.000000
11952,1,0.020196,0.462704,2,0,1000.000,2.500319,0.000000
11952,2,0.025746,0.866348,2,0,1000.000,1.983836,0.000000
11952,3,0.106585,0.761904,15,0,1000.000,2.309894,0.000000
11952,4,0.353803,0.725391,48,2,973.500,2.133158,0.000000
11952,5,0.186991,0.696147,19,1,958.526,2.265879,0.000000
11952,6,0.189874,0.578793,32,9,818.188,2.013611,0.000000
11952,7,0.091652,0.454541,24,10,711.292,1.882889,0.000000
12000,0,0.025153,0.825736,2,0,1000.000,2.244367,0.000000
12000,1,0.020196,0.837749,3,0,1000.000,1.912129,0.000000
12000,2,0.025746,0.760563,2,0,1000.000,2.371597,0.000000
12000,3,0.106585,0.684291,20,0,1000.000,2.268723,0.000000
12000,4,0.353803,0.674779,45,3,957.867,2.112871,0.000000
12000,5,0.186991,0.646305,23,1,967.696,2.365461,0.000000
12000,6,0.189874,0.587770,38,11,830.289,1.978233,0.000000
12000,7,0.091652,0.318865,18,11,614.556,1.834128,0.000000
12048,0,0.028869,0.581100,2,0,1000.000,2.804718,0.000000
12048,1,0.106626,0.297403,2,0,1000.000,3.043740,0.000000
12048,2,0.033644,0.877139,1,0,1000.000,0.151907,0.000000
12048,3,0.033464,0.730218,13,2,925.692,1.952314,0.000000
12048,4,0.057790,0.775837,43,1,982.186,2.324537,0.000000
12048,5,0.441755,0.736020,25,0,1000.000,2.165988,0.000000
12048,6,0.180079,0.523236,21,6,849.905,2.143251,0.000000
12048,7,0.117772,0.378683,17,8,717.059,2.107848,0.000000
12096,0,0.028869,0.677062,3,0,1000.000,2.333452,0.000000
12096,1,0.106626,0.772694,12,1,952.167,2.086368,0.000000
12096,2,0.033644,0.479882,3,0,1000.000,2.746457,0.000000
12096,3,0.033464,0.672163,5,0,1000.000,2.150892,0.000000
12096,4,0.057790,0.761205,4,0,1000.000,2.519855,0.000000
12096,5,0.441755,0.703016,62,0,1000.000,2.311116,0.000000
12096,6,0.180079,0.541447,28,10,737.036,1.990765,0.000000
12096,7,0.117772,0.459450,30,14,742.800,2.016863,0.000000
12144,0,0.028869,0.000000,0,0,0.000,0.000000,0.000000
12144,1,0.106626,0.734936,12,0,1000.000,2.084509,0.000000
12144,2,0.033644,0.612119,2,0,1000.000,2.376112,0.000000
12144,3,0.033464,0.594065,4,0,1000.000,2.612224,0.000000
12144,4,0.057790,0.834507,3,0,1000.000,1.732053,0.000000
12144,5,0.441755,0.713381,45,0,1000.000,2.353176,0.000000
12144,6,0.180079,0.552063,23,6,825.087,2.032333,0.000000
12144,7,0.117772,0.163284,15,12,488.933,1.678276,0.000000
12192,0,0.028869,0.717079,10,0,1000.000,2.408796,0.000000
12192,1,0.106626,0.702122,11,0,1000.000,2.274740,0.000000
12192,2,0.033644,0.583935,4,0,1000.000,2.658606,0.000000
12192,3,0.033464,0.611071,4,1,849.000,2.191632,0.000000
12192,4,0.057790,0.749279,8,0,1000.000,1.958642,0.000000
12192,5,0.441755,0.737992,47,2,978.553,2.333591,0.000000
12192,6,0.180079,0.624227,21,7,831.286,1.875744,0.000000
12192,7,0.117772,0.522695,21,7,778.381,2.011206,0.000000
12240,0,0.028869,0.853611,2,0,1000.000,1.089227,0.000000
12240,1,0.106626,0.704143,17,0,1000.000,2.402942,0.000000
12240,2,0.033644,0.609466,4,0,1000.000,2.709965,0.000000
12240,3,0.033464,0.775575,8,2,860.750,1.404782,0.000000
12240,4,0.057790,0.543826,9,0,1000.000,2.786667,0.000000
12240,5,0.441755,0.715912,71,2,974.662,2.291647,0.000000
12240,6,0.180079,0.648388,48,10,862.042,2.075353,0.000000
12240,7,0.117772,0.399776,27,14,652.333,1.802521,0.000000
12288,0,0.028869,0.832522,4,0,1000.000,2.181257,0.000000
12288,1,0.106626,0.764897,15,0,1000.000,2.517103,0.000000
12288,2,0.033644,0.697252,8,0,1000.000,2.656754,0.000000
12288,3,0.033464,0.857026,3,1,876.333,1.563036,0.000000
12288,4,0.057790,0.762647,12,0,1000.000,2.259153,0.000000
12288,5,0.441755,0.724084,74,1,987.513,2.217370,0.000000
12288,6,0.180079,0.628515,35,8,860.800,2.004536,0.000000
12288,7,0.117772,0.455084,36,11,792.389,2.258394,0.000000
12336,0,0.028869,0.825616,5,0,1000.000,2.331815,0.000000
12336,1,0.106626,0.769237,21,0,1000.000,2.134439,0.000000
12336,2,0.033644,0.804985,2,0,1000.000,2.530209,0.000000
12336,3,0.033464,0.729693,8,0,1000.000,2.503887,0.000000
12336,4,0.057790,0.757187,13,0,1000.000,2.104819,0.000000
12336,5,0.441755,0.713407,110,5,976.836,2.307507,0.000000
12336,6,0.180079,0.630067,32,4,907.094,2.240978,0.000000
12336,7,0.117772,0.534089,31,11,850.871,2.110762,0.000000
12384,0,0.028869,0.693419,6,0,1000.000,2.637968,0.000000
12384,1,0.106626,0.738303,22,0,1000.000,2.305437,0.000000
12384,2,0.033644,0.757947,4,0,1000.000,2.328223,0.000000
12384,3,0.033464,0.706495,11,1,954.818,2.275060,0.000000
12384,4,0.057790,0.719396,11,0,1000.000,2.400386,0.000000
12384,5,0.441755,0.732975,98,4,976.755,2.348444,0.000000
12384,6,0.180079,0.618619,44,9,846.614,2.087260,0.000000
12384,7,0.117772,0.503534,38,14,829.421,2.081408,0.000000
12432,0,0.028869,0.795988,6,0,1000.000,2.485594,0.000000
12432,1,0.106626,0.815199,22,1,957.000,1.999231,0.000000
12432,2,0.033644,0.797902,5,0,1000.000,2.493005,0.000000
12432,3,0.033464,0.758127,7,1,920.857,2.004386,0.000000
12432,4,0.057790,0.658833,18,1,991.278,2.305428,0.000000
12432,5,0.441755,0.742816,88,4,974.057,2.223372,0.000000
12432,6,0.180079,0.765289,46,3,977.565,2.129580,0.000000
12432,7,0.117772,0.546477,31,8,819.742,2.152857,0.000000
12480,0,0.028869,0.000000,0,0,0.000,0.000000,0.000000
12480,1,0.106626,0.831119,25,0,1000.000,2.079699,0.000000
12480,2,0.033644,0.783957,8,0,1000.000,2.437747,0.000000
12480,3,0.033464,0.812233,7,1,949.286,1.984849,0.000000
12480,4,0.057790,0.684415,11,0,1000.000,2.364459,0.000000
12480,5,0.441755,0.776238,95,0,1000.000,2.304948,0.000000
12480,6,0.180079,0.707666,42,5,917.452,2.231478,0.000000
12480,7,0.117772,0.545435,22,6,760.591,2.113262,0.000000
12528,0,0.028869,0.732048,13,0,1000.000,2.077708,0.000000
12528,1,0.106626,0.698725,22,0,1000.000,2.319961,0.000000
12528,2,0.033644,0.786633,13,0,1000.000,2.371889,0.000000
12528,3,0.033464,0.852607,7,0,1000.000,2.330464,0.000000
12528,4,0.057790,0.745482,25,1,986.120,2.452953,0.000000
12528,5,0.441755,0.775327,126,1,992.611,2.319905,0.000000
12528,6,0.180079,0.683691,45,3,938.756,2.262441,0.000000
12528,7,0.117772,0.703922,32,3,911.938,2.144371,0.000000
12576,0,0.028869,0.734952,9,0,1000.000,2.477586,0.000000
12576,1,0.106626,0.713367,40,0,1000.000,2.452877,0.000000
12576,2,0.033644,0.751701,11,0,1000.000,2.408241,0.000000
12576,3,0.033464,0.825074,16,0,1000.000,2.155492,0.000000
12576,4,0.057790,0.770835,17,0,1000.000,2.488698,0.000000
12576,5,0.441755,0.719857,192,2,990.365,2.363101,0.000000
12576,6,0.180079,0.771791,63,1,984.714,2.251280,0.000000
12576,7,0.117772,0.609300,53,12,809.132,2.125115,0.000000
12624,0,0.028869,0.798268,4,0,1000.000,2.619076,0.000000
12624,1,0.106626,0.711148,21,0,1000.000,2.449109,0.000000
12624,2,0.033644,0.780989,9,0,1000.000,2.517648,0.000000
12624,3,0.033464,0.793458,10,0,1000.000,2.238081,0.000000
12624,4,0.057790,0.758148,13,1,976.077,1.792408,0.000000
12624,5,0.441755,0.773694,137,1,994.796,2.227996,0.000000
12624,6,0.180079,0.685374,53,5,917.811,2.283289,0.000000
12624,7,0.117772,0.518111,67,22,725.955,1.977400,0.000000
12672,0,0.028869,0.784544,9,0,1000.000,2.561321,0.000000
12672,1,0.106626,0.807850,25,1,992.960,1.953527,0.000000
12672,2,0.033644,0.783126,7,0,1000.000,2.186502,0.000000
12672,3,0.033464,0.667619,10,0,1000.000,2.612959,0.000000
12672,4,0.057790,0.756284,16,3,980.562,2.045883,0.000000
12672,5,0.441755,0.754395,106,3,986.726,2.335961,0.000000
12672,6,0.180079,0.677505,51,7,898.706,2.186573,0.000000
12672,7,0.117772,0.465791,36,15,689.583,2.053803,0.000000
12720,0,0.028869,0.775081,10,0,1000.000,2.388944,0.000000
12720,1,0.106626,0.801049,28,0,1000.000,2.187677,0.000000
12720,2,0.033644,0.773364,11,0,1000.000,2.312014,0.000000
12720,3,0.033464,0.777955,6,1,986.500,1.840978,0.000000
12720,4,0.057790,0.810357,8,0,1000.000,2.092946,0.000000
12720,5,0.441755,0.768371,80,1,988.400,2.341564,0.000000
12720,6,0.180079,0.710004,41,5,919.951,2.244811,0.000000
12720,7,0.117772,0.467723,40,18,688.875,1.926712,0.000000
12768,0,0.028869,0.764920,9,0,1000.000,2.315952,0.000000
12768,1,0.106626,0.718966,22,0,1000.000,2.407835,0.000000
12768,2,0.033644,0.860738,10,0,1000.000,2.338393,0.000000
12768,3,0.033464,0.785612,9,1,973.222,2.290318,0.000000
12768,4,0.057790,0.752068,11,1,925.909,1.817467,0.000000
12768,5,0.441755,0.786287,111,2,989.495,2.211820,0.000000
12768,6,0.180079,0.723688,47,7,916.340,2.356357,0.000000
12768,7,0.117772,0.535500,52,16,755.673,2.041582,0.000000
12816,0,0.028869,0.774047,5,0,1000.000,2.260224,0.000000
12816,1,0.106626,0.818151,12,0,1000.000,1.828166,0.000000
12816,2,0.033644,0.726136,12,0,1000.000,2.253611,0.000000
12816,3,0.033464,0.666846,6,0,1000.000,2.539704,0.000000
12816,4,0.057790,0.790147,12,0,1000.000,2.234885,0.000000
12816,5,0.441755,0.761338,104,8,937.471,2.209025,0.000000
12816,6,0.180079,0.722299,42,4,936.262,2.267359,0.000000
12816,7,0.117772,0.484526,41,18,692.219,1.850965,0.000000
12864,0,0.028869,0.789600,5,0,1000.000,2.221961,0.000000
12864,1,0.106626,0.837646,15,0,1000.000,2.098710,0.000000
12864,2,0.033644,0.736921,6,2,826.500,1.554209,0.000000
12864,3,0.033464,0.879624,3,0,1000.000,1.684949,0.000000
12864,4,0.057790,0.820215,10,1,963.100,2.075457,0.000000
12864,5,0.441755,0.775586,80,5,958.525,2.251357,0.000000
12864,6,0.180079,0.592450,53,18,771.528,1.999144,0.000000
12864,7,0.117772,0.500857,38,14,761.737,2.214962,0.000000
13008,0,0.028869,0.840512,10,0,1000.000,2.197020,0.000000
13008,1,0.106626,0.782285,46,1,982.413,2.403256,0.000000
13008,2,0.033644,0.814702,7,0,1000.000,2.211834,0.000000
13008,3,0.033464,0.817224,17,1,950.118,1.960346,0.000000
13008,4,0.057790,0.767615,22,0,1000.000,2.368714,0.000000
13008,5,0.441755,0.769436,198,11,963.096,2.203733,0.000000
13008,6,0.180079,0.608511,99,29,782.182,2.016560,0.000000
13008,7,0.117772,0.446917,95,47,697.305,2.160176,0.000000
13056,0,0.028869,0.512801,2,0,1000.000,2.857214,0.000000
13056,1,0.106626,0.710629,15,0,1000.000,2.514354,0.000000
13056,2,0.033644,0.859837,5,0,1000.000,1.862241,0.000000
13056,3,0.033464,0.691035,3,0,1000.000,3.084292,0.000000
13056,4,0.057790,0.623163,8,0,1000.000,2.750000,0.000000
13056,5,0.441755,0.783249,46,3,964.109,2.198508,0.000000
13056,6,0.180079,0.669495,32,6,920.000,2.401095,0.000000
13056,7,0.117772,0.610849,22,6,822.000,2.237715,0.000000
13104,0,0.028869,0.754574,6,0,1000.000,2.627243,0.000000
13104,1,0.106626,0.678771,15,1,936.200,2.440912,0.000000
13104,2,0.033644,0.605362,5,0,1000.000,2.094522,0.000000
13104,3,0.033464,0.814833,3,0,1000.000,2.105703,0.000000
13104,4,0.057790,0.794866,5,0,1000.000,2.691899,0.000000
13104,5,0.441755,0.752709,55,5,956.055,1.995592,0.000000
13104,6,0.180079,0.659595,33,7,875.151,2.024249,0.000000
13104,7,0.117772,0.400134,25,13,681.120,2.127319,0.000000
13152,0,0.028869,0.817546,4,0,1000.000,2.127488,0.000000
13152,1,0.106626,0.749395,11,0,1000.000,1.976184,0.000000
13152,2,0.033644,0.845327,2,0,1000.000,1.943256,0.000000
13152,3,0.033464,0.843713,2,0,1000.000,1.549832,0.000000
13152,4,0.057790,0.852776,2,0,1000.000,2.795352,0.000000
13152,5,0.441755,0.656922,36,7,876.611,2.111927,0.000000
13152,6,0.180079,0.525747,36,14,740.778,2.099807,0.000000
13152,7,0.117772,0.439536,24,12,693.583,1.947057,0.000000
13248,0,0.028869,0.755204,10,0,1000.000,2.213134,0.000000
13248,1,0.106626,0.737342,25,0,1000.000,2.123051,0.000000
13248,2,0.033644,0.746475,9,0,1000.000,2.194090,0.000000
13248,3,0.033464,0.693041,12,0,1000.000,2.368437,0.000000
13248,4,0.057790,0.762940,15,0,1000.000,2.200948,0.000000
13248,5,0.441755,0.754570,124,6,971.976,2.335340,0.000000
13248,6,0.180079,0.701332,52,7,919.250,2.190817,0.000000
13248,7,0.117772,0.525517,78,27,785.141,1.991247,0.000000
13296,0,0.028869,0.842033,9,0,1000.000,2.090156,0.000000
13296,1,0.106626,0.807575,21,0,1000.000,2.185779,0.000000
13296,2,0.033644,0.799024,7,0,1000.000,2.515673,0.000000
13296,3,0.033464,0.860171,6,0,1000.000,1.430930,0.000000
13296,4,0.057790,0.671365,7,0,1000.000,2.343276,0.000000
13296,5,0.441755,0.732443,92,3,984.304,2.441615,0.000000
13296,6,0.180079,0.682232,34,4,913.147,2.388690,0.000000
13296,7,0.117772,0.560758,22,8,765.955,1.872302,0.000000
13344,0,0.028869,0.773481,6,0,1000.000,2.488737,0.000000
13344,1,0.106626,0.682782,24,0,1000.000,2.133401,0.000000
13344,2,0.033644,0.833492,7,0,1000.000,2.027251,0.000000
13344,3,0.033464,0.856947,2,0,1000.000,1.535541,0.000000
13344,4,0.057790,0.727167,7,0,1000.000,2.433950,0.000000
13344,5,0.441755,0.755871,101,3,980.812,2.361676,0.000000
13344,6,0.180079,0.556678,47,7,869.915,2.258634,0.000000
13344,7,0.117772,0.486657,38,13,778.000,2.211602,0.000000
13392,0,0.028869,0.703543,4,0,1000.000,2.765272,0.000000
13392,1,0.106626,0.823427,14,0,1000.000,1.986420,0.000000
13392,2,0.033644,0.586238,5,0,1000.000,2.457487,0.000000
13392,3,0.033464,0.634182,7,0,1000.000,2.643188,0.000000
13392,4,0.057790,0.750457,8,0,1000.000,2.877083,0.000000
13392,5,0.441755,0.755856,100,4,980.030,2.298268,0.000000
13392,6,0.180079,0.674365,48,7,871.688,2.248940,0.000000
13392,7,0.117772,0.500344,37,13,736.027,1.960504,0.000000
13440,0,0.028869,0.669437,6,0,1000.000,2.460662,0.000000
13440,1,0.106626,0.803036,25,0,1000.000,2.120540,0.000000
13440,2,0.033644,0.708745,9,0,1000.000,2.699220,0.000000
13440,3,0.033464,0.805971,7,0,1000.000,2.686804,0.000000
13440,4,0.057790,0.856403,7,0,1000.000,2.115900,0.000000
13440,5,0.441755,0.755474,75,2,980.480,2.289997,0.000000
13440,6,0.180079,0.604357,50,10,835.980,2.269672,0.000000
13440,7,0.117772,0.468741,31,14,700.452,1.997811,0.000000
13488,0,0.028869,0.697694,7,0,1000.000,2.277462,0.000000
13488,1,0.106626,0.761095,24,0,1000.000,2.498936,0.000000
13488,2,0.033644,0.813545,2,0,1000.000,2.349672,0.000000
13488,3,0.033464,0.807870,4,2,809.000,1.341088,0.000000
13488,4,0.057790,0.796009,16,0,1000.000,2.280459,0.000000
13488,5,0.441755,0.749548,85,6,957.306,2.243006,0.000000
13488,6,0.180079,0.646677,52,8,894.231,2.242193,0.000000
13488,7,0.117772,0.512486,33,9,812.697,2.188937,0.000000
13536,0,0.028869,0.711761,8,0,1000.000,2.801041,0.000000
13536,1,0.106626,0.809822,26,1,996.462,2.097432,0.000000
13536,2,0.033644,0.805006,11,0,1000.000,2.517929,0.000000
13536,3,0.033464,0.809489,11,0,1000.000,2.244896,0.000000
13536,4,0.057790,0.696840,13,0,1000.000,2.332266,0.000000
13536,5,0.441755,0.742934,125,8,953.216,2.214938,0.000000
13536,6,0.180079,0.734151,66,4,956.364,2.307885,0.000000
13536,7,0.117772,0.523448,39,9,842.615,2.229205,0.000000
13584,0,0.028869,0.679654,14,0,1000.000,2.316980,0.000000
13584,1,0.106626,0.681097,38,0,1000.000,2.496679,0.000000
13584,2,0.033644,0.773546,19,0,1000.000,1.999448,0.000000
13584,3,0.033464,0.729954,9,0,1000.000,2.373651,0.000000
13584,4,0.057790,0.723771,27,0,1000.000,2.389113,0.000000
13584,5,0.441755,0.764708,150,4,977.000,2.131973,0.000000
13584,6,0.180079,0.720811,52,5,930.404,2.145486,0.000000
13584,7,0.117772,0.609700,57,11,840.404,2.262746,0.000000
13632,0,0.028869,0.846356,9,0,1000.000,2.441203,0.000000
13632,1,0.106626,0.757568,26,0,1000.000,2.391829,0.000000
13632,2,0.033644,0.789397,9,0,1000.000,2.484050,0.000000
13632,3,0.033464,0.703714,9,0,1000.000,2.146752,0.000000
13632,4,0.057790,0.770933,19,0,1000.000,2.294616,0.000000
13632,5,0.441755,0.744668,116,3,980.802,2.263354,0.000000
13632,6,0.180079,0.762943,51,3,948.588,2.166327,0.000000
13632,7,0.117772,0.661654,49,8,854.265,2.103810,0.000000
13680,0,0.028869,0.742730,10,0,1000.000,2.508605,0.000000
13680,1,0.106626,0.773513,19,0,1000.000,2.257405,0.000000
13680,2,0.033644,0.762745,8,0,1000.000,2.475486,0.000000
13680,3,0.033464,0.796585,9,0,1000.000,2.339283,0.000000
13680,4,0.057790,0.782136,10,1,933.800,2.037126,0.000000
13680,5,0.441755,0.736667,109,6,958.624,2.203472,0.000000
13680,6,0.180079,0.684270,47,5,918.681,2.313961,0.000000
13680,7,0.117772,0.531800,35,10,811.000,2.051414,0.000000
13728,0,0.028869,0.752992,7,0,1000.000,2.821178,0.000000
13728,1,0.106626,0.715804,29,1,972.379,2.536521,0.000000
13728,2,0.033644,0.758123,6,0,1000.000,2.803061,0.000000
13728,3,0.033464,0.705887,11,0,1000.000,2.747512,0.000000
13728,4,0.057790,0.689301,13,1,977.154,2.176896,0.000000
13728,5,0.441755,0.756356,84,2,982.381,2.350551,0.000000
13728,6,0.180079,0.746009,43,3,982.279,2.374962,0.000000
13728,7,0.117772,0.553836,28,8,791.286,1.977786,0.000000
13776,0,0.028869,0.836100,6,0,1000.000,2.014417,0.000000
13776,1,0.106626,0.718417,22,0,1000.000,2.602537,0.000000
13776,2,0.033644,0.732910,10,0,1000.000,2.294100,0.000000
13776,3,0.033464,0.720041,8,1,886.875,1.935736,0.000000
13776,4,0.057790,0.800117,19,0,1000.000,2.406011,0.000000
13776,5,0.441755,0.746591,103,2,998.107,2.475457,0.000000
13776,6,0.180079,0.659812,44,6,922.705,2.224708,0.000000
13776,7,0.117772,0.605677,33,6,851.545,2.297161,0.000000
13824,0,0.028869,0.577956,2,0,1000.000,2.863090,0.000000
13824,1,0.106626,0.672090,22,0,1000.000,2.554239,0.000000
13824,2,0.033644,0.790004,6,0,1000.000,2.453225,0.000000
13824,3,0.033464,0.765460,7,1,888.429,2.387468,0.000000
13824,4,0.057790,0.757855,8,1,919.875,1.732889,0.000000
13824,5,0.441755,0.776186,101,6,955.317,2.186197,0.000000
13824,6,0.180079,0.688968,44,8,895.318,2.001085,0.000000
13824,7,0.117772,0.603330,26,6,806.962,1.881944,0.000000
13872,0,0.028869,0.845197,3,0,1000.000,1.994147,0.000000
13872,1,0.106626,0.741826,18,0,1000.000,2.302120,0.000000
13872,2,0.033644,0.745495,8,0,1000.000,1.695634,0.000000
13872,3,0.033464,0.729129,12,1,928.667,2.193515,0.000000
13872,4,0.057790,0.760247,8,0,1000.000,2.422158,0.000000
13872,5,0.441755,0.748812,90,2,980.611,2.195174,0.000000
13872,6,0.180079,0.680569,37,7,890.487,1.953808,0.000000
13872,7,0.117772,0.564804,25,6,804.600,2.104365,0.000000
13920,0,0.028869,0.798673,5,0,1000.000,1.957370,0.000000
13920,1,0.106626,0.760254,20,0,1000.000,2.156201,0.000000
13920,2,0.033644,0.814735,6,0,1000.000,2.579451,0.000000
13920,3,0.033464,0.788568,7,0,1000.000,2.580680,0.000000
13920,4,0.057790,0.784626,6,0,1000.000,2.400476,0.000000
13920,5,0.441755,0.767382,88,5,960.125,2.103243,0.000000
13920,6,0.180079,0.639042,33,6,857.212,2.308582,0.000000
13920,7,0.117772,0.573659,23,5,809.783,2.237157,0.000000
13968,0,0.028869,0.868785,4,0,1000.000,1.770960,0.000000
13968,1,0.106626,0.757567,16,1,981.875,1.993127,0.000000
13968,2,0.033644,0.843129,8,1,935.125,1.508834,0.000000
13968,3,0.033464,0.720948,8,0,1000.000,2.380373,0.000000
13968,4,0.057790,0.821085,7,0,1000.000,2.167861,0.000000
13968,5,0.441755,0.734236,84,6,948.131,2.305939,0.000000
13968,6,0.180079,0.704941,21,3,909.857,2.066930,0.000000
13968,7,0.117772,0.382356,23,11,636.043,2.060715,0.000000
14016,0,0.028869,0.760664,1,0,1000.000,2.736851,0.000000
14016,1,0.106626,0.791861,18,0,1000.000,2.434552,0.000000
14016,2,0.033644,0.560183,6,0,1000.000,3.030623,0.000000
14016,3,0.033464,0.800086,7,0,1000.000,2.496364,0.000000
14016,4,0.057790,0.829683,6,0,1000.000,2.332036,0.000000
14016,5,0.441755,0.746346,61,5,969.361,2.228571,0.000000
14016,6,0.180079,0.679543,20,3,925.350,2.273637,0.000000
14016,7,0.117772,0.488513,15,7,727.533,2.042062,0.000000
14064,0,0.028869,0.809384,3,0,1000.000,2.112628,0.000000
14064,1,0.106626,0.832522,8,0,1000.000,2.137093,0.000000
14064,2,0.033644,0.847899,2,0,1000.000,2.427592,0.000000
14064,3,0.033464,0.788863,4,0,1000.000,2.839560,0.000000
14064,4,0.057790,0.702668,9,0,1000.000,2.004646,0.000000
14064,5,0.441755,0.749042,54,1,995.000,2.498743,0.000000
14064,6,0.180079,0.674071,31,7,818.129,1.827034,0.000000
14064,7,0.117772,0.521864,28,10,798.179,2.324885,0.000000
14112,0,0.028869,0.814195,2,0,1000.000,2.718824,0.000000
14112,1,0.106626,0.756516,16,0,1000.000,2.282193,0.000000
14112,2,0.033644,0.596278,8,0,1000.000,2.413262,0.000000
14112,3,0.033464,0.660511,3,0,1000.000,2.914113,0.000000
14112,4,0.057790,0.754648,4,0,1000.000,2.963653,0.000000
14112,5,0.441755,0.761600,58,1,990.155,2.474610,0.000000
14112,6,0.180079,0.696277,27,4,886.815,2.137390,0.000000
14112,7,0.117772,0.666987,19,4,887.053,1.911939,0.000000
14208,0,0.028869,0.721125,9,0,1000.000,2.729638,0.000000
14208,1,0.106626,0.767757,26,0,1000.000,2.386074,0.000000
14208,2,0.033644,0.819888,7,0,1000.000,2.439876,0.000000
14208,3,0.033464,0.729429,7,0,1000.000,2.849131,0.000000
14208,4,0.057790,0.727812,18,0,1000.000,2.593749,0.000000
14208,5,0.441755,0.761799,110,7,959.200,2.083516,0.000000
14208,6,0.180079,0.695367,60,10,891.183,1.983632,0.000000
14208,7,0.117772,0.497246,45,18,725.578,1.998347,0.000000
14256,0,0.028869,0.746970,5,0,1000.000,2.722152,0.000000
14256,1,0.106626,0.793473,18,0,1000.000,2.487752,0.000000
14256,2,0.033644,0.735453,3,0,1000.000,2.132501,0.000000
14256,3,0.033464,0.710867,6,0,1000.000,2.413503,0.000000
14256,4,0.057790,0.672836,7,0,1000.000,2.545584,0.000000
14256,5,0.441755,0.753503,74,2,982.257,2.296222,0.000000
14256,6,0.180079,0.736103,37,3,930.676,2.291803,0.000000
14256,7,0.117772,0.528482,24,10,729.792,2.103711,0.000000
14304,0,0.028869,0.828206,5,0,1000.000,2.748807,0.000000
14304,1,0.106626,0.811795,20,0,1000.000,2.227331,0.000000
14304,2,0.033644,0.822432,6,0,1000.000,2.368137,0.000000
14304,3,0.033464,0.777417,12,1,958.750,2.498024,0.000000
14304,4,0.057790,0.763649,9,0,1000.000,2.552752,0.000000
14304,5,0.441755,0.754445,71,2,984.789,2.481673,0.000000
14304,6,0.180079,0.701259,35,7,850.400,2.072058,0.000000
14304,7,0.117772,0.507069,42,17,731.738,2.046173,0.000000
14352,0,0.028869,0.841654,8,0,1000.000,1.859964,0.000000
14352,1,0.106626,0.785793,26,0,1000.000,2.124649,0.000000
14352,2,0.033644,0.849375,11,0,1000.000,1.701289,0.000000
14352,3,0.033464,0.761731,5,0,1000.000,1.887538,0.000000
14352,4,0.057790,0.754148,15,0,1000.000,2.379803,0.000000
14352,5,0.441755,0.765321,92,5,970.772,2.283648,0.000000
14352,6,0.180079,0.724360,45,4,919.422,2.004967,0.000000
14352,7,0.117772,0.696840,30,5,885.767,2.108961,0.000000
14400,0,0.028869,0.707608,4,0,1000.000,2.271569,0.000000
14400,1,0.106626,0.775298,16,0,1000.000,2.422065,0.000000
14400,2,0.033644,0.779906,7,0,1000.000,2.309198,0.000000
14400,3,0.033464,0.752314,11,0,1000.000,2.586506,0.000000
14400,4,0.057790,0.762929,7,0,1000.000,2.881247,0.000000
14400,5,0.441755,0.766867,94,2,986.021,2.411562,0.000000
14400,6,0.180079,0.658643,44,7,867.773,2.017649,0.000000
14400,7,0.117772,0.553233,37,10,771.162,2.219290,0.000000
14448,0,0.079217,0.804252,5,0,1000.000,2.540877,0.000000
14448,1,0.072181,0.741487,29,0,1000.000,2.281582,0.000000
14448,2,0.068509,0.848843,7,0,1000.000,1.870353,0.000000
14448,3,0.086155,0.701619,4,0,1000.000,2.783977,0.000000
14448,4,0.084338,0.753230,15,0,1000.000,2.540274,0.000000
14448,5,0.179626,0.761945,91,2,986.659,2.340092,0.000000
14448,6,0.269854,0.660359,37,6,851.351,2.221422,0.000000
14448,7,0.160120,0.539558,39,14,752.820,1.804309,0.000000
14496,0,0.079217,0.793209,20,0,1000.000,2.196223,0.000000
14496,1,0.072181,0.842145,10,0,1000.000,2.051094,0.000000
14496,2,0.068509,0.774440,11,0,1000.000,2.303079,0.000000
14496,3,0.086155,0.618579,21,0,1000.000,2.529428,0.000000
14496,4,0.084338,0.718112,12,0,1000.000,2.403625,0.000000
14496,5,0.179626,0.723851,41,3,934.268,2.409469,0.000000
14496,6,0.269854,0.706245,64,4,942.125,2.262406,0.000000
14496,7,0.160120,0.564416,38,12,724.526,1.763953,0.000000
14544,0,0.079217,0.734094,24,0,1000.000,2.791386,0.000000
14544,1,0.072181,0.763895,23,0,1000.000,2.499884,0.000000
14544,2,0.068509,0.779676,27,0,1000.000,2.309165,0.000000
14544,3,0.086155,0.791925,26,0,1000.000,2.231035,0.000000
14544,4,0.084338,0.750863,25,0,1000.000,2.638735,0.000000
14544,5,0.179626,0.796516,48,0,1000.000,2.469338,0.000000
14544,6,0.269854,0.724265,86,4,960.477,2.409120,0.000000
14544,7,0.160120,0.604626,76,22,766.118,1.920037,0.000000
14592,0,0.079217,0.802720,25,0,1000.000,2.011296,0.000000
14592,1,0.072181,0.786228,21,0,1000.000,2.198996,0.000000
14592,2,0.068509,0.804979,20,0,1000.000,2.376184,0.000000
14592,3,0.086155,0.776881,23,0,1000.000,2.661545,0.000000
14592,4,0.084338,0.820791,25,0,1000.000,2.363455,0.000000
14592,5,0.179626,0.713794,54,1,982.296,2.573211,0.000000
14592,6,0.269854,0.714286,107,9,920.523,2.320207,0.000000
14592,7,0.160120,0.627991,83,20,779.590,1.936609,0.000000
14640,0,0.079217,0.760600,14,0,1000.000,2.527238,0.000000
14640,1,0.072181,0.700226,17,0,1000.000,2.706593,0.000000
14640,2,0.068509,0.718542,13,0,1000.000,2.506863,0.000000
14640,3,0.086155,0.781054,29,0,1000.000,2.446945,0.000000
14640,4,0.084338,0.676705,22,1,956.636,2.607025,0.000000
14640,5,0.179626,0.767787,55,2,965.873,2.328372,0.000000
14640,6,0.269854,0.655649,88,13,864.841,2.230830,0.000000
14640,7,0.160120,0.605999,58,15,762.414,1.884988,0.000000
14688,0,0.079217,0.787183,16,0,1000.000,2.299053,0.000000
14688,1,0.072181,0.776549,16,0,1000.000,2.684031,0.000000
14688,2,0.068509,0.792894,16,0,1000.000,2.341774,0.000000
14688,3,0.086155,0.700738,10,0,1000.000,2.478725,0.000000
14688,4,0.084338,0.769572,14,0,1000.000,2.562006,0.000000
14688,5,0.179626,0.786820,45,1,991.289,2.261732,0.000000
14688,6,0.269854,0.690613,76,11,865.158,2.023204,0.000000
14688,7,0.160120,0.529978,60,21,672.150,1.931396,0.000000
14736,0,0.079217,0.786164,17,0,1000.000,2.216591,0.000000
14736,1,0.072181,0.822099,13,0,1000.000,1.876479,0.000000
14736,2,0.068509,0.760851,13,0,1000.000,2.483493,0.000000
14736,3,0.086155,0.774514,16,1,958.875,2.306325,0.000000
14736,4,0.084338,0.816430,17,1,962.647,2.101619,0.000000
14736,5,0.179626,0.733584,34,1,984.618,2.359387,0.000000
14736,6,0.269854,0.660084,77,12,875.182,2.138805,0.000000
14736,7,0.160120,0.515302,35,12,715.857,1.774927,0.000000
14784,0,0.079217,0.778102,20,0,1000.000,2.471796,0.000000
14784,1,0.072181,0.723491,11,0,1000.000,2.437716,0.000000
14784,2,0.068509,0.786179,25,0,1000.000,2.586951,0.000000
14784,3,0.086155,0.824037,16,0,1000.000,2.137273,0.000000
14784,4,0.084338,0.769955,18,0,1000.000,2.470579,0.000000
14784,5,0.179626,0.747170,34,2,984.529,2.403469,0.000000
14784,6,0.269854,0.691641,73,8,907.973,2.255663,0.000000
14784,7,0.160120,0.459868,64,26,653.484,1.916016,0.000000
14832,0,0.079217,0.810432,16,0,1000.000,2.015241,0.000000
14832,1,0.072181,0.804226,11,0,1000.000,2.368934,0.000000
14832,2,0.068509,0.750503,18,1,960.722,2.363851,0.000000
14832,3,0.086155,0.766423,21,0,1000.000,2.776549,0.000000
14832,4,0.084338,0.729775,17,3,849.353,1.890546,0.000000
14832,5,0.179626,0.777175,40,1,986.250,2.356910,0.000000
14832,6,0.269854,0.649751,60,8,880.117,2.083197,0.000000
14832,7,0.160120,0.533876,47,16,692.383,1.893765,0.000000
14880,0,0.079217,0.762457,14,0,1000.000,2.165817,0.000000
14880,1,0.072181,0.763448,12,0,1000.000,2.399404,0.000000
14880,2,0.068509,0.651135,13,0,1000.000,2.823001,0.000000
14880,3,0.086155,0.782659,14,0,1000.000,2.327373,0.000000
14880,4,0.084338,0.687870,16,0,1000.000,2.746263,0.000000
14880,5,0.179626,0.774067,30,1,999.767,2.385265,0.000000
14880,6,0.269854,0.668108,62,10,863.032,2.136660,0.000000
14880,7,0.160120,0.515382,42,14,714.762,1.890050,0.000000
14928,0,0.079217,0.865438,10,0,1000.000,1.506000,0.000000
14928,1,0.072181,0.770560,15,0,1000.000,2.028881,0.000000
14928,2,0.068509,0.785720,10,0,1000.000,2.498337,0.000000
14928,3,0.086155,0.764622,16,0,1000.000,2.266607,0.000000
14928,4,0.084338,0.712239,11,0,1000.000,2.508629,0.000000
14928,5,0.179626,0.781593,41,3,956.634,2.004494,0.000000
14928,6,0.269854,0.652605,60,12,835.550,2.081567,0.000000
14928,7,0.160120,0.432538,37,18,586.108,1.605674,0.000000
14976,0,0.079217,0.784814,16,0,1000.000,2.189595,0.000000
14976,1,0.072181,0.787310,17,0,1000.000,2.463348,0.000000
14976,2,0.068509,0.747352,6,0,1000.000,2.847250,0.000000
14976,3,0.086155,0.820663,9,0,1000.000,2.206375,0.000000
14976,4,0.084338,0.825452,17,1,983.529,2.318843,0.000000
14976,5,0.179626,0.818527,26,2,985.154,2.025921,0.000000
14976,6,0.269854,0.627952,61,11,843.328,2.197435,0.000000
14976,7,0.160120,0.412541,38,18,586.211,1.669025,0.000000
15024,0,0.079217,0.776999,7,0,1000.000,2.289661,0.000000
15024,1,0.072181,0.780021,11,0,1000.000,1.989787,0.000000
15024,2,0.068509,0.829048,5,0,1000.000,1.978922,0.000000
15024,3,0.086155,0.703713,9,0,1000.000,2.601230,0.000000
15024,4,0.084338,0.766680,14,0,1000.000,2.447413,0.000000
15024,5,0.179626,0.729791,19,1,950.474,2.354551,0.000000
15024,6,0.269854,0.651751,45,11,820.978,1.954949,0.000000
15024,7,0.160120,0.306723,53,34,433.358,1.467833,0.000000
15072,0,0.079217,0.821213,9,0,1000.000,2.139907,0.000000
15072,1,0.072181,0.748118,12,0,1000.000,2.249007,0.000000
15072,2,0.068509,0.777157,7,0,1000.000,2.643845,0.000000
15072,3,0.086155,0.784002,8,0,1000.000,2.409173,0.000000
15072,4,0.084338,0.802833,15,1,985.533,1.909987,0.000000
15072,5,0.179626,0.780507,22,1,993.273,2.345894,0.000000
15072,6,0.269854,0.714425,49,7,887.776,2.073833,0.000000
15072,7,0.160120,0.475385,49,21,676.673,1.816515,0.000000
15120,0,0.079217,0.790953,9,0,1000.000,2.295439,0.000000
15120,1,0.072181,0.796657,9,0,1000.000,2.343620,0.000000
15120,2,0.068509,0.816310,13,0,1000.000,2.147595,0.000000
15120,3,0.086155,0.871835,8,0,1000.000,1.966918,0.000000
15120,4,0.084338,0.792873,8,0,1000.000,2.519531,0.000000
15120,5,0.179626,0.756298,29,2,933.276,1.951036,0.000000
15120,6,0.269854,0.626519,30,6,837.767,2.258292,0.000000
15120,7,0.160120,0.432387,34,15,623.912,2.008467,0.000000
15168,0,0.079217,0.736322,7,0,1000.000,2.401651,0.000000
15168,1,0.072181,0.766873,9,0,1000.000,2.506475,0.000000
15168,2,0.068509,0.703402,8,0,1000.000,2.749179,0.000000
15168,3,0.086155,0.795674,11,0,1000.000,2.457127,0.000000
15168,4,0.084338,0.830957,14,0,1000.000,2.689755,0.000000
15168,5,0.179626,0.771485,21,0,1000.000,2.592307,0.000000
15168,6,0.269854,0.680752,44,10,836.409,1.887492,0.000000
15168,7,0.160120,0.395960,35,19,581.457,1.496030,0.000000
15216,0,0.079217,0.731061,10,0,1000.000,2.840223,0.000000
15216,1,0.072181,0.716165,8,1,926.750,2.292231,0.000000
15216,2,0.068509,0.756822,7,0,1000.000,2.507999,0.000000
15216,3,0.086155,0.747320,13,0,1000.000,2.527560,0.000000
15216,4,0.084338,0.846640,7,0,1000.000,2.382631,0.000000
15216,5,0.179626,0.776049,33,5,939.727,2.139433,0.000000
15216,6,0.269854,0.678047,50,8,863.460,2.025583,0.000000
15216,7,0.160120,0.563911,52,18,721.058,1.818153,0.000000
15264,0,0.079217,0.809202,14,0,1000.000,2.299145,0.000000
15264,1,0.072181,0.796694,10,0,1000.000,2.492501,0.000000
15264,2,0.068509,0.763973,11,0,1000.000,2.661812,0.000000
15264,3,0.086155,0.800875,11,0,1000.000,2.299335,0.000000
15264,4,0.084338,0.765804,12,0,1000.000,2.659822,0.000000
15264,5,0.179626,0.718236,30,4,902.400,1.977527,0.000000
15264,6,0.269854,0.667121,63,13,826.159,2.081941,0.000000
15264,7,0.160120,0.428626,50,25,578.340,1.696588,0.000000
15312,0,0.079217,0.775554,11,0,1000.000,1.896474,0.000000
15312,1,0.072181,0.792760,13,0,1000.000,2.568984,0.000000
15312,2,0.068509,0.747116,15,0,1000.000,2.515794,0.000000
15312,3,0.086155,0.803691,22,0,1000.000,2.345196,0.000000
15312,4,0.084338,0.827697,19,0,1000.000,1.937087,0.000000
15312,5,0.179626,0.752700,37,2,972.405,2.343813,0.000000
15312,6,0.269854,0.604332,60,14,794.017,2.213959,0.000000
15312,7,0.160120,0.548841,48,17,718.917,1.962206,0.000000
15360,0,0.079217,0.797945,13,0,1000.000,2.357288,0.000000
15360,1,0.072181,0.846437,11,0,1000.000,1.733848,0.000000
15360,2,0.068509,0.842191,12,0,1000.000,2.122866,0.000000
15360,3,0.086155,0.725060,15,0,1000.000,2.064969,0.000000
15360,4,0.084338,0.783111,21,1,962.857,2.289729,0.000000
15360,5,0.179626,0.754734,40,5,933.075,2.295453,0.000000
15360,6,0.269854,0.647489,76,14,848.671,2.230743,0.000000
15360,7,0.160120,0.488129,44,17,660.705,1.820512,0.000000
15408,0,0.079217,0.757278,13,0,1000.000,2.589605,0.000000
15408,1,0.072181,0.762744,16,0,1000.000,2.500341,0.000000
15408,2,0.068509,0.718461,20,0,1000.000,2.546635,0.000000
15408,3,0.086155,0.849733,17,0,1000.000,2.157249,0.000000
15408,4,0.084338,0.779174,21,0,1000.000,2.313585,0.000000
15408,5,0.179626,0.768359,34,0,1000.000,2.407759,0.000000
15408,6,0.269854,0.686225,67,9,890.985,2.511357,0.000000
15408,7,0.160120,0.535388,45,18,694.778,1.962326,0.000000
15456,0,0.079217,0.793992,14,0,1000.000,2.097391,0.000000
15456,1,0.072181,0.742819,15,0,1000.000,2.464885,0.000000
15456,2,0.068509,0.785726,14,0,1000.000,2.556942,0.000000
15456,3,0.086155,0.831220,23,0,1000.000,2.152532,0.000000
15456,4,0.084338,0.800792,18,0,1000.000,2.271576,0.000000
15456,5,0.179626,0.808021,40,2,976.600,2.212496,0.000000
15456,6,0.269854,0.690279,70,12,849.829,2.144195,0.000000
15456,7,0.160120,0.426502,50,24,569.220,1.628608,0.000000
15504,0,0.079217,0.799913,20,0,1000.000,2.184001,0.000000
15504,1,0.072181,0.807399,19,0,1000.000,2.199497,0.000000
15504,2,0.068509,0.788826,14,0,1000.000,1.912505,0.000000
15504,3,0.086155,0.774911,15,0,1000.000,2.404312,0.000000
15504,4,0.084338,0.811746,18,2,984.000,1.834099,0.000000
15504,5,0.179626,0.725180,33,2,957.788,2.306866,0.000000
15504,6,0.269854,0.626603,63,17,784.476,1.655113,0.000000
15504,7,0.160120,0.473639,46,17,657.239,1.785693,0.000000
15552,0,0.079217,0.804185,25,0,1000.000,1.972167,0.000000
15552,1,0.072181,0.752553,26,0,1000.000,2.359152,0.000000
15552,2,0.068509,0.777568,21,0,1000.000,1.997903,0.000000
15552,3,0.086155,0.743837,26,1,969.000,2.204354,0.000000
15552,4,0.084338,0.784357,30,1,983.267,2.049150,0.000000
15552,5,0.179626,0.773246,64,1,997.422,2.106647,0.000000
15552,6,0.269854,0.735896,78,8,926.077,2.003025,0.000000
15552,7,0.160120,0.565524,74,22,760.973,2.026437,0.000000
15600,0,0.079217,0.826026,33,0,1000.000,1.790468,0.000000
15600,1,0.072181,0.748302,26,0,1000.000,2.260231,0.000000
15600,2,0.068509,0.766461,25,0,1000.000,2.232628,0.000000
15600,3,0.086155,0.749715,20,0,1000.000,2.205120,0.000000
15600,4,0.084338,0.772565,21,0,1000.000,2.302865,0.000000
15600,5,0.179626,0.779055,57,2,969.421,1.742491,0.000000
15600,6,0.269854,0.681009,99,13,875.879,2.086927,0.000000
15600,7,0.160120,0.486318,72,26,681.764,1.810069,0.000000
15648,0,0.079217,0.772729,19,0,1000.000,2.340406,0.000000
15648,1,0.072181,0.774605,30,0,1000.000,2.388143,0.000000
15648,2,0.068509,0.771207,18,0,1000.000,2.577593,0.000000
15648,3,0.086155,0.744820,24,0,1000.000,2.369310,0.000000
15648,4,0.084338,0.793588,19,2,929.789,1.281711,0.000000
15648,5,0.179626,0.784849,45,2,972.044,2.108104,0.000000
15648,6,0.269854,0.640701,73,15,836.658,1.892646,0.000000
15648,7,0.160120,0.526523,61,23,659.656,1.585919,0.000000
15696,0,0.079217,0.787460,20,0,1000.000,2.109452,0.000000
15696,1,0.072181,0.763224,13,0,1000.000,2.149476,0.000000
15696,2,0.068509,0.754741,19,0,1000.000,2.283517,0.000000
15696,3,0.086155,0.738833,18,0,1000.000,2.289952,0.000000
15696,4,0.084338,0.776391,22,0,1000.000,2.122749,0.000000
15696,5,0.179626,0.729284,40,4,925.825,2.433976,0.000000
15696,6,0.269854,0.667883,65,12,871.108,2.089903,0.000000
15696,7,0.160120,0.481859,50,22,667.320,1.779663,0.000000
15744,0,0.079217,0.825996,18,0,1000.000,2.051248,0.000000
15744,1,0.072181,0.769427,8,0,1000.000,2.354311,0.000000
15744,2,0.068509,0.759865,10,0,1000.000,2.593249,0.000000
15744,3,0.086155,0.720013,18,0,1000.000,2.175831,0.000000
15744,4,0.084338,0.760760,17,0,1000.000,2.711745,0.000000
15744,5,0.179626,0.796824,30,1,968.033,1.903965,0.000000
15744,6,0.269854,0.654561,86,17,833.953,1.928137,0.000000
15744,7,0.160120,0.562610,48,16,705.875,1.651954,0.000000
15792,0,0.079217,0.776672,21,1,985.667,2.190722,0.000000
15792,1,0.072181,0.717278,15,0,1000.000,2.381836,0.000000
15792,2,0.068509,0.745056,14,0,1000.000,2.183436,0.000000
15792,3,0.086155,0.790225,15,0,1000.000,2.468739,0.000000
15792,4,0.084338,0.764629,13,0,1000.000,2.407407,0.000000
15792,5,0.179626,0.794423,33,2,969.091,2.033550,0.000000
15792,6,0.269854,0.657352,87,11,896.977,2.154659,0.000000
15792,7,0.160120,0.493571,57,22,657.982,1.728484,0.000000
15840,0,0.079217,0.790894,10,0,1000.000,1.777247,0.000000
15840,1,0.072181,0.842331,17,0,1000.000,1.875375,0.000000
15840,2,0.068509,0.813311,13,0,1000.000,2.240211,0.000000
15840,3,0.086155,0.750564,17,0,1000.000,2.378081,0.000000
15840,4,0.084338,0.759212,19,0,1000.000,2.310771,0.000000
15840,5,0.179626,0.769688,30,0,1000.000,2.272455,0.000000
15840,6,0.269854,0.693550,66,10,879.227,2.086023,0.000000
15840,7,0.160120,0.550927,54,14,770.241,2.063792,0.000000
15888,0,0.079217,0.745731,4,0,1000.000,2.546371,0.000000
15888,1,0.072181,0.753986,13,0,1000.000,2.603194,0.000000
15888,2,0.068509,0.840246,7,0,1000.000,2.222319,0.000000
15888,3,0.086155,0.811888,19,0,1000.000,2.161146,0.000000
15888,4,0.084338,0.817580,20,1,993.900,1.881695,0.000000
15888,5,0.179626,0.793248,29,0,1000.000,2.287181,0.000000
15888,6,0.269854,0.674892,68,12,841.662,1.901597,0.000000
15888,7,0.160120,0.463400,37,17,613.405,1.578526,0.000000
15936,0,0.079217,0.847627,13,1,987.769,1.770911,0.000000
15936,1,0.072181,0.807964,9,0,1000.000,2.358916,0.000000
15936,2,0.068509,0.806998,10,0,1000.000,2.155835,0.000000
15936,3,0.086155,0.836006,16,0,1000.000,2.170340,0.000000
15936,4,0.084338,0.850889,15,0,1000.000,2.113622,0.000000
15936,5,0.179626,0.770797,33,2,944.818,2.169306,0.000000
15936,6,0.269854,0.701755,46,5,903.000,2.252924,0.000000
15936,7,0.160120,0.532351,35,11,697.114,1.695410,0.000000
15984,0,0.079217,0.722925,9,0,1000.000,2.441455,0.000000
15984,1,0.072181,0.874592,6,0,1000.000,1.340520,0.000000
15984,2,0.068509,0.846952,14,0,1000.000,2.188217,0.000000
15984,3,0.086155,0.737964,14,0,1000.000,2.385535,0.000000
15984,4,0.084338,0.732645,11,0,1000.000,2.315628,0.000000
15984,5,0.179626,0.743879,28,1,966.393,2.329952,0.000000
15984,6,0.269854,0.719102,46,3,938.870,2.229446,0.000000
15984,7,0.160120,0.564220,37,10,741.324,1.801228,0.000000
16032,0,0.079217,0.787213,10,1,908.300,1.935806,0.000000
16032,1,0.072181,0.860978,9,0,1000.000,1.649333,0.000000
16032,2,0.068509,0.788027,10,0,1000.000,2.210810,0.000000
16032,3,0.086155,0.825897,13,0,1000.000,1.981199,0.000000
16032,4,0.084338,0.755933,12,0,1000.000,2.732567,0.000000
16032,5,0.179626,0.760327,32,0,1000.000,2.182347,0.000000
16032,6,0.269854,0.748694,26,1,964.731,2.559570,0.000000
16032,7,0.160120,0.503870,41,14,678.659,1.694640,0.000000
16128,0,0.079217,0.800360,28,1,979.286,1.894325,0.000000
16128,1,0.072181,0.786416,15,0,1000.000,2.033961,0.000000
16128,2,0.068509,0.763665,20,0,1000.000,2.125903,0.000000
16128,3,0.086155,0.830240,26,0,1000.000,2.011724,0.000000
16128,4,0.084338,0.814698,26,0,1000.000,1.994080,0.000000
16128,5,0.179626,0.789034,43,0,1000.000,2.300453,0.000000
16128,6,0.269854,0.611782,72,15,802.583,1.965201,0.000000
16128,7,0.160120,0.511708,78,28,653.654,1.475752,0.000000
16176,0,0.079217,0.830898,6,0,1000.000,2.165676,0.000000
16176,1,0.072181,0.858992,12,0,1000.000,1.557170,0.000000
16176,2,0.068509,0.772905,7,0,1000.000,2.640416,0.000000
16176,3,0.086155,0.799093,12,0,1000.000,2.033207,0.000000
16176,4,0.084338,0.652281,6,0,1000.000,2.695243,0.000000
16176,5,0.179626,0.744377,22,0,1000.000,2.525046,0.000000
16176,6,0.269854,0.565495,39,12,739.205,1.902373,0.000000
16176,7,0.160120,0.605560,41,13,763.268,1.851639,0.000000
16272,0,0.079217,0.805217,22,0,1000.000,2.098277,0.000000
16272,1,0.072181,0.752273,29,0,1000.000,2.301059,0.000000
16272,2,0.068509,0.776161,9,0,1000.000,1.997594,0.000000
16272,3,0.086155,0.822808,38,0,1000.000,1.975064,0.000000
16272,4,0.084338,0.825447,32,0,1000.000,1.778581,0.000000
16272,5,0.179626,0.814090,49,0,1000.000,1.968951,0.000000
16272,6,0.269854,0.693603,102,15,880.951,2.169117,0.000000
16272,7,0.160120,0.480337,98,38,655.531,1.746607,0.000000
16320,0,0.079217,0.801242,21,0,1000.000,2.196532,0.000000
16320,1,0.072181,0.801697,13,0,1000.000,2.621644,0.000000
16320,2,0.068509,0.780251,16,0,1000.000,2.484608,0.000000
16320,3,0.086155,0.820511,19,0,1000.000,2.648319,0.000000
16320,4,0.084338,0.778717,14,0,1000.000,2.421862,0.000000
16320,5,0.179626,0.826615,35,0,1000.000,1.969373,0.000000
16320,6,0.269854,0.677156,54,11,836.815,2.068927,0.000000
16320,7,0.160120,0.524144,55,21,665.855,1.583502,0.000000
16368,0,0.079217,0.792930,23,0,1000.000,2.206167,0.000000
16368,1,0.072181,0.776350,16,0,1000.000,2.290591,0.000000
16368,2,0.068509,0.831269,16,0,1000.000,1.708302,0.000000
16368,3,0.086155,0.771557,20,1,962.250,2.226210,0.000000
16368,4,0.084338,0.775933,14,0,1000.000,2.322605,0.000000
16368,5,0.179626,0.767629,30,2,938.000,2.095595,0.000000
16368,6,0.269854,0.660111,69,14,819.899,1.828897,0.000000
16368,7,0.160120,0.486904,66,29,634.682,1.363785,0.000000
16416,0,0.079217,0.830943,18,0,1000.000,1.612711,0.000000
16416,1,0.072181,0.832704,14,0,1000.000,1.902078,0.000000
16416,2,0.068509,0.797702,12,0,1000.000,1.957457,0.000000
16416,3,0.086155,0.815290,12,0,1000.000,1.881578,0.000000
16416,4,0.084338,0.801342,18,0,1000.000,2.117265,0.000000
16416,5,0.179626,0.766712,44,3,949.977,2.199645,0.000000
16416,6,0.269854,0.647209,76,16,806.026,1.804598,0.000000
16416,7,0.160120,0.459763,61,27,581.033,1.439576,0.000000
16464,0,0.079217,0.833137,16,0,1000.000,2.122247,0.000000
16464,1,0.072181,0.786283,16,0,1000.000,2.381375,0.000000
16464,2,0.068509,0.800803,12,0,1000.000,2.440711,0.000000
16464,3,0.086155,0.822420,18,0,1000.000,1.983268,0.000000
16464,4,0.084338,0.814361,12,1,946.583,2.260984,0.000000
16464,5,0.179626,0.761871,40,3,945.700,2.299004,0.000000
16464,6,0.269854,0.620123,61,15,799.443,1.989943,0.000000
16464,7,0.160120,0.458235,61,28,586.557,1.688423,0.000000
16512,0,0.079217,0.733992,19,0,1000.000,2.425625,0.000000
16512,1,0.072181,0.799545,17,0,1000.000,2.120246,0.000000
16512,2,0.068509,0.788970,12,0,1000.000,2.304948,0.000000
16512,3,0.086155,0.797414,19,0,1000.000,2.026172,0.000000
16512,4,0.084338,0.840479,17,0,1000.000,2.334699,0.000000
16512,5,0.179626,0.790148,44,2,973.045,2.450270,0.000000
16512,6,0.269854,0.649766,76,16,829.447,1.982267,0.000000
16512,7,0.160120,0.456989,54,25,586.185,1.580454,0.000000
16560,0,0.079217,0.803812,27,0,1000.000,2.268058,0.000000
16560,1,0.072181,0.754488,17,0,1000.000,2.486967,0.000000
16560,2,0.068509,0.818406,24,0,1000.000,2.467077,0.000000
16560,3,0.086155,0.837535,32,0,1000.000,2.096805,0.000000
16560,4,0.084338,0.821659,36,1,981.639,2.092251,0.000000
16560,5,0.179626,0.742737,58,3,951.034,2.028190,0.000000
16560,6,0.269854,0.729039,92,12,892.076,2.086166,0.000000
16560,7,0.160120,0.507829,81,33,651.654,1.682733,0.000000
16608,0,0.079217,0.813389,20,0,1000.000,2.139326,0.000000
16608,1,0.072181,0.787476,21,0,1000.000,2.131264,0.000000
16608,2,0.068509,0.777883,20,0,1000.000,2.295450,0.000000
16608,3,0.086155,0.734230,27,0,1000.000,2.431628,0.000000
16608,4,0.084338,0.798402,37,0,1000.000,2.095903,0.000000
16608,5,0.179626,0.788882,67,3,969.657,2.305220,0.000000
16608,6,0.269854,0.659406,116,22,831.716,1.978316,0.000000
16608,7,0.160120,0.487211,69,27,650.420,1.743027,0.000000
16656,0,0.079217,0.843436,15,0,1000.000,2.078408,0.000000
16656,1,0.072181,0.814272,22,0,1000.000,2.029391,0.000000
16656,2,0.068509,0.810030,15,0,1000.000,1.939527,0.000000
16656,3,0.086155,0.790683,16,0,1000.000,2.161135,0.000000
16656,4,0.084338,0.766916,20,0,1000.000,2.454044,0.000000
16656,5,0.179626,0.775164,40,2,960.525,2.269054,0.000000
16656,6,0.269854,0.730365,81,11,880.667,1.930125,0.000000
16656,7,0.160120,0.510392,64,24,665.281,1.797895,0.000000
16704,0,0.079217,0.781449,19,0,1000.000,2.243067,0.000000
16704,1,0.072181,0.739050,13,0,1000.000,2.488139,0.000000
16704,2,0.068509,0.830924,15,0,1000.000,1.789426,0.000000
16704,3,0.086155,0.762233,29,1,968.690,2.200904,0.000000
16704,4,0.084338,0.746723,14,0,1000.000,2.617235,0.000000
16704,5,0.179626,0.785671,36,0,1000.000,2.440890,0.000000
16704,6,0.269854,0.640224,70,11,849.129,2.021277,0.000000
16704,7,0.160120,0.447649,49,23,572.490,1.518816,0.000000
16752,0,0.079217,0.845372,7,0,1000.000,2.511154,0.000000
16752,1,0.072181,0.817433,15,0,1000.000,1.925295,0.000000
16752,2,0.068509,0.830554,17,0,1000.000,2.115625,0.000000
16752,3,0.086155,0.688591,16,1,940.562,2.375718,0.000000
16752,4,0.084338,0.837797,17,0,1000.000,2.060426,0.000000
16752,5,0.179626,0.812657,43,2,963.581,1.914791,0.000000
16752,6,0.269854,0.684203,75,10,897.333,2.185715,0.000000
16752,7,0.160120,0.575131,52,16,769.212,2.094102,0.000000
16800,0,0.079217,0.717999,14,0,1000.000,2.219934,0.000000
16800,1,0.072181,0.806488,11,0,1000.000,2.646042,0.000000
16800,2,0.068509,0.758289,11,0,1000.000,2.176766,0.000000
16800,3,0.086155,0.817235,31,0,1000.000,2.203226,0.000000
16800,4,0.084338,0.768373,16,1,964.125,2.556885,0.000000
16800,5,0.179626,0.782894,40,2,978.475,2.085907,0.000000
16800,6,0.269854,0.706809,63,9,882.651,1.782829,0.000000
16800,7,0.160120,0.515151,70,28,685.614,1.790380,0.000000
16848,0,0.231323,0.814364,14,0,1000.000,1.860245,0.000000
16848,1,0.124123,0.799288,13,0,1000.000,2.067221,0.000000
16848,2,0.132559,0.851691,14,0,1000.000,1.920184,0.000000
16848,3,0.122328,0.798672,19,0,1000.000,2.416965,0.000000
16848,4,0.130543,0.770275,25,1,972.160,2.002570,0.000000
16848,5,0.115448,0.802998,32,1,971.281,1.871261,0.000000
16848,6,0.081718,0.636372,62,13,807.597,1.865939,0.000000
16848,7,0.061959,0.480581,56,24,611.571,1.488292,0.000000
16896,0,0.231323,0.823495,33,0,1000.000,1.916083,0.000000
16896,1,0.124123,0.792876,20,0,1000.000,2.304538,0.000000
16896,2,0.132559,0.828196,27,0,1000.000,2.197004,0.000000
16896,3,0.122328,0.835542,23,0,1000.000,1.906737,0.000000
16896,4,0.130543,0.821981,22,1,991.409,2.351803,0.000000
16896,5,0.115448,0.758662,21,3,880.952,1.754410,0.000000
16896,6,0.081718,0.450759,29,17,549.793,1.468012,0.000000
16896,7,0.061959,0.284232,33,22,396.697,1.339927,0.000000
16944,0,0.231323,0.828198,35,0,1000.000,1.988570,0.000000
16944,1,0.124123,0.818270,23,0,1000.000,2.015230,0.000000
16944,2,0.132559,0.786749,21,1,982.476,2.197919,0.000000
16944,3,0.122328,0.788498,22,0,1000.000,2.368095,0.000000
16944,4,0.130543,0.780305,20,0,1000.000,2.403795,0.000000
16944,5,0.115448,0.740831,18,1,949.278,2.084032,0.000000
16944,6,0.081718,0.646807,16,4,790.250,2.072243,0.000000
16944,7,0.061959,0.366424,22,14,516.682,1.406092,0.000000
16992,0,0.231323,0.818652,41,0,1000.000,1.965858,0.000000
16992,1,0.124123,0.824000,13,1,954.692,1.779742,0.000000
16992,2,0.132559,0.756146,17,0,1000.000,2.539451,0.000000
16992,3,0.122328,0.787921,22,1,992.727,1.880361,0.000000
16992,4,0.130543,0.781140,23,1,976.652,2.042833,0.000000
16992,5,0.115448,0.815625,18,0,1000.000,2.465031,0.000000
16992,6,0.081718,0.670871,19,4,841.895,1.971239,0.000000
16992,7,0.061959,0.337769,13,8,500.615,1.318614,0.000000
17040,0,0.231323,0.808169,22,0,1000.000,2.025840,0.000000
17040,1,0.124123,0.805076,16,0,1000.000,2.483811,0.000000
17040,2,0.132559,0.798183,20,0,1000.000,2.353765,0.000000
17040,3,0.122328,0.767511,18,0,1000.000,2.325624,0.000000
17040,4,0.130543,0.743346,12,1,920.250,1.529706,0.000000
17040,5,0.115448,0.771882,16,1,953.312,2.090321,0.000000
17040,6,0.081718,0.721062,17,5,830.647,1.807966,0.000000
17040,7,0.061959,0.388569,18,10,535.333,1.556441,0.000000
17088,0,0.231323,0.808782,35,1,979.657,2.256476,0.000000
17088,1,0.124123,0.743800,11,0,1000.000,2.602653,0.000000
17088,2,0.132559,0.795069,22,0,1000.000,2.334477,0.000000
17088,3,0.122328,0.804775,12,0,1000.000,2.177738,0.000000
17088,4,0.130543,0.840012,16,0,1000.000,2.195828,0.000000
17088,5,0.115448,0.670676,15,3,810.267,1.472431,0.000000
17088,6,0.081718,0.586834,18,8,705.444,1.541839,0.000000
17088,7,0.061959,0.369784,18,11,545.611,1.693641,0.000000
17136,0,0.231323,0.832293,32,1,982.188,2.185680,0.000000
17136,1,0.124123,0.786686,14,1,933.214,2.092952,0.000000
17136,2,0.132559,0.725921,13,0,1000.000,2.528474,0.000000
17136,3,0.122328,0.760286,16,0,1000.000,2.275477,0.000000
17136,4,0.130543,0.803294,17,0,1000.000,1.620521,0.000000
17136,5,0.115448,0.818017,16,3,921.625,1.729657,0.000000
17136,6,0.081718,0.594946,21,9,692.429,1.872655,0.000000
17136,7,0.061959,0.422947,34,26,623.588,1.795235,0.000000
17184,0,0.231323,0.798493,29,0,1000.000,2.180069,0.000000
17184,1,0.124123,0.832768,11,0,1000.000,2.226765,0.000000
17184,2,0.132559,0.844980,11,0,1000.000,1.672703,0.000000
17184,3,0.122328,0.815978,18,0,1000.000,2.259924,0.000000
17184,4,0.130543,0.700833,17,1,946.000,2.330178,0.000000
17184,5,0.115448,0.754688,23,3,917.043,2.166624,0.000000
17184,6,0.081718,0.583115,23,11,698.304,2.111526,0.000000
17184,7,0.061959,0.423536,26,16,577.269,1.635465,0.000000
17232,0,0.231323,0.810895,36,0,1000.000,1.973577,0.000000
17232,1,0.124123,0.814738,16,0,1000.000,2.309707,0.000000
17232,2,0.132559,0.737546,16,0,1000.000,2.603699,0.000000
17232,3,0.122328,0.885209,8,0,1000.000,1.340778,0.000000
17232,4,0.130543,0.797454,30,0,1000.000,1.981338,0.000000
17232,5,0.115448,0.764357,17,3,914.941,1.887928,0.000000
17232,6,0.081718,0.684915,25,8,822.520,1.837800,0.000000
17232,7,0.061959,0.470504,21,10,653.095,1.531267,0.000000
17280,0,0.231323,0.782915,30,0,1000.000,2.293227,0.000000
17280,1,0.124123,0.820547,20,0,1000.000,2.007475,0.000000
17280,2,0.132559,0.797584,28,0,1000.000,2.238737,0.000000
17280,3,0.122328,0.811274,25,0,1000.000,2.404917,0.000000
17280,4,0.130543,0.793026,25,0,1000.000,2.548018,0.000000
17280,5,0.115448,0.744786,19,2,897.368,2.131303,0.000000
17280,6,0.081718,0.661659,22,6,805.409,1.561971,0.000000
17280,7,0.061959,0.452802,11,6,680.273,1.851026,0.000000
17328,0,0.231323,0.801707,39,0,1000.000,1.959280,0.000000
17328,1,0.124123,0.818813,24,0,1000.000,2.084048,0.000000
17328,2,0.132559,0.784622,16,0,1000.000,2.177134,0.000000
17328,3,0.122328,0.838363,25,0,1000.000,2.193241,0.000000
17328,4,0.130543,0.768648,29,0,1000.000,2.460097,0.000000
17328,5,0.115448,0.842621,22,0,1000.000,2.215191,0.000000
17328,6,0.081718,0.709955,26,4,890.269,1.845652,0.000000
17328,7,0.061959,0.502367,21,9,631.905,1.493714,0.000000
17376,0,0.231323,0.773232,52,0,1000.000,2.254682,0.000000
17376,1,0.124123,0.779032,28,1,992.357,2.064157,0.000000
17376,2,0.132559,0.804166,20,0,1000.000,2.421456,0.000000
17376,3,0.122328,0.799840,24,0,1000.000,2.178039,0.000000
17376,4,0.130543,0.806329,27,2,972.148,1.980528,0.000000
17376,5,0.115448,0.702055,19,2,900.579,2.010656,0.000000
17376,6,0.081718,0.691378,25,4,844.600,1.793622,0.000000
17376,7,0.061959,0.501538,27,11,642.333,1.622286,0.000000
17424,0,0.231323,0.825534,42,0,1000.000,1.906301,0.000000
17424,1,0.124123,0.828268,29,0,1000.000,1.888389,0.000000
17424,2,0.132559,0.802740,25,0,1000.000,2.227202,0.000000
17424,3,0.122328,0.777332,29,0,1000.000,2.465123,0.000000
17424,4,0.130543,0.788544,23,0,1000.000,2.436520,0.000000
17424,5,0.115448,0.819526,23,0,1000.000,2.142050,0.000000
17424,6,0.081718,0.731370,22,3,870.682,1.783659,0.000000
17424,7,0.061959,0.446000,18,9,546.444,1.273672,0.000000
17472,0,0.231323,0.769006,39,0,1000.000,2.386052,0.000000
17472,1,0.124123,0.836010,17,0,1000.000,1.893006,0.000000
17472,2,0.132559,0.835034,23,0,1000.000,2.210941,0.000000
17472,3,0.122328,0.817069,28,0,1000.000,2.360670,0.000000
17472,4,0.130543,0.813716,31,0,1000.000,2.185685,0.000000
17472,5,0.115448,0.741705,21,0,1000.000,2.742845,0.000000
17472,6,0.081718,0.656414,21,4,847.381,2.173322,0.000000
17472,7,0.061959,0.480386,31,13,607.065,1.609068,0.000000
17520,0,0.231323,0.810743,60,0,1000.000,2.132676,0.000000
17520,1,0.124123,0.848759,30,0,1000.000,1.847667,0.000000
17520,2,0.132559,0.819992,21,0,1000.000,2.081680,0.000000
17520,3,0.122328,0.786903,33,1,971.576,1.921760,0.000000
17520,4,0.130543,0.796860,31,0,1000.000,2.290100,0.000000
17520,5,0.115448,0.770855,23,0,1000.000,2.258341,0.000000
17520,6,0.081718,0.752439,17,3,914.118,2.098151,0.000000
17520,7,0.061959,0.449470,25,11,622.240,1.527004,0.000000
17568,0,0.231323,0.750758,69,0,1000.000,2.326648,0.000000
17568,1,0.124123,0.806074,36,0,1000.000,2.169930,0.000000
17568,2,0.132559,0.806174,45,0,1000.000,2.260638,0.000000
17568,3,0.122328,0.808898,46,0,1000.000,2.184165,0.000000
17568,4,0.130543,0.823858,49,0,1000.000,2.284667,0.000000
17568,5,0.115448,0.831802,34,0,1000.000,2.199942,0.000000
17568,6,0.081718,0.660088,40,8,807.500,1.992378,0.000000
17568,7,0.061959,0.372853,35,18,562.657,1.596982,0.000000
17616,0,0.231323,0.809154,84,0,1000.000,2.207118,0.000000
17616,1,0.124123,0.796076,19,0,1000.000,2.081021,0.000000
17616,2,0.132559,0.816436,42,0,1000.000,2.019849,0.000000
17616,3,0.122328,0.780494,35,0,1000.000,2.617078,0.000000
17616,4,0.130543,0.799719,38,0,1000.000,2.474610,0.000000
17616,5,0.115448,0.739928,45,3,935.911,2.018987,0.000000
17616,6,0.081718,0.620228,33,9,764.151,1.882517,0.000000
17616,7,0.061959,0.498819,25,10,613.320,1.612029,0.000000
17664,0,0.231323,0.782194,53,0,1000.000,2.148034,0.000000
17664,1,0.124123,0.829769,28,0,1000.000,1.941011,0.000000
17664,2,0.132559,0.802500,24,0,1000.000,1.789006,0.000000
17664,3,0.122328,0.800633,33,0,1000.000,2.028769,0.000000
17664,4,0.130543,0.772295,30,0,1000.000,2.373054,0.000000
17664,5,0.115448,0.815541,20,0,1000.000,2.236281,0.000000
17664,6,0.081718,0.663811,39,8,822.692,1.890909,0.000000
17664,7,0.061959,0.608642,27,8,778.778,1.663868,0.000000
17712,0,0.231323,0.821326,43,0,1000.000,2.225835,0.000000
17712,1,0.124123,0.798194,28,0,1000.000,2.245349,0.000000
17712,2,0.132559,0.813658,28,0,1000.000,1.686803,0.000000
17712,3,0.122328,0.832004,22,0,1000.000,1.884190,0.000000
17712,4,0.130543,0.795639,36,0,1000.000,2.280774,0.000000
17712,5,0.115448,0.766766,27,1,965.259,2.200264,0.000000
17712,6,0.081718,0.549567,31,10,692.645,1.586145,0.000000
17712,7,0.061959,0.483851,21,9,583.333,1.224997,0.000000
17760,0,0.231323,0.832643,48,0,1000.000,1.915644,0.000000
17760,1,0.124123,0.807605,26,0,1000.000,2.073843,0.000000
17760,2,0.132559,0.786263,22,0,1000.000,2.032726,0.000000
17760,3,0.122328,0.807930,32,1,998.812,2.111354,0.000000
17760,4,0.130543,0.822278,23,1,984.652,2.162218,0.000000
17760,5,0.115448,0.752033,25,0,1000.000,2.267686,0.000000
17760,6,0.081718,0.562092,34,10,718.147,1.669117,0.000000
17760,7,0.061959,0.408988,16,8,515.875,1.153245,0.000000
17808,0,0.231323,0.814677,54,0,1000.000,2.130167,0.000000
17808,1,0.124123,0.815089,22,0,1000.000,2.078134,0.000000
17808,2,0.132559,0.807620,30,0,1000.000,1.896558,0.000000
17808,3,0.122328,0.813596,21,0,1000.000,1.904281,0.000000
17808,4,0.130543,0.799255,21,0,1000.000,2.001335,0.000000
17808,5,0.115448,0.785215,33,2,947.970,2.080535,0.000000
17808,6,0.081718,0.618046,22,4,826.955,2.082164,0.000000
17808,7,0.061959,0.637280,16,4,758.562,1.380327,0.000000
17856,0,0.231323,0.784233,50,0,1000.000,2.122506,0.000000
17856,1,0.124123,0.823881,21,0,1000.000,1.930115,0.000000
17856,2,0.132559,0.781066,27,0,1000.000,2.211463,0.000000
17856,3,0.122328,0.784902,28,0,1000.000,2.336325,0.000000
17856,4,0.130543,0.782496,10,0,1000.000,1.994650,0.000000
17856,5,0.115448,0.808811,15,0,1000.000,2.125582,0.000000
17856,6,0.081718,0.704069,30,4,873.100,1.760167,0.000000
17856,7,0.061959,0.397980,22,12,518.409,1.421656,0.000000
17904,0,0.231323,0.863430,48,0,1000.000,1.335684,0.000000
17904,1,0.124123,0.845383,24,0,1000.000,1.542679,0.000000
17904,2,0.132559,0.851640,25,0,1000.000,1.607382,0.000000
17904,3,0.122328,0.866197,24,0,1000.000,1.568513,0.000000
17904,4,0.130543,0.858029,28,0,1000.000,1.483942,0.000000
17904,5,0.115448,0.781454,33,4,906.879,1.367798,0.000000
17904,6,0.081718,0.557448,24,10,634.708,1.090428,0.000000
17904,7,0.061959,0.370038,17,10,441.118,0.799979,0.000000
17952,0,0.231323,0.882122,32,0,1000.000,1.340991,0.000000
17952,1,0.124123,0.871628,21,0,1000.000,1.308325,0.000000
17952,2,0.132559,0.867136,14,0,1000.000,1.537957,0.000000
17952,3,0.122328,0.858483,26,0,1000.000,1.483340,0.000000
17952,4,0.130543,0.864045,21,0,1000.000,1.368801,0.000000
17952,5,0.115448,0.745454,19,3,852.737,1.132934,0.000000
17952,6,0.081718,0.577200,21,8,658.238,0.983603,0.000000
17952,7,0.061959,0.446450,23,12,558.913,1.123571,0.000000
18000,0,0.231323,0.831173,29,0,1000.000,1.632026,0.000000
18000,1,0.124123,0.869202,17,0,1000.000,1.292801,0.000000
18000,2,0.132559,0.827780,18,0,1000.000,1.669608,0.000000
18000,3,0.122328,0.852607,17,0,1000.000,1.619123,0.000000
18000,4,0.130543,0.836886,26,2,943.500,1.400315,0.000000
18000,5,0.115448,0.838423,22,1,956.227,1.404772,0.000000
18000,6,0.081718,0.591201,21,7,681.619,1.148201,0.000000
18000,7,0.061959,0.498681,21,10,606.286,1.314458,0.000000
18096,0,0.231323,0.868263,68,1,992.735,1.467150,0.000000
18096,1,0.124123,0.884162,36,0,1000.000,1.246820,0.000000
18096,2,0.132559,0.890485,40,0,1000.000,1.156601,0.000000
18096,3,0.122328,0.874373,35,0,1000.000,1.191764,0.000000
18096,4,0.130543,0.839302,33,2,973.273,1.528400,0.000000
18096,5,0.115448,0.828542,34,2,943.735,1.400966,0.000000
18096,6,0.081718,0.491374,25,11,578.160,1.197763,0.000000
18096,7,0.061959,0.454351,30,17,561.000,0.993678,0.000000
18144,0,0.231323,0.852245,35,0,1000.000,1.307517,0.000000
18144,1,0.124123,0.884458,15,0,1000.000,1.319559,0.000000
18144,2,0.132559,0.849584,18,0,1000.000,1.831184,0.000000
18144,3,0.122328,0.857376,16,0,1000.000,1.780583,0.000000
18144,4,0.130543,0.852068,22,0,1000.000,1.697879,0.000000
18144,5,0.115448,0.846712,23,1,958.696,1.448967,0.000000
18144,6,0.081718,0.669833,20,5,769.700,1.159830,0.000000
18144,7,0.061959,0.518070,14,6,612.714,1.049773,0.000000
18192,0,0.231323,0.879273,32,1,995.250,1.352074,0.000000
18192,1,0.124123,0.840710,14,0,1000.000,1.783266,0.000000
18192,2,0.132559,0.883906,19,0,1000.000,1.368800,0.000000
18192,3,0.122328,0.839075,14,0,1000.000,1.446213,0.000000
18192,4,0.130543,0.857644,24,0,1000.000,1.732510,0.000000
18192,5,0.115448,0.845096,22,1,956.227,1.021251,0.000000
18192,6,0.081718,0.752379,15,3,835.133,1.202575,0.000000
18192,7,0.061959,0.481011,21,10,555.429,0.785772,0.000000
18240,0,0.231323,0.874086,47,1,992.553,1.380963,0.000000
18240,1,0.124123,0.860879,21,0,1000.000,1.431144,0.000000
18240,2,0.132559,0.850507,24,1,961.083,1.324643,0.000000
18240,3,0.122328,0.890878,18,0,1000.000,1.068853,0.000000
18240,4,0.130543,0.887344,14,0,1000.000,1.635335,0.000000
18240,5,0.115448,0.869341,13,0,1000.000,1.519724,0.000000
18240,6,0.081718,0.627290,23,6,749.043,1.499475,0.000000
18240,7,0.061959,0.488726,9,4,666.333,1.333126,0.000000
18288,0,0.231323,0.866618,47,5,956.532,1.386971,0.000000
18288,1,0.124123,0.869128,23,1,999.435,1.552104,0.000000
18288,2,0.132559,0.878916,30,0,1000.000,1.320081,0.000000
18288,3,0.122328,0.835968,18,0,1000.000,1.559497,0.000000
18288,4,0.130543,0.874870,15,0,1000.000,1.599568,0.000000
18288,5,0.115448,0.835402,17,1,946.471,1.367207,0.000000
18288,6,0.081718,0.588724,22,7,700.182,1.205918,0.000000
18288,7,0.061959,0.598239,15,6,760.333,1.439984,0.000000
18336,0,0.231323,0.846111,37,1,974.730,1.481359,0.000000
18336,1,0.124123,0.863290,19,0,1000.000,1.593240,0.000000
18336,2,0.132559,0.811671,20,1,953.150,1.417835,0.000000
18336,3,0.122328,0.857150,26,0,1000.000,1.719281,0.000000
18336,4,0.130543,0.870805,21,0,1000.000,1.587281,0.000000
18336,5,0.115448,0.768841,23,2,916.043,1.334360,0.000000
18336,6,0.081718,0.828523,29,2,936.966,1.314502,0.000000
18336,7,0.061959,0.580019,30,11,666.600,1.115938,0.000000
18384,0,0.231323,0.874548,51,0,1000.000,1.398245,0.000000
18384,1,0.124123,0.875398,32,0,1000.000,1.309404,0.000000
18384,2,0.132559,0.883356,21,0,1000.000,1.230661,0.000000
18384,3,0.122328,0.853653,25,1,975.920,1.851889,0.000000
18384,4,0.130543,0.885629,19,0,1000.000,1.282709,0.000000
18384,5,0.115448,0.852721,25,1,960.880,1.273685,0.000000
18384,6,0.081718,0.623587,22,6,735.636,1.068093,0.000000
18384,7,0.061959,0.463882,29,14,581.414,1.291059,0.000000
18432,0,0.231323,0.880963,48,1,998.438,1.391105,0.000000
18432,1,0.124123,0.858943,24,0,1000.000,1.780730,0.000000
18432,2,0.132559,0.851101,22,0,1000.000,1.463693,0.000000
18432,3,0.122328,0.833125,27,0,1000.000,1.736400,0.000000
18432,4,0.130543,0.843557,32,1,976.094,1.635467,0.000000
18432,5,0.115448,0.823500,29,3,932.069,1.386832,0.000000
18432,6,0.081718,0.663438,26,6,787.885,1.329254,0.000000
18432,7,0.061959,0.457328,30,14,581.567,1.259618,0.000000
18480,0,0.231323,0.860858,42,2,977.643,1.389310,0.000000
18480,1,0.124123,0.829818,18,0,1000.000,1.640168,0.000000
18480,2,0.132559,0.881413,25,0,1000.000,1.491956,0.000000
18480,3,0.122328,0.847135,29,0,1000.000,1.577432,0.000000
18480,4,0.130543,0.892173,27,0,1000.000,1.449978,0.000000
18480,5,0.115448,0.798105,25,2,922.760,1.554515,0.000000
18480,6,0.081718,0.542457,23,8,663.261,1.312024,0.000000
18480,7,0.061959,0.460272,24,11,563.708,1.361405,0.000000
18528,0,0.231323,0.861602,47,1,998.191,1.607205,0.000000
18528,1,0.124123,0.864693,23,0,1000.000,1.386360,0.000000
18528,2,0.132559,0.869969,27,0,1000.000,1.557935,0.000000
18528,3,0.122328,0.878164,31,0,1000.000,1.496886,0.000000
18528,4,0.130543,0.873294,20,0,1000.000,1.480932,0.000000
18528,5,0.115448,0.851018,40,1,976.175,1.673321,0.000000
18528,6,0.081718,0.705130,28,7,787.143,1.206645,0.000000
18528,7,0.061959,0.690327,25,5,807.640,1.265227,0.000000
18576,0,0.231323,0.883798,73,2,994.890,1.321938,0.000000
18576,1,0.124123,0.848693,43,0,1000.000,1.527176,0.000000
18576,2,0.132559,0.865912,37,0,1000.000,1.451597,0.000000
18576,3,0.122328,0.864722,37,0,1000.000,1.473681,0.000000
18576,4,0.130543,0.875308,43,0,1000.000,1.406966,0.000000
18576,5,0.115448,0.832931,44,2,956.364,1.448902,0.000000
18576,6,0.081718,0.724933,34,7,811.794,1.216175,0.000000
18576,7,0.061959,0.529312,41,17,627.390,1.187980,0.000000
18624,0,0.231323,0.885643,70,0,1000.000,1.446541,0.000000
18624,1,0.124123,0.824937,42,0,1000.000,1.867586,0.000000
18624,2,0.132559,0.889815,43,0,1000.000,1.251066,0.000000
18624,3,0.122328,0.856704,20,0,1000.000,1.404339,0.000000
18624,4,0.130543,0.887360,35,0,1000.000,1.368865,0.000000
18624,5,0.115448,0.760951,37,5,870.487,1.455887,0.000000
18624,6,0.081718,0.733286,34,6,829.412,1.314061,0.000000
18624,7,0.061959,0.392216,32,18,480.875,0.993042,0.000000
18672,0,0.231323,0.875597,72,0,1000.000,1.407869,0.000000
18672,1,0.124123,0.882179,24,0,1000.000,1.462644,0.000000
18672,2,0.132559,0.882477,24,0,1000.000,1.074209,0.000000
18672,3,0.122328,0.865248,27,0,1000.000,1.565151,0.000000
18672,4,0.130543,0.865804,26,0,1000.000,1.442971,0.000000
18672,5,0.115448,0.761327,40,6,863.525,1.337786,0.000000
18672,6,0.081718,0.682943,27,6,787.185,1.234264,0.000000
18672,7,0.061959,0.557920,38,15,667.368,1.151908,0.000000
18720,0,0.231323,0.874361,50,1,996.880,1.328842,0.000000
18720,1,0.124123,0.875881,29,0,1000.000,1.599887,0.000000
18720,2,0.132559,0.885232,23,0,1000.000,1.539823,0.000000
18720,3,0.122328,0.846121,21,0,1000.000,1.620905,0.000000
18720,4,0.130543,0.897848,27,0,1000.000,1.296417,0.000000
18720,5,0.115448,0.747379,25,4,847.920,1.112136,0.000000
18720,6,0.081718,0.487823,30,15,552.833,1.025622,0.000000
18720,7,0.061959,0.266885,28,20,324.964,0.789660,0.000000
18768,0,0.231323,0.868896,46,0,1000.000,1.524265,0.000000
18768,1,0.124123,0.865123,28,0,1000.000,1.564626,0.000000
18768,2,0.132559,0.880173,32,0,1000.000,1.193557,0.000000
18768,3,0.122328,0.885622,33,0,1000.000,1.404231,0.000000
18768,4,0.130543,0.871419,28,1,993.107,1.484009,0.000000
18768,5,0.115448,0.812943,26,2,928.423,1.527253,0.000000
18768,6,0.081718,0.552097,23,9,622.609,0.953992,0.000000
18768,7,0.061959,0.475395,28,13,564.750,1.258505,0.000000
18816,0,0.231323,0.865468,47,0,1000.000,1.420754,0.000000
18816,1,0.124123,0.876151,20,0,1000.000,1.621366,0.000000
18816,2,0.132559,0.874432,33,0,1000.000,1.388830,0.000000
18816,3,0.122328,0.870619,19,0,1000.000,1.566100,0.000000
18816,4,0.130543,0.839532,24,1,960.833,1.557305,0.000000
18816,5,0.115448,0.804205,23,2,915.913,1.297296,0.000000
18816,6,0.081718,0.757788,25,4,844.840,0.961656,0.000000
18816,7,0.061959,0.399790,20,11,467.250,0.796837,0.000000
18864,0,0.231323,0.896866,45,0,1000.000,1.173396,0.000000
18864,1,0.124123,0.857665,29,0,1000.000,1.335280,0.000000
18864,2,0.132559,0.884038,29,0,1000.000,1.212207,0.000000
18864,3,0.122328,0.881438,19,0,1000.000,1.445756,0.000000
18864,4,0.130543,0.865016,28,0,1000.000,1.661947,0.000000
18864,5,0.115448,0.795342,24,2,919.708,1.444710,0.000000
18864,6,0.081718,0.496918,18,8,570.889,1.107723,0.000000
18864,7,0.061959,0.395639,19,11,475.368,1.099987,0.000000
18912,0,0.231323,0.883660,48,0,1000.000,1.367755,0.000000
18912,1,0.124123,0.857879,28,0,1000.000,1.434739,0.000000
18912,2,0.132559,0.888333,27,0,1000.000,1.260171,0.000000
18912,3,0.122328,0.889864,16,0,1000.000,1.316593,0.000000
18912,4,0.130543,0.893922,17,0,1000.000,1.429580,0.000000
18912,5,0.115448,0.846404,27,2,956.630,1.234170,0.000000
18912,6,0.081718,0.591733,23,9,676.826,1.183185,0.000000
18912,7,0.061959,0.597955,26,8,698.962,1.287528,0.000000
18960,0,0.231323,0.872445,26,0,1000.000,1.387994,0.000000
18960,1,0.124123,0.886379,22,0,1000.000,1.359942,0.000000
18960,2,0.132559,0.876348,15,0,1000.000,1.619218,0.000000
18960,3,0.122328,0.887173,24,0,1000.000,1.305493,0.000000
18960,4,0.130543,0.863014,19,0,1000.000,1.315226,0.000000
18960,5,0.115448,0.754596,25,3,884.320,1.592769,0.000000
18960,6,0.081718,0.476741,17,8,545.118,1.116590,0.000000
18960,7,0.061959,0.381484,21,12,480.714,1.074828,0.000000
19008,0,0.231323,0.871772,31,1,969.548,1.444580,0.000000
19008,1,0.124123,0.892831,14,0,1000.000,1.105422,0.000000
19008,2,0.132559,0.889273,30,0,1000.000,1.540630,0.000000
19008,3,0.122328,0.870324,23,0,1000.000,1.390980,0.000000
19008,4,0.130543,0.861123,26,0,1000.000,1.525363,0.000000
19008,5,0.115448,0.827577,20,2,932.100,1.120797,0.000000
19008,6,0.081718,0.647779,12,3,755.917,1.333082,0.000000
19008,7,0.061959,0.291837,17,12,392.118,1.111643,0.000000
19056,0,0.231323,0.868535,30,1,971.200,1.346931,0.000000
19056,1,0.124123,0.882494,16,0,1000.000,1.311389,0.000000
19056,2,0.132559,0.854069,21,0,1000.000,1.803619,0.000000
19056,3,0.122328,0.892905,22,0,1000.000,1.288382,0.000000
19056,4,0.130543,0.896360,20,0,1000.000,1.195779,0.000000
19056,5,0.115448,0.894019,13,0,1000.000,1.285264,0.000000
19056,6,0.081718,0.465167,13,6,565.154,1.103194,0.000000
19056,7,0.061959,0.398899,22,12,492.864,1.300735,0.000000
19104,0,0.231323,0.862855,31,0,1000.000,1.479604,0.000000
19104,1,0.124123,0.882107,18,0,1000.000,1.324580,0.000000
19104,2,0.132559,0.884139,18,0,1000.000,1.236683,0.000000
19104,3,0.122328,0.889971,18,0,1000.000,1.341677,0.000000
19104,4,0.130543,0.845323,19,2,918.632,1.157770,0.000000
19104,5,0.115448,0.866494,23,1,958.130,0.968211,0.000000
19104,6,0.081718,0.633961,19,5,744.053,1.476120,0.000000
19104,7,0.061959,0.543476,13,5,665.692,1.140439,0.000000
19152,0,0.231323,0.883494,33,0,1000.000,1.089601,0.000000
19152,1,0.124123,0.894834,15,0,1000.000,1.214307,0.000000
19152,2,0.132559,0.882420,15,0,1000.000,1.494732,0.000000
19152,3,0.122328,0.877022,27,0,1000.000,1.426953,0.000000
19152,4,0.130543,0.802211,16,0,1000.000,1.681003,0.000000
19152,5,0.115448,0.873181,11,0,1000.000,1.551689,0.000000
19152,6,0.081718,0.447619,21,11,538.571,1.175061,0.000000
19152,7,0.061959,0.591105,18,6,675.167,1.107767,0.000000
19200,0,0.231323,0.871951,38,0,1000.000,1.439959,0.000000
19200,1,0.124123,0.878705,25,0,1000.000,1.549423,0.000000
19200,2,0.132559,0.843882,20,0,1000.000,2.015459,0.000000
19200,3,0.122328,0.879693,18,0,1000.000,1.284889,0.000000
19200,4,0.130543,0.889106,15,0,1000.000,1.268465,0.000000
19200,5,0.115448,0.877967,20,0,1000.000,1.263855,0.000000
19200,6,0.081718,0.473546,15,7,562.533,1.193697,0.000000
19200,7,0.061959,0.486001,11,5,555.636,0.942198,0.000000
19248,0,0.148907,0.862674,47,0,1000.000,1.422316,0.000000
19248,1,0.169056,0.835783,20,0,1000.000,1.645767,0.000000
19248,2,0.165344,0.879334,16,0,1000.000,1.610901,0.000000
19248,3,0.176342,0.863893,24,1,984.083,1.234854,0.000000
19248,4,0.159190,0.888155,15,0,1000.000,1.408306,0.000000
19248,5,0.101496,0.787559,12,1,921.333,1.545265,0.000000
19248,6,0.038454,0.809168,10,1,902.000,1.156171,0.000000
19248,7,0.041210,0.667755,20,5,794.300,1.461855,0.000000
19296,0,0.148907,0.878840,28,1,969.250,1.213586,0.000000
19296,1,0.169056,0.874519,30,0,1000.000,1.413404,0.000000
19296,2,0.165344,0.883727,32,0,1000.000,1.317282,0.000000
19296,3,0.176342,0.883543,29,0,1000.000,1.597406,0.000000
19296,4,0.159190,0.874954,30,1,985.833,1.536649,0.000000
19296,5,0.101496,0.838959,19,2,923.158,1.417639,0.000000
19296,6,0.038454,0.577764,12,5,681.750,1.097299,0.000000
19296,7,0.041210,0.499038,13,6,587.769,0.934033,0.000000
19344,0,0.148907,0.884828,31,1,984.194,1.376800,0.000000
19344,1,0.169056,0.890021,26,0,1000.000,1.240103,0.000000
19344,2,0.165344,0.872321,32,0,1000.000,1.420806,0.000000
19344,3,0.176342,0.888215,31,0,1000.000,1.340336,0.000000
19344,4,0.159190,0.874794,44,0,1000.000,1.348521,0.000000
19344,5,0.101496,0.860945,19,0,1000.000,1.910324,0.000000
19344,6,0.038454,0.791229,11,1,911.000,1.607064,0.000000
19344,7,0.041210,0.440166,16,8,513.250,1.105432,0.000000
19392,0,0.148907,0.884435,32,0,1000.000,1.330053,0.000000
19392,1,0.169056,0.850763,30,0,1000.000,1.654894,0.000000
19392,2,0.165344,0.897122,33,0,1000.000,1.259210,0.000000
19392,3,0.176342,0.886641,32,0,1000.000,1.280603,0.000000
19392,4,0.159190,0.903138,34,0,1000.000,1.074840,0.000000
19392,5,0.101496,0.794868,19,3,895.263,1.427081,0.000000
19392,6,0.038454,0.725927,12,2,839.083,1.678683,0.000000
19392,7,0.041210,0.571106,8,3,746.250,1.652874,0.000000
19440,0,0.148907,0.850790,28,1,994.464,1.531400,0.000000
19440,1,0.169056,0.876328,38,0,1000.000,1.578706,0.000000
19440,2,0.165344,0.864863,33,0,1000.000,1.873618,0.000000
19440,3,0.176342,0.879112,35,0,1000.000,1.627484,0.000000
19440,4,0.159190,0.884706,37,0,1000.000,1.436981,0.000000
19440,5,0.101496,0.799863,25,2,924.480,1.636928,0.000000
19440,6,0.038454,0.768681,14,2,861.429,1.055583,0.000000
19440,7,0.041210,0.519731,12,5,592.417,0.793520,0.000000
19488,0,0.148907,0.849189,37,1,975.676,1.469209,0.000000
19488,1,0.169056,0.899386,31,0,1000.000,1.164385,0.000000
19488,2,0.165344,0.885693,32,0,1000.000,1.509821,0.000000
19488,3,0.176342,0.890037,30,0,1000.000,1.217023,0.000000
19488,4,0.159190,0.870762,38,0,1000.000,1.263008,0.000000
19488,5,0.101496,0.837461,18,1,949.444,1.208045,0.000000
19488,6,0.038454,0.741988,12,2,837.167,1.235593,0.000000
19488,7,0.041210,0.532978,11,4,648.909,1.475369,0.000000
19536,0,0.148907,0.901749,28,0,1000.000,1.117315,0.000000
19536,1,0.169056,0.889384,43,0,1000.000,1.429167,0.000000
19536,2,0.165344,0.883917,37,0,1000.000,1.208404,0.000000
19536,3,0.176342,0.885152,57,0,1000.000,1.533077,0.000000
19536,4,0.159190,0.879668,39,1,982.308,1.628484,0.000000
19536,5,0.101496,0.834313,29,2,935.103,1.341616,0.000000
19536,6,0.038454,0.582403,15,5,680.200,1.201052,0.000000
19536,7,0.041210,0.650375,19,5,746.000,1.325528,0.000000
19584,0,0.148907,0.880455,42,1,999.452,1.438651,0.000000
19584,1,0.169056,0.869688,49,0,1000.000,1.578365,0.000000
19584,2,0.165344,0.873676,44,0,1000.000,1.328880,0.000000
19584,3,0.176342,0.880439,52,0,1000.000,1.647096,0.000000
19584,4,0.159190,0.890433,69,0,1000.000,1.275564,0.000000
19584,5,0.101496,0.829211,38,2,949.763,1.317697,0.000000
19584,6,0.038454,0.767967,8,1,879.250,1.524818,0.000000
19584,7,0.041210,0.511845,27,11,603.741,1.230708,0.000000
19632,0,0.148907,0.861538,37,1,976.703,1.637249,0.000000
19632,1,0.169056,0.888121,55,0,1000.000,1.335300,0.000000
19632,2,0.165344,0.891141,37,0,1000.000,1.592249,0.000000
19632,3,0.176342,0.887191,51,1,989.941,1.444663,0.000000
19632,4,0.159190,0.879097,52,0,1000.000,1.606462,0.000000
19632,5,0.101496,0.858220,29,1,967.966,1.643567,0.000000
19632,6,0.038454,0.441265,16,8,517.125,1.069843,0.000000
19632,7,0.041210,0.395892,19,10,487.684,0.979921,0.000000
19680,0,0.148907,0.878533,35,0,1000.000,1.285804,0.000000
19680,1,0.169056,0.869316,39,0,1000.000,1.775303,0.000000
19680,2,0.165344,0.889736,35,0,1000.000,1.253940,0.000000
19680,3,0.176342,0.893032,46,0,1000.000,1.372812,0.000000
19680,4,0.159190,0.878464,40,0,1000.000,1.553083,0.000000
19680,5,0.101496,0.854150,34,2,956.441,1.679760,0.000000
19680,6,0.038454,0.590751,9,3,683.444,1.368512,0.000000
19680,7,0.041210,0.430516,20,11,519.950,1.007463,0.000000
19728,0,0.148907,0.865766,31,2,967.290,1.296981,0.000000
19728,1,0.169056,0.860584,26,0,1000.000,1.763449,0.000000
19728,2,0.165344,0.886752,33,0,1000.000,1.386212,0.000000
19728,3,0.176342,0.885495,39,0,1000.000,1.373935,0.000000
19728,4,0.159190,0.874705,35,0,1000.000,1.640132,0.000000
19728,5,0.101496,0.833332,22,2,949.182,1.692276,0.000000
19728,6,0.038454,0.578151,10,4,689.600,1.366319,0.000000
19728,7,0.041210,0.349121,21,13,410.905,1.066244,0.000000
19776,0,0.148907,0.889059,42,0,1000.000,1.270314,0.000000
19776,1,0.169056,0.881120,41,0,1000.000,1.546058,0.000000
19776,2,0.165344,0.879954,35,0,1000.000,1.562727,0.000000
19776,3,0.176342,0.871247,41,0,1000.000,1.668746,0.000000
19776,4,0.159190,0.875405,31,1,984.097,1.592971,0.000000
19776,5,0.101496,0.717629,17,3,833.118,1.558312,0.000000
19776,6,0.038454,0.754276,9,2,855.333,1.422073,0.000000
19776,7,0.041210,0.504091,20,9,582.150,0.999060,0.000000
19824,0,0.148907,0.883389,33,1,999.485,1.454814,0.000000
19824,1,0.169056,0.895749,30,0,1000.000,1.327672,0.000000
19824,2,0.165344,0.888238,33,0,1000.000,1.425177,0.000000
19824,3,0.176342,0.860344,34,0,1000.000,1.772573,0.000000
19824,4,0.159190,0.841841,33,3,962.455,1.623146,0.000000
19824,5,0.101496,0.880458,22,0,1000.000,1.491530,0.000000
19824,6,0.038454,0.700484,10,3,789.100,1.661686,0.000000
19824,7,0.041210,0.521051,13,6,628.615,1.102972,0.000000
19872,0,0.148907,0.874854,27,0,1000.000,1.251196,0.000000
19872,1,0.169056,0.884051,34,0,1000.000,1.347736,0.000000
19872,2,0.165344,0.894638,30,0,1000.000,1.100001,0.000000
19872,3,0.176342,0.875226,36,0,1000.000,1.440721,0.000000
19872,4,0.159190,0.871020,31,0,1000.000,1.638340,0.000000
19872,5,0.101496,0.874443,22,0,1000.000,1.704004,0.000000
19872,6,0.038454,0.691838,5,2,764.000,0.640488,0.000000
19872,7,0.041210,0.495021,13,6,575.000,1.003016,0.000000
19920,0,0.148907,0.891320,31,1,979.613,1.253709,0.000000
19920,1,0.169056,0.886883,25,0,1000.000,1.331710,0.000000
19920,2,0.165344,0.884569,30,0,1000.000,1.203303,0.000000
19920,3,0.176342,0.898228,27,0,1000.000,1.241277,0.000000
19920,4,0.159190,0.884331,38,0,1000.000,1.230210,0.000000
19920,5,0.101496,0.842745,15,1,977.533,1.689928,0.000000
19920,6,0.038454,0.764086,7,1,865.000,1.217189,0.000000
19920,7,0.041210,0.560766,14,5,655.071,1.068874,0.000000
19968,0,0.148907,0.872916,25,0,1000.000,1.512712,0.000000
19968,1,0.169056,0.888854,27,0,1000.000,1.222243,0.000000
19968,2,0.165344,0.884032,21,0,1000.000,1.261024,0.000000
19968,3,0.176342,0.898220,30,0,1000.000,1.155794,0.000000
19968,4,0.159190,0.861547,26,1,963.385,1.208167,0.000000
19968,5,0.101496,0.894872,17,0,1000.000,1.185288,0.000000
19968,6,0.038454,0.890185,3,0,1000.000,1.517234,0.000000
19968,7,0.041210,0.458189,11,5,576.818,1.563511,0.000000
20016,0,0.148907,0.875631,24,2,989.500,1.209458,0.000000
20016,1,0.169056,0.869105,21,0,1000.000,1.592444,0.000000
20016,2,0.165344,0.842563,26,0,1000.000,1.904938,0.000000
20016,3,0.176342,0.854248,35,0,1000.000,1.643745,0.000000
20016,4,0.159190,0.871067,21,0,1000.000,1.544122,0.000000
20016,5,0.101496,0.878941,16,1,992.812,1.388040,0.000000
20016,6,0.038454,0.682683,8,2,755.250,0.853849,0.000000
20016,7,0.041210,0.504560,16,7,596.750,1.250118,0.000000
20112,0,0.148907,0.879416,40,1,982.175,1.320292,0.000000
20112,1,0.169056,0.885705,48,0,1000.000,1.564195,0.000000
20112,2,0.165344,0.882186,54,0,1000.000,1.459989,0.000000
20112,3,0.176342,0.889741,39,0,1000.000,1.319604,0.000000
20112,4,0.159190,0.881851,45,1,997.667,1.455429,0.000000
20112,5,0.101496,0.832137,24,1,961.458,1.811274,0.000000
20112,6,0.038454,0.568480,24,11,661.375,1.417822,0.000000
20112,7,0.041210,0.445632,32,18,561.469,1.120623,0.000000
20208,0,0.148907,0.858767,42,0,1000.000,1.632530,0.000000
20208,1,0.169056,0.886785,44,0,1000.000,1.315127,0.000000
20208,2,0.165344,0.887119,48,0,1000.000,1.229923,0.000000
20208,3,0.176342,0.867558,52,0,1000.000,1.542407,0.000000
20208,4,0.159190,0.888491,47,0,1000.000,1.426822,0.000000
20208,5,0.101496,0.890141,33,0,1000.000,1.377609,0.000000
20208,6,0.038454,0.657836,19,7,742.000,1.310750,0.000000
20208,7,0.041210,0.529877,32,16,666.156,1.180441,0.000000
20256,0,0.148907,0.874445,22,0,1000.000,1.717675,0.000000
20256,1,0.169056,0.893358,26,0,1000.000,1.327770,0.000000
20256,2,0.165344,0.880549,28,0,1000.000,1.523642,0.000000
20256,3,0.176342,0.887946,30,0,1000.000,1.227340,0.000000
20256,4,0.159190,0.875736,27,0,1000.000,1.677412,0.000000
20256,5,0.101496,0.887604,15,0,1000.000,1.660234,0.000000
20256,6,0.038454,0.570502,11,4,665.727,1.267445,0.000000
20256,7,0.041210,0.312074,18,12,403.556,0.762257,0.000000
20304,0,0.148907,0.885947,25,1,976.080,1.489389,0.000000
20304,1,0.169056,0.893947,30,0,1000.000,1.332686,0.000000
20304,2,0.165344,0.888310,31,0,1000.000,1.312901,0.000000
20304,3,0.176342,0.880728,43,0,1000.000,1.497727,0.000000
20304,4,0.159190,0.897598,28,0,1000.000,1.266558,0.000000
20304,5,0.101496,0.831098,15,1,938.267,1.714692,0.000000
20304,6,0.038454,0.762652,8,1,878.000,1.524581,0.000000
20304,7,0.041210,0.500451,11,5,582.818,1.193393,0.000000
20352,0,0.148907,0.890997,27,0,1000.000,1.425795,0.000000
20352,1,0.169056,0.895177,36,0,1000.000,1.384062,0.000000
20352,2,0.165344,0.885780,26,0,1000.000,1.538536,0.000000
20352,3,0.176342,0.888318,40,0,1000.000,1.581386,0.000000
20352,4,0.159190,0.883369,32,0,1000.000,1.350315,0.000000
20352,5,0.101496,0.857664,26,1,963.038,1.325156,0.000000
20352,6,0.038454,0.843996,9,0,1000.000,1.394701,0.000000
20352,7,0.041210,0.467022,14,7,537.929,1.047759,0.000000
20400,0,0.148907,0.890038,22,0,1000.000,1.238240,0.000000
20400,1,0.169056,0.888257,30,0,1000.000,1.655452,0.000000
20400,2,0.165344,0.883468,30,0,1000.000,1.629470,0.000000
20400,3,0.176342,0.890072,35,0,1000.000,1.415461,0.000000
20400,4,0.159190,0.889393,34,0,1000.000,1.428990,0.000000
20400,5,0.101496,0.845441,24,1,961.125,1.282380,0.000000
20400,6,0.038454,0.623761,14,4,731.500,1.014098,0.000000
20400,7,0.041210,0.363383,14,8,450.643,1.040257,0.000000
20448,0,0.148907,0.880300,40,1,983.675,1.398963,0.000000
20448,1,0.169056,0.898560,38,0,1000.000,1.297075,0.000000
20448,2,0.165344,0.890690,31,0,1000.000,1.475456,0.000000
20448,3,0.176342,0.889664,31,0,1000.000,1.111952,0.000000
20448,4,0.159190,0.878439,39,0,1000.000,1.634018,0.000000
20448,5,0.101496,0.899264,21,0,1000.000,1.528131,0.000000
20448,6,0.038454,0.618001,13,4,710.077,1.212178,0.000000
20448,7,0.041210,0.451410,13,7,533.154,1.105647,0.000000
20496,0,0.148907,0.906069,28,0,1000.000,1.011104,0.000000
20496,1,0.169056,0.871367,42,0,1000.000,1.719160,0.000000
20496,2,0.165344,0.894528,37,0,1000.000,1.335299,0.000000
20496,3,0.176342,0.884658,28,0,1000.000,1.712307,0.000000
20496,4,0.159190,0.884728,21,0,1000.000,1.393507,0.000000
20496,5,0.101496,0.896645,23,0,1000.000,1.492380,0.000000
20496,6,0.038454,0.747133,8,1,883.375,1.649806,0.000000
20496,7,0.041210,0.492995,14,6,612.214,1.571404,0.000000
20544,0,0.148907,0.892678,39,1,991.205,1.371845,0.000000
20544,1,0.169056,0.883442,34,0,1000.000,1.549481,0.000000
20544,2,0.165344,0.892555,47,0,1000.000,1.345616,0.000000
20544,3,0.176342,0.890221,51,0,1000.000,1.431161,0.000000
20544,4,0.159190,0.898187,43,0,1000.000,1.454557,0.000000
20544,5,0.101496,0.832765,37,3,950.324,1.364805,0.000000
20544,6,0.038454,0.735088,13,3,821.462,1.251381,0.000000
20544,7,0.041210,0.644917,18,5,729.056,1.046428,0.000000
20592,0,0.148907,0.893248,36,1,991.833,1.311426,0.000000
20592,1,0.169056,0.889534,52,0,1000.000,1.372047,0.000000
20592,2,0.165344,0.875663,52,0,1000.000,1.630792,0.000000
20592,3,0.176342,0.893815,52,0,1000.000,1.360819,0.000000
20592,4,0.159190,0.883978,54,0,1000.000,1.499619,0.000000
20592,5,0.101496,0.872871,36,0,1000.000,1.551345,0.000000
20592,6,0.038454,0.520390,19,9,602.158,1.240616,0.000000
20592,7,0.041210,0.481472,17,8,574.000,1.174533,0.000000
20640,0,0.148907,0.891719,49,1,997.918,1.485892,0.000000
20640,1,0.169056,0.882843,48,0,1000.000,1.493277,0.000000
20640,2,0.165344,0.892168,48,0,1000.000,1.477796,0.000000
20640,3,0.176342,0.848885,34,1,971.588,1.500218,0.000000
20640,4,0.159190,0.891612,55,0,1000.000,1.596692,0.000000
20640,5,0.101496,0.794457,28,3,916.607,1.639185,0.000000
20640,6,0.038454,0.665560,22,8,774.182,1.367684,0.000000
20640,7,0.041210,0.361666,26,16,460.231,1.185400,0.000000
20688,0,0.148907,0.876601,36,1,973.806,1.147887,0.000000
20688,1,0.169056,0.898727,35,0,1000.000,1.282718,0.000000
20688,2,0.165344,0.894498,45,0,1000.000,1.393636,0.000000
20688,3,0.176342,0.884233,37,0,1000.000,1.531271,0.000000
20688,4,0.159190,0.880439,37,0,1000.000,1.500658,0.000000
20688,5,0.101496,0.844361,25,2,945.800,1.503536,0.000000
20688,6,0.038454,0.522558,9,4,591.778,1.313817,0.000000
20688,7,0.041210,0.458726,19,9,543.316,1.158628,0.000000
20736,0,0.148907,0.887290,33,0,1000.000,1.552965,0.000000
20736,1,0.169056,0.897278,40,0,1000.000,1.381908,0.000000
20736,2,0.165344,0.899511,25,0,1000.000,1.257057,0.000000
20736,3,0.176342,0.885378,33,1,999.667,1.342825,0.000000
20736,4,0.159190,0.870311,35,1,973.086,1.462870,0.000000
20736,5,0.101496,0.818933,20,2,932.300,1.643150,0.000000
20736,6,0.038454,0.519414,16,7,590.250,0.982520,0.000000
20736,7,0.041210,0.492564,8,4,561.000,1.366929,0.000000
20784,0,0.148907,0.886213,34,0,1000.000,1.342090,0.000000
20784,1,0.169056,0.901842,40,0,1000.000,1.214302,0.000000
20784,2,0.165344,0.883799,39,0,1000.000,1.537992,0.000000
20784,3,0.176342,0.897355,43,0,1000.000,1.384809,0.000000
20784,4,0.159190,0.850948,35,1,972.429,1.664610,0.000000
20784,5,0.101496,0.889591,18,0,1000.000,1.421433,0.000000
20784,6,0.038454,0.697595,9,2,784.778,1.258973,0.000000
20784,7,0.041210,0.389306,23,13,468.000,0.920264,0.000000
20832,0,0.148907,0.882471,22,1,985.045,1.272001,0.000000
20832,1,0.169056,0.884966,35,0,1000.000,1.548083,0.000000
20832,2,0.165344,0.866571,29,0,1000.000,1.544837,0.000000
20832,3,0.176342,0.885493,33,0,1000.000,1.568681,0.000000
20832,4,0.159190,0.893368,23,0,1000.000,1.561200,0.000000
20832,5,0.101496,0.893502,27,0,1000.000,1.719296,0.000000
20832,6,0.038454,0.519788,7,3,584.857,1.083947,0.000000
20832,7,0.041210,0.604944,19,6,706.053,1.452916,0.000000
20880,0,0.148907,0.880118,31,2,963.097,1.253744,0.000000
20880,1,0.169056,0.878603,35,0,1000.000,1.435765,0.000000
20880,2,0.165344,0.888090,26,0,1000.000,1.370280,0.000000
20880,3,0.176342,0.890807,49,0,1000.000,1.570146,0.000000
20880,4,0.159190,0.893548,29,0,1000.000,1.586058,0.000000
20880,5,0.101496,0.828849,22,1,958.273,1.487356,0.000000
20880,6,0.038454,0.682149,9,2,786.778,1.343249,0.000000
20880,7,0.041210,0.669322,12,3,762.500,1.191003,0.000000
20976,0,0.148907,0.888996,49,2,975.673,1.347319,0.000000
20976,1,0.169056,0.887314,48,0,1000.000,1.383321,0.000000
20976,2,0.165344,0.896234,47,0,1000.000,1.516618,0.000000
20976,3,0.176342,0.883367,55,0,1000.000,1.512467,0.000000
20976,4,0.159190,0.868162,60,2,980.083,1.552117,0.000000
20976,5,0.101496,0.829459,36,3,945.472,1.579605,0.000000
20976,6,0.038454,0.585276,14,5,655.000,0.871787,0.000000
20976,7,0.041210,0.590750,29,10,669.034,1.106707,0.000000
21024,0,0.148907,0.879918,21,1,955.619,1.297060,0.000000
21024,1,0.169056,0.907605,28,0,1000.000,1.381749,0.000000
21024,2,0.165344,0.907057,24,0,1000.000,1.362082,0.000000
21024,3,0.176342,0.894273,35,0,1000.000,1.442946,0.000000
21024,4,0.159190,0.887186,21,1,970.190,1.425164,0.000000
21024,5,0.101496,0.788597,21,2,908.952,1.473248,0.000000
21024,6,0.038454,0.794834,6,1,868.667,1.724192,0.000000
21024,7,0.041210,0.176882,11,9,256.000,0.892188,0.000000
21072,0,0.148907,0.898574,21,0,1000.000,1.233986,0.000000
21072,1,0.169056,0.891750,19,0,1000.000,1.491738,0.000000
21072,2,0.165344,0.888682,30,0,1000.000,1.639041,0.000000
21072,3,0.176342,0.888498,23,0,1000.000,1.394925,0.000000
21072,4,0.159190,0.897262,21,0,1000.000,1.273554,0.000000
21072,5,0.101496,0.787258,14,1,932.286,1.719328,0.000000
21072,6,0.038454,0.631415,10,3,706.200,1.031589,0.000000
21072,7,0.041210,0.536679,10,4,610.200,1.067570,0.000000
21120,0,0.148907,0.888138,23,0,1000.000,1.431998,0.000000
21120,1,0.169056,0.898498,25,0,1000.000,1.451059,0.000000
21120,2,0.165344,0.900855,19,0,1000.000,1.347860,0.000000
21120,3,0.176342,0.879421,28,0,1000.000,1.528883,0.000000
21120,4,0.159190,0.888235,25,0,1000.000,1.578068,0.000000
21120,5,0.101496,0.908927,21,0,1000.000,1.218532,0.000000
21120,6,0.038454,0.365755,5,3,429.000,0.610713,0.000000
21120,7,0.041210,0.598792,11,4,688.182,1.341389,0.000000
21168,0,0.148907,0.892554,23,1,991.696,1.549793,0.000000
21168,1,0.169056,0.876651,25,0,1000.000,1.415625,0.000000
21168,2,0.165344,0.881040,29,0,1000.000,1.572056,0.000000
21168,3,0.176342,0.884871,24,0,1000.000,1.536808,0.000000
21168,4,0.159190,0.891003,24,0,1000.000,1.751930,0.000000
21168,5,0.101496,0.766517,12,1,920.583,1.530618,0.000000
21168,6,0.038454,0.814914,9,1,891.444,0.768593,0.000000
21168,7,0.041210,0.318666,9,6,390.556,0.911811,0.000000
21216,0,0.148907,0.882045,20,0,1000.000,1.835772,0.000000
21216,1,0.169056,0.883936,33,0,1000.000,1.509436,0.000000
21216,2,0.165344,0.894186,22,0,1000.000,1.464832,0.000000
21216,3,0.176342,0.900031,25,0,1000.000,1.270085,0.000000
21216,4,0.159190,0.899734,20,0,1000.000,1.456365,0.000000
21216,5,0.101496,0.861437,20,0,1000.000,1.579195,0.000000
21216,6,0.038454,0.648861,9,3,725.778,1.169243,0.000000
21216,7,0.041210,0.519285,9,4,601.222,1.019187,0.000000
21264,0,0.148907,0.893565,35,2,983.771,1.459546,0.000000
21264,1,0.169056,0.900330,34,0,1000.000,1.255202,0.000000
21264,2,0.165344,0.895569,28,0,1000.000,1.462390,0.000000
21264,3,0.176342,0.890796,23,0,1000.000,1.559018,0.000000
21264,4,0.159190,0.906614,25,0,1000.000,1.239139,0.000000
21264,5,0.101496,0.891759,14,0,1000.000,1.494609,0.000000
21264,6,0.038454,0.789140,8,1,880.250,0.923446,0.000000
21264,7,0.041210,0.635767,7,2,734.571,1.566707,0.000000
21312,0,0.148907,0.868525,27,2,961.667,1.493266,0.000000
21312,1,0.169056,0.896018,36,0,1000.000,1.241833,0.000000
21312,2,0.165344,0.904240,38,0,1000.000,1.293989,0.000000
21312,3,0.176342,0.900965,32,0,1000.000,1.295099,0.000000
21312,4,0.159190,0.876770,27,0,1000.000,1.609336,0.000000
21312,5,0.101496,0.772918,15,2,878.267,1.609458,0.000000
21312,6,0.038454,0.447789,12,6,516.000,1.042124,0.000000
21312,7,0.041210,0.395975,13,8,466.077,0.531705,0.000000
21360,0,0.148907,0.881406,28,0,1000.000,1.410362,0.000000
21360,1,0.169056,0.895189,27,0,1000.000,1.515746,0.000000
21360,2,0.165344,0.892146,34,0,1000.000,1.333506,0.000000
21360,3,0.176342,0.889271,37,0,1000.000,1.579393,0.000000
21360,4,0.159190,0.841363,37,2,966.676,1.640032,0.000000
21360,5,0.101496,0.878858,16,1,985.250,1.669956,0.000000
21360,6,0.038454,0.481879,13,6,555.846,1.111482,0.000000
21360,7,0.041210,0.356396,22,14,444.364,0.966432,0.000000
21408,0,0.148907,0.890667,35,0,1000.000,1.668901,0.000000
21408,1,0.169056,0.894754,43,0,1000.000,1.496678,0.000000
21408,2,0.165344,0.895944,28,0,1000.000,1.452253,0.000000
21408,3,0.176342,0.891472,33,0,1000.000,1.499918,0.000000
21408,4,0.159190,0.852129,26,3,976.462,1.610912,0.000000
21408,5,0.101496,0.899757,17,1,994.529,1.206081,0.000000
21408,6,0.038454,0.777631,8,1,881.375,1.604381,0.000000
21408,7,0.041210,0.616428,16,5,696.188,1.062741,0.000000
21456,0,0.148907,0.878690,30,1,993.100,1.567645,0.000000
21456,1,0.169056,0.889150,29,0,1000.000,1.534341,0.000000
21456,2,0.165344,0.889383,43,0,1000.000,1.245960,0.000000
21456,3,0.176342,0.895606,33,0,1000.000,1.602920,0.000000
21456,4,0.159190,0.893548,39,0,1000.000,1.521248,0.000000
21456,5,0.101496,0.882314,27,0,1000.000,1.557129,0.000000
21456,6,0.038454,0.506741,14,6,594.214,1.173921,0.000000
21456,7,0.041210,0.578378,17,6,655.765,1.205572,0.000000
21504,0,0.148907,0.896206,37,0,1000.000,1.377171,0.000000
21504,1,0.169056,0.907663,27,0,1000.000,1.072546,0.000000
21504,2,0.165344,0.902836,38,0,1000.000,1.301685,0.000000
21504,3,0.176342,0.886970,26,0,1000.000,1.467571,0.000000
21504,4,0.159190,0.891802,27,0,1000.000,1.614800,0.000000
21504,5,0.101496,0.844788,21,1,953.857,1.104961,0.000000
21504,6,0.038454,0.389325,8,5,428.000,1.219605,0.000000
21504,7,0.041210,0.417533,17,9,496.294,1.234264,0.000000
21552,0,0.148907,0.890414,41,1,977.976,1.213751,0.000000
21552,1,0.169056,0.890733,53,0,1000.000,1.357432,0.000000
21552,2,0.165344,0.873691,46,1,979.304,1.338528,0.000000
21552,3,0.176342,0.896730,46,1,989.913,1.396785,0.000000
21552,4,0.159190,0.886070,41,0,1000.000,1.567538,0.000000
21552,5,0.101496,0.883037,27,1,999.111,1.475939,0.000000
21552,6,0.038454,0.821608,10,1,903.300,0.957596,0.000000
21552,7,0.041210,0.561671,16,6,639.938,1.149185,0.000000
21600,0,0.148907,0.888940,51,3,973.294,1.175489,0.000000
21600,1,0.169056,0.890912,51,0,1000.000,1.637073,0.000000
21600,2,0.165344,0.882145,38,0,1000.000,1.364631,0.000000
21600,3,0.176342,0.866919,60,0,1000.000,1.628712,0.000000
21600,4,0.159190,0.876478,57,3,960.596,1.381897,0.000000
21600,5,0.101496,0.892015,40,1,993.850,1.485217,0.000000
21600,6,0.038454,0.816176,12,1,919.500,1.108983,0.000000
21600,7,0.041210,0.583546,17,6,656.882,1.178672,0.000000
21648,0,0.122906,0.887811,52,1,983.365,1.556103,0.000000
21648,1,0.131728,0.890413,52,0,1000.000,1.440188,0.000000
21648,2,0.139753,0.884386,35,0,1000.000,1.353719,0.000000
21648,3,0.132376,0.887692,38,1,999.842,1.498922,0.000000
21648,4,0.135017,0.896248,49,0,1000.000,1.447898,0.000000
21648,5,0.143538,0.851062,24,1,960.833,1.568518,0.000000
21648,6,0.101503,0.663692,15,4,747.600,1.261384,0.000000
21648,7,0.093178,0.484585,21,10,567.952,1.216695,0.000000
21696,0,0.122906,0.884966,21,1,978.000,1.522601,0.000000
21696,1,0.131728,0.906842,32,0,1000.000,1.206533,0.000000
21696,2,0.139753,0.880419,37,0,1000.000,1.424524,0.000000
21696,3,0.132376,0.900240,26,0,1000.000,1.242263,0.000000
21696,4,0.135017,0.901939,28,0,1000.000,1.336629,0.000000
21696,5,0.143538,0.897316,33,0,1000.000,1.574497,0.000000
21696,6,0.101503,0.703833,28,6,792.821,1.393545,0.000000
21696,7,0.093178,0.521452,41,17,598.244,1.056830,0.000000
21744,0,0.122906,0.899913,18,2,971.444,1.313153,0.000000
21744,1,0.131728,0.881869,28,0,1000.000,1.699740,0.000000
21744,2,0.139753,0.893166,30,0,1000.000,1.224352,0.000000
21744,3,0.132376,0.893913,28,0,1000.000,1.122414,0.000000
21744,4,0.135017,0.863059,36,0,1000.000,1.731405,0.000000
21744,5,0.143538,0.826495,32,3,924.469,1.367495,0.000000
21744,6,0.101503,0.708706,29,6,798.759,1.385582,0.000000
21744,7,0.093178,0.563187,31,11,654.581,1.291134,0.000000
21792,0,0.122906,0.895975,35,3,975.171,1.039633,0.000000
21792,1,0.131728,0.877683,22,0,1000.000,1.649793,0.000000
21792,2,0.139753,0.898264,36,0,1000.000,1.337983,0.000000
21792,3,0.132376,0.894993,32,0,1000.000,1.645554,0.000000
21792,4,0.135017,0.885743,29,0,1000.000,1.637568,0.000000
21792,5,0.143538,0.874503,37,1,974.432,1.513245,0.000000
21792,6,0.101503,0.692886,26,6,777.077,1.346103,0.000000
21792,7,0.093178,0.491997,31,14,560.065,0.998304,0.000000
21840,0,0.122906,0.904137,26,3,976.808,1.214208,0.000000
21840,1,0.131728,0.892263,25,0,1000.000,1.598681,0.000000
21840,2,0.139753,0.900033,31,0,1000.000,1.386175,0.000000
21840,3,0.132376,0.894173,27,0,1000.000,1.378805,0.000000
21840,4,0.135017,0.892264,21,0,1000.000,1.299323,0.000000
21840,5,0.143538,0.845948,22,1,957.500,1.543789,0.000000
21840,6,0.101503,0.611130,29,10,693.759,1.129772,0.000000
21840,7,0.093178,0.470346,24,12,535.583,0.868794,0.000000
21888,0,0.122906,0.894126,21,0,1000.000,1.453372,0.000000
21888,1,0.131728,0.877262,32,0,1000.000,1.697328,0.000000
21888,2,0.139753,0.896680,28,0,1000.000,1.657482,0.000000
21888,3,0.132376,0.903880,30,0,1000.000,1.608448,0.000000
21888,4,0.135017,0.878193,29,0,1000.000,1.461105,0.000000
21888,5,0.143538,0.806376,30,3,904.800,1.155043,0.000000
21888,6,0.101503,0.682263,26,6,779.654,1.292511,0.000000
21888,7,0.093178,0.480610,24,11,556.500,1.273182,0.000000
21936,0,0.122906,0.893967,17,0,1000.000,1.619684,0.000000
21936,1,0.131728,0.871478,20,0,1000.000,1.715918,0.000000
21936,2,0.139753,0.890284,23,0,1000.000,1.694377,0.000000
21936,3,0.132376,0.898314,27,0,1000.000,1.599933,0.000000
21936,4,0.135017,0.887920,25,0,1000.000,1.631125,0.000000
21936,5,0.143538,0.892551,21,1,983.952,1.409097,0.000000
21936,6,0.101503,0.668743,23,6,749.652,1.262788,0.000000
21936,7,0.093178,0.571455,27,10,650.333,1.208948,0.000000
21984,0,0.122906,0.907761,11,0,1000.000,1.136407,0.000000
21984,1,0.131728,0.892879,24,0,1000.000,1.580860,0.000000
21984,2,0.139753,0.897304,21,0,1000.000,1.593082,0.000000
21984,3,0.132376,0.865508,25,0,1000.000,1.844939,0.000000
21984,4,0.135017,0.886631,24,0,1000.000,1.554534,0.000000
21984,5,0.143538,0.789884,14,2,901.214,1.594883,0.000000
21984,6,0.101503,0.774808,22,4,869.409,1.273279,0.000000
21984,7,0.093178,0.699081,22,5,778.182,1.263576,0.000000
22032,0,0.122906,0.893641,20,3,908.400,1.021266,0.000000
22032,1,0.131728,0.864950,14,0,1000.000,1.692823,0.000000
22032,2,0.139753,0.904859,29,0,1000.000,1.161570,0.000000
22032,3,0.132376,0.903412,17,0,1000.000,1.442147,0.000000
22032,4,0.135017,0.870432,28,2,955.571,1.186198,0.000000
22032,5,0.143538,0.863503,29,2,949.655,1.318453,0.000000
22032,6,0.101503,0.669211,19,5,746.053,0.973674,0.000000
22032,7,0.093178,0.424184,21,11,504.190,1.010090,0.000000
22080,0,0.122906,0.889177,8,0,1000.000,1.454441,0.000000
22080,1,0.131728,0.901931,19,0,1000.000,1.276696,0.000000
22080,2,0.139753,0.879542,26,1,971.808,1.353155,0.000000
22080,3,0.132376,0.883224,19,0,1000.000,1.474435,0.000000
22080,4,0.135017,0.900667,19,1,974.789,1.266656,0.000000
22080,5,0.143538,0.890154,30,0,1000.000,1.384523,0.000000
22080,6,0.101503,0.586056,15,5,677.333,1.316586,0.000000
22080,7,0.093178,0.490731,26,12,585.269,0.977650,0.000000
22128,0,0.122906,0.897425,22,0,1000.000,1.505946,0.000000
22128,1,0.131728,0.866615,20,0,1000.000,1.635729,0.000000
22128,2,0.139753,0.890434,19,0,1000.000,1.353797,0.000000
22128,3,0.132376,0.890445,15,0,1000.000,1.595273,0.000000
22128,4,0.135017,0.855913,19,0,1000.000,1.466946,0.000000
22128,5,0.143538,0.830695,23,2,927.522,1.863979,0.000000
22128,6,0.101503,0.679289,17,4,773.647,1.429115,0.000000
22128,7,0.093178,0.650797,20,5,767.950,1.161724,0.000000
22176,0,0.122906,0.903365,11,0,1000.000,1.433044,0.000000
22176,1,0.131728,0.885047,15,0,1000.000,1.349864,0.000000
22176,2,0.139753,0.884414,25,0,1000.000,1.674535,0.000000
22176,3,0.132376,0.886222,16,0,1000.000,1.585426,0.000000
22176,4,0.135017,0.882564,35,1,988.971,1.634119,0.000000
22176,5,0.143538,0.868958,22,2,940.364,1.202237,0.000000
22176,6,0.101503,0.775810,22,3,871.727,1.398619,0.000000
22176,7,0.093178,0.411506,16,9,468.125,0.654658,0.000000
22224,0,0.122906,0.858691,21,0,1000.000,1.462335,0.000000
22224,1,0.131728,0.885419,18,1,955.111,1.588516,0.000000
22224,2,0.139753,0.892369,20,0,1000.000,1.471763,0.000000
22224,3,0.132376,0.873433,25,0,1000.000,1.632027,0.000000
22224,4,0.135017,0.872905,17,2,934.647,1.299878,0.000000
22224,5,0.143538,0.828422,21,4,890.048,1.301148,0.000000
22224,6,0.101503,0.796154,17,2,885.588,1.161133,0.000000
22224,7,0.093178,0.692000,20,5,779.650,1.143967,0.000000
22272,0,0.122906,0.870636,23,0,1000.000,1.583334,0.000000
22272,1,0.131728,0.887630,23,0,1000.000,1.727967,0.000000
22272,2,0.139753,0.895110,22,0,1000.000,1.433385,0.000000
22272,3,0.132376,0.907091,32,0,1000.000,1.153712,0.000000
22272,4,0.135017,0.873948,30,3,982.100,1.639627,0.000000
22272,5,0.143538,0.839768,22,3,924.773,1.477863,0.000000
22272,6,0.101503,0.863069,14,1,967.429,1.404542,0.000000
22272,7,0.093178,0.561844,25,10,654.200,1.098089,0.000000
22320,0,0.122906,0.899092,21,0,1000.000,1.197648,0.000000
22320,1,0.131728,0.894068,27,0,1000.000,1.325415,0.000000
22320,2,0.139753,0.894780,31,0,1000.000,1.494851,0.000000
22320,3,0.132376,0.899226,16,0,1000.000,1.416052,0.000000
22320,4,0.135017,0.892158,21,0,1000.000,1.132195,0.000000
22320,5,0.143538,0.853074,29,3,931.621,1.486867,0.000000
22320,6,0.101503,0.751926,22,4,838.773,1.308970,0.000000
22320,7,0.093178,0.699033,30,7,798.167,1.323457,0.000000
22368,0,0.122906,0.881319,30,0,1000.000,1.513584,0.000000
22368,1,0.131728,0.900432,32,0,1000.000,1.452639,0.000000
22368,2,0.139753,0.905579,21,0,1000.000,1.329511,0.000000
22368,3,0.132376,0.898510,25,0,1000.000,1.556347,0.000000
22368,4,0.135017,0.891100,29,0,1000.000,1.640259,0.000000
22368,5,0.143538,0.898162,27,0,1000.000,1.577346,0.000000
22368,6,0.101503,0.766673,28,4,868.000,1.483488,0.000000
22368,7,0.093178,0.433923,29,15,503.828,1.013771,0.000000
22416,0,0.122906,0.901050,22,0,1000.000,1.305075,0.000000
22416,1,0.131728,0.892164,24,0,1000.000,1.483765,0.000000
22416,2,0.139753,0.897546,29,0,1000.000,1.494209,0.000000
22416,3,0.132376,0.869232,23,0,1000.000,1.437168,0.000000
22416,4,0.135017,0.884206,29,1,969.103,1.336284,0.000000
22416,5,0.143538,0.877359,40,2,960.875,1.242361,0.000000
22416,6,0.101503,0.717332,26,5,817.423,1.674246,0.000000
22416,7,0.093178,0.496533,30,14,574.667,1.157898,0.000000
22464,0,0.122906,0.890436,21,0,1000.000,1.724739,0.000000
22464,1,0.131728,0.889902,24,0,1000.000,1.527546,0.000000
22464,2,0.139753,0.897466,17,0,1000.000,1.391084,0.000000
22464,3,0.132376,0.896407,32,0,1000.000,1.435110,0.000000
22464,4,0.135017,0.900397,26,0,1000.000,1.319121,0.000000
22464,5,0.143538,0.816655,29,1,968.138,1.712740,0.000000
22464,6,0.101503,0.803292,27,2,930.148,1.695154,0.000000
22464,7,0.093178,0.644750,30,9,740.800,1.314640,0.000000
22512,0,0.122906,0.883820,31,1,971.677,1.136255,0.000000
22512,1,0.131728,0.893303,26,0,1000.000,1.605362,0.000000
22512,2,0.139753,0.877246,28,0,1000.000,1.549909,0.000000
22512,3,0.132376,0.893167,25,0,1000.000,1.518190,0.000000
22512,4,0.135017,0.875068,32,0,1000.000,1.593024,0.000000
22512,5,0.143538,0.897055,22,0,1000.000,1.530203,0.000000
22512,6,0.101503,0.706554,29,6,806.069,1.275070,0.000000
22512,7,0.093178,0.591396,27,10,686.556,1.065714,0.000000
22560,0,0.122906,0.903462,34,0,1000.000,1.248829,0.000000
22560,1,0.131728,0.884431,38,0,1000.000,1.629472,0.000000
22560,2,0.139753,0.904817,44,0,1000.000,1.390211,0.000000
22560,3,0.132376,0.899477,35,0,1000.000,1.468259,0.000000
22560,4,0.135017,0.875188,35,0,1000.000,1.578609,0.000000
22560,5,0.143538,0.895264,48,0,1000.000,1.588655,0.000000
22560,6,0.101503,0.863792,34,1,974.559,1.721203,0.000000
22560,7,0.093178,0.617808,35,11,710.429,1.191918,0.000000
22608,0,0.122906,0.884276,34,1,986.118,1.299593,0.000000
22608,1,0.131728,0.897435,33,0,1000.000,1.523731,0.000000
22608,2,0.139753,0.896760,36,0,1000.000,1.397877,0.000000
22608,3,0.132376,0.889928,58,0,1000.000,1.567144,0.000000
22608,4,0.135017,0.898605,44,0,1000.000,1.382588,0.000000
22608,5,0.143538,0.890704,48,2,994.312,1.544611,0.000000
22608,6,0.101503,0.710849,36,6,844.833,1.533066,0.000000
22608,7,0.093178,0.566156,44,16,646.795,1.064958,0.000000
22656,0,0.122906,0.883567,29,0,1000.000,1.568037,0.000000
22656,1,0.131728,0.891128,27,0,1000.000,1.357781,0.000000
22656,2,0.139753,0.885328,28,0,1000.000,1.634214,0.000000
22656,3,0.132376,0.901680,34,0,1000.000,1.314009,0.000000
22656,4,0.135017,0.888196,41,0,1000.000,1.657357,0.000000
22656,5,0.143538,0.888655,27,0,1000.000,1.658546,0.000000
22656,6,0.101503,0.716967,31,6,815.258,1.461915,0.000000
22656,7,0.093178,0.531892,50,20,617.700,1.288017,0.000000
22704,0,0.122906,0.871907,33,0,1000.000,1.695801,0.000000
22704,1,0.131728,0.870908,33,0,1000.000,1.576934,0.000000
22704,2,0.139753,0.889838,32,0,1000.000,1.649812,0.000000
22704,3,0.132376,0.835093,26,0,1000.000,2.112510,0.000000
22704,4,0.135017,0.886046,36,0,1000.000,1.620382,0.000000
22704,5,0.143538,0.845950,26,1,964.077,1.869736,0.000000
22704,6,0.101503,0.665692,25,6,775.720,1.644833,0.000000
22704,7,0.093178,0.533374,34,14,651.500,1.287045,0.000000
22752,0,0.122906,0.882082,23,0,1000.000,1.349563,0.000000
22752,1,0.131728,0.858341,31,0,1000.000,1.720017,0.000000
22752,2,0.139753,0.866185,33,0,1000.000,1.625359,0.000000
22752,3,0.132376,0.856780,21,0,1000.000,1.967039,0.000000
22752,4,0.135017,0.869181,37,1,981.730,1.426770,0.000000
22752,5,0.143538,0.871444,19,1,995.526,1.622881,0.000000
22752,6,0.101503,0.825572,29,2,936.207,1.750762,0.000000
22752,7,0.093178,0.524595,39,16,620.359,1.218842,0.000000
22800,0,0.122906,0.859216,28,0,1000.000,1.732701,0.000000
22800,1,0.131728,0.897812,28,0,1000.000,1.470652,0.000000
22800,2,0.139753,0.892900,30,0,1000.000,1.545430,0.000000
22800,3,0.132376,0.876339,29,0,1000.000,1.821437,0.000000
22800,4,0.135017,0.901799,15,0,1000.000,1.476497,0.000000
22800,5,0.143538,0.884063,41,1,992.293,1.692681,0.000000
22800,6,0.101503,0.766739,25,4,850.920,1.087998,0.000000
22800,7,0.093178,0.589515,40,14,689.950,1.347458,0.000000
22848,0,0.122906,0.853492,20,0,1000.000,2.045800,0.000000
22848,1,0.131728,0.847455,19,0,1000.000,1.535741,0.000000
22848,2,0.139753,0.878475,25,0,1000.000,1.685513,0.000000
22848,3,0.132376,0.864089,22,0,1000.000,1.546134,0.000000
22848,4,0.135017,0.879536,19,0,1000.000,1.829749,0.000000
22848,5,0.143538,0.896140,34,0,1000.000,1.664103,0.000000
22848,6,0.101503,0.796368,26,3,899.577,1.767311,0.000000
22848,7,0.093178,0.385076,24,14,464.875,1.141133,0.000000
22896,0,0.122906,0.843401,27,0,1000.000,1.649218,0.000000
22896,1,0.131728,0.830677,26,0,1000.000,2.060461,0.000000
22896,2,0.139753,0.851787,24,0,1000.000,1.895358,0.000000
22896,3,0.132376,0.888063,32,0,1000.000,1.495947,0.000000
22896,4,0.135017,0.888036,27,0,1000.000,1.709531,0.000000
22896,5,0.143538,0.849953,30,1,972.600,1.726408,0.000000
22896,6,0.101503,0.704421,20,4,811.000,1.532552,0.000000
22896,7,0.093178,0.421955,31,16,516.129,1.195669,0.000000
22944,0,0.122906,0.883347,22,1,988.136,1.566977,0.000000
22944,1,0.131728,0.865636,27,0,1000.000,1.683396,0.000000
22944,2,0.139753,0.826236,23,0,1000.000,1.847162,0.000000
22944,3,0.132376,0.863712,25,0,1000.000,1.689496,0.000000
22944,4,0.135017,0.852612,29,1,967.793,1.862748,0.000000
22944,5,0.143538,0.788961,21,1,954.286,1.625238,0.000000
22944,6,0.101503,0.597725,18,7,702.944,1.430686,0.000000
22944,7,0.093178,0.528375,28,13,614.750,1.061800,0.000000
22992,0,0.122906,0.870725,15,0,1000.000,1.722996,0.000000
22992,1,0.131728,0.788487,19,0,1000.000,1.900295,0.000000
22992,2,0.139753,0.841748,25,1,994.520,1.595528,0.000000
22992,3,0.132376,0.853943,21,0,1000.000,1.463122,0.000000
22992,4,0.135017,0.872963,21,0,1000.000,1.617391,0.000000
22992,5,0.143538,0.791712,22,2,913.591,1.632240,0.000000
22992,6,0.101503,0.641080,32,11,710.875,1.273521,0.000000
22992,7,0.093178,0.592749,27,10,686.037,1.280131,0.000000
23040,0,0.122906,0.896621,21,0,1000.000,1.416713,0.000000
23040,1,0.131728,0.895600,15,0,1000.000,1.444454,0.000000
23040,2,0.139753,0.873942,25,0,1000.000,1.593402,0.000000
23040,3,0.132376,0.886292,14,0,1000.000,1.571399,0.000000
23040,4,0.135017,0.865223,13,1,939.308,1.117745,0.000000
23040,5,0.143538,0.848718,20,0,1000.000,1.881291,0.000000
23040,6,0.101503,0.640763,32,10,716.406,1.388629,0.000000
23040,7,0.093178,0.491885,28,12,586.500,1.268858,0.000000
23088,0,0.122906,0.823873,17,0,1000.000,1.770525,0.000000
23088,1,0.131728,0.875814,17,0,1000.000,1.360141,0.000000
23088,2,0.139753,0.891102,18,0,1000.000,1.611371,0.000000
23088,3,0.132376,0.849392,24,1,970.958,1.849545,0.000000
23088,4,0.135017,0.887728,21,1,999.381,1.394708,0.000000
23088,5,0.143538,0.853909,18,1,982.778,1.571461,0.000000
23088,6,0.101503,0.736059,31,6,869.742,1.738152,0.000000
23088,7,0.093178,0.379138,24,14,482.083,1.309327,0.000000
23184,0,0.122906,0.880417,32,0,1000.000,1.646420,0.000000
23184,1,0.131728,0.855107,40,0,1000.000,1.846283,0.000000
23184,2,0.139753,0.898067,37,0,1000.000,1.526003,0.000000
23184,3,0.132376,0.874489,48,0,1000.000,1.818274,0.000000
23184,4,0.135017,0.855793,31,3,966.097,1.703008,0.000000
23184,5,0.143538,0.851375,45,3,965.156,1.648752,0.000000
23184,6,0.101503,0.815960,38,4,939.605,1.696933,0.000000
23184,7,0.093178,0.533836,49,20,635.857,1.303409,0.000000
23232,0,0.122906,0.867666,20,0,1000.000,1.543525,0.000000
23232,1,0.131728,0.822964,23,0,1000.000,1.725193,0.000000
23232,2,0.139753,0.878051,23,0,1000.000,1.644274,0.000000
23232,3,0.132376,0.879631,20,0,1000.000,1.571461,0.000000
23232,4,0.135017,0.872550,21,0,1000.000,1.540656,0.000000
23232,5,0.143538,0.824854,31,1,969.645,1.736498,0.000000
23232,6,0.101503,0.742697,15,2,871.867,1.690960,0.000000
23232,7,0.093178,0.541850,21,8,633.000,1.215561,0.000000
23280,0,0.122906,0.850423,17,0,1000.000,2.104620,0.000000
23280,1,0.131728,0.880534,31,0,1000.000,1.725472,0.000000
23280,2,0.139753,0.827097,24,0,1000.000,1.737495,0.000000
23280,3,0.132376,0.884449,23,0,1000.000,1.561397,0.000000
23280,4,0.135017,0.874160,20,0,1000.000,1.696296,0.000000
23280,5,0.143538,0.830694,34,1,972.471,1.639459,0.000000
23280,6,0.101503,0.890051,18,0,1000.000,1.901456,0.000000
23280,7,0.093178,0.588583,13,4,703.923,1.044905,0.000000
23328,0,0.122906,0.843602,23,1,962.130,1.583472,0.000000
23328,1,0.131728,0.885853,23,0,1000.000,1.100433,0.000000
23328,2,0.139753,0.863264,27,0,1000.000,1.979345,0.000000
23328,3,0.132376,0.851242,17,0,1000.000,2.068574,0.000000
23328,4,0.135017,0.880453,31,0,1000.000,1.493022,0.000000
23328,5,0.143538,0.876768,29,1,993.241,1.613231,0.000000
23328,6,0.101503,0.706556,12,2,837.833,1.591281,0.000000
23328,7,0.093178,0.489933,25,11,592.880,1.364171,0.000000
23376,0,0.122906,0.849265,29,0,1000.000,2.001408,0.000000
23376,1,0.131728,0.841899,27,0,1000.000,1.713326,0.000000
23376,2,0.139753,0.835359,30,0,1000.000,1.801400,0.000000
23376,3,0.132376,0.865552,26,0,1000.000,1.613204,0.000000
23376,4,0.135017,0.878777,26,0,1000.000,1.847343,0.000000
23376,5,0.143538,0.875637,27,0,1000.000,2.067225,0.000000
23376,6,0.101503,0.683690,19,4,797.000,1.626449,0.000000
23376,7,0.093178,0.564680,39,15,653.282,1.176450,0.000000
23424,0,0.122906,0.834134,36,3,978.139,1.493180,0.000000
23424,1,0.131728,0.823642,32,0,1000.000,1.824446,0.000000
23424,2,0.139753,0.849311,28,0,1000.000,1.912020,0.000000
23424,3,0.132376,0.881482,31,0,1000.000,1.532791,0.000000
23424,4,0.135017,0.802929,19,0,1000.000,2.045421,0.000000
23424,5,0.143538,0.868823,36,1,998.056,1.736648,0.000000
23424,6,0.101503,0.764800,18,3,864.500,1.470072,0.000000
23424,7,0.093178,0.779032,17,2,889.588,1.667627,0.000000
23472,0,0.122906,0.807290,19,0,1000.000,2.002362,0.000000
23472,1,0.131728,0.866295,26,0,1000.000,1.693759,0.000000
23472,2,0.139753,0.869853,29,0,1000.000,1.704398,0.000000
23472,3,0.132376,0.854601,24,0,1000.000,1.635005,0.000000
23472,4,0.135017,0.843979,19,1,967.579,1.725799,0.000000
23472,5,0.143538,0.821057,37,1,994.351,2.000232,0.000000
23472,6,0.101503,0.784028,20,2,902.650,1.810742,0.000000
23472,7,0.093178,0.508713,25,10,619.840,1.278177,0.000000
23520,0,0.122906,0.873460,26,0,1000.000,1.459926,0.000000
23520,1,0.131728,0.844396,22,0,1000.000,2.104758,0.000000
23520,2,0.139753,0.850201,35,0,1000.000,1.577743,0.000000
23520,3,0.132376,0.822751,28,0,1000.000,1.819667,0.000000
23520,4,0.135017,0.864886,27,0,1000.000,1.889851,0.000000
23520,5,0.143538,0.834008,38,1,974.711,1.820779,0.000000
23520,6,0.101503,0.673078,16,4,783.562,1.479782,0.000000
23520,7,0.093178,0.653778,30,8,756.800,1.546362,0.000000
23568,0,0.122906,0.871201,36,0,1000.000,1.548318,0.000000
23568,1,0.131728,0.855704,30,0,1000.000,1.707886,0.000000
23568,2,0.139753,0.885787,49,0,1000.000,1.483207,0.000000
23568,3,0.132376,0.875440,42,0,1000.000,1.639703,0.000000
23568,4,0.135017,0.872934,35,0,1000.000,1.590889,0.000000
23568,5,0.143538,0.860562,40,1,982.125,1.821646,0.000000
23568,6,0.101503,0.812004,44,3,935.682,1.652570,0.000000
23568,7,0.093178,0.553011,44,16,648.705,1.196328,0.000000
23616,0,0.122906,0.858212,32,1,990.750,1.894211,0.000000
23616,1,0.131728,0.837914,29,0,1000.000,1.978288,0.000000
23616,2,0.139753,0.867227,40,0,1000.000,1.664293,0.000000
23616,3,0.132376,0.860349,36,0,1000.000,1.622533,0.000000
23616,4,0.135017,0.871139,38,0,1000.000,1.716072,0.000000
23616,5,0.143538,0.864197,53,1,996.868,1.717403,0.000000
23616,6,0.101503,0.760317,49,7,885.633,1.778832,0.000000
23616,7,0.093178,0.628531,31,9,720.968,1.329456,0.000000
23664,0,0.122906,0.851770,31,1,993.806,1.791352,0.000000
23664,1,0.131728,0.842377,44,0,1000.000,1.875040,0.000000
23664,2,0.139753,0.862622,29,0,1000.000,1.840626,0.000000
23664,3,0.132376,0.823384,28,0,1000.000,1.980027,0.000000
23664,4,0.135017,0.854264,26,1,962.923,1.435912,0.000000
23664,5,0.143538,0.824985,46,2,959.326,1.781028,0.000000
23664,6,0.101503,0.783136,23,2,933.957,2.070518,0.000000
23664,7,0.093178,0.612022,36,11,724.056,1.556642,0.000000
23712,0,0.122906,0.852021,28,0,1000.000,1.763344,0.000000
23712,1,0.131728,0.863704,27,0,1000.000,1.692978,0.000000
23712,2,0.139753,0.880867,28,0,1000.000,1.586197,0.000000
23712,3,0.132376,0.853366,33,0,1000.000,1.605639,0.000000
23712,4,0.135017,0.841831,25,1,964.320,1.853384,0.000000
23712,5,0.143538,0.862762,39,1,984.103,1.549022,0.000000
23712,6,0.101503,0.769842,21,4,857.048,1.525810,0.000000
23712,7,0.093178,0.517460,28,11,630.571,1.423390,0.000000
23760,0,0.122906,0.849107,26,0,1000.000,1.644304,0.000000
23760,1,0.131728,0.851444,24,0,1000.000,1.853402,0.000000
23760,2,0.139753,0.857324,31,0,1000.000,1.848417,0.000000
23760,3,0.132376,0.879388,24,0,1000.000,1.609430,0.000000
23760,4,0.135017,0.858401,27,0,1000.000,1.684947,0.000000
23760,5,0.143538,0.829649,35,4,925.457,1.690500,0.000000
23760,6,0.101503,0.702612,27,6,868.111,1.654791,0.000000
23760,7,0.093178,0.546220,41,17,659.439,1.423889,0.000000
23808,0,0.122906,0.865559,32,1,974.906,1.501542,0.000000
23808,1,0.131728,0.840532,27,0,1000.000,1.729414,0.000000
23808,2,0.139753,0.882725,29,0,1000.000,1.485043,0.000000
23808,3,0.132376,0.861580,34,0,1000.000,1.692148,0.000000
23808,4,0.135017,0.867563,25,2,980.640,1.470761,0.000000
23808,5,0.143538,0.804410,33,6,870.697,1.405470,0.000000
23808,6,0.101503,0.655804,26,10,755.038,1.209612,0.000000
23808,7,0.093178,0.486630,49,27,617.265,1.296494,0.000000
23856,0,0.122906,0.862723,19,0,1000.000,1.416247,0.000000
23856,1,0.131728,0.888806,28,0,1000.000,1.344105,0.000000
23856,2,0.139753,0.844397,20,0,1000.000,1.662611,0.000000
23856,3,0.132376,0.863234,21,0,1000.000,1.699302,0.000000
23856,4,0.135017,0.875928,29,2,988.931,1.579942,0.000000
23856,5,0.143538,0.821437,33,6,904.606,1.365309,0.000000
23856,6,0.101503,0.686218,26,12,745.500,1.047066,0.000000
23856,7,0.093178,0.504271,29,14,598.345,1.229916,0.000000
23904,0,0.122906,0.848855,25,0,1000.000,1.744337,0.000000
23904,1,0.131728,0.890332,32,0,1000.000,1.354985,0.000000
23904,2,0.139753,0.882281,26,0,1000.000,1.425955,0.000000
23904,3,0.132376,0.830061,39,0,1000.000,1.954891,0.000000
23904,4,0.135017,0.843677,22,0,1000.000,1.708639,0.000000
23904,5,0.143538,0.778339,32,4,920.500,1.714278,0.000000
23904,6,0.101503,0.642929,36,17,733.417,1.306134,0.000000
23904,7,0.093178,0.564274,32,14,685.312,1.121184,0.000000
23952,0,0.122906,0.889856,14,0,1000.000,1.343885,0.000000
23952,1,0.131728,0.879760,20,0,1000.000,1.500646,0.000000
23952,2,0.139753,0.863537,29,0,1000.000,1.550701,0.000000
23952,3,0.132376,0.805164,20,0,1000.000,2.020081,0.000000
23952,4,0.135017,0.884421,26,2,978.269,1.442082,0.000000
23952,5,0.143538,0.822233,20,3,911.100,1.425759,0.000000
23952,6,0.101503,0.762667,16,2,881.125,1.446094,0.000000
23952,7,0.093178,0.656598,30,9,800.200,1.479471,0.000000
24000,0,0.122906,0.891428,21,0,1000.000,1.470344,0.000000
24000,1,0.131728,0.864799,22,0,1000.000,1.769374,0.000000
24000,2,0.139753,0.853377,16,0,1000.000,1.432705,0.000000
24000,3,0.132376,0.827519,20,0,1000.000,1.906895,0.000000
24000,4,0.135017,0.888655,19,0,1000.000,1.603686,0.000000
24000,5,0.143538,0.808489,34,4,946.265,1.674065,0.000000
24000,6,0.101503,0.702697,24,7,807.208,1.304695,0.000000
24000,7,0.093178,0.539201,22,9,635.545,1.419388,0.000000
24048,0,0.075510,0.847478,22,0,1000.000,1.486265,0.000000
24048,1,0.068177,0.887964,17,0,1000.000,1.642951,0.000000
24048,2,0.075138,0.856759,17,0,1000.000,1.752460,0.000000
24048,3,0.071591,0.842045,17,0,1000.000,1.631667,0.000000
24048,4,0.078868,0.869439,15,0,1000.000,1.761637,0.000000
24048,5,0.087964,0.853553,25,1,984.760,1.692634,0.000000
24048,6,0.311620,0.757813,22,4,895.591,1.663739,0.000000
24048,7,0.231132,0.414945,20,11,512.450,1.263431,0.000000
24096,0,0.075510,0.875695,5,0,1000.000,1.172352,0.000000
24096,1,0.068177,0.812009,10,0,1000.000,1.775397,0.000000
24096,2,0.075138,0.878627,15,0,1000.000,1.633107,0.000000
24096,3,0.071591,0.857610,13,0,1000.000,1.780150,0.000000
24096,4,0.078868,0.821909,11,1,967.000,1.763688,0.000000
24096,5,0.087964,0.812369,16,2,894.438,1.382562,0.000000
24096,6,0.311620,0.799028,50,6,907.980,1.552595,0.000000
24096,7,0.231132,0.655681,52,12,789.769,1.564163,0.000000
24144,0,0.075510,0.779148,11,1,916.455,1.548603,0.000000
24144,1,0.068177,0.849523,13,0,1000.000,1.799443,0.000000
24144,2,0.075138,0.858910,9,0,1000.000,2.125989,0.000000
24144,3,0.071591,0.864508,7,0,1000.000,1.400924,0.000000
24144,4,0.078868,0.873019,14,0,1000.000,1.820008,0.000000
24144,5,0.087964,0.878941,7,0,1000.000,1.934697,0.000000
24144,6,0.311620,0.737267,50,8,858.980,1.482517,0.000000
24144,7,0.231132,0.613555,64,20,719.969,1.312228,0.000000
24192,0,0.075510,0.895728,8,0,1000.000,1.400806,0.000000
24192,1,0.068177,0.881497,9,0,1000.000,1.513485,0.000000
24192,2,0.075138,0.829173,14,0,1000.000,1.816833,0.000000
24192,3,0.071591,0.873629,10,0,1000.000,1.095916,0.000000
24192,4,0.078868,0.862411,18,0,1000.000,1.734836,0.000000
24192,5,0.087964,0.879292,15,2,933.000,1.138536,0.000000
24192,6,0.311620,0.791892,46,5,910.935,1.700048,0.000000
24192,7,0.231132,0.731019,42,7,847.452,1.307956,0.000000
24240,0,0.075510,0.872849,17,0,1000.000,1.627520,0.000000
24240,1,0.068177,0.834249,9,0,1000.000,1.642518,0.000000
24240,2,0.075138,0.795730,1,0,1000.000,2.557165,0.000000
24240,3,0.071591,0.889066,7,0,1000.000,1.453634,0.000000
24240,4,0.078868,0.878162,17,0,1000.000,1.428336,0.000000
24240,5,0.087964,0.850885,16,1,969.312,1.557315,0.000000
24240,6,0.311620,0.792461,62,4,939.790,1.861041,0.000000
24240,7,0.231132,0.678787,43,10,783.698,1.582894,0.000000
24288,0,0.075510,0.875324,16,0,1000.000,1.525258,0.000000
24288,1,0.068177,0.883801,12,0,1000.000,1.463208,0.000000
24288,2,0.075138,0.905387,9,0,1000.000,1.399261,0.000000
24288,3,0.071591,0.885107,13,0,1000.000,1.257133,0.000000
24288,4,0.078868,0.881125,14,0,1000.000,1.659718,0.000000
24288,5,0.087964,0.857219,14,1,983.286,1.501186,0.000000
24288,6,0.311620,0.820770,53,3,947.094,1.654449,0.000000
24288,7,0.231132,0.661138,48,10,806.188,1.782128,0.000000
24336,0,0.075510,0.859802,13,0,1000.000,1.676703,0.000000
24336,1,0.068177,0.870395,7,0,1000.000,2.074803,0.000000
24336,2,0.075138,0.842570,20,0,1000.000,1.559973,0.000000
24336,3,0.071591,0.838391,8,0,1000.000,1.794007,0.000000
24336,4,0.078868,0.856891,13,0,1000.000,2.055290,0.000000
24336,5,0.087964,0.832071,10,1,954.900,2.260114,0.000000
24336,6,0.311620,0.827506,60,4,948.900,1.705475,0.000000
24336,7,0.231132,0.684983,54,11,804.556,1.477421,0.000000
24384,0,0.075510,0.867470,21,3,930.952,1.450583,0.000000
24384,1,0.068177,0.904573,11,0,1000.000,1.125919,0.000000
24384,2,0.075138,0.860264,27,0,1000.000,1.645606,0.000000
24384,3,0.071591,0.860408,14,0,1000.000,1.824327,0.000000
24384,4,0.078868,0.859830,22,0,1000.000,1.729726,0.000000
24384,5,0.087964,0.860456,14,0,1000.000,1.453507,0.000000
24384,6,0.311620,0.780614,62,5,922.710,1.861631,0.000000
24384,7,0.231132,0.632813,61,15,774.918,1.570941,0.000000
24432,0,0.075510,0.829585,16,1,983.062,1.834785,0.000000
24432,1,0.068177,0.901111,9,0,1000.000,1.474979,0.000000
24432,2,0.075138,0.860560,16,0,1000.000,1.644842,0.000000
24432,3,0.071591,0.839213,22,0,1000.000,1.850101,0.000000
24432,4,0.078868,0.869127,9,0,1000.000,1.641827,0.000000
24432,5,0.087964,0.872787,17,0,1000.000,2.000764,0.000000
24432,6,0.311620,0.870017,62,0,1000.000,1.816030,0.000000
24432,7,0.231132,0.677782,59,13,799.288,1.528179,0.000000
24480,0,0.075510,0.877097,12,1,995.917,1.325736,0.000000
24480,1,0.068177,0.874408,11,0,1000.000,1.812980,0.000000
24480,2,0.075138,0.884061,22,0,1000.000,1.787263,0.000000
24480,3,0.071591,0.860383,10,0,1000.000,1.935617,0.000000
24480,4,0.078868,0.899520,12,0,1000.000,1.277815,0.000000
24480,5,0.087964,0.804224,16,0,1000.000,1.921695,0.000000
24480,6,0.311620,0.829409,58,2,975.103,1.935833,0.000000
24480,7,0.231132,0.613779,64,21,725.906,1.202000,0.000000
24528,0,0.075510,0.885504,12,0,1000.000,1.517227,0.000000
24528,1,0.068177,0.883643,10,0,1000.000,1.416358,0.000000
24528,2,0.075138,0.799374,11,0,1000.000,1.817297,0.000000
24528,3,0.071591,0.848672,20,0,1000.000,1.761457,0.000000
24528,4,0.078868,0.828319,14,0,1000.000,1.652932,0.000000
24528,5,0.087964,0.854151,15,2,952.267,1.347295,0.000000
24528,6,0.311620,0.834414,81,4,969.815,1.679260,0.000000
24528,7,0.231132,0.614703,56,17,755.321,1.550767,0.000000
24576,0,0.075510,0.870868,25,0,1000.000,1.535885,0.000000
24576,1,0.068177,0.869017,21,0,1000.000,1.430050,0.000000
24576,2,0.075138,0.838675,16,0,1000.000,1.560569,0.000000
24576,3,0.071591,0.862941,23,0,1000.000,1.677492,0.000000
24576,4,0.078868,0.837057,25,1,986.280,2.014574,0.000000
24576,5,0.087964,0.822475,33,3,952.485,1.587054,0.000000
24576,6,0.311620,0.777854,103,14,897.359,1.600771,0.000000
24576,7,0.231132,0.667209,100,26,795.680,1.586683,0.000000
24624,0,0.075510,0.875211,19,0,1000.000,1.500321,0.000000
24624,1,0.068177,0.871040,15,0,1000.000,1.758721,0.000000
24624,2,0.075138,0.860914,32,0,1000.000,1.765429,0.000000
24624,3,0.071591,0.869689,20,0,1000.000,1.621078,0.000000
24624,4,0.078868,0.860917,30,0,1000.000,1.693941,0.000000
24624,5,0.087964,0.833970,21,2,951.476,1.579134,0.000000
24624,6,0.311620,0.825742,90,12,924.478,1.420115,0.000000
24624,7,0.231132,0.604975,89,28,746.303,1.447012,0.000000
24672,0,0.075510,0.853189,25,1,994.000,1.738930,0.000000
24672,1,0.068177,0.845195,22,0,1000.000,1.697301,0.000000
24672,2,0.075138,0.868514,22,0,1000.000,1.868311,0.000000
24672,3,0.071591,0.798610,13,0,1000.000,1.991566,0.000000
24672,4,0.078868,0.878042,23,0,1000.000,1.680091,0.000000
24672,5,0.087964,0.860612,13,1,981.769,1.542396,0.000000
24672,6,0.311620,0.808257,77,6,942.468,1.647371,0.000000
24672,7,0.231132,0.650522,77,21,773.286,1.400449,0.000000
24720,0,0.075510,0.865597,16,0,1000.000,1.800338,0.000000
24720,1,0.068177,0.888805,9,0,1000.000,1.448760,0.000000
24720,2,0.075138,0.863598,13,0,1000.000,1.651671,0.000000
24720,3,0.071591,0.844062,8,0,1000.000,2.238064,0.000000
24720,4,0.078868,0.838142,19,0,1000.000,1.807282,0.000000
24720,5,0.087964,0.830643,10,1,945.700,1.655289,0.000000
24720,6,0.311620,0.807571,77,4,951.610,1.696800,0.000000
24720,7,0.231132,0.624787,72,20,769.875,1.599219,0.000000
24768,0,0.075510,0.864525,17,2,934.294,1.664109,0.000000
24768,1,0.068177,0.843699,12,0,1000.000,1.798305,0.000000
24768,2,0.075138,0.830644,14,0,1000.000,2.142167,0.000000
24768,3,0.071591,0.890150,17,0,1000.000,1.135645,0.000000
24768,4,0.078868,0.836322,18,0,1000.000,2.111260,0.000000
24768,5,0.087964,0.841368,21,3,972.714,1.601568,0.000000
24768,6,0.311620,0.773840,71,10,911.056,1.672245,0.000000
24768,7,0.231132,0.735932,76,13,873.671,1.498960,0.000000
24816,0,0.075510,0.882542,17,0,1000.000,1.393045,0.000000
24816,1,0.068177,0.849241,17,0,1000.000,1.650551,0.000000
24816,2,0.075138,0.842780,23,0,1000.000,1.828723,0.000000
24816,3,0.071591,0.902866,11,0,1000.000,1.342711,0.000000
24816,4,0.078868,0.884655,21,0,1000.000,1.347319,0.000000
24816,5,0.087964,0.781606,15,0,1000.000,1.914924,0.000000
24816,6,0.311620,0.840389,70,2,977.343,1.691732,0.000000
24816,7,0.231132,0.692335,73,15,836.342,1.569903,0.000000
24864,0,0.075510,0.825929,18,2,985.167,1.716596,0.000000
24864,1,0.068177,0.816195,13,0,1000.000,1.609642,0.000000
24864,2,0.075138,0.848224,11,0,1000.000,1.457403,0.000000
24864,3,0.071591,0.894809,3,0,1000.000,1.213534,0.000000
24864,4,0.078868,0.896649,14,0,1000.000,1.648385,0.000000
24864,5,0.087964,0.853346,20,0,1000.000,1.553978,0.000000
24864,6,0.311620,0.797555,76,5,938.382,1.891681,0.000000
24864,7,0.231132,0.713459,51,9,838.137,1.506377,0.000000
24912,0,0.075510,0.817102,24,0,1000.000,1.853827,0.000000
24912,1,0.068177,0.882492,17,0,1000.000,1.500005,0.000000
24912,2,0.075138,0.880799,13,0,1000.000,1.637451,0.000000
24912,3,0.071591,0.832487,18,0,1000.000,1.631169,0.000000
24912,4,0.078868,0.844820,15,0,1000.000,1.787038,0.000000
24912,5,0.087964,0.872634,15,0,1000.000,1.841004,0.000000
24912,6,0.311620,0.795080,73,7,936.370,1.604913,0.000000
24912,7,0.231132,0.620337,61,17,760.066,1.607954,0.000000
24960,0,0.075510,0.886881,9,0,1000.000,1.457923,0.000000
24960,1,0.068177,0.860488,13,0,1000.000,1.595979,0.000000
24960,2,0.075138,0.845808,11,0,1000.000,1.580745,0.000000
24960,3,0.071591,0.853515,13,0,1000.000,2.071973,0.000000
24960,4,0.078868,0.815006,9,1,910.556,1.585753,0.000000
24960,5,0.087964,0.819195,15,1,996.067,1.855454,0.000000
24960,6,0.311620,0.787363,53,6,910.359,1.543257,0.000000
24960,7,0.231132,0.652534,41,11,777.122,1.500438,0.000000
25008,0,0.075510,0.853894,16,0,1000.000,1.504702,0.000000
25008,1,0.068177,0.835785,13,0,1000.000,1.673402,0.000000
25008,2,0.075138,0.884964,13,0,1000.000,1.621613,0.000000
25008,3,0.071591,0.855380,13,0,1000.000,1.542663,0.000000
25008,4,0.078868,0.810965,10,0,1000.000,1.946166,0.000000
25008,5,0.087964,0.899424,19,0,1000.000,1.239178,0.000000
25008,6,0.311620,0.796067,46,4,938.196,1.743037,0.000000
25008,7,0.231132,0.633924,63,19,772.111,1.442708,0.000000
25056,0,0.075510,0.766734,6,0,1000.000,2.662971,0.000000
25056,1,0.068177,0.851236,10,0,1000.000,1.565404,0.000000
25056,2,0.075138,0.830788,14,0,1000.000,2.062580,0.000000
25056,3,0.071591,0.870944,9,0,1000.000,1.580212,0.000000
25056,4,0.078868,0.858955,10,0,1000.000,1.754778,0.000000
25056,5,0.087964,0.861511,11,0,1000.000,1.470586,0.000000
25056,6,0.311620,0.802343,57,3,967.281,1.948951,0.000000
25056,7,0.231132,0.719568,48,8,881.562,1.804345,0.000000
25104,0,0.075510,0.741819,11,0,1000.000,2.490839,0.000000
25104,1,0.068177,0.649816,11,0,1000.000,2.406489,0.000000
25104,2,0.075138,0.689003,10,0,1000.000,2.550544,0.000000
25104,3,0.071591,0.876014,10,0,1000.000,1.745654,0.000000
25104,4,0.078868,0.771703,10,0,1000.000,2.489967,0.000000
25104,5,0.087964,0.861068,11,0,1000.000,1.745577,0.000000
25104,6,0.311620,0.713041,43,5,905.233,2.147934,0.000000
25104,7,0.231132,0.506281,49,21,631.122,1.666063,0.000000
25152,0,0.075510,0.751814,10,0,1000.000,2.226370,0.000000
25152,1,0.068177,0.865644,7,0,1000.000,2.254738,0.000000
25152,2,0.075138,0.739223,8,0,1000.000,2.466945,0.000000
25152,3,0.071591,0.768623,5,0,1000.000,2.918533,0.000000
25152,4,0.078868,0.858961,10,1,935.300,1.269229,0.000000
25152,5,0.087964,0.806776,15,0,1000.000,2.552264,0.000000
25152,6,0.311620,0.757479,55,4,948.818,2.027799,0.000000
25152,7,0.231132,0.686128,40,6,880.200,2.133527,0.000000
25200,0,0.075510,0.774916,12,0,1000.000,2.265893,0.000000
25200,1,0.068177,0.672485,11,0,1000.000,2.496269,0.000000
25200,2,0.075138,0.830184,12,0,1000.000,2.410428,0.000000
25200,3,0.071591,0.832710,15,0,1000.000,2.151404,0.000000
25200,4,0.078868,0.823600,7,0,1000.000,1.847216,0.000000
25200,5,0.087964,0.753479,19,1,988.737,2.739025,0.000000
25200,6,0.311620,0.723033,42,3,941.762,2.236333,0.000000
25200,7,0.231132,0.525783,43,14,713.953,1.968154,0.000000
25248,0,0.075510,0.736679,13,0,1000.000,2.024691,0.000000
25248,1,0.068177,0.804334,10,0,1000.000,2.426795,0.000000
25248,2,0.075138,0.828302,9,0,1000.000,2.096392,0.000000
25248,3,0.071591,0.740695,11,0,1000.000,2.441547,0.000000
25248,4,0.078868,0.785737,9,0,1000.000,2.180377,0.000000
25248,5,0.087964,0.744626,15,1,976.200,2.383017,0.000000
25248,6,0.311620,0.770996,52,0,1000.000,2.318070,0.000000
25248,7,0.231132,0.566337,37,10,748.541,2.068257,0.000000
25296,0,0.075510,0.785113,6,0,1000.000,2.806027,0.000000
25296,1,0.068177,0.840972,10,0,1000.000,2.431839,0.000000
25296,2,0.075138,0.657077,17,0,1000.000,2.456694,0.000000
25296,3,0.071591,0.821114,6,0,1000.000,2.093443,0.000000
25296,4,0.078868,0.784282,13,0,1000.000,2.541736,0.000000
25296,5,0.087964,0.720182,16,1,941.062,2.294012,0.000000
25296,6,0.311620,0.747833,71,5,951.704,2.304302,0.000000
25296,7,0.231132,0.708591,50,7,874.380,2.059570,0.000000
25344,0,0.075510,0.837112,11,0,1000.000,1.788821,0.000000
25344,1,0.068177,0.843495,13,0,1000.000,1.764830,0.000000
25344,2,0.075138,0.776839,10,0,1000.000,2.093234,0.000000
25344,3,0.071591,0.826206,16,0,1000.000,2.007982,0.000000
25344,4,0.078868,0.754325,15,0,1000.000,2.536172,0.000000
25344,5,0.087964,0.738804,19,1,989.105,2.090756,0.000000
25344,6,0.311620,0.722553,51,3,970.490,2.398644,0.000000
25344,7,0.231132,0.506433,52,19,720.846,2.025807,0.000000
25392,0,0.075510,0.650213,17,1,951.824,2.506253,0.000000
25392,1,0.068177,0.769387,15,0,1000.000,2.026928,0.000000
25392,2,0.075138,0.767781,11,0,1000.000,2.241677,0.000000
25392,3,0.071591,0.800051,15,0,1000.000,2.363385,0.000000
25392,4,0.078868,0.764885,17,0,1000.000,2.454338,0.000000
25392,5,0.087964,0.769894,24,0,1000.000,2.442481,0.000000
25392,6,0.311620,0.757220,55,3,955.455,2.352822,0.000000
25392,7,0.231132,0.627703,62,15,792.323,1.912939,0.000000
25440,0,0.075510,0.821999,12,0,1000.000,2.039907,0.000000
25440,1,0.068177,0.766746,10,0,1000.000,2.375168,0.000000
25440,2,0.075138,0.730875,14,1,933.929,1.956710,0.000000
25440,3,0.071591,0.682742,9,0,1000.000,3.250044,0.000000
25440,4,0.078868,0.758538,18,0,1000.000,2.852882,0.000000
25440,5,0.087964,0.697210,17,2,909.353,2.654052,0.000000
25440,6,0.311620,0.701919,69,5,956.841,2.457706,0.000000
25440,7,0.231132,0.599980,54,14,781.796,1.806247,0.000000
25488,0,0.075510,0.775036,17,0,1000.000,2.064405,0.000000
25488,1,0.068177,0.790263,9,0,1000.000,2.210500,0.000000
25488,2,0.075138,0.707536,15,0,1000.000,2.623038,0.000000
25488,3,0.071591,0.817319,18,0,1000.000,2.019502,0.000000
25488,4,0.078868,0.787777,16,0,1000.000,2.344209,0.000000
25488,5,0.087964,0.768749,20,0,1000.000,2.365889,0.000000
25488,6,0.311620,0.678851,63,5,926.841,2.547907,0.000000
25488,7,0.231132,0.643331,50,11,817.580,1.975562,0.000000
25536,0,0.075510,0.768882,19,0,1000.000,2.363502,0.000000
25536,1,0.068177,0.754533,18,0,1000.000,2.399224,0.000000
25536,2,0.075138,0.805864,10,0,1000.000,2.123926,0.000000
25536,3,0.071591,0.830073,20,0,1000.000,2.162718,0.000000
25536,4,0.078868,0.775917,21,0,1000.000,2.334835,0.000000
25536,5,0.087964,0.703573,20,1,952.450,2.312163,0.000000
25536,6,0.311620,0.725663,61,4,943.508,2.499115,0.000000
25536,7,0.231132,0.655224,75,14,847.373,2.266797,0.000000
25584,0,0.075510,0.788240,26,0,1000.000,2.222944,0.000000
25584,1,0.068177,0.764429,18,0,1000.000,2.560940,0.000000
25584,2,0.075138,0.780804,24,0,1000.000,2.414339,0.000000
25584,3,0.071591,0.763808,24,0,1000.000,2.758240,0.000000
25584,4,0.078868,0.836573,18,0,1000.000,2.080034,0.000000
25584,5,0.087964,0.759385,29,0,1000.000,2.705968,0.000000
25584,6,0.311620,0.748878,96,3,974.292,2.331279,0.000000
25584,7,0.231132,0.646181,83,15,864.952,2.201077,0.000000
25632,0,0.075510,0.772583,18,0,1000.000,2.175280,0.000000
25632,1,0.068177,0.807467,16,0,1000.000,2.188114,0.000000
25632,2,0.075138,0.795918,19,1,949.053,2.028926,0.000000
25632,3,0.071591,0.791753,24,0,1000.000,2.431776,0.000000
25632,4,0.078868,0.792762,17,0,1000.000,2.610794,0.000000
25632,5,0.087964,0.827654,21,0,1000.000,2.140812,0.000000
25632,6,0.311620,0.740369,107,4,964.421,2.482217,0.000000
25632,7,0.231132,0.621708,90,20,798.556,2.116812,0.000000
25680,0,0.075510,0.647166,12,0,1000.000,2.754517,0.000000
25680,1,0.068177,0.810726,26,0,1000.000,2.096624,0.000000
25680,2,0.075138,0.796012,17,0,1000.000,2.323199,0.000000
25680,3,0.071591,0.749036,21,0,1000.000,2.523138,0.000000
25680,4,0.078868,0.794741,21,0,1000.000,2.604169,0.000000
25680,5,0.087964,0.782237,15,1,966.733,1.916484,0.000000
25680,6,0.311620,0.759043,73,3,961.274,2.230085,0.000000
25680,7,0.231132,0.636475,81,18,798.802,1.823322,0.000000
25728,0,0.075510,0.808596,17,0,1000.000,2.429428,0.000000
25728,1,0.068177,0.763592,18,0,1000.000,2.360314,0.000000
25728,2,0.075138,0.749631,17,0,1000.000,2.617713,0.000000
25728,3,0.071591,0.768325,16,0,1000.000,2.371424,0.000000
25728,4,0.078868,0.782839,17,0,1000.000,2.375213,0.000000
25728,5,0.087964,0.794272,8,0,1000.000,2.352824,0.000000
25728,6,0.311620,0.711925,61,3,954.607,2.531832,0.000000
25728,7,0.231132,0.601285,76,18,776.592,1.918362,0.000000
25776,0,0.075510,0.790049,14,1,997.643,2.281185,0.000000
25776,1,0.068177,0.795172,22,1,957.773,2.000242,0.000000
25776,2,0.075138,0.786413,24,0,1000.000,2.323405,0.000000
25776,3,0.071591,0.709236,14,0,1000.000,2.795661,0.000000
25776,4,0.078868,0.797943,13,0,1000.000,2.230533,0.000000
25776,5,0.087964,0.775415,19,0,1000.000,2.567137,0.000000
25776,6,0.311620,0.758302,84,7,941.345,2.177414,0.000000
25776,7,0.231132,0.527920,62,19,757.516,2.121623,0.000000
25824,0,0.075510,0.789320,25,0,1000.000,2.239066,0.000000
25824,1,0.068177,0.785039,22,0,1000.000,2.570109,0.000000
25824,2,0.075138,0.824763,21,0,1000.000,2.277670,0.000000
25824,3,0.071591,0.769643,9,0,1000.000,2.697506,0.000000
25824,4,0.078868,0.780936,10,0,1000.000,2.453534,0.000000
25824,5,0.087964,0.782248,13,1,983.615,2.359617,0.000000
25824,6,0.311620,0.754053,76,5,954.487,2.218118,0.000000
25824,7,0.231132,0.579328,67,17,772.836,1.887085,0.000000
25872,0,0.075510,0.815030,13,0,1000.000,2.100701,0.000000
25872,1,0.068177,0.803785,14,0,1000.000,2.499657,0.000000
25872,2,0.075138,0.788226,17,0,1000.000,2.448811,0.000000
25872,3,0.071591,0.812217,14,0,1000.000,2.179852,0.000000
25872,4,0.078868,0.736336,19,0,1000.000,2.610075,0.000000
25872,5,0.087964,0.749371,14,2,926.643,1.986635,0.000000
25872,6,0.311620,0.699768,61,7,913.115,2.167909,0.000000
25872,7,0.231132,0.553492,63,19,738.571,1.988061,0.000000
25920,0,0.075510,0.834578,17,0,1000.000,1.907026,0.000000
25920,1,0.068177,0.792656,16,0,1000.000,2.173913,0.000000
25920,2,0.075138,0.761519,16,0,1000.000,2.546894,0.000000
25920,3,0.071591,0.764941,12,0,1000.000,2.578740,0.000000
25920,4,0.078868,0.774980,15,1,973.600,2.300574,0.000000
25920,5,0.087964,0.707423,16,3,905.125,2.164763,0.000000
25920,6,0.311620,0.698756,73,13,889.452,2.030965,0.000000
25920,7,0.231132,0.635031,75,18,801.480,1.818764,0.000000
25968,0,0.075510,0.761696,5,0,1000.000,2.867664,0.000000
25968,1,0.068177,0.795986,11,0,1000.000,1.912260,0.000000
25968,2,0.075138,0.743007,5,0,1000.000,3.030446,0.000000
25968,3,0.071591,0.772361,20,0,1000.000,2.179309,0.000000
25968,4,0.078868,0.770769,18,0,1000.000,2.063560,0.000000
25968,5,0.087964,0.815121,18,0,1000.000,2.290048,0.000000
25968,6,0.311620,0.698225,56,10,876.250,2.080508,0.000000
25968,7,0.231132,0.522743,51,17,712.392,1.829929,0.000000
26016,0,0.075510,0.809965,15,0,1000.000,1.885876,0.000000
26016,1,0.068177,0.807083,11,0,1000.000,2.211539,0.000000
26016,2,0.075138,0.801727,19,0,1000.000,2.383518,0.000000
26016,3,0.071591,0.745936,13,0,1000.000,2.505634,0.000000
26016,4,0.078868,0.806037,10,0,1000.000,2.212302,0.000000
26016,5,0.087964,0.837916,7,0,1000.000,2.327256,0.000000
26016,6,0.311620,0.710226,57,11,869.579,1.884659,0.000000
26016,7,0.231132,0.620981,59,13,814.288,2.012199,0.000000
26064,0,0.075510,0.815982,7,0,1000.000,1.393098,0.000000
26064,1,0.068177,0.761609,8,0,1000.000,2.512841,0.000000
26064,2,0.075138,0.797464,10,0,1000.000,2.343151,0.000000
26064,3,0.071591,0.720463,7,0,1000.000,2.597541,0.000000
26064,4,0.078868,0.824516,15,0,1000.000,2.071677,0.000000
26064,5,0.087964,0.755730,15,0,1000.000,2.518496,0.000000
26064,6,0.311620,0.697640,53,6,930.170,2.288695,0.000000
26064,7,0.231132,0.583050,54,16,749.167,1.816034,0.000000
26112,0,0.075510,0.758042,11,0,1000.000,2.366115,0.000000
26112,1,0.068177,0.790117,16,0,1000.000,2.120299,0.000000
26112,2,0.075138,0.764767,9,0,1000.000,2.747776,0.000000
26112,3,0.071591,0.710465,7,0,1000.000,2.527993,0.000000
26112,4,0.078868,0.846839,12,0,1000.000,2.244992,0.000000
26112,5,0.087964,0.800096,17,1,968.176,2.273984,0.000000
26112,6,0.311620,0.697185,44,5,919.932,2.252885,0.000000
26112,7,0.231132,0.508372,39,15,697.949,1.991592,0.000000
26160,0,0.075510,0.779063,17,0,1000.000,2.299927,0.000000
26160,1,0.068177,0.901128,7,0,1000.000,1.296873,0.000000
26160,2,0.075138,0.827628,7,0,1000.000,2.235467,0.000000
26160,3,0.071591,0.759858,11,0,1000.000,2.444171,0.000000
26160,4,0.078868,0.871465,10,0,1000.000,1.748397,0.000000
26160,5,0.087964,0.755464,15,1,956.867,2.452443,0.000000
26160,6,0.311620,0.767300,55,2,990.200,2.400457,0.000000
26160,7,0.231132,0.534076,45,19,691.978,1.371429,0.000000
26208,0,0.075510,0.856712,10,0,1000.000,2.073825,0.000000
26208,1,0.068177,0.836068,12,0,1000.000,2.064061,0.000000
26208,2,0.075138,0.743154,9,0,1000.000,2.658207,0.000000
26208,3,0.071591,0.747438,6,0,1000.000,2.724097,0.000000
26208,4,0.078868,0.792820,9,0,1000.000,2.117327,0.000000
26208,5,0.087964,0.817600,14,0,1000.000,2.205553,0.000000
26208,6,0.311620,0.813050,45,0,1000.000,2.339354,0.000000
26208,7,0.231132,0.703905,42,3,945.667,2.707959,0.000000
26256,0,0.075510,0.850204,13,0,1000.000,2.067215,0.000000
26256,1,0.068177,0.722112,3,0,1000.000,2.312552,0.000000
26256,2,0.075138,0.784959,15,0,1000.000,2.631851,0.000000
26256,3,0.071591,0.775314,9,0,1000.000,2.897940,0.000000
26256,4,0.078868,0.793711,10,0,1000.000,2.229187,0.000000
26256,5,0.087964,0.756199,6,0,1000.000,2.555120,0.000000
26256,6,0.311620,0.807554,60,0,1000.000,2.212871,0.000000
26256,7,0.231132,0.602383,37,11,774.324,1.872993,0.000000
26304,0,0.075510,0.753877,7,0,1000.000,2.463632,0.000000
26304,1,0.068177,0.807720,11,0,1000.000,2.562925,0.000000
26304,2,0.075138,0.846722,21,0,1000.000,2.519514,0.000000
26304,3,0.071591,0.716908,8,0,1000.000,2.376454,0.000000
26304,4,0.078868,0.741917,11,0,1000.000,2.567499,0.000000
26304,5,0.087964,0.832232,14,0,1000.000,2.073416,0.000000
26304,6,0.311620,0.819963,60,2,984.233,2.098612,0.000000
26304,7,0.231132,0.617752,48,9,838.062,2.372976,0.000000
26352,0,0.075510,0.762433,13,1,972.462,2.178859,0.000000
26352,1,0.068177,0.774013,11,0,1000.000,2.069132,0.000000
26352,2,0.075138,0.823338,15,0,1000.000,2.195851,0.000000
26352,3,0.071591,0.730812,9,0,1000.000,2.835856,0.000000
26352,4,0.078868,0.793202,18,0,1000.000,2.502762,0.000000
26352,5,0.087964,0.791741,13,0,1000.000,2.371034,0.000000
26352,6,0.311620,0.809511,53,1,997.547,2.362487,0.000000
26352,7,0.231132,0.628112,49,9,826.408,2.261837,0.000000
26400,0,0.075510,0.790531,13,0,1000.000,2.292981,0.000000
26400,1,0.068177,0.820849,13,0,1000.000,2.146711,0.000000
26400,2,0.075138,0.787333,13,0,1000.000,2.304485,0.000000
26400,3,0.071591,0.717004,14,0,1000.000,2.903293,0.000000
26400,4,0.078868,0.806520,19,0,1000.000,2.339705,0.000000
26400,5,0.087964,0.772534,15,0,1000.000,2.708491,0.000000
26400,6,0.311620,0.770076,72,4,969.972,2.310842,0.000000
26400,7,0.231132,0.621634,44,7,847.591,2.246584,0.000000
26448,0,0.045568,0.783680,13,0,1000.000,2.380552,0.000000
26448,1,0.052162,0.823255,9,0,1000.000,2.304543,0.000000
26448,2,0.042097,0.785609,5,0,1000.000,2.812652,0.000000
26448,3,0.044006,0.779480,16,0,1000.000,2.421036,0.000000
26448,4,0.049279,0.776840,14,0,1000.000,2.402176,0.000000
26448,5,0.056348,0.772616,17,0,1000.000,2.397711,0.000000
26448,6,0.224908,0.811331,68,0,1000.000,2.429618,0.000000
26448,7,0.485633,0.697721,52,6,902.519,2.171568,0.000000
26496,0,0.045568,0.792861,10,2,950.000,1.825893,0.000000
26496,1,0.052162,0.807864,11,0,1000.000,2.284883,0.000000
26496,2,0.042097,0.779269,7,0,1000.000,2.352741,0.000000
26496,3,0.044006,0.868942,3,0,1000.000,2.105642,0.000000
26496,4,0.049279,0.809074,7,0,1000.000,2.437131,0.000000
26496,5,0.056348,0.772075,11,0,1000.000,2.371019,0.000000
26496,6,0.224908,0.750910,42,0,1000.000,2.655687,0.000000
26496,7,0.485633,0.747354,104,6,947.510,2.249480,0.000000
26544,0,0.045568,0.759396,11,0,1000.000,2.213193,0.000000
26544,1,0.052162,0.833624,9,0,1000.000,2.017219,0.000000
26544,2,0.042097,0.734755,11,0,1000.000,2.727314,0.000000
26544,3,0.044006,0.803322,15,0,1000.000,2.467077,0.000000
26544,4,0.049279,0.808931,9,0,1000.000,2.361141,0.000000
26544,5,0.056348,0.782275,11,0,1000.000,2.273169,0.000000
26544,6,0.224908,0.797958,68,1,986.294,2.390798,0.000000
26544,7,0.485633,0.727701,122,10,922.172,2.302676,0.000000
26592,0,0.045568,0.795239,11,0,1000.000,2.308649,0.000000
26592,1,0.052162,0.809345,12,0,1000.000,2.015634,0.000000
26592,2,0.042097,0.822337,7,0,1000.000,2.316418,0.000000
26592,3,0.044006,0.794813,19,0,1000.000,1.958803,0.000000
26592,4,0.049279,0.752139,13,0,1000.000,2.390471,0.000000
26592,5,0.056348,0.762020,18,0,1000.000,2.277114,0.000000
26592,6,0.224908,0.766214,62,1,984.694,2.473815,0.000000
26592,7,0.485633,0.757729,145,6,962.014,2.332596,0.000000
26640,0,0.045568,0.805195,11,1,978.091,2.094728,0.000000
26640,1,0.052162,0.736031,19,0,1000.000,2.510672,0.000000
26640,2,0.042097,0.704468,13,0,1000.000,2.350737,0.000000
26640,3,0.044006,0.798667,7,0,1000.000,2.363845,0.000000
26640,4,0.049279,0.750724,8,0,1000.000,2.186075,0.000000
26640,5,0.056348,0.762012,14,0,1000.000,2.562006,0.000000
26640,6,0.224908,0.778074,70,2,983.814,2.399542,0.000000
26640,7,0.485633,0.720669,152,13,920.158,2.356053,0.000000
26688,0,0.045568,0.850819,10,0,1000.000,2.022460,0.000000
26688,1,0.052162,0.805127,11,0,1000.000,2.127406,0.000000
26688,2,0.042097,0.791394,15,0,1000.000,2.389307,0.000000
26688,3,0.044006,0.739745,11,0,1000.000,2.555070,0.000000
26688,4,0.049279,0.814304,14,0,1000.000,2.636753,0.000000
26688,5,0.056348,0.841432,15,0,1000.000,2.180585,0.000000
26688,6,0.224908,0.767776,55,1,983.418,2.610494,0.000000
26688,7,0.485633,0.691241,123,13,906.260,2.391178,0.000000
26736,0,0.045568,0.774477,10,1,932.900,2.482135,0.000000
26736,1,0.052162,0.743301,16,0,1000.000,2.512257,0.000000
26736,2,0.042097,0.847610,11,0,1000.000,1.951697,0.000000
26736,3,0.044006,0.710557,6,0,1000.000,2.609977,0.000000
26736,4,0.049279,0.883691,6,0,1000.000,1.780731,0.000000
26736,5,0.056348,0.780979,11,0,1000.000,2.287369,0.000000
26736,6,0.224908,0.743717,55,3,966.218,2.392776,0.000000
26736,7,0.485633,0.660652,123,23,838.512,2.105515,0.000000
26784,0,0.045568,0.747539,5,0,1000.000,2.813063,0.000000
26784,1,0.052162,0.710330,9,0,1000.000,3.104377,0.000000
26784,2,0.042097,0.781541,4,0,1000.000,2.615147,0.000000
26784,3,0.044006,0.773875,12,0,1000.000,2.549755,0.000000
26784,4,0.049279,0.655856,8,0,1000.000,2.353902,0.000000
26784,5,0.056348,0.779849,13,0,1000.000,2.443703,0.000000
26784,6,0.224908,0.770754,54,2,980.593,2.352250,0.000000
26784,7,0.485633,0.707557,135,16,895.489,2.323265,0.000000
26832,0,0.045568,0.834696,11,1,965.455,1.782974,0.000000
26832,1,0.052162,0.788902,14,0,1000.000,1.854468,0.000000
26832,2,0.042097,0.753763,6,0,1000.000,2.618745,0.000000
26832,3,0.044006,0.798654,11,0,1000.000,2.266462,0.000000
26832,4,0.049279,0.823924,12,0,1000.000,2.436084,0.000000
26832,5,0.056348,0.828664,13,0,1000.000,2.690497,0.000000
26832,6,0.224908,0.731111,63,6,928.063,2.463284,0.000000
26832,7,0.485633,0.739556,105,11,912.771,2.235777,0.000000
26880,0,0.045568,0.863237,9,1,928.889,1.663998,0.000000
26880,1,0.052162,0.815350,8,0,1000.000,2.038805,0.000000
26880,2,0.042097,0.766329,6,0,1000.000,2.482298,0.000000
26880,3,0.044006,0.761969,7,0,1000.000,2.596473,0.000000
26880,4,0.049279,0.752415,12,0,1000.000,2.643966,0.000000
26880,5,0.056348,0.843872,10,0,1000.000,2.493698,0.000000
26880,6,0.224908,0.775890,40,0,1000.000,2.392666,0.000000
26880,7,0.485633,0.708101,123,19,879.496,2.126571,0.000000
26928,0,0.045568,0.721353,11,0,1000.000,2.122090,0.000000
26928,1,0.052162,0.795639,6,0,1000.000,2.765930,0.000000
26928,2,0.042097,0.817721,10,0,1000.000,2.507227,0.000000
26928,3,0.044006,0.786416,9,0,1000.000,2.436389,0.000000
26928,4,0.049279,0.725367,9,0,1000.000,2.871734,0.000000
26928,5,0.056348,0.757501,11,0,1000.000,2.398355,0.000000
26928,6,0.224908,0.762924,41,1,976.902,2.574732,0.000000
26928,7,0.485633,0.710674,128,15,895.453,2.228659,0.000000
26976,0,0.045568,0.772555,9,0,1000.000,2.169760,0.000000
26976,1,0.052162,0.760028,9,0,1000.000,2.577209,0.000000
26976,2,0.042097,0.737998,10,0,1000.000,2.316353,0.000000
26976,3,0.044006,0.784160,6,0,1000.000,2.576440,0.000000
26976,4,0.049279,0.850846,7,0,1000.000,2.065465,0.000000
26976,5,0.056348,0.798933,5,0,1000.000,2.294885,0.000000
26976,6,0.224908,0.796207,37,1,974.946,2.096002,0.000000
26976,7,0.485633,0.724097,96,9,917.990,2.272905,0.000000
27024,0,0.045568,0.704603,14,0,1000.000,2.408126,0.000000
27024,1,0.052162,0.775979,7,0,1000.000,2.559406,0.000000
27024,2,0.042097,0.831852,9,0,1000.000,2.336933,0.000000
27024,3,0.044006,0.607936,4,0,1000.000,2.861623,0.000000
27024,4,0.049279,0.809343,9,0,1000.000,2.184952,0.000000
27024,5,0.056348,0.817808,4,0,1000.000,1.765785,0.000000
27024,6,0.224908,0.767410,43,3,959.837,2.329973,0.000000
27024,7,0.485633,0.734160,92,10,909.272,2.154645,0.000000
27072,0,0.045568,0.880415,8,0,1000.000,1.778714,0.000000
27072,1,0.052162,0.848308,8,0,1000.000,2.100493,0.000000
27072,2,0.042097,0.798244,9,0,1000.000,2.349934,0.000000
27072,3,0.044006,0.862115,5,0,1000.000,2.058160,0.000000
27072,4,0.049279,0.793839,9,0,1000.000,2.137415,0.000000
27072,5,0.056348,0.758570,9,0,1000.000,2.871915,0.000000
27072,6,0.224908,0.746443,45,1,989.111,2.594122,0.000000
27072,7,0.485633,0.726015,76,9,889.105,2.077739,0.000000
27120,0,0.045568,0.802678,9,0,1000.000,2.614449,0.000000
27120,1,0.052162,0.890316,4,0,1000.000,1.596992,0.000000
27120,2,0.042097,0.896885,5,0,1000.000,1.330051,0.000000
27120,3,0.044006,0.879426,8,0,1000.000,1.836860,0.000000
27120,4,0.049279,0.815405,7,0,1000.000,2.315079,0.000000
27120,5,0.056348,0.843765,7,0,1000.000,2.796680,0.000000
27120,6,0.224908,0.801985,34,1,991.000,2.477799,0.000000
27120,7,0.485633,0.725203,82,7,922.463,2.464430,0.000000
27168,0,0.045568,0.808138,4,0,1000.000,3.086026,0.000000
27168,1,0.052162,0.734062,7,0,1000.000,2.559914,0.000000
27168,2,0.042097,0.818795,4,0,1000.000,2.763616,0.000000
27168,3,0.044006,0.781153,7,0,1000.000,2.624949,0.000000
27168,4,0.049279,0.877197,8,0,1000.000,1.997976,0.000000
27168,5,0.056348,0.810598,13,1,973.538,2.281650,0.000000
27168,6,0.224908,0.789859,37,1,983.838,2.524497,0.000000
27168,7,0.485633,0.761621,87,4,957.851,2.538630,0.000000
27216,0,0.045568,0.827274,7,0,1000.000,2.514438,0.000000
27216,1,0.052162,0.763408,4,0,1000.000,2.472153,0.000000
27216,2,0.042097,0.852986,4,0,1000.000,1.821371,0.000000
27216,3,0.044006,0.784623,9,0,1000.000,2.355520,0.000000
27216,4,0.049279,0.818432,7,0,1000.000,2.315109,0.000000
27216,5,0.056348,0.723883,6,0,1000.000,2.667087,0.000000
27216,6,0.224908,0.776504,32,2,947.000,2.181276,0.000000
27216,7,0.485633,0.719966,81,8,915.395,2.426320,0.000000
27264,0,0.045568,0.796727,9,0,1000.000,2.430502,0.000000
27264,1,0.052162,0.856912,8,0,1000.000,2.564063,0.000000
27264,2,0.042097,0.804918,4,0,1000.000,2.411625,0.000000
27264,3,0.044006,0.741706,5,0,1000.000,3.119987,0.000000
27264,4,0.049279,0.857903,9,0,1000.000,2.119931,0.000000
27264,5,0.056348,0.845821,5,0,1000.000,1.926847,0.000000
27264,6,0.224908,0.821337,36,1,977.333,2.254236,0.000000
27264,7,0.485633,0.733672,69,5,950.261,2.592575,0.000000
27312,0,0.045568,0.859160,5,0,1000.000,2.161513,0.000000
27312,1,0.052162,0.826681,7,0,1000.000,2.525229,0.000000
27312,2,0.042097,0.798792,5,0,1000.000,2.375821,0.000000
27312,3,0.044006,0.811277,7,0,1000.000,2.931888,0.000000
27312,4,0.049279,0.810580,3,0,1000.000,3.197776,0.000000
27312,5,0.056348,0.790613,5,0,1000.000,2.907546,0.000000
27312,6,0.224908,0.743585,44,2,975.636,2.654223,0.000000
27312,7,0.485633,0.719118,98,13,886.531,2.246154,0.000000
27408,0,0.045568,0.784372,13,0,1000.000,2.281643,0.000000
27408,1,0.052162,0.830451,21,0,1000.000,1.830881,0.000000
27408,2,0.042097,0.803965,23,0,1000.000,2.375965,0.000000
27408,3,0.044006,0.760086,18,0,1000.000,2.635396,0.000000
27408,4,0.049279,0.817389,25,0,1000.000,2.429604,0.000000
27408,5,0.056348,0.798822,23,1,977.783,2.385638,0.000000
27408,6,0.224908,0.811913,69,0,1000.000,2.366174,0.000000
27408,7,0.485633,0.751714,194,13,938.247,2.365416,0.000000
27456,0,0.045568,0.796349,10,0,1000.000,2.442162,0.000000
27456,1,0.052162,0.804812,8,0,1000.000,1.860226,0.000000
27456,2,0.042097,0.854722,9,0,1000.000,1.789320,0.000000
27456,3,0.044006,0.714817,12,0,1000.000,2.968070,0.000000
27456,4,0.049279,0.761278,7,0,1000.000,2.505732,0.000000
27456,5,0.056348,0.756461,7,0,1000.000,3.001809,0.000000
27456,6,0.224908,0.777421,34,0,1000.000,2.411095,0.000000
27456,7,0.485633,0.753213,113,6,955.062,2.531193,0.000000
27504,0,0.045568,0.810930,8,0,1000.000,2.471787,0.000000
27504,1,0.052162,0.702539,5,0,1000.000,2.313530,0.000000
27504,2,0.042097,0.753300,3,0,1000.000,2.438483,0.000000
27504,3,0.044006,0.763558,8,0,1000.000,2.512179,0.000000
27504,4,0.049279,0.776372,9,0,1000.000,3.140383,0.000000
27504,5,0.056348,0.640615,11,0,1000.000,3.118767,0.000000
27504,6,0.224908,0.724339,53,0,1000.000,2.931519,0.000000
27504,7,0.485633,0.690160,100,6,944.530,2.881960,0.000000
27552,0,0.045568,0.729813,9,0,1000.000,2.398813,0.000000
27552,1,0.052162,0.805519,13,0,1000.000,2.698971,0.000000
27552,2,0.042097,0.700172,14,0,1000.000,2.966745,0.000000
27552,3,0.044006,0.777229,4,0,1000.000,2.533236,0.000000
27552,4,0.049279,0.810101,15,0,1000.000,2.342916,0.000000
27552,5,0.056348,0.753278,11,0,1000.000,2.831589,0.000000
27552,6,0.224908,0.718375,53,1,983.377,2.746689,0.000000
27552,7,0.485633,0.704340,117,5,961.342,2.834680,0.000000
27600,0,0.045568,0.794021,14,0,1000.000,2.207552,0.000000
27600,1,0.052162,0.688030,17,0,1000.000,2.857148,0.000000
27600,2,0.042097,0.792979,7,0,1000.000,2.602449,0.000000
27600,3,0.044006,0.781197,9,0,1000.000,2.634156,0.000000
27600,4,0.049279,0.783316,17,0,1000.000,2.591809,0.000000
27600,5,0.056348,0.720095,17,0,1000.000,2.792880,0.000000
27600,6,0.224908,0.734673,80,0,1000.000,2.918972,0.000000
27600,7,0.485633,0.720889,134,8,954.672,2.638284,0.000000
27648,0,0.045568,0.693666,9,0,1000.000,3.084392,0.000000
27648,1,0.052162,0.721625,16,0,1000.000,2.687853,0.000000
27648,2,0.042097,0.794042,12,0,1000.000,2.472671,0.000000
27648,3,0.044006,0.723072,13,0,1000.000,2.874690,0.000000
27648,4,0.049279,0.767560,14,0,1000.000,2.776609,0.000000
27648,5,0.056348,0.707187,16,0,1000.000,2.856990,0.000000
27648,6,0.224908,0.735156,59,0,1000.000,2.841058,0.000000
27648,7,0.485633,0.706939,136,9,943.846,2.695609,0.000000
27696,0,0.045568,0.695214,15,0,1000.000,2.969914,0.000000
27696,1,0.052162,0.707424,16,0,1000.000,2.712795,0.000000
27696,2,0.042097,0.758081,12,0,1000.000,2.794362,0.000000
27696,3,0.044006,0.654659,8,0,1000.000,3.132956,0.000000
27696,4,0.049279,0.755537,4,0,1000.000,2.078851,0.000000
27696,5,0.056348,0.732840,14,0,1000.000,2.786309,0.000000
27696,6,0.224908,0.736157,53,0,1000.000,3.059253,0.000000
27696,7,0.485633,0.712815,100,4,970.340,2.823833,0.000000
27744,0,0.045568,0.702540,13,0,1000.000,3.161070,0.000000
27744,1,0.052162,0.734247,17,0,1000.000,2.675683,0.000000
27744,2,0.042097,0.706658,10,0,1000.000,3.316927,0.000000
27744,3,0.044006,0.679733,13,0,1000.000,3.087366,0.000000
27744,4,0.049279,0.801808,12,0,1000.000,2.734322,0.000000
27744,5,0.056348,0.734594,16,0,1000.000,2.755735,0.000000
27744,6,0.224908,0.733006,53,1,982.585,2.706149,0.000000
27744,7,0.485633,0.701113,115,11,928.957,2.553916,0.000000
27792,0,0.045568,0.696094,8,0,1000.000,2.721874,0.000000
27792,1,0.052162,0.668822,11,1,914.636,2.424659,0.000000
27792,2,0.042097,0.695166,8,0,1000.000,3.362677,0.000000
27792,3,0.044006,0.765227,15,0,1000.000,2.611835,0.000000
27792,4,0.049279,0.680037,16,0,1000.000,3.082148,0.000000
27792,5,0.056348,0.766726,10,0,1000.000,2.582842,0.000000
27792,6,0.224908,0.761221,57,0,1000.000,2.713159,0.000000
27792,7,0.485633,0.680747,112,10,924.679,2.718868,0.000000
27840,0,0.045568,0.751906,12,0,1000.000,2.528986,0.000000
27840,1,0.052162,0.636591,6,0,1000.000,2.947513,0.000000
27840,2,0.042097,0.713800,9,0,1000.000,3.269084,0.000000
27840,3,0.044006,0.713508,4,0,1000.000,3.488702,0.000000
27840,4,0.049279,0.745679,9,0,1000.000,2.537300,0.000000
27840,5,0.056348,0.719924,9,0,1000.000,3.234157,0.000000
27840,6,0.224908,0.735228,44,0,1000.000,2.974352,0.000000
27840,7,0.485633,0.718485,116,7,952.267,2.746045,0.000000
27888,0,0.045568,0.787959,7,0,1000.000,2.826099,0.000000
27888,1,0.052162,0.732530,10,0,1000.000,2.786952,0.000000
27888,2,0.042097,0.749561,13,0,1000.000,2.769956,0.000000
27888,3,0.044006,0.604069,15,0,1000.000,3.180990,0.000000
27888,4,0.049279,0.796847,9,0,1000.000,2.315222,0.000000
27888,5,0.056348,0.658815,10,0,1000.000,3.065861,0.000000
27888,6,0.224908,0.731618,44,0,1000.000,3.077613,0.000000
27888,7,0.485633,0.709504,117,5,964.214,2.794872,0.000000
27936,0,0.045568,0.711760,11,0,1000.000,2.871866,0.000000
27936,1,0.052162,0.734107,11,0,1000.000,2.948592,0.000000
27936,2,0.042097,0.824512,8,0,1000.000,2.185768,0.000000
27936,3,0.044006,0.751167,9,0,1000.000,2.918750,0.000000
27936,4,0.049279,0.703221,9,0,1000.000,2.849522,0.000000
27936,5,0.056348,0.740670,17,0,1000.000,3.092623,0.000000
27936,6,0.224908,0.702380,55,3,950.309,2.581742,0.000000
27936,7,0.485633,0.702480,105,8,948.010,2.801723,0.000000
27984,0,0.045568,0.805300,9,1,978.556,2.687180,0.000000
27984,1,0.052162,0.697236,8,0,1000.000,3.168317,0.000000
27984,2,0.042097,0.739477,5,0,1000.000,3.000505,0.000000
27984,3,0.044006,0.752876,8,0,1000.000,2.836680,0.000000
27984,4,0.049279,0.740230,8,0,1000.000,3.254760,0.000000
27984,5,0.056348,0.737406,10,0,1000.000,3.015595,0.000000
27984,6,0.224908,0.763582,44,3,965.636,2.631411,0.000000
27984,7,0.485633,0.673062,86,10,922.523,2.716106,0.000000
28032,0,0.045568,0.712303,12,2,941.917,2.760326,0.000000
28032,1,0.052162,0.757412,10,0,1000.000,2.946848,0.000000
28032,2,0.042097,0.765856,4,0,1000.000,3.044050,0.000000
28032,3,0.044006,0.679901,6,0,1000.000,3.304898,0.000000
28032,4,0.049279,0.771398,8,0,1000.000,2.741216,0.000000
28032,5,0.056348,0.777334,10,0,1000.000,2.671170,0.000000
28032,6,0.224908,0.706702,39,0,1000.000,2.986558,0.000000
28032,7,0.485633,0.711113,86,6,956.430,2.715295,0.000000
28080,0,0.045568,0.807384,10,0,1000.000,3.073052,0.000000
28080,1,0.052162,0.792351,4,0,1000.000,1.976478,0.000000
28080,2,0.042097,0.806498,5,0,1000.000,2.493590,0.000000
28080,3,0.044006,0.585655,5,0,1000.000,3.305198,0.000000
28080,4,0.049279,0.779718,10,0,1000.000,2.076244,0.000000
28080,5,0.056348,0.641756,15,1,936.667,2.612322,0.000000
28080,6,0.224908,0.763260,34,1,990.029,3.003412,0.000000
28080,7,0.485633,0.682600,78,8,928.744,2.672990,0.000000
28128,0,0.045568,0.850469,7,0,1000.000,2.640975,0.000000
28128,1,0.052162,0.663836,8,0,1000.000,3.156801,0.000000
28128,2,0.042097,0.791893,7,0,1000.000,3.093659,0.000000
28128,3,0.044006,0.844906,5,0,1000.000,2.709008,0.000000
28128,4,0.049279,0.769187,10,0,1000.000,2.892144,0.000000
28128,5,0.056348,0.807688,11,0,1000.000,2.259753,0.000000
28128,6,0.224908,0.763718,37,0,1000.000,2.640792,0.000000
28128,7,0.485633,0.734779,77,4,973.455,2.607075,0.000000
28176,0,0.045568,0.783608,5,0,1000.000,2.398411,0.000000
28176,1,0.052162,0.719000,14,0,1000.000,2.978804,0.000000
28176,2,0.042097,0.816586,7,0,1000.000,2.920832,0.000000
28176,3,0.044006,0.705443,3,0,1000.000,3.487130,0.000000
28176,4,0.049279,0.680155,4,0,1000.000,3.241634,0.000000
28176,5,0.056348,0.720646,12,0,1000.000,2.922132,0.000000
28176,6,0.224908,0.787046,40,0,1000.000,2.967078,0.000000
28176,7,0.485633,0.695611,68,4,957.926,2.822049,0.000000
28272,0,0.045568,0.764479,13,0,1000.000,2.737976,0.000000
28272,1,0.052162,0.763439,15,0,1000.000,2.763358,0.000000
28272,2,0.042097,0.794244,9,0,1000.000,2.603998,0.000000
28272,3,0.044006,0.794128,13,0,1000.000,2.833514,0.000000
28272,4,0.049279,0.712992,10,0,1000.000,3.338093,0.000000
28272,5,0.056348,0.813438,22,0,1000.000,2.954299,0.000000
28272,6,0.224908,0.773727,67,0,1000.000,2.834361,0.000000
28272,7,0.485633,0.705726,148,11,937.615,2.725476,0.000000
28320,0,0.045568,0.717562,9,0,1000.000,3.052263,0.000000
28320,1,0.052162,0.753045,5,0,1000.000,2.750948,0.000000
28320,2,0.042097,0.849908,4,0,1000.000,2.399899,0.000000
28320,3,0.044006,0.755443,12,0,1000.000,2.787059,0.000000
28320,4,0.049279,0.742039,7,0,1000.000,3.019514,0.000000
28320,5,0.056348,0.780020,11,0,1000.000,2.634843,0.000000
28320,6,0.224908,0.775091,33,0,1000.000,2.330668,0.000000
28320,7,0.485633,0.749239,86,2,978.453,2.773404,0.000000
28368,0,0.045568,0.772959,7,0,1000.000,2.573454,0.000000
28368,1,0.052162,0.700500,11,0,1000.000,3.147332,0.000000
28368,2,0.042097,0.874008,7,0,1000.000,2.048315,0.000000
28368,3,0.044006,0.840038,7,0,1000.000,2.140658,0.000000
28368,4,0.049279,0.860875,10,0,1000.000,2.455117,0.000000
28368,5,0.056348,0.765043,11,0,1000.000,2.535295,0.000000
28368,6,0.224908,0.742282,39,2,957.462,2.558248,0.000000
28368,7,0.485633,0.758074,98,3,971.000,2.773145,0.000000
28416,0,0.045568,0.723072,8,0,1000.000,2.789467,0.000000
28416,1,0.052162,0.723437,9,0,1000.000,3.161843,0.000000
28416,2,0.042097,0.719398,11,0,1000.000,2.744079,0.000000
28416,3,0.044006,0.784101,5,0,1000.000,3.306799,0.000000
28416,4,0.049279,0.743962,7,0,1000.000,2.722128,0.000000
28416,5,0.056348,0.777913,16,0,1000.000,3.073295,0.000000
28416,6,0.224908,0.711127,42,0,1000.000,2.923579,0.000000
28416,7,0.485633,0.751776,99,2,981.970,2.781318,0.000000
28464,0,0.045568,0.742953,13,0,1000.000,2.707578,0.000000
28464,1,0.052162,0.730306,7,0,1000.000,2.477973,0.000000
28464,2,0.042097,0.674828,7,0,1000.000,2.662973,0.000000
28464,3,0.044006,0.733936,5,0,1000.000,3.184671,0.000000
28464,4,0.049279,0.815183,9,0,1000.000,2.252425,0.000000
28464,5,0.056348,0.756280,8,0,1000.000,2.896040,0.000000
28464,6,0.224908,0.736198,39,0,1000.000,2.916746,0.000000
28464,7,0.485633,0.737466,83,3,967.217,2.688165,0.000000
28512,0,0.045568,0.814956,4,0,1000.000,2.279693,0.000000
28512,1,0.052162,0.753127,14,0,1000.000,2.715168,0.000000
28512,2,0.042097,0.783254,8,0,1000.000,2.748189,0.000000
28512,3,0.044006,0.825125,10,0,1000.000,2.684929,0.000000
28512,4,0.049279,0.650741,7,0,1000.000,3.446121,0.000000
28512,5,0.056348,0.720138,8,0,1000.000,3.105034,0.000000
28512,6,0.224908,0.759434,46,1,979.565,2.953194,0.000000
28512,7,0.485633,0.724185,112,6,965.080,2.886463,0.000000
28560,0,0.045568,0.750970,11,0,1000.000,2.484085,0.000000
28560,1,0.052162,0.745242,12,0,1000.000,2.802391,0.000000
28560,2,0.042097,0.721364,9,0,1000.000,3.240381,0.000000
28560,3,0.044006,0.769234,10,0,1000.000,2.464135,0.000000
28560,4,0.049279,0.781066,6,0,1000.000,2.454767,0.000000
28560,5,0.056348,0.815903,10,0,1000.000,2.651360,0.000000
28560,6,0.224908,0.736586,71,0,1000.000,2.917585,0.000000
28560,7,0.485633,0.735712,116,6,952.276,2.666426,0.000000
28608,0,0.045568,0.765616,11,0,1000.000,3.144241,0.000000
28608,1,0.052162,0.741800,23,0,1000.000,2.989672,0.000000
28608,2,0.042097,0.787241,14,0,1000.000,2.392890,0.000000
28608,3,0.044006,0.836247,10,0,1000.000,2.393404,0.000000
28608,4,0.049279,0.791510,11,0,1000.000,2.787824,0.000000
28608,5,0.056348,0.770836,18,0,1000.000,2.650815,0.000000
28608,6,0.224908,0.737638,85,1,993.012,2.963094,0.000000
28608,7,0.485633,0.712663,140,7,953.800,2.765265,0.000000
28656,0,0.045568,0.750006,16,0,1000.000,3.158479,0.000000
28656,1,0.052162,0.697205,12,0,1000.000,3.244501,0.000000
28656,2,0.042097,0.738099,9,0,1000.000,2.704777,0.000000
28656,3,0.044006,0.758485,12,0,1000.000,2.346859,0.000000
28656,4,0.049279,0.745809,13,0,1000.000,2.859171,0.000000
28656,5,0.056348,0.811167,14,0,1000.000,2.623236,0.000000
28656,6,0.224908,0.758197,52,0,1000.000,2.954675,0.000000
28656,7,0.485633,0.725609,117,6,952.727,2.822344,0.000000
28704,0,0.045568,0.818500,6,0,1000.000,2.948145,0.000000
28704,1,0.052162,0.704119,9,0,1000.000,2.975595,0.000000
28704,2,0.042097,0.764900,10,0,1000.000,2.604252,0.000000
28704,3,0.044006,0.743708,7,0,1000.000,2.893226,0.000000
28704,4,0.049279,0.775769,10,0,1000.000,3.038999,0.000000
28704,5,0.056348,0.696274,9,0,1000.000,3.344218,0.000000
28704,6,0.224908,0.737371,54,1,982.685,3.026165,0.000000
28704,7,0.485633,0.752699,119,2,984.571,2.931969,0.000000
28752,0,0.045568,0.710261,7,0,1000.000,2.864462,0.000000
28752,1,0.052162,0.713018,9,0,1000.000,3.045846,0.000000
28752,2,0.042097,0.754249,8,0,1000.000,2.765093,0.000000
28752,3,0.044006,0.711495,13,0,1000.000,2.690062,0.000000
28752,4,0.049279,0.760407,13,0,1000.000,2.851822,0.000000
28752,5,0.056348,0.809764,9,0,1000.000,2.702235,0.000000
28752,6,0.224908,0.747135,50,0,1000.000,2.981447,0.000000
28752,7,0.485633,0.682080,140,11,927.514,2.705774,0.000000
28800,0,0.045568,0.731404,11,0,1000.000,2.795366,0.000000
28800,1,0.052162,0.690579,10,0,1000.000,2.979228,0.000000
28800,2,0.042097,0.755278,2,0,1000.000,3.187021,0.000000
28800,3,0.044006,0.734600,10,0,1000.000,2.722557,0.000000
28800,4,0.049279,0.777681,10,0,1000.000,2.635246,0.000000
28800,5,0.056348,0.736500,15,0,1000.000,2.959104,0.000000
28800,6,0.224908,0.735981,49,0,1000.000,3.000605,0.000000
28800,7,0.485633,0.721444,121,7,946.645,2.603521,0.000000
28848,0,0.058257,0.671357,11,0,1000.000,2.971766,0.000000
28848,1,0.041042,0.676590,10,0,1000.000,3.092599,0.000000
28848,2,0.067337,0.763384,7,0,1000.000,2.320774,0.000000
28848,3,0.050589,0.702176,7,0,1000.000,2.778503,0.000000
28848,4,0.055069,0.706176,10,0,1000.000,3.081692,0.000000
28848,5,0.057498,0.680065,9,0,1000.000,3.262159,0.000000
28848,6,0.086088,0.758870,47,0,1000.000,2.980304,0.000000
28848,7,0.584119,0.734725,106,3,973.981,2.857839,0.000000
28896,0,0.058257,0.766636,13,0,1000.000,2.879909,0.000000
28896,1,0.041042,0.789628,8,0,1000.000,3.026110,0.000000
28896,2,0.067337,0.782519,14,0,1000.000,2.762772,0.000000
28896,3,0.050589,0.734184,15,0,1000.000,2.634999,0.000000
28896,4,0.055069,0.748163,17,0,1000.000,3.182410,0.000000
28896,5,0.057498,0.660559,15,1,935.667,2.544376,0.000000
28896,6,0.086088,0.718698,27,1,965.333,2.962139,0.000000
28896,7,0.584119,0.730725,114,2,983.640,2.874002,0.000000
28944,0,0.058257,0.790804,12,1,985.083,2.488664,0.000000
28944,1,0.041042,0.738787,11,0,1000.000,2.630815,0.000000
28944,2,0.067337,0.777408,23,0,1000.000,2.843729,0.000000
28944,3,0.050589,0.751502,14,0,1000.000,2.755434,0.000000
28944,4,0.055069,0.777366,13,0,1000.000,3.007255,0.000000
28944,5,0.057498,0.702218,10,0,1000.000,3.205132,0.000000
28944,6,0.086088,0.738599,22,1,959.227,2.851541,0.000000
28944,7,0.584119,0.689264,119,9,935.874,2.788105,0.000000
28992,0,0.058257,0.775094,12,1,974.333,2.418356,0.000000
28992,1,0.041042,0.782818,9,0,1000.000,2.821025,0.000000
28992,2,0.067337,0.770487,8,0,1000.000,2.427892,0.000000
28992,3,0.050589,0.816577,13,0,1000.000,2.315940,0.000000
28992,4,0.055069,0.782898,6,0,1000.000,2.098592,0.000000
28992,5,0.057498,0.715072,14,0,1000.000,2.756845,0.000000
28992,6,0.086088,0.734932,13,0,1000.000,3.071539,0.000000
28992,7,0.584119,0.727706,106,4,965.934,2.706008,0.000000
29040,0,0.058257,0.730399,15,0,1000.000,2.744662,0.000000
29040,1,0.041042,0.718727,8,0,1000.000,3.006176,0.000000
29040,2,0.067337,0.729203,8,0,1000.000,2.886123,0.000000
29040,3,0.050589,0.726225,12,0,1000.000,2.855462,0.000000
29040,4,0.055069,0.768010,7,0,1000.000,2.728808,0.000000
29040,5,0.057498,0.819182,11,0,1000.000,2.532872,0.000000
29040,6,0.086088,0.692225,15,0,1000.000,2.752578,0.000000
29040,7,0.584119,0.764109,95,2,981.084,2.698749,0.000000
29088,0,0.058257,0.783623,7,0,1000.000,2.219598,0.000000
29088,1,0.041042,0.696012,6,0,1000.000,3.328403,0.000000
29088,2,0.067337,0.758379,18,0,1000.000,2.715974,0.000000
29088,3,0.050589,0.751554,5,0,1000.000,3.136154,0.000000
29088,4,0.055069,0.782487,9,0,1000.000,2.402069,0.000000
29088,5,0.057498,0.750486,9,0,1000.000,2.687694,0.000000
29088,6,0.086088,0.792161,15,0,1000.000,2.901344,0.000000
29088,7,0.584119,0.720992,96,5,951.812,2.716370,0.000000
29136,0,0.058257,0.815966,5,0,1000.000,2.691755,0.000000
29136,1,0.041042,0.797759,3,0,1000.000,2.444698,0.000000
29136,2,0.067337,0.741487,13,0,1000.000,2.655503,0.000000
29136,3,0.050589,0.764175,7,0,1000.000,2.875517,0.000000
29136,4,0.055069,0.731086,9,0,1000.000,2.779962,0.000000
29136,5,0.057498,0.803583,8,0,1000.000,2.779139,0.000000
29136,6,0.086088,0.796899,14,0,1000.000,2.869848,0.000000
29136,7,0.584119,0.731862,102,3,972.843,2.806751,0.000000
29184,0,0.058257,0.775892,8,0,1000.000,2.652360,0.000000
29184,1,0.041042,0.756351,6,0,1000.000,2.725900,0.000000
29184,2,0.067337,0.789457,9,0,1000.000,2.238090,0.000000
29184,3,0.050589,0.788524,8,0,1000.000,2.880817,0.000000
29184,4,0.055069,0.769115,7,0,1000.000,2.684715,0.000000
29184,5,0.057498,0.712909,10,0,1000.000,3.270497,0.000000
29184,6,0.086088,0.742152,7,0,1000.000,3.346983,0.000000
29184,7,0.584119,0.745296,88,2,978.920,2.744248,0.000000
29232,0,0.058257,0.756886,8,1,915.500,2.562895,0.000000
29232,1,0.041042,0.771361,8,0,1000.000,2.776908,0.000000
29232,2,0.067337,0.741084,3,0,1000.000,1.883614,0.000000
29232,3,0.050589,0.733386,11,0,1000.000,3.265949,0.000000
29232,4,0.055069,0.702815,8,0,1000.000,3.318369,0.000000
29232,5,0.057498,0.769057,8,0,1000.000,2.687105,0.000000
29232,6,0.086088,0.685326,5,0,1000.000,3.304481,0.000000
29232,7,0.584119,0.746379,90,3,969.744,2.680410,0.000000
29280,0,0.058257,0.732243,10,0,1000.000,3.022647,0.000000
29280,1,0.041042,0.753311,6,0,1000.000,2.334387,0.000000
29280,2,0.067337,0.778873,9,0,1000.000,2.703656,0.000000
29280,3,0.050589,0.736744,11,0,1000.000,2.910944,0.000000
29280,4,0.055069,0.745890,2,0,1000.000,3.396770,0.000000
29280,5,0.057498,0.815812,6,0,1000.000,2.286289,0.000000
29280,6,0.086088,0.645795,11,1,917.091,2.950202,0.000000
29280,7,0.584119,0.778237,114,3,976.974,2.663850,0.000000
29328,0,0.058257,0.733698,12,1,998.833,3.039527,0.000000
29328,1,0.041042,0.744313,8,0,1000.000,2.810812,0.000000
29328,2,0.067337,0.729926,5,0,1000.000,3.378032,0.000000
29328,3,0.050589,0.763223,9,0,1000.000,2.862788,0.000000
29328,4,0.055069,0.746405,11,0,1000.000,2.912385,0.000000
29328,5,0.057498,0.799336,9,0,1000.000,2.777774,0.000000
29328,6,0.086088,0.755064,15,0,1000.000,2.863941,0.000000
29328,7,0.584119,0.730919,90,3,969.067,2.923041,0.000000
29376,0,0.058257,0.749855,12,0,1000.000,2.653850,0.000000
29376,1,0.041042,0.805028,9,0,1000.000,2.542043,0.000000
29376,2,0.067337,0.770459,11,0,1000.000,2.821543,0.000000
29376,3,0.050589,0.736241,8,0,1000.000,2.998036,0.000000
29376,4,0.055069,0.757763,11,0,1000.000,3.002708,0.000000
29376,5,0.057498,0.816629,17,0,1000.000,2.597989,0.000000
29376,6,0.086088,0.795947,16,0,1000.000,2.737582,0.000000
29376,7,0.584119,0.759552,112,2,982.973,2.925920,0.000000
29424,0,0.058257,0.865137,4,0,1000.000,2.634810,0.000000
29424,1,0.041042,0.763222,6,0,1000.000,2.416908,0.000000
29424,2,0.067337,0.764542,11,0,1000.000,2.621890,0.000000
29424,3,0.050589,0.659129,14,0,1000.000,3.217099,0.000000
29424,4,0.055069,0.712753,12,0,1000.000,3.339659,0.000000
29424,5,0.057498,0.790132,6,0,1000.000,2.725052,0.000000
29424,6,0.086088,0.815472,15,0,1000.000,2.755018,0.000000
29424,7,0.584119,0.742114,126,2,985.103,2.840899,0.000000
29472,0,0.058257,0.689793,6,0,1000.000,2.992305,0.000000
29472,1,0.041042,0.623900,5,0,1000.000,3.342318,0.000000
29472,2,0.067337,0.740935,10,0,1000.000,2.560727,0.000000
29472,3,0.050589,0.784469,7,0,1000.000,2.654529,0.000000
29472,4,0.055069,0.752257,11,0,1000.000,3.004405,0.000000
29472,5,0.057498,0.702753,9,0,1000.000,2.875923,0.000000
29472,6,0.086088,0.793334,11,0,1000.000,2.383164,0.000000
29472,7,0.584119,0.737650,102,2,982.186,2.903840,0.000000
29520,0,0.058257,0.781066,18,0,1000.000,2.549266,0.000000
29520,1,0.041042,0.752948,4,0,1000.000,2.804054,0.000000
29520,2,0.067337,0.773036,20,0,1000.000,2.985591,0.000000
29520,3,0.050589,0.709453,10,0,1000.000,3.321786,0.000000
29520,4,0.055069,0.774096,10,0,1000.000,3.360158,0.000000
29520,5,0.057498,0.788467,18,0,1000.000,2.834385,0.000000
29520,6,0.086088,0.751099,20,0,1000.000,3.340727,0.000000
29520,7,0.584119,0.732819,113,2,983.557,3.040934,0.000000
29568,0,0.058257,0.847599,13,0,1000.000,2.267483,0.000000
29568,1,0.041042,0.818129,11,0,1000.000,2.686318,0.000000
29568,2,0.067337,0.780338,18,0,1000.000,2.834632,0.000000
29568,3,0.050589,0.742112,8,0,1000.000,3.186356,0.000000
29568,4,0.055069,0.760961,14,0,1000.000,2.693857,0.000000
29568,5,0.057498,0.753644,18,0,1000.000,2.809566,0.000000
29568,6,0.086088,0.719978,24,0,1000.000,2.972809,0.000000
29568,7,0.584119,0.764611,155,4,986.361,2.864408,0.000000
29616,0,0.058257,0.744874,23,1,959.000,2.925970,0.000000
29616,1,0.041042,0.748600,15,0,1000.000,2.704972,0.000000
29616,2,0.067337,0.739646,11,0,1000.000,3.335172,0.000000
29616,3,0.050589,0.764378,23,0,1000.000,2.854011,0.000000
29616,4,0.055069,0.817570,14,0,1000.000,2.507505,0.000000
29616,5,0.057498,0.760499,12,0,1000.000,3.418147,0.000000
29616,6,0.086088,0.756122,30,0,1000.000,2.843527,0.000000
29616,7,0.584119,0.759359,180,3,988.028,2.799393,0.000000
29664,0,0.058257,0.745711,20,0,1000.000,3.001261,0.000000
29664,1,0.041042,0.778285,10,0,1000.000,3.182338,0.000000
29664,2,0.067337,0.774163,16,0,1000.000,2.935357,0.000000
29664,3,0.050589,0.709617,16,0,1000.000,3.211517,0.000000
29664,4,0.055069,0.776744,12,0,1000.000,2.800206,0.000000
29664,5,0.057498,0.763505,20,0,1000.000,2.650886,0.000000
29664,6,0.086088,0.723478,16,1,942.625,2.945358,0.000000
29664,7,0.584119,0.754663,125,4,975.800,2.913575,0.000000
29712,0,0.058257,0.803774,19,0,1000.000,2.517706,0.000000
29712,1,0.041042,0.755694,8,0,1000.000,3.187386,0.000000
29712,2,0.067337,0.764333,6,0,1000.000,3.022201,0.000000
29712,3,0.050589,0.757132,9,0,1000.000,2.249432,0.000000
29712,4,0.055069,0.762768,15,0,1000.000,2.506031,0.000000
29712,5,0.057498,0.728475,17,0,1000.000,3.074723,0.000000
29712,6,0.086088,0.771408,16,0,1000.000,2.837024,0.000000
29712,7,0.584119,0.749992,136,4,972.206,2.783352,0.000000
29760,0,0.058257,0.767663,18,0,1000.000,3.000812,0.000000
29760,1,0.041042,0.729749,4,0,1000.000,2.690588,0.000000
29760,2,0.067337,0.769700,20,0,1000.000,3.083903,0.000000
29760,3,0.050589,0.683254,16,0,1000.000,3.190248,0.000000
29760,4,0.055069,0.784453,13,0,1000.000,2.504743,0.000000
29760,5,0.057498,0.792375,8,0,1000.000,2.483054,0.000000
29760,6,0.086088,0.730856,25,0,1000.000,2.951406,0.000000
29760,7,0.584119,0.740301,130,5,968.123,2.724397,0.000000
29808,0,0.058257,0.721624,14,1,936.071,2.803176,0.000000
29808,1,0.041042,0.777281,6,0,1000.000,2.703578,0.000000
29808,2,0.067337,0.798613,11,0,1000.000,1.927966,0.000000
29808,3,0.050589,0.773985,14,0,1000.000,2.742895,0.000000
29808,4,0.055069,0.782290,13,0,1000.000,2.773577,0.000000
29808,5,0.057498,0.766151,14,0,1000.000,2.858247,0.000000
29808,6,0.086088,0.748911,19,0,1000.000,3.017433,0.000000
29808,7,0.584119,0.750052,145,4,978.159,2.801653,0.000000
29856,0,0.058257,0.697839,15,0,1000.000,3.268349,0.000000
29856,1,0.041042,0.715885,3,0,1000.000,3.448445,0.000000
29856,2,0.067337,0.730767,15,0,1000.000,2.852762,0.000000
29856,3,0.050589,0.792188,6,0,1000.000,2.817234,0.000000
29856,4,0.055069,0.787044,10,0,1000.000,2.586514,0.000000
29856,5,0.057498,0.789574,16,0,1000.000,2.837589,0.000000
29856,6,0.086088,0.735562,13,0,1000.000,2.627815,0.000000
29856,7,0.584119,0.719690,120,7,945.700,2.736230,0.000000
29904,0,0.058257,0.706068,14,1,971.357,3.035219,0.000000
29904,1,0.041042,0.780346,10,0,1000.000,2.658521,0.000000
29904,2,0.067337,0.706585,17,0,1000.000,2.731462,0.000000
29904,3,0.050589,0.730493,13,0,1000.000,3.094063,0.000000
29904,4,0.055069,0.652278,8,0,1000.000,3.008922,0.000000
29904,5,0.057498,0.743274,13,0,1000.000,3.225857,0.000000
29904,6,0.086088,0.793863,15,0,1000.000,2.548366,0.000000
29904,7,0.584119,0.732307,153,5,970.490,2.659609,0.000000
29952,0,0.058257,0.727911,8,1,912.125,2.678561,0.000000
29952,1,0.041042,0.732283,10,0,1000.000,2.881285,0.000000
29952,2,0.067337,0.757503,14,0,1000.000,2.514433,0.000000
29952,3,0.050589,0.687345,10,0,1000.000,3.583867,0.000000
29952,4,0.055069,0.773499,14,0,1000.000,2.853157,0.000000
29952,5,0.057498,0.751096,12,0,1000.000,3.059235,0.000000
29952,6,0.086088,0.811310,12,0,1000.000,1.945296,0.000000
29952,7,0.584119,0.721174,119,6,959.462,2.692276,0.000000
30000,0,0.058257,0.792799,9,0,1000.000,2.678555,0.000000
30000,1,0.041042,0.768395,8,0,1000.000,2.525258,0.000000
30000,2,0.067337,0.777333,12,0,1000.000,2.731661,0.000000
30000,3,0.050589,0.695001,4,0,1000.000,2.765790,0.000000
30000,4,0.055069,0.768824,7,0,1000.000,2.660716,0.000000
30000,5,0.057498,0.705403,7,0,1000.000,3.242319,0.000000
30000,6,0.086088,0.736090,23,0,1000.000,2.975888,0.000000
30000,7,0.584119,0.739587,113,2,988.850,2.783482,0.000000
30048,0,0.058257,0.726639,7,0,1000.000,3.137194,0.000000
30048,1,0.041042,0.621753,5,0,1000.000,3.438663,0.000000
30048,2,0.067337,0.730866,11,0,1000.000,3.147470,0.000000
30048,3,0.050589,0.804832,9,0,1000.000,2.578620,0.000000
30048,4,0.055069,0.770820,11,0,1000.000,2.838603,0.000000
30048,5,0.057498,0.718772,9,0,1000.000,2.680762,0.000000
30048,6,0.086088,0.718416,18,0,1000.000,3.171012,0.000000
30048,7,0.584119,0.725775,95,4,963.010,2.839040,0.000000
30096,0,0.058257,0.765829,7,0,1000.000,2.548234,0.000000
30096,1,0.041042,0.853387,5,0,1000.000,2.234946,0.000000
30096,2,0.067337,0.688814,10,0,1000.000,3.362800,0.000000
30096,3,0.050589,0.708422,5,0,1000.000,3.243342,0.000000
30096,4,0.055069,0.736180,5,0,1000.000,3.550414,0.000000
30096,5,0.057498,0.789274,15,0,1000.000,2.545332,0.000000
30096,6,0.086088,0.780764,9,0,1000.000,2.936002,0.000000
30096,7,0.584119,0.743517,111,4,970.207,2.703702,0.000000
30144,0,0.058257,0.766294,8,0,1000.000,2.612941,0.000000
30144,1,0.041042,0.650596,3,0,1000.000,2.724046,0.000000
30144,2,0.067337,0.747469,9,0,1000.000,3.488815,0.000000
30144,3,0.050589,0.766052,11,0,1000.000,2.780949,0.000000
30144,4,0.055069,0.762303,13,0,1000.000,2.909260,0.000000
30144,5,0.057498,0.794801,2,0,1000.000,3.705442,0.000000
30144,6,0.086088,0.804589,14,0,1000.000,2.536768,0.000000
30144,7,0.584119,0.729253,95,1,990.337,2.987928,0.000000
30192,0,0.058257,0.750086,17,1,946.941,2.573993,0.000000
30192,1,0.041042,0.778827,4,0,1000.000,2.383667,0.000000
30192,2,0.067337,0.854246,4,0,1000.000,1.976199,0.000000
30192,3,0.050589,0.778345,3,0,1000.000,2.447572,0.000000
30192,4,0.055069,0.616820,5,0,1000.000,3.523431,0.000000
30192,5,0.057498,0.786309,7,0,1000.000,2.965954,0.000000
30192,6,0.086088,0.829471,9,0,1000.000,2.480593,0.000000
30192,7,0.584119,0.719629,101,6,945.614,2.622849,0.000000
30240,0,0.058257,0.722811,5,0,1000.000,3.377851,0.000000
30240,1,0.041042,0.771234,10,0,1000.000,2.714082,0.000000
30240,2,0.067337,0.758115,14,0,1000.000,2.897430,0.000000
30240,3,0.050589,0.829155,6,0,1000.000,2.758024,0.000000
30240,4,0.055069,0.721505,5,0,1000.000,3.682095,0.000000
30240,5,0.057498,0.816416,6,0,1000.000,2.163917,0.000000
30240,6,0.086088,0.730744,15,0,1000.000,3.332645,0.000000
30240,7,0.584119,0.744575,79,4,952.886,2.691900,0.000000
30288,0,0.058257,0.708530,20,0,1000.000,2.982200,0.000000
30288,1,0.041042,0.765100,6,0,1000.000,2.733779,0.000000
30288,2,0.067337,0.782978,12,0,1000.000,3.066764,0.000000
30288,3,0.050589,0.771263,10,0,1000.000,2.460744,0.000000
30288,4,0.055069,0.649658,10,1,906.700,2.746630,0.000000
30288,5,0.057498,0.797405,10,0,1000.000,2.851880,0.000000
30288,6,0.086088,0.755132,13,0,1000.000,2.732338,0.000000
30288,7,0.584119,0.701972,97,8,926.907,2.820285,0.000000
30336,0,0.058257,0.797639,12,0,1000.000,2.323321,0.000000
30336,1,0.041042,0.739714,11,0,1000.000,3.006808,0.000000
30336,2,0.067337,0.793595,15,0,1000.000,2.727126,0.000000
30336,3,0.050589,0.699080,5,0,1000.000,2.631719,0.000000
30336,4,0.055069,0.736680,7,0,1000.000,2.646038,0.000000
30336,5,0.057498,0.766962,10,0,1000.000,2.317097,0.000000
30336,6,0.086088,0.760354,15,0,1000.000,3.263911,0.000000
30336,7,0.584119,0.740261,81,4,963.790,2.838481,0.000000
30384,0,0.058257,0.810206,8,0,1000.000,2.635723,0.000000
30384,1,0.041042,0.791748,8,0,1000.000,2.817450,0.000000
30384,2,0.067337,0.742370,14,0,1000.000,2.893146,0.000000
30384,3,0.050589,0.735983,18,0,1000.000,3.022386,0.000000
30384,4,0.055069,0.815713,14,0,1000.000,2.248771,0.000000
30384,5,0.057498,0.770877,10,0,1000.000,2.948009,0.000000
30384,6,0.086088,0.752062,13,0,1000.000,2.838279,0.000000
30384,7,0.584119,0.735082,122,4,969.541,2.967330,0.000000
30432,0,0.058257,0.725880,16,0,1000.000,2.813189,0.000000
30432,1,0.041042,0.821737,10,0,1000.000,2.458617,0.000000
30432,2,0.067337,0.721951,14,0,1000.000,3.045399,0.000000
30432,3,0.050589,0.763329,12,0,1000.000,2.875294,0.000000
30432,4,0.055069,0.754256,13,0,1000.000,2.985670,0.000000
30432,5,0.057498,0.695049,8,0,1000.000,3.170597,0.000000
30432,6,0.086088,0.753812,11,0,1000.000,2.616802,0.000000
30432,7,0.584119,0.744357,112,3,980.375,2.768759,0.000000
30480,0,0.058257,0.712491,12,0,1000.000,3.185749,0.000000
30480,1,0.041042,0.755566,4,0,1000.000,2.732809,0.000000
30480,2,0.067337,0.800873,13,0,1000.000,2.487674,0.000000
30480,3,0.050589,0.746989,6,0,1000.000,2.907885,0.000000
30480,4,0.055069,0.819980,17,0,1000.000,2.600423,0.000000
30480,5,0.057498,0.655900,7,0,1000.000,3.507308,0.000000
30480,6,0.086088,0.760080,15,0,1000.000,3.348990,0.000000
30480,7,0.584119,0.713743,96,6,942.302,2.877021,0.000000
30528,0,0.058257,0.760842,12,0,1000.000,2.954481,0.000000
30528,1,0.041042,0.831692,11,0,1000.000,2.759928,0.000000
30528,2,0.067337,0.755736,18,0,1000.000,2.841379,0.000000
30528,3,0.050589,0.883305,5,0,1000.000,1.614548,0.000000
30528,4,0.055069,0.832542,15,0,1000.000,2.350589,0.000000
30528,5,0.057498,0.772077,4,0,1000.000,2.573264,0.000000
30528,6,0.086088,0.737363,14,0,1000.000,3.101641,0.000000
30528,7,0.584119,0.759364,125,2,985.264,2.875132,0.000000
30576,0,0.058257,0.798710,18,0,1000.000,2.713158,0.000000
30576,1,0.041042,0.807047,21,0,1000.000,2.603451,0.000000
30576,2,0.067337,0.779761,21,0,1000.000,2.607641,0.000000
30576,3,0.050589,0.814682,16,0,1000.000,2.121176,0.000000
30576,4,0.055069,0.764179,12,0,1000.000,2.727684,0.000000
30576,5,0.057498,0.744483,16,0,1000.000,3.073107,0.000000
30576,6,0.086088,0.763951,25,0,1000.000,3.089468,0.000000
30576,7,0.584119,0.758414,143,0,1000.000,2.953139,0.000000
30624,0,0.058257,0.775900,23,0,1000.000,2.882210,0.000000
30624,1,0.041042,0.748535,16,0,1000.000,2.931195,0.000000
30624,2,0.067337,0.772447,22,0,1000.000,2.709900,0.000000
30624,3,0.050589,0.747273,17,0,1000.000,2.709199,0.000000
30624,4,0.055069,0.735997,14,0,1000.000,3.071992,0.000000
30624,5,0.057498,0.744384,14,0,1000.000,3.272727,0.000000
30624,6,0.086088,0.758246,25,0,1000.000,2.955932,0.000000
30624,7,0.584119,0.767061,171,3,983.942,2.744811,0.000000
30672,0,0.058257,0.771563,16,0,1000.000,2.877895,0.000000
30672,1,0.041042,0.823467,9,0,1000.000,2.500411,0.000000
30672,2,0.067337,0.740433,14,1,931.429,2.602202,0.000000
30672,3,0.050589,0.735810,9,0,1000.000,2.814366,0.000000
30672,4,0.055069,0.782630,7,0,1000.000,3.239148,0.000000
30672,5,0.057498,0.792560,13,0,1000.000,2.600946,0.000000
30672,6,0.086088,0.778008,19,1,993.895,2.826591,0.000000
30672,7,0.584119,0.746850,143,6,963.909,2.738809,0.000000
30720,0,0.058257,0.829246,8,0,1000.000,2.389721,0.000000
30720,1,0.041042,0.758667,15,0,1000.000,2.831265,0.000000
30720,2,0.067337,0.754431,23,0,1000.000,2.964683,0.000000
30720,3,0.050589,0.745004,6,0,1000.000,2.939784,0.000000
30720,4,0.055069,0.735590,13,0,1000.000,2.637150,0.000000
30720,5,0.057498,0.764791,15,0,1000.000,2.647334,0.000000
30720,6,0.086088,0.738688,27,1,966.148,2.552745,0.000000
30720,7,0.584119,0.728948,126,4,974.603,2.871701,0.000000
30768,0,0.058257,0.816705,19,0,1000.000,2.244699,0.000000
30768,1,0.041042,0.765378,12,0,1000.000,2.852351,0.000000
30768,2,0.067337,0.756276,14,0,1000.000,2.870937,0.000000
30768,3,0.050589,0.801661,15,0,1000.000,2.542366,0.000000
30768,4,0.055069,0.794265,10,0,1000.000,2.702046,0.000000
30768,5,0.057498,0.788317,17,0,1000.000,2.509352,0.000000
30768,6,0.086088,0.797848,21,0,1000.000,2.541964,0.000000
30768,7,0.584119,0.769583,119,1,992.084,2.797517,0.000000
30816,0,0.058257,0.788104,16,0,1000.000,2.236933,0.000000
30816,1,0.041042,0.727776,7,0,1000.000,3.123181,0.000000
30816,2,0.067337,0.790439,9,0,1000.000,2.314049,0.000000
30816,3,0.050589,0.796589,11,0,1000.000,2.387159,0.000000
30816,4,0.055069,0.799755,8,0,1000.000,2.758195,0.000000
30816,5,0.057498,0.694360,10,0,1000.000,3.298129,0.000000
30816,6,0.086088,0.730980,17,0,1000.000,3.463710,0.000000
30816,7,0.584119,0.747378,142,4,979.570,2.742541,0.000000
30864,0,0.058257,0.766262,13,0,1000.000,2.749337,0.000000
30864,1,0.041042,0.798294,12,0,1000.000,2.618673,0.000000
30864,2,0.067337,0.764500,12,0,1000.000,2.827660,0.000000
30864,3,0.050589,0.794439,12,0,1000.000,2.556670,0.000000
30864,4,0.055069,0.753905,11,0,1000.000,2.802942,0.000000
30864,5,0.057498,0.719434,18,0,1000.000,2.926483,0.000000
30864,6,0.086088,0.783058,18,0,1000.000,2.892928,0.000000
30864,7,0.584119,0.766766,105,2,982.495,2.743360,0.000000
30912,0,0.058257,0.816954,7,1,973.000,2.222603,0.000000
30912,1,0.041042,0.814826,9,0,1000.000,3.067056,0.000000
30912,2,0.067337,0.779421,19,0,1000.000,3.067278,0.000000
30912,3,0.050589,0.808672,15,0,1000.000,2.558622,0.000000
30912,4,0.055069,0.825750,7,0,1000.000,2.618927,0.000000
30912,5,0.057498,0.783799,11,0,1000.000,3.368127,0.000000
30912,6,0.086088,0.751889,31,0,1000.000,2.958283,0.000000
30912,7,0.584119,0.747282,140,1,993.729,2.958539,0.000000
30960,0,0.058257,0.776880,11,0,1000.000,3.107895,0.000000
30960,1,0.041042,0.730790,10,0,1000.000,3.186694,0.000000
30960,2,0.067337,0.725227,13,1,926.154,2.512546,0.000000
30960,3,0.050589,0.747697,4,0,1000.000,3.211977,0.000000
30960,4,0.055069,0.719808,11,0,1000.000,3.262801,0.000000
30960,5,0.057498,0.714303,9,0,1000.000,3.479053,0.000000
30960,6,0.086088,0.769276,16,0,1000.000,2.915161,0.000000
30960,7,0.584119,0.761059,105,1,990.762,2.757108,0.000000
31008,0,0.058257,0.833707,8,0,1000.000,1.310973,0.000000
31008,1,0.041042,0.726574,12,0,1000.000,3.244337,0.000000
31008,2,0.067337,0.815571,12,0,1000.000,2.466553,0.000000
31008,3,0.050589,0.687690,9,0,1000.000,3.372634,0.000000
31008,4,0.055069,0.780971,8,0,1000.000,2.639137,0.000000
31008,5,0.057498,0.770012,14,0,1000.000,2.439592,0.000000
31008,6,0.086088,0.765135,15,0,1000.000,2.951254,0.000000
31008,7,0.584119,0.777560,121,3,976.744,2.575248,0.000000
31056,0,0.058257,0.806000,9,0,1000.000,2.735440,0.000000
31056,1,0.041042,0.800880,6,0,1000.000,2.334311,0.000000
31056,2,0.067337,0.830690,10,0,1000.000,2.401570,0.000000
31056,3,0.050589,0.812459,11,0,1000.000,2.594828,0.000000
31056,4,0.055069,0.796466,5,0,1000.000,2.437553,0.000000
31056,5,0.057498,0.706838,12,0,1000.000,3.010602,0.000000
31056,6,0.086088,0.754073,15,0,1000.000,3.163889,0.000000
31056,7,0.584119,0.771481,100,0,1000.000,2.910935,0.000000
31104,0,0.058257,0.780460,10,0,1000.000,2.620068,0.000000
31104,1,0.041042,0.831213,5,0,1000.000,1.936427,0.000000
31104,2,0.067337,0.779056,10,0,1000.000,3.172004,0.000000
31104,3,0.050589,0.705432,8,0,1000.000,3.163203,0.000000
31104,4,0.055069,0.781064,10,0,1000.000,2.885537,0.000000
31104,5,0.057498,0.817663,8,0,1000.000,2.793337,0.000000
31104,6,0.086088,0.749892,11,0,1000.000,2.506833,0.000000
31104,7,0.584119,0.784137,90,0,1000.000,2.823957,0.000000
31152,0,0.058257,0.805640,8,0,1000.000,2.154595,0.000000
31152,1,0.041042,0.591058,1,0,1000.000,3.538041,0.000000
31152,2,0.067337,0.662637,10,0,1000.000,3.165452,0.000000
31152,3,0.050589,0.828904,10,0,1000.000,2.575223,0.000000
31152,4,0.055069,0.831813,9,0,1000.000,2.569959,0.000000
31152,5,0.057498,0.748351,15,0,1000.000,3.092812,0.000000
31152,6,0.086088,0.780451,15,0,1000.000,3.038959,0.000000
31152,7,0.584119,0.767918,80,1,988.500,2.781425,0.000000
31200,0,0.058257,0.716230,7,0,1000.000,3.442874,0.000000
31200,1,0.041042,0.790270,7,0,1000.000,2.425263,0.000000
31200,2,0.067337,0.838331,7,0,1000.000,3.009053,0.000000
31200,3,0.050589,0.724213,8,0,1000.000,3.116432,0.000000
31200,4,0.055069,0.781347,4,0,1000.000,3.334081,0.000000
31200,5,0.057498,0.693906,3,0,1000.000,2.842851,0.000000
31200,6,0.086088,0.759793,10,0,1000.000,2.683794,0.000000
31200,7,0.584119,0.762018,95,0,1000.000,3.017157,0.000000
31248,0,0.114614,0.767600,8,0,1000.000,3.485441,0.000000
31248,1,0.145275,0.905248,1,0,1000.000,1.610116,0.000000
31248,2,0.094408,0.752613,11,0,1000.000,2.815300,0.000000
31248,3,0.120374,0.779374,10,0,1000.000,2.792899,0.000000
31248,4,0.097896,0.780478,8,0,1000.000,3.118880,0.000000
31248,5,0.110879,0.841846,6,0,1000.000,2.339228,0.000000
31248,6,0.124752,0.810412,18,0,1000.000,2.539209,0.000000
31248,7,0.191802,0.801716,74,0,1000.000,2.836668,0.000000
31296,0,0.114614,0.788377,26,0,1000.000,2.849193,0.000000
31296,1,0.145275,0.763677,33,0,1000.000,2.648999,0.000000
31296,2,0.094408,0.762226,14,0,1000.000,2.928038,0.000000
31296,3,0.120374,0.738419,21,0,1000.000,3.193796,0.000000
31296,4,0.097896,0.752012,18,0,1000.000,2.947915,0.000000
31296,5,0.110879,0.818794,26,0,1000.000,2.475778,0.000000
31296,6,0.124752,0.780137,20,0,1000.000,2.717038,0.000000
31296,7,0.191802,0.667776,29,4,874.517,2.675258,0.000000
31344,0,0.114614,0.816655,20,0,1000.000,2.425968,0.000000
31344,1,0.145275,0.777001,26,0,1000.000,2.626882,0.000000
31344,2,0.094408,0.708846,19,1,950.895,2.723982,0.000000
31344,3,0.120374,0.752705,15,0,1000.000,3.269897,0.000000
31344,4,0.097896,0.815504,12,0,1000.000,2.339362,0.000000
31344,5,0.110879,0.830743,27,0,1000.000,2.346301,0.000000
31344,6,0.124752,0.779115,15,0,1000.000,2.645521,0.000000
31344,7,0.191802,0.757520,32,1,971.250,2.696169,0.000000
31392,0,0.114614,0.764059,28,0,1000.000,2.773510,0.000000
31392,1,0.145275,0.765884,28,0,1000.000,2.786385,0.000000
31392,2,0.094408,0.680066,16,0,1000.000,3.301205,0.000000
31392,3,0.120374,0.755365,19,0,1000.000,2.381994,0.000000
31392,4,0.097896,0.814108,19,0,1000.000,2.428509,0.000000
31392,5,0.110879,0.736444,18,0,1000.000,3.138982,0.000000
31392,6,0.124752,0.804669,30,0,1000.000,2.663242,0.000000
31392,7,0.191802,0.764579,40,0,1000.000,2.948754,0.000000
31440,0,0.114614,0.727195,15,0,1000.000,2.602693,0.000000
31440,1,0.145275,0.759315,30,0,1000.000,2.844049,0.000000
31440,2,0.094408,0.810618,21,0,1000.000,2.407874,0.000000
31440,3,0.120374,0.763212,20,0,1000.000,2.554302,0.000000
31440,4,0.097896,0.754168,17,1,945.000,2.361879,0.000000
31440,5,0.110879,0.726274,18,0,1000.000,3.054671,0.000000
31440,6,0.124752,0.823806,21,0,1000.000,2.236228,0.000000
31440,7,0.191802,0.778622,37,0,1000.000,2.876917,0.000000
31488,0,0.114614,0.757880,31,0,1000.000,2.814252,0.000000
31488,1,0.145275,0.767564,23,0,1000.000,3.204716,0.000000
31488,2,0.094408,0.791192,18,0,1000.000,2.783359,0.000000
31488,3,0.120374,0.817863,25,0,1000.000,2.372034,0.000000
31488,4,0.097896,0.781039,11,0,1000.000,2.383529,0.000000
31488,5,0.110879,0.808397,22,0,1000.000,2.308012,0.000000
31488,6,0.124752,0.816047,18,0,1000.000,2.648922,0.000000
31488,7,0.191802,0.764468,32,0,1000.000,2.872102,0.000000
31536,0,0.114614,0.780150,26,0,1000.000,2.529369,0.000000
31536,1,0.145275,0.764266,27,0,1000.000,2.881172,0.000000
31536,2,0.094408,0.747956,22,0,1000.000,2.867626,0.000000
31536,3,0.120374,0.778010,28,0,1000.000,2.792480,0.000000
31536,4,0.097896,0.789939,17,0,1000.000,2.852073,0.000000
31536,5,0.110879,0.763559,15,0,1000.000,3.180446,0.000000
31536,6,0.124752,0.776114,33,0,1000.000,2.867838,0.000000
31536,7,0.191802,0.767508,51,0,1000.000,2.943622,0.000000
31584,0,0.114614,0.743907,41,0,1000.000,2.767791,0.000000
31584,1,0.145275,0.797737,34,0,1000.000,2.545568,0.000000
31584,2,0.094408,0.745620,22,0,1000.000,2.771862,0.000000
31584,3,0.120374,0.760778,34,0,1000.000,2.956780,0.000000
31584,4,0.097896,0.707036,22,0,1000.000,3.063274,0.000000
31584,5,0.110879,0.793108,36,0,1000.000,2.736622,0.000000
31584,6,0.124752,0.740676,27,0,1000.000,2.942455,0.000000
31584,7,0.191802,0.807593,51,0,1000.000,2.611562,0.000000
31632,0,0.114614,0.789698,32,0,1000.000,2.592119,0.000000
31632,1,0.145275,0.772715,38,0,1000.000,2.704733,0.000000
31632,2,0.094408,0.755392,30,0,1000.000,2.822388,0.000000
31632,3,0.120374,0.734016,39,0,1000.000,3.181351,0.000000
31632,4,0.097896,0.789187,26,0,1000.000,2.756539,0.000000
31632,5,0.110879,0.735647,33,0,1000.000,3.070511,0.000000
31632,6,0.124752,0.775668,45,0,1000.000,2.725890,0.000000
31632,7,0.191802,0.756778,44,2,971.500,2.804133,0.000000
31680,0,0.114614,0.779786,28,0,1000.000,2.688882,0.000000
31680,1,0.145275,0.737566,32,0,1000.000,3.122982,0.000000
31680,2,0.094408,0.800955,19,0,1000.000,2.471523,0.000000
31680,3,0.120374,0.776539,32,0,1000.000,2.692342,0.000000
31680,4,0.097896,0.785104,26,0,1000.000,2.757271,0.000000
31680,5,0.110879,0.760579,20,0,1000.000,2.967866,0.000000
31680,6,0.124752,0.766871,23,0,1000.000,3.132904,0.000000
31680,7,0.191802,0.759719,49,1,983.347,2.748328,0.000000
31728,0,0.114614,0.730999,27,0,1000.000,2.998114,0.000000
31728,1,0.145275,0.769435,34,0,1000.000,3.037640,0.000000
31728,2,0.094408,0.756004,25,0,1000.000,2.748215,0.000000
31728,3,0.120374,0.749809,28,0,1000.000,2.655369,0.000000
31728,4,0.097896,0.775140,22,0,1000.000,2.917230,0.000000
31728,5,0.110879,0.718040,28,0,1000.000,2.986065,0.000000
31728,6,0.124752,0.732321,26,0,1000.000,3.041681,0.000000
31728,7,0.191802,0.756277,40,2,954.125,2.681533,0.000000
31776,0,0.114614,0.803116,31,0,1000.000,2.672979,0.000000
31776,1,0.145275,0.785301,33,0,1000.000,2.367560,0.000000
31776,2,0.094408,0.759430,20,0,1000.000,2.784099,0.000000
31776,3,0.120374,0.753166,30,0,1000.000,3.002934,0.000000
31776,4,0.097896,0.804043,24,0,1000.000,3.029660,0.000000
31776,5,0.110879,0.774543,25,0,1000.000,2.861951,0.000000
31776,6,0.124752,0.743915,27,0,1000.000,2.743779,0.000000
31776,7,0.191802,0.764203,43,1,979.233,2.707379,0.000000
31824,0,0.114614,0.803882,19,0,1000.000,2.297043,0.000000
31824,1,0.145275,0.785445,25,0,1000.000,2.722192,0.000000
31824,2,0.094408,0.766114,19,0,1000.000,2.770134,0.000000
31824,3,0.120374,0.777370,31,0,1000.000,2.718756,0.000000
31824,4,0.097896,0.785891,22,0,1000.000,2.768447,0.000000
31824,5,0.110879,0.704750,23,0,1000.000,3.190044,0.000000
31824,6,0.124752,0.760033,27,0,1000.000,3.189402,0.000000
31824,7,0.191802,0.775946,46,0,1000.000,2.936450,0.000000
31872,0,0.114614,0.748394,27,0,1000.000,2.606484,0.000000
31872,1,0.145275,0.763446,32,0,1000.000,2.961783,0.000000
31872,2,0.094408,0.722882,14,0,1000.000,2.703961,0.000000
31872,3,0.120374,0.779949,32,0,1000.000,2.591977,0.000000
31872,4,0.097896,0.760866,23,0,1000.000,2.979137,0.000000
31872,5,0.110879,0.769135,24,0,1000.000,2.986943,0.000000
31872,6,0.124752,0.792507,20,0,1000.000,2.586601,0.000000
31872,7,0.191802,0.778411,36,1,973.917,2.586040,0.000000
31920,0,0.114614,0.780815,31,0,1000.000,2.796382,0.000000
31920,1,0.145275,0.760092,44,0,1000.000,2.742079,0.000000
31920,2,0.094408,0.780298,18,0,1000.000,2.852539,0.000000
31920,3,0.120374,0.765240,25,0,1000.000,2.996025,0.000000
31920,4,0.097896,0.740590,20,0,1000.000,3.156956,0.000000
31920,5,0.110879,0.738064,28,0,1000.000,3.100218,0.000000
31920,6,0.124752,0.799676,28,0,1000.000,2.247669,0.000000
31920,7,0.191802,0.715075,33,1,976.394,2.629592,0.000000
31968,0,0.114614,0.701773,23,0,1000.000,3.017472,0.000000
31968,1,0.145275,0.743266,25,0,1000.000,2.829703,0.000000
31968,2,0.094408,0.723416,21,0,1000.000,2.866942,0.000000
31968,3,0.120374,0.818937,26,0,1000.000,2.439883,0.000000
31968,4,0.097896,0.748489,20,0,1000.000,2.772566,0.000000
31968,5,0.110879,0.749959,14,0,1000.000,2.987635,0.000000
31968,6,0.124752,0.770718,21,0,1000.000,2.672780,0.000000
31968,7,0.191802,0.775051,35,0,1000.000,2.762823,0.000000
32016,0,0.114614,0.755657,23,0,1000.000,2.761098,0.000000
32016,1,0.145275,0.746337,28,0,1000.000,2.859934,0.000000
32016,2,0.094408,0.766820,19,0,1000.000,3.114553,0.000000
32016,3,0.120374,0.765303,21,0,1000.000,2.633040,0.000000
32016,4,0.097896,0.779111,14,0,1000.000,3.011803,0.000000
32016,5,0.110879,0.743013,21,0,1000.000,2.926487,0.000000
32016,6,0.124752,0.799934,29,0,1000.000,2.459908,0.000000
32016,7,0.191802,0.753186,30,0,1000.000,2.695728,0.000000
32064,0,0.114614,0.751470,23,0,1000.000,2.654496,0.000000
32064,1,0.145275,0.788322,23,0,1000.000,2.523160,0.000000
32064,2,0.094408,0.774123,12,0,1000.000,2.447147,0.000000
32064,3,0.120374,0.763401,26,0,1000.000,2.992128,0.000000
32064,4,0.097896,0.773977,22,0,1000.000,2.450274,0.000000
32064,5,0.110879,0.746659,16,0,1000.000,2.727622,0.000000
32064,6,0.124752,0.775017,19,0,1000.000,2.879747,0.000000
32064,7,0.191802,0.731337,28,2,933.750,2.704565,0.000000
32112,0,0.114614,0.777749,14,1,938.286,2.354191,0.000000
32112,1,0.145275,0.748171,19,0,1000.000,2.881771,0.000000
32112,2,0.094408,0.795652,15,0,1000.000,2.713464,0.000000
32112,3,0.120374,0.746392,13,0,1000.000,2.878953,0.000000
32112,4,0.097896,0.774840,21,0,1000.000,2.706028,0.000000
32112,5,0.110879,0.759196,26,0,1000.000,3.033226,0.000000
32112,6,0.124752,0.721028,13,0,1000.000,3.132247,0.000000
32112,7,0.191802,0.782186,26,0,1000.000,2.677893,0.000000
32160,0,0.114614,0.765352,15,0,1000.000,2.731536,0.000000
32160,1,0.145275,0.744569,22,1,956.591,2.778896,0.000000
32160,2,0.094408,0.776359,19,0,1000.000,2.847390,0.000000
32160,3,0.120374,0.756723,24,0,1000.000,3.270580,0.000000
32160,4,0.097896,0.756247,15,0,1000.000,2.866614,0.000000
32160,5,0.110879,0.724298,15,0,1000.000,3.183171,0.000000
32160,6,0.124752,0.743953,22,0,1000.000,3.055949,0.000000
32160,7,0.191802,0.749198,25,1,963.640,2.647237,0.000000
32208,0,0.114614,0.747630,17,0,1000.000,2.682169,0.000000
32208,1,0.145275,0.772115,23,0,1000.000,2.911568,0.000000
32208,2,0.094408,0.779717,7,0,1000.000,2.304389,0.000000
32208,3,0.120374,0.706518,13,0,1000.000,3.214416,0.000000
32208,4,0.097896,0.740730,11,0,1000.000,2.719725,0.000000
32208,5,0.110879,0.769728,18,0,1000.000,2.712219,0.000000
32208,6,0.124752,0.813847,18,0,1000.000,2.365246,0.000000
32208,7,0.191802,0.750397,26,0,1000.000,2.860123,0.000000
32256,0,0.114614,0.790309,27,0,1000.000,2.703279,0.000000
32256,1,0.145275,0.814471,20,0,1000.000,2.571831,0.000000
32256,2,0.094408,0.837540,7,0,1000.000,2.603899,0.000000
32256,3,0.120374,0.799290,18,0,1000.000,2.430024,0.000000
32256,4,0.097896,0.743502,15,0,1000.000,3.034714,0.000000
32256,5,0.110879,0.738902,16,0,1000.000,3.078679,0.000000
32256,6,0.124752,0.820500,19,0,1000.000,2.397474,0.000000
32256,7,0.191802,0.818044,27,0,1000.000,2.347905,0.000000
32304,0,0.114614,0.808122,19,0,1000.000,2.387469,0.000000
32304,1,0.145275,0.824862,19,0,1000.000,2.416490,0.000000
32304,2,0.094408,0.795628,11,0,1000.000,2.386341,0.000000
32304,3,0.120374,0.838273,19,0,1000.000,2.158477,0.000000
32304,4,0.097896,0.844932,20,0,1000.000,2.006834,0.000000
32304,5,0.110879,0.831348,20,0,1000.000,2.176626,0.000000
32304,6,0.124752,0.831119,20,1,953.400,1.855695,0.000000
32304,7,0.191802,0.846095,44,0,1000.000,1.995222,0.000000
32352,0,0.114614,0.825121,21,0,1000.000,1.995383,0.000000
32352,1,0.145275,0.851512,25,0,1000.000,2.160446,0.000000
32352,2,0.094408,0.870649,16,0,1000.000,1.829632,0.000000
32352,3,0.120374,0.841542,16,0,1000.000,2.028351,0.000000
32352,4,0.097896,0.871415,16,0,1000.000,1.701738,0.000000
32352,5,0.110879,0.850414,16,0,1000.000,2.142813,0.000000
32352,6,0.124752,0.860338,20,0,1000.000,2.053518,0.000000
32352,7,0.191802,0.842365,38,0,1000.000,2.228336,0.000000
32400,0,0.114614,0.830054,24,1,964.542,2.223626,0.000000
32400,1,0.145275,0.873276,30,0,1000.000,1.507159,0.000000
32400,2,0.094408,0.840545,20,0,1000.000,1.899789,0.000000
32400,3,0.120374,0.862614,24,0,1000.000,1.446419,0.000000
32400,4,0.097896,0.843531,22,0,1000.000,2.382861,0.000000
32400,5,0.110879,0.791223,20,0,1000.000,2.624968,0.000000
32400,6,0.124752,0.811275,26,0,1000.000,2.183529,0.000000
32400,7,0.191802,0.855166,35,0,1000.000,1.936825,0.000000
32448,0,0.114614,0.858769,19,0,1000.000,1.753251,0.000000
32448,1,0.145275,0.823031,29,0,1000.000,2.260305,0.000000
32448,2,0.094408,0.826778,20,0,1000.000,2.289908,0.000000
32448,3,0.120374,0.871062,23,0,1000.000,1.528146,0.000000
32448,4,0.097896,0.822361,22,0,1000.000,2.121829,0.000000
32448,5,0.110879,0.827119,12,0,1000.000,2.202802,0.000000
32448,6,0.124752,0.855182,22,0,1000.000,2.050078,0.000000
32448,7,0.191802,0.826631,33,0,1000.000,2.108937,0.000000
32496,0,0.114614,0.863901,19,0,1000.000,2.047887,0.000000
32496,1,0.145275,0.817388,35,0,1000.000,2.125289,0.000000
32496,2,0.094408,0.829291,11,0,1000.000,2.136302,0.000000
32496,3,0.120374,0.854332,20,0,1000.000,1.966299,0.000000
32496,4,0.097896,0.825877,23,0,1000.000,2.112244,0.000000
32496,5,0.110879,0.877759,18,0,1000.000,1.828248,0.000000
32496,6,0.124752,0.863947,17,0,1000.000,1.653939,0.000000
32496,7,0.191802,0.839624,42,1,977.810,2.160997,0.000000
32544,0,0.114614,0.835666,27,0,1000.000,2.271771,0.000000
32544,1,0.145275,0.827857,35,0,1000.000,2.194146,0.000000
32544,2,0.094408,0.864008,20,0,1000.000,1.921391,0.000000
32544,3,0.120374,0.825296,21,0,1000.000,2.136534,0.000000
32544,4,0.097896,0.836619,19,0,1000.000,2.002141,0.000000
32544,5,0.110879,0.868848,31,0,1000.000,1.740345,0.000000
32544,6,0.124752,0.833113,35,0,1000.000,2.215332,0.000000
32544,7,0.191802,0.852230,47,1,981.426,1.829311,0.000000
32592,0,0.114614,0.856714,30,0,1000.000,1.911600,0.000000
32592,1,0.145275,0.827664,33,0,1000.000,2.110631,0.000000
32592,2,0.094408,0.849191,28,0,1000.000,1.790000,0.000000
32592,3,0.120374,0.845559,36,0,1000.000,2.098052,0.000000
32592,4,0.097896,0.837165,22,0,1000.000,2.247137,0.000000
32592,5,0.110879,0.850753,31,0,1000.000,1.866057,0.000000
32592,6,0.124752,0.835446,28,0,1000.000,1.821914,0.000000
32592,7,0.191802,0.831104,53,0,1000.000,2.252483,0.000000
32640,0,0.114614,0.843577,26,0,1000.000,2.189514,0.000000
32640,1,0.145275,0.842674,41,0,1000.000,2.155076,0.000000
32640,2,0.094408,0.840841,29,0,1000.000,2.159489,0.000000
32640,3,0.120374,0.834248,18,0,1000.000,2.454807,0.000000
32640,4,0.097896,0.827616,26,0,1000.000,2.115691,0.000000
32640,5,0.110879,0.859773,43,0,1000.000,1.874732,0.000000
32640,6,0.124752,0.839732,37,0,1000.000,2.057612,0.000000
32640,7,0.191802,0.834579,62,1,984.806,2.126291,0.000000
32688,0,0.114614,0.871812,29,0,1000.000,1.824210,0.000000
32688,1,0.145275,0.851981,24,0,1000.000,1.952359,0.000000
32688,2,0.094408,0.822615,17,0,1000.000,2.440242,0.000000
32688,3,0.120374,0.840152,35,0,1000.000,2.097109,0.000000
32688,4,0.097896,0.846043,24,0,1000.000,2.169145,0.000000
32688,5,0.110879,0.830626,25,0,1000.000,2.291356,0.000000
32688,6,0.124752,0.850005,27,0,1000.000,2.212304,0.000000
32688,7,0.191802,0.819399,50,1,981.260,2.207811,0.000000
32736,0,0.114614,0.814661,23,0,1000.000,2.214642,0.000000
32736,1,0.145275,0.855673,29,0,1000.000,1.917406,0.000000
32736,2,0.094408,0.857925,16,0,1000.000,1.921572,0.000000
32736,3,0.120374,0.805548,32,0,1000.000,2.340330,0.000000
32736,4,0.097896,0.893663,18,0,1000.000,1.462449,0.000000
32736,5,0.110879,0.831521,30,0,1000.000,2.379764,0.000000
32736,6,0.124752,0.812048,26,0,1000.000,2.154217,0.000000
32736,7,0.191802,0.790960,52,2,964.923,2.008304,0.000000
32784,0,0.114614,0.851763,25,0,1000.000,1.863780,0.000000
32784,1,0.145275,0.821892,38,0,1000.000,2.393877,0.000000
32784,2,0.094408,0.863507,24,0,1000.000,1.838005,0.000000
32784,3,0.120374,0.833657,30,0,1000.000,2.140936,0.000000
32784,4,0.097896,0.819168,22,0,1000.000,2.366695,0.000000
32784,5,0.110879,0.858716,24,0,1000.000,2.246620,0.000000
32784,6,0.124752,0.855624,32,0,1000.000,1.846789,0.000000
32784,7,0.191802,0.811587,41,1,978.415,2.026072,0.000000
32832,0,0.114614,0.846691,28,1,966.357,1.475817,0.000000
32832,1,0.145275,0.821658,22,0,1000.000,2.327034,0.000000
32832,2,0.094408,0.818258,20,0,1000.000,2.204656,0.000000
32832,3,0.120374,0.809473,28,0,1000.000,2.218709,0.000000
32832,4,0.097896,0.871406,23,0,1000.000,1.728230,0.000000
32832,5,0.110879,0.843747,24,0,1000.000,2.138491,0.000000
32832,6,0.124752,0.846240,30,0,1000.000,2.204160,0.000000
32832,7,0.191802,0.824228,44,1,979.705,2.269901,0.000000
32880,0,0.114614,0.838054,18,0,1000.000,2.120062,0.000000
32880,1,0.145275,0.865876,34,0,1000.000,1.860232,0.000000
32880,2,0.094408,0.810600,20,0,1000.000,2.189152,0.000000
32880,3,0.120374,0.821680,25,0,1000.000,2.167693,0.000000
32880,4,0.097896,0.779291,26,0,1000.000,2.670613,0.000000
32880,5,0.110879,0.848793,21,0,1000.000,2.139134,0.000000
32880,6,0.124752,0.845968,25,0,1000.000,2.068757,0.000000
32880,7,0.191802,0.861955,35,0,1000.000,2.119062,0.000000
32928,0,0.114614,0.834741,30,0,1000.000,1.860475,0.000000
32928,1,0.145275,0.822015,22,0,1000.000,2.314971,0.000000
32928,2,0.094408,0.859001,25,0,1000.000,1.723540,0.000000
32928,3,0.120374,0.839739,29,0,1000.000,1.933227,0.000000
32928,4,0.097896,0.865240,19,0,1000.000,1.852986,0.000000
32928,5,0.110879,0.870386,28,0,1000.000,1.825093,0.000000
32928,6,0.124752,0.804961,29,0,1000.000,2.352244,0.000000
32928,7,0.191802,0.838147,41,0,1000.000,2.170566,0.000000
32976,0,0.114614,0.829799,26,0,1000.000,2.128721,0.000000
32976,1,0.145275,0.842499,23,0,1000.000,2.042067,0.000000
32976,2,0.094408,0.833862,13,0,1000.000,2.285311,0.000000
32976,3,0.120374,0.858354,22,0,1000.000,1.921894,0.000000
32976,4,0.097896,0.862540,20,0,1000.000,1.979206,0.000000
32976,5,0.110879,0.786609,18,0,1000.000,2.716065,0.000000
32976,6,0.124752,0.858828,25,0,1000.000,1.802710,0.000000
32976,7,0.191802,0.830106,34,0,1000.000,2.303596,0.000000
33024,0,0.114614,0.848017,23,0,1000.000,1.742233,0.000000
33024,1,0.145275,0.842244,25,0,1000.000,1.859874,0.000000
33024,2,0.094408,0.869405,18,0,1000.000,1.663795,0.000000
33024,3,0.120374,0.830061,19,0,1000.000,2.067793,0.000000
33024,4,0.097896,0.879668,11,0,1000.000,1.586403,0.000000
33024,5,0.110879,0.821318,24,0,1000.000,2.439359,0.000000
33024,6,0.124752,0.817121,20,0,1000.000,2.332100,0.000000
33024,7,0.191802,0.855567,39,0,1000.000,1.932011,0.000000
33072,0,0.114614,0.810926,23,0,1000.000,2.285472,0.000000
33072,1,0.145275,0.830812,24,0,1000.000,2.362387,0.000000
33072,2,0.094408,0.806082,13,0,1000.000,2.571376,0.000000
33072,3,0.120374,0.834928,27,0,1000.000,2.195578,0.000000
33072,4,0.097896,0.883309,15,0,1000.000,1.613248,0.000000
33072,5,0.110879,0.885034,12,0,1000.000,1.527240,0.000000
33072,6,0.124752,0.885375,19,0,1000.000,1.840748,0.000000
33072,7,0.191802,0.803149,35,1,975.457,2.361362,0.000000
33120,0,0.114614,0.858298,22,1,979.864,1.970068,0.000000
33120,1,0.145275,0.836143,18,0,1000.000,1.821352,0.000000
33120,2,0.094408,0.890554,13,0,1000.000,1.683233,0.000000
33120,3,0.120374,0.819265,15,0,1000.000,2.264214,0.000000
33120,4,0.097896,0.817125,15,0,1000.000,2.365448,0.000000
33120,5,0.110879,0.837893,18,0,1000.000,2.357982,0.000000
33120,6,0.124752,0.827585,23,1,957.957,1.694846,0.000000
33120,7,0.191802,0.768519,24,2,929.042,2.274359,0.000000
33168,0,0.114614,0.853586,26,0,1000.000,2.092420,0.000000
33168,1,0.145275,0.850460,25,0,1000.000,1.912384,0.000000
33168,2,0.094408,0.865386,18,0,1000.000,1.946740,0.000000
33168,3,0.120374,0.837264,13,0,1000.000,1.896716,0.000000
33168,4,0.097896,0.845827,14,0,1000.000,2.406252,0.000000
33168,5,0.110879,0.853118,16,0,1000.000,2.168928,0.000000
33168,6,0.124752,0.878514,16,0,1000.000,1.805720,0.000000
33168,7,0.191802,0.786429,28,1,966.143,2.391018,0.000000
33216,0,0.114614,0.817407,17,0,1000.000,2.428486,0.000000
33216,1,0.145275,0.794063,12,0,1000.000,2.109163,0.000000
33216,2,0.094408,0.855203,13,0,1000.000,1.643779,0.000000
33216,3,0.120374,0.828631,14,0,1000.000,1.953110,0.000000
33216,4,0.097896,0.850720,15,0,1000.000,2.078567,0.000000
33216,5,0.110879,0.840487,18,0,1000.000,2.182244,0.000000
33216,6,0.124752,0.875972,23,0,1000.000,1.987272,0.000000
33216,7,0.191802,0.826196,25,1,988.800,2.138833,0.000000
33264,0,0.114614,0.862513,9,1,944.111,1.750666,0.000000
33264,1,0.145275,0.802407,24,0,1000.000,2.316629,0.000000
33264,2,0.094408,0.880830,12,0,1000.000,1.717497,0.000000
33264,3,0.120374,0.823974,21,0,1000.000,2.279241,0.000000
33264,4,0.097896,0.848086,18,0,1000.000,2.136125,0.000000
33264,5,0.110879,0.812610,9,0,1000.000,2.134977,0.000000
33264,6,0.124752,0.885898,18,0,1000.000,1.732890,0.000000
33264,7,0.191802,0.814613,37,1,974.838,2.107208,0.000000
33312,0,0.114614,0.824082,21,0,1000.000,2.219565,0.000000
33312,1,0.145275,0.850249,28,0,1000.000,2.282188,0.000000
33312,2,0.094408,0.849870,12,0,1000.000,1.737324,0.000000
33312,3,0.120374,0.833781,18,0,1000.000,2.412986,0.000000
33312,4,0.097896,0.775670,15,0,1000.000,2.213328,0.000000
33312,5,0.110879,0.816850,16,0,1000.000,2.146903,0.000000
33312,6,0.124752,0.784485,21,1,955.286,2.184786,0.000000
33312,7,0.191802,0.817662,37,1,975.027,2.045947,0.000000
33408,0,0.114614,0.851596,43,3,984.047,1.622075,0.000000
33408,1,0.145275,0.840961,57,0,1000.000,2.038407,0.000000
33408,2,0.094408,0.857327,46,0,1000.000,2.022099,0.000000
33408,3,0.120374,0.846908,47,0,1000.000,2.008967,0.000000
33408,4,0.097896,0.828019,31,1,969.484,2.070444,0.000000
33408,5,0.110879,0.865439,39,0,1000.000,1.996997,0.000000
33408,6,0.124752,0.833016,42,0,1000.000,2.276911,0.000000
33408,7,0.191802,0.828272,71,1,988.268,2.049015,0.000000
33456,0,0.114614,0.814162,13,0,1000.000,2.274763,0.000000
33456,1,0.145275,0.818445,24,0,1000.000,2.119445,0.000000
33456,2,0.094408,0.863808,17,0,1000.000,1.920996,0.000000
33456,3,0.120374,0.831970,27,0,1000.000,2.234931,0.000000
33456,4,0.097896,0.729250,18,0,1000.000,2.618503,0.000000
33456,5,0.110879,0.841729,22,0,1000.000,1.907343,0.000000
33456,6,0.124752,0.887481,25,0,1000.000,1.645998,0.000000
33456,7,0.191802,0.827244,40,1,977.025,2.167629,0.000000
33504,0,0.114614,0.837194,26,0,1000.000,2.141517,0.000000
33504,1,0.145275,0.852904,35,0,1000.000,1.940387,0.000000
33504,2,0.094408,0.854574,12,0,1000.000,1.995440,0.000000
33504,3,0.120374,0.809493,20,0,1000.000,2.119995,0.000000
33504,4,0.097896,0.822341,22,0,1000.000,2.208517,0.000000
33504,5,0.110879,0.839722,24,0,1000.000,2.431050,0.000000
33504,6,0.124752,0.838000,26,0,1000.000,2.212021,0.000000
33504,7,0.191802,0.864037,28,0,1000.000,2.074785,0.000000
33552,0,0.114614,0.848188,23,1,996.609,1.910318,0.000000
33552,1,0.145275,0.811999,31,0,1000.000,2.089288,0.000000
33552,2,0.094408,0.828347,28,0,1000.000,2.138210,0.000000
33552,3,0.120374,0.849676,30,0,1000.000,2.053969,0.000000
33552,4,0.097896,0.818939,21,0,1000.000,2.131928,0.000000
33552,5,0.110879,0.854360,25,0,1000.000,2.081981,0.000000
33552,6,0.124752,0.863111,27,0,1000.000,1.988387,0.000000
33552,7,0.191802,0.856600,39,0,1000.000,1.925118,0.000000
33600,0,0.114614,0.861768,27,0,1000.000,1.860573,0.000000
33600,1,0.145275,0.855013,43,0,1000.000,1.937027,0.000000
33600,2,0.094408,0.843530,30,0,1000.000,2.177901,0.000000
33600,3,0.120374,0.864792,27,0,1000.000,1.802300,0.000000
33600,4,0.097896,0.847713,28,0,1000.000,2.016171,0.000000
33600,5,0.110879,0.822172,33,0,1000.000,2.559196,0.000000
33600,6,0.124752,0.840850,31,0,1000.000,1.915429,0.000000
33600,7,0.191802,0.845463,67,1,998.179,2.029042,0.000000
33648,0,0.109584,0.851008,29,0,1000.000,1.977005,0.000000
33648,1,0.115565,0.833043,37,0,1000.000,1.819502,0.000000
33648,2,0.121356,0.832912,27,0,1000.000,2.128437,0.000000
33648,3,0.126189,0.832323,37,0,1000.000,2.159495,0.000000
33648,4,0.119235,0.839271,22,0,1000.000,1.969106,0.000000
33648,5,0.122930,0.859858,27,0,1000.000,2.100086,0.000000
33648,6,0.148732,0.843658,28,0,1000.000,2.221292,0.000000
33648,7,0.136409,0.822401,60,1,984.367,2.143237,0.000000
33696,0,0.109584,0.870025,28,0,1000.000,1.848125,0.000000
33696,1,0.115565,0.832708,22,0,1000.000,1.762243,0.000000
33696,2,0.121356,0.829176,23,1,958.826,1.973789,0.000000
33696,3,0.126189,0.821042,28,0,1000.000,2.104627,0.000000
33696,4,0.119235,0.853687,32,0,1000.000,2.023576,0.000000
33696,5,0.122930,0.876439,31,0,1000.000,1.534425,0.000000
33696,6,0.148732,0.855265,32,0,1000.000,2.021593,0.000000
33696,7,0.136409,0.717215,24,3,884.083,2.037345,0.000000
33744,0,0.109584,0.835733,30,0,1000.000,1.955241,0.000000
33744,1,0.115565,0.847514,23,0,1000.000,1.889741,0.000000
33744,2,0.121356,0.836321,27,0,1000.000,2.060809,0.000000
33744,3,0.126189,0.840519,27,0,1000.000,1.745346,0.000000
33744,4,0.119235,0.830171,37,0,1000.000,1.884828,0.000000
33744,5,0.122930,0.847603,26,0,1000.000,1.885464,0.000000
33744,6,0.148732,0.850189,39,0,1000.000,2.160012,0.000000
33744,7,0.136409,0.724965,25,3,896.280,2.059192,0.000000
33792,0,0.109584,0.822505,30,0,1000.000,2.066493,0.000000
33792,1,0.115565,0.831595,26,0,1000.000,1.943819,0.000000
33792,2,0.121356,0.856326,24,0,1000.000,1.933982,0.000000
33792,3,0.126189,0.802052,33,0,1000.000,2.348790,0.000000
33792,4,0.119235,0.860551,22,0,1000.000,1.763939,0.000000
33792,5,0.122930,0.786679,25,0,1000.000,2.257686,0.000000
33792,6,0.148732,0.816788,35,0,1000.000,2.400235,0.000000
33792,7,0.136409,0.837450,41,0,1000.000,2.107198,0.000000
33840,0,0.109584,0.810919,22,1,965.773,2.087875,0.000000
33840,1,0.115565,0.851101,24,0,1000.000,2.159736,0.000000
33840,2,0.121356,0.837849,30,0,1000.000,2.070199,0.000000
33840,3,0.126189,0.851102,23,0,1000.000,1.821294,0.000000
33840,4,0.119235,0.816163,20,0,1000.000,2.140544,0.000000
33840,5,0.122930,0.852315,20,0,1000.000,1.722037,0.000000
33840,6,0.148732,0.855222,33,0,1000.000,2.018575,0.000000
33840,7,0.136409,0.827387,34,1,974.412,1.998258,0.000000
33888,0,0.109584,0.839882,23,0,1000.000,1.757530,0.000000
33888,1,0.115565,0.826583,30,0,1000.000,2.150204,0.000000
33888,2,0.121356,0.847226,29,0,1000.000,2.408194,0.000000
33888,3,0.126189,0.813013,25,0,1000.000,2.321780,0.000000
33888,4,0.119235,0.879001,20,0,1000.000,1.665395,0.000000
33888,5,0.122930,0.826985,32,0,1000.000,2.038379,0.000000
33888,6,0.148732,0.819968,32,0,1000.000,2.248399,0.000000
33888,7,0.136409,0.795052,30,2,966.667,2.123954,0.000000
33936,0,0.109584,0.826376,27,0,1000.000,1.992554,0.000000
33936,1,0.115565,0.847141,35,0,1000.000,2.098463,0.000000
33936,2,0.121356,0.833733,19,0,1000.000,1.967961,0.000000
33936,3,0.126189,0.849553,26,0,1000.000,2.016147,0.000000
33936,4,0.119235,0.824467,31,0,1000.000,2.159238,0.000000
33936,5,0.122930,0.857177,26,0,1000.000,1.979121,0.000000
33936,6,0.148732,0.820690,31,0,1000.000,2.047967,0.000000
33936,7,0.136409,0.785406,28,2,934.107,2.079199,0.000000
33984,0,0.109584,0.829053,22,0,1000.000,2.073618,0.000000
33984,1,0.115565,0.826072,18,0,1000.000,1.901673,0.000000
33984,2,0.121356,0.802514,28,0,1000.000,2.236257,0.000000
33984,3,0.126189,0.829443,21,0,1000.000,2.421399,0.000000
33984,4,0.119235,0.846874,23,0,1000.000,2.412831,0.000000
33984,5,0.122930,0.816510,17,0,1000.000,2.126898,0.000000
33984,6,0.148732,0.869521,23,0,1000.000,1.659893,0.000000
33984,7,0.136409,0.832126,28,0,1000.000,2.135453,0.000000
34032,0,0.109584,0.804598,23,1,975.522,2.268087,0.000000
34032,1,0.115565,0.858154,18,0,1000.000,1.985427,0.000000
34032,2,0.121356,0.837290,18,0,1000.000,1.973495,0.000000
34032,3,0.126189,0.843728,21,0,1000.000,2.335032,0.000000
34032,4,0.119235,0.827819,26,0,1000.000,2.076412,0.000000
34032,5,0.122930,0.814770,22,0,1000.000,1.950166,0.000000
34032,6,0.148732,0.846560,24,0,1000.000,1.984050,0.000000
34032,7,0.136409,0.766108,20,2,907.000,1.613341,0.000000
34080,0,0.109584,0.818062,19,1,959.526,1.812646,0.000000
34080,1,0.115565,0.846840,17,0,1000.000,1.956227,0.000000
34080,2,0.121356,0.854741,23,0,1000.000,1.746063,0.000000
34080,3,0.126189,0.846191,23,0,1000.000,2.209075,0.000000
34080,4,0.119235,0.777575,17,0,1000.000,2.746498,0.000000
34080,5,0.122930,0.827181,17,0,1000.000,1.987185,0.000000
34080,6,0.148732,0.825376,30,1,969.367,2.177179,0.000000
34080,7,0.136409,0.786932,19,1,951.579,2.097895,0.000000
34128,0,0.109584,0.859440,14,1,965.500,1.749002,0.000000
34128,1,0.115565,0.819213,23,0,1000.000,2.350863,0.000000
34128,2,0.121356,0.829169,17,0,1000.000,2.156742,0.000000
34128,3,0.126189,0.883727,19,0,1000.000,1.638674,0.000000
34128,4,0.119235,0.830955,22,0,1000.000,2.150718,0.000000
34128,5,0.122930,0.871938,20,0,1000.000,1.908867,0.000000
34128,6,0.148732,0.858625,25,0,1000.000,1.912582,0.000000
34128,7,0.136409,0.800735,14,1,933.357,1.821622,0.000000
34176,0,0.109584,0.793218,16,1,941.688,2.236416,0.000000
34176,1,0.115565,0.852140,12,0,1000.000,1.944913,0.000000
34176,2,0.121356,0.835859,24,0,1000.000,2.521577,0.000000
34176,3,0.126189,0.818370,16,0,1000.000,2.138272,0.000000
34176,4,0.119235,0.860183,21,0,1000.000,1.732163,0.000000
34176,5,0.122930,0.842707,21,0,1000.000,2.377007,0.000000
34176,6,0.148732,0.800225,24,1,962.750,2.213623,0.000000
34176,7,0.136409,0.766550,18,1,949.056,2.411752,0.000000
34272,0,0.109584,0.817043,36,0,1000.000,2.179450,0.000000
34272,1,0.115565,0.832797,31,0,1000.000,2.110840,0.000000
34272,2,0.121356,0.845285,32,0,1000.000,1.931615,0.000000
34272,3,0.126189,0.867393,34,0,1000.000,1.756603,0.000000
34272,4,0.119235,0.856314,46,0,1000.000,1.886082,0.000000
34272,5,0.122930,0.847956,44,0,1000.000,2.161842,0.000000
34272,6,0.148732,0.849373,37,0,1000.000,1.998575,0.000000
34272,7,0.136409,0.844244,36,1,974.028,1.632818,0.000000
34320,0,0.109584,0.819817,19,0,1000.000,2.027617,0.000000
34320,1,0.115565,0.859317,14,0,1000.000,1.969320,0.000000
34320,2,0.121356,0.853748,21,0,1000.000,2.135192,0.000000
34320,3,0.126189,0.837649,27,0,1000.000,2.215371,0.000000
34320,4,0.119235,0.848109,15,0,1000.000,1.848358,0.000000
34320,5,0.122930,0.845183,17,0,1000.000,1.858450,0.000000
34320,6,0.148732,0.840278,22,0,1000.000,1.890118,0.000000
34320,7,0.136409,0.832622,27,1,966.074,1.923259,0.000000
34368,0,0.109584,0.802995,20,0,1000.000,2.312029,0.000000
34368,1,0.115565,0.840365,21,0,1000.000,1.937614,0.000000
34368,2,0.121356,0.869564,27,0,1000.000,1.723085,0.000000
34368,3,0.126189,0.843739,24,0,1000.000,1.708705,0.000000
34368,4,0.119235,0.854900,18,0,1000.000,1.724641,0.000000
34368,5,0.122930,0.810386,23,1,959.000,1.924474,0.000000
34368,6,0.148732,0.843135,32,0,1000.000,2.159197,0.000000
34368,7,0.136409,0.842852,26,0,1000.000,2.105231,0.000000
34416,0,0.109584,0.815330,21,0,1000.000,1.926644,0.000000
34416,1,0.115565,0.817992,22,0,1000.000,2.217377,0.000000
34416,2,0.121356,0.793861,15,0,1000.000,2.525444,0.000000
34416,3,0.126189,0.842431,27,0,1000.000,2.055075,0.000000
34416,4,0.119235,0.861850,23,0,1000.000,1.911749,0.000000
34416,5,0.122930,0.834000,28,0,1000.000,2.179232,0.000000
34416,6,0.148732,0.819271,36,0,1000.000,2.377681,0.000000
34416,7,0.136409,0.808126,25,1,963.440,1.987402,0.000000
34464,0,0.109584,0.849172,21,0,1000.000,1.733277,0.000000
34464,1,0.115565,0.848005,19,0,1000.000,1.542006,0.000000
34464,2,0.121356,0.824666,22,0,1000.000,1.797762,0.000000
34464,3,0.126189,0.842912,18,0,1000.000,2.044602,0.000000
34464,4,0.119235,0.850374,18,0,1000.000,1.844744,0.000000
34464,5,0.122930,0.795073,13,0,1000.000,2.646792,0.000000
34464,6,0.148732,0.819681,29,0,1000.000,2.370930,0.000000
34464,7,0.136409,0.726018,30,3,909.433,1.768805,0.000000
34512,0,0.109584,0.828531,19,0,1000.000,1.952555,0.000000
34512,1,0.115565,0.835568,15,0,1000.000,2.052476,0.000000
34512,2,0.121356,0.837916,18,0,1000.000,2.046369,0.000000
34512,3,0.126189,0.867172,26,0,1000.000,1.544853,0.000000
34512,4,0.119235,0.818086,39,0,1000.000,2.191483,0.000000
34512,5,0.122930,0.807762,21,0,1000.000,2.201850,0.000000
34512,6,0.148732,0.830988,35,0,1000.000,2.232175,0.000000
34512,7,0.136409,0.833880,31,0,1000.000,2.159318,0.000000
34560,0,0.109584,0.822746,23,0,1000.000,2.239247,0.000000
34560,1,0.115565,0.821297,22,0,1000.000,2.224120,0.000000
34560,2,0.121356,0.818133,20,0,1000.000,2.037230,0.000000
34560,3,0.126189,0.828940,29,0,1000.000,2.409858,0.000000
34560,4,0.119235,0.868708,32,0,1000.000,1.843343,0.000000
34560,5,0.122930,0.855500,36,0,1000.000,2.165235,0.000000
34560,6,0.148732,0.847992,41,0,1000.000,1.883927,0.000000
34560,7,0.136409,0.823727,30,1,969.633,2.123961,0.000000
34608,0,0.109584,0.867739,34,0,1000.000,1.778118,0.000000
34608,1,0.115565,0.848422,31,0,1000.000,2.092064,0.000000
34608,2,0.121356,0.872112,30,0,1000.000,1.763376,0.000000
34608,3,0.126189,0.831652,42,0,1000.000,2.207892,0.000000
34608,4,0.119235,0.844331,28,0,1000.000,2.185787,0.000000
34608,5,0.122930,0.833406,37,0,1000.000,2.236097,0.000000
34608,6,0.148732,0.840075,49,0,1000.000,1.982796,0.000000
34608,7,0.136409,0.848861,45,0,1000.000,2.207952,0.000000
34656,0,0.109584,0.848185,26,0,1000.000,1.883246,0.000000
34656,1,0.115565,0.847873,25,0,1000.000,2.163886,0.000000
34656,2,0.121356,0.806068,20,0,1000.000,2.148088,0.000000
34656,3,0.126189,0.838957,31,0,1000.000,2.059679,0.000000
34656,4,0.119235,0.860420,27,0,1000.000,1.796226,0.000000
34656,5,0.122930,0.855819,37,0,1000.000,1.931918,0.000000
34656,6,0.148732,0.845329,35,0,1000.000,1.875427,0.000000
34656,7,0.136409,0.850981,42,0,1000.000,2.025175,0.000000
34704,0,0.109584,0.843396,25,0,1000.000,2.323775,0.000000
34704,1,0.115565,0.871899,28,0,1000.000,1.770204,0.000000
34704,2,0.121356,0.872540,26,0,1000.000,1.859807,0.000000
34704,3,0.126189,0.841618,32,0,1000.000,2.002794,0.000000
34704,4,0.119235,0.883651,24,0,1000.000,1.597923,0.000000
34704,5,0.122930,0.833975,30,0,1000.000,2.228065,0.000000
34704,6,0.148732,0.826769,27,0,1000.000,2.239784,0.000000
34704,7,0.136409,0.788714,31,2,944.290,1.902597,0.000000
34752,0,0.109584,0.842778,42,1,981.548,2.213909,0.000000
34752,1,0.115565,0.842470,32,0,1000.000,2.146852,0.000000
34752,2,0.121356,0.857812,25,0,1000.000,1.723524,0.000000
34752,3,0.126189,0.832978,24,0,1000.000,2.282824,0.000000
34752,4,0.119235,0.852892,31,0,1000.000,2.117140,0.000000
34752,5,0.122930,0.883739,28,0,1000.000,1.716480,0.000000
34752,6,0.148732,0.839094,30,0,1000.000,2.154201,0.000000
34752,7,0.136409,0.818211,30,1,969.200,2.230400,0.000000
34800,0,0.109584,0.816545,24,0,1000.000,2.012132,0.000000
34800,1,0.115565,0.867055,18,0,1000.000,1.795749,0.000000
34800,2,0.121356,0.826992,40,0,1000.000,2.249134,0.000000
34800,3,0.126189,0.831825,27,0,1000.000,2.168691,0.000000
34800,4,0.119235,0.868941,28,0,1000.000,2.196177,0.000000
34800,5,0.122930,0.874623,17,0,1000.000,2.079232,0.000000
34800,6,0.148732,0.819365,35,0,1000.000,2.237541,0.000000
34800,7,0.136409,0.808610,35,2,948.029,2.317899,0.000000
34848,0,0.109584,0.821422,18,0,1000.000,1.987864,0.000000
34848,1,0.115565,0.847592,32,0,1000.000,1.958109,0.000000
34848,2,0.121356,0.840987,20,0,1000.000,2.284840,0.000000
34848,3,0.126189,0.858665,36,0,1000.000,1.903404,0.000000
34848,4,0.119235,0.855058,24,0,1000.000,2.248442,0.000000
34848,5,0.122930,0.865601,22,0,1000.000,1.906913,0.000000
34848,6,0.148732,0.848532,26,0,1000.000,2.320865,0.000000
34848,7,0.136409,0.881453,28,0,1000.000,1.729445,0.000000
34896,0,0.109584,0.858994,24,0,1000.000,1.667778,0.000000
34896,1,0.115565,0.845262,29,0,1000.000,2.136944,0.000000
34896,2,0.121356,0.877760,27,0,1000.000,1.796187,0.000000
34896,3,0.126189,0.846348,30,0,1000.000,2.058398,0.000000
34896,4,0.119235,0.838095,21,0,1000.000,2.203531,0.000000
34896,5,0.122930,0.852786,30,0,1000.000,2.117860,0.000000
34896,6,0.148732,0.866148,29,0,1000.000,2.193662,0.000000
34896,7,0.136409,0.693342,34,7,838.206,1.818248,0.000000
34944,0,0.109584,0.858271,26,0,1000.000,2.077021,0.000000
34944,1,0.115565,0.869791,24,0,1000.000,1.869553,0.000000
34944,2,0.121356,0.845191,33,0,1000.000,2.008879,0.000000
34944,3,0.126189,0.879504,35,0,1000.000,1.709709,0.000000
34944,4,0.119235,0.860407,25,0,1000.000,2.104551,0.000000
34944,5,0.122930,0.826062,27,1,964.074,2.021011,0.000000
34944,6,0.148732,0.849097,35,0,1000.000,2.002601,0.000000
34944,7,0.136409,0.859226,15,0,1000.000,2.035691,0.000000
34992,0,0.109584,0.881167,18,0,1000.000,2.035408,0.000000
34992,1,0.115565,0.832774,14,0,1000.000,1.928477,0.000000
34992,2,0.121356,0.833034,20,0,1000.000,1.976809,0.000000
34992,3,0.126189,0.841922,25,0,1000.000,2.457465,0.000000
34992,4,0.119235,0.850955,20,0,1000.000,1.949897,0.000000
34992,5,0.122930,0.857240,27,0,1000.000,2.100536,0.000000
34992,6,0.148732,0.856001,27,0,1000.000,1.600829,0.000000
34992,7,0.136409,0.865821,25,0,1000.000,1.954772,0.000000
35040,0,0.109584,0.848094,20,0,1000.000,2.172308,0.000000
35040,1,0.115565,0.886800,13,0,1000.000,1.569047,0.000000
35040,2,0.121356,0.850821,24,0,1000.000,2.092412,0.000000
35040,3,0.126189,0.857228,21,0,1000.000,1.992853,0.000000
35040,4,0.119235,0.846392,18,0,1000.000,2.040025,0.000000
35040,5,0.122930,0.849596,31,0,1000.000,2.328534,0.000000
35040,6,0.148732,0.877647,25,0,1000.000,1.820239,0.000000
35040,7,0.136409,0.882163,18,1,981.833,1.553792,0.000000
35088,0,0.109584,0.865648,18,0,1000.000,2.182301,0.000000
35088,1,0.115565,0.852821,16,0,1000.000,2.110430,0.000000
35088,2,0.121356,0.838129,23,0,1000.000,2.136121,0.000000
35088,3,0.126189,0.829308,20,0,1000.000,2.318397,0.000000
35088,4,0.119235,0.837172,23,0,1000.000,2.226053,0.000000
35088,5,0.122930,0.868488,20,0,1000.000,1.976892,0.000000
35088,6,0.148732,0.850119,23,0,1000.000,2.075741,0.000000
35088,7,0.136409,0.856948,17,0,1000.000,2.058103,0.000000
35184,0,0.109584,0.815154,37,2,950.838,2.309551,0.000000
35184,1,0.115565,0.856636,38,0,1000.000,2.200022,0.000000
35184,2,0.121356,0.857263,34,0,1000.000,1.919936,0.000000
35184,3,0.126189,0.846333,34,0,1000.000,1.860977,0.000000
35184,4,0.119235,0.859825,39,0,1000.000,2.004634,0.000000
35184,5,0.122930,0.861121,32,0,1000.000,2.136130,0.000000
35184,6,0.148732,0.856488,46,0,1000.000,2.123658,0.000000
35184,7,0.136409,0.823201,41,1,977.122,2.161160,0.000000
35232,0,0.109584,0.788695,14,1,940.500,1.819556,0.000000
35232,1,0.115565,0.846129,19,0,1000.000,2.052807,0.000000
35232,2,0.121356,0.816009,14,0,1000.000,2.235121,0.000000
35232,3,0.126189,0.884844,17,0,1000.000,1.647355,0.000000
35232,4,0.119235,0.863825,22,0,1000.000,1.866215,0.000000
35232,5,0.122930,0.875946,15,0,1000.000,2.043262,0.000000
35232,6,0.148732,0.851640,20,0,1000.000,1.776120,0.000000
35232,7,0.136409,0.799548,15,1,937.067,1.834724,0.000000
35280,0,0.109584,0.851208,23,0,1000.000,2.227795,0.000000
35280,1,0.115565,0.855765,23,0,1000.000,1.750252,0.000000
35280,2,0.121356,0.854913,18,0,1000.000,2.096359,0.000000
35280,3,0.126189,0.845614,19,0,1000.000,1.933044,0.000000
35280,4,0.119235,0.882540,22,0,1000.000,1.863779,0.000000
35280,5,0.122930,0.876142,22,0,1000.000,1.966498,0.000000
35280,6,0.148732,0.860445,26,0,1000.000,1.917016,0.000000
35280,7,0.136409,0.788271,22,2,917.636,2.039199,0.000000
35328,0,0.109584,0.857287,19,0,1000.000,2.347973,0.000000
35328,1,0.115565,0.873862,18,0,1000.000,2.067746,0.000000
35328,2,0.121356,0.802207,15,0,1000.000,2.366244,0.000000
35328,3,0.126189,0.866178,28,0,1000.000,1.909696,0.000000
35328,4,0.119235,0.837230,26,1,963.385,1.798925,0.000000
35328,5,0.122930,0.847285,14,0,1000.000,2.010497,0.000000
35328,6,0.148732,0.869856,24,0,1000.000,1.995944,0.000000
35328,7,0.136409,0.773049,18,2,897.833,1.876197,0.000000
35376,0,0.109584,0.874241,24,1,990.458,1.944200,0.000000
35376,1,0.115565,0.868702,23,0,1000.000,1.773680,0.000000
35376,2,0.121356,0.834954,27,0,1000.000,2.167552,0.000000
35376,3,0.126189,0.850357,35,0,1000.000,2.201062,0.000000
35376,4,0.119235,0.886102,19,0,1000.000,1.365482,0.000000
35376,5,0.122930,0.848707,21,0,1000.000,2.343206,0.000000
35376,6,0.148732,0.858119,19,0,1000.000,2.094349,0.000000
35376,7,0.136409,0.807195,28,1,967.036,2.122778,0.000000
35424,0,0.109584,0.815935,19,0,1000.000,2.097080,0.000000
35424,1,0.115565,0.821129,24,0,1000.000,2.217908,0.000000
35424,2,0.121356,0.815862,19,0,1000.000,2.218142,0.000000
35424,3,0.126189,0.826218,22,0,1000.000,2.592489,0.000000
35424,4,0.119235,0.847129,27,0,1000.000,1.966022,0.000000
35424,5,0.122930,0.834584,32,0,1000.000,2.400092,0.000000
35424,6,0.148732,0.823773,29,0,1000.000,2.127077,0.000000
35424,7,0.136409,0.777110,22,1,957.909,2.197347,0.000000
35472,0,0.109584,0.880099,12,0,1000.000,1.717528,0.000000
35472,1,0.115565,0.841245,19,0,1000.000,2.115571,0.000000
35472,2,0.121356,0.862350,22,0,1000.000,2.218731,0.000000
35472,3,0.126189,0.844786,18,0,1000.000,2.241181,0.000000
35472,4,0.119235,0.867495,20,0,1000.000,2.092794,0.000000
35472,5,0.122930,0.858397,18,0,1000.000,1.951584,0.000000
35472,6,0.148732,0.871590,31,0,1000.000,1.982012,0.000000
35472,7,0.136409,0.829381,25,1,962.280,2.157633,0.000000
35520,0,0.109584,0.825074,24,1,997.417,2.208567,0.000000
35520,1,0.115565,0.860929,26,0,1000.000,1.932525,0.000000
35520,2,0.121356,0.846797,31,0,1000.000,2.190757,0.000000
35520,3,0.126189,0.864227,27,0,1000.000,2.035929,0.000000
35520,4,0.119235,0.876187,24,0,1000.000,1.838802,0.000000
35520,5,0.122930,0.857172,25,0,1000.000,2.059105,0.000000
35520,6,0.148732,0.815653,27,1,965.000,1.800231,0.000000
35520,7,0.136409,0.791453,27,2,933.037,2.133271,0.000000
35568,0,0.109584,0.856242,31,3,994.226,1.602230,0.000000
35568,1,0.115565,0.842130,35,0,1000.000,2.086154,0.000000
35568,2,0.121356,0.865654,30,0,1000.000,2.016502,0.000000
35568,3,0.126189,0.839846,41,0,1000.000,2.457684,0.000000
35568,4,0.119235,0.860611,27,0,1000.000,2.196496,0.000000
35568,5,0.122930,0.860011,22,0,1000.000,2.153063,0.000000
35568,6,0.148732,0.852585,34,0,1000.000,2.115216,0.000000
35568,7,0.136409,0.827558,36,1,985.083,1.940865,0.000000
35616,0,0.109584,0.841468,37,0,1000.000,2.143218,0.000000
35616,1,0.115565,0.838695,34,0,1000.000,2.076490,0.000000
35616,2,0.121356,0.852476,35,0,1000.000,2.142754,0.000000
35616,3,0.126189,0.868007,33,0,1000.000,1.639135,0.000000
35616,4,0.119235,0.877588,38,0,1000.000,1.708135,0.000000
35616,5,0.122930,0.855924,31,0,1000.000,2.157200,0.000000
35616,6,0.148732,0.863697,46,0,1000.000,1.998634,0.000000
35616,7,0.136409,0.821672,39,1,976.385,2.225818,0.000000
35664,0,0.109584,0.834736,27,0,1000.000,2.330873,0.000000
35664,1,0.115565,0.852332,20,0,1000.000,1.982911,0.000000
35664,2,0.121356,0.856199,25,0,1000.000,1.943049,0.000000
35664,3,0.126189,0.846583,30,0,1000.000,2.162261,0.000000
35664,4,0.119235,0.839057,36,0,1000.000,2.103444,0.000000
35664,5,0.122930,0.875275,27,0,1000.000,1.936151,0.000000
35664,6,0.148732,0.862249,27,0,1000.000,2.144034,0.000000
35664,7,0.136409,0.835000,34,1,972.882,1.832738,0.000000
35712,0,0.109584,0.831563,25,1,967.040,2.115355,0.000000
35712,1,0.115565,0.881020,27,0,1000.000,1.626332,0.000000
35712,2,0.121356,0.863846,19,0,1000.000,2.152965,0.000000
35712,3,0.126189,0.829803,28,0,1000.000,2.173858,0.000000
35712,4,0.119235,0.863265,33,0,1000.000,1.902293,0.000000
35712,5,0.122930,0.808452,25,0,1000.000,2.736282,0.000000
35712,6,0.148732,0.870230,36,0,1000.000,1.942015,0.000000
35712,7,0.136409,0.817661,38,2,951.211,1.917604,0.000000
35760,0,0.109584,0.859284,26,0,1000.000,1.996567,0.000000
35760,1,0.115565,0.845011,17,0,1000.000,2.016531,0.000000
35760,2,0.121356,0.865343,24,0,1000.000,2.004592,0.000000
35760,3,0.126189,0.864423,23,0,1000.000,2.022940,0.000000
35760,4,0.119235,0.850092,34,0,1000.000,2.307423,0.000000
35760,5,0.122930,0.876841,29,0,1000.000,2.079288,0.000000
35760,6,0.148732,0.838862,42,1,977.548,2.048934,0.000000
35760,7,0.136409,0.830455,39,1,977.820,2.024897,0.000000
35808,0,0.109584,0.825289,26,0,1000.000,2.250425,0.000000
35808,1,0.115565,0.828093,24,0,1000.000,2.148761,0.000000
35808,2,0.121356,0.834369,24,0,1000.000,2.281768,0.000000
35808,3,0.126189,0.877635,21,0,1000.000,1.862205,0.000000
35808,4,0.119235,0.877022,31,0,1000.000,1.511026,0.000000
35808,5,0.122930,0.873194,27,0,1000.000,1.611768,0.000000
35808,6,0.148732,0.866868,40,0,1000.000,1.746844,0.000000
35808,7,0.136409,0.865552,32,0,1000.000,1.900396,0.000000
35856,0,0.109584,0.853380,25,0,1000.000,1.928892,0.000000
35856,1,0.115565,0.870928,20,0,1000.000,1.896390,0.000000
35856,2,0.121356,0.870968,20,0,1000.000,1.515352,0.000000
35856,3,0.126189,0.849114,28,0,1000.000,2.032252,0.000000
35856,4,0.119235,0.854023,22,0,1000.000,1.937365,0.000000
35856,5,0.122930,0.811001,30,0,1000.000,2.267749,0.000000
35856,6,0.148732,0.859040,33,0,1000.000,2.070128,0.000000
35856,7,0.136409,0.823055,21,1,956.476,1.852346,0.000000
35904,0,0.109584,0.879731,23,0,1000.000,1.728848,0.000000
35904,1,0.115565,0.832330,38,0,1000.000,2.296588,0.000000
35904,2,0.121356,0.862035,26,0,1000.000,1.846721,0.000000
35904,3,0.126189,0.861809,31,0,1000.000,1.776111,0.000000
35904,4,0.119235,0.833977,33,0,1000.000,2.400688,0.000000
35904,5,0.122930,0.853476,24,0,1000.000,2.372947,0.000000
35904,6,0.148732,0.863867,39,1,991.026,1.668988,0.000000
35904,7,0.136409,0.830824,31,0,1000.000,2.016339,0.000000
35952,0,0.109584,0.842637,20,1,956.200,1.445539,0.000000
35952,1,0.115565,0.834985,23,0,1000.000,1.835572,0.000000
35952,2,0.121356,0.857450,20,0,1000.000,1.966758,0.000000
35952,3,0.126189,0.858084,30,0,1000.000,2.046870,0.000000
35952,4,0.119235,0.852761,25,0,1000.000,2.206030,0.000000
35952,5,0.122930,0.846279,28,0,1000.000,2.125394,0.000000
35952,6,0.148732,0.869432,27,0,1000.000,1.918325,0.000000
35952,7,0.136409,0.805459,23,1,959.522,2.205018,0.000000
36000,0,0.109584,0.859122,24,0,1000.000,2.014037,0.000000
36000,1,0.115565,0.820258,22,0,1000.000,2.251432,0.000000
36000,2,0.121356,0.860448,25,0,1000.000,2.086069,0.000000
36000,3,0.126189,0.853912,19,0,1000.000,2.018136,0.000000
36000,4,0.119235,0.844677,26,0,1000.000,2.077801,0.000000
36000,5,0.122930,0.875342,25,0,1000.000,1.802475,0.000000
36000,6,0.148732,0.855447,19,0,1000.000,2.123300,0.000000
36000,7,0.136409,0.693275,24,5,831.125,2.052211,0.000000
36048,0,0.114411,0.848322,16,0,1000.000,2.119298,0.000000
36048,1,0.136650,0.846545,18,0,1000.000,2.098974,0.000000
36048,2,0.122240,0.869294,24,0,1000.000,1.932675,0.000000
36048,3,0.139958,0.862482,20,0,1000.000,2.023954,0.000000
36048,4,0.145982,0.856407,22,0,1000.000,2.024574,0.000000
36048,5,0.141976,0.890578,19,0,1000.000,1.682572,0.000000
36048,6,0.114203,0.796064,26,1,964.692,2.222065,0.000000
36048,7,0.084581,0.865304,18,0,1000.000,1.915309,0.000000
36096,0,0.114411,0.846167,12,0,1000.000,2.258385,0.000000
36096,1,0.136650,0.870214,21,0,1000.000,1.567425,0.000000
36096,2,0.122240,0.831202,17,0,1000.000,2.500988,0.000000
36096,3,0.139958,0.851446,25,0,1000.000,2.086710,0.000000
36096,4,0.145982,0.855155,27,0,1000.000,2.182484,0.000000
36096,5,0.141976,0.846217,29,0,1000.000,2.001741,0.000000
36096,6,0.114203,0.822670,15,0,1000.000,2.089913,0.000000
36096,7,0.084581,0.750372,14,1,933.000,2.013860,0.000000
36144,0,0.114411,0.833244,24,1,961.292,1.915604,0.000000
36144,1,0.136650,0.861708,17,0,1000.000,1.688147,0.000000
36144,2,0.122240,0.786707,15,0,1000.000,2.650359,0.000000
36144,3,0.139958,0.868238,22,0,1000.000,2.050766,0.000000
36144,4,0.145982,0.843125,27,0,1000.000,2.212253,0.000000
36144,5,0.141976,0.862098,21,0,1000.000,2.208231,0.000000
36144,6,0.114203,0.861368,16,0,1000.000,2.331396,0.000000
36144,7,0.084581,0.863807,17,0,1000.000,2.040802,0.000000
36192,0,0.114411,0.838490,12,0,1000.000,2.255012,0.000000
36192,1,0.136650,0.870056,18,0,1000.000,2.010913,0.000000
36192,2,0.122240,0.875643,18,0,1000.000,1.674795,0.000000
36192,3,0.139958,0.839863,15,0,1000.000,2.036945,0.000000
36192,4,0.145982,0.845178,24,0,1000.000,2.182592,0.000000
36192,5,0.141976,0.835219,17,0,1000.000,2.356690,0.000000
36192,6,0.114203,0.852293,19,0,1000.000,1.920233,0.000000
36192,7,0.084581,0.816736,16,0,1000.000,2.588353,0.000000
36240,0,0.114411,0.885680,16,0,1000.000,1.688204,0.000000
36240,1,0.136650,0.856440,23,0,1000.000,1.923095,0.000000
36240,2,0.122240,0.816500,14,0,1000.000,2.387180,0.000000
36240,3,0.139958,0.824615,14,0,1000.000,2.291162,0.000000
36240,4,0.145982,0.840565,23,0,1000.000,2.370779,0.000000
36240,5,0.141976,0.815931,16,0,1000.000,2.038656,0.000000
36240,6,0.114203,0.869928,14,1,998.000,1.544575,0.000000
36240,7,0.084581,0.834656,14,0,1000.000,2.401224,0.000000
36288,0,0.114411,0.868103,23,0,1000.000,1.804510,0.000000
36288,1,0.136650,0.861093,17,0,1000.000,2.002317,0.000000
36288,2,0.122240,0.855665,20,0,1000.000,2.142609,0.000000
36288,3,0.139958,0.851916,25,0,1000.000,1.893678,0.000000
36288,4,0.145982,0.844827,33,0,1000.000,2.048495,0.000000
36288,5,0.141976,0.825054,20,0,1000.000,2.271778,0.000000
36288,6,0.114203,0.846125,30,0,1000.000,1.888395,0.000000
36288,7,0.084581,0.842277,6,0,1000.000,2.676387,0.000000
36336,0,0.114411,0.882221,14,0,1000.000,1.674586,0.000000
36336,1,0.136650,0.825065,21,0,1000.000,1.935920,0.000000
36336,2,0.122240,0.857539,13,0,1000.000,1.857346,0.000000
36336,3,0.139958,0.815749,28,0,1000.000,1.948530,0.000000
36336,4,0.145982,0.864151,21,0,1000.000,2.228453,0.000000
36336,5,0.141976,0.863395,22,0,1000.000,1.483441,0.000000
36336,6,0.114203,0.865047,26,0,1000.000,1.901255,0.000000
36336,7,0.084581,0.827012,13,0,1000.000,2.421233,0.000000
36384,0,0.114411,0.857500,32,0,1000.000,1.917812,0.000000
36384,1,0.136650,0.810813,19,0,1000.000,2.567536,0.000000
36384,2,0.122240,0.857394,19,0,1000.000,1.940973,0.000000
36384,3,0.139958,0.839754,29,0,1000.000,1.915840,0.000000
36384,4,0.145982,0.881315,30,0,1000.000,1.917489,0.000000
36384,5,0.141976,0.847243,33,0,1000.000,1.756282,0.000000
36384,6,0.114203,0.872699,28,0,1000.000,2.033778,0.000000
36384,7,0.084581,0.825094,16,0,1000.000,2.524384,0.000000
36432,0,0.114411,0.823864,16,0,1000.000,2.061491,0.000000
36432,1,0.136650,0.825080,26,0,1000.000,2.423221,0.000000
36432,2,0.122240,0.851198,20,0,1000.000,2.121716,0.000000
36432,3,0.139958,0.861528,33,0,1000.000,2.008243,0.000000
36432,4,0.145982,0.877406,28,0,1000.000,1.881568,0.000000
36432,5,0.141976,0.853657,35,0,1000.000,1.967138,0.000000
36432,6,0.114203,0.764695,17,1,946.529,2.248470,0.000000
36432,7,0.084581,0.862863,16,0,1000.000,1.947599,0.000000
36480,0,0.114411,0.858645,21,1,970.095,2.080515,0.000000
36480,1,0.136650,0.838452,27,0,1000.000,2.401912,0.000000
36480,2,0.122240,0.863982,19,0,1000.000,1.800259,0.000000
36480,3,0.139958,0.868410,19,0,1000.000,1.941641,0.000000
36480,4,0.145982,0.812699,32,0,1000.000,2.223536,0.000000
36480,5,0.141976,0.863635,24,0,1000.000,1.814205,0.000000
36480,6,0.114203,0.884617,18,0,1000.000,1.620286,0.000000
36480,7,0.084581,0.819746,13,0,1000.000,2.196667,0.000000
36528,0,0.114411,0.847777,26,0,1000.000,2.291356,0.000000
36528,1,0.136650,0.854276,34,0,1000.000,2.107376,0.000000
36528,2,0.122240,0.862213,19,0,1000.000,2.272393,0.000000
36528,3,0.139958,0.812795,34,0,1000.000,2.326709,0.000000
36528,4,0.145982,0.851945,26,0,1000.000,2.002738,0.000000
36528,5,0.141976,0.827884,19,0,1000.000,2.445726,0.000000
36528,6,0.114203,0.832299,26,0,1000.000,2.260150,0.000000
36528,7,0.084581,0.766470,15,1,938.200,2.492438,0.000000
36576,0,0.114411,0.864887,27,0,1000.000,1.900910,0.000000
36576,1,0.136650,0.860619,35,0,1000.000,1.681964,0.000000
36576,2,0.122240,0.862968,30,0,1000.000,1.878648,0.000000
36576,3,0.139958,0.839578,48,0,1000.000,2.255823,0.000000
36576,4,0.145982,0.870854,47,0,1000.000,1.687831,0.000000
36576,5,0.141976,0.859402,38,0,1000.000,1.816663,0.000000
36576,6,0.114203,0.846553,22,0,1000.000,2.319380,0.000000
36576,7,0.084581,0.834730,23,1,959.913,1.878518,0.000000
36624,0,0.114411,0.852288,23,1,986.739,1.990092,0.000000
36624,1,0.136650,0.874796,35,0,1000.000,1.765569,0.000000
36624,2,0.122240,0.829989,43,0,1000.000,2.136768,0.000000
36624,3,0.139958,0.862177,48,0,1000.000,2.009092,0.000000
36624,4,0.145982,0.858072,41,0,1000.000,2.087392,0.000000
36624,5,0.141976,0.868692,41,0,1000.000,2.030374,0.000000
36624,6,0.114203,0.864887,30,0,1000.000,1.816383,0.000000
36624,7,0.084581,0.815880,26,1,964.615,2.248900,0.000000
36672,0,0.114411,0.837856,34,1,976.529,2.064504,0.000000
36672,1,0.136650,0.866874,28,0,1000.000,1.780318,0.000000
36672,2,0.122240,0.871681,27,0,1000.000,2.000975,0.000000
36672,3,0.139958,0.864581,29,0,1000.000,1.987205,0.000000
36672,4,0.145982,0.830333,32,0,1000.000,2.104598,0.000000
36672,5,0.141976,0.846356,30,0,1000.000,2.066030,0.000000
36672,6,0.114203,0.836274,29,1,967.241,2.053495,0.000000
36672,7,0.084581,0.851482,16,0,1000.000,2.166947,0.000000
36720,0,0.114411,0.853825,21,0,1000.000,1.919345,0.000000
36720,1,0.136650,0.861505,33,0,1000.000,1.977164,0.000000
36720,2,0.122240,0.867794,34,0,1000.000,1.783448,0.000000
36720,3,0.139958,0.852930,40,0,1000.000,2.200664,0.000000
36720,4,0.145982,0.842703,30,0,1000.000,1.878210,0.000000
36720,5,0.141976,0.876880,32,0,1000.000,1.792965,0.000000
36720,6,0.114203,0.851986,30,0,1000.000,1.995848,0.000000
36720,7,0.084581,0.863292,14,0,1000.000,1.881204,0.000000
36768,0,0.114411,0.821733,26,1,990.615,2.322942,0.000000
36768,1,0.136650,0.817614,31,0,1000.000,2.087752,0.000000
36768,2,0.122240,0.860539,23,0,1000.000,2.059694,0.000000
36768,3,0.139958,0.869010,45,0,1000.000,1.926750,0.000000
36768,4,0.145982,0.861648,36,0,1000.000,2.086428,0.000000
36768,5,0.141976,0.863041,26,0,1000.000,2.008671,0.000000
36768,6,0.114203,0.857552,30,0,1000.000,1.936809,0.000000
36768,7,0.084581,0.881128,15,0,1000.000,1.780168,0.000000
36816,0,0.114411,0.841929,30,1,970.767,1.750340,0.000000
36816,1,0.136650,0.844417,29,0,1000.000,2.141637,0.000000
36816,2,0.122240,0.864396,20,0,1000.000,1.741946,0.000000
36816,3,0.139958,0.857625,28,0,1000.000,1.523844,0.000000
36816,4,0.145982,0.832082,27,0,1000.000,2.314280,0.000000
36816,5,0.141976,0.847482,27,0,1000.000,2.197929,0.000000
36816,6,0.114203,0.857342,30,0,1000.000,2.082907,0.000000
36816,7,0.084581,0.850114,22,0,1000.000,2.201778,0.000000
36864,0,0.114411,0.804404,15,0,1000.000,2.325202,0.000000
36864,1,0.136650,0.838667,25,0,1000.000,1.869763,0.000000
36864,2,0.122240,0.841768,26,0,1000.000,2.023160,0.000000
36864,3,0.139958,0.863699,35,0,1000.000,2.016961,0.000000
36864,4,0.145982,0.830607,23,0,1000.000,2.084025,0.000000
36864,5,0.141976,0.859701,36,0,1000.000,2.091578,0.000000
36864,6,0.114203,0.842827,31,0,1000.000,2.096579,0.000000
36864,7,0.084581,0.780610,16,1,942.250,2.336230,0.000000
36912,0,0.114411,0.849047,29,1,994.069,2.037113,0.000000
36912,1,0.136650,0.865334,38,0,1000.000,1.875593,0.000000
36912,2,0.122240,0.860492,24,0,1000.000,1.983040,0.000000
36912,3,0.139958,0.858228,37,0,1000.000,2.045040,0.000000
36912,4,0.145982,0.839540,35,0,1000.000,2.098840,0.000000
36912,5,0.141976,0.873226,42,0,1000.000,1.932669,0.000000
36912,6,0.114203,0.837161,23,0,1000.000,2.161679,0.000000
36912,7,0.084581,0.835110,13,0,1000.000,2.027024,0.000000
36960,0,0.114411,0.843951,17,3,909.412,1.581427,0.000000
36960,1,0.136650,0.867537,32,0,1000.000,1.882653,0.000000
36960,2,0.122240,0.857539,19,0,1000.000,2.179097,0.000000
36960,3,0.139958,0.877869,23,0,1000.000,1.890683,0.000000
36960,4,0.145982,0.862429,36,0,1000.000,2.092432,0.000000
36960,5,0.141976,0.831793,13,0,1000.000,2.084693,0.000000
36960,6,0.114203,0.821505,15,0,1000.000,2.431097,0.000000
36960,7,0.084581,0.850197,18,0,1000.000,2.248677,0.000000
37008,0,0.114411,0.841229,24,0,1000.000,2.043887,0.000000
37008,1,0.136650,0.855976,27,0,1000.000,1.822961,0.000000
37008,2,0.122240,0.882112,26,0,1000.000,1.766195,0.000000
37008,3,0.139958,0.869365,26,0,1000.000,1.792884,0.000000
37008,4,0.145982,0.876415,29,0,1000.000,1.788153,0.000000
37008,5,0.141976,0.846453,30,0,1000.000,2.036394,0.000000
37008,6,0.114203,0.859026,21,0,1000.000,2.057513,0.000000
37008,7,0.084581,0.785532,21,2,912.286,1.635113,0.000000
37056,0,0.114411,0.854292,23,1,971.304,1.870641,0.000000
37056,1,0.136650,0.864708,22,0,1000.000,2.067137,0.000000
37056,2,0.122240,0.834634,20,0,1000.000,2.413943,0.000000
37056,3,0.139958,0.844018,20,0,1000.000,2.137031,0.000000
37056,4,0.145982,0.851617,24,0,1000.000,1.717009,0.000000
37056,5,0.141976,0.850542,19,0,1000.000,2.276824,0.000000
37056,6,0.114203,0.849081,18,0,1000.000,1.967228,0.000000
37056,7,0.084581,0.806072,21,1,956.905,1.884486,0.000000
37104,0,0.114411,0.873476,14,0,1000.000,1.482128,0.000000
37104,1,0.136650,0.870220,14,0,1000.000,1.928063,0.000000
37104,2,0.122240,0.879766,22,0,1000.000,1.761492,0.000000
37104,3,0.139958,0.857270,11,0,1000.000,1.929978,0.000000
37104,4,0.145982,0.875359,26,0,1000.000,1.905042,0.000000
37104,5,0.141976,0.842294,25,1,962.600,1.690583,0.000000
37104,6,0.114203,0.855825,23,0,1000.000,2.131006,0.000000
37104,7,0.084581,0.860874,15,0,1000.000,1.630950,0.000000
37152,0,0.114411,0.871462,22,0,1000.000,1.674481,0.000000
37152,1,0.136650,0.846555,22,0,1000.000,2.090169,0.000000
37152,2,0.122240,0.893732,14,0,1000.000,1.490699,0.000000
37152,3,0.139958,0.875253,26,0,1000.000,1.774782,0.000000
37152,4,0.145982,0.874195,26,0,1000.000,1.981235,0.000000
37152,5,0.141976,0.852340,18,0,1000.000,2.246547,0.000000
37152,6,0.114203,0.891550,20,0,1000.000,1.610028,0.000000
37152,7,0.084581,0.820367,7,0,1000.000,2.260978,0.000000
37200,0,0.114411,0.862810,15,0,1000.000,1.747891,0.000000
37200,1,0.136650,0.875594,13,0,1000.000,1.794175,0.000000
37200,2,0.122240,0.870246,21,0,1000.000,1.861611,0.000000
37200,3,0.139958,0.868528,23,0,1000.000,2.000307,0.000000
37200,4,0.145982,0.889188,20,0,1000.000,1.487608,0.000000
37200,5,0.141976,0.896951,17,0,1000.000,1.668622,0.000000
37200,6,0.114203,0.853326,15,0,1000.000,2.009786,0.000000
37200,7,0.084581,0.863078,14,0,1000.000,2.055931,0.000000
37248,0,0.114411,0.864883,18,2,950.056,1.534494,0.000000
37248,1,0.136650,0.851509,16,0,1000.000,2.175140,0.000000
37248,2,0.122240,0.878553,26,0,1000.000,1.713607,0.000000
37248,3,0.139958,0.850879,15,0,1000.000,1.968262,0.000000
37248,4,0.145982,0.848399,20,0,1000.000,2.218529,0.000000
37248,5,0.141976,0.864218,18,0,1000.000,1.709683,0.000000
37248,6,0.114203,0.761880,13,1,931.538,2.280327,0.000000
37248,7,0.084581,0.869191,12,0,1000.000,2.240415,0.000000
37296,0,0.114411,0.851627,24,0,1000.000,2.063830,0.000000
37296,1,0.136650,0.885634,32,0,1000.000,1.517740,0.000000
37296,2,0.122240,0.850163,26,0,1000.000,1.935436,0.000000
37296,3,0.139958,0.869562,23,0,1000.000,1.961027,0.000000
37296,4,0.145982,0.861501,17,0,1000.000,1.573716,0.000000
37296,5,0.141976,0.874924,29,0,1000.000,1.804121,0.000000
37296,6,0.114203,0.874161,15,0,1000.000,2.250225,0.000000
37296,7,0.084581,0.856538,17,0,1000.000,1.624739,0.000000
37344,0,0.114411,0.832016,16,0,1000.000,2.061392,0.000000
37344,1,0.136650,0.852708,16,0,1000.000,1.976572,0.000000
37344,2,0.122240,0.883575,19,0,1000.000,1.511201,0.000000
37344,3,0.139958,0.887433,38,0,1000.000,1.842814,0.000000
37344,4,0.145982,0.874273,28,0,1000.000,1.836816,0.000000
37344,5,0.141976,0.884484,21,0,1000.000,1.398848,0.000000
37344,6,0.114203,0.880910,18,0,1000.000,1.947787,0.000000
37344,7,0.084581,0.849916,13,0,1000.000,2.146060,0.000000
37392,0,0.114411,0.857981,24,0,1000.000,1.989029,0.000000
37392,1,0.136650,0.881848,20,0,1000.000,1.746773,0.000000
37392,2,0.122240,0.828582,23,0,1000.000,2.383940,0.000000
37392,3,0.139958,0.849222,19,0,1000.000,1.954379,0.000000
37392,4,0.145982,0.862202,32,0,1000.000,1.865790,0.000000
37392,5,0.141976,0.868436,33,0,1000.000,1.639580,0.000000
37392,6,0.114203,0.875636,27,0,1000.000,1.918101,0.000000
37392,7,0.084581,0.765472,21,2,913.619,2.186646,0.000000
37440,0,0.114411,0.867861,28,1,970.964,1.676682,0.000000
37440,1,0.136650,0.893396,12,0,1000.000,1.353499,0.000000
37440,2,0.122240,0.853606,25,0,1000.000,1.770660,0.000000
37440,3,0.139958,0.859911,35,0,1000.000,1.770864,0.000000
37440,4,0.145982,0.879566,30,0,1000.000,1.573922,0.000000
37440,5,0.141976,0.873983,19,0,1000.000,1.989821,0.000000
37440,6,0.114203,0.871746,15,0,1000.000,1.844670,0.000000
37440,7,0.084581,0.772714,20,2,911.500,1.848183,0.000000
37536,0,0.114411,0.873736,55,1,986.655,1.747433,0.000000
37536,1,0.136650,0.860410,55,0,1000.000,1.859930,0.000000
37536,2,0.122240,0.863866,55,0,1000.000,1.903486,0.000000
37536,3,0.139958,0.856192,56,0,1000.000,1.900660,0.000000
37536,4,0.145982,0.861932,47,0,1000.000,1.836150,0.000000
37536,5,0.141976,0.886588,52,0,1000.000,1.726582,0.000000
37536,6,0.114203,0.832719,54,1,983.315,2.103209,0.000000
37536,7,0.084581,0.816176,30,3,923.633,1.607624,0.000000
37584,0,0.114411,0.835226,30,2,950.433,2.042890,0.000000
37584,1,0.136650,0.861822,32,0,1000.000,1.875009,0.000000
37584,2,0.122240,0.877739,40,0,1000.000,1.810828,0.000000
37584,3,0.139958,0.867558,37,0,1000.000,1.888597,0.000000
37584,4,0.145982,0.856214,29,0,1000.000,1.930801,0.000000
37584,5,0.141976,0.855107,42,0,1000.000,1.807759,0.000000
37584,6,0.114203,0.875047,37,0,1000.000,1.980203,0.000000
37584,7,0.084581,0.839014,15,0,1000.000,2.414644,0.000000
37632,0,0.114411,0.871867,24,2,967.875,1.848404,0.000000
37632,1,0.136650,0.865002,43,0,1000.000,1.902242,0.000000
37632,2,0.122240,0.878891,32,0,1000.000,1.676344,0.000000
37632,3,0.139958,0.874152,40,0,1000.000,1.938259,0.000000
37632,4,0.145982,0.880658,54,0,1000.000,1.682297,0.000000
37632,5,0.141976,0.868627,32,0,1000.000,1.870170,0.000000
37632,6,0.114203,0.884533,40,0,1000.000,1.742517,0.000000
37632,7,0.084581,0.894442,13,0,1000.000,1.560580,0.000000
37680,0,0.114411,0.865785,30,0,1000.000,1.950812,0.000000
37680,1,0.136650,0.854170,28,0,1000.000,2.037476,0.000000
37680,2,0.122240,0.851869,24,0,1000.000,2.027368,0.000000
37680,3,0.139958,0.835169,24,0,1000.000,2.010928,0.000000
37680,4,0.145982,0.885181,33,0,1000.000,1.667138,0.000000
37680,5,0.141976,0.867749,38,0,1000.000,1.840922,0.000000
37680,6,0.114203,0.813086,29,2,934.517,1.502045,0.000000
37680,7,0.084581,0.871497,20,0,1000.000,1.667552,0.000000
37728,0,0.114411,0.841844,22,0,1000.000,1.865920,0.000000
37728,1,0.136650,0.882158,33,0,1000.000,1.507798,0.000000
37728,2,0.122240,0.887800,34,0,1000.000,1.542373,0.000000
37728,3,0.139958,0.868477,42,0,1000.000,1.919858,0.000000
37728,4,0.145982,0.829909,32,0,1000.000,2.210898,0.000000
37728,5,0.141976,0.890817,25,0,1000.000,1.474093,0.000000
37728,6,0.114203,0.847799,28,0,1000.000,2.240413,0.000000
37728,7,0.084581,0.836774,16,0,1000.000,2.601033,0.000000
37776,0,0.114411,0.864186,37,0,1000.000,1.894867,0.000000
37776,1,0.136650,0.891105,42,0,1000.000,1.549442,0.000000
37776,2,0.122240,0.857253,32,0,1000.000,1.919674,0.000000
37776,3,0.139958,0.872066,33,0,1000.000,1.899068,0.000000
37776,4,0.145982,0.887184,28,0,1000.000,1.642155,0.000000
37776,5,0.141976,0.861686,20,0,1000.000,2.017887,0.000000
37776,6,0.114203,0.881801,23,0,1000.000,1.947651,0.000000
37776,7,0.084581,0.856784,19,0,1000.000,2.145487,0.000000
37824,0,0.114411,0.851997,25,0,1000.000,2.027257,0.000000
37824,1,0.136650,0.870561,29,0,1000.000,1.888622,0.000000
37824,2,0.122240,0.874636,20,0,1000.000,1.670601,0.000000
37824,3,0.139958,0.869977,40,0,1000.000,1.672274,0.000000
37824,4,0.145982,0.845370,23,0,1000.000,2.177876,0.000000
37824,5,0.141976,0.868594,25,0,1000.000,2.099253,0.000000
37824,6,0.114203,0.837918,32,1,970.250,2.023282,0.000000
37824,7,0.084581,0.872763,17,0,1000.000,1.896223,0.000000
37872,0,0.114411,0.846224,22,2,925.955,1.948398,0.000000
37872,1,0.136650,0.875513,36,0,1000.000,1.872027,0.000000
37872,2,0.122240,0.866935,28,0,1000.000,1.875494,0.000000
37872,3,0.139958,0.880962,33,0,1000.000,1.833091,0.000000
37872,4,0.145982,0.850748,22,0,1000.000,2.078054,0.000000
37872,5,0.141976,0.866645,27,0,1000.000,1.849773,0.000000
37872,6,0.114203,0.871222,31,0,1000.000,1.717515,0.000000
37872,7,0.084581,0.792382,17,1,948.706,1.984439,0.000000
37920,0,0.114411,0.873125,35,0,1000.000,1.752840,0.000000
37920,1,0.136650,0.887257,37,0,1000.000,1.774933,0.000000
37920,2,0.122240,0.874894,14,0,1000.000,1.592517,0.000000
37920,3,0.139958,0.869187,26,0,1000.000,1.962856,0.000000
37920,4,0.145982,0.859223,36,0,1000.000,1.862146,0.000000
37920,5,0.141976,0.875300,27,0,1000.000,1.699305,0.000000
37920,6,0.114203,0.881007,40,0,1000.000,1.762656,0.000000
37920,7,0.084581,0.864093,15,0,1000.000,1.938448,0.000000
37968,0,0.114411,0.857939,23,0,1000.000,1.689590,0.000000
37968,1,0.136650,0.883152,28,0,1000.000,1.678558,0.000000
37968,2,0.122240,0.848721,19,0,1000.000,1.960832,0.000000
37968,3,0.139958,0.871429,27,0,1000.000,1.816592,0.000000
37968,4,0.145982,0.864071,30,0,1000.000,1.932943,0.000000
37968,5,0.141976,0.874301,17,0,1000.000,2.039775,0.000000
37968,6,0.114203,0.872961,14,0,1000.000,1.865410,0.000000
37968,7,0.084581,0.846895,18,0,1000.000,1.973768,0.000000
38016,0,0.114411,0.882591,24,0,1000.000,1.741465,0.000000
38016,1,0.136650,0.887188,27,0,1000.000,1.857360,0.000000
38016,2,0.122240,0.875028,20,0,1000.000,1.857615,0.000000
38016,3,0.139958,0.869810,30,0,1000.000,2.064446,0.000000
38016,4,0.145982,0.856956,29,0,1000.000,1.865275,0.000000
38016,5,0.141976,0.887660,19,0,1000.000,1.940935,0.000000
38016,6,0.114203,0.883297,24,0,1000.000,1.800630,0.000000
38016,7,0.084581,0.839780,18,1,952.222,1.826860,0.000000
38064,0,0.114411,0.864268,19,0,1000.000,1.769283,0.000000
38064,1,0.136650,0.883020,29,0,1000.000,1.473589,0.000000
38064,2,0.122240,0.876343,21,0,1000.000,1.719891,0.000000
38064,3,0.139958,0.861685,14,0,1000.000,1.844496,0.000000
38064,4,0.145982,0.874129,28,0,1000.000,1.927418,0.000000
38064,5,0.141976,0.866166,22,0,1000.000,2.123075,0.000000
38064,6,0.114203,0.888236,20,0,1000.000,1.789877,0.000000
38064,7,0.084581,0.886616,13,0,1000.000,1.879668,0.000000
38112,0,0.114411,0.867965,14,0,1000.000,1.706159,0.000000
38112,1,0.136650,0.889929,23,0,1000.000,1.666517,0.000000
38112,2,0.122240,0.890063,18,0,1000.000,1.610960,0.000000
38112,3,0.139958,0.879116,26,0,1000.000,1.740190,0.000000
38112,4,0.145982,0.846418,16,0,1000.000,1.963370,0.000000
38112,5,0.141976,0.838174,23,0,1000.000,2.411155,0.000000
38112,6,0.114203,0.890272,15,0,1000.000,1.786153,0.000000
38112,7,0.084581,0.870261,11,0,1000.000,1.984258,0.000000
38160,0,0.114411,0.893631,23,0,1000.000,1.534562,0.000000
38160,1,0.136650,0.852448,18,0,1000.000,1.884596,0.000000
38160,2,0.122240,0.874520,21,0,1000.000,2.047323,0.000000
38160,3,0.139958,0.889695,21,0,1000.000,1.642096,0.000000
38160,4,0.145982,0.880287,20,0,1000.000,1.690452,0.000000
38160,5,0.141976,0.876730,20,0,1000.000,1.680640,0.000000
38160,6,0.114203,0.860473,21,0,1000.000,1.848827,0.000000
38160,7,0.084581,0.875201,15,0,1000.000,1.739984,0.000000
38208,0,0.114411,0.862605,19,1,983.526,1.701285,0.000000
38208,1,0.136650,0.896927,17,0,1000.000,1.318462,0.000000
38208,2,0.122240,0.872980,16,0,1000.000,1.727066,0.000000
38208,3,0.139958,0.882547,17,0,1000.000,1.732918,0.000000
38208,4,0.145982,0.864718,27,0,1000.000,1.913930,0.000000
38208,5,0.141976,0.842054,19,0,1000.000,1.976971,0.000000
38208,6,0.114203,0.861861,13,0,1000.000,2.460870,0.000000
38208,7,0.084581,0.483422,9,4,599.556,1.662172,0.000000
38256,0,0.114411,0.849354,20,1,966.850,1.899070,0.000000
38256,1,0.136650,0.849875,22,0,1000.000,1.957611,0.000000
38256,2,0.122240,0.867580,20,0,1000.000,1.766941,0.000000
38256,3,0.139958,0.874869,15,0,1000.000,1.885003,0.000000
38256,4,0.145982,0.889332,15,0,1000.000,1.481361,0.000000
38256,5,0.141976,0.844897,18,0,1000.000,2.056701,0.000000
38256,6,0.114203,0.887706,22,0,1000.000,2.049987,0.000000
38256,7,0.084581,0.862357,17,0,1000.000,2.432682,0.000000
38304,0,0.114411,0.866843,15,0,1000.000,1.652235,0.000000
38304,1,0.136650,0.863388,25,0,1000.000,2.090806,0.000000
38304,2,0.122240,0.863650,22,0,1000.000,1.999246,0.000000
38304,3,0.139958,0.862771,23,0,1000.000,1.664482,0.000000
38304,4,0.145982,0.885157,24,0,1000.000,1.517162,0.000000
38304,5,0.141976,0.868322,26,0,1000.000,2.119282,0.000000
38304,6,0.114203,0.899332,22,0,1000.000,1.547810,0.000000
38304,7,0.084581,0.890473,13,0,1000.000,1.804140,0.000000
38352,0,0.114411,0.891800,15,1,994.400,1.431249,0.000000
38352,1,0.136650,0.861627,24,0,1000.000,1.736870,0.000000
38352,2,0.122240,0.870841,25,0,1000.000,1.918529,0.000000
38352,3,0.139958,0.859963,33,0,1000.000,2.114561,0.000000
38352,4,0.145982,0.871566,28,0,1000.000,1.838936,0.000000
38352,5,0.141976,0.849427,18,0,1000.000,1.989675,0.000000
38352,6,0.114203,0.875259,15,0,1000.000,1.858349,0.000000
38352,7,0.084581,0.779596,14,1,936.071,2.156444,0.000000
38400,0,0.114411,0.892652,23,0,1000.000,1.566144,0.000000
38400,1,0.136650,0.853526,29,0,1000.000,1.986262,0.000000
38400,2,0.122240,0.885898,20,0,1000.000,1.788333,0.000000
38400,3,0.139958,0.875485,29,0,1000.000,1.916927,0.000000
38400,4,0.145982,0.879961,20,0,1000.000,1.770076,0.000000
38400,5,0.141976,0.868754,34,0,1000.000,2.056277,0.000000
38400,6,0.114203,0.876148,26,0,1000.000,1.956576,0.000000
38400,7,0.084581,0.884866,15,0,1000.000,1.989904,0.000000
38448,0,0.132862,0.864232,36,0,1000.000,1.921670,0.000000
38448,1,0.129204,0.883894,24,0,1000.000,1.724290,0.000000
38448,2,0.133286,0.887971,28,0,1000.000,1.718273,0.000000
38448,3,0.123595,0.877522,16,0,1000.000,1.817275,0.000000
38448,4,0.111137,0.833370,24,0,1000.000,1.950082,0.000000
38448,5,0.117866,0.838190,23,0,1000.000,2.446531,0.000000
38448,6,0.117079,0.803849,17,0,1000.000,2.057669,0.000000
38448,7,0.134970,0.792795,14,1,938.857,1.980992,0.000000
38496,0,0.132862,0.863870,24,0,1000.000,1.980370,0.000000
38496,1,0.129204,0.855965,18,0,1000.000,1.741618,0.000000
38496,2,0.133286,0.870362,23,0,1000.000,1.909639,0.000000
38496,3,0.123595,0.857430,25,0,1000.000,1.979978,0.000000
38496,4,0.111137,0.874810,25,0,1000.000,1.590798,0.000000
38496,5,0.117866,0.893511,18,0,1000.000,1.769672,0.000000
38496,6,0.117079,0.868310,24,1,987.000,1.914024,0.000000
38496,7,0.134970,0.875979,30,0,1000.000,1.893818,0.000000
38544,0,0.132862,0.857740,38,0,1000.000,1.792233,0.000000
38544,1,0.129204,0.876083,37,0,1000.000,1.659960,0.000000
38544,2,0.133286,0.855951,28,0,1000.000,1.903355,0.000000
38544,3,0.123595,0.867703,38,0,1000.000,1.818146,0.000000
38544,4,0.111137,0.888126,27,0,1000.000,1.670099,0.000000
38544,5,0.117866,0.850160,20,0,1000.000,1.882162,0.000000
38544,6,0.117079,0.875223,24,0,1000.000,2.276705,0.000000
38544,7,0.134970,0.757585,29,3,906.828,1.940374,0.000000
38592,0,0.132862,0.851199,34,0,1000.000,1.981343,0.000000
38592,1,0.129204,0.880899,31,0,1000.000,1.730794,0.000000
38592,2,0.133286,0.836936,33,0,1000.000,2.282153,0.000000
38592,3,0.123595,0.875309,34,0,1000.000,1.737537,0.000000
38592,4,0.111137,0.853735,31,0,1000.000,2.074405,0.000000
38592,5,0.117866,0.884398,34,0,1000.000,1.957679,0.000000
38592,6,0.117079,0.858343,27,0,1000.000,2.239910,0.000000
38592,7,0.134970,0.834287,29,1,967.000,1.875180,0.000000
38640,0,0.132862,0.866927,43,0,1000.000,1.957353,0.000000
38640,1,0.129204,0.855469,46,0,1000.000,1.994490,0.000000
38640,2,0.133286,0.876907,33,0,1000.000,1.695883,0.000000
38640,3,0.123595,0.889222,34,0,1000.000,1.634645,0.000000
38640,4,0.111137,0.861080,32,0,1000.000,2.043010,0.000000
38640,5,0.117866,0.878847,36,0,1000.000,1.875062,0.000000
38640,6,0.117079,0.842903,24,0,1000.000,1.969315,0.000000
38640,7,0.134970,0.884136,27,0,1000.000,1.708406,0.000000
38688,0,0.132862,0.869467,33,0,1000.000,1.718856,0.000000
38688,1,0.129204,0.890191,23,0,1000.000,1.670182,0.000000
38688,2,0.133286,0.855560,28,0,1000.000,2.094400,0.000000
38688,3,0.123595,0.885011,28,0,1000.000,1.652449,0.000000
38688,4,0.111137,0.889007,27,0,1000.000,1.799491,0.000000
38688,5,0.117866,0.862009,35,0,1000.000,1.955612,0.000000
38688,6,0.117079,0.869458,30,0,1000.000,2.082197,0.000000
38688,7,0.134970,0.819825,31,2,943.161,1.790155,0.000000
38736,0,0.132862,0.842820,36,0,1000.000,1.882223,0.000000
38736,1,0.129204,0.895650,32,0,1000.000,1.449163,0.000000
38736,2,0.133286,0.841069,33,0,1000.000,2.012787,0.000000
38736,3,0.123595,0.873980,24,0,1000.000,1.776803,0.000000
38736,4,0.111137,0.881562,24,0,1000.000,1.730785,0.000000
38736,5,0.117866,0.828797,18,0,1000.000,2.420576,0.000000
38736,6,0.117079,0.866645,30,0,1000.000,1.881613,0.000000
38736,7,0.134970,0.863638,29,0,1000.000,1.879113,0.000000
38784,0,0.132862,0.841507,33,0,1000.000,1.931181,0.000000
38784,1,0.129204,0.891148,30,0,1000.000,1.467117,0.000000
38784,2,0.133286,0.871466,40,0,1000.000,1.839521,0.000000
38784,3,0.123595,0.878928,24,0,1000.000,1.711257,0.000000
38784,4,0.111137,0.877389,24,0,1000.000,1.924963,0.000000
38784,5,0.117866,0.872000,26,0,1000.000,1.861899,0.000000
38784,6,0.117079,0.860846,26,0,1000.000,1.847046,0.000000
38784,7,0.134970,0.818053,32,2,943.719,1.874199,0.000000
38832,0,0.132862,0.857628,35,1,980.857,1.963489,0.000000
38832,1,0.129204,0.885920,24,0,1000.000,1.696294,0.000000
38832,2,0.133286,0.844448,25,0,1000.000,1.837911,0.000000
38832,3,0.123595,0.865241,27,0,1000.000,1.936888,0.000000
38832,4,0.111137,0.855898,30,0,1000.000,1.968653,0.000000
38832,5,0.117866,0.821153,25,0,1000.000,2.481090,0.000000
38832,6,0.117079,0.872322,22,0,1000.000,1.753503,0.000000
38832,7,0.134970,0.816184,31,2,940.065,1.665615,0.000000
38880,0,0.132862,0.858397,31,0,1000.000,2.018313,0.000000
38880,1,0.129204,0.863141,29,0,1000.000,2.009225,0.000000
38880,2,0.133286,0.878350,26,0,1000.000,1.719879,0.000000
38880,3,0.123595,0.868107,28,0,1000.000,1.658754,0.000000
38880,4,0.111137,0.871016,20,0,1000.000,1.937711,0.000000
38880,5,0.117866,0.859948,28,0,1000.000,1.856604,0.000000
38880,6,0.117079,0.877842,20,0,1000.000,1.878575,0.000000
38880,7,0.134970,0.854755,28,1,967.214,1.408594,0.000000
38928,0,0.132862,0.851262,38,0,1000.000,2.067104,0.000000
38928,1,0.129204,0.879102,17,0,1000.000,1.778676,0.000000
38928,2,0.133286,0.872341,26,0,1000.000,1.974828,0.000000
38928,3,0.123595,0.880720,25,0,1000.000,1.922654,0.000000
38928,4,0.111137,0.890616,27,0,1000.000,1.791918,0.000000
38928,5,0.117866,0.843019,33,0,1000.000,2.300842,0.000000
38928,6,0.117079,0.874248,26,0,1000.000,1.852216,0.000000
38928,7,0.134970,0.854308,31,0,1000.000,1.962836,0.000000
38976,0,0.132862,0.878089,29,1,985.931,1.498795,0.000000
38976,1,0.129204,0.851031,23,0,1000.000,1.843264,0.000000
38976,2,0.133286,0.871547,19,0,1000.000,1.850228,0.000000
38976,3,0.123595,0.877360,19,0,1000.000,1.815843,0.000000
38976,4,0.111137,0.872712,17,0,1000.000,2.018937,0.000000
38976,5,0.117866,0.868298,26,0,1000.000,2.061694,0.000000
38976,6,0.117079,0.854701,19,0,1000.000,1.911874,0.000000
38976,7,0.134970,0.807231,27,2,933.926,1.639498,0.000000
39024,0,0.132862,0.887264,25,0,1000.000,1.665149,0.000000
39024,1,0.129204,0.849962,28,0,1000.000,2.105673,0.000000
39024,2,0.133286,0.845609,19,0,1000.000,2.058146,0.000000
39024,3,0.123595,0.863952,18,0,1000.000,1.799318,0.000000
39024,4,0.111137,0.872651,19,0,1000.000,1.978392,0.000000
39024,5,0.117866,0.883491,23,0,1000.000,1.946414,0.000000
39024,6,0.117079,0.872138,22,0,1000.000,1.851707,0.000000
39024,7,0.134970,0.863138,32,0,1000.000,2.040434,0.000000
39072,0,0.132862,0.888181,24,0,1000.000,1.517838,0.000000
39072,1,0.129204,0.886879,20,0,1000.000,1.475533,0.000000
39072,2,0.133286,0.876457,24,0,1000.000,1.851797,0.000000
39072,3,0.123595,0.858485,18,0,1000.000,2.021624,0.000000
39072,4,0.111137,0.889269,16,0,1000.000,1.601089,0.000000
39072,5,0.117866,0.863373,14,0,1000.000,1.982004,0.000000
39072,6,0.117079,0.877020,25,0,1000.000,1.753246,0.000000
39072,7,0.134970,0.856478,22,1,992.045,1.794392,0.000000
39120,0,0.132862,0.862158,23,0,1000.000,1.874369,0.000000
39120,1,0.129204,0.817901,15,0,1000.000,2.256179,0.000000
39120,2,0.133286,0.843147,22,0,1000.000,2.004595,0.000000
39120,3,0.123595,0.869016,20,0,1000.000,2.016189,0.000000
39120,4,0.111137,0.862732,16,0,1000.000,1.827888,0.000000
39120,5,0.117866,0.860642,15,0,1000.000,1.955965,0.000000
39120,6,0.117079,0.888782,10,0,1000.000,1.446651,0.000000
39120,7,0.134970,0.811437,26,1,964.846,2.108082,0.000000
39168,0,0.132862,0.854188,16,0,1000.000,1.724647,0.000000
39168,1,0.129204,0.882574,24,0,1000.000,1.728596,0.000000
39168,2,0.133286,0.849336,15,0,1000.000,2.037326,0.000000
39168,3,0.123595,0.887914,18,0,1000.000,1.544871,0.000000
39168,4,0.111137,0.861924,17,0,1000.000,1.920836,0.000000
39168,5,0.117866,0.828767,17,0,1000.000,2.478055,0.000000
39168,6,0.117079,0.886539,16,0,1000.000,1.531122,0.000000
39168,7,0.134970,0.864715,31,0,1000.000,1.900117,0.000000
39216,0,0.132862,0.840057,15,0,1000.000,2.327846,0.000000
39216,1,0.129204,0.859082,21,0,1000.000,2.115091,0.000000
39216,2,0.133286,0.863510,16,0,1000.000,2.019720,0.000000
39216,3,0.123595,0.863333,15,0,1000.000,2.275534,0.000000
39216,4,0.111137,0.876542,21,0,1000.000,1.946716,0.000000
39216,5,0.117866,0.866936,16,0,1000.000,1.981115,0.000000
39216,6,0.117079,0.860118,16,0,1000.000,2.079203,0.000000
39216,7,0.134970,0.855524,21,1,958.857,1.588615,0.000000
39264,0,0.132862,0.884249,21,1,962.714,1.666460,0.000000
39264,1,0.129204,0.876139,24,0,1000.000,1.826745,0.000000
39264,2,0.133286,0.887915,14,0,1000.000,1.460710,0.000000
39264,3,0.123595,0.897417,18,0,1000.000,1.584148,0.000000
39264,4,0.111137,0.854957,17,0,1000.000,1.906902,0.000000
39264,5,0.117866,0.837870,21,0,1000.000,2.226244,0.000000
39264,6,0.117079,0.874475,15,0,1000.000,1.452945,0.000000
39264,7,0.134970,0.858085,19,1,993.684,2.264594,0.000000
39312,0,0.132862,0.880652,11,0,1000.000,2.030897,0.000000
39312,1,0.129204,0.859914,22,0,1000.000,2.092748,0.000000
39312,2,0.133286,0.895625,27,0,1000.000,1.513998,0.000000
39312,3,0.123595,0.887629,31,0,1000.000,1.623570,0.000000
39312,4,0.111137,0.885339,21,0,1000.000,1.822345,0.000000
39312,5,0.117866,0.851747,18,0,1000.000,1.963626,0.000000
39312,6,0.117079,0.850988,20,0,1000.000,2.052296,0.000000
39312,7,0.134970,0.876028,14,0,1000.000,2.144757,0.000000
39408,0,0.132862,0.880733,60,0,1000.000,1.641499,0.000000
39408,1,0.129204,0.866016,46,0,1000.000,2.026905,0.000000
39408,2,0.133286,0.854562,47,0,1000.000,1.937672,0.000000
39408,3,0.123595,0.868586,44,0,1000.000,1.853111,0.000000
39408,4,0.111137,0.885541,32,0,1000.000,1.827656,0.000000
39408,5,0.117866,0.879874,50,0,1000.000,1.745199,0.000000
39408,6,0.117079,0.861057,37,0,1000.000,2.051856,0.000000
39408,7,0.134970,0.851513,52,1,981.712,1.854942,0.000000
39456,0,0.132862,0.870727,29,0,1000.000,2.053964,0.000000
39456,1,0.129204,0.858838,20,0,1000.000,2.011698,0.000000
39456,2,0.133286,0.868208,21,0,1000.000,1.899585,0.000000
39456,3,0.123595,0.868325,19,0,1000.000,1.907462,0.000000
39456,4,0.111137,0.878424,22,0,1000.000,2.048082,0.000000
39456,5,0.117866,0.871201,24,0,1000.000,1.964418,0.000000
39456,6,0.117079,0.855905,22,0,1000.000,1.949870,0.000000
39456,7,0.134970,0.815769,30,1,969.733,1.952869,0.000000
39504,0,0.132862,0.871631,30,0,1000.000,1.561599,0.000000
39504,1,0.129204,0.873916,26,0,1000.000,1.711180,0.000000
39504,2,0.133286,0.855315,29,0,1000.000,2.005764,0.000000
39504,3,0.123595,0.855738,32,0,1000.000,1.905242,0.000000
39504,4,0.111137,0.858765,23,0,1000.000,1.952112,0.000000
39504,5,0.117866,0.861874,12,0,1000.000,2.059258,0.000000
39504,6,0.117079,0.866419,21,0,1000.000,1.956856,0.000000
39504,7,0.134970,0.835812,28,1,967.071,2.014224,0.000000
39552,0,0.132862,0.856748,41,0,1000.000,1.843284,0.000000
39552,1,0.129204,0.853359,24,0,1000.000,1.705182,0.000000
39552,2,0.133286,0.862541,28,0,1000.000,1.779916,0.000000
39552,3,0.123595,0.882245,25,0,1000.000,1.588199,0.000000
39552,4,0.111137,0.866194,25,0,1000.000,2.177729,0.000000
39552,5,0.117866,0.865111,23,0,1000.000,1.947754,0.000000
39552,6,0.117079,0.878937,27,0,1000.000,1.836180,0.000000
39552,7,0.134970,0.852965,31,0,1000.000,1.933600,0.000000
39600,0,0.132862,0.856282,36,0,1000.000,1.904906,0.000000
39600,1,0.129204,0.863609,35,0,1000.000,2.081009,0.000000
39600,2,0.133286,0.838468,44,0,1000.000,1.892228,0.000000
39600,3,0.123595,0.855654,35,0,1000.000,1.933641,0.000000
39600,4,0.111137,0.879844,22,0,1000.000,1.808185,0.000000
39600,5,0.117866,0.874241,25,0,1000.000,1.789136,0.000000
39600,6,0.117079,0.859062,42,0,1000.000,1.979705,0.000000
39600,7,0.134970,0.819746,37,1,976.757,2.051087,0.000000
39648,0,0.132862,0.868651,25,0,1000.000,1.810047,0.000000
39648,1,0.129204,0.861477,40,0,1000.000,1.670251,0.000000
39648,2,0.133286,0.881153,29,0,1000.000,1.773870,0.000000
39648,3,0.123595,0.832159,41,0,1000.000,2.118662,0.000000
39648,4,0.111137,0.843859,21,0,1000.000,1.812370,0.000000
39648,5,0.117866,0.862413,33,0,1000.000,1.925658,0.000000
39648,6,0.117079,0.855810,34,0,1000.000,2.059212,0.000000
39648,7,0.134970,0.869688,42,0,1000.000,1.896399,0.000000
39696,0,0.132862,0.876844,22,1,959.955,1.441290,0.000000
39696,1,0.129204,0.835559,31,0,1000.000,2.156508,0.000000
39696,2,0.133286,0.858685,28,0,1000.000,1.697644,0.000000
39696,3,0.123595,0.874873,24,0,1000.000,1.890979,0.000000
39696,4,0.111137,0.867274,27,0,1000.000,1.925099,0.000000
39696,5,0.117866,0.861830,28,0,1000.000,2.000993,0.000000
39696,6,0.117079,0.834160,33,0,1000.000,2.089254,0.000000
39696,7,0.134970,0.871044,28,0,1000.000,1.918496,0.000000
39744,0,0.132862,0.860712,37,0,1000.000,2.108707,0.000000
39744,1,0.129204,0.849046,21,0,1000.000,1.504960,0.000000
39744,2,0.133286,0.846442,27,0,1000.000,2.078258,0.000000
39744,3,0.123595,0.852901,22,0,1000.000,2.171520,0.000000
39744,4,0.111137,0.844764,28,0,1000.000,1.970183,0.000000
39744,5,0.117866,0.855753,37,0,1000.000,2.114382,0.000000
39744,6,0.117079,0.826158,29,0,1000.000,2.075129,0.000000
39744,7,0.134970,0.856820,34,1,972.353,1.787779,0.000000
39792,0,0.132862,0.845003,27,1,982.889,1.935291,0.000000
39792,1,0.129204,0.871729,38,0,1000.000,1.739972,0.000000
39792,2,0.133286,0.880889,30,0,1000.000,1.742556,0.000000
39792,3,0.123595,0.848237,23,0,1000.000,2.064718,0.000000
39792,4,0.111137,0.879539,29,0,1000.000,1.856709,0.000000
39792,5,0.117866,0.863190,40,0,1000.000,1.931487,0.000000
39792,6,0.117079,0.842050,22,0,1000.000,2.247318,0.000000
39792,7,0.134970,0.775349,25,2,926.000,1.676130,0.000000
39840,0,0.132862,0.848678,29,1,974.448,1.724436,0.000000
39840,1,0.129204,0.859175,22,0,1000.000,2.012828,0.000000
39840,2,0.133286,0.877249,32,0,1000.000,1.489401,0.000000
39840,3,0.123595,0.894082,29,0,1000.000,1.294393,0.000000
39840,4,0.111137,0.877606,27,0,1000.000,1.867467,0.000000
39840,5,0.117866,0.889705,25,0,1000.000,1.744256,0.000000
39840,6,0.117079,0.841551,19,0,1000.000,2.345178,0.000000
39840,7,0.134970,0.889794,23,0,1000.000,1.763664,0.000000
39888,0,0.132862,0.832442,31,0,1000.000,2.122793,0.000000
39888,1,0.129204,0.870908,33,0,1000.000,1.893756,0.000000
39888,2,0.133286,0.851913,32,0,1000.000,2.113156,0.000000
39888,3,0.123595,0.867048,20,0,1000.000,1.919663,0.000000
39888,4,0.111137,0.854623,22,0,1000.000,1.934747,0.000000
39888,5,0.117866,0.853395,26,0,1000.000,1.968666,0.000000
39888,6,0.117079,0.883374,24,0,1000.000,1.736878,0.000000
39888,7,0.134970,0.859127,35,0,1000.000,2.142274,0.000000
39936,0,0.132862,0.880281,29,0,1000.000,1.412354,0.000000
39936,1,0.129204,0.850048,30,0,1000.000,1.930042,0.000000
39936,2,0.133286,0.861844,22,0,1000.000,1.601965,0.000000
39936,3,0.123595,0.873730,25,0,1000.000,1.937192,0.000000
39936,4,0.111137,0.858550,28,0,1000.000,2.146397,0.000000
39936,5,0.117866,0.880889,24,0,1000.000,1.951707,0.000000
39936,6,0.117079,0.857158,33,0,1000.000,1.918792,0.000000
39936,7,0.134970,0.894570,31,0,1000.000,1.502951,0.000000
39984,0,0.132862,0.865974,32,0,1000.000,1.654328,0.000000
39984,1,0.129204,0.856879,26,0,1000.000,1.999824,0.000000
39984,2,0.133286,0.886470,16,0,1000.000,1.588534,0.000000
39984,3,0.123595,0.874449,19,0,1000.000,1.943414,0.000000
39984,4,0.111137,0.862949,17,0,1000.000,2.027844,0.000000
39984,5,0.117866,0.829010,27,0,1000.000,2.084501,0.000000
39984,6,0.117079,0.845557,26,0,1000.000,1.804414,0.000000
39984,7,0.134970,0.833599,22,1,957.364,1.735619,0.000000
40032,0,0.132862,0.861028,20,0,1000.000,1.844802,0.000000
40032,1,0.129204,0.857331,22,0,1000.000,1.822603,0.000000
40032,2,0.133286,0.874271,25,0,1000.000,1.991480,0.000000
40032,3,0.123595,0.859484,16,0,1000.000,2.181368,0.000000
40032,4,0.111137,0.888219,21,0,1000.000,1.554450,0.000000
40032,5,0.117866,0.870474,18,0,1000.000,2.304568,0.000000
40032,6,0.117079,0.838638,18,0,1000.000,2.278284,0.000000
40032,7,0.134970,0.834393,33,2,946.182,1.723690,0.000000
40080,0,0.132862,0.837503,23,0,1000.000,2.242905,0.000000
40080,1,0.129204,0.878547,25,0,1000.000,1.751985,0.000000
40080,2,0.133286,0.869685,21,0,1000.000,1.751565,0.000000
40080,3,0.123595,0.849817,15,0,1000.000,2.264017,0.000000
40080,4,0.111137,0.869616,20,0,1000.000,1.898782,0.000000
40080,5,0.117866,0.882202,18,0,1000.000,1.895944,0.000000
40080,6,0.117079,0.883577,19,0,1000.000,1.942027,0.000000
40080,7,0.134970,0.787114,19,1,950.263,1.915491,0.000000
40128,0,0.132862,0.875224,19,1,999.316,1.458404,0.000000
40128,1,0.129204,0.821260,25,0,1000.000,2.203268,0.000000
40128,2,0.133286,0.846968,17,0,1000.000,2.024428,0.000000
40128,3,0.123595,0.881421,19,0,1000.000,1.582838,0.000000
40128,4,0.111137,0.868638,14,0,1000.000,1.972534,0.000000
40128,5,0.117866,0.866404,21,0,1000.000,2.257415,0.000000
40128,6,0.117079,0.873409,22,0,1000.000,1.734190,0.000000
40128,7,0.134970,0.834805,14,0,1000.000,2.320803,0.000000
40176,0,0.132862,0.882251,13,1,968.538,1.486168,0.000000
40176,1,0.129204,0.867529,21,0,1000.000,1.712740,0.000000
40176,2,0.133286,0.838195,22,0,1000.000,2.430355,0.000000
40176,3,0.123595,0.864168,24,0,1000.000,1.881137,0.000000
40176,4,0.111137,0.839483,11,0,1000.000,2.020035,0.000000
40176,5,0.117866,0.870652,17,0,1000.000,1.783942,0.000000
40176,6,0.117079,0.856538,20,0,1000.000,1.950747,0.000000
40176,7,0.134970,0.830664,24,1,968.125,1.812896,0.000000
40224,0,0.132862,0.841337,25,1,995.080,1.916278,0.000000
40224,1,0.129204,0.852744,20,0,1000.000,1.728601,0.000000
40224,2,0.133286,0.889040,14,0,1000.000,1.590401,0.000000
40224,3,0.123595,0.901434,11,0,1000.000,1.373666,0.000000
40224,4,0.111137,0.858474,14,0,1000.000,1.882356,0.000000
40224,5,0.117866,0.784537,17,1,946.294,1.982989,0.000000
40224,6,0.117079,0.840691,13,0,1000.000,2.158897,0.000000
40224,7,0.134970,0.889360,23,0,1000.000,1.064533,0.000000
40272,0,0.132862,0.851319,21,0,1000.000,1.782598,0.000000
40272,1,0.129204,0.846631,22,0,1000.000,2.088233,0.000000
40272,2,0.133286,0.855303,21,0,1000.000,2.067951,0.000000
40272,3,0.123595,0.875179,15,0,1000.000,2.133564,0.000000
40272,4,0.111137,0.855891,23,0,1000.000,2.200551,0.000000
40272,5,0.117866,0.834923,19,0,1000.000,2.153612,0.000000
40272,6,0.117079,0.817406,20,1,953.650,1.986959,0.000000
40272,7,0.134970,0.814711,22,1,956.318,1.741185,0.000000
40320,0,0.132862,0.859452,23,2,964.565,1.742462,0.000000
40320,1,0.129204,0.873576,19,0,1000.000,1.712016,0.000000
40320,2,0.133286,0.851924,19,0,1000.000,2.299819,0.000000
40320,3,0.123595,0.840177,24,0,1000.000,2.322215,0.000000
40320,4,0.111137,0.853328,14,0,1000.000,1.707933,0.000000
40320,5,0.117866,0.909448,16,0,1000.000,1.040326,0.000000
40320,6,0.117079,0.895761,16,0,1000.000,1.303264,0.000000
40320,7,0.134970,0.839812,32,0,1000.000,2.348645,0.000000
40368,0,0.132862,0.834289,24,0,1000.000,2.005453,0.000000
40368,1,0.129204,0.835926,24,0,1000.000,2.210096,0.000000
40368,2,0.133286,0.857769,34,0,1000.000,2.066490,0.000000
40368,3,0.123595,0.890465,17,0,1000.000,1.494595,0.000000
40368,4,0.111137,0.817216,16,0,1000.000,2.201269,0.000000
40368,5,0.117866,0.874478,26,0,1000.000,1.870860,0.000000
40368,6,0.117079,0.868842,21,0,1000.000,1.965877,0.000000
40368,7,0.134970,0.851658,23,0,1000.000,2.103403,0.000000
40416,0,0.132862,0.801424,16,1,971.688,2.187735,0.000000
40416,1,0.129204,0.884436,32,0,1000.000,1.539258,0.000000
40416,2,0.133286,0.840224,25,0,1000.000,2.005425,0.000000
40416,3,0.123595,0.872429,26,0,1000.000,1.650462,0.000000
40416,4,0.111137,0.859405,26,0,1000.000,2.039836,0.000000
40416,5,0.117866,0.876393,22,0,1000.000,1.860654,0.000000
40416,6,0.117079,0.874297,28,0,1000.000,1.599077,0.000000
40416,7,0.134970,0.827538,20,0,1000.000,2.371111,0.000000
40464,0,0.132862,0.841366,23,0,1000.000,1.922490,0.000000
40464,1,0.129204,0.887643,19,0,1000.000,1.381455,0.000000
40464,2,0.133286,0.858440,20,0,1000.000,2.064790,0.000000
40464,3,0.123595,0.831598,19,0,1000.000,1.957083,0.000000
40464,4,0.111137,0.872077,20,0,1000.000,1.831316,0.000000
40464,5,0.117866,0.861035,22,0,1000.000,2.099323,0.000000
40464,6,0.117079,0.880545,14,0,1000.000,1.889979,0.000000
40464,7,0.134970,0.877063,26,0,1000.000,1.790023,0.000000
40512,0,0.132862,0.866319,27,0,1000.000,1.622139,0.000000
40512,1,0.129204,0.868917,33,0,1000.000,1.710554,0.000000
40512,2,0.133286,0.854543,23,0,1000.000,1.968814,0.000000
40512,3,0.123595,0.838404,24,0,1000.000,2.293094,0.000000
40512,4,0.111137,0.848549,26,0,1000.000,1.877505,0.000000
40512,5,0.117866,0.864245,33,0,1000.000,1.715852,0.000000
40512,6,0.117079,0.863877,13,0,1000.000,2.047058,0.000000
40512,7,0.134970,0.859907,32,0,1000.000,2.146568,0.000000
40560,0,0.132862,0.814807,31,1,996.968,2.098525,0.000000
40560,1,0.129204,0.877497,26,0,1000.000,1.688301,0.000000
40560,2,0.133286,0.860953,28,0,1000.000,2.012692,0.000000
40560,3,0.123595,0.862443,32,0,1000.000,1.771941,0.000000
40560,4,0.111137,0.842293,33,0,1000.000,2.176848,0.000000
40560,5,0.117866,0.871195,24,0,1000.000,1.838895,0.000000
40560,6,0.117079,0.818918,21,1,954.476,1.931746,0.000000
40560,7,0.134970,0.867471,39,0,1000.000,1.813149,0.000000
40608,0,0.132862,0.863546,41,0,1000.000,1.616914,0.000000
40608,1,0.129204,0.839380,38,0,1000.000,1.890921,0.000000
40608,2,0.133286,0.842283,36,0,1000.000,2.173944,0.000000
40608,3,0.123595,0.859644,43,0,1000.000,1.950318,0.000000
40608,4,0.111137,0.854396,34,0,1000.000,1.796073,0.000000
40608,5,0.117866,0.853936,26,0,1000.000,2.172132,0.000000
40608,6,0.117079,0.829507,26,0,1000.000,2.184538,0.000000
40608,7,0.134970,0.861888,46,1,988.174,1.831378,0.000000
40656,0,0.132862,0.883963,36,0,1000.000,1.439324,0.000000
40656,1,0.129204,0.842485,27,0,1000.000,2.050300,0.000000
40656,2,0.133286,0.841663,32,0,1000.000,2.178170,0.000000
40656,3,0.123595,0.834669,32,0,1000.000,1.940134,0.000000
40656,4,0.111137,0.839300,31,0,1000.000,2.111915,0.000000
40656,5,0.117866,0.852998,26,0,1000.000,1.988305,0.000000
40656,6,0.117079,0.850974,37,0,1000.000,2.013221,0.000000
40656,7,0.134970,0.799562,25,1,961.960,2.091350,0.000000
40704,0,0.132862,0.820345,24,2,954.208,2.139102,0.000000
40704,1,0.129204,0.844964,32,0,1000.000,2.042145,0.000000
40704,2,0.133286,0.855426,37,0,1000.000,1.905991,0.000000
40704,3,0.123595,0.858350,32,0,1000.000,1.854698,0.000000
40704,4,0.111137,0.859971,17,0,1000.000,1.874768,0.000000
40704,5,0.117866,0.853616,25,0,1000.000,2.117543,0.000000
40704,6,0.117079,0.847104,25,0,1000.000,2.123183,0.000000
40704,7,0.134970,0.825699,31,0,1000.000,2.271013,0.000000
40752,0,0.132862,0.847219,34,0,1000.000,1.873692,0.000000
40752,1,0.129204,0.847549,35,0,1000.000,1.903397,0.000000
40752,2,0.133286,0.872296,25,0,1000.000,1.761108,0.000000
40752,3,0.123595,0.859320,32,0,1000.000,1.962039,0.000000
40752,4,0.111137,0.834390,28,0,1000.000,1.971021,0.000000
40752,5,0.117866,0.827269,25,0,1000.000,2.170078,0.000000
40752,6,0.117079,0.845108,33,0,1000.000,1.926758,0.000000
40752,7,0.134970,0.846240,29,2,954.000,1.313394,0.000000
40800,0,0.132862,0.840445,24,0,1000.000,1.932427,0.000000
40800,1,0.129204,0.894006,35,0,1000.000,1.138686,0.000000
40800,2,0.133286,0.844220,34,0,1000.000,1.675357,0.000000
40800,3,0.123595,0.861468,24,0,1000.000,1.874266,0.000000
40800,4,0.111137,0.849096,25,0,1000.000,1.740053,0.000000
40800,5,0.117866,0.857783,22,0,1000.000,1.741786,0.000000
40800,6,0.117079,0.859104,27,1,982.593,2.026758,0.000000
40800,7,0.134970,0.797984,39,5,933.769,1.617896,0.000000
40848,0,0.117856,0.809689,23,0,1000.000,2.061093,0.000000
40848,1,0.119064,0.858103,31,0,1000.000,1.687691,0.000000
40848,2,0.113833,0.837420,30,0,1000.000,1.950862,0.000000
40848,3,0.131210,0.859304,19,0,1000.000,1.858628,0.000000
40848,4,0.126097,0.822564,32,1,990.250,2.196288,0.000000
40848,5,0.120836,0.849624,23,1,978.304,1.763244,0.000000
40848,6,0.124646,0.840224,23,0,1000.000,1.896685,0.000000
40848,7,0.146457,0.830416,28,2,986.821,1.752283,0.000000
40896,0,0.117856,0.852504,19,0,1000.000,1.974636,0.000000
40896,1,0.119064,0.871323,31,0,1000.000,1.632489,0.000000
40896,2,0.113833,0.836736,31,0,1000.000,2.123929,0.000000
40896,3,0.131210,0.854483,22,0,1000.000,1.753564,0.000000
40896,4,0.126097,0.859894,30,0,1000.000,1.675138,0.000000
40896,5,0.120836,0.854100,29,0,1000.000,1.745999,0.000000
40896,6,0.124646,0.800013,24,2,952.750,1.887576,0.000000
40896,7,0.146457,0.780217,39,5,940.949,1.893592,0.000000
40944,0,0.117856,0.840782,26,1,983.692,1.748960,0.000000
40944,1,0.119064,0.848947,28,0,1000.000,1.674947,0.000000
40944,2,0.113833,0.841268,21,0,1000.000,1.848490,0.000000
40944,3,0.131210,0.852789,34,0,1000.000,1.993458,0.000000
40944,4,0.126097,0.868342,29,0,1000.000,1.678763,0.000000
40944,5,0.120836,0.840622,27,0,1000.000,1.958166,0.000000
40944,6,0.124646,0.740724,33,3,925.970,2.004579,0.000000
40944,7,0.146457,0.814642,24,1,973.375,2.127858,0.000000
40992,0,0.117856,0.828043,19,1,960.947,1.999209,0.000000
40992,1,0.119064,0.853529,25,0,1000.000,1.847441,0.000000
40992,2,0.113833,0.863568,25,0,1000.000,1.878492,0.000000
40992,3,0.131210,0.850945,21,0,1000.000,1.896246,0.000000
40992,4,0.126097,0.813936,24,0,1000.000,2.214473,0.000000
40992,5,0.120836,0.853570,20,0,1000.000,1.681119,0.000000
40992,6,0.124646,0.781232,29,3,937.759,2.097174,0.000000
40992,7,0.146457,0.723774,31,7,840.032,1.484321,0.000000
41040,0,0.117856,0.841774,12,0,1000.000,1.866669,0.000000
41040,1,0.119064,0.833167,9,0,1000.000,2.025326,0.000000
41040,2,0.113833,0.855537,27,0,1000.000,1.718684,0.000000
41040,3,0.131210,0.790604,26,1,962.731,2.206833,0.000000
41040,4,0.126097,0.835695,28,0,1000.000,2.056992,0.000000
41040,5,0.120836,0.809877,26,1,973.615,2.007152,0.000000
41040,6,0.124646,0.831461,19,0,1000.000,1.894214,0.000000
41040,7,0.146457,0.743793,25,5,883.400,1.844323,0.000000
41088,0,0.117856,0.878381,27,0,1000.000,1.450576,0.000000
41088,1,0.119064,0.870524,16,0,1000.000,1.478239,0.000000
41088,2,0.113833,0.834637,12,0,1000.000,2.052059,0.000000
41088,3,0.131210,0.855217,19,0,1000.000,1.676744,0.000000
41088,4,0.126097,0.850205,24,0,1000.000,2.027595,0.000000
41088,5,0.120836,0.859388,21,1,975.000,1.628610,0.000000
41088,6,0.124646,0.850358,21,0,1000.000,1.890170,0.000000
41088,7,0.146457,0.749381,23,4,906.043,1.916814,0.000000
41184,0,0.117856,0.828518,30,0,1000.000,1.891550,0.000000
41184,1,0.119064,0.861292,29,0,1000.000,1.736945,0.000000
41184,2,0.113833,0.835340,46,0,1000.000,2.146864,0.000000
41184,3,0.131210,0.869715,32,0,1000.000,1.480171,0.000000
41184,4,0.126097,0.859871,32,0,1000.000,1.776360,0.000000
41184,5,0.120836,0.835839,35,1,973.343,1.754891,0.000000
41184,6,0.124646,0.814702,50,3,952.680,2.008517,0.000000
41184,7,0.146457,0.695845,52,14,821.192,1.662478,0.000000
41232,0,0.117856,0.819418,19,2,942.053,1.573470,0.000000
41232,1,0.119064,0.851233,20,0,1000.000,1.840247,0.000000
41232,2,0.113833,0.832234,11,0,1000.000,1.808506,0.000000
41232,3,0.131210,0.842627,26,0,1000.000,1.899220,0.000000
41232,4,0.126097,0.858862,16,0,1000.000,2.029044,0.000000
41232,5,0.120836,0.829712,19,0,1000.000,1.976815,0.000000
41232,6,0.124646,0.897599,12,0,1000.000,1.211545,0.000000
41232,7,0.146457,0.798251,23,1,960.435,2.125818,0.000000
41280,0,0.117856,0.873562,18,0,1000.000,1.441929,0.000000
41280,1,0.119064,0.876534,10,0,1000.000,1.559972,0.000000
41280,2,0.113833,0.839797,17,0,1000.000,1.861714,0.000000
41280,3,0.131210,0.825411,28,0,1000.000,2.137650,0.000000
41280,4,0.126097,0.848176,21,0,1000.000,1.799662,0.000000
41280,5,0.120836,0.846414,16,0,1000.000,1.998990,0.000000
41280,6,0.124646,0.867295,25,0,1000.000,1.812506,0.000000
41280,7,0.146457,0.791108,31,4,910.387,1.705375,0.000000
41328,0,0.117856,0.806190,19,0,1000.000,2.073945,0.000000
41328,1,0.119064,0.821015,17,0,1000.000,1.985561,0.000000
41328,2,0.113833,0.859639,21,0,1000.000,1.849382,0.000000
41328,3,0.131210,0.859718,24,0,1000.000,1.986917,0.000000
41328,4,0.126097,0.859874,19,0,1000.000,1.726082,0.000000
41328,5,0.120836,0.859592,21,0,1000.000,1.701742,0.000000
41328,6,0.124646,0.848144,21,1,972.476,1.489981,0.000000
41328,7,0.146457,0.692743,23,4,879.435,1.996460,0.000000
41376,0,0.117856,0.833390,20,1,955.800,1.613251,0.000000
41376,1,0.119064,0.883045,27,0,1000.000,1.212985,0.000000
41376,2,0.113833,0.852223,19,0,1000.000,1.786091,0.000000
41376,3,0.131210,0.826942,26,0,1000.000,1.938913,0.000000
41376,4,0.126097,0.855082,25,0,1000.000,1.596671,0.000000
41376,5,0.120836,0.815832,18,0,1000.000,2.327935,0.000000
41376,6,0.124646,0.851665,24,0,1000.000,1.981508,0.000000
41376,7,0.146457,0.736025,33,5,893.849,1.928044,0.000000
41424,0,0.117856,0.812304,19,0,1000.000,2.284699,0.000000
41424,1,0.119064,0.860294,24,0,1000.000,1.857655,0.000000
41424,2,0.113833,0.867050,16,0,1000.000,1.567315,0.000000
41424,3,0.131210,0.847115,19,0,1000.000,2.014694,0.000000
41424,4,0.126097,0.830315,19,1,984.789,1.984295,0.000000
41424,5,0.120836,0.873828,28,0,1000.000,1.566463,0.000000
41424,6,0.124646,0.814787,37,3,962.513,1.643317,0.000000
41424,7,0.146457,0.760195,38,6,886.053,1.892886,0.000000
41472,0,0.117856,0.819147,24,0,1000.000,2.090897,0.000000
41472,1,0.119064,0.825633,17,1,995.471,1.759723,0.000000
41472,2,0.113833,0.822465,17,0,1000.000,2.096900,0.000000
41472,3,0.131210,0.813617,17,0,1000.000,1.726761,0.000000
41472,4,0.126097,0.803713,19,1,949.895,1.752633,0.000000
41472,5,0.120836,0.793828,26,0,1000.000,1.997774,0.000000
41472,6,0.124646,0.842879,18,0,1000.000,2.236307,0.000000
41472,7,0.146457,0.769961,24,3,929.583,1.842389,0.000000
41520,0,0.117856,0.844288,34,1,972.676,1.960487,0.000000
41520,1,0.119064,0.801956,22,0,1000.000,2.134017,0.000000
41520,2,0.113833,0.855376,14,0,1000.000,1.518902,0.000000
41520,3,0.131210,0.832359,20,0,1000.000,1.737767,0.000000
41520,4,0.126097,0.842923,27,0,1000.000,1.866344,0.000000
41520,5,0.120836,0.833111,31,1,969.419,1.637248,0.000000
41520,6,0.124646,0.846758,35,0,1000.000,1.854984,0.000000
41520,7,0.146457,0.827106,32,0,1000.000,2.147537,0.000000
41568,0,0.117856,0.849836,25,0,1000.000,1.887427,0.000000
41568,1,0.119064,0.824357,30,0,1000.000,2.100328,0.000000
41568,2,0.113833,0.834810,38,0,1000.000,1.994823,0.000000
41568,3,0.131210,0.862675,25,0,1000.000,1.694549,0.000000
41568,4,0.126097,0.802644,29,0,1000.000,2.044207,0.000000
41568,5,0.120836,0.807530,30,0,1000.000,2.044847,0.000000
41568,6,0.124646,0.785355,37,2,968.351,2.151076,0.000000
41568,7,0.146457,0.813513,45,4,971.511,1.944154,0.000000
41616,0,0.117856,0.859768,34,0,1000.000,1.492423,0.000000
41616,1,0.119064,0.867532,33,1,986.333,1.548529,0.000000
41616,2,0.113833,0.871809,33,0,1000.000,1.633401,0.000000
41616,3,0.131210,0.845832,41,0,1000.000,1.730294,0.000000
41616,4,0.126097,0.861726,35,0,1000.000,1.734426,0.000000
41616,5,0.120836,0.857222,30,0,1000.000,1.698618,0.000000
41616,6,0.124646,0.840813,34,0,1000.000,1.866433,0.000000
41616,7,0.146457,0.791165,51,3,960.373,1.993822,0.000000
41664,0,0.117856,0.820771,26,1,971.154,1.868014,0.000000
41664,1,0.119064,0.830254,33,0,1000.000,2.028460,0.000000
41664,2,0.113833,0.858028,20,0,1000.000,1.681615,0.000000
41664,3,0.131210,0.866583,23,0,1000.000,1.858901,0.000000
41664,4,0.126097,0.820905,23,0,1000.000,1.940785,0.000000
41664,5,0.120836,0.833408,34,0,1000.000,2.103579,0.000000
41664,6,0.124646,0.841937,27,0,1000.000,2.090209,0.000000
41664,7,0.146457,0.816946,36,1,982.500,2.252876,0.000000
41712,0,0.117856,0.838998,36,0,1000.000,2.018739,0.000000
41712,1,0.119064,0.853482,34,0,1000.000,1.877161,0.000000
41712,2,0.113833,0.823306,22,0,1000.000,2.184367,0.000000
41712,3,0.131210,0.858358,33,0,1000.000,1.756098,0.000000
41712,4,0.126097,0.834934,26,0,1000.000,1.735360,0.000000
41712,5,0.120836,0.856903,24,0,1000.000,1.898497,0.000000
41712,6,0.124646,0.841072,16,0,1000.000,2.267913,0.000000
41712,7,0.146457,0.668691,42,10,828.429,1.607373,0.000000
41760,0,0.117856,0.841425,36,1,989.306,1.731487,0.000000
41760,1,0.119064,0.845112,23,0,1000.000,2.018222,0.000000
41760,2,0.113833,0.864721,27,0,1000.000,1.691647,0.000000
41760,3,0.131210,0.837407,31,0,1000.000,1.948452,0.000000
41760,4,0.126097,0.842361,22,0,1000.000,1.811482,0.000000
41760,5,0.120836,0.838098,22,0,1000.000,1.879359,0.000000
41760,6,0.124646,0.797741,42,1,978.405,1.951008,0.000000
41760,7,0.146457,0.838566,26,0,1000.000,2.067361,0.000000
41808,0,0.117856,0.867679,29,1,999.103,1.705026,0.000000
41808,1,0.119064,0.845493,23,0,1000.000,1.875821,0.000000
41808,2,0.113833,0.812978,26,0,1000.000,2.307153,0.000000
41808,3,0.131210,0.840195,27,0,1000.000,2.081826,0.000000
41808,4,0.126097,0.833678,26,0,1000.000,2.326989,0.000000
41808,5,0.120836,0.824324,37,1,974.000,1.927401,0.000000
41808,6,0.124646,0.828073,29,0,1000.000,2.104938,0.000000
41808,7,0.146457,0.861375,34,0,1000.000,1.731524,0.000000
41856,0,0.117856,0.896748,17,0,1000.000,1.409972,0.000000
41856,1,0.119064,0.851040,29,0,1000.000,1.744569,0.000000
41856,2,0.113833,0.845051,22,0,1000.000,2.202188,0.000000
41856,3,0.131210,0.848749,27,0,1000.000,1.990662,0.000000
41856,4,0.126097,0.841323,29,0,1000.000,1.964973,0.000000
41856,5,0.120836,0.882270,28,0,1000.000,1.631498,0.000000
41856,6,0.124646,0.834304,20,0,1000.000,2.119023,0.000000
41856,7,0.146457,0.797983,29,2,934.586,1.706122,0.000000
41904,0,0.117856,0.866064,28,0,1000.000,1.603199,0.000000
41904,1,0.119064,0.811177,24,0,1000.000,2.129844,0.000000
41904,2,0.113833,0.828054,23,0,1000.000,2.302760,0.000000
41904,3,0.131210,0.820390,30,0,1000.000,2.269794,0.000000
41904,4,0.126097,0.848126,32,0,1000.000,1.740390,0.000000
41904,5,0.120836,0.865976,32,0,1000.000,1.782290,0.000000
41904,6,0.124646,0.821753,34,2,943.529,1.691950,0.000000
41904,7,0.146457,0.761522,43,5,911.837,1.850990,0.000000
41952,0,0.117856,0.837874,23,0,1000.000,2.164935,0.000000
41952,1,0.119064,0.837209,35,0,1000.000,2.041121,0.000000
41952,2,0.113833,0.885998,20,0,1000.000,1.756577,0.000000
41952,3,0.131210,0.852886,26,0,1000.000,2.027599,0.000000
41952,4,0.126097,0.866864,17,0,1000.000,1.805202,0.000000
41952,5,0.120836,0.831575,20,1,988.750,2.097564,0.000000
41952,6,0.124646,0.846328,23,0,1000.000,2.202862,0.000000
41952,7,0.146457,0.767230,35,3,926.800,1.965393,0.000000
42000,0,0.117856,0.827130,25,1,995.360,2.005246,0.000000
42000,1,0.119064,0.817463,25,0,1000.000,2.034850,0.000000
42000,2,0.113833,0.878149,27,0,1000.000,1.734867,0.000000
42000,3,0.131210,0.875172,22,0,1000.000,1.605086,0.000000
42000,4,0.126097,0.844865,20,0,1000.000,2.073757,0.000000
42000,5,0.120836,0.811452,19,0,1000.000,2.207939,0.000000
42000,6,0.124646,0.861393,27,0,1000.000,1.819773,0.000000
42000,7,0.146457,0.806859,29,1,967.862,1.867864,0.000000
42048,0,0.117856,0.852699,26,0,1000.000,2.066292,0.000000
42048,1,0.119064,0.845698,12,0,1000.000,2.184031,0.000000
42048,2,0.113833,0.822678,16,0,1000.000,2.042111,0.000000
42048,3,0.131210,0.844967,23,0,1000.000,2.077615,0.000000
42048,4,0.126097,0.877911,21,0,1000.000,1.716434,0.000000
42048,5,0.120836,0.863842,17,0,1000.000,1.849500,0.000000
42048,6,0.124646,0.841805,20,0,1000.000,1.957786,0.000000
42048,7,0.146457,0.749876,25,3,894.640,1.979897,0.000000
42096,0,0.117856,0.829418,18,0,1000.000,2.177119,0.000000
42096,1,0.119064,0.872334,21,0,1000.000,1.752433,0.000000
42096,2,0.113833,0.850900,16,0,1000.000,1.783835,0.000000
42096,3,0.131210,0.828269,23,0,1000.000,2.209661,0.000000
42096,4,0.126097,0.795572,20,0,1000.000,2.092147,0.000000
42096,5,0.120836,0.858962,17,0,1000.000,2.037960,0.000000
42096,6,0.124646,0.889256,21,0,1000.000,1.597715,0.000000
42096,7,0.146457,0.768721,25,2,940.440,2.218264,0.000000
42144,0,0.117856,0.869497,21,0,1000.000,1.652672,0.000000
42144,1,0.119064,0.860282,13,0,1000.000,1.945944,0.000000
42144,2,0.113833,0.880039,17,0,1000.000,1.488389,0.000000
42144,3,0.131210,0.841702,15,0,1000.000,1.803251,0.000000
42144,4,0.126097,0.871999,16,0,1000.000,1.754296,0.000000
42144,5,0.120836,0.842782,23,0,1000.000,2.159459,0.000000
42144,6,0.124646,0.839911,26,0,1000.000,2.094240,0.000000
42144,7,0.146457,0.825974,22,0,1000.000,2.096513,0.000000
42192,0,0.117856,0.841283,14,0,1000.000,2.088871,0.000000
42192,1,0.119064,0.818566,19,0,1000.000,2.273237,0.000000
42192,2,0.113833,0.879969,18,0,1000.000,1.989575,0.000000
42192,3,0.131210,0.863869,25,0,1000.000,1.789113,0.000000
42192,4,0.126097,0.830097,19,0,1000.000,2.070096,0.000000
42192,5,0.120836,0.830416,14,0,1000.000,2.069792,0.000000
42192,6,0.124646,0.847964,19,0,1000.000,1.798680,0.000000
42192,7,0.146457,0.778431,17,1,964.706,2.349588,0.000000
42240,0,0.117856,0.837361,20,0,1000.000,1.839347,0.000000
42240,1,0.119064,0.878387,17,0,1000.000,1.781193,0.000000
42240,2,0.113833,0.854273,14,0,1000.000,1.957644,0.000000
42240,3,0.131210,0.836308,22,0,1000.000,2.172647,0.000000
42240,4,0.126097,0.851518,12,0,1000.000,1.984087,0.000000
42240,5,0.120836,0.842329,14,0,1000.000,2.264318,0.000000
42240,6,0.124646,0.874701,17,0,1000.000,1.950370,0.000000
42240,7,0.146457,0.827883,21,0,1000.000,2.187091,0.000000
42288,0,0.117856,0.872652,15,0,1000.000,1.541600,0.000000
42288,1,0.119064,0.833021,17,0,1000.000,2.036993,0.000000
42288,2,0.113833,0.843725,24,0,1000.000,2.153835,0.000000
42288,3,0.131210,0.862895,18,0,1000.000,1.802707,0.000000
42288,4,0.126097,0.837269,29,0,1000.000,2.327576,0.000000
42288,5,0.120836,0.866759,17,0,1000.000,1.461397,0.000000
42288,6,0.124646,0.855382,15,0,1000.000,1.917017,0.000000
42288,7,0.146457,0.769985,29,2,937.448,2.199424,0.000000
42336,0,0.117856,0.827826,28,0,1000.000,2.189791,0.000000
42336,1,0.119064,0.830036,21,0,1000.000,2.282722,0.000000
42336,2,0.113833,0.845936,20,0,1000.000,1.910249,0.000000
42336,3,0.131210,0.805158,16,0,1000.000,2.089016,0.000000
42336,4,0.126097,0.866062,11,0,1000.000,1.814406,0.000000
42336,5,0.120836,0.864821,15,0,1000.000,2.038585,0.000000
42336,6,0.124646,0.851986,29,0,1000.000,2.177741,0.000000
42336,7,0.146457,0.879238,23,0,1000.000,1.650851,0.000000
42384,0,0.117856,0.816881,30,0,1000.000,1.817990,0.000000
42384,1,0.119064,0.843811,30,0,1000.000,1.743789,0.000000
42384,2,0.113833,0.881687,26,0,1000.000,1.537209,0.000000
42384,3,0.131210,0.850921,20,0,1000.000,1.928958,0.000000
42384,4,0.126097,0.863422,25,0,1000.000,2.020510,0.000000
42384,5,0.120836,0.883545,27,0,1000.000,1.643089,0.000000
42384,6,0.124646,0.840387,15,0,1000.000,1.846790,0.000000
42384,7,0.146457,0.863742,27,0,1000.000,1.791312,0.000000
42432,0,0.117856,0.870953,26,0,1000.000,1.509427,0.000000
42432,1,0.119064,0.852089,24,0,1000.000,1.817571,0.000000
42432,2,0.113833,0.852389,16,0,1000.000,2.203941,0.000000
42432,3,0.131210,0.859134,34,0,1000.000,1.897991,0.000000
42432,4,0.126097,0.839606,23,0,1000.000,2.175948,0.000000
42432,5,0.120836,0.815891,25,0,1000.000,2.317571,0.000000
42432,6,0.124646,0.805392,22,1,959.273,1.669071,0.000000
42432,7,0.146457,0.813804,25,0,1000.000,2.452801,0.000000
42480,0,0.117856,0.844745,18,1,983.500,2.304577,0.000000
42480,1,0.119064,0.869543,21,0,1000.000,1.796028,0.000000
42480,2,0.113833,0.886992,16,0,1000.000,1.401550,0.000000
42480,3,0.131210,0.807453,24,0,1000.000,2.198361,0.000000
42480,4,0.126097,0.851644,29,0,1000.000,1.817776,0.000000
42480,5,0.120836,0.866984,19,0,1000.000,2.022571,0.000000
42480,6,0.124646,0.884075,22,0,1000.000,1.347126,0.000000
42480,7,0.146457,0.850642,26,0,1000.000,1.817070,0.000000
42528,0,0.117856,0.871373,19,0,1000.000,1.807178,0.000000
42528,1,0.119064,0.854009,22,0,1000.000,2.147207,0.000000
42528,2,0.113833,0.813959,25,0,1000.000,2.243938,0.000000
42528,3,0.131210,0.861427,29,0,1000.000,2.038231,0.000000
42528,4,0.126097,0.877191,23,0,1000.000,1.640331,0.000000
42528,5,0.120836,0.852925,22,0,1000.000,1.998437,0.000000
42528,6,0.124646,0.878847,23,0,1000.000,1.536461,0.000000
42528,7,0.146457,0.849597,40,1,994.850,2.011379,0.000000
42576,0,0.117856,0.839162,30,0,1000.000,2.280158,0.000000
42576,1,0.119064,0.836478,39,0,1000.000,2.306120,0.000000
42576,2,0.113833,0.877662,31,0,1000.000,1.792302,0.000000
42576,3,0.131210,0.852830,30,0,1000.000,1.947411,0.000000
42576,4,0.126097,0.849950,32,0,1000.000,2.086205,0.000000
42576,5,0.120836,0.868392,35,0,1000.000,1.893924,0.000000
42576,6,0.124646,0.864615,37,0,1000.000,1.801178,0.000000
42576,7,0.146457,0.780729,39,3,929.744,2.028405,0.000000
42624,0,0.117856,0.885325,30,1,989.300,1.664601,0.000000
42624,1,0.119064,0.820404,47,0,1000.000,2.299505,0.000000
42624,2,0.113833,0.860028,33,0,1000.000,1.800087,0.000000
42624,3,0.131210,0.824283,38,0,1000.000,1.982298,0.000000
42624,4,0.126097,0.857722,33,0,1000.000,2.023604,0.000000
42624,5,0.120836,0.860185,22,0,1000.000,2.054939,0.000000
42624,6,0.124646,0.854594,33,0,1000.000,1.983554,0.000000
42624,7,0.146457,0.790331,51,4,945.765,1.898174,0.000000
42672,0,0.117856,0.832264,31,0,1000.000,2.116724,0.000000
42672,1,0.119064,0.844224,28,0,1000.000,2.007596,0.000000
42672,2,0.113833,0.854549,11,0,1000.000,2.035863,0.000000
42672,3,0.131210,0.848297,30,0,1000.000,1.795250,0.000000
42672,4,0.126097,0.827111,32,0,1000.000,2.220813,0.000000
42672,5,0.120836,0.810413,18,0,1000.000,2.167665,0.000000
42672,6,0.124646,0.824694,25,0,1000.000,2.092944,0.000000
42672,7,0.146457,0.793501,45,4,943.444,1.986847,0.000000
42720,0,0.117856,0.840933,35,0,1000.000,1.900109,0.000000
42720,1,0.119064,0.810207,29,0,1000.000,2.343650,0.000000
42720,2,0.113833,0.874032,20,0,1000.000,1.837392,0.000000
42720,3,0.131210,0.862534,27,0,1000.000,2.098577,0.000000
42720,4,0.126097,0.845631,31,0,1000.000,2.067389,0.000000
42720,5,0.120836,0.840878,25,0,1000.000,1.983983,0.000000
42720,6,0.124646,0.856241,34,0,1000.000,1.879785,0.000000
42720,7,0.146457,0.849340,34,0,1000.000,2.128991,0.000000
42768,0,0.117856,0.838349,23,1,973.000,1.853436,0.000000
42768,1,0.119064,0.817675,29,0,1000.000,2.299860,0.000000
42768,2,0.113833,0.866863,20,0,1000.000,1.751970,0.000000
42768,3,0.131210,0.853220,44,0,1000.000,1.919658,0.000000
42768,4,0.126097,0.863154,27,0,1000.000,1.971830,0.000000
42768,5,0.120836,0.787899,20,1,952.750,2.209729,0.000000
42768,6,0.124646,0.870704,30,0,1000.000,1.907148,0.000000
42768,7,0.146457,0.849221,32,0,1000.000,2.005107,0.000000
42816,0,0.117856,0.848566,27,0,1000.000,1.987096,0.000000
42816,1,0.119064,0.835597,27,0,1000.000,2.280357,0.000000
42816,2,0.113833,0.848869,21,0,1000.000,1.753238,0.000000
42816,3,0.131210,0.867076,27,0,1000.000,1.739165,0.000000
42816,4,0.126097,0.874076,19,0,1000.000,1.683561,0.000000
42816,5,0.120836,0.851237,25,0,1000.000,1.880269,0.000000
42816,6,0.124646,0.829870,27,1,967.148,2.003607,0.000000
42816,7,0.146457,0.804885,41,3,946.951,1.878435,0.000000
42864,0,0.117856,0.866911,18,0,1000.000,1.878657,0.000000
42864,1,0.119064,0.859703,29,0,1000.000,1.877449,0.000000
42864,2,0.113833,0.847874,23,0,1000.000,2.030400,0.000000
42864,3,0.131210,0.851570,32,0,1000.000,1.797542,0.000000
42864,4,0.126097,0.875500,31,0,1000.000,1.713656,0.000000
42864,5,0.120836,0.815970,24,0,1000.000,2.280005,0.000000
42864,6,0.124646,0.867359,25,0,1000.000,2.008073,0.000000
42864,7,0.146457,0.837004,30,0,1000.000,2.119331,0.000000
42912,0,0.117856,0.882690,24,0,1000.000,1.594687,0.000000
42912,1,0.119064,0.854029,29,0,1000.000,1.800854,0.000000
42912,2,0.113833,0.870920,22,0,1000.000,1.830022,0.000000
42912,3,0.131210,0.842975,30,0,1000.000,2.146404,0.000000
42912,4,0.126097,0.829540,28,0,1000.000,2.218558,0.000000
42912,5,0.120836,0.829631,29,0,1000.000,2.188436,0.000000
42912,6,0.124646,0.823435,43,1,978.023,2.092803,0.000000
42912,7,0.146457,0.830199,35,2,972.514,1.876149,0.000000
43008,0,0.117856,0.827022,50,1,987.220,2.178840,0.000000
43008,1,0.119064,0.853872,44,0,1000.000,1.936300,0.000000
43008,2,0.113833,0.856058,37,0,1000.000,1.797658,0.000000
43008,3,0.131210,0.846289,50,0,1000.000,2.057185,0.000000
43008,4,0.126097,0.852738,53,0,1000.000,2.018938,0.000000
43008,5,0.120836,0.849454,43,0,1000.000,2.176821,0.000000
43008,6,0.124646,0.845131,51,1,983.255,1.959757,0.000000
43008,7,0.146457,0.778403,62,5,925.806,2.023501,0.000000
43056,0,0.117856,0.853192,25,0,1000.000,1.904103,0.000000
43056,1,0.119064,0.870812,13,0,1000.000,1.411453,0.000000
43056,2,0.113833,0.840455,26,0,1000.000,1.835605,0.000000
43056,3,0.131210,0.837848,23,0,1000.000,1.867871,0.000000
43056,4,0.126097,0.877528,18,0,1000.000,1.616907,0.000000
43056,5,0.120836,0.813978,18,0,1000.000,2.118079,0.000000
43056,6,0.124646,0.814768,18,1,948.333,1.501419,0.000000
43056,7,0.146457,0.873856,24,0,1000.000,1.833620,0.000000
43104,0,0.117856,0.845249,12,1,973.417,1.730899,0.000000
43104,1,0.119064,0.859291,23,0,1000.000,1.702126,0.000000
43104,2,0.113833,0.842239,12,0,1000.000,2.169513,0.000000
43104,3,0.131210,0.870411,19,0,1000.000,2.022994,0.000000
43104,4,0.126097,0.843974,23,0,1000.000,2.097082,0.000000
43104,5,0.120836,0.844822,18,0,1000.000,2.445812,0.000000
43104,6,0.124646,0.783930,12,0,1000.000,2.605393,0.000000
43104,7,0.146457,0.786353,33,3,929.667,2.126216,0.000000
43152,0,0.117856,0.846262,20,2,965.300,1.761337,0.000000
43152,1,0.119064,0.850973,19,0,1000.000,1.855069,0.000000
43152,2,0.113833,0.854150,18,0,1000.000,1.733338,0.000000
43152,3,0.131210,0.821586,17,1,944.235,1.831729,0.000000
43152,4,0.126097,0.830882,19,0,1000.000,2.211063,0.000000
43152,5,0.120836,0.831840,19,0,1000.000,2.036711,0.000000
43152,6,0.124646,0.856466,23,0,1000.000,2.250245,0.000000
43152,7,0.146457,0.832728,19,0,1000.000,2.302229,0.000000
43200,0,0.117856,0.871400,15,1,951.000,1.834818,0.000000
43200,1,0.119064,0.870764,23,0,1000.000,1.722341,0.000000
43200,2,0.113833,0.857960,21,0,1000.000,1.829362,0.000000
43200,3,0.131210,0.844426,18,0,1000.000,1.913252,0.000000
43200,4,0.126097,0.823048,17,0,1000.000,2.291185,0.000000
43200,5,0.120836,0.895715,16,0,1000.000,1.263264,0.000000
43200,6,0.124646,0.880286,16,0,1000.000,1.688956,0.000000
43200,7,0.146457,0.798996,21,2,944.810,1.957142,0.000000
43248,0,0.143762,0.830521,16,0,1000.000,2.011402,0.000000
43248,1,0.129904,0.879371,10,0,1000.000,2.129415,0.000000
43248,2,0.150294,0.851952,13,0,1000.000,2.169692,0.000000
43248,3,0.118159,0.864105,20,0,1000.000,2.088331,0.000000
43248,4,0.128354,0.835612,21,0,1000.000,2.205987,0.000000
43248,5,0.127245,0.861952,17,0,1000.000,1.941900,0.000000
43248,6,0.123403,0.870187,20,0,1000.000,1.965593,0.000000
43248,7,0.078878,0.786195,21,1,956.000,2.168995,0.000000
43296,0,0.143762,0.861136,21,0,1000.000,1.830581,0.000000
43296,1,0.129904,0.876709,25,0,1000.000,1.688284,0.000000
43296,2,0.150294,0.865521,29,0,1000.000,1.845333,0.000000
43296,3,0.118159,0.833637,21,0,1000.000,2.160529,0.000000
43296,4,0.128354,0.819295,27,0,1000.000,2.625036,0.000000
43296,5,0.127245,0.860928,18,0,1000.000,2.178191,0.000000
43296,6,0.123403,0.856964,19,0,1000.000,2.112889,0.000000
43296,7,0.078878,0.808254,17,1,950.235,2.329928,0.000000
43344,0,0.143762,0.857112,28,0,1000.000,1.938431,0.000000
43344,1,0.129904,0.861990,17,0,1000.000,1.630702,0.000000
43344,2,0.150294,0.855814,28,0,1000.000,1.918948,0.000000
43344,3,0.118159,0.859041,21,0,1000.000,1.940096,0.000000
43344,4,0.128354,0.856434,21,0,1000.000,2.125670,0.000000
43344,5,0.127245,0.839608,28,0,1000.000,2.072564,0.000000
43344,6,0.123403,0.858952,18,1,982.444,2.002178,0.000000
43344,7,0.078878,0.889197,9,0,1000.000,1.611832,0.000000
43392,0,0.143762,0.870164,24,0,1000.000,1.670757,0.000000
43392,1,0.129904,0.857884,27,0,1000.000,1.979386,0.000000
43392,2,0.150294,0.845667,30,0,1000.000,1.956022,0.000000
43392,3,0.118159,0.821349,24,0,1000.000,2.207615,0.000000
43392,4,0.128354,0.841965,19,0,1000.000,1.956367,0.000000
43392,5,0.127245,0.834066,22,1,956.182,1.540930,0.000000
43392,6,0.123403,0.867923,30,0,1000.000,1.943583,0.000000
43392,7,0.078878,0.740375,19,3,903.947,1.782063,0.000000
43440,0,0.143762,0.847112,25,0,1000.000,2.214564,0.000000
43440,1,0.129904,0.856719,18,0,1000.000,1.927299,0.000000
43440,2,0.150294,0.858818,31,0,1000.000,1.860031,0.000000
43440,3,0.118159,0.787388,25,0,1000.000,2.590776,0.000000
43440,4,0.128354,0.859668,23,0,1000.000,1.936071,0.000000
43440,5,0.127245,0.837216,13,0,1000.000,2.183033,0.000000
43440,6,0.123403,0.846777,28,0,1000.000,2.164099,0.000000
43440,7,0.078878,0.853847,22,1,985.091,1.886504,0.000000
43536,0,0.143762,0.866607,47,0,1000.000,1.756063,0.000000
43536,1,0.129904,0.840287,54,0,1000.000,2.160496,0.000000
43536,2,0.150294,0.856041,62,0,1000.000,1.887094,0.000000
43536,3,0.118159,0.852657,51,0,1000.000,2.072210,0.000000
43536,4,0.128354,0.853779,51,0,1000.000,2.043406,0.000000
43536,5,0.127245,0.836345,41,0,1000.000,2.100662,0.000000
43536,6,0.123403,0.854779,53,0,1000.000,2.082216,0.000000
43536,7,0.078878,0.823953,42,1,978.262,2.044258,0.000000
43584,0,0.143762,0.864603,39,0,1000.000,1.767068,0.000000
43584,1,0.129904,0.855425,35,0,1000.000,2.047412,0.000000
43584,2,0.150294,0.836471,45,0,1000.000,1.987236,0.000000
43584,3,0.118159,0.873941,30,0,1000.000,1.795557,0.000000
43584,4,0.128354,0.835150,33,0,1000.000,2.140354,0.000000
43584,5,0.127245,0.852213,39,0,1000.000,2.008809,0.000000
43584,6,0.123403,0.838626,27,0,1000.000,2.125149,0.000000
43584,7,0.078878,0.850179,13,0,1000.000,2.399244,0.000000
43632,0,0.143762,0.848538,47,1,992.255,1.976549,0.000000
43632,1,0.129904,0.846714,33,0,1000.000,1.955043,0.000000
43632,2,0.150294,0.841374,41,0,1000.000,2.009784,0.000000
43632,3,0.118159,0.843499,39,0,1000.000,2.007036,0.000000
43632,4,0.128354,0.876029,33,0,1000.000,1.856891,0.000000
43632,5,0.127245,0.851271,36,0,1000.000,2.166705,0.000000
43632,6,0.123403,0.863728,23,0,1000.000,1.812539,0.000000
43632,7,0.078878,0.816976,25,1,963.000,2.310635,0.000000
43680,0,0.143762,0.869501,32,1,975.375,1.607373,0.000000
43680,1,0.129904,0.864470,30,0,1000.000,2.113400,0.000000
43680,2,0.150294,0.847274,31,0,1000.000,1.881896,0.000000
43680,3,0.118159,0.874906,31,0,1000.000,1.555379,0.000000
43680,4,0.128354,0.853086,37,0,1000.000,1.838106,0.000000
43680,5,0.127245,0.842571,30,0,1000.000,2.050390,0.000000
43680,6,0.123403,0.866411,18,0,1000.000,1.976276,0.000000
43680,7,0.078878,0.869101,16,0,1000.000,1.862352,0.000000
43728,0,0.143762,0.849298,30,0,1000.000,2.015941,0.000000
43728,1,0.129904,0.851739,36,0,1000.000,2.026574,0.000000
43728,2,0.150294,0.838516,32,0,1000.000,2.126422,0.000000
43728,3,0.118159,0.828911,27,0,1000.000,2.155806,0.000000
43728,4,0.128354,0.851370,28,0,1000.000,2.160348,0.000000
43728,5,0.127245,0.868406,33,0,1000.000,1.707335,0.000000
43728,6,0.123403,0.850015,28,0,1000.000,2.107002,0.000000
43728,7,0.078878,0.819033,13,0,1000.000,2.220420,0.000000
43776,0,0.143762,0.861325,31,0,1000.000,1.873667,0.000000
43776,1,0.129904,0.859465,26,0,1000.000,2.207658,0.000000
43776,2,0.150294,0.869501,37,0,1000.000,1.678982,0.000000
43776,3,0.118159,0.869967,28,0,1000.000,1.636829,0.000000
43776,4,0.128354,0.854761,29,0,1000.000,1.817700,0.000000
43776,5,0.127245,0.874441,37,0,1000.000,2.045258,0.000000
43776,6,0.123403,0.839212,32,0,1000.000,2.276410,0.000000
43776,7,0.078878,0.856899,15,1,993.533,1.848572,0.000000
43824,0,0.143762,0.854360,40,1,980.550,1.844810,0.000000
43824,1,0.129904,0.858547,33,0,1000.000,2.019292,0.000000
43824,2,0.150294,0.859349,23,0,1000.000,1.963409,0.000000
43824,3,0.118159,0.879241,20,0,1000.000,1.759176,0.000000
43824,4,0.128354,0.792383,21,1,954.095,1.756946,0.000000
43824,5,0.127245,0.848754,33,0,1000.000,2.081066,0.000000
43824,6,0.123403,0.858186,23,1,983.261,1.948136,0.000000
43824,7,0.078878,0.879492,11,0,1000.000,1.765222,0.000000
43872,0,0.143762,0.858836,34,1,977.735,1.956974,0.000000
43872,1,0.129904,0.855022,41,0,1000.000,1.947318,0.000000
43872,2,0.150294,0.839232,37,0,1000.000,2.254975,0.000000
43872,3,0.118159,0.850054,30,0,1000.000,1.991075,0.000000
43872,4,0.128354,0.828348,19,1,949.368,1.596892,0.000000
43872,5,0.127245,0.861577,25,0,1000.000,2.059744,0.000000
43872,6,0.123403,0.846377,21,0,1000.000,2.026752,0.000000
43872,7,0.078878,0.796419,13,1,926.462,1.719154,0.000000
43920,0,0.143762,0.852569,36,0,1000.000,2.120869,0.000000
43920,1,0.129904,0.859027,40,0,1000.000,1.966449,0.000000
43920,2,0.150294,0.874116,22,0,1000.000,1.483595,0.000000
43920,3,0.118159,0.864889,24,0,1000.000,2.206548,0.000000
43920,4,0.128354,0.862079,37,0,1000.000,2.219052,0.000000
43920,5,0.127245,0.855684,26,0,1000.000,2.093099,0.000000
43920,6,0.123403,0.865449,30,0,1000.000,1.809917,0.000000
43920,7,0.078878,0.835720,14,0,1000.000,2.305902,0.000000
43968,0,0.143762,0.870548,29,0,1000.000,1.840443,0.000000
43968,1,0.129904,0.864384,29,0,1000.000,2.004363,0.000000
43968,2,0.150294,0.869312,27,0,1000.000,1.683215,0.000000
43968,3,0.118159,0.846966,20,0,1000.000,2.113895,0.000000
43968,4,0.128354,0.855313,29,0,1000.000,2.117711,0.000000
43968,5,0.127245,0.830508,21,0,1000.000,2.057476,0.000000
43968,6,0.123403,0.879511,21,0,1000.000,1.860490,0.000000
43968,7,0.078878,0.763328,7,1,865.429,1.619943,0.000000
44016,0,0.143762,0.834581,33,1,973.697,2.022183,0.000000
44016,1,0.129904,0.836335,16,0,1000.000,2.452827,0.000000
44016,2,0.150294,0.884644,29,0,1000.000,1.648026,0.000000
44016,3,0.118159,0.810044,20,0,1000.000,2.487939,0.000000
44016,4,0.128354,0.819124,33,0,1000.000,2.420459,0.000000
44016,5,0.127245,0.843729,24,0,1000.000,2.284869,0.000000
44016,6,0.123403,0.829484,28,0,1000.000,2.466856,0.000000
44016,7,0.078878,0.860399,13,0,1000.000,2.123849,0.000000
44064,0,0.143762,0.860671,27,1,972.778,1.923024,0.000000
44064,1,0.129904,0.880670,17,0,1000.000,1.586459,0.000000
44064,2,0.150294,0.840656,25,0,1000.000,2.098221,0.000000
44064,3,0.118159,0.851364,22,0,1000.000,2.084237,0.000000
44064,4,0.128354,0.870961,17,0,1000.000,1.748121,0.000000
44064,5,0.127245,0.851052,19,0,1000.000,1.993979,0.000000
44064,6,0.123403,0.875199,17,0,1000.000,1.809324,0.000000
44064,7,0.078878,0.850779,22,0,1000.000,1.964698,0.000000
44112,0,0.143762,0.883493,29,1,978.828,1.533525,0.000000
44112,1,0.129904,0.838926,18,0,1000.000,2.063078,0.000000
44112,2,0.150294,0.870111,16,0,1000.000,2.071215,0.000000
44112,3,0.118159,0.891533,16,0,1000.000,1.585483,0.000000
44112,4,0.128354,0.874792,16,0,1000.000,1.761338,0.000000
44112,5,0.127245,0.867327,23,0,1000.000,1.982551,0.000000
44112,6,0.123403,0.869140,22,0,1000.000,1.791125,0.000000
44112,7,0.078878,0.881932,7,0,1000.000,1.924673,0.000000
44160,0,0.143762,0.868626,29,2,954.414,1.782752,0.000000
44160,1,0.129904,0.862061,14,0,1000.000,1.762087,0.000000
44160,2,0.150294,0.856235,20,0,1000.000,2.180276,0.000000
44160,3,0.118159,0.843773,17,0,1000.000,2.325558,0.000000
44160,4,0.128354,0.891024,21,0,1000.000,1.676946,0.000000
44160,5,0.127245,0.846365,24,0,1000.000,2.324806,0.000000
44160,6,0.123403,0.868865,21,0,1000.000,1.795709,0.000000
44160,7,0.078878,0.863667,13,0,1000.000,2.212793,0.000000
44208,0,0.143762,0.887033,27,0,1000.000,1.449077,0.000000
44208,1,0.129904,0.873117,20,0,1000.000,1.935820,0.000000
44208,2,0.150294,0.868249,11,0,1000.000,1.966289,0.000000
44208,3,0.118159,0.867418,19,0,1000.000,2.057383,0.000000
44208,4,0.128354,0.875834,19,0,1000.000,1.931900,0.000000
44208,5,0.127245,0.824373,18,0,1000.000,2.478757,0.000000
44208,6,0.123403,0.842236,18,0,1000.000,2.141923,0.000000
44208,7,0.078878,0.878561,9,0,1000.000,1.665021,0.000000
44256,0,0.143762,0.874803,20,0,1000.000,1.826265,0.000000
44256,1,0.129904,0.858680,23,0,1000.000,2.156761,0.000000
44256,2,0.150294,0.851646,29,0,1000.000,1.911092,0.000000
44256,3,0.118159,0.869186,18,0,1000.000,1.889555,0.000000
44256,4,0.128354,0.854965,15,0,1000.000,2.074986,0.000000
44256,5,0.127245,0.865114,22,0,1000.000,2.032402,0.000000
44256,6,0.123403,0.874858,16,0,1000.000,2.022727,0.000000
44256,7,0.078878,0.899452,5,0,1000.000,1.436249,0.000000
44304,0,0.143762,0.872919,26,0,1000.000,1.618249,0.000000
44304,1,0.129904,0.867767,21,0,1000.000,1.776227,0.000000
44304,2,0.150294,0.845967,25,0,1000.000,2.154920,0.000000
44304,3,0.118159,0.851979,16,0,1000.000,2.063800,0.000000
44304,4,0.128354,0.867691,17,0,1000.000,1.890428,0.000000
44304,5,0.127245,0.876959,29,0,1000.000,1.858957,0.000000
44304,6,0.123403,0.866200,17,0,1000.000,2.217138,0.000000
44304,7,0.078878,0.828650,17,1,956.059,1.737151,0.000000
44352,0,0.143762,0.872644,26,0,1000.000,1.675484,0.000000
44352,1,0.129904,0.881694,25,0,1000.000,1.677607,0.000000
44352,2,0.150294,0.865558,35,0,1000.000,1.605523,0.000000
44352,3,0.118159,0.850875,17,0,1000.000,1.931167,0.000000
44352,4,0.128354,0.876909,25,0,1000.000,2.014242,0.000000
44352,5,0.127245,0.870824,19,0,1000.000,1.690867,0.000000
44352,6,0.123403,0.866721,14,0,1000.000,1.858281,0.000000
44352,7,0.078878,0.883392,10,0,1000.000,1.628408,0.000000
44400,0,0.143762,0.860877,33,1,972.061,1.789308,0.000000
44400,1,0.129904,0.871013,28,0,1000.000,1.752658,0.000000
44400,2,0.150294,0.880273,32,0,1000.000,1.620500,0.000000
44400,3,0.118159,0.870576,14,0,1000.000,1.555956,0.000000
44400,4,0.128354,0.880393,30,0,1000.000,1.838922,0.000000
44400,5,0.127245,0.881432,20,0,1000.000,2.069077,0.000000
44400,6,0.123403,0.876504,22,0,1000.000,1.820673,0.000000
44400,7,0.078878,0.887880,19,0,1000.000,1.652598,0.000000
44448,0,0.143762,0.866390,30,0,1000.000,1.871162,0.000000
44448,1,0.129904,0.852615,20,0,1000.000,2.167754,0.000000
44448,2,0.150294,0.867867,28,0,1000.000,1.964261,0.000000
44448,3,0.118159,0.850570,29,0,1000.000,1.982598,0.000000
44448,4,0.128354,0.884294,15,0,1000.000,1.743846,0.000000
44448,5,0.127245,0.866573,16,0,1000.000,1.686668,0.000000
44448,6,0.123403,0.855302,27,0,1000.000,2.110985,0.000000
44448,7,0.078878,0.862872,16,1,963.000,1.665202,0.000000
44496,0,0.143762,0.875533,43,0,1000.000,1.669128,0.000000
44496,1,0.129904,0.879264,20,0,1000.000,1.974997,0.000000
44496,2,0.150294,0.853613,26,0,1000.000,2.263719,0.000000
44496,3,0.118159,0.879308,16,0,1000.000,1.840445,0.000000
44496,4,0.128354,0.880107,30,0,1000.000,1.528374,0.000000
44496,5,0.127245,0.878956,17,0,1000.000,1.886204,0.000000
44496,6,0.123403,0.861921,27,0,1000.000,2.194472,0.000000
44496,7,0.078878,0.828033,7,1,964.714,1.669247,0.000000
44544,0,0.143762,0.879774,37,0,1000.000,1.626347,0.000000
44544,1,0.129904,0.867293,20,0,1000.000,1.858356,0.000000
44544,2,0.150294,0.884452,36,0,1000.000,1.765893,0.000000
44544,3,0.118159,0.873990,29,0,1000.000,1.823407,0.000000
44544,4,0.128354,0.891764,26,0,1000.000,1.523401,0.000000
44544,5,0.127245,0.889397,45,0,1000.000,1.724718,0.000000
44544,6,0.123403,0.886916,25,0,1000.000,1.663648,0.000000
44544,7,0.078878,0.894886,20,0,1000.000,1.695808,0.000000
44592,0,0.143762,0.874019,35,0,1000.000,1.747503,0.000000
44592,1,0.129904,0.890353,31,0,1000.000,1.363663,0.000000
44592,2,0.150294,0.873530,41,0,1000.000,2.043180,0.000000
44592,3,0.118159,0.879610,34,0,1000.000,1.714364,0.000000
44592,4,0.128354,0.870931,25,0,1000.000,2.058988,0.000000
44592,5,0.127245,0.885835,37,0,1000.000,1.667185,0.000000
44592,6,0.123403,0.864660,31,1,984.065,1.971742,0.000000
44592,7,0.078878,0.866122,17,0,1000.000,2.052330,0.000000
44640,0,0.143762,0.889553,40,1,988.650,1.520940,0.000000
44640,1,0.129904,0.885119,36,0,1000.000,1.554286,0.000000
44640,2,0.150294,0.871712,48,0,1000.000,1.793728,0.000000
44640,3,0.118159,0.877131,33,0,1000.000,1.791609,0.000000
44640,4,0.128354,0.878582,30,0,1000.000,1.968488,0.000000
44640,5,0.127245,0.880135,31,0,1000.000,1.849355,0.000000
44640,6,0.123403,0.841235,35,1,975.600,2.104059,0.000000
44640,7,0.078878,0.888678,21,0,1000.000,1.557061,0.000000
44688,0,0.143762,0.879730,24,0,1000.000,1.761733,0.000000
44688,1,0.129904,0.866298,29,0,1000.000,2.068442,0.000000
44688,2,0.150294,0.884195,34,0,1000.000,1.614787,0.000000
44688,3,0.118159,0.869002,34,0,1000.000,1.726861,0.000000
44688,4,0.128354,0.889594,30,0,1000.000,1.640245,0.000000
44688,5,0.127245,0.855672,28,0,1000.000,1.914302,0.000000
44688,6,0.123403,0.878239,32,0,1000.000,1.714930,0.000000
44688,7,0.078878,0.892825,19,0,1000.000,1.883465,0.000000
44736,0,0.143762,0.885695,37,1,982.054,1.454854,0.000000
44736,1,0.129904,0.879802,29,0,1000.000,1.640166,0.000000
44736,2,0.150294,0.874160,27,0,1000.000,1.829405,0.000000
44736,3,0.118159,0.863857,20,0,1000.000,1.880846,0.000000
44736,4,0.128354,0.853367,20,0,1000.000,2.112482,0.000000
44736,5,0.127245,0.861916,32,0,1000.000,1.725214,0.000000
44736,6,0.123403,0.883455,34,0,1000.000,1.773387,0.000000
44736,7,0.078878,0.840249,26,2,961.115,1.741997,0.000000
44784,0,0.143762,0.881058,43,0,1000.000,1.577611,0.000000
44784,1,0.129904,0.890016,31,0,1000.000,1.680642,0.000000
44784,2,0.150294,0.882358,39,0,1000.000,1.579855,0.000000
44784,3,0.118159,0.874899,21,0,1000.000,2.240345,0.000000
44784,4,0.128354,0.874360,30,0,1000.000,1.771358,0.000000
44784,5,0.127245,0.860168,23,1,995.565,1.729253,0.000000
44784,6,0.123403,0.860171,31,0,1000.000,1.813115,0.000000
44784,7,0.078878,0.829860,18,2,912.000,1.148609,0.000000
44832,0,0.143762,0.888544,31,1,987.710,1.609846,0.000000
44832,1,0.129904,0.865547,31,0,1000.000,1.872676,0.000000
44832,2,0.150294,0.896806,31,0,1000.000,1.470164,0.000000
44832,3,0.118159,0.876394,22,0,1000.000,1.614262,0.000000
44832,4,0.128354,0.893806,33,0,1000.000,1.625293,0.000000
44832,5,0.127245,0.878626,26,0,1000.000,1.985244,0.000000
44832,6,0.123403,0.875218,19,0,1000.000,1.719956,0.000000
44832,7,0.078878,0.887436,15,0,1000.000,1.765383,0.000000
44880,0,0.143762,0.872157,31,0,1000.000,1.643421,0.000000
44880,1,0.129904,0.888008,23,0,1000.000,1.549136,0.000000
44880,2,0.150294,0.849112,23,0,1000.000,2.241499,0.000000
44880,3,0.118159,0.867902,34,0,1000.000,1.944063,0.000000
44880,4,0.128354,0.854963,29,0,1000.000,2.208257,0.000000
44880,5,0.127245,0.873774,38,0,1000.000,1.902770,0.000000
44880,6,0.123403,0.881810,20,0,1000.000,1.686068,0.000000
44880,7,0.078878,0.877176,16,0,1000.000,1.811725,0.000000
44928,0,0.143762,0.856100,37,0,1000.000,1.953970,0.000000
44928,1,0.129904,0.861193,34,0,1000.000,1.883654,0.000000
44928,2,0.150294,0.881177,30,0,1000.000,1.683579,0.000000
44928,3,0.118159,0.867486,27,0,1000.000,1.785206,0.000000
44928,4,0.128354,0.866290,31,0,1000.000,1.919447,0.000000
44928,5,0.127245,0.874924,28,0,1000.000,1.729039,0.000000
44928,6,0.123403,0.818496,22,2,934.136,1.967588,0.000000
44928,7,0.078878,0.799438,12,1,927.167,1.976785,0.000000
44976,0,0.143762,0.882108,35,0,1000.000,1.670709,0.000000
44976,1,0.129904,0.865021,16,0,1000.000,2.061641,0.000000
44976,2,0.150294,0.854199,28,0,1000.000,1.745275,0.000000
44976,3,0.118159,0.876805,17,0,1000.000,1.721246,0.000000
44976,4,0.128354,0.866868,22,0,1000.000,2.082340,0.000000
44976,5,0.127245,0.882959,28,1,989.250,1.583231,0.000000
44976,6,0.123403,0.864755,28,0,1000.000,1.830070,0.000000
44976,7,0.078878,0.890879,13,0,1000.000,1.452444,0.000000
45024,0,0.143762,0.869308,28,0,1000.000,1.731155,0.000000
45024,1,0.129904,0.870688,23,0,1000.000,1.671481,0.000000
45024,2,0.150294,0.877775,30,0,1000.000,1.808164,0.000000
45024,3,0.118159,0.880929,16,0,1000.000,1.576517,0.000000
45024,4,0.128354,0.877905,25,0,1000.000,1.660378,0.000000
45024,5,0.127245,0.861268,26,0,1000.000,1.698903,0.000000
45024,6,0.123403,0.875845,26,0,1000.000,1.836944,0.000000
45024,7,0.078878,0.834000,16,0,1000.000,2.114560,0.000000
45072,0,0.143762,0.861875,26,0,1000.000,1.944819,0.000000
45072,1,0.129904,0.877717,25,0,1000.000,1.873868,0.000000
45072,2,0.150294,0.858585,29,0,1000.000,2.005552,0.000000
45072,3,0.118159,0.888077,18,0,1000.000,1.549399,0.000000
45072,4,0.128354,0.874954,15,0,1000.000,1.875909,0.000000
45072,5,0.127245,0.877192,19,0,1000.000,1.783234,0.000000
45072,6,0.123403,0.877715,17,0,1000.000,1.558507,0.000000
45072,7,0.078878,0.785544,13,1,928.538,2.130722,0.000000
45120,0,0.143762,0.872800,26,0,1000.000,1.563431,0.000000
45120,1,0.129904,0.832626,16,0,1000.000,2.455455,0.000000
45120,2,0.150294,0.855868,19,0,1000.000,1.946068,0.000000
45120,3,0.118159,0.884749,13,0,1000.000,1.595306,0.000000
45120,4,0.128354,0.864301,22,0,1000.000,1.888365,0.000000
45120,5,0.127245,0.880191,21,0,1000.000,1.678221,0.000000
45120,6,0.123403,0.887289,16,0,1000.000,1.658495,0.000000
45120,7,0.078878,0.878354,14,0,1000.000,1.762967,0.000000
45168,0,0.143762,0.898273,18,2,931.944,1.003691,0.000000
45168,1,0.129904,0.856494,26,0,1000.000,1.852267,0.000000
45168,2,0.150294,0.836736,19,0,1000.000,1.937693,0.000000
45168,3,0.118159,0.901402,13,0,1000.000,1.302718,0.000000
45168,4,0.128354,0.865008,27,0,1000.000,1.865342,0.000000
45168,5,0.127245,0.873150,26,0,1000.000,1.596566,0.000000
45168,6,0.123403,0.873245,23,0,1000.000,2.035661,0.000000
45168,7,0.078878,0.740152,8,1,886.750,2.100496,0.000000
45216,0,0.143762,0.856762,24,0,1000.000,1.726576,0.000000
45216,1,0.129904,0.847669,22,0,1000.000,1.897386,0.000000
45216,2,0.150294,0.884412,23,0,1000.000,1.450998,0.000000
45216,3,0.118159,0.861440,14,0,1000.000,2.302330,0.000000
45216,4,0.128354,0.891282,9,0,1000.000,1.358400,0.000000
45216,5,0.127245,0.862135,21,0,1000.000,1.954321,0.000000
45216,6,0.123403,0.873635,18,0,1000.000,2.082307,0.000000
45216,7,0.078878,0.858946,10,0,1000.000,1.514214,0.000000
45264,0,0.143762,0.831556,20,3,910.700,1.474365,0.000000
45264,1,0.129904,0.856920,18,0,1000.000,1.888129,0.000000
45264,2,0.150294,0.885643,21,0,1000.000,1.626068,0.000000
45264,3,0.118159,0.889198,19,0,1000.000,1.481301,0.000000
45264,4,0.128354,0.874709,21,0,1000.000,1.474401,0.000000
45264,5,0.127245,0.850575,20,0,1000.000,1.909692,0.000000
45264,6,0.123403,0.853107,23,0,1000.000,2.114519,0.000000
45264,7,0.078878,0.871025,10,0,1000.000,1.938208,0.000000
45312,0,0.143762,0.834882,23,1,958.739,1.753993,0.000000
45312,1,0.129904,0.871040,17,0,1000.000,1.714996,0.000000
45312,2,0.150294,0.871973,31,0,1000.000,1.944588,0.000000
45312,3,0.118159,0.833833,21,0,1000.000,2.249974,0.000000
45312,4,0.128354,0.856397,16,0,1000.000,1.819489,0.000000
45312,5,0.127245,0.875212,18,0,1000.000,1.813231,0.000000
45312,6,0.123403,0.859012,24,1,995.042,1.659755,0.000000
45312,7,0.078878,0.880693,16,0,1000.000,1.946708,0.000000
45360,0,0.143762,0.869639,27,0,1000.000,1.698286,0.000000
45360,1,0.129904,0.856495,27,0,1000.000,2.164249,0.000000
45360,2,0.150294,0.833333,25,0,1000.000,2.293882,0.000000
45360,3,0.118159,0.824914,13,0,1000.000,2.231990,0.000000
45360,4,0.128354,0.839075,19,0,1000.000,2.327945,0.000000
45360,5,0.127245,0.877636,31,0,1000.000,1.742890,0.000000
45360,6,0.123403,0.844608,16,0,1000.000,2.054273,0.000000
45360,7,0.078878,0.876492,22,0,1000.000,1.793719,0.000000
45408,0,0.143762,0.888507,27,0,1000.000,1.661040,0.000000
45408,1,0.129904,0.845994,23,0,1000.000,1.964102,0.000000
45408,2,0.150294,0.855259,30,0,1000.000,1.951556,0.000000
45408,3,0.118159,0.868306,21,0,1000.000,1.744562,0.000000
45408,4,0.128354,0.857051,18,0,1000.000,2.146499,0.000000
45408,5,0.127245,0.877593,31,0,1000.000,1.763850,0.000000
45408,6,0.123403,0.872512,21,0,1000.000,1.911876,0.000000
45408,7,0.078878,0.850858,17,0,1000.000,2.069901,0.000000
45456,0,0.143762,0.859937,22,0,1000.000,1.626083,0.000000
45456,1,0.129904,0.857718,33,0,1000.000,1.686017,0.000000
45456,2,0.150294,0.887863,32,0,1000.000,1.696506,0.000000
45456,3,0.118159,0.881380,12,0,1000.000,1.880824,0.000000
45456,4,0.128354,0.859895,32,0,1000.000,1.856466,0.000000
45456,5,0.127245,0.863370,24,0,1000.000,1.940696,0.000000
45456,6,0.123403,0.893198,14,0,1000.000,1.349974,0.000000
45456,7,0.078878,0.853949,14,0,1000.000,1.972440,0.000000
45504,0,0.143762,0.871657,26,1,981.115,1.701801,0.000000
45504,1,0.129904,0.871670,28,0,1000.000,1.765810,0.000000
45504,2,0.150294,0.873783,32,0,1000.000,1.496351,0.000000
45504,3,0.118159,0.863452,21,0,1000.000,1.593382,0.000000
45504,4,0.128354,0.880172,27,0,1000.000,1.550717,0.000000
45504,5,0.127245,0.880974,24,0,1000.000,1.719092,0.000000
45504,6,0.123403,0.850073,26,1,963.462,1.589916,0.000000
45504,7,0.078878,0.845069,16,0,1000.000,2.199014,0.000000
45552,0,0.143762,0.868081,34,1,985.147,1.663955,0.000000
45552,1,0.129904,0.852954,27,0,1000.000,1.783051,0.000000
45552,2,0.150294,0.859258,31,0,1000.000,1.830304,0.000000
45552,3,0.118159,0.876451,22,0,1000.000,1.476215,0.000000
45552,4,0.128354,0.869844,27,0,1000.000,1.702906,0.000000
45552,5,0.127245,0.873898,27,0,1000.000,1.921846,0.000000
45552,6,0.123403,0.851164,39,0,1000.000,2.204373,0.000000
45552,7,0.078878,0.871445,19,0,1000.000,1.870039,0.000000
45600,0,0.143762,0.881868,42,1,994.881,1.477217,0.000000
45600,1,0.129904,0.856781,38,0,1000.000,1.797340,0.000000
45600,2,0.150294,0.854757,43,0,1000.000,1.939361,0.000000
45600,3,0.118159,0.881664,26,0,1000.000,1.851110,0.000000
45600,4,0.128354,0.839330,38,0,1000.000,2.227040,0.000000
45600,5,0.127245,0.864924,35,0,1000.000,2.154110,0.000000
45600,6,0.123403,0.874519,26,0,1000.000,1.819235,0.000000
45600,7,0.078878,0.872281,25,0,1000.000,1.880436,0.000000
45648,0,0.118877,0.872858,40,0,1000.000,1.893415,0.000000
45648,1,0.108496,0.860300,39,0,1000.000,1.945884,0.000000
45648,2,0.099536,0.855200,32,0,1000.000,2.103066,0.000000
45648,3,0.111071,0.882435,29,0,1000.000,1.462495,0.000000
45648,4,0.109444,0.873462,29,0,1000.000,2.050692,0.000000
45648,5,0.117156,0.881324,39,0,1000.000,1.792769,0.000000
45648,6,0.121909,0.874121,31,0,1000.000,1.892017,0.000000
45648,7,0.213511,0.829687,25,1,963.760,1.893207,0.000000
45696,0,0.118877,0.884383,29,0,1000.000,1.571185,0.000000
45696,1,0.108496,0.867924,25,0,1000.000,1.682510,0.000000
45696,2,0.099536,0.887699,18,0,1000.000,1.844018,0.000000
45696,3,0.111071,0.875170,23,0,1000.000,2.112314,0.000000
45696,4,0.109444,0.864064,23,0,1000.000,2.064636,0.000000
45696,5,0.117156,0.861482,27,0,1000.000,1.983498,0.000000
45696,6,0.121909,0.887064,30,0,1000.000,1.728711,0.000000
45696,7,0.213511,0.850402,42,0,1000.000,2.099110,0.000000
45744,0,0.118877,0.884223,29,0,1000.000,1.571716,0.000000
45744,1,0.108496,0.848570,25,0,1000.000,1.952590,0.000000
45744,2,0.099536,0.862034,26,0,1000.000,1.943039,0.000000
45744,3,0.111071,0.845270,22,0,1000.000,2.110400,0.000000
45744,4,0.109444,0.876321,23,0,1000.000,2.044253,0.000000
45744,5,0.117156,0.882728,26,0,1000.000,1.591390,0.000000
45744,6,0.121909,0.874287,26,0,1000.000,1.716678,0.000000
45744,7,0.213511,0.839723,55,1,982.945,2.176282,0.000000
45792,0,0.118877,0.882212,28,1,999.357,1.743578,0.000000
45792,1,0.108496,0.883016,30,0,1000.000,1.685207,0.000000
45792,2,0.099536,0.867194,21,0,1000.000,2.068254,0.000000
45792,3,0.111071,0.857821,24,0,1000.000,2.330216,0.000000
45792,4,0.109444,0.857069,29,0,1000.000,2.056341,0.000000
45792,5,0.117156,0.842513,20,0,1000.000,2.131376,0.000000
45792,6,0.121909,0.875174,31,0,1000.000,1.865446,0.000000
45792,7,0.213511,0.857576,53,1,982.943,1.868040,0.000000
45840,0,0.118877,0.886422,24,0,1000.000,1.598300,0.000000
45840,1,0.108496,0.862660,20,0,1000.000,1.896523,0.000000
45840,2,0.099536,0.907594,10,0,1000.000,0.986561,0.000000
45840,3,0.111071,0.875085,29,0,1000.000,1.790112,0.000000
45840,4,0.109444,0.880662,25,0,1000.000,1.654406,0.000000
45840,5,0.117156,0.852256,25,0,1000.000,2.142028,0.000000
45840,6,0.121909,0.877990,22,0,1000.000,1.901405,0.000000
45840,7,0.213511,0.876417,37,0,1000.000,1.831715,0.000000
45888,0,0.118877,0.884179,22,0,1000.000,1.726155,0.000000
45888,1,0.108496,0.863504,28,0,1000.000,1.947926,0.000000
45888,2,0.099536,0.877424,19,0,1000.000,1.906312,0.000000
45888,3,0.111071,0.865920,28,0,1000.000,2.003809,0.000000
45888,4,0.109444,0.882366,28,0,1000.000,1.973977,0.000000
45888,5,0.117156,0.893410,23,0,1000.000,1.425728,0.000000
45888,6,0.121909,0.856205,35,0,1000.000,1.976924,0.000000
45888,7,0.213511,0.809154,47,4,926.234,1.381791,0.000000
45936,0,0.118877,0.882927,26,0,1000.000,1.448194,0.000000
45936,1,0.108496,0.853738,17,0,1000.000,1.839301,0.000000
45936,2,0.099536,0.891503,25,0,1000.000,1.584281,0.000000
45936,3,0.111071,0.878786,28,0,1000.000,2.037508,0.000000
45936,4,0.109444,0.858127,25,0,1000.000,2.037897,0.000000
45936,5,0.117156,0.884977,32,0,1000.000,1.677795,0.000000
45936,6,0.121909,0.862710,21,0,1000.000,2.241343,0.000000
45936,7,0.213511,0.852049,51,2,965.863,1.621518,0.000000
45984,0,0.118877,0.890119,28,0,1000.000,1.690947,0.000000
45984,1,0.108496,0.872689,15,0,1000.000,1.559143,0.000000
45984,2,0.099536,0.853064,24,0,1000.000,2.085388,0.000000
45984,3,0.111071,0.881490,23,0,1000.000,1.845627,0.000000
45984,4,0.109444,0.876680,20,0,1000.000,1.634279,0.000000
45984,5,0.117156,0.865249,18,0,1000.000,1.909015,0.000000
45984,6,0.121909,0.887935,18,0,1000.000,1.798252,0.000000
45984,7,0.213511,0.872170,42,0,1000.000,1.866273,0.000000
46032,0,0.118877,0.896445,18,0,1000.000,1.635499,0.000000
46032,1,0.108496,0.889062,14,0,1000.000,1.488433,0.000000
46032,2,0.099536,0.860932,11,0,1000.000,1.933265,0.000000
46032,3,0.111071,0.839294,20,0,1000.000,2.342171,0.000000
46032,4,0.109444,0.871881,20,0,1000.000,2.105798,0.000000
46032,5,0.117156,0.874566,28,0,1000.000,1.897667,0.000000
46032,6,0.121909,0.856608,23,0,1000.000,2.065545,0.000000
46032,7,0.213511,0.846972,43,1,979.093,1.730464,0.000000
46080,0,0.118877,0.892406,14,0,1000.000,1.696553,0.000000
46080,1,0.108496,0.850372,19,0,1000.000,1.952913,0.000000
46080,2,0.099536,0.886540,21,0,1000.000,1.501447,0.000000
46080,3,0.111071,0.899714,13,0,1000.000,1.521112,0.000000
46080,4,0.109444,0.884483,18,0,1000.000,1.522607,0.000000
46080,5,0.117156,0.892538,11,0,1000.000,1.428865,0.000000
46080,6,0.121909,0.888108,27,0,1000.000,1.948301,0.000000
46080,7,0.213511,0.803269,40,3,930.950,1.842183,0.000000
46128,0,0.118877,0.847981,19,1,956.579,2.038072,0.000000
46128,1,0.108496,0.878778,17,0,1000.000,1.914828,0.000000
46128,2,0.099536,0.887055,20,0,1000.000,1.679996,0.000000
46128,3,0.111071,0.876702,11,0,1000.000,1.511196,0.000000
46128,4,0.109444,0.882560,17,0,1000.000,1.852574,0.000000
46128,5,0.117156,0.830008,17,0,1000.000,2.160172,0.000000
46128,6,0.121909,0.863387,16,0,1000.000,2.001620,0.000000
46128,7,0.213511,0.800165,38,4,908.237,1.694334,0.000000
46176,0,0.118877,0.852071,17,0,1000.000,1.961618,0.000000
46176,1,0.108496,0.877073,23,0,1000.000,1.668285,0.000000
46176,2,0.099536,0.872145,8,0,1000.000,1.774504,0.000000
46176,3,0.111071,0.885022,24,0,1000.000,1.830374,0.000000
46176,4,0.109444,0.829684,10,0,1000.000,2.046078,0.000000
46176,5,0.117156,0.878346,21,0,1000.000,1.913263,0.000000
46176,6,0.121909,0.875767,23,0,1000.000,2.060611,0.000000
46176,7,0.213511,0.861880,31,1,972.742,1.642769,0.000000
46224,0,0.118877,0.876556,18,1,965.944,1.790333,0.000000
46224,1,0.108496,0.868037,16,0,1000.000,1.825867,0.000000
46224,2,0.099536,0.889091,13,0,1000.000,1.794209,0.000000
46224,3,0.111071,0.883684,19,0,1000.000,1.580648,0.000000
46224,4,0.109444,0.899910,7,0,1000.000,1.424298,0.000000
46224,5,0.117156,0.875978,19,0,1000.000,1.509056,0.000000
46224,6,0.121909,0.844284,14,0,1000.000,2.433467,0.000000
46224,7,0.213511,0.851048,30,1,971.533,1.887722,0.000000
46272,0,0.118877,0.875684,18,2,946.167,1.938359,0.000000
46272,1,0.108496,0.867902,23,0,1000.000,1.890426,0.000000
46272,2,0.099536,0.873317,12,0,1000.000,1.980516,0.000000
46272,3,0.111071,0.862559,15,0,1000.000,1.976860,0.000000
46272,4,0.109444,0.879048,19,0,1000.000,1.785650,0.000000
46272,5,0.117156,0.893857,29,0,1000.000,1.632396,0.000000
46272,6,0.121909,0.862775,21,0,1000.000,1.978831,0.000000
46272,7,0.213511,0.871640,24,0,1000.000,2.161377,0.000000
46320,0,0.118877,0.876121,24,0,1000.000,1.849157,0.000000
46320,1,0.108496,0.888853,18,0,1000.000,1.758643,0.000000
46320,2,0.099536,0.884307,13,0,1000.000,2.066384,0.000000
46320,3,0.111071,0.868974,18,0,1000.000,1.925758,0.000000
46320,4,0.109444,0.885742,20,0,1000.000,1.687383,0.000000
46320,5,0.117156,0.871542,18,0,1000.000,2.258638,0.000000
46320,6,0.121909,0.893850,22,0,1000.000,1.604352,0.000000
46320,7,0.213511,0.819300,34,2,946.265,1.791896,0.000000
46368,0,0.118877,0.893192,24,0,1000.000,1.522230,0.000000
46368,1,0.108496,0.888369,19,0,1000.000,1.352123,0.000000
46368,2,0.099536,0.854836,13,0,1000.000,1.932018,0.000000
46368,3,0.111071,0.893130,16,0,1000.000,1.471150,0.000000
46368,4,0.109444,0.858591,23,0,1000.000,1.924940,0.000000
46368,5,0.117156,0.875374,18,0,1000.000,2.410683,0.000000
46368,6,0.121909,0.845751,29,1,968.897,1.737060,0.000000
46368,7,0.213511,0.814430,46,2,960.826,2.124475,0.000000
46416,0,0.118877,0.886762,31,0,1000.000,1.495709,0.000000
46416,1,0.108496,0.857251,14,0,1000.000,1.763218,0.000000
46416,2,0.099536,0.907812,17,0,1000.000,1.030786,0.000000
46416,3,0.111071,0.877174,32,0,1000.000,2.052863,0.000000
46416,4,0.109444,0.892288,17,0,1000.000,1.501203,0.000000
46416,5,0.117156,0.877971,21,0,1000.000,2.000770,0.000000
46416,6,0.121909,0.863844,27,0,1000.000,1.870948,0.000000
46416,7,0.213511,0.836179,42,3,935.833,1.386966,0.000000
46464,0,0.118877,0.883160,22,0,1000.000,1.631768,0.000000
46464,1,0.108496,0.894386,17,0,1000.000,1.592431,0.000000
46464,2,0.099536,0.867849,24,0,1000.000,1.905970,0.000000
46464,3,0.111071,0.886973,10,0,1000.000,1.553558,0.000000
46464,4,0.109444,0.863450,16,0,1000.000,1.826646,0.000000
46464,5,0.117156,0.889626,15,0,1000.000,1.444746,0.000000
46464,6,0.121909,0.858804,16,0,1000.000,2.052180,0.000000
46464,7,0.213511,0.857291,42,1,980.405,1.964961,0.000000
46512,0,0.118877,0.887872,29,0,1000.000,1.552654,0.000000
46512,1,0.108496,0.872889,29,0,1000.000,1.863449,0.000000
46512,2,0.099536,0.850930,18,0,1000.000,2.179833,0.000000
46512,3,0.111071,0.880151,27,0,1000.000,1.672278,0.000000
46512,4,0.109444,0.876769,18,0,1000.000,1.881463,0.000000
46512,5,0.117156,0.880943,31,0,1000.000,1.751909,0.000000
46512,6,0.121909,0.870210,24,0,1000.000,2.053519,0.000000
46512,7,0.213511,0.843847,33,1,976.091,1.893604,0.000000
46560,0,0.118877,0.887512,26,0,1000.000,1.601682,0.000000
46560,1,0.108496,0.893550,26,0,1000.000,1.692521,0.000000
46560,2,0.099536,0.874758,31,0,1000.000,1.528191,0.000000
46560,3,0.111071,0.868595,23,0,1000.000,2.104008,0.000000
46560,4,0.109444,0.854563,23,0,1000.000,2.119224,0.000000
46560,5,0.117156,0.859893,29,0,1000.000,2.009751,0.000000
46560,6,0.121909,0.877660,26,0,1000.000,1.660876,0.000000
46560,7,0.213511,0.883497,54,0,1000.000,1.535703,0.000000
46608,0,0.118877,0.879136,39,0,1000.000,1.644074,0.000000
46608,1,0.108496,0.876555,30,0,1000.000,1.768408,0.000000
46608,2,0.099536,0.882500,21,0,1000.000,1.662370,0.000000
46608,3,0.111071,0.874142,23,0,1000.000,1.756394,0.000000
46608,4,0.109444,0.864348,29,0,1000.000,2.147909,0.000000
46608,5,0.117156,0.872911,37,0,1000.000,1.753938,0.000000
46608,6,0.121909,0.885336,35,0,1000.000,1.725980,0.000000
46608,7,0.213511,0.861751,75,2,983.213,1.897079,0.000000
46656,0,0.118877,0.851719,38,1,976.105,1.903949,0.000000
46656,1,0.108496,0.876589,25,0,1000.000,2.057821,0.000000
46656,2,0.099536,0.876701,31,0,1000.000,1.865317,0.000000
46656,3,0.111071,0.848890,25,0,1000.000,2.180375,0.000000
46656,4,0.109444,0.879736,22,0,1000.000,1.990711,0.000000
46656,5,0.117156,0.864461,30,0,1000.000,2.037989,0.000000
46656,6,0.121909,0.858441,33,1,996.758,2.014194,0.000000
46656,7,0.213511,0.836637,44,2,960.045,1.611510,0.000000
46704,0,0.118877,0.851923,24,0,1000.000,1.940142,0.000000
46704,1,0.108496,0.828719,23,0,1000.000,2.447943,0.000000
46704,2,0.099536,0.852394,25,0,1000.000,2.221767,0.000000
46704,3,0.111071,0.859658,30,0,1000.000,1.835430,0.000000
46704,4,0.109444,0.850918,24,0,1000.000,2.071121,0.000000
46704,5,0.117156,0.855134,17,0,1000.000,2.038154,0.000000
46704,6,0.121909,0.834411,28,0,1000.000,2.049214,0.000000
46704,7,0.213511,0.863960,43,0,1000.000,2.109795,0.000000
46752,0,0.118877,0.869901,30,0,1000.000,2.184779,0.000000
46752,1,0.108496,0.877660,26,0,1000.000,1.706347,0.000000
46752,2,0.099536,0.829360,32,0,1000.000,2.190241,0.000000
46752,3,0.111071,0.844183,23,0,1000.000,2.024349,0.000000
46752,4,0.109444,0.847602,21,0,1000.000,2.177604,0.000000
46752,5,0.117156,0.859048,20,0,1000.000,2.101357,0.000000
46752,6,0.121909,0.865843,28,0,1000.000,2.162385,0.000000
46752,7,0.213511,0.826968,57,2,968.825,2.045072,0.000000
46800,0,0.118877,0.874713,25,0,1000.000,1.989755,0.000000
46800,1,0.108496,0.812976,28,1,966.107,2.020320,0.000000
46800,2,0.099536,0.860421,20,0,1000.000,2.190516,0.000000
46800,3,0.111071,0.858701,35,0,1000.000,2.092682,0.000000
46800,4,0.109444,0.864879,21,0,1000.000,1.780030,0.000000
46800,5,0.117156,0.865103,18,0,1000.000,2.111443,0.000000
46800,6,0.121909,0.854677,28,0,1000.000,2.069306,0.000000
46800,7,0.213511,0.826131,49,1,980.694,2.207286,0.000000
46848,0,0.118877,0.826059,26,0,1000.000,2.085467,0.000000
46848,1,0.108496,0.883815,14,0,1000.000,1.834099,0.000000
46848,2,0.099536,0.831456,26,0,1000.000,2.340742,0.000000
46848,3,0.111071,0.851066,21,0,1000.000,2.178998,0.000000
46848,4,0.109444,0.863142,25,0,1000.000,1.962733,0.000000
46848,5,0.117156,0.872487,29,0,1000.000,1.686940,0.000000
46848,6,0.121909,0.827503,19,0,1000.000,2.478104,0.000000
46848,7,0.213511,0.834500,33,0,1000.000,2.492144,0.000000
46896,0,0.118877,0.853435,36,0,1000.000,2.073592,0.000000
46896,1,0.108496,0.832081,32,0,1000.000,2.249001,0.000000
46896,2,0.099536,0.865470,18,0,1000.000,1.963702,0.000000
46896,3,0.111071,0.853522,14,0,1000.000,1.932531,0.000000
46896,4,0.109444,0.868905,16,0,1000.000,2.106293,0.000000
46896,5,0.117156,0.847527,29,0,1000.000,1.921085,0.000000
46896,6,0.121909,0.837155,31,0,1000.000,2.118507,0.000000
46896,7,0.213511,0.848176,49,0,1000.000,2.113872,0.000000
46944,0,0.118877,0.860653,24,0,1000.000,1.919008,0.000000
46944,1,0.108496,0.863844,22,0,1000.000,1.841441,0.000000
46944,2,0.099536,0.828668,27,0,1000.000,2.229028,0.000000
46944,3,0.111071,0.802880,28,0,1000.000,2.270687,0.000000
46944,4,0.109444,0.837132,31,0,1000.000,2.393670,0.000000
46944,5,0.117156,0.848634,23,0,1000.000,2.130232,0.000000
46944,6,0.121909,0.834989,21,0,1000.000,2.241880,0.000000
46944,7,0.213511,0.809220,47,1,980.234,2.275328,0.000000
46992,0,0.118877,0.839285,14,0,1000.000,2.149542,0.000000
46992,1,0.108496,0.843767,21,0,1000.000,2.169177,0.000000
46992,2,0.099536,0.861065,17,0,1000.000,2.131836,0.000000
46992,3,0.111071,0.856088,21,0,1000.000,1.853135,0.000000
46992,4,0.109444,0.843160,29,0,1000.000,2.368643,0.000000
46992,5,0.117156,0.860243,21,0,1000.000,1.843843,0.000000
46992,6,0.121909,0.858178,23,0,1000.000,2.131647,0.000000
46992,7,0.213511,0.854986,37,1,974.649,1.677779,0.000000
47040,0,0.118877,0.845106,14,0,1000.000,2.306961,0.000000
47040,1,0.108496,0.853063,19,0,1000.000,2.094576,0.000000
47040,2,0.099536,0.841018,21,0,1000.000,2.123172,0.000000
47040,3,0.111071,0.827301,20,0,1000.000,2.386087,0.000000
47040,4,0.109444,0.881351,19,0,1000.000,1.857136,0.000000
47040,5,0.117156,0.838729,19,0,1000.000,2.359526,0.000000
47040,6,0.121909,0.861669,20,0,1000.000,1.904329,0.000000
47040,7,0.213511,0.844341,38,0,1000.000,2.055014,0.000000
47088,0,0.118877,0.879394,16,0,1000.000,1.318927,0.000000
47088,1,0.108496,0.857619,27,0,1000.000,2.093549,0.000000
47088,2,0.099536,0.826555,13,0,1000.000,2.480035,0.000000
47088,3,0.111071,0.837538,11,0,1000.000,2.299283,0.000000
47088,4,0.109444,0.839021,12,0,1000.000,2.079444,0.000000
47088,5,0.117156,0.848670,20,0,1000.000,2.324916,0.000000
47088,6,0.121909,0.871601,21,0,1000.000,1.728000,0.000000
47088,7,0.213511,0.816716,40,2,957.650,1.992734,0.000000
47184,0,0.118877,0.867737,28,1,999.893,2.011050,0.000000
47184,1,0.108496,0.847701,34,0,1000.000,2.212264,0.000000
47184,2,0.099536,0.828070,35,0,1000.000,2.381993,0.000000
47184,3,0.111071,0.826829,24,0,1000.000,2.201707,0.000000
47184,4,0.109444,0.851608,36,0,1000.000,2.095038,0.000000
47184,5,0.117156,0.841398,30,0,1000.000,2.033240,0.000000
47184,6,0.121909,0.868278,46,0,1000.000,1.887358,0.000000
47184,7,0.213511,0.822857,78,3,965.628,2.109421,0.000000
47232,0,0.118877,0.885171,17,0,1000.000,1.555838,0.000000
47232,1,0.108496,0.871838,18,0,1000.000,2.235365,0.000000
47232,2,0.099536,0.834713,8,0,1000.000,2.296143,0.000000
47232,3,0.111071,0.824664,15,0,1000.000,2.467391,0.000000
47232,4,0.109444,0.866465,16,0,1000.000,1.977799,0.000000
47232,5,0.117156,0.835267,22,0,1000.000,2.312456,0.000000
47232,6,0.121909,0.858755,18,0,1000.000,2.019390,0.000000
47232,7,0.213511,0.806409,25,2,952.160,2.001003,0.000000
47280,0,0.118877,0.860719,26,0,1000.000,1.891364,0.000000
47280,1,0.108496,0.837631,18,0,1000.000,2.078100,0.000000
47280,2,0.099536,0.834368,18,0,1000.000,2.415502,0.000000
47280,3,0.111071,0.836583,17,0,1000.000,2.462373,0.000000
47280,4,0.109444,0.842672,20,0,1000.000,1.890967,0.000000
47280,5,0.117156,0.823316,13,0,1000.000,2.541871,0.000000
47280,6,0.121909,0.849299,20,0,1000.000,1.695649,0.000000
47280,7,0.213511,0.781086,34,2,949.735,2.192828,0.000000
47328,0,0.118877,0.869734,19,0,1000.000,1.943906,0.000000
47328,1,0.108496,0.835700,18,0,1000.000,2.113090,0.000000
47328,2,0.099536,0.859606,15,0,1000.000,2.232428,0.000000
47328,3,0.111071,0.842023,18,0,1000.000,2.256157,0.000000
47328,4,0.109444,0.835824,20,0,1000.000,2.232677,0.000000
47328,5,0.117156,0.818869,19,0,1000.000,2.355357,0.000000
47328,6,0.121909,0.805167,21,0,1000.000,2.722757,0.000000
47328,7,0.213511,0.813215,33,2,942.909,2.006049,0.000000
47376,0,0.118877,0.842120,23,0,1000.000,2.230455,0.000000
47376,1,0.108496,0.856642,24,0,1000.000,1.914796,0.000000
47376,2,0.099536,0.843728,24,0,1000.000,2.231456,0.000000
47376,3,0.111071,0.821259,25,0,1000.000,2.255566,0.000000
47376,4,0.109444,0.871184,19,0,1000.000,1.856948,0.000000
47376,5,0.117156,0.841082,25,0,1000.000,2.356928,0.000000
47376,6,0.121909,0.846901,23,0,1000.000,2.451524,0.000000
47376,7,0.213511,0.789458,37,2,953.054,2.302402,0.000000
47424,0,0.118877,0.853687,25,0,1000.000,2.177226,0.000000
47424,1,0.108496,0.834272,23,0,1000.000,2.093656,0.000000
47424,2,0.099536,0.852518,22,0,1000.000,2.199202,0.000000
47424,3,0.111071,0.828727,25,0,1000.000,2.223284,0.000000
47424,4,0.109444,0.852890,19,0,1000.000,2.188437,0.000000
47424,5,0.117156,0.859290,19,0,1000.000,1.866689,0.000000
47424,6,0.121909,0.834646,21,0,1000.000,2.463337,0.000000
47424,7,0.213511,0.855437,40,0,1000.000,2.228706,0.000000
47472,0,0.118877,0.852228,23,0,1000.000,2.071354,0.000000
47472,1,0.108496,0.846770,14,0,1000.000,2.114042,0.000000
47472,2,0.099536,0.850121,8,0,1000.000,2.289738,0.000000
47472,3,0.111071,0.850107,10,0,1000.000,2.024732,0.000000
47472,4,0.109444,0.849131,13,0,1000.000,2.107817,0.000000
47472,5,0.117156,0.860195,23,0,1000.000,2.150135,0.000000
47472,6,0.121909,0.848811,35,0,1000.000,2.138802,0.000000
47472,7,0.213511,0.791673,35,2,949.686,2.323164,0.000000
47520,0,0.118877,0.857963,22,0,1000.000,1.968702,0.000000
47520,1,0.108496,0.836401,23,0,1000.000,1.972252,0.000000
47520,2,0.099536,0.820574,19,0,1000.000,2.326161,0.000000
47520,3,0.111071,0.837023,20,0,1000.000,2.250938,0.000000
47520,4,0.109444,0.827931,29,0,1000.000,2.427895,0.000000
47520,5,0.117156,0.859743,31,0,1000.000,1.953271,0.000000
47520,6,0.121909,0.826642,22,0,1000.000,2.522832,0.000000
47520,7,0.213511,0.856283,43,0,1000.000,2.042689,0.000000
47568,0,0.118877,0.854694,37,0,1000.000,2.131945,0.000000
47568,1,0.108496,0.847952,29,0,1000.000,2.256153,0.000000
47568,2,0.099536,0.852989,26,0,1000.000,2.024014,0.000000
47568,3,0.111071,0.848817,29,0,1000.000,2.205013,0.000000
47568,4,0.109444,0.861513,27,0,1000.000,1.966217,0.000000
47568,5,0.117156,0.869928,26,0,1000.000,1.958932,0.000000
47568,6,0.121909,0.828363,41,1,977.049,2.050266,0.000000
47568,7,0.213511,0.803062,44,1,980.523,2.623089,0.000000
47616,0,0.118877,0.845276,42,0,1000.000,2.057103,0.000000
47616,1,0.108496,0.837774,35,0,1000.000,2.112577,0.000000
47616,2,0.099536,0.836284,23,0,1000.000,2.406429,0.000000
47616,3,0.111071,0.872531,34,0,1000.000,1.803566,0.000000
47616,4,0.109444,0.825103,32,0,1000.000,2.271629,0.000000
47616,5,0.117156,0.829914,34,1,972.118,2.193658,0.000000
47616,6,0.121909,0.853344,35,0,1000.000,2.241759,0.000000
47616,7,0.213511,0.860775,59,0,1000.000,1.996681,0.000000
47664,0,0.118877,0.885107,14,0,1000.000,1.750301,0.000000
47664,1,0.108496,0.843657,21,0,1000.000,2.162812,0.000000
47664,2,0.099536,0.842088,19,0,1000.000,2.328554,0.000000
47664,3,0.111071,0.855720,21,0,1000.000,2.017425,0.000000
47664,4,0.109444,0.851117,24,0,1000.000,2.029621,0.000000
47664,5,0.117156,0.852931,23,0,1000.000,2.286371,0.000000
47664,6,0.121909,0.853916,36,0,1000.000,2.219281,0.000000
47664,7,0.213511,0.842411,67,1,987.269,2.064416,0.000000
47712,0,0.118877,0.855118,25,0,1000.000,2.046112,0.000000
47712,1,0.108496,0.809610,23,0,1000.000,2.551414,0.000000
47712,2,0.099536,0.839885,18,0,1000.000,2.080293,0.000000
47712,3,0.111071,0.851026,30,0,1000.000,2.234253,0.000000
47712,4,0.109444,0.838307,29,0,1000.000,2.204506,0.000000
47712,5,0.117156,0.817583,18,0,1000.000,2.564170,0.000000
47712,6,0.121909,0.860956,27,0,1000.000,2.050440,0.000000
47712,7,0.213511,0.833509,55,1,985.909,2.169950,0.000000
47760,0,0.118877,0.838174,25,0,1000.000,2.270922,0.000000
47760,1,0.108496,0.873727,26,0,1000.000,1.716069,0.000000
47760,2,0.099536,0.804208,20,0,1000.000,2.420454,0.000000
47760,3,0.111071,0.879984,19,0,1000.000,1.754157,0.000000
47760,4,0.109444,0.849477,29,0,1000.000,2.076377,0.000000
47760,5,0.117156,0.854402,20,0,1000.000,2.063595,0.000000
47760,6,0.121909,0.835075,27,0,1000.000,2.196731,0.000000
47760,7,0.213511,0.830300,61,1,986.492,2.302205,0.000000
47808,0,0.118877,0.857137,37,0,1000.000,2.122735,0.000000
47808,1,0.108496,0.842329,23,0,1000.000,2.286395,0.000000
47808,2,0.099536,0.851581,23,0,1000.000,2.078878,0.000000
47808,3,0.111071,0.826706,22,0,1000.000,2.122289,0.000000
47808,4,0.109444,0.842006,19,0,1000.000,1.979081,0.000000
47808,5,0.117156,0.857951,27,0,1000.000,2.032384,0.000000
47808,6,0.121909,0.860668,30,0,1000.000,2.249117,0.000000
47808,7,0.213511,0.845636,42,0,1000.000,2.300726,0.000000
47856,0,0.118877,0.852589,27,1,972.222,1.723154,0.000000
47856,1,0.108496,0.846954,15,0,1000.000,1.614272,0.000000
47856,2,0.099536,0.887269,13,0,1000.000,1.814390,0.000000
47856,3,0.111071,0.850396,25,0,1000.000,2.199839,0.000000
47856,4,0.109444,0.841419,27,0,1000.000,2.227929,0.000000
47856,5,0.117156,0.857642,27,0,1000.000,1.902292,0.000000
47856,6,0.121909,0.878738,18,0,1000.000,1.655421,0.000000
47856,7,0.213511,0.849941,43,1,978.605,1.981081,0.000000
47904,0,0.118877,0.842702,22,0,1000.000,2.084591,0.000000
47904,1,0.108496,0.866007,23,0,1000.000,1.911392,0.000000
47904,2,0.099536,0.839125,19,0,1000.000,2.250911,0.000000
47904,3,0.111071,0.858445,45,0,1000.000,2.124467,0.000000
47904,4,0.109444,0.852972,25,0,1000.000,1.737406,0.000000
47904,5,0.117156,0.857133,30,0,1000.000,2.102195,0.000000
47904,6,0.121909,0.866526,26,0,1000.000,2.022246,0.000000
47904,7,0.213511,0.814287,57,2,971.368,2.314076,0.000000
47952,0,0.118877,0.875393,24,0,1000.000,1.614025,0.000000
47952,1,0.108496,0.855642,20,0,1000.000,2.397760,0.000000
47952,2,0.099536,0.786286,17,0,1000.000,2.590915,0.000000
47952,3,0.111071,0.858160,28,0,1000.000,2.000572,0.000000
47952,4,0.109444,0.868869,14,0,1000.000,2.106006,0.000000
47952,5,0.117156,0.853459,25,0,1000.000,2.082001,0.000000
47952,6,0.121909,0.814872,24,1,959.792,1.964153,0.000000
47952,7,0.213511,0.829581,44,0,1000.000,2.498572,0.000000
48000,0,0.118877,0.869932,29,0,1000.000,1.844611,0.000000
48000,1,0.108496,0.844487,22,0,1000.000,2.040778,0.000000
48000,2,0.099536,0.817538,16,0,1000.000,2.542063,0.000000
48000,3,0.111071,0.813664,21,0,1000.000,2.643831,0.000000
48000,4,0.109444,0.865598,24,0,1000.000,1.852561,0.000000
48000,5,0.117156,0.838664,14,0,1000.000,2.384406,0.000000
48000,6,0.121909,0.838302,15,1,956.800,1.879266,0.000000
48000,7,0.213511,0.853332,46,0,1000.000,2.225181,0.000000
48048,0,0.135833,0.831557,23,2,954.391,2.143309,0.000000
48048,1,0.127691,0.849831,18,0,1000.000,2.105687,0.000000
48048,2,0.123413,0.879158,20,0,1000.000,1.837243,0.000000
48048,3,0.123077,0.850181,14,0,1000.000,2.124890,0.000000
48048,4,0.131327,0.837552,12,0,1000.000,2.451154,0.000000
48048,5,0.126644,0.826489,23,0,1000.000,2.371190,0.000000
48048,6,0.121407,0.793277,16,1,941.062,1.901819,0.000000
48048,7,0.110609,0.862923,37,1,992.487,2.075619,0.000000
48096,0,0.135833,0.828255,22,0,1000.000,2.338441,0.000000
48096,1,0.127691,0.858406,14,0,1000.000,2.057425,0.000000
48096,2,0.123413,0.874190,22,0,1000.000,1.953651,0.000000
48096,3,0.123077,0.862822,18,0,1000.000,1.782549,0.000000
48096,4,0.131327,0.877096,27,0,1000.000,1.781222,0.000000
48096,5,0.126644,0.881567,21,0,1000.000,1.622288,0.000000
48096,6,0.121407,0.816506,20,0,1000.000,2.454274,0.000000
48096,7,0.110609,0.701178,22,4,837.000,2.027699,0.000000
48144,0,0.135833,0.846244,25,0,1000.000,2.257270,0.000000
48144,1,0.127691,0.839361,17,0,1000.000,2.237068,0.000000
48144,2,0.123413,0.833317,26,0,1000.000,2.106103,0.000000
48144,3,0.123077,0.833378,19,0,1000.000,2.790291,0.000000
48144,4,0.131327,0.841509,25,0,1000.000,2.371791,0.000000
48144,5,0.126644,0.820793,23,1,959.957,1.829262,0.000000
48144,6,0.121407,0.829025,18,0,1000.000,2.356908,0.000000
48144,7,0.110609,0.851023,9,0,1000.000,2.378643,0.000000
48192,0,0.135833,0.845586,21,1,958.571,1.727985,0.000000
48192,1,0.127691,0.828933,18,0,1000.000,2.261830,0.000000
48192,2,0.123413,0.849918,20,0,1000.000,2.035208,0.000000
48192,3,0.123077,0.856731,19,0,1000.000,2.251459,0.000000
48192,4,0.131327,0.846004,21,0,1000.000,2.147624,0.000000
48192,5,0.126644,0.845848,15,0,1000.000,2.269453,0.000000
48192,6,0.121407,0.872787,10,0,1000.000,2.170711,0.000000
48192,7,0.110609,0.820075,26,3,935.269,2.008709,0.000000
48240,0,0.135833,0.876870,22,0,1000.000,1.916581,0.000000
48240,1,0.127691,0.886910,14,0,1000.000,1.542647,0.000000
48240,2,0.123413,0.818012,15,0,1000.000,2.523308,0.000000
48240,3,0.123077,0.829642,22,0,1000.000,2.416627,0.000000
48240,4,0.131327,0.835010,12,0,1000.000,2.293311,0.000000
48240,5,0.126644,0.802191,15,0,1000.000,2.664169,0.000000
48240,6,0.121407,0.850731,20,0,1000.000,2.163855,0.000000
48240,7,0.110609,0.814021,17,1,952.706,1.507975,0.000000
48288,0,0.135833,0.835228,26,0,1000.000,2.323918,0.000000
48288,1,0.127691,0.864437,13,0,1000.000,1.842460,0.000000
48288,2,0.123413,0.828294,18,0,1000.000,2.526907,0.000000
48288,3,0.123077,0.843484,15,0,1000.000,2.422882,0.000000
48288,4,0.131327,0.825629,24,0,1000.000,2.190377,0.000000
48288,5,0.126644,0.823465,20,0,1000.000,2.491578,0.000000
48288,6,0.121407,0.871919,25,0,1000.000,1.832944,0.000000
48288,7,0.110609,0.783964,24,3,911.250,1.758063,0.000000
48336,0,0.135833,0.865703,24,0,1000.000,1.673714,0.000000
48336,1,0.127691,0.841266,26,0,1000.000,2.193992,0.000000
48336,2,0.123413,0.841465,13,0,1000.000,2.535386,0.000000
48336,3,0.123077,0.839588,25,0,1000.000,2.215164,0.000000
48336,4,0.131327,0.841240,27,0,1000.000,1.948425,0.000000
48336,5,0.126644,0.861831,25,0,1000.000,2.168167,0.000000
48336,6,0.121407,0.852341,11,0,1000.000,1.900189,0.000000
48336,7,0.110609,0.833642,15,0,1000.000,2.393710,0.000000
48384,0,0.135833,0.821242,29,0,1000.000,2.155353,0.000000
48384,1,0.127691,0.825380,29,0,1000.000,2.266421,0.000000
48384,2,0.123413,0.836321,21,0,1000.000,2.378905,0.000000
48384,3,0.123077,0.833606,19,0,1000.000,2.265657,0.000000
48384,4,0.131327,0.821643,31,0,1000.000,2.314966,0.000000
48384,5,0.126644,0.821383,34,0,1000.000,2.436400,0.000000
48384,6,0.121407,0.844327,20,0,1000.000,2.203526,0.000000
48384,7,0.110609,0.826127,25,1,967.360,1.801449,0.000000
48432,0,0.135833,0.864148,25,0,1000.000,2.022023,0.000000
48432,1,0.127691,0.830510,16,0,1000.000,2.042295,0.000000
48432,2,0.123413,0.859726,21,0,1000.000,2.089857,0.000000
48432,3,0.123077,0.825411,26,0,1000.000,2.384448,0.000000
48432,4,0.131327,0.839651,36,0,1000.000,1.977890,0.000000
48432,5,0.126644,0.824737,23,0,1000.000,2.515633,0.000000
48432,6,0.121407,0.813377,25,1,965.880,1.890628,0.000000
48432,7,0.110609,0.848170,20,0,1000.000,2.047555,0.000000
48480,0,0.135833,0.864717,20,1,985.700,1.936912,0.000000
48480,1,0.127691,0.851169,21,0,1000.000,1.937976,0.000000
48480,2,0.123413,0.849454,20,0,1000.000,2.145411,0.000000
48480,3,0.123077,0.868139,25,0,1000.000,1.651869,0.000000
48480,4,0.131327,0.863341,24,0,1000.000,1.811152,0.000000
48480,5,0.126644,0.825686,19,0,1000.000,2.380256,0.000000
48480,6,0.121407,0.850264,20,0,1000.000,2.239838,0.000000
48480,7,0.110609,0.802876,25,2,942.320,2.139163,0.000000
48528,0,0.135833,0.837052,28,0,1000.000,2.338679,0.000000
48528,1,0.127691,0.843575,17,0,1000.000,1.839019,0.000000
48528,2,0.123413,0.859027,23,0,1000.000,2.059082,0.000000
48528,3,0.123077,0.871179,26,0,1000.000,1.788707,0.000000
48528,4,0.131327,0.808604,22,0,1000.000,2.474539,0.000000
48528,5,0.126644,0.841812,30,0,1000.000,2.110244,0.000000
48528,6,0.121407,0.843391,28,0,1000.000,2.133566,0.000000
48528,7,0.110609,0.795549,20,1,954.800,2.520343,0.000000
48576,0,0.135833,0.858971,35,0,1000.000,1.850748,0.000000
48576,1,0.127691,0.845263,40,0,1000.000,2.093302,0.000000
48576,2,0.123413,0.830362,39,0,1000.000,2.435511,0.000000
48576,3,0.123077,0.848086,39,0,1000.000,2.194298,0.000000
48576,4,0.131327,0.857167,30,0,1000.000,2.092132,0.000000
48576,5,0.126644,0.838894,30,0,1000.000,2.495972,0.000000
48576,6,0.121407,0.855889,32,0,1000.000,2.162792,0.000000
48576,7,0.110609,0.749831,26,2,933.000,2.600521,0.000000
48624,0,0.135833,0.826410,43,0,1000.000,2.358006,0.000000
48624,1,0.127691,0.852765,44,0,1000.000,2.175045,0.000000
48624,2,0.123413,0.836447,30,0,1000.000,2.146607,0.000000
48624,3,0.123077,0.837387,34,0,1000.000,2.345649,0.000000
48624,4,0.131327,0.826998,38,0,1000.000,2.573010,0.000000
48624,5,0.126644,0.849662,32,0,1000.000,2.115678,0.000000
48624,6,0.121407,0.857898,33,0,1000.000,1.947041,0.000000
48624,7,0.110609,0.868082,36,0,1000.000,2.025695,0.000000
48672,0,0.135833,0.819818,25,0,1000.000,2.416472,0.000000
48672,1,0.127691,0.831491,28,0,1000.000,2.303190,0.000000
48672,2,0.123413,0.847564,32,0,1000.000,2.033454,0.000000
48672,3,0.123077,0.825064,24,0,1000.000,2.263505,0.000000
48672,4,0.131327,0.859237,30,0,1000.000,2.080798,0.000000
48672,5,0.126644,0.833835,28,0,1000.000,2.539310,0.000000
48672,6,0.121407,0.823795,28,1,966.929,1.947428,0.000000
48672,7,0.110609,0.817280,23,1,959.739,2.228102,0.000000
48720,0,0.135833,0.849252,31,0,1000.000,2.076238,0.000000
48720,1,0.127691,0.819990,26,0,1000.000,2.223204,0.000000
48720,2,0.123413,0.855948,27,0,1000.000,2.049727,0.000000
48720,3,0.123077,0.854562,26,0,1000.000,1.879631,0.000000
48720,4,0.131327,0.830818,36,0,1000.000,2.426101,0.000000
48720,5,0.126644,0.836061,29,0,1000.000,2.317676,0.000000
48720,6,0.121407,0.846817,31,0,1000.000,2.030615,0.000000
48720,7,0.110609,0.850191,24,0,1000.000,1.840609,0.000000
48768,0,0.135833,0.872721,37,1,980.243,1.716109,0.000000
48768,1,0.127691,0.826014,24,0,1000.000,1.804978,0.000000
48768,2,0.123413,0.835001,31,0,1000.000,2.392817,0.000000
48768,3,0.123077,0.831622,25,0,1000.000,2.273881,0.000000
48768,4,0.131327,0.849553,30,0,1000.000,2.215302,0.000000
48768,5,0.126644,0.844107,31,0,1000.000,2.271603,0.000000
48768,6,0.121407,0.835264,26,0,1000.000,2.344790,0.000000
48768,7,0.110609,0.845429,24,0,1000.000,2.425695,0.000000
48816,0,0.135833,0.854602,42,0,1000.000,2.124667,0.000000
48816,1,0.127691,0.854762,35,0,1000.000,1.969008,0.000000
48816,2,0.123413,0.841797,24,0,1000.000,2.190911,0.000000
48816,3,0.123077,0.865205,22,0,1000.000,2.187443,0.000000
48816,4,0.131327,0.843813,17,0,1000.000,2.453173,0.000000
48816,5,0.126644,0.819609,27,0,1000.000,2.198334,0.000000
48816,6,0.121407,0.860587,20,0,1000.000,1.838436,0.000000
48816,7,0.110609,0.777783,19,1,951.474,2.017019,0.000000
48864,0,0.135833,0.870172,33,0,1000.000,1.612846,0.000000
48864,1,0.127691,0.845239,17,0,1000.000,2.008721,0.000000
48864,2,0.123413,0.823725,19,0,1000.000,2.377462,0.000000
48864,3,0.123077,0.837319,35,0,1000.000,2.185133,0.000000
48864,4,0.131327,0.859756,29,0,1000.000,1.797811,0.000000
48864,5,0.126644,0.858338,29,0,1000.000,1.843420,0.000000
48864,6,0.121407,0.834334,20,0,1000.000,2.497361,0.000000
48864,7,0.110609,0.843751,29,0,1000.000,2.285340,0.000000
48912,0,0.135833,0.862014,26,1,985.269,1.842088,0.000000
48912,1,0.127691,0.855190,27,0,1000.000,1.944514,0.000000
48912,2,0.123413,0.849576,27,0,1000.000,1.984144,0.000000
48912,3,0.123077,0.857746,36,0,1000.000,2.026889,0.000000
48912,4,0.131327,0.844607,39,0,1000.000,2.194320,0.000000
48912,5,0.126644,0.856740,28,0,1000.000,2.255321,0.000000
48912,6,0.121407,0.835857,33,0,1000.000,2.387495,0.000000
48912,7,0.110609,0.876774,23,0,1000.000,1.582391,0.000000
49008,0,0.135833,0.842385,47,0,1000.000,2.344061,0.000000
49008,1,0.127691,0.847075,42,1,977.381,1.715209,0.000000
49008,2,0.123413,0.837297,50,0,1000.000,2.095614,0.000000
49008,3,0.123077,0.821737,47,1,979.638,2.246708,0.000000
49008,4,0.131327,0.862078,45,0,1000.000,2.018280,0.000000
49008,5,0.126644,0.856347,51,0,1000.000,2.100373,0.000000
49008,6,0.121407,0.839330,52,0,1000.000,2.250906,0.000000
49008,7,0.110609,0.845097,39,0,1000.000,2.135838,0.000000
49056,0,0.135833,0.858503,24,1,962.667,1.649744,0.000000
49056,1,0.127691,0.877788,17,0,1000.000,1.829033,0.000000
49056,2,0.123413,0.837337,20,0,1000.000,2.548768,0.000000
49056,3,0.123077,0.852549,16,0,1000.000,1.940229,0.000000
49056,4,0.131327,0.851469,29,0,1000.000,1.981830,0.000000
49056,5,0.126644,0.865384,17,0,1000.000,1.880239,0.000000
49056,6,0.121407,0.843176,17,0,1000.000,2.255243,0.000000
49056,7,0.110609,0.852665,25,0,1000.000,2.177123,0.000000
49104,0,0.135833,0.871531,14,0,1000.000,1.930383,0.000000
49104,1,0.127691,0.840727,18,0,1000.000,2.049808,0.000000
49104,2,0.123413,0.880882,25,0,1000.000,1.534471,0.000000
49104,3,0.123077,0.882295,12,0,1000.000,1.330581,0.000000
49104,4,0.131327,0.860853,25,0,1000.000,1.936461,0.000000
49104,5,0.126644,0.880559,28,0,1000.000,2.032962,0.000000
49104,6,0.121407,0.870764,22,0,1000.000,1.815697,0.000000
49104,7,0.110609,0.853481,10,0,1000.000,2.293746,0.000000
49152,0,0.135833,0.860832,24,0,1000.000,1.570926,0.000000
49152,1,0.127691,0.858025,20,0,1000.000,2.049153,0.000000
49152,2,0.123413,0.831342,13,0,1000.000,2.208058,0.000000
49152,3,0.123077,0.870444,19,0,1000.000,2.110826,0.000000
49152,4,0.131327,0.879344,26,0,1000.000,1.881058,0.000000
49152,5,0.126644,0.881896,19,0,1000.000,1.768537,0.000000
49152,6,0.121407,0.812405,24,1,961.708,2.091550,0.000000
49152,7,0.110609,0.830747,19,1,952.368,1.866624,0.000000
49200,0,0.135833,0.855046,17,1,982.353,2.011974,0.000000
49200,1,0.127691,0.899165,18,0,1000.000,1.224525,0.000000
49200,2,0.123413,0.865463,24,0,1000.000,1.863180,0.000000
49200,3,0.123077,0.878756,26,0,1000.000,1.555926,0.000000
49200,4,0.131327,0.889016,17,0,1000.000,1.838207,0.000000
49200,5,0.126644,0.878113,17,0,1000.000,2.020350,0.000000
49200,6,0.121407,0.847862,15,0,1000.000,2.306434,0.000000
49200,7,0.110609,0.714319,17,3,840.588,1.844352,0.000000
49248,0,0.135833,0.843389,10,1,979.000,2.224669,0.000000
49248,1,0.127691,0.876158,27,0,1000.000,1.559080,0.000000
49248,2,0.123413,0.878050,19,0,1000.000,1.618233,0.000000
49248,3,0.123077,0.862449,16,0,1000.000,1.925471,0.000000
49248,4,0.131327,0.893868,16,0,1000.000,1.414021,0.000000
49248,5,0.126644,0.863241,18,0,1000.000,2.101600,0.000000
49248,6,0.121407,0.823875,17,1,945.824,1.938320,0.000000
49248,7,0.110609,0.876629,18,0,1000.000,1.539298,0.000000
49296,0,0.135833,0.873829,24,3,952.167,1.648660,0.000000
49296,1,0.127691,0.857459,11,0,1000.000,2.136934,0.000000
49296,2,0.123413,0.842914,29,0,1000.000,2.048265,0.000000
49296,3,0.123077,0.863191,25,0,1000.000,2.056853,0.000000
49296,4,0.131327,0.857887,25,0,1000.000,2.115173,0.000000
49296,5,0.126644,0.868170,23,0,1000.000,2.249084,0.000000
49296,6,0.121407,0.872451,20,0,1000.000,1.799889,0.000000
49296,7,0.110609,0.847831,23,1,959.261,1.680107,0.000000
49344,0,0.135833,0.806556,14,2,895.071,1.785004,0.000000
49344,1,0.127691,0.879976,26,0,1000.000,1.723838,0.000000
49344,2,0.123413,0.851672,23,0,1000.000,2.020347,0.000000
49344,3,0.123077,0.867941,26,0,1000.000,1.964569,0.000000
49344,4,0.131327,0.859610,25,0,1000.000,2.216194,0.000000
49344,5,0.126644,0.836795,19,0,1000.000,2.091475,0.000000
49344,6,0.121407,0.883781,21,0,1000.000,1.468697,0.000000
49344,7,0.110609,0.843836,22,1,958.000,1.751027,0.000000
49392,0,0.135833,0.863963,30,0,1000.000,1.397895,0.000000
49392,1,0.127691,0.873580,21,0,1000.000,2.030939,0.000000
49392,2,0.123413,0.882485,26,0,1000.000,1.636946,0.000000
49392,3,0.123077,0.854721,18,0,1000.000,2.227775,0.000000
49392,4,0.131327,0.829744,26,0,1000.000,2.475786,0.000000
49392,5,0.126644,0.868041,32,0,1000.000,1.913077,0.000000
49392,6,0.121407,0.862641,24,0,1000.000,1.877288,0.000000
49392,7,0.110609,0.878830,19,0,1000.000,1.706507,0.000000
49440,0,0.135833,0.855232,23,0,1000.000,1.937021,0.000000
49440,1,0.127691,0.873781,23,0,1000.000,1.352047,0.000000
49440,2,0.123413,0.858049,30,0,1000.000,1.996816,0.000000
49440,3,0.123077,0.843845,21,0,1000.000,2.332687,0.000000
49440,4,0.131327,0.859633,33,0,1000.000,1.907773,0.000000
49440,5,0.126644,0.906352,12,0,1000.000,1.138281,0.000000
49440,6,0.121407,0.864546,20,0,1000.000,1.861324,0.000000
49440,7,0.110609,0.873459,22,0,1000.000,1.962817,0.000000
49536,0,0.135833,0.871176,55,1,995.745,1.688030,0.000000
49536,1,0.127691,0.864681,47,0,1000.000,1.869191,0.000000
49536,2,0.123413,0.857500,52,0,1000.000,1.949279,0.000000
49536,3,0.123077,0.843957,48,0,1000.000,2.150533,0.000000
49536,4,0.131327,0.874184,39,0,1000.000,1.862248,0.000000
49536,5,0.126644,0.866504,64,0,1000.000,1.890381,0.000000
49536,6,0.121407,0.855502,52,1,981.846,1.781687,0.000000
49536,7,0.110609,0.802488,40,3,935.175,1.623503,0.000000
49584,0,0.135833,0.854488,35,0,1000.000,2.071822,0.000000
49584,1,0.127691,0.865574,37,0,1000.000,1.942589,0.000000
49584,2,0.123413,0.877488,38,0,1000.000,1.689716,0.000000
49584,3,0.123077,0.881754,24,0,1000.000,1.833435,0.000000
49584,4,0.131327,0.871137,32,0,1000.000,1.932690,0.000000
49584,5,0.126644,0.875252,37,0,1000.000,1.837384,0.000000
49584,6,0.121407,0.867572,27,0,1000.000,1.784207,0.000000
49584,7,0.110609,0.789792,31,3,910.452,1.667342,0.000000
49632,0,0.135833,0.851167,40,0,1000.000,2.053512,0.000000
49632,1,0.127691,0.866324,37,0,1000.000,2.038638,0.000000
49632,2,0.123413,0.859026,38,0,1000.000,1.886408,0.000000
49632,3,0.123077,0.849344,30,0,1000.000,2.291650,0.000000
49632,4,0.131327,0.871074,36,0,1000.000,1.746792,0.000000
49632,5,0.126644,0.843529,29,0,1000.000,2.131331,0.000000
49632,6,0.121407,0.875981,30,0,1000.000,1.610148,0.000000
49632,7,0.110609,0.874884,39,0,1000.000,1.772667,0.000000
49680,0,0.135833,0.872997,37,0,1000.000,1.916079,0.000000
49680,1,0.127691,0.845309,30,0,1000.000,2.120394,0.000000
49680,2,0.123413,0.840633,26,0,1000.000,2.107922,0.000000
49680,3,0.123077,0.836181,28,0,1000.000,2.400269,0.000000
49680,4,0.131327,0.881019,28,0,1000.000,1.655372,0.000000
49680,5,0.126644,0.856847,26,0,1000.000,2.022523,0.000000
49680,6,0.121407,0.836302,28,1,968.214,2.044082,0.000000
49680,7,0.110609,0.789100,24,2,922.167,1.967923,0.000000
49728,0,0.135833,0.864772,43,2,970.442,1.625688,0.000000
49728,1,0.127691,0.843686,27,0,1000.000,2.234446,0.000000
49728,2,0.123413,0.833361,23,0,1000.000,2.138965,0.000000
49728,3,0.123077,0.867536,24,0,1000.000,2.016461,0.000000
49728,4,0.131327,0.837716,32,0,1000.000,2.242330,0.000000
49728,5,0.126644,0.884924,22,0,1000.000,1.521709,0.000000
49728,6,0.121407,0.870262,29,0,1000.000,1.854580,0.000000
49728,7,0.110609,0.858683,25,0,1000.000,1.860923,0.000000
49776,0,0.135833,0.876248,38,0,1000.000,1.622388,0.000000
49776,1,0.127691,0.861375,33,0,1000.000,1.827260,0.000000
49776,2,0.123413,0.870383,20,0,1000.000,1.830145,0.000000
49776,3,0.123077,0.859743,31,0,1000.000,1.983356,0.000000
49776,4,0.131327,0.835971,31,1,968.871,1.818223,0.000000
49776,5,0.126644,0.857660,24,0,1000.000,1.946545,0.000000
49776,6,0.121407,0.867295,25,0,1000.000,1.793370,0.000000
49776,7,0.110609,0.871135,34,0,1000.000,1.694903,0.000000
49824,0,0.135833,0.861740,20,0,1000.000,1.973863,0.000000
49824,1,0.127691,0.848633,23,0,1000.000,1.921339,0.000000
49824,2,0.123413,0.869249,22,0,1000.000,1.895576,0.000000
49824,3,0.123077,0.826072,27,0,1000.000,2.098001,0.000000
49824,4,0.131327,0.863181,29,0,1000.000,2.055310,0.000000
49824,5,0.126644,0.850918,28,0,1000.000,2.026923,0.000000
49824,6,0.121407,0.871395,23,0,1000.000,1.921956,0.000000
49824,7,0.110609,0.866580,24,0,1000.000,1.912072,0.000000
49872,0,0.135833,0.861373,31,0,1000.000,1.710651,0.000000
49872,1,0.127691,0.864720,18,0,1000.000,1.684691,0.000000
49872,2,0.123413,0.857665,29,0,1000.000,2.033655,0.000000
49872,3,0.123077,0.858352,36,0,1000.000,1.812981,0.000000
49872,4,0.131327,0.829397,27,0,1000.000,2.387991,0.000000
49872,5,0.126644,0.847940,31,0,1000.000,2.055996,0.000000
49872,6,0.121407,0.831033,24,0,1000.000,2.015779,0.000000
49872,7,0.110609,0.865821,24,0,1000.000,2.021610,0.000000
49920,0,0.135833,0.854494,35,1,973.657,1.761211,0.000000
49920,1,0.127691,0.871513,34,0,1000.000,1.648205,0.000000
49920,2,0.123413,0.838592,17,0,1000.000,2.043868,0.000000
49920,3,0.123077,0.867782,25,0,1000.000,2.036117,0.000000
49920,4,0.131327,0.872122,40,0,1000.000,1.770733,0.000000
49920,5,0.126644,0.837619,25,0,1000.000,2.228879,0.000000
49920,6,0.121407,0.869949,34,0,1000.000,1.875354,0.000000
49920,7,0.110609,0.824596,21,2,933.333,1.898896,0.000000
49968,0,0.135833,0.859939,23,0,1000.000,2.101744,0.000000
49968,1,0.127691,0.846464,23,0,1000.000,1.989335,0.000000
49968,2,0.123413,0.828245,23,0,1000.000,2.430252,0.000000
49968,3,0.123077,0.878589,18,0,1000.000,1.554250,0.000000
49968,4,0.131327,0.839650,29,0,1000.000,2.074974,0.000000
49968,5,0.126644,0.883112,23,0,1000.000,1.437524,0.000000
49968,6,0.121407,0.880136,24,0,1000.000,1.763373,0.000000
49968,7,0.110609,0.880070,17,0,1000.000,1.869235,0.000000
50016,0,0.135833,0.844327,39,1,976.308,1.552828,0.000000
50016,1,0.127691,0.827003,22,0,1000.000,2.154541,0.000000
50016,2,0.123413,0.874629,24,0,1000.000,1.647694,0.000000
50016,3,0.123077,0.818763,16,0,1000.000,2.025714,0.000000
50016,4,0.131327,0.888789,28,0,1000.000,1.577458,0.000000
50016,5,0.126644,0.862556,21,0,1000.000,2.059491,0.000000
50016,6,0.121407,0.829625,24,0,1000.000,2.202085,0.000000
50016,7,0.110609,0.872808,12,0,1000.000,1.915239,0.000000
50064,0,0.135833,0.856755,24,2,938.833,1.618927,0.000000
50064,1,0.127691,0.861312,20,0,1000.000,1.830830,0.000000
50064,2,0.123413,0.858167,23,0,1000.000,1.737032,0.000000
50064,3,0.123077,0.862797,23,0,1000.000,1.987799,0.000000
50064,4,0.131327,0.806854,18,0,1000.000,2.262789,0.000000
50064,5,0.126644,0.883566,21,0,1000.000,1.800915,0.000000
50064,6,0.121407,0.823022,17,1,949.765,1.865768,0.000000
50064,7,0.110609,0.761771,22,3,898.318,2.249092,0.000000
50112,0,0.135833,0.855727,21,1,967.381,1.887649,0.000000
50112,1,0.127691,0.843110,26,0,1000.000,1.836817,0.000000
50112,2,0.123413,0.876209,18,0,1000.000,1.602169,0.000000
50112,3,0.123077,0.854946,20,0,1000.000,2.188425,0.000000
50112,4,0.131327,0.883456,15,0,1000.000,1.931389,0.000000
50112,5,0.126644,0.881969,15,0,1000.000,1.755176,0.000000
50112,6,0.121407,0.866989,17,0,1000.000,1.965858,0.000000
50112,7,0.110609,0.823508,19,1,950.000,1.531798,0.000000
50160,0,0.135833,0.848077,18,1,949.833,1.686137,0.000000
50160,1,0.127691,0.880541,17,0,1000.000,1.628612,0.000000
50160,2,0.123413,0.854114,19,0,1000.000,2.011161,0.000000
50160,3,0.123077,0.868497,25,0,1000.000,1.829195,0.000000
50160,4,0.131327,0.857172,15,0,1000.000,2.094657,0.000000
50160,5,0.126644,0.837174,22,0,1000.000,2.499207,0.000000
50160,6,0.121407,0.865004,28,0,1000.000,2.068916,0.000000
50160,7,0.110609,0.859830,22,0,1000.000,2.001832,0.000000
50208,0,0.135833,0.858499,19,2,947.632,1.727750,0.000000
50208,1,0.127691,0.840592,24,0,1000.000,1.906678,0.000000
50208,2,0.123413,0.847510,16,0,1000.000,1.967245,0.000000
50208,3,0.123077,0.818118,18,0,1000.000,2.398200,0.000000
50208,4,0.131327,0.861607,15,0,1000.000,2.095470,0.000000
50208,5,0.126644,0.826125,21,0,1000.000,2.482507,0.000000
50208,6,0.121407,0.861805,20,0,1000.000,2.031540,0.000000
50208,7,0.110609,0.882222,14,0,1000.000,1.818291,0.000000
50256,0,0.135833,0.853797,25,0,1000.000,1.953778,0.000000
50256,1,0.127691,0.879518,17,0,1000.000,1.897633,0.000000
50256,2,0.123413,0.851430,19,0,1000.000,2.361734,0.000000
50256,3,0.123077,0.828457,19,0,1000.000,2.380671,0.000000
50256,4,0.131327,0.854233,17,0,1000.000,1.812464,0.000000
50256,5,0.126644,0.872770,17,0,1000.000,1.916268,0.000000
50256,6,0.121407,0.868651,18,0,1000.000,1.923388,0.000000
50256,7,0.110609,0.863537,17,0,1000.000,1.937338,0.000000
50304,0,0.135833,0.847824,20,0,1000.000,2.138525,0.000000
50304,1,0.127691,0.862219,24,0,1000.000,1.909243,0.000000
50304,2,0.123413,0.854404,22,0,1000.000,1.952582,0.000000
50304,3,0.123077,0.870003,19,0,1000.000,1.786140,0.000000
50304,4,0.131327,0.849266,24,0,1000.000,2.131858,0.000000
50304,5,0.126644,0.896164,21,0,1000.000,1.390197,0.000000
50304,6,0.121407,0.854223,22,0,1000.000,1.865062,0.000000
50304,7,0.110609,0.865864,21,0,1000.000,2.015278,0.000000
50352,0,0.135833,0.880687,21,0,1000.000,1.666246,0.000000
50352,1,0.127691,0.836149,26,0,1000.000,2.027378,0.000000
50352,2,0.123413,0.861328,28,0,1000.000,1.841324,0.000000
50352,3,0.123077,0.862849,24,0,1000.000,2.014458,0.000000
50352,4,0.131327,0.879068,20,0,1000.000,1.676640,0.000000
50352,5,0.126644,0.851520,22,0,1000.000,2.197531,0.000000
50352,6,0.121407,0.851963,20,0,1000.000,1.837574,0.000000
50352,7,0.110609,0.831291,16,0,1000.000,2.185737,0.000000
50400,0,0.135833,0.858368,23,0,1000.000,1.872594,0.000000
50400,1,0.127691,0.881776,23,0,1000.000,1.848063,0.000000
50400,2,0.123413,0.871930,34,0,1000.000,1.888474,0.000000
50400,3,0.123077,0.890237,22,0,1000.000,1.439818,0.000000
50400,4,0.131327,0.855320,27,0,1000.000,2.098147,0.000000
50400,5,0.126644,0.860972,34,0,1000.000,1.907545,0.000000
50400,6,0.121407,0.890885,15,0,1000.000,1.527506,0.000000
50400,7,0.110609,0.858126,19,1,994.947,1.621473,0.000000
50448,0,0.110958,0.860317,25,0,1000.000,1.906947,0.000000
50448,1,0.126220,0.815720,16,0,1000.000,2.315321,0.000000
50448,2,0.125458,0.859602,24,0,1000.000,1.925685,0.000000
50448,3,0.128549,0.859775,24,0,1000.000,2.176423,0.000000
50448,4,0.123992,0.888249,26,0,1000.000,1.447540,0.000000
50448,5,0.128196,0.866968,29,0,1000.000,1.920530,0.000000
50448,6,0.128509,0.854951,15,0,1000.000,1.623257,0.000000
50448,7,0.128118,0.831796,22,1,959.636,1.784281,0.000000
50496,0,0.110958,0.831277,18,0,1000.000,2.433736,0.000000
50496,1,0.126220,0.876785,14,0,1000.000,1.586854,0.000000
50496,2,0.125458,0.864378,23,0,1000.000,1.955162,0.000000
50496,3,0.128549,0.880132,18,0,1000.000,1.872809,0.000000
50496,4,0.123992,0.855099,30,0,1000.000,2.120865,0.000000
50496,5,0.128196,0.861761,31,0,1000.000,2.287098,0.000000
50496,6,0.128509,0.866212,21,0,1000.000,1.950608,0.000000
50496,7,0.128118,0.889512,24,0,1000.000,1.792259,0.000000
50544,0,0.110958,0.866480,26,0,1000.000,1.897902,0.000000
50544,1,0.126220,0.863399,27,0,1000.000,1.766158,0.000000
50544,2,0.125458,0.868526,32,0,1000.000,1.938613,0.000000
50544,3,0.128549,0.862471,40,0,1000.000,1.986741,0.000000
50544,4,0.123992,0.855161,34,0,1000.000,1.974296,0.000000
50544,5,0.128196,0.874736,26,0,1000.000,1.563084,0.000000
50544,6,0.128509,0.862987,28,1,992.321,1.748555,0.000000
50544,7,0.128118,0.862877,24,0,1000.000,1.799370,0.000000
50592,0,0.110958,0.839036,24,0,1000.000,2.302034,0.000000
50592,1,0.126220,0.881671,26,0,1000.000,1.952561,0.000000
50592,2,0.125458,0.873563,34,0,1000.000,1.642273,0.000000
50592,3,0.128549,0.892987,40,0,1000.000,1.528578,0.000000
50592,4,0.123992,0.877924,38,0,1000.000,1.720826,0.000000
50592,5,0.128196,0.859139,23,0,1000.000,1.997127,0.000000
50592,6,0.128509,0.848982,30,0,1000.000,2.329726,0.000000
50592,7,0.128118,0.839295,34,1,974.088,1.856092,0.000000
50640,0,0.110958,0.893304,42,0,1000.000,1.606179,0.000000
50640,1,0.126220,0.876390,29,0,1000.000,1.750373,0.000000
50640,2,0.125458,0.875020,37,0,1000.000,1.897503,0.000000
50640,3,0.128549,0.856488,28,0,1000.000,1.976146,0.000000
50640,4,0.123992,0.865338,40,0,1000.000,2.070985,0.000000
50640,5,0.128196,0.880931,37,0,1000.000,1.696038,0.000000
50640,6,0.128509,0.858557,33,0,1000.000,2.337357,0.000000
50640,7,0.128118,0.870956,26,0,1000.000,1.774500,0.000000
50688,0,0.110958,0.859138,32,1,993.625,1.940565,0.000000
50688,1,0.126220,0.853024,21,0,1000.000,1.886556,0.000000
50688,2,0.125458,0.869185,23,0,1000.000,1.936385,0.000000
50688,3,0.128549,0.852179,30,0,1000.000,2.176288,0.000000
50688,4,0.123992,0.852708,30,0,1000.000,2.002909,0.000000
50688,5,0.128196,0.882232,34,0,1000.000,1.834683,0.000000
50688,6,0.128509,0.853433,36,1,975.111,1.514996,0.000000
50688,7,0.128118,0.811505,28,1,968.107,2.096380,0.000000
50736,0,0.110958,0.855540,21,0,1000.000,2.006702,0.000000
50736,1,0.126220,0.850803,32,0,1000.000,2.101382,0.000000
50736,2,0.125458,0.844586,28,0,1000.000,2.033806,0.000000
50736,3,0.128549,0.868865,19,0,1000.000,1.767622,0.000000
50736,4,0.123992,0.865161,33,0,1000.000,1.856686,0.000000
50736,5,0.128196,0.875165,28,0,1000.000,1.737289,0.000000
50736,6,0.128509,0.820487,30,0,1000.000,2.462706,0.000000
50736,7,0.128118,0.857581,33,0,1000.000,2.096624,0.000000
50784,0,0.110958,0.854351,28,0,1000.000,2.085742,0.000000
50784,1,0.126220,0.871525,38,0,1000.000,1.689758,0.000000
50784,2,0.125458,0.866194,24,0,1000.000,1.619737,0.000000
50784,3,0.128549,0.855981,25,0,1000.000,2.049443,0.000000
50784,4,0.123992,0.864162,31,0,1000.000,2.084029,0.000000
50784,5,0.128196,0.859277,26,0,1000.000,2.074881,0.000000
50784,6,0.128509,0.865247,36,0,1000.000,1.995779,0.000000
50784,7,0.128118,0.814199,26,2,937.038,1.897308,0.000000
50832,0,0.110958,0.862290,20,0,1000.000,1.698575,0.000000
50832,1,0.126220,0.863615,25,0,1000.000,2.004334,0.000000
50832,2,0.125458,0.863810,30,0,1000.000,2.046664,0.000000
50832,3,0.128549,0.843673,27,0,1000.000,2.245382,0.000000
50832,4,0.123992,0.848346,24,0,1000.000,2.235009,0.000000
50832,5,0.128196,0.874436,23,0,1000.000,1.812366,0.000000
50832,6,0.128509,0.848093,25,0,1000.000,2.054662,0.000000
50832,7,0.128118,0.837146,25,0,1000.000,2.155051,0.000000
50880,0,0.110958,0.880529,23,0,1000.000,1.687936,0.000000
50880,1,0.126220,0.874069,24,0,1000.000,1.602182,0.000000
50880,2,0.125458,0.852628,34,0,1000.000,1.938869,0.000000
50880,3,0.128549,0.878182,33,0,1000.000,1.699321,0.000000
50880,4,0.123992,0.886340,32,0,1000.000,1.473431,0.000000
50880,5,0.128196,0.878698,27,0,1000.000,1.543109,0.000000
50880,6,0.128509,0.856781,19,0,1000.000,2.112005,0.000000
50880,7,0.128118,0.869251,25,0,1000.000,1.864350,0.000000
50928,0,0.110958,0.863105,21,0,1000.000,2.046044,0.000000
50928,1,0.126220,0.866785,28,0,1000.000,1.914942,0.000000
50928,2,0.125458,0.869064,23,0,1000.000,1.873000,0.000000
50928,3,0.128549,0.876269,31,0,1000.000,1.843236,0.000000
50928,4,0.123992,0.847988,27,0,1000.000,2.039047,0.000000
50928,5,0.128196,0.868333,38,0,1000.000,1.820435,0.000000
50928,6,0.128509,0.889464,29,0,1000.000,1.546662,0.000000
50928,7,0.128118,0.759655,19,2,906.474,2.365186,0.000000
50976,0,0.110958,0.867410,16,0,1000.000,1.789797,0.000000
50976,1,0.126220,0.873335,19,0,1000.000,1.928274,0.000000
50976,2,0.125458,0.860365,23,0,1000.000,1.837552,0.000000
50976,3,0.128549,0.852679,23,0,1000.000,2.227568,0.000000
50976,4,0.123992,0.871833,25,0,1000.000,1.969559,0.000000
50976,5,0.128196,0.870436,19,0,1000.000,2.050785,0.000000
50976,6,0.128509,0.858769,33,0,1000.000,1.884118,0.000000
50976,7,0.128118,0.874511,25,0,1000.000,1.798975,0.000000
51024,0,0.110958,0.854629,19,0,1000.000,1.999267,0.000000
51024,1,0.126220,0.869831,21,0,1000.000,1.829520,0.000000
51024,2,0.125458,0.857776,23,0,1000.000,2.110144,0.000000
51024,3,0.128549,0.866946,35,0,1000.000,1.872314,0.000000
51024,4,0.123992,0.837840,23,0,1000.000,2.067888,0.000000
51024,5,0.128196,0.844133,20,0,1000.000,2.349513,0.000000
51024,6,0.128509,0.880899,18,0,1000.000,1.732603,0.000000
51024,7,0.128118,0.782359,25,2,928.120,2.268048,0.000000
51072,0,0.110958,0.883671,21,1,986.857,1.504716,0.000000
51072,1,0.126220,0.823239,20,0,1000.000,2.190008,0.000000
51072,2,0.125458,0.885022,18,0,1000.000,1.559635,0.000000
51072,3,0.128549,0.858195,19,0,1000.000,1.766309,0.000000
51072,4,0.123992,0.869719,24,0,1000.000,2.057681,0.000000
51072,5,0.128196,0.890568,17,0,1000.000,1.456224,0.000000
51072,6,0.128509,0.864311,24,0,1000.000,1.833363,0.000000
51072,7,0.128118,0.852747,23,0,1000.000,2.058817,0.000000
51120,0,0.110958,0.892753,16,0,1000.000,1.494043,0.000000
51120,1,0.126220,0.839340,19,0,1000.000,2.289985,0.000000
51120,2,0.125458,0.855817,18,0,1000.000,1.968611,0.000000
51120,3,0.128549,0.869098,20,0,1000.000,1.860081,0.000000
51120,4,0.123992,0.811769,13,0,1000.000,2.662934,0.000000
51120,5,0.128196,0.858156,20,0,1000.000,2.095084,0.000000
51120,6,0.128509,0.837218,25,1,965.640,1.735154,0.000000
51120,7,0.128118,0.874506,22,0,1000.000,1.936719,0.000000
51168,0,0.110958,0.898869,13,0,1000.000,1.103270,0.000000
51168,1,0.126220,0.875886,20,0,1000.000,1.513392,0.000000
51168,2,0.125458,0.874513,17,0,1000.000,1.792327,0.000000
51168,3,0.128549,0.873568,21,0,1000.000,1.783760,0.000000
51168,4,0.123992,0.859093,12,0,1000.000,2.072395,0.000000
51168,5,0.128196,0.851045,29,0,1000.000,2.104207,0.000000
51168,6,0.128509,0.855271,24,0,1000.000,2.083365,0.000000
51168,7,0.128118,0.862826,28,0,1000.000,2.053595,0.000000
51216,0,0.110958,0.896192,15,0,1000.000,1.312728,0.000000
51216,1,0.126220,0.872781,23,0,1000.000,1.872156,0.000000
51216,2,0.125458,0.876236,21,0,1000.000,1.851917,0.000000
51216,3,0.128549,0.867797,18,0,1000.000,2.133837,0.000000
51216,4,0.123992,0.869569,17,0,1000.000,1.798760,0.000000
51216,5,0.128196,0.854267,18,0,1000.000,2.193927,0.000000
51216,6,0.128509,0.832081,17,0,1000.000,2.307276,0.000000
51216,7,0.128118,0.872970,18,0,1000.000,1.958901,0.000000
51264,0,0.110958,0.878421,20,2,955.850,1.294916,0.000000
51264,1,0.126220,0.896280,21,0,1000.000,1.252993,0.000000
51264,2,0.125458,0.867101,20,0,1000.000,1.955137,0.000000
51264,3,0.128549,0.874651,22,0,1000.000,1.753887,0.000000
51264,4,0.123992,0.876137,18,0,1000.000,1.710054,0.000000
51264,5,0.128196,0.836717,17,0,1000.000,2.153951,0.000000
51264,6,0.128509,0.828290,23,1,960.957,1.882368,0.000000
51264,7,0.128118,0.821261,15,1,938.133,1.469906,0.000000
51312,0,0.110958,0.896108,20,1,971.800,1.096947,0.000000
51312,1,0.126220,0.849478,17,0,1000.000,1.762374,0.000000
51312,2,0.125458,0.872239,17,0,1000.000,1.722239,0.000000
51312,3,0.128549,0.874750,18,0,1000.000,1.727263,0.000000
51312,4,0.123992,0.880186,29,0,1000.000,1.668736,0.000000
51312,5,0.128196,0.867308,22,0,1000.000,1.703238,0.000000
51312,6,0.128509,0.893352,20,0,1000.000,1.574439,0.000000
51312,7,0.128118,0.853299,24,0,1000.000,2.163203,0.000000
51360,0,0.110958,0.843813,18,1,980.833,1.666422,0.000000
51360,1,0.126220,0.870161,22,0,1000.000,1.949512,0.000000
51360,2,0.125458,0.861251,27,0,1000.000,2.092930,0.000000
51360,3,0.128549,0.868277,30,0,1000.000,1.909485,0.000000
51360,4,0.123992,0.862165,23,0,1000.000,1.912618,0.000000
51360,5,0.128196,0.865341,23,0,1000.000,2.099246,0.000000
51360,6,0.128509,0.879105,24,0,1000.000,1.963528,0.000000
51360,7,0.128118,0.839422,19,0,1000.000,2.300253,0.000000
51408,0,0.110958,0.849550,28,2,953.179,1.828712,0.000000
51408,1,0.126220,0.850477,20,0,1000.000,1.634460,0.000000
51408,2,0.125458,0.863085,26,0,1000.000,2.206318,0.000000
51408,3,0.128549,0.846409,22,0,1000.000,2.264299,0.000000
51408,4,0.123992,0.859911,25,0,1000.000,2.090391,0.000000
51408,5,0.128196,0.865418,24,0,1000.000,1.998388,0.000000
51408,6,0.128509,0.866767,22,0,1000.000,1.697474,0.000000
51408,7,0.128118,0.784041,26,2,930.154,2.089339,0.000000
51456,0,0.110958,0.866696,24,1,972.750,1.936548,0.000000
51456,1,0.126220,0.850746,28,0,1000.000,2.047457,0.000000
51456,2,0.125458,0.870674,23,0,1000.000,1.842192,0.000000
51456,3,0.128549,0.856266,20,0,1000.000,2.071411,0.000000
51456,4,0.123992,0.834493,18,0,1000.000,2.278237,0.000000
51456,5,0.128196,0.850153,26,0,1000.000,1.966062,0.000000
51456,6,0.128509,0.878145,25,0,1000.000,1.636167,0.000000
51456,7,0.128118,0.821791,22,1,959.000,1.902666,0.000000
51552,0,0.110958,0.860490,46,0,1000.000,2.117321,0.000000
51552,1,0.126220,0.844597,47,0,1000.000,2.091186,0.000000
51552,2,0.125458,0.852878,56,0,1000.000,2.033569,0.000000
51552,3,0.128549,0.817330,46,1,979.370,2.113884,0.000000
51552,4,0.123992,0.869481,48,0,1000.000,1.849404,0.000000
51552,5,0.128196,0.860712,45,0,1000.000,2.044088,0.000000
51552,6,0.128509,0.859033,61,0,1000.000,2.150172,0.000000
51552,7,0.128118,0.839772,70,3,973.357,1.952727,0.000000
51600,0,0.110958,0.863263,28,2,947.000,1.555034,0.000000
51600,1,0.126220,0.874246,24,0,1000.000,1.707105,0.000000
51600,2,0.125458,0.838059,35,0,1000.000,2.170179,0.000000
51600,3,0.128549,0.874636,30,0,1000.000,2.059028,0.000000
51600,4,0.123992,0.873396,39,0,1000.000,1.919016,0.000000
51600,5,0.128196,0.880546,41,0,1000.000,1.690318,0.000000
51600,6,0.128509,0.847367,34,0,1000.000,2.231777,0.000000
51600,7,0.128118,0.838585,40,1,978.475,1.945199,0.000000
51648,0,0.110958,0.860933,23,1,963.391,1.722399,0.000000
51648,1,0.126220,0.861529,40,0,1000.000,1.920894,0.000000
51648,2,0.125458,0.865056,34,0,1000.000,2.064986,0.000000
51648,3,0.128549,0.867415,33,0,1000.000,1.934566,0.000000
51648,4,0.123992,0.875892,29,0,1000.000,1.872327,0.000000
51648,5,0.128196,0.845761,40,0,1000.000,2.240564,0.000000
51648,6,0.128509,0.849839,35,0,1000.000,2.302651,0.000000
51648,7,0.128118,0.863223,31,0,1000.000,2.010285,0.000000
51696,0,0.110958,0.865684,18,0,1000.000,1.988670,0.000000
51696,1,0.126220,0.829500,26,0,1000.000,2.390280,0.000000
51696,2,0.125458,0.863679,27,0,1000.000,1.972344,0.000000
51696,3,0.128549,0.870935,27,0,1000.000,1.744807,0.000000
51696,4,0.123992,0.877556,37,0,1000.000,1.770445,0.000000
51696,5,0.128196,0.833549,30,0,1000.000,2.430674,0.000000
51696,6,0.128509,0.869312,27,0,1000.000,1.873136,0.000000
51696,7,0.128118,0.820991,27,1,966.444,2.101089,0.000000
51744,0,0.110958,0.841436,31,0,1000.000,2.138108,0.000000
51744,1,0.126220,0.870258,28,0,1000.000,1.848964,0.000000
51744,2,0.125458,0.860256,33,0,1000.000,1.879772,0.000000
51744,3,0.128549,0.853821,26,0,1000.000,1.959129,0.000000
51744,4,0.123992,0.841365,29,0,1000.000,2.061590,0.000000
51744,5,0.128196,0.868770,30,0,1000.000,2.048452,0.000000
51744,6,0.128509,0.842261,23,0,1000.000,2.408035,0.000000
51744,7,0.128118,0.839373,32,1,970.688,1.946157,0.000000
51792,0,0.110958,0.865898,29,1,998.828,1.873085,0.000000
51792,1,0.126220,0.869867,31,0,1000.000,1.911799,0.000000
51792,2,0.125458,0.875781,29,0,1000.000,1.650169,0.000000
51792,3,0.128549,0.863830,28,0,1000.000,1.949390,0.000000
51792,4,0.123992,0.858692,37,0,1000.000,2.150753,0.000000
51792,5,0.128196,0.882107,26,0,1000.000,1.713507,0.000000
51792,6,0.128509,0.869432,35,0,1000.000,1.833121,0.000000
51792,7,0.128118,0.881291,16,0,1000.000,1.741974,0.000000
51840,0,0.110958,0.817547,19,0,1000.000,2.323543,0.000000
51840,1,0.126220,0.867988,25,0,1000.000,1.980159,0.000000
51840,2,0.125458,0.874618,18,0,1000.000,1.672290,0.000000
51840,3,0.128549,0.862309,28,0,1000.000,1.989934,0.000000
51840,4,0.123992,0.881589,25,0,1000.000,1.566051,0.000000
51840,5,0.128196,0.860387,31,0,1000.000,2.100104,0.000000
51840,6,0.128509,0.864477,20,0,1000.000,2.137256,0.000000
51840,7,0.128118,0.827143,20,1,953.800,1.763392,0.000000
51888,0,0.110958,0.861970,19,0,1000.000,1.726102,0.000000
51888,1,0.126220,0.869584,36,0,1000.000,1.636920,0.000000
51888,2,0.125458,0.880944,29,0,1000.000,1.482360,0.000000
51888,3,0.128549,0.845367,30,0,1000.000,2.046035,0.000000
51888,4,0.123992,0.860385,24,0,1000.000,2.031340,0.000000
51888,5,0.128196,0.887804,29,0,1000.000,1.658279,0.000000
51888,6,0.128509,0.820687,27,0,1000.000,2.499550,0.000000
51888,7,0.128118,0.862091,34,0,1000.000,2.104245,0.000000
51936,0,0.110958,0.857248,29,2,948.172,1.803730,0.000000
51936,1,0.126220,0.878149,26,0,1000.000,1.803745,0.000000
51936,2,0.125458,0.870088,26,0,1000.000,2.108296,0.000000
51936,3,0.128549,0.865023,24,0,1000.000,2.176626,0.000000
51936,4,0.123992,0.834494,22,0,1000.000,2.526253,0.000000
51936,5,0.128196,0.887069,29,0,1000.000,1.887825,0.000000
51936,6,0.128509,0.854696,23,0,1000.000,2.028239,0.000000
51936,7,0.128118,0.860040,39,0,1000.000,2.079671,0.000000
51984,0,0.110958,0.882631,20,0,1000.000,1.687660,0.000000
51984,1,0.126220,0.838028,26,0,1000.000,2.051289,0.000000
51984,2,0.125458,0.892100,17,0,1000.000,1.513575,0.000000
51984,3,0.128549,0.861188,31,0,1000.000,2.102306,0.000000
51984,4,0.123992,0.851633,26,0,1000.000,2.146470,0.000000
51984,5,0.128196,0.868609,18,0,1000.000,2.247501,0.000000
51984,6,0.128509,0.854175,21,0,1000.000,2.292805,0.000000
51984,7,0.128118,0.874056,24,0,1000.000,1.926901,0.000000
52032,0,0.110958,0.867115,22,0,1000.000,1.778026,0.000000
52032,1,0.126220,0.842503,15,0,1000.000,2.409387,0.000000
52032,2,0.125458,0.856511,18,0,1000.000,2.099418,0.000000
52032,3,0.128549,0.844285,26,1,962.769,1.777826,0.000000
52032,4,0.123992,0.866874,25,0,1000.000,1.963542,0.000000
52032,5,0.128196,0.840803,24,0,1000.000,2.163975,0.000000
52032,6,0.128509,0.862854,25,0,1000.000,1.966266,0.000000
52032,7,0.128118,0.862836,21,0,1000.000,2.235633,0.000000
52080,0,0.110958,0.894027,18,1,981.667,1.465472,0.000000
52080,1,0.126220,0.838271,17,0,1000.000,2.151930,0.000000
52080,2,0.125458,0.863089,18,0,1000.000,1.989362,0.000000
52080,3,0.128549,0.843421,24,0,1000.000,2.111036,0.000000
52080,4,0.123992,0.859443,15,0,1000.000,2.229456,0.000000
52080,5,0.128196,0.861972,22,0,1000.000,2.228569,0.000000
52080,6,0.128509,0.860282,16,0,1000.000,2.144231,0.000000
52080,7,0.128118,0.842214,34,1,976.235,1.886225,0.000000
52176,0,0.110958,0.862890,42,1,998.571,1.987941,0.000000
52176,1,0.126220,0.870596,33,0,1000.000,1.829107,0.000000
52176,2,0.125458,0.859058,44,0,1000.000,2.119972,0.000000
52176,3,0.128549,0.876270,43,0,1000.000,1.878475,0.000000
52176,4,0.123992,0.859359,40,0,1000.000,2.083422,0.000000
52176,5,0.128196,0.858847,38,0,1000.000,2.222303,0.000000
52176,6,0.128509,0.880560,33,0,1000.000,1.738561,0.000000
52176,7,0.128118,0.864900,43,0,1000.000,2.107684,0.000000
52224,0,0.110958,0.891481,22,4,980.409,1.316648,0.000000
52224,1,0.126220,0.863929,23,0,1000.000,1.952592,0.000000
52224,2,0.125458,0.871613,20,0,1000.000,1.818416,0.000000
52224,3,0.128549,0.859591,16,0,1000.000,2.077206,0.000000
52224,4,0.123992,0.858383,10,0,1000.000,2.157233,0.000000
52224,5,0.128196,0.827996,24,0,1000.000,2.651266,0.000000
52224,6,0.128509,0.856607,18,0,1000.000,2.151956,0.000000
52224,7,0.128118,0.879429,12,0,1000.000,1.786695,0.000000
52272,0,0.110958,0.858473,18,0,1000.000,1.924344,0.000000
52272,1,0.126220,0.855897,20,0,1000.000,2.046067,0.000000
52272,2,0.125458,0.857373,22,0,1000.000,2.041662,0.000000
52272,3,0.128549,0.860308,15,0,1000.000,2.107732,0.000000
52272,4,0.123992,0.886716,20,0,1000.000,1.686829,0.000000
52272,5,0.128196,0.879411,15,0,1000.000,1.974842,0.000000
52272,6,0.128509,0.868097,28,0,1000.000,1.871548,0.000000
52272,7,0.128118,0.846808,25,1,963.240,1.897642,0.000000
52320,0,0.110958,0.832382,16,0,1000.000,2.300216,0.000000
52320,1,0.126220,0.858558,20,0,1000.000,1.633405,0.000000
52320,2,0.125458,0.873832,20,0,1000.000,1.715255,0.000000
52320,3,0.128549,0.873115,20,0,1000.000,2.088938,0.000000
52320,4,0.123992,0.864455,25,0,1000.000,1.998393,0.000000
52320,5,0.128196,0.825160,23,0,1000.000,2.413278,0.000000
52320,6,0.128509,0.878097,17,0,1000.000,1.858011,0.000000
52320,7,0.128118,0.879468,21,0,1000.000,2.165130,0.000000
52368,0,0.110958,0.878418,22,1,969.455,1.588488,0.000000
52368,1,0.126220,0.879335,24,0,1000.000,1.780494,0.000000
52368,2,0.125458,0.849848,23,0,1000.000,2.200245,0.000000
52368,3,0.128549,0.880414,25,0,1000.000,1.873592,0.000000
52368,4,0.123992,0.881578,20,0,1000.000,1.759489,0.000000
52368,5,0.128196,0.853633,22,0,1000.000,2.184639,0.000000
52368,6,0.128509,0.875541,25,0,1000.000,1.730017,0.000000
52368,7,0.128118,0.774770,30,3,907.067,2.129478,0.000000
52416,0,0.110958,0.862382,23,1,995.609,1.898957,0.000000
52416,1,0.126220,0.860218,25,0,1000.000,2.159356,0.000000
52416,2,0.125458,0.867897,26,0,1000.000,1.946327,0.000000
52416,3,0.128549,0.883698,22,0,1000.000,1.876547,0.000000
52416,4,0.123992,0.887031,12,0,1000.000,1.947228,0.000000
52416,5,0.128196,0.855345,31,0,1000.000,2.344200,0.000000
52416,6,0.128509,0.864473,35,0,1000.000,2.157539,0.000000
52416,7,0.128118,0.868756,26,0,1000.000,1.873562,0.000000
52464,0,0.110958,0.854293,17,1,953.235,2.007067,0.000000
52464,1,0.126220,0.852682,16,0,1000.000,2.170825,0.000000
52464,2,0.125458,0.846054,25,0,1000.000,1.973548,0.000000
52464,3,0.128549,0.841690,18,0,1000.000,2.594056,0.000000
52464,4,0.123992,0.872352,20,0,1000.000,1.928161,0.000000
52464,5,0.128196,0.860543,24,0,1000.000,2.161845,0.000000
52464,6,0.128509,0.868659,27,0,1000.000,2.135375,0.000000
52464,7,0.128118,0.849314,15,0,1000.000,2.183073,0.000000
52512,0,0.110958,0.857518,17,0,1000.000,2.115876,0.000000
52512,1,0.126220,0.865066,28,0,1000.000,1.923178,0.000000
52512,2,0.125458,0.843481,31,0,1000.000,2.118226,0.000000
52512,3,0.128549,0.871243,30,0,1000.000,1.652819,0.000000
52512,4,0.123992,0.901564,18,0,1000.000,1.343043,0.000000
52512,5,0.128196,0.856913,29,1,968.034,1.613674,0.000000
52512,6,0.128509,0.841173,21,0,1000.000,2.525713,0.000000
52512,7,0.128118,0.881860,28,0,1000.000,1.666467,0.000000
52560,0,0.110958,0.866860,36,1,985.833,1.792671,0.000000
52560,1,0.126220,0.871253,29,0,1000.000,1.810767,0.000000
52560,2,0.125458,0.881586,25,0,1000.000,1.690318,0.000000
52560,3,0.128549,0.873045,33,0,1000.000,2.002705,0.000000
52560,4,0.123992,0.850414,30,0,1000.000,1.904230,0.000000
52560,5,0.128196,0.873320,29,0,1000.000,1.968886,0.000000
52560,6,0.128509,0.866304,34,0,1000.000,1.901797,0.000000
52560,7,0.128118,0.880807,25,0,1000.000,1.681326,0.000000
52608,0,0.110958,0.875804,40,0,1000.000,2.011603,0.000000
52608,1,0.126220,0.859551,32,0,1000.000,1.912620,0.000000
52608,2,0.125458,0.862506,37,0,1000.000,1.894346,0.000000
52608,3,0.128549,0.844607,37,0,1000.000,2.253952,0.000000
52608,4,0.123992,0.857737,23,0,1000.000,2.147968,0.000000
52608,5,0.128196,0.858632,32,0,1000.000,2.024025,0.000000
52608,6,0.128509,0.865880,49,0,1000.000,1.853776,0.000000
52608,7,0.128118,0.866803,32,0,1000.000,1.796783,0.000000
52656,0,0.110958,0.848372,27,1,965.111,1.771664,0.000000
52656,1,0.126220,0.861838,29,0,1000.000,1.960576,0.000000
52656,2,0.125458,0.852007,32,0,1000.000,2.183627,0.000000
52656,3,0.128549,0.868785,30,0,1000.000,1.979570,0.000000
52656,4,0.123992,0.864333,27,0,1000.000,1.826077,0.000000
52656,5,0.128196,0.865316,28,0,1000.000,1.970421,0.000000
52656,6,0.128509,0.841460,42,0,1000.000,2.162087,0.000000
52656,7,0.128118,0.878063,34,0,1000.000,1.828364,0.000000
52704,0,0.110958,0.827474,22,1,958.364,1.979570,0.000000
52704,1,0.126220,0.863355,34,0,1000.000,2.007833,0.000000
52704,2,0.125458,0.846745,27,0,1000.000,2.401786,0.000000
52704,3,0.128549,0.885170,28,0,1000.000,1.883728,0.000000
52704,4,0.123992,0.883656,25,0,1000.000,1.754315,0.000000
52704,5,0.128196,0.880239,29,0,1000.000,1.820020,0.000000
52704,6,0.128509,0.851223,26,0,1000.000,2.029164,0.000000
52704,7,0.128118,0.850821,25,0,1000.000,1.935025,0.000000
52752,0,0.110958,0.857755,27,1,979.148,1.934143,0.000000
52752,1,0.126220,0.869179,26,0,1000.000,1.848000,0.000000
52752,2,0.125458,0.837343,30,0,1000.000,2.139452,0.000000
52752,3,0.128549,0.827579,22,0,1000.000,2.472446,0.000000
52752,4,0.123992,0.852063,42,0,1000.000,2.302628,0.000000
52752,5,0.128196,0.858352,30,0,1000.000,2.026829,0.000000
52752,6,0.128509,0.853373,32,0,1000.000,2.109895,0.000000
52752,7,0.128118,0.845143,27,0,1000.000,2.241940,0.000000
52800,0,0.110958,0.849520,27,1,971.296,2.014851,0.000000
52800,1,0.126220,0.875936,36,1,996.694,1.751435,0.000000
52800,2,0.125458,0.848673,31,0,1000.000,2.062753,0.000000
52800,3,0.128549,0.843495,29,0,1000.000,2.265664,0.000000
52800,4,0.123992,0.840174,21,0,1000.000,2.471547,0.000000
52800,5,0.128196,0.854312,25,0,1000.000,2.063473,0.000000
52800,6,0.128509,0.881631,25,0,1000.000,1.865766,0.000000
52800,7,0.128118,0.823495,32,2,941.500,1.717875,0.000000
52848,0,0.125111,0.883204,20,1,967.100,1.386016,0.000000
52848,1,0.123642,0.870873,20,0,1000.000,1.723393,0.000000
52848,2,0.128711,0.830065,21,1,954.810,1.860458,0.000000
52848,3,0.125674,0.856073,35,0,1000.000,2.044912,0.000000
52848,4,0.121805,0.832500,17,0,1000.000,2.450065,0.000000
52848,5,0.121250,0.847639,18,0,1000.000,2.079029,0.000000
52848,6,0.120264,0.859801,33,0,1000.000,2.177800,0.000000
52848,7,0.133543,0.781072,28,2,933.071,2.253195,0.000000
52896,0,0.125111,0.876177,33,0,1000.000,1.827946,0.000000
52896,1,0.123642,0.860655,36,0,1000.000,1.980590,0.000000
52896,2,0.128711,0.852065,28,0,1000.000,2.197741,0.000000
52896,3,0.125674,0.855524,23,0,1000.000,1.937876,0.000000
52896,4,0.121805,0.874188,18,0,1000.000,1.805625,0.000000
52896,5,0.121250,0.879284,20,0,1000.000,1.745824,0.000000
52896,6,0.120264,0.851814,34,0,1000.000,2.174986,0.000000
52896,7,0.133543,0.872864,31,0,1000.000,2.016997,0.000000
52944,0,0.125111,0.865865,28,0,1000.000,2.009674,0.000000
52944,1,0.123642,0.852323,30,0,1000.000,2.046536,0.000000
52944,2,0.128711,0.867708,32,0,1000.000,1.845118,0.000000
52944,3,0.125674,0.845587,31,0,1000.000,2.328608,0.000000
52944,4,0.121805,0.885271,21,0,1000.000,2.071336,0.000000
52944,5,0.121250,0.884281,26,0,1000.000,1.690906,0.000000
52944,6,0.120264,0.838780,22,1,957.227,1.824464,0.000000
52944,7,0.133543,0.870040,27,0,1000.000,2.017343,0.000000
52992,0,0.125111,0.876006,23,0,1000.000,1.750589,0.000000
52992,1,0.123642,0.874654,24,0,1000.000,1.898145,0.000000
52992,2,0.128711,0.887083,30,0,1000.000,1.638125,0.000000
52992,3,0.125674,0.873490,24,0,1000.000,2.036789,0.000000
52992,4,0.121805,0.867741,23,0,1000.000,2.156663,0.000000
52992,5,0.121250,0.862119,22,0,1000.000,1.869955,0.000000
52992,6,0.120264,0.868924,16,0,1000.000,2.082993,0.000000
52992,7,0.133543,0.882843,20,0,1000.000,1.839040,0.000000
53040,0,0.125111,0.893257,18,0,1000.000,1.679888,0.000000
53040,1,0.123642,0.857518,23,0,1000.000,2.228440,0.000000
53040,2,0.128711,0.858306,26,0,1000.000,1.960185,0.000000
53040,3,0.125674,0.866029,14,0,1000.000,1.996860,0.000000
53040,4,0.121805,0.868449,24,0,1000.000,1.919019,0.000000
53040,5,0.121250,0.879548,17,0,1000.000,1.892134,0.000000
53040,6,0.120264,0.885240,22,0,1000.000,1.729720,0.000000
53040,7,0.133543,0.884961,24,0,1000.000,1.760709,0.000000
53088,0,0.125111,0.843011,19,0,1000.000,2.111125,0.000000
53088,1,0.123642,0.861299,22,0,1000.000,1.901295,0.000000
53088,2,0.128711,0.877442,29,0,1000.000,1.777871,0.000000
53088,3,0.125674,0.867082,22,0,1000.000,2.208884,0.000000
53088,4,0.121805,0.891739,16,0,1000.000,1.920124,0.000000
53088,5,0.121250,0.857115,13,0,1000.000,2.021618,0.000000
53088,6,0.120264,0.866084,23,0,1000.000,2.029438,0.000000
53088,7,0.133543,0.885279,19,0,1000.000,1.695399,0.000000
53184,0,0.125111,0.875905,39,0,1000.000,1.781387,0.000000
53184,1,0.123642,0.885773,35,0,1000.000,1.498842,0.000000
53184,2,0.128711,0.856906,32,0,1000.000,2.097899,0.000000
53184,3,0.125674,0.875774,50,0,1000.000,1.955287,0.000000
53184,4,0.121805,0.859867,27,0,1000.000,2.351814,0.000000
53184,5,0.121250,0.870941,50,0,1000.000,1.868374,0.000000
53184,6,0.120264,0.874874,35,0,1000.000,1.864420,0.000000
53184,7,0.133543,0.866767,46,0,1000.000,2.030009,0.000000
53232,0,0.125111,0.889141,15,0,1000.000,1.469715,0.000000
53232,1,0.123642,0.882013,18,0,1000.000,1.655764,0.000000
53232,2,0.128711,0.862238,24,0,1000.000,2.063905,0.000000
53232,3,0.125674,0.861489,22,0,1000.000,2.073975,0.000000
53232,4,0.121805,0.879288,16,0,1000.000,1.759153,0.000000
53232,5,0.121250,0.897141,14,0,1000.000,1.552080,0.000000
53232,6,0.120264,0.874992,21,0,1000.000,1.767241,0.000000
53232,7,0.133543,0.851107,15,0,1000.000,2.337266,0.000000
53280,0,0.125111,0.850537,22,0,1000.000,2.244290,0.000000
53280,1,0.123642,0.855315,26,0,1000.000,2.282398,0.000000
53280,2,0.128711,0.857101,17,0,1000.000,1.833711,0.000000
53280,3,0.125674,0.870337,21,0,1000.000,1.968436,0.000000
53280,4,0.121805,0.840368,8,0,1000.000,1.954553,0.000000
53280,5,0.121250,0.882373,24,0,1000.000,1.760258,0.000000
53280,6,0.120264,0.850782,18,0,1000.000,2.149576,0.000000
53280,7,0.133543,0.859564,30,0,1000.000,1.973802,0.000000
53328,0,0.125111,0.846813,16,0,1000.000,2.209088,0.000000
53328,1,0.123642,0.851050,14,0,1000.000,2.365282,0.000000
53328,2,0.128711,0.894284,16,0,1000.000,1.673136,0.000000
53328,3,0.125674,0.863312,26,0,1000.000,1.947079,0.000000
53328,4,0.121805,0.827783,15,0,1000.000,2.521546,0.000000
53328,5,0.121250,0.862366,18,0,1000.000,2.256719,0.000000
53328,6,0.120264,0.859327,28,0,1000.000,2.044922,0.000000
53328,7,0.133543,0.814083,25,1,964.840,2.055162,0.000000
53376,0,0.125111,0.867569,25,0,1000.000,1.777594,0.000000
53376,1,0.123642,0.870273,23,0,1000.000,2.186052,0.000000
53376,2,0.128711,0.879057,28,0,1000.000,1.703267,0.000000
53376,3,0.125674,0.861066,26,0,1000.000,2.151828,0.000000
53376,4,0.121805,0.865153,21,0,1000.000,2.016123,0.000000
53376,5,0.121250,0.861730,26,0,1000.000,1.962772,0.000000
53376,6,0.120264,0.875322,20,0,1000.000,1.730432,0.000000
53376,7,0.133543,0.879639,34,0,1000.000,1.671875,0.000000
53424,0,0.125111,0.884702,16,0,1000.000,1.698379,0.000000
53424,1,0.123642,0.857378,27,0,1000.000,2.187196,0.000000
53424,2,0.128711,0.865623,25,0,1000.000,1.788448,0.000000
53424,3,0.125674,0.875306,26,0,1000.000,2.115036,0.000000
53424,4,0.121805,0.830234,23,0,1000.000,2.030844,0.000000
53424,5,0.121250,0.851524,26,0,1000.000,2.084291,0.000000
53424,6,0.120264,0.847548,27,0,1000.000,2.078983,0.000000
53424,7,0.133543,0.848542,25,1,965.960,1.746489,0.000000
53472,0,0.125111,0.881503,17,0,1000.000,1.742192,0.000000
53472,1,0.123642,0.857400,17,0,1000.000,1.993975,0.000000
53472,2,0.128711,0.851978,23,0,1000.000,2.025886,0.000000
53472,3,0.125674,0.887984,16,0,1000.000,1.626244,0.000000
53472,4,0.121805,0.853240,28,0,1000.000,2.139185,0.000000
53472,5,0.121250,0.860014,19,0,1000.000,2.191852,0.000000
53472,6,0.120264,0.854956,16,0,1000.000,2.202753,0.000000
53472,7,0.133543,0.819393,19,1,951.158,1.972954,0.000000
53520,0,0.125111,0.866165,17,0,1000.000,1.712615,0.000000
53520,1,0.123642,0.881798,24,0,1000.000,1.569216,0.000000
53520,2,0.128711,0.844106,29,0,1000.000,2.270016,0.000000
53520,3,0.125674,0.860259,32,0,1000.000,2.038561,0.000000
53520,4,0.121805,0.886063,33,0,1000.000,1.700161,0.000000
53520,5,0.121250,0.877854,28,0,1000.000,1.766757,0.000000
53520,6,0.120264,0.842454,17,0,1000.000,2.487567,0.000000
53520,7,0.133543,0.854397,28,1,966.393,1.838646,0.000000
53568,0,0.125111,0.858586,33,0,1000.000,1.954190,0.000000
53568,1,0.123642,0.848792,29,0,1000.000,2.198788,0.000000
53568,2,0.128711,0.860193,36,0,1000.000,2.026746,0.000000
53568,3,0.125674,0.855047,37,0,1000.000,2.150422,0.000000
53568,4,0.121805,0.867208,33,0,1000.000,1.927910,0.000000
53568,5,0.121250,0.875180,33,0,1000.000,1.696743,0.000000
53568,6,0.120264,0.872248,23,0,1000.000,1.740738,0.000000
53568,7,0.133543,0.865176,34,0,1000.000,1.953280,0.000000
53616,0,0.125111,0.839087,31,0,1000.000,2.316779,0.000000
53616,1,0.123642,0.866327,42,0,1000.000,1.664641,0.000000
53616,2,0.128711,0.866100,35,0,1000.000,1.845221,0.000000
53616,3,0.125674,0.827782,40,1,976.400,1.914391,0.000000
53616,4,0.121805,0.871473,23,0,1000.000,1.635882,0.000000
53616,5,0.121250,0.867670,36,0,1000.000,2.098215,0.000000
53616,6,0.120264,0.836128,36,1,975.694,2.053656,0.000000
53616,7,0.133543,0.879579,47,0,1000.000,1.831532,0.000000
53664,0,0.125111,0.850960,29,0,1000.000,1.898200,0.000000
53664,1,0.123642,0.866045,35,0,1000.000,1.889012,0.000000
53664,2,0.128711,0.861438,23,0,1000.000,2.153533,0.000000
53664,3,0.125674,0.878259,27,0,1000.000,1.915035,0.000000
53664,4,0.121805,0.848775,34,0,1000.000,2.348094,0.000000
53664,5,0.121250,0.853562,28,0,1000.000,2.092600,0.000000
53664,6,0.120264,0.875896,20,0,1000.000,1.862140,0.000000
53664,7,0.133543,0.829338,30,1,968.033,2.228001,0.000000
53712,0,0.125111,0.873219,28,0,1000.000,1.755734,0.000000
53712,1,0.123642,0.860800,30,0,1000.000,1.999112,0.000000
53712,2,0.128711,0.867328,29,0,1000.000,1.972459,0.000000
53712,3,0.125674,0.869937,25,0,1000.000,1.939289,0.000000
53712,4,0.121805,0.887725,26,0,1000.000,1.798847,0.000000
53712,5,0.121250,0.806419,29,1,967.586,2.126415,0.000000
53712,6,0.120264,0.835090,23,0,1000.000,2.037962,0.000000
53712,7,0.133543,0.877798,36,0,1000.000,1.615814,0.000000
53760,0,0.125111,0.862937,23,0,1000.000,1.940665,0.000000
53760,1,0.123642,0.845967,29,0,1000.000,2.116757,0.000000
53760,2,0.128711,0.873019,34,0,1000.000,1.745017,0.000000
53760,3,0.125674,0.872033,27,0,1000.000,1.878166,0.000000
53760,4,0.121805,0.887710,26,0,1000.000,1.681800,0.000000
53760,5,0.121250,0.867838,23,0,1000.000,1.585915,0.000000
53760,6,0.120264,0.840111,30,0,1000.000,2.281096,0.000000
53760,7,0.133543,0.827985,36,2,958.667,1.815884,0.000000
53808,0,0.125111,0.862174,26,1,988.538,1.823717,0.000000
53808,1,0.123642,0.856721,29,0,1000.000,2.227799,0.000000
53808,2,0.128711,0.847729,22,0,1000.000,2.207230,0.000000
53808,3,0.125674,0.847496,39,0,1000.000,2.142432,0.000000
53808,4,0.121805,0.857229,23,0,1000.000,1.973311,0.000000
53808,5,0.121250,0.859993,20,0,1000.000,2.416812,0.000000
53808,6,0.120264,0.847249,31,0,1000.000,2.101556,0.000000
53808,7,0.133543,0.826154,35,1,973.486,2.006638,0.000000
53856,0,0.125111,0.861138,25,0,1000.000,1.703437,0.000000
53856,1,0.123642,0.855918,19,0,1000.000,2.103707,0.000000
53856,2,0.128711,0.844601,17,0,1000.000,2.169349,0.000000
53856,3,0.125674,0.837163,22,0,1000.000,2.287459,0.000000
53856,4,0.121805,0.875941,28,0,1000.000,1.916485,0.000000
53856,5,0.121250,0.871426,19,0,1000.000,1.642762,0.000000
53856,6,0.120264,0.859913,34,1,987.382,1.931724,0.000000
53856,7,0.133543,0.842342,27,0,1000.000,2.250539,0.000000
53904,0,0.125111,0.850670,36,2,973.583,1.824411,0.000000
53904,1,0.123642,0.849810,40,0,1000.000,2.014825,0.000000
53904,2,0.128711,0.856507,35,0,1000.000,1.874395,0.000000
53904,3,0.125674,0.871387,30,0,1000.000,1.765627,0.000000
53904,4,0.121805,0.848382,29,0,1000.000,1.942947,0.000000
53904,5,0.121250,0.855473,22,0,1000.000,1.954904,0.000000
53904,6,0.120264,0.851671,28,0,1000.000,1.983440,0.000000
53904,7,0.133543,0.849852,26,1,987.423,2.157448,0.000000
53952,0,0.125111,0.840344,23,0,1000.000,2.152828,0.000000
53952,1,0.123642,0.849757,21,0,1000.000,1.917377,0.000000
53952,2,0.128711,0.869604,21,0,1000.000,2.042984,0.000000
53952,3,0.125674,0.886979,23,0,1000.000,1.794548,0.000000
53952,4,0.121805,0.861534,23,0,1000.000,1.935253,0.000000
53952,5,0.121250,0.878247,24,0,1000.000,1.895956,0.000000
53952,6,0.120264,0.854366,19,0,1000.000,2.146699,0.000000
53952,7,0.133543,0.863077,36,0,1000.000,1.889962,0.000000
54000,0,0.125111,0.861646,22,0,1000.000,1.470788,0.000000
54000,1,0.123642,0.881493,29,0,1000.000,1.735335,0.000000
54000,2,0.128711,0.836706,29,0,1000.000,2.238009,0.000000
54000,3,0.125674,0.855310,23,0,1000.000,1.934312,0.000000
54000,4,0.121805,0.867349,25,0,1000.000,1.867147,0.000000
54000,5,0.121250,0.874085,18,0,1000.000,1.699521,0.000000
54000,6,0.120264,0.803798,19,1,951.053,2.182021,0.000000
54000,7,0.133543,0.806341,23,1,959.304,2.216543,0.000000
54048,0,0.125111,0.844343,20,1,960.650,1.960421,0.000000
54048,1,0.123642,0.840971,22,0,1000.000,2.105166,0.000000
54048,2,0.128711,0.832019,17,0,1000.000,1.743917,0.000000
54048,3,0.125674,0.864806,19,0,1000.000,1.804703,0.000000
54048,4,0.121805,0.869783,21,0,1000.000,2.013856,0.000000
54048,5,0.121250,0.840341,18,0,1000.000,2.225528,0.000000
54048,6,0.120264,0.866257,24,0,1000.000,1.776603,0.000000
54048,7,0.133543,0.891079,21,0,1000.000,1.441468,0.000000
54096,0,0.125111,0.869431,19,0,1000.000,1.791871,0.000000
54096,1,0.123642,0.857105,21,0,1000.000,1.834596,0.000000
54096,2,0.128711,0.875685,31,0,1000.000,1.791441,0.000000
54096,3,0.125674,0.857677,18,0,1000.000,1.882099,0.000000
54096,4,0.121805,0.847136,24,0,1000.000,1.926150,0.000000
54096,5,0.121250,0.827260,23,0,1000.000,2.190167,0.000000
54096,6,0.120264,0.850017,19,0,1000.000,1.904148,0.000000
54096,7,0.133543,0.892854,11,0,1000.000,1.549137,0.000000
54144,0,0.125111,0.847829,21,0,1000.000,1.986196,0.000000
54144,1,0.123642,0.873038,23,0,1000.000,1.891264,0.000000
54144,2,0.128711,0.872779,20,0,1000.000,1.919486,0.000000
54144,3,0.125674,0.849164,24,0,1000.000,2.220168,0.000000
54144,4,0.121805,0.845981,25,0,1000.000,2.126574,0.000000
54144,5,0.121250,0.881079,11,0,1000.000,1.547352,0.000000
54144,6,0.120264,0.836770,22,0,1000.000,2.334402,0.000000
54144,7,0.133543,0.793463,17,0,1000.000,2.584852,0.000000
54192,0,0.125111,0.859951,23,0,1000.000,1.903279,0.000000
54192,1,0.123642,0.857313,16,0,1000.000,2.183043,0.000000
54192,2,0.128711,0.829975,22,0,1000.000,2.402912,0.000000
54192,3,0.125674,0.864661,22,0,1000.000,1.872400,0.000000
54192,4,0.121805,0.834714,14,0,1000.000,2.293219,0.000000
54192,5,0.121250,0.843377,15,0,1000.000,1.969795,0.000000
54192,6,0.120264,0.854993,22,0,1000.000,2.085522,0.000000
54192,7,0.133543,0.870004,19,0,1000.000,1.961208,0.000000
54240,0,0.125111,0.867633,20,0,1000.000,1.602451,0.000000
54240,1,0.123642,0.870443,18,0,1000.000,1.744226,0.000000
54240,2,0.128711,0.879712,15,0,1000.000,1.898640,0.000000
54240,3,0.125674,0.858528,23,0,1000.000,1.973138,0.000000
54240,4,0.121805,0.869226,16,0,1000.000,1.982977,0.000000
54240,5,0.121250,0.880313,9,0,1000.000,1.456954,0.000000
54240,6,0.120264,0.854022,17,0,1000.000,2.273424,0.000000
54240,7,0.133543,0.843759,18,0,1000.000,2.174437,0.000000
54288,0,0.125111,0.866941,31,1,976.806,1.832682,0.000000
54288,1,0.123642,0.825126,13,0,1000.000,2.372225,0.000000
54288,2,0.128711,0.851417,17,0,1000.000,1.791020,0.000000
54288,3,0.125674,0.825373,24,0,1000.000,2.277312,0.000000
54288,4,0.121805,0.888246,12,0,1000.000,1.481951,0.000000
54288,5,0.121250,0.865470,21,0,1000.000,2.038066,0.000000
54288,6,0.120264,0.863502,18,0,1000.000,1.849150,0.000000
54288,7,0.133543,0.849459,27,0,1000.000,2.180486,0.000000
54336,0,0.125111,0.886514,14,0,1000.000,1.552080,0.000000
54336,1,0.123642,0.849925,21,0,1000.000,1.992610,0.000000
54336,2,0.128711,0.864557,24,0,1000.000,1.804435,0.000000
54336,3,0.125674,0.876231,16,0,1000.000,1.861586,0.000000
54336,4,0.121805,0.844665,24,0,1000.000,2.233988,0.000000
54336,5,0.121250,0.827511,25,1,964.200,1.693621,0.000000
54336,6,0.120264,0.856772,22,0,1000.000,2.311176,0.000000
54336,7,0.133543,0.847638,20,0,1000.000,1.946823,0.000000
54384,0,0.125111,0.805434,17,0,1000.000,2.235401,0.000000
54384,1,0.123642,0.865113,28,0,1000.000,1.941951,0.000000
54384,2,0.128711,0.880929,30,0,1000.000,1.679780,0.000000
54384,3,0.125674,0.888505,25,0,1000.000,1.686951,0.000000
54384,4,0.121805,0.885703,29,0,1000.000,1.741616,0.000000
54384,5,0.121250,0.860583,18,0,1000.000,1.930590,0.000000
54384,6,0.120264,0.859184,34,0,1000.000,2.055094,0.000000
54384,7,0.133543,0.845945,28,0,1000.000,2.063714,0.000000
54432,0,0.125111,0.890807,22,0,1000.000,1.430881,0.000000
54432,1,0.123642,0.840066,22,0,1000.000,2.174444,0.000000
54432,2,0.128711,0.869136,26,0,1000.000,1.911036,0.000000
54432,3,0.125674,0.878446,16,0,1000.000,1.821505,0.000000
54432,4,0.121805,0.844150,24,0,1000.000,2.282627,0.000000
54432,5,0.121250,0.857332,26,0,1000.000,1.898867,0.000000
54432,6,0.120264,0.854087,28,0,1000.000,1.964890,0.000000
54432,7,0.133543,0.835872,27,0,1000.000,2.171034,0.000000
54480,0,0.125111,0.877138,17,0,1000.000,1.905566,0.000000
54480,1,0.123642,0.865124,17,0,1000.000,2.058641,0.000000
54480,2,0.128711,0.885491,20,0,1000.000,1.517675,0.000000
54480,3,0.125674,0.869160,20,0,1000.000,1.791776,0.000000
54480,4,0.121805,0.862399,28,0,1000.000,1.808240,0.000000
54480,5,0.121250,0.812346,20,1,952.250,2.017077,0.000000
54480,6,0.120264,0.875729,19,0,1000.000,1.634957,0.000000
54480,7,0.133543,0.880226,27,0,1000.000,1.912302,0.000000
54528,0,0.125111,0.862775,24,0,1000.000,1.896955,0.000000
54528,1,0.123642,0.844371,28,0,1000.000,2.128126,0.000000
54528,2,0.128711,0.892265,18,0,1000.000,1.540558,0.000000
54528,3,0.125674,0.895523,18,0,1000.000,1.586463,0.000000
54528,4,0.121805,0.872315,30,0,1000.000,1.767893,0.000000
54528,5,0.121250,0.866717,36,0,1000.000,1.728141,0.000000
54528,6,0.120264,0.864771,22,0,1000.000,1.837856,0.000000
54528,7,0.133543,0.859245,20,1,984.300,1.695865,0.000000
54576,0,0.125111,0.862777,33,0,1000.000,1.730595,0.000000
54576,1,0.123642,0.859735,42,0,1000.000,1.947944,0.000000
54576,2,0.128711,0.881512,34,0,1000.000,1.667757,0.000000
54576,3,0.125674,0.860701,41,0,1000.000,1.894960,0.000000
54576,4,0.121805,0.849477,30,0,1000.000,2.202261,0.000000
54576,5,0.121250,0.868367,30,0,1000.000,2.088460,0.000000
54576,6,0.120264,0.835687,29,0,1000.000,2.094553,0.000000
54576,7,0.133543,0.871162,29,0,1000.000,1.725352,0.000000
54624,0,0.125111,0.861848,35,1,982.286,1.660550,0.000000
54624,1,0.123642,0.881760,29,0,1000.000,1.794917,0.000000
54624,2,0.128711,0.861052,37,0,1000.000,1.890740,0.000000
54624,3,0.125674,0.870048,41,0,1000.000,1.807643,0.000000
54624,4,0.121805,0.823267,39,0,1000.000,2.340041,0.000000
54624,5,0.121250,0.867797,30,0,1000.000,2.051608,0.000000
54624,6,0.120264,0.865419,37,0,1000.000,1.994712,0.000000
54624,7,0.133543,0.845429,38,1,975.316,1.947168,0.000000
54672,0,0.125111,0.864353,26,1,991.192,1.864918,0.000000
54672,1,0.123642,0.882233,27,0,1000.000,1.756295,0.000000
54672,2,0.128711,0.836435,22,0,1000.000,2.087106,0.000000
54672,3,0.125674,0.863852,31,0,1000.000,1.974648,0.000000
54672,4,0.121805,0.837876,27,0,1000.000,1.975009,0.000000
54672,5,0.121250,0.879117,25,0,1000.000,1.785774,0.000000
54672,6,0.120264,0.856614,32,1,971.281,1.620329,0.000000
54672,7,0.133543,0.857317,36,0,1000.000,2.104637,0.000000
54720,0,0.125111,0.885443,30,0,1000.000,1.489080,0.000000
54720,1,0.123642,0.862802,36,0,1000.000,1.831330,0.000000
54720,2,0.128711,0.858781,30,0,1000.000,1.824876,0.000000
54720,3,0.125674,0.844944,34,0,1000.000,2.276084,0.000000
54720,4,0.121805,0.811919,23,0,1000.000,2.452532,0.000000
54720,5,0.121250,0.849052,25,0,1000.000,2.206235,0.000000
54720,6,0.120264,0.875834,25,0,1000.000,1.707289,0.000000
54720,7,0.133543,0.872042,24,0,1000.000,1.868442,0.000000
54768,0,0.125111,0.881950,31,0,1000.000,1.769933,0.000000
54768,1,0.123642,0.864712,33,0,1000.000,1.686336,0.000000
54768,2,0.128711,0.868197,30,0,1000.000,1.797824,0.000000
54768,3,0.125674,0.854009,22,0,1000.000,2.198587,0.000000
54768,4,0.121805,0.888817,26,0,1000.000,1.734457,0.000000
54768,5,0.121250,0.856835,28,0,1000.000,2.106451,0.000000
54768,6,0.120264,0.873914,27,0,1000.000,1.832203,0.000000
54768,7,0.133543,0.851222,36,1,975.583,1.818657,0.000000
54816,0,0.125111,0.865706,24,0,1000.000,1.734866,0.000000
54816,1,0.123642,0.855338,27,0,1000.000,1.808990,0.000000
54816,2,0.128711,0.860938,33,0,1000.000,2.094500,0.000000
54816,3,0.125674,0.874865,27,0,1000.000,1.860382,0.000000
54816,4,0.121805,0.882186,22,0,1000.000,1.801057,0.000000
54816,5,0.121250,0.854555,18,0,1000.000,2.194057,0.000000
54816,6,0.120264,0.869379,25,0,1000.000,2.052345,0.000000
54816,7,0.133543,0.879867,30,0,1000.000,1.970200,0.000000
54864,0,0.125111,0.842812,25,0,1000.000,2.175432,0.000000
54864,1,0.123642,0.877546,22,0,1000.000,1.703376,0.000000
54864,2,0.128711,0.879606,32,0,1000.000,1.742613,0.000000
54864,3,0.125674,0.860632,33,0,1000.000,1.958307,0.000000
54864,4,0.121805,0.886186,35,0,1000.000,1.736648,0.000000
54864,5,0.121250,0.864164,19,0,1000.000,1.817464,0.000000
54864,6,0.120264,0.833856,15,0,1000.000,1.991045,0.000000
54864,7,0.133543,0.843319,24,1,965.417,1.724662,0.000000
54912,0,0.125111,0.842645,31,0,1000.000,2.252632,0.000000
54912,1,0.123642,0.863797,22,0,1000.000,1.772373,0.000000
54912,2,0.128711,0.855191,34,0,1000.000,2.017690,0.000000
54912,3,0.125674,0.845156,26,0,1000.000,2.273127,0.000000
54912,4,0.121805,0.866079,29,0,1000.000,1.796525,0.000000
54912,5,0.121250,0.849827,23,0,1000.000,2.076918,0.000000
54912,6,0.120264,0.883023,40,0,1000.000,1.695969,0.000000
54912,7,0.133543,0.848797,34,1,972.324,1.723888,0.000000
55008,0,0.125111,0.859996,58,0,1000.000,1.985689,0.000000
55008,1,0.123642,0.868695,45,0,1000.000,1.787803,0.000000
55008,2,0.128711,0.853969,45,0,1000.000,1.986359,0.000000
55008,3,0.125674,0.876954,39,0,1000.000,1.900102,0.000000
55008,4,0.121805,0.856874,45,0,1000.000,2.049494,0.000000
55008,5,0.121250,0.842026,46,0,1000.000,2.162745,0.000000
55008,6,0.120264,0.856098,47,0,1000.000,2.102422,0.000000
55008,7,0.133543,0.858299,46,0,1000.000,2.200015,0.000000
55056,0,0.125111,0.879295,15,0,1000.000,1.767517,0.000000
55056,1,0.123642,0.866542,24,0,1000.000,1.751881,0.000000
55056,2,0.128711,0.841196,27,0,1000.000,2.219609,0.000000
55056,3,0.125674,0.873156,15,0,1000.000,1.686511,0.000000
55056,4,0.121805,0.851564,27,0,1000.000,2.115210,0.000000
55056,5,0.121250,0.845572,20,0,1000.000,2.005721,0.000000
55056,6,0.120264,0.866066,24,0,1000.000,1.837701,0.000000
55056,7,0.133543,0.888463,16,0,1000.000,1.545771,0.000000
55104,0,0.125111,0.822765,18,1,948.056,1.912032,0.000000
55104,1,0.123642,0.883828,22,0,1000.000,1.337747,0.000000
55104,2,0.128711,0.882863,16,0,1000.000,1.708977,0.000000
55104,3,0.125674,0.885802,13,0,1000.000,1.577518,0.000000
55104,4,0.121805,0.864006,23,0,1000.000,2.098538,0.000000
55104,5,0.121250,0.855743,16,0,1000.000,2.369433,0.000000
55104,6,0.120264,0.877734,26,0,1000.000,1.764571,0.000000
55104,7,0.133543,0.847837,20,0,1000.000,2.053931,0.000000
55152,0,0.125111,0.885699,19,0,1000.000,1.620032,0.000000
55152,1,0.123642,0.856666,31,0,1000.000,2.021249,0.000000
55152,2,0.128711,0.851868,16,0,1000.000,2.248220,0.000000
55152,3,0.125674,0.886171,18,0,1000.000,1.738860,0.000000
55152,4,0.121805,0.835929,18,0,1000.000,1.982922,0.000000
55152,5,0.121250,0.868921,23,0,1000.000,1.705771,0.000000
55152,6,0.120264,0.859720,15,0,1000.000,1.934891,0.000000
55152,7,0.133543,0.856445,21,0,1000.000,2.359743,0.000000
55200,0,0.125111,0.871041,19,2,944.789,1.707400,0.000000
55200,1,0.123642,0.874615,19,0,1000.000,1.988082,0.000000
55200,2,0.128711,0.851141,27,0,1000.000,1.922918,0.000000
55200,3,0.125674,0.847511,20,0,1000.000,2.101876,0.000000
55200,4,0.121805,0.852699,24,0,1000.000,1.980443,0.000000
55200,5,0.121250,0.855460,17,0,1000.000,2.043810,0.000000
55200,6,0.120264,0.818061,14,0,1000.000,2.185025,0.000000
55200,7,0.133543,0.811027,15,1,942.000,1.802224,0.000000
55248,0,0.122698,0.871139,19,0,1000.000,1.917812,0.000000
55248,1,0.122400,0.865041,24,0,1000.000,1.976089,0.000000
55248,2,0.123356,0.848945,13,0,1000.000,2.097343,0.000000
55248,3,0.128503,0.859877,18,0,1000.000,2.277263,0.000000
55248,4,0.121127,0.859060,21,0,1000.000,2.038685,0.000000
55248,5,0.118763,0.828898,13,0,1000.000,2.549721,0.000000
55248,6,0.118382,0.850343,12,0,1000.000,2.160111,0.000000
55248,7,0.144770,0.874514,19,0,1000.000,2.061320,0.000000
55296,0,0.122698,0.871877,24,0,1000.000,1.628644,0.000000
55296,1,0.122400,0.871325,18,0,1000.000,1.793023,0.000000
55296,2,0.123356,0.869208,18,0,1000.000,1.891353,0.000000
55296,3,0.128503,0.835810,25,0,1000.000,2.353079,0.000000
55296,4,0.121127,0.885613,21,0,1000.000,1.745050,0.000000
55296,5,0.118763,0.847430,33,0,1000.000,2.166234,0.000000
55296,6,0.118382,0.859561,17,0,1000.000,2.144116,0.000000
55296,7,0.144770,0.863980,18,0,1000.000,2.202079,0.000000
55344,0,0.122698,0.872454,22,1,987.682,1.895506,0.000000
55344,1,0.122400,0.863012,16,0,1000.000,1.998723,0.000000
55344,2,0.123356,0.872643,21,0,1000.000,2.015970,0.000000
55344,3,0.128503,0.869001,32,0,1000.000,1.908391,0.000000
55344,4,0.121127,0.861591,23,0,1000.000,1.910797,0.000000
55344,5,0.118763,0.870118,17,0,1000.000,2.067967,0.000000
55344,6,0.118382,0.879262,21,0,1000.000,1.934736,0.000000
55344,7,0.144770,0.807814,24,2,924.000,1.643597,0.000000
55392,0,0.122698,0.862241,34,1,973.382,1.706605,0.000000
55392,1,0.122400,0.867898,32,0,1000.000,1.997895,0.000000
55392,2,0.123356,0.856704,30,0,1000.000,2.176710,0.000000
55392,3,0.128503,0.859639,16,0,1000.000,1.925233,0.000000
55392,4,0.121127,0.865741,13,0,1000.000,2.370536,0.000000
55392,5,0.118763,0.865087,29,0,1000.000,1.972981,0.000000
55392,6,0.118382,0.839608,18,0,1000.000,2.228382,0.000000
55392,7,0.144770,0.838864,28,1,968.250,1.991345,0.000000
55440,0,0.122698,0.870972,23,1,967.609,1.896424,0.000000
55440,1,0.122400,0.891895,20,0,1000.000,1.490489,0.000000
55440,2,0.123356,0.901581,16,0,1000.000,1.228771,0.000000
55440,3,0.128503,0.876537,27,0,1000.000,1.590308,0.000000
55440,4,0.121127,0.845615,24,0,1000.000,2.218261,0.000000
55440,5,0.118763,0.843464,25,0,1000.000,2.079351,0.000000
55440,6,0.118382,0.873271,20,0,1000.000,1.880139,0.000000
55440,7,0.144770,0.811645,29,1,969.621,2.404454,0.000000
55536,0,0.122698,0.865970,52,3,967.981,1.888853,0.000000
55536,1,0.122400,0.857225,38,0,1000.000,2.092155,0.000000
55536,2,0.123356,0.865841,41,0,1000.000,1.806877,0.000000
55536,3,0.128503,0.853139,48,0,1000.000,2.222882,0.000000
55536,4,0.121127,0.867419,50,0,1000.000,2.008877,0.000000
55536,5,0.118763,0.857880,50,0,1000.000,2.019710,0.000000
55536,6,0.118382,0.863934,55,0,1000.000,2.000698,0.000000
55536,7,0.144770,0.877748,64,0,1000.000,1.893487,0.000000
55584,0,0.122698,0.882436,34,0,1000.000,1.607313,0.000000
55584,1,0.122400,0.864775,29,0,1000.000,2.197027,0.000000
55584,2,0.123356,0.861539,29,0,1000.000,1.732240,0.000000
55584,3,0.128503,0.869348,28,0,1000.000,1.971540,0.000000
55584,4,0.121127,0.874074,36,0,1000.000,1.841661,0.000000
55584,5,0.118763,0.892752,28,0,1000.000,1.702812,0.000000
55584,6,0.118382,0.848697,25,0,1000.000,2.303014,0.000000
55584,7,0.144770,0.871556,46,0,1000.000,1.825656,0.000000
55632,0,0.122698,0.865672,30,1,986.900,1.740795,0.000000
55632,1,0.122400,0.882951,33,0,1000.000,1.634624,0.000000
55632,2,0.123356,0.846995,31,0,1000.000,2.034507,0.000000
55632,3,0.128503,0.876050,43,0,1000.000,1.953473,0.000000
55632,4,0.121127,0.876889,36,0,1000.000,1.966395,0.000000
55632,5,0.118763,0.863717,30,0,1000.000,2.167014,0.000000
55632,6,0.118382,0.864424,36,0,1000.000,1.924626,0.000000
55632,7,0.144770,0.866893,37,0,1000.000,2.026630,0.000000
55680,0,0.122698,0.856610,31,0,1000.000,1.952183,0.000000
55680,1,0.122400,0.865405,33,0,1000.000,1.814410,0.000000
55680,2,0.123356,0.870798,27,0,1000.000,2.016498,0.000000
55680,3,0.128503,0.884791,23,0,1000.000,1.848605,0.000000
55680,4,0.121127,0.873697,34,0,1000.000,2.078478,0.000000
55680,5,0.118763,0.852165,28,0,1000.000,2.273630,0.000000
55680,6,0.118382,0.838919,30,1,968.867,1.852140,0.000000
55680,7,0.144770,0.829427,27,1,965.296,2.044383,0.000000
55728,0,0.122698,0.854913,27,1,985.556,2.156818,0.000000
55728,1,0.122400,0.864850,34,0,1000.000,1.977349,0.000000
55728,2,0.123356,0.883291,35,0,1000.000,1.583409,0.000000
55728,3,0.128503,0.884994,23,0,1000.000,1.644609,0.000000
55728,4,0.121127,0.854349,23,0,1000.000,1.950742,0.000000
55728,5,0.118763,0.857664,23,0,1000.000,1.911477,0.000000
55728,6,0.118382,0.862040,25,0,1000.000,1.811035,0.000000
55728,7,0.144770,0.819747,31,1,971.903,2.186181,0.000000
55776,0,0.122698,0.872176,38,2,970.053,1.671382,0.000000
55776,1,0.122400,0.849779,23,0,1000.000,2.344652,0.000000
55776,2,0.123356,0.880093,27,0,1000.000,1.655628,0.000000
55776,3,0.128503,0.867191,32,0,1000.000,1.883462,0.000000
55776,4,0.121127,0.848445,26,0,1000.000,2.296439,0.000000
55776,5,0.118763,0.881789,30,0,1000.000,1.871114,0.000000
55776,6,0.118382,0.863047,27,0,1000.000,1.799977,0.000000
55776,7,0.144770,0.865800,40,0,1000.000,1.984630,0.000000
55824,0,0.122698,0.857729,23,0,1000.000,1.818380,0.000000
55824,1,0.122400,0.857938,15,0,1000.000,2.308980,0.000000
55824,2,0.123356,0.866943,28,0,1000.000,1.870165,0.000000
55824,3,0.128503,0.872160,27,0,1000.000,2.110384,0.000000
55824,4,0.121127,0.874329,31,0,1000.000,1.866479,0.000000
55824,5,0.118763,0.863340,15,0,1000.000,2.116607,0.000000
55824,6,0.118382,0.860413,30,0,1000.000,2.008453,0.000000
55824,7,0.144770,0.872302,24,0,1000.000,1.962128,0.000000
55872,0,0.122698,0.859670,24,0,1000.000,2.253077,0.000000
55872,1,0.122400,0.878377,29,0,1000.000,1.607208,0.000000
55872,2,0.123356,0.886688,18,0,1000.000,1.718729,0.000000
55872,3,0.128503,0.853743,30,0,1000.000,2.240668,0.000000
55872,4,0.121127,0.871775,31,0,1000.000,2.079854,0.000000
55872,5,0.118763,0.852576,24,0,1000.000,2.073780,0.000000
55872,6,0.118382,0.841852,29,0,1000.000,2.174848,0.000000
55872,7,0.144770,0.851985,32,1,972.031,1.908244,0.000000
55920,0,0.122698,0.859764,34,0,1000.000,2.056083,0.000000
55920,1,0.122400,0.883734,28,0,1000.000,1.758299,0.000000
55920,2,0.123356,0.864525,26,0,1000.000,2.169114,0.000000
55920,3,0.128503,0.863210,27,0,1000.000,2.236022,0.000000
55920,4,0.121127,0.854512,27,0,1000.000,1.863722,0.000000
55920,5,0.118763,0.843586,19,0,1000.000,2.487107,0.000000
55920,6,0.118382,0.863331,31,1,970.000,1.660798,0.000000
55920,7,0.144770,0.843732,39,1,976.667,1.879137,0.000000
55968,0,0.122698,0.877065,23,0,1000.000,1.508416,0.000000
55968,1,0.122400,0.867911,17,0,1000.000,1.889265,0.000000
55968,2,0.123356,0.877076,18,0,1000.000,1.432543,0.000000
55968,3,0.128503,0.872143,27,0,1000.000,1.943405,0.000000
55968,4,0.121127,0.889412,16,0,1000.000,1.617721,0.000000
55968,5,0.118763,0.870973,19,0,1000.000,2.061117,0.000000
55968,6,0.118382,0.875536,28,0,1000.000,1.958077,0.000000
55968,7,0.144770,0.866305,28,0,1000.000,2.306108,0.000000
56016,0,0.122698,0.861543,16,0,1000.000,1.815559,0.000000
56016,1,0.122400,0.885627,30,0,1000.000,1.742788,0.000000
56016,2,0.123356,0.845191,25,0,1000.000,2.523827,0.000000
56016,3,0.128503,0.852678,20,0,1000.000,2.191844,0.000000
56016,4,0.121127,0.873832,22,0,1000.000,2.018356,0.000000
56016,5,0.118763,0.897859,19,0,1000.000,1.314618,0.000000
56016,6,0.118382,0.878517,21,0,1000.000,1.743007,0.000000
56016,7,0.144770,0.868568,34,0,1000.000,1.972190,0.000000
56064,0,0.122698,0.868767,22,0,1000.000,1.890978,0.000000
56064,1,0.122400,0.886358,23,0,1000.000,1.572707,0.000000
56064,2,0.123356,0.881483,16,0,1000.000,1.898725,0.000000
56064,3,0.128503,0.871519,30,0,1000.000,1.851719,0.000000
56064,4,0.121127,0.885292,18,0,1000.000,1.567471,0.000000
56064,5,0.118763,0.867203,16,0,1000.000,1.915093,0.000000
56064,6,0.118382,0.891556,13,0,1000.000,1.689222,0.000000
56064,7,0.144770,0.875586,26,0,1000.000,2.018831,0.000000
56112,0,0.122698,0.851500,12,0,1000.000,2.258673,0.000000
56112,1,0.122400,0.892402,19,0,1000.000,1.424965,0.000000
56112,2,0.123356,0.892047,22,0,1000.000,1.409866,0.000000
56112,3,0.128503,0.897567,20,0,1000.000,1.555478,0.000000
56112,4,0.121127,0.868880,15,0,1000.000,1.886071,0.000000
56112,5,0.118763,0.862128,22,0,1000.000,1.889474,0.000000
56112,6,0.118382,0.885901,15,0,1000.000,1.899891,0.000000
56112,7,0.144770,0.875090,25,0,1000.000,1.925642,0.000000
56160,0,0.122698,0.891000,21,0,1000.000,1.521224,0.000000
56160,1,0.122400,0.851655,20,0,1000.000,2.215802,0.000000
56160,2,0.123356,0.869507,22,0,1000.000,2.170627,0.000000
56160,3,0.128503,0.885400,28,0,1000.000,1.758992,0.000000
56160,4,0.121127,0.840129,15,0,1000.000,2.545175,0.000000
56160,5,0.118763,0.861378,22,0,1000.000,1.932722,0.000000
56160,6,0.118382,0.880684,16,0,1000.000,1.730434,0.000000
56160,7,0.144770,0.858128,18,0,1000.000,2.246887,0.000000
56208,0,0.122698,0.878637,17,0,1000.000,1.891409,0.000000
56208,1,0.122400,0.881707,24,0,1000.000,1.840567,0.000000
56208,2,0.123356,0.872052,11,0,1000.000,1.904673,0.000000
56208,3,0.128503,0.848495,24,0,1000.000,2.309781,0.000000
56208,4,0.121127,0.881757,16,0,1000.000,1.684027,0.000000
56208,5,0.118763,0.882533,19,0,1000.000,1.824937,0.000000
56208,6,0.118382,0.856107,20,0,1000.000,1.985720,0.000000
56208,7,0.144770,0.802554,19,1,951.421,2.340855,0.000000
56256,0,0.122698,0.880650,17,0,1000.000,1.755638,0.000000
56256,1,0.122400,0.875161,17,0,1000.000,2.030414,0.000000
56256,2,0.123356,0.883309,18,0,1000.000,1.615289,0.000000
56256,3,0.128503,0.878839,11,0,1000.000,2.116330,0.000000
56256,4,0.121127,0.869684,18,0,1000.000,1.836485,0.000000
56256,5,0.118763,0.883929,25,0,1000.000,1.554180,0.000000
56256,6,0.118382,0.888242,19,0,1000.000,1.750378,0.000000
56256,7,0.144770,0.815702,25,1,966.600,2.143961,0.000000
56304,0,0.122698,0.852802,20,0,1000.000,2.016089,0.000000
56304,1,0.122400,0.869744,20,0,1000.000,1.867041,0.000000
56304,2,0.123356,0.890334,19,0,1000.000,1.599867,0.000000
56304,3,0.128503,0.886324,20,0,1000.000,1.414049,0.000000
56304,4,0.121127,0.845099,18,0,1000.000,2.340322,0.000000
56304,5,0.118763,0.860954,19,0,1000.000,2.290000,0.000000
56304,6,0.118382,0.886265,24,0,1000.000,1.744409,0.000000
56304,7,0.144770,0.848666,26,0,1000.000,2.239882,0.000000
56352,0,0.122698,0.857387,17,0,1000.000,2.206051,0.000000
56352,1,0.122400,0.866051,23,0,1000.000,2.008375,0.000000
56352,2,0.123356,0.871497,18,0,1000.000,1.377395,0.000000
56352,3,0.128503,0.859918,27,0,1000.000,2.217907,0.000000
56352,4,0.121127,0.861848,22,0,1000.000,2.376685,0.000000
56352,5,0.118763,0.858805,16,0,1000.000,2.132033,0.000000
56352,6,0.118382,0.862839,28,0,1000.000,2.162781,0.000000
56352,7,0.144770,0.862245,27,0,1000.000,2.118907,0.000000
56400,0,0.122698,0.870385,23,0,1000.000,1.937781,0.000000
56400,1,0.122400,0.864727,22,0,1000.000,2.130699,0.000000
56400,2,0.123356,0.880739,25,0,1000.000,1.671449,0.000000
56400,3,0.128503,0.859557,31,0,1000.000,2.205068,0.000000
56400,4,0.121127,0.850527,26,0,1000.000,1.968559,0.000000
56400,5,0.118763,0.867909,26,0,1000.000,1.929868,0.000000
56400,6,0.118382,0.870072,19,0,1000.000,1.867564,0.000000
56400,7,0.144770,0.866099,28,0,1000.000,2.045941,0.000000
56448,0,0.122698,0.860764,30,0,1000.000,1.903781,0.000000
56448,1,0.122400,0.880575,21,0,1000.000,1.462175,0.000000
56448,2,0.123356,0.880974,22,0,1000.000,1.519339,0.000000
56448,3,0.128503,0.886305,20,0,1000.000,1.646699,0.000000
56448,4,0.121127,0.855304,21,0,1000.000,1.881973,0.000000
56448,5,0.118763,0.844835,10,0,1000.000,2.130930,0.000000
56448,6,0.118382,0.805944,21,1,954.333,2.274593,0.000000
56448,7,0.144770,0.861702,37,0,1000.000,2.182423,0.000000
56496,0,0.122698,0.840173,22,1,964.364,2.258912,0.000000
56496,1,0.122400,0.872259,24,0,1000.000,1.838456,0.000000
56496,2,0.123356,0.881535,20,0,1000.000,1.780813,0.000000
56496,3,0.128503,0.855538,20,0,1000.000,1.993106,0.000000
56496,4,0.121127,0.874926,22,0,1000.000,1.747850,0.000000
56496,5,0.118763,0.864294,27,0,1000.000,2.219563,0.000000
56496,6,0.118382,0.866996,13,0,1000.000,1.725861,0.000000
56496,7,0.144770,0.881972,32,0,1000.000,1.666323,0.000000
56544,0,0.122698,0.874680,30,0,1000.000,1.759771,0.000000
56544,1,0.122400,0.860871,33,0,1000.000,1.955496,0.000000
56544,2,0.123356,0.878342,34,0,1000.000,1.639024,0.000000
56544,3,0.128503,0.860495,28,0,1000.000,2.034387,0.000000
56544,4,0.121127,0.867560,31,0,1000.000,2.023003,0.000000
56544,5,0.118763,0.837877,31,0,1000.000,2.447403,0.000000
56544,6,0.118382,0.865508,34,0,1000.000,2.146308,0.000000
56544,7,0.144770,0.852482,20,0,1000.000,2.173134,0.000000
56592,0,0.122698,0.889408,27,0,1000.000,1.667472,0.000000
56592,1,0.122400,0.872617,28,0,1000.000,1.777643,0.000000
56592,2,0.123356,0.860686,33,0,1000.000,1.919639,0.000000
56592,3,0.128503,0.847270,25,0,1000.000,2.195848,0.000000
56592,4,0.121127,0.883488,23,0,1000.000,1.735240,0.000000
56592,5,0.118763,0.856249,28,0,1000.000,2.107419,0.000000
56592,6,0.118382,0.832428,26,0,1000.000,2.601259,0.000000
56592,7,0.144770,0.852554,54,0,1000.000,2.181694,0.000000
56640,0,0.122698,0.856322,24,0,1000.000,1.978473,0.000000
56640,1,0.122400,0.870935,38,0,1000.000,1.832852,0.000000
56640,2,0.123356,0.882962,30,0,1000.000,1.878264,0.000000
56640,3,0.128503,0.874943,37,0,1000.000,1.780181,0.000000
56640,4,0.121127,0.893212,32,0,1000.000,1.633702,0.000000
56640,5,0.118763,0.868550,29,0,1000.000,2.019857,0.000000
56640,6,0.118382,0.862850,48,0,1000.000,2.130517,0.000000
56640,7,0.144770,0.847452,34,0,1000.000,2.180616,0.000000
56688,0,0.122698,0.837600,25,0,1000.000,2.510041,0.000000
56688,1,0.122400,0.868870,23,0,1000.000,1.616499,0.000000
56688,2,0.123356,0.857701,32,0,1000.000,2.093635,0.000000
56688,3,0.128503,0.869293,33,0,1000.000,2.061886,0.000000
56688,4,0.121127,0.881819,31,0,1000.000,1.570947,0.000000
56688,5,0.118763,0.868327,33,0,1000.000,2.182362,0.000000
56688,6,0.118382,0.876021,27,0,1000.000,1.771996,0.000000
56688,7,0.144770,0.862227,31,0,1000.000,2.113280,0.000000
56736,0,0.122698,0.863276,24,0,1000.000,1.961382,0.000000
56736,1,0.122400,0.875467,31,0,1000.000,1.720889,0.000000
56736,2,0.123356,0.842253,24,0,1000.000,2.077935,0.000000
56736,3,0.128503,0.868596,36,0,1000.000,1.945391,0.000000
56736,4,0.121127,0.851799,24,0,1000.000,2.131265,0.000000
56736,5,0.118763,0.837401,26,0,1000.000,2.333427,0.000000
56736,6,0.118382,0.865008,27,0,1000.000,2.059681,0.000000
56736,7,0.144770,0.836265,32,0,1000.000,2.408750,0.000000
56784,0,0.122698,0.846954,26,1,968.115,1.928228,0.000000
56784,1,0.122400,0.880111,31,0,1000.000,1.632522,0.000000
56784,2,0.123356,0.869295,25,0,1000.000,1.501561,0.000000
56784,3,0.128503,0.838646,35,0,1000.000,2.107807,0.000000
56784,4,0.121127,0.876746,26,0,1000.000,2.054796,0.000000
56784,5,0.118763,0.868876,36,0,1000.000,1.821420,0.000000
56784,6,0.118382,0.853164,30,0,1000.000,1.997469,0.000000
56784,7,0.144770,0.794014,30,1,968.933,2.624758,0.000000
56832,0,0.122698,0.871781,26,0,1000.000,2.047442,0.000000
56832,1,0.122400,0.867530,28,0,1000.000,2.135164,0.000000
56832,2,0.123356,0.843105,16,0,1000.000,2.523701,0.000000
56832,3,0.128503,0.860190,20,0,1000.000,1.892061,0.000000
56832,4,0.121127,0.843041,19,0,1000.000,1.971139,0.000000
56832,5,0.118763,0.858207,31,0,1000.000,2.075239,0.000000
56832,6,0.118382,0.843639,28,0,1000.000,2.195609,0.000000
56832,7,0.144770,0.846339,29,1,968.103,1.719187,0.000000
56880,0,0.122698,0.878588,34,0,1000.000,1.694760,0.000000
56880,1,0.122400,0.873784,32,0,1000.000,1.694723,0.000000
56880,2,0.123356,0.859316,27,0,1000.000,1.840639,0.000000
56880,3,0.128503,0.857894,26,0,1000.000,2.086680,0.000000
56880,4,0.121127,0.872626,26,0,1000.000,1.862323,0.000000
56880,5,0.118763,0.834862,19,0,1000.000,2.500514,0.000000
56880,6,0.118382,0.868098,28,0,1000.000,1.807186,0.000000
56880,7,0.144770,0.854954,27,0,1000.000,2.036620,0.000000
56928,0,0.122698,0.858187,20,0,1000.000,1.853938,0.000000
56928,1,0.122400,0.862355,25,0,1000.000,2.240613,0.000000
56928,2,0.123356,0.879478,28,0,1000.000,1.563286,0.000000
56928,3,0.128503,0.872801,32,0,1000.000,1.733961,0.000000
56928,4,0.121127,0.859898,24,0,1000.000,2.160777,0.000000
56928,5,0.118763,0.857182,30,0,1000.000,1.921005,0.000000
56928,6,0.118382,0.862887,23,0,1000.000,2.192351,0.000000
56928,7,0.144770,0.834811,35,0,1000.000,2.447026,0.000000
56976,0,0.122698,0.876099,25,0,1000.000,1.578538,0.000000
56976,1,0.122400,0.856599,14,0,1000.000,2.039962,0.000000
56976,2,0.123356,0.855312,24,0,1000.000,2.206733,0.000000
56976,3,0.128503,0.869941,31,0,1000.000,2.046948,0.000000
56976,4,0.121127,0.847794,23,0,1000.000,1.962104,0.000000
56976,5,0.118763,0.866071,26,0,1000.000,1.935793,0.000000
56976,6,0.118382,0.862465,14,0,1000.000,1.968971,0.000000
56976,7,0.144770,0.856023,22,0,1000.000,1.859286,0.000000
57024,0,0.122698,0.866173,26,0,1000.000,1.791707,0.000000
57024,1,0.122400,0.847311,22,0,1000.000,2.120581,0.000000
57024,2,0.123356,0.873584,27,0,1000.000,1.826098,0.000000
57024,3,0.128503,0.855486,24,0,1000.000,1.930761,0.000000
57024,4,0.121127,0.878919,19,0,1000.000,1.611422,0.000000
57024,5,0.118763,0.836327,23,0,1000.000,2.375317,0.000000
57024,6,0.118382,0.850016,19,0,1000.000,2.314833,0.000000
57024,7,0.144770,0.873223,21,0,1000.000,2.011228,0.000000
57072,0,0.122698,0.859128,28,0,1000.000,1.843021,0.000000
57072,1,0.122400,0.866596,19,0,1000.000,1.980839,0.000000
57072,2,0.123356,0.872699,21,0,1000.000,1.704737,0.000000
57072,3,0.128503,0.843212,25,0,1000.000,2.084563,0.000000
57072,4,0.121127,0.860482,20,0,1000.000,2.119078,0.000000
57072,5,0.118763,0.851648,14,0,1000.000,2.167697,0.000000
57072,6,0.118382,0.865734,16,0,1000.000,1.946473,0.000000
57072,7,0.144770,0.863069,22,0,1000.000,1.760210,0.000000
57120,0,0.122698,0.884109,20,1,977.800,1.298393,0.000000
57120,1,0.122400,0.875709,15,0,1000.000,2.081518,0.000000
57120,2,0.123356,0.862972,20,0,1000.000,2.079831,0.000000
57120,3,0.128503,0.874908,21,0,1000.000,1.645882,0.000000
57120,4,0.121127,0.854895,21,0,1000.000,1.974200,0.000000
57120,5,0.118763,0.876015,12,0,1000.000,1.699752,0.000000
57120,6,0.118382,0.889052,16,0,1000.000,1.630492,0.000000
57120,7,0.144770,0.845863,25,0,1000.000,2.241354,0.000000
57168,0,0.122698,0.893723,20,0,1000.000,1.674443,0.000000
57168,1,0.122400,0.863909,20,0,1000.000,2.079669,0.000000
57168,2,0.123356,0.860845,17,0,1000.000,1.949985,0.000000
57168,3,0.128503,0.872770,24,0,1000.000,1.849138,0.000000
57168,4,0.121127,0.861248,23,0,1000.000,2.020957,0.000000
57168,5,0.118763,0.895898,19,0,1000.000,1.457787,0.000000
57168,6,0.118382,0.885934,14,0,1000.000,1.841619,0.000000
57168,7,0.144770,0.875692,26,0,1000.000,1.919155,0.000000
57216,0,0.122698,0.857380,16,0,1000.000,2.161875,0.000000
57216,1,0.122400,0.877334,19,0,1000.000,1.780472,0.000000
57216,2,0.123356,0.887105,13,0,1000.000,1.667024,0.000000
57216,3,0.128503,0.888454,14,0,1000.000,1.874445,0.000000
57216,4,0.121127,0.880834,27,0,1000.000,1.631446,0.000000
57216,5,0.118763,0.878595,18,0,1000.000,1.894112,0.000000
57216,6,0.118382,0.884524,17,0,1000.000,1.437744,0.000000
57216,7,0.144770,0.889874,22,0,1000.000,1.590448,0.000000
57264,0,0.122698,0.859244,16,0,1000.000,1.650233,0.000000
57264,1,0.122400,0.874448,26,0,1000.000,1.642954,0.000000
57264,2,0.123356,0.825185,15,0,1000.000,2.311625,0.000000
57264,3,0.128503,0.904213,15,0,1000.000,0.993219,0.000000
57264,4,0.121127,0.898713,13,0,1000.000,1.543993,0.000000
57264,5,0.118763,0.865956,24,0,1000.000,1.790214,0.000000
57264,6,0.118382,0.881201,19,0,1000.000,1.746686,0.000000
57264,7,0.144770,0.854962,23,0,1000.000,2.096820,0.000000
57312,0,0.122698,0.841462,25,0,1000.000,2.015189,0.000000
57312,1,0.122400,0.874580,17,0,1000.000,1.802130,0.000000
57312,2,0.123356,0.883223,26,0,1000.000,1.596678,0.000000
57312,3,0.128503,0.835667,21,1,955.381,1.775127,0.000000
57312,4,0.121127,0.867782,21,0,1000.000,1.628769,0.000000
57312,5,0.118763,0.883417,17,0,1000.000,1.950744,0.000000
57312,6,0.118382,0.867602,15,0,1000.000,1.888430,0.000000
57312,7,0.144770,0.884330,19,0,1000.000,1.720321,0.000000
57408,0,0.122698,0.864070,38,0,1000.000,1.919470,0.000000
57408,1,0.122400,0.880218,44,0,1000.000,1.702414,0.000000
57408,2,0.123356,0.861174,57,0,1000.000,2.061119,0.000000
57408,3,0.128503,0.874552,42,0,1000.000,1.816784,0.000000
57408,4,0.121127,0.856407,42,0,1000.000,2.340122,0.000000
57408,5,0.118763,0.853817,53,0,1000.000,2.037509,0.000000
57408,6,0.118382,0.873442,50,0,1000.000,1.848661,0.000000
57408,7,0.144770,0.875349,55,0,1000.000,1.770877,0.000000
57456,0,0.122698,0.844660,20,0,1000.000,2.254556,0.000000
57456,1,0.122400,0.846608,20,0,1000.000,1.943222,0.000000
57456,2,0.123356,0.833151,22,0,1000.000,2.305013,0.000000
57456,3,0.128503,0.804141,22,1,957.273,2.112655,0.000000
57456,4,0.121127,0.869546,20,0,1000.000,1.907456,0.000000
57456,5,0.118763,0.851610,25,0,1000.000,2.105437,0.000000
57456,6,0.118382,0.861645,27,0,1000.000,2.005639,0.000000
57456,7,0.144770,0.843660,29,0,1000.000,2.388407,0.000000
57552,0,0.122698,0.854317,54,0,1000.000,1.853326,0.000000
57552,1,0.122400,0.885703,40,0,1000.000,1.480559,0.000000
57552,2,0.123356,0.865596,53,0,1000.000,1.807903,0.000000
57552,3,0.128503,0.858198,54,0,1000.000,2.073848,0.000000
57552,4,0.121127,0.865072,52,0,1000.000,1.933887,0.000000
57552,5,0.118763,0.869467,53,0,1000.000,2.069066,0.000000
57552,6,0.118382,0.853032,49,0,1000.000,2.306616,0.000000
57552,7,0.144770,0.848673,67,1,987.104,1.999300,0.000000
57600,0,0.122698,0.868252,26,0,1000.000,1.773036,0.000000
57600,1,0.122400,0.866935,30,0,1000.000,1.883480,0.000000
57600,2,0.123356,0.881449,28,0,1000.000,1.942978,0.000000
57600,3,0.128503,0.878404,45,0,1000.000,1.838465,0.000000
57600,4,0.121127,0.871950,34,0,1000.000,1.957708,0.000000
57600,5,0.118763,0.843749,29,1,967.172,1.653789,0.000000
57600,6,0.118382,0.863280,28,0,1000.000,2.075670,0.000000
57600,7,0.144770,0.862879,46,0,1000.000,2.016286,0.000000
57648,0,0.119618,0.875709,23,0,1000.000,1.908078,0.000000
57648,1,0.134033,0.865188,41,0,1000.000,2.114927,0.000000
57648,2,0.130779,0.873028,24,0,1000.000,1.796062,0.000000
57648,3,0.118955,0.860640,34,0,1000.000,2.181428,0.000000
57648,4,0.129988,0.881489,32,0,1000.000,1.696823,0.000000
57648,5,0.120250,0.839183,35,0,1000.000,2.388389,0.000000
57648,6,0.134026,0.882078,25,0,1000.000,1.590346,0.000000
57648,7,0.112350,0.856424,49,0,1000.000,2.178308,0.000000
57696,0,0.119618,0.870179,32,0,1000.000,1.871026,0.000000
57696,1,0.134033,0.849281,35,0,1000.000,2.194125,0.000000
57696,2,0.130779,0.888777,22,0,1000.000,1.579504,0.000000
57696,3,0.118955,0.848742,23,0,1000.000,2.333582,0.000000
57696,4,0.129988,0.883098,19,0,1000.000,1.749884,0.000000
57696,5,0.120250,0.839392,30,1,968.967,1.947366,0.000000
57696,6,0.134026,0.873908,33,0,1000.000,1.748672,0.000000
57696,7,0.112350,0.862969,30,1,968.033,1.648898,0.000000
57744,0,0.119618,0.896040,20,1,991.200,1.352422,0.000000
57744,1,0.134033,0.855996,26,0,1000.000,2.027771,0.000000
57744,2,0.130779,0.857941,25,0,1000.000,2.032468,0.000000
57744,3,0.118955,0.861652,27,0,1000.000,1.797308,0.000000
57744,4,0.129988,0.857020,26,0,1000.000,2.282884,0.000000
57744,5,0.120250,0.872131,39,0,1000.000,1.926266,0.000000
57744,6,0.134026,0.857668,45,0,1000.000,2.208853,0.000000
57744,7,0.112350,0.832759,24,1,966.125,1.625327,0.000000
57792,0,0.119618,0.844985,24,0,1000.000,2.109930,0.000000
57792,1,0.134033,0.849119,35,0,1000.000,2.073310,0.000000
57792,2,0.130779,0.835062,33,0,1000.000,2.161914,0.000000
57792,3,0.118955,0.841009,25,0,1000.000,2.229573,0.000000
57792,4,0.129988,0.879093,32,0,1000.000,1.788233,0.000000
57792,5,0.120250,0.860751,29,0,1000.000,2.101265,0.000000
57792,6,0.134026,0.849147,33,0,1000.000,2.231493,0.000000
57792,7,0.112350,0.855080,26,0,1000.000,2.064421,0.000000
57840,0,0.119618,0.878491,20,0,1000.000,1.891693,0.000000
57840,1,0.134033,0.845362,25,0,1000.000,2.108258,0.000000
57840,2,0.130779,0.853947,21,0,1000.000,2.267152,0.000000
57840,3,0.118955,0.852637,16,0,1000.000,2.134773,0.000000
57840,4,0.129988,0.888534,28,0,1000.000,1.604402,0.000000
57840,5,0.120250,0.844925,26,0,1000.000,2.328313,0.000000
57840,6,0.134026,0.815790,24,1,962.333,2.263798,0.000000
57840,7,0.112350,0.865332,27,0,1000.000,2.024010,0.000000
57888,0,0.119618,0.870859,17,0,1000.000,1.643103,0.000000
57888,1,0.134033,0.863830,33,0,1000.000,2.056166,0.000000
57888,2,0.130779,0.887110,24,0,1000.000,1.700828,0.000000
57888,3,0.118955,0.879405,30,0,1000.000,1.790907,0.000000
57888,4,0.129988,0.867301,34,0,1000.000,2.203391,0.000000
57888,5,0.120250,0.896985,29,0,1000.000,1.590911,0.000000
57888,6,0.134026,0.877705,35,0,1000.000,1.755036,0.000000
57888,7,0.112350,0.808976,28,1,967.857,2.305718,0.000000
57936,0,0.119618,0.870900,28,0,1000.000,1.862067,0.000000
57936,1,0.134033,0.863239,37,0,1000.000,1.897280,0.000000
57936,2,0.130779,0.862351,28,0,1000.000,1.935026,0.000000
57936,3,0.118955,0.840612,26,0,1000.000,2.187732,0.000000
57936,4,0.129988,0.877914,18,0,1000.000,1.921805,0.000000
57936,5,0.120250,0.871317,28,0,1000.000,1.799330,0.000000
57936,6,0.134026,0.873761,27,0,1000.000,2.048964,0.000000
57936,7,0.112350,0.834168,25,0,1000.000,2.064379,0.000000
57984,0,0.119618,0.860905,16,0,1000.000,1.930230,0.000000
57984,1,0.134033,0.865755,13,0,1000.000,2.015253,0.000000
57984,2,0.130779,0.847104,17,0,1000.000,2.040797,0.000000
57984,3,0.118955,0.877946,28,0,1000.000,1.858119,0.000000
57984,4,0.129988,0.877870,22,0,1000.000,1.999500,0.000000
57984,5,0.120250,0.889146,34,0,1000.000,1.449470,0.000000
57984,6,0.134026,0.846264,31,0,1000.000,2.133232,0.000000
57984,7,0.112350,0.860231,22,0,1000.000,2.304323,0.000000
58032,0,0.119618,0.877141,24,1,985.208,1.580060,0.000000
58032,1,0.134033,0.853862,23,0,1000.000,1.922323,0.000000
58032,2,0.130779,0.836632,28,0,1000.000,2.335817,0.000000
58032,3,0.118955,0.858821,18,0,1000.000,2.357045,0.000000
58032,4,0.129988,0.866515,20,0,1000.000,2.018454,0.000000
58032,5,0.120250,0.852182,24,0,1000.000,2.024935,0.000000
58032,6,0.134026,0.861868,20,0,1000.000,2.210443,0.000000
58032,7,0.112350,0.837335,16,0,1000.000,2.355977,0.000000
58080,0,0.119618,0.867388,24,0,1000.000,1.904882,0.000000
58080,1,0.134033,0.877969,30,0,1000.000,1.711135,0.000000
58080,2,0.130779,0.873656,18,0,1000.000,1.753787,0.000000
58080,3,0.118955,0.836685,17,0,1000.000,2.530160,0.000000
58080,4,0.129988,0.810891,18,0,1000.000,2.598043,0.000000
58080,5,0.120250,0.853536,21,0,1000.000,1.850603,0.000000
58080,6,0.134026,0.865690,17,0,1000.000,2.015576,0.000000
58080,7,0.112350,0.873156,16,0,1000.000,1.727466,0.000000
58176,0,0.119618,0.847688,45,0,1000.000,2.194106,0.000000
58176,1,0.134033,0.871400,43,0,1000.000,1.833260,0.000000
58176,2,0.130779,0.892033,51,0,1000.000,1.520982,0.000000
58176,3,0.118955,0.856798,40,0,1000.000,2.111289,0.000000
58176,4,0.129988,0.893202,36,0,1000.000,1.493516,0.000000
58176,5,0.120250,0.841913,26,0,1000.000,2.297811,0.000000
58176,6,0.134026,0.861084,39,0,1000.000,2.058196,0.000000
58176,7,0.112350,0.852847,34,0,1000.000,2.008922,0.000000
58224,0,0.119618,0.887549,10,1,937.600,1.512896,0.000000
58224,1,0.134033,0.860037,20,0,1000.000,1.969489,0.000000
58224,2,0.130779,0.831429,21,0,1000.000,2.362409,0.000000
58224,3,0.118955,0.876692,13,0,1000.000,1.692394,0.000000
58224,4,0.129988,0.860961,16,0,1000.000,2.351530,0.000000
58224,5,0.120250,0.842603,16,0,1000.000,2.416714,0.000000
58224,6,0.134026,0.860047,25,0,1000.000,2.114256,0.000000
58224,7,0.112350,0.840173,22,1,958.136,1.860108,0.000000
58272,0,0.119618,0.868275,17,1,962.176,1.841490,0.000000
58272,1,0.134033,0.861865,20,0,1000.000,2.245923,0.000000
58272,2,0.130779,0.847337,19,0,1000.000,2.229952,0.000000
58272,3,0.118955,0.880591,21,0,1000.000,1.828158,0.000000
58272,4,0.129988,0.868939,16,0,1000.000,1.974835,0.000000
58272,5,0.120250,0.868447,21,0,1000.000,1.757724,0.000000
58272,6,0.134026,0.849169,24,0,1000.000,2.322198,0.000000
58272,7,0.112350,0.864775,22,0,1000.000,2.227122,0.000000
58320,0,0.119618,0.844266,22,0,1000.000,2.178849,0.000000
58320,1,0.134033,0.863021,23,0,1000.000,2.043156,0.000000
58320,2,0.130779,0.869904,21,0,1000.000,1.973237,0.000000
58320,3,0.118955,0.857797,18,0,1000.000,1.965939,0.000000
58320,4,0.129988,0.856933,17,0,1000.000,2.041999,0.000000
58320,5,0.120250,0.855902,22,0,1000.000,2.143772,0.000000
58320,6,0.134026,0.858731,16,0,1000.000,2.242787,0.000000
58320,7,0.112350,0.879418,21,0,1000.000,1.986004,0.000000
58368,0,0.119618,0.863700,27,0,1000.000,2.062371,0.000000
58368,1,0.134033,0.842439,36,0,1000.000,2.064128,0.000000
58368,2,0.130779,0.855726,19,0,1000.000,2.038028,0.000000
58368,3,0.118955,0.846619,19,0,1000.000,1.991821,0.000000
58368,4,0.129988,0.855439,27,0,1000.000,1.956491,0.000000
58368,5,0.120250,0.885204,27,0,1000.000,1.812423,0.000000
58368,6,0.134026,0.879814,19,0,1000.000,1.812711,0.000000
58368,7,0.112350,0.869686,16,0,1000.000,1.939970,0.000000
58416,0,0.119618,0.840215,22,0,1000.000,2.199286,0.000000
58416,1,0.134033,0.880597,27,0,1000.000,1.659163,0.000000
58416,2,0.130779,0.864306,32,0,1000.000,2.160105,0.000000
58416,3,0.118955,0.867237,26,0,1000.000,1.783643,0.000000
58416,4,0.129988,0.896136,22,0,1000.000,1.578426,0.000000
58416,5,0.120250,0.871797,22,0,1000.000,1.921528,0.000000
58416,6,0.134026,0.849422,24,0,1000.000,2.054443,0.000000
58416,7,0.112350,0.849397,26,0,1000.000,2.154996,0.000000
58464,0,0.119618,0.853691,28,0,1000.000,2.042142,0.000000
58464,1,0.134033,0.877041,19,0,1000.000,1.763416,0.000000
58464,2,0.130779,0.852369,17,0,1000.000,2.230555,0.000000
58464,3,0.118955,0.859442,23,0,1000.000,2.034431,0.000000
58464,4,0.129988,0.862227,27,0,1000.000,2.122155,0.000000
58464,5,0.120250,0.872211,24,0,1000.000,1.701668,0.000000
58464,6,0.134026,0.871064,13,0,1000.000,1.906438,0.000000
58464,7,0.112350,0.840581,14,1,936.857,1.427678,0.000000
58512,0,0.119618,0.863620,32,1,982.625,1.690339,0.000000
58512,1,0.134033,0.879068,22,0,1000.000,1.731302,0.000000
58512,2,0.130779,0.887355,26,0,1000.000,1.691358,0.000000
58512,3,0.118955,0.842555,21,0,1000.000,2.086015,0.000000
58512,4,0.129988,0.828339,27,0,1000.000,2.132502,0.000000
58512,5,0.120250,0.875474,32,0,1000.000,2.121452,0.000000
58512,6,0.134026,0.840316,28,0,1000.000,2.435207,0.000000
58512,7,0.112350,0.864054,20,0,1000.000,1.992225,0.000000
58560,0,0.119618,0.862500,28,0,1000.000,1.908083,0.000000
58560,1,0.134033,0.862110,30,0,1000.000,1.911472,0.000000
58560,2,0.130779,0.878707,28,0,1000.000,1.818626,0.000000
58560,3,0.118955,0.840609,34,0,1000.000,2.431844,0.000000
58560,4,0.129988,0.884065,25,0,1000.000,1.518684,0.000000
58560,5,0.120250,0.855541,23,0,1000.000,2.368770,0.000000
58560,6,0.134026,0.869981,27,0,1000.000,1.846160,0.000000
58560,7,0.112350,0.883274,40,0,1000.000,1.670276,0.000000
58608,0,0.119618,0.824982,29,2,955.724,1.941549,0.000000
58608,1,0.134033,0.865945,37,0,1000.000,1.842743,0.000000
58608,2,0.130779,0.880455,41,0,1000.000,1.878903,0.000000
58608,3,0.118955,0.873450,18,0,1000.000,1.945566,0.000000
58608,4,0.129988,0.848728,47,0,1000.000,2.292970,0.000000
58608,5,0.120250,0.871506,35,0,1000.000,1.918097,0.000000
58608,6,0.134026,0.870805,44,0,1000.000,1.958799,0.000000
58608,7,0.112350,0.876434,28,0,1000.000,1.970590,0.000000
58656,0,0.119618,0.875468,33,1,987.364,1.663736,0.000000
58656,1,0.134033,0.865656,32,0,1000.000,1.950493,0.000000
58656,2,0.130779,0.862797,28,0,1000.000,2.163563,0.000000
58656,3,0.118955,0.883619,30,0,1000.000,1.685976,0.000000
58656,4,0.129988,0.863506,38,0,1000.000,1.917525,0.000000
58656,5,0.120250,0.880843,28,0,1000.000,1.826480,0.000000
58656,6,0.134026,0.879206,32,0,1000.000,1.702171,0.000000
58656,7,0.112350,0.856008,30,1,970.533,1.849230,0.000000
58704,0,0.119618,0.869729,27,0,1000.000,1.917113,0.000000
58704,1,0.134033,0.874428,31,0,1000.000,2.004810,0.000000
58704,2,0.130779,0.864901,36,0,1000.000,1.721480,0.000000
58704,3,0.118955,0.886524,24,0,1000.000,2.036482,0.000000
58704,4,0.129988,0.878151,24,0,1000.000,1.886236,0.000000
58704,5,0.120250,0.865596,20,0,1000.000,2.098148,0.000000
58704,6,0.134026,0.859070,39,0,1000.000,1.764564,0.000000
58704,7,0.112350,0.903263,19,0,1000.000,1.612863,0.000000
58752,0,0.119618,0.857720,28,0,1000.000,2.140827,0.000000
58752,1,0.134033,0.874620,29,0,1000.000,1.673141,0.000000
58752,2,0.130779,0.834571,24,0,1000.000,2.359456,0.000000
58752,3,0.118955,0.874266,30,0,1000.000,1.753056,0.000000
58752,4,0.129988,0.865851,35,0,1000.000,1.957890,0.000000
58752,5,0.120250,0.867979,19,0,1000.000,1.993609,0.000000
58752,6,0.134026,0.846292,35,0,1000.000,2.150765,0.000000
58752,7,0.112350,0.853924,34,1,972.118,1.817913,0.000000
58800,0,0.119618,0.864773,37,1,987.108,1.927656,0.000000
58800,1,0.134033,0.875979,20,0,1000.000,1.783806,0.000000
58800,2,0.130779,0.866825,28,0,1000.000,1.952604,0.000000
58800,3,0.118955,0.889353,26,0,1000.000,1.609208,0.000000
58800,4,0.129988,0.878336,30,0,1000.000,1.921143,0.000000
58800,5,0.120250,0.854101,28,0,1000.000,2.263020,0.000000
58800,6,0.134026,0.852725,35,0,1000.000,2.074006,0.000000
58800,7,0.112350,0.867011,25,0,1000.000,1.875872,0.000000
58848,0,0.119618,0.852785,18,1,950.167,1.799143,0.000000
58848,1,0.134033,0.873471,22,0,1000.000,2.043714,0.000000
58848,2,0.130779,0.877818,21,0,1000.000,2.032255,0.000000
58848,3,0.118955,0.893934,21,0,1000.000,1.824995,0.000000
58848,4,0.129988,0.843799,22,0,1000.000,1.925321,0.000000
58848,5,0.120250,0.876002,27,0,1000.000,1.962570,0.000000
58848,6,0.134026,0.860916,33,1,972.788,1.986165,0.000000
58848,7,0.112350,0.862092,26,0,1000.000,1.978225,0.000000
58896,0,0.119618,0.864769,23,0,1000.000,1.845257,0.000000
58896,1,0.134033,0.882641,33,0,1000.000,1.825037,0.000000
58896,2,0.130779,0.882480,31,0,1000.000,1.685737,0.000000
58896,3,0.118955,0.858794,21,0,1000.000,2.276530,0.000000
58896,4,0.129988,0.879799,44,0,1000.000,1.777110,0.000000
58896,5,0.120250,0.847638,25,0,1000.000,2.455496,0.000000
58896,6,0.134026,0.864688,27,0,1000.000,2.042180,0.000000
58896,7,0.112350,0.872680,23,0,1000.000,1.999472,0.000000
58944,0,0.119618,0.857785,26,0,1000.000,1.834068,0.000000
58944,1,0.134033,0.859599,36,0,1000.000,1.837471,0.000000
58944,2,0.130779,0.869603,30,0,1000.000,2.056663,0.000000
58944,3,0.118955,0.885295,26,0,1000.000,1.768384,0.000000
58944,4,0.129988,0.872347,26,0,1000.000,1.862258,0.000000
58944,5,0.120250,0.871136,22,0,1000.000,2.100032,0.000000
58944,6,0.134026,0.885089,30,0,1000.000,1.837897,0.000000
58944,7,0.112350,0.789251,19,2,903.263,1.738772,0.000000
58992,0,0.119618,0.875706,26,0,1000.000,1.674695,0.000000
58992,1,0.134033,0.886818,23,0,1000.000,1.698015,0.000000
58992,2,0.130779,0.848107,27,0,1000.000,2.105655,0.000000
58992,3,0.118955,0.871264,22,0,1000.000,1.714048,0.000000
58992,4,0.129988,0.872241,15,0,1000.000,1.819386,0.000000
58992,5,0.120250,0.864527,24,0,1000.000,2.117567,0.000000
58992,6,0.134026,0.875216,20,0,1000.000,1.789557,0.000000
58992,7,0.112350,0.836971,25,0,1000.000,2.194048,0.000000
59040,0,0.119618,0.868741,18,0,1000.000,2.007851,0.000000
59040,1,0.134033,0.837853,29,0,1000.000,2.336727,0.000000
59040,2,0.130779,0.884680,26,0,1000.000,1.816730,0.000000
59040,3,0.118955,0.884219,21,0,1000.000,1.426887,0.000000
59040,4,0.129988,0.887817,19,0,1000.000,1.766621,0.000000
59040,5,0.120250,0.890385,11,0,1000.000,1.923388,0.000000
59040,6,0.134026,0.875703,23,0,1000.000,1.860286,0.000000
59040,7,0.112350,0.835646,19,0,1000.000,2.431422,0.000000
59088,0,0.119618,0.870656,25,0,1000.000,1.805295,0.000000
59088,1,0.134033,0.872143,24,0,1000.000,1.888723,0.000000
59088,2,0.130779,0.877984,27,0,1000.000,1.438824,0.000000
59088,3,0.118955,0.860321,17,0,1000.000,2.069607,0.000000
59088,4,0.129988,0.866448,15,0,1000.000,1.888346,0.000000
59088,5,0.120250,0.874162,20,0,1000.000,2.004313,0.000000
59088,6,0.134026,0.877624,19,0,1000.000,1.799641,0.000000
59088,7,0.112350,0.886020,13,0,1000.000,1.659921,0.000000
59184,0,0.119618,0.880176,29,0,1000.000,1.851859,0.000000
59184,1,0.134033,0.860249,43,0,1000.000,1.839183,0.000000
59184,2,0.130779,0.875118,30,0,1000.000,1.792566,0.000000
59184,3,0.118955,0.878415,37,0,1000.000,1.875651,0.000000
59184,4,0.129988,0.862632,46,0,1000.000,1.968891,0.000000
59184,5,0.120250,0.883075,46,0,1000.000,1.766297,0.000000
59184,6,0.134026,0.873397,45,0,1000.000,1.785090,0.000000
59184,7,0.112350,0.876753,37,0,1000.000,1.929714,0.000000
59232,0,0.119618,0.835983,16,0,1000.000,1.878566,0.000000
59232,1,0.134033,0.851854,24,1,960.917,1.630144,0.000000
59232,2,0.130779,0.882785,14,0,1000.000,1.713279,0.000000
59232,3,0.118955,0.889676,13,0,1000.000,1.539159,0.000000
59232,4,0.129988,0.891261,16,0,1000.000,1.915162,0.000000
59232,5,0.120250,0.857544,17,0,1000.000,2.011022,0.000000
59232,6,0.134026,0.858675,28,0,1000.000,2.011541,0.000000
59232,7,0.112350,0.888995,15,0,1000.000,1.665668,0.000000
59280,0,0.119618,0.873746,22,1,977.591,1.820292,0.000000
59280,1,0.134033,0.874866,29,0,1000.000,1.773431,0.000000
59280,2,0.130779,0.862675,25,0,1000.000,1.746792,0.000000
59280,3,0.118955,0.861569,20,0,1000.000,1.944268,0.000000
59280,4,0.129988,0.864188,17,0,1000.000,1.993561,0.000000
59280,5,0.120250,0.845507,14,0,1000.000,2.520281,0.000000
59280,6,0.134026,0.850042,18,0,1000.000,2.393670,0.000000
59280,7,0.112350,0.859384,19,0,1000.000,2.066173,0.000000
59328,0,0.119618,0.891277,18,0,1000.000,1.703296,0.000000
59328,1,0.134033,0.853635,20,0,1000.000,2.436926,0.000000
59328,2,0.130779,0.887521,15,0,1000.000,1.463808,0.000000
59328,3,0.118955,0.864902,21,0,1000.000,2.193071,0.000000
59328,4,0.129988,0.891728,26,0,1000.000,1.438412,0.000000
59328,5,0.120250,0.882907,14,0,1000.000,2.111456,0.000000
59328,6,0.134026,0.864199,29,0,1000.000,2.174453,0.000000
59328,7,0.112350,0.867188,16,0,1000.000,1.942089,0.000000
59376,0,0.119618,0.793061,16,1,942.375,2.208550,0.000000
59376,1,0.134033,0.868447,33,0,1000.000,1.931262,0.000000
59376,2,0.130779,0.865482,23,0,1000.000,2.048014,0.000000
59376,3,0.118955,0.854744,25,0,1000.000,1.850245,0.000000
59376,4,0.129988,0.878755,30,0,1000.000,1.891682,0.000000
59376,5,0.120250,0.861864,26,0,1000.000,2.092967,0.000000
59376,6,0.134026,0.866331,24,0,1000.000,2.078604,0.000000
59376,7,0.112350,0.879368,25,0,1000.000,1.897211,0.000000
59424,0,0.119618,0.869632,20,0,1000.000,1.740659,0.000000
59424,1,0.134033,0.873886,34,0,1000.000,1.994255,0.000000
59424,2,0.130779,0.874143,23,0,1000.000,1.641783,0.000000
59424,3,0.118955,0.872306,27,0,1000.000,2.204601,0.000000
59424,4,0.129988,0.876666,33,0,1000.000,1.771739,0.000000
59424,5,0.120250,0.845762,18,0,1000.000,2.398324,0.000000
59424,6,0.134026,0.871502,16,0,1000.000,1.931727,0.000000
59424,7,0.112350,0.893504,26,0,1000.000,1.755908,0.000000
59472,0,0.119618,0.834581,15,0,1000.000,2.344521,0.000000
59472,1,0.134033,0.856888,20,0,1000.000,1.803233,0.000000
59472,2,0.130779,0.865341,20,0,1000.000,1.964922,0.000000
59472,3,0.118955,0.879950,20,0,1000.000,1.667330,0.000000
59472,4,0.129988,0.870592,21,0,1000.000,2.107878,0.000000
59472,5,0.120250,0.858089,18,0,1000.000,2.004540,0.000000
59472,6,0.134026,0.876554,23,0,1000.000,1.959082,0.000000
59472,7,0.112350,0.874283,21,0,1000.000,1.906128,0.000000
59520,0,0.119618,0.878374,21,0,1000.000,1.762831,0.000000
59520,1,0.134033,0.849084,29,0,1000.000,1.960321,0.000000
59520,2,0.130779,0.889665,23,0,1000.000,1.737237,0.000000
59520,3,0.118955,0.875385,28,0,1000.000,1.941442,0.000000
59520,4,0.129988,0.845624,21,0,1000.000,2.330814,0.000000
59520,5,0.120250,0.859302,29,0,1000.000,2.211476,0.000000
59520,6,0.134026,0.866509,31,0,1000.000,1.945536,0.000000
59520,7,0.112350,0.853892,28,0,1000.000,2.156773,0.000000
59568,0,0.119618,0.843896,31,0,1000.000,2.168876,0.000000
59568,1,0.134033,0.876482,36,0,1000.000,1.935126,0.000000
59568,2,0.130779,0.868301,33,0,1000.000,2.115907,0.000000
59568,3,0.118955,0.882472,33,0,1000.000,1.988836,0.000000
59568,4,0.129988,0.873564,45,0,1000.000,1.992948,0.000000
59568,5,0.120250,0.862687,24,0,1000.000,2.125862,0.000000
59568,6,0.134026,0.851903,29,0,1000.000,2.421646,0.000000
59568,7,0.112350,0.886000,22,0,1000.000,1.634776,0.000000
59616,0,0.119618,0.875101,38,0,1000.000,1.853263,0.000000
59616,1,0.134033,0.857924,34,0,1000.000,1.894568,0.000000
59616,2,0.130779,0.881964,54,0,1000.000,1.846584,0.000000
59616,3,0.118955,0.859156,37,0,1000.000,2.076375,0.000000
59616,4,0.129988,0.850169,35,0,1000.000,2.068016,0.000000
59616,5,0.120250,0.874705,34,0,1000.000,2.012843,0.000000
59616,6,0.134026,0.880279,35,0,1000.000,1.706621,0.000000
59616,7,0.112350,0.867689,20,0,1000.000,2.119881,0.000000
59664,0,0.119618,0.861412,32,1,978.531,2.036559,0.000000
59664,1,0.134033,0.866134,25,0,1000.000,2.026691,0.000000
59664,2,0.130779,0.875269,30,0,1000.000,1.852834,0.000000
59664,3,0.118955,0.858960,29,0,1000.000,1.965394,0.000000
59664,4,0.129988,0.879402,26,0,1000.000,1.951605,0.000000
59664,5,0.120250,0.872879,30,0,1000.000,2.146842,0.000000
59664,6,0.134026,0.850994,31,0,1000.000,2.261675,0.000000
59664,7,0.112350,0.867983,25,0,1000.000,2.293403,0.000000
59712,0,0.119618,0.883201,28,0,1000.000,1.790294,0.000000
59712,1,0.134033,0.873251,24,0,1000.000,1.937068,0.000000
59712,2,0.130779,0.869047,31,0,1000.000,1.898561,0.000000
59712,3,0.118955,0.891731,26,0,1000.000,1.474800,0.000000
59712,4,0.129988,0.879834,27,0,1000.000,1.682775,0.000000
59712,5,0.120250,0.867460,31,0,1000.000,1.982226,0.000000
59712,6,0.134026,0.870677,33,1,970.909,1.289906,0.000000
59712,7,0.112350,0.880441,27,0,1000.000,1.745939,0.000000
59760,0,0.119618,0.849535,21,0,1000.000,2.193595,0.000000
59760,1,0.134033,0.854642,23,0,1000.000,2.005099,0.000000
59760,2,0.130779,0.852015,32,0,1000.000,2.166810,0.000000
59760,3,0.118955,0.887830,22,0,1000.000,1.802256,0.000000
59760,4,0.129988,0.862192,31,0,1000.000,2.067240,0.000000
59760,5,0.120250,0.864047,38,0,1000.000,2.161345,0.000000
59760,6,0.134026,0.883605,32,0,1000.000,1.728574,0.000000
59760,7,0.112350,0.832050,29,1,969.241,2.196306,0.000000
59808,0,0.119618,0.871273,26,0,1000.000,1.805835,0.000000
59808,1,0.134033,0.864163,29,0,1000.000,1.861804,0.000000
59808,2,0.130779,0.859871,28,0,1000.000,1.811745,0.000000
59808,3,0.118955,0.882153,33,0,1000.000,1.945101,0.000000
59808,4,0.129988,0.872494,26,0,1000.000,1.845433,0.000000
59808,5,0.120250,0.871724,33,0,1000.000,1.880522,0.000000
59808,6,0.134026,0.902591,28,0,1000.000,1.569913,0.000000
59808,7,0.112350,0.876196,25,0,1000.000,2.254564,0.000000
59856,0,0.119618,0.852357,22,0,1000.000,2.279311,0.000000
59856,1,0.134033,0.870322,21,0,1000.000,1.739506,0.000000
59856,2,0.130779,0.879305,34,0,1000.000,1.577136,0.000000
59856,3,0.118955,0.848809,17,0,1000.000,2.500053,0.000000
59856,4,0.129988,0.849892,24,0,1000.000,2.351470,0.000000
59856,5,0.120250,0.881315,18,0,1000.000,1.876947,0.000000
59856,6,0.134026,0.872169,24,0,1000.000,1.905440,0.000000
59856,7,0.112350,0.816974,28,1,967.179,2.220425,0.000000
59904,0,0.119618,0.880343,27,0,1000.000,1.794144,0.000000
59904,1,0.134033,0.862650,32,0,1000.000,1.997093,0.000000
59904,2,0.130779,0.853755,29,0,1000.000,2.143322,0.000000
59904,3,0.118955,0.871413,31,0,1000.000,1.844780,0.000000
59904,4,0.129988,0.837540,30,1,970.567,1.802192,0.000000
59904,5,0.120250,0.883514,37,0,1000.000,1.661352,0.000000
59904,6,0.134026,0.859201,37,0,1000.000,1.918298,0.000000
59904,7,0.112350,0.873492,22,0,1000.000,1.933661,0.000000
59952,0,0.119618,0.873322,18,0,1000.000,1.931960,0.000000
59952,1,0.134033,0.871440,16,0,1000.000,1.973237,0.000000
59952,2,0.130779,0.842686,24,0,1000.000,2.263247,0.000000
59952,3,0.118955,0.876733,18,0,1000.000,1.583803,0.000000
59952,4,0.129988,0.854430,34,0,1000.000,2.325141,0.000000
59952,5,0.120250,0.862455,24,0,1000.000,2.093335,0.000000
59952,6,0.134026,0.872129,26,0,1000.000,1.867784,0.000000
59952,7,0.112350,0.887661,31,0,1000.000,1.706437,0.000000
60000,0,0.119618,0.869577,21,0,1000.000,1.809903,0.000000
60000,1,0.134033,0.853310,26,0,1000.000,2.368894,0.000000
60000,2,0.130779,0.866246,27,0,1000.000,1.893974,0.000000
60000,3,0.118955,0.869011,19,0,1000.000,1.840650,0.000000
60000,4,0.129988,0.859550,27,0,1000.000,2.004408,0.000000
60000,5,0.120250,0.869579,27,0,1000.000,1.888413,0.000000
60000,6,0.134026,0.885591,28,0,1000.000,1.953962,0.000000
60000,7,0.112350,0.857539,12,0,1000.000,2.530080,0.000000
60048,0,0.119591,0.867952,24,0,1000.000,1.764495,0.000000
60048,1,0.111669,0.857452,22,0,1000.000,2.036542,0.000000
60048,2,0.118243,0.881807,22,0,1000.000,1.565365,0.000000
60048,3,0.128444,0.873041,17,0,1000.000,1.865824,0.000000
60048,4,0.124903,0.901639,18,0,1000.000,1.353284,0.000000
60048,5,0.134523,0.896112,16,0,1000.000,1.644838,0.000000
60048,6,0.124385,0.874832,23,0,1000.000,1.947004,0.000000
60048,7,0.138242,0.829940,18,1,952.222,1.716277,0.000000
60096,0,0.119591,0.848936,17,0,1000.000,2.208078,0.000000
60096,1,0.111669,0.854193,18,0,1000.000,2.002374,0.000000
60096,2,0.118243,0.861083,24,0,1000.000,2.138038,0.000000
60096,3,0.128444,0.865357,26,0,1000.000,2.040693,0.000000
60096,4,0.124903,0.852658,25,0,1000.000,2.227318,0.000000
60096,5,0.134523,0.890987,18,0,1000.000,1.673393,0.000000
60096,6,0.124385,0.864993,18,0,1000.000,2.221746,0.000000
60096,7,0.138242,0.894326,17,0,1000.000,1.561832,0.000000
60144,0,0.119591,0.886263,21,1,984.048,1.684134,0.000000
60144,1,0.111669,0.872313,12,0,1000.000,1.651408,0.000000
60144,2,0.118243,0.872656,29,0,1000.000,1.907197,0.000000
60144,3,0.128444,0.880655,18,0,1000.000,1.761220,0.000000
60144,4,0.124903,0.827487,23,0,1000.000,2.365111,0.000000
60144,5,0.134523,0.878427,14,0,1000.000,2.009696,0.000000
60144,6,0.124385,0.866660,19,0,1000.000,2.217237,0.000000
60144,7,0.138242,0.843436,24,0,1000.000,2.008373,0.000000
60192,0,0.119591,0.875192,20,0,1000.000,1.785772,0.000000
60192,1,0.111669,0.885568,22,0,1000.000,1.729027,0.000000
60192,2,0.118243,0.880621,23,0,1000.000,1.660032,0.000000
60192,3,0.128444,0.854071,21,0,1000.000,2.296650,0.000000
60192,4,0.124903,0.839168,16,0,1000.000,1.947344,0.000000
60192,5,0.134523,0.857780,21,0,1000.000,2.026574,0.000000
60192,6,0.124385,0.882041,13,0,1000.000,1.672311,0.000000
60192,7,0.138242,0.873594,19,0,1000.000,1.707027,0.000000
60240,0,0.119591,0.866378,18,0,1000.000,1.731250,0.000000
60240,1,0.111669,0.868642,18,0,1000.000,2.139928,0.000000
60240,2,0.118243,0.877347,15,0,1000.000,1.997440,0.000000
60240,3,0.128444,0.886468,15,0,1000.000,1.748492,0.000000
60240,4,0.124903,0.884448,22,0,1000.000,1.588258,0.000000
60240,5,0.134523,0.879079,14,0,1000.000,1.814293,0.000000
60240,6,0.124385,0.881774,20,0,1000.000,2.057010,0.000000
60240,7,0.138242,0.849434,14,0,1000.000,2.013050,0.000000
60288,0,0.119591,0.863424,16,0,1000.000,1.605476,0.000000
60288,1,0.111669,0.898889,23,0,1000.000,1.424827,0.000000
60288,2,0.118243,0.844059,14,0,1000.000,2.028106,0.000000
60288,3,0.128444,0.860359,16,0,1000.000,2.081858,0.000000
60288,4,0.124903,0.873437,19,0,1000.000,1.996029,0.000000
60288,5,0.134523,0.860649,30,0,1000.000,2.111421,0.000000
60288,6,0.124385,0.875128,19,0,1000.000,1.602180,0.000000
60288,7,0.138242,0.871930,24,0,1000.000,1.997971,0.000000
60336,0,0.119591,0.889173,24,0,1000.000,1.733306,0.000000
60336,1,0.111669,0.852816,14,0,1000.000,2.139892,0.000000
60336,2,0.118243,0.841965,22,0,1000.000,2.182944,0.000000
60336,3,0.128444,0.846081,22,0,1000.000,2.219201,0.000000
60336,4,0.124903,0.874135,24,0,1000.000,1.849691,0.000000
60336,5,0.134523,0.871938,24,0,1000.000,1.783578,0.000000
60336,6,0.124385,0.847069,22,0,1000.000,2.163905,0.000000
60336,7,0.138242,0.855117,15,0,1000.000,1.953134,0.000000
60384,0,0.119591,0.865601,23,0,1000.000,2.030434,0.000000
60384,1,0.111669,0.811022,17,0,1000.000,2.305061,0.000000
60384,2,0.118243,0.858132,28,0,1000.000,2.029022,0.000000
60384,3,0.128444,0.869680,27,0,1000.000,1.729730,0.000000
60384,4,0.124903,0.876017,22,0,1000.000,1.812666,0.000000
60384,5,0.134523,0.879263,35,0,1000.000,1.799710,0.000000
60384,6,0.124385,0.869847,24,0,1000.000,1.871003,0.000000
60384,7,0.138242,0.835465,32,1,970.969,1.846546,0.000000
60432,0,0.119591,0.823663,14,0,1000.000,1.957403,0.000000
60432,1,0.111669,0.857149,23,0,1000.000,2.073608,0.000000
60432,2,0.118243,0.860333,20,0,1000.000,2.019880,0.000000
60432,3,0.128444,0.857175,34,0,1000.000,1.951093,0.000000
60432,4,0.124903,0.877708,23,0,1000.000,1.707837,0.000000
60432,5,0.134523,0.866300,19,0,1000.000,2.072781,0.000000
60432,6,0.124385,0.865157,36,0,1000.000,2.031501,0.000000
60432,7,0.138242,0.881387,25,0,1000.000,1.875685,0.000000
60480,0,0.119591,0.862395,13,2,903.923,1.652997,0.000000
60480,1,0.111669,0.866491,21,0,1000.000,1.966761,0.000000
60480,2,0.118243,0.830584,21,0,1000.000,2.341977,0.000000
60480,3,0.128444,0.851140,25,0,1000.000,2.205312,0.000000
60480,4,0.124903,0.887122,24,0,1000.000,1.747352,0.000000
60480,5,0.134523,0.881121,22,0,1000.000,1.589742,0.000000
60480,6,0.124385,0.817721,17,1,944.176,2.057283,0.000000
60480,7,0.138242,0.869557,31,0,1000.000,1.992791,0.000000
60528,0,0.119591,0.865936,23,0,1000.000,1.736972,0.000000
60528,1,0.111669,0.853068,23,0,1000.000,2.343512,0.000000
60528,2,0.118243,0.861011,20,0,1000.000,2.112630,0.000000
60528,3,0.128444,0.866110,22,0,1000.000,1.977924,0.000000
60528,4,0.124903,0.892385,21,0,1000.000,1.685472,0.000000
60528,5,0.134523,0.849623,30,0,1000.000,2.056252,0.000000
60528,6,0.124385,0.879830,27,0,1000.000,1.818005,0.000000
60528,7,0.138242,0.848114,30,0,1000.000,2.097626,0.000000
60576,0,0.119591,0.858610,35,0,1000.000,1.867088,0.000000
60576,1,0.111669,0.865889,33,0,1000.000,1.929010,0.000000
60576,2,0.118243,0.877309,33,0,1000.000,1.808356,0.000000
60576,3,0.128444,0.842261,28,0,1000.000,2.385217,0.000000
60576,4,0.124903,0.857022,30,0,1000.000,2.132505,0.000000
60576,5,0.134523,0.866684,29,0,1000.000,1.991605,0.000000
60576,6,0.124385,0.885087,26,0,1000.000,1.640300,0.000000
60576,7,0.138242,0.861907,48,0,1000.000,2.177095,0.000000
60624,0,0.119591,0.882300,25,0,1000.000,1.775105,0.000000
60624,1,0.111669,0.846644,30,0,1000.000,1.942591,0.000000
60624,2,0.118243,0.873619,38,0,1000.000,1.813383,0.000000
60624,3,0.128444,0.878644,30,0,1000.000,1.636613,0.000000
60624,4,0.124903,0.862765,39,0,1000.000,2.080671,0.000000
60624,5,0.134523,0.869054,46,0,1000.000,2.071661,0.000000
60624,6,0.124385,0.867120,32,0,1000.000,1.887994,0.000000
60624,7,0.138242,0.867552,46,0,1000.000,1.815112,0.000000
60672,0,0.119591,0.848104,24,1,999.417,2.085965,0.000000
60672,1,0.111669,0.865280,26,0,1000.000,1.800370,0.000000
60672,2,0.118243,0.887325,31,0,1000.000,1.548152,0.000000
60672,3,0.128444,0.866790,26,0,1000.000,1.979755,0.000000
60672,4,0.124903,0.843132,27,0,1000.000,2.266283,0.000000
60672,5,0.134523,0.873099,29,0,1000.000,2.068736,0.000000
60672,6,0.124385,0.854472,36,0,1000.000,2.039542,0.000000
60672,7,0.138242,0.864846,29,1,967.483,1.519961,0.000000
60720,0,0.119591,0.872311,40,0,1000.000,1.712613,0.000000
60720,1,0.111669,0.835223,17,0,1000.000,1.862344,0.000000
60720,2,0.118243,0.848950,30,0,1000.000,1.963533,0.000000
60720,3,0.128444,0.878908,22,0,1000.000,1.626863,0.000000
60720,4,0.124903,0.846762,26,0,1000.000,2.044867,0.000000
60720,5,0.134523,0.876051,30,0,1000.000,1.784846,0.000000
60720,6,0.124385,0.888757,28,0,1000.000,1.684495,0.000000
60720,7,0.138242,0.853718,32,0,1000.000,1.984646,0.000000
60768,0,0.119591,0.831746,22,1,994.955,2.301070,0.000000
60768,1,0.111669,0.860749,23,0,1000.000,1.926760,0.000000
60768,2,0.118243,0.852335,22,0,1000.000,1.878963,0.000000
60768,3,0.128444,0.858522,40,0,1000.000,1.981249,0.000000
60768,4,0.124903,0.872883,36,0,1000.000,1.756490,0.000000
60768,5,0.134523,0.850153,38,0,1000.000,1.982011,0.000000
60768,6,0.124385,0.856885,30,0,1000.000,1.945206,0.000000
60768,7,0.138242,0.881120,23,0,1000.000,1.684117,0.000000
60816,0,0.119591,0.859914,29,0,1000.000,1.847135,0.000000
60816,1,0.111669,0.865000,21,0,1000.000,1.833433,0.000000
60816,2,0.118243,0.873780,22,0,1000.000,1.763996,0.000000
60816,3,0.128444,0.881739,25,0,1000.000,1.756851,0.000000
60816,4,0.124903,0.850582,41,0,1000.000,2.024885,0.000000
60816,5,0.134523,0.883467,27,0,1000.000,1.920270,0.000000
60816,6,0.124385,0.873760,25,0,1000.000,2.026046,0.000000
60816,7,0.138242,0.792681,21,1,954.762,2.462420,0.000000
60864,0,0.119591,0.861554,24,0,1000.000,1.813344,0.000000
60864,1,0.111669,0.868946,21,0,1000.000,1.559302,0.000000
60864,2,0.118243,0.876857,24,0,1000.000,1.905523,0.000000
60864,3,0.128444,0.878687,38,0,1000.000,1.652876,0.000000
60864,4,0.124903,0.869755,25,0,1000.000,1.834312,0.000000
60864,5,0.134523,0.838552,24,0,1000.000,2.083951,0.000000
60864,6,0.124385,0.877900,20,0,1000.000,1.696697,0.000000
60864,7,0.138242,0.857183,26,0,1000.000,2.084149,0.000000
60912,0,0.119591,0.869688,32,1,998.031,1.772895,0.000000
60912,1,0.111669,0.858046,42,0,1000.000,1.916711,0.000000
60912,2,0.118243,0.886124,27,0,1000.000,1.578161,0.000000
60912,3,0.128444,0.856422,21,0,1000.000,1.925179,0.000000
60912,4,0.124903,0.846465,29,0,1000.000,1.865640,0.000000
60912,5,0.134523,0.872754,34,0,1000.000,1.678236,0.000000
60912,6,0.124385,0.847355,32,0,1000.000,2.137545,0.000000
60912,7,0.138242,0.874560,22,0,1000.000,1.884176,0.000000
61008,0,0.119591,0.870755,44,1,999.068,1.829765,0.000000
61008,1,0.111669,0.865207,37,0,1000.000,1.874835,0.000000
61008,2,0.118243,0.852520,47,0,1000.000,2.026447,0.000000
61008,3,0.128444,0.838555,40,0,1000.000,2.231328,0.000000
61008,4,0.124903,0.841799,46,0,1000.000,2.106265,0.000000
61008,5,0.134523,0.842856,56,0,1000.000,2.110812,0.000000
61008,6,0.124385,0.865613,42,2,978.500,1.709530,0.000000
61008,7,0.138242,0.869333,59,0,1000.000,1.973206,0.000000
61056,0,0.119591,0.858482,19,1,980.737,1.789659,0.000000
61056,1,0.111669,0.872104,18,0,1000.000,1.593249,0.000000
61056,2,0.118243,0.863180,29,0,1000.000,1.894734,0.000000
61056,3,0.128444,0.851233,17,0,1000.000,2.013023,0.000000
61056,4,0.124903,0.852515,17,0,1000.000,1.962366,0.000000
61056,5,0.134523,0.853513,39,0,1000.000,1.905557,0.000000
61056,6,0.124385,0.849949,16,0,1000.000,2.080920,0.000000
61056,7,0.138242,0.875333,12,0,1000.000,1.802204,0.000000
61104,0,0.119591,0.885955,19,0,1000.000,1.407148,0.000000
61104,1,0.111669,0.820803,18,0,1000.000,2.338438,0.000000
61104,2,0.118243,0.877998,21,0,1000.000,1.541891,0.000000
61104,3,0.128444,0.859028,16,0,1000.000,2.063871,0.000000
61104,4,0.124903,0.843537,15,0,1000.000,2.054091,0.000000
61104,5,0.134523,0.858217,23,0,1000.000,2.165344,0.000000
61104,6,0.124385,0.877141,17,0,1000.000,1.877342,0.000000
61104,7,0.138242,0.888060,21,0,1000.000,1.399195,0.000000
61152,0,0.119591,0.857325,25,3,947.800,1.629470,0.000000
61152,1,0.111669,0.873495,25,0,1000.000,1.960951,0.000000
61152,2,0.118243,0.860251,23,0,1000.000,2.081070,0.000000
61152,3,0.128444,0.866894,11,0,1000.000,1.493976,0.000000
61152,4,0.124903,0.859086,17,0,1000.000,2.005278,0.000000
61152,5,0.134523,0.838507,22,0,1000.000,2.425672,0.000000
61152,6,0.124385,0.857861,20,0,1000.000,2.119408,0.000000
61152,7,0.138242,0.827249,19,1,954.789,1.997841,0.000000
61200,0,0.119591,0.829325,17,1,947.588,1.870514,0.000000
61200,1,0.111669,0.878523,18,0,1000.000,1.780789,0.000000
61200,2,0.118243,0.860811,25,0,1000.000,1.965969,0.000000
61200,3,0.128444,0.791354,5,0,1000.000,2.433715,0.000000
61200,4,0.124903,0.830265,19,0,1000.000,2.566810,0.000000
61200,5,0.134523,0.859066,35,0,1000.000,1.890720,0.000000
61200,6,0.124385,0.881653,18,0,1000.000,1.615740,0.000000
61200,7,0.138242,0.869536,19,0,1000.000,2.226213,0.000000
61248,0,0.119591,0.873795,15,0,1000.000,2.035611,0.000000
61248,1,0.111669,0.869714,17,0,1000.000,1.805982,0.000000
61248,2,0.118243,0.861751,20,0,1000.000,1.945114,0.000000
61248,3,0.128444,0.872247,20,0,1000.000,2.005017,0.000000
61248,4,0.124903,0.886258,12,0,1000.000,1.994990,0.000000
61248,5,0.134523,0.859434,21,0,1000.000,2.397429,0.000000
61248,6,0.124385,0.847647,19,0,1000.000,2.179567,0.000000
61248,7,0.138242,0.865143,17,0,1000.000,2.051741,0.000000
61296,0,0.119591,0.875307,17,0,1000.000,1.969243,0.000000
61296,1,0.111669,0.864293,23,0,1000.000,1.987452,0.000000
61296,2,0.118243,0.877895,20,0,1000.000,1.781874,0.000000
61296,3,0.128444,0.898846,21,0,1000.000,1.354675,0.000000
61296,4,0.124903,0.865926,28,0,1000.000,1.825993,0.000000
61296,5,0.134523,0.851981,21,0,1000.000,2.320241,0.000000
61296,6,0.124385,0.831153,15,0,1000.000,2.509631,0.000000
61296,7,0.138242,0.836177,24,0,1000.000,2.464582,0.000000
61344,0,0.119591,0.827570,23,1,976.217,2.359622,0.000000
61344,1,0.111669,0.843874,15,0,1000.000,2.154897,0.000000
61344,2,0.118243,0.827081,21,0,1000.000,2.479129,0.000000
61344,3,0.128444,0.873770,19,0,1000.000,1.953671,0.000000
61344,4,0.124903,0.855620,24,0,1000.000,1.943299,0.000000
61344,5,0.134523,0.856261,28,0,1000.000,2.165643,0.000000
61344,6,0.124385,0.881259,20,0,1000.000,1.741089,0.000000
61344,7,0.138242,0.863604,24,0,1000.000,2.266302,0.000000
61392,0,0.119591,0.877675,29,0,1000.000,1.551825,0.000000
61392,1,0.111669,0.881145,16,0,1000.000,1.568444,0.000000
61392,2,0.118243,0.838102,23,0,1000.000,2.018902,0.000000
61392,3,0.128444,0.871713,26,0,1000.000,1.655105,0.000000
61392,4,0.124903,0.849520,29,0,1000.000,2.005712,0.000000
61392,5,0.134523,0.837129,21,0,1000.000,2.348815,0.000000
61392,6,0.124385,0.841910,30,0,1000.000,2.124133,0.000000
61392,7,0.138242,0.862085,22,0,1000.000,1.848711,0.000000
61440,0,0.119591,0.873395,28,0,1000.000,1.873617,0.000000
61440,1,0.111669,0.847478,16,0,1000.000,2.111279,0.000000
61440,2,0.118243,0.879255,27,0,1000.000,1.467645,0.000000
61440,3,0.128444,0.852710,19,0,1000.000,2.107617,0.000000
61440,4,0.124903,0.859740,24,0,1000.000,1.989257,0.000000
61440,5,0.134523,0.850421,22,0,1000.000,2.144740,0.000000
61440,6,0.124385,0.845329,27,0,1000.000,2.004112,0.000000
61440,7,0.138242,0.867532,25,0,1000.000,2.125926,0.000000
61536,0,0.119591,0.845551,44,0,1000.000,2.164955,0.000000
61536,1,0.111669,0.860714,56,0,1000.000,2.043055,0.000000
61536,2,0.118243,0.860610,56,0,1000.000,1.986740,0.000000
61536,3,0.128444,0.859280,52,0,1000.000,2.258431,0.000000
61536,4,0.124903,0.854799,50,0,1000.000,2.168672,0.000000
61536,5,0.134523,0.870889,46,0,1000.000,1.979291,0.000000
61536,6,0.124385,0.876570,45,0,1000.000,2.024276,0.000000
61536,7,0.138242,0.868926,47,0,1000.000,1.930777,0.000000
61584,0,0.119591,0.840184,25,0,1000.000,2.296382,0.000000
61584,1,0.111669,0.890238,32,0,1000.000,1.618091,0.000000
61584,2,0.118243,0.876125,35,0,1000.000,2.021148,0.000000
61584,3,0.128444,0.875561,32,0,1000.000,2.039583,0.000000
61584,4,0.124903,0.860399,32,0,1000.000,1.913746,0.000000
61584,5,0.134523,0.871456,30,0,1000.000,2.051170,0.000000
61584,6,0.124385,0.852136,28,0,1000.000,2.087387,0.000000
61584,7,0.138242,0.856406,40,0,1000.000,2.207731,0.000000
61632,0,0.119591,0.846439,37,0,1000.000,2.195065,0.000000
61632,1,0.111669,0.858363,31,0,1000.000,2.139405,0.000000
61632,2,0.118243,0.862932,40,0,1000.000,1.912310,0.000000
61632,3,0.128444,0.871235,35,0,1000.000,1.951473,0.000000
61632,4,0.124903,0.874567,32,0,1000.000,1.940322,0.000000
61632,5,0.134523,0.863289,30,0,1000.000,1.984694,0.000000
61632,6,0.124385,0.875575,22,0,1000.000,2.000448,0.000000
61632,7,0.138242,0.838254,45,0,1000.000,2.358970,0.000000
61680,0,0.119591,0.851564,23,0,1000.000,1.744694,0.000000
61680,1,0.111669,0.883708,24,0,1000.000,1.738092,0.000000
61680,2,0.118243,0.838234,32,0,1000.000,2.036598,0.000000
61680,3,0.128444,0.844990,31,0,1000.000,1.945839,0.000000
61680,4,0.124903,0.859066,26,0,1000.000,2.111233,0.000000
61680,5,0.134523,0.852241,32,0,1000.000,2.334104,0.000000
61680,6,0.124385,0.856630,29,0,1000.000,2.214159,0.000000
61680,7,0.138242,0.830382,36,1,978.056,2.052962,0.000000
61728,0,0.119591,0.853381,26,0,1000.000,1.849023,0.000000
61728,1,0.111669,0.860967,17,0,1000.000,2.074342,0.000000
61728,2,0.118243,0.837238,21,0,1000.000,2.102026,0.000000
61728,3,0.128444,0.867232,32,0,1000.000,2.016734,0.000000
61728,4,0.124903,0.859098,25,0,1000.000,2.218824,0.000000
61728,5,0.134523,0.842435,30,0,1000.000,2.281350,0.000000
61728,6,0.124385,0.863331,34,0,1000.000,1.873353,0.000000
61728,7,0.138242,0.846637,34,0,1000.000,2.075284,0.000000
61776,0,0.119591,0.862289,31,0,1000.000,1.892553,0.000000
61776,1,0.111669,0.875904,21,0,1000.000,1.726197,0.000000
61776,2,0.118243,0.867071,39,0,1000.000,1.792938,0.000000
61776,3,0.128444,0.844931,31,0,1000.000,2.291478,0.000000
61776,4,0.124903,0.873289,35,0,1000.000,1.816613,0.000000
61776,5,0.134523,0.853393,19,0,1000.000,2.285996,0.000000
61776,6,0.124385,0.869936,38,0,1000.000,1.882424,0.000000
61776,7,0.138242,0.850952,29,0,1000.000,2.199816,0.000000
61824,0,0.119591,0.844768,24,0,1000.000,1.944310,0.000000
61824,1,0.111669,0.842327,17,0,1000.000,2.044825,0.000000
61824,2,0.118243,0.866406,25,0,1000.000,1.986395,0.000000
61824,3,0.128444,0.876531,25,0,1000.000,1.953038,0.000000
61824,4,0.124903,0.877291,34,0,1000.000,1.834125,0.000000
61824,5,0.134523,0.852108,24,0,1000.000,2.276427,0.000000
61824,6,0.124385,0.847456,22,0,1000.000,1.889019,0.000000
61824,7,0.138242,0.874483,27,0,1000.000,2.102858,0.000000
61872,0,0.119591,0.823491,22,0,1000.000,2.300078,0.000000
61872,1,0.111669,0.860971,25,0,1000.000,1.948879,0.000000
61872,2,0.118243,0.878168,32,0,1000.000,1.759299,0.000000
61872,3,0.128444,0.862750,24,0,1000.000,2.044883,0.000000
61872,4,0.124903,0.854609,24,0,1000.000,2.023838,0.000000
61872,5,0.134523,0.844493,22,0,1000.000,2.110145,0.000000
61872,6,0.124385,0.856448,30,0,1000.000,2.125734,0.000000
61872,7,0.138242,0.843886,33,0,1000.000,2.106304,0.000000
61920,0,0.119591,0.851462,28,1,972.893,2.042135,0.000000
61920,1,0.111669,0.880809,26,0,1000.000,1.861968,0.000000
61920,2,0.118243,0.862951,35,0,1000.000,2.071233,0.000000
61920,3,0.128444,0.866427,31,0,1000.000,1.951498,0.000000
61920,4,0.124903,0.863298,35,0,1000.000,1.974970,0.000000
61920,5,0.134523,0.871972,25,0,1000.000,2.089824,0.000000
61920,6,0.124385,0.870960,25,0,1000.000,1.917527,0.000000
61920,7,0.138242,0.845734,27,0,1000.000,2.237389,0.000000
61968,0,0.119591,0.856924,27,1,996.815,2.018221,0.000000
61968,1,0.111669,0.868133,23,0,1000.000,2.182398,0.000000
61968,2,0.118243,0.848630,27,0,1000.000,2.103007,0.000000
61968,3,0.128444,0.862795,22,0,1000.000,1.897005,0.000000
61968,4,0.124903,0.872908,22,0,1000.000,2.004450,0.000000
61968,5,0.134523,0.853564,24,0,1000.000,2.069422,0.000000
61968,6,0.124385,0.846241,17,0,1000.000,2.564372,0.000000
61968,7,0.138242,0.876234,17,0,1000.000,2.005859,0.000000
62016,0,0.119591,0.866883,24,0,1000.000,1.709335,0.000000
62016,1,0.111669,0.826618,20,0,1000.000,2.359558,0.000000
62016,2,0.118243,0.864554,24,0,1000.000,1.909058,0.000000
62016,3,0.128444,0.863968,25,0,1000.000,1.992501,0.000000
62016,4,0.124903,0.880312,26,0,1000.000,1.880103,0.000000
62016,5,0.134523,0.855257,25,0,1000.000,2.484899,0.000000
62016,6,0.124385,0.878561,21,0,1000.000,1.924603,0.000000
62016,7,0.138242,0.892708,22,0,1000.000,1.562478,0.000000
62064,0,0.119591,0.862256,22,0,1000.000,1.907096,0.000000
62064,1,0.111669,0.883596,10,0,1000.000,1.459996,0.000000
62064,2,0.118243,0.864583,21,0,1000.000,1.944688,0.000000
62064,3,0.128444,0.881131,16,0,1000.000,1.894986,0.000000
62064,4,0.124903,0.853651,27,0,1000.000,2.143384,0.000000
62064,5,0.134523,0.866679,21,0,1000.000,1.917068,0.000000
62064,6,0.124385,0.877929,17,0,1000.000,1.949492,0.000000
62064,7,0.138242,0.883448,28,0,1000.000,1.764377,0.000000
62112,0,0.119591,0.878334,24,0,1000.000,1.855675,0.000000
62112,1,0.111669,0.828567,16,0,1000.000,2.366024,0.000000
62112,2,0.118243,0.864524,17,0,1000.000,2.000891,0.000000
62112,3,0.128444,0.853728,24,0,1000.000,2.228945,0.000000
62112,4,0.124903,0.858340,16,0,1000.000,2.235984,0.000000
62112,5,0.134523,0.841972,17,0,1000.000,2.346494,0.000000
62112,6,0.124385,0.867849,19,0,1000.000,2.158370,0.000000
62112,7,0.138242,0.839919,16,0,1000.000,2.258584,0.000000
62160,0,0.119591,0.881275,12,0,1000.000,1.595462,0.000000
62160,1,0.111669,0.894135,26,0,1000.000,1.574732,0.000000
62160,2,0.118243,0.842748,14,0,1000.000,2.455331,0.000000
62160,3,0.128444,0.838793,14,0,1000.000,2.353627,0.000000
62160,4,0.124903,0.847281,21,0,1000.000,2.257193,0.000000
62160,5,0.134523,0.850338,30,0,1000.000,2.085851,0.000000
62160,6,0.124385,0.865337,26,0,1000.000,2.016251,0.000000
62160,7,0.138242,0.849399,20,0,1000.000,2.231032,0.000000
62208,0,0.119591,0.874532,20,0,1000.000,1.829370,0.000000
62208,1,0.111669,0.875977,18,0,1000.000,1.628196,0.000000
62208,2,0.118243,0.848361,18,1,946.889,1.428472,0.000000
62208,3,0.128444,0.895078,13,0,1000.000,1.466124,0.000000
62208,4,0.124903,0.848886,16,0,1000.000,2.545437,0.000000
62208,5,0.134523,0.888322,23,0,1000.000,1.714757,0.000000
62208,6,0.124385,0.839318,22,0,1000.000,2.597967,0.000000
62208,7,0.138242,0.881637,21,0,1000.000,1.649630,0.000000
62256,0,0.119591,0.854658,17,0,1000.000,2.324241,0.000000
62256,1,0.111669,0.851659,20,0,1000.000,2.281127,0.000000
62256,2,0.118243,0.862406,19,0,1000.000,2.123755,0.000000
62256,3,0.128444,0.864716,20,0,1000.000,1.969399,0.000000
62256,4,0.124903,0.839237,18,0,1000.000,2.418121,0.000000
62256,5,0.134523,0.874081,19,0,1000.000,2.114650,0.000000
62256,6,0.124385,0.895348,21,0,1000.000,1.661518,0.000000
62256,7,0.138242,0.855111,20,0,1000.000,1.825179,0.000000
62304,0,0.119591,0.880061,21,1,956.524,1.590829,0.000000
62304,1,0.111669,0.866297,22,0,1000.000,1.794531,0.000000
62304,2,0.118243,0.867653,22,0,1000.000,1.912168,0.000000
62304,3,0.128444,0.866736,24,0,1000.000,1.955249,0.000000
62304,4,0.124903,0.853048,25,0,1000.000,2.318662,0.000000
62304,5,0.134523,0.859915,16,0,1000.000,1.969229,0.000000
62304,6,0.124385,0.862900,15,0,1000.000,2.161911,0.000000
62304,7,0.138242,0.864727,19,0,1000.000,1.788060,0.000000
62352,0,0.119591,0.876076,20,0,1000.000,1.860842,0.000000
62352,1,0.111669,0.860056,20,0,1000.000,2.212257,0.000000
62352,2,0.118243,0.889696,22,0,1000.000,1.629741,0.000000
62352,3,0.128444,0.883946,27,0,1000.000,1.734693,0.000000
62352,4,0.124903,0.855013,19,0,1000.000,1.985530,0.000000
62352,5,0.134523,0.886398,19,0,1000.000,1.773577,0.000000
62352,6,0.124385,0.844422,21,0,1000.000,2.153202,0.000000
62352,7,0.138242,0.883084,30,0,1000.000,1.865869,0.000000
62400,0,0.119591,0.850734,29,0,1000.000,1.886333,0.000000
62400,1,0.111669,0.880701,26,0,1000.000,1.905642,0.000000
62400,2,0.118243,0.877986,24,0,1000.000,1.864297,0.000000
62400,3,0.128444,0.874601,24,0,1000.000,1.695281,0.000000
62400,4,0.124903,0.882908,28,0,1000.000,1.598696,0.000000
62400,5,0.134523,0.869761,28,0,1000.000,1.981669,0.000000
62400,6,0.124385,0.873057,22,0,1000.000,1.967294,0.000000
62400,7,0.138242,0.856133,14,0,1000.000,2.621934,0.000000
62448,0,0.125768,0.837929,19,0,1000.000,2.201363,0.000000
62448,1,0.129120,0.872794,23,0,1000.000,1.780233,0.000000
62448,2,0.123112,0.864093,20,0,1000.000,1.968663,0.000000
62448,3,0.123277,0.862038,14,0,1000.000,2.104976,0.000000
62448,4,0.116247,0.867095,29,0,1000.000,2.253251,0.000000
62448,5,0.121937,0.868710,29,0,1000.000,1.954515,0.000000
62448,6,0.127239,0.834892,21,0,1000.000,2.376558,0.000000
62448,7,0.133301,0.871319,29,0,1000.000,1.673472,0.000000
62496,0,0.125768,0.877774,29,0,1000.000,1.852052,0.000000
62496,1,0.129120,0.864262,24,0,1000.000,2.132418,0.000000
62496,2,0.123112,0.841910,19,0,1000.000,2.163509,0.000000
62496,3,0.123277,0.876094,22,0,1000.000,1.857787,0.000000
62496,4,0.116247,0.867834,27,0,1000.000,2.030167,0.000000
62496,5,0.121937,0.841146,21,0,1000.000,2.386137,0.000000
62496,6,0.127239,0.885792,21,0,1000.000,1.893696,0.000000
62496,7,0.133301,0.875364,19,0,1000.000,1.878149,0.000000
62544,0,0.125768,0.856596,36,1,989.750,1.932680,0.000000
62544,1,0.129120,0.846871,31,0,1000.000,1.946465,0.000000
62544,2,0.123112,0.839020,27,0,1000.000,2.432532,0.000000
62544,3,0.123277,0.869097,27,0,1000.000,1.964156,0.000000
62544,4,0.116247,0.836454,34,0,1000.000,2.322442,0.000000
62544,5,0.121937,0.859399,26,0,1000.000,2.000327,0.000000
62544,6,0.127239,0.877724,30,0,1000.000,1.859305,0.000000
62544,7,0.133301,0.875864,26,0,1000.000,1.845536,0.000000
62592,0,0.125768,0.877163,25,0,1000.000,1.730216,0.000000
62592,1,0.129120,0.860536,29,0,1000.000,2.114398,0.000000
62592,2,0.123112,0.843339,37,0,1000.000,2.157879,0.000000
62592,3,0.123277,0.873540,27,0,1000.000,2.167574,0.000000
62592,4,0.116247,0.835156,27,0,1000.000,2.140072,0.000000
62592,5,0.121937,0.830863,25,0,1000.000,2.262593,0.000000
62592,6,0.127239,0.868090,33,0,1000.000,1.991063,0.000000
62592,7,0.133301,0.864146,41,0,1000.000,2.012398,0.000000
62640,0,0.125768,0.860798,27,0,1000.000,1.779103,0.000000
62640,1,0.129120,0.882664,34,0,1000.000,1.668156,0.000000
62640,2,0.123112,0.836585,35,0,1000.000,2.359968,0.000000
62640,3,0.123277,0.846228,39,0,1000.000,2.201258,0.000000
62640,4,0.116247,0.889639,25,0,1000.000,1.827429,0.000000
62640,5,0.121937,0.854362,31,0,1000.000,2.366934,0.000000
62640,6,0.127239,0.838723,34,0,1000.000,2.486861,0.000000
62640,7,0.133301,0.859204,44,0,1000.000,2.143742,0.000000
62688,0,0.125768,0.843885,27,1,983.185,2.031356,0.000000
62688,1,0.129120,0.870268,39,0,1000.000,2.181287,0.000000
62688,2,0.123112,0.869859,26,0,1000.000,1.894906,0.000000
62688,3,0.123277,0.859512,26,0,1000.000,2.006095,0.000000
62688,4,0.116247,0.874216,24,0,1000.000,2.078682,0.000000
62688,5,0.121937,0.864368,27,0,1000.000,1.933652,0.000000
62688,6,0.127239,0.876911,29,0,1000.000,1.779868,0.000000
62688,7,0.133301,0.861817,39,0,1000.000,2.167669,0.000000
62736,0,0.125768,0.854005,36,0,1000.000,2.210610,0.000000
62736,1,0.129120,0.868629,23,0,1000.000,2.022097,0.000000
62736,2,0.123112,0.851331,31,0,1000.000,2.134771,0.000000
62736,3,0.123277,0.869042,27,0,1000.000,1.749236,0.000000
62736,4,0.116247,0.852910,21,0,1000.000,2.119033,0.000000
62736,5,0.121937,0.868792,24,0,1000.000,2.096031,0.000000
62736,6,0.127239,0.846225,32,1,970.750,2.033475,0.000000
62736,7,0.133301,0.841464,30,0,1000.000,2.317813,0.000000
62784,0,0.125768,0.858000,28,0,1000.000,2.089888,0.000000
62784,1,0.129120,0.893071,27,0,1000.000,1.535943,0.000000
62784,2,0.123112,0.877919,33,0,1000.000,1.646328,0.000000
62784,3,0.123277,0.824906,25,0,1000.000,2.273449,0.000000
62784,4,0.116247,0.875249,21,0,1000.000,2.272596,0.000000
62784,5,0.121937,0.878399,27,0,1000.000,1.842615,0.000000
62784,6,0.127239,0.865596,33,0,1000.000,2.193911,0.000000
62784,7,0.133301,0.836464,44,0,1000.000,2.375366,0.000000
62832,0,0.125768,0.846482,30,0,1000.000,2.341550,0.000000
62832,1,0.129120,0.873853,29,0,1000.000,1.910598,0.000000
62832,2,0.123112,0.846324,16,0,1000.000,2.120435,0.000000
62832,3,0.123277,0.884057,23,0,1000.000,1.870351,0.000000
62832,4,0.116247,0.862510,23,0,1000.000,2.131732,0.000000
62832,5,0.121937,0.852381,21,0,1000.000,2.368125,0.000000
62832,6,0.127239,0.859612,26,0,1000.000,1.951891,0.000000
62832,7,0.133301,0.866324,33,0,1000.000,2.035458,0.000000
62880,0,0.125768,0.864672,19,0,1000.000,1.974079,0.000000
62880,1,0.129120,0.865531,27,0,1000.000,1.848683,0.000000
62880,2,0.123112,0.853789,30,0,1000.000,2.209025,0.000000
62880,3,0.123277,0.851694,31,0,1000.000,2.175514,0.000000
62880,4,0.116247,0.844584,38,0,1000.000,2.202695,0.000000
62880,5,0.121937,0.873288,18,0,1000.000,1.678683,0.000000
62880,6,0.127239,0.842226,31,1,969.161,1.981522,0.000000
62880,7,0.133301,0.866809,22,0,1000.000,2.138343,0.000000
62928,0,0.125768,0.839240,33,0,1000.000,2.185683,0.000000
62928,1,0.129120,0.863886,30,0,1000.000,1.895091,0.000000
62928,2,0.123112,0.868091,37,0,1000.000,1.920969,0.000000
62928,3,0.123277,0.874053,20,0,1000.000,2.034165,0.000000
62928,4,0.116247,0.872198,29,0,1000.000,1.864021,0.000000
62928,5,0.121937,0.880445,21,0,1000.000,1.767803,0.000000
62928,6,0.127239,0.842922,21,0,1000.000,2.375510,0.000000
62928,7,0.133301,0.864802,29,0,1000.000,2.085270,0.000000
62976,0,0.125768,0.834244,23,0,1000.000,2.394442,0.000000
62976,1,0.129120,0.876459,31,0,1000.000,1.840329,0.000000
62976,2,0.123112,0.880842,15,0,1000.000,1.725694,0.000000
62976,3,0.123277,0.862764,21,0,1000.000,2.058027,0.000000
62976,4,0.116247,0.875552,17,0,1000.000,1.937109,0.000000
62976,5,0.121937,0.866528,20,0,1000.000,2.121925,0.000000
62976,6,0.127239,0.846302,18,0,1000.000,2.333534,0.000000
62976,7,0.133301,0.860123,33,0,1000.000,1.973804,0.000000
63024,0,0.125768,0.879144,18,1,959.611,1.705798,0.000000
63024,1,0.129120,0.868502,17,0,1000.000,1.974834,0.000000
63024,2,0.123112,0.844740,32,0,1000.000,2.125150,0.000000
63024,3,0.123277,0.864200,30,0,1000.000,2.005800,0.000000
63024,4,0.116247,0.860346,11,0,1000.000,1.941439,0.000000
63024,5,0.121937,0.843729,24,0,1000.000,2.044349,0.000000
63024,6,0.127239,0.861412,24,0,1000.000,1.936489,0.000000
63024,7,0.133301,0.856455,28,0,1000.000,2.130138,0.000000
63072,0,0.125768,0.858429,18,0,1000.000,1.999139,0.000000
63072,1,0.129120,0.864419,25,0,1000.000,2.123572,0.000000
63072,2,0.123112,0.845751,18,0,1000.000,2.050770,0.000000
63072,3,0.123277,0.867808,26,0,1000.000,2.169431,0.000000
63072,4,0.116247,0.857232,24,0,1000.000,2.101424,0.000000
63072,5,0.121937,0.862418,14,0,1000.000,1.964215,0.000000
63072,6,0.127239,0.877297,21,0,1000.000,2.003706,0.000000
63072,7,0.133301,0.843574,16,0,1000.000,2.453466,0.000000
63120,0,0.125768,0.832723,13,0,1000.000,2.283614,0.000000
63120,1,0.129120,0.892827,15,0,1000.000,1.506656,0.000000
63120,2,0.123112,0.864224,26,0,1000.000,1.880922,0.000000
63120,3,0.123277,0.865686,20,0,1000.000,2.058498,0.000000
63120,4,0.116247,0.867970,23,0,1000.000,1.807928,0.000000
63120,5,0.121937,0.856869,19,0,1000.000,1.985966,0.000000
63120,6,0.127239,0.897005,16,0,1000.000,1.726310,0.000000
63120,7,0.133301,0.841783,18,0,1000.000,2.332297,0.000000
63168,0,0.125768,0.891036,28,0,1000.000,1.420272,0.000000
63168,1,0.129120,0.860309,23,0,1000.000,2.036106,0.000000
63168,2,0.123112,0.896630,20,0,1000.000,1.563756,0.000000
63168,3,0.123277,0.879079,17,0,1000.000,1.930297,0.000000
63168,4,0.116247,0.875733,18,0,1000.000,1.952889,0.000000
63168,5,0.121937,0.846221,20,0,1000.000,2.510462,0.000000
63168,6,0.127239,0.904681,18,0,1000.000,1.715116,0.000000
63168,7,0.133301,0.874614,18,0,1000.000,1.820856,0.000000
63216,0,0.125768,0.855932,16,1,980.938,1.811165,0.000000
63216,1,0.129120,0.860086,21,0,1000.000,2.104084,0.000000
63216,2,0.123112,0.858912,23,0,1000.000,2.164543,0.000000
63216,3,0.123277,0.843547,17,0,1000.000,2.017474,0.000000
63216,4,0.116247,0.882792,19,0,1000.000,1.755531,0.000000
63216,5,0.121937,0.870510,15,0,1000.000,2.132023,0.000000
63216,6,0.127239,0.867667,17,0,1000.000,2.173661,0.000000
63216,7,0.133301,0.878240,20,0,1000.000,1.972903,0.000000
63264,0,0.125768,0.830515,19,1,950.421,2.131726,0.000000
63264,1,0.129120,0.885116,26,0,1000.000,1.738635,0.000000
63264,2,0.123112,0.872414,18,0,1000.000,1.770840,0.000000
63264,3,0.123277,0.840642,23,0,1000.000,2.347804,0.000000
63264,4,0.116247,0.833371,15,0,1000.000,2.535844,0.000000
63264,5,0.121937,0.854213,16,0,1000.000,2.339300,0.000000
63264,6,0.127239,0.866082,13,0,1000.000,2.269909,0.000000
63264,7,0.133301,0.861784,24,0,1000.000,2.297115,0.000000
63312,0,0.125768,0.870628,16,0,1000.000,1.514463,0.000000
63312,1,0.129120,0.855115,25,0,1000.000,2.242966,0.000000
63312,2,0.123112,0.871095,19,0,1000.000,1.863114,0.000000
63312,3,0.123277,0.868577,19,0,1000.000,1.890561,0.000000
63312,4,0.116247,0.839217,24,0,1000.000,2.262069,0.000000
63312,5,0.121937,0.842640,16,0,1000.000,2.318202,0.000000
63312,6,0.127239,0.867347,20,0,1000.000,2.068297,0.000000
63312,7,0.133301,0.874490,21,0,1000.000,1.870067,0.000000
63408,0,0.125768,0.856995,37,0,1000.000,2.004451,0.000000
63408,1,0.129120,0.873560,52,0,1000.000,1.774527,0.000000
63408,2,0.123112,0.869988,53,0,1000.000,1.932317,0.000000
63408,3,0.123277,0.860748,47,0,1000.000,1.900086,0.000000
63408,4,0.116247,0.865877,56,0,1000.000,2.027808,0.000000
63408,5,0.121937,0.868109,39,0,1000.000,1.898576,0.000000
63408,6,0.127239,0.852651,41,0,1000.000,1.946334,0.000000
63408,7,0.133301,0.865938,52,0,1000.000,2.043484,0.000000
63456,0,0.125768,0.834336,28,0,1000.000,2.033956,0.000000
63456,1,0.129120,0.881748,20,0,1000.000,1.751853,0.000000
63456,2,0.123112,0.867713,18,0,1000.000,2.017214,0.000000
63456,3,0.123277,0.856401,25,0,1000.000,2.235722,0.000000
63456,4,0.116247,0.846201,24,0,1000.000,2.152458,0.000000
63456,5,0.121937,0.862747,24,0,1000.000,1.826050,0.000000
63456,6,0.127239,0.892961,23,0,1000.000,1.619568,0.000000
63456,7,0.133301,0.879959,25,0,1000.000,1.810057,0.000000
63552,0,0.125768,0.878657,42,0,1000.000,1.733039,0.000000
63552,1,0.129120,0.872427,47,0,1000.000,1.765843,0.000000
63552,2,0.123112,0.875397,43,0,1000.000,1.802971,0.000000
63552,3,0.123277,0.868910,51,0,1000.000,1.826277,0.000000
63552,4,0.116247,0.858513,47,0,1000.000,2.093470,0.000000
63552,5,0.121937,0.866556,71,0,1000.000,1.904631,0.000000
63552,6,0.127239,0.856514,72,0,1000.000,2.003951,0.000000
63552,7,0.133301,0.861963,44,0,1000.000,1.926991,0.000000
63600,0,0.125768,0.864471,38,0,1000.000,2.042105,0.000000
63600,1,0.129120,0.866858,28,0,1000.000,1.725472,0.000000
63600,2,0.123112,0.855623,33,0,1000.000,2.048513,0.000000
63600,3,0.123277,0.869554,33,0,1000.000,1.942263,0.000000
63600,4,0.116247,0.880535,31,0,1000.000,1.856526,0.000000
63600,5,0.121937,0.860557,46,0,1000.000,1.907595,0.000000
63600,6,0.127239,0.850263,23,0,1000.000,2.057946,0.000000
63600,7,0.133301,0.888257,34,0,1000.000,1.816627,0.000000
63648,0,0.125768,0.870217,43,0,1000.000,1.697536,0.000000
63648,1,0.129120,0.866960,39,0,1000.000,1.813901,0.000000
63648,2,0.123112,0.844048,27,0,1000.000,2.027373,0.000000
63648,3,0.123277,0.847398,36,0,1000.000,2.066369,0.000000
63648,4,0.116247,0.846828,26,0,1000.000,1.952070,0.000000
63648,5,0.121937,0.878312,34,0,1000.000,1.669921,0.000000
63648,6,0.127239,0.837236,35,0,1000.000,2.122211,0.000000
63648,7,0.133301,0.880123,23,0,1000.000,1.630642,0.000000
63696,0,0.125768,0.874031,29,0,1000.000,1.749786,0.000000
63696,1,0.129120,0.856129,29,0,1000.000,1.912749,0.000000
63696,2,0.123112,0.846285,28,0,1000.000,2.007136,0.000000
63696,3,0.123277,0.875800,22,0,1000.000,1.891409,0.000000
63696,4,0.116247,0.854954,27,0,1000.000,1.997991,0.000000
63696,5,0.121937,0.857760,24,0,1000.000,1.855693,0.000000
63696,6,0.127239,0.862734,27,0,1000.000,2.119699,0.000000
63696,7,0.133301,0.872265,36,0,1000.000,1.926189,0.000000
63744,0,0.125768,0.865479,30,0,1000.000,1.766920,0.000000
63744,1,0.129120,0.861739,30,0,1000.000,1.767787,0.000000
63744,2,0.123112,0.873292,31,0,1000.000,1.518353,0.000000
63744,3,0.123277,0.846546,28,0,1000.000,2.374496,0.000000
63744,4,0.116247,0.821361,26,0,1000.000,2.155806,0.000000
63744,5,0.121937,0.858965,32,0,1000.000,1.659807,0.000000
63744,6,0.127239,0.863101,29,0,1000.000,1.844031,0.000000
63744,7,0.133301,0.855911,23,0,1000.000,2.113434,0.000000
63792,0,0.125768,0.858527,30,2,952.200,1.808222,0.000000
63792,1,0.129120,0.862055,23,0,1000.000,1.980082,0.000000
63792,2,0.123112,0.870849,27,0,1000.000,1.775256,0.000000
63792,3,0.123277,0.871188,34,0,1000.000,1.702319,0.000000
63792,4,0.116247,0.865780,33,0,1000.000,1.786114,0.000000
63792,5,0.121937,0.873602,24,0,1000.000,1.844517,0.000000
63792,6,0.127239,0.863099,34,0,1000.000,2.061421,0.000000
63792,7,0.133301,0.859023,35,0,1000.000,2.095100,0.000000
63840,0,0.125768,0.886031,25,0,1000.000,1.739818,0.000000
63840,1,0.129120,0.886245,26,0,1000.000,1.394505,0.000000
63840,2,0.123112,0.879368,31,0,1000.000,1.854460,0.000000
63840,3,0.123277,0.857889,27,0,1000.000,2.068079,0.000000
63840,4,0.116247,0.877772,11,0,1000.000,1.800048,0.000000
63840,5,0.121937,0.871087,21,0,1000.000,1.874915,0.000000
63840,6,0.127239,0.873798,21,0,1000.000,2.063404,0.000000
63840,7,0.133301,0.878469,25,0,1000.000,1.742055,0.000000
63888,0,0.125768,0.864347,29,1,980.621,1.857509,0.000000
63888,1,0.129120,0.881344,29,0,1000.000,1.725062,0.000000
63888,2,0.123112,0.872315,36,0,1000.000,1.662921,0.000000
63888,3,0.123277,0.873798,30,0,1000.000,1.793053,0.000000
63888,4,0.116247,0.843634,31,0,1000.000,1.952270,0.000000
63888,5,0.121937,0.851299,22,0,1000.000,2.299492,0.000000
63888,6,0.127239,0.870507,28,0,1000.000,1.895870,0.000000
63888,7,0.133301,0.838716,24,0,1000.000,2.190824,0.000000
63936,0,0.125768,0.855198,26,4,927.615,1.607276,0.000000
63936,1,0.129120,0.839934,30,0,1000.000,2.196105,0.000000
63936,2,0.123112,0.851667,25,0,1000.000,2.174265,0.000000
63936,3,0.123277,0.867820,27,0,1000.000,1.915533,0.000000
63936,4,0.116247,0.857026,22,0,1000.000,1.769917,0.000000
63936,5,0.121937,0.827322,29,0,1000.000,2.260958,0.000000
63936,6,0.127239,0.864148,30,0,1000.000,1.978652,0.000000
63936,7,0.133301,0.857258,35,0,1000.000,1.910987,0.000000
63984,0,0.125768,0.856123,21,0,1000.000,1.709924,0.000000
63984,1,0.129120,0.870767,23,0,1000.000,1.860972,0.000000
63984,2,0.123112,0.858898,15,0,1000.000,1.911642,0.000000
63984,3,0.123277,0.820632,21,0,1000.000,2.232443,0.000000
63984,4,0.116247,0.851624,24,0,1000.000,2.017584,0.000000
63984,5,0.121937,0.885177,21,0,1000.000,1.563894,0.000000
63984,6,0.127239,0.857421,27,0,1000.000,1.895541,0.000000
63984,7,0.133301,0.824529,30,0,1000.000,2.416394,0.000000
64032,0,0.125768,0.876308,28,0,1000.000,1.771633,0.000000
64032,1,0.129120,0.858726,22,0,1000.000,1.985276,0.000000
64032,2,0.123112,0.861609,22,0,1000.000,1.710904,0.000000
64032,3,0.123277,0.869277,21,0,1000.000,1.788286,0.000000
64032,4,0.116247,0.860112,22,0,1000.000,1.934469,0.000000
64032,5,0.121937,0.868518,17,0,1000.000,2.002670,0.000000
64032,6,0.127239,0.848682,22,0,1000.000,2.082579,0.000000
64032,7,0.133301,0.852142,20,0,1000.000,2.335343,0.000000
64080,0,0.125768,0.856466,30,2,976.367,1.825808,0.000000
64080,1,0.129120,0.843678,21,0,1000.000,2.105594,0.000000
64080,2,0.123112,0.866865,18,0,1000.000,1.457069,0.000000
64080,3,0.123277,0.852176,20,0,1000.000,2.012249,0.000000
64080,4,0.116247,0.904077,10,0,1000.000,1.420285,0.000000
64080,5,0.121937,0.869582,19,0,1000.000,1.909254,0.000000
64080,6,0.127239,0.857259,19,0,1000.000,2.267495,0.000000
64080,7,0.133301,0.865091,23,0,1000.000,2.188051,0.000000
64176,0,0.125768,0.860816,29,0,1000.000,2.132207,0.000000
64176,1,0.129120,0.861282,41,0,1000.000,1.832534,0.000000
64176,2,0.123112,0.846464,35,0,1000.000,2.154158,0.000000
64176,3,0.123277,0.864425,41,0,1000.000,1.867040,0.000000
64176,4,0.116247,0.851619,45,0,1000.000,2.050449,0.000000
64176,5,0.121937,0.868861,36,0,1000.000,2.022265,0.000000
64176,6,0.127239,0.866782,46,0,1000.000,1.921114,0.000000
64176,7,0.133301,0.868411,39,0,1000.000,1.694738,0.000000
64224,0,0.125768,0.890869,20,1,981.650,1.453704,0.000000
64224,1,0.129120,0.890579,13,0,1000.000,1.696355,0.000000
64224,2,0.123112,0.856337,21,0,1000.000,2.043900,0.000000
64224,3,0.123277,0.844675,22,0,1000.000,2.150484,0.000000
64224,4,0.116247,0.882061,20,0,1000.000,1.741332,0.000000
64224,5,0.121937,0.838844,17,0,1000.000,1.937108,0.000000
64224,6,0.127239,0.834575,18,0,1000.000,2.158273,0.000000
64224,7,0.133301,0.851470,15,0,1000.000,1.719903,0.000000
64272,0,0.125768,0.858908,22,1,989.182,1.872093,0.000000
64272,1,0.129120,0.884322,23,0,1000.000,1.617423,0.000000
64272,2,0.123112,0.874855,19,0,1000.000,1.601691,0.000000
64272,3,0.123277,0.867532,23,0,1000.000,1.870880,0.000000
64272,4,0.116247,0.873133,16,0,1000.000,1.907723,0.000000
64272,5,0.121937,0.860223,18,0,1000.000,1.895194,0.000000
64272,6,0.127239,0.843281,18,0,1000.000,2.066347,0.000000
64272,7,0.133301,0.865440,21,0,1000.000,1.857428,0.000000
64320,0,0.125768,0.870369,24,2,983.708,1.824473,0.000000
64320,1,0.129120,0.864233,17,0,1000.000,1.604314,0.000000
64320,2,0.123112,0.866429,21,0,1000.000,1.925867,0.000000
64320,3,0.123277,0.861177,15,0,1000.000,2.102743,0.000000
64320,4,0.116247,0.871759,25,0,1000.000,1.621874,0.000000
64320,5,0.121937,0.829361,24,0,1000.000,2.333887,0.000000
64320,6,0.127239,0.854243,19,0,1000.000,2.189266,0.000000
64320,7,0.133301,0.819607,18,1,947.667,1.591609,0.000000
64368,0,0.125768,0.852778,28,0,1000.000,1.807052,0.000000
64368,1,0.129120,0.882865,20,0,1000.000,1.552318,0.000000
64368,2,0.123112,0.861268,31,0,1000.000,1.922279,0.000000
64368,3,0.123277,0.861847,21,0,1000.000,2.013619,0.000000
64368,4,0.116247,0.854464,21,0,1000.000,1.955119,0.000000
64368,5,0.121937,0.869180,23,0,1000.000,1.814736,0.000000
64368,6,0.127239,0.864111,21,0,1000.000,1.792473,0.000000
64368,7,0.133301,0.861324,24,0,1000.000,2.047087,0.000000
64416,0,0.125768,0.882284,19,0,1000.000,1.519477,0.000000
64416,1,0.129120,0.876681,26,0,1000.000,1.767775,0.000000
64416,2,0.123112,0.873737,19,0,1000.000,1.727865,0.000000
64416,3,0.123277,0.870779,34,0,1000.000,1.952349,0.000000
64416,4,0.116247,0.858865,23,0,1000.000,1.851695,0.000000
64416,5,0.121937,0.886377,25,0,1000.000,1.607000,0.000000
64416,6,0.127239,0.853147,23,0,1000.000,2.086610,0.000000
64416,7,0.133301,0.870169,30,1,988.133,1.858134,0.000000
64464,0,0.125768,0.874978,19,1,993.421,1.843536,0.000000
64464,1,0.129120,0.870626,23,0,1000.000,1.891217,0.000000
64464,2,0.123112,0.886297,20,0,1000.000,1.714597,0.000000
64464,3,0.123277,0.866014,15,0,1000.000,1.753932,0.000000
64464,4,0.116247,0.888649,24,0,1000.000,1.577463,0.000000
64464,5,0.121937,0.846428,26,0,1000.000,2.108502,0.000000
64464,6,0.127239,0.864943,20,0,1000.000,1.909625,0.000000
64464,7,0.133301,0.831548,20,1,952.300,1.646774,0.000000
64512,0,0.125768,0.874347,31,0,1000.000,1.689606,0.000000
64512,1,0.129120,0.831491,31,0,1000.000,2.153250,0.000000
64512,2,0.123112,0.875045,20,0,1000.000,1.780116,0.000000
64512,3,0.123277,0.869705,24,0,1000.000,1.856933,0.000000
64512,4,0.116247,0.869951,20,0,1000.000,1.763048,0.000000
64512,5,0.121937,0.830496,28,0,1000.000,2.295224,0.000000
64512,6,0.127239,0.837839,21,0,1000.000,2.466185,0.000000
64512,7,0.133301,0.856661,27,0,1000.000,2.094226,0.000000
64560,0,0.125768,0.861987,27,0,1000.000,1.876344,0.000000
64560,1,0.129120,0.870758,29,0,1000.000,1.656336,0.000000
64560,2,0.123112,0.854499,29,0,1000.000,2.081542,0.000000
64560,3,0.123277,0.870688,33,0,1000.000,1.693745,0.000000
64560,4,0.116247,0.838907,30,0,1000.000,2.187710,0.000000
64560,5,0.121937,0.881332,25,0,1000.000,1.457410,0.000000
64560,6,0.127239,0.874920,32,0,1000.000,1.889309,0.000000
64560,7,0.133301,0.871050,28,0,1000.000,1.946557,0.000000
64608,0,0.125768,0.845289,32,0,1000.000,2.213408,0.000000
64608,1,0.129120,0.853908,42,0,1000.000,1.873891,0.000000
64608,2,0.123112,0.858170,34,0,1000.000,1.802914,0.000000
64608,3,0.123277,0.866661,36,0,1000.000,2.019546,0.000000
64608,4,0.116247,0.855368,31,0,1000.000,2.218519,0.000000
64608,5,0.121937,0.857687,30,0,1000.000,2.204777,0.000000
64608,6,0.127239,0.868289,37,0,1000.000,2.063202,0.000000
64608,7,0.133301,0.821903,37,2,966.459,2.120997,0.000000
64656,0,0.125768,0.847147,31,0,1000.000,1.797394,0.000000
64656,1,0.129120,0.850469,25,0,1000.000,2.148190,0.000000
64656,2,0.123112,0.879056,29,0,1000.000,1.824517,0.000000
64656,3,0.123277,0.868806,31,0,1000.000,1.606610,0.000000
64656,4,0.116247,0.866268,33,0,1000.000,1.894904,0.000000
64656,5,0.121937,0.859910,42,0,1000.000,1.991044,0.000000
64656,6,0.127239,0.878527,29,0,1000.000,1.684309,0.000000
64656,7,0.133301,0.842173,29,1,971.000,1.910235,0.000000
64704,0,0.125768,0.860326,31,0,1000.000,2.052113,0.000000
64704,1,0.129120,0.844249,28,0,1000.000,2.037173,0.000000
64704,2,0.123112,0.866601,24,0,1000.000,1.884708,0.000000
64704,3,0.123277,0.873156,31,0,1000.000,1.903915,0.000000
64704,4,0.116247,0.862517,27,0,1000.000,1.819664,0.000000
64704,5,0.121937,0.861772,25,0,1000.000,2.221206,0.000000
64704,6,0.127239,0.852396,29,0,1000.000,2.183397,0.000000
64704,7,0.133301,0.844839,22,0,1000.000,2.153173,0.000000
64752,0,0.125768,0.838153,37,0,1000.000,2.219245,0.000000
64752,1,0.129120,0.887448,24,0,1000.000,1.596410,0.000000
64752,2,0.123112,0.864473,28,0,1000.000,1.985324,0.000000
64752,3,0.123277,0.867914,27,0,1000.000,1.999264,0.000000
64752,4,0.116247,0.846824,25,0,1000.000,1.947294,0.000000
64752,5,0.121937,0.855682,28,0,1000.000,1.844144,0.000000
64752,6,0.127239,0.855797,27,0,1000.000,2.031047,0.000000
64752,7,0.133301,0.877478,37,0,1000.000,1.541727,0.000000
64800,0,0.125768,0.877338,25,0,1000.000,1.667917,0.000000
64800,1,0.129120,0.856037,40,0,1000.000,1.912253,0.000000
64800,2,0.123112,0.858018,30,0,1000.000,1.987217,0.000000
64800,3,0.123277,0.887858,20,0,1000.000,1.734210,0.000000
64800,4,0.116247,0.860943,32,0,1000.000,1.751048,0.000000
64800,5,0.121937,0.870709,23,0,1000.000,1.768792,0.000000
64800,6,0.127239,0.878430,27,0,1000.000,1.880082,0.000000
64800,7,0.133301,0.887076,32,0,1000.000,1.534740,0.000000
64848,0,0.126944,0.856061,17,0,1000.000,1.680785,0.000000
64848,1,0.132653,0.824337,28,0,1000.000,2.321744,0.000000
64848,2,0.124690,0.858779,27,0,1000.000,1.950596,0.000000
64848,3,0.121170,0.820046,11,0,1000.000,2.210443,0.000000
64848,4,0.126791,0.871633,25,0,1000.000,2.054370,0.000000
64848,5,0.120705,0.865701,31,0,1000.000,2.102507,0.000000
64848,6,0.123948,0.878416,27,0,1000.000,1.886667,0.000000
64848,7,0.123099,0.852550,23,0,1000.000,2.102176,0.000000
64896,0,0.126944,0.835605,33,0,1000.000,2.160692,0.000000
64896,1,0.132653,0.864286,31,0,1000.000,1.881911,0.000000
64896,2,0.124690,0.862864,31,0,1000.000,1.890380,0.000000
64896,3,0.121170,0.867851,24,0,1000.000,2.110757,0.000000
64896,4,0.126791,0.862891,39,0,1000.000,2.132188,0.000000
64896,5,0.120705,0.866191,17,0,1000.000,2.075351,0.000000
64896,6,0.123948,0.880783,29,0,1000.000,1.679225,0.000000
64896,7,0.123099,0.878152,22,0,1000.000,1.765175,0.000000
64944,0,0.126944,0.836387,37,2,987.297,2.127377,0.000000
64944,1,0.132653,0.854186,36,0,1000.000,2.030172,0.000000
64944,2,0.124690,0.858771,21,0,1000.000,1.940086,0.000000
64944,3,0.121170,0.855648,26,0,1000.000,1.997492,0.000000
64944,4,0.126791,0.874165,26,0,1000.000,1.729041,0.000000
64944,5,0.120705,0.872354,30,0,1000.000,1.877164,0.000000
64944,6,0.123948,0.855642,29,0,1000.000,1.959365,0.000000
64944,7,0.123099,0.859246,19,0,1000.000,2.194342,0.000000
64992,0,0.126944,0.849877,25,0,1000.000,1.962200,0.000000
64992,1,0.132653,0.842847,20,0,1000.000,2.073253,0.000000
64992,2,0.124690,0.873465,28,0,1000.000,1.905254,0.000000
64992,3,0.121170,0.875514,19,0,1000.000,1.891338,0.000000
64992,4,0.126791,0.873195,23,0,1000.000,1.771359,0.000000
64992,5,0.120705,0.869774,20,0,1000.000,2.036734,0.000000
64992,6,0.123948,0.859664,25,0,1000.000,2.163371,0.000000
64992,7,0.123099,0.885851,19,0,1000.000,1.880674,0.000000
65040,0,0.126944,0.837879,27,1,972.185,1.710573,0.000000
65040,1,0.132653,0.852980,30,0,1000.000,2.161047,0.000000
65040,2,0.124690,0.886609,16,0,1000.000,1.652979,0.000000
65040,3,0.121170,0.844891,23,0,1000.000,2.243584,0.000000
65040,4,0.126791,0.835103,12,0,1000.000,2.274037,0.000000
65040,5,0.120705,0.867319,18,0,1000.000,1.897691,0.000000
65040,6,0.123948,0.881584,18,0,1000.000,1.486107,0.000000
65040,7,0.123099,0.854002,23,0,1000.000,1.907816,0.000000
65088,0,0.126944,0.861984,22,1,968.136,1.926814,0.000000
65088,1,0.132653,0.841820,16,0,1000.000,1.976382,0.000000
65088,2,0.124690,0.840723,21,0,1000.000,2.185938,0.000000
65088,3,0.121170,0.877009,15,0,1000.000,1.910178,0.000000
65088,4,0.126791,0.870043,20,0,1000.000,2.060622,0.000000
65088,5,0.120705,0.853898,23,0,1000.000,1.914520,0.000000
65088,6,0.123948,0.812789,22,0,1000.000,2.449276,0.000000
65088,7,0.123099,0.855087,24,0,1000.000,2.130163,0.000000
65184,0,0.126944,0.861278,42,0,1000.000,1.934434,0.000000
65184,1,0.132653,0.866393,43,0,1000.000,1.878522,0.000000
65184,2,0.124690,0.870891,45,0,1000.000,1.852378,0.000000
65184,3,0.121170,0.868785,37,0,1000.000,1.775058,0.000000
65184,4,0.126791,0.876148,31,0,1000.000,1.562982,0.000000
65184,5,0.120705,0.860150,42,0,1000.000,2.106419,0.000000
65184,6,0.123948,0.838053,35,1,974.543,1.991425,0.000000
65184,7,0.123099,0.856512,40,0,1000.000,2.043275,0.000000
65232,0,0.126944,0.830855,15,0,1000.000,2.286058,0.000000
65232,1,0.132653,0.874400,16,0,1000.000,1.762997,0.000000
65232,2,0.124690,0.873371,21,0,1000.000,1.678852,0.000000
65232,3,0.121170,0.868363,19,0,1000.000,1.783266,0.000000
65232,4,0.126791,0.866936,22,0,1000.000,1.896238,0.000000
65232,5,0.120705,0.837331,20,0,1000.000,2.234572,0.000000
65232,6,0.123948,0.801070,16,0,1000.000,2.675461,0.000000
65232,7,0.123099,0.869718,15,0,1000.000,1.779608,0.000000
65280,0,0.126944,0.867409,16,0,1000.000,1.917124,0.000000
65280,1,0.132653,0.859187,22,0,1000.000,1.995748,0.000000
65280,2,0.124690,0.830228,19,0,1000.000,2.503218,0.000000
65280,3,0.121170,0.881154,22,0,1000.000,1.603767,0.000000
65280,4,0.126791,0.860587,31,0,1000.000,2.011225,0.000000
65280,5,0.120705,0.862791,10,0,1000.000,2.229181,0.000000
65280,6,0.123948,0.877338,15,0,1000.000,1.759877,0.000000
65280,7,0.123099,0.852279,27,0,1000.000,2.091317,0.000000
65328,0,0.126944,0.884401,7,0,1000.000,1.874496,0.000000
65328,1,0.132653,0.871309,21,0,1000.000,1.667840,0.000000
65328,2,0.124690,0.897835,17,0,1000.000,1.557760,0.000000
65328,3,0.121170,0.873243,19,0,1000.000,1.730437,0.000000
65328,4,0.126791,0.870233,32,0,1000.000,1.956345,0.000000
65328,5,0.120705,0.834546,23,0,1000.000,2.258871,0.000000
65328,6,0.123948,0.885842,17,0,1000.000,2.146678,0.000000
65328,7,0.123099,0.818934,27,1,965.704,1.899066,0.000000
65376,0,0.126944,0.836481,26,1,969.231,2.036988,0.000000
65376,1,0.132653,0.895945,24,0,1000.000,1.335304,0.000000
65376,2,0.124690,0.837026,27,0,1000.000,2.129646,0.000000
65376,3,0.121170,0.856201,26,0,1000.000,2.184240,0.000000
65376,4,0.126791,0.876207,25,0,1000.000,1.861270,0.000000
65376,5,0.120705,0.865712,17,0,1000.000,1.858977,0.000000
65376,6,0.123948,0.860294,30,0,1000.000,1.974303,0.000000
65376,7,0.123099,0.852534,26,0,1000.000,1.861217,0.000000
65424,0,0.126944,0.851000,29,0,1000.000,2.082021,0.000000
65424,1,0.132653,0.859844,20,0,1000.000,1.849902,0.000000
65424,2,0.124690,0.848185,29,0,1000.000,1.905526,0.000000
65424,3,0.121170,0.857467,30,0,1000.000,2.021288,0.000000
65424,4,0.126791,0.866689,21,0,1000.000,1.840342,0.000000
65424,5,0.120705,0.845000,23,0,1000.000,2.224024,0.000000
65424,6,0.123948,0.866278,28,0,1000.000,1.822832,0.000000
65424,7,0.123099,0.823160,15,1,945.200,1.891597,0.000000
65472,0,0.126944,0.878674,20,0,1000.000,1.781736,0.000000
65472,1,0.132653,0.875555,26,0,1000.000,1.593181,0.000000
65472,2,0.124690,0.883007,15,0,1000.000,1.739983,0.000000
65472,3,0.121170,0.864799,16,0,1000.000,2.096628,0.000000
65472,4,0.126791,0.840053,21,0,1000.000,2.208961,0.000000
65472,5,0.120705,0.866645,21,0,1000.000,1.776039,0.000000
65472,6,0.123948,0.892147,17,0,1000.000,1.710498,0.000000
65472,7,0.123099,0.870253,24,0,1000.000,1.827955,0.000000
65520,0,0.126944,0.875813,33,0,1000.000,1.677768,0.000000
65520,1,0.132653,0.863698,28,0,1000.000,1.654962,0.000000
65520,2,0.124690,0.856518,28,0,1000.000,2.066856,0.000000
65520,3,0.121170,0.855109,27,0,1000.000,2.177700,0.000000
65520,4,0.126791,0.854320,16,0,1000.000,2.053830,0.000000
65520,5,0.120705,0.833871,28,1,965.821,1.671896,0.000000
65520,6,0.123948,0.866358,22,0,1000.000,1.864247,0.000000
65520,7,0.123099,0.867866,23,0,1000.000,1.895934,0.000000
65568,0,0.126944,0.843192,24,0,1000.000,2.122634,0.000000
65568,1,0.132653,0.871009,40,0,1000.000,1.659477,0.000000
65568,2,0.124690,0.829653,28,0,1000.000,2.160560,0.000000
65568,3,0.121170,0.855179,37,0,1000.000,2.149716,0.000000
65568,4,0.126791,0.857070,29,0,1000.000,1.985275,0.000000
65568,5,0.120705,0.853188,33,0,1000.000,1.745500,0.000000
65568,6,0.123948,0.882970,27,0,1000.000,1.770769,0.000000
65568,7,0.123099,0.879036,31,0,1000.000,1.746992,0.000000
65616,0,0.126944,0.871169,39,1,980.000,1.730060,0.000000
65616,1,0.132653,0.860484,37,0,1000.000,1.886483,0.000000
65616,2,0.124690,0.864100,23,0,1000.000,2.199262,0.000000
65616,3,0.121170,0.865995,38,0,1000.000,1.931828,0.000000
65616,4,0.126791,0.844762,42,0,1000.000,2.201895,0.000000
65616,5,0.120705,0.842299,37,0,1000.000,2.156172,0.000000
65616,6,0.123948,0.840660,34,0,1000.000,2.343827,0.000000
65616,7,0.123099,0.855138,39,0,1000.000,2.186400,0.000000
65664,0,0.126944,0.865191,33,0,1000.000,1.923863,0.000000
65664,1,0.132653,0.861525,28,0,1000.000,1.681553,0.000000
65664,2,0.124690,0.864454,28,0,1000.000,1.972828,0.000000
65664,3,0.121170,0.847298,31,0,1000.000,2.047644,0.000000
65664,4,0.126791,0.871349,30,0,1000.000,1.848236,0.000000
65664,5,0.120705,0.851759,23,0,1000.000,2.387100,0.000000
65664,6,0.123948,0.858938,29,0,1000.000,2.066941,0.000000
65664,7,0.123099,0.886380,25,0,1000.000,1.901570,0.000000
65712,0,0.126944,0.850614,28,1,987.643,1.998814,0.000000
65712,1,0.132653,0.883068,29,0,1000.000,1.504376,0.000000
65712,2,0.124690,0.858118,36,0,1000.000,1.963311,0.000000
65712,3,0.121170,0.866974,23,0,1000.000,1.975148,0.000000
65712,4,0.126791,0.843763,29,0,1000.000,2.166595,0.000000
65712,5,0.120705,0.850132,31,0,1000.000,1.854772,0.000000
65712,6,0.123948,0.842532,21,0,1000.000,1.946588,0.000000
65712,7,0.123099,0.855072,28,0,1000.000,1.916359,0.000000
65760,0,0.126944,0.855908,25,1,976.080,1.899895,0.000000
65760,1,0.132653,0.859573,26,0,1000.000,1.918676,0.000000
65760,2,0.124690,0.863874,19,0,1000.000,1.941662,0.000000
65760,3,0.121170,0.863337,30,0,1000.000,1.716578,0.000000
65760,4,0.126791,0.878159,33,0,1000.000,1.812297,0.000000
65760,5,0.120705,0.878188,38,0,1000.000,1.796489,0.000000
65760,6,0.123948,0.879887,30,0,1000.000,2.031368,0.000000
65760,7,0.123099,0.855959,29,0,1000.000,1.990905,0.000000
65808,0,0.126944,0.847062,34,4,925.559,1.708280,0.000000
65808,1,0.132653,0.847119,37,1,974.378,1.910576,0.000000
65808,2,0.124690,0.855145,21,0,1000.000,2.028041,0.000000
65808,3,0.121170,0.898264,28,0,1000.000,1.416529,0.000000
65808,4,0.126791,0.872988,28,0,1000.000,2.093352,0.000000
65808,5,0.120705,0.855429,26,0,1000.000,2.177691,0.000000
65808,6,0.123948,0.874617,30,0,1000.000,1.593519,0.000000
65808,7,0.123099,0.859311,25,0,1000.000,2.268723,0.000000
65856,0,0.126944,0.867421,28,3,958.179,1.742123,0.000000
65856,1,0.132653,0.867283,17,0,1000.000,1.958831,0.000000
65856,2,0.124690,0.871389,28,0,1000.000,1.690734,0.000000
65856,3,0.121170,0.884788,15,0,1000.000,1.763110,0.000000
65856,4,0.126791,0.890852,31,0,1000.000,1.684443,0.000000
65856,5,0.120705,0.845664,24,0,1000.000,2.100873,0.000000
65856,6,0.123948,0.869006,26,0,1000.000,1.966935,0.000000
65856,7,0.123099,0.849214,22,0,1000.000,2.294887,0.000000
65904,0,0.126944,0.859451,36,1,995.889,1.684272,0.000000
65904,1,0.132653,0.867711,34,0,1000.000,1.881904,0.000000
65904,2,0.124690,0.846740,32,0,1000.000,2.107166,0.000000
65904,3,0.121170,0.879157,22,0,1000.000,1.839209,0.000000
65904,4,0.126791,0.855592,26,0,1000.000,1.897999,0.000000
65904,5,0.120705,0.852937,21,0,1000.000,2.067951,0.000000
65904,6,0.123948,0.853290,31,0,1000.000,2.108683,0.000000
65904,7,0.123099,0.863109,44,0,1000.000,1.926623,0.000000
65952,0,0.126944,0.864558,26,0,1000.000,2.188166,0.000000
65952,1,0.132653,0.876136,24,0,1000.000,1.788096,0.000000
65952,2,0.124690,0.870357,27,0,1000.000,1.884993,0.000000
65952,3,0.121170,0.871121,19,0,1000.000,2.121834,0.000000
65952,4,0.126791,0.850652,27,0,1000.000,1.930102,0.000000
65952,5,0.120705,0.867897,25,0,1000.000,2.101113,0.000000
65952,6,0.123948,0.839707,24,0,1000.000,2.205734,0.000000
65952,7,0.123099,0.849932,27,1,964.815,1.640647,0.000000
66000,0,0.126944,0.856202,26,0,1000.000,1.884409,0.000000
66000,1,0.132653,0.889300,18,0,1000.000,1.722078,0.000000
66000,2,0.124690,0.854358,23,0,1000.000,1.925040,0.000000
66000,3,0.121170,0.879760,28,0,1000.000,1.682769,0.000000
66000,4,0.126791,0.879788,17,0,1000.000,1.348671,0.000000
66000,5,0.120705,0.840196,26,0,1000.000,2.154357,0.000000
66000,6,0.123948,0.876639,22,0,1000.000,1.894274,0.000000
66000,7,0.123099,0.787302,25,2,926.360,1.977072,0.000000
66048,0,0.126944,0.859358,25,0,1000.000,2.061116,0.000000
66048,1,0.132653,0.871034,28,0,1000.000,1.956474,0.000000
66048,2,0.124690,0.839174,24,0,1000.000,2.366044,0.000000
66048,3,0.121170,0.843382,16,0,1000.000,2.092209,0.000000
66048,4,0.126791,0.877171,17,0,1000.000,1.753409,0.000000
66048,5,0.120705,0.863276,9,0,1000.000,1.923960,0.000000
66048,6,0.123948,0.823335,17,1,945.294,1.947428,0.000000
66048,7,0.123099,0.866802,23,0,1000.000,1.775984,0.000000
66096,0,0.126944,0.856757,22,3,937.864,1.745149,0.000000
66096,1,0.132653,0.846578,23,0,1000.000,1.944402,0.000000
66096,2,0.124690,0.859932,20,0,1000.000,1.817301,0.000000
66096,3,0.121170,0.858937,27,0,1000.000,2.332870,0.000000
66096,4,0.126791,0.864487,19,0,1000.000,2.060385,0.000000
66096,5,0.120705,0.862255,17,0,1000.000,1.863961,0.000000
66096,6,0.123948,0.862594,22,0,1000.000,1.957611,0.000000
66096,7,0.123099,0.849581,17,0,1000.000,2.462764,0.000000
66144,0,0.126944,0.859280,23,0,1000.000,1.891381,0.000000
66144,1,0.132653,0.841496,22,0,1000.000,2.272013,0.000000
66144,2,0.124690,0.877487,22,0,1000.000,1.672782,0.000000
66144,3,0.121170,0.851110,19,0,1000.000,1.936394,0.000000
66144,4,0.126791,0.853926,15,0,1000.000,2.242953,0.000000
66144,5,0.120705,0.865671,22,0,1000.000,1.839730,0.000000
66144,6,0.123948,0.883599,14,0,1000.000,1.807078,0.000000
66144,7,0.123099,0.824767,24,1,964.458,1.901477,0.000000
66192,0,0.126944,0.861195,28,3,955.429,1.646648,0.000000
66192,1,0.132653,0.893189,23,0,1000.000,1.341178,0.000000
66192,2,0.124690,0.885004,11,0,1000.000,1.708450,0.000000
66192,3,0.121170,0.866529,24,0,1000.000,1.784979,0.000000
66192,4,0.126791,0.880195,17,0,1000.000,1.856928,0.000000
66192,5,0.120705,0.856012,15,0,1000.000,1.999174,0.000000
66192,6,0.123948,0.866944,21,0,1000.000,2.005681,0.000000
66192,7,0.123099,0.889236,21,0,1000.000,1.716755,0.000000
66240,0,0.126944,0.864196,20,1,964.600,1.843013,0.000000
66240,1,0.132653,0.871395,16,0,1000.000,1.871700,0.000000
66240,2,0.124690,0.874907,13,0,1000.000,1.719673,0.000000
66240,3,0.121170,0.872351,20,0,1000.000,2.070467,0.000000
66240,4,0.126791,0.880821,16,0,1000.000,1.776243,0.000000
66240,5,0.120705,0.881073,17,0,1000.000,1.710986,0.000000
66240,6,0.123948,0.868257,19,0,1000.000,2.051927,0.000000
66240,7,0.123099,0.866412,15,0,1000.000,1.966598,0.000000
66288,0,0.126944,0.864907,18,0,1000.000,1.863767,0.000000
66288,1,0.132653,0.860004,28,0,1000.000,2.081904,0.000000
66288,2,0.124690,0.886740,22,0,1000.000,1.914052,0.000000
66288,3,0.121170,0.873475,19,0,1000.000,1.999026,0.000000
66288,4,0.126791,0.886655,20,0,1000.000,1.776545,0.000000
66288,5,0.120705,0.847459,12,0,1000.000,2.261006,0.000000
66288,6,0.123948,0.865986,18,0,1000.000,1.791630,0.000000
66288,7,0.123099,0.857116,19,0,1000.000,1.773426,0.000000
66336,0,0.126944,0.891165,13,0,1000.000,1.331039,0.000000
66336,1,0.132653,0.890132,23,0,1000.000,1.782166,0.000000
66336,2,0.124690,0.881391,24,0,1000.000,1.493536,0.000000
66336,3,0.121170,0.851137,13,0,1000.000,1.973868,0.000000
66336,4,0.126791,0.849866,32,0,1000.000,1.994156,0.000000
66336,5,0.120705,0.863923,19,0,1000.000,1.698169,0.000000
66336,6,0.123948,0.875606,20,0,1000.000,2.042371,0.000000
66336,7,0.123099,0.882197,26,0,1000.000,1.605662,0.000000
66384,0,0.126944,0.882188,30,0,1000.000,1.684896,0.000000
66384,1,0.132653,0.873471,23,0,1000.000,1.805651,0.000000
66384,2,0.124690,0.866123,20,0,1000.000,2.238105,0.000000
66384,3,0.121170,0.865955,26,0,1000.000,1.810880,0.000000
66384,4,0.126791,0.851919,34,0,1000.000,2.132162,0.000000
66384,5,0.120705,0.857308,19,0,1000.000,1.800750,0.000000
66384,6,0.123948,0.889005,27,0,1000.000,1.650958,0.000000
66384,7,0.123099,0.866038,28,0,1000.000,1.811856,0.000000
66432,0,0.126944,0.864284,26,0,1000.000,1.821675,0.000000
66432,1,0.132653,0.859149,32,0,1000.000,1.942061,0.000000
66432,2,0.124690,0.888493,25,0,1000.000,1.593970,0.000000
66432,3,0.121170,0.874709,26,0,1000.000,1.906096,0.000000
66432,4,0.126791,0.866210,25,0,1000.000,1.929667,0.000000
66432,5,0.120705,0.853625,24,1,959.875,1.434921,0.000000
66432,6,0.123948,0.811977,10,0,1000.000,2.578101,0.000000
66432,7,0.123099,0.849775,23,0,1000.000,2.040471,0.000000
66480,0,0.126944,0.852702,26,1,965.154,1.982094,0.000000
66480,1,0.132653,0.880502,28,0,1000.000,1.625103,0.000000
66480,2,0.124690,0.839532,14,0,1000.000,2.232200,0.000000
66480,3,0.121170,0.843931,22,0,1000.000,2.110714,0.000000
66480,4,0.126791,0.838816,23,0,1000.000,2.431608,0.000000
66480,5,0.120705,0.872615,22,0,1000.000,1.874460,0.000000
66480,6,0.123948,0.856561,16,0,1000.000,2.158102,0.000000
66480,7,0.123099,0.875953,21,0,1000.000,1.766527,0.000000
66528,0,0.126944,0.861287,14,1,992.857,1.677545,0.000000
66528,1,0.132653,0.853578,27,0,1000.000,2.056517,0.000000
66528,2,0.124690,0.865361,27,0,1000.000,1.826915,0.000000
66528,3,0.121170,0.873248,26,0,1000.000,1.938974,0.000000
66528,4,0.126791,0.876478,23,0,1000.000,1.788139,0.000000
66528,5,0.120705,0.879247,19,0,1000.000,1.870010,0.000000
66528,6,0.123948,0.864041,29,0,1000.000,2.025256,0.000000
66528,7,0.123099,0.881646,31,0,1000.000,1.838004,0.000000
66576,0,0.126944,0.846817,28,1,967.643,1.663405,0.000000
66576,1,0.132653,0.873357,39,0,1000.000,1.794797,0.000000
66576,2,0.124690,0.864453,32,0,1000.000,1.798418,0.000000
66576,3,0.121170,0.850235,29,0,1000.000,1.663711,0.000000
66576,4,0.126791,0.877934,35,0,1000.000,1.821449,0.000000
66576,5,0.120705,0.853085,40,0,1000.000,2.225728,0.000000
66576,6,0.123948,0.877680,22,0,1000.000,1.975214,0.000000
66576,7,0.123099,0.868653,33,0,1000.000,1.983023,0.000000
66624,0,0.126944,0.840400,37,0,1000.000,2.210500,0.000000
66624,1,0.132653,0.845720,32,0,1000.000,2.041683,0.000000
66624,2,0.124690,0.869565,29,0,1000.000,2.040131,0.000000
66624,3,0.121170,0.856763,28,0,1000.000,2.134976,0.000000
66624,4,0.126791,0.866751,43,0,1000.000,1.976138,0.000000
66624,5,0.120705,0.871373,25,0,1000.000,2.029548,0.000000
66624,6,0.123948,0.839338,49,1,980.367,2.169598,0.000000
66624,7,0.123099,0.839391,41,0,1000.000,2.271378,0.000000
66672,0,0.126944,0.861570,29,0,1000.000,1.742086,0.000000
66672,1,0.132653,0.872608,31,0,1000.000,1.810895,0.000000
66672,2,0.124690,0.843485,34,0,1000.000,2.187442,0.000000
66672,3,0.121170,0.882709,25,0,1000.000,1.478354,0.000000
66672,4,0.126791,0.864873,28,0,1000.000,1.941515,0.000000
66672,5,0.120705,0.866451,18,0,1000.000,2.016852,0.000000
66672,6,0.123948,0.858340,31,0,1000.000,2.055269,0.000000
66672,7,0.123099,0.885565,32,0,1000.000,1.749977,0.000000
66720,0,0.126944,0.840874,34,1,997.647,2.003164,0.000000
66720,1,0.132653,0.861782,26,0,1000.000,2.034708,0.000000
66720,2,0.124690,0.854404,34,0,1000.000,1.887297,0.000000
66720,3,0.121170,0.849758,29,0,1000.000,2.111524,0.000000
66720,4,0.126791,0.851219,24,0,1000.000,1.986422,0.000000
66720,5,0.120705,0.850569,20,0,1000.000,1.994225,0.000000
66720,6,0.123948,0.870904,26,0,1000.000,1.775030,0.000000
66720,7,0.123099,0.863701,29,1,968.690,1.312552,0.000000
66768,0,0.126944,0.866922,29,0,1000.000,1.842862,0.000000
66768,1,0.132653,0.850636,32,0,1000.000,2.217671,0.000000
66768,2,0.124690,0.851989,19,0,1000.000,2.029799,0.000000
66768,3,0.121170,0.865545,34,0,1000.000,1.943852,0.000000
66768,4,0.126791,0.864528,35,0,1000.000,2.076547,0.000000
66768,5,0.120705,0.875604,28,0,1000.000,1.927518,0.000000
66768,6,0.123948,0.865671,33,0,1000.000,1.996322,0.000000
66768,7,0.123099,0.847018,26,0,1000.000,2.158869,0.000000
66816,0,0.126944,0.837834,29,0,1000.000,2.101336,0.000000
66816,1,0.132653,0.865858,16,0,1000.000,1.795322,0.000000
66816,2,0.124690,0.852210,30,0,1000.000,2.081386,0.000000
66816,3,0.121170,0.862438,30,0,1000.000,1.954875,0.000000
66816,4,0.126791,0.875737,24,0,1000.000,1.808109,0.000000
66816,5,0.120705,0.850739,32,0,1000.000,2.113265,0.000000
66816,6,0.123948,0.858222,27,0,1000.000,2.016109,0.000000
66816,7,0.123099,0.838080,25,1,964.720,1.845029,0.000000
66864,0,0.126944,0.856406,28,0,1000.000,1.992643,0.000000
66864,1,0.132653,0.886682,25,0,1000.000,1.519036,0.000000
66864,2,0.124690,0.855857,39,0,1000.000,1.974408,0.000000
66864,3,0.121170,0.863955,24,0,1000.000,1.936959,0.000000
66864,4,0.126791,0.880068,24,0,1000.000,1.762515,0.000000
66864,5,0.120705,0.843082,20,0,1000.000,1.792522,0.000000
66864,6,0.123948,0.847528,21,0,1000.000,2.215474,0.000000
66864,7,0.123099,0.855774,23,0,1000.000,2.000549,0.000000
66912,0,0.126944,0.866056,35,0,1000.000,1.824054,0.000000
66912,1,0.132653,0.869183,22,0,1000.000,1.745380,0.000000
66912,2,0.124690,0.874797,28,0,1000.000,1.714639,0.000000
66912,3,0.121170,0.879851,30,0,1000.000,1.756651,0.000000
66912,4,0.126791,0.881256,26,0,1000.000,1.937434,0.000000
66912,5,0.120705,0.861503,28,0,1000.000,1.801437,0.000000
66912,6,0.123948,0.860694,39,0,1000.000,2.108114,0.000000
66912,7,0.123099,0.861618,29,0,1000.000,2.083111,0.000000
67008,0,0.126944,0.867326,46,3,988.326,1.780822,0.000000
67008,1,0.132653,0.858131,43,0,1000.000,2.104663,0.000000
67008,2,0.124690,0.879282,44,0,1000.000,1.595382,0.000000
67008,3,0.121170,0.868761,55,0,1000.000,1.896767,0.000000
67008,4,0.126791,0.847763,39,0,1000.000,2.138693,0.000000
67008,5,0.120705,0.850397,47,0,1000.000,2.044192,0.000000
67008,6,0.123948,0.852191,48,1,980.604,1.881223,0.000000
67008,7,0.123099,0.854922,55,0,1000.000,2.111573,0.000000
67056,0,0.126944,0.860051,22,0,1000.000,2.233878,0.000000
67056,1,0.132653,0.876437,29,0,1000.000,1.703633,0.000000
67056,2,0.124690,0.850704,12,0,1000.000,1.976503,0.000000
67056,3,0.121170,0.887255,14,0,1000.000,1.699720,0.000000
67056,4,0.126791,0.838313,21,0,1000.000,2.270407,0.000000
67056,5,0.120705,0.869569,20,0,1000.000,2.163769,0.000000
67056,6,0.123948,0.872037,25,0,1000.000,1.891501,0.000000
67056,7,0.123099,0.883830,23,0,1000.000,1.650479,0.000000
67104,0,0.126944,0.869016,19,0,1000.000,1.787736,0.000000
67104,1,0.132653,0.853370,20,0,1000.000,1.947532,0.000000
67104,2,0.124690,0.832103,15,0,1000.000,2.605251,0.000000
67104,3,0.121170,0.889766,18,0,1000.000,1.596732,0.000000
67104,4,0.126791,0.862593,15,0,1000.000,2.188729,0.000000
67104,5,0.120705,0.878351,22,0,1000.000,1.784739,0.000000
67104,6,0.123948,0.887347,20,0,1000.000,1.682235,0.000000
67104,7,0.123099,0.849045,24,0,1000.000,2.275875,0.000000
67152,0,0.126944,0.898547,19,0,1000.000,1.254083,0.000000
67152,1,0.132653,0.899018,17,0,1000.000,1.441468,0.000000
67152,2,0.124690,0.845890,18,0,1000.000,2.275528,0.000000
67152,3,0.121170,0.864674,18,0,1000.000,1.665626,0.000000
67152,4,0.126791,0.855799,21,0,1000.000,1.733140,0.000000
67152,5,0.120705,0.882799,17,0,1000.000,1.687705,0.000000
67152,6,0.123948,0.825721,24,1,960.042,2.314209,0.000000
67152,7,0.123099,0.886325,27,0,1000.000,1.716311,0.000000
67200,0,0.126944,0.853273,20,1,958.200,1.759583,0.000000
67200,1,0.132653,0.891643,21,0,1000.000,1.557833,0.000000
67200,2,0.124690,0.861640,28,0,1000.000,1.998698,0.000000
67200,3,0.121170,0.859855,19,0,1000.000,2.104475,0.000000
67200,4,0.126791,0.878459,19,0,1000.000,1.745554,0.000000
67200,5,0.120705,0.869033,21,0,1000.000,1.888145,0.000000
67200,6,0.123948,0.880734,19,0,1000.000,1.938302,0.000000
67200,7,0.123099,0.889653,15,0,1000.000,1.635172,0.000000
67248,0,0.119317,0.867527,22,1,966.136,1.752398,0.000000
67248,1,0.124583,0.859162,16,0,1000.000,2.163358,0.000000
67248,2,0.121760,0.855559,11,0,1000.000,1.989244,0.000000
67248,3,0.134673,0.905849,13,0,1000.000,1.257293,0.000000
67248,4,0.131421,0.878036,23,0,1000.000,2.001253,0.000000
67248,5,0.122599,0.864640,18,0,1000.000,1.963963,0.000000
67248,6,0.120432,0.873407,23,0,1000.000,1.890471,0.000000
67248,7,0.125215,0.880916,12,0,1000.000,1.782977,0.000000
67296,0,0.119317,0.873912,19,2,923.842,1.628929,0.000000
67296,1,0.124583,0.881952,17,0,1000.000,1.744646,0.000000
67296,2,0.121760,0.882908,14,0,1000.000,1.403948,0.000000
67296,3,0.134673,0.876192,32,0,1000.000,1.842854,0.000000
67296,4,0.131421,0.874334,15,0,1000.000,1.638315,0.000000
67296,5,0.122599,0.850401,25,0,1000.000,2.249127,0.000000
67296,6,0.120432,0.842678,22,0,1000.000,2.188385,0.000000
67296,7,0.125215,0.857113,26,0,1000.000,1.833103,0.000000
67344,0,0.119317,0.827354,13,1,945.615,2.042889,0.000000
67344,1,0.124583,0.856579,18,0,1000.000,2.107874,0.000000
67344,2,0.121760,0.885943,23,0,1000.000,1.582197,0.000000
67344,3,0.134673,0.889329,28,0,1000.000,1.671388,0.000000
67344,4,0.131421,0.853270,25,0,1000.000,2.089800,0.000000
67344,5,0.122599,0.893510,20,0,1000.000,1.650610,0.000000
67344,6,0.120432,0.826319,24,1,960.542,1.995139,0.000000
67344,7,0.125215,0.853021,26,0,1000.000,2.131855,0.000000
67392,0,0.119317,0.871257,17,0,1000.000,2.190031,0.000000
67392,1,0.124583,0.857699,35,0,1000.000,1.970974,0.000000
67392,2,0.121760,0.865992,23,0,1000.000,1.925658,0.000000
67392,3,0.134673,0.858722,29,0,1000.000,2.117674,0.000000
67392,4,0.131421,0.857182,23,0,1000.000,1.650805,0.000000
67392,5,0.122599,0.877546,20,0,1000.000,2.046744,0.000000
67392,6,0.120432,0.874602,22,0,1000.000,1.856484,0.000000
67392,7,0.125215,0.867201,25,0,1000.000,2.130689,0.000000
67440,0,0.119317,0.836955,21,0,1000.000,2.503835,0.000000
67440,1,0.124583,0.831595,25,0,1000.000,2.417675,0.000000
67440,2,0.121760,0.874083,29,0,1000.000,1.822399,0.000000
67440,3,0.134673,0.869666,16,0,1000.000,2.098572,0.000000
67440,4,0.131421,0.872372,25,0,1000.000,1.547022,0.000000
67440,5,0.122599,0.878021,23,0,1000.000,1.768628,0.000000
67440,6,0.120432,0.850413,26,0,1000.000,2.178650,0.000000
67440,7,0.125215,0.833334,23,1,961.043,1.963040,0.000000
67536,0,0.119317,0.877174,49,0,1000.000,1.750215,0.000000
67536,1,0.124583,0.867327,45,0,1000.000,2.061265,0.000000
67536,2,0.121760,0.874440,55,0,1000.000,1.899441,0.000000
67536,3,0.134673,0.866815,43,0,1000.000,2.032796,0.000000
67536,4,0.131421,0.870215,50,0,1000.000,1.731118,0.000000
67536,5,0.122599,0.865860,47,0,1000.000,1.782077,0.000000
67536,6,0.120432,0.875866,51,0,1000.000,1.910542,0.000000
67536,7,0.125215,0.887487,53,0,1000.000,1.680438,0.000000
67584,0,0.119317,0.876932,24,0,1000.000,1.775639,0.000000
67584,1,0.124583,0.871339,37,0,1000.000,1.967723,0.000000
67584,2,0.121760,0.873272,43,0,1000.000,1.788780,0.000000
67584,3,0.134673,0.846447,26,0,1000.000,2.131222,0.000000
67584,4,0.131421,0.875147,37,0,1000.000,2.032608,0.000000
67584,5,0.122599,0.889236,21,0,1000.000,1.517094,0.000000
67584,6,0.120432,0.876103,30,0,1000.000,2.051696,0.000000
67584,7,0.125215,0.858394,35,0,1000.000,2.252978,0.000000
67632,0,0.119317,0.864366,27,0,1000.000,1.915725,0.000000
67632,1,0.124583,0.882308,34,0,1000.000,1.777945,0.000000
67632,2,0.121760,0.850609,31,0,1000.000,2.173103,0.000000
67632,3,0.134673,0.885792,37,0,1000.000,1.800737,0.000000
67632,4,0.131421,0.848573,28,0,1000.000,2.576740,0.000000
67632,5,0.122599,0.873147,30,0,1000.000,1.901006,0.000000
67632,6,0.120432,0.883791,40,0,1000.000,1.798828,0.000000
67632,7,0.125215,0.872068,41,0,1000.000,1.858086,0.000000
67680,0,0.119317,0.864499,38,0,1000.000,2.005464,0.000000
67680,1,0.124583,0.866282,22,0,1000.000,2.077739,0.000000
67680,2,0.121760,0.872628,32,0,1000.000,1.905525,0.000000
67680,3,0.134673,0.866246,25,0,1000.000,2.019022,0.000000
67680,4,0.131421,0.869495,26,0,1000.000,2.091408,0.000000
67680,5,0.122599,0.887250,26,0,1000.000,1.766554,0.000000
67680,6,0.120432,0.870820,36,0,1000.000,2.046941,0.000000
67680,7,0.125215,0.873629,27,0,1000.000,1.994671,0.000000
67728,0,0.119317,0.889098,25,0,1000.000,1.594649,0.000000
67728,1,0.124583,0.867042,34,0,1000.000,2.187065,0.000000
67728,2,0.121760,0.859211,24,0,1000.000,2.042754,0.000000
67728,3,0.134673,0.882009,22,0,1000.000,1.714146,0.000000
67728,4,0.131421,0.866575,34,0,1000.000,2.052078,0.000000
67728,5,0.122599,0.863193,25,0,1000.000,2.304178,0.000000
67728,6,0.120432,0.851342,26,0,1000.000,2.195755,0.000000
67728,7,0.125215,0.866492,28,0,1000.000,1.845924,0.000000
67776,0,0.119317,0.866367,26,0,1000.000,1.814175,0.000000
67776,1,0.124583,0.871794,33,0,1000.000,1.826206,0.000000
67776,2,0.121760,0.865411,31,0,1000.000,2.002018,0.000000
67776,3,0.134673,0.871416,26,0,1000.000,2.133876,0.000000
67776,4,0.131421,0.857863,35,0,1000.000,1.848486,0.000000
67776,5,0.122599,0.863305,26,0,1000.000,2.227315,0.000000
67776,6,0.120432,0.866149,41,0,1000.000,2.036116,0.000000
67776,7,0.125215,0.874260,26,0,1000.000,1.921682,0.000000
67824,0,0.119317,0.860237,21,1,955.619,1.599497,0.000000
67824,1,0.124583,0.864546,29,0,1000.000,1.835496,0.000000
67824,2,0.121760,0.869278,35,0,1000.000,1.965052,0.000000
67824,3,0.134673,0.881473,23,0,1000.000,1.877463,0.000000
67824,4,0.131421,0.854970,32,0,1000.000,2.200578,0.000000
67824,5,0.122599,0.866791,17,0,1000.000,1.889816,0.000000
67824,6,0.120432,0.864359,21,0,1000.000,2.060794,0.000000
67824,7,0.125215,0.876480,23,0,1000.000,1.888206,0.000000
67872,0,0.119317,0.849245,24,0,1000.000,2.020723,0.000000
67872,1,0.124583,0.878776,20,0,1000.000,1.804914,0.000000
67872,2,0.121760,0.879086,27,0,1000.000,1.885327,0.000000
67872,3,0.134673,0.879663,28,0,1000.000,1.550880,0.000000
67872,4,0.131421,0.872685,36,0,1000.000,1.936600,0.000000
67872,5,0.122599,0.868873,29,0,1000.000,2.133276,0.000000
67872,6,0.120432,0.865770,30,0,1000.000,2.056974,0.000000
67872,7,0.125215,0.876979,17,0,1000.000,1.973754,0.000000
67920,0,0.119317,0.874787,21,0,1000.000,1.779002,0.000000
67920,1,0.124583,0.865840,30,0,1000.000,1.856965,0.000000
67920,2,0.121760,0.865030,27,0,1000.000,1.884938,0.000000
67920,3,0.134673,0.849314,40,0,1000.000,2.187057,0.000000
67920,4,0.131421,0.881619,37,0,1000.000,1.776803,0.000000
67920,5,0.122599,0.884123,27,0,1000.000,1.868038,0.000000
67920,6,0.120432,0.874700,24,0,1000.000,2.022913,0.000000
67920,7,0.125215,0.870122,24,0,1000.000,1.995175,0.000000
67968,0,0.119317,0.858344,18,0,1000.000,2.216191,0.000000
67968,1,0.124583,0.842293,20,0,1000.000,2.070102,0.000000
67968,2,0.121760,0.865422,27,0,1000.000,2.080498,0.000000
67968,3,0.134673,0.857507,27,0,1000.000,1.953187,0.000000
67968,4,0.131421,0.875881,25,0,1000.000,1.880207,0.000000
67968,5,0.122599,0.882760,24,0,1000.000,1.866563,0.000000
67968,6,0.120432,0.834866,21,1,957.571,1.931147,0.000000
67968,7,0.125215,0.826817,25,1,962.120,2.142836,0.000000
68016,0,0.119317,0.868138,26,0,1000.000,1.826212,0.000000
68016,1,0.124583,0.894405,11,0,1000.000,1.712073,0.000000
68016,2,0.121760,0.871535,25,0,1000.000,1.973815,0.000000
68016,3,0.134673,0.863471,20,0,1000.000,2.166999,0.000000
68016,4,0.131421,0.862689,23,0,1000.000,2.068831,0.000000
68016,5,0.122599,0.841027,21,0,1000.000,2.175185,0.000000
68016,6,0.120432,0.869130,32,0,1000.000,1.952569,0.000000
68016,7,0.125215,0.882957,28,0,1000.000,1.633093,0.000000
68064,0,0.119317,0.895507,14,0,1000.000,1.566949,0.000000
68064,1,0.124583,0.870537,20,0,1000.000,2.059603,0.000000
68064,2,0.121760,0.845233,22,0,1000.000,1.982072,0.000000
68064,3,0.134673,0.882146,33,0,1000.000,1.857276,0.000000
68064,4,0.131421,0.881815,24,0,1000.000,1.718051,0.000000
68064,5,0.122599,0.882407,15,0,1000.000,1.387881,0.000000
68064,6,0.120432,0.860646,15,0,1000.000,2.283581,0.000000
68064,7,0.125215,0.884740,19,0,1000.000,2.055602,0.000000
68112,0,0.119317,0.844646,18,0,1000.000,2.214400,0.000000
68112,1,0.124583,0.876195,24,0,1000.000,1.913368,0.000000
68112,2,0.121760,0.871244,11,0,1000.000,1.971933,0.000000
68112,3,0.134673,0.877054,21,0,1000.000,1.913064,0.000000
68112,4,0.131421,0.872195,22,0,1000.000,1.878086,0.000000
68112,5,0.122599,0.890984,20,0,1000.000,1.606897,0.000000
68112,6,0.120432,0.873808,16,0,1000.000,1.629514,0.000000
68112,7,0.125215,0.854501,18,0,1000.000,2.130212,0.000000
68160,0,0.119317,0.881632,21,0,1000.000,1.788225,0.000000
68160,1,0.124583,0.879341,17,0,1000.000,1.894491,0.000000
68160,2,0.121760,0.870076,28,0,1000.000,2.043904,0.000000
68160,3,0.134673,0.850271,23,0,1000.000,2.232735,0.000000
68160,4,0.131421,0.879094,21,0,1000.000,1.980003,0.000000
68160,5,0.122599,0.874347,15,0,1000.000,1.977580,0.000000
68160,6,0.120432,0.854183,19,0,1000.000,2.509703,0.000000
68160,7,0.125215,0.877553,18,0,1000.000,2.129769,0.000000
68208,0,0.119317,0.869682,19,1,983.947,1.826926,0.000000
68208,1,0.124583,0.851615,18,0,1000.000,2.375513,0.000000
68208,2,0.121760,0.894904,13,0,1000.000,1.619858,0.000000
68208,3,0.134673,0.856640,30,0,1000.000,2.232543,0.000000
68208,4,0.131421,0.880954,21,0,1000.000,1.756508,0.000000
68208,5,0.122599,0.886774,11,0,1000.000,1.877249,0.000000
68208,6,0.120432,0.888076,23,0,1000.000,1.689781,0.000000
68208,7,0.125215,0.888629,20,0,1000.000,1.591619,0.000000
68256,0,0.119317,0.846879,13,0,1000.000,2.218954,0.000000
68256,1,0.124583,0.861656,28,0,1000.000,1.904324,0.000000
68256,2,0.121760,0.874708,13,0,1000.000,1.779315,0.000000
68256,3,0.134673,0.887764,23,0,1000.000,1.561568,0.000000
68256,4,0.131421,0.885141,16,0,1000.000,1.639371,0.000000
68256,5,0.122599,0.878049,20,0,1000.000,1.996736,0.000000
68256,6,0.120432,0.865688,15,0,1000.000,1.827591,0.000000
68256,7,0.125215,0.883192,23,0,1000.000,1.943840,0.000000
68304,0,0.119317,0.870418,21,0,1000.000,1.938690,0.000000
68304,1,0.124583,0.879349,19,0,1000.000,1.819115,0.000000
68304,2,0.121760,0.880467,17,0,1000.000,1.932201,0.000000
68304,3,0.134673,0.852792,21,0,1000.000,2.175051,0.000000
68304,4,0.131421,0.866430,13,0,1000.000,2.053998,0.000000
68304,5,0.122599,0.852480,26,0,1000.000,2.348591,0.000000
68304,6,0.120432,0.869915,27,0,1000.000,1.877321,0.000000
68304,7,0.125215,0.822148,23,1,959.652,2.168554,0.000000
68352,0,0.119317,0.902495,21,0,1000.000,1.351018,0.000000
68352,1,0.124583,0.867765,25,0,1000.000,1.835069,0.000000
68352,2,0.121760,0.865937,15,0,1000.000,1.951626,0.000000
68352,3,0.134673,0.878541,26,0,1000.000,1.985722,0.000000
68352,4,0.131421,0.862345,28,0,1000.000,2.186775,0.000000
68352,5,0.122599,0.843141,22,0,1000.000,2.317314,0.000000
68352,6,0.120432,0.862388,21,0,1000.000,2.044637,0.000000
68352,7,0.125215,0.884276,20,0,1000.000,1.889667,0.000000
68400,0,0.119317,0.849718,32,0,1000.000,2.120972,0.000000
68400,1,0.124583,0.867832,26,0,1000.000,1.776743,0.000000
68400,2,0.121760,0.888585,27,0,1000.000,1.813217,0.000000
68400,3,0.134673,0.885507,28,0,1000.000,1.716444,0.000000
68400,4,0.131421,0.861924,18,0,1000.000,2.230288,0.000000
68400,5,0.122599,0.853244,24,0,1000.000,2.059780,0.000000
68400,6,0.120432,0.874909,18,0,1000.000,1.778920,0.000000
68400,7,0.125215,0.887428,21,0,1000.000,1.716464,0.000000
68448,0,0.119317,0.875439,21,0,1000.000,1.632344,0.000000
68448,1,0.124583,0.858987,14,0,1000.000,2.068954,0.000000
68448,2,0.121760,0.868447,26,0,1000.000,2.157745,0.000000
68448,3,0.134673,0.884219,27,0,1000.000,1.821329,0.000000
68448,4,0.131421,0.859978,26,0,1000.000,1.824375,0.000000
68448,5,0.122599,0.895993,23,0,1000.000,1.537618,0.000000
68448,6,0.120432,0.853961,30,0,1000.000,2.037963,0.000000
68448,7,0.125215,0.878742,18,0,1000.000,1.929842,0.000000
68496,0,0.119317,0.873889,20,0,1000.000,1.914368,0.000000
68496,1,0.124583,0.871092,20,0,1000.000,1.847246,0.000000
68496,2,0.121760,0.868480,25,0,1000.000,2.132934,0.000000
68496,3,0.134673,0.888306,21,0,1000.000,1.779554,0.000000
68496,4,0.131421,0.876596,25,0,1000.000,1.903407,0.000000
68496,5,0.122599,0.875928,28,0,1000.000,1.709516,0.000000
68496,6,0.120432,0.864787,14,0,1000.000,1.746046,0.000000
68496,7,0.125215,0.868651,26,0,1000.000,2.072984,0.000000
68544,0,0.119317,0.874330,28,0,1000.000,1.747851,0.000000
68544,1,0.124583,0.874340,25,0,1000.000,1.867084,0.000000
68544,2,0.121760,0.882803,32,0,1000.000,1.686616,0.000000
68544,3,0.134673,0.850765,30,0,1000.000,2.316625,0.000000
68544,4,0.131421,0.855955,34,0,1000.000,2.146399,0.000000
68544,5,0.122599,0.859899,25,0,1000.000,2.098777,0.000000
68544,6,0.120432,0.849207,31,0,1000.000,2.025035,0.000000
68544,7,0.125215,0.874341,30,0,1000.000,1.754235,0.000000
68592,0,0.119317,0.862332,30,0,1000.000,2.079559,0.000000
68592,1,0.124583,0.857084,32,0,1000.000,2.066377,0.000000
68592,2,0.121760,0.893025,36,0,1000.000,1.616880,0.000000
68592,3,0.134673,0.875593,51,0,1000.000,1.960971,0.000000
68592,4,0.131421,0.871379,22,0,1000.000,1.997782,0.000000
68592,5,0.122599,0.873609,27,0,1000.000,2.022309,0.000000
68592,6,0.120432,0.864310,16,0,1000.000,2.181140,0.000000
68592,7,0.125215,0.870848,29,0,1000.000,1.982043,0.000000
68640,0,0.119317,0.885366,35,0,1000.000,1.665658,0.000000
68640,1,0.124583,0.879136,37,0,1000.000,1.866061,0.000000
68640,2,0.121760,0.888231,32,0,1000.000,1.755855,0.000000
68640,3,0.134673,0.873898,35,0,1000.000,1.991617,0.000000
68640,4,0.131421,0.865040,38,0,1000.000,2.228647,0.000000
68640,5,0.122599,0.880000,21,0,1000.000,1.714997,0.000000
68640,6,0.120432,0.873117,36,0,1000.000,2.136412,0.000000
68640,7,0.125215,0.876887,31,0,1000.000,1.990969,0.000000
68688,0,0.119317,0.856546,35,0,1000.000,1.995770,0.000000
68688,1,0.124583,0.876582,35,0,1000.000,1.663726,0.000000
68688,2,0.121760,0.873626,34,0,1000.000,1.802660,0.000000
68688,3,0.134673,0.878567,37,0,1000.000,1.720625,0.000000
68688,4,0.131421,0.823744,19,0,1000.000,2.179726,0.000000
68688,5,0.122599,0.879974,25,0,1000.000,2.077698,0.000000
68688,6,0.120432,0.863693,26,0,1000.000,2.077263,0.000000
68688,7,0.125215,0.874600,24,0,1000.000,1.822293,0.000000
68736,0,0.119317,0.883220,25,0,1000.000,1.606104,0.000000
68736,1,0.124583,0.869372,31,0,1000.000,1.838623,0.000000
68736,2,0.121760,0.886894,27,0,1000.000,1.583502,0.000000
68736,3,0.134673,0.851953,38,0,1000.000,2.400898,0.000000
68736,4,0.131421,0.870858,35,0,1000.000,1.981754,0.000000
68736,5,0.122599,0.851830,24,0,1000.000,2.194436,0.000000
68736,6,0.120432,0.888473,28,0,1000.000,1.915742,0.000000
68736,7,0.125215,0.857971,15,0,1000.000,2.141203,0.000000
68784,0,0.119317,0.857879,21,0,1000.000,2.116857,0.000000
68784,1,0.124583,0.885770,36,0,1000.000,1.835989,0.000000
68784,2,0.121760,0.875157,39,0,1000.000,1.846673,0.000000
68784,3,0.134673,0.847092,31,0,1000.000,2.314300,0.000000
68784,4,0.131421,0.872283,31,0,1000.000,1.721431,0.000000
68784,5,0.122599,0.874001,25,0,1000.000,1.810404,0.000000
68784,6,0.120432,0.870489,33,0,1000.000,1.912791,0.000000
68784,7,0.125215,0.857367,19,0,1000.000,2.168838,0.000000
68832,0,0.119317,0.867850,26,0,1000.000,2.269489,0.000000
68832,1,0.124583,0.849589,19,0,1000.000,2.188709,0.000000
68832,2,0.121760,0.858203,25,0,1000.000,1.994026,0.000000
68832,3,0.134673,0.853671,29,0,1000.000,2.103540,0.000000
68832,4,0.131421,0.876464,28,0,1000.000,1.972910,0.000000
68832,5,0.122599,0.868783,20,0,1000.000,1.821142,0.000000
68832,6,0.120432,0.891792,25,0,1000.000,1.705910,0.000000
68832,7,0.125215,0.866895,36,0,1000.000,1.820863,0.000000
68880,0,0.119317,0.877950,20,1,973.550,1.809482,0.000000
68880,1,0.124583,0.893065,30,0,1000.000,1.362825,0.000000
68880,2,0.121760,0.865381,23,0,1000.000,1.773081,0.000000
68880,3,0.134673,0.849724,30,0,1000.000,2.217285,0.000000
68880,4,0.131421,0.859001,25,0,1000.000,1.905313,0.000000
68880,5,0.122599,0.871464,27,0,1000.000,1.970621,0.000000
68880,6,0.120432,0.845605,26,1,962.654,1.827077,0.000000
68880,7,0.125215,0.883445,32,0,1000.000,1.756053,0.000000
68928,0,0.119317,0.871766,30,0,1000.000,1.977674,0.000000
68928,1,0.124583,0.877954,27,0,1000.000,1.822523,0.000000
68928,2,0.121760,0.888559,28,0,1000.000,1.480479,0.000000
68928,3,0.134673,0.852541,24,0,1000.000,1.993355,0.000000
68928,4,0.131421,0.881748,33,0,1000.000,1.794510,0.000000
68928,5,0.122599,0.878860,29,0,1000.000,1.781589,0.000000
68928,6,0.120432,0.875064,31,0,1000.000,1.847051,0.000000
68928,7,0.125215,0.884803,21,0,1000.000,1.976102,0.000000
68976,0,0.119317,0.864565,18,0,1000.000,1.780126,0.000000
68976,1,0.124583,0.855705,20,0,1000.000,1.837537,0.000000
68976,2,0.121760,0.882918,23,0,1000.000,1.750785,0.000000
68976,3,0.134673,0.857680,23,0,1000.000,2.238675,0.000000
68976,4,0.131421,0.869884,26,0,1000.000,1.924237,0.000000
68976,5,0.122599,0.816811,26,1,964.269,2.082478,0.000000
68976,6,0.120432,0.877911,17,0,1000.000,1.703363,0.000000
68976,7,0.125215,0.830431,31,1,970.194,1.987012,0.000000
69024,0,0.119317,0.861872,21,0,1000.000,1.904468,0.000000
69024,1,0.124583,0.884782,25,0,1000.000,1.663095,0.000000
69024,2,0.121760,0.845048,26,0,1000.000,2.108363,0.000000
69024,3,0.134673,0.874769,25,0,1000.000,1.861818,0.000000
69024,4,0.131421,0.897945,18,0,1000.000,1.366413,0.000000
69024,5,0.122599,0.861862,19,0,1000.000,2.301659,0.000000
69024,6,0.120432,0.876617,17,0,1000.000,1.958182,0.000000
69024,7,0.125215,0.881540,30,0,1000.000,1.788109,0.000000
69072,0,0.119317,0.875384,26,0,1000.000,1.789853,0.000000
69072,1,0.124583,0.877206,17,0,1000.000,1.849581,0.000000
69072,2,0.121760,0.869888,20,0,1000.000,2.105290,0.000000
69072,3,0.134673,0.893424,20,0,1000.000,1.690947,0.000000
69072,4,0.131421,0.876374,27,0,1000.000,2.049679,0.000000
69072,5,0.122599,0.837718,12,0,1000.000,2.173361,0.000000
69072,6,0.120432,0.889687,25,0,1000.000,1.907798,0.000000
69072,7,0.125215,0.871903,17,0,1000.000,2.162454,0.000000
69120,0,0.119317,0.847513,14,0,1000.000,2.161612,0.000000
69120,1,0.124583,0.884096,19,0,1000.000,1.739749,0.000000
69120,2,0.121760,0.823228,15,0,1000.000,2.614786,0.000000
69120,3,0.134673,0.813821,15,0,1000.000,2.485771,0.000000
69120,4,0.131421,0.875838,24,0,1000.000,2.034575,0.000000
69120,5,0.122599,0.780807,13,1,926.385,2.112679,0.000000
69120,6,0.120432,0.872279,26,0,1000.000,2.015982,0.000000
69120,7,0.125215,0.856963,26,0,1000.000,2.149085,0.000000
69168,0,0.119317,0.875976,20,0,1000.000,1.686059,0.000000
69168,1,0.124583,0.838469,18,0,1000.000,2.361583,0.000000
69168,2,0.121760,0.870066,18,0,1000.000,1.759396,0.000000
69168,3,0.134673,0.873652,24,0,1000.000,2.207965,0.000000
69168,4,0.131421,0.860406,20,0,1000.000,1.784217,0.000000
69168,5,0.122599,0.851407,26,0,1000.000,2.184105,0.000000
69168,6,0.120432,0.888710,19,0,1000.000,1.787781,0.000000
69168,7,0.125215,0.856538,17,0,1000.000,2.253941,0.000000
69216,0,0.119317,0.884480,16,0,1000.000,1.630206,0.000000
69216,1,0.124583,0.870870,21,0,1000.000,1.676522,0.000000
69216,2,0.121760,0.870250,18,0,1000.000,1.959837,0.000000
69216,3,0.134673,0.834226,18,0,1000.000,2.645418,0.000000
69216,4,0.131421,0.863543,26,0,1000.000,1.949666,0.000000
69216,5,0.122599,0.880478,14,0,1000.000,1.633139,0.000000
69216,6,0.120432,0.891011,16,0,1000.000,1.790251,0.000000
69216,7,0.125215,0.861512,22,0,1000.000,2.124655,0.000000
69264,0,0.119317,0.867380,20,0,1000.000,1.766911,0.000000
69264,1,0.124583,0.880346,19,0,1000.000,1.889753,0.000000
69264,2,0.121760,0.851505,17,0,1000.000,1.922708,0.000000
69264,3,0.134673,0.868089,14,0,1000.000,2.267418,0.000000
69264,4,0.131421,0.885102,18,0,1000.000,1.970538,0.000000
69264,5,0.122599,0.862206,22,0,1000.000,2.248184,0.000000
69264,6,0.120432,0.898992,14,0,1000.000,1.611854,0.000000
69264,7,0.125215,0.870497,26,0,1000.000,1.937793,0.000000
69312,0,0.119317,0.882819,16,0,1000.000,1.850698,0.000000
69312,1,0.124583,0.859999,23,0,1000.000,2.008050,0.000000
69312,2,0.121760,0.876263,16,0,1000.000,1.814652,0.000000
69312,3,0.134673,0.869947,31,0,1000.000,1.959722,0.000000
69312,4,0.131421,0.862720,13,0,1000.000,2.147135,0.000000
69312,5,0.122599,0.890372,20,0,1000.000,1.846144,0.000000
69312,6,0.120432,0.894568,20,0,1000.000,1.412233,0.000000
69312,7,0.125215,0.853000,24,0,1000.000,2.246435,0.000000
69408,0,0.119317,0.885889,46,0,1000.000,1.778709,0.000000
69408,1,0.124583,0.849511,37,0,1000.000,2.130629,0.000000
69408,2,0.121760,0.868312,49,0,1000.000,1.895072,0.000000
69408,3,0.134673,0.880629,50,0,1000.000,1.979845,0.000000
69408,4,0.131421,0.870600,55,0,1000.000,1.806089,0.000000
69408,5,0.122599,0.853958,45,0,1000.000,2.043078,0.000000
69408,6,0.120432,0.856403,46,0,1000.000,2.228189,0.000000
69408,7,0.125215,0.867054,48,0,1000.000,2.071790,0.000000
69456,0,0.119317,0.883158,21,0,1000.000,1.847257,0.000000
69456,1,0.124583,0.879020,22,0,1000.000,1.685918,0.000000
69456,2,0.121760,0.868951,25,0,1000.000,1.847276,0.000000
69456,3,0.134673,0.878192,24,0,1000.000,1.897919,0.000000
69456,4,0.131421,0.869991,28,0,1000.000,2.140943,0.000000
69456,5,0.122599,0.865280,25,0,1000.000,1.877280,0.000000
69456,6,0.120432,0.884922,22,0,1000.000,1.743123,0.000000
69456,7,0.125215,0.865109,20,0,1000.000,1.727867,0.000000
69552,0,0.119317,0.873559,50,0,1000.000,1.754640,0.000000
69552,1,0.124583,0.871550,53,0,1000.000,1.918262,0.000000
69552,2,0.121760,0.865355,55,0,1000.000,1.908874,0.000000
69552,3,0.134673,0.862450,48,0,1000.000,2.066598,0.000000
69552,4,0.131421,0.875505,47,0,1000.000,1.813244,0.000000
69552,5,0.122599,0.877453,59,0,1000.000,1.778150,0.000000
69552,6,0.120432,0.877456,51,0,1000.000,1.833781,0.000000
69552,7,0.125215,0.876174,49,0,1000.000,1.929296,0.000000
69600,0,0.119317,0.853604,42,0,1000.000,2.161011,0.000000
69600,1,0.124583,0.884157,29,0,1000.000,1.901378,0.000000
69600,2,0.121760,0.883213,33,0,1000.000,1.945197,0.000000
69600,3,0.134673,0.875882,33,0,1000.000,1.676604,0.000000
69600,4,0.131421,0.856858,43,0,1000.000,2.239585,0.000000
69600,5,0.122599,0.866717,31,0,1000.000,1.927618,0.000000
69600,6,0.120432,0.871242,32,0,1000.000,1.893978,0.000000
69600,7,0.125215,0.878598,23,0,1000.000,2.229120,0.000000
69648,0,0.131394,0.846548,23,0,1000.000,1.949689,0.000000
69648,1,0.117378,0.877620,38,0,1000.000,1.851102,0.000000
69648,2,0.132200,0.868906,35,0,1000.000,2.008801,0.000000
69648,3,0.113229,0.865605,29,0,1000.000,2.097861,0.000000
69648,4,0.119647,0.866744,43,0,1000.000,1.995366,0.000000
69648,5,0.128505,0.870080,27,0,1000.000,1.995792,0.000000
69648,6,0.130043,0.877256,30,0,1000.000,1.861501,0.000000
69648,7,0.127604,0.864291,34,0,1000.000,1.913427,0.000000
69696,0,0.131394,0.878909,25,0,1000.000,1.725991,0.000000
69696,1,0.117378,0.861677,28,0,1000.000,2.149684,0.000000
69696,2,0.132200,0.864116,30,0,1000.000,1.874778,0.000000
69696,3,0.113229,0.853679,22,0,1000.000,1.932746,0.000000
69696,4,0.119647,0.867071,30,0,1000.000,2.009950,0.000000
69696,5,0.128505,0.875721,33,0,1000.000,1.914734,0.000000
69696,6,0.130043,0.885605,23,0,1000.000,1.685191,0.000000
69696,7,0.127604,0.875143,29,0,1000.000,1.855095,0.000000
69744,0,0.131394,0.892170,23,0,1000.000,1.497247,0.000000
69744,1,0.117378,0.878765,27,0,1000.000,1.794920,0.000000
69744,2,0.132200,0.849206,29,0,1000.000,2.282275,0.000000
69744,3,0.113229,0.859394,28,0,1000.000,2.044848,0.000000
69744,4,0.119647,0.851783,30,0,1000.000,1.881989,0.000000
69744,5,0.128505,0.833982,29,0,1000.000,2.450971,0.000000
69744,6,0.130043,0.870727,32,0,1000.000,2.052477,0.000000
69744,7,0.127604,0.862082,32,0,1000.000,2.078076,0.000000
69792,0,0.131394,0.870193,29,1,991.552,1.742118,0.000000
69792,1,0.117378,0.886027,23,0,1000.000,1.721334,0.000000
69792,2,0.132200,0.868879,31,0,1000.000,2.038392,0.000000
69792,3,0.113229,0.890376,27,0,1000.000,1.633096,0.000000
69792,4,0.119647,0.880699,26,0,1000.000,1.879807,0.000000
69792,5,0.128505,0.882164,40,0,1000.000,1.708095,0.000000
69792,6,0.130043,0.852307,31,0,1000.000,2.247669,0.000000
69792,7,0.127604,0.847414,31,0,1000.000,2.165622,0.000000
69840,0,0.131394,0.868960,24,0,1000.000,2.148439,0.000000
69840,1,0.117378,0.882549,26,0,1000.000,1.735877,0.000000
69840,2,0.132200,0.878963,26,0,1000.000,1.980613,0.000000
69840,3,0.113229,0.863763,21,0,1000.000,2.236171,0.000000
69840,4,0.119647,0.883712,18,0,1000.000,1.799435,0.000000
69840,5,0.128505,0.855272,25,0,1000.000,2.266050,0.000000
69840,6,0.130043,0.836318,17,0,1000.000,2.407715,0.000000
69840,7,0.127604,0.854993,36,0,1000.000,2.140739,0.000000
69888,0,0.131394,0.871072,28,0,1000.000,1.905238,0.000000
69888,1,0.117378,0.867344,25,0,1000.000,1.853495,0.000000
69888,2,0.132200,0.882110,31,0,1000.000,1.921337,0.000000
69888,3,0.113229,0.888222,22,0,1000.000,1.751482,0.000000
69888,4,0.119647,0.872118,27,0,1000.000,1.902360,0.000000
69888,5,0.128505,0.870312,36,0,1000.000,1.966015,0.000000
69888,6,0.130043,0.891121,33,0,1000.000,1.744959,0.000000
69888,7,0.127604,0.868522,21,0,1000.000,2.101951,0.000000
69936,0,0.131394,0.847787,36,1,983.056,2.045260,0.000000
69936,1,0.117378,0.888887,24,0,1000.000,1.831398,0.000000
69936,2,0.132200,0.848994,25,0,1000.000,2.181826,0.000000
69936,3,0.113229,0.863905,35,0,1000.000,2.092560,0.000000
69936,4,0.119647,0.865141,34,0,1000.000,2.099661,0.000000
69936,5,0.128505,0.861656,17,0,1000.000,1.916073,0.000000
69936,6,0.130043,0.863060,28,0,1000.000,2.109147,0.000000
69936,7,0.127604,0.892672,26,0,1000.000,1.590932,0.000000
69984,0,0.131394,0.896789,17,1,963.882,1.513754,0.000000
69984,1,0.117378,0.863753,20,0,1000.000,1.806231,0.000000
69984,2,0.132200,0.868678,30,0,1000.000,1.944397,0.000000
69984,3,0.113229,0.866516,22,0,1000.000,2.039988,0.000000
69984,4,0.119647,0.844411,28,0,1000.000,2.622716,0.000000
69984,5,0.128505,0.842968,25,0,1000.000,2.126837,0.000000
69984,6,0.130043,0.877619,22,0,1000.000,1.703188,0.000000
69984,7,0.127604,0.869008,23,0,1000.000,1.962340,0.000000
70032,0,0.131394,0.870388,25,1,996.920,1.956702,0.000000
70032,1,0.117378,0.843652,20,0,1000.000,1.915498,0.000000
70032,2,0.132200,0.854720,23,0,1000.000,2.120752,0.000000
70032,3,0.113229,0.863780,18,0,1000.000,2.061936,0.000000
70032,4,0.119647,0.894817,15,0,1000.000,1.500754,0.000000
70032,5,0.128505,0.850639,19,0,1000.000,1.853536,0.000000
70032,6,0.130043,0.879647,23,0,1000.000,1.794976,0.000000
70032,7,0.127604,0.878650,29,0,1000.000,2.042452,0.000000
70080,0,0.131394,0.880059,24,0,1000.000,1.837727,0.000000
70080,1,0.117378,0.913368,22,0,1000.000,1.110180,0.000000
70080,2,0.132200,0.887668,35,0,1000.000,1.696471,0.000000
70080,3,0.113229,0.884403,14,0,1000.000,1.957819,0.000000
70080,4,0.119647,0.897296,21,0,1000.000,1.478054,0.000000
70080,5,0.128505,0.855455,16,0,1000.000,1.919392,0.000000
70080,6,0.130043,0.900920,14,0,1000.000,1.375674,0.000000
70080,7,0.127604,0.877580,14,0,1000.000,1.944521,0.000000
70176,0,0.131394,0.873152,48,0,1000.000,1.877485,0.000000
70176,1,0.117378,0.877330,39,0,1000.000,1.796817,0.000000
70176,2,0.132200,0.889928,41,0,1000.000,1.730618,0.000000
70176,3,0.113229,0.863789,36,0,1000.000,2.008547,0.000000
70176,4,0.119647,0.875568,46,0,1000.000,1.980150,0.000000
70176,5,0.128505,0.887795,37,0,1000.000,1.754848,0.000000
70176,6,0.130043,0.871020,31,0,1000.000,1.967225,0.000000
70176,7,0.127604,0.841164,38,1,975.711,2.140346,0.000000
70224,0,0.131394,0.852072,17,1,946.059,1.629126,0.000000
70224,1,0.117378,0.850996,18,0,1000.000,2.076232,0.000000
70224,2,0.132200,0.885777,20,0,1000.000,1.481876,0.000000
70224,3,0.113229,0.867221,15,0,1000.000,2.355001,0.000000
70224,4,0.119647,0.862124,20,0,1000.000,2.316823,0.000000
70224,5,0.128505,0.873197,17,0,1000.000,2.205469,0.000000
70224,6,0.130043,0.870982,18,0,1000.000,1.849298,0.000000
70224,7,0.127604,0.872704,22,0,1000.000,1.967896,0.000000
70272,0,0.131394,0.876182,24,0,1000.000,1.830958,0.000000
70272,1,0.117378,0.884641,13,0,1000.000,1.673000,0.000000
70272,2,0.132200,0.851296,17,0,1000.000,2.098463,0.000000
70272,3,0.113229,0.897448,16,0,1000.000,1.538248,0.000000
70272,4,0.119647,0.855886,26,0,1000.000,2.181089,0.000000
70272,5,0.128505,0.875690,18,0,1000.000,1.977705,0.000000
70272,6,0.130043,0.870220,17,0,1000.000,1.756003,0.000000
70272,7,0.127604,0.856839,26,0,1000.000,2.094003,0.000000
70320,0,0.131394,0.866172,19,0,1000.000,1.854614,0.000000
70320,1,0.117378,0.870965,10,0,1000.000,2.176052,0.000000
70320,2,0.132200,0.860846,13,0,1000.000,2.334905,0.000000
70320,3,0.113229,0.867146,21,0,1000.000,1.748369,0.000000
70320,4,0.119647,0.865776,14,0,1000.000,2.206927,0.000000
70320,5,0.128505,0.883121,30,0,1000.000,1.893134,0.000000
70320,6,0.130043,0.877282,31,0,1000.000,1.709884,0.000000
70320,7,0.127604,0.859092,25,0,1000.000,2.265615,0.000000
70368,0,0.131394,0.857350,16,0,1000.000,2.334962,0.000000
70368,1,0.117378,0.872179,20,0,1000.000,1.871254,0.000000
70368,2,0.132200,0.881826,28,0,1000.000,1.942159,0.000000
70368,3,0.113229,0.865226,28,0,1000.000,2.021079,0.000000
70368,4,0.119647,0.860396,15,0,1000.000,1.828149,0.000000
70368,5,0.128505,0.888639,26,0,1000.000,1.774532,0.000000
70368,6,0.130043,0.837079,31,0,1000.000,2.418484,0.000000
70368,7,0.127604,0.886056,24,0,1000.000,1.875341,0.000000
70416,0,0.131394,0.885332,32,0,1000.000,1.604649,0.000000
70416,1,0.117378,0.859188,21,0,1000.000,2.076191,0.000000
70416,2,0.132200,0.843603,28,0,1000.000,2.410601,0.000000
70416,3,0.113229,0.884814,23,0,1000.000,2.121813,0.000000
70416,4,0.119647,0.864920,25,0,1000.000,1.925392,0.000000
70416,5,0.128505,0.855606,21,0,1000.000,2.217804,0.000000
70416,6,0.130043,0.875213,29,0,1000.000,2.092718,0.000000
70416,7,0.127604,0.839299,21,0,1000.000,1.974607,0.000000
70464,0,0.131394,0.879502,19,1,988.789,1.798878,0.000000
70464,1,0.117378,0.880442,23,0,1000.000,1.678882,0.000000
70464,2,0.132200,0.864450,19,0,1000.000,2.222102,0.000000
70464,3,0.113229,0.874859,27,0,1000.000,1.902551,0.000000
70464,4,0.119647,0.857578,14,0,1000.000,2.267838,0.000000
70464,5,0.128505,0.877177,22,0,1000.000,1.876540,0.000000
70464,6,0.130043,0.893240,19,0,1000.000,1.781768,0.000000
70464,7,0.127604,0.886548,25,0,1000.000,1.862939,0.000000
70512,0,0.131394,0.885417,26,0,1000.000,1.576628,0.000000
70512,1,0.117378,0.864820,26,0,1000.000,1.913062,0.000000
70512,2,0.132200,0.846466,36,0,1000.000,2.392182,0.000000
70512,3,0.113229,0.868001,17,0,1000.000,2.017225,0.000000
70512,4,0.119647,0.896351,18,0,1000.000,1.488460,0.000000
70512,5,0.128505,0.872058,19,0,1000.000,2.136298,0.000000
70512,6,0.130043,0.865482,23,0,1000.000,1.892509,0.000000
70512,7,0.127604,0.851415,34,0,1000.000,2.034325,0.000000
70560,0,0.131394,0.881020,33,1,975.970,1.758366,0.000000
70560,1,0.117378,0.872701,25,0,1000.000,1.687952,0.000000
70560,2,0.132200,0.875517,26,0,1000.000,1.849877,0.000000
70560,3,0.113229,0.878760,18,0,1000.000,2.081563,0.000000
70560,4,0.119647,0.865180,27,0,1000.000,2.059906,0.000000
70560,5,0.128505,0.879737,36,0,1000.000,1.882133,0.000000
70560,6,0.130043,0.892617,28,0,1000.000,1.814811,0.000000
70560,7,0.127604,0.873871,39,0,1000.000,2.099399,0.000000
70608,0,0.131394,0.882789,27,0,1000.000,1.881787,0.000000
70608,1,0.117378,0.879128,35,0,1000.000,1.837214,0.000000
70608,2,0.132200,0.888831,37,0,1000.000,1.739698,0.000000
70608,3,0.113229,0.848591,29,0,1000.000,2.206116,0.000000
70608,4,0.119647,0.859784,37,0,1000.000,2.340164,0.000000
70608,5,0.128505,0.864988,46,0,1000.000,2.142562,0.000000
70608,6,0.130043,0.863910,38,0,1000.000,2.191304,0.000000
70608,7,0.127604,0.851341,29,0,1000.000,2.126568,0.000000
70656,0,0.131394,0.861403,29,0,1000.000,2.222795,0.000000
70656,1,0.117378,0.872876,22,0,1000.000,1.977965,0.000000
70656,2,0.132200,0.862807,43,0,1000.000,2.125283,0.000000
70656,3,0.113229,0.885127,26,0,1000.000,1.663798,0.000000
70656,4,0.119647,0.867659,28,0,1000.000,1.860549,0.000000
70656,5,0.128505,0.865759,33,0,1000.000,2.093467,0.000000
70656,6,0.130043,0.882893,35,0,1000.000,2.102695,0.000000
70656,7,0.127604,0.871621,30,0,1000.000,2.042148,0.000000
70704,0,0.131394,0.860755,25,1,975.680,1.895208,0.000000
70704,1,0.117378,0.889618,20,0,1000.000,1.820957,0.000000
70704,2,0.132200,0.858713,29,0,1000.000,2.229905,0.000000
70704,3,0.113229,0.872804,26,0,1000.000,2.207790,0.000000
70704,4,0.119647,0.873006,30,0,1000.000,2.024215,0.000000
70704,5,0.128505,0.863061,28,0,1000.000,1.912932,0.000000
70704,6,0.130043,0.878455,24,0,1000.000,1.703897,0.000000
70704,7,0.127604,0.876585,35,0,1000.000,1.936182,0.000000
70752,0,0.131394,0.881988,40,0,1000.000,1.772785,0.000000
70752,1,0.117378,0.873541,22,0,1000.000,1.979118,0.000000
70752,2,0.132200,0.842298,31,0,1000.000,2.389266,0.000000
70752,3,0.113229,0.878851,23,0,1000.000,1.950029,0.000000
70752,4,0.119647,0.873468,30,0,1000.000,1.949844,0.000000
70752,5,0.128505,0.860072,31,0,1000.000,1.918273,0.000000
70752,6,0.130043,0.861886,25,0,1000.000,2.151687,0.000000
70752,7,0.127604,0.837056,30,0,1000.000,2.373994,0.000000
70800,0,0.131394,0.883621,37,0,1000.000,1.918124,0.000000
70800,1,0.117378,0.854068,22,0,1000.000,2.062895,0.000000
70800,2,0.132200,0.885326,31,0,1000.000,1.870224,0.000000
70800,3,0.113229,0.858376,22,0,1000.000,2.046361,0.000000
70800,4,0.119647,0.886971,27,0,1000.000,1.491216,0.000000
70800,5,0.128505,0.865100,32,0,1000.000,2.279004,0.000000
70800,6,0.130043,0.874990,27,0,1000.000,2.098313,0.000000
70800,7,0.127604,0.860553,33,0,1000.000,2.218889,0.000000
70848,0,0.131394,0.885357,22,0,1000.000,1.781986,0.000000
70848,1,0.117378,0.854638,20,0,1000.000,2.327462,0.000000
70848,2,0.132200,0.883849,28,0,1000.000,1.882956,0.000000
70848,3,0.113229,0.878397,22,0,1000.000,2.069309,0.000000
70848,4,0.119647,0.884026,27,0,1000.000,1.971184,0.000000
70848,5,0.128505,0.883622,20,0,1000.000,1.595859,0.000000
70848,6,0.130043,0.876126,33,0,1000.000,1.951903,0.000000
70848,7,0.127604,0.892487,21,0,1000.000,1.713568,0.000000
70896,0,0.131394,0.879968,35,0,1000.000,2.091431,0.000000
70896,1,0.117378,0.878146,26,0,1000.000,1.860926,0.000000
70896,2,0.132200,0.837958,23,0,1000.000,2.221080,0.000000
70896,3,0.113229,0.882503,26,0,1000.000,1.966794,0.000000
70896,4,0.119647,0.841340,22,0,1000.000,2.495111,0.000000
70896,5,0.128505,0.867022,31,0,1000.000,1.974272,0.000000
70896,6,0.130043,0.865192,32,0,1000.000,2.112887,0.000000
70896,7,0.127604,0.862743,27,0,1000.000,2.190720,0.000000
70944,0,0.131394,0.882404,26,0,1000.000,1.801793,0.000000
70944,1,0.117378,0.869447,28,0,1000.000,1.806799,0.000000
70944,2,0.132200,0.891676,29,0,1000.000,1.613296,0.000000
70944,3,0.113229,0.870426,28,0,1000.000,1.941944,0.000000
70944,4,0.119647,0.856114,31,0,1000.000,2.181901,0.000000
70944,5,0.128505,0.881930,36,0,1000.000,1.862662,0.000000
70944,6,0.130043,0.872129,20,0,1000.000,2.025553,0.000000
70944,7,0.127604,0.900207,24,0,1000.000,1.599514,0.000000
70992,0,0.131394,0.856060,31,0,1000.000,2.167430,0.000000
70992,1,0.117378,0.856630,20,0,1000.000,2.256138,0.000000
70992,2,0.132200,0.863178,23,0,1000.000,2.077387,0.000000
70992,3,0.113229,0.889296,22,0,1000.000,1.886940,0.000000
70992,4,0.119647,0.857495,26,0,1000.000,2.150205,0.000000
70992,5,0.128505,0.872295,26,0,1000.000,1.922859,0.000000
70992,6,0.130043,0.886603,17,0,1000.000,1.778878,0.000000
70992,7,0.127604,0.857695,20,0,1000.000,1.843520,0.000000
71040,0,0.131394,0.888984,19,0,1000.000,1.941944,0.000000
71040,1,0.117378,0.833246,17,0,1000.000,1.969100,0.000000
71040,2,0.132200,0.892895,18,0,1000.000,1.690167,0.000000
71040,3,0.113229,0.879766,20,0,1000.000,1.680580,0.000000
71040,4,0.119647,0.872843,23,0,1000.000,1.972636,0.000000
71040,5,0.128505,0.874247,23,0,1000.000,1.816756,0.000000
71040,6,0.130043,0.852402,26,0,1000.000,2.440592,0.000000
71040,7,0.127604,0.888528,18,0,1000.000,1.966044,0.000000
71088,0,0.131394,0.863937,24,0,1000.000,1.941805,0.000000
71088,1,0.117378,0.855523,9,0,1000.000,2.354608,0.000000
71088,2,0.132200,0.879524,27,0,1000.000,1.850201,0.000000
71088,3,0.113229,0.900876,21,0,1000.000,1.580634,0.000000
71088,4,0.119647,0.876626,14,0,1000.000,1.760815,0.000000
71088,5,0.128505,0.858597,23,0,1000.000,1.927393,0.000000
71088,6,0.130043,0.877062,19,0,1000.000,2.024535,0.000000
71088,7,0.127604,0.863197,26,0,1000.000,2.333568,0.000000
71184,0,0.131394,0.882289,40,2,979.025,1.645637,0.000000
71184,1,0.117378,0.880000,38,0,1000.000,1.688693,0.000000
71184,2,0.132200,0.864075,47,0,1000.000,2.029766,0.000000
71184,3,0.113229,0.873117,34,0,1000.000,2.063777,0.000000
71184,4,0.119647,0.856925,33,0,1000.000,2.057007,0.000000
71184,5,0.128505,0.880008,44,0,1000.000,2.037704,0.000000
71184,6,0.130043,0.860173,34,0,1000.000,1.988869,0.000000
71184,7,0.127604,0.852044,51,1,982.510,1.940994,0.000000
71232,0,0.131394,0.883759,13,0,1000.000,1.806449,0.000000
71232,1,0.117378,0.903272,8,0,1000.000,1.429189,0.000000
71232,2,0.132200,0.892953,21,0,1000.000,1.554846,0.000000
71232,3,0.113229,0.881585,13,0,1000.000,1.974012,0.000000
71232,4,0.119647,0.867056,19,0,1000.000,2.034933,0.000000
71232,5,0.128505,0.875330,24,0,1000.000,2.030811,0.000000
71232,6,0.130043,0.860885,22,0,1000.000,2.379207,0.000000
71232,7,0.127604,0.871687,23,0,1000.000,1.916038,0.000000
71280,0,0.131394,0.863181,20,0,1000.000,1.885023,0.000000
71280,1,0.117378,0.892356,11,0,1000.000,1.745068,0.000000
71280,2,0.132200,0.886155,25,0,1000.000,1.897514,0.000000
71280,3,0.113229,0.870762,25,0,1000.000,1.914794,0.000000
71280,4,0.119647,0.862871,16,0,1000.000,2.256641,0.000000
71280,5,0.128505,0.888967,23,0,1000.000,1.640064,0.000000
71280,6,0.130043,0.852771,17,0,1000.000,2.354956,0.000000
71280,7,0.127604,0.859669,21,0,1000.000,1.895130,0.000000
71328,0,0.131394,0.864761,28,1,981.714,1.820612,0.000000
71328,1,0.117378,0.887186,19,0,1000.000,1.826435,0.000000
71328,2,0.132200,0.876785,22,0,1000.000,1.893604,0.000000
71328,3,0.113229,0.866229,13,0,1000.000,2.314070,0.000000
71328,4,0.119647,0.860635,19,0,1000.000,2.148341,0.000000
71328,5,0.128505,0.881990,26,0,1000.000,2.014202,0.000000
71328,6,0.130043,0.890938,21,0,1000.000,1.719231,0.000000
71328,7,0.127604,0.848670,17,0,1000.000,2.306037,0.000000
71376,0,0.131394,0.844572,25,1,963.040,2.033825,0.000000
71376,1,0.117378,0.871985,17,0,1000.000,2.044800,0.000000
71376,2,0.132200,0.893301,27,0,1000.000,1.800934,0.000000
71376,3,0.113229,0.893973,30,0,1000.000,1.810681,0.000000
71376,4,0.119647,0.881035,21,0,1000.000,1.850197,0.000000
71376,5,0.128505,0.851340,25,0,1000.000,2.260885,0.000000
71376,6,0.130043,0.878568,25,0,1000.000,1.784528,0.000000
71376,7,0.127604,0.874869,28,0,1000.000,1.830081,0.000000
71424,0,0.131394,0.874234,21,0,1000.000,1.901533,0.000000
71424,1,0.117378,0.879691,35,0,1000.000,1.629604,0.000000
71424,2,0.132200,0.875219,18,0,1000.000,1.963737,0.000000
71424,3,0.113229,0.890099,19,0,1000.000,1.917614,0.000000
71424,4,0.119647,0.890483,17,0,1000.000,1.909354,0.000000
71424,5,0.128505,0.869901,35,0,1000.000,2.034752,0.000000
71424,6,0.130043,0.874514,26,0,1000.000,1.866490,0.000000
71424,7,0.127604,0.850065,25,0,1000.000,2.059931,0.000000
71472,0,0.131394,0.872297,28,0,1000.000,1.820668,0.000000
71472,1,0.117378,0.892537,13,0,1000.000,2.073993,0.000000
71472,2,0.132200,0.860731,21,0,1000.000,1.876171,0.000000
71472,3,0.113229,0.872407,15,0,1000.000,1.675485,0.000000
71472,4,0.119647,0.877223,23,0,1000.000,1.661318,0.000000
71472,5,0.128505,0.856762,26,0,1000.000,1.813267,0.000000
71472,6,0.130043,0.870888,16,0,1000.000,1.858671,0.000000
71472,7,0.127604,0.842375,18,0,1000.000,2.153787,0.000000
71520,0,0.131394,0.883209,28,1,998.821,1.456890,0.000000
71520,1,0.117378,0.853393,23,0,1000.000,1.996815,0.000000
71520,2,0.132200,0.877963,24,0,1000.000,2.113318,0.000000
71520,3,0.113229,0.886694,18,0,1000.000,1.827647,0.000000
71520,4,0.119647,0.858692,18,0,1000.000,1.845324,0.000000
71520,5,0.128505,0.870699,35,0,1000.000,1.996751,0.000000
71520,6,0.130043,0.861349,26,0,1000.000,2.150934,0.000000
71520,7,0.127604,0.865450,31,0,1000.000,1.970035,0.000000
71568,0,0.131394,0.848861,38,0,1000.000,2.314530,0.000000
71568,1,0.117378,0.846311,25,0,1000.000,2.533741,0.000000
71568,2,0.132200,0.863058,31,0,1000.000,2.084788,0.000000
71568,3,0.113229,0.837823,31,0,1000.000,2.366964,0.000000
71568,4,0.119647,0.883054,27,0,1000.000,1.885435,0.000000
71568,5,0.128505,0.860144,33,0,1000.000,2.093873,0.000000
71568,6,0.130043,0.880643,33,0,1000.000,1.825565,0.000000
71568,7,0.127604,0.861633,32,0,1000.000,1.835801,0.000000
71616,0,0.131394,0.860998,42,0,1000.000,2.108054,0.000000
71616,1,0.117378,0.865716,36,0,1000.000,1.925050,0.000000
71616,2,0.132200,0.883728,29,0,1000.000,1.667479,0.000000
71616,3,0.113229,0.872074,32,0,1000.000,1.820203,0.000000
71616,4,0.119647,0.882524,34,0,1000.000,1.834547,0.000000
71616,5,0.128505,0.833997,33,1,971.030,1.942891,0.000000
71616,6,0.130043,0.871404,43,0,1000.000,2.075011,0.000000
71616,7,0.127604,0.841915,39,1,978.795,1.890308,0.000000
71664,0,0.131394,0.876543,28,0,1000.000,1.742917,0.000000
71664,1,0.117378,0.875562,24,0,1000.000,1.685236,0.000000
71664,2,0.132200,0.876652,26,0,1000.000,2.012719,0.000000
71664,3,0.113229,0.843698,27,0,1000.000,2.027759,0.000000
71664,4,0.119647,0.870584,30,0,1000.000,1.870833,0.000000
71664,5,0.128505,0.888999,34,0,1000.000,1.688553,0.000000
71664,6,0.130043,0.864372,35,0,1000.000,1.852228,0.000000
71664,7,0.127604,0.879042,21,0,1000.000,1.770162,0.000000
71712,0,0.131394,0.841024,24,0,1000.000,1.938148,0.000000
71712,1,0.117378,0.899898,26,0,1000.000,1.323497,0.000000
71712,2,0.132200,0.883901,33,0,1000.000,1.706999,0.000000
71712,3,0.113229,0.864934,18,0,1000.000,2.196420,0.000000
71712,4,0.119647,0.867585,27,0,1000.000,2.087353,0.000000
71712,5,0.128505,0.850738,27,0,1000.000,2.386864,0.000000
71712,6,0.130043,0.897689,26,0,1000.000,1.662137,0.000000
71712,7,0.127604,0.862032,42,0,1000.000,1.995986,0.000000
71760,0,0.131394,0.883095,35,0,1000.000,1.509931,0.000000
71760,1,0.117378,0.878307,24,0,1000.000,1.599764,0.000000
71760,2,0.132200,0.867818,30,0,1000.000,2.011554,0.000000
71760,3,0.113229,0.868347,22,0,1000.000,2.110139,0.000000
71760,4,0.119647,0.887358,34,0,1000.000,1.850743,0.000000
71760,5,0.128505,0.836033,26,0,1000.000,2.166078,0.000000
71760,6,0.130043,0.874911,24,0,1000.000,1.947279,0.000000
71760,7,0.127604,0.836548,35,1,972.514,2.127356,0.000000
71808,0,0.131394,0.863481,39,2,980.282,1.910004,0.000000
71808,1,0.117378,0.874800,27,0,1000.000,1.905902,0.000000
71808,2,0.132200,0.851406,32,0,1000.000,2.106591,0.000000
71808,3,0.113229,0.873681,27,0,1000.000,2.031312,0.000000
71808,4,0.119647,0.869759,24,0,1000.000,1.858876,0.000000
71808,5,0.128505,0.870378,30,0,1000.000,1.998838,0.000000
71808,6,0.130043,0.873320,26,0,1000.000,2.086940,0.000000
71808,7,0.127604,0.831203,24,0,1000.000,2.486236,0.000000
71856,0,0.131394,0.870190,22,0,1000.000,1.905551,0.000000
71856,1,0.117378,0.868689,25,0,1000.000,1.734387,0.000000
71856,2,0.132200,0.867269,19,0,1000.000,2.166691,0.000000
71856,3,0.113229,0.856057,24,0,1000.000,2.326865,0.000000
71856,4,0.119647,0.863221,24,0,1000.000,2.179126,0.000000
71856,5,0.128505,0.876304,26,0,1000.000,1.950230,0.000000
71856,6,0.130043,0.876043,24,0,1000.000,1.835749,0.000000
71856,7,0.127604,0.841841,26,1,964.923,2.286704,0.000000
71904,0,0.131394,0.837400,28,0,1000.000,2.072954,0.000000
71904,1,0.117378,0.869566,28,0,1000.000,1.955732,0.000000
71904,2,0.132200,0.844893,27,0,1000.000,2.223647,0.000000
71904,3,0.113229,0.855381,25,0,1000.000,2.202902,0.000000
71904,4,0.119647,0.889858,30,0,1000.000,1.993260,0.000000
71904,5,0.128505,0.883117,30,0,1000.000,1.660078,0.000000
71904,6,0.130043,0.868196,34,0,1000.000,2.075493,0.000000
71904,7,0.127604,0.862380,39,0,1000.000,2.111817,0.000000
71952,0,0.131394,0.869368,25,0,1000.000,1.856104,0.000000
71952,1,0.117378,0.877432,18,0,1000.000,1.716865,0.000000
71952,2,0.132200,0.887655,24,0,1000.000,1.521741,0.000000
71952,3,0.113229,0.832616,29,0,1000.000,2.189358,0.000000
71952,4,0.119647,0.856995,31,0,1000.000,2.151253,0.000000
71952,5,0.128505,0.881893,27,0,1000.000,1.849222,0.000000
71952,6,0.130043,0.901578,20,0,1000.000,1.704868,0.000000
71952,7,0.127604,0.879453,25,0,1000.000,1.871259,0.000000
72000,0,0.131394,0.876890,23,0,1000.000,1.710660,0.000000
72000,1,0.117378,0.848602,31,0,1000.000,2.126969,0.000000
72000,2,0.132200,0.904610,23,0,1000.000,1.385299,0.000000
72000,3,0.113229,0.876202,14,0,1000.000,1.625107,0.000000
72000,4,0.119647,0.883347,23,0,1000.000,2.096410,0.000000
72000,5,0.128505,0.857132,27,0,1000.000,2.178210,0.000000
72000,6,0.130043,0.840093,26,1,963.692,1.900249,0.000000
72000,7,0.127604,0.851729,23,0,1000.000,2.019598,0.000000
