step,bin_idx,weight,mean_reward,n_samples,n_falls,mean_ep_len,mean_vx_at_term,r_en
48,0,0.666667,0.000619,4235,4096,32.822,0.131513,0.000183
48,1,0.333333,0.011112,63,0,1000.000,0.177471,0.006068
48,2,0.000000,0.000000,0,0,0.000,0.000000,0.000000
48,3,0.000000,0.000000,0,0,0.000,0.000000,0.000000
48,4,0.000000,0.000000,0,0,0.000,0.000000,0.000000
48,5,0.000000,0.000000,0,0,0.000,0.000000,0.000000
48,6,0.000000,0.000000,0,0,0.000,0.000000,0.000000
48,7,0.000000,0.000000,0,0,0.000,0.000000,0.000000
96,0,0.666667,0.069327,118,4,979.153,0.152319,0.023424
96,1,0.333333,0.032243,63,0,1000.000,0.153465,0.020342
96,2,0.000000,0.000000,0,0,0.000,0.000000,0.000000
96,3,0.000000,0.000000,0,0,0.000,0.000000,0.000000
96,4,0.000000,0.000000,0,0,0.000,0.000000,0.000000
96,5,0.000000,0.000000,0,0,0.000,0.000000,0.000000
96,6,0.000000,0.000000,0,0,0.000,0.000000,0.000000
96,7,0.000000,0.000000,0,0,0.000,0.000000,0.000000
144,0,0.666667,0.151861,193,41,893.295,0.120249,0.049943
144,1,0.333333,0.088080,73,16,899.589,0.121295,0.046024
144,2,0.000000,0.000000,0,0,0.000,0.000000,0.000000
144,3,0.000000,0.000000,0,0,0.000,0.000000,0.000000
144,4,0.000000,0.000000,0,0,0.000,0.000000,0.000000
144,5,0.000000,0.000000,0,0,0.000,0.000000,0.000000
144,6,0.000000,0.000000,0,0,0.000,0.000000,0.000000
144,7,0.000000,0.000000,0,0,0.000,0.000000,0.000000
192,0,0.666667,0.245374,196,88,794.918,0.097352,0.078982
192,1,0.333333,0.130123,111,33,871.820,0.091512,0.067706
192,2,0.000000,0.000000,0,0,0.000,0.000000,0.000000
192,3,0.000000,0.000000,0,0,0.000,0.000000,0.000000
192,4,0.000000,0.000000,0,0,0.000,0.000000,0.000000
192,5,0.000000,0.000000,0,0,0.000,0.000000,0.000000
192,6,0.000000,0.000000,0,0,0.000,0.000000,0.000000
192,7,0.000000,0.000000,0,0,0.000,0.000000,0.000000
240,0,0.666667,0.294919,191,71,821.194,0.094875,0.097688
240,1,0.333333,0.193273,116,41,810.862,0.097031,0.102976
240,2,0.000000,0.000000,0,0,0.000,0.000000,0.000000
240,3,0.000000,0.000000,0,0,0.000,0.000000,0.000000
240,4,0.000000,0.000000,0,0,0.000,0.000000,0.000000
240,5,0.000000,0.000000,0,0,0.000,0.000000,0.000000
240,6,0.000000,0.000000,0,0,0.000,0.000000,0.000000
240,7,0.000000,0.000000,0,0,0.000,0.000000,0.000000
288,0,0.666667,0.388531,205,96,770.854,0.091698,0.130169
288,1,0.333333,0.255787,150,77,748.107,0.088239,0.135297
288,2,0.000000,0.000000,0,0,0.000,0.000000,0.000000
288,3,0.000000,0.000000,0,0,0.000,0.000000,0.000000
288,4,0.000000,0.000000,0,0,0.000,0.000000,0.000000
288,5,0.000000,0.000000,0,0,0.000,0.000000,0.000000
288,6,0.000000,0.000000,0,0,0.000,0.000000,0.000000
288,7,0.000000,0.000000,0,0,0.000,0.000000,0.000000
336,0,0.666667,0.458477,208,105,740.861,0.086513,0.152966
336,1,0.333333,0.327879,144,90,650.278,0.101152,0.178551
336,2,0.000000,0.000000,0,0,0.000,0.000000,0.000000
336,3,0.000000,0.000000,0,0,0.000,0.000000,0.000000
336,4,0.000000,0.000000,0,0,0.000,0.000000,0.000000
336,5,0.000000,0.000000,0,0,0.000,0.000000,0.000000
336,6,0.000000,0.000000,0,0,0.000,0.000000,0.000000
336,7,0.000000,0.000000,0,0,0.000,0.000000,0.000000
384,0,0.666667,0.524259,208,101,713.298,0.088625,0.181416
384,1,0.333333,0.374179,183,121,615.432,0.086239,0.208460
384,2,0.000000,0.000000,0,0,0.000,0.000000,0.000000
384,3,0.000000,0.000000,0,0,0.000,0.000000,0.000000
384,4,0.000000,0.000000,0,0,0.000,0.000000,0.000000
384,5,0.000000,0.000000,0,0,0.000,0.000000,0.000000
384,6,0.000000,0.000000,0,0,0.000,0.000000,0.000000
384,7,0.000000,0.000000,0,0,0.000,0.000000,0.000000
432,0,0.666667,0.531422,212,105,744.665,0.092387,0.189425
432,1,0.333333,0.431059,204,161,548.863,0.098381,0.236237
432,2,0.000000,0.000000,0,0,0.000,0.000000,0.000000
432,3,0.000000,0.000000,0,0,0.000,0.000000,0.000000
432,4,0.000000,0.000000,0,0,0.000,0.000000,0.000000
432,5,0.000000,0.000000,0,0,0.000,0.000000,0.000000
432,6,0.000000,0.000000,0,0,0.000,0.000000,0.000000
432,7,0.000000,0.000000,0,0,0.000,0.000000,0.000000
480,0,0.666667,0.609057,237,138,686.515,0.090308,0.217795
480,1,0.333333,0.473151,303,256,506.914,0.086483,0.264596
480,2,0.000000,0.000000,0,0,0.000,0.000000,0.000000
480,3,0.000000,0.000000,0,0,0.000,0.000000,0.000000
480,4,0.000000,0.000000,0,0,0.000,0.000000,0.000000
480,5,0.000000,0.000000,0,0,0.000,0.000000,0.000000
480,6,0.000000,0.000000,0,0,0.000,0.000000,0.000000
480,7,0.000000,0.000000,0,0,0.000,0.000000,0.000000
528,0,0.666667,0.661260,234,144,671.269,0.086628,0.236305
528,1,0.333333,0.521454,272,249,452.691,0.087786,0.297456
528,2,0.000000,0.000000,0,0,0.000,0.000000,0.000000
528,3,0.000000,0.000000,0,0,0.000,0.000000,0.000000
528,4,0.000000,0.000000,0,0,0.000,0.000000,0.000000
528,5,0.000000,0.000000,0,0,0.000,0.000000,0.000000
528,6,0.000000,0.000000,0,0,0.000,0.000000,0.000000
528,7,0.000000,0.000000,0,0,0.000,0.000000,0.000000
576,0,0.666667,0.670413,193,99,693.409,0.095157,0.246765
576,1,0.333333,0.535418,224,196,460.625,0.092715,0.307123
576,2,0.000000,0.000000,0,0,0.000,0.000000,0.000000
576,3,0.000000,0.000000,0,0,0.000,0.000000,0.000000
576,4,0.000000,0.000000,0,0,0.000,0.000000,0.000000
576,5,0.000000,0.000000,0,0,0.000,0.000000,0.000000
576,6,0.000000,0.000000,0,0,0.000,0.000000,0.000000
576,7,0.000000,0.000000,0,0,0.000,0.000000,0.000000
624,0,0.666667,0.655587,164,64,786.293,0.099711,0.242733
624,1,0.333333,0.587436,172,161,385.855,0.096758,0.345179
624,2,0.000000,0.000000,0,0,0.000,0.000000,0.000000
624,3,0.000000,0.000000,0,0,0.000,0.000000,0.000000
624,4,0.000000,0.000000,0,0,0.000,0.000000,0.000000
624,5,0.000000,0.000000,0,0,0.000,0.000000,0.000000
624,6,0.000000,0.000000,0,0,0.000,0.000000,0.000000
624,7,0.000000,0.000000,0,0,0.000,0.000000,0.000000
672,0,0.666667,0.641446,142,36,863.965,0.111026,0.243517
672,1,0.333333,0.617856,196,185,340.235,0.098796,0.368128
672,2,0.000000,0.000000,0,0,0.000,0.000000,0.000000
672,3,0.000000,0.000000,0,0,0.000,0.000000,0.000000
672,4,0.000000,0.000000,0,0,0.000,0.000000,0.000000
672,5,0.000000,0.000000,0,0,0.000,0.000000,0.000000
672,6,0.000000,0.000000,0,0,0.000,0.000000,0.000000
672,7,0.000000,0.000000,0,0,0.000,0.000000,0.000000
720,0,0.666667,0.704305,135,46,804.141,0.153093,0.267943
720,1,0.333333,0.640516,216,206,322.523,0.117695,0.388965
720,2,0.000000,0.000000,0,0,0.000,0.000000,0.000000
720,3,0.000000,0.000000,0,0,0.000,0.000000,0.000000
720,4,0.000000,0.000000,0,0,0.000,0.000000,0.000000
720,5,0.000000,0.000000,0,0,0.000,0.000000,0.000000
720,6,0.000000,0.000000,0,0,0.000,0.000000,0.000000
720,7,0.000000,0.000000,0,0,0.000,0.000000,0.000000
768,0,0.666667,0.781529,174,89,701.661,0.153596,0.311923
768,1,0.333333,0.670792,199,197,262.080,0.117977,0.409880
768,2,0.000000,0.000000,0,0,0.000,0.000000,0.000000
768,3,0.000000,0.000000,0,0,0.000,0.000000,0.000000
768,4,0.000000,0.000000,0,0,0.000,0.000000,0.000000
768,5,0.000000,0.000000,0,0,0.000,0.000000,0.000000
768,6,0.000000,0.000000,0,0,0.000,0.000000,0.000000
768,7,0.000000,0.000000,0,0,0.000,0.000000,0.000000
816,0,0.666667,0.846878,239,164,601.741,0.185185,0.344797
816,1,0.333333,0.687601,164,161,258.335,0.136923,0.425726
816,2,0.000000,0.000000,0,0,0.000,0.000000,0.000000
816,3,0.000000,0.000000,0,0,0.000,0.000000,0.000000
816,4,0.000000,0.000000,0,0,0.000,0.000000,0.000000
816,5,0.000000,0.000000,0,0,0.000,0.000000,0.000000
816,6,0.000000,0.000000,0,0,0.000,0.000000,0.000000
816,7,0.000000,0.000000,0,0,0.000,0.000000,0.000000
864,0,0.666667,0.875149,299,229,551.565,0.218814,0.367509
864,1,0.333333,0.699789,162,159,251.833,0.180002,0.447630
864,2,0.000000,0.000000,0,0,0.000,0.000000,0.000000
864,3,0.000000,0.000000,0,0,0.000,0.000000,0.000000
864,4,0.000000,0.000000,0,0,0.000,0.000000,0.000000
864,5,0.000000,0.000000,0,0,0.000,0.000000,0.000000
864,6,0.000000,0.000000,0,0,0.000,0.000000,0.000000
864,7,0.000000,0.000000,0,0,0.000,0.000000,0.000000
912,0,0.666667,0.885558,279,204,564.133,0.261579,0.375257
912,1,0.333333,0.718672,136,135,168.007,0.225297,0.466012
912,2,0.000000,0.000000,0,0,0.000,0.000000,0.000000
912,3,0.000000,0.000000,0,0,0.000,0.000000,0.000000
912,4,0.000000,0.000000,0,0,0.000,0.000000,0.000000
912,5,0.000000,0.000000,0,0,0.000,0.000000,0.000000
912,6,0.000000,0.000000,0,0,0.000,0.000000,0.000000
912,7,0.000000,0.000000,0,0,0.000,0.000000,0.000000
960,0,0.666667,0.903251,309,244,531.845,0.319186,0.387827
960,1,0.333333,0.726679,119,119,132.924,0.297697,0.475217
960,2,0.000000,0.000000,0,0,0.000,0.000000,0.000000
960,3,0.000000,0.000000,0,0,0.000,0.000000,0.000000
960,4,0.000000,0.000000,0,0,0.000,0.000000,0.000000
960,5,0.000000,0.000000,0,0,0.000,0.000000,0.000000
960,6,0.000000,0.000000,0,0,0.000,0.000000,0.000000
960,7,0.000000,0.000000,0,0,0.000,0.000000,0.000000
1008,0,0.666667,0.917642,231,175,560.182,0.244055,0.398352
1008,1,0.333333,0.734923,105,100,209.886,0.223531,0.472852
1008,2,0.000000,0.000000,0,0,0.000,0.000000,0.000000
1008,3,0.000000,0.000000,0,0,0.000,0.000000,0.000000
1008,4,0.000000,0.000000,0,0,0.000,0.000000,0.000000
1008,5,0.000000,0.000000,0,0,0.000,0.000000,0.000000
1008,6,0.000000,0.000000,0,0,0.000,0.000000,0.000000
1008,7,0.000000,0.000000,0,0,0.000,0.000000,0.000000
1056,0,0.666667,0.922444,101,53,678.871,0.200928,0.386512
1056,1,0.333333,0.763061,83,63,364.024,0.184909,0.440307
1056,2,0.000000,0.000000,0,0,0.000,0.000000,0.000000
1056,3,0.000000,0.000000,0,0,0.000,0.000000,0.000000
1056,4,0.000000,0.000000,0,0,0.000,0.000000,0.000000
1056,5,0.000000,0.000000,0,0,0.000,0.000000,0.000000
1056,6,0.000000,0.000000,0,0,0.000,0.000000,0.000000
1056,7,0.000000,0.000000,0,0,0.000,0.000000,0.000000
1104,0,0.666667,0.921780,91,39,724.549,0.221400,0.394841
1104,1,0.333333,0.773871,79,61,373.405,0.215137,0.457754
1104,2,0.000000,0.000000,0,0,0.000,0.000000,0.000000
1104,3,0.000000,0.000000,0,0,0.000,0.000000,0.000000
1104,4,0.000000,0.000000,0,0,0.000,0.000000,0.000000
1104,5,0.000000,0.000000,0,0,0.000,0.000000,0.000000
1104,6,0.000000,0.000000,0,0,0.000,0.000000,0.000000
1104,7,0.000000,0.000000,0,0,0.000,0.000000,0.000000
1152,0,0.666667,0.930140,106,58,698.377,0.162201,0.402885
1152,1,0.333333,0.774092,118,95,370.373,0.195483,0.466570
1152,2,0.000000,0.000000,0,0,0.000,0.000000,0.000000
1152,3,0.000000,0.000000,0,0,0.000,0.000000,0.000000
1152,4,0.000000,0.000000,0,0,0.000,0.000000,0.000000
1152,5,0.000000,0.000000,0,0,0.000,0.000000,0.000000
1152,6,0.000000,0.000000,0,0,0.000,0.000000,0.000000
1152,7,0.000000,0.000000,0,0,0.000,0.000000,0.000000
1200,0,0.666667,0.931152,81,33,756.864,0.147814,0.397117
1200,1,0.333333,0.794872,73,49,507.699,0.189510,0.447060
1200,2,0.000000,0.000000,0,0,0.000,0.000000,0.000000
1200,3,0.000000,0.000000,0,0,0.000,0.000000,0.000000
1200,4,0.000000,0.000000,0,0,0.000,0.000000,0.000000
1200,5,0.000000,0.000000,0,0,0.000,0.000000,0.000000
1200,6,0.000000,0.000000,0,0,0.000,0.000000,0.000000
1200,7,0.000000,0.000000,0,0,0.000,0.000000,0.000000
1248,0,0.666667,0.930175,102,19,902.490,0.122404,0.393202
1248,1,0.333333,0.836428,68,32,634.426,0.229696,0.431233
1248,2,0.000000,0.000000,0,0,0.000,0.000000,0.000000
1248,3,0.000000,0.000000,0,0,0.000,0.000000,0.000000
1248,4,0.000000,0.000000,0,0,0.000,0.000000,0.000000
1248,5,0.000000,0.000000,0,0,0.000,0.000000,0.000000
1248,6,0.000000,0.000000,0,0,0.000,0.000000,0.000000
1248,7,0.000000,0.000000,0,0,0.000,0.000000,0.000000
1296,0,0.666667,0.935582,75,6,951.760,0.153023,0.392565
1296,1,0.333333,0.874435,45,12,832.689,0.197178,0.413107
1296,2,0.000000,0.000000,0,0,0.000,0.000000,0.000000
1296,3,0.000000,0.000000,0,0,0.000,0.000000,0.000000
1296,4,0.000000,0.000000,0,0,0.000,0.000000,0.000000
1296,5,0.000000,0.000000,0,0,0.000,0.000000,0.000000
1296,6,0.000000,0.000000,0,0,0.000,0.000000,0.000000
1296,7,0.000000,0.000000,0,0,0.000,0.000000,0.000000
1344,0,0.666667,0.939944,95,7,961.642,0.166288,0.392427
1344,1,0.333333,0.874654,58,16,814.621,0.188323,0.420094
1344,2,0.000000,0.000000,0,0,0.000,0.000000,0.000000
1344,3,0.000000,0.000000,0,0,0.000,0.000000,0.000000
1344,4,0.000000,0.000000,0,0,0.000,0.000000,0.000000
1344,5,0.000000,0.000000,0,0,0.000,0.000000,0.000000
1344,6,0.000000,0.000000,0,0,0.000,0.000000,0.000000
1344,7,0.000000,0.000000,0,0,0.000,0.000000,0.000000
1392,0,0.666667,0.940672,111,9,960.153,0.162786,0.398126
1392,1,0.333333,0.884455,66,17,833.227,0.164895,0.416169
1392,2,0.000000,0.000000,0,0,0.000,0.000000,0.000000
1392,3,0.000000,0.000000,0,0,0.000,0.000000,0.000000
1392,4,0.000000,0.000000,0,0,0.000,0.000000,0.000000
1392,5,0.000000,0.000000,0,0,0.000,0.000000,0.000000
1392,6,0.000000,0.000000,0,0,0.000,0.000000,0.000000
1392,7,0.000000,0.000000,0,0,0.000,0.000000,0.000000
1440,0,0.666667,0.944099,141,7,975.674,0.163553,0.402979
1440,1,0.333333,0.914839,72,10,898.236,0.174514,0.414011
1440,2,0.000000,0.000000,0,0,0.000,0.000000,0.000000
1440,3,0.000000,0.000000,0,0,0.000,0.000000,0.000000
1440,4,0.000000,0.000000,0,0,0.000,0.000000,0.000000
1440,5,0.000000,0.000000,0,0,0.000,0.000000,0.000000
1440,6,0.000000,0.000000,0,0,0.000,0.000000,0.000000
1440,7,0.000000,0.000000,0,0,0.000,0.000000,0.000000
1488,0,0.666667,0.943737,168,8,977.643,0.168123,0.413235
1488,1,0.333333,0.927346,101,8,950.931,0.188622,0.421095
1488,2,0.000000,0.000000,0,0,0.000,0.000000,0.000000
1488,3,0.000000,0.000000,0,0,0.000,0.000000,0.000000
1488,4,0.000000,0.000000,0,0,0.000,0.000000,0.000000
1488,5,0.000000,0.000000,0,0,0.000,0.000000,0.000000
1488,6,0.000000,0.000000,0,0,0.000,0.000000,0.000000
1488,7,0.000000,0.000000,0,0,0.000,0.000000,0.000000
1536,0,0.666667,0.950929,174,7,977.103,0.194448,0.417242
1536,1,0.333333,0.924382,91,10,938.352,0.198526,0.420437
1536,2,0.000000,0.000000,0,0,0.000,0.000000,0.000000
1536,3,0.000000,0.000000,0,0,0.000,0.000000,0.000000
1536,4,0.000000,0.000000,0,0,0.000,0.000000,0.000000
1536,5,0.000000,0.000000,0,0,0.000,0.000000,0.000000
1536,6,0.000000,0.000000,0,0,0.000,0.000000,0.000000
1536,7,0.000000,0.000000,0,0,0.000,0.000000,0.000000
1584,0,0.666667,0.939661,128,0,1000.000,0.231297,0.425688
1584,1,0.333333,0.945311,59,2,982.661,0.188616,0.427738
1584,2,0.000000,0.000000,0,0,0.000,0.000000,0.000000
1584,3,0.000000,0.000000,0,0,0.000,0.000000,0.000000
1584,4,0.000000,0.000000,0,0,0.000,0.000000,0.000000
1584,5,0.000000,0.000000,0,0,0.000,0.000000,0.000000
1584,6,0.000000,0.000000,0,0,0.000,0.000000,0.000000
1584,7,0.000000,0.000000,0,0,0.000,0.000000,0.000000
1632,0,0.666667,0.950249,102,0,1000.000,0.245376,0.434777
1632,1,0.333333,0.945861,46,1,992.413,0.215118,0.436907
1632,2,0.000000,0.000000,0,0,0.000,0.000000,0.000000
1632,3,0.000000,0.000000,0,0,0.000,0.000000,0.000000
1632,4,0.000000,0.000000,0,0,0.000,0.000000,0.000000
1632,5,0.000000,0.000000,0,0,0.000,0.000000,0.000000
1632,6,0.000000,0.000000,0,0,0.000,0.000000,0.000000
1632,7,0.000000,0.000000,0,0,0.000,0.000000,0.000000
1680,0,0.666667,0.952449,100,1,996.660,0.225117,0.441607
1680,1,0.333333,0.941557,66,1,992.879,0.258188,0.442656
1680,2,0.000000,0.000000,0,0,0.000,0.000000,0.000000
1680,3,0.000000,0.000000,0,0,0.000,0.000000,0.000000
1680,4,0.000000,0.000000,0,0,0.000,0.000000,0.000000
1680,5,0.000000,0.000000,0,0,0.000,0.000000,0.000000
1680,6,0.000000,0.000000,0,0,0.000,0.000000,0.000000
1680,7,0.000000,0.000000,0,0,0.000,0.000000,0.000000
1728,0,0.666667,0.940027,122,1,995.238,0.242945,0.451924
1728,1,0.333333,0.945575,52,1,985.327,0.276026,0.442368
1728,2,0.000000,0.000000,0,0,0.000,0.000000,0.000000
1728,3,0.000000,0.000000,0,0,0.000,0.000000,0.000000
1728,4,0.000000,0.000000,0,0,0.000,0.000000,0.000000
1728,5,0.000000,0.000000,0,0,0.000,0.000000,0.000000
1728,6,0.000000,0.000000,0,0,0.000,0.000000,0.000000
1728,7,0.000000,0.000000,0,0,0.000,0.000000,0.000000
1776,0,0.666667,0.943119,123,0,1000.000,0.217882,0.454140
1776,1,0.333333,0.937741,67,0,1000.000,0.253865,0.447259
1776,2,0.000000,0.000000,0,0,0.000,0.000000,0.000000
1776,3,0.000000,0.000000,0,0,0.000,0.000000,0.000000
1776,4,0.000000,0.000000,0,0,0.000,0.000000,0.000000
1776,5,0.000000,0.000000,0,0,0.000,0.000000,0.000000
1776,6,0.000000,0.000000,0,0,0.000,0.000000,0.000000
1776,7,0.000000,0.000000,0,0,0.000,0.000000,0.000000
1824,0,0.666667,0.942898,154,0,1000.000,0.255417,0.465337
1824,1,0.333333,0.933127,76,4,983.592,0.279590,0.464021
1824,2,0.000000,0.000000,0,0,0.000,0.000000,0.000000
1824,3,0.000000,0.000000,0,0,0.000,0.000000,0.000000
1824,4,0.000000,0.000000,0,0,0.000,0.000000,0.000000
1824,5,0.000000,0.000000,0,0,0.000,0.000000,0.000000
1824,6,0.000000,0.000000,0,0,0.000,0.000000,0.000000
1824,7,0.000000,0.000000,0,0,0.000,0.000000,0.000000
1872,0,0.666667,0.937982,180,0,1000.000,0.288491,0.472752
1872,1,0.333333,0.928904,76,5,960.013,0.280945,0.472671
1872,2,0.000000,0.000000,0,0,0.000,0.000000,0.000000
1872,3,0.000000,0.000000,0,0,0.000,0.000000,0.000000
1872,4,0.000000,0.000000,0,0,0.000,0.000000,0.000000
1872,5,0.000000,0.000000,0,0,0.000,0.000000,0.000000
1872,6,0.000000,0.000000,0,0,0.000,0.000000,0.000000
1872,7,0.000000,0.000000,0,0,0.000,0.000000,0.000000
1920,0,0.666667,0.938375,176,2,994.506,0.277942,0.479127
1920,1,0.333333,0.932336,99,3,984.121,0.293777,0.478953
1920,2,0.000000,0.000000,0,0,0.000,0.000000,0.000000
1920,3,0.000000,0.000000,0,0,0.000,0.000000,0.000000
1920,4,0.000000,0.000000,0,0,0.000,0.000000,0.000000
1920,5,0.000000,0.000000,0,0,0.000,0.000000,0.000000
1920,6,0.000000,0.000000,0,0,0.000,0.000000,0.000000
1920,7,0.000000,0.000000,0,0,0.000,0.000000,0.000000
1968,0,0.666667,0.939143,217,0,1000.000,0.285494,0.484052
1968,1,0.333333,0.918465,93,6,970.516,0.277299,0.488483
1968,2,0.000000,0.000000,0,0,0.000,0.000000,0.000000
1968,3,0.000000,0.000000,0,0,0.000,0.000000,0.000000
1968,4,0.000000,0.000000,0,0,0.000,0.000000,0.000000
1968,5,0.000000,0.000000,0,0,0.000,0.000000,0.000000
1968,6,0.000000,0.000000,0,0,0.000,0.000000,0.000000
1968,7,0.000000,0.000000,0,0,0.000,0.000000,0.000000
2016,0,0.666667,0.927989,144,0,1000.000,0.280211,0.493173
2016,1,0.333333,0.914155,93,10,925.462,0.303133,0.497587
2016,2,0.000000,0.000000,0,0,0.000,0.000000,0.000000
2016,3,0.000000,0.000000,0,0,0.000,0.000000,0.000000
2016,4,0.000000,0.000000,0,0,0.000,0.000000,0.000000
2016,5,0.000000,0.000000,0,0,0.000,0.000000,0.000000
2016,6,0.000000,0.000000,0,0,0.000,0.000000,0.000000
2016,7,0.000000,0.000000,0,0,0.000,0.000000,0.000000
2064,0,0.666667,0.899266,91,1,989.692,0.318104,0.493551
2064,1,0.333333,0.903303,56,13,834.161,0.292136,0.499448
2064,2,0.000000,0.000000,0,0,0.000,0.000000,0.000000
2064,3,0.000000,0.000000,0,0,0.000,0.000000,0.000000
2064,4,0.000000,0.000000,0,0,0.000,0.000000,0.000000
2064,5,0.000000,0.000000,0,0,0.000,0.000000,0.000000
2064,6,0.000000,0.000000,0,0,0.000,0.000000,0.000000
2064,7,0.000000,0.000000,0,0,0.000,0.000000,0.000000
2112,0,0.666667,0.920465,100,1,999.890,0.338130,0.509662
2112,1,0.333333,0.867574,83,29,801.675,0.231573,0.510014
2112,2,0.000000,0.000000,0,0,0.000,0.000000,0.000000
2112,3,0.000000,0.000000,0,0,0.000,0.000000,0.000000
2112,4,0.000000,0.000000,0,0,0.000,0.000000,0.000000
2112,5,0.000000,0.000000,0,0,0.000,0.000000,0.000000
2112,6,0.000000,0.000000,0,0,0.000,0.000000,0.000000
2112,7,0.000000,0.000000,0,0,0.000,0.000000,0.000000
2160,0,0.666667,0.922453,131,4,983.458,0.329872,0.514530
2160,1,0.333333,0.890655,89,26,852.022,0.264344,0.514682
2160,2,0.000000,0.000000,0,0,0.000,0.000000,0.000000
2160,3,0.000000,0.000000,0,0,0.000,0.000000,0.000000
2160,4,0.000000,0.000000,0,0,0.000,0.000000,0.000000
2160,5,0.000000,0.000000,0,0,0.000,0.000000,0.000000
2160,6,0.000000,0.000000,0,0,0.000,0.000000,0.000000
2160,7,0.000000,0.000000,0,0,0.000,0.000000,0.000000
2208,0,0.666667,0.924130,114,6,975.807,0.331781,0.523664
2208,1,0.333333,0.874420,76,34,746.118,0.206889,0.520416
2208,2,0.000000,0.000000,0,0,0.000,0.000000,0.000000
2208,3,0.000000,0.000000,0,0,0.000,0.000000,0.000000
2208,4,0.000000,0.000000,0,0,0.000,0.000000,0.000000
2208,5,0.000000,0.000000,0,0,0.000,0.000000,0.000000
2208,6,0.000000,0.000000,0,0,0.000,0.000000,0.000000
2208,7,0.000000,0.000000,0,0,0.000,0.000000,0.000000
2256,0,0.666667,0.913036,103,2,993.029,0.309573,0.537138
2256,1,0.333333,0.860147,65,25,808.031,0.263758,0.537729
2256,2,0.000000,0.000000,0,0,0.000,0.000000,0.000000
2256,3,0.000000,0.000000,0,0,0.000,0.000000,0.000000
2256,4,0.000000,0.000000,0,0,0.000,0.000000,0.000000
2256,5,0.000000,0.000000,0,0,0.000,0.000000,0.000000
2256,6,0.000000,0.000000,0,0,0.000,0.000000,0.000000
2256,7,0.000000,0.000000,0,0,0.000,0.000000,0.000000
2304,0,0.666667,0.933106,82,1,989.610,0.319287,0.541196
2304,1,0.333333,0.899691,51,13,860.039,0.284864,0.531452
2304,2,0.000000,0.000000,0,0,0.000,0.000000,0.000000
2304,3,0.000000,0.000000,0,0,0.000,0.000000,0.000000
2304,4,0.000000,0.000000,0,0,0.000,0.000000,0.000000
2304,5,0.000000,0.000000,0,0,0.000,0.000000,0.000000
2304,6,0.000000,0.000000,0,0,0.000,0.000000,0.000000
2304,7,0.000000,0.000000,0,0,0.000,0.000000,0.000000
2352,0,0.666667,0.923739,89,1,993.258,0.305172,0.541053
2352,1,0.333333,0.930167,58,3,963.603,0.325491,0.536601
2352,2,0.000000,0.000000,0,0,0.000,0.000000,0.000000
2352,3,0.000000,0.000000,0,0,0.000,0.000000,0.000000
2352,4,0.000000,0.000000,0,0,0.000,0.000000,0.000000
2352,5,0.000000,0.000000,0,0,0.000,0.000000,0.000000
2352,6,0.000000,0.000000,0,0,0.000,0.000000,0.000000
2352,7,0.000000,0.000000,0,0,0.000,0.000000,0.000000
2400,0,0.666667,0.920551,122,0,1000.000,0.301768,0.543403
2400,1,0.333333,0.909345,59,3,983.644,0.326076,0.544567
2400,2,0.000000,0.000000,0,0,0.000,0.000000,0.000000
2400,3,0.000000,0.000000,0,0,0.000,0.000000,0.000000
2400,4,0.000000,0.000000,0,0,0.000,0.000000,0.000000
2400,5,0.000000,0.000000,0,0,0.000,0.000000,0.000000
2400,6,0.000000,0.000000,0,0,0.000,0.000000,0.000000
2400,7,0.000000,0.000000,0,0,0.000,0.000000,0.000000
2448,0,0.666667,0.938550,140,0,1000.000,0.307124,0.547543
2448,1,0.333333,0.928554,73,1,993.260,0.345589,0.540189
2448,2,0.000000,0.000000,0,0,0.000,0.000000,0.000000
2448,3,0.000000,0.000000,0,0,0.000,0.000000,0.000000
2448,4,0.000000,0.000000,0,0,0.000,0.000000,0.000000
2448,5,0.000000,0.000000,0,0,0.000,0.000000,0.000000
2448,6,0.000000,0.000000,0,0,0.000,0.000000,0.000000
2448,7,0.000000,0.000000,0,0,0.000,0.000000,0.000000
2496,0,0.666667,0.934068,173,0,1000.000,0.285726,0.555964
2496,1,0.333333,0.929006,82,1,993.598,0.289389,0.550338
2496,2,0.000000,0.000000,0,0,0.000,0.000000,0.000000
2496,3,0.000000,0.000000,0,0,0.000,0.000000,0.000000
2496,4,0.000000,0.000000,0,0,0.000,0.000000,0.000000
2496,5,0.000000,0.000000,0,0,0.000,0.000000,0.000000
2496,6,0.000000,0.000000,0,0,0.000,0.000000,0.000000
2496,7,0.000000,0.000000,0,0,0.000,0.000000,0.000000
2544,0,0.666667,0.927847,174,1,998.655,0.271490,0.553975
2544,1,0.333333,0.936915,78,1,989.885,0.267636,0.553497
2544,2,0.000000,0.000000,0,0,0.000,0.000000,0.000000
2544,3,0.000000,0.000000,0,0,0.000,0.000000,0.000000
2544,4,0.000000,0.000000,0,0,0.000,0.000000,0.000000
2544,5,0.000000,0.000000,0,0,0.000,0.000000,0.000000
2544,6,0.000000,0.000000,0,0,0.000,0.000000,0.000000
2544,7,0.000000,0.000000,0,0,0.000,0.000000,0.000000
2640,0,0.666667,0.930368,219,0,1000.000,0.297613,0.558762
2640,1,0.333333,0.923687,99,4,976.182,0.289117,0.562438
2640,2,0.000000,0.000000,0,0,0.000,0.000000,0.000000
2640,3,0.000000,0.000000,0,0,0.000,0.000000,0.000000
2640,4,0.000000,0.000000,0,0,0.000,0.000000,0.000000
2640,5,0.000000,0.000000,0,0,0.000,0.000000,0.000000
2640,6,0.000000,0.000000,0,0,0.000,0.000000,0.000000
2640,7,0.000000,0.000000,0,0,0.000,0.000000,0.000000
2688,0,0.666667,0.925916,109,0,1000.000,0.260938,0.566970
2688,1,0.333333,0.930492,50,3,967.440,0.280012,0.567067
2688,2,0.000000,0.000000,0,0,0.000,0.000000,0.000000
2688,3,0.000000,0.000000,0,0,0.000,0.000000,0.000000
2688,4,0.000000,0.000000,0,0,0.000,0.000000,0.000000
2688,5,0.000000,0.000000,0,0,0.000,0.000000,0.000000
2688,6,0.000000,0.000000,0,0,0.000,0.000000,0.000000
2688,7,0.000000,0.000000,0,0,0.000,0.000000,0.000000
2736,0,0.666667,0.933810,120,0,1000.000,0.224508,0.563320
2736,1,0.333333,0.946944,55,1,997.764,0.228168,0.570837
2736,2,0.000000,0.000000,0,0,0.000,0.000000,0.000000
2736,3,0.000000,0.000000,0,0,0.000,0.000000,0.000000
2736,4,0.000000,0.000000,0,0,0.000,0.000000,0.000000
2736,5,0.000000,0.000000,0,0,0.000,0.000000,0.000000
2736,6,0.000000,0.000000,0,0,0.000,0.000000,0.000000
2736,7,0.000000,0.000000,0,0,0.000,0.000000,0.000000
2784,0,0.666667,0.929346,105,0,1000.000,0.286037,0.566907
2784,1,0.333333,0.924432,61,0,1000.000,0.299606,0.571031
2784,2,0.000000,0.000000,0,0,0.000,0.000000,0.000000
2784,3,0.000000,0.000000,0,0,0.000,0.000000,0.000000
2784,4,0.000000,0.000000,0,0,0.000,0.000000,0.000000
2784,5,0.000000,0.000000,0,0,0.000,0.000000,0.000000
2784,6,0.000000,0.000000,0,0,0.000,0.000000,0.000000
2784,7,0.000000,0.000000,0,0,0.000,0.000000,0.000000
2832,0,0.666667,0.938641,159,0,1000.000,0.331195,0.572953
2832,1,0.333333,0.934765,76,1,997.724,0.348038,0.566059
2832,2,0.000000,0.000000,0,0,0.000,0.000000,0.000000
2832,3,0.000000,0.000000,0,0,0.000,0.000000,0.000000
2832,4,0.000000,0.000000,0,0,0.000,0.000000,0.000000
2832,5,0.000000,0.000000,0,0,0.000,0.000000,0.000000
2832,6,0.000000,0.000000,0,0,0.000,0.000000,0.000000
2832,7,0.000000,0.000000,0,0,0.000,0.000000,0.000000
2880,0,0.666667,0.940335,168,0,1000.000,0.343073,0.580115
2880,1,0.333333,0.939660,81,1,998.938,0.335382,0.573497
2880,2,0.000000,0.000000,0,0,0.000,0.000000,0.000000
2880,3,0.000000,0.000000,0,0,0.000,0.000000,0.000000
2880,4,0.000000,0.000000,0,0,0.000,0.000000,0.000000
2880,5,0.000000,0.000000,0,0,0.000,0.000000,0.000000
2880,6,0.000000,0.000000,0,0,0.000,0.000000,0.000000
2880,7,0.000000,0.000000,0,0,0.000,0.000000,0.000000
2928,0,0.666667,0.933934,178,3,990.000,0.334193,0.581533
2928,1,0.333333,0.937138,88,0,1000.000,0.364584,0.583681
2928,2,0.000000,0.000000,0,0,0.000,0.000000,0.000000
2928,3,0.000000,0.000000,0,0,0.000,0.000000,0.000000
2928,4,0.000000,0.000000,0,0,0.000,0.000000,0.000000
2928,5,0.000000,0.000000,0,0,0.000,0.000000,0.000000
2928,6,0.000000,0.000000,0,0,0.000,0.000000,0.000000
2928,7,0.000000,0.000000,0,0,0.000,0.000000,0.000000
2976,0,0.666667,0.935051,201,1,998.637,0.346560,0.586007
2976,1,0.333333,0.942073,88,1,995.114,0.349170,0.581126
2976,2,0.000000,0.000000,0,0,0.000,0.000000,0.000000
2976,3,0.000000,0.000000,0,0,0.000,0.000000,0.000000
2976,4,0.000000,0.000000,0,0,0.000,0.000000,0.000000
2976,5,0.000000,0.000000,0,0,0.000,0.000000,0.000000
2976,6,0.000000,0.000000,0,0,0.000,0.000000,0.000000
2976,7,0.000000,0.000000,0,0,0.000,0.000000,0.000000
3024,0,0.666667,0.927602,136,1,996.206,0.375360,0.583949
3024,1,0.333333,0.949200,70,0,1000.000,0.396233,0.583048
3024,2,0.000000,0.000000,0,0,0.000,0.000000,0.000000
3024,3,0.000000,0.000000,0,0,0.000,0.000000,0.000000
3024,4,0.000000,0.000000,0,0,0.000,0.000000,0.000000
3024,5,0.000000,0.000000,0,0,0.000,0.000000,0.000000
3024,6,0.000000,0.000000,0,0,0.000,0.000000,0.000000
3024,7,0.000000,0.000000,0,0,0.000,0.000000,0.000000
3072,0,0.666667,0.932402,91,2,981.000,0.354316,0.587228
3072,1,0.333333,0.938136,56,1,986.750,0.335207,0.588265
3072,2,0.000000,0.000000,0,0,0.000,0.000000,0.000000
3072,3,0.000000,0.000000,0,0,0.000,0.000000,0.000000
3072,4,0.000000,0.000000,0,0,0.000,0.000000,0.000000
3072,5,0.000000,0.000000,0,0,0.000,0.000000,0.000000
3072,6,0.000000,0.000000,0,0,0.000,0.000000,0.000000
3072,7,0.000000,0.000000,0,0,0.000,0.000000,0.000000
3120,0,0.666667,0.939486,118,2,988.585,0.378249,0.589996
3120,1,0.333333,0.945036,68,0,1000.000,0.344115,0.591219
3120,2,0.000000,0.000000,0,0,0.000,0.000000,0.000000
3120,3,0.000000,0.000000,0,0,0.000,0.000000,0.000000
3120,4,0.000000,0.000000,0,0,0.000,0.000000,0.000000
3120,5,0.000000,0.000000,0,0,0.000,0.000000,0.000000
3120,6,0.000000,0.000000,0,0,0.000,0.000000,0.000000
3120,7,0.000000,0.000000,0,0,0.000,0.000000,0.000000
3168,0,0.666667,0.940321,125,0,1000.000,0.370496,0.592787
3168,1,0.333333,0.937592,85,1,993.565,0.396349,0.593132
3168,2,0.000000,0.000000,0,0,0.000,0.000000,0.000000
3168,3,0.000000,0.000000,0,0,0.000,0.000000,0.000000
3168,4,0.000000,0.000000,0,0,0.000,0.000000,0.000000
3168,5,0.000000,0.000000,0,0,0.000,0.000000,0.000000
3168,6,0.000000,0.000000,0,0,0.000,0.000000,0.000000
3168,7,0.000000,0.000000,0,0,0.000,0.000000,0.000000
3216,0,0.666667,0.941763,133,0,1000.000,0.350329,0.595323
3216,1,0.333333,0.942710,52,0,1000.000,0.376477,0.596491
3216,2,0.000000,0.000000,0,0,0.000,0.000000,0.000000
3216,3,0.000000,0.000000,0,0,0.000,0.000000,0.000000
3216,4,0.000000,0.000000,0,0,0.000,0.000000,0.000000
3216,5,0.000000,0.000000,0,0,0.000,0.000000,0.000000
3216,6,0.000000,0.000000,0,0,0.000,0.000000,0.000000
3216,7,0.000000,0.000000,0,0,0.000,0.000000,0.000000
3264,0,0.666667,0.943978,116,5,970.207,0.316303,0.602371
3264,1,0.333333,0.944588,53,1,988.604,0.341642,0.597342
3264,2,0.000000,0.000000,0,0,0.000,0.000000,0.000000
3264,3,0.000000,0.000000,0,0,0.000,0.000000,0.000000
3264,4,0.000000,0.000000,0,0,0.000,0.000000,0.000000
3264,5,0.000000,0.000000,0,0,0.000,0.000000,0.000000
3264,6,0.000000,0.000000,0,0,0.000,0.000000,0.000000
3264,7,0.000000,0.000000,0,0,0.000,0.000000,0.000000
3312,0,0.666667,0.948627,88,0,1000.000,0.261580,0.605096
3312,1,0.333333,0.940037,43,2,987.372,0.305999,0.600531
3312,2,0.000000,0.000000,0,0,0.000,0.000000,0.000000
3312,3,0.000000,0.000000,0,0,0.000,0.000000,0.000000
3312,4,0.000000,0.000000,0,0,0.000,0.000000,0.000000
3312,5,0.000000,0.000000,0,0,0.000,0.000000,0.000000
3312,6,0.000000,0.000000,0,0,0.000,0.000000,0.000000
3312,7,0.000000,0.000000,0,0,0.000,0.000000,0.000000
3360,0,0.666667,0.945935,97,2,982.876,0.261407,0.602473
3360,1,0.333333,0.949436,61,0,1000.000,0.335697,0.609358
3360,2,0.000000,0.000000,0,0,0.000,0.000000,0.000000
3360,3,0.000000,0.000000,0,0,0.000,0.000000,0.000000
3360,4,0.000000,0.000000,0,0,0.000,0.000000,0.000000
3360,5,0.000000,0.000000,0,0,0.000,0.000000,0.000000
3360,6,0.000000,0.000000,0,0,0.000,0.000000,0.000000
3360,7,0.000000,0.000000,0,0,0.000,0.000000,0.000000
3408,0,0.666667,0.949539,121,0,1000.000,0.307403,0.604475
3408,1,0.333333,0.945031,66,0,1000.000,0.349579,0.607358
3408,2,0.000000,0.000000,0,0,0.000,0.000000,0.000000
3408,3,0.000000,0.000000,0,0,0.000,0.000000,0.000000
3408,4,0.000000,0.000000,0,0,0.000,0.000000,0.000000
3408,5,0.000000,0.000000,0,0,0.000,0.000000,0.000000
3408,6,0.000000,0.000000,0,0,0.000,0.000000,0.000000
3408,7,0.000000,0.000000,0,0,0.000,0.000000,0.000000
3456,0,0.666667,0.944305,144,1,998.229,0.355134,0.609067
3456,1,0.333333,0.949652,66,0,1000.000,0.379482,0.606209
3456,2,0.000000,0.000000,0,0,0.000,0.000000,0.000000
3456,3,0.000000,0.000000,0,0,0.000,0.000000,0.000000
3456,4,0.000000,0.000000,0,0,0.000,0.000000,0.000000
3456,5,0.000000,0.000000,0,0,0.000,0.000000,0.000000
3456,6,0.000000,0.000000,0,0,0.000,0.000000,0.000000
3456,7,0.000000,0.000000,0,0,0.000,0.000000,0.000000
3504,0,0.666667,0.945718,171,0,1000.000,0.360694,0.614324
3504,1,0.333333,0.942233,80,0,1000.000,0.389114,0.611960
3504,2,0.000000,0.000000,0,0,0.000,0.000000,0.000000
3504,3,0.000000,0.000000,0,0,0.000,0.000000,0.000000
3504,4,0.000000,0.000000,0,0,0.000,0.000000,0.000000
3504,5,0.000000,0.000000,0,0,0.000,0.000000,0.000000
3504,6,0.000000,0.000000,0,0,0.000,0.000000,0.000000
3504,7,0.000000,0.000000,0,0,0.000,0.000000,0.000000
3552,0,0.666667,0.946000,165,0,1000.000,0.365248,0.612019
3552,1,0.333333,0.947214,85,0,1000.000,0.398100,0.618972
3552,2,0.000000,0.000000,0,0,0.000,0.000000,0.000000
3552,3,0.000000,0.000000,0,0,0.000,0.000000,0.000000
3552,4,0.000000,0.000000,0,0,0.000,0.000000,0.000000
3552,5,0.000000,0.000000,0,0,0.000,0.000000,0.000000
3552,6,0.000000,0.000000,0,0,0.000,0.000000,0.000000
3552,7,0.000000,0.000000,0,0,0.000,0.000000,0.000000
3600,0,0.666667,0.950791,101,0,1000.000,0.346935,0.613656
3600,1,0.333333,0.948671,54,0,1000.000,0.407215,0.618454
3600,2,0.000000,0.000000,0,0,0.000,0.000000,0.000000
3600,3,0.000000,0.000000,0,0,0.000,0.000000,0.000000
3600,4,0.000000,0.000000,0,0,0.000,0.000000,0.000000
3600,5,0.000000,0.000000,0,0,0.000,0.000000,0.000000
3600,6,0.000000,0.000000,0,0,0.000,0.000000,0.000000
3600,7,0.000000,0.000000,0,0,0.000,0.000000,0.000000
3648,0,0.666667,0.944605,107,0,1000.000,0.372056,0.625432
3648,1,0.333333,0.949908,54,1,984.685,0.389963,0.626281
3648,2,0.000000,0.000000,0,0,0.000,0.000000,0.000000
3648,3,0.000000,0.000000,0,0,0.000,0.000000,0.000000
3648,4,0.000000,0.000000,0,0,0.000,0.000000,0.000000
3648,5,0.000000,0.000000,0,0,0.000,0.000000,0.000000
3648,6,0.000000,0.000000,0,0,0.000,0.000000,0.000000
3648,7,0.000000,0.000000,0,0,0.000,0.000000,0.000000
3696,0,0.666667,0.950837,112,0,1000.000,0.369734,0.624955
3696,1,0.333333,0.957458,42,0,1000.000,0.369283,0.620811
3696,2,0.000000,0.000000,0,0,0.000,0.000000,0.000000
3696,3,0.000000,0.000000,0,0,0.000,0.000000,0.000000
3696,4,0.000000,0.000000,0,0,0.000,0.000000,0.000000
3696,5,0.000000,0.000000,0,0,0.000,0.000000,0.000000
3696,6,0.000000,0.000000,0,0,0.000,0.000000,0.000000
3696,7,0.000000,0.000000,0,0,0.000,0.000000,0.000000
3744,0,0.666667,0.946229,121,1,997.521,0.385008,0.632714
3744,1,0.333333,0.955959,54,0,1000.000,0.384968,0.633960
3744,2,0.000000,0.000000,0,0,0.000,0.000000,0.000000
3744,3,0.000000,0.000000,0,0,0.000,0.000000,0.000000
3744,4,0.000000,0.000000,0,0,0.000,0.000000,0.000000
3744,5,0.000000,0.000000,0,0,0.000,0.000000,0.000000
3744,6,0.000000,0.000000,0,0,0.000,0.000000,0.000000
3744,7,0.000000,0.000000,0,0,0.000,0.000000,0.000000
3792,0,0.666667,0.955518,115,0,1000.000,0.376799,0.634700
3792,1,0.333333,0.957049,54,0,1000.000,0.410942,0.635028
3792,2,0.000000,0.000000,0,0,0.000,0.000000,0.000000
3792,3,0.000000,0.000000,0,0,0.000,0.000000,0.000000
3792,4,0.000000,0.000000,0,0,0.000,0.000000,0.000000
3792,5,0.000000,0.000000,0,0,0.000,0.000000,0.000000
3792,6,0.000000,0.000000,0,0,0.000,0.000000,0.000000
3792,7,0.000000,0.000000,0,0,0.000,0.000000,0.000000
3840,0,0.666667,0.953672,153,0,1000.000,0.360493,0.637676
3840,1,0.333333,0.950688,90,0,1000.000,0.388315,0.641832
3840,2,0.000000,0.000000,0,0,0.000,0.000000,0.000000
3840,3,0.000000,0.000000,0,0,0.000,0.000000,0.000000
3840,4,0.000000,0.000000,0,0,0.000,0.000000,0.000000
3840,5,0.000000,0.000000,0,0,0.000,0.000000,0.000000
3840,6,0.000000,0.000000,0,0,0.000,0.000000,0.000000
3840,7,0.000000,0.000000,0,0,0.000,0.000000,0.000000
3888,0,0.666667,0.949995,161,2,993.180,0.371818,0.641567
3888,1,0.333333,0.950959,88,0,1000.000,0.412403,0.643839
3888,2,0.000000,0.000000,0,0,0.000,0.000000,0.000000
3888,3,0.000000,0.000000,0,0,0.000,0.000000,0.000000
3888,4,0.000000,0.000000,0,0,0.000,0.000000,0.000000
3888,5,0.000000,0.000000,0,0,0.000,0.000000,0.000000
3888,6,0.000000,0.000000,0,0,0.000,0.000000,0.000000
3888,7,0.000000,0.000000,0,0,0.000,0.000000,0.000000
3936,0,0.666667,0.957139,189,0,1000.000,0.371336,0.640699
3936,1,0.333333,0.959421,77,0,1000.000,0.383655,0.639134
3936,2,0.000000,0.000000,0,0,0.000,0.000000,0.000000
3936,3,0.000000,0.000000,0,0,0.000,0.000000,0.000000
3936,4,0.000000,0.000000,0,0,0.000,0.000000,0.000000
3936,5,0.000000,0.000000,0,0,0.000,0.000000,0.000000
3936,6,0.000000,0.000000,0,0,0.000,0.000000,0.000000
3936,7,0.000000,0.000000,0,0,0.000,0.000000,0.000000
3984,0,0.666667,0.957175,195,0,1000.000,0.389747,0.646015
3984,1,0.333333,0.953429,96,0,1000.000,0.432189,0.642197
3984,2,0.000000,0.000000,0,0,0.000,0.000000,0.000000
3984,3,0.000000,0.000000,0,0,0.000,0.000000,0.000000
3984,4,0.000000,0.000000,0,0,0.000,0.000000,0.000000
3984,5,0.000000,0.000000,0,0,0.000,0.000000,0.000000
3984,6,0.000000,0.000000,0,0,0.000,0.000000,0.000000
3984,7,0.000000,0.000000,0,0,0.000,0.000000,0.000000
4032,0,0.666667,0.953967,121,0,1000.000,0.413835,0.644771
4032,1,0.333333,0.958394,57,0,1000.000,0.415735,0.644198
4032,2,0.000000,0.000000,0,0,0.000,0.000000,0.000000
4032,3,0.000000,0.000000,0,0,0.000,0.000000,0.000000
4032,4,0.000000,0.000000,0,0,0.000,0.000000,0.000000
4032,5,0.000000,0.000000,0,0,0.000,0.000000,0.000000
4032,6,0.000000,0.000000,0,0,0.000,0.000000,0.000000
4032,7,0.000000,0.000000,0,0,0.000,0.000000,0.000000
4080,0,0.666667,0.949051,95,0,1000.000,0.406611,0.648530
4080,1,0.333333,0.949440,48,0,1000.000,0.430698,0.649874
4080,2,0.000000,0.000000,0,0,0.000,0.000000,0.000000
4080,3,0.000000,0.000000,0,0,0.000,0.000000,0.000000
4080,4,0.000000,0.000000,0,0,0.000,0.000000,0.000000
4080,5,0.000000,0.000000,0,0,0.000,0.000000,0.000000
4080,6,0.000000,0.000000,0,0,0.000,0.000000,0.000000
4080,7,0.000000,0.000000,0,0,0.000,0.000000,0.000000
4128,0,0.666667,0.952906,128,0,1000.000,0.389156,0.652677
4128,1,0.333333,0.950417,75,0,1000.000,0.420974,0.649225
4128,2,0.000000,0.000000,0,0,0.000,0.000000,0.000000
4128,3,0.000000,0.000000,0,0,0.000,0.000000,0.000000
4128,4,0.000000,0.000000,0,0,0.000,0.000000,0.000000
4128,5,0.000000,0.000000,0,0,0.000,0.000000,0.000000
4128,6,0.000000,0.000000,0,0,0.000,0.000000,0.000000
4128,7,0.000000,0.000000,0,0,0.000,0.000000,0.000000
4176,0,0.666667,0.961031,139,0,1000.000,0.373058,0.651922
4176,1,0.333333,0.953908,66,1,985.955,0.403994,0.649691
4176,2,0.000000,0.000000,0,0,0.000,0.000000,0.000000
4176,3,0.000000,0.000000,0,0,0.000,0.000000,0.000000
4176,4,0.000000,0.000000,0,0,0.000,0.000000,0.000000
4176,5,0.000000,0.000000,0,0,0.000,0.000000,0.000000
4176,6,0.000000,0.000000,0,0,0.000,0.000000,0.000000
4176,7,0.000000,0.000000,0,0,0.000,0.000000,0.000000
4224,0,0.666667,0.957088,114,0,1000.000,0.408601,0.654908
4224,1,0.333333,0.963476,69,0,1000.000,0.400837,0.645312
4224,2,0.000000,0.000000,0,0,0.000,0.000000,0.000000
4224,3,0.000000,0.000000,0,0,0.000,0.000000,0.000000
4224,4,0.000000,0.000000,0,0,0.000,0.000000,0.000000
4224,5,0.000000,0.000000,0,0,0.000,0.000000,0.000000
4224,6,0.000000,0.000000,0,0,0.000,0.000000,0.000000
4224,7,0.000000,0.000000,0,0,0.000,0.000000,0.000000
4272,0,0.666667,0.961651,105,0,1000.000,0.342000,0.658787
4272,1,0.333333,0.966333,52,0,1000.000,0.365688,0.653836
4272,2,0.000000,0.000000,0,0,0.000,0.000000,0.000000
4272,3,0.000000,0.000000,0,0,0.000,0.000000,0.000000
4272,4,0.000000,0.000000,0,0,0.000,0.000000,0.000000
4272,5,0.000000,0.000000,0,0,0.000,0.000000,0.000000
4272,6,0.000000,0.000000,0,0,0.000,0.000000,0.000000
4272,7,0.000000,0.000000,0,0,0.000,0.000000,0.000000
4320,0,0.666667,0.961888,94,0,1000.000,0.283963,0.659108
4320,1,0.333333,0.961574,42,0,1000.000,0.328022,0.664310
4320,2,0.000000,0.000000,0,0,0.000,0.000000,0.000000
4320,3,0.000000,0.000000,0,0,0.000,0.000000,0.000000
4320,4,0.000000,0.000000,0,0,0.000,0.000000,0.000000
4320,5,0.000000,0.000000,0,0,0.000,0.000000,0.000000
4320,6,0.000000,0.000000,0,0,0.000,0.000000,0.000000
4320,7,0.000000,0.000000,0,0,0.000,0.000000,0.000000
4368,0,0.666667,0.958515,111,0,1000.000,0.305327,0.664864
4368,1,0.333333,0.967944,50,0,1000.000,0.294002,0.655904
4368,2,0.000000,0.000000,0,0,0.000,0.000000,0.000000
4368,3,0.000000,0.000000,0,0,0.000,0.000000,0.000000
4368,4,0.000000,0.000000,0,0,0.000,0.000000,0.000000
4368,5,0.000000,0.000000,0,0,0.000,0.000000,0.000000
4368,6,0.000000,0.000000,0,0,0.000,0.000000,0.000000
4368,7,0.000000,0.000000,0,0,0.000,0.000000,0.000000
4416,0,0.666667,0.957364,113,0,1000.000,0.299082,0.663384
4416,1,0.333333,0.958182,75,0,1000.000,0.349414,0.661117
4416,2,0.000000,0.000000,0,0,0.000,0.000000,0.000000
4416,3,0.000000,0.000000,0,0,0.000,0.000000,0.000000
4416,4,0.000000,0.000000,0,0,0.000,0.000000,0.000000
4416,5,0.000000,0.000000,0,0,0.000,0.000000,0.000000
4416,6,0.000000,0.000000,0,0,0.000,0.000000,0.000000
4416,7,0.000000,0.000000,0,0,0.000,0.000000,0.000000
4464,0,0.666667,0.961595,156,0,1000.000,0.367510,0.664399
4464,1,0.333333,0.966251,71,0,1000.000,0.363326,0.654507
4464,2,0.000000,0.000000,0,0,0.000,0.000000,0.000000
4464,3,0.000000,0.000000,0,0,0.000,0.000000,0.000000
4464,4,0.000000,0.000000,0,0,0.000,0.000000,0.000000
4464,5,0.000000,0.000000,0,0,0.000,0.000000,0.000000
4464,6,0.000000,0.000000,0,0,0.000,0.000000,0.000000
4464,7,0.000000,0.000000,0,0,0.000,0.000000,0.000000
4512,0,0.666667,0.963771,169,2,995.030,0.394557,0.662253
4512,1,0.333333,0.960819,79,0,1000.000,0.439439,0.663960
4512,2,0.000000,0.000000,0,0,0.000,0.000000,0.000000
4512,3,0.000000,0.000000,0,0,0.000,0.000000,0.000000
4512,4,0.000000,0.000000,0,0,0.000,0.000000,0.000000
4512,5,0.000000,0.000000,0,0,0.000,0.000000,0.000000
4512,6,0.000000,0.000000,0,0,0.000,0.000000,0.000000
4512,7,0.000000,0.000000,0,0,0.000,0.000000,0.000000
4560,0,0.666667,0.964125,166,0,1000.000,0.393241,0.666462
4560,1,0.333333,0.961896,70,0,1000.000,0.421821,0.661542
4560,2,0.000000,0.000000,0,0,0.000,0.000000,0.000000
4560,3,0.000000,0.000000,0,0,0.000,0.000000,0.000000
4560,4,0.000000,0.000000,0,0,0.000,0.000000,0.000000
4560,5,0.000000,0.000000,0,0,0.000,0.000000,0.000000
4560,6,0.000000,0.000000,0,0,0.000,0.000000,0.000000
4560,7,0.000000,0.000000,0,0,0.000,0.000000,0.000000
4608,0,0.666667,0.960284,82,0,1000.000,0.385409,0.665473
4608,1,0.333333,0.962402,60,0,1000.000,0.450084,0.666669
4608,2,0.000000,0.000000,0,0,0.000,0.000000,0.000000
4608,3,0.000000,0.000000,0,0,0.000,0.000000,0.000000
4608,4,0.000000,0.000000,0,0,0.000,0.000000,0.000000
4608,5,0.000000,0.000000,0,0,0.000,0.000000,0.000000
4608,6,0.000000,0.000000,0,0,0.000,0.000000,0.000000
4608,7,0.000000,0.000000,0,0,0.000,0.000000,0.000000
4656,0,0.666667,0.964189,113,0,1000.000,0.402507,0.669389
4656,1,0.333333,0.958507,64,0,1000.000,0.459037,0.669121
4656,2,0.000000,0.000000,0,0,0.000,0.000000,0.000000
4656,3,0.000000,0.000000,0,0,0.000,0.000000,0.000000
4656,4,0.000000,0.000000,0,0,0.000,0.000000,0.000000
4656,5,0.000000,0.000000,0,0,0.000,0.000000,0.000000
4656,6,0.000000,0.000000,0,0,0.000,0.000000,0.000000
4656,7,0.000000,0.000000,0,0,0.000,0.000000,0.000000
4704,0,0.666667,0.962541,99,0,1000.000,0.419334,0.667292
4704,1,0.333333,0.967539,56,0,1000.000,0.432557,0.669149
4704,2,0.000000,0.000000,0,0,0.000,0.000000,0.000000
4704,3,0.000000,0.000000,0,0,0.000,0.000000,0.000000
4704,4,0.000000,0.000000,0,0,0.000,0.000000,0.000000
4704,5,0.000000,0.000000,0,0,0.000,0.000000,0.000000
4704,6,0.000000,0.000000,0,0,0.000,0.000000,0.000000
4704,7,0.000000,0.000000,0,0,0.000,0.000000,0.000000
4752,0,0.666667,0.965105,116,0,1000.000,0.403116,0.670112
4752,1,0.333333,0.962619,64,0,1000.000,0.452674,0.668484
4752,2,0.000000,0.000000,0,0,0.000,0.000000,0.000000
4752,3,0.000000,0.000000,0,0,0.000,0.000000,0.000000
4752,4,0.000000,0.000000,0,0,0.000,0.000000,0.000000
4752,5,0.000000,0.000000,0,0,0.000,0.000000,0.000000
4752,6,0.000000,0.000000,0,0,0.000,0.000000,0.000000
4752,7,0.000000,0.000000,0,0,0.000,0.000000,0.000000
4800,0,0.666667,0.964573,112,0,1000.000,0.411727,0.671520
4800,1,0.333333,0.964639,62,0,1000.000,0.452450,0.672267
4800,2,0.000000,0.000000,0,0,0.000,0.000000,0.000000
4800,3,0.000000,0.000000,0,0,0.000,0.000000,0.000000
4800,4,0.000000,0.000000,0,0,0.000,0.000000,0.000000
4800,5,0.000000,0.000000,0,0,0.000,0.000000,0.000000
4800,6,0.000000,0.000000,0,0,0.000,0.000000,0.000000
4800,7,0.000000,0.000000,0,0,0.000,0.000000,0.000000
4848,0,0.174579,0.961543,156,0,1000.000,0.429721,0.676262
4848,1,0.680402,0.965034,78,0,1000.000,0.417910,0.670864
4848,2,0.024170,0.000000,0,0,0.000,0.000000,0.000000
4848,3,0.024170,0.000000,0,0,0.000,0.000000,0.000000
4848,4,0.024170,0.000000,0,0,0.000,0.000000,0.000000
4848,5,0.024170,0.000000,0,0,0.000,0.000000,0.000000
4848,6,0.024170,0.000000,0,0,0.000,0.000000,0.000000
4848,7,0.024170,0.000000,0,0,0.000,0.000000,0.000000
4896,0,0.174579,0.961389,58,0,1000.000,0.423052,0.682948
4896,1,0.680402,0.964194,168,0,1000.000,0.439415,0.675791
4896,2,0.024170,0.973054,6,0,1000.000,0.423329,0.680916
4896,3,0.024170,0.952269,7,0,1000.000,0.574483,0.676655
4896,4,0.024170,0.961382,9,0,1000.000,0.464421,0.664612
4896,5,0.024170,0.960567,5,0,1000.000,0.638328,0.679130
4896,6,0.024170,0.977909,4,0,1000.000,0.561913,0.682404
4896,7,0.024170,0.979493,2,0,1000.000,0.491201,0.664884
4944,0,0.174579,0.965960,42,0,1000.000,0.392349,0.674383
4944,1,0.680402,0.962590,178,0,1000.000,0.428202,0.673854
4944,2,0.024170,0.951621,9,0,1000.000,0.575737,0.689193
4944,3,0.024170,0.964396,6,0,1000.000,0.526111,0.675712
4944,4,0.024170,0.968738,5,0,1000.000,0.566962,0.684644
4944,5,0.024170,0.961832,10,0,1000.000,0.545557,0.673911
4944,6,0.024170,0.949319,10,0,1000.000,0.626493,0.673062
4944,7,0.024170,0.976818,8,0,1000.000,0.490165,0.673122
5040,0,0.174579,0.964223,79,1,988.089,0.386814,0.675734
5040,1,0.680402,0.961552,290,0,1000.000,0.438821,0.678626
5040,2,0.024170,0.960264,14,0,1000.000,0.496709,0.676851
5040,3,0.024170,0.915686,19,1,953.632,0.470229,0.672771
5040,4,0.024170,0.974935,10,0,1000.000,0.529555,0.667143
5040,5,0.024170,0.966195,13,0,1000.000,0.530469,0.682852
5040,6,0.024170,0.828613,14,2,866.500,0.490439,0.641938
5040,7,0.024170,0.748362,9,2,805.222,0.427918,0.610839
5088,0,0.174579,0.967443,24,0,1000.000,0.426442,0.677174
5088,1,0.680402,0.964383,102,0,1000.000,0.454238,0.674959
5088,2,0.024170,0.979751,1,0,1000.000,0.400379,0.674815
5088,3,0.024170,0.959765,5,0,1000.000,0.452805,0.678334
5088,4,0.024170,0.944857,3,0,1000.000,0.400619,0.677126
5088,5,0.024170,0.947662,4,0,1000.000,0.721381,0.686130
5088,6,0.024170,0.950782,4,0,1000.000,0.677729,0.680313
5088,7,0.024170,0.773398,5,1,829.200,0.413919,0.624305
5136,0,0.174579,0.965890,38,0,1000.000,0.453971,0.678855
5136,1,0.680402,0.961341,148,0,1000.000,0.489645,0.681850
5136,2,0.024170,0.978161,3,0,1000.000,0.295745,0.676213
5136,3,0.024170,0.953634,5,0,1000.000,0.581766,0.677388
5136,4,0.024170,0.972895,1,0,1000.000,0.400499,0.689340
5136,5,0.024170,0.960435,3,0,1000.000,0.588327,0.686139
5136,6,0.024170,0.965498,8,0,1000.000,0.627180,0.688025
5136,7,0.024170,0.888542,13,1,941.077,0.520346,0.658192
5184,0,0.174579,0.961786,39,0,1000.000,0.486463,0.682438
5184,1,0.680402,0.963597,132,0,1000.000,0.490741,0.682111
5184,2,0.024170,0.961334,4,0,1000.000,0.459035,0.689450
5184,3,0.024170,0.977163,7,0,1000.000,0.426427,0.661351
5184,4,0.024170,0.971834,5,0,1000.000,0.535179,0.685913
5184,5,0.024170,0.955220,5,0,1000.000,0.707713,0.694054
5184,6,0.024170,0.960479,5,0,1000.000,0.618750,0.689969
5184,7,0.024170,0.586639,5,2,644.200,0.344690,0.638741
5232,0,0.174579,0.967426,31,0,1000.000,0.406131,0.686696
5232,1,0.680402,0.962402,121,0,1000.000,0.491489,0.684274
5232,2,0.024170,0.967120,6,0,1000.000,0.488372,0.695851
5232,3,0.024170,0.968782,6,0,1000.000,0.518231,0.677141
5232,4,0.024170,0.839831,7,1,903.429,0.426703,0.677729
5232,5,0.024170,0.696592,7,2,767.571,0.382522,0.643280
5232,6,0.024170,0.666605,10,3,747.000,0.510130,0.649790
5232,7,0.024170,0.397506,12,7,548.083,0.270701,0.594537
5280,0,0.174579,0.954962,14,0,1000.000,0.479876,0.680247
5280,1,0.680402,0.964486,103,0,1000.000,0.436962,0.687683
5280,2,0.024170,0.968225,6,0,1000.000,0.546159,0.679746
5280,3,0.024170,0.963662,2,0,1000.000,0.559228,0.684514
5280,4,0.024170,0.959525,5,0,1000.000,0.547043,0.682715
5280,5,0.024170,0.643959,6,2,745.000,0.327427,0.632312
5280,6,0.024170,0.323708,12,8,507.417,0.220937,0.622419
5280,7,0.024170,0.060637,16,15,244.938,0.083643,0.547276
5328,0,0.174579,0.961138,30,0,1000.000,0.448923,0.689026
5328,1,0.680402,0.962395,96,1,990.125,0.442201,0.686669
5328,2,0.024170,0.977257,1,0,1000.000,0.289920,0.676771
5328,3,0.024170,0.961862,3,0,1000.000,0.482939,0.683184
5328,4,0.024170,0.321773,4,3,433.000,0.154832,0.586556
5328,5,0.024170,0.338489,3,2,427.667,0.230221,0.584686
5328,6,0.024170,0.179933,11,9,436.273,0.153050,0.565727
5328,7,0.024170,0.290943,10,7,467.200,0.171629,0.589517
5376,0,0.174579,0.965594,39,0,1000.000,0.384619,0.688471
5376,1,0.680402,0.966130,107,0,1000.000,0.404213,0.686548
5376,2,0.024170,0.956303,2,0,1000.000,0.438394,0.712883
5376,3,0.024170,0.653398,11,6,628.364,0.226344,0.650566
5376,4,0.024170,0.328994,26,20,478.462,0.244507,0.634281
5376,5,0.024170,0.227172,28,22,470.464,0.198502,0.621260
5376,6,0.024170,0.002923,25,25,224.080,0.123261,0.569624
5376,7,0.024170,0.100558,19,17,308.368,0.125258,0.575920
5424,0,0.174579,0.970739,28,0,1000.000,0.322706,0.692328
5424,1,0.680402,0.963415,143,4,983.266,0.384948,0.687687
5424,2,0.024170,0.903605,8,2,804.000,0.315142,0.680209
5424,3,0.024170,0.490152,16,14,372.750,0.149300,0.637285
5424,4,0.024170,0.366413,15,11,513.933,0.220026,0.638024
5424,5,0.024170,0.182661,18,15,278.722,0.132862,0.607741
5424,6,0.024170,0.586254,10,4,634.400,0.263710,0.612184
5424,7,0.024170,0.350337,11,7,392.909,0.213835,0.574267
5472,0,0.174579,0.963665,32,1,987.438,0.332720,0.689402
5472,1,0.680402,0.966037,174,2,993.632,0.394905,0.689727
5472,2,0.024170,0.941828,11,1,963.182,0.452526,0.691560
5472,3,0.024170,0.452766,11,9,411.455,0.168693,0.626712
5472,4,0.024170,0.531771,17,9,608.118,0.232251,0.644941
5472,5,0.024170,0.434685,18,10,538.944,0.264576,0.620340
5472,6,0.024170,0.456896,17,9,511.118,0.247648,0.606269
5472,7,0.024170,0.243002,8,6,351.375,0.168776,0.545957
5520,0,0.174579,0.966898,41,0,1000.000,0.349805,0.690573
5520,1,0.680402,0.964114,166,4,985.199,0.397202,0.687036
5520,2,0.024170,0.922942,8,2,829.750,0.274543,0.670408
5520,3,0.024170,0.697351,11,6,636.182,0.248060,0.675357
5520,4,0.024170,0.397737,16,11,471.812,0.174923,0.637500
5520,5,0.024170,0.566512,12,5,647.500,0.315288,0.635731
5520,6,0.024170,0.704172,11,3,742.091,0.372118,0.644319
5520,7,0.024170,0.644712,12,4,685.833,0.347427,0.617772
5568,0,0.174579,0.967649,31,0,1000.000,0.379960,0.689461
5568,1,0.680402,0.964701,161,5,978.677,0.389215,0.688531
5568,2,0.024170,0.856377,9,4,716.889,0.269417,0.666201
5568,3,0.024170,0.733881,16,7,745.750,0.306091,0.665641
5568,4,0.024170,0.464222,17,10,518.706,0.305164,0.640753
5568,5,0.024170,0.361871,11,7,397.818,0.163664,0.604397
5568,6,0.024170,0.521501,13,6,561.462,0.262759,0.613010
5568,7,0.024170,0.350114,11,7,389.727,0.195520,0.577674
5616,0,0.174579,0.964722,31,0,1000.000,0.376802,0.691842
5616,1,0.680402,0.964035,95,5,972.232,0.376237,0.685649
5616,2,0.024170,0.843994,8,3,774.500,0.244995,0.656983
5616,3,0.024170,0.440197,11,9,289.818,0.148484,0.622692
5616,4,0.024170,0.535828,8,4,550.125,0.246906,0.633698
5616,5,0.024170,0.372012,8,5,485.875,0.217598,0.599544
5616,6,0.024170,0.431702,9,5,470.667,0.230976,0.579515
5616,7,0.024170,0.365561,8,5,402.875,0.260502,0.574502
5664,0,0.174579,0.970273,37,1,995.189,0.355451,0.689689
5664,1,0.680402,0.966178,110,2,992.936,0.387086,0.687934
5664,2,0.024170,0.905262,8,2,871.125,0.305875,0.687617
5664,3,0.024170,0.654196,8,4,589.750,0.178443,0.629309
5664,4,0.024170,0.445941,8,5,519.125,0.185429,0.628073
5664,5,0.024170,0.693612,7,2,807.857,0.434148,0.654373
5664,6,0.024170,0.482547,6,3,523.167,0.306259,0.595160
5664,7,0.024170,0.692686,7,2,728.000,0.485704,0.644707
5712,0,0.174579,0.965183,23,0,1000.000,0.339363,0.686638
5712,1,0.680402,0.960650,120,6,964.450,0.374956,0.687067
5712,2,0.024170,0.757816,2,2,263.000,0.060910,0.667969
5712,3,0.024170,0.858741,7,1,866.429,0.413036,0.672917
5712,4,0.024170,0.443141,5,3,555.800,0.261282,0.613151
5712,5,0.024170,0.670716,13,4,717.308,0.360507,0.650753
5712,6,0.024170,0.482979,6,3,523.833,0.320814,0.605480
5712,7,0.024170,0.645481,12,4,685.750,0.381957,0.621064
5760,0,0.174579,0.971240,31,0,1000.000,0.374040,0.689298
5760,1,0.680402,0.962008,117,3,981.641,0.419544,0.688117
5760,2,0.024170,0.939403,10,1,972.200,0.393997,0.683843
5760,3,0.024170,0.846503,7,2,895.571,0.291158,0.681190
5760,4,0.024170,0.726655,3,1,753.333,0.398085,0.677132
5760,5,0.024170,0.405837,5,3,435.600,0.177099,0.592677
5760,6,0.024170,0.480225,4,2,526.500,0.235224,0.605025
5760,7,0.024170,0.515352,15,7,559.267,0.364388,0.592018
5808,0,0.174579,0.964707,28,0,1000.000,0.376593,0.689622
5808,1,0.680402,0.968379,141,2,994.851,0.385529,0.686283
5808,2,0.024170,0.971934,6,0,1000.000,0.322391,0.692834
5808,3,0.024170,0.747294,6,2,727.667,0.364320,0.668402
5808,4,0.024170,0.677463,3,1,691.333,0.231451,0.609673
5808,5,0.024170,0.338824,3,2,391.000,0.223769,0.620816
5808,6,0.024170,0.537751,9,4,580.889,0.306832,0.633903
5808,7,0.024170,0.429679,9,5,477.444,0.289267,0.598763
5856,0,0.174579,0.969061,45,0,1000.000,0.414439,0.688660
5856,1,0.680402,0.955730,158,12,970.956,0.394470,0.689424
5856,2,0.024170,0.969047,2,0,1000.000,0.456567,0.697231
5856,3,0.024170,0.896492,8,1,894.750,0.449842,0.681491
5856,4,0.024170,0.851627,15,2,880.400,0.524931,0.685598
5856,5,0.024170,0.228664,9,7,353.556,0.137761,0.600093
5856,6,0.024170,0.649771,9,3,715.111,0.299464,0.654756
5856,7,0.024170,0.425802,9,5,491.111,0.239177,0.600337
5904,0,0.174579,0.949577,37,1,998.027,0.477229,0.697398
5904,1,0.680402,0.943831,155,3,993.484,0.541966,0.696985
5904,2,0.024170,0.954939,7,0,1000.000,0.536109,0.691703
5904,3,0.024170,0.814935,4,1,786.500,0.368926,0.668705
5904,4,0.024170,0.736681,8,2,773.375,0.509662,0.682988
5904,5,0.024170,0.555914,10,4,662.800,0.413068,0.632516
5904,6,0.024170,0.642677,9,3,708.000,0.348170,0.647228
5904,7,0.024170,0.478239,10,5,525.800,0.373417,0.608494
5952,0,0.174579,0.952775,44,0,1000.000,0.567408,0.697292
5952,1,0.680402,0.950308,168,5,987.369,0.548029,0.694011
5952,2,0.024170,0.943527,7,0,1000.000,0.573696,0.694322
5952,3,0.024170,0.784422,8,2,791.750,0.489198,0.675964
5952,4,0.024170,0.770136,9,2,816.333,0.496617,0.667723
5952,5,0.024170,0.535691,9,4,599.667,0.350839,0.632282
5952,6,0.024170,0.474956,8,4,528.625,0.327839,0.627647
5952,7,0.024170,0.517640,11,5,586.727,0.418337,0.616611
6000,0,0.174579,0.948098,30,0,1000.000,0.543722,0.692790
6000,1,0.680402,0.950653,178,7,983.112,0.537881,0.694949
6000,2,0.024170,0.952684,6,0,1000.000,0.607669,0.684950
6000,3,0.024170,0.537259,4,3,437.500,0.231390,0.619931
6000,4,0.024170,0.743700,4,1,781.000,0.528419,0.662985
6000,5,0.024170,0.615061,11,4,663.909,0.396846,0.634095
6000,6,0.024170,0.474478,8,4,561.875,0.368944,0.611461
6000,7,0.024170,0.429626,13,7,532.538,0.436671,0.613293
6048,0,0.174579,0.961113,27,0,1000.000,0.521597,0.693806
6048,1,0.680402,0.937130,93,4,978.290,0.590231,0.695704
6048,2,0.024170,0.841185,3,1,696.000,0.423478,0.671371
6048,3,0.024170,0.964445,2,0,1000.000,0.659109,0.708623
6048,4,0.024170,0.532376,8,4,551.875,0.405031,0.629511
6048,5,0.024170,0.430117,9,5,549.000,0.386299,0.627657
6048,6,0.024170,0.241408,8,6,315.375,0.332290,0.599472
6048,7,0.024170,0.320078,12,8,388.917,0.262127,0.609061
6096,0,0.174579,0.953839,20,0,1000.000,0.475523,0.684924
6096,1,0.680402,0.944214,99,7,947.768,0.559651,0.693571
6096,2,0.024170,0.887342,2,0,1000.000,0.635764,0.688577
6096,3,0.024170,0.869447,6,1,872.500,0.590838,0.667417
6096,4,0.024170,0.274028,6,5,354.667,0.192662,0.618297
6096,5,0.024170,0.396912,10,6,503.600,0.297035,0.639860
6096,6,0.024170,0.409980,7,4,470.857,0.483793,0.638054
6096,7,0.024170,0.600545,8,3,651.000,0.475936,0.651812
6144,0,0.174579,0.945443,31,0,1000.000,0.523717,0.695196
6144,1,0.680402,0.942453,141,7,969.191,0.576780,0.693032
6144,2,0.024170,0.849067,4,1,763.000,0.584664,0.682518
6144,3,0.024170,0.773601,3,1,728.667,0.377203,0.651907
6144,4,0.024170,0.556377,8,4,603.125,0.308861,0.648151
6144,5,0.024170,0.713992,8,2,777.375,0.547142,0.666232
6144,6,0.024170,0.534226,9,4,630.444,0.374924,0.635810
6144,7,0.024170,0.703551,15,4,768.333,0.473776,0.650597
6192,0,0.174579,0.956341,28,0,1000.000,0.537584,0.694763
6192,1,0.680402,0.947860,114,3,986.175,0.614933,0.696329
6192,2,0.024170,0.950980,4,0,1000.000,0.705902,0.703313
6192,3,0.024170,0.948078,4,0,1000.000,0.655788,0.691441
6192,4,0.024170,0.683340,6,2,735.667,0.369791,0.664768
6192,5,0.024170,0.578698,5,2,723.800,0.549285,0.658486
6192,6,0.024170,0.640964,6,2,710.333,0.553315,0.656623
6192,7,0.024170,0.381502,10,6,458.000,0.344523,0.602439
6240,0,0.174579,0.943288,34,1,976.324,0.567651,0.695031
6240,1,0.680402,0.942269,122,3,981.426,0.596657,0.694836
6240,2,0.024170,0.979501,4,0,1000.000,0.338547,0.679156
6240,3,0.024170,0.881865,9,1,923.444,0.565693,0.695764
6240,4,0.024170,0.492602,5,3,502.600,0.368016,0.637841
6240,5,0.024170,0.863847,11,1,920.000,0.665204,0.690664
6240,6,0.024170,0.404880,7,4,523.857,0.481872,0.615780
6240,7,0.024170,0.692115,4,1,815.000,0.544931,0.650613
6288,0,0.174579,0.937752,25,1,977.480,0.564466,0.698147
6288,1,0.680402,0.947672,93,4,983.118,0.589336,0.697529
6288,2,0.024170,0.858793,3,1,923.667,0.283184,0.663910
6288,3,0.024170,0.943266,1,0,1000.000,0.662329,0.680612
6288,4,0.024170,0.616833,9,4,674.444,0.460342,0.669799
6288,5,0.024170,0.263635,8,6,366.125,0.283039,0.589487
6288,6,0.024170,0.157419,6,5,238.167,0.148990,0.535386
6288,7,0.024170,0.518726,11,5,592.364,0.399940,0.615662
6336,0,0.174579,0.941924,27,1,973.704,0.600763,0.700387
6336,1,0.680402,0.947294,98,3,981.286,0.515788,0.696555
6336,2,0.024170,0.932603,6,1,896.667,0.516369,0.686639
6336,3,0.024170,0.752521,2,1,790.500,0.431420,0.689164
6336,4,0.024170,0.750059,4,1,870.250,0.504215,0.682574
6336,5,0.024170,0.833463,8,1,934.375,0.553582,0.684938
6336,6,0.024170,0.354947,8,5,445.375,0.307413,0.604251
6336,7,0.024170,0.392135,5,3,560.600,0.208090,0.577835
6384,0,0.174579,0.943372,46,1,988.370,0.522000,0.698627
6384,1,0.680402,0.946887,155,2,995.303,0.563547,0.696956
6384,2,0.024170,0.964173,3,0,1000.000,0.692450,0.703529
6384,3,0.024170,0.904073,10,1,920.500,0.494773,0.684421
6384,4,0.024170,0.784834,10,2,847.600,0.523858,0.670665
6384,5,0.024170,0.227763,10,8,426.900,0.348208,0.601664
6384,6,0.024170,0.574154,5,2,661.800,0.499179,0.669559
6384,7,0.024170,0.346360,11,7,443.182,0.332839,0.609110
6432,0,0.174579,0.940241,42,1,995.762,0.547369,0.689610
6432,1,0.680402,0.949623,177,9,986.203,0.546823,0.694649
6432,2,0.024170,0.853249,2,1,994.500,0.351359,0.686476
6432,3,0.024170,0.933512,1,0,1000.000,0.595800,0.671458
6432,4,0.024170,0.727453,3,1,821.333,0.450756,0.690932
6432,5,0.024170,0.348549,6,4,430.500,0.327711,0.611602
6432,6,0.024170,0.327503,3,2,422.667,0.440086,0.587196
6432,7,0.024170,0.437036,11,6,510.182,0.402838,0.613753
6480,0,0.174579,0.950979,37,1,978.459,0.599413,0.692653
6480,1,0.680402,0.940566,215,7,983.837,0.608018,0.694755
6480,2,0.024170,0.917717,4,0,1000.000,0.749711,0.710857
6480,3,0.024170,0.828247,6,0,1000.000,0.648028,0.684424
6480,4,0.024170,0.749076,4,1,820.250,0.511669,0.674082
6480,5,0.024170,0.494852,12,6,593.750,0.375548,0.631491
6480,6,0.024170,0.498251,11,5,603.000,0.374835,0.644158
6480,7,0.024170,0.474656,16,8,549.688,0.482283,0.615228
6528,0,0.174579,0.949384,43,0,1000.000,0.635980,0.696910
6528,1,0.680402,0.948575,175,5,986.726,0.636041,0.694393
6528,2,0.024170,0.952214,8,0,1000.000,0.614344,0.694639
6528,3,0.024170,0.946155,7,0,1000.000,0.627345,0.688851
6528,4,0.024170,0.462691,11,7,609.182,0.289132,0.642481
6528,5,0.024170,0.378210,8,5,502.125,0.371613,0.621379
6528,6,0.024170,0.399167,17,10,467.294,0.536985,0.625426
6528,7,0.024170,0.569806,15,6,632.400,0.582344,0.638514
6576,0,0.174579,0.954578,42,0,1000.000,0.543603,0.690163
6576,1,0.680402,0.941502,146,4,986.904,0.602612,0.691778
6576,2,0.024170,0.940039,2,0,1000.000,0.777551,0.714235
6576,3,0.024170,0.799592,4,1,764.500,0.658520,0.661802
6576,4,0.024170,0.606872,11,5,687.364,0.619779,0.663100
6576,5,0.024170,0.266240,12,9,386.167,0.346183,0.610306
6576,6,0.024170,0.341498,13,8,483.615,0.470809,0.611947
6576,7,0.024170,0.318184,12,8,381.750,0.412858,0.612837
6624,0,0.174579,0.956540,20,1,980.900,0.543030,0.694625
6624,1,0.680402,0.931617,123,3,987.260,0.607446,0.690418
6624,2,0.024170,0.941909,5,0,1000.000,0.657528,0.691489
6624,3,0.024170,0.955733,3,0,1000.000,0.516855,0.678041
6624,4,0.024170,0.874099,10,1,913.800,0.542969,0.684705
6624,5,0.024170,0.862120,10,1,938.900,0.637843,0.680158
6624,6,0.024170,0.143649,7,6,320.143,0.193610,0.572656
6624,7,0.024170,0.208031,9,7,327.889,0.267146,0.577025
6672,0,0.174579,0.954521,26,1,993.885,0.546564,0.688055
6672,1,0.680402,0.938366,114,6,969.684,0.588111,0.691767
6672,2,0.024170,0.967055,2,0,1000.000,0.396163,0.683741
6672,3,0.024170,0.748812,4,1,784.750,0.687718,0.673780
6672,4,0.024170,0.522489,11,6,683.545,0.511337,0.647832
6672,5,0.024170,0.336370,9,6,511.222,0.305331,0.624433
6672,6,0.024170,0.193231,10,8,305.500,0.363558,0.594203
6672,7,0.024170,0.449998,6,3,526.667,0.595107,0.631204
6720,0,0.174579,0.952779,29,0,1000.000,0.538942,0.694299
6720,1,0.680402,0.936059,114,1,998.123,0.587398,0.692772
6720,2,0.024170,0.955499,5,0,1000.000,0.503698,0.684683
6720,3,0.024170,0.957374,6,0,1000.000,0.487754,0.693811
6720,4,0.024170,0.963536,3,0,1000.000,0.744693,0.715011
6720,5,0.024170,0.455613,13,7,520.846,0.435708,0.613930
6720,6,0.024170,0.003393,3,3,55.667,0.434874,0.599752
6720,7,0.024170,0.401404,11,6,498.909,0.442190,0.605453
6768,0,0.174579,0.955263,20,0,1000.000,0.675184,0.699503
6768,1,0.680402,0.941497,139,6,968.489,0.584207,0.692097
6768,2,0.024170,0.965073,3,0,1000.000,0.605345,0.704132
6768,3,0.024170,0.956104,6,0,1000.000,0.660214,0.698835
6768,4,0.024170,0.336283,11,9,552.909,0.322700,0.618480
6768,5,0.024170,0.389657,18,11,615.611,0.482403,0.614545
6768,6,0.024170,0.324238,6,4,449.167,0.339611,0.612437
6768,7,0.024170,0.682594,7,2,729.714,0.426976,0.656108
6816,0,0.174579,0.914506,25,0,1000.000,0.626091,0.693953
6816,1,0.680402,0.946138,129,7,983.783,0.571037,0.692835
6816,2,0.024170,0.951437,5,0,1000.000,0.726361,0.696970
6816,3,0.024170,0.721442,9,4,830.111,0.450199,0.656924
6816,4,0.024170,0.677233,8,3,758.000,0.504771,0.653604
6816,5,0.024170,0.482930,17,8,688.706,0.593685,0.641559
6816,6,0.024170,0.457117,12,6,546.667,0.550294,0.632572
6816,7,0.024170,0.239236,12,9,292.417,0.357358,0.591644
6864,0,0.174579,0.932617,44,0,1000.000,0.557556,0.690568
6864,1,0.680402,0.946095,162,7,983.401,0.603615,0.695107
6864,2,0.024170,0.944348,1,0,1000.000,0.454050,0.690709
6864,3,0.024170,0.961136,7,0,1000.000,0.529089,0.690510
6864,4,0.024170,0.717793,6,2,864.000,0.417499,0.675836
6864,5,0.024170,0.319867,10,7,526.400,0.364322,0.628422
6864,6,0.024170,0.395790,12,7,489.167,0.544783,0.628078
6864,7,0.024170,0.547060,10,4,621.100,0.546580,0.624053
6912,0,0.174579,0.933599,39,0,1000.000,0.581309,0.692077
6912,1,0.680402,0.946788,144,6,984.243,0.625500,0.695423
6912,2,0.024170,0.955271,7,0,1000.000,0.587035,0.702075
6912,3,0.024170,0.000000,0,0,0.000,0.000000,0.000000
6912,4,0.024170,0.730972,11,3,814.455,0.383813,0.654920
6912,5,0.024170,0.650137,9,3,843.556,0.637546,0.675897
6912,6,0.024170,0.572201,10,4,632.500,0.724745,0.648698
6912,7,0.024170,0.162884,15,12,262.200,0.501521,0.586715
6960,0,0.174579,0.931152,54,1,983.556,0.632463,0.689095
6960,1,0.680402,0.934467,156,3,995.724,0.647032,0.691973
6960,2,0.024170,0.920419,3,0,1000.000,0.601100,0.683421
6960,3,0.024170,0.869001,10,2,929.700,0.552563,0.675971
6960,4,0.024170,0.629625,12,5,760.417,0.610394,0.658205
6960,5,0.024170,0.593453,10,4,691.100,0.603657,0.664515
6960,6,0.024170,0.558361,10,4,644.300,0.562483,0.638249
6960,7,0.024170,0.599352,8,3,656.500,0.509630,0.645175
7008,0,0.174579,0.922195,44,1,992.818,0.549035,0.684428
7008,1,0.680402,0.943581,131,6,973.412,0.580043,0.689159
7008,2,0.024170,0.901894,3,1,841.333,0.602216,0.690982
7008,3,0.024170,0.883849,10,1,918.000,0.642035,0.682978
7008,4,0.024170,0.830553,13,2,874.385,0.676687,0.680169
7008,5,0.024170,0.648819,9,3,698.778,0.441608,0.657657
7008,6,0.024170,0.356342,8,5,447.250,0.531688,0.605139
7008,7,0.024170,0.211404,9,7,275.111,0.528666,0.604903
7056,0,0.174579,0.919839,25,2,964.120,0.624096,0.680522
7056,1,0.680402,0.940187,95,2,991.737,0.653975,0.692371
7056,2,0.024170,0.811381,3,1,685.667,0.738908,0.632598
7056,3,0.024170,0.956653,2,0,1000.000,0.729982,0.677108
7056,4,0.024170,0.205294,2,2,242.000,0.343951,0.582043
7056,5,0.024170,0.493225,8,4,568.250,0.508617,0.636284
7056,6,0.024170,0.162025,6,5,234.500,0.462169,0.593033
7056,7,0.024170,0.137666,7,6,217.000,0.578320,0.591980
7104,0,0.174579,0.947770,20,1,952.550,0.695759,0.690420
7104,1,0.680402,0.923606,109,4,987.752,0.648380,0.689151
7104,2,0.024170,0.953777,6,0,1000.000,0.496052,0.688258
7104,3,0.024170,0.851952,9,2,902.556,0.637019,0.681610
7104,4,0.024170,0.569287,10,5,626.300,0.392774,0.648550
7104,5,0.024170,0.218104,10,8,376.900,0.345731,0.604312
7104,6,0.024170,0.763098,5,1,830.400,0.668266,0.676910
7104,7,0.024170,0.299950,9,6,403.889,0.383161,0.594177
7152,0,0.174579,0.959647,38,0,1000.000,0.585712,0.690077
7152,1,0.680402,0.900284,124,4,980.347,0.651940,0.688857
7152,2,0.024170,0.958640,3,0,1000.000,0.523797,0.690249
7152,3,0.024170,0.805154,6,1,842.333,0.789701,0.680398
7152,4,0.024170,0.619171,11,4,739.636,0.611175,0.657596
7152,5,0.024170,0.548291,9,4,638.444,0.449166,0.637205
7152,6,0.024170,0.245752,4,3,308.250,0.196035,0.577443
7152,7,0.024170,0.682805,18,5,740.444,0.718673,0.655394
7200,0,0.174579,0.938256,36,2,953.944,0.616728,0.691644
7200,1,0.680402,0.925378,112,4,972.134,0.601888,0.686807
7200,2,0.024170,0.965027,1,0,1000.000,0.559250,0.692573
7200,3,0.024170,0.750250,5,2,843.800,0.390284,0.666244
7200,4,0.024170,0.951398,3,0,1000.000,0.699088,0.701848
7200,5,0.024170,0.489775,4,2,532.750,0.248161,0.628225
7200,6,0.024170,0.109354,9,8,262.778,0.314128,0.573952
7200,7,0.024170,0.427479,9,5,484.111,0.467191,0.605606
7248,0,0.018750,0.955317,32,2,993.656,0.557435,0.696568
7248,1,0.018750,0.934434,123,1,992.683,0.555538,0.690880
7248,2,0.784247,0.955791,4,0,1000.000,0.553117,0.691465
7248,3,0.098738,0.890088,5,0,1000.000,0.711716,0.694663
7248,4,0.022780,0.955832,3,0,1000.000,0.590471,0.702674
7248,5,0.019062,0.583555,5,2,672.400,0.535715,0.645180
7248,6,0.018844,0.660547,10,3,727.100,0.652714,0.656679
7248,7,0.018828,0.387878,5,3,459.400,0.419857,0.604503
7296,0,0.018750,0.965544,4,1,966.500,0.605364,0.688331
7296,1,0.018750,0.942298,8,3,812.375,0.621568,0.678418
7296,2,0.784247,0.942738,106,0,1000.000,0.595387,0.695321
7296,3,0.098738,0.946799,13,0,1000.000,0.618514,0.698064
7296,4,0.022780,0.521432,2,1,533.000,0.448082,0.599596
7296,5,0.019062,0.289141,4,3,653.500,0.392817,0.636005
7296,6,0.018844,0.951607,3,0,1000.000,0.751125,0.692014
7296,7,0.018828,0.000420,4,4,172.250,0.450389,0.551012
7344,0,0.018750,0.961817,4,0,1000.000,0.610818,0.681639
7344,1,0.018750,0.945396,4,3,825.250,0.335252,0.673203
7344,2,0.784247,0.932265,122,0,1000.000,0.646827,0.695924
7344,3,0.098738,0.952253,16,0,1000.000,0.667552,0.699068
7344,4,0.022780,0.965731,2,0,1000.000,0.864408,0.718751
7344,5,0.019062,0.773009,5,1,980.600,0.633132,0.676537
7344,6,0.018844,0.643938,6,2,708.167,0.535020,0.631668
7344,7,0.018828,0.240424,4,3,351.250,0.424921,0.583313
7392,0,0.018750,0.952535,8,1,935.500,0.542633,0.695849
7392,1,0.018750,0.934464,4,2,693.000,0.367744,0.674831
7392,2,0.784247,0.933458,174,0,1000.000,0.674630,0.694709
7392,3,0.098738,0.943408,22,0,1000.000,0.676145,0.690122
7392,4,0.022780,0.940630,6,0,1000.000,0.666589,0.691590
7392,5,0.019062,0.728919,4,1,797.000,0.592550,0.664689
7392,6,0.018844,0.824689,5,0,1000.000,0.674711,0.684470
7392,7,0.018828,0.318142,3,2,526.333,0.291754,0.598979
7440,0,0.018750,0.963894,2,0,1000.000,0.759480,0.704009
7440,1,0.018750,0.932314,4,2,674.500,0.579335,0.683157
7440,2,0.784247,0.939948,181,0,1000.000,0.638042,0.688136
7440,3,0.098738,0.834362,24,2,937.417,0.696294,0.683512
7440,4,0.022780,0.953296,4,0,1000.000,0.782432,0.694916
7440,5,0.019062,0.632889,6,2,749.167,0.515979,0.652806
7440,6,0.018844,0.632766,12,4,762.167,0.560380,0.654086
7440,7,0.018828,0.320348,6,4,370.000,0.618514,0.610053
7488,0,0.018750,0.959667,3,0,1000.000,0.654168,0.699451
7488,1,0.018750,0.945533,7,2,862.143,0.531149,0.679607
7488,2,0.784247,0.934562,213,3,987.235,0.658530,0.691351
7488,3,0.098738,0.951840,28,0,1000.000,0.756903,0.699596
7488,4,0.022780,0.869696,7,0,1000.000,0.769326,0.683698
7488,5,0.019062,0.645655,6,2,724.833,0.666502,0.652338
7488,6,0.018844,0.375776,13,8,506.769,0.514039,0.621978
7488,7,0.018828,0.413290,7,4,484.857,0.450243,0.616455
7536,0,0.018750,0.914101,9,1,982.333,0.620861,0.683924
7536,1,0.018750,0.943057,11,4,776.091,0.524830,0.684208
7536,2,0.784247,0.933728,222,2,992.189,0.644662,0.689537
7536,3,0.098738,0.906062,21,1,954.571,0.678081,0.687583
7536,4,0.022780,0.837033,7,1,974.000,0.592971,0.673918
7536,5,0.019062,0.614865,8,3,737.250,0.661456,0.659669
7536,6,0.018844,0.649671,9,2,798.333,0.573730,0.651886
7536,7,0.018828,0.137734,7,6,201.286,0.386185,0.571701
7584,0,0.018750,0.957296,4,0,1000.000,0.615154,0.703312
7584,1,0.018750,0.942610,3,1,956.000,0.526612,0.694066
7584,2,0.784247,0.940332,174,2,993.868,0.646983,0.690213
7584,3,0.098738,0.909233,24,0,1000.000,0.651553,0.685888
7584,4,0.022780,0.745946,4,1,789.000,0.548351,0.662790
7584,5,0.019062,0.586635,5,2,653.000,0.526283,0.636543
7584,6,0.018844,0.459050,6,3,548.500,0.680352,0.637548
7584,7,0.018828,0.475514,6,3,534.000,0.711556,0.633342
7632,0,0.018750,0.957788,3,0,1000.000,0.450358,0.684482
7632,1,0.018750,0.947647,6,4,774.333,0.641376,0.699874
7632,2,0.784247,0.931519,108,0,1000.000,0.594516,0.688574
7632,3,0.098738,0.934985,21,1,962.333,0.608374,0.691699
7632,4,0.022780,0.690386,2,1,739.000,0.291834,0.687804
7632,5,0.019062,0.649677,6,2,802.000,0.679582,0.650278
7632,6,0.018844,0.353197,11,7,555.455,0.351159,0.617179
7632,7,0.018828,0.286034,11,7,456.909,0.481540,0.590924
7680,0,0.018750,0.949552,4,1,992.250,0.482951,0.690740
7680,1,0.018750,0.955837,2,0,1000.000,0.468874,0.676919
7680,2,0.784247,0.916127,132,2,985.833,0.697856,0.688108
7680,3,0.098738,0.955638,16,0,1000.000,0.655910,0.694056
7680,4,0.022780,0.735565,7,2,817.143,0.511269,0.661900
7680,5,0.019062,0.510283,4,2,708.750,0.727744,0.642740
7680,6,0.018844,0.324271,9,6,498.889,0.601809,0.603899
7680,7,0.018828,0.721542,5,1,824.800,0.570893,0.654085
7728,0,0.018750,0.958989,3,0,1000.000,0.662105,0.693364
7728,1,0.018750,0.961893,6,1,970.000,0.521745,0.684770
7728,2,0.784247,0.924730,117,1,992.966,0.688745,0.688203
7728,3,0.098738,0.954320,23,0,1000.000,0.658048,0.688772
7728,4,0.022780,0.623732,2,1,897.500,0.624478,0.671108
7728,5,0.019062,0.825142,7,0,1000.000,0.908290,0.691880
7728,6,0.018844,0.725902,8,2,828.250,0.577294,0.662380
7728,7,0.018828,0.719456,8,2,764.250,0.661665,0.667588
7776,0,0.018750,0.954383,4,0,1000.000,0.590447,0.687474
7776,1,0.018750,0.945852,5,1,984.000,0.643769,0.691052
7776,2,0.784247,0.937607,149,3,982.718,0.684540,0.689496
7776,3,0.098738,0.931046,17,0,1000.000,0.744755,0.696539
7776,4,0.022780,0.953504,1,0,1000.000,1.029242,0.721016
7776,5,0.019062,0.422907,4,2,907.500,0.491220,0.624546
7776,6,0.018844,0.328558,6,4,507.333,0.476007,0.603655
7776,7,0.018828,0.317469,6,4,441.667,0.568225,0.608176
7824,0,0.018750,0.960353,6,0,1000.000,0.723138,0.703404
7824,1,0.018750,0.888819,10,1,991.500,0.668213,0.684471
7824,2,0.784247,0.932710,168,2,990.315,0.741969,0.693478
7824,3,0.098738,0.918580,19,0,1000.000,0.723692,0.688574
7824,4,0.022780,0.746787,4,1,789.500,0.604017,0.668533
7824,5,0.019062,0.955832,3,0,1000.000,0.773669,0.693955
7824,6,0.018844,0.328538,5,3,465.800,0.684035,0.596992
7824,7,0.018828,0.885224,5,0,1000.000,0.827070,0.687411
7872,0,0.018750,0.939628,4,0,1000.000,0.783623,0.688903
7872,1,0.018750,0.908021,5,0,1000.000,0.879013,0.687499
7872,2,0.784247,0.921078,168,3,986.792,0.734812,0.690157
7872,3,0.098738,0.957888,23,0,1000.000,0.727442,0.698477
7872,4,0.022780,0.862681,10,0,1000.000,0.732184,0.677225
7872,5,0.019062,0.652654,6,2,760.000,0.688516,0.651973
7872,6,0.018844,0.433947,9,5,534.889,0.478350,0.619677
7872,7,0.018828,0.638398,3,1,717.667,0.693250,0.630822
7920,0,0.018750,0.000000,0,0,0.000,0.000000,0.000000
7920,1,0.018750,0.955527,4,0,1000.000,0.762982,0.692657
7920,2,0.784247,0.894091,181,1,994.669,0.777878,0.686852
7920,3,0.098738,0.876983,22,0,1000.000,0.860978,0.687485
7920,4,0.022780,0.952201,4,0,1000.000,0.651144,0.682792
7920,5,0.019062,0.413416,8,5,693.875,0.517073,0.619940
7920,6,0.018844,0.450296,5,2,676.800,0.701896,0.626090
7920,7,0.018828,0.718929,6,1,868.833,0.931989,0.659466
8016,0,0.018750,0.885922,8,0,1000.000,0.536601,0.674192
8016,1,0.018750,0.850288,11,1,973.182,0.726033,0.679630
8016,2,0.784247,0.927699,337,1,998.605,0.701878,0.687730
8016,3,0.098738,0.923064,41,0,1000.000,0.768479,0.692597
8016,4,0.022780,0.710920,12,1,938.750,0.863380,0.669190
8016,5,0.019062,0.847308,8,1,929.625,0.577182,0.676155
8016,6,0.018844,0.526791,13,6,691.769,0.678261,0.643083
8016,7,0.018828,0.481526,16,8,610.812,0.654726,0.614035
8064,0,0.018750,0.961921,3,1,998.000,0.534624,0.676266
8064,1,0.018750,0.764247,3,1,977.667,0.776959,0.676473
8064,2,0.784247,0.933945,106,1,991.311,0.689248,0.686479
8064,3,0.098738,0.888187,15,2,887.800,0.701368,0.680360
8064,4,0.022780,0.957774,5,0,1000.000,0.951512,0.710080
8064,5,0.019062,0.780568,5,1,980.800,0.577876,0.660197
8064,6,0.018844,0.492789,6,2,827.000,0.817531,0.633884
8064,7,0.018828,0.269770,6,4,381.167,0.621380,0.576546
8112,0,0.018750,0.954752,4,0,1000.000,0.742946,0.696172
8112,1,0.018750,0.958343,2,0,1000.000,0.768156,0.702779
8112,2,0.784247,0.915520,124,1,992.315,0.768039,0.690359
8112,3,0.098738,0.795124,18,1,949.222,0.815195,0.668103
8112,4,0.022780,0.897806,4,0,1000.000,0.868676,0.676202
8112,5,0.019062,0.619844,5,2,741.600,0.506212,0.645050
8112,6,0.018844,0.690927,11,3,750.000,0.676069,0.646814
8112,7,0.018828,0.721686,4,1,866.250,0.576506,0.652318
8160,0,0.018750,0.954920,4,0,1000.000,0.693309,0.691204
8160,1,0.018750,0.965563,3,0,1000.000,0.534516,0.691181
8160,2,0.784247,0.926232,146,1,993.719,0.736144,0.685775
8160,3,0.098738,0.875554,22,0,1000.000,0.818727,0.680284
8160,4,0.022780,0.954969,3,0,1000.000,0.751947,0.690413
8160,5,0.019062,0.947299,4,0,1000.000,0.837692,0.688618
8160,6,0.018844,0.944978,1,0,1000.000,0.875126,0.678394
8160,7,0.018828,0.474809,6,3,617.333,0.473477,0.613464
8208,0,0.018750,0.954877,2,0,1000.000,0.862748,0.706554
8208,1,0.018750,0.961006,1,0,1000.000,0.714139,0.695492
8208,2,0.784247,0.926468,138,0,1000.000,0.781118,0.689921
8208,3,0.098738,0.880193,15,0,1000.000,0.828853,0.679817
8208,4,0.022780,0.813966,6,1,851.000,0.624924,0.659130
8208,5,0.019062,0.000000,0,0,0.000,0.000000,0.000000
8208,6,0.018844,0.949485,2,0,1000.000,0.691550,0.688280
8208,7,0.018828,0.577444,5,2,707.000,0.634251,0.638721
8256,0,0.018750,0.956229,2,0,1000.000,0.828063,0.703687
8256,1,0.018750,0.914596,2,0,1000.000,1.017017,0.680317
8256,2,0.784247,0.933757,143,3,991.392,0.761739,0.683337
8256,3,0.098738,0.913745,14,1,992.643,0.857829,0.689050
8256,4,0.022780,0.922879,3,0,1000.000,0.880302,0.673963
8256,5,0.019062,0.910000,2,0,1000.000,1.323226,0.684234
8256,6,0.018844,0.000000,0,0,0.000,0.000000,0.000000
8256,7,0.018828,0.759578,6,1,852.000,1.039992,0.661746
8304,0,0.018750,0.864482,4,0,1000.000,1.128319,0.668806
8304,1,0.018750,0.737188,3,0,1000.000,1.439309,0.651617
8304,2,0.784247,0.879693,110,0,1000.000,1.163684,0.673187
8304,3,0.098738,0.871531,20,0,1000.000,1.219016,0.673127
8304,4,0.022780,0.889671,4,0,1000.000,1.098860,0.681203
8304,5,0.019062,0.893425,2,0,1000.000,1.110196,0.669274
8304,6,0.018844,0.471425,4,2,795.000,0.703857,0.617878
8304,7,0.018828,0.000095,1,1,54.000,0.870458,0.499291
8352,0,0.018750,0.918480,3,0,1000.000,1.159446,0.677111
8352,1,0.018750,0.679549,4,0,1000.000,1.283320,0.641426
8352,2,0.784247,0.865276,124,2,990.113,1.186527,0.673845
8352,3,0.098738,0.829547,17,0,1000.000,1.220799,0.671098
8352,4,0.022780,0.868896,7,0,1000.000,1.146908,0.671288
8352,5,0.019062,0.537675,3,1,716.667,0.935119,0.610836
8352,6,0.018844,0.823428,5,0,1000.000,1.302563,0.662883
8352,7,0.018828,0.775372,4,0,1000.000,1.313376,0.659490
8400,0,0.018750,0.844526,3,0,1000.000,1.101605,0.661273
8400,1,0.018750,0.818830,5,0,1000.000,1.292999,0.668233
8400,2,0.784247,0.869093,167,1,999.533,1.177128,0.672021
8400,3,0.098738,0.894651,20,1,974.650,1.112688,0.675853
8400,4,0.022780,0.737096,5,0,1000.000,1.343044,0.653439
8400,5,0.019062,0.803159,3,0,1000.000,1.253338,0.645829
8400,6,0.018844,0.669919,4,1,761.250,1.114448,0.635843
8400,7,0.018828,0.589366,3,1,690.667,0.975283,0.624569
8448,0,0.018750,0.889580,4,0,1000.000,1.142550,0.671386
8448,1,0.018750,0.860494,5,0,1000.000,1.169123,0.662309
8448,2,0.784247,0.857874,180,3,988.533,1.206142,0.667592
8448,3,0.098738,0.892519,25,0,1000.000,1.194753,0.673696
8448,4,0.022780,0.875179,2,0,1000.000,0.991647,0.649928
8448,5,0.019062,0.884070,5,0,1000.000,1.221261,0.679109
8448,6,0.018844,0.535949,8,2,809.250,1.222356,0.620952
8448,7,0.018828,0.772556,7,1,872.714,1.172895,0.647182
8496,0,0.018750,0.000000,0,0,0.000,0.000000,0.000000
8496,1,0.018750,0.924959,5,0,1000.000,0.900668,0.657556
8496,2,0.784247,0.877844,211,1,999.469,1.236982,0.669911
8496,3,0.098738,0.890468,27,0,1000.000,1.290226,0.673613
8496,4,0.022780,0.905389,4,0,1000.000,1.201652,0.671075
8496,5,0.019062,0.901386,7,0,1000.000,1.251975,0.669791
8496,6,0.018844,0.914274,6,0,1000.000,1.234175,0.676017
8496,7,0.018828,0.681346,8,2,837.375,1.092355,0.650819
8544,0,0.018750,0.879580,7,1,948.714,1.038818,0.655188
8544,1,0.018750,0.914144,6,0,1000.000,1.172042,0.673878
8544,2,0.784247,0.861413,229,6,990.240,1.222181,0.667312
8544,3,0.098738,0.859915,24,1,962.833,1.188267,0.661842
8544,4,0.022780,0.930913,5,0,1000.000,1.144920,0.666801
8544,5,0.019062,0.820557,4,0,1000.000,1.341206,0.670337
8544,6,0.018844,0.832466,11,1,954.182,1.158617,0.663146
8544,7,0.018828,0.711927,5,1,902.000,0.997162,0.633474
8592,0,0.018750,0.794559,6,1,977.000,1.068011,0.644089
8592,1,0.018750,0.000000,0,0,0.000,0.000000,0.000000
8592,2,0.784247,0.882307,157,3,991.573,1.248943,0.667466
8592,3,0.098738,0.880209,24,1,960.833,1.182876,0.655672
8592,4,0.022780,0.923615,5,0,1000.000,1.293764,0.674376
8592,5,0.019062,0.000000,0,0,0.000,0.000000,0.000000
8592,6,0.018844,0.799777,12,1,934.000,1.227289,0.655215
8592,7,0.018828,0.698706,4,1,766.750,1.215269,0.636191
8640,0,0.018750,0.919068,2,0,1000.000,1.161136,0.671102
8640,1,0.018750,0.881222,6,0,1000.000,1.393592,0.667495
8640,2,0.784247,0.875012,131,2,994.084,1.208857,0.665904
8640,3,0.098738,0.919316,13,1,973.769,1.140328,0.672812
8640,4,0.022780,0.863645,7,0,1000.000,1.305343,0.671298
8640,5,0.019062,0.912292,6,0,1000.000,1.276994,0.673128
8640,6,0.018844,0.924989,3,0,1000.000,1.225742,0.671201
8640,7,0.018828,0.233475,4,3,452.750,0.677418,0.567479
8688,0,0.018750,0.910346,1,0,1000.000,1.048499,0.670067
8688,1,0.018750,0.843827,3,0,1000.000,1.298744,0.665637
8688,2,0.784247,0.890906,130,1,997.746,1.229743,0.667904
8688,3,0.098738,0.869778,16,0,1000.000,1.265302,0.664495
8688,4,0.022780,0.000000,0,0,0.000,0.000000,0.000000
8688,5,0.019062,0.748686,5,1,951.600,1.076898,0.648040
8688,6,0.018844,0.919841,5,0,1000.000,1.191732,0.670763
8688,7,0.018828,0.499466,7,2,753.429,1.325540,0.606730
8736,0,0.018750,0.922256,3,0,1000.000,1.222479,0.671234
8736,1,0.018750,0.930581,4,1,962.500,1.081676,0.675385
8736,2,0.784247,0.866072,143,0,1000.000,1.242839,0.667440
8736,3,0.098738,0.914040,20,0,1000.000,1.210978,0.668450
8736,4,0.022780,0.871403,4,1,951.500,1.217716,0.670210
8736,5,0.019062,0.925475,2,0,1000.000,1.254889,0.674767
8736,6,0.018844,0.944495,2,0,1000.000,1.299417,0.675263
8736,7,0.018828,0.741125,5,1,847.600,1.211899,0.644031
8832,0,0.018750,0.832767,9,0,1000.000,1.240196,0.661958
8832,1,0.018750,0.886687,10,0,1000.000,1.273023,0.663390
8832,2,0.784247,0.896140,309,5,991.754,1.204744,0.668822
8832,3,0.098738,0.891715,40,0,1000.000,1.246540,0.671012
8832,4,0.022780,0.895370,12,0,1000.000,1.233272,0.668973
8832,5,0.019062,0.909716,11,0,1000.000,1.118388,0.666346
8832,6,0.018844,0.895795,6,0,1000.000,1.424067,0.669812
8832,7,0.018828,0.929207,8,0,1000.000,1.182485,0.670854
8880,0,0.018750,0.933296,3,0,1000.000,1.110138,0.669763
8880,1,0.018750,0.922602,3,0,1000.000,1.110981,0.668083
8880,2,0.784247,0.910302,179,1,994.659,1.253773,0.673062
8880,3,0.098738,0.877499,20,0,1000.000,1.288984,0.672120
8880,4,0.022780,0.949920,4,0,1000.000,1.239180,0.682822
8880,5,0.019062,0.880634,4,0,1000.000,1.351898,0.659924
8880,6,0.018844,0.350190,6,4,695.500,0.650392,0.607565
8880,7,0.018828,0.912662,7,0,1000.000,1.184131,0.662888
8928,0,0.018750,0.937322,2,0,1000.000,1.241707,0.683033
8928,1,0.018750,0.928902,5,0,1000.000,1.104088,0.673625
8928,2,0.784247,0.879813,180,2,993.467,1.240077,0.667386
8928,3,0.098738,0.915507,25,0,1000.000,1.203660,0.668796
8928,4,0.022780,0.856392,5,0,1000.000,1.389373,0.668569
8928,5,0.019062,0.553354,2,1,660.000,1.218063,0.633729
8928,6,0.018844,0.546237,3,1,811.667,1.003291,0.620240
8928,7,0.018828,0.934582,2,0,1000.000,1.284014,0.665536
8976,0,0.018750,0.926016,5,0,1000.000,1.072667,0.666466
8976,1,0.018750,0.851916,3,0,1000.000,1.449608,0.649602
8976,2,0.784247,0.908903,184,0,1000.000,1.188658,0.672596
8976,3,0.098738,0.903570,26,1,983.692,1.106625,0.669990
8976,4,0.022780,0.951365,1,0,1000.000,1.434571,0.696570
8976,5,0.019062,0.933623,3,0,1000.000,1.164940,0.666738
8976,6,0.018844,0.661560,6,1,965.500,1.293189,0.639280
8976,7,0.018828,0.906929,7,0,1000.000,1.245026,0.668773
9024,0,0.018750,0.941121,2,0,1000.000,1.155019,0.677376
9024,1,0.018750,0.789065,7,0,1000.000,1.249909,0.655888
9024,2,0.784247,0.892664,147,4,985.415,1.178648,0.667582
9024,3,0.098738,0.924226,12,0,1000.000,1.192169,0.675613
9024,4,0.022780,0.000000,0,0,0.000,0.000000,0.000000
9024,5,0.019062,0.944253,6,0,1000.000,1.117874,0.680016
9024,6,0.018844,0.843525,2,0,1000.000,1.355041,0.657138
9024,7,0.018828,0.408946,7,4,535.429,0.999356,0.592862
9072,0,0.018750,0.947722,2,1,654.500,0.861868,0.636970
9072,1,0.018750,0.954853,4,0,1000.000,1.112094,0.683168
9072,2,0.784247,0.893731,121,3,984.545,1.184604,0.670076
9072,3,0.098738,0.865263,15,0,1000.000,1.199583,0.673312
9072,4,0.022780,0.934516,2,0,1000.000,0.891467,0.677010
9072,5,0.019062,0.948607,1,0,1000.000,1.175478,0.682782
9072,6,0.018844,0.955289,4,0,1000.000,0.948918,0.674981
9072,7,0.018828,0.939369,3,0,1000.000,1.266217,0.672036
9120,0,0.018750,0.918372,3,0,1000.000,1.220746,0.665947
9120,1,0.018750,0.927999,3,0,1000.000,1.359385,0.685791
9120,2,0.784247,0.895315,133,3,986.241,1.189651,0.673851
9120,3,0.098738,0.932971,25,1,975.480,1.087587,0.679388
9120,4,0.022780,0.943851,4,0,1000.000,0.979336,0.665009
9120,5,0.019062,0.857028,5,0,1000.000,1.246425,0.668238
9120,6,0.018844,0.902566,4,0,1000.000,1.292373,0.667908
9120,7,0.018828,0.946743,2,0,1000.000,1.307060,0.685004
9168,0,0.018750,0.918449,2,0,1000.000,1.085397,0.662696
9168,1,0.018750,0.916218,5,0,1000.000,1.246898,0.680382
9168,2,0.784247,0.882111,135,0,1000.000,1.218401,0.673195
9168,3,0.098738,0.811397,19,0,1000.000,1.311874,0.662762
9168,4,0.022780,0.861371,4,0,1000.000,1.237379,0.671710
9168,5,0.019062,0.950835,2,0,1000.000,1.303783,0.696388
9168,6,0.018844,0.848283,6,0,1000.000,1.316384,0.661584
9168,7,0.018828,0.709936,4,1,826.750,0.942013,0.642130
9216,0,0.018750,0.778739,5,1,850.200,1.353314,0.660048
9216,1,0.018750,0.936556,4,0,1000.000,1.167928,0.686132
9216,2,0.784247,0.890247,136,6,977.463,1.202808,0.673219
9216,3,0.098738,0.900873,13,0,1000.000,1.284785,0.673733
9216,4,0.022780,0.929652,2,0,1000.000,1.111307,0.684702
9216,5,0.019062,0.929391,7,0,1000.000,1.294465,0.688617
9216,6,0.018844,0.905908,2,0,1000.000,1.460573,0.671879
9216,7,0.018828,0.714626,4,1,764.750,1.009439,0.645036
9264,0,0.018750,0.947500,4,0,1000.000,1.114628,0.687660
9264,1,0.018750,0.898109,1,0,1000.000,1.471740,0.671674
9264,2,0.784247,0.869127,141,3,984.135,1.203568,0.671587
9264,3,0.098738,0.923619,18,0,1000.000,1.259961,0.681846
9264,4,0.022780,0.939591,5,0,1000.000,1.307678,0.691452
9264,5,0.019062,0.935414,3,0,1000.000,1.250665,0.678437
9264,6,0.018844,0.000000,0,0,0.000,0.000000,0.000000
9264,7,0.018828,0.794638,7,1,904.286,1.189747,0.664299
9312,0,0.018750,0.930703,2,0,1000.000,1.021362,0.682675
9312,1,0.018750,0.577991,3,0,1000.000,1.446343,0.638059
9312,2,0.784247,0.898198,104,2,994.875,1.214144,0.679041
9312,3,0.098738,0.855985,16,1,941.125,1.071878,0.667510
9312,4,0.022780,0.945198,3,0,1000.000,1.326970,0.694720
9312,5,0.019062,0.937443,1,0,1000.000,1.311670,0.706386
9312,6,0.018844,0.945717,1,0,1000.000,1.181881,0.685689
9312,7,0.018828,0.946514,2,0,1000.000,1.202944,0.690082
9360,0,0.018750,0.868200,3,1,782.667,0.988455,0.616859
9360,1,0.018750,0.686626,4,0,1000.000,1.375728,0.659045
9360,2,0.784247,0.902166,153,0,1000.000,1.190493,0.681967
9360,3,0.098738,0.938938,16,0,1000.000,1.227292,0.692060
9360,4,0.022780,0.933615,4,0,1000.000,1.148930,0.681333
9360,5,0.019062,0.803383,6,0,1000.000,1.477259,0.673298
9360,6,0.018844,0.758825,5,1,972.400,1.220910,0.668408
9360,7,0.018828,0.958935,4,0,1000.000,1.008068,0.672127
9408,0,0.018750,0.950069,4,0,1000.000,1.149353,0.691029
9408,1,0.018750,0.737793,3,0,1000.000,1.335642,0.663931
9408,2,0.784247,0.869882,157,2,996.828,1.216243,0.678580
9408,3,0.098738,0.937073,19,0,1000.000,1.182738,0.685443
9408,4,0.022780,0.947086,4,0,1000.000,1.248393,0.698161
9408,5,0.019062,0.948421,3,0,1000.000,0.751507,0.678442
9408,6,0.018844,0.941284,4,0,1000.000,1.041717,0.678964
9408,7,0.018828,0.606263,6,2,771.833,0.872219,0.625716
9456,0,0.018750,0.933642,3,1,949.000,0.903498,0.675471
9456,1,0.018750,0.922146,4,0,1000.000,1.240460,0.683973
9456,2,0.784247,0.895824,192,1,995.411,1.225810,0.680531
9456,3,0.098738,0.912913,23,0,1000.000,1.158335,0.680283
9456,4,0.022780,0.912939,6,0,1000.000,1.233692,0.673876
9456,5,0.019062,0.841278,8,0,1000.000,1.376358,0.675629
9456,6,0.018844,0.955231,1,0,1000.000,1.250449,0.704190
9456,7,0.018828,0.346335,3,1,921.333,1.295400,0.608112
9504,0,0.018750,0.920596,5,1,951.200,1.040930,0.671638
9504,1,0.018750,0.735728,3,0,1000.000,1.323426,0.673597
9504,2,0.784247,0.885142,210,1,997.886,1.241249,0.679768
9504,3,0.098738,0.873918,22,2,965.182,1.128302,0.678920
9504,4,0.022780,0.896843,6,0,1000.000,1.298677,0.685099
9504,5,0.019062,0.953088,2,0,1000.000,1.197788,0.698123
9504,6,0.018844,0.786025,11,0,1000.000,1.386726,0.669673
9504,7,0.018828,0.725115,4,0,1000.000,1.186645,0.673118
9552,0,0.018750,0.907459,6,0,1000.000,1.191512,0.675482
9552,1,0.018750,0.939297,4,0,1000.000,1.080584,0.690975
9552,2,0.784247,0.882089,210,1,995.424,1.222261,0.679717
9552,3,0.098738,0.907422,34,0,1000.000,1.227442,0.687679
9552,4,0.022780,0.920133,6,0,1000.000,1.346197,0.681530
9552,5,0.019062,0.939101,5,0,1000.000,1.312163,0.693802
9552,6,0.018844,0.926886,7,0,1000.000,1.145663,0.683219
9552,7,0.018828,0.929411,7,0,1000.000,1.400565,0.685466
9600,0,0.018750,0.924108,6,0,1000.000,1.298209,0.688782
9600,1,0.018750,0.926492,3,0,1000.000,1.084228,0.691086
9600,2,0.784247,0.912923,159,0,1000.000,1.232104,0.686495
9600,3,0.098738,0.862652,15,0,1000.000,1.299016,0.680550
9600,4,0.022780,0.918425,5,0,1000.000,1.110654,0.685407
9600,5,0.019062,0.632691,2,0,1000.000,1.547073,0.659629
9600,6,0.018844,0.905133,9,0,1000.000,1.227452,0.679528
9600,7,0.018828,0.923854,1,0,1000.000,0.951746,0.681836
9648,0,0.019927,0.949970,3,0,1000.000,1.250000,0.694956
9648,1,0.019352,0.000000,0,0,0.000,0.000000,0.000000
9648,2,0.021420,0.890453,128,1,996.328,1.231669,0.685972
9648,3,0.042355,0.862256,21,0,1000.000,1.292314,0.679298
9648,4,0.154531,0.937442,6,0,1000.000,1.219833,0.691020
9648,5,0.330694,0.921803,4,0,1000.000,1.205485,0.683823
9648,6,0.307893,0.951002,1,0,1000.000,1.318015,0.705762
9648,7,0.103828,0.784069,7,1,909.143,1.064857,0.668302
9696,0,0.019927,0.766179,5,1,915.800,1.177662,0.650040
9696,1,0.019352,0.952809,3,0,1000.000,1.231697,0.697216
9696,2,0.021420,0.926707,4,1,964.500,0.731525,0.670358
9696,3,0.042355,0.912048,6,0,1000.000,1.347703,0.684163
9696,4,0.154531,0.916885,32,0,1000.000,1.312032,0.689000
9696,5,0.330694,0.878686,60,0,1000.000,1.324575,0.683039
9696,6,0.307893,0.897608,46,0,1000.000,1.280846,0.687725
9696,7,0.103828,0.937379,11,0,1000.000,1.310697,0.694859
9744,0,0.019927,0.930097,4,0,1000.000,1.019857,0.689664
9744,1,0.019352,0.951101,1,0,1000.000,1.421768,0.709759
9744,2,0.021420,0.915813,3,1,923.667,0.833745,0.676957
9744,3,0.042355,0.763893,5,0,1000.000,1.377274,0.665363
9744,4,0.154531,0.878614,30,0,1000.000,1.234387,0.679789
9744,5,0.330694,0.898033,54,0,1000.000,1.279584,0.688170
9744,6,0.307893,0.871519,62,0,1000.000,1.321891,0.684973
9744,7,0.103828,0.717544,18,2,894.111,1.315457,0.640853
9792,0,0.019927,0.693105,7,0,1000.000,1.395267,0.669718
9792,1,0.019352,0.680102,3,0,1000.000,1.459993,0.664765
9792,2,0.021420,0.935099,2,1,732.500,0.684378,0.690306
9792,3,0.042355,0.859714,10,0,1000.000,1.099277,0.679924
9792,4,0.154531,0.876115,28,1,965.929,1.269368,0.676618
9792,5,0.330694,0.855705,54,0,1000.000,1.277497,0.681592
9792,6,0.307893,0.932082,57,0,1000.000,1.235718,0.691957
9792,7,0.103828,0.944107,13,0,1000.000,1.194288,0.688945
9840,0,0.019927,0.940212,3,0,1000.000,1.195551,0.688411
9840,1,0.019352,0.893246,7,0,1000.000,1.210142,0.674096
9840,2,0.021420,0.930085,3,1,772.333,0.855360,0.666919
9840,3,0.042355,0.791358,13,0,1000.000,1.300910,0.670996
9840,4,0.154531,0.914580,38,0,1000.000,1.256150,0.690771
9840,5,0.330694,0.855996,84,0,1000.000,1.298885,0.683161
9840,6,0.307893,0.902667,69,0,1000.000,1.311766,0.692057
9840,7,0.103828,0.876677,24,0,1000.000,1.235347,0.691693
9888,0,0.019927,0.778296,2,0,1000.000,1.407293,0.681021
9888,1,0.019352,0.934395,9,0,1000.000,0.987394,0.694475
9888,2,0.021420,0.845282,10,0,1000.000,1.189631,0.679594
9888,3,0.042355,0.726383,5,0,1000.000,1.308161,0.663398
9888,4,0.154531,0.911672,36,0,1000.000,1.190240,0.691696
9888,5,0.330694,0.864395,69,0,1000.000,1.288042,0.687462
9888,6,0.307893,0.919544,77,0,1000.000,1.179427,0.689552
9888,7,0.103828,0.856330,16,0,1000.000,1.283971,0.686549
9936,0,0.019927,0.718472,4,0,1000.000,1.388210,0.679128
9936,1,0.019352,0.894708,5,0,1000.000,1.106859,0.684220
9936,2,0.021420,0.764174,6,1,896.167,1.193816,0.675125
9936,3,0.042355,0.820016,5,0,1000.000,1.253260,0.672749
9936,4,0.154531,0.894535,35,0,1000.000,1.205907,0.684992
9936,5,0.330694,0.864007,74,0,1000.000,1.236264,0.686623
9936,6,0.307893,0.874603,69,0,1000.000,1.267822,0.685894
9936,7,0.103828,0.861875,24,1,960.125,1.222021,0.677553
9984,0,0.019927,0.936887,7,0,1000.000,1.131176,0.692919
9984,1,0.019352,0.947827,3,0,1000.000,1.107509,0.700319
9984,2,0.021420,0.775221,9,1,946.444,1.276771,0.666123
9984,3,0.042355,0.933885,10,0,1000.000,1.122066,0.687585
9984,4,0.154531,0.839919,25,0,1000.000,1.254329,0.680075
9984,5,0.330694,0.864001,77,1,987.636,1.251982,0.683648
9984,6,0.307893,0.905534,75,0,1000.000,1.237052,0.690538
9984,7,0.103828,0.877210,21,1,962.619,1.198647,0.685537
10032,0,0.019927,0.944451,2,1,829.500,0.664802,0.649188
10032,1,0.019352,0.916875,5,0,1000.000,1.197162,0.684189
10032,2,0.021420,0.810896,7,1,958.143,1.228081,0.681645
10032,3,0.042355,0.716790,6,0,1000.000,1.391223,0.661753
10032,4,0.154531,0.872287,24,0,1000.000,1.257083,0.687840
10032,5,0.330694,0.875074,65,0,1000.000,1.260479,0.687217
10032,6,0.307893,0.895162,47,0,1000.000,1.202482,0.688356
10032,7,0.103828,0.832619,13,0,1000.000,1.275022,0.684998
10080,0,0.019927,0.937987,3,1,811.667,0.761850,0.641736
10080,1,0.019352,0.849667,2,0,1000.000,1.165153,0.679367
10080,2,0.021420,0.939836,5,0,1000.000,1.168697,0.700856
10080,3,0.042355,0.820668,5,0,1000.000,1.451557,0.675763
10080,4,0.154531,0.903039,31,0,1000.000,1.280931,0.686138
10080,5,0.330694,0.854338,49,0,1000.000,1.305716,0.681812
10080,6,0.307893,0.888893,45,0,1000.000,1.278321,0.686529
10080,7,0.103828,0.848367,17,0,1000.000,1.316840,0.678772
10128,0,0.019927,0.835919,7,0,1000.000,1.322961,0.682165
10128,1,0.019352,0.000000,0,0,0.000,0.000000,0.000000
10128,2,0.021420,0.938162,6,1,969.833,1.185037,0.696692
10128,3,0.042355,0.952185,8,0,1000.000,1.110418,0.703237
10128,4,0.154531,0.835752,34,1,972.765,1.256574,0.675222
10128,5,0.330694,0.870997,56,0,1000.000,1.240307,0.684259
10128,6,0.307893,0.888531,50,1,988.240,1.291632,0.686944
10128,7,0.103828,0.908891,18,0,1000.000,1.375415,0.688649
10176,0,0.019927,0.933258,2,0,1000.000,1.276300,0.694913
10176,1,0.019352,0.955663,3,0,1000.000,1.295009,0.704370
10176,2,0.021420,0.947500,3,1,969.667,1.203526,0.707918
10176,3,0.042355,0.899127,6,1,876.833,1.252666,0.687271
10176,4,0.154531,0.911305,27,0,1000.000,1.265198,0.690080
10176,5,0.330694,0.863629,64,0,1000.000,1.250066,0.683963
10176,6,0.307893,0.859649,62,0,1000.000,1.325595,0.682517
10176,7,0.103828,0.909544,14,0,1000.000,1.360473,0.692175
10224,0,0.019927,0.920064,6,0,1000.000,1.170982,0.692445
10224,1,0.019352,0.927794,5,0,1000.000,1.021828,0.686421
10224,2,0.021420,0.927940,6,1,997.167,1.061579,0.679689
10224,3,0.042355,0.899532,9,0,1000.000,1.281746,0.679957
10224,4,0.154531,0.890191,22,0,1000.000,1.182027,0.683272
10224,5,0.330694,0.845060,56,1,991.571,1.308593,0.683138
10224,6,0.307893,0.883105,55,1,988.745,1.179893,0.686370
10224,7,0.103828,0.833598,18,1,951.667,1.190095,0.683804
10272,0,0.019927,0.927165,4,0,1000.000,1.145855,0.695469
10272,1,0.019352,0.934135,5,0,1000.000,1.086499,0.679795
10272,2,0.021420,0.945249,6,0,1000.000,1.128242,0.690835
10272,3,0.042355,0.876980,7,0,1000.000,1.356941,0.684150
10272,4,0.154531,0.856674,27,0,1000.000,1.212101,0.680864
10272,5,0.330694,0.892572,57,2,973.035,1.178416,0.682320
10272,6,0.307893,0.826747,49,2,970.714,1.256797,0.680723
10272,7,0.103828,0.769942,19,2,940.053,1.250783,0.676341
10320,0,0.019927,0.954742,3,0,1000.000,1.305885,0.713023
10320,1,0.019352,0.945875,3,0,1000.000,1.132289,0.699101
10320,2,0.021420,0.629660,6,0,1000.000,1.458035,0.655006
10320,3,0.042355,0.947593,4,0,1000.000,1.270046,0.696062
10320,4,0.154531,0.938939,15,0,1000.000,1.162981,0.692532
10320,5,0.330694,0.909237,52,1,991.904,1.232580,0.691088
10320,6,0.307893,0.874002,40,0,1000.000,1.290266,0.689172
10320,7,0.103828,0.931925,14,0,1000.000,1.280161,0.698503
10368,0,0.019927,0.830280,7,2,951.429,0.829754,0.655814
10368,1,0.019352,0.879455,5,0,1000.000,1.304056,0.692435
10368,2,0.021420,0.939546,4,1,979.000,1.022702,0.690895
10368,3,0.042355,0.890234,11,0,1000.000,1.169554,0.690935
10368,4,0.154531,0.914019,30,0,1000.000,1.203712,0.693731
10368,5,0.330694,0.875476,60,0,1000.000,1.283225,0.687803
10368,6,0.307893,0.880424,70,1,986.229,1.310648,0.686669
10368,7,0.103828,0.839737,18,0,1000.000,1.272299,0.688889
10416,0,0.019927,0.909539,4,0,1000.000,1.314515,0.686256
10416,1,0.019352,0.811362,6,0,1000.000,0.966599,0.672868
10416,2,0.021420,0.948455,4,0,1000.000,1.223135,0.706175
10416,3,0.042355,0.786672,13,1,929.846,1.182937,0.663034
10416,4,0.154531,0.925047,34,0,1000.000,1.214481,0.690928
10416,5,0.330694,0.849825,66,2,973.909,1.241422,0.677322
10416,6,0.307893,0.869530,51,0,1000.000,1.207370,0.679944
10416,7,0.103828,0.839953,19,1,971.421,1.274208,0.680324
10464,0,0.019927,0.938342,6,0,1000.000,1.207945,0.695449
10464,1,0.019352,0.938007,3,0,1000.000,0.989367,0.690733
10464,2,0.021420,0.938004,6,0,1000.000,1.279575,0.697329
10464,3,0.042355,0.773561,13,0,1000.000,1.368817,0.673334
10464,4,0.154531,0.877623,45,0,1000.000,1.220460,0.682965
10464,5,0.330694,0.887165,75,2,974.867,1.203726,0.679361
10464,6,0.307893,0.873424,85,0,1000.000,1.287313,0.682355
10464,7,0.103828,0.902069,21,0,1000.000,1.304084,0.688165
10512,0,0.019927,0.852787,2,0,1000.000,1.532917,0.664771
10512,1,0.019352,0.939524,7,0,1000.000,1.173436,0.686545
10512,2,0.021420,0.952083,3,0,1000.000,1.204809,0.705597
10512,3,0.042355,0.938060,15,0,1000.000,1.254095,0.695641
10512,4,0.154531,0.915466,51,1,988.569,1.193507,0.687558
10512,5,0.330694,0.889252,85,0,1000.000,1.295812,0.682419
10512,6,0.307893,0.881808,76,0,1000.000,1.320985,0.685884
10512,7,0.103828,0.910809,29,0,1000.000,1.286165,0.686680
10560,0,0.019927,0.937299,4,0,1000.000,1.277931,0.687522
10560,1,0.019352,0.871239,8,0,1000.000,1.319416,0.682215
10560,2,0.021420,0.784416,6,1,980.000,1.145702,0.668721
10560,3,0.042355,0.922821,13,0,1000.000,1.167316,0.676598
10560,4,0.154531,0.910854,44,0,1000.000,1.338072,0.688497
10560,5,0.330694,0.897743,86,0,1000.000,1.332186,0.685789
10560,6,0.307893,0.893403,80,1,988.737,1.294417,0.684408
10560,7,0.103828,0.818280,24,0,1000.000,1.307675,0.677739
10608,0,0.019927,0.950270,3,1,862.333,0.748715,0.644624
10608,1,0.019352,0.632869,5,0,1000.000,1.438353,0.656447
10608,2,0.021420,0.936671,3,1,997.333,0.910798,0.684273
10608,3,0.042355,0.829940,12,0,1000.000,1.291420,0.675355
10608,4,0.154531,0.831779,26,0,1000.000,1.435393,0.678532
10608,5,0.330694,0.907593,45,1,980.511,1.274869,0.684049
10608,6,0.307893,0.855231,66,1,986.030,1.356653,0.675668
10608,7,0.103828,0.900715,23,0,1000.000,1.301558,0.688389
10656,0,0.019927,0.805602,3,0,1000.000,1.453078,0.664774
10656,1,0.019352,0.784736,7,0,1000.000,1.432439,0.661457
10656,2,0.021420,0.757988,6,0,1000.000,1.510627,0.661241
10656,3,0.042355,0.708536,11,0,1000.000,1.506545,0.656026
10656,4,0.154531,0.723705,27,1,965.741,1.508140,0.662052
10656,5,0.330694,0.801808,58,1,983.776,1.418844,0.669121
10656,6,0.307893,0.819312,53,0,1000.000,1.387231,0.672111
10656,7,0.103828,0.764776,21,0,1000.000,1.387396,0.665691
10704,0,0.019927,0.451655,3,0,1000.000,1.955924,0.626001
10704,1,0.019352,0.802551,1,0,1000.000,2.051426,0.659242
10704,2,0.021420,0.088941,2,0,1000.000,2.023086,0.590047
10704,3,0.042355,0.275692,5,0,1000.000,2.142371,0.612393
10704,4,0.154531,0.302726,28,1,992.750,2.013733,0.613198
10704,5,0.330694,0.340266,58,1,983.466,1.838668,0.613168
10704,6,0.307893,0.317871,41,1,978.878,1.902252,0.613721
10704,7,0.103828,0.251261,22,0,1000.000,1.999039,0.609276
10752,0,0.019927,0.668375,3,0,1000.000,1.948478,0.663510
10752,1,0.019352,0.429404,5,0,1000.000,1.875194,0.621133
10752,2,0.021420,0.290155,1,0,1000.000,1.788400,0.601318
10752,3,0.042355,0.384861,8,0,1000.000,1.947684,0.620658
10752,4,0.154531,0.497285,22,0,1000.000,1.856978,0.632491
10752,5,0.330694,0.413227,61,0,1000.000,1.908678,0.622525
10752,6,0.307893,0.349280,59,0,1000.000,1.919802,0.616300
10752,7,0.103828,0.360862,23,0,1000.000,1.867920,0.614648
10800,0,0.019927,0.320476,4,0,1000.000,2.110264,0.615902
10800,1,0.019352,0.556787,4,0,1000.000,1.789230,0.636177
10800,2,0.021420,0.609253,3,0,1000.000,1.683565,0.651605
10800,3,0.042355,0.306803,10,0,1000.000,1.994070,0.608222
10800,4,0.154531,0.360675,26,0,1000.000,1.944790,0.617064
10800,5,0.330694,0.365849,55,0,1000.000,2.020872,0.617701
10800,6,0.307893,0.373763,63,1,986.222,1.946800,0.617149
10800,7,0.103828,0.480589,10,0,1000.000,2.022078,0.625653
10848,0,0.019927,0.639751,4,0,1000.000,1.563828,0.656962
10848,1,0.019352,0.382817,8,0,1000.000,2.030600,0.620589
10848,2,0.021420,0.507707,7,0,1000.000,1.812662,0.622701
10848,3,0.042355,0.377896,10,0,1000.000,1.854638,0.616066
10848,4,0.154531,0.418707,35,0,1000.000,1.991300,0.622443
10848,5,0.330694,0.412439,79,0,1000.000,1.941224,0.619915
10848,6,0.307893,0.445346,72,0,1000.000,1.942254,0.624600
10848,7,0.103828,0.383867,24,0,1000.000,1.989923,0.614078
10896,0,0.019927,0.157465,5,0,1000.000,2.134721,0.593590
10896,1,0.019352,0.360032,6,0,1000.000,2.140907,0.617359
10896,2,0.021420,0.434945,2,0,1000.000,2.140583,0.625449
10896,3,0.042355,0.668838,8,0,1000.000,1.781626,0.638329
10896,4,0.154531,0.426371,34,0,1000.000,1.930066,0.613736
10896,5,0.330694,0.421183,77,0,1000.000,1.996093,0.621278
10896,6,0.307893,0.388211,63,1,987.905,1.954026,0.616046
10896,7,0.103828,0.361270,23,0,1000.000,2.111059,0.616512
10944,0,0.019927,0.677289,4,0,1000.000,1.806023,0.641632
10944,1,0.019352,0.364487,3,0,1000.000,2.096651,0.616201
10944,2,0.021420,0.523906,4,0,1000.000,1.933035,0.636107
10944,3,0.042355,0.613557,7,0,1000.000,1.999878,0.632125
10944,4,0.154531,0.427259,36,1,973.583,1.817926,0.605639
10944,5,0.330694,0.445593,74,1,991.770,1.968146,0.618947
10944,6,0.307893,0.397861,70,0,1000.000,2.018515,0.618131
10944,7,0.103828,0.480142,24,0,1000.000,1.976268,0.625853
10992,0,0.019927,0.534602,7,1,868.143,1.610092,0.586402
10992,1,0.019352,0.314257,3,0,1000.000,2.130863,0.612004
10992,2,0.021420,0.184113,1,0,1000.000,2.132076,0.600677
10992,3,0.042355,0.413378,7,0,1000.000,2.121644,0.615329
10992,4,0.154531,0.459652,28,0,1000.000,1.946746,0.620151
10992,5,0.330694,0.450878,92,0,1000.000,2.024613,0.616923
10992,6,0.307893,0.341813,64,0,1000.000,2.063772,0.608555
10992,7,0.103828,0.445824,19,0,1000.000,2.006956,0.617682
11040,0,0.019927,0.507316,6,0,1000.000,2.116278,0.622482
11040,1,0.019352,0.375480,2,0,1000.000,2.174834,0.610592
11040,2,0.021420,0.420755,2,0,1000.000,2.062902,0.609967
11040,3,0.042355,0.488578,12,0,1000.000,1.786788,0.609259
11040,4,0.154531,0.401770,26,0,1000.000,2.109625,0.610410
11040,5,0.330694,0.478112,50,0,1000.000,2.097100,0.620108
11040,6,0.307893,0.452426,48,0,1000.000,2.066096,0.616546
11040,7,0.103828,0.454238,15,1,936.933,1.951380,0.600182
11088,0,0.019927,0.149809,1,0,1000.000,1.973109,0.588478
11088,1,0.019352,0.000000,0,0,0.000,0.000000,0.000000
11088,2,0.021420,0.399760,2,0,1000.000,2.078433,0.612022
11088,3,0.042355,0.318292,6,0,1000.000,2.142993,0.602301
11088,4,0.154531,0.444033,26,0,1000.000,1.952514,0.616119
11088,5,0.330694,0.438357,52,0,1000.000,2.155127,0.614291
11088,6,0.307893,0.379324,54,0,1000.000,2.074110,0.610743
11088,7,0.103828,0.509040,22,0,1000.000,2.033657,0.618918
11136,0,0.019927,0.486938,5,0,1000.000,2.134820,0.617910
11136,1,0.019352,0.035770,1,0,1000.000,2.036767,0.564658
11136,2,0.021420,0.320111,5,0,1000.000,2.230254,0.602444
11136,3,0.042355,0.360164,6,0,1000.000,2.187883,0.607689
11136,4,0.154531,0.479540,31,0,1000.000,2.124797,0.615739
11136,5,0.330694,0.483104,66,1,988.515,2.054700,0.617755
11136,6,0.307893,0.425305,61,0,1000.000,2.100150,0.614235
11136,7,0.103828,0.433167,15,0,1000.000,2.042279,0.608812
11232,0,0.019927,0.469343,5,1,899.000,1.825266,0.604825
11232,1,0.019352,0.474957,4,0,1000.000,2.100586,0.622728
11232,2,0.021420,0.490106,17,0,1000.000,2.161132,0.614383
11232,3,0.042355,0.360246,14,0,1000.000,2.263147,0.601514
11232,4,0.154531,0.519002,55,0,1000.000,2.074384,0.611427
11232,5,0.330694,0.467598,115,0,1000.000,2.118526,0.611264
11232,6,0.307893,0.484174,96,1,990.302,2.149425,0.611709
11232,7,0.103828,0.526723,43,0,1000.000,2.122360,0.618680
11328,0,0.019927,0.529131,8,1,921.875,1.916639,0.597179
11328,1,0.019352,0.474775,5,0,1000.000,2.108920,0.600935
11328,2,0.021420,0.424796,6,0,1000.000,1.753356,0.595694
11328,3,0.042355,0.422264,16,0,1000.000,2.255022,0.601131
11328,4,0.154531,0.528649,43,0,1000.000,2.176479,0.613610
11328,5,0.330694,0.510868,94,2,979.904,2.122668,0.611075
11328,6,0.307893,0.467153,102,1,990.863,2.226979,0.603561
11328,7,0.103828,0.497729,32,0,1000.000,2.113204,0.607689
11376,0,0.019927,0.567706,10,2,869.100,1.746154,0.593896
11376,1,0.019352,0.784673,3,0,1000.000,2.138335,0.630429
11376,2,0.021420,0.687880,7,0,1000.000,1.686859,0.615279
11376,3,0.042355,0.627125,7,0,1000.000,1.854626,0.626496
11376,4,0.154531,0.627105,28,0,1000.000,2.111886,0.613288
11376,5,0.330694,0.467753,58,0,1000.000,2.282280,0.600787
11376,6,0.307893,0.532848,65,0,1000.000,2.202537,0.610276
11376,7,0.103828,0.328103,25,1,964.280,2.238473,0.586746
11424,0,0.019927,0.276309,2,0,1000.000,2.337234,0.579829
11424,1,0.019352,0.740906,3,0,1000.000,2.270349,0.625201
11424,2,0.021420,0.491585,3,0,1000.000,1.936207,0.608981
11424,3,0.042355,0.428853,9,0,1000.000,2.263288,0.598873
11424,4,0.154531,0.506153,29,0,1000.000,2.196914,0.603467
11424,5,0.330694,0.528034,69,0,1000.000,2.171455,0.604093
11424,6,0.307893,0.508737,77,1,987.532,2.190706,0.599377
11424,7,0.103828,0.593294,18,0,1000.000,2.121785,0.610503
11472,0,0.019927,0.860764,4,1,819.750,1.044735,0.624317
11472,1,0.019352,0.453798,3,0,1000.000,2.264543,0.593346
11472,2,0.021420,0.582615,8,0,1000.000,2.022476,0.613128
11472,3,0.042355,0.518657,11,0,1000.000,2.240570,0.601206
11472,4,0.154531,0.537582,42,0,1000.000,2.119155,0.602758
11472,5,0.330694,0.615361,106,0,1000.000,2.046880,0.606130
11472,6,0.307893,0.500717,70,1,986.800,2.168576,0.597305
11472,7,0.103828,0.490176,34,0,1000.000,2.239096,0.598179
11520,0,0.019927,0.594627,7,2,850.714,1.534517,0.579606
11520,1,0.019352,0.715795,4,0,1000.000,1.973161,0.616570
11520,2,0.021420,0.532863,5,0,1000.000,2.260201,0.597578
11520,3,0.042355,0.361391,9,0,1000.000,2.281149,0.592408
11520,4,0.154531,0.656180,35,0,1000.000,2.145969,0.609474
11520,5,0.330694,0.498731,82,0,1000.000,2.219221,0.594641
11520,6,0.307893,0.553761,96,0,1000.000,2.253627,0.602677
11520,7,0.103828,0.553357,19,0,1000.000,2.042503,0.609207
11568,0,0.019927,0.540620,6,0,1000.000,2.357184,0.595288
11568,1,0.019352,0.660969,3,0,1000.000,2.327643,0.605933
11568,2,0.021420,0.439907,5,0,1000.000,2.300857,0.585251
11568,3,0.042355,0.444116,14,0,1000.000,2.345264,0.588456
11568,4,0.154531,0.606351,51,0,1000.000,2.105485,0.603750
11568,5,0.330694,0.533532,77,1,987.701,2.087784,0.593297
11568,6,0.307893,0.523963,81,1,988.765,2.273347,0.594126
11568,7,0.103828,0.585154,20,1,955.150,2.030166,0.593941
11616,0,0.019927,0.765113,3,1,751.333,1.377525,0.561796
11616,1,0.019352,0.637163,3,0,1000.000,2.132963,0.596645
11616,2,0.021420,0.835719,2,0,1000.000,2.093262,0.617877
11616,3,0.042355,0.562159,8,0,1000.000,2.270202,0.593657
11616,4,0.154531,0.564898,28,0,1000.000,2.149133,0.595310
11616,5,0.330694,0.546714,58,0,1000.000,2.256439,0.596188
11616,6,0.307893,0.528172,56,0,1000.000,2.148776,0.594007
11616,7,0.103828,0.605530,18,0,1000.000,2.260271,0.602058
11664,0,0.019927,0.420236,6,1,855.167,1.987998,0.547154
11664,1,0.019352,0.797324,1,0,1000.000,2.460426,0.607590
11664,2,0.021420,0.416849,2,0,1000.000,2.289878,0.576473
11664,3,0.042355,0.584577,6,0,1000.000,2.209080,0.598474
11664,4,0.154531,0.595060,36,0,1000.000,2.209673,0.594819
11664,5,0.330694,0.504014,47,0,1000.000,2.231252,0.592633
11664,6,0.307893,0.529366,65,3,963.723,2.161374,0.586860
11664,7,0.103828,0.489788,18,0,1000.000,2.167495,0.589533
11712,0,0.019927,0.644086,4,2,759.000,1.204551,0.520342
11712,1,0.019352,0.000000,0,0,0.000,0.000000,0.000000
11712,2,0.021420,0.386520,2,0,1000.000,2.436725,0.576349
11712,3,0.042355,0.551091,6,0,1000.000,2.290304,0.591291
11712,4,0.154531,0.563679,18,0,1000.000,2.079851,0.591461
11712,5,0.330694,0.527975,62,1,984.516,2.233469,0.585969
11712,6,0.307893,0.609417,52,0,1000.000,2.175020,0.599519
11712,7,0.103828,0.579628,19,1,980.947,2.255001,0.590707
11760,0,0.019927,0.781157,9,4,777.333,1.292520,0.563732
11760,1,0.019352,0.746001,2,0,1000.000,2.116574,0.600778
11760,2,0.021420,0.549283,4,0,1000.000,2.369196,0.589495
11760,3,0.042355,0.558178,11,0,1000.000,2.333100,0.592000
11760,4,0.154531,0.556330,27,0,1000.000,2.292412,0.589607
11760,5,0.330694,0.583572,74,0,1000.000,2.239003,0.594150
11760,6,0.307893,0.538351,48,0,1000.000,2.262134,0.591065
11760,7,0.103828,0.456184,11,0,1000.000,2.390993,0.581696
11808,0,0.019927,0.669700,3,2,604.667,0.764490,0.489888
11808,1,0.019352,0.494477,6,0,1000.000,2.404340,0.580547
11808,2,0.021420,0.489480,3,0,1000.000,2.280272,0.587887
11808,3,0.042355,0.611932,9,0,1000.000,2.258128,0.592718
11808,4,0.154531,0.590779,30,0,1000.000,2.167816,0.589030
11808,5,0.330694,0.557910,69,0,1000.000,2.282532,0.593962
11808,6,0.307893,0.672123,51,0,1000.000,2.117787,0.603078
11808,7,0.103828,0.717421,17,0,1000.000,1.979295,0.607657
11856,0,0.019927,0.472419,7,0,1000.000,2.257247,0.588321
11856,1,0.019352,0.614776,5,0,1000.000,2.358653,0.594233
11856,2,0.021420,0.672429,9,0,1000.000,2.308621,0.600407
11856,3,0.042355,0.675223,17,0,1000.000,2.035427,0.581650
11856,4,0.154531,0.634923,33,0,1000.000,2.099232,0.595037
11856,5,0.330694,0.645818,67,0,1000.000,2.277685,0.596575
11856,6,0.307893,0.608868,70,0,1000.000,2.231927,0.595033
11856,7,0.103828,0.606936,24,0,1000.000,2.361552,0.594947
11904,0,0.019927,0.906074,4,2,651.000,1.159866,0.534507
11904,1,0.019352,0.401093,1,0,1000.000,2.560110,0.575027
11904,2,0.021420,0.624726,2,0,1000.000,2.414601,0.590516
11904,3,0.042355,0.718524,6,0,1000.000,2.276356,0.600209
11904,4,0.154531,0.596246,37,0,1000.000,2.366215,0.589632
11904,5,0.330694,0.602028,75,1,987.160,2.269357,0.590235
11904,6,0.307893,0.636206,70,1,987.257,2.145938,0.586407
11904,7,0.103828,0.646135,21,2,913.619,2.051972,0.578580
11952,0,0.019927,0.576510,5,0,1000.000,2.396798,0.588192
11952,1,0.019352,0.505938,1,0,1000.000,2.447290,0.583748
11952,2,0.021420,0.705535,4,0,1000.000,2.437305,0.599110
11952,3,0.042355,0.588065,10,0,1000.000,2.137289,0.584112
11952,4,0.154531,0.644496,38,0,1000.000,2.265943,0.592244
11952,5,0.330694,0.638099,72,0,1000.000,2.237361,0.593488
11952,6,0.307893,0.608229,79,0,1000.000,2.285849,0.592620
11952,7,0.103828,0.636576,21,1,955.333,1.744635,0.569484
12000,0,0.019927,0.727171,6,0,1000.000,1.978342,0.584689
12000,1,0.019352,0.660951,10,0,1000.000,2.110320,0.604425
12000,2,0.021420,0.325682,2,0,1000.000,2.515570,0.565273
12000,3,0.042355,0.721634,8,0,1000.000,2.364312,0.594959
12000,4,0.154531,0.589988,33,0,1000.000,2.285663,0.585321
12000,5,0.330694,0.575352,65,0,1000.000,2.298570,0.590049
12000,6,0.307893,0.587282,69,0,1000.000,2.294361,0.586998
12000,7,0.103828,0.583755,21,0,1000.000,2.335929,0.579483
12048,0,0.025016,0.730594,3,1,696.333,1.764545,0.551415
12048,1,0.022996,0.425954,4,0,1000.000,2.555112,0.571382
12048,2,0.020846,0.899832,1,0,1000.000,2.043371,0.599758
12048,3,0.020597,0.618755,5,0,1000.000,2.422613,0.586966
12048,4,0.029879,0.593892,23,0,1000.000,2.349643,0.581465
12048,5,0.065285,0.605261,58,0,1000.000,2.347444,0.585711
12048,6,0.180461,0.644671,39,0,1000.000,2.174601,0.595985
12048,7,0.634919,0.565532,19,1,950.316,2.329943,0.571354
12096,0,0.025016,0.707821,5,1,818.800,1.927663,0.556109
12096,1,0.022996,0.393041,4,0,1000.000,2.300565,0.569807
12096,2,0.020846,0.356003,2,0,1000.000,2.444849,0.553833
12096,3,0.020597,0.520143,2,0,1000.000,2.312294,0.574540
12096,4,0.029879,0.630676,10,0,1000.000,2.246925,0.590043
12096,5,0.065285,0.573500,11,0,1000.000,2.194666,0.570245
12096,6,0.180461,0.729635,19,0,1000.000,2.157964,0.594540
12096,7,0.634919,0.656163,107,0,1000.000,2.205023,0.590476
12144,0,0.025016,0.625956,3,1,698.333,1.619585,0.548674
12144,1,0.022996,0.483352,4,0,1000.000,2.480313,0.571778
12144,2,0.020846,0.764118,1,0,1000.000,2.508810,0.586777
12144,3,0.020597,0.545301,3,0,1000.000,2.444505,0.574701
12144,4,0.029879,0.601509,8,0,1000.000,2.537295,0.584061
12144,5,0.065285,0.578410,16,0,1000.000,2.286297,0.581615
12144,6,0.180461,0.689945,36,0,1000.000,2.193100,0.594328
12144,7,0.634919,0.647043,134,0,1000.000,2.258636,0.588121
12192,0,0.025016,0.713892,3,1,704.000,1.510909,0.513325
12192,1,0.022996,0.521409,3,0,1000.000,2.463611,0.571833
12192,2,0.020846,0.535882,3,0,1000.000,1.825218,0.600047
12192,3,0.020597,0.738137,5,0,1000.000,2.345197,0.600089
12192,4,0.029879,0.000000,0,0,0.000,0.000000,0.000000
12192,5,0.065285,0.747074,6,0,1000.000,2.427110,0.597262
12192,6,0.180461,0.681054,34,0,1000.000,2.178328,0.597452
12192,7,0.634919,0.644334,109,0,1000.000,2.366677,0.587583
12240,0,0.025016,0.642328,6,0,1000.000,2.455232,0.584612
12240,1,0.022996,0.687498,3,0,1000.000,2.395624,0.587240
12240,2,0.020846,0.567268,4,0,1000.000,2.084854,0.597301
12240,3,0.020597,0.510763,4,0,1000.000,2.009438,0.587440
12240,4,0.029879,0.646366,5,0,1000.000,2.499695,0.589015
12240,5,0.065285,0.585374,6,0,1000.000,2.450683,0.585351
12240,6,0.180461,0.653555,30,0,1000.000,2.276603,0.588494
12240,7,0.634919,0.663579,119,1,992.336,2.238969,0.584289
12288,0,0.025016,0.557725,6,0,1000.000,2.470648,0.573678
12288,1,0.022996,0.441317,3,0,1000.000,2.281184,0.559057
12288,2,0.020846,0.941082,1,0,1000.000,2.123428,0.656806
12288,3,0.020597,0.570930,3,0,1000.000,2.469942,0.574299
12288,4,0.029879,0.713770,6,0,1000.000,2.322207,0.602172
12288,5,0.065285,0.626487,18,0,1000.000,2.435614,0.585223
12288,6,0.180461,0.556124,32,0,1000.000,2.403138,0.569867
12288,7,0.634919,0.658869,87,1,989.598,2.204972,0.580648
12336,0,0.025016,0.729512,7,2,969.286,1.528489,0.545179
12336,1,0.022996,0.851181,2,0,1000.000,2.378834,0.605666
12336,2,0.020846,0.796914,7,0,1000.000,2.488913,0.596124
12336,3,0.020597,0.487706,3,0,1000.000,1.901087,0.586478
12336,4,0.029879,0.726050,4,0,1000.000,2.192862,0.618525
12336,5,0.065285,0.713107,10,0,1000.000,2.208126,0.594858
12336,6,0.180461,0.706218,16,0,1000.000,2.349764,0.591890
12336,7,0.634919,0.674153,97,2,980.402,2.230981,0.582009
12384,0,0.025016,0.741252,8,1,921.250,1.806228,0.562865
12384,1,0.022996,0.699667,6,0,1000.000,2.304881,0.587372
12384,2,0.020846,0.653335,8,0,1000.000,2.304760,0.591280
12384,3,0.020597,0.864490,5,0,1000.000,2.325645,0.611520
12384,4,0.029879,0.861923,3,0,1000.000,1.746637,0.631462
12384,5,0.065285,0.680752,14,0,1000.000,2.454408,0.588162
12384,6,0.180461,0.685446,46,0,1000.000,2.196700,0.586397
12384,7,0.634919,0.742521,120,0,1000.000,2.361146,0.593258
12432,0,0.025016,0.645132,2,0,1000.000,2.377942,0.588402
12432,1,0.022996,0.663095,4,0,1000.000,2.367101,0.583984
12432,2,0.020846,0.698562,4,0,1000.000,2.029009,0.606141
12432,3,0.020597,0.577572,6,0,1000.000,1.999792,0.567350
12432,4,0.029879,0.638390,11,0,1000.000,2.392608,0.586241
12432,5,0.065285,0.713557,12,0,1000.000,2.317550,0.596239
12432,6,0.180461,0.674659,51,1,981.667,2.265489,0.579295
12432,7,0.634919,0.655298,132,1,993.076,2.336797,0.580690
12480,0,0.025016,0.669108,8,0,1000.000,2.364336,0.582667
12480,1,0.022996,0.783733,8,0,1000.000,2.144301,0.580694
12480,2,0.020846,0.668333,2,0,1000.000,2.586662,0.582754
12480,3,0.020597,0.620515,4,0,1000.000,2.381429,0.567198
12480,4,0.029879,0.732558,13,0,1000.000,2.210894,0.599604
12480,5,0.065285,0.710564,21,0,1000.000,2.250900,0.576307
12480,6,0.180461,0.631749,48,0,1000.000,2.307436,0.577212
12480,7,0.634919,0.654457,171,1,994.415,2.344788,0.582132
12528,0,0.025016,0.659809,12,1,923.667,2.253338,0.568432
12528,1,0.022996,0.699037,9,0,1000.000,2.190061,0.595705
12528,2,0.020846,0.691030,6,0,1000.000,2.198225,0.593930
12528,3,0.020597,0.760033,4,0,1000.000,2.397998,0.579511
12528,4,0.029879,0.420481,6,0,1000.000,2.457313,0.557237
12528,5,0.065285,0.650074,21,0,1000.000,2.250191,0.575149
12528,6,0.180461,0.663617,47,0,1000.000,2.199000,0.585376
12528,7,0.634919,0.636336,167,1,994.545,2.321693,0.578134
12576,0,0.025016,0.666481,9,0,1000.000,2.461311,0.576470
12576,1,0.022996,0.785273,6,0,1000.000,2.401304,0.608837
12576,2,0.020846,0.589571,4,0,1000.000,2.532090,0.571749
12576,3,0.020597,0.773050,3,0,1000.000,2.498703,0.585216
12576,4,0.029879,0.687882,12,0,1000.000,2.432372,0.580598
12576,5,0.065285,0.534454,16,1,942.000,2.363469,0.566787
12576,6,0.180461,0.578648,51,0,1000.000,2.328751,0.578933
12576,7,0.634919,0.640544,131,2,985.672,2.344833,0.575607
12624,0,0.025016,0.583828,4,0,1000.000,2.621710,0.573664
12624,1,0.022996,0.740799,3,0,1000.000,2.182981,0.587160
12624,2,0.020846,0.655364,3,0,1000.000,2.299796,0.576625
12624,3,0.020597,0.485596,5,0,1000.000,2.496203,0.562312
12624,4,0.029879,0.820559,6,0,1000.000,2.113705,0.598209
12624,5,0.065285,0.629956,20,0,1000.000,2.372347,0.572901
12624,6,0.180461,0.594966,21,1,955.857,2.297710,0.577502
12624,7,0.634919,0.636499,113,1,991.823,2.330194,0.578135
12672,0,0.025016,0.629724,4,1,805.750,1.931108,0.536862
12672,1,0.022996,0.656078,2,0,1000.000,1.486287,0.597918
12672,2,0.020846,0.674229,5,0,1000.000,2.399905,0.577965
12672,3,0.020597,0.805628,4,0,1000.000,1.979396,0.601000
12672,4,0.029879,0.472238,5,0,1000.000,2.482949,0.561250
12672,5,0.065285,0.718505,15,0,1000.000,2.178293,0.595500
12672,6,0.180461,0.661811,35,0,1000.000,2.304530,0.580989
12672,7,0.634919,0.635860,107,4,964.888,2.259792,0.571523
12720,0,0.025016,0.650376,4,0,1000.000,1.860940,0.544088
12720,1,0.022996,0.770391,4,0,1000.000,2.332190,0.591269
12720,2,0.020846,0.819041,1,0,1000.000,2.585505,0.592579
12720,3,0.020597,0.689472,4,0,1000.000,2.357561,0.575224
12720,4,0.029879,0.827435,2,0,1000.000,1.393593,0.616404
12720,5,0.065285,0.630568,8,0,1000.000,2.164824,0.563756
12720,6,0.180461,0.711397,33,0,1000.000,2.276189,0.584210
12720,7,0.634919,0.684859,107,1,991.832,2.329181,0.583770
12768,0,0.025016,0.903871,2,0,1000.000,2.223236,0.615697
12768,1,0.022996,0.653973,3,1,802.333,1.714671,0.572671
12768,2,0.020846,0.585920,4,0,1000.000,2.623312,0.571142
12768,3,0.020597,0.731040,4,0,1000.000,2.331793,0.584310
12768,4,0.029879,0.626690,4,0,1000.000,2.265577,0.582393
12768,5,0.065285,0.570636,18,0,1000.000,2.397885,0.569142
12768,6,0.180461,0.743723,34,0,1000.000,2.365999,0.590013
12768,7,0.634919,0.671289,127,1,992.677,2.287531,0.582791
12816,0,0.025016,0.793817,9,1,927.111,2.000580,0.579196
12816,1,0.022996,0.616776,10,1,906.100,2.169797,0.562593
12816,2,0.020846,0.730102,3,0,1000.000,2.350118,0.584984
12816,3,0.020597,0.635144,5,0,1000.000,2.365769,0.564678
12816,4,0.029879,0.639676,4,0,1000.000,2.361189,0.575825
12816,5,0.065285,0.731917,13,0,1000.000,2.404747,0.594377
12816,6,0.180461,0.656764,36,0,1000.000,2.350154,0.584508
12816,7,0.634919,0.639668,110,0,1000.000,2.363708,0.572173
12864,0,0.025016,0.775220,3,0,1000.000,2.584689,0.582588
12864,1,0.022996,0.587250,4,1,825.500,1.982819,0.549385
12864,2,0.020846,0.657998,4,0,1000.000,2.403617,0.574595
12864,3,0.020597,0.679903,11,0,1000.000,2.394538,0.580822
12864,4,0.029879,0.557805,9,0,1000.000,2.587815,0.572494
12864,5,0.065285,0.691662,13,0,1000.000,2.454125,0.585947
12864,6,0.180461,0.676108,37,0,1000.000,2.338941,0.580280
12864,7,0.634919,0.669886,154,1,993.799,2.367496,0.582392
12912,0,0.025016,0.569940,3,0,1000.000,2.691882,0.564630
12912,1,0.022996,0.675461,3,0,1000.000,2.503228,0.577262
12912,2,0.020846,0.664907,3,0,1000.000,2.486490,0.573985
12912,3,0.020597,0.745938,3,0,1000.000,1.739891,0.536082
12912,4,0.029879,0.713057,7,0,1000.000,2.319606,0.585871
12912,5,0.065285,0.831863,9,0,1000.000,2.046446,0.611398
12912,6,0.180461,0.664765,36,0,1000.000,2.397168,0.576672
12912,7,0.634919,0.689059,148,1,993.669,2.360015,0.580877
12960,0,0.025016,0.674602,13,2,905.385,1.951711,0.558724
12960,1,0.022996,0.594628,6,1,970.000,2.245465,0.571335
12960,2,0.020846,0.553085,3,0,1000.000,2.645664,0.566304
12960,3,0.020597,0.723594,1,0,1000.000,2.327000,0.567483
12960,4,0.029879,0.880822,4,0,1000.000,2.289548,0.604213
12960,5,0.065285,0.656052,23,1,958.783,2.364702,0.573079
12960,6,0.180461,0.725011,42,0,1000.000,2.237593,0.586853
12960,7,0.634919,0.710527,154,0,1000.000,2.411134,0.579897
13008,0,0.025016,0.619350,5,0,1000.000,2.459469,0.571409
13008,1,0.022996,0.672507,4,0,1000.000,2.585224,0.573646
13008,2,0.020846,0.697712,4,0,1000.000,2.147782,0.596332
13008,3,0.020597,0.792853,6,0,1000.000,2.081903,0.597201
13008,4,0.029879,0.691812,4,0,1000.000,2.403001,0.587960
13008,5,0.065285,0.740130,10,0,1000.000,2.168694,0.597057
13008,6,0.180461,0.707878,30,0,1000.000,2.282315,0.576668
13008,7,0.634919,0.686045,136,2,986.581,2.405802,0.577941
13056,0,0.025016,0.177948,1,0,1000.000,2.425930,0.533833
13056,1,0.022996,0.870178,3,0,1000.000,2.338263,0.593206
13056,2,0.020846,0.432494,3,0,1000.000,2.480465,0.547863
13056,3,0.020597,0.628376,4,0,1000.000,1.634944,0.561336
13056,4,0.029879,0.560227,3,0,1000.000,2.604139,0.570093
13056,5,0.065285,0.696729,8,0,1000.000,2.172896,0.580656
13056,6,0.180461,0.603789,28,0,1000.000,2.416576,0.568039
13056,7,0.634919,0.626029,97,0,1000.000,2.396834,0.577398
13104,0,0.025016,0.361349,6,0,1000.000,2.674802,0.547851
13104,1,0.022996,0.414101,5,0,1000.000,2.643531,0.553408
13104,2,0.020846,0.428555,4,1,960.000,2.170451,0.579955
13104,3,0.020597,0.496419,2,0,1000.000,1.452057,0.562360
13104,4,0.029879,0.356990,8,0,1000.000,2.662218,0.551493
13104,5,0.065285,0.328481,11,0,1000.000,2.573729,0.546844
13104,6,0.180461,0.429696,31,0,1000.000,2.347398,0.552432
13104,7,0.634919,0.393566,101,0,1000.000,2.467502,0.556183
13152,0,0.025016,0.282247,2,0,1000.000,2.742990,0.544835
13152,1,0.022996,0.442583,3,0,1000.000,2.100395,0.576565
13152,2,0.020846,0.296450,2,0,1000.000,2.815616,0.556391
13152,3,0.020597,0.492806,2,0,1000.000,2.808106,0.562882
13152,4,0.029879,0.389602,6,0,1000.000,2.695172,0.551602
13152,5,0.065285,0.435209,10,0,1000.000,2.443425,0.561053
13152,6,0.180461,0.435071,44,0,1000.000,2.430370,0.556533
13152,7,0.634919,0.438394,120,0,1000.000,2.400356,0.555339
13200,0,0.025016,0.350753,7,0,1000.000,2.707250,0.549698
13200,1,0.022996,0.496911,2,0,1000.000,2.706612,0.568931
13200,2,0.020846,0.491217,5,0,1000.000,2.081985,0.550920
13200,3,0.020597,0.591791,5,0,1000.000,2.044108,0.579062
13200,4,0.029879,0.251748,5,0,1000.000,2.657812,0.542024
13200,5,0.065285,0.495750,9,0,1000.000,2.592350,0.564780
13200,6,0.180461,0.418621,31,0,1000.000,2.517028,0.554556
13200,7,0.634919,0.394668,102,0,1000.000,2.521752,0.553378
13248,0,0.025016,0.415816,7,0,1000.000,2.502687,0.550805
13248,1,0.022996,0.494380,3,0,1000.000,1.999550,0.574643
13248,2,0.020846,0.540569,4,0,1000.000,2.501381,0.569370
13248,3,0.020597,0.474945,7,0,1000.000,2.057972,0.576839
13248,4,0.029879,0.440292,5,0,1000.000,2.692795,0.551051
13248,5,0.065285,0.420525,14,0,1000.000,2.470125,0.561652
13248,6,0.180461,0.468942,29,0,1000.000,2.394180,0.557607
13248,7,0.634919,0.421827,111,1,991.595,2.479930,0.550566
13296,0,0.025016,0.561350,4,0,1000.000,2.507171,0.570039
13296,1,0.022996,0.511874,5,0,1000.000,2.721609,0.562377
13296,2,0.020846,0.272874,2,0,1000.000,2.741441,0.545244
13296,3,0.020597,0.275464,2,0,1000.000,2.801783,0.541084
13296,4,0.029879,0.366459,6,0,1000.000,2.737995,0.549460
13296,5,0.065285,0.441053,4,0,1000.000,2.736986,0.558285
13296,6,0.180461,0.399565,31,0,1000.000,2.558302,0.556383
13296,7,0.634919,0.402492,95,0,1000.000,2.601693,0.554494
13344,0,0.025016,0.472440,2,0,1000.000,2.734720,0.557637
13344,1,0.022996,0.508489,7,0,1000.000,2.312950,0.573627
13344,2,0.020846,0.488622,3,0,1000.000,2.615605,0.560065
13344,3,0.020597,0.422780,2,0,1000.000,2.758876,0.553672
13344,4,0.029879,0.360868,5,0,1000.000,2.724140,0.552234
13344,5,0.065285,0.521269,17,0,1000.000,2.437057,0.569998
13344,6,0.180461,0.381276,25,0,1000.000,2.563822,0.552047
13344,7,0.634919,0.453374,93,1,989.849,2.409500,0.564382
13392,0,0.025016,0.293822,3,0,1000.000,2.863580,0.543634
13392,1,0.022996,0.377013,3,0,1000.000,2.586536,0.548426
13392,2,0.020846,0.420543,10,0,1000.000,2.520631,0.562333
13392,3,0.020597,0.538024,7,0,1000.000,2.369433,0.571732
13392,4,0.029879,0.380882,8,0,1000.000,2.738568,0.551598
13392,5,0.065285,0.388673,11,0,1000.000,2.645948,0.548217
13392,6,0.180461,0.457864,38,0,1000.000,2.610234,0.560742
13392,7,0.634919,0.416771,135,0,1000.000,2.504142,0.555173
13440,0,0.025016,0.531193,7,1,932.143,2.110882,0.540975
13440,1,0.022996,0.236004,1,0,1000.000,2.695388,0.532261
13440,2,0.020846,0.556460,5,0,1000.000,2.544103,0.576890
13440,3,0.020597,0.404185,7,0,1000.000,2.719437,0.553579
13440,4,0.029879,0.485606,13,0,1000.000,2.413694,0.552566
13440,5,0.065285,0.290406,12,0,1000.000,2.713121,0.543222
13440,6,0.180461,0.448120,36,0,1000.000,2.448474,0.554483
13440,7,0.634919,0.456745,142,0,1000.000,2.509041,0.556742
13488,0,0.025016,0.477446,11,0,1000.000,2.407916,0.550127
13488,1,0.022996,0.406990,11,0,1000.000,2.446083,0.561047
13488,2,0.020846,0.328212,7,0,1000.000,2.745728,0.546921
13488,3,0.020597,0.362771,7,0,1000.000,2.639910,0.548354
13488,4,0.029879,0.316175,4,0,1000.000,2.874618,0.551051
13488,5,0.065285,0.524644,14,0,1000.000,2.551517,0.566586
13488,6,0.180461,0.470548,46,0,1000.000,2.533565,0.563347
13488,7,0.634919,0.428911,172,1,994.517,2.459299,0.553118
13536,0,0.025016,0.474314,13,1,983.692,2.336100,0.546797
13536,1,0.022996,0.291329,5,0,1000.000,2.573973,0.539101
13536,2,0.020846,0.415871,7,0,1000.000,2.237034,0.566872
13536,3,0.020597,0.429643,6,0,1000.000,2.632912,0.553436
13536,4,0.029879,0.370201,7,0,1000.000,2.754341,0.550324
13536,5,0.065285,0.420255,14,0,1000.000,2.418839,0.549183
13536,6,0.180461,0.466831,54,1,994.278,2.503699,0.555034
13536,7,0.634919,0.438784,171,1,994.368,2.529357,0.554341
13584,0,0.025016,0.342762,8,0,1000.000,2.763907,0.547405
13584,1,0.022996,0.349732,8,0,1000.000,2.734637,0.550018
13584,2,0.020846,0.392185,4,0,1000.000,2.511581,0.547929
13584,3,0.020597,0.471432,3,0,1000.000,2.716043,0.553701
13584,4,0.029879,0.362564,8,0,1000.000,2.711126,0.549284
13584,5,0.065285,0.437766,13,0,1000.000,2.558128,0.550865
13584,6,0.180461,0.480096,40,1,976.525,2.288237,0.554897
13584,7,0.634919,0.482198,135,2,986.111,2.459392,0.558637
13632,0,0.025016,0.293522,4,0,1000.000,2.752629,0.546678
13632,1,0.022996,0.000000,0,0,0.000,0.000000,0.000000
13632,2,0.020846,0.291638,2,0,1000.000,2.631461,0.532747
13632,3,0.020597,0.372977,6,0,1000.000,2.816399,0.546019
13632,4,0.029879,0.463526,6,0,1000.000,2.650921,0.559752
13632,5,0.065285,0.476531,11,0,1000.000,2.761676,0.561376
13632,6,0.180461,0.365875,33,0,1000.000,2.652571,0.549764
13632,7,0.634919,0.476800,104,1,990.894,2.496279,0.559718
13680,0,0.025016,0.469659,8,0,1000.000,2.581552,0.561500
13680,1,0.022996,0.432188,5,0,1000.000,2.145635,0.556040
13680,2,0.020846,0.460105,3,0,1000.000,2.940119,0.561151
13680,3,0.020597,0.553569,5,0,1000.000,2.548455,0.580239
13680,4,0.029879,0.207504,1,0,1000.000,2.635132,0.531908
13680,5,0.065285,0.553090,12,0,1000.000,2.444233,0.572084
13680,6,0.180461,0.471174,26,0,1000.000,2.625118,0.563892
13680,7,0.634919,0.420120,117,0,1000.000,2.577460,0.554057
13728,0,0.025016,0.766564,4,0,1000.000,1.895044,0.593794
13728,1,0.022996,0.348018,5,0,1000.000,2.742204,0.545735
13728,2,0.020846,0.322866,2,0,1000.000,2.880627,0.555571
13728,3,0.020597,0.517345,8,0,1000.000,2.692679,0.561882
13728,4,0.029879,0.435937,6,0,1000.000,2.738120,0.552803
13728,5,0.065285,0.436551,8,0,1000.000,2.553476,0.561382
13728,6,0.180461,0.479734,30,0,1000.000,2.398389,0.556008
13728,7,0.634919,0.449073,100,1,990.550,2.556888,0.556655
13776,0,0.025016,0.560207,6,0,1000.000,2.158057,0.577229
13776,1,0.022996,0.552411,4,0,1000.000,2.479683,0.580191
13776,2,0.020846,0.319145,5,0,1000.000,2.681864,0.542780
13776,3,0.020597,0.300788,4,0,1000.000,2.454671,0.538378
13776,4,0.029879,0.411688,4,0,1000.000,2.844290,0.558340
13776,5,0.065285,0.514765,14,0,1000.000,2.637347,0.572415
13776,6,0.180461,0.401286,32,0,1000.000,2.760329,0.550998
13776,7,0.634919,0.453097,120,0,1000.000,2.558825,0.554876
13824,0,0.025016,0.708777,4,0,1000.000,2.528080,0.574966
13824,1,0.022996,0.679051,3,0,1000.000,2.696810,0.579500
13824,2,0.020846,0.518186,3,0,1000.000,2.781069,0.556911
13824,3,0.020597,0.645498,8,0,1000.000,2.297487,0.578011
13824,4,0.029879,0.525542,9,0,1000.000,2.296006,0.567163
13824,5,0.065285,0.487508,10,0,1000.000,2.654689,0.567105
13824,6,0.180461,0.438099,43,0,1000.000,2.739583,0.555829
13824,7,0.634919,0.482128,127,0,1000.000,2.604343,0.561923
13872,0,0.025016,0.361647,6,0,1000.000,2.862469,0.547928
13872,1,0.022996,0.473999,5,0,1000.000,2.835315,0.557429
13872,2,0.020846,0.385619,3,0,1000.000,2.929186,0.557774
13872,3,0.020597,0.452667,6,0,1000.000,2.841888,0.555442
13872,4,0.029879,0.550763,9,0,1000.000,2.670678,0.568704
13872,5,0.065285,0.352191,14,0,1000.000,2.883278,0.549007
13872,6,0.180461,0.478216,34,0,1000.000,2.555620,0.557761
13872,7,0.634919,0.475471,146,1,993.575,2.586098,0.561875
13920,0,0.025016,0.577182,4,0,1000.000,2.025227,0.576577
13920,1,0.022996,0.431506,3,0,1000.000,2.839951,0.551826
13920,2,0.020846,0.335727,6,0,1000.000,2.910923,0.546101
13920,3,0.020597,0.294421,1,0,1000.000,2.664508,0.548134
13920,4,0.029879,0.487050,10,0,1000.000,2.493989,0.564800
13920,5,0.065285,0.494561,18,0,1000.000,2.633356,0.560348
13920,6,0.180461,0.467110,31,0,1000.000,2.650609,0.561948
13920,7,0.634919,0.488248,145,0,1000.000,2.581315,0.561424
14016,0,0.025016,0.430973,14,1,944.143,2.507385,0.551983
14016,1,0.022996,0.633397,10,0,1000.000,2.326299,0.573549
14016,2,0.020846,0.327654,9,0,1000.000,2.847132,0.543655
14016,3,0.020597,0.553285,9,0,1000.000,2.522743,0.561161
14016,4,0.029879,0.504306,13,0,1000.000,2.862866,0.565489
14016,5,0.065285,0.556825,22,0,1000.000,2.632839,0.571544
14016,6,0.180461,0.493460,90,0,1000.000,2.761521,0.562417
14016,7,0.634919,0.470555,268,0,1000.000,2.681372,0.556557
14064,0,0.025016,0.620460,4,0,1000.000,2.511409,0.572436
14064,1,0.022996,0.595805,4,1,958.250,2.165251,0.560590
14064,2,0.020846,0.420338,4,0,1000.000,2.728262,0.549933
14064,3,0.020597,0.423658,2,0,1000.000,2.921452,0.553057
14064,4,0.029879,0.430167,6,0,1000.000,2.812515,0.552921
14064,5,0.065285,0.458165,13,1,926.846,2.601055,0.531302
14064,6,0.180461,0.411382,21,0,1000.000,2.856653,0.552326
14064,7,0.634919,0.477240,98,1,990.520,2.615071,0.552556
14112,0,0.025016,0.647343,3,0,1000.000,2.415911,0.579822
14112,1,0.022996,0.479603,5,0,1000.000,2.897451,0.555953
14112,2,0.020846,0.507006,2,0,1000.000,2.727826,0.556209
14112,3,0.020597,0.449734,2,0,1000.000,2.786567,0.553582
14112,4,0.029879,0.636609,7,0,1000.000,2.471708,0.585278
14112,5,0.065285,0.511343,14,0,1000.000,2.864071,0.560757
14112,6,0.180461,0.452417,24,0,1000.000,2.804698,0.552736
14112,7,0.634919,0.516014,114,1,991.544,2.592350,0.561314
14160,0,0.025016,0.615115,6,1,866.500,1.945840,0.555530
14160,1,0.022996,0.530647,4,0,1000.000,2.818287,0.559257
14160,2,0.020846,0.489193,5,0,1000.000,2.731481,0.552955
14160,3,0.020597,0.537659,5,0,1000.000,2.929098,0.561111
14160,4,0.029879,0.462023,2,0,1000.000,3.035757,0.549998
14160,5,0.065285,0.532872,12,0,1000.000,2.746320,0.563408
14160,6,0.180461,0.505756,38,0,1000.000,2.656856,0.554691
14160,7,0.634919,0.484043,114,0,1000.000,2.702478,0.558153
14208,0,0.025016,0.454311,6,1,960.833,2.336438,0.536224
14208,1,0.022996,0.389758,3,0,1000.000,2.888154,0.541216
14208,2,0.020846,0.617979,3,1,766.333,1.964357,0.588271
14208,3,0.020597,0.549960,4,0,1000.000,2.621388,0.571555
14208,4,0.029879,0.573193,4,0,1000.000,2.758208,0.570319
14208,5,0.065285,0.609842,10,0,1000.000,2.639172,0.570313
14208,6,0.180461,0.512888,29,0,1000.000,2.708819,0.557657
14208,7,0.634919,0.506366,108,0,1000.000,2.650704,0.558795
14256,0,0.025016,0.500052,5,0,1000.000,2.908736,0.552915
14256,1,0.022996,0.545747,7,1,943.143,2.500629,0.556810
14256,2,0.020846,0.662606,3,0,1000.000,1.886088,0.547838
14256,3,0.020597,0.507889,6,0,1000.000,2.372790,0.541866
14256,4,0.029879,0.601049,6,0,1000.000,2.536211,0.570306
14256,5,0.065285,0.492600,11,0,1000.000,3.001854,0.553718
14256,6,0.180461,0.566885,34,0,1000.000,2.632902,0.563151
14256,7,0.634919,0.504149,101,1,990.673,2.671511,0.550251
14304,0,0.025016,0.504263,1,0,1000.000,2.961323,0.564235
14304,1,0.022996,0.786311,1,0,1000.000,2.905611,0.580134
14304,2,0.020846,0.466167,3,0,1000.000,2.793242,0.546705
14304,3,0.020597,0.578587,3,0,1000.000,2.991119,0.566956
14304,4,0.029879,0.583149,5,0,1000.000,2.463729,0.567310
14304,5,0.065285,0.512669,8,0,1000.000,2.845666,0.561305
14304,6,0.180461,0.492815,31,0,1000.000,2.838121,0.553834
14304,7,0.634919,0.486132,103,1,990.777,2.722307,0.552211
14352,0,0.025016,0.737701,3,1,920.667,1.960563,0.532744
14352,1,0.022996,0.704558,4,0,1000.000,2.431269,0.589128
14352,2,0.020846,0.420788,6,0,1000.000,2.868785,0.541539
14352,3,0.020597,0.494993,5,0,1000.000,2.744540,0.568910
14352,4,0.029879,0.477250,9,0,1000.000,2.728140,0.557988
14352,5,0.065285,0.493436,8,0,1000.000,2.941945,0.552758
14352,6,0.180461,0.518083,34,0,1000.000,2.882200,0.554412
14352,7,0.634919,0.533933,99,1,990.253,2.701343,0.556117
14400,0,0.025016,0.359429,2,0,1000.000,2.531810,0.537588
14400,1,0.022996,0.594477,7,0,1000.000,2.743776,0.566771
14400,2,0.020846,0.435094,7,0,1000.000,2.750350,0.546589
14400,3,0.020597,0.457956,3,0,1000.000,2.909977,0.539160
14400,4,0.029879,0.733109,3,0,1000.000,2.631593,0.589438
14400,5,0.065285,0.470403,12,0,1000.000,2.881427,0.546014
14400,6,0.180461,0.538283,42,0,1000.000,2.869910,0.556881
14400,7,0.634919,0.531622,131,0,1000.000,2.761999,0.557653
14448,0,0.088332,0.721546,7,0,1000.000,2.428798,0.577590
14448,1,0.194590,0.577513,10,0,1000.000,2.763345,0.556831
14448,2,0.091775,0.625402,3,0,1000.000,2.940119,0.563112
14448,3,0.158163,0.513161,5,0,1000.000,2.667984,0.558960
14448,4,0.074369,0.550437,4,0,1000.000,2.841241,0.559275
14448,5,0.134578,0.568225,12,0,1000.000,2.483232,0.552949
14448,6,0.124982,0.516679,34,1,972.294,2.647191,0.548929
14448,7,0.133211,0.543286,151,0,1000.000,2.631173,0.556178
14496,0,0.088332,0.483406,26,0,1000.000,2.593711,0.540318
14496,1,0.194590,0.621350,58,0,1000.000,2.581230,0.564762
14496,2,0.091775,0.554206,18,0,1000.000,2.518374,0.553159
14496,3,0.158163,0.539732,43,0,1000.000,2.583690,0.551885
14496,4,0.074369,0.617597,17,0,1000.000,2.255004,0.580502
14496,5,0.134578,0.469416,43,0,1000.000,2.826148,0.545717
14496,6,0.124982,0.611720,30,0,1000.000,2.698955,0.557832
14496,7,0.133211,0.529740,33,2,944.545,2.558048,0.552986
14544,0,0.088332,0.517290,25,0,1000.000,2.729481,0.550428
14544,1,0.194590,0.514833,67,0,1000.000,2.608746,0.550700
14544,2,0.091775,0.536527,17,0,1000.000,2.739040,0.553145
14544,3,0.158163,0.514022,40,0,1000.000,2.676035,0.546887
14544,4,0.074369,0.532526,28,0,1000.000,2.767765,0.554434
14544,5,0.134578,0.539488,34,0,1000.000,2.634698,0.547033
14544,6,0.124982,0.557029,34,0,1000.000,2.608955,0.550296
14544,7,0.133211,0.524752,37,0,1000.000,2.806932,0.552013
14592,0,0.088332,0.575831,24,0,1000.000,2.546680,0.553943
14592,1,0.194590,0.528743,50,1,981.280,2.563221,0.551351
14592,2,0.091775,0.582897,16,0,1000.000,2.596060,0.551418
14592,3,0.158163,0.644915,24,0,1000.000,2.625339,0.559725
14592,4,0.074369,0.469283,15,0,1000.000,2.925534,0.541625
14592,5,0.134578,0.517113,27,0,1000.000,2.956505,0.548165
14592,6,0.124982,0.481015,27,0,1000.000,2.878147,0.547392
14592,7,0.133211,0.516479,26,1,964.923,2.650892,0.549993
14640,0,0.088332,0.488991,11,0,1000.000,2.935931,0.542637
14640,1,0.194590,0.592258,28,0,1000.000,2.465783,0.552657
14640,2,0.091775,0.541778,18,0,1000.000,2.710163,0.561152
14640,3,0.158163,0.571292,22,0,1000.000,2.562585,0.559281
14640,4,0.074369,0.588557,15,0,1000.000,2.661804,0.559450
14640,5,0.134578,0.562112,17,0,1000.000,2.700737,0.552676
14640,6,0.124982,0.520127,29,0,1000.000,2.782092,0.546490
14640,7,0.133211,0.513943,29,1,967.621,2.686872,0.542380
14688,0,0.088332,0.582161,13,0,1000.000,2.791313,0.550232
14688,1,0.194590,0.648424,28,0,1000.000,2.754574,0.560389
14688,2,0.091775,0.520834,22,0,1000.000,2.701929,0.556229
14688,3,0.158163,0.562195,25,0,1000.000,2.647092,0.552059
14688,4,0.074369,0.434925,16,0,1000.000,2.673055,0.539497
14688,5,0.134578,0.632601,17,0,1000.000,2.600954,0.566739
14688,6,0.124982,0.610009,16,0,1000.000,2.799463,0.551809
14688,7,0.133211,0.554209,29,0,1000.000,2.813195,0.559097
14736,0,0.088332,0.558621,20,0,1000.000,2.712289,0.557321
14736,1,0.194590,0.626155,38,0,1000.000,2.606898,0.563686
14736,2,0.091775,0.615403,19,0,1000.000,2.797316,0.561946
14736,3,0.158163,0.628467,22,0,1000.000,2.470572,0.558693
14736,4,0.074369,0.624263,10,0,1000.000,2.713598,0.557665
14736,5,0.134578,0.556452,25,0,1000.000,2.647730,0.556446
14736,6,0.124982,0.568143,23,0,1000.000,2.768231,0.556239
14736,7,0.133211,0.584642,26,0,1000.000,2.666565,0.559644
14832,0,0.088332,0.538899,44,3,944.205,2.652449,0.542248
14832,1,0.194590,0.581235,77,1,990.208,2.753717,0.554610
14832,2,0.091775,0.589878,33,0,1000.000,2.738418,0.557142
14832,3,0.158163,0.587725,55,0,1000.000,2.640675,0.550984
14832,4,0.074369,0.556919,28,0,1000.000,2.849814,0.551843
14832,5,0.134578,0.605844,60,1,983.983,2.745105,0.546905
14832,6,0.124982,0.539751,48,0,1000.000,2.760707,0.549387
14832,7,0.133211,0.582606,56,0,1000.000,2.737461,0.554136
14880,0,0.088332,0.559994,20,0,1000.000,2.827504,0.551298
14880,1,0.194590,0.609875,38,0,1000.000,2.715440,0.552662
14880,2,0.091775,0.553050,24,0,1000.000,2.741527,0.551246
14880,3,0.158163,0.595903,46,0,1000.000,2.675095,0.561294
14880,4,0.074369,0.717469,9,0,1000.000,2.190275,0.568998
14880,5,0.134578,0.546480,48,0,1000.000,2.847758,0.548724
14880,6,0.124982,0.516912,12,0,1000.000,2.963943,0.544981
14880,7,0.133211,0.571800,21,0,1000.000,2.760973,0.556679
14928,0,0.088332,0.646270,18,0,1000.000,2.708564,0.557405
14928,1,0.194590,0.620761,46,1,980.326,2.644214,0.551257
14928,2,0.091775,0.646730,20,0,1000.000,2.432695,0.560190
14928,3,0.158163,0.567849,37,0,1000.000,2.857433,0.553568
14928,4,0.074369,0.606803,13,0,1000.000,2.662886,0.551412
14928,5,0.134578,0.583811,30,0,1000.000,2.662370,0.562034
14928,6,0.124982,0.648542,18,0,1000.000,2.499502,0.556805
14928,7,0.133211,0.629076,37,0,1000.000,2.415270,0.559079
14976,0,0.088332,0.613595,25,1,973.080,2.688051,0.550062
14976,1,0.194590,0.612920,55,1,983.000,2.662721,0.559117
14976,2,0.091775,0.574849,13,0,1000.000,2.717036,0.542557
14976,3,0.158163,0.638338,40,0,1000.000,2.540700,0.560363
14976,4,0.074369,0.596810,14,0,1000.000,2.800904,0.556343
14976,5,0.134578,0.559566,27,0,1000.000,2.742253,0.550673
14976,6,0.124982,0.587153,35,0,1000.000,2.725864,0.556858
14976,7,0.133211,0.598525,31,1,985.355,2.678890,0.558936
15024,0,0.088332,0.576865,11,0,1000.000,2.715052,0.556027
15024,1,0.194590,0.584100,37,1,976.784,2.730045,0.547821
15024,2,0.091775,0.533079,21,0,1000.000,2.927312,0.545081
15024,3,0.158163,0.668887,28,0,1000.000,2.611445,0.558285
15024,4,0.074369,0.687135,16,0,1000.000,2.493718,0.565333
15024,5,0.134578,0.655530,19,0,1000.000,2.747560,0.567325
15024,6,0.124982,0.585417,29,0,1000.000,2.864041,0.551920
15024,7,0.133211,0.572874,20,0,1000.000,2.589243,0.550689
15072,0,0.088332,0.634741,16,0,1000.000,2.554000,0.558047
15072,1,0.194590,0.569840,33,2,961.424,2.604131,0.554760
15072,2,0.091775,0.583873,13,0,1000.000,2.682463,0.551249
15072,3,0.158163,0.581582,24,0,1000.000,2.817457,0.546428
15072,4,0.074369,0.641234,7,0,1000.000,2.707673,0.561086
15072,5,0.134578,0.569812,23,0,1000.000,2.889356,0.546536
15072,6,0.124982,0.623197,20,0,1000.000,2.554242,0.558235
15072,7,0.133211,0.541865,21,0,1000.000,2.911080,0.543709
15120,0,0.088332,0.621589,20,1,973.450,2.320814,0.558329
15120,1,0.194590,0.544518,31,0,1000.000,2.847509,0.550009
15120,2,0.091775,0.506928,17,0,1000.000,2.788527,0.542037
15120,3,0.158163,0.616733,26,0,1000.000,2.449746,0.561430
15120,4,0.074369,0.699045,8,0,1000.000,2.668947,0.548736
15120,5,0.134578,0.592639,27,0,1000.000,2.737432,0.556038
15120,6,0.124982,0.566655,27,0,1000.000,2.839321,0.553890
15120,7,0.133211,0.594154,23,0,1000.000,2.837096,0.561714
15168,0,0.088332,0.655281,14,0,1000.000,2.851860,0.560476
15168,1,0.194590,0.556091,33,0,1000.000,2.691787,0.550451
15168,2,0.091775,0.584503,17,0,1000.000,2.810277,0.552443
15168,3,0.158163,0.643035,31,0,1000.000,2.722528,0.560755
15168,4,0.074369,0.756268,15,0,1000.000,2.347333,0.581575
15168,5,0.134578,0.701431,17,0,1000.000,2.673356,0.560167
15168,6,0.124982,0.653761,24,0,1000.000,2.776206,0.555728
15168,7,0.133211,0.640396,23,0,1000.000,2.718083,0.552474
15216,0,0.088332,0.650247,13,1,956.692,2.340301,0.546897
15216,1,0.194590,0.547632,38,2,965.474,2.578159,0.546149
15216,2,0.091775,0.612450,15,0,1000.000,2.634145,0.559364
15216,3,0.158163,0.585060,29,0,1000.000,2.752868,0.550782
15216,4,0.074369,0.542898,11,0,1000.000,2.864891,0.550550
15216,5,0.134578,0.641964,25,0,1000.000,2.533486,0.556087
15216,6,0.124982,0.585003,19,0,1000.000,2.804731,0.554682
15216,7,0.133211,0.611442,23,1,960.348,2.625686,0.548627
15264,0,0.088332,0.656072,22,0,1000.000,2.674612,0.561058
15264,1,0.194590,0.591993,31,0,1000.000,2.476048,0.558491
15264,2,0.091775,0.621186,21,0,1000.000,2.795332,0.559038
15264,3,0.158163,0.633859,26,0,1000.000,2.722398,0.558888
15264,4,0.074369,0.692392,12,0,1000.000,2.618423,0.570847
15264,5,0.134578,0.540461,25,0,1000.000,2.771870,0.542792
15264,6,0.124982,0.575191,24,0,1000.000,2.690023,0.548458
15264,7,0.133211,0.596395,15,0,1000.000,2.763589,0.551294
15312,0,0.088332,0.647690,6,2,782.500,1.910972,0.505991
15312,1,0.194590,0.606711,30,1,982.467,2.659348,0.556888
15312,2,0.091775,0.607200,24,0,1000.000,2.643758,0.549515
15312,3,0.158163,0.598028,17,0,1000.000,2.700215,0.562116
15312,4,0.074369,0.690616,12,0,1000.000,2.497406,0.558876
15312,5,0.134578,0.460264,16,1,940.312,2.606317,0.535971
15312,6,0.124982,0.649816,18,0,1000.000,2.668088,0.552139
15312,7,0.133211,0.606340,19,0,1000.000,2.713054,0.554711
15360,0,0.088332,0.583351,15,0,1000.000,2.738044,0.556124
15360,1,0.194590,0.624883,39,1,978.385,2.703758,0.554302
15360,2,0.091775,0.608019,27,0,1000.000,2.675193,0.555665
15360,3,0.158163,0.668741,38,0,1000.000,2.662585,0.560736
15360,4,0.074369,0.535939,16,0,1000.000,2.887911,0.543854
15360,5,0.134578,0.577808,27,0,1000.000,2.650490,0.551953
15360,6,0.124982,0.515593,14,0,1000.000,2.833761,0.544860
15360,7,0.133211,0.669744,23,0,1000.000,2.706582,0.564674
15408,0,0.088332,0.513207,17,0,1000.000,2.906765,0.540428
15408,1,0.194590,0.565368,34,0,1000.000,2.815041,0.543758
15408,2,0.091775,0.638955,19,0,1000.000,2.413815,0.557797
15408,3,0.158163,0.633655,36,0,1000.000,2.612450,0.560571
15408,4,0.074369,0.611587,12,0,1000.000,2.879196,0.550333
15408,5,0.134578,0.582606,24,0,1000.000,2.581803,0.550699
15408,6,0.124982,0.558250,19,0,1000.000,2.769717,0.550083
15408,7,0.133211,0.619028,35,0,1000.000,2.749226,0.558222
15456,0,0.088332,0.618035,23,0,1000.000,2.378911,0.562019
15456,1,0.194590,0.594232,47,1,979.574,2.549144,0.550874
15456,2,0.091775,0.542258,22,0,1000.000,2.695227,0.543934
15456,3,0.158163,0.709125,39,0,1000.000,2.266059,0.577632
15456,4,0.074369,0.584752,10,0,1000.000,2.520950,0.556344
15456,5,0.134578,0.667102,34,0,1000.000,2.582447,0.558711
15456,6,0.124982,0.661142,33,1,972.636,2.413004,0.566601
15456,7,0.133211,0.580989,30,0,1000.000,2.463578,0.558245
15504,0,0.088332,0.810357,20,0,1000.000,1.807223,0.591075
15504,1,0.194590,0.806058,44,0,1000.000,1.989076,0.599406
15504,2,0.091775,0.844701,24,0,1000.000,1.732020,0.600807
15504,3,0.158163,0.817834,36,0,1000.000,1.930544,0.604873
15504,4,0.074369,0.824619,14,0,1000.000,1.645994,0.623164
15504,5,0.134578,0.777725,40,0,1000.000,2.118402,0.595031
15504,6,0.124982,0.848302,34,0,1000.000,1.837645,0.597531
15504,7,0.133211,0.831223,44,0,1000.000,1.823689,0.599099
15552,0,0.088332,0.832978,22,0,1000.000,1.917326,0.611046
15552,1,0.194590,0.842301,52,0,1000.000,1.730151,0.599538
15552,2,0.091775,0.832236,25,0,1000.000,1.812729,0.619735
15552,3,0.158163,0.818184,42,0,1000.000,1.831313,0.593116
15552,4,0.074369,0.838566,25,0,1000.000,1.670182,0.606396
15552,5,0.134578,0.797832,34,0,1000.000,2.033381,0.599172
15552,6,0.124982,0.829070,36,0,1000.000,1.909464,0.607013
15552,7,0.133211,0.683379,43,4,914.256,2.027529,0.559211
15600,0,0.088332,0.828773,20,0,1000.000,1.979646,0.600104
15600,1,0.194590,0.819312,48,0,1000.000,1.736441,0.605976
15600,2,0.091775,0.856042,21,0,1000.000,1.649008,0.602426
15600,3,0.158163,0.849135,29,0,1000.000,1.960932,0.610103
15600,4,0.074369,0.846348,12,0,1000.000,1.591962,0.604881
15600,5,0.134578,0.832350,27,0,1000.000,1.810827,0.607816
15600,6,0.124982,0.773553,27,1,967.852,1.763377,0.593987
15600,7,0.133211,0.791720,19,1,952.526,1.924228,0.574324
15648,0,0.088332,0.824298,15,0,1000.000,1.538580,0.606284
15648,1,0.194590,0.864347,31,0,1000.000,1.802793,0.610428
15648,2,0.091775,0.839240,10,0,1000.000,1.189587,0.596884
15648,3,0.158163,0.862034,25,0,1000.000,1.874843,0.607917
15648,4,0.074369,0.789899,6,0,1000.000,1.731720,0.577850
15648,5,0.134578,0.880443,28,0,1000.000,1.689961,0.601872
15648,6,0.124982,0.794650,26,0,1000.000,2.049412,0.604406
15648,7,0.133211,0.720914,29,3,908.724,1.837377,0.568373
15696,0,0.088332,0.830080,11,0,1000.000,1.774444,0.621191
15696,1,0.194590,0.805420,34,0,1000.000,1.729616,0.594873
15696,2,0.091775,0.775856,16,0,1000.000,2.106820,0.591110
15696,3,0.158163,0.784175,33,0,1000.000,1.936475,0.597210
15696,4,0.074369,0.875853,8,0,1000.000,1.281910,0.631299
15696,5,0.134578,0.765177,20,1,958.350,1.913806,0.587870
15696,6,0.124982,0.765128,22,0,1000.000,1.979039,0.583774
15696,7,0.133211,0.711960,23,1,959.522,1.963505,0.583363
15744,0,0.088332,0.799844,19,0,1000.000,1.900031,0.592085
15744,1,0.194590,0.760669,28,0,1000.000,1.843519,0.592556
15744,2,0.091775,0.769486,13,0,1000.000,1.898788,0.595051
15744,3,0.158163,0.832737,37,0,1000.000,1.622864,0.615274
15744,4,0.074369,0.826380,18,0,1000.000,1.821243,0.592597
15744,5,0.134578,0.785848,23,0,1000.000,2.197934,0.596997
15744,6,0.124982,0.846895,18,0,1000.000,2.106159,0.611779
15744,7,0.133211,0.799226,24,0,1000.000,1.832969,0.597683
15792,0,0.088332,0.777841,14,0,1000.000,2.042542,0.596761
15792,1,0.194590,0.789971,32,0,1000.000,2.099282,0.597704
15792,2,0.091775,0.730601,16,0,1000.000,2.190124,0.577531
15792,3,0.158163,0.849589,28,0,1000.000,1.707055,0.605126
15792,4,0.074369,0.862112,11,0,1000.000,1.789478,0.628590
15792,5,0.134578,0.866654,27,0,1000.000,1.719591,0.606070
15792,6,0.124982,0.858395,15,0,1000.000,1.480625,0.622884
15792,7,0.133211,0.811024,30,0,1000.000,1.980971,0.598840
15840,0,0.088332,0.828501,21,0,1000.000,2.065394,0.599623
15840,1,0.194590,0.883052,42,0,1000.000,1.620587,0.616556
15840,2,0.091775,0.922036,15,0,1000.000,1.304288,0.617485
15840,3,0.158163,0.800396,42,0,1000.000,1.795539,0.599025
15840,4,0.074369,0.884388,17,0,1000.000,1.287807,0.632284
15840,5,0.134578,0.841284,40,0,1000.000,1.872128,0.611914
15840,6,0.124982,0.857648,32,0,1000.000,1.547740,0.604307
15840,7,0.133211,0.800220,28,1,968.536,1.692166,0.599313
15936,0,0.088332,0.855082,43,0,1000.000,1.886129,0.610458
15936,1,0.194590,0.858732,88,0,1000.000,1.873793,0.610803
15936,2,0.091775,0.834267,41,0,1000.000,2.007683,0.611746
15936,3,0.158163,0.821120,66,0,1000.000,1.832763,0.602583
15936,4,0.074369,0.814976,32,0,1000.000,1.697721,0.610614
15936,5,0.134578,0.854142,48,0,1000.000,1.920746,0.608474
15936,6,0.124982,0.831676,57,0,1000.000,1.844083,0.603755
15936,7,0.133211,0.777291,64,1,985.344,2.045720,0.589160
15984,0,0.088332,0.820518,20,0,1000.000,1.932393,0.605854
15984,1,0.194590,0.835912,37,0,1000.000,2.091248,0.606982
15984,2,0.091775,0.844165,24,0,1000.000,1.703945,0.613043
15984,3,0.158163,0.856686,36,0,1000.000,1.908159,0.610253
15984,4,0.074369,0.819748,22,0,1000.000,1.962397,0.603652
15984,5,0.134578,0.850150,30,0,1000.000,1.919273,0.609166
15984,6,0.124982,0.847909,30,0,1000.000,1.871425,0.613925
15984,7,0.133211,0.873803,31,0,1000.000,1.799206,0.618788
16032,0,0.088332,0.792962,20,0,1000.000,1.991373,0.606084
16032,1,0.194590,0.871541,32,0,1000.000,1.778202,0.616643
16032,2,0.091775,0.848385,20,0,1000.000,2.012306,0.611064
16032,3,0.158163,0.797637,29,0,1000.000,1.836966,0.606141
16032,4,0.074369,0.902421,10,0,1000.000,1.777838,0.621705
16032,5,0.134578,0.875988,16,0,1000.000,1.539112,0.629008
16032,6,0.124982,0.833528,25,0,1000.000,1.827581,0.621400
16032,7,0.133211,0.847722,17,0,1000.000,1.562197,0.624799
16080,0,0.088332,0.773160,20,0,1000.000,2.039055,0.592715
16080,1,0.194590,0.846361,31,0,1000.000,1.825604,0.613543
16080,2,0.091775,0.872961,17,0,1000.000,1.547475,0.605455
16080,3,0.158163,0.785693,26,0,1000.000,1.823292,0.601132
16080,4,0.074369,0.860911,10,0,1000.000,1.794465,0.622891
16080,5,0.134578,0.764629,16,0,1000.000,1.882099,0.602442
16080,6,0.124982,0.834230,20,0,1000.000,1.871636,0.603562
16080,7,0.133211,0.818628,18,0,1000.000,1.993920,0.596093
16128,0,0.088332,0.880549,21,0,1000.000,1.685101,0.628628
16128,1,0.194590,0.846775,27,0,1000.000,1.449191,0.615734
16128,2,0.091775,0.782551,19,0,1000.000,2.267560,0.590372
16128,3,0.158163,0.847201,25,0,1000.000,1.757953,0.630008
16128,4,0.074369,0.820669,18,0,1000.000,1.874546,0.605831
16128,5,0.134578,0.781706,22,0,1000.000,2.083228,0.596696
16128,6,0.124982,0.896047,20,0,1000.000,1.353228,0.632616
16128,7,0.133211,0.867803,28,0,1000.000,1.682798,0.615315
16176,0,0.088332,0.864547,13,0,1000.000,2.173426,0.606768
16176,1,0.194590,0.826618,40,0,1000.000,1.979886,0.605282
16176,2,0.091775,0.784359,18,0,1000.000,1.940758,0.607731
16176,3,0.158163,0.864803,24,0,1000.000,1.861405,0.618339
16176,4,0.074369,0.857332,12,0,1000.000,1.703500,0.621998
16176,5,0.134578,0.820987,21,0,1000.000,1.925308,0.609545
16176,6,0.124982,0.826394,22,0,1000.000,1.972113,0.599994
16176,7,0.133211,0.839055,28,0,1000.000,1.840235,0.613604
16224,0,0.088332,0.882276,13,1,990.231,1.896162,0.621630
16224,1,0.194590,0.839889,32,0,1000.000,2.006059,0.613412
16224,2,0.091775,0.888519,14,0,1000.000,1.676487,0.618320
16224,3,0.158163,0.864015,28,0,1000.000,1.630864,0.627346
16224,4,0.074369,0.740068,21,0,1000.000,2.222794,0.582981
16224,5,0.134578,0.842636,23,0,1000.000,1.811604,0.611438
16224,6,0.124982,0.841424,23,0,1000.000,1.849662,0.611646
16224,7,0.133211,0.863638,25,1,962.400,1.531596,0.621101
16272,0,0.088332,0.818237,15,1,951.133,1.875858,0.604986
16272,1,0.194590,0.818143,37,0,1000.000,1.929964,0.618553
16272,2,0.091775,0.789379,18,0,1000.000,2.093033,0.595442
16272,3,0.158163,0.879327,25,0,1000.000,1.845942,0.620646
16272,4,0.074369,0.871681,13,0,1000.000,1.525094,0.635698
16272,5,0.134578,0.798236,15,0,1000.000,2.403428,0.583180
16272,6,0.124982,0.855420,27,0,1000.000,2.182556,0.610261
16272,7,0.133211,0.825062,21,1,963.429,1.684360,0.616697
16320,0,0.088332,0.859574,18,1,950.722,1.690142,0.614128
16320,1,0.194590,0.845574,40,0,1000.000,1.692655,0.620811
16320,2,0.091775,0.903028,8,0,1000.000,1.870463,0.655081
16320,3,0.158163,0.830692,29,0,1000.000,1.872668,0.617838
16320,4,0.074369,0.869934,7,0,1000.000,2.078023,0.620970
16320,5,0.134578,0.838322,14,0,1000.000,1.969542,0.615222
16320,6,0.124982,0.833367,20,1,954.200,1.665378,0.606313
16320,7,0.133211,0.858733,10,0,1000.000,1.613614,0.630476
16368,0,0.088332,0.846202,20,0,1000.000,1.743241,0.624748
16368,1,0.194590,0.873413,46,0,1000.000,1.754730,0.627803
16368,2,0.091775,0.832002,16,0,1000.000,1.785589,0.622213
16368,3,0.158163,0.852034,41,0,1000.000,1.664952,0.626101
16368,4,0.074369,0.909083,17,0,1000.000,1.440166,0.651680
16368,5,0.134578,0.863662,26,0,1000.000,1.598865,0.635996
16368,6,0.124982,0.861118,18,0,1000.000,1.990473,0.621699
16368,7,0.133211,0.874683,19,0,1000.000,1.759525,0.624815
16416,0,0.088332,0.866505,14,0,1000.000,1.699552,0.635970
16416,1,0.194590,0.826700,39,1,990.923,2.142865,0.607668
16416,2,0.091775,0.860690,19,0,1000.000,1.875001,0.626298
16416,3,0.158163,0.842605,27,0,1000.000,1.869462,0.618059
16416,4,0.074369,0.874917,19,0,1000.000,1.778511,0.621623
16416,5,0.134578,0.877322,31,0,1000.000,1.686336,0.635059
16416,6,0.124982,0.866198,19,0,1000.000,1.703991,0.624191
16416,7,0.133211,0.839371,26,1,966.500,1.862170,0.609267
16464,0,0.088332,0.831861,21,0,1000.000,2.031588,0.611417
16464,1,0.194590,0.849276,52,0,1000.000,1.765594,0.622674
16464,2,0.091775,0.788995,18,1,949.333,1.932263,0.603726
16464,3,0.158163,0.862672,34,0,1000.000,1.817487,0.616994
16464,4,0.074369,0.816605,15,0,1000.000,2.101775,0.603946
16464,5,0.134578,0.819993,40,0,1000.000,1.939349,0.605122
16464,6,0.124982,0.850969,30,0,1000.000,1.836551,0.616759
16464,7,0.133211,0.829828,37,1,974.838,2.044574,0.604519
16512,0,0.088332,0.890852,23,0,1000.000,1.777398,0.637997
16512,1,0.194590,0.881574,55,1,999.655,1.621957,0.626192
16512,2,0.091775,0.842038,23,0,1000.000,1.917904,0.616160
16512,3,0.158163,0.880572,46,0,1000.000,1.787227,0.628622
16512,4,0.074369,0.849149,15,0,1000.000,1.996308,0.610261
16512,5,0.134578,0.865927,33,0,1000.000,1.774428,0.624330
16512,6,0.124982,0.912872,32,0,1000.000,1.549360,0.634392
16512,7,0.133211,0.818315,32,0,1000.000,2.024468,0.613963
16560,0,0.088332,0.866372,28,1,982.036,1.638765,0.620381
16560,1,0.194590,0.873393,47,0,1000.000,1.679988,0.632624
16560,2,0.091775,0.866394,18,1,998.000,1.829945,0.634784
16560,3,0.158163,0.816140,33,0,1000.000,2.152490,0.606436
16560,4,0.074369,0.876302,16,0,1000.000,1.502181,0.636780
16560,5,0.134578,0.850801,51,0,1000.000,1.885129,0.618801
16560,6,0.124982,0.819301,34,0,1000.000,2.003129,0.609309
16560,7,0.133211,0.886784,40,0,1000.000,1.749869,0.627419
16608,0,0.088332,0.754963,15,0,1000.000,2.030814,0.600933
16608,1,0.194590,0.872181,46,0,1000.000,1.758497,0.635212
16608,2,0.091775,0.864421,18,0,1000.000,1.842854,0.634763
16608,3,0.158163,0.812346,27,0,1000.000,2.035737,0.607641
16608,4,0.074369,0.856053,15,0,1000.000,1.693969,0.630197
16608,5,0.134578,0.903958,17,0,1000.000,1.510030,0.628214
16608,6,0.124982,0.867404,13,0,1000.000,2.063242,0.603994
16608,7,0.133211,0.826675,32,1,974.969,1.931229,0.613024
16656,0,0.088332,0.842979,16,0,1000.000,2.026352,0.614647
16656,1,0.194590,0.865422,37,1,980.027,1.727773,0.624824
16656,2,0.091775,0.836720,21,0,1000.000,1.703936,0.621170
16656,3,0.158163,0.907428,28,0,1000.000,1.632820,0.642933
16656,4,0.074369,0.896229,12,0,1000.000,1.597170,0.642221
16656,5,0.134578,0.867331,27,0,1000.000,1.846303,0.618837
16656,6,0.124982,0.856526,23,0,1000.000,2.000655,0.608317
16656,7,0.133211,0.754541,20,0,1000.000,2.329138,0.587338
16704,0,0.088332,0.849512,12,2,905.750,1.920000,0.597522
16704,1,0.194590,0.857775,29,0,1000.000,1.975334,0.619094
16704,2,0.091775,0.888321,14,0,1000.000,1.710697,0.644602
16704,3,0.158163,0.839128,28,0,1000.000,1.736856,0.621885
16704,4,0.074369,0.883017,9,0,1000.000,1.718006,0.613654
16704,5,0.134578,0.931381,23,0,1000.000,1.172959,0.661673
16704,6,0.124982,0.837744,26,0,1000.000,1.925116,0.623124
16704,7,0.133211,0.828730,25,1,968.720,1.538751,0.620869
16752,0,0.088332,0.830312,13,0,1000.000,2.046039,0.608389
16752,1,0.194590,0.877374,39,0,1000.000,1.670483,0.633755
16752,2,0.091775,0.819854,16,0,1000.000,1.952090,0.609929
16752,3,0.158163,0.847909,27,0,1000.000,1.838497,0.625851
16752,4,0.074369,0.835507,11,0,1000.000,1.711772,0.618697
16752,5,0.134578,0.892086,27,0,1000.000,1.780349,0.638264
16752,6,0.124982,0.905686,24,0,1000.000,1.595184,0.633840
16752,7,0.133211,0.842791,27,1,966.926,1.487875,0.630085
16848,0,0.087978,0.862998,36,0,1000.000,1.916904,0.626448
16848,1,0.115808,0.880079,86,1,999.872,1.735770,0.628553
16848,2,0.147971,0.846917,35,0,1000.000,1.915369,0.621702
16848,3,0.133568,0.866295,54,0,1000.000,1.712272,0.628506
16848,4,0.204648,0.870277,36,0,1000.000,1.959469,0.629206
16848,5,0.101310,0.872155,67,0,1000.000,1.771907,0.622670
16848,6,0.117810,0.881316,44,0,1000.000,1.819504,0.633446
16848,7,0.090906,0.826367,54,1,982.944,2.022308,0.606128
16896,0,0.087978,0.914793,24,0,1000.000,1.376016,0.645073
16896,1,0.115808,0.835931,21,0,1000.000,1.963280,0.613135
16896,2,0.147971,0.879831,28,0,1000.000,1.655828,0.634470
16896,3,0.133568,0.871520,31,0,1000.000,1.645760,0.630150
16896,4,0.204648,0.884685,48,0,1000.000,1.603111,0.632322
16896,5,0.101310,0.898190,21,0,1000.000,1.747733,0.637548
16896,6,0.117810,0.881261,25,0,1000.000,1.715209,0.632691
16896,7,0.090906,0.936120,16,0,1000.000,1.293106,0.659807
16944,0,0.087978,0.878002,20,1,992.900,1.844438,0.621172
16944,1,0.115808,0.903213,29,0,1000.000,1.981207,0.622572
16944,2,0.147971,0.876892,31,0,1000.000,1.854153,0.630271
16944,3,0.133568,0.856709,27,0,1000.000,1.847700,0.627295
16944,4,0.204648,0.881146,51,0,1000.000,1.832949,0.633951
16944,5,0.101310,0.875578,18,0,1000.000,1.413336,0.642193
16944,6,0.117810,0.844612,32,1,971.188,1.692280,0.622377
16944,7,0.090906,0.822843,21,1,954.524,1.745907,0.622343
16992,0,0.087978,0.928304,14,0,1000.000,1.497439,0.650025
16992,1,0.115808,0.905418,26,0,1000.000,1.594522,0.646787
16992,2,0.147971,0.846069,41,1,977.024,1.817784,0.614406
16992,3,0.133568,0.872417,34,0,1000.000,1.880770,0.625621
16992,4,0.204648,0.867841,43,0,1000.000,1.810941,0.626515
16992,5,0.101310,0.806414,20,1,952.700,1.991599,0.601357
16992,6,0.117810,0.880934,31,0,1000.000,1.909406,0.627176
16992,7,0.090906,0.847164,13,0,1000.000,1.857244,0.630058
17040,0,0.087978,0.896763,12,2,963.500,1.413381,0.636971
17040,1,0.115808,0.858784,15,0,1000.000,1.974485,0.616399
17040,2,0.147971,0.851802,24,0,1000.000,1.852030,0.621454
17040,3,0.133568,0.890940,29,0,1000.000,1.726071,0.632695
17040,4,0.204648,0.882686,38,0,1000.000,1.677629,0.638444
17040,5,0.101310,0.897582,14,0,1000.000,1.706754,0.630800
17040,6,0.117810,0.873120,20,0,1000.000,1.714335,0.629461
17040,7,0.090906,0.882852,14,0,1000.000,1.720816,0.630997
17088,0,0.087978,0.893615,15,0,1000.000,1.675000,0.641291
17088,1,0.115808,0.857260,28,0,1000.000,1.807101,0.616568
17088,2,0.147971,0.880871,28,0,1000.000,1.829327,0.627514
17088,3,0.133568,0.891403,15,0,1000.000,1.896819,0.642918
17088,4,0.204648,0.871521,30,0,1000.000,1.726177,0.622995
17088,5,0.101310,0.855275,13,0,1000.000,2.424778,0.601480
17088,6,0.117810,0.826873,19,0,1000.000,2.160035,0.612941
17088,7,0.090906,0.800529,13,1,932.385,1.784262,0.617083
17136,0,0.087978,0.833755,21,0,1000.000,1.819022,0.612909
17136,1,0.115808,0.892320,22,1,971.227,1.510356,0.643712
17136,2,0.147971,0.855540,25,0,1000.000,1.878423,0.624815
17136,3,0.133568,0.908332,21,0,1000.000,1.605829,0.650463
17136,4,0.204648,0.871979,46,0,1000.000,1.962357,0.627194
17136,5,0.101310,0.920349,23,0,1000.000,1.696439,0.654989
17136,6,0.117810,0.856191,19,0,1000.000,1.874993,0.618949
17136,7,0.090906,0.778701,14,1,932.214,1.488441,0.605009
17232,0,0.087978,0.873250,33,0,1000.000,1.610826,0.628690
17232,1,0.115808,0.883011,37,2,972.541,1.737349,0.637844
17232,2,0.147971,0.894619,56,0,1000.000,1.754796,0.640600
17232,3,0.133568,0.863075,45,0,1000.000,1.893634,0.621881
17232,4,0.204648,0.861278,64,0,1000.000,1.984973,0.622325
17232,5,0.101310,0.886134,28,0,1000.000,1.782692,0.634491
17232,6,0.117810,0.879760,52,0,1000.000,1.861028,0.630735
17232,7,0.090906,0.831853,33,0,1000.000,1.996762,0.615439
17328,0,0.087978,0.862729,35,1,984.171,1.802379,0.627982
17328,1,0.115808,0.858285,27,0,1000.000,2.006593,0.615676
17328,2,0.147971,0.863626,50,0,1000.000,1.817350,0.632671
17328,3,0.133568,0.890197,36,0,1000.000,1.651725,0.639530
17328,4,0.204648,0.875750,73,0,1000.000,1.778480,0.630156
17328,5,0.101310,0.924369,29,0,1000.000,1.549772,0.651254
17328,6,0.117810,0.888362,39,0,1000.000,1.767395,0.633195
17328,7,0.090906,0.852751,20,0,1000.000,2.042237,0.630497
17376,0,0.087978,0.884660,11,0,1000.000,1.859366,0.634352
17376,1,0.115808,0.883455,22,0,1000.000,1.909239,0.639317
17376,2,0.147971,0.869943,29,0,1000.000,1.727373,0.626331
17376,3,0.133568,0.890211,26,0,1000.000,1.901659,0.634715
17376,4,0.204648,0.880315,41,0,1000.000,1.904723,0.638849
17376,5,0.101310,0.896576,23,0,1000.000,1.402845,0.658404
17376,6,0.117810,0.896001,27,0,1000.000,1.815665,0.635737
17376,7,0.090906,0.914435,17,0,1000.000,1.599958,0.664785
17424,0,0.087978,0.882381,15,0,1000.000,1.648572,0.627530
17424,1,0.115808,0.891618,30,1,968.767,1.635575,0.627522
17424,2,0.147971,0.871403,28,0,1000.000,1.758243,0.631977
17424,3,0.133568,0.871732,33,0,1000.000,1.888411,0.627718
17424,4,0.204648,0.868828,34,0,1000.000,1.839166,0.631970
17424,5,0.101310,0.854181,19,0,1000.000,1.984157,0.620915
17424,6,0.117810,0.832818,25,0,1000.000,1.985293,0.617831
17424,7,0.090906,0.907912,24,0,1000.000,1.659184,0.639570
17472,0,0.087978,0.833613,18,0,1000.000,1.915671,0.612680
17472,1,0.115808,0.862085,30,0,1000.000,1.839741,0.624985
17472,2,0.147971,0.833470,40,0,1000.000,2.141832,0.608705
17472,3,0.133568,0.837995,31,0,1000.000,1.997837,0.621636
17472,4,0.204648,0.860934,61,0,1000.000,1.897930,0.628207
17472,5,0.101310,0.845794,28,0,1000.000,1.918057,0.612135
17472,6,0.117810,0.882853,34,0,1000.000,1.862540,0.643273
17472,7,0.090906,0.857925,27,0,1000.000,1.946909,0.609179
17520,0,0.087978,0.887090,20,0,1000.000,1.839747,0.634028
17520,1,0.115808,0.820658,21,0,1000.000,1.965598,0.615483
17520,2,0.147971,0.891523,45,0,1000.000,1.828975,0.632352
17520,3,0.133568,0.866130,38,0,1000.000,2.066203,0.621717
17520,4,0.204648,0.873134,50,0,1000.000,2.021443,0.623655
17520,5,0.101310,0.859666,27,0,1000.000,1.958474,0.618201
17520,6,0.117810,0.863818,32,0,1000.000,2.169453,0.616192
17520,7,0.090906,0.800572,14,0,1000.000,2.103758,0.611314
17568,0,0.087978,0.866983,28,0,1000.000,2.027792,0.614249
17568,1,0.115808,0.839299,20,0,1000.000,2.028710,0.611912
17568,2,0.147971,0.870806,28,0,1000.000,1.688614,0.634631
17568,3,0.133568,0.874126,46,0,1000.000,1.596593,0.635687
17568,4,0.204648,0.875185,57,0,1000.000,1.756357,0.637827
17568,5,0.101310,0.890537,19,0,1000.000,1.660087,0.653300
17568,6,0.117810,0.852690,33,0,1000.000,1.864348,0.623067
17568,7,0.090906,0.836365,29,1,967.310,2.008768,0.616528
17616,0,0.087978,0.910425,15,1,958.733,1.848137,0.621966
17616,1,0.115808,0.785341,21,1,974.000,2.211974,0.599485
17616,2,0.147971,0.866125,32,0,1000.000,1.881250,0.627430
17616,3,0.133568,0.910136,21,0,1000.000,1.452709,0.649096
17616,4,0.204648,0.895287,32,0,1000.000,1.603325,0.637231
17616,5,0.101310,0.780593,16,0,1000.000,2.507672,0.587003
17616,6,0.117810,0.792601,21,0,1000.000,2.379227,0.577091
17616,7,0.090906,0.905392,17,0,1000.000,1.812773,0.643873
17664,0,0.087978,0.836392,23,0,1000.000,1.962594,0.619384
17664,1,0.115808,0.864081,27,0,1000.000,1.971098,0.616065
17664,2,0.147971,0.826734,25,0,1000.000,1.994576,0.610116
17664,3,0.133568,0.915607,18,0,1000.000,1.851547,0.650675
17664,4,0.204648,0.846794,34,0,1000.000,1.863342,0.623207
17664,5,0.101310,0.880870,22,0,1000.000,1.800232,0.630186
17664,6,0.117810,0.882400,22,0,1000.000,1.805577,0.629931
17664,7,0.090906,0.817624,11,0,1000.000,2.056072,0.615871
17712,0,0.087978,0.852344,16,1,953.750,1.766256,0.614451
17712,1,0.115808,0.860168,21,0,1000.000,1.925833,0.604625
17712,2,0.147971,0.893461,31,0,1000.000,1.729850,0.643476
17712,3,0.133568,0.870496,24,0,1000.000,1.966838,0.613756
17712,4,0.204648,0.864547,35,0,1000.000,2.087487,0.616633
17712,5,0.101310,0.872485,10,0,1000.000,1.804806,0.652438
17712,6,0.117810,0.880155,12,0,1000.000,1.979666,0.616497
17712,7,0.090906,0.843059,15,0,1000.000,2.187571,0.606595
17760,0,0.087978,0.913176,18,0,1000.000,1.529956,0.639096
17760,1,0.115808,0.904615,21,0,1000.000,1.670216,0.644950
17760,2,0.147971,0.848676,31,0,1000.000,1.888440,0.624542
17760,3,0.133568,0.841790,22,0,1000.000,2.042045,0.616433
17760,4,0.204648,0.871992,47,0,1000.000,1.915590,0.629077
17760,5,0.101310,0.810137,12,0,1000.000,2.151913,0.617251
17760,6,0.117810,0.888442,18,0,1000.000,1.812520,0.648488
17760,7,0.090906,0.813097,15,0,1000.000,2.338609,0.599518
17808,0,0.087978,0.858468,18,0,1000.000,1.963597,0.626340
17808,1,0.115808,0.855578,26,0,1000.000,1.795334,0.632775
17808,2,0.147971,0.865188,29,0,1000.000,1.847667,0.630063
17808,3,0.133568,0.859046,22,0,1000.000,2.017614,0.618649
17808,4,0.204648,0.856482,40,0,1000.000,1.903660,0.620838
17808,5,0.101310,0.875040,14,0,1000.000,1.743502,0.623252
17808,6,0.117810,0.826904,23,0,1000.000,1.860598,0.625122
17808,7,0.090906,0.828467,13,0,1000.000,2.197207,0.606161
17856,0,0.087978,0.882036,24,0,1000.000,1.779278,0.639086
17856,1,0.115808,0.892411,24,0,1000.000,1.801828,0.635164
17856,2,0.147971,0.857761,42,0,1000.000,1.896809,0.627571
17856,3,0.133568,0.911536,36,0,1000.000,1.527626,0.645301
17856,4,0.204648,0.870674,36,0,1000.000,2.152875,0.619184
17856,5,0.101310,0.859031,23,0,1000.000,1.944170,0.643055
17856,6,0.117810,0.861624,20,0,1000.000,2.089298,0.632634
17856,7,0.090906,0.876082,27,0,1000.000,1.606352,0.637857
17904,0,0.087978,0.914079,19,0,1000.000,1.624761,0.651031
17904,1,0.115808,0.900101,24,0,1000.000,1.716648,0.627906
17904,2,0.147971,0.886231,34,0,1000.000,1.948225,0.631224
17904,3,0.133568,0.855947,20,0,1000.000,2.022522,0.622563
17904,4,0.204648,0.876757,40,0,1000.000,1.936258,0.629439
17904,5,0.101310,0.905105,16,0,1000.000,1.797145,0.638267
17904,6,0.117810,0.913365,31,0,1000.000,1.845397,0.645759
17904,7,0.090906,0.859615,25,1,962.440,1.643152,0.626531
17952,0,0.087978,0.896621,25,0,1000.000,1.710880,0.635621
17952,1,0.115808,0.897812,23,0,1000.000,2.069581,0.629497
17952,2,0.147971,0.878461,40,0,1000.000,1.870327,0.624065
17952,3,0.133568,0.905129,33,0,1000.000,1.756054,0.638888
17952,4,0.204648,0.885356,49,0,1000.000,1.945369,0.628162
17952,5,0.101310,0.881224,21,0,1000.000,1.765657,0.639714
17952,6,0.117810,0.843909,28,0,1000.000,1.968925,0.624624
17952,7,0.090906,0.901779,17,0,1000.000,1.843440,0.641452
18000,0,0.087978,0.859384,20,0,1000.000,2.018245,0.619722
18000,1,0.115808,0.883188,30,0,1000.000,1.733158,0.636069
18000,2,0.147971,0.861148,31,0,1000.000,1.899408,0.628665
18000,3,0.133568,0.867328,28,0,1000.000,1.871810,0.634535
18000,4,0.204648,0.882494,40,0,1000.000,2.019720,0.623853
18000,5,0.101310,0.887497,21,0,1000.000,1.904400,0.635627
18000,6,0.117810,0.876621,19,0,1000.000,1.761860,0.630550
18000,7,0.090906,0.896876,22,0,1000.000,2.030261,0.627659
18048,0,0.087978,0.879270,13,0,1000.000,1.970794,0.638154
18048,1,0.115808,0.879065,13,0,1000.000,1.954229,0.627337
18048,2,0.147971,0.898238,33,0,1000.000,1.704965,0.647289
18048,3,0.133568,0.889663,25,0,1000.000,1.922189,0.629539
18048,4,0.204648,0.908062,26,0,1000.000,1.660398,0.645865
18048,5,0.101310,0.869896,19,0,1000.000,2.127039,0.609285
18048,6,0.117810,0.882881,16,0,1000.000,1.860736,0.650173
18048,7,0.090906,0.865228,11,0,1000.000,1.851939,0.627474
18096,0,0.087978,0.862241,9,0,1000.000,2.011930,0.623899
18096,1,0.115808,0.871399,30,0,1000.000,2.046755,0.631279
18096,2,0.147971,0.874157,30,0,1000.000,1.764024,0.634153
18096,3,0.133568,0.867747,18,0,1000.000,2.008425,0.632929
18096,4,0.204648,0.895193,22,0,1000.000,1.941314,0.636214
18096,5,0.101310,0.852683,11,0,1000.000,1.923576,0.637701
18096,6,0.117810,0.878890,21,0,1000.000,2.031959,0.634149
18096,7,0.090906,0.929034,18,0,1000.000,1.615431,0.652566
18144,0,0.087978,0.848100,14,0,1000.000,1.665581,0.647355
18144,1,0.115808,0.889728,27,0,1000.000,1.927662,0.616600
18144,2,0.147971,0.917568,30,0,1000.000,1.749755,0.640254
18144,3,0.133568,0.899309,20,0,1000.000,1.672340,0.640785
18144,4,0.204648,0.901130,45,0,1000.000,1.687980,0.641448
18144,5,0.101310,0.924882,24,0,1000.000,1.740309,0.661672
18144,6,0.117810,0.908165,20,0,1000.000,1.858876,0.649083
18144,7,0.090906,0.925201,23,0,1000.000,1.770120,0.642350
18192,0,0.087978,0.924928,12,0,1000.000,1.616167,0.648663
18192,1,0.115808,0.909302,16,0,1000.000,1.708215,0.647146
18192,2,0.147971,0.901614,32,0,1000.000,1.679725,0.648718
18192,3,0.133568,0.889102,21,0,1000.000,1.872518,0.630388
18192,4,0.204648,0.899016,33,0,1000.000,1.904501,0.633497
18192,5,0.101310,0.890255,21,0,1000.000,1.782402,0.631431
18192,6,0.117810,0.912850,20,0,1000.000,1.715576,0.649315
18192,7,0.090906,0.822835,11,0,1000.000,2.287410,0.619878
18240,0,0.087978,0.921848,17,1,952.000,1.486203,0.652367
18240,1,0.115808,0.904076,26,0,1000.000,1.938161,0.624305
18240,2,0.147971,0.899454,27,0,1000.000,1.673462,0.648109
18240,3,0.133568,0.929104,17,0,1000.000,1.494442,0.658863
18240,4,0.204648,0.914436,35,0,1000.000,1.765699,0.641823
18240,5,0.101310,0.908472,17,0,1000.000,1.751423,0.648530
18240,6,0.117810,0.911984,20,0,1000.000,1.703459,0.649613
18240,7,0.090906,0.885541,19,0,1000.000,1.856359,0.626964
18288,0,0.087978,0.900133,15,1,991.800,1.696473,0.641621
18288,1,0.115808,0.837177,19,0,1000.000,2.109566,0.608304
18288,2,0.147971,0.880853,21,0,1000.000,1.677705,0.643795
18288,3,0.133568,0.887778,24,0,1000.000,1.925034,0.644873
18288,4,0.204648,0.899720,30,0,1000.000,1.846899,0.634522
18288,5,0.101310,0.883782,13,0,1000.000,1.830926,0.632116
18288,6,0.117810,0.896720,20,0,1000.000,1.734974,0.638110
18288,7,0.090906,0.847123,14,0,1000.000,2.259476,0.610454
18336,0,0.087978,0.841246,13,0,1000.000,1.989577,0.618391
18336,1,0.115808,0.891527,19,0,1000.000,2.036780,0.634928
18336,2,0.147971,0.883897,15,0,1000.000,1.775210,0.635655
18336,3,0.133568,0.897010,25,0,1000.000,1.849274,0.649435
18336,4,0.204648,0.906512,27,0,1000.000,1.720948,0.656955
18336,5,0.101310,0.839247,19,0,1000.000,2.219140,0.616355
18336,6,0.117810,0.861441,18,0,1000.000,2.108051,0.623343
18336,7,0.090906,0.876027,13,0,1000.000,2.355972,0.626459
18384,0,0.087978,0.900779,21,0,1000.000,1.726622,0.640688
18384,1,0.115808,0.884940,28,0,1000.000,2.048128,0.630523
18384,2,0.147971,0.886482,23,0,1000.000,2.087383,0.630415
18384,3,0.133568,0.941524,23,0,1000.000,1.287659,0.671986
18384,4,0.204648,0.906615,34,0,1000.000,1.755392,0.649367
18384,5,0.101310,0.896332,25,0,1000.000,1.780463,0.643217
18384,6,0.117810,0.855786,29,0,1000.000,2.014076,0.619353
18384,7,0.090906,0.902535,20,0,1000.000,1.884397,0.645959
18432,0,0.087978,0.891702,25,2,955.560,1.687395,0.632824
18432,1,0.115808,0.879567,21,1,955.524,1.647316,0.642646
18432,2,0.147971,0.900694,22,0,1000.000,1.934312,0.629847
18432,3,0.133568,0.875759,28,0,1000.000,1.740370,0.631137
18432,4,0.204648,0.888665,53,0,1000.000,1.924063,0.635169
18432,5,0.101310,0.887556,29,0,1000.000,1.976689,0.631730
18432,6,0.117810,0.924162,24,0,1000.000,1.524788,0.651692
18432,7,0.090906,0.900561,17,0,1000.000,1.860412,0.653092
18480,0,0.087978,0.879114,22,0,1000.000,1.916274,0.630690
18480,1,0.115808,0.922096,28,1,987.286,1.485221,0.651090
18480,2,0.147971,0.882156,41,0,1000.000,1.958240,0.631820
18480,3,0.133568,0.890880,25,0,1000.000,1.796353,0.635073
18480,4,0.204648,0.894353,68,0,1000.000,1.949587,0.640665
18480,5,0.101310,0.906932,24,0,1000.000,1.685865,0.648884
18480,6,0.117810,0.884909,36,0,1000.000,1.784209,0.642941
18480,7,0.090906,0.908410,27,0,1000.000,1.918028,0.638634
18528,0,0.087978,0.854014,24,0,1000.000,2.043058,0.629943
18528,1,0.115808,0.872192,34,0,1000.000,2.045302,0.624886
18528,2,0.147971,0.827362,34,0,1000.000,2.243627,0.607771
18528,3,0.133568,0.926674,31,0,1000.000,1.667422,0.650665
18528,4,0.204648,0.908491,50,0,1000.000,1.764694,0.644703
18528,5,0.101310,0.917323,27,0,1000.000,1.842592,0.651364
18528,6,0.117810,0.881712,33,0,1000.000,2.101071,0.631806
18528,7,0.090906,0.871219,28,0,1000.000,1.915660,0.640935
18576,0,0.087978,0.916888,21,0,1000.000,1.492123,0.651112
18576,1,0.115808,0.891125,34,0,1000.000,1.943480,0.631962
18576,2,0.147971,0.860959,43,0,1000.000,2.050305,0.625735
18576,3,0.133568,0.894457,23,0,1000.000,1.911788,0.640734
18576,4,0.204648,0.868376,45,0,1000.000,1.865297,0.632667
18576,5,0.101310,0.889871,26,0,1000.000,1.936415,0.640334
18576,6,0.117810,0.888097,24,0,1000.000,1.964106,0.643539
18576,7,0.090906,0.927021,19,0,1000.000,1.795411,0.654216
18624,0,0.087978,0.859688,17,0,1000.000,2.031407,0.629830
18624,1,0.115808,0.902078,24,0,1000.000,1.576786,0.639426
18624,2,0.147971,0.868571,21,0,1000.000,1.943568,0.623017
18624,3,0.133568,0.907254,23,0,1000.000,1.774638,0.642219
18624,4,0.204648,0.852052,30,0,1000.000,1.871869,0.637019
18624,5,0.101310,0.929918,22,0,1000.000,1.715202,0.657275
18624,6,0.117810,0.877482,18,0,1000.000,1.933896,0.636647
18624,7,0.090906,0.905716,20,0,1000.000,1.945456,0.642352
18672,0,0.087978,0.876206,17,0,1000.000,1.910444,0.629594
18672,1,0.115808,0.860888,26,0,1000.000,1.802828,0.627552
18672,2,0.147971,0.933686,22,0,1000.000,1.333703,0.657581
18672,3,0.133568,0.859204,19,0,1000.000,2.144707,0.620436
18672,4,0.204648,0.876833,35,0,1000.000,1.957540,0.635844
18672,5,0.101310,0.913162,17,0,1000.000,1.713679,0.656422
18672,6,0.117810,0.922295,19,0,1000.000,1.744141,0.655757
18672,7,0.090906,0.895799,18,0,1000.000,1.554497,0.654412
18720,0,0.087978,0.866860,15,1,964.733,1.573554,0.633757
18720,1,0.115808,0.879063,17,0,1000.000,1.886384,0.646420
18720,2,0.147971,0.871078,23,0,1000.000,1.993299,0.633505
18720,3,0.133568,0.889354,17,0,1000.000,1.951073,0.635657
18720,4,0.204648,0.863990,40,0,1000.000,2.149515,0.623801
18720,5,0.101310,0.870687,14,0,1000.000,1.927198,0.635097
18720,6,0.117810,0.907100,19,0,1000.000,1.469658,0.648880
18720,7,0.090906,0.906250,20,0,1000.000,1.753269,0.648021
18768,0,0.087978,0.920588,20,0,1000.000,1.529655,0.652439
18768,1,0.115808,0.922549,19,0,1000.000,1.715425,0.645827
18768,2,0.147971,0.902142,30,0,1000.000,1.644733,0.646767
18768,3,0.133568,0.880908,27,0,1000.000,1.802318,0.654297
18768,4,0.204648,0.885022,44,1,978.432,1.452246,0.652150
18768,5,0.101310,0.922579,19,0,1000.000,1.568441,0.667128
18768,6,0.117810,0.878660,20,0,1000.000,1.603993,0.639525
18768,7,0.090906,0.932476,15,0,1000.000,1.430992,0.664257
18816,0,0.087978,0.898455,22,1,959.000,1.910611,0.626487
18816,1,0.115808,0.891664,18,0,1000.000,1.708741,0.646776
18816,2,0.147971,0.898169,35,0,1000.000,1.640475,0.652694
18816,3,0.133568,0.881732,28,0,1000.000,1.871963,0.640383
18816,4,0.204648,0.842780,32,0,1000.000,2.020839,0.616335
18816,5,0.101310,0.903627,14,0,1000.000,1.948989,0.647137
18816,6,0.117810,0.859496,23,0,1000.000,1.903520,0.631944
18816,7,0.090906,0.910840,15,0,1000.000,1.872038,0.647088
18864,0,0.087978,0.903170,22,1,981.136,1.610997,0.640347
18864,1,0.115808,0.851424,33,0,1000.000,2.065035,0.629679
18864,2,0.147971,0.869627,33,0,1000.000,1.868352,0.632238
18864,3,0.133568,0.877204,33,0,1000.000,1.993250,0.634924
18864,4,0.204648,0.895907,39,0,1000.000,1.828251,0.649306
18864,5,0.101310,0.897046,26,0,1000.000,1.954084,0.640313
18864,6,0.117810,0.891158,26,0,1000.000,1.829957,0.649682
18864,7,0.090906,0.919686,22,0,1000.000,1.596445,0.662689
18912,0,0.087978,0.899226,20,0,1000.000,1.812415,0.650441
18912,1,0.115808,0.908605,19,1,975.211,1.610820,0.651724
18912,2,0.147971,0.902477,26,0,1000.000,1.731135,0.650794
18912,3,0.133568,0.877572,22,0,1000.000,1.998960,0.643080
18912,4,0.204648,0.912227,43,0,1000.000,1.637448,0.658939
18912,5,0.101310,0.869626,22,0,1000.000,2.015795,0.641030
18912,6,0.117810,0.863379,28,0,1000.000,1.999723,0.629794
18912,7,0.090906,0.821707,25,0,1000.000,2.320636,0.614248
18960,0,0.087978,0.887896,23,0,1000.000,1.901619,0.641969
18960,1,0.115808,0.906306,30,0,1000.000,1.842148,0.646145
18960,2,0.147971,0.870895,36,0,1000.000,1.884926,0.631285
18960,3,0.133568,0.865395,22,0,1000.000,2.020273,0.634429
18960,4,0.204648,0.903696,57,0,1000.000,1.776254,0.645499
18960,5,0.101310,0.865615,23,0,1000.000,1.890121,0.636413
18960,6,0.117810,0.896149,40,0,1000.000,1.775654,0.644310
18960,7,0.090906,0.900895,18,0,1000.000,1.916151,0.637768
19008,0,0.087978,0.894912,13,0,1000.000,1.714478,0.637332
19008,1,0.115808,0.871933,25,0,1000.000,1.994811,0.624332
19008,2,0.147971,0.874522,31,0,1000.000,1.886364,0.640378
19008,3,0.133568,0.908182,30,0,1000.000,1.596991,0.649355
19008,4,0.204648,0.912519,42,0,1000.000,1.822540,0.646879
19008,5,0.101310,0.884131,19,0,1000.000,1.853492,0.644076
19008,6,0.117810,0.916429,26,0,1000.000,1.729699,0.652920
19008,7,0.090906,0.914434,13,0,1000.000,1.375551,0.664839
19056,0,0.087978,0.896366,20,1,959.750,1.577103,0.641776
19056,1,0.115808,0.927530,8,1,978.250,1.125409,0.673012
19056,2,0.147971,0.877748,20,0,1000.000,1.858048,0.644568
19056,3,0.133568,0.896209,32,0,1000.000,1.744565,0.639873
19056,4,0.204648,0.879362,30,0,1000.000,1.603752,0.634770
19056,5,0.101310,0.885287,19,0,1000.000,1.945589,0.647275
19056,6,0.117810,0.903946,15,0,1000.000,1.814324,0.657920
19056,7,0.090906,0.899168,8,0,1000.000,1.875551,0.657859
19104,0,0.087978,0.864348,18,0,1000.000,1.743505,0.627237
19104,1,0.115808,0.871985,19,0,1000.000,1.920729,0.635058
19104,2,0.147971,0.910223,22,0,1000.000,1.922662,0.656994
19104,3,0.133568,0.883629,24,0,1000.000,1.934479,0.636442
19104,4,0.204648,0.891800,26,0,1000.000,1.919137,0.642240
19104,5,0.101310,0.936034,14,0,1000.000,1.663103,0.671851
19104,6,0.117810,0.891076,24,0,1000.000,1.584140,0.657527
19104,7,0.090906,0.903644,21,0,1000.000,1.792463,0.645556
19152,0,0.087978,0.854452,16,0,1000.000,2.187629,0.615686
19152,1,0.115808,0.857367,21,0,1000.000,1.965594,0.631232
19152,2,0.147971,0.868098,27,0,1000.000,1.953154,0.634481
19152,3,0.133568,0.855185,33,0,1000.000,2.052241,0.627271
19152,4,0.204648,0.889601,37,0,1000.000,2.003385,0.642787
19152,5,0.101310,0.845439,16,0,1000.000,2.234428,0.625889
19152,6,0.117810,0.873167,21,0,1000.000,1.655193,0.648341
19152,7,0.090906,0.910288,16,0,1000.000,1.694063,0.649947
19200,0,0.087978,0.883721,17,2,990.647,1.642543,0.640013
19200,1,0.115808,0.873449,13,0,1000.000,1.920901,0.644630
19200,2,0.147971,0.925394,24,0,1000.000,1.748303,0.657249
19200,3,0.133568,0.883273,30,0,1000.000,1.955997,0.632022
19200,4,0.204648,0.870755,37,0,1000.000,1.815455,0.638910
19200,5,0.101310,0.912515,18,0,1000.000,1.611038,0.656494
19200,6,0.117810,0.889941,19,0,1000.000,1.650478,0.653051
19200,7,0.090906,0.835920,14,0,1000.000,2.362142,0.616838
19248,0,0.136379,0.854828,11,0,1000.000,1.857499,0.642094
19248,1,0.114103,0.866514,23,0,1000.000,1.679899,0.636642
19248,2,0.131719,0.858402,31,0,1000.000,2.319670,0.622051
19248,3,0.112864,0.875382,25,0,1000.000,2.151153,0.633161
19248,4,0.098668,0.874657,36,0,1000.000,1.870494,0.647311
19248,5,0.135942,0.903118,20,0,1000.000,1.661974,0.649954
19248,6,0.119105,0.882709,20,0,1000.000,1.827711,0.650668
19248,7,0.151221,0.927848,12,0,1000.000,1.891248,0.655448
19296,0,0.136379,0.900383,15,1,979.267,1.735489,0.642944
19296,1,0.114103,0.822645,14,0,1000.000,2.216831,0.616681
19296,2,0.131719,0.878314,19,0,1000.000,2.085841,0.624273
19296,3,0.112864,0.904773,21,0,1000.000,1.549113,0.650935
19296,4,0.098668,0.891917,17,0,1000.000,1.850042,0.656039
19296,5,0.135942,0.900231,25,0,1000.000,1.746133,0.659141
19296,6,0.119105,0.908167,21,0,1000.000,1.916630,0.648843
19296,7,0.151221,0.829959,20,1,952.450,2.042820,0.616430
19344,0,0.136379,0.868574,17,0,1000.000,1.725248,0.632819
19344,1,0.114103,0.895631,18,0,1000.000,1.641566,0.655246
19344,2,0.131719,0.850473,24,0,1000.000,1.947347,0.642579
19344,3,0.112864,0.943605,15,0,1000.000,1.497611,0.677968
19344,4,0.098668,0.869619,21,0,1000.000,1.982571,0.642539
19344,5,0.135942,0.855464,20,0,1000.000,2.091605,0.642233
19344,6,0.119105,0.881935,20,0,1000.000,1.838139,0.647026
19344,7,0.151221,0.887206,21,0,1000.000,1.637948,0.651475
19392,0,0.136379,0.887277,36,1,974.944,1.632961,0.642839
19392,1,0.114103,0.895790,34,0,1000.000,1.627718,0.650535
19392,2,0.131719,0.876259,29,0,1000.000,1.828282,0.651417
19392,3,0.112864,0.932177,18,0,1000.000,1.522959,0.661370
19392,4,0.098668,0.891962,20,0,1000.000,2.039802,0.647252
19392,5,0.135942,0.873840,27,0,1000.000,1.871940,0.646941
19392,6,0.119105,0.898000,21,0,1000.000,1.834441,0.648348
19392,7,0.151221,0.890120,22,0,1000.000,1.719806,0.652356
19440,0,0.136379,0.884980,30,2,979.433,1.586260,0.641550
19440,1,0.114103,0.871776,25,0,1000.000,1.951084,0.633792
19440,2,0.131719,0.913849,28,0,1000.000,1.742742,0.654233
19440,3,0.112864,0.864756,19,0,1000.000,2.090137,0.635967
19440,4,0.098668,0.886386,31,0,1000.000,1.925664,0.650984
19440,5,0.135942,0.889184,35,0,1000.000,1.875786,0.642727
19440,6,0.119105,0.902731,25,0,1000.000,1.643465,0.647934
19440,7,0.151221,0.908095,32,0,1000.000,1.600673,0.653373
19488,0,0.136379,0.887139,40,0,1000.000,1.637902,0.653275
19488,1,0.114103,0.852131,39,0,1000.000,2.017219,0.634901
19488,2,0.131719,0.877859,36,0,1000.000,1.726119,0.650891
19488,3,0.112864,0.894720,23,0,1000.000,1.779114,0.650367
19488,4,0.098668,0.886136,36,0,1000.000,1.876349,0.645500
19488,5,0.135942,0.890921,31,0,1000.000,1.849084,0.646830
19488,6,0.119105,0.926020,22,0,1000.000,1.604213,0.658996
19488,7,0.151221,0.811291,41,1,976.976,2.008391,0.602685
19536,0,0.136379,0.878027,35,1,996.829,1.759024,0.645249
19536,1,0.114103,0.849668,33,0,1000.000,1.949210,0.637541
19536,2,0.131719,0.880616,39,1,993.077,1.980179,0.641590
19536,3,0.112864,0.875627,24,0,1000.000,1.980317,0.641270
19536,4,0.098668,0.899218,23,0,1000.000,1.901193,0.642008
19536,5,0.135942,0.889582,49,0,1000.000,1.868895,0.644155
19536,6,0.119105,0.848932,31,0,1000.000,2.039254,0.622350
19536,7,0.151221,0.875041,42,1,978.405,1.783363,0.645419
19584,0,0.136379,0.839793,31,0,1000.000,2.047392,0.626683
19584,1,0.114103,0.880054,28,0,1000.000,1.747205,0.650020
19584,2,0.131719,0.892327,28,0,1000.000,1.774943,0.645465
19584,3,0.112864,0.876604,22,0,1000.000,2.181708,0.635564
19584,4,0.098668,0.884677,23,0,1000.000,1.656005,0.644841
19584,5,0.135942,0.851599,33,0,1000.000,2.153683,0.626275
19584,6,0.119105,0.870678,27,0,1000.000,2.025200,0.639848
19584,7,0.151221,0.865391,27,0,1000.000,1.812312,0.634722
19632,0,0.136379,0.923912,31,0,1000.000,1.645603,0.657799
19632,1,0.114103,0.907799,23,0,1000.000,1.790992,0.651972
19632,2,0.131719,0.904357,18,0,1000.000,1.924684,0.638254
19632,3,0.112864,0.926292,17,0,1000.000,1.699265,0.664558
19632,4,0.098668,0.911688,12,0,1000.000,1.939220,0.624638
19632,5,0.135942,0.889986,22,0,1000.000,1.893299,0.632333
19632,6,0.119105,0.926865,17,0,1000.000,1.656020,0.655764
19632,7,0.151221,0.892988,27,0,1000.000,1.883663,0.647922
19680,0,0.136379,0.902213,25,0,1000.000,1.828526,0.653678
19680,1,0.114103,0.897719,16,0,1000.000,1.756830,0.638462
19680,2,0.131719,0.902627,31,0,1000.000,1.749504,0.647526
19680,3,0.112864,0.835719,25,0,1000.000,2.230433,0.622110
19680,4,0.098668,0.885834,12,0,1000.000,1.955298,0.646058
19680,5,0.135942,0.904008,12,0,1000.000,1.646883,0.651878
19680,6,0.119105,0.908936,22,0,1000.000,1.879211,0.661189
19680,7,0.151221,0.882310,29,0,1000.000,1.800536,0.642040
19728,0,0.136379,0.859149,26,0,1000.000,1.873191,0.634286
19728,1,0.114103,0.895908,15,0,1000.000,1.942591,0.635661
19728,2,0.131719,0.898540,30,0,1000.000,1.918792,0.647742
19728,3,0.112864,0.828709,19,1,949.421,1.595038,0.629610
19728,4,0.098668,0.932396,10,0,1000.000,1.600058,0.648564
19728,5,0.135942,0.888775,26,0,1000.000,1.752120,0.646864
19728,6,0.119105,0.912161,13,0,1000.000,1.751475,0.653086
19728,7,0.151221,0.864653,27,0,1000.000,1.946756,0.628544
19776,0,0.136379,0.853605,33,0,1000.000,1.937285,0.624702
19776,1,0.114103,0.908926,19,0,1000.000,1.685101,0.638073
19776,2,0.131719,0.917327,19,0,1000.000,1.766534,0.653280
19776,3,0.112864,0.914973,16,0,1000.000,1.719012,0.645553
19776,4,0.098668,0.935544,12,0,1000.000,1.533087,0.664379
19776,5,0.135942,0.891700,24,0,1000.000,1.711003,0.644284
19776,6,0.119105,0.927388,26,0,1000.000,1.463119,0.664765
19776,7,0.151221,0.908708,38,0,1000.000,1.766632,0.653264
19824,0,0.136379,0.903912,34,1,988.441,1.651206,0.653891
19824,1,0.114103,0.864149,29,0,1000.000,1.924053,0.635139
19824,2,0.131719,0.890504,22,0,1000.000,1.761657,0.643849
19824,3,0.112864,0.922820,19,0,1000.000,1.250081,0.656313
19824,4,0.098668,0.903013,21,0,1000.000,1.691537,0.641331
19824,5,0.135942,0.836862,26,0,1000.000,2.165893,0.623368
19824,6,0.119105,0.881486,28,0,1000.000,1.912911,0.632229
19824,7,0.151221,0.892697,28,0,1000.000,2.057134,0.635983
19872,0,0.136379,0.904963,42,0,1000.000,1.738326,0.654887
19872,1,0.114103,0.902735,31,0,1000.000,1.789341,0.639322
19872,2,0.131719,0.910637,26,0,1000.000,1.926900,0.646627
19872,3,0.112864,0.900806,29,0,1000.000,1.968252,0.642433
19872,4,0.098668,0.884627,13,0,1000.000,1.718602,0.636495
19872,5,0.135942,0.901866,31,0,1000.000,1.768796,0.643366
19872,6,0.119105,0.936526,28,0,1000.000,1.564830,0.668025
19872,7,0.151221,0.865829,22,0,1000.000,1.915197,0.619934
19920,0,0.136379,0.859436,27,0,1000.000,2.012316,0.632330
19920,1,0.114103,0.880514,31,0,1000.000,1.910737,0.637167
19920,2,0.131719,0.913694,31,0,1000.000,1.791711,0.649757
19920,3,0.112864,0.874572,20,0,1000.000,2.136973,0.639184
19920,4,0.098668,0.884239,19,0,1000.000,2.252956,0.631933
19920,5,0.135942,0.905757,28,0,1000.000,1.690002,0.648403
19920,6,0.119105,0.900205,32,0,1000.000,1.808470,0.643665
19920,7,0.151221,0.900834,27,0,1000.000,1.831347,0.642476
19968,0,0.136379,0.854769,28,1,977.536,1.949356,0.617767
19968,1,0.114103,0.884064,30,0,1000.000,1.916314,0.641223
19968,2,0.131719,0.887810,37,0,1000.000,1.835982,0.634064
19968,3,0.112864,0.881566,34,0,1000.000,1.858626,0.644649
19968,4,0.098668,0.903594,25,0,1000.000,1.921738,0.645043
19968,5,0.135942,0.913233,32,0,1000.000,1.793199,0.645109
19968,6,0.119105,0.829666,24,0,1000.000,2.034931,0.616024
19968,7,0.151221,0.917972,35,0,1000.000,1.567723,0.661032
20016,0,0.136379,0.861794,26,1,963.538,1.894540,0.624461
20016,1,0.114103,0.879690,19,0,1000.000,2.010196,0.632125
20016,2,0.131719,0.901568,21,0,1000.000,1.786549,0.632595
20016,3,0.112864,0.929662,23,0,1000.000,1.896203,0.659182
20016,4,0.098668,0.923300,20,0,1000.000,1.663149,0.644685
20016,5,0.135942,0.868925,23,0,1000.000,1.989016,0.639827
20016,6,0.119105,0.914321,27,0,1000.000,1.893003,0.652023
20016,7,0.151221,0.905668,36,0,1000.000,1.777627,0.649330
20064,0,0.136379,0.861287,20,0,1000.000,1.950789,0.631781
20064,1,0.114103,0.854017,18,0,1000.000,1.824660,0.617963
20064,2,0.131719,0.861432,23,0,1000.000,1.956728,0.631816
20064,3,0.112864,0.937938,17,0,1000.000,1.399243,0.670189
20064,4,0.098668,0.913411,15,0,1000.000,1.676465,0.636420
20064,5,0.135942,0.850961,16,0,1000.000,2.315062,0.623627
20064,6,0.119105,0.875565,16,0,1000.000,1.841433,0.634292
20064,7,0.151221,0.893793,27,0,1000.000,1.780005,0.646469
20112,0,0.136379,0.915050,18,0,1000.000,1.664887,0.655360
20112,1,0.114103,0.911759,17,0,1000.000,1.579660,0.650301
20112,2,0.131719,0.905192,30,0,1000.000,1.845892,0.646174
20112,3,0.112864,0.869098,21,0,1000.000,2.030181,0.627993
20112,4,0.098668,0.887520,18,0,1000.000,1.781016,0.641210
20112,5,0.135942,0.902754,30,0,1000.000,1.569592,0.649731
20112,6,0.119105,0.924720,16,0,1000.000,1.638008,0.655692
20112,7,0.151221,0.913390,19,0,1000.000,1.628104,0.651119
20160,0,0.136379,0.870905,21,0,1000.000,2.014720,0.629698
20160,1,0.114103,0.874980,35,0,1000.000,1.919477,0.635046
20160,2,0.131719,0.899318,25,0,1000.000,1.734527,0.639631
20160,3,0.112864,0.849497,22,0,1000.000,1.825878,0.628868
20160,4,0.098668,0.906188,14,0,1000.000,1.741969,0.649687
20160,5,0.135942,0.863925,21,0,1000.000,2.081950,0.621154
20160,6,0.119105,0.889564,23,0,1000.000,1.947430,0.640699
20160,7,0.151221,0.866616,24,0,1000.000,1.871830,0.635921
20208,0,0.136379,0.898724,20,0,1000.000,1.787926,0.644081
20208,1,0.114103,0.897914,22,0,1000.000,1.963679,0.643342
20208,2,0.131719,0.889743,16,0,1000.000,1.721499,0.645356
20208,3,0.112864,0.891148,20,0,1000.000,1.772733,0.636083
20208,4,0.098668,0.879367,19,0,1000.000,1.778301,0.636635
20208,5,0.135942,0.924124,24,0,1000.000,1.719754,0.654133
20208,6,0.119105,0.928771,26,0,1000.000,1.532198,0.648039
20208,7,0.151221,0.867556,25,0,1000.000,1.963929,0.630901
20256,0,0.136379,0.889093,28,0,1000.000,1.963359,0.642025
20256,1,0.114103,0.854600,9,0,1000.000,2.203219,0.630755
20256,2,0.131719,0.883604,27,0,1000.000,1.868645,0.649147
20256,3,0.112864,0.917587,21,0,1000.000,1.772713,0.646701
20256,4,0.098668,0.881849,14,0,1000.000,1.541205,0.648662
20256,5,0.135942,0.903718,20,0,1000.000,1.836095,0.652689
20256,6,0.119105,0.835054,26,0,1000.000,2.333504,0.608835
20256,7,0.151221,0.918091,21,0,1000.000,1.846367,0.654729
20304,0,0.136379,0.840220,17,0,1000.000,1.963419,0.628552
20304,1,0.114103,0.848396,18,1,976.944,1.731385,0.618607
20304,2,0.131719,0.939926,21,0,1000.000,1.374974,0.662511
20304,3,0.112864,0.864505,27,0,1000.000,1.616656,0.630481
20304,4,0.098668,0.826024,9,0,1000.000,2.447117,0.624065
20304,5,0.135942,0.852617,24,0,1000.000,2.003863,0.623063
20304,6,0.119105,0.889753,23,0,1000.000,1.874115,0.635515
20304,7,0.151221,0.872090,21,0,1000.000,1.922861,0.627589
20352,0,0.136379,0.878355,27,1,990.518,1.889167,0.637800
20352,1,0.114103,0.883852,17,0,1000.000,1.770273,0.638415
20352,2,0.131719,0.853711,19,0,1000.000,1.902769,0.633232
20352,3,0.112864,0.924349,16,0,1000.000,1.463521,0.625344
20352,4,0.098668,0.920040,17,0,1000.000,1.512663,0.642197
20352,5,0.135942,0.892861,25,0,1000.000,1.737071,0.646273
20352,6,0.119105,0.868059,22,0,1000.000,2.061458,0.630486
20352,7,0.151221,0.886109,22,0,1000.000,1.838755,0.623191
20400,0,0.136379,0.885697,25,0,1000.000,1.965997,0.638872
20400,1,0.114103,0.879894,18,0,1000.000,1.847979,0.631158
20400,2,0.131719,0.841070,33,0,1000.000,2.016277,0.627026
20400,3,0.112864,0.857594,33,0,1000.000,1.852850,0.619728
20400,4,0.098668,0.866102,14,0,1000.000,1.929357,0.650194
20400,5,0.135942,0.868354,26,0,1000.000,2.009824,0.633319
20400,6,0.119105,0.856950,23,0,1000.000,2.063076,0.625590
20400,7,0.151221,0.890654,31,0,1000.000,1.824102,0.652705
20448,0,0.136379,0.924283,31,0,1000.000,1.332405,0.660312
20448,1,0.114103,0.861476,18,0,1000.000,1.966532,0.636253
20448,2,0.131719,0.885000,30,0,1000.000,1.799394,0.632019
20448,3,0.112864,0.853361,23,0,1000.000,1.957796,0.622573
20448,4,0.098668,0.845513,27,0,1000.000,1.911108,0.616200
20448,5,0.135942,0.850998,32,0,1000.000,1.928604,0.618223
20448,6,0.119105,0.820598,33,0,1000.000,2.124031,0.615003
20448,7,0.151221,0.866698,32,0,1000.000,2.049036,0.634952
20496,0,0.136379,0.856584,35,1,989.657,2.016995,0.611868
20496,1,0.114103,0.855910,34,0,1000.000,2.117625,0.615388
20496,2,0.131719,0.879611,37,0,1000.000,1.791692,0.641944
20496,3,0.112864,0.926317,31,0,1000.000,1.556549,0.651135
20496,4,0.098668,0.861065,23,0,1000.000,2.104744,0.631905
20496,5,0.135942,0.863984,43,0,1000.000,2.043270,0.629525
20496,6,0.119105,0.854430,27,0,1000.000,2.155250,0.619382
20496,7,0.151221,0.853583,35,0,1000.000,1.975024,0.630775
20544,0,0.136379,0.867608,42,0,1000.000,1.902523,0.634412
20544,1,0.114103,0.855135,40,0,1000.000,2.008793,0.628066
20544,2,0.131719,0.869984,48,0,1000.000,1.652777,0.631339
20544,3,0.112864,0.857406,25,0,1000.000,1.883929,0.630724
20544,4,0.098668,0.898849,25,0,1000.000,1.736694,0.641753
20544,5,0.135942,0.859574,24,0,1000.000,1.900536,0.642510
20544,6,0.119105,0.864318,31,0,1000.000,1.781046,0.624880
20544,7,0.151221,0.874247,46,0,1000.000,1.879358,0.625662
20592,0,0.136379,0.884581,28,1,967.107,1.845984,0.625516
20592,1,0.114103,0.877099,28,0,1000.000,1.966771,0.625063
20592,2,0.131719,0.877850,24,0,1000.000,1.664066,0.636441
20592,3,0.112864,0.879545,25,0,1000.000,1.945351,0.627724
20592,4,0.098668,0.864073,24,0,1000.000,2.042385,0.619155
20592,5,0.135942,0.894153,24,0,1000.000,1.803670,0.635770
20592,6,0.119105,0.880711,26,0,1000.000,2.028389,0.638749
20592,7,0.151221,0.851607,31,0,1000.000,2.125868,0.614625
20640,0,0.136379,0.851920,32,0,1000.000,1.892148,0.621881
20640,1,0.114103,0.897188,16,0,1000.000,1.763838,0.628032
20640,2,0.131719,0.802545,18,0,1000.000,2.071507,0.617820
20640,3,0.112864,0.849382,21,0,1000.000,2.205075,0.617158
20640,4,0.098668,0.882982,18,0,1000.000,1.945836,0.635015
20640,5,0.135942,0.893139,25,0,1000.000,1.932458,0.634848
20640,6,0.119105,0.807422,14,0,1000.000,2.245931,0.604307
20640,7,0.151221,0.858860,26,0,1000.000,2.114602,0.612995
20688,0,0.136379,0.911959,19,0,1000.000,1.862705,0.641664
20688,1,0.114103,0.847174,16,0,1000.000,2.004779,0.627036
20688,2,0.131719,0.871639,21,0,1000.000,1.784598,0.642447
20688,3,0.112864,0.883128,21,0,1000.000,1.804478,0.631542
20688,4,0.098668,0.875025,17,0,1000.000,1.516884,0.629756
20688,5,0.135942,0.881825,22,0,1000.000,1.821040,0.639264
20688,6,0.119105,0.855309,24,0,1000.000,2.165260,0.620643
20688,7,0.151221,0.907524,22,0,1000.000,2.204356,0.638740
20736,0,0.136379,0.874968,30,3,942.833,1.679529,0.628646
20736,1,0.114103,0.850495,23,0,1000.000,1.946754,0.625037
20736,2,0.131719,0.894960,24,0,1000.000,1.628266,0.644511
20736,3,0.112864,0.918335,19,0,1000.000,1.591606,0.637957
20736,4,0.098668,0.891425,22,0,1000.000,1.581929,0.629369
20736,5,0.135942,0.897015,15,0,1000.000,1.838234,0.626592
20736,6,0.119105,0.788460,21,0,1000.000,2.175243,0.596321
20736,7,0.151221,0.908444,33,0,1000.000,1.877793,0.638005
20832,0,0.136379,0.861180,52,1,992.635,1.986891,0.619502
20832,1,0.114103,0.865550,45,0,1000.000,2.053139,0.628107
20832,2,0.131719,0.866885,55,0,1000.000,1.839550,0.630608
20832,3,0.112864,0.884036,51,0,1000.000,1.948831,0.631968
20832,4,0.098668,0.866820,39,0,1000.000,2.144144,0.619023
20832,5,0.135942,0.881272,46,0,1000.000,1.889281,0.629630
20832,6,0.119105,0.879257,58,0,1000.000,1.911191,0.630292
20832,7,0.151221,0.896042,52,0,1000.000,1.709562,0.640024
20880,0,0.136379,0.894337,29,0,1000.000,1.551800,0.642961
20880,1,0.114103,0.922898,18,0,1000.000,1.313019,0.658479
20880,2,0.131719,0.831241,29,1,966.931,2.049601,0.611824
20880,3,0.112864,0.863510,20,0,1000.000,2.186922,0.619190
20880,4,0.098668,0.902168,21,0,1000.000,1.745905,0.635185
20880,5,0.135942,0.887064,35,0,1000.000,1.769153,0.635010
20880,6,0.119105,0.876342,38,0,1000.000,1.846305,0.631223
20880,7,0.151221,0.828436,27,2,930.593,1.555212,0.611856
20928,0,0.136379,0.874559,37,0,1000.000,1.769383,0.625869
20928,1,0.114103,0.838478,25,0,1000.000,1.649470,0.635009
20928,2,0.131719,0.879387,36,0,1000.000,1.809261,0.623096
20928,3,0.112864,0.915042,20,0,1000.000,1.418004,0.635990
20928,4,0.098668,0.837556,20,0,1000.000,2.058605,0.616592
20928,5,0.135942,0.882492,28,0,1000.000,1.944841,0.635659
20928,6,0.119105,0.896987,28,0,1000.000,1.758543,0.641637
20928,7,0.151221,0.867957,26,1,965.038,1.604554,0.635079
20976,0,0.136379,0.869632,34,0,1000.000,1.999097,0.625423
20976,1,0.114103,0.916682,28,0,1000.000,1.542988,0.641826
20976,2,0.131719,0.855954,36,0,1000.000,2.194546,0.615822
20976,3,0.112864,0.876535,31,0,1000.000,2.052897,0.623998
20976,4,0.098668,0.865221,22,0,1000.000,2.173351,0.620856
20976,5,0.135942,0.859622,33,0,1000.000,2.068554,0.629004
20976,6,0.119105,0.885404,21,0,1000.000,2.142592,0.630179
20976,7,0.151221,0.874426,33,0,1000.000,1.927677,0.627544
21024,0,0.136379,0.905170,27,1,975.333,1.917173,0.626074
21024,1,0.114103,0.892136,19,0,1000.000,1.799328,0.633714
21024,2,0.131719,0.925129,18,0,1000.000,1.483908,0.650859
21024,3,0.112864,0.908152,26,0,1000.000,1.851036,0.640645
21024,4,0.098668,0.894857,14,0,1000.000,1.786181,0.645829
21024,5,0.135942,0.882371,33,0,1000.000,1.946336,0.625313
21024,6,0.119105,0.907982,26,0,1000.000,1.932261,0.639751
21024,7,0.151221,0.920758,22,0,1000.000,1.600647,0.647101
21072,0,0.136379,0.888293,19,0,1000.000,1.787037,0.634874
21072,1,0.114103,0.890250,15,0,1000.000,1.543485,0.644291
21072,2,0.131719,0.891349,19,0,1000.000,2.110009,0.624886
21072,3,0.112864,0.903645,18,0,1000.000,1.734330,0.657851
21072,4,0.098668,0.899372,14,0,1000.000,2.032451,0.645467
21072,5,0.135942,0.876411,26,0,1000.000,1.874851,0.613842
21072,6,0.119105,0.892538,19,0,1000.000,1.992957,0.630674
21072,7,0.151221,0.869542,26,0,1000.000,1.801081,0.632088
21120,0,0.136379,0.872871,34,0,1000.000,1.921965,0.628724
21120,1,0.114103,0.938283,19,0,1000.000,1.072685,0.663651
21120,2,0.131719,0.846038,24,0,1000.000,2.128732,0.623196
21120,3,0.112864,0.905900,11,0,1000.000,1.946671,0.652153
21120,4,0.098668,0.888884,18,0,1000.000,2.107579,0.640553
21120,5,0.135942,0.902417,24,0,1000.000,1.869443,0.636183
21120,6,0.119105,0.901044,14,0,1000.000,1.650902,0.632603
21120,7,0.151221,0.895415,32,0,1000.000,1.868587,0.642117
21168,0,0.136379,0.878689,24,0,1000.000,1.623002,0.636436
21168,1,0.114103,0.879442,18,0,1000.000,2.082459,0.634701
21168,2,0.131719,0.888405,24,0,1000.000,1.924074,0.633371
21168,3,0.112864,0.819844,18,0,1000.000,2.258310,0.601488
21168,4,0.098668,0.869956,17,0,1000.000,2.222074,0.619110
21168,5,0.135942,0.882416,27,0,1000.000,1.792652,0.638389
21168,6,0.119105,0.903422,18,0,1000.000,1.744446,0.650358
21168,7,0.151221,0.879880,28,0,1000.000,2.141556,0.626451
21216,0,0.136379,0.891556,21,0,1000.000,2.034726,0.624288
21216,1,0.114103,0.851213,21,0,1000.000,2.059775,0.621949
21216,2,0.131719,0.831260,23,1,960.478,1.853869,0.619533
21216,3,0.112864,0.918681,25,0,1000.000,1.641107,0.637341
21216,4,0.098668,0.888532,12,0,1000.000,1.921623,0.639808
21216,5,0.135942,0.868780,24,0,1000.000,2.129584,0.624637
21216,6,0.119105,0.891461,19,0,1000.000,1.749981,0.649803
21216,7,0.151221,0.879969,26,0,1000.000,1.771065,0.638111
21264,0,0.136379,0.886494,26,0,1000.000,1.739115,0.627530
21264,1,0.114103,0.910709,24,0,1000.000,1.685207,0.642758
21264,2,0.131719,0.883680,24,0,1000.000,1.983921,0.626783
21264,3,0.112864,0.895626,20,0,1000.000,1.864473,0.629345
21264,4,0.098668,0.879427,14,0,1000.000,2.072600,0.622842
21264,5,0.135942,0.894165,23,0,1000.000,1.489376,0.648733
21264,6,0.119105,0.840561,16,0,1000.000,2.422774,0.617304
21264,7,0.151221,0.828141,23,0,1000.000,2.270214,0.610570
21312,0,0.136379,0.863762,24,0,1000.000,1.918184,0.632783
21312,1,0.114103,0.837109,14,0,1000.000,2.206567,0.606048
21312,2,0.131719,0.861952,28,0,1000.000,2.014703,0.622506
21312,3,0.112864,0.856914,21,0,1000.000,1.921275,0.626895
21312,4,0.098668,0.861498,9,0,1000.000,1.867877,0.618353
21312,5,0.135942,0.927238,14,0,1000.000,1.526971,0.650245
21312,6,0.119105,0.933434,17,0,1000.000,1.316999,0.659688
21312,7,0.151221,0.879038,20,0,1000.000,1.899379,0.641962
21360,0,0.136379,0.899239,29,0,1000.000,1.621352,0.638178
21360,1,0.114103,0.896060,28,0,1000.000,1.618172,0.635584
21360,2,0.131719,0.880672,27,0,1000.000,1.829700,0.638857
21360,3,0.112864,0.797365,22,0,1000.000,2.173374,0.615467
21360,4,0.098668,0.931874,14,0,1000.000,1.527264,0.669436
21360,5,0.135942,0.856894,28,0,1000.000,2.199821,0.617628
21360,6,0.119105,0.882592,15,0,1000.000,1.872231,0.631074
21360,7,0.151221,0.878687,30,0,1000.000,1.977575,0.632284
21408,0,0.136379,0.824447,25,0,1000.000,2.191131,0.621649
21408,1,0.114103,0.834529,20,0,1000.000,2.014392,0.602064
21408,2,0.131719,0.905892,31,0,1000.000,1.717904,0.643412
21408,3,0.112864,0.896325,18,0,1000.000,1.676924,0.627226
21408,4,0.098668,0.858002,19,0,1000.000,2.052243,0.630278
21408,5,0.135942,0.937444,33,0,1000.000,1.451462,0.665626
21408,6,0.119105,0.895776,19,0,1000.000,2.090536,0.639005
21408,7,0.151221,0.877187,30,0,1000.000,1.756055,0.641131
21456,0,0.136379,0.855065,32,1,982.062,1.627939,0.624777
21456,1,0.114103,0.872066,30,0,1000.000,1.828379,0.635986
21456,2,0.131719,0.876375,36,0,1000.000,1.931248,0.617123
21456,3,0.112864,0.904330,31,0,1000.000,1.738270,0.654901
21456,4,0.098668,0.876931,21,0,1000.000,1.773332,0.641984
21456,5,0.135942,0.885660,29,0,1000.000,2.053189,0.630478
21456,6,0.119105,0.859439,31,0,1000.000,1.954098,0.634648
21456,7,0.151221,0.850548,26,0,1000.000,2.581730,0.601468
21504,0,0.136379,0.867840,34,0,1000.000,1.889409,0.631078
21504,1,0.114103,0.871434,24,0,1000.000,1.988143,0.635221
21504,2,0.131719,0.853074,31,0,1000.000,1.895346,0.627237
21504,3,0.112864,0.871292,20,0,1000.000,1.652101,0.642811
21504,4,0.098668,0.874982,26,0,1000.000,1.773226,0.624305
21504,5,0.135942,0.881681,44,0,1000.000,1.825325,0.630222
21504,6,0.119105,0.909490,35,0,1000.000,1.768649,0.638526
21504,7,0.151221,0.850327,43,0,1000.000,2.132436,0.615867
21552,0,0.136379,0.889677,39,1,983.077,1.889052,0.624491
21552,1,0.114103,0.917377,33,0,1000.000,1.784733,0.645974
21552,2,0.131719,0.863140,32,0,1000.000,2.021240,0.618269
21552,3,0.112864,0.886676,39,0,1000.000,1.849505,0.637512
21552,4,0.098668,0.848911,20,0,1000.000,1.881405,0.624295
21552,5,0.135942,0.890616,38,0,1000.000,1.940924,0.622584
21552,6,0.119105,0.861394,34,1,974.147,2.030088,0.627837
21552,7,0.151221,0.861535,43,1,978.907,1.970937,0.620490
21600,0,0.136379,0.882619,22,0,1000.000,1.853603,0.624901
21600,1,0.114103,0.854051,24,0,1000.000,1.861103,0.636060
21600,2,0.131719,0.887474,36,0,1000.000,1.839107,0.633521
21600,3,0.112864,0.851249,20,0,1000.000,2.247266,0.617971
21600,4,0.098668,0.877374,20,0,1000.000,1.692961,0.630115
21600,5,0.135942,0.873295,32,0,1000.000,2.128172,0.622771
21600,6,0.119105,0.876214,22,0,1000.000,2.007843,0.643527
21600,7,0.151221,0.839234,25,0,1000.000,2.117899,0.616477
21648,0,0.115760,0.870152,26,0,1000.000,1.966429,0.619768
21648,1,0.122103,0.899115,22,0,1000.000,1.979892,0.633283
21648,2,0.131642,0.918059,26,0,1000.000,1.607847,0.656624
21648,3,0.122817,0.800863,11,0,1000.000,1.975331,0.613340
21648,4,0.128908,0.879934,19,0,1000.000,1.884488,0.632821
21648,5,0.124312,0.871355,23,0,1000.000,2.107020,0.622445
21648,6,0.132078,0.853056,20,0,1000.000,2.024265,0.618497
21648,7,0.122380,0.825019,24,0,1000.000,2.414914,0.602456
21696,0,0.115760,0.906492,17,0,1000.000,1.581240,0.636072
21696,1,0.122103,0.877973,25,0,1000.000,1.918414,0.634601
21696,2,0.131642,0.863730,28,0,1000.000,1.992040,0.623618
21696,3,0.122817,0.889127,20,0,1000.000,1.939432,0.635458
21696,4,0.128908,0.862227,24,0,1000.000,2.000029,0.629103
21696,5,0.124312,0.882054,18,0,1000.000,1.860955,0.635877
21696,6,0.132078,0.864586,18,0,1000.000,2.023663,0.625672
21696,7,0.122380,0.880040,16,0,1000.000,1.941838,0.633893
21744,0,0.115760,0.923315,20,0,1000.000,1.766071,0.652334
21744,1,0.122103,0.864477,22,0,1000.000,1.970444,0.628371
21744,2,0.131642,0.861649,24,0,1000.000,1.899796,0.627085
21744,3,0.122817,0.865390,18,0,1000.000,2.147919,0.613615
21744,4,0.128908,0.909726,28,0,1000.000,1.558145,0.644965
21744,5,0.124312,0.896138,20,0,1000.000,1.504090,0.648448
21744,6,0.132078,0.895515,28,0,1000.000,1.835777,0.644531
21744,7,0.122380,0.854656,24,0,1000.000,2.109923,0.626130
21792,0,0.115760,0.868995,19,0,1000.000,2.048421,0.636515
21792,1,0.122103,0.916001,27,0,1000.000,1.860558,0.651779
21792,2,0.131642,0.921461,20,0,1000.000,1.865983,0.629926
21792,3,0.122817,0.897907,20,0,1000.000,1.956031,0.639138
21792,4,0.128908,0.857047,19,0,1000.000,2.287751,0.606972
21792,5,0.124312,0.901004,20,0,1000.000,1.630651,0.641569
21792,6,0.132078,0.892823,28,0,1000.000,1.783217,0.634559
21792,7,0.122380,0.921400,21,0,1000.000,1.778154,0.655350
21840,0,0.115760,0.843748,26,1,999.615,1.967671,0.617692
21840,1,0.122103,0.899169,26,0,1000.000,1.515317,0.647657
21840,2,0.131642,0.895574,27,0,1000.000,1.805963,0.638247
21840,3,0.122817,0.884999,27,0,1000.000,1.738041,0.639224
21840,4,0.128908,0.878906,29,0,1000.000,2.100011,0.618114
21840,5,0.124312,0.879450,39,0,1000.000,2.175121,0.623730
21840,6,0.132078,0.870374,34,0,1000.000,2.009721,0.627105
21840,7,0.122380,0.866607,24,0,1000.000,2.090378,0.632755
21936,0,0.115760,0.875870,46,0,1000.000,1.793066,0.627372
21936,1,0.122103,0.904475,45,0,1000.000,1.673092,0.641346
21936,2,0.131642,0.887885,60,0,1000.000,1.906360,0.633623
21936,3,0.122817,0.894401,58,0,1000.000,1.872756,0.643423
21936,4,0.128908,0.883426,58,0,1000.000,1.877347,0.631212
21936,5,0.124312,0.904509,49,0,1000.000,1.877256,0.644805
21936,6,0.132078,0.893398,68,0,1000.000,1.767973,0.645401
21936,7,0.122380,0.868838,54,0,1000.000,1.972614,0.627282
21984,0,0.115760,0.900567,40,0,1000.000,1.671883,0.644242
21984,1,0.122103,0.905363,30,0,1000.000,1.694367,0.634708
21984,2,0.131642,0.848101,32,0,1000.000,1.883707,0.628078
21984,3,0.122817,0.854669,24,0,1000.000,2.282757,0.616732
21984,4,0.128908,0.857234,28,1,966.179,1.926211,0.633396
21984,5,0.124312,0.870068,22,0,1000.000,1.983519,0.637596
21984,6,0.132078,0.883648,34,0,1000.000,1.930748,0.633528
21984,7,0.122380,0.908125,22,0,1000.000,1.802708,0.639815
22032,0,0.115760,0.907930,17,1,966.471,2.039575,0.630188
22032,1,0.122103,0.900953,22,0,1000.000,1.947238,0.629851
22032,2,0.131642,0.890099,24,0,1000.000,1.973890,0.641946
22032,3,0.122817,0.866951,16,0,1000.000,1.850061,0.623020
22032,4,0.128908,0.912376,20,0,1000.000,1.764925,0.641941
22032,5,0.124312,0.896362,24,0,1000.000,1.899936,0.630544
22032,6,0.132078,0.884557,28,0,1000.000,2.085574,0.620143
22032,7,0.122380,0.843565,21,1,956.714,2.001088,0.618493
22080,0,0.115760,0.895246,23,1,991.087,1.524047,0.630638
22080,1,0.122103,0.893299,16,0,1000.000,1.932454,0.629506
22080,2,0.131642,0.892209,26,0,1000.000,1.845294,0.637247
22080,3,0.122817,0.893990,15,0,1000.000,1.679787,0.639622
22080,4,0.128908,0.876885,13,0,1000.000,2.400147,0.611864
22080,5,0.124312,0.871312,30,0,1000.000,2.093542,0.622844
22080,6,0.132078,0.829059,26,0,1000.000,2.141395,0.621915
22080,7,0.122380,0.864310,11,0,1000.000,1.847646,0.629832
22128,0,0.115760,0.898002,19,1,951.579,1.553890,0.634293
22128,1,0.122103,0.893457,20,0,1000.000,1.867682,0.627071
22128,2,0.131642,0.872997,29,0,1000.000,1.837736,0.631406
22128,3,0.122817,0.892824,27,0,1000.000,1.949424,0.628803
22128,4,0.128908,0.861905,25,0,1000.000,2.263413,0.618101
22128,5,0.124312,0.911241,15,0,1000.000,1.699053,0.649444
22128,6,0.132078,0.909983,23,0,1000.000,1.578306,0.660307
22128,7,0.122380,0.906693,20,0,1000.000,1.789159,0.639392
22176,0,0.115760,0.869261,18,0,1000.000,1.801592,0.635018
22176,1,0.122103,0.879152,25,0,1000.000,2.026163,0.632786
22176,2,0.131642,0.866145,19,0,1000.000,1.955223,0.631720
22176,3,0.122817,0.892280,16,0,1000.000,1.669207,0.649240
22176,4,0.128908,0.861382,25,0,1000.000,1.909276,0.627178
22176,5,0.124312,0.901448,27,0,1000.000,1.697434,0.643571
22176,6,0.132078,0.835380,22,0,1000.000,2.318715,0.614832
22176,7,0.122380,0.863746,25,0,1000.000,1.949733,0.630253
22224,0,0.115760,0.927989,17,0,1000.000,1.254116,0.658439
22224,1,0.122103,0.902808,21,0,1000.000,1.839869,0.633761
22224,2,0.131642,0.831601,24,0,1000.000,2.080747,0.608988
22224,3,0.122817,0.889688,21,0,1000.000,1.848401,0.638805
22224,4,0.128908,0.886454,22,0,1000.000,1.838099,0.631956
22224,5,0.124312,0.883742,25,0,1000.000,2.218501,0.629034
22224,6,0.132078,0.903118,23,0,1000.000,2.223540,0.640136
22224,7,0.122380,0.884201,23,0,1000.000,1.865710,0.632153
22272,0,0.115760,0.930647,16,0,1000.000,1.505390,0.648405
22272,1,0.122103,0.915097,28,0,1000.000,1.630492,0.646607
22272,2,0.131642,0.898062,15,0,1000.000,1.643929,0.633232
22272,3,0.122817,0.914497,14,0,1000.000,1.306271,0.634955
22272,4,0.128908,0.889009,27,0,1000.000,1.771392,0.639026
22272,5,0.124312,0.897144,24,0,1000.000,1.990596,0.633275
22272,6,0.132078,0.877906,21,0,1000.000,2.009428,0.611682
22272,7,0.122380,0.895127,19,0,1000.000,1.773905,0.637352
22320,0,0.115760,0.884394,15,0,1000.000,1.920696,0.628517
22320,1,0.122103,0.888886,17,0,1000.000,1.875593,0.643053
22320,2,0.131642,0.878912,29,0,1000.000,2.244596,0.621402
22320,3,0.122817,0.895748,10,0,1000.000,1.838498,0.638911
22320,4,0.128908,0.855649,21,0,1000.000,2.117866,0.630406
22320,5,0.124312,0.897243,22,0,1000.000,1.639023,0.639954
22320,6,0.132078,0.907386,20,0,1000.000,1.860666,0.632328
22320,7,0.122380,0.891995,15,0,1000.000,2.207864,0.623241
22368,0,0.115760,0.880794,23,0,1000.000,2.004114,0.623891
22368,1,0.122103,0.875931,23,0,1000.000,2.027183,0.630989
22368,2,0.131642,0.906802,32,0,1000.000,1.676193,0.636526
22368,3,0.122817,0.907173,28,0,1000.000,1.621977,0.644278
22368,4,0.128908,0.901213,30,0,1000.000,1.535094,0.658630
22368,5,0.124312,0.890558,23,0,1000.000,1.825792,0.628078
22368,6,0.132078,0.929226,22,0,1000.000,1.679161,0.658617
22368,7,0.122380,0.876938,18,0,1000.000,1.900818,0.617650
22416,0,0.115760,0.879223,23,0,1000.000,1.879632,0.639103
22416,1,0.122103,0.892285,27,0,1000.000,1.799176,0.653113
22416,2,0.131642,0.883290,30,0,1000.000,2.174778,0.635882
22416,3,0.122817,0.898623,21,0,1000.000,1.816910,0.626703
22416,4,0.128908,0.870691,22,0,1000.000,1.805606,0.648821
22416,5,0.124312,0.896731,23,0,1000.000,1.938834,0.642599
22416,6,0.132078,0.877204,24,0,1000.000,2.073575,0.632237
22416,7,0.122380,0.875618,24,1,960.542,1.474377,0.630984
22464,0,0.115760,0.895064,29,0,1000.000,1.701676,0.641964
22464,1,0.122103,0.871077,29,0,1000.000,1.784892,0.628478
22464,2,0.131642,0.902541,32,0,1000.000,1.603411,0.639024
22464,3,0.122817,0.860327,29,0,1000.000,2.080607,0.624222
22464,4,0.128908,0.893702,33,0,1000.000,1.728881,0.638897
22464,5,0.124312,0.868043,30,0,1000.000,2.121887,0.626061
22464,6,0.132078,0.861892,29,0,1000.000,2.034797,0.623130
22464,7,0.122380,0.871841,34,0,1000.000,1.850914,0.629989
22512,0,0.115760,0.867344,25,1,983.440,1.907021,0.630336
22512,1,0.122103,0.884102,33,0,1000.000,1.857634,0.635179
22512,2,0.131642,0.879866,34,0,1000.000,1.918787,0.636982
22512,3,0.122817,0.913495,37,0,1000.000,1.586475,0.657404
22512,4,0.128908,0.881156,37,0,1000.000,1.698140,0.641758
22512,5,0.124312,0.871835,26,0,1000.000,2.079020,0.623856
22512,6,0.132078,0.909316,43,0,1000.000,1.614784,0.648393
22512,7,0.122380,0.886024,27,0,1000.000,1.895313,0.637049
22560,0,0.115760,0.901434,29,0,1000.000,2.066746,0.640896
22560,1,0.122103,0.907861,30,0,1000.000,1.603723,0.650881
22560,2,0.131642,0.871482,42,0,1000.000,1.869008,0.631495
22560,3,0.122817,0.878320,42,0,1000.000,2.081607,0.624301
22560,4,0.128908,0.896985,22,0,1000.000,1.565320,0.642982
22560,5,0.124312,0.913982,36,0,1000.000,1.656667,0.638856
22560,6,0.132078,0.833279,32,0,1000.000,2.030675,0.632022
22560,7,0.122380,0.873276,36,0,1000.000,2.012511,0.622809
22608,0,0.115760,0.885952,26,1,983.385,1.793826,0.647428
22608,1,0.122103,0.884546,28,0,1000.000,1.827325,0.632599
22608,2,0.131642,0.919626,34,0,1000.000,1.590361,0.654789
22608,3,0.122817,0.870912,22,0,1000.000,2.156005,0.628665
22608,4,0.128908,0.871168,20,0,1000.000,1.812885,0.636033
22608,5,0.124312,0.794142,14,0,1000.000,2.168700,0.605656
22608,6,0.132078,0.901969,17,0,1000.000,1.633599,0.622144
22608,7,0.122380,0.896957,21,0,1000.000,1.531461,0.629303
22656,0,0.115760,0.882402,23,0,1000.000,1.985247,0.621710
22656,1,0.122103,0.894908,25,0,1000.000,1.659686,0.645303
22656,2,0.131642,0.853386,23,0,1000.000,1.982064,0.619635
22656,3,0.122817,0.914025,17,0,1000.000,1.805276,0.657896
22656,4,0.128908,0.875637,28,0,1000.000,2.189468,0.628698
22656,5,0.124312,0.910300,24,0,1000.000,1.537423,0.670816
22656,6,0.132078,0.796832,17,0,1000.000,2.169158,0.615369
22656,7,0.122380,0.888179,26,0,1000.000,2.024461,0.636306
22704,0,0.115760,0.886937,23,1,989.478,1.864553,0.639080
22704,1,0.122103,0.877165,19,0,1000.000,2.039911,0.628646
22704,2,0.131642,0.877364,25,0,1000.000,2.036564,0.631865
22704,3,0.122817,0.849288,13,0,1000.000,2.001772,0.634181
22704,4,0.128908,0.845802,19,0,1000.000,2.310272,0.622106
22704,5,0.124312,0.877534,25,0,1000.000,2.067556,0.635898
22704,6,0.132078,0.873037,26,0,1000.000,1.943800,0.638819
22704,7,0.122380,0.892105,14,0,1000.000,1.571719,0.645835
22752,0,0.115760,0.894963,15,0,1000.000,1.583509,0.632084
22752,1,0.122103,0.892043,31,0,1000.000,1.769077,0.639561
22752,2,0.131642,0.873284,25,0,1000.000,1.832210,0.628481
22752,3,0.122817,0.895712,33,0,1000.000,1.746960,0.647125
22752,4,0.128908,0.855949,18,0,1000.000,1.822949,0.643179
22752,5,0.124312,0.916465,22,0,1000.000,1.752346,0.644354
22752,6,0.132078,0.869311,24,0,1000.000,2.180769,0.621980
22752,7,0.122380,0.882718,21,0,1000.000,1.797811,0.639346
22800,0,0.115760,0.911860,20,0,1000.000,1.703337,0.651329
22800,1,0.122103,0.901313,15,0,1000.000,1.776194,0.647035
22800,2,0.131642,0.897581,28,0,1000.000,1.713378,0.650505
22800,3,0.122817,0.879527,24,0,1000.000,1.844834,0.650269
22800,4,0.128908,0.887485,17,0,1000.000,2.052603,0.640128
22800,5,0.124312,0.918028,21,0,1000.000,1.748450,0.641286
22800,6,0.132078,0.885152,20,0,1000.000,1.788918,0.639813
22800,7,0.122380,0.887641,28,0,1000.000,1.942986,0.634216
22848,0,0.115760,0.881615,31,0,1000.000,1.850713,0.636348
22848,1,0.122103,0.892142,27,0,1000.000,1.839371,0.642250
22848,2,0.131642,0.900868,42,0,1000.000,1.828168,0.636226
22848,3,0.122817,0.913367,23,0,1000.000,1.766230,0.643840
22848,4,0.128908,0.925941,30,0,1000.000,1.600963,0.662035
22848,5,0.124312,0.884717,32,0,1000.000,1.896056,0.630276
22848,6,0.132078,0.907242,21,0,1000.000,1.672020,0.644550
22848,7,0.122380,0.858208,28,0,1000.000,1.991520,0.633897
22896,0,0.115760,0.866214,35,1,979.486,1.986508,0.628674
22896,1,0.122103,0.929213,32,0,1000.000,1.681970,0.649629
22896,2,0.131642,0.879776,21,0,1000.000,1.868586,0.637958
22896,3,0.122817,0.868252,26,0,1000.000,2.136858,0.626954
22896,4,0.128908,0.901014,25,0,1000.000,1.829062,0.640687
22896,5,0.124312,0.865153,25,0,1000.000,2.354805,0.620615
22896,6,0.132078,0.890075,30,0,1000.000,1.821167,0.635407
22896,7,0.122380,0.907548,21,0,1000.000,1.651742,0.655937
22944,0,0.115760,0.899294,32,0,1000.000,1.631900,0.646740
22944,1,0.122103,0.851298,32,0,1000.000,2.111562,0.628841
22944,2,0.131642,0.854281,24,0,1000.000,2.079222,0.638153
22944,3,0.122817,0.901755,22,0,1000.000,1.689441,0.661773
22944,4,0.128908,0.872084,25,0,1000.000,1.889955,0.638680
22944,5,0.124312,0.907627,30,0,1000.000,1.513823,0.641696
22944,6,0.132078,0.905045,30,0,1000.000,1.788381,0.660924
22944,7,0.122380,0.922495,29,0,1000.000,1.381090,0.654942
22992,0,0.115760,0.859757,20,0,1000.000,1.965907,0.630521
22992,1,0.122103,0.909069,28,0,1000.000,1.833055,0.657564
22992,2,0.131642,0.900146,39,0,1000.000,1.808488,0.644115
22992,3,0.122817,0.874598,21,0,1000.000,2.027613,0.635841
22992,4,0.128908,0.899584,29,0,1000.000,1.726695,0.650148
22992,5,0.124312,0.870840,27,0,1000.000,1.822197,0.636933
22992,6,0.132078,0.896567,27,0,1000.000,1.772375,0.638847
22992,7,0.122380,0.867035,31,1,968.839,1.861150,0.634451
23040,0,0.115760,0.884927,12,0,1000.000,1.610890,0.629751
23040,1,0.122103,0.900371,23,0,1000.000,1.945086,0.644334
23040,2,0.131642,0.934017,23,0,1000.000,1.534431,0.677235
23040,3,0.122817,0.931386,20,0,1000.000,1.520655,0.674396
23040,4,0.128908,0.840242,22,0,1000.000,2.145254,0.627633
23040,5,0.124312,0.909457,20,0,1000.000,1.519934,0.656258
23040,6,0.132078,0.875235,36,0,1000.000,2.013708,0.642006
23040,7,0.122380,0.866342,11,0,1000.000,2.118893,0.634237
23088,0,0.115760,0.898195,14,0,1000.000,1.885550,0.641054
23088,1,0.122103,0.915079,17,0,1000.000,1.656312,0.644697
23088,2,0.131642,0.880853,28,0,1000.000,1.689940,0.655718
23088,3,0.122817,0.922552,15,0,1000.000,1.368236,0.648992
23088,4,0.128908,0.890740,33,0,1000.000,1.618001,0.662099
23088,5,0.124312,0.907543,16,0,1000.000,1.603168,0.638714
23088,6,0.132078,0.887318,19,0,1000.000,1.994594,0.633629
23088,7,0.122380,0.910648,19,0,1000.000,1.698342,0.645516
23136,0,0.115760,0.891177,26,0,1000.000,1.700213,0.648341
23136,1,0.122103,0.906077,21,0,1000.000,1.716497,0.652917
23136,2,0.131642,0.904996,22,0,1000.000,2.015879,0.637839
23136,3,0.122817,0.908365,27,0,1000.000,1.636129,0.652360
23136,4,0.128908,0.910807,15,0,1000.000,1.982865,0.647400
23136,5,0.124312,0.877597,34,0,1000.000,2.079047,0.630350
23136,6,0.132078,0.887697,24,0,1000.000,1.970880,0.647960
23136,7,0.122380,0.894841,20,0,1000.000,1.898393,0.633384
23232,0,0.115760,0.905826,43,3,968.884,1.878386,0.643032
23232,1,0.122103,0.906336,46,0,1000.000,1.789169,0.647803
23232,2,0.131642,0.894810,63,0,1000.000,1.742814,0.638561
23232,3,0.122817,0.889143,46,0,1000.000,1.799055,0.646107
23232,4,0.128908,0.907224,45,0,1000.000,1.742158,0.639853
23232,5,0.124312,0.880321,38,0,1000.000,2.028908,0.640630
23232,6,0.132078,0.912789,31,0,1000.000,1.819043,0.644284
23232,7,0.122380,0.892839,37,0,1000.000,1.941803,0.644009
23328,0,0.115760,0.890275,28,0,1000.000,1.802580,0.635804
23328,1,0.122103,0.857124,31,0,1000.000,1.907551,0.641369
23328,2,0.131642,0.870166,40,0,1000.000,2.001670,0.628342
23328,3,0.122817,0.892775,44,0,1000.000,1.962359,0.643823
23328,4,0.128908,0.876764,35,0,1000.000,1.941808,0.638120
23328,5,0.124312,0.905057,49,0,1000.000,1.817454,0.647754
23328,6,0.132078,0.884167,43,0,1000.000,2.004065,0.633962
23328,7,0.122380,0.880782,36,0,1000.000,1.898428,0.632188
23376,0,0.115760,0.890866,21,0,1000.000,1.794000,0.644102
23376,1,0.122103,0.857041,27,0,1000.000,2.106050,0.612673
23376,2,0.131642,0.899918,15,0,1000.000,1.710082,0.655267
23376,3,0.122817,0.904933,30,0,1000.000,1.718911,0.658152
23376,4,0.128908,0.924760,30,0,1000.000,1.652987,0.661602
23376,5,0.124312,0.901882,27,0,1000.000,1.861371,0.652139
23376,6,0.132078,0.866059,24,0,1000.000,2.062670,0.636595
23376,7,0.122380,0.923494,18,0,1000.000,1.569961,0.669265
23424,0,0.115760,0.884883,25,0,1000.000,1.743290,0.636726
23424,1,0.122103,0.866100,22,0,1000.000,2.003462,0.632609
23424,2,0.131642,0.898901,35,0,1000.000,1.754802,0.646554
23424,3,0.122817,0.903726,21,0,1000.000,1.784193,0.663754
23424,4,0.128908,0.859284,38,0,1000.000,1.893570,0.647558
23424,5,0.124312,0.928309,29,0,1000.000,1.450343,0.658718
23424,6,0.132078,0.887360,23,0,1000.000,1.890737,0.651965
23424,7,0.122380,0.885210,18,0,1000.000,1.766498,0.645349
23472,0,0.115760,0.889364,29,0,1000.000,1.812691,0.637726
23472,1,0.122103,0.889215,28,0,1000.000,1.862019,0.639269
23472,2,0.131642,0.913604,30,0,1000.000,1.589094,0.651486
23472,3,0.122817,0.907954,41,0,1000.000,1.781328,0.654746
23472,4,0.128908,0.923263,32,0,1000.000,1.781184,0.658521
23472,5,0.124312,0.904745,39,0,1000.000,1.839092,0.642909
23472,6,0.132078,0.906864,34,0,1000.000,1.805989,0.661160
23472,7,0.122380,0.856945,34,0,1000.000,2.151021,0.638068
23520,0,0.115760,0.863870,29,0,1000.000,1.866792,0.636950
23520,1,0.122103,0.901777,33,0,1000.000,1.790144,0.651680
23520,2,0.131642,0.888784,35,0,1000.000,1.692100,0.631496
23520,3,0.122817,0.897644,17,0,1000.000,1.848960,0.652687
23520,4,0.128908,0.846739,32,0,1000.000,2.058297,0.625903
23520,5,0.124312,0.878061,37,0,1000.000,1.781149,0.645096
23520,6,0.132078,0.889858,34,0,1000.000,1.828818,0.645746
23520,7,0.122380,0.906138,32,0,1000.000,1.672065,0.657866
23568,0,0.115760,0.889813,34,0,1000.000,2.050910,0.649613
23568,1,0.122103,0.883657,32,0,1000.000,1.949169,0.636802
23568,2,0.131642,0.877134,42,0,1000.000,1.851309,0.642452
23568,3,0.122817,0.881479,32,0,1000.000,1.887938,0.632834
23568,4,0.128908,0.893369,28,0,1000.000,1.858777,0.656950
23568,5,0.124312,0.851923,27,0,1000.000,2.204588,0.629733
23568,6,0.132078,0.908728,38,0,1000.000,1.493958,0.654609
23568,7,0.122380,0.867874,29,0,1000.000,1.874107,0.649563
23616,0,0.115760,0.908039,14,0,1000.000,1.563675,0.651369
23616,1,0.122103,0.887625,22,0,1000.000,1.803799,0.653545
23616,2,0.131642,0.841130,27,0,1000.000,1.904114,0.633549
23616,3,0.122817,0.860022,32,0,1000.000,2.066049,0.630328
23616,4,0.128908,0.859543,20,0,1000.000,2.140939,0.624396
23616,5,0.124312,0.883457,23,0,1000.000,2.082492,0.633325
23616,6,0.132078,0.903429,15,0,1000.000,1.712258,0.624622
23616,7,0.122380,0.856890,18,0,1000.000,2.316079,0.627026
23664,0,0.115760,0.851012,19,0,1000.000,1.924313,0.633752
23664,1,0.122103,0.880398,24,0,1000.000,1.857407,0.628920
23664,2,0.131642,0.898849,18,0,1000.000,1.713197,0.645251
23664,3,0.122817,0.908876,27,0,1000.000,1.946505,0.650137
23664,4,0.128908,0.857794,15,0,1000.000,1.983856,0.623691
23664,5,0.124312,0.912727,21,0,1000.000,1.577184,0.655790
23664,6,0.132078,0.849082,25,0,1000.000,2.086059,0.623670
23664,7,0.122380,0.850572,32,0,1000.000,2.243142,0.621371
23712,0,0.115760,0.887624,18,1,948.889,1.810452,0.628668
23712,1,0.122103,0.857880,21,0,1000.000,2.057808,0.634100
23712,2,0.131642,0.898421,20,0,1000.000,1.972868,0.642982
23712,3,0.122817,0.863061,14,0,1000.000,2.033710,0.642255
23712,4,0.128908,0.911179,24,0,1000.000,1.736468,0.653284
23712,5,0.124312,0.886772,27,0,1000.000,1.899100,0.640591
23712,6,0.132078,0.916191,22,0,1000.000,1.804007,0.653868
23712,7,0.122380,0.895321,19,0,1000.000,1.847859,0.645929
23760,0,0.115760,0.880505,29,0,1000.000,1.776986,0.646410
23760,1,0.122103,0.873984,28,0,1000.000,1.988519,0.631586
23760,2,0.131642,0.888264,24,0,1000.000,1.869287,0.635142
23760,3,0.122817,0.883077,22,0,1000.000,1.973425,0.639299
23760,4,0.128908,0.847647,21,0,1000.000,2.495637,0.622616
23760,5,0.124312,0.872607,25,0,1000.000,1.809608,0.649050
23760,6,0.132078,0.933961,18,0,1000.000,1.363600,0.665903
23760,7,0.122380,0.860180,21,0,1000.000,2.189328,0.633808
23808,0,0.115760,0.883900,17,0,1000.000,1.830494,0.644806
23808,1,0.122103,0.916404,23,0,1000.000,1.583760,0.665903
23808,2,0.131642,0.809562,19,0,1000.000,2.304692,0.613568
23808,3,0.122817,0.894402,24,0,1000.000,1.949481,0.632758
23808,4,0.128908,0.875738,26,0,1000.000,1.907325,0.644718
23808,5,0.124312,0.913087,27,0,1000.000,1.838065,0.641966
23808,6,0.132078,0.829930,28,0,1000.000,2.185381,0.629491
23808,7,0.122380,0.840890,18,0,1000.000,2.258054,0.625754
23856,0,0.115760,0.928079,25,1,984.080,1.453118,0.669779
23856,1,0.122103,0.911911,32,0,1000.000,1.736830,0.647943
23856,2,0.131642,0.909891,29,0,1000.000,1.843359,0.643933
23856,3,0.122817,0.924295,25,0,1000.000,1.709137,0.655801
23856,4,0.128908,0.930054,18,0,1000.000,1.513013,0.658404
23856,5,0.124312,0.901943,38,0,1000.000,1.783953,0.652926
23856,6,0.132078,0.916734,42,0,1000.000,1.705036,0.655239
23856,7,0.122380,0.885101,23,0,1000.000,1.955328,0.645308
23904,0,0.115760,0.848516,25,0,1000.000,2.170185,0.625376
23904,1,0.122103,0.909059,23,0,1000.000,1.618319,0.646441
23904,2,0.131642,0.867689,42,0,1000.000,2.045725,0.633136
23904,3,0.122817,0.949413,22,0,1000.000,1.329465,0.663899
23904,4,0.128908,0.834172,19,0,1000.000,2.281742,0.607272
23904,5,0.124312,0.873043,28,0,1000.000,2.082166,0.636045
23904,6,0.132078,0.899774,27,0,1000.000,1.922314,0.650607
23904,7,0.122380,0.898743,24,0,1000.000,1.835603,0.653867
23952,0,0.115760,0.912885,28,0,1000.000,1.568083,0.654475
23952,1,0.122103,0.914597,21,0,1000.000,1.996398,0.638133
23952,2,0.131642,0.917117,32,0,1000.000,1.566712,0.640504
23952,3,0.122817,0.849419,40,0,1000.000,2.009478,0.632172
23952,4,0.128908,0.913607,26,0,1000.000,1.635415,0.653329
23952,5,0.124312,0.864667,22,0,1000.000,2.336200,0.629836
23952,6,0.132078,0.919324,33,0,1000.000,1.583668,0.664894
23952,7,0.122380,0.873889,32,0,1000.000,2.044244,0.642037
24000,0,0.115760,0.873962,22,0,1000.000,1.858698,0.633784
24000,1,0.122103,0.879824,28,0,1000.000,2.008097,0.637485
24000,2,0.131642,0.896347,25,0,1000.000,1.845688,0.645672
24000,3,0.122817,0.880168,33,0,1000.000,1.863251,0.643223
24000,4,0.128908,0.886088,23,0,1000.000,2.039627,0.640523
24000,5,0.124312,0.905491,27,0,1000.000,1.776337,0.642319
24000,6,0.132078,0.888775,27,0,1000.000,1.782210,0.642269
24000,7,0.122380,0.918137,30,0,1000.000,1.769081,0.662473
24048,0,0.134025,0.881937,8,0,1000.000,1.917818,0.610789
24048,1,0.142698,0.893869,28,0,1000.000,1.970892,0.641967
24048,2,0.114448,0.770190,10,0,1000.000,2.585648,0.597870
24048,3,0.127959,0.907532,25,0,1000.000,1.866522,0.648185
24048,4,0.106102,0.865587,23,0,1000.000,1.923649,0.632284
24048,5,0.126545,0.903674,23,0,1000.000,1.943932,0.633062
24048,6,0.120099,0.916279,17,0,1000.000,1.534290,0.647821
24048,7,0.128123,0.925305,20,0,1000.000,1.694796,0.650422
24096,0,0.134025,0.909764,22,1,963.136,1.458077,0.650419
24096,1,0.142698,0.935638,18,0,1000.000,1.480317,0.660827
24096,2,0.114448,0.889698,19,0,1000.000,1.872289,0.646912
24096,3,0.127959,0.904339,21,0,1000.000,1.910974,0.647319
24096,4,0.106102,0.894266,19,0,1000.000,1.982944,0.635069
24096,5,0.126545,0.898647,20,0,1000.000,1.701836,0.633370
24096,6,0.120099,0.900066,23,0,1000.000,1.752847,0.641873
24096,7,0.128123,0.893832,19,0,1000.000,1.776054,0.653327
24144,0,0.134025,0.892949,31,0,1000.000,1.491658,0.641478
24144,1,0.142698,0.901516,31,0,1000.000,1.741918,0.654538
24144,2,0.114448,0.881972,26,0,1000.000,1.987209,0.632905
24144,3,0.127959,0.916125,25,0,1000.000,1.808788,0.640753
24144,4,0.106102,0.881115,19,0,1000.000,2.249791,0.627218
24144,5,0.126545,0.868117,22,0,1000.000,2.248389,0.632877
24144,6,0.120099,0.909902,24,0,1000.000,1.571495,0.660807
24144,7,0.128123,0.908912,25,0,1000.000,1.936587,0.652914
24192,0,0.134025,0.898880,21,0,1000.000,1.959154,0.642932
24192,1,0.142698,0.876055,30,0,1000.000,2.061929,0.643325
24192,2,0.114448,0.847365,19,0,1000.000,2.010450,0.633472
24192,3,0.127959,0.899833,17,0,1000.000,1.734127,0.641948
24192,4,0.106102,0.849776,18,0,1000.000,2.019695,0.632842
24192,5,0.126545,0.884957,19,0,1000.000,2.055242,0.633825
24192,6,0.120099,0.877228,26,0,1000.000,1.947208,0.646111
24192,7,0.128123,0.934657,16,0,1000.000,1.743838,0.658505
24240,0,0.134025,0.930710,22,0,1000.000,1.367155,0.665966
24240,1,0.142698,0.914855,20,0,1000.000,1.588365,0.659114
24240,2,0.114448,0.912145,27,0,1000.000,1.674596,0.650769
24240,3,0.127959,0.931286,22,0,1000.000,1.584162,0.660815
24240,4,0.106102,0.883319,14,0,1000.000,2.061484,0.644038
24240,5,0.126545,0.888019,28,0,1000.000,1.894388,0.630940
24240,6,0.120099,0.907357,22,0,1000.000,1.870122,0.649405
24240,7,0.128123,0.912568,20,0,1000.000,1.755120,0.649243
24288,0,0.134025,0.864262,22,0,1000.000,1.857916,0.648129
24288,1,0.142698,0.911663,20,0,1000.000,1.548434,0.646162
24288,2,0.114448,0.871191,11,0,1000.000,2.334127,0.625281
24288,3,0.127959,0.934826,15,0,1000.000,1.354712,0.654839
24288,4,0.106102,0.841169,14,0,1000.000,2.182018,0.614562
24288,5,0.126545,0.908966,26,0,1000.000,1.832359,0.649813
24288,6,0.120099,0.892479,23,0,1000.000,1.842629,0.643184
24288,7,0.128123,0.909990,22,0,1000.000,1.620402,0.663561
24336,0,0.134025,0.889048,20,0,1000.000,1.817290,0.653319
24336,1,0.142698,0.888109,18,0,1000.000,1.737937,0.665197
24336,2,0.114448,0.898418,26,0,1000.000,1.711793,0.661692
24336,3,0.127959,0.884958,23,0,1000.000,1.897687,0.645503
24336,4,0.106102,0.907738,16,0,1000.000,1.765109,0.650586
24336,5,0.126545,0.913899,16,0,1000.000,1.645419,0.638972
24336,6,0.120099,0.903043,20,0,1000.000,1.690002,0.634035
24336,7,0.128123,0.911404,12,0,1000.000,1.989519,0.645467
24384,0,0.134025,0.886411,29,0,1000.000,1.826330,0.641035
24384,1,0.142698,0.904567,30,0,1000.000,1.814310,0.648618
24384,2,0.114448,0.861998,27,0,1000.000,2.120088,0.631961
24384,3,0.127959,0.901793,22,0,1000.000,1.714336,0.644165
24384,4,0.106102,0.898723,18,0,1000.000,1.864995,0.659207
24384,5,0.126545,0.910662,31,0,1000.000,1.759676,0.662360
24384,6,0.120099,0.909294,22,0,1000.000,1.769283,0.656389
24384,7,0.128123,0.914110,20,0,1000.000,1.755082,0.649036
24432,0,0.134025,0.895348,30,0,1000.000,1.825811,0.651903
24432,1,0.142698,0.917464,37,0,1000.000,1.601268,0.667701
24432,2,0.114448,0.876273,19,0,1000.000,1.962126,0.627001
24432,3,0.127959,0.928724,26,0,1000.000,1.502326,0.656038
24432,4,0.106102,0.879339,25,0,1000.000,1.892109,0.645504
24432,5,0.126545,0.885767,23,0,1000.000,1.781757,0.665746
24432,6,0.120099,0.895908,29,0,1000.000,1.904050,0.655561
24432,7,0.128123,0.900297,30,0,1000.000,1.727545,0.652228
24480,0,0.134025,0.881654,40,0,1000.000,1.896276,0.640196
24480,1,0.142698,0.903710,40,0,1000.000,1.717758,0.658527
24480,2,0.114448,0.893122,36,0,1000.000,1.667170,0.651112
24480,3,0.127959,0.896403,39,0,1000.000,1.867757,0.648664
24480,4,0.106102,0.862781,25,0,1000.000,2.247148,0.617222
24480,5,0.126545,0.864454,22,0,1000.000,1.546378,0.638477
24480,6,0.120099,0.875776,26,0,1000.000,1.947355,0.635488
24480,7,0.128123,0.877279,42,0,1000.000,2.023925,0.629478
24528,0,0.134025,0.888197,39,0,1000.000,1.743271,0.648378
24528,1,0.142698,0.897216,36,0,1000.000,1.692203,0.654403
24528,2,0.114448,0.910345,32,0,1000.000,1.897614,0.649829
24528,3,0.127959,0.909722,41,0,1000.000,1.689578,0.653265
24528,4,0.106102,0.900209,27,0,1000.000,1.861655,0.645039
24528,5,0.126545,0.908700,34,0,1000.000,1.717053,0.650358
24528,6,0.120099,0.902175,31,0,1000.000,1.810833,0.641365
24528,7,0.128123,0.878025,26,0,1000.000,1.913944,0.655384
24576,0,0.134025,0.916615,29,1,989.552,1.764616,0.651174
24576,1,0.142698,0.885290,31,0,1000.000,2.036094,0.642953
24576,2,0.114448,0.859726,29,0,1000.000,2.149039,0.626059
24576,3,0.127959,0.864470,32,0,1000.000,1.963265,0.634630
24576,4,0.106102,0.886113,21,0,1000.000,2.209723,0.630497
24576,5,0.126545,0.898318,33,0,1000.000,1.903711,0.648413
24576,6,0.120099,0.895338,28,0,1000.000,1.768271,0.644797
24576,7,0.128123,0.902677,33,0,1000.000,1.796144,0.653452
24624,0,0.134025,0.891250,31,0,1000.000,1.662930,0.647196
24624,1,0.142698,0.855425,22,0,1000.000,2.032761,0.612838
24624,2,0.114448,0.852687,17,0,1000.000,2.260458,0.620707
24624,3,0.127959,0.899509,24,0,1000.000,1.880589,0.653560
24624,4,0.106102,0.904105,21,0,1000.000,1.621481,0.648064
24624,5,0.126545,0.901859,13,0,1000.000,2.083485,0.642404
24624,6,0.120099,0.884941,23,0,1000.000,1.929624,0.636713
24624,7,0.128123,0.894641,20,0,1000.000,1.670696,0.659194
24672,0,0.134025,0.905043,23,0,1000.000,1.721165,0.654645
24672,1,0.142698,0.895749,15,0,1000.000,1.576602,0.636824
24672,2,0.114448,0.900381,16,0,1000.000,1.665613,0.653205
24672,3,0.127959,0.888082,26,0,1000.000,1.657788,0.657272
24672,4,0.106102,0.911291,26,0,1000.000,1.827548,0.652454
24672,5,0.126545,0.886161,15,0,1000.000,2.328704,0.624810
24672,6,0.120099,0.912757,21,0,1000.000,1.726292,0.660988
24672,7,0.128123,0.890711,30,0,1000.000,1.720177,0.636931
24720,0,0.134025,0.889575,20,0,1000.000,2.105412,0.640615
24720,1,0.142698,0.850323,34,0,1000.000,1.997005,0.635230
24720,2,0.114448,0.896845,22,0,1000.000,1.868476,0.642888
24720,3,0.127959,0.886300,22,0,1000.000,1.790817,0.636559
24720,4,0.106102,0.872907,14,0,1000.000,2.223218,0.637322
24720,5,0.126545,0.875419,20,0,1000.000,2.203146,0.628722
24720,6,0.120099,0.919748,21,0,1000.000,1.595947,0.664020
24720,7,0.128123,0.893060,13,0,1000.000,1.918985,0.636861
24768,0,0.134025,0.914430,21,0,1000.000,1.698726,0.666083
24768,1,0.142698,0.902156,37,0,1000.000,1.940752,0.643979
24768,2,0.114448,0.892985,20,0,1000.000,2.032134,0.634813
24768,3,0.127959,0.910254,28,0,1000.000,1.643859,0.651891
24768,4,0.106102,0.874784,18,0,1000.000,2.038373,0.624214
24768,5,0.126545,0.854248,22,0,1000.000,1.927623,0.632228
24768,6,0.120099,0.884930,27,0,1000.000,1.931735,0.632893
24768,7,0.128123,0.830712,23,0,1000.000,2.247539,0.615753
24816,0,0.134025,0.922733,33,0,1000.000,1.573354,0.657516
24816,1,0.142698,0.903448,26,0,1000.000,1.772882,0.652237
24816,2,0.114448,0.912244,14,0,1000.000,1.860315,0.648000
24816,3,0.127959,0.887307,25,0,1000.000,1.663394,0.647387
24816,4,0.106102,0.923389,16,0,1000.000,1.523176,0.667299
24816,5,0.126545,0.901252,27,0,1000.000,1.818463,0.655194
24816,6,0.120099,0.906586,20,0,1000.000,1.929850,0.648126
24816,7,0.128123,0.905683,23,0,1000.000,1.743202,0.658579
24864,0,0.134025,0.894260,29,1,989.966,1.648469,0.642156
24864,1,0.142698,0.903237,38,0,1000.000,1.837315,0.658096
24864,2,0.114448,0.908588,25,0,1000.000,1.619810,0.645406
24864,3,0.127959,0.879475,34,0,1000.000,2.169705,0.635420
24864,4,0.106102,0.908536,13,0,1000.000,1.643179,0.642378
24864,5,0.126545,0.921126,23,0,1000.000,1.754126,0.665049
24864,6,0.120099,0.891133,35,0,1000.000,2.071686,0.645413
24864,7,0.128123,0.913256,37,0,1000.000,1.793167,0.650248
24912,0,0.134025,0.891743,29,2,963.276,1.832570,0.629674
24912,1,0.142698,0.886405,28,0,1000.000,1.937805,0.638702
24912,2,0.114448,0.923170,17,0,1000.000,1.919219,0.649721
24912,3,0.127959,0.928922,24,0,1000.000,1.768571,0.658147
24912,4,0.106102,0.889679,25,0,1000.000,1.800532,0.663089
24912,5,0.126545,0.888255,26,0,1000.000,1.882276,0.641476
24912,6,0.120099,0.931508,29,0,1000.000,1.565887,0.666069
24912,7,0.128123,0.921516,27,0,1000.000,1.673731,0.648859
24960,0,0.134025,0.884942,35,1,977.371,2.041241,0.632569
24960,1,0.142698,0.870198,35,0,1000.000,1.931686,0.641393
24960,2,0.114448,0.903855,28,0,1000.000,1.639092,0.645797
24960,3,0.127959,0.907660,24,0,1000.000,1.798517,0.642340
24960,4,0.106102,0.919712,22,0,1000.000,1.877716,0.652723
24960,5,0.126545,0.893680,48,0,1000.000,1.815249,0.647822
24960,6,0.120099,0.902699,31,0,1000.000,1.997295,0.654159
24960,7,0.128123,0.906694,26,0,1000.000,1.792520,0.659764
25008,0,0.134025,0.900612,20,0,1000.000,1.766714,0.633998
25008,1,0.142698,0.906682,33,0,1000.000,1.751789,0.643773
25008,2,0.114448,0.891766,23,0,1000.000,1.948093,0.639722
25008,3,0.127959,0.871572,21,0,1000.000,2.137719,0.628909
25008,4,0.106102,0.863680,19,0,1000.000,2.118644,0.630706
25008,5,0.126545,0.907095,28,0,1000.000,1.987790,0.652843
25008,6,0.120099,0.887359,30,0,1000.000,1.960904,0.639126
25008,7,0.128123,0.867794,28,0,1000.000,1.970023,0.637160
25056,0,0.134025,0.926227,21,0,1000.000,1.525770,0.678230
25056,1,0.142698,0.909385,25,0,1000.000,1.811028,0.662596
25056,2,0.114448,0.924715,15,0,1000.000,1.447652,0.655826
25056,3,0.127959,0.914009,21,0,1000.000,1.751418,0.643617
25056,4,0.106102,0.922706,9,0,1000.000,2.032497,0.654202
25056,5,0.126545,0.880393,19,0,1000.000,2.057771,0.634045
25056,6,0.120099,0.914431,24,0,1000.000,1.813978,0.645022
25056,7,0.128123,0.876844,16,0,1000.000,1.953383,0.632539
25104,0,0.134025,0.911502,14,0,1000.000,1.607602,0.639523
25104,1,0.142698,0.900183,29,0,1000.000,1.883488,0.632027
25104,2,0.114448,0.920390,20,0,1000.000,1.495471,0.646208
25104,3,0.127959,0.885502,20,0,1000.000,1.914078,0.639343
25104,4,0.106102,0.915448,15,0,1000.000,1.781767,0.653009
25104,5,0.126545,0.872437,24,0,1000.000,2.203296,0.631065
25104,6,0.120099,0.901433,21,0,1000.000,1.939435,0.654806
25104,7,0.128123,0.887228,27,0,1000.000,1.975309,0.646584
25152,0,0.134025,0.914014,25,0,1000.000,1.473477,0.659396
25152,1,0.142698,0.879611,31,0,1000.000,1.872734,0.640133
25152,2,0.114448,0.910495,21,0,1000.000,1.934778,0.637030
25152,3,0.127959,0.902058,29,0,1000.000,1.887451,0.650598
25152,4,0.106102,0.899739,28,0,1000.000,1.970691,0.644901
25152,5,0.126545,0.866279,19,0,1000.000,2.048581,0.623085
25152,6,0.120099,0.936744,19,0,1000.000,1.484805,0.666645
25152,7,0.128123,0.850033,15,0,1000.000,2.032792,0.641791
25200,0,0.134025,0.868988,16,0,1000.000,1.902886,0.644703
25200,1,0.142698,0.916748,28,0,1000.000,1.445691,0.651896
25200,2,0.114448,0.882147,27,0,1000.000,1.731676,0.640000
25200,3,0.127959,0.923826,20,0,1000.000,1.727752,0.655432
25200,4,0.106102,0.897628,18,0,1000.000,2.019791,0.644691
25200,5,0.126545,0.902241,20,0,1000.000,1.548641,0.647372
25200,6,0.120099,0.899593,17,0,1000.000,1.650130,0.637395
25200,7,0.128123,0.888427,23,0,1000.000,2.242573,0.631798
25248,0,0.134025,0.891859,31,1,983.258,1.865295,0.634870
25248,1,0.142698,0.929780,18,0,1000.000,1.650826,0.670182
25248,2,0.114448,0.895331,24,0,1000.000,1.782682,0.655496
25248,3,0.127959,0.909267,23,0,1000.000,1.766415,0.669815
25248,4,0.106102,0.871360,15,0,1000.000,2.195904,0.633578
25248,5,0.126545,0.863389,19,0,1000.000,1.861064,0.635629
25248,6,0.120099,0.901910,21,0,1000.000,1.907880,0.654243
25248,7,0.128123,0.913682,27,0,1000.000,1.628117,0.653593
25296,0,0.134025,0.932236,19,0,1000.000,1.408032,0.667117
25296,1,0.142698,0.885932,23,0,1000.000,1.903096,0.630217
25296,2,0.114448,0.903646,19,0,1000.000,1.646007,0.655073
25296,3,0.127959,0.916765,22,0,1000.000,1.639381,0.655886
25296,4,0.106102,0.767947,9,0,1000.000,2.465928,0.612768
25296,5,0.126545,0.872333,19,0,1000.000,1.659678,0.654226
25296,6,0.120099,0.932804,15,0,1000.000,1.453765,0.676258
25296,7,0.128123,0.863210,24,0,1000.000,2.275625,0.634615
25344,0,0.134025,0.884343,24,0,1000.000,1.977151,0.634529
25344,1,0.142698,0.881890,19,0,1000.000,1.858543,0.647097
25344,2,0.114448,0.881734,12,0,1000.000,2.031354,0.627498
25344,3,0.127959,0.862291,16,1,939.938,1.365700,0.638052
25344,4,0.106102,0.889683,16,0,1000.000,1.651474,0.662305
25344,5,0.126545,0.918108,22,0,1000.000,1.655428,0.654978
25344,6,0.120099,0.884771,26,0,1000.000,2.043370,0.636287
25344,7,0.128123,0.869174,24,1,961.042,1.922675,0.650369
25392,0,0.134025,0.885385,26,0,1000.000,1.978530,0.625894
25392,1,0.142698,0.888441,34,0,1000.000,1.775959,0.645121
25392,2,0.114448,0.934664,21,0,1000.000,1.601889,0.654862
25392,3,0.127959,0.896301,31,0,1000.000,1.598979,0.656621
25392,4,0.106102,0.919882,24,0,1000.000,1.572569,0.658723
25392,5,0.126545,0.886981,22,0,1000.000,2.001440,0.652398
25392,6,0.120099,0.901411,19,0,1000.000,1.882907,0.630911
25392,7,0.128123,0.902302,27,0,1000.000,1.809043,0.648789
25440,0,0.134025,0.866296,30,0,1000.000,2.068161,0.623697
25440,1,0.142698,0.873051,29,0,1000.000,1.755960,0.646314
25440,2,0.114448,0.883545,23,0,1000.000,1.703720,0.643141
25440,3,0.127959,0.896826,35,0,1000.000,1.867206,0.655742
25440,4,0.106102,0.892630,31,0,1000.000,1.969460,0.637467
25440,5,0.126545,0.864688,21,0,1000.000,2.109649,0.621318
25440,6,0.120099,0.862061,25,0,1000.000,2.042342,0.643626
25440,7,0.128123,0.916500,29,0,1000.000,1.743353,0.659113
25488,0,0.134025,0.890129,35,0,1000.000,1.757486,0.645507
25488,1,0.142698,0.865711,34,0,1000.000,1.766078,0.645626
25488,2,0.114448,0.895923,27,0,1000.000,2.027376,0.646966
25488,3,0.127959,0.860229,34,0,1000.000,2.011235,0.625906
25488,4,0.106102,0.870810,27,0,1000.000,1.788964,0.642231
25488,5,0.126545,0.902763,38,0,1000.000,1.772706,0.654907
25488,6,0.120099,0.906500,43,0,1000.000,1.778796,0.646775
25488,7,0.128123,0.903043,29,0,1000.000,1.825248,0.654251
25536,0,0.134025,0.879968,37,0,1000.000,1.743772,0.638976
25536,1,0.142698,0.871249,46,0,1000.000,1.795653,0.639172
25536,2,0.114448,0.852838,28,0,1000.000,2.183208,0.627650
25536,3,0.127959,0.886795,35,0,1000.000,1.951121,0.642992
25536,4,0.106102,0.868755,25,0,1000.000,1.696247,0.640472
25536,5,0.126545,0.899894,33,0,1000.000,1.827924,0.649409
25536,6,0.120099,0.862485,40,0,1000.000,1.803819,0.633579
25536,7,0.128123,0.871263,36,1,973.861,1.691892,0.636315
25584,0,0.134025,0.917831,32,0,1000.000,1.489739,0.648414
25584,1,0.142698,0.918407,32,0,1000.000,1.383468,0.659074
25584,2,0.114448,0.864013,30,1,968.200,1.807059,0.627905
25584,3,0.127959,0.884442,27,0,1000.000,1.667956,0.645639
25584,4,0.106102,0.910701,27,0,1000.000,1.582421,0.647716
25584,5,0.126545,0.909714,18,0,1000.000,1.761189,0.652854
25584,6,0.120099,0.870270,25,0,1000.000,2.025512,0.645346
25584,7,0.128123,0.873767,29,0,1000.000,1.824821,0.648061
25632,0,0.134025,0.922620,20,1,994.250,1.518427,0.660498
25632,1,0.142698,0.897482,21,0,1000.000,1.512142,0.649392
25632,2,0.114448,0.861224,16,0,1000.000,1.980519,0.637928
25632,3,0.127959,0.869377,16,0,1000.000,1.804928,0.639256
25632,4,0.106102,0.857507,19,0,1000.000,1.833598,0.624021
25632,5,0.126545,0.894900,19,0,1000.000,1.748864,0.653215
25632,6,0.120099,0.907887,24,0,1000.000,1.473591,0.666443
25632,7,0.128123,0.860792,32,1,971.344,1.785596,0.636858
25680,0,0.134025,0.907135,23,1,977.435,1.237341,0.649097
25680,1,0.142698,0.891018,23,0,1000.000,1.490397,0.640750
25680,2,0.114448,0.897380,21,0,1000.000,1.679413,0.645755
25680,3,0.127959,0.869839,22,0,1000.000,2.107617,0.632514
25680,4,0.106102,0.873609,15,0,1000.000,1.495595,0.640464
25680,5,0.126545,0.860742,29,0,1000.000,1.944163,0.633026
25680,6,0.120099,0.873714,23,0,1000.000,2.010729,0.640095
25680,7,0.128123,0.877841,17,0,1000.000,1.588994,0.649941
25728,0,0.134025,0.884840,24,0,1000.000,1.722982,0.647349
25728,1,0.142698,0.860255,28,0,1000.000,2.047022,0.641609
25728,2,0.114448,0.936299,18,0,1000.000,1.410802,0.661652
25728,3,0.127959,0.864680,22,0,1000.000,2.039613,0.643299
25728,4,0.106102,0.908104,14,0,1000.000,1.629874,0.655996
25728,5,0.126545,0.856586,23,0,1000.000,1.912147,0.637631
25728,6,0.120099,0.888054,24,0,1000.000,1.865993,0.638289
25728,7,0.128123,0.731813,18,3,896.222,1.864451,0.599168
25776,0,0.134025,0.934763,22,0,1000.000,1.536320,0.671315
25776,1,0.142698,0.885999,29,0,1000.000,1.406492,0.644595
25776,2,0.114448,0.922049,24,0,1000.000,1.595343,0.662797
25776,3,0.127959,0.892966,25,0,1000.000,1.794517,0.641490
25776,4,0.106102,0.895601,20,0,1000.000,1.979162,0.635527
25776,5,0.126545,0.890777,24,0,1000.000,1.561416,0.641124
25776,6,0.120099,0.910319,25,0,1000.000,1.571963,0.656750
25776,7,0.128123,0.905543,16,0,1000.000,1.807871,0.659961
25824,0,0.134025,0.894919,19,0,1000.000,1.535911,0.657695
25824,1,0.142698,0.912255,40,0,1000.000,1.583773,0.663452
25824,2,0.114448,0.874042,24,0,1000.000,1.867258,0.637812
25824,3,0.127959,0.875143,17,0,1000.000,1.956161,0.645067
25824,4,0.106102,0.911939,21,0,1000.000,1.736095,0.638142
25824,5,0.126545,0.871361,25,1,961.400,1.884087,0.633257
25824,6,0.120099,0.880283,28,1,968.286,1.769512,0.637302
25824,7,0.128123,0.884771,33,0,1000.000,1.824418,0.648554
25872,0,0.134025,0.845867,27,1,964.926,2.217133,0.612923
25872,1,0.142698,0.868296,40,0,1000.000,1.918901,0.631211
25872,2,0.114448,0.886103,23,0,1000.000,1.936737,0.644395
25872,3,0.127959,0.907841,26,0,1000.000,1.712126,0.654436
25872,4,0.106102,0.905220,28,0,1000.000,1.775160,0.642677
25872,5,0.126545,0.900948,31,0,1000.000,1.668496,0.656180
25872,6,0.120099,0.892098,24,0,1000.000,1.761126,0.649370
25872,7,0.128123,0.855054,24,0,1000.000,1.977131,0.645122
25920,0,0.134025,0.859044,24,0,1000.000,2.005075,0.632014
25920,1,0.142698,0.893856,32,0,1000.000,1.615103,0.645133
25920,2,0.114448,0.876551,28,0,1000.000,1.852392,0.645834
25920,3,0.127959,0.919663,28,0,1000.000,1.528517,0.661854
25920,4,0.106102,0.908456,18,0,1000.000,1.812942,0.660963
25920,5,0.126545,0.881186,20,0,1000.000,1.967826,0.636562
25920,6,0.120099,0.892744,30,0,1000.000,1.913774,0.653820
25920,7,0.128123,0.879712,34,0,1000.000,1.785537,0.644300
25968,0,0.134025,0.868971,30,0,1000.000,1.590359,0.646665
25968,1,0.142698,0.856505,28,0,1000.000,1.871173,0.640406
25968,2,0.114448,0.891727,36,0,1000.000,1.782051,0.640405
25968,3,0.127959,0.882859,32,0,1000.000,1.491070,0.643952
25968,4,0.106102,0.898272,25,0,1000.000,1.656444,0.628254
25968,5,0.126545,0.902840,30,0,1000.000,1.919265,0.636811
25968,6,0.120099,0.906029,24,0,1000.000,1.759581,0.667274
25968,7,0.128123,0.845860,40,1,977.425,1.711957,0.642284
26016,0,0.134025,0.813740,27,0,1000.000,1.984534,0.633218
26016,1,0.142698,0.884050,32,0,1000.000,1.767174,0.639626
26016,2,0.114448,0.905510,21,0,1000.000,1.797949,0.636411
26016,3,0.127959,0.899766,27,0,1000.000,1.734031,0.645874
26016,4,0.106102,0.879583,26,0,1000.000,2.134146,0.640491
26016,5,0.126545,0.889993,20,0,1000.000,1.865491,0.646289
26016,6,0.120099,0.918260,20,0,1000.000,1.393924,0.656204
26016,7,0.128123,0.885286,24,0,1000.000,1.658837,0.643566
26064,0,0.134025,0.849978,19,0,1000.000,1.881961,0.619255
26064,1,0.142698,0.889531,29,0,1000.000,1.462650,0.649555
26064,2,0.114448,0.903331,18,0,1000.000,1.616596,0.651407
26064,3,0.127959,0.881694,16,0,1000.000,1.719499,0.641209
26064,4,0.106102,0.906651,19,0,1000.000,1.666141,0.657234
26064,5,0.126545,0.895040,18,0,1000.000,1.748719,0.641428
26064,6,0.120099,0.874877,12,0,1000.000,1.832752,0.640056
26064,7,0.128123,0.839020,22,1,960.727,1.907490,0.637224
26112,0,0.134025,0.906683,20,0,1000.000,1.953888,0.648341
26112,1,0.142698,0.867659,21,0,1000.000,2.123908,0.622986
26112,2,0.114448,0.815561,25,0,1000.000,2.144733,0.637569
26112,3,0.127959,0.880675,24,0,1000.000,2.086377,0.627867
26112,4,0.106102,0.898121,16,0,1000.000,1.679251,0.645198
26112,5,0.126545,0.893617,22,0,1000.000,1.471448,0.645402
26112,6,0.120099,0.845826,18,0,1000.000,2.243864,0.624600
26112,7,0.128123,0.898642,23,0,1000.000,1.852534,0.650985
26160,0,0.134025,0.904242,22,0,1000.000,1.501837,0.665045
26160,1,0.142698,0.872976,24,0,1000.000,1.711093,0.635164
26160,2,0.114448,0.836156,19,0,1000.000,2.366365,0.614857
26160,3,0.127959,0.905074,26,0,1000.000,1.279595,0.660218
26160,4,0.106102,0.899526,27,0,1000.000,1.788574,0.642057
26160,5,0.126545,0.864558,25,0,1000.000,2.112803,0.630985
26160,6,0.120099,0.818211,18,0,1000.000,2.206120,0.628987
26160,7,0.128123,0.906966,26,0,1000.000,1.710850,0.652009
26208,0,0.134025,0.923708,27,0,1000.000,1.587770,0.667786
26208,1,0.142698,0.899620,32,0,1000.000,1.744553,0.642787
26208,2,0.114448,0.832820,22,0,1000.000,2.081540,0.624987
26208,3,0.127959,0.901603,23,0,1000.000,1.755207,0.648675
26208,4,0.106102,0.887628,15,0,1000.000,1.876217,0.638279
26208,5,0.126545,0.925495,15,0,1000.000,1.392022,0.657421
26208,6,0.120099,0.847494,17,0,1000.000,2.076623,0.635283
26208,7,0.128123,0.830119,18,1,952.389,1.745893,0.625876
26256,0,0.134025,0.910567,25,0,1000.000,1.509523,0.649035
26256,1,0.142698,0.889386,22,0,1000.000,1.838287,0.653913
26256,2,0.114448,0.849291,16,0,1000.000,2.076978,0.609299
26256,3,0.127959,0.867204,18,0,1000.000,2.176381,0.604217
26256,4,0.106102,0.872207,18,0,1000.000,2.050494,0.646110
26256,5,0.126545,0.858204,17,0,1000.000,1.609514,0.640732
26256,6,0.120099,0.899096,23,0,1000.000,1.842880,0.645735
26256,7,0.128123,0.815815,30,2,944.033,2.011684,0.620931
26304,0,0.134025,0.906582,20,0,1000.000,1.532151,0.669955
26304,1,0.142698,0.910423,19,0,1000.000,1.682025,0.660519
26304,2,0.114448,0.829506,15,0,1000.000,2.045243,0.628513
26304,3,0.127959,0.853396,31,0,1000.000,2.078481,0.624125
26304,4,0.106102,0.868640,13,0,1000.000,2.305896,0.641905
26304,5,0.126545,0.862971,21,0,1000.000,2.019930,0.625343
26304,6,0.120099,0.882736,23,0,1000.000,1.972900,0.654590
26304,7,0.128123,0.889667,15,0,1000.000,1.717424,0.648433
26352,0,0.134025,0.880308,22,0,1000.000,1.953510,0.641194
26352,1,0.142698,0.881821,24,0,1000.000,1.609908,0.657490
26352,2,0.114448,0.806223,10,0,1000.000,2.357163,0.608842
26352,3,0.127959,0.858109,23,0,1000.000,1.898631,0.626161
26352,4,0.106102,0.869233,21,0,1000.000,1.670363,0.631976
26352,5,0.126545,0.893695,24,0,1000.000,1.778597,0.653404
26352,6,0.120099,0.892147,18,0,1000.000,1.994976,0.637692
26352,7,0.128123,0.887931,23,0,1000.000,1.860785,0.658231
26400,0,0.134025,0.894802,23,1,989.087,1.748165,0.642929
26400,1,0.142698,0.871356,22,0,1000.000,1.911878,0.641412
26400,2,0.114448,0.896042,31,0,1000.000,1.725537,0.652189
26400,3,0.127959,0.899369,25,0,1000.000,1.507550,0.646645
26400,4,0.106102,0.891005,25,0,1000.000,1.823110,0.646589
26400,5,0.126545,0.867851,31,0,1000.000,1.781187,0.633264
26400,6,0.120099,0.858067,15,0,1000.000,2.144641,0.623685
26400,7,0.128123,0.910922,31,0,1000.000,1.607070,0.653265
26448,0,0.130770,0.869334,33,0,1000.000,1.909857,0.627701
26448,1,0.119128,0.908844,32,0,1000.000,1.707658,0.641579
26448,2,0.124356,0.873016,24,0,1000.000,1.828520,0.637019
26448,3,0.122234,0.854503,27,0,1000.000,1.854213,0.639526
26448,4,0.134992,0.908781,29,0,1000.000,1.707741,0.654216
26448,5,0.116081,0.907784,26,0,1000.000,1.718059,0.655916
26448,6,0.134182,0.903440,25,0,1000.000,1.706471,0.654786
26448,7,0.118256,0.849545,29,0,1000.000,1.975701,0.630107
26496,0,0.130770,0.895600,32,0,1000.000,1.524154,0.645693
26496,1,0.119128,0.884313,37,0,1000.000,1.862323,0.631587
26496,2,0.124356,0.899390,26,0,1000.000,1.664960,0.645228
26496,3,0.122234,0.888599,49,0,1000.000,1.858714,0.646760
26496,4,0.134992,0.875564,20,0,1000.000,1.857987,0.647662
26496,5,0.116081,0.886606,33,0,1000.000,1.752444,0.650237
26496,6,0.134182,0.915495,30,0,1000.000,1.767499,0.648028
26496,7,0.118256,0.873113,36,0,1000.000,2.047288,0.627066
26544,0,0.130770,0.893302,50,0,1000.000,1.669467,0.645933
26544,1,0.119128,0.872602,38,0,1000.000,1.883058,0.636821
26544,2,0.124356,0.905788,25,0,1000.000,1.526123,0.626445
26544,3,0.122234,0.910003,29,0,1000.000,1.845302,0.654401
26544,4,0.134992,0.881794,34,0,1000.000,1.607661,0.648357
26544,5,0.116081,0.876877,44,0,1000.000,1.892995,0.644864
26544,6,0.134182,0.843043,34,0,1000.000,1.973856,0.640264
26544,7,0.118256,0.885912,29,0,1000.000,1.797278,0.638406
26592,0,0.130770,0.909631,17,0,1000.000,1.819435,0.643844
26592,1,0.119128,0.906861,36,0,1000.000,1.617581,0.655939
26592,2,0.124356,0.874854,22,0,1000.000,1.881860,0.659170
26592,3,0.122234,0.876536,22,0,1000.000,2.053349,0.631507
26592,4,0.134992,0.892273,36,0,1000.000,1.817267,0.643315
26592,5,0.116081,0.880735,24,0,1000.000,2.109350,0.631603
26592,6,0.134182,0.883616,27,0,1000.000,1.844208,0.646820
26592,7,0.118256,0.891163,24,0,1000.000,1.798699,0.635209
26640,0,0.130770,0.883366,25,0,1000.000,2.074944,0.625203
26640,1,0.119128,0.899091,13,0,1000.000,1.760223,0.650120
26640,2,0.124356,0.890457,21,0,1000.000,1.718258,0.649506
26640,3,0.122234,0.854087,14,0,1000.000,2.012493,0.627106
26640,4,0.134992,0.897486,31,0,1000.000,1.592301,0.649486
26640,5,0.116081,0.895209,21,0,1000.000,1.886454,0.638124
26640,6,0.134182,0.916503,29,0,1000.000,1.608794,0.643057
26640,7,0.118256,0.903843,16,0,1000.000,2.011610,0.632377
26688,0,0.130770,0.918628,23,0,1000.000,1.721782,0.656610
26688,1,0.119128,0.901228,24,0,1000.000,1.730364,0.643267
26688,2,0.124356,0.881660,24,0,1000.000,2.042440,0.630042
26688,3,0.122234,0.883857,17,0,1000.000,1.912329,0.616947
26688,4,0.134992,0.857915,19,0,1000.000,2.497247,0.607535
26688,5,0.116081,0.922195,15,0,1000.000,2.060986,0.642148
26688,6,0.134182,0.886000,22,0,1000.000,1.805596,0.638544
26688,7,0.118256,0.870562,20,0,1000.000,2.154797,0.620244
26736,0,0.130770,0.884986,25,0,1000.000,1.770862,0.638482
26736,1,0.119128,0.895820,21,0,1000.000,1.624780,0.648698
26736,2,0.124356,0.917908,18,0,1000.000,1.747397,0.659535
26736,3,0.122234,0.869831,19,1,949.895,1.610827,0.635174
26736,4,0.134992,0.906883,31,0,1000.000,1.876642,0.653834
26736,5,0.116081,0.876167,24,0,1000.000,1.889271,0.621571
26736,6,0.134182,0.889715,24,0,1000.000,1.811183,0.638745
26736,7,0.118256,0.892854,26,0,1000.000,1.594593,0.647844
26832,0,0.130770,0.886045,40,0,1000.000,1.874450,0.630561
26832,1,0.119128,0.880926,48,0,1000.000,2.042480,0.637029
26832,2,0.124356,0.900969,55,0,1000.000,1.827623,0.634704
26832,3,0.122234,0.921898,45,0,1000.000,1.603621,0.643617
26832,4,0.134992,0.896677,54,0,1000.000,1.765046,0.648257
26832,5,0.116081,0.869295,44,0,1000.000,2.036804,0.632960
26832,6,0.134182,0.913714,66,0,1000.000,1.795455,0.648981
26832,7,0.118256,0.903849,42,0,1000.000,1.944393,0.642400
26880,0,0.130770,0.901456,29,0,1000.000,1.670010,0.640126
26880,1,0.119128,0.924050,20,0,1000.000,1.744722,0.666809
26880,2,0.124356,0.917328,29,0,1000.000,1.715854,0.633386
26880,3,0.122234,0.910801,31,0,1000.000,1.680281,0.661433
26880,4,0.134992,0.893065,36,0,1000.000,1.844718,0.636220
26880,5,0.116081,0.904042,19,0,1000.000,1.856784,0.649532
26880,6,0.134182,0.887367,25,0,1000.000,1.871015,0.637914
26880,7,0.118256,0.887865,28,0,1000.000,1.962451,0.627879
26928,0,0.130770,0.903292,27,0,1000.000,1.578217,0.641162
26928,1,0.119128,0.867902,21,0,1000.000,2.076498,0.620783
26928,2,0.124356,0.905171,25,0,1000.000,1.681378,0.640222
26928,3,0.122234,0.915763,28,0,1000.000,1.686545,0.660650
26928,4,0.134992,0.918832,28,0,1000.000,1.538244,0.644381
26928,5,0.116081,0.912386,24,0,1000.000,1.871829,0.635215
26928,6,0.134182,0.909113,32,0,1000.000,1.775879,0.643830
26928,7,0.118256,0.875476,30,0,1000.000,1.989246,0.637375
26976,0,0.130770,0.885735,28,0,1000.000,1.728310,0.633003
26976,1,0.119128,0.908237,32,0,1000.000,1.633065,0.633178
26976,2,0.124356,0.917561,31,0,1000.000,1.473810,0.649078
26976,3,0.122234,0.878129,31,0,1000.000,1.857165,0.637405
26976,4,0.134992,0.902876,37,0,1000.000,1.729819,0.640603
26976,5,0.116081,0.894597,27,0,1000.000,1.732706,0.642871
26976,6,0.134182,0.913676,30,0,1000.000,1.927271,0.644852
26976,7,0.118256,0.910349,24,0,1000.000,1.758312,0.643180
27024,0,0.130770,0.917631,29,0,1000.000,1.686568,0.661655
27024,1,0.119128,0.906467,18,0,1000.000,1.620746,0.639455
27024,2,0.124356,0.891237,19,0,1000.000,2.059222,0.642491
27024,3,0.122234,0.897322,35,0,1000.000,1.937162,0.627929
27024,4,0.134992,0.893622,20,0,1000.000,1.709055,0.633129
27024,5,0.116081,0.892595,24,0,1000.000,1.859516,0.633938
27024,6,0.134182,0.907586,24,0,1000.000,1.710392,0.649684
27024,7,0.118256,0.902102,18,0,1000.000,1.986292,0.623993
27072,0,0.130770,0.891026,25,0,1000.000,1.868305,0.642544
27072,1,0.119128,0.895015,17,0,1000.000,1.710134,0.635528
27072,2,0.124356,0.911639,21,0,1000.000,1.606047,0.654092
27072,3,0.122234,0.881854,19,0,1000.000,1.969282,0.627350
27072,4,0.134992,0.900384,25,0,1000.000,1.791123,0.653176
27072,5,0.116081,0.903679,18,0,1000.000,1.723947,0.635681
27072,6,0.134182,0.918063,14,0,1000.000,1.472964,0.649178
27072,7,0.118256,0.853974,16,1,940.875,1.771955,0.619750
27120,0,0.130770,0.918275,22,0,1000.000,1.914852,0.624171
27120,1,0.119128,0.870584,20,0,1000.000,2.156802,0.618654
27120,2,0.124356,0.944372,16,0,1000.000,1.215408,0.667262
27120,3,0.122234,0.905286,33,0,1000.000,1.911137,0.632184
27120,4,0.134992,0.873773,20,0,1000.000,2.143997,0.630009
27120,5,0.116081,0.898824,18,0,1000.000,1.757249,0.645049
27120,6,0.134182,0.893763,27,0,1000.000,1.659837,0.637774
27120,7,0.118256,0.937240,19,0,1000.000,1.568843,0.650956
27168,0,0.130770,0.865047,24,0,1000.000,2.054691,0.628054
27168,1,0.119128,0.908793,23,0,1000.000,1.692836,0.642667
27168,2,0.124356,0.911452,29,0,1000.000,1.795705,0.646538
27168,3,0.122234,0.920043,19,0,1000.000,1.540300,0.664661
27168,4,0.134992,0.906910,28,0,1000.000,1.795901,0.648291
27168,5,0.116081,0.918055,20,0,1000.000,1.564646,0.654859
27168,6,0.134182,0.933560,16,0,1000.000,1.451981,0.656613
27168,7,0.118256,0.862077,18,0,1000.000,2.384327,0.620528
27216,0,0.130770,0.866068,20,0,1000.000,1.805338,0.630830
27216,1,0.119128,0.922011,21,0,1000.000,1.534615,0.658565
27216,2,0.124356,0.896665,22,0,1000.000,1.900603,0.624272
27216,3,0.122234,0.896063,17,0,1000.000,1.977599,0.641362
27216,4,0.134992,0.909295,25,0,1000.000,1.607561,0.657693
27216,5,0.116081,0.851045,25,0,1000.000,1.900718,0.627285
27216,6,0.134182,0.918438,22,0,1000.000,1.577803,0.655033
27216,7,0.118256,0.863529,18,0,1000.000,1.897724,0.647147
27264,0,0.130770,0.916321,31,0,1000.000,1.642643,0.658829
27264,1,0.119128,0.909991,15,1,958.067,1.346626,0.659059
27264,2,0.124356,0.905781,19,0,1000.000,1.836103,0.648547
27264,3,0.122234,0.924770,25,0,1000.000,1.474986,0.675941
27264,4,0.134992,0.923722,23,0,1000.000,1.520233,0.660173
27264,5,0.116081,0.879517,17,0,1000.000,2.055836,0.630943
27264,6,0.134182,0.891621,19,0,1000.000,2.004273,0.652917
27264,7,0.118256,0.869200,23,0,1000.000,1.677469,0.634222
27312,0,0.130770,0.909248,18,0,1000.000,1.750887,0.661716
27312,1,0.119128,0.864958,19,0,1000.000,2.133615,0.626481
27312,2,0.124356,0.909501,18,0,1000.000,1.806295,0.666342
27312,3,0.122234,0.915600,22,0,1000.000,1.508552,0.661715
27312,4,0.134992,0.902194,23,0,1000.000,1.648602,0.641213
27312,5,0.116081,0.899143,17,0,1000.000,1.813037,0.650689
27312,6,0.134182,0.872315,11,0,1000.000,1.843877,0.637202
27312,7,0.118256,0.902180,17,0,1000.000,1.804278,0.643332
27360,0,0.130770,0.894655,22,0,1000.000,1.776434,0.637596
27360,1,0.119128,0.913651,29,0,1000.000,1.790852,0.649925
27360,2,0.124356,0.901513,29,0,1000.000,1.686143,0.644112
27360,3,0.122234,0.862071,20,0,1000.000,2.111150,0.641293
27360,4,0.134992,0.844867,15,0,1000.000,2.268290,0.616380
27360,5,0.116081,0.881468,27,0,1000.000,1.818894,0.639207
27360,6,0.134182,0.907422,25,0,1000.000,1.693258,0.654795
27360,7,0.118256,0.879085,26,0,1000.000,2.219447,0.632498
27408,0,0.130770,0.906749,24,0,1000.000,1.806706,0.645645
27408,1,0.119128,0.928178,25,0,1000.000,1.546917,0.660819
27408,2,0.124356,0.897232,20,0,1000.000,1.830706,0.643326
27408,3,0.122234,0.898571,28,0,1000.000,2.050664,0.638755
27408,4,0.134992,0.898047,24,0,1000.000,1.665887,0.631795
27408,5,0.116081,0.896465,25,0,1000.000,2.067923,0.646893
27408,6,0.134182,0.878641,29,0,1000.000,1.657748,0.644408
27408,7,0.118256,0.897187,20,0,1000.000,2.061117,0.636916
27456,0,0.130770,0.897207,27,0,1000.000,1.821976,0.645869
27456,1,0.119128,0.913112,30,0,1000.000,1.575558,0.647821
27456,2,0.124356,0.890293,20,0,1000.000,1.841571,0.636382
27456,3,0.122234,0.898621,35,0,1000.000,1.782102,0.650370
27456,4,0.134992,0.880099,37,0,1000.000,2.005026,0.632369
27456,5,0.116081,0.917825,30,0,1000.000,1.755524,0.649898
27456,6,0.134182,0.893915,31,0,1000.000,1.787538,0.636073
27456,7,0.118256,0.912212,24,0,1000.000,1.834201,0.647464
27504,0,0.130770,0.927855,27,0,1000.000,1.527770,0.653444
27504,1,0.119128,0.892574,29,0,1000.000,2.095185,0.631323
27504,2,0.124356,0.880022,36,0,1000.000,1.996302,0.634513
27504,3,0.122234,0.878939,34,0,1000.000,1.962886,0.637697
27504,4,0.134992,0.896650,33,0,1000.000,2.050652,0.637766
27504,5,0.116081,0.880962,36,0,1000.000,1.892177,0.636026
27504,6,0.134182,0.873875,30,0,1000.000,1.925301,0.637520
27504,7,0.118256,0.888556,32,0,1000.000,2.004177,0.641629
27552,0,0.130770,0.909822,49,2,987.918,1.657899,0.649039
27552,1,0.119128,0.917304,34,0,1000.000,1.494425,0.651569
27552,2,0.124356,0.896924,45,0,1000.000,1.643298,0.647313
27552,3,0.122234,0.873972,27,0,1000.000,2.223411,0.624493
27552,4,0.134992,0.895457,31,0,1000.000,1.877477,0.645184
27552,5,0.116081,0.849876,23,0,1000.000,2.430822,0.605456
27552,6,0.134182,0.875238,32,0,1000.000,1.903564,0.640483
27552,7,0.118256,0.922102,38,0,1000.000,1.694922,0.651973
27600,0,0.130770,0.853905,19,0,1000.000,2.251669,0.622308
27600,1,0.119128,0.865741,26,0,1000.000,1.984647,0.629294
27600,2,0.124356,0.872394,21,0,1000.000,2.134452,0.624744
27600,3,0.122234,0.895877,31,0,1000.000,1.829669,0.632773
27600,4,0.134992,0.886518,25,0,1000.000,1.715265,0.646976
27600,5,0.116081,0.877417,18,0,1000.000,2.031614,0.639952
27600,6,0.134182,0.893186,28,0,1000.000,1.792477,0.645652
27600,7,0.118256,0.922425,31,0,1000.000,1.568859,0.659667
27648,0,0.130770,0.875609,30,0,1000.000,1.942555,0.631972
27648,1,0.119128,0.906620,18,0,1000.000,1.768804,0.660375
27648,2,0.124356,0.902183,18,0,1000.000,1.904830,0.639332
27648,3,0.122234,0.900788,20,0,1000.000,1.564385,0.657282
27648,4,0.134992,0.889715,27,0,1000.000,1.819325,0.648605
27648,5,0.116081,0.877990,21,0,1000.000,2.095748,0.616721
27648,6,0.134182,0.881633,25,0,1000.000,2.159199,0.623756
27648,7,0.118256,0.860152,12,0,1000.000,1.800679,0.627048
27696,0,0.130770,0.928541,26,0,1000.000,1.443893,0.655116
27696,1,0.119128,0.856752,16,0,1000.000,2.397776,0.616732
27696,2,0.124356,0.912860,19,0,1000.000,1.617277,0.661940
27696,3,0.122234,0.909860,19,0,1000.000,1.684855,0.650729
27696,4,0.134992,0.928849,21,0,1000.000,1.591979,0.650600
27696,5,0.116081,0.902655,19,0,1000.000,1.619527,0.653125
27696,6,0.134182,0.880651,25,0,1000.000,2.082093,0.629494
27696,7,0.118256,0.910224,23,0,1000.000,1.840327,0.644223
27744,0,0.130770,0.877909,28,0,1000.000,1.982592,0.633674
27744,1,0.119128,0.867586,20,0,1000.000,2.001262,0.625550
27744,2,0.124356,0.907896,21,0,1000.000,1.736781,0.650726
27744,3,0.122234,0.908658,21,0,1000.000,1.657901,0.638800
27744,4,0.134992,0.881407,23,0,1000.000,1.786344,0.635075
27744,5,0.116081,0.904843,29,0,1000.000,1.676930,0.646806
27744,6,0.134182,0.842349,18,0,1000.000,2.376730,0.628991
27744,7,0.118256,0.896283,24,0,1000.000,1.626384,0.654065
27792,0,0.130770,0.922184,19,0,1000.000,1.394721,0.667493
27792,1,0.119128,0.906013,25,0,1000.000,1.738524,0.653324
27792,2,0.124356,0.915955,22,0,1000.000,1.673687,0.630513
27792,3,0.122234,0.895865,20,0,1000.000,1.782369,0.639191
27792,4,0.134992,0.896001,20,0,1000.000,1.766569,0.655425
27792,5,0.116081,0.921071,14,0,1000.000,2.060440,0.658979
27792,6,0.134182,0.884666,26,0,1000.000,1.939056,0.645421
27792,7,0.118256,0.890118,26,0,1000.000,1.976767,0.629036
27840,0,0.130770,0.867044,31,0,1000.000,1.840024,0.627638
27840,1,0.119128,0.886721,27,0,1000.000,2.073487,0.632045
27840,2,0.124356,0.892554,32,0,1000.000,2.119312,0.634726
27840,3,0.122234,0.890571,26,0,1000.000,2.026733,0.633448
27840,4,0.134992,0.897932,33,0,1000.000,1.858305,0.652977
27840,5,0.116081,0.908872,28,0,1000.000,1.669356,0.643781
27840,6,0.134182,0.917414,21,0,1000.000,1.760606,0.643832
27840,7,0.118256,0.902218,35,0,1000.000,1.907520,0.639277
27936,0,0.130770,0.885892,65,0,1000.000,1.794283,0.639119
27936,1,0.119128,0.900979,52,0,1000.000,1.920807,0.648329
27936,2,0.124356,0.898852,55,1,982.527,1.692883,0.644116
27936,3,0.122234,0.931024,35,0,1000.000,1.319255,0.648940
27936,4,0.134992,0.914851,64,0,1000.000,1.768282,0.651874
27936,5,0.116081,0.889987,56,0,1000.000,1.863917,0.637084
27936,6,0.134182,0.898898,55,0,1000.000,1.790542,0.642694
27936,7,0.118256,0.882673,52,0,1000.000,1.868546,0.632272
27984,0,0.130770,0.885417,32,0,1000.000,1.948779,0.634869
27984,1,0.119128,0.841978,28,0,1000.000,2.213320,0.620755
27984,2,0.124356,0.885191,20,0,1000.000,1.761544,0.649108
27984,3,0.122234,0.909310,27,0,1000.000,1.848905,0.647610
27984,4,0.134992,0.891827,36,0,1000.000,1.671296,0.639621
27984,5,0.116081,0.895762,35,0,1000.000,1.860885,0.639179
27984,6,0.134182,0.886340,32,0,1000.000,2.071838,0.639380
27984,7,0.118256,0.900352,22,0,1000.000,1.713900,0.638850
28032,0,0.130770,0.872346,23,1,958.565,1.964994,0.622816
28032,1,0.119128,0.942507,18,0,1000.000,1.442199,0.647897
28032,2,0.124356,0.891459,24,0,1000.000,1.897487,0.624883
28032,3,0.122234,0.906950,14,0,1000.000,1.567992,0.653347
28032,4,0.134992,0.926775,27,0,1000.000,1.668052,0.651056
28032,5,0.116081,0.867999,21,0,1000.000,2.084585,0.618832
28032,6,0.134182,0.908041,31,0,1000.000,1.706969,0.638414
28032,7,0.118256,0.880065,15,0,1000.000,1.776437,0.615868
28080,0,0.130770,0.885722,20,0,1000.000,1.941887,0.627103
28080,1,0.119128,0.845273,22,0,1000.000,2.218079,0.611780
28080,2,0.124356,0.889334,20,0,1000.000,1.892302,0.645796
28080,3,0.122234,0.892761,25,0,1000.000,1.839412,0.635473
28080,4,0.134992,0.867850,18,0,1000.000,1.829883,0.637398
28080,5,0.116081,0.897858,17,0,1000.000,1.981032,0.656585
28080,6,0.134182,0.879994,23,0,1000.000,2.217560,0.629230
28080,7,0.118256,0.924138,13,0,1000.000,1.652804,0.659053
28128,0,0.130770,0.903835,29,0,1000.000,1.911037,0.647829
28128,1,0.119128,0.926873,24,0,1000.000,1.755761,0.660665
28128,2,0.124356,0.843837,20,1,952.000,2.032304,0.615743
28128,3,0.122234,0.853810,21,0,1000.000,2.064093,0.619419
28128,4,0.134992,0.914304,21,0,1000.000,1.973939,0.645806
28128,5,0.116081,0.890641,17,0,1000.000,2.147292,0.627063
28128,6,0.134182,0.895642,27,0,1000.000,1.716265,0.634829
28128,7,0.118256,0.893012,19,0,1000.000,1.928106,0.648991
28176,0,0.130770,0.909923,27,0,1000.000,2.030565,0.636555
28176,1,0.119128,0.904631,23,0,1000.000,1.766081,0.637181
28176,2,0.124356,0.886927,18,0,1000.000,1.818924,0.632208
28176,3,0.122234,0.886871,25,0,1000.000,1.997903,0.624390
28176,4,0.134992,0.887954,19,0,1000.000,2.016532,0.643170
28176,5,0.116081,0.921072,21,0,1000.000,1.384190,0.645560
28176,6,0.134182,0.906104,30,0,1000.000,1.836654,0.648863
28176,7,0.118256,0.915149,17,0,1000.000,1.463580,0.660572
28224,0,0.130770,0.879598,28,0,1000.000,1.929340,0.632090
28224,1,0.119128,0.898984,28,0,1000.000,1.786461,0.645836
28224,2,0.124356,0.903971,14,0,1000.000,1.550371,0.653063
28224,3,0.122234,0.919268,17,0,1000.000,1.432887,0.646130
28224,4,0.134992,0.874807,26,0,1000.000,1.867210,0.643881
28224,5,0.116081,0.914045,17,0,1000.000,1.783370,0.648974
28224,6,0.134182,0.902912,25,0,1000.000,1.753985,0.640179
28224,7,0.118256,0.913021,21,0,1000.000,1.641125,0.659001
28272,0,0.130770,0.901440,16,0,1000.000,1.799824,0.644623
28272,1,0.119128,0.943857,25,0,1000.000,1.266026,0.670563
28272,2,0.124356,0.871077,23,0,1000.000,1.943374,0.634653
28272,3,0.122234,0.910559,27,0,1000.000,1.706600,0.648257
28272,4,0.134992,0.928442,20,0,1000.000,1.611524,0.643950
28272,5,0.116081,0.888585,18,0,1000.000,1.895437,0.629072
28272,6,0.134182,0.915563,17,0,1000.000,1.606710,0.624978
28272,7,0.118256,0.858929,20,0,1000.000,1.876355,0.632773
28320,0,0.130770,0.906650,15,0,1000.000,1.809132,0.654269
28320,1,0.119128,0.851516,12,0,1000.000,2.078873,0.605495
28320,2,0.124356,0.931500,18,0,1000.000,1.487802,0.667155
28320,3,0.122234,0.888458,13,0,1000.000,1.877815,0.638363
28320,4,0.134992,0.915602,31,0,1000.000,1.830073,0.647729
28320,5,0.116081,0.917408,24,0,1000.000,1.679164,0.659447
28320,6,0.134182,0.938577,19,0,1000.000,1.536020,0.660694
28320,7,0.118256,0.879435,18,1,948.500,1.570443,0.656469
28368,0,0.130770,0.911352,28,0,1000.000,1.724550,0.646953
28368,1,0.119128,0.873757,19,1,986.368,2.028001,0.630249
28368,2,0.124356,0.874204,22,1,957.000,1.639102,0.629723
28368,3,0.122234,0.892761,20,0,1000.000,1.845076,0.631407
28368,4,0.134992,0.890658,32,0,1000.000,2.187315,0.635884
28368,5,0.116081,0.853004,21,0,1000.000,1.984575,0.634752
28368,6,0.134182,0.895579,27,0,1000.000,2.041366,0.634790
28368,7,0.118256,0.901541,31,0,1000.000,2.024626,0.633989
28416,0,0.130770,0.890240,23,0,1000.000,2.026236,0.634869
28416,1,0.119128,0.881533,24,0,1000.000,1.861411,0.642684
28416,2,0.124356,0.927470,26,0,1000.000,1.698240,0.640317
28416,3,0.122234,0.897096,20,0,1000.000,1.611888,0.643631
28416,4,0.134992,0.912167,30,0,1000.000,1.605892,0.665628
28416,5,0.116081,0.896023,20,0,1000.000,2.129346,0.640482
28416,6,0.134182,0.885726,26,0,1000.000,1.971050,0.623345
28416,7,0.118256,0.881354,25,0,1000.000,2.112233,0.625627
28464,0,0.130770,0.855666,37,0,1000.000,2.077360,0.626290
28464,1,0.119128,0.882068,26,0,1000.000,1.721219,0.637159
28464,2,0.124356,0.918082,33,0,1000.000,1.809670,0.638450
28464,3,0.122234,0.891192,38,0,1000.000,1.841841,0.636216
28464,4,0.134992,0.916101,35,0,1000.000,1.665972,0.645365
28464,5,0.116081,0.893164,23,0,1000.000,1.929889,0.641972
28464,6,0.134182,0.887340,30,0,1000.000,1.643627,0.644489
28464,7,0.118256,0.911057,21,0,1000.000,1.695458,0.651736
28512,0,0.130770,0.908567,41,1,986.000,1.961543,0.638117
28512,1,0.119128,0.893454,32,0,1000.000,1.856483,0.641929
28512,2,0.124356,0.913530,25,0,1000.000,1.882608,0.646096
28512,3,0.122234,0.871491,32,0,1000.000,1.967948,0.630912
28512,4,0.134992,0.902746,40,0,1000.000,1.781257,0.640313
28512,5,0.116081,0.894139,35,0,1000.000,1.850012,0.639541
28512,6,0.134182,0.894223,33,0,1000.000,2.060666,0.633351
28512,7,0.118256,0.920002,25,0,1000.000,1.690050,0.650026
28560,0,0.130770,0.918848,41,0,1000.000,1.742040,0.646821
28560,1,0.119128,0.915968,42,0,1000.000,1.682040,0.641486
28560,2,0.124356,0.898930,35,0,1000.000,1.877392,0.628457
28560,3,0.122234,0.892895,24,0,1000.000,1.753958,0.649949
28560,4,0.134992,0.899664,41,0,1000.000,1.947513,0.639154
28560,5,0.116081,0.905037,26,0,1000.000,1.777192,0.643434
28560,6,0.134182,0.925359,27,0,1000.000,1.779093,0.644887
28560,7,0.118256,0.874833,34,0,1000.000,1.940032,0.621210
28608,0,0.130770,0.875673,30,1,988.600,1.895447,0.624892
28608,1,0.119128,0.863061,30,0,1000.000,1.920349,0.624150
28608,2,0.124356,0.892951,26,0,1000.000,1.834991,0.635208
28608,3,0.122234,0.932000,12,0,1000.000,1.286350,0.640300
28608,4,0.134992,0.919869,23,0,1000.000,1.608627,0.668401
28608,5,0.116081,0.885239,17,0,1000.000,1.828917,0.626327
28608,6,0.134182,0.899209,27,0,1000.000,1.876763,0.641167
28608,7,0.118256,0.904925,16,0,1000.000,2.118743,0.634422
28656,0,0.130770,0.922639,24,1,960.625,1.597579,0.645486
28656,1,0.119128,0.916351,17,0,1000.000,1.910740,0.644858
28656,2,0.124356,0.868365,24,0,1000.000,2.173590,0.630797
28656,3,0.122234,0.873611,26,0,1000.000,1.887203,0.629788
28656,4,0.134992,0.920984,23,0,1000.000,1.657170,0.633160
28656,5,0.116081,0.897445,26,0,1000.000,1.835885,0.636783
28656,6,0.134182,0.922674,29,0,1000.000,1.456669,0.651306
28656,7,0.118256,0.865566,15,0,1000.000,2.119916,0.614222
28704,0,0.130770,0.891551,25,1,986.640,1.669611,0.644434
28704,1,0.119128,0.937954,17,0,1000.000,1.609804,0.649763
28704,2,0.124356,0.868867,16,0,1000.000,1.894413,0.628326
28704,3,0.122234,0.926181,22,0,1000.000,1.452391,0.651269
28704,4,0.134992,0.937643,16,0,1000.000,1.512817,0.657613
28704,5,0.116081,0.894163,17,0,1000.000,1.871312,0.632440
28704,6,0.134182,0.910553,28,0,1000.000,1.826664,0.642417
28704,7,0.118256,0.903194,24,0,1000.000,1.833763,0.648918
28752,0,0.130770,0.857660,24,0,1000.000,1.753432,0.625625
28752,1,0.119128,0.940878,21,0,1000.000,1.472898,0.682448
28752,2,0.124356,0.874864,18,0,1000.000,2.046561,0.633453
28752,3,0.122234,0.868991,23,0,1000.000,1.811002,0.626582
28752,4,0.134992,0.864291,30,0,1000.000,1.985561,0.628894
28752,5,0.116081,0.902631,25,0,1000.000,1.764182,0.643405
28752,6,0.134182,0.876375,25,0,1000.000,2.079222,0.636654
28752,7,0.118256,0.923642,23,0,1000.000,1.608161,0.668670
28800,0,0.130770,0.935876,20,0,1000.000,1.529517,0.655122
28800,1,0.119128,0.930464,17,0,1000.000,1.722929,0.641309
28800,2,0.124356,0.913488,27,0,1000.000,1.613041,0.650938
28800,3,0.122234,0.930914,17,0,1000.000,1.624159,0.641839
28800,4,0.134992,0.913404,21,0,1000.000,1.619159,0.652790
28800,5,0.116081,0.900642,22,0,1000.000,1.644027,0.635120
28800,6,0.134182,0.904702,25,0,1000.000,2.003568,0.643886
28800,7,0.118256,0.894711,22,0,1000.000,2.015038,0.635901
28848,0,0.115928,0.920362,35,0,1000.000,1.588900,0.638625
28848,1,0.122261,0.893802,30,0,1000.000,1.959785,0.643731
28848,2,0.139461,0.892856,26,0,1000.000,1.909698,0.632694
28848,3,0.117039,0.873302,34,0,1000.000,2.050850,0.627801
28848,4,0.132511,0.911498,28,0,1000.000,1.544419,0.663642
28848,5,0.121356,0.904760,22,0,1000.000,1.902563,0.626841
28848,6,0.117864,0.879538,32,0,1000.000,2.096137,0.632330
28848,7,0.133580,0.899089,28,0,1000.000,1.906693,0.627101
28896,0,0.115928,0.891439,32,0,1000.000,1.757773,0.650191
28896,1,0.122261,0.858202,19,0,1000.000,2.102236,0.616213
28896,2,0.139461,0.873645,37,0,1000.000,1.970301,0.629011
28896,3,0.117039,0.920256,24,0,1000.000,1.779421,0.651383
28896,4,0.132511,0.919769,25,0,1000.000,1.771601,0.661586
28896,5,0.121356,0.883420,33,0,1000.000,2.078886,0.641327
28896,6,0.117864,0.844496,23,0,1000.000,2.079020,0.618410
28896,7,0.133580,0.914974,21,0,1000.000,1.774181,0.644813
28944,0,0.115928,0.885104,27,0,1000.000,1.992120,0.616083
28944,1,0.122261,0.923429,26,0,1000.000,1.643980,0.663415
28944,2,0.139461,0.871708,27,0,1000.000,2.036176,0.627605
28944,3,0.117039,0.880635,30,0,1000.000,2.078709,0.634196
28944,4,0.132511,0.887994,38,1,975.474,1.541305,0.640769
28944,5,0.121356,0.913053,30,0,1000.000,1.720330,0.638242
28944,6,0.117864,0.850437,19,0,1000.000,2.595282,0.611278
28944,7,0.133580,0.917123,27,0,1000.000,1.838090,0.643799
28992,0,0.115928,0.904832,27,1,999.482,1.737124,0.639575
28992,1,0.122261,0.908463,22,0,1000.000,1.928649,0.641857
28992,2,0.139461,0.903622,27,0,1000.000,1.999538,0.638034
28992,3,0.117039,0.919897,25,0,1000.000,1.558677,0.652438
28992,4,0.132511,0.885571,34,0,1000.000,2.048552,0.630405
28992,5,0.121356,0.859017,24,0,1000.000,2.081091,0.622897
28992,6,0.117864,0.912250,23,0,1000.000,1.670641,0.648931
28992,7,0.133580,0.905676,37,0,1000.000,1.986990,0.638653
29040,0,0.115928,0.877731,16,0,1000.000,2.002743,0.611418
29040,1,0.122261,0.884593,19,0,1000.000,1.863605,0.630194
29040,2,0.139461,0.877395,26,0,1000.000,2.166641,0.620079
29040,3,0.117039,0.884317,17,0,1000.000,1.888349,0.633956
29040,4,0.132511,0.872430,26,0,1000.000,2.018858,0.639980
29040,5,0.121356,0.854031,16,0,1000.000,2.415337,0.622166
29040,6,0.117864,0.875040,25,0,1000.000,1.907367,0.633234
29040,7,0.133580,0.863646,24,1,963.958,1.820167,0.620126
29088,0,0.115928,0.850679,10,0,1000.000,2.076090,0.625496
29088,1,0.122261,0.897228,27,0,1000.000,1.762763,0.621440
29088,2,0.139461,0.883095,18,0,1000.000,2.267997,0.627231
29088,3,0.117039,0.912493,22,0,1000.000,1.751850,0.641914
29088,4,0.132511,0.881974,20,0,1000.000,2.242959,0.620783
29088,5,0.121356,0.920251,20,0,1000.000,1.743835,0.640781
29088,6,0.117864,0.927340,13,0,1000.000,1.747045,0.636711
29088,7,0.133580,0.872403,30,1,969.367,1.662497,0.634976
29136,0,0.115928,0.893489,30,0,1000.000,2.026406,0.632770
29136,1,0.122261,0.873281,21,0,1000.000,2.015022,0.629730
29136,2,0.139461,0.892866,28,0,1000.000,2.123656,0.633510
29136,3,0.117039,0.896212,15,0,1000.000,1.740810,0.638649
29136,4,0.132511,0.920808,27,0,1000.000,1.864590,0.642835
29136,5,0.121356,0.889180,21,0,1000.000,2.045640,0.629386
29136,6,0.117864,0.868543,23,0,1000.000,2.331145,0.618994
29136,7,0.133580,0.874971,23,0,1000.000,1.928558,0.623509
29232,0,0.115928,0.902931,48,1,984.562,1.847779,0.632101
29232,1,0.122261,0.892176,38,0,1000.000,2.113526,0.625748
29232,2,0.139461,0.894887,48,0,1000.000,1.695246,0.643292
29232,3,0.117039,0.923393,32,0,1000.000,1.625866,0.650193
29232,4,0.132511,0.884057,52,0,1000.000,2.060988,0.629660
29232,5,0.121356,0.904811,33,0,1000.000,2.033978,0.637376
29232,6,0.117864,0.921824,45,0,1000.000,1.799953,0.657787
29232,7,0.133580,0.880688,53,0,1000.000,2.070242,0.622561
29328,0,0.115928,0.907339,48,1,992.438,1.821119,0.636402
29328,1,0.122261,0.889236,36,0,1000.000,2.127129,0.626253
29328,2,0.139461,0.914105,38,0,1000.000,1.662388,0.653735
29328,3,0.117039,0.886380,38,0,1000.000,2.016010,0.626868
29328,4,0.132511,0.901367,42,0,1000.000,1.694128,0.639793
29328,5,0.121356,0.892854,27,0,1000.000,2.023769,0.631715
29328,6,0.117864,0.893346,34,0,1000.000,2.123078,0.625777
29328,7,0.133580,0.917896,49,0,1000.000,1.804256,0.645035
29376,0,0.115928,0.933623,20,0,1000.000,1.780724,0.674976
29376,1,0.122261,0.868626,28,0,1000.000,2.187993,0.622376
29376,2,0.139461,0.933698,28,0,1000.000,1.626283,0.660023
29376,3,0.117039,0.899835,23,0,1000.000,1.872750,0.639786
29376,4,0.132511,0.886820,21,0,1000.000,2.136858,0.625450
29376,5,0.121356,0.897614,26,0,1000.000,2.113334,0.632513
29376,6,0.117864,0.894012,27,0,1000.000,2.107051,0.641997
29376,7,0.133580,0.896903,19,0,1000.000,2.226584,0.631122
29424,0,0.115928,0.887813,28,0,1000.000,2.012772,0.648060
29424,1,0.122261,0.915287,23,0,1000.000,1.597091,0.642490
29424,2,0.139461,0.906102,31,0,1000.000,1.732663,0.639485
29424,3,0.117039,0.912626,23,0,1000.000,1.755580,0.650967
29424,4,0.132511,0.905492,33,0,1000.000,1.967369,0.643165
29424,5,0.121356,0.899682,24,0,1000.000,1.783785,0.652838
29424,6,0.117864,0.919257,23,0,1000.000,1.812674,0.647331
29424,7,0.133580,0.872222,27,1,967.000,1.920420,0.621491
29472,0,0.115928,0.892008,26,0,1000.000,1.778627,0.643805
29472,1,0.122261,0.915263,32,0,1000.000,1.768842,0.635051
29472,2,0.139461,0.882538,30,0,1000.000,2.176476,0.626772
29472,3,0.117039,0.913287,40,0,1000.000,1.713708,0.650768
29472,4,0.132511,0.900406,37,0,1000.000,1.900455,0.631507
29472,5,0.121356,0.899477,33,0,1000.000,1.692368,0.635950
29472,6,0.117864,0.900928,31,0,1000.000,1.847092,0.640568
29472,7,0.133580,0.892478,36,0,1000.000,1.848395,0.631684
29520,0,0.115928,0.910958,21,0,1000.000,1.877413,0.635610
29520,1,0.122261,0.901517,31,0,1000.000,1.810416,0.641404
29520,2,0.139461,0.911084,38,0,1000.000,1.886301,0.641706
29520,3,0.117039,0.888198,39,0,1000.000,1.805357,0.637033
29520,4,0.132511,0.926773,32,0,1000.000,1.741948,0.635693
29520,5,0.121356,0.898000,31,0,1000.000,2.070528,0.628159
29520,6,0.117864,0.901936,35,0,1000.000,1.853397,0.641017
29520,7,0.133580,0.912877,24,0,1000.000,1.713586,0.661333
29568,0,0.115928,0.910324,31,1,979.871,1.867791,0.640877
29568,1,0.122261,0.922761,34,0,1000.000,1.713742,0.655700
29568,2,0.139461,0.879688,29,1,969.897,1.855613,0.622529
29568,3,0.117039,0.911117,27,0,1000.000,1.568325,0.658969
29568,4,0.132511,0.900462,47,0,1000.000,2.048305,0.631450
29568,5,0.121356,0.877859,36,0,1000.000,2.021890,0.627962
29568,6,0.117864,0.913785,26,0,1000.000,1.647263,0.639416
29568,7,0.133580,0.886529,36,1,975.556,1.804110,0.632548
29616,0,0.115928,0.890511,25,0,1000.000,1.764272,0.642997
29616,1,0.122261,0.904703,19,0,1000.000,1.795996,0.637736
29616,2,0.139461,0.915965,26,0,1000.000,1.599471,0.640292
29616,3,0.117039,0.865723,19,0,1000.000,2.190291,0.630354
29616,4,0.132511,0.919230,23,0,1000.000,1.789234,0.654926
29616,5,0.121356,0.903186,22,0,1000.000,1.922322,0.627563
29616,6,0.117864,0.869784,18,0,1000.000,2.102997,0.630315
29616,7,0.133580,0.900037,17,0,1000.000,1.658614,0.650087
29664,0,0.115928,0.888111,22,0,1000.000,1.841784,0.629433
29664,1,0.122261,0.892247,17,0,1000.000,2.029518,0.640415
29664,2,0.139461,0.906305,27,0,1000.000,1.784153,0.632462
29664,3,0.117039,0.898986,34,0,1000.000,1.670350,0.625421
29664,4,0.132511,0.925453,24,0,1000.000,1.726266,0.648536
29664,5,0.121356,0.904717,15,0,1000.000,1.635087,0.658630
29664,6,0.117864,0.851591,15,0,1000.000,2.208690,0.612656
29664,7,0.133580,0.874293,28,0,1000.000,1.951945,0.627783
29712,0,0.115928,0.910055,16,0,1000.000,1.657920,0.627552
29712,1,0.122261,0.938337,20,0,1000.000,1.489704,0.673668
29712,2,0.139461,0.889951,20,0,1000.000,1.858329,0.647604
29712,3,0.117039,0.930346,23,0,1000.000,1.705845,0.655637
29712,4,0.132511,0.892364,22,0,1000.000,1.802379,0.637303
29712,5,0.121356,0.935665,16,0,1000.000,1.361601,0.651124
29712,6,0.117864,0.866817,27,0,1000.000,2.255356,0.614173
29712,7,0.133580,0.939645,22,0,1000.000,1.531322,0.652979
29760,0,0.115928,0.923052,24,0,1000.000,1.720489,0.660940
29760,1,0.122261,0.904363,19,0,1000.000,2.092601,0.644867
29760,2,0.139461,0.892290,26,1,963.808,1.394225,0.633170
29760,3,0.117039,0.937536,25,0,1000.000,1.582939,0.654571
29760,4,0.132511,0.924396,24,0,1000.000,1.655071,0.659757
29760,5,0.121356,0.888219,34,0,1000.000,2.034862,0.636061
29760,6,0.117864,0.899386,17,0,1000.000,1.766812,0.646701
29760,7,0.133580,0.907205,19,0,1000.000,1.589444,0.642978
29808,0,0.115928,0.924041,25,0,1000.000,1.823203,0.644664
29808,1,0.122261,0.876185,28,0,1000.000,1.832708,0.632528
29808,2,0.139461,0.892141,32,0,1000.000,1.923794,0.623718
29808,3,0.117039,0.929161,15,0,1000.000,1.716756,0.650913
29808,4,0.132511,0.942514,24,0,1000.000,1.498565,0.677388
29808,5,0.121356,0.909599,19,0,1000.000,2.211982,0.641752
29808,6,0.117864,0.880207,14,0,1000.000,2.069850,0.631449
29808,7,0.133580,0.897901,24,0,1000.000,1.876218,0.632266
29856,0,0.115928,0.875346,28,0,1000.000,2.027194,0.640888
29856,1,0.122261,0.910443,24,0,1000.000,2.026655,0.633774
29856,2,0.139461,0.917912,40,0,1000.000,1.891257,0.654232
29856,3,0.117039,0.899584,28,0,1000.000,1.824504,0.648311
29856,4,0.132511,0.906355,30,0,1000.000,1.756066,0.644993
29856,5,0.121356,0.925964,31,0,1000.000,1.669845,0.652094
29856,6,0.117864,0.930153,20,0,1000.000,1.552824,0.626804
29856,7,0.133580,0.913319,29,0,1000.000,1.625990,0.647948
29904,0,0.115928,0.919485,29,2,969.138,1.978215,0.635324
29904,1,0.122261,0.926522,17,0,1000.000,1.867773,0.655995
29904,2,0.139461,0.912632,22,0,1000.000,1.949902,0.646160
29904,3,0.117039,0.870864,27,0,1000.000,2.268613,0.618868
29904,4,0.132511,0.893404,39,0,1000.000,2.134272,0.638315
29904,5,0.121356,0.925389,26,0,1000.000,1.670677,0.648468
29904,6,0.117864,0.888306,28,0,1000.000,2.051463,0.625431
29904,7,0.133580,0.867609,21,0,1000.000,2.291141,0.614322
29952,0,0.115928,0.918521,25,0,1000.000,1.744615,0.645934
29952,1,0.122261,0.899240,27,0,1000.000,1.854336,0.651387
29952,2,0.139461,0.920150,32,0,1000.000,1.750129,0.649914
29952,3,0.117039,0.909064,30,0,1000.000,1.818304,0.642056
29952,4,0.132511,0.909000,32,0,1000.000,2.010198,0.644968
29952,5,0.121356,0.912275,31,0,1000.000,1.888844,0.649313
29952,6,0.117864,0.876466,32,1,974.094,1.784666,0.626861
29952,7,0.133580,0.886104,27,0,1000.000,2.236580,0.639034
30000,0,0.115928,0.923828,26,0,1000.000,1.792259,0.644815
30000,1,0.122261,0.914562,20,0,1000.000,1.528823,0.636914
30000,2,0.139461,0.921614,28,0,1000.000,1.626307,0.650226
30000,3,0.117039,0.911217,29,0,1000.000,1.740067,0.651085
30000,4,0.132511,0.908645,25,0,1000.000,1.809462,0.650955
30000,5,0.121356,0.924250,25,0,1000.000,1.588913,0.652451
30000,6,0.117864,0.877880,27,0,1000.000,2.287882,0.623754
30000,7,0.133580,0.879527,32,0,1000.000,2.262421,0.626935
30048,0,0.115928,0.907932,18,0,1000.000,1.652851,0.631422
30048,1,0.122261,0.885937,16,0,1000.000,2.152650,0.624524
30048,2,0.139461,0.930597,19,0,1000.000,1.627589,0.656137
30048,3,0.117039,0.881488,16,0,1000.000,1.880005,0.635439
30048,4,0.132511,0.882724,20,0,1000.000,1.881055,0.643195
30048,5,0.121356,0.884563,19,0,1000.000,2.241998,0.621629
30048,6,0.117864,0.898775,21,0,1000.000,1.949202,0.626117
30048,7,0.133580,0.883136,26,0,1000.000,2.159202,0.641585
30096,0,0.115928,0.900225,23,0,1000.000,2.039525,0.633115
30096,1,0.122261,0.898431,25,0,1000.000,1.943977,0.637558
30096,2,0.139461,0.899057,28,0,1000.000,1.953588,0.646516
30096,3,0.117039,0.887811,14,0,1000.000,2.252333,0.635953
30096,4,0.132511,0.921652,19,0,1000.000,1.790122,0.635442
30096,5,0.121356,0.923948,23,0,1000.000,1.661104,0.656168
30096,6,0.117864,0.920470,16,0,1000.000,1.622297,0.659233
30096,7,0.133580,0.909649,13,0,1000.000,2.198565,0.642913
30144,0,0.115928,0.918136,24,0,1000.000,1.844108,0.652041
30144,1,0.122261,0.909377,17,0,1000.000,1.995494,0.650398
30144,2,0.139461,0.909008,24,0,1000.000,1.850812,0.638175
30144,3,0.117039,0.929749,26,0,1000.000,1.700947,0.649098
30144,4,0.132511,0.915811,22,0,1000.000,1.739958,0.647351
30144,5,0.121356,0.896059,27,0,1000.000,1.902411,0.641563
30144,6,0.117864,0.901715,35,0,1000.000,1.897427,0.635431
30144,7,0.133580,0.887320,26,0,1000.000,2.226015,0.629897
30192,0,0.115928,0.902755,24,0,1000.000,1.698252,0.639724
30192,1,0.122261,0.912223,18,0,1000.000,1.649888,0.658136
30192,2,0.139461,0.872301,20,0,1000.000,2.265213,0.620784
30192,3,0.117039,0.904013,15,0,1000.000,1.848597,0.643032
30192,4,0.132511,0.905944,22,0,1000.000,2.085050,0.635011
30192,5,0.121356,0.904784,24,0,1000.000,1.686400,0.653687
30192,6,0.117864,0.933797,19,0,1000.000,1.474793,0.660824
30192,7,0.133580,0.886694,24,0,1000.000,2.020597,0.637162
30240,0,0.115928,0.872883,22,0,1000.000,2.116258,0.626222
30240,1,0.122261,0.908313,22,0,1000.000,1.907370,0.648609
30240,2,0.139461,0.879726,23,0,1000.000,2.088364,0.635111
30240,3,0.117039,0.915943,17,0,1000.000,2.049567,0.643602
30240,4,0.132511,0.917481,30,0,1000.000,1.678512,0.645568
30240,5,0.121356,0.912464,21,0,1000.000,1.703274,0.635768
30240,6,0.117864,0.865793,18,0,1000.000,2.311764,0.620218
30240,7,0.133580,0.923977,22,0,1000.000,1.611597,0.665822
30288,0,0.115928,0.900894,23,0,1000.000,1.820594,0.626261
30288,1,0.122261,0.885226,15,0,1000.000,1.943394,0.630457
30288,2,0.139461,0.896472,20,0,1000.000,1.897465,0.652060
30288,3,0.117039,0.907835,15,0,1000.000,1.981240,0.651949
30288,4,0.132511,0.925658,21,0,1000.000,1.839135,0.665294
30288,5,0.121356,0.925273,16,0,1000.000,1.996965,0.650432
30288,6,0.117864,0.916988,21,0,1000.000,2.030943,0.641185
30288,7,0.133580,0.866585,22,0,1000.000,2.265604,0.624893
30336,0,0.115928,0.907309,21,0,1000.000,1.824031,0.638181
30336,1,0.122261,0.886226,17,0,1000.000,1.679892,0.635655
30336,2,0.139461,0.906421,24,0,1000.000,1.679441,0.653095
30336,3,0.117039,0.900151,18,0,1000.000,1.791892,0.645814
30336,4,0.132511,0.898737,20,0,1000.000,2.032784,0.637287
30336,5,0.121356,0.924399,19,0,1000.000,1.973437,0.648021
30336,6,0.117864,0.932462,14,0,1000.000,1.658197,0.651323
30336,7,0.133580,0.890086,22,0,1000.000,2.032393,0.635077
30384,0,0.115928,0.896216,27,1,983.741,1.799572,0.637216
30384,1,0.122261,0.930864,19,0,1000.000,1.701659,0.654164
30384,2,0.139461,0.874334,25,0,1000.000,2.219800,0.627519
30384,3,0.117039,0.899813,27,0,1000.000,2.014944,0.634398
30384,4,0.132511,0.888217,26,0,1000.000,2.127611,0.637400
30384,5,0.121356,0.913940,23,0,1000.000,1.927975,0.639196
30384,6,0.117864,0.907570,25,0,1000.000,1.828775,0.650886
30384,7,0.133580,0.879495,26,0,1000.000,2.087763,0.640024
30432,0,0.115928,0.900041,37,1,978.757,1.925158,0.642318
30432,1,0.122261,0.894964,26,0,1000.000,1.774748,0.633314
30432,2,0.139461,0.912119,32,1,996.625,1.745556,0.631831
30432,3,0.117039,0.903724,30,0,1000.000,1.820507,0.635605
30432,4,0.132511,0.910275,26,0,1000.000,1.838745,0.636739
30432,5,0.121356,0.908020,22,0,1000.000,1.817161,0.651076
30432,6,0.117864,0.892928,24,0,1000.000,2.064965,0.637133
30432,7,0.133580,0.920484,24,0,1000.000,1.773995,0.640339
30480,0,0.115928,0.913393,31,0,1000.000,1.492200,0.648699
30480,1,0.122261,0.910512,31,0,1000.000,1.792024,0.639321
30480,2,0.139461,0.890976,42,0,1000.000,1.792592,0.638171
30480,3,0.117039,0.907027,36,0,1000.000,1.815335,0.646767
30480,4,0.132511,0.905570,41,0,1000.000,1.758348,0.639909
30480,5,0.121356,0.852117,23,0,1000.000,2.178217,0.625292
30480,6,0.117864,0.908003,27,0,1000.000,1.843445,0.642073
30480,7,0.133580,0.905532,37,0,1000.000,1.725291,0.646213
30528,0,0.115928,0.895051,36,0,1000.000,1.855052,0.644657
30528,1,0.122261,0.918689,32,0,1000.000,1.728223,0.643800
30528,2,0.139461,0.888965,34,0,1000.000,2.221587,0.628252
30528,3,0.117039,0.904208,38,0,1000.000,1.832534,0.638976
30528,4,0.132511,0.915585,35,0,1000.000,1.541887,0.647847
30528,5,0.121356,0.907061,29,0,1000.000,1.739915,0.634752
30528,6,0.117864,0.915470,27,0,1000.000,1.811334,0.639134
30528,7,0.133580,0.886988,36,0,1000.000,2.183464,0.638871
30576,0,0.115928,0.892369,27,1,975.778,1.817920,0.635619
30576,1,0.122261,0.906538,30,0,1000.000,1.805620,0.650200
30576,2,0.139461,0.889609,42,0,1000.000,1.971585,0.629102
30576,3,0.117039,0.900987,30,0,1000.000,1.942953,0.637593
30576,4,0.132511,0.881945,31,0,1000.000,2.026014,0.634128
30576,5,0.121356,0.891475,25,0,1000.000,2.161393,0.634868
30576,6,0.117864,0.850238,18,0,1000.000,2.417890,0.616523
30576,7,0.133580,0.911937,36,0,1000.000,1.668407,0.659388
30624,0,0.115928,0.905239,20,0,1000.000,1.922099,0.639351
30624,1,0.122261,0.893449,20,0,1000.000,1.643123,0.636522
30624,2,0.139461,0.905795,28,0,1000.000,1.721108,0.647244
30624,3,0.117039,0.891129,12,0,1000.000,1.735314,0.633374
30624,4,0.132511,0.918614,24,0,1000.000,1.815966,0.645545
30624,5,0.121356,0.886901,17,0,1000.000,1.850936,0.640779
30624,6,0.117864,0.918812,25,0,1000.000,1.803607,0.646613
30624,7,0.133580,0.901009,26,0,1000.000,1.948841,0.632994
30672,0,0.115928,0.893909,14,1,966.643,1.903742,0.623929
30672,1,0.122261,0.883331,16,0,1000.000,2.046612,0.634751
30672,2,0.139461,0.908823,23,0,1000.000,1.689663,0.637616
30672,3,0.117039,0.897340,23,0,1000.000,1.984351,0.642779
30672,4,0.132511,0.942056,32,0,1000.000,1.505388,0.665310
30672,5,0.121356,0.863364,23,0,1000.000,2.277595,0.624775
30672,6,0.117864,0.884796,25,0,1000.000,1.947925,0.635686
30672,7,0.133580,0.917158,17,0,1000.000,2.036943,0.636915
30720,0,0.115928,0.889251,25,0,1000.000,2.058851,0.635632
30720,1,0.122261,0.890840,11,0,1000.000,2.168836,0.628876
30720,2,0.139461,0.909248,33,0,1000.000,1.758900,0.652604
30720,3,0.117039,0.923525,21,0,1000.000,1.853968,0.653912
30720,4,0.132511,0.898065,24,0,1000.000,1.832590,0.650370
30720,5,0.121356,0.921803,23,0,1000.000,1.904758,0.655142
30720,6,0.117864,0.877918,15,0,1000.000,2.040980,0.643195
30720,7,0.133580,0.896338,15,0,1000.000,2.452508,0.617308
30768,0,0.115928,0.883843,24,0,1000.000,2.156240,0.622678
30768,1,0.122261,0.922891,19,0,1000.000,1.637771,0.646387
30768,2,0.139461,0.907004,28,0,1000.000,1.891397,0.648994
30768,3,0.117039,0.914177,25,0,1000.000,1.930061,0.647461
30768,4,0.132511,0.875721,28,0,1000.000,2.158678,0.632183
30768,5,0.121356,0.880842,16,0,1000.000,2.403995,0.618196
30768,6,0.117864,0.904000,25,0,1000.000,1.764980,0.642301
30768,7,0.133580,0.902606,27,0,1000.000,1.799834,0.634172
30816,0,0.115928,0.868883,24,0,1000.000,2.244093,0.622411
30816,1,0.122261,0.902219,18,0,1000.000,1.961548,0.638494
30816,2,0.139461,0.930790,19,0,1000.000,1.452392,0.654384
30816,3,0.117039,0.935981,19,0,1000.000,1.466083,0.665272
30816,4,0.132511,0.912429,24,0,1000.000,1.892114,0.648477
30816,5,0.121356,0.868819,23,0,1000.000,1.791292,0.626701
30816,6,0.117864,0.890177,32,0,1000.000,2.130718,0.644421
30816,7,0.133580,0.911815,24,0,1000.000,1.815709,0.656291
30864,0,0.115928,0.886667,29,0,1000.000,1.932809,0.638066
30864,1,0.122261,0.928096,25,0,1000.000,1.758415,0.644691
30864,2,0.139461,0.901710,28,1,966.571,1.720943,0.623229
30864,3,0.117039,0.890519,26,0,1000.000,2.148857,0.632825
30864,4,0.132511,0.932074,37,0,1000.000,1.630868,0.662613
30864,5,0.121356,0.913552,31,0,1000.000,1.893508,0.651843
30864,6,0.117864,0.886258,31,0,1000.000,2.162647,0.632791
30864,7,0.133580,0.912318,27,0,1000.000,1.805143,0.650621
30912,0,0.115928,0.922258,19,0,1000.000,1.701135,0.659964
30912,1,0.122261,0.897828,25,0,1000.000,1.867294,0.645090
30912,2,0.139461,0.918228,26,0,1000.000,1.754519,0.654198
30912,3,0.117039,0.898320,24,0,1000.000,2.075450,0.625268
30912,4,0.132511,0.893713,31,0,1000.000,1.871057,0.633641
30912,5,0.121356,0.895913,30,0,1000.000,2.021225,0.638308
30912,6,0.117864,0.895513,29,0,1000.000,2.087345,0.629142
30912,7,0.133580,0.911303,20,0,1000.000,1.740809,0.642161
30960,0,0.115928,0.922357,33,1,981.424,1.621983,0.650330
30960,1,0.122261,0.886319,29,0,1000.000,1.961052,0.639325
30960,2,0.139461,0.902130,33,0,1000.000,1.959751,0.634799
30960,3,0.117039,0.907114,40,0,1000.000,1.679338,0.639079
30960,4,0.132511,0.903771,38,0,1000.000,1.683365,0.650243
30960,5,0.121356,0.918977,23,0,1000.000,1.702858,0.645835
30960,6,0.117864,0.908289,25,0,1000.000,1.785814,0.646594
30960,7,0.133580,0.876694,30,1,968.567,1.793800,0.632881
31008,0,0.115928,0.907645,23,0,1000.000,1.833408,0.653798
31008,1,0.122261,0.907653,27,0,1000.000,1.992815,0.639495
31008,2,0.139461,0.900531,39,0,1000.000,2.031226,0.637038
31008,3,0.117039,0.912619,21,0,1000.000,1.875136,0.651369
31008,4,0.132511,0.890243,21,0,1000.000,2.060202,0.633146
31008,5,0.121356,0.939096,19,0,1000.000,1.470618,0.660472
31008,6,0.117864,0.908394,20,0,1000.000,2.064325,0.642933
31008,7,0.133580,0.912603,30,0,1000.000,1.952044,0.646940
31056,0,0.115928,0.913704,21,1,998.286,1.463700,0.630672
31056,1,0.122261,0.900639,17,0,1000.000,1.733590,0.656415
31056,2,0.139461,0.929821,20,0,1000.000,1.564850,0.673722
31056,3,0.117039,0.924898,14,0,1000.000,1.660577,0.636650
31056,4,0.132511,0.906928,20,0,1000.000,1.934192,0.639173
31056,5,0.121356,0.901194,20,0,1000.000,1.880189,0.643440
31056,6,0.117864,0.871912,12,0,1000.000,1.737723,0.621643
31056,7,0.133580,0.923503,25,0,1000.000,1.746292,0.653654
31104,0,0.115928,0.914702,25,1,962.440,1.656275,0.640384
31104,1,0.122261,0.909029,22,0,1000.000,1.887632,0.640809
31104,2,0.139461,0.887488,24,0,1000.000,2.106523,0.628077
31104,3,0.117039,0.893430,19,0,1000.000,1.917061,0.650932
31104,4,0.132511,0.885549,22,0,1000.000,1.632659,0.625438
31104,5,0.121356,0.912224,20,0,1000.000,1.937949,0.651754
31104,6,0.117864,0.902599,20,0,1000.000,1.865617,0.651518
31104,7,0.133580,0.922516,19,0,1000.000,1.643410,0.646334
31152,0,0.115928,0.915916,25,1,962.640,1.639816,0.639798
31152,1,0.122261,0.907977,29,0,1000.000,1.924583,0.632564
31152,2,0.139461,0.902892,23,0,1000.000,2.003698,0.639902
31152,3,0.117039,0.888372,13,0,1000.000,2.187341,0.632296
31152,4,0.132511,0.923647,30,0,1000.000,1.683922,0.663972
31152,5,0.121356,0.882580,19,0,1000.000,1.728999,0.637477
31152,6,0.117864,0.879443,21,0,1000.000,2.111684,0.628086
31152,7,0.133580,0.924393,27,0,1000.000,1.688895,0.664017
31200,0,0.115928,0.898917,17,0,1000.000,1.912717,0.643002
31200,1,0.122261,0.862785,22,0,1000.000,2.028897,0.626150
31200,2,0.139461,0.912912,27,0,1000.000,2.007584,0.645240
31200,3,0.117039,0.862428,17,0,1000.000,2.150975,0.629645
31200,4,0.132511,0.929606,19,0,1000.000,1.526756,0.646307
31200,5,0.121356,0.894627,18,0,1000.000,2.095971,0.625233
31200,6,0.117864,0.891705,25,0,1000.000,1.789391,0.646263
31200,7,0.133580,0.876499,23,0,1000.000,2.390725,0.609309
31248,0,0.124977,0.893365,15,0,1000.000,2.066235,0.641196
31248,1,0.123716,0.891991,21,0,1000.000,2.014910,0.632544
31248,2,0.121757,0.881779,23,0,1000.000,2.123066,0.629568
31248,3,0.132504,0.912945,24,0,1000.000,2.034749,0.637824
31248,4,0.130696,0.907498,29,0,1000.000,1.785360,0.649694
31248,5,0.130672,0.891539,29,0,1000.000,1.909733,0.650230
31248,6,0.111085,0.890443,15,0,1000.000,2.301017,0.624305
31248,7,0.124594,0.887890,21,0,1000.000,2.108715,0.628556
31296,0,0.124977,0.897893,17,0,1000.000,1.792512,0.651690
31296,1,0.123716,0.927958,20,0,1000.000,1.498237,0.658165
31296,2,0.121757,0.893742,14,0,1000.000,1.843874,0.629956
31296,3,0.132504,0.900365,21,0,1000.000,1.957096,0.650239
31296,4,0.130696,0.874825,23,0,1000.000,2.113380,0.639562
31296,5,0.130672,0.929203,12,0,1000.000,1.979953,0.656290
31296,6,0.111085,0.877449,19,0,1000.000,2.088069,0.639364
31296,7,0.124594,0.880333,23,0,1000.000,2.187960,0.634684
31344,0,0.124977,0.906684,22,1,966.727,1.624061,0.643512
31344,1,0.123716,0.908749,18,0,1000.000,1.808333,0.665444
31344,2,0.121757,0.918609,13,0,1000.000,1.871696,0.663711
31344,3,0.132504,0.920303,31,0,1000.000,1.835376,0.659183
31344,4,0.130696,0.940748,18,0,1000.000,1.618176,0.671317
31344,5,0.130672,0.908759,24,0,1000.000,2.081291,0.640767
31344,6,0.111085,0.872059,22,0,1000.000,2.106757,0.634341
31344,7,0.124594,0.855428,14,0,1000.000,1.944795,0.624658
31392,0,0.124977,0.883894,27,0,1000.000,1.994252,0.636561
31392,1,0.123716,0.921474,26,0,1000.000,1.636873,0.647054
31392,2,0.121757,0.903850,30,0,1000.000,1.690249,0.656518
31392,3,0.132504,0.910286,26,0,1000.000,2.060171,0.648370
31392,4,0.130696,0.910548,27,0,1000.000,1.975068,0.637094
31392,5,0.130672,0.930799,20,0,1000.000,1.641083,0.659332
31392,6,0.111085,0.883707,18,0,1000.000,1.935508,0.637654
31392,7,0.124594,0.878633,31,0,1000.000,2.288176,0.631685
31440,0,0.124977,0.897584,25,0,1000.000,1.851204,0.638116
31440,1,0.123716,0.931902,35,0,1000.000,1.338753,0.666113
31440,2,0.121757,0.852532,24,0,1000.000,2.280674,0.626236
31440,3,0.132504,0.894362,36,0,1000.000,2.073213,0.634377
31440,4,0.130696,0.893255,31,0,1000.000,2.029356,0.633914
31440,5,0.130672,0.903984,27,0,1000.000,1.915524,0.653009
31440,6,0.111085,0.891997,26,0,1000.000,1.930493,0.637682
31440,7,0.124594,0.885514,20,0,1000.000,1.913308,0.637276
31488,0,0.124977,0.917358,34,0,1000.000,1.482411,0.649142
31488,1,0.123716,0.907860,42,0,1000.000,1.802386,0.648006
31488,2,0.121757,0.868056,30,0,1000.000,2.103809,0.630671
31488,3,0.132504,0.897476,34,0,1000.000,1.796047,0.632357
31488,4,0.130696,0.912466,29,0,1000.000,1.915604,0.645509
31488,5,0.130672,0.869554,38,0,1000.000,1.994911,0.637278
31488,6,0.111085,0.895881,29,0,1000.000,2.137271,0.635694
31488,7,0.124594,0.902475,31,0,1000.000,1.871333,0.647042
31536,0,0.124977,0.895080,38,0,1000.000,2.002473,0.643942
31536,1,0.123716,0.917544,38,0,1000.000,1.928518,0.648070
31536,2,0.121757,0.929856,32,0,1000.000,1.384957,0.668456
31536,3,0.132504,0.867465,41,0,1000.000,2.136182,0.622517
31536,4,0.130696,0.905383,38,0,1000.000,1.766164,0.642585
31536,5,0.130672,0.900000,36,0,1000.000,1.962260,0.646578
31536,6,0.111085,0.908118,27,0,1000.000,1.683396,0.654310
31536,7,0.124594,0.918723,28,0,1000.000,1.676981,0.663256
31584,0,0.124977,0.871013,28,0,1000.000,1.885385,0.632781
31584,1,0.123716,0.923216,37,0,1000.000,1.702453,0.657305
31584,2,0.121757,0.892086,26,0,1000.000,2.030341,0.631421
31584,3,0.132504,0.904435,25,0,1000.000,1.612178,0.645254
31584,4,0.130696,0.875005,28,1,965.857,1.949618,0.640898
31584,5,0.130672,0.909190,35,0,1000.000,1.761821,0.650690
31584,6,0.111085,0.900177,21,0,1000.000,2.203322,0.631768
31584,7,0.124594,0.874929,23,0,1000.000,2.127972,0.629115
31632,0,0.124977,0.872277,24,0,1000.000,2.018169,0.622444
31632,1,0.123716,0.935529,14,0,1000.000,1.497256,0.674141
31632,2,0.121757,0.881501,27,0,1000.000,1.783987,0.628543
31632,3,0.132504,0.909488,23,0,1000.000,1.535121,0.642971
31632,4,0.130696,0.909601,27,0,1000.000,1.649748,0.649269
31632,5,0.130672,0.916164,20,0,1000.000,1.875960,0.647596
31632,6,0.111085,0.887699,13,0,1000.000,1.914896,0.628313
31632,7,0.124594,0.903698,18,0,1000.000,1.656686,0.638352
31680,0,0.124977,0.922162,24,1,984.500,1.477670,0.652936
31680,1,0.123716,0.898269,17,0,1000.000,1.771282,0.644987
31680,2,0.121757,0.909097,19,0,1000.000,1.850945,0.651367
31680,3,0.132504,0.937724,28,0,1000.000,1.487507,0.647948
31680,4,0.130696,0.906303,28,0,1000.000,1.757965,0.642907
31680,5,0.130672,0.930139,16,0,1000.000,1.614456,0.646360
31680,6,0.111085,0.918216,20,0,1000.000,1.917060,0.657451
31680,7,0.124594,0.903497,22,0,1000.000,1.813709,0.652517
31728,0,0.124977,0.922694,13,0,1000.000,1.723541,0.648737
31728,1,0.123716,0.874086,18,0,1000.000,1.993247,0.610505
31728,2,0.121757,0.920609,22,0,1000.000,1.409545,0.632863
31728,3,0.132504,0.901858,29,0,1000.000,1.718280,0.626984
31728,4,0.130696,0.882783,23,0,1000.000,2.076542,0.626435
31728,5,0.130672,0.904770,20,0,1000.000,1.965812,0.639766
31728,6,0.111085,0.917253,17,0,1000.000,1.649066,0.669737
31728,7,0.124594,0.894460,27,0,1000.000,1.775496,0.642755
31776,0,0.124977,0.903120,24,0,1000.000,1.629820,0.646036
31776,1,0.123716,0.906178,21,0,1000.000,1.831468,0.648632
31776,2,0.121757,0.894899,28,0,1000.000,1.751022,0.653558
31776,3,0.132504,0.910727,22,0,1000.000,1.603148,0.650253
31776,4,0.130696,0.904373,24,0,1000.000,1.954163,0.630695
31776,5,0.130672,0.888284,29,0,1000.000,1.877304,0.637086
31776,6,0.111085,0.917542,18,0,1000.000,1.681557,0.639461
31776,7,0.124594,0.897012,17,0,1000.000,1.743618,0.636148
31824,0,0.124977,0.905368,24,0,1000.000,1.782319,0.655464
31824,1,0.123716,0.900391,25,0,1000.000,1.821045,0.626260
31824,2,0.121757,0.877700,27,0,1000.000,1.800765,0.635737
31824,3,0.132504,0.872527,30,0,1000.000,2.092430,0.623183
31824,4,0.130696,0.894857,20,0,1000.000,2.069839,0.641943
31824,5,0.130672,0.925146,29,0,1000.000,1.432517,0.663140
31824,6,0.111085,0.909521,22,0,1000.000,1.801766,0.649602
31824,7,0.124594,0.859204,28,0,1000.000,2.178015,0.624374
31872,0,0.124977,0.898770,22,0,1000.000,2.226136,0.630416
31872,1,0.123716,0.908266,24,0,1000.000,2.048747,0.647916
31872,2,0.121757,0.922777,31,0,1000.000,1.568043,0.664032
31872,3,0.132504,0.913403,27,0,1000.000,1.886949,0.653112
31872,4,0.130696,0.898289,25,0,1000.000,1.989107,0.631166
31872,5,0.130672,0.874849,24,0,1000.000,2.115036,0.635552
31872,6,0.111085,0.882142,27,0,1000.000,1.874467,0.638112
31872,7,0.124594,0.895138,39,0,1000.000,2.010500,0.641798
31920,0,0.124977,0.932096,33,0,1000.000,1.450585,0.664069
31920,1,0.123716,0.876240,21,0,1000.000,1.962507,0.629136
31920,2,0.121757,0.897918,32,0,1000.000,1.951577,0.645831
31920,3,0.132504,0.859879,20,0,1000.000,2.055472,0.637190
31920,4,0.130696,0.896437,31,0,1000.000,1.794540,0.628065
31920,5,0.130672,0.906084,36,0,1000.000,2.064029,0.639196
31920,6,0.111085,0.882841,18,0,1000.000,1.940953,0.633102
31920,7,0.124594,0.874091,26,0,1000.000,2.063592,0.621381
31968,0,0.124977,0.903617,30,1,987.633,1.913621,0.639679
31968,1,0.123716,0.891506,27,0,1000.000,1.883821,0.653781
31968,2,0.121757,0.889673,24,0,1000.000,2.065340,0.636568
31968,3,0.132504,0.881725,33,0,1000.000,2.089728,0.635707
31968,4,0.130696,0.890343,30,0,1000.000,2.022615,0.632285
31968,5,0.130672,0.911324,37,0,1000.000,1.600694,0.649317
31968,6,0.111085,0.890906,33,0,1000.000,1.922801,0.628793
31968,7,0.124594,0.889596,31,0,1000.000,1.962491,0.639157
32016,0,0.124977,0.878810,22,0,1000.000,2.275061,0.621443
32016,1,0.123716,0.864349,17,0,1000.000,2.440572,0.613955
32016,2,0.121757,0.893357,24,0,1000.000,1.948324,0.641229
32016,3,0.132504,0.900352,28,0,1000.000,1.657853,0.629996
32016,4,0.130696,0.897558,22,0,1000.000,1.850057,0.630646
32016,5,0.130672,0.889486,29,0,1000.000,1.974044,0.621145
32016,6,0.111085,0.881401,24,0,1000.000,2.225106,0.634549
32016,7,0.124594,0.913957,29,0,1000.000,1.716656,0.647837
32064,0,0.124977,0.919132,11,0,1000.000,1.351502,0.667550
32064,1,0.123716,0.857919,25,0,1000.000,1.976941,0.629327
32064,2,0.121757,0.871895,19,0,1000.000,2.040070,0.620700
32064,3,0.132504,0.880146,23,0,1000.000,2.152867,0.629509
32064,4,0.130696,0.886489,17,0,1000.000,1.721000,0.633364
32064,5,0.130672,0.864647,17,0,1000.000,2.073411,0.628436
32064,6,0.111085,0.872898,17,0,1000.000,2.033585,0.635641
32064,7,0.124594,0.914831,19,0,1000.000,1.907500,0.646838
32112,0,0.124977,0.900152,28,0,1000.000,2.008931,0.642568
32112,1,0.123716,0.917060,17,0,1000.000,1.783754,0.636625
32112,2,0.121757,0.916846,21,0,1000.000,1.694207,0.660735
32112,3,0.132504,0.888959,25,0,1000.000,2.107497,0.637230
32112,4,0.130696,0.890921,17,0,1000.000,1.894396,0.652093
32112,5,0.130672,0.889050,23,0,1000.000,1.872331,0.634615
32112,6,0.111085,0.936444,20,0,1000.000,1.406822,0.655252
32112,7,0.124594,0.893264,18,0,1000.000,2.086169,0.631418
32160,0,0.124977,0.900927,25,0,1000.000,1.826774,0.635984
32160,1,0.123716,0.897126,26,0,1000.000,1.962818,0.646293
32160,2,0.121757,0.914911,25,0,1000.000,1.984612,0.628471
32160,3,0.132504,0.876817,25,0,1000.000,2.123664,0.627569
32160,4,0.130696,0.926616,32,0,1000.000,1.618993,0.648283
32160,5,0.130672,0.898951,18,0,1000.000,1.983664,0.641195
32160,6,0.111085,0.876092,23,0,1000.000,2.002550,0.627093
32160,7,0.124594,0.943731,13,0,1000.000,1.547282,0.662608
32208,0,0.124977,0.905632,21,0,1000.000,1.720098,0.638617
32208,1,0.123716,0.903689,19,0,1000.000,1.786996,0.642475
32208,2,0.121757,0.900741,16,0,1000.000,2.010655,0.634578
32208,3,0.132504,0.906268,21,0,1000.000,1.704647,0.644439
32208,4,0.130696,0.908514,29,0,1000.000,1.829435,0.650530
32208,5,0.130672,0.899178,17,0,1000.000,2.032849,0.633612
32208,6,0.111085,0.939441,22,0,1000.000,1.561971,0.672221
32208,7,0.124594,0.878271,23,0,1000.000,1.903474,0.627789
32256,0,0.124977,0.913319,18,1,990.500,1.618115,0.644031
32256,1,0.123716,0.906444,20,0,1000.000,1.654881,0.633978
32256,2,0.121757,0.905041,17,0,1000.000,2.095280,0.645417
32256,3,0.132504,0.898916,25,0,1000.000,1.944570,0.643528
32256,4,0.130696,0.921293,22,0,1000.000,1.710648,0.648678
32256,5,0.130672,0.919671,25,0,1000.000,1.665201,0.658472
32256,6,0.111085,0.949065,16,0,1000.000,1.232310,0.651878
32256,7,0.124594,0.927091,26,0,1000.000,1.628933,0.637457
32304,0,0.124977,0.926635,21,0,1000.000,1.637552,0.654741
32304,1,0.123716,0.937646,16,0,1000.000,1.525182,0.645825
32304,2,0.121757,0.895673,22,0,1000.000,1.938236,0.633661
32304,3,0.132504,0.915332,19,0,1000.000,1.572546,0.666318
32304,4,0.130696,0.923137,21,0,1000.000,1.508449,0.655507
32304,5,0.130672,0.885392,17,0,1000.000,1.909049,0.642643
32304,6,0.111085,0.913180,18,0,1000.000,2.134690,0.642509
32304,7,0.124594,0.890558,23,0,1000.000,2.166450,0.623815
32352,0,0.124977,0.927465,27,2,976.074,1.793710,0.651474
32352,1,0.123716,0.886656,24,0,1000.000,1.946043,0.638378
32352,2,0.121757,0.944352,18,0,1000.000,1.339806,0.682565
32352,3,0.132504,0.931032,17,0,1000.000,1.365890,0.654461
32352,4,0.130696,0.918672,23,0,1000.000,1.780941,0.658646
32352,5,0.130672,0.893672,21,0,1000.000,1.797064,0.640546
32352,6,0.111085,0.943717,21,0,1000.000,1.405399,0.654867
32352,7,0.124594,0.914082,17,0,1000.000,1.700193,0.654527
32400,0,0.124977,0.930290,31,0,1000.000,1.600478,0.665753
32400,1,0.123716,0.887136,25,0,1000.000,1.844508,0.638809
32400,2,0.121757,0.891748,14,0,1000.000,2.002520,0.640521
32400,3,0.132504,0.889429,35,0,1000.000,1.871918,0.651741
32400,4,0.130696,0.890712,23,0,1000.000,1.985166,0.638619
32400,5,0.130672,0.886594,20,0,1000.000,2.006965,0.642269
32400,6,0.111085,0.886250,26,0,1000.000,2.092618,0.643473
32400,7,0.124594,0.908519,30,0,1000.000,1.867896,0.636980
32448,0,0.124977,0.894594,23,0,1000.000,2.057387,0.641432
32448,1,0.123716,0.925973,37,0,1000.000,1.721945,0.652487
32448,2,0.121757,0.852015,16,0,1000.000,2.308084,0.609428
32448,3,0.132504,0.884337,37,0,1000.000,1.963301,0.640740
32448,4,0.130696,0.844769,26,0,1000.000,2.447456,0.612493
32448,5,0.130672,0.916556,30,0,1000.000,1.618202,0.639439
32448,6,0.111085,0.898616,27,0,1000.000,1.778651,0.642455
32448,7,0.124594,0.912516,27,0,1000.000,1.778645,0.647488
32496,0,0.124977,0.926988,41,0,1000.000,1.699354,0.659412
32496,1,0.123716,0.899203,30,0,1000.000,1.856310,0.642370
32496,2,0.121757,0.891489,33,0,1000.000,1.810303,0.628242
32496,3,0.132504,0.910319,37,0,1000.000,1.537776,0.641052
32496,4,0.130696,0.911692,35,0,1000.000,1.865703,0.646182
32496,5,0.130672,0.898803,34,0,1000.000,1.854865,0.652113
32496,6,0.111085,0.904794,25,0,1000.000,1.717629,0.648673
32496,7,0.124594,0.907618,29,0,1000.000,1.524931,0.636857
32544,0,0.124977,0.890967,37,0,1000.000,1.767097,0.640422
32544,1,0.123716,0.917092,30,0,1000.000,1.465602,0.651260
32544,2,0.121757,0.904949,27,0,1000.000,1.735478,0.655500
32544,3,0.132504,0.888023,32,0,1000.000,1.807137,0.627228
32544,4,0.130696,0.891978,34,0,1000.000,2.021191,0.636368
32544,5,0.130672,0.897785,41,0,1000.000,1.962503,0.645469
32544,6,0.111085,0.884044,42,0,1000.000,2.147446,0.635613
32544,7,0.124594,0.896174,40,0,1000.000,2.040198,0.629609
32640,0,0.124977,0.906011,57,1,985.579,1.709000,0.655555
32640,1,0.123716,0.900466,50,2,976.780,1.715422,0.636780
32640,2,0.121757,0.893456,53,0,1000.000,1.794513,0.647269
32640,3,0.132504,0.918648,60,0,1000.000,1.714177,0.654875
32640,4,0.130696,0.895386,38,0,1000.000,1.837204,0.638277
32640,5,0.130672,0.912060,45,0,1000.000,1.881923,0.649073
32640,6,0.111085,0.888443,42,0,1000.000,1.964216,0.635679
32640,7,0.124594,0.886622,39,1,977.667,1.787204,0.630530
32688,0,0.124977,0.926127,25,1,985.160,1.687674,0.649781
32688,1,0.123716,0.898240,24,0,1000.000,1.622527,0.631860
32688,2,0.121757,0.913797,18,0,1000.000,1.620542,0.648995
32688,3,0.132504,0.867911,17,0,1000.000,2.191687,0.632327
32688,4,0.130696,0.881940,20,0,1000.000,1.966631,0.636063
32688,5,0.130672,0.913767,20,0,1000.000,1.637050,0.657168
32688,6,0.111085,0.925261,17,0,1000.000,1.863847,0.655292
32688,7,0.124594,0.912387,26,0,1000.000,1.723689,0.651737
32736,0,0.124977,0.886117,16,0,1000.000,2.090733,0.646329
32736,1,0.123716,0.907487,31,0,1000.000,1.773792,0.652967
32736,2,0.121757,0.899038,19,0,1000.000,2.111687,0.640091
32736,3,0.132504,0.920970,30,0,1000.000,1.709004,0.648071
32736,4,0.130696,0.869526,15,0,1000.000,2.224213,0.626022
32736,5,0.130672,0.911624,23,0,1000.000,1.649595,0.629767
32736,6,0.111085,0.911176,32,0,1000.000,1.774347,0.639217
32736,7,0.124594,0.890455,22,0,1000.000,2.175912,0.616838
32832,0,0.124977,0.881374,53,0,1000.000,2.140442,0.622055
32832,1,0.123716,0.890920,43,0,1000.000,2.044024,0.629715
32832,2,0.121757,0.897156,49,0,1000.000,1.886405,0.637225
32832,3,0.132504,0.887347,54,0,1000.000,2.159415,0.634672
32832,4,0.130696,0.889391,54,0,1000.000,1.962750,0.634666
32832,5,0.130672,0.896302,48,0,1000.000,1.907025,0.629596
32832,6,0.111085,0.902741,38,0,1000.000,1.970243,0.631355
32832,7,0.124594,0.899336,53,0,1000.000,2.065162,0.640725
32880,0,0.124977,0.912022,26,0,1000.000,1.753704,0.647123
32880,1,0.123716,0.900788,30,1,968.033,1.691993,0.638431
32880,2,0.121757,0.900932,25,0,1000.000,1.968965,0.651133
32880,3,0.132504,0.907687,28,0,1000.000,1.848038,0.620604
32880,4,0.130696,0.886533,26,1,964.808,1.873891,0.631465
32880,5,0.130672,0.929495,18,0,1000.000,1.756155,0.669618
32880,6,0.111085,0.917011,24,0,1000.000,1.955830,0.639184
32880,7,0.124594,0.875223,38,1,975.895,1.978131,0.629333
32928,0,0.124977,0.909246,28,1,974.679,1.894219,0.645534
32928,1,0.123716,0.877110,24,0,1000.000,2.136553,0.632042
32928,2,0.121757,0.898693,31,0,1000.000,1.886666,0.643076
32928,3,0.132504,0.901211,32,0,1000.000,1.888146,0.633721
32928,4,0.130696,0.896454,30,0,1000.000,2.025502,0.632704
32928,5,0.130672,0.916778,22,0,1000.000,1.778531,0.646049
32928,6,0.111085,0.929848,22,0,1000.000,1.589571,0.652132
32928,7,0.124594,0.865635,31,1,970.000,1.811066,0.630620
32976,0,0.124977,0.907973,30,1,968.700,1.756105,0.633717
32976,1,0.123716,0.908201,29,0,1000.000,1.909169,0.646287
32976,2,0.121757,0.914945,32,0,1000.000,1.742671,0.636501
32976,3,0.132504,0.910677,26,0,1000.000,1.968351,0.649454
32976,4,0.130696,0.899702,29,0,1000.000,1.855211,0.640580
32976,5,0.130672,0.891778,27,0,1000.000,2.140171,0.636614
32976,6,0.111085,0.910043,32,0,1000.000,1.707213,0.646560
32976,7,0.124594,0.902040,36,1,974.056,1.745105,0.642761
33024,0,0.124977,0.935851,24,0,1000.000,1.501890,0.668864
33024,1,0.123716,0.910478,20,0,1000.000,1.938026,0.651784
33024,2,0.121757,0.906821,22,0,1000.000,1.599376,0.633995
33024,3,0.132504,0.875217,26,0,1000.000,2.051286,0.636683
33024,4,0.130696,0.913004,26,0,1000.000,1.881584,0.650070
33024,5,0.130672,0.883805,17,0,1000.000,1.917290,0.624786
33024,6,0.111085,0.930192,26,0,1000.000,1.477874,0.661244
33024,7,0.124594,0.884199,25,0,1000.000,2.112867,0.638534
33072,0,0.124977,0.896145,25,0,1000.000,1.996996,0.632794
33072,1,0.123716,0.883810,19,0,1000.000,2.091257,0.628734
33072,2,0.121757,0.914141,19,0,1000.000,1.955402,0.631202
33072,3,0.132504,0.890523,15,0,1000.000,2.457237,0.619221
33072,4,0.130696,0.921091,16,0,1000.000,2.002713,0.624391
33072,5,0.130672,0.910457,23,0,1000.000,1.948096,0.653469
33072,6,0.111085,0.899940,14,0,1000.000,2.059501,0.641610
33072,7,0.124594,0.908653,19,0,1000.000,1.647511,0.640652
33120,0,0.124977,0.915835,32,0,1000.000,1.950527,0.637098
33120,1,0.123716,0.909000,24,0,1000.000,1.991426,0.638430
33120,2,0.121757,0.916909,17,0,1000.000,1.630149,0.656266
33120,3,0.132504,0.915325,29,0,1000.000,1.862634,0.639541
33120,4,0.130696,0.892942,21,0,1000.000,2.125269,0.631326
33120,5,0.130672,0.923469,14,0,1000.000,1.633234,0.646760
33120,6,0.111085,0.903615,18,0,1000.000,2.053465,0.647600
33120,7,0.124594,0.936568,21,0,1000.000,1.728720,0.657384
33168,0,0.124977,0.900118,29,1,975.345,2.061399,0.631079
33168,1,0.123716,0.929568,14,0,1000.000,1.381727,0.633602
33168,2,0.121757,0.869329,12,0,1000.000,2.171459,0.604153
33168,3,0.132504,0.933421,23,0,1000.000,1.548906,0.649415
33168,4,0.130696,0.871217,25,1,962.880,1.951799,0.626056
33168,5,0.130672,0.916244,28,0,1000.000,1.958962,0.641375
33168,6,0.111085,0.894907,30,0,1000.000,2.028657,0.646233
33168,7,0.124594,0.883909,18,0,1000.000,2.061884,0.629676
33216,0,0.124977,0.920348,22,0,1000.000,1.778657,0.652670
33216,1,0.123716,0.935892,18,0,1000.000,1.450438,0.671457
33216,2,0.121757,0.913121,25,0,1000.000,1.834763,0.640183
33216,3,0.132504,0.896024,27,0,1000.000,2.177418,0.625196
33216,4,0.130696,0.868999,23,0,1000.000,2.223093,0.617276
33216,5,0.130672,0.907308,22,0,1000.000,1.979716,0.639287
33216,6,0.111085,0.918776,18,0,1000.000,1.742054,0.644014
33216,7,0.124594,0.913290,14,0,1000.000,1.983441,0.641681
33264,0,0.124977,0.920039,12,0,1000.000,1.889207,0.661035
33264,1,0.123716,0.887274,25,0,1000.000,2.527877,0.617047
33264,2,0.121757,0.931685,23,0,1000.000,1.594608,0.658194
33264,3,0.132504,0.916350,18,0,1000.000,1.831835,0.654320
33264,4,0.130696,0.899760,31,0,1000.000,2.106799,0.629007
33264,5,0.130672,0.925692,22,0,1000.000,1.509542,0.632564
33264,6,0.111085,0.906347,19,0,1000.000,1.700768,0.626535
33264,7,0.124594,0.885709,22,1,958.364,1.599144,0.640687
33312,0,0.124977,0.895126,17,0,1000.000,2.049948,0.651042
33312,1,0.123716,0.910628,19,0,1000.000,1.853797,0.647258
33312,2,0.121757,0.917584,13,0,1000.000,1.876815,0.649334
33312,3,0.132504,0.907640,20,0,1000.000,1.939852,0.644064
33312,4,0.130696,0.912936,26,0,1000.000,1.853470,0.654342
33312,5,0.130672,0.902914,16,0,1000.000,1.914242,0.645206
33312,6,0.111085,0.918224,18,0,1000.000,1.962215,0.646030
33312,7,0.124594,0.914216,16,0,1000.000,2.006488,0.652510
33360,0,0.124977,0.890214,23,1,993.565,1.833795,0.640629
33360,1,0.123716,0.897350,25,0,1000.000,1.936701,0.647120
33360,2,0.121757,0.910094,18,0,1000.000,1.918591,0.639116
33360,3,0.132504,0.898872,31,0,1000.000,1.837534,0.633775
33360,4,0.130696,0.898705,25,0,1000.000,1.951822,0.636990
33360,5,0.130672,0.904668,22,0,1000.000,2.061207,0.646382
33360,6,0.111085,0.903603,31,0,1000.000,1.874611,0.648121
33360,7,0.124594,0.909695,22,0,1000.000,1.976112,0.646735
33408,0,0.124977,0.866682,31,1,970.710,1.994198,0.621119
33408,1,0.123716,0.941962,21,0,1000.000,1.396179,0.662341
33408,2,0.121757,0.860230,22,0,1000.000,2.197632,0.612249
33408,3,0.132504,0.936915,18,0,1000.000,1.824044,0.661632
33408,4,0.130696,0.912434,32,0,1000.000,1.901465,0.633659
33408,5,0.130672,0.908201,27,0,1000.000,2.013115,0.636168
33408,6,0.111085,0.909129,25,0,1000.000,1.808579,0.645704
33408,7,0.124594,0.910580,20,0,1000.000,2.081315,0.646110
33456,0,0.124977,0.900907,17,1,982.647,1.546679,0.645534
33456,1,0.123716,0.900056,42,0,1000.000,1.771486,0.642895
33456,2,0.121757,0.899453,27,0,1000.000,1.911548,0.643538
33456,3,0.132504,0.902027,36,0,1000.000,1.919264,0.637002
33456,4,0.130696,0.926037,34,0,1000.000,1.520467,0.661824
33456,5,0.130672,0.868290,33,0,1000.000,2.427133,0.616792
33456,6,0.111085,0.884141,25,0,1000.000,1.891737,0.620041
33456,7,0.124594,0.864101,18,0,1000.000,2.344798,0.615350
33504,0,0.124977,0.890278,38,0,1000.000,2.184434,0.632777
33504,1,0.123716,0.900383,47,0,1000.000,2.049004,0.632923
33504,2,0.121757,0.922170,27,0,1000.000,1.658249,0.652270
33504,3,0.132504,0.910486,38,0,1000.000,1.924525,0.637080
33504,4,0.130696,0.912565,31,0,1000.000,2.028928,0.646367
33504,5,0.130672,0.922839,25,0,1000.000,1.564657,0.660138
33504,6,0.111085,0.891491,27,0,1000.000,1.878095,0.634359
33504,7,0.124594,0.927760,24,0,1000.000,1.814989,0.660170
33552,0,0.124977,0.912399,25,1,974.960,1.827888,0.635486
33552,1,0.123716,0.902194,29,0,1000.000,1.773378,0.649357
33552,2,0.121757,0.875546,37,0,1000.000,2.016260,0.623791
33552,3,0.132504,0.913073,40,0,1000.000,1.698476,0.652902
33552,4,0.130696,0.907002,40,0,1000.000,1.926636,0.640584
33552,5,0.130672,0.913241,42,0,1000.000,1.912661,0.645934
33552,6,0.111085,0.912971,32,0,1000.000,2.103597,0.635682
33552,7,0.124594,0.884690,36,1,974.694,1.809252,0.636657
33600,0,0.124977,0.899974,28,1,967.714,1.857139,0.627396
33600,1,0.123716,0.889906,17,0,1000.000,2.141690,0.604215
33600,2,0.121757,0.933597,23,0,1000.000,1.613239,0.655042
33600,3,0.132504,0.927141,32,0,1000.000,1.649279,0.665931
33600,4,0.130696,0.917256,31,0,1000.000,1.874647,0.658960
33600,5,0.130672,0.910067,27,0,1000.000,2.293050,0.635666
33600,6,0.111085,0.922618,23,0,1000.000,1.612217,0.661870
33600,7,0.124594,0.921690,21,0,1000.000,1.968363,0.635623
33648,0,0.127053,0.846926,18,0,1000.000,2.365596,0.598287
33648,1,0.129636,0.913548,24,0,1000.000,1.692559,0.643435
33648,2,0.121278,0.905145,25,0,1000.000,1.895419,0.639343
33648,3,0.117007,0.892771,18,0,1000.000,1.998927,0.647708
33648,4,0.109884,0.909231,22,0,1000.000,1.876364,0.641029
33648,5,0.129831,0.896942,21,0,1000.000,2.120936,0.644661
33648,6,0.145495,0.912845,25,0,1000.000,1.870219,0.654948
33648,7,0.119815,0.865582,20,1,954.850,1.887593,0.628213
33696,0,0.127053,0.889379,19,0,1000.000,1.865157,0.642535
33696,1,0.129636,0.893937,23,0,1000.000,1.983047,0.632050
33696,2,0.121278,0.904331,21,0,1000.000,1.797552,0.638593
33696,3,0.117007,0.920274,13,0,1000.000,1.648401,0.653485
33696,4,0.109884,0.935587,17,0,1000.000,1.563927,0.664240
33696,5,0.129831,0.923595,19,0,1000.000,1.733300,0.662926
33696,6,0.145495,0.889153,33,0,1000.000,1.955363,0.621440
33696,7,0.119815,0.926207,26,0,1000.000,1.768863,0.662341
33744,0,0.127053,0.898215,24,0,1000.000,2.033287,0.618060
33744,1,0.129636,0.905326,20,0,1000.000,1.487314,0.651847
33744,2,0.121278,0.920553,15,0,1000.000,1.794505,0.644524
33744,3,0.117007,0.906045,25,0,1000.000,2.028183,0.632292
33744,4,0.109884,0.879038,22,0,1000.000,2.182851,0.625845
33744,5,0.129831,0.909040,25,0,1000.000,1.808578,0.639302
33744,6,0.145495,0.895680,28,0,1000.000,1.948382,0.633322
33744,7,0.119815,0.883443,25,1,969.680,1.978126,0.629636
33792,0,0.127053,0.934683,17,0,1000.000,1.507129,0.646564
33792,1,0.129636,0.890152,14,0,1000.000,1.792111,0.634424
33792,2,0.121278,0.900824,28,0,1000.000,2.056418,0.641338
33792,3,0.117007,0.889001,15,0,1000.000,1.784063,0.651775
33792,4,0.109884,0.877970,17,0,1000.000,2.223465,0.619239
33792,5,0.129831,0.904539,33,0,1000.000,1.976637,0.630826
33792,6,0.145495,0.912965,20,0,1000.000,1.719636,0.664477
33792,7,0.119815,0.894649,25,0,1000.000,2.100859,0.635704
33840,0,0.127053,0.907490,27,1,988.518,2.127903,0.651753
33840,1,0.129636,0.886807,28,0,1000.000,2.024299,0.639987
33840,2,0.121278,0.903374,28,0,1000.000,1.728998,0.635300
33840,3,0.117007,0.924524,30,0,1000.000,1.894864,0.647291
33840,4,0.109884,0.895246,23,0,1000.000,1.798964,0.652156
33840,5,0.129831,0.924446,30,0,1000.000,1.765623,0.643109
33840,6,0.145495,0.900517,44,0,1000.000,1.981656,0.640724
33840,7,0.119815,0.872062,24,1,962.542,1.515951,0.647680
33888,0,0.127053,0.937808,33,2,969.818,1.372054,0.637182
33888,1,0.129636,0.923582,24,0,1000.000,1.987002,0.648008
33888,2,0.121278,0.902575,25,0,1000.000,2.093283,0.642275
33888,3,0.117007,0.901126,28,0,1000.000,1.866465,0.649359
33888,4,0.109884,0.918420,20,0,1000.000,2.010295,0.662744
33888,5,0.129831,0.917668,31,0,1000.000,1.744365,0.649596
33888,6,0.145495,0.899122,32,0,1000.000,1.849856,0.644188
33888,7,0.119815,0.913765,23,0,1000.000,1.577492,0.652295
33936,0,0.127053,0.905532,26,1,979.462,1.895113,0.626860
33936,1,0.129636,0.916946,26,0,1000.000,1.785363,0.644481
33936,2,0.121278,0.884891,29,0,1000.000,2.282581,0.626599
33936,3,0.117007,0.899301,29,0,1000.000,2.011147,0.638084
33936,4,0.109884,0.921198,27,0,1000.000,1.858173,0.648162
33936,5,0.129831,0.895794,32,0,1000.000,1.934107,0.639112
33936,6,0.145495,0.907844,23,0,1000.000,2.207978,0.625140
33936,7,0.119815,0.900263,29,0,1000.000,1.990717,0.630477
33984,0,0.127053,0.921962,30,0,1000.000,1.561015,0.645715
33984,1,0.129636,0.902808,30,0,1000.000,1.787449,0.650772
33984,2,0.121278,0.901944,25,0,1000.000,1.925070,0.649218
33984,3,0.117007,0.916772,35,0,1000.000,1.794924,0.649709
33984,4,0.109884,0.911563,21,0,1000.000,1.971585,0.620211
33984,5,0.129831,0.901725,29,0,1000.000,1.976449,0.632107
33984,6,0.145495,0.941411,39,0,1000.000,1.467908,0.666435
33984,7,0.119815,0.921434,23,0,1000.000,1.719126,0.651944
34032,0,0.127053,0.919104,21,0,1000.000,1.739131,0.651563
34032,1,0.129636,0.906241,21,0,1000.000,1.861522,0.642522
34032,2,0.121278,0.915325,27,0,1000.000,1.781105,0.654134
34032,3,0.117007,0.903719,20,0,1000.000,2.005094,0.618094
34032,4,0.109884,0.905148,24,0,1000.000,1.924645,0.633690
34032,5,0.129831,0.937489,17,0,1000.000,1.736997,0.669104
34032,6,0.145495,0.906722,22,0,1000.000,2.046606,0.646212
34032,7,0.119815,0.917782,21,0,1000.000,1.882727,0.642989
34080,0,0.127053,0.899896,22,0,1000.000,1.996157,0.642712
34080,1,0.129636,0.910268,21,0,1000.000,1.820454,0.643866
34080,2,0.121278,0.920184,25,0,1000.000,2.035401,0.637396
34080,3,0.117007,0.886629,14,0,1000.000,2.291764,0.626437
34080,4,0.109884,0.918164,12,0,1000.000,1.757916,0.650133
34080,5,0.129831,0.917660,20,0,1000.000,1.852272,0.639017
34080,6,0.145495,0.909654,16,0,1000.000,2.167615,0.637106
34080,7,0.119815,0.895943,21,0,1000.000,1.994192,0.629982
34128,0,0.127053,0.913361,15,0,1000.000,1.686025,0.640865
34128,1,0.129636,0.914721,29,0,1000.000,1.817437,0.647174
34128,2,0.121278,0.922473,17,0,1000.000,1.473263,0.638558
34128,3,0.117007,0.903539,15,0,1000.000,2.020193,0.637238
34128,4,0.109884,0.928925,19,0,1000.000,1.761210,0.657354
34128,5,0.129831,0.919297,27,0,1000.000,1.799155,0.662187
34128,6,0.145495,0.913928,30,0,1000.000,1.649438,0.645447
34128,7,0.119815,0.896113,25,0,1000.000,2.205151,0.615190
34176,0,0.127053,0.907347,16,0,1000.000,1.990478,0.632947
34176,1,0.129636,0.908506,20,0,1000.000,1.761581,0.637973
34176,2,0.121278,0.922881,20,0,1000.000,1.776950,0.651960
34176,3,0.117007,0.880009,18,0,1000.000,1.932464,0.637577
34176,4,0.109884,0.913903,26,0,1000.000,2.020671,0.628394
34176,5,0.129831,0.896134,32,0,1000.000,2.084770,0.636819
34176,6,0.145495,0.928384,28,0,1000.000,1.700945,0.646255
34176,7,0.119815,0.895740,21,0,1000.000,2.098804,0.632407
34224,0,0.127053,0.913836,24,0,1000.000,1.849157,0.642495
34224,1,0.129636,0.896659,14,0,1000.000,2.025104,0.628795
34224,2,0.121278,0.935212,22,0,1000.000,1.507434,0.662462
34224,3,0.117007,0.912875,19,0,1000.000,2.223991,0.633506
34224,4,0.109884,0.908973,23,0,1000.000,1.818244,0.628919
34224,5,0.129831,0.894173,22,0,1000.000,2.105068,0.628322
34224,6,0.145495,0.919048,30,0,1000.000,2.056112,0.644416
34224,7,0.119815,0.870862,20,0,1000.000,2.414606,0.616744
34272,0,0.127053,0.918318,19,0,1000.000,1.621997,0.668080
34272,1,0.129636,0.910296,21,0,1000.000,1.906770,0.638449
34272,2,0.121278,0.928127,17,0,1000.000,1.481465,0.660971
34272,3,0.117007,0.909285,21,0,1000.000,1.831524,0.637481
34272,4,0.109884,0.924243,27,0,1000.000,1.675955,0.662178
34272,5,0.129831,0.913760,22,0,1000.000,2.302886,0.636358
34272,6,0.145495,0.895134,17,0,1000.000,2.067782,0.620242
34272,7,0.119815,0.914145,22,0,1000.000,1.706261,0.639930
34320,0,0.127053,0.923569,15,0,1000.000,1.705086,0.663012
34320,1,0.129636,0.913050,17,0,1000.000,1.978381,0.652503
34320,2,0.121278,0.899618,15,0,1000.000,1.938940,0.639861
34320,3,0.117007,0.913011,12,0,1000.000,1.637438,0.655506
34320,4,0.109884,0.900674,21,0,1000.000,2.085636,0.637403
34320,5,0.129831,0.907029,28,0,1000.000,1.794682,0.641353
34320,6,0.145495,0.904145,21,0,1000.000,2.041267,0.634190
34320,7,0.119815,0.884634,20,0,1000.000,2.023876,0.637651
34368,0,0.127053,0.917762,24,0,1000.000,1.897278,0.648798
34368,1,0.129636,0.902640,23,0,1000.000,2.010468,0.630451
34368,2,0.121278,0.898378,26,0,1000.000,1.850450,0.645194
34368,3,0.117007,0.908098,25,0,1000.000,2.069993,0.650539
34368,4,0.109884,0.927830,27,0,1000.000,1.679742,0.651749
34368,5,0.129831,0.919362,26,0,1000.000,1.884786,0.637565
34368,6,0.145495,0.923235,25,0,1000.000,1.688292,0.646153
34368,7,0.119815,0.900803,25,0,1000.000,2.163927,0.631886
34416,0,0.127053,0.925568,26,0,1000.000,1.679912,0.635659
34416,1,0.129636,0.916635,24,0,1000.000,1.527663,0.644550
34416,2,0.121278,0.915164,21,0,1000.000,1.821847,0.644493
34416,3,0.117007,0.909943,19,0,1000.000,1.903607,0.636468
34416,4,0.109884,0.941143,21,0,1000.000,1.492201,0.671120
34416,5,0.129831,0.922565,31,0,1000.000,1.875347,0.640393
34416,6,0.145495,0.913365,28,0,1000.000,1.727787,0.650472
34416,7,0.119815,0.883261,24,0,1000.000,2.156099,0.628562
34464,0,0.127053,0.909093,32,0,1000.000,1.949645,0.650559
34464,1,0.129636,0.900451,21,0,1000.000,1.691105,0.638356
34464,2,0.121278,0.907798,33,0,1000.000,1.810080,0.637894
34464,3,0.117007,0.897457,24,0,1000.000,1.969932,0.629869
34464,4,0.109884,0.879551,28,0,1000.000,2.017616,0.625020
34464,5,0.129831,0.914950,32,0,1000.000,1.756957,0.644387
34464,6,0.145495,0.921034,36,0,1000.000,1.718629,0.651570
34464,7,0.119815,0.916743,32,0,1000.000,1.740319,0.637904
34512,0,0.127053,0.915143,37,0,1000.000,1.660108,0.642018
34512,1,0.129636,0.900724,34,0,1000.000,1.955110,0.634886
34512,2,0.121278,0.899356,38,0,1000.000,1.896883,0.636539
34512,3,0.117007,0.900177,26,1,965.308,1.712180,0.638797
34512,4,0.109884,0.920599,19,0,1000.000,1.888668,0.656443
34512,5,0.129831,0.910381,36,0,1000.000,1.801124,0.632559
34512,6,0.145495,0.922184,37,0,1000.000,1.812591,0.639960
34512,7,0.119815,0.911704,34,0,1000.000,1.849884,0.655140
34560,0,0.127053,0.926177,35,0,1000.000,1.620239,0.634510
34560,1,0.129636,0.894811,26,0,1000.000,2.016085,0.633261
34560,2,0.121278,0.907378,42,0,1000.000,1.955724,0.642025
34560,3,0.117007,0.895531,35,0,1000.000,2.037570,0.632525
34560,4,0.109884,0.900111,31,0,1000.000,1.755032,0.646303
34560,5,0.129831,0.904296,30,0,1000.000,2.042365,0.631167
34560,6,0.145495,0.900693,42,0,1000.000,1.814246,0.652839
34560,7,0.119815,0.913598,31,0,1000.000,1.780544,0.651432
34608,0,0.127053,0.912289,27,2,971.000,1.578236,0.654711
34608,1,0.129636,0.888641,13,0,1000.000,1.889619,0.641371
34608,2,0.121278,0.925932,30,0,1000.000,1.506935,0.649252
34608,3,0.117007,0.904920,30,0,1000.000,2.165224,0.641696
34608,4,0.109884,0.914428,29,0,1000.000,1.648193,0.650474
34608,5,0.129831,0.914269,21,0,1000.000,1.741293,0.642936
34608,6,0.145495,0.887493,24,1,960.583,1.572432,0.653260
34608,7,0.119815,0.910027,13,0,1000.000,1.981250,0.655207
34656,0,0.127053,0.920470,21,0,1000.000,1.854708,0.644564
34656,1,0.129636,0.893626,21,0,1000.000,2.290860,0.630789
34656,2,0.121278,0.911061,21,0,1000.000,1.740839,0.645226
34656,3,0.117007,0.915475,24,0,1000.000,1.725224,0.642579
34656,4,0.109884,0.936833,17,0,1000.000,1.509460,0.646040
34656,5,0.129831,0.905891,27,0,1000.000,1.766877,0.654399
34656,6,0.145495,0.919576,31,0,1000.000,1.705895,0.623703
34656,7,0.119815,0.895950,24,0,1000.000,1.978466,0.639814
34704,0,0.127053,0.881669,19,0,1000.000,2.101606,0.618871
34704,1,0.129636,0.920231,23,0,1000.000,2.077514,0.627319
34704,2,0.121278,0.904454,18,0,1000.000,1.863195,0.641108
34704,3,0.117007,0.897338,29,0,1000.000,1.946982,0.636322
34704,4,0.109884,0.923662,16,0,1000.000,2.027166,0.646036
34704,5,0.129831,0.836016,17,0,1000.000,2.519392,0.603409
34704,6,0.145495,0.920150,27,0,1000.000,1.833543,0.641671
34704,7,0.119815,0.932696,16,0,1000.000,1.833377,0.659385
34752,0,0.127053,0.910159,30,0,1000.000,1.574024,0.630366
34752,1,0.129636,0.908166,21,0,1000.000,2.042982,0.624361
34752,2,0.121278,0.891092,21,0,1000.000,2.009460,0.617297
34752,3,0.117007,0.911944,26,0,1000.000,2.045441,0.636668
34752,4,0.109884,0.883733,16,0,1000.000,2.429599,0.624537
34752,5,0.129831,0.904172,22,0,1000.000,1.996558,0.647212
34752,6,0.145495,0.883199,28,0,1000.000,2.082854,0.637703
34752,7,0.119815,0.912379,25,0,1000.000,1.873662,0.640954
34800,0,0.127053,0.906589,23,0,1000.000,2.171002,0.639148
34800,1,0.129636,0.918775,21,0,1000.000,1.814481,0.655821
34800,2,0.121278,0.924994,14,0,1000.000,1.722329,0.635830
34800,3,0.117007,0.912841,26,0,1000.000,1.768373,0.642327
34800,4,0.109884,0.891862,24,0,1000.000,1.865908,0.638091
34800,5,0.129831,0.899229,25,0,1000.000,2.081481,0.637492
34800,6,0.145495,0.924222,18,0,1000.000,1.711257,0.647613
34800,7,0.119815,0.915615,17,0,1000.000,1.732909,0.644891
34848,0,0.127053,0.873157,31,0,1000.000,2.335715,0.615134
34848,1,0.129636,0.911726,34,1,971.853,1.509466,0.649130
34848,2,0.121278,0.922130,23,0,1000.000,1.984533,0.641261
34848,3,0.117007,0.922133,27,0,1000.000,1.672098,0.669141
34848,4,0.109884,0.938471,29,0,1000.000,1.588902,0.656143
34848,5,0.129831,0.937984,20,0,1000.000,1.256604,0.670395
34848,6,0.145495,0.917570,34,0,1000.000,1.982247,0.643673
34848,7,0.119815,0.898976,38,0,1000.000,1.820265,0.642177
34896,0,0.127053,0.926469,27,0,1000.000,2.020097,0.632409
34896,1,0.129636,0.905823,29,0,1000.000,1.780709,0.636881
34896,2,0.121278,0.924743,20,0,1000.000,1.504309,0.643312
34896,3,0.117007,0.883150,29,0,1000.000,2.101068,0.631482
34896,4,0.109884,0.904837,25,0,1000.000,1.904369,0.637428
34896,5,0.129831,0.877915,39,1,975.820,1.919288,0.635882
34896,6,0.145495,0.886179,26,1,963.423,1.739459,0.629525
34896,7,0.119815,0.859798,22,1,958.000,1.859055,0.623851
34944,0,0.127053,0.915948,33,0,1000.000,1.712175,0.654701
34944,1,0.129636,0.911411,25,0,1000.000,1.990713,0.637739
34944,2,0.121278,0.909738,24,0,1000.000,1.663710,0.636585
34944,3,0.117007,0.912764,35,0,1000.000,1.929190,0.641659
34944,4,0.109884,0.911845,23,0,1000.000,1.867685,0.642280
34944,5,0.129831,0.906131,28,0,1000.000,1.951423,0.644685
34944,6,0.145495,0.928306,29,0,1000.000,1.799740,0.646259
34944,7,0.119815,0.913174,32,0,1000.000,1.824608,0.649296
34992,0,0.127053,0.917297,30,0,1000.000,1.721459,0.646774
34992,1,0.129636,0.932488,29,0,1000.000,1.455104,0.649144
34992,2,0.121278,0.919137,30,0,1000.000,1.645173,0.645911
34992,3,0.117007,0.936110,21,0,1000.000,1.623483,0.664434
34992,4,0.109884,0.903963,19,0,1000.000,2.275616,0.618128
34992,5,0.129831,0.909210,32,0,1000.000,1.971484,0.630196
34992,6,0.145495,0.919400,30,0,1000.000,1.780997,0.642744
34992,7,0.119815,0.907640,28,0,1000.000,1.931552,0.640856
35040,0,0.127053,0.932576,27,0,1000.000,1.546635,0.659426
35040,1,0.129636,0.931730,15,0,1000.000,1.704100,0.647320
35040,2,0.121278,0.894994,24,0,1000.000,2.208293,0.621018
35040,3,0.117007,0.900863,18,0,1000.000,2.103020,0.630881
35040,4,0.109884,0.902496,19,0,1000.000,1.907294,0.654929
35040,5,0.129831,0.925566,18,0,1000.000,1.685207,0.653455
35040,6,0.145495,0.924137,24,0,1000.000,1.791033,0.635009
35040,7,0.119815,0.862545,23,0,1000.000,2.507436,0.607809
35088,0,0.127053,0.875600,14,0,1000.000,2.296613,0.617026
35088,1,0.129636,0.924240,17,0,1000.000,1.822524,0.630153
35088,2,0.121278,0.916465,23,0,1000.000,1.956908,0.650377
35088,3,0.117007,0.879773,17,0,1000.000,2.080637,0.633052
35088,4,0.109884,0.875023,15,0,1000.000,2.262889,0.626395
35088,5,0.129831,0.936143,23,0,1000.000,1.515245,0.656903
35088,6,0.145495,0.909866,24,0,1000.000,1.789615,0.619630
35088,7,0.119815,0.935070,21,0,1000.000,1.411527,0.667326
35136,0,0.127053,0.915645,18,0,1000.000,1.734592,0.634675
35136,1,0.129636,0.909103,28,0,1000.000,1.884899,0.638067
35136,2,0.121278,0.933662,29,0,1000.000,1.651015,0.653306
35136,3,0.117007,0.919851,19,0,1000.000,1.752215,0.657455
35136,4,0.109884,0.902837,19,0,1000.000,1.863381,0.641195
35136,5,0.129831,0.888741,24,0,1000.000,2.084124,0.640746
35136,6,0.145495,0.871002,33,0,1000.000,2.513194,0.605888
35136,7,0.119815,0.908221,18,0,1000.000,1.915817,0.641353
35232,0,0.127053,0.915082,35,1,973.229,1.673364,0.637471
35232,1,0.129636,0.911593,46,0,1000.000,1.952053,0.640353
35232,2,0.121278,0.917975,39,0,1000.000,1.588586,0.650538
35232,3,0.117007,0.897492,36,0,1000.000,1.859030,0.631454
35232,4,0.109884,0.898511,39,0,1000.000,1.894482,0.631344
35232,5,0.129831,0.909761,56,0,1000.000,1.945054,0.633945
35232,6,0.145495,0.922278,51,0,1000.000,1.933198,0.641478
35232,7,0.119815,0.932631,45,0,1000.000,1.658110,0.653363
35328,0,0.127053,0.914794,36,0,1000.000,1.907154,0.642437
35328,1,0.129636,0.907601,50,0,1000.000,1.673667,0.652982
35328,2,0.121278,0.928737,33,0,1000.000,1.800864,0.649597
35328,3,0.117007,0.914143,33,0,1000.000,1.900115,0.638938
35328,4,0.109884,0.896459,38,0,1000.000,2.124942,0.636358
35328,5,0.129831,0.910171,30,0,1000.000,1.741429,0.646674
35328,6,0.145495,0.906322,46,0,1000.000,1.945902,0.635551
35328,7,0.119815,0.928908,45,0,1000.000,1.867694,0.661089
35376,0,0.127053,0.923163,18,0,1000.000,1.578570,0.674758
35376,1,0.129636,0.913345,37,0,1000.000,1.922762,0.648514
35376,2,0.121278,0.900759,23,0,1000.000,2.011040,0.661227
35376,3,0.117007,0.921229,15,0,1000.000,1.847336,0.631423
35376,4,0.109884,0.908829,18,0,1000.000,2.026114,0.632404
35376,5,0.129831,0.875658,28,1,966.929,1.996728,0.624702
35376,6,0.145495,0.906044,32,0,1000.000,1.842743,0.630049
35376,7,0.119815,0.894262,24,0,1000.000,1.900673,0.627952
35424,0,0.127053,0.888278,31,1,974.000,2.078791,0.621359
35424,1,0.129636,0.906379,19,0,1000.000,2.012093,0.634659
35424,2,0.121278,0.891445,26,0,1000.000,2.124433,0.624832
35424,3,0.117007,0.900240,24,0,1000.000,2.154471,0.628164
35424,4,0.109884,0.899762,21,0,1000.000,2.032363,0.631844
35424,5,0.129831,0.915075,35,0,1000.000,1.539243,0.652100
35424,6,0.145495,0.903377,30,0,1000.000,2.101113,0.629069
35424,7,0.119815,0.922074,25,0,1000.000,1.698408,0.650852
35472,0,0.127053,0.921025,31,1,995.065,1.884278,0.645794
35472,1,0.129636,0.902429,31,0,1000.000,1.890260,0.642537
35472,2,0.121278,0.919854,27,0,1000.000,1.608465,0.660047
35472,3,0.117007,0.891723,34,0,1000.000,1.879117,0.635206
35472,4,0.109884,0.925964,24,0,1000.000,1.624469,0.648730
35472,5,0.129831,0.900588,45,0,1000.000,1.847419,0.638643
35472,6,0.145495,0.878241,42,0,1000.000,2.018378,0.625419
35472,7,0.119815,0.894378,27,0,1000.000,2.191897,0.626747
35520,0,0.127053,0.909937,35,0,1000.000,1.910939,0.635842
35520,1,0.129636,0.923450,28,0,1000.000,1.828312,0.654438
35520,2,0.121278,0.900275,24,0,1000.000,2.148597,0.622011
35520,3,0.117007,0.909856,28,0,1000.000,1.524573,0.661118
35520,4,0.109884,0.909974,35,0,1000.000,1.886249,0.640895
35520,5,0.129831,0.904539,34,0,1000.000,1.928432,0.645617
35520,6,0.145495,0.881782,36,0,1000.000,2.178734,0.624278
35520,7,0.119815,0.901636,29,0,1000.000,1.870613,0.633436
35568,0,0.127053,0.913693,36,0,1000.000,1.791125,0.650905
35568,1,0.129636,0.901313,35,0,1000.000,1.787973,0.636595
35568,2,0.121278,0.903271,32,0,1000.000,1.742989,0.648768
35568,3,0.117007,0.904230,35,0,1000.000,1.982793,0.636347
35568,4,0.109884,0.895771,34,0,1000.000,2.188111,0.631341
35568,5,0.129831,0.934036,31,0,1000.000,1.604010,0.651390
35568,6,0.145495,0.913122,31,0,1000.000,1.800212,0.643663
35568,7,0.119815,0.889073,33,1,972.606,1.862679,0.632550
35616,0,0.127053,0.907696,15,0,1000.000,2.094304,0.618528
35616,1,0.129636,0.938501,13,0,1000.000,1.555387,0.668156
35616,2,0.121278,0.903231,31,0,1000.000,1.796485,0.643994
35616,3,0.117007,0.904746,21,0,1000.000,1.967286,0.635547
35616,4,0.109884,0.917266,19,0,1000.000,1.759695,0.635727
35616,5,0.129831,0.925070,26,0,1000.000,1.657595,0.651872
35616,6,0.145495,0.918742,28,0,1000.000,1.641323,0.645139
35616,7,0.119815,0.932049,21,0,1000.000,1.626541,0.646218
35664,0,0.127053,0.901193,28,0,1000.000,2.099161,0.618543
35664,1,0.129636,0.904118,27,0,1000.000,1.733102,0.642547
35664,2,0.121278,0.930424,26,0,1000.000,1.425075,0.648711
35664,3,0.117007,0.901556,17,0,1000.000,1.899165,0.653395
35664,4,0.109884,0.919703,25,0,1000.000,1.967525,0.633425
35664,5,0.129831,0.927920,28,0,1000.000,1.721024,0.641208
35664,6,0.145495,0.907699,20,0,1000.000,1.829512,0.635869
35664,7,0.119815,0.901771,14,0,1000.000,1.963680,0.644556
35712,0,0.127053,0.910904,25,0,1000.000,1.777193,0.639094
35712,1,0.129636,0.874238,23,0,1000.000,2.089091,0.634259
35712,2,0.121278,0.894062,19,0,1000.000,2.108114,0.625488
35712,3,0.117007,0.902857,17,0,1000.000,1.734874,0.638018
35712,4,0.109884,0.927552,18,0,1000.000,1.821870,0.644960
35712,5,0.129831,0.929686,28,0,1000.000,1.728485,0.647451
35712,6,0.145495,0.879022,19,1,951.316,1.709887,0.642918
35712,7,0.119815,0.892106,17,0,1000.000,2.081819,0.624236
35760,0,0.127053,0.904188,18,0,1000.000,1.922642,0.631569
35760,1,0.129636,0.853981,21,1,955.381,2.218454,0.606221
35760,2,0.121278,0.891728,20,0,1000.000,2.128541,0.619883
35760,3,0.117007,0.929602,26,0,1000.000,1.650191,0.651407
35760,4,0.109884,0.918103,16,0,1000.000,1.799523,0.654122
35760,5,0.129831,0.910503,23,0,1000.000,2.136810,0.631530
35760,6,0.145495,0.891128,33,0,1000.000,2.038019,0.631966
35760,7,0.119815,0.897319,30,0,1000.000,2.144555,0.617214
35808,0,0.127053,0.924100,19,0,1000.000,1.464001,0.657815
35808,1,0.129636,0.919846,37,0,1000.000,1.928759,0.650030
35808,2,0.121278,0.913181,17,0,1000.000,1.765884,0.642181
35808,3,0.117007,0.910887,12,0,1000.000,1.782356,0.647966
35808,4,0.109884,0.900377,25,0,1000.000,2.072985,0.631541
35808,5,0.129831,0.915794,22,0,1000.000,1.779497,0.638191
35808,6,0.145495,0.908257,25,0,1000.000,1.980521,0.638197
35808,7,0.119815,0.873627,20,0,1000.000,2.261952,0.618305
35856,0,0.127053,0.919204,22,0,1000.000,1.677593,0.652898
35856,1,0.129636,0.902131,19,0,1000.000,1.890945,0.633191
35856,2,0.121278,0.910281,39,0,1000.000,1.756043,0.636923
35856,3,0.117007,0.893552,22,0,1000.000,1.725282,0.615382
35856,4,0.109884,0.892530,31,0,1000.000,1.932270,0.629333
35856,5,0.129831,0.914040,29,0,1000.000,1.687775,0.646087
35856,6,0.145495,0.912778,36,0,1000.000,2.002676,0.644988
35856,7,0.119815,0.929853,32,0,1000.000,1.496752,0.660743
35904,0,0.127053,0.915196,27,0,1000.000,1.652887,0.645460
35904,1,0.129636,0.924504,26,0,1000.000,1.746689,0.639703
35904,2,0.121278,0.916048,28,0,1000.000,1.968414,0.631518
35904,3,0.117007,0.930005,24,0,1000.000,1.585004,0.646630
35904,4,0.109884,0.918463,18,0,1000.000,1.701203,0.650173
35904,5,0.129831,0.924542,30,0,1000.000,1.762346,0.649493
35904,6,0.145495,0.894495,32,1,971.688,1.599601,0.636911
35904,7,0.119815,0.902985,27,0,1000.000,1.739166,0.646958
35952,0,0.127053,0.896858,17,1,991.765,1.902388,0.622466
35952,1,0.129636,0.887526,33,0,1000.000,2.042994,0.632482
35952,2,0.121278,0.911647,33,0,1000.000,1.846630,0.648901
35952,3,0.117007,0.920857,18,0,1000.000,1.794719,0.651843
35952,4,0.109884,0.924425,35,0,1000.000,1.755515,0.654950
35952,5,0.129831,0.891321,46,0,1000.000,1.941191,0.621136
35952,6,0.145495,0.899115,36,0,1000.000,1.928830,0.639019
35952,7,0.119815,0.888616,24,1,964.042,1.684043,0.627140
36000,0,0.127053,0.897984,32,1,973.938,1.979973,0.630755
36000,1,0.129636,0.925580,29,0,1000.000,1.708287,0.658210
36000,2,0.121278,0.914170,27,0,1000.000,1.699787,0.637706
36000,3,0.117007,0.911984,29,0,1000.000,1.851726,0.645783
36000,4,0.109884,0.920381,18,0,1000.000,1.590601,0.649102
36000,5,0.129831,0.916768,33,0,1000.000,1.718996,0.653320
36000,6,0.145495,0.908626,30,0,1000.000,1.756327,0.643261
36000,7,0.119815,0.846923,18,1,949.500,1.867645,0.618720
36048,0,0.127907,0.888580,27,0,1000.000,1.988592,0.621940
36048,1,0.118829,0.929042,15,1,963.000,1.438559,0.636584
36048,2,0.133153,0.886311,12,0,1000.000,2.047693,0.648158
36048,3,0.121882,0.886238,19,0,1000.000,2.107991,0.636320
36048,4,0.134027,0.908027,16,0,1000.000,1.891978,0.644079
36048,5,0.124629,0.919912,21,0,1000.000,1.952369,0.631234
36048,6,0.117194,0.900273,23,0,1000.000,1.912051,0.632333
36048,7,0.122378,0.897248,22,0,1000.000,2.160608,0.629878
36096,0,0.127907,0.902395,24,0,1000.000,2.162214,0.634451
36096,1,0.118829,0.888286,20,0,1000.000,2.067689,0.633685
36096,2,0.133153,0.922011,22,0,1000.000,1.980317,0.648171
36096,3,0.121882,0.914959,22,0,1000.000,1.680045,0.639624
36096,4,0.134027,0.908865,22,0,1000.000,1.961111,0.646001
36096,5,0.124629,0.893670,21,0,1000.000,2.066482,0.622408
36096,6,0.117194,0.853239,13,1,934.923,1.474819,0.622223
36096,7,0.122378,0.919375,11,0,1000.000,1.486633,0.658856
36144,0,0.127907,0.924106,22,1,957.364,1.690797,0.635521
36144,1,0.118829,0.932901,29,0,1000.000,1.478763,0.665097
36144,2,0.133153,0.916732,26,0,1000.000,1.914322,0.642908
36144,3,0.121882,0.926398,21,0,1000.000,1.669412,0.639961
36144,4,0.134027,0.908449,31,0,1000.000,1.920561,0.624627
36144,5,0.124629,0.866801,29,0,1000.000,2.312736,0.615366
36144,6,0.117194,0.923963,23,0,1000.000,1.559182,0.645638
36144,7,0.122378,0.935577,23,0,1000.000,1.545559,0.651729
36192,0,0.127907,0.875617,22,1,992.818,2.181411,0.611859
36192,1,0.118829,0.922362,22,0,1000.000,1.920128,0.650411
36192,2,0.133153,0.904866,22,0,1000.000,1.845289,0.622652
36192,3,0.121882,0.912224,23,0,1000.000,1.636157,0.645290
36192,4,0.134027,0.900371,20,0,1000.000,1.943138,0.623126
36192,5,0.124629,0.868577,21,0,1000.000,2.113406,0.621004
36192,6,0.117194,0.923218,21,0,1000.000,1.911103,0.647705
36192,7,0.122378,0.864820,13,0,1000.000,2.156809,0.634226
36240,0,0.127907,0.905139,30,0,1000.000,1.861023,0.639812
36240,1,0.118829,0.906697,21,0,1000.000,1.438529,0.653648
36240,2,0.133153,0.905301,17,0,1000.000,2.053186,0.637450
36240,3,0.121882,0.916408,16,0,1000.000,2.243121,0.636298
36240,4,0.134027,0.916650,22,0,1000.000,1.968576,0.655640
36240,5,0.124629,0.897598,14,0,1000.000,1.914899,0.618284
36240,6,0.117194,0.890329,23,0,1000.000,2.148775,0.629363
36240,7,0.122378,0.903477,30,0,1000.000,1.966736,0.634627
36288,0,0.127907,0.910905,21,0,1000.000,1.816521,0.641822
36288,1,0.118829,0.905489,19,0,1000.000,2.053154,0.647285
36288,2,0.133153,0.934259,19,0,1000.000,1.647653,0.654512
36288,3,0.121882,0.873794,20,0,1000.000,2.050873,0.634943
36288,4,0.134027,0.901736,24,0,1000.000,1.840022,0.641205
36288,5,0.124629,0.886761,18,0,1000.000,2.203864,0.617991
36288,6,0.117194,0.905631,19,0,1000.000,2.099578,0.623462
36288,7,0.122378,0.878608,16,1,942.312,1.346442,0.627470
36336,0,0.127907,0.911613,13,0,1000.000,1.694732,0.658544
36336,1,0.118829,0.888314,14,0,1000.000,1.936347,0.650570
36336,2,0.133153,0.932935,19,0,1000.000,1.648539,0.656639
36336,3,0.121882,0.931799,22,0,1000.000,1.582093,0.644082
36336,4,0.134027,0.914241,19,0,1000.000,1.758116,0.646107
36336,5,0.124629,0.940634,25,0,1000.000,1.567492,0.662710
36336,6,0.117194,0.915948,24,0,1000.000,1.902417,0.656323
36336,7,0.122378,0.904869,17,0,1000.000,2.151649,0.635263
36384,0,0.127907,0.938177,23,0,1000.000,1.570614,0.668150
36384,1,0.118829,0.869366,25,0,1000.000,2.389832,0.618157
36384,2,0.133153,0.898515,26,1,978.808,2.020245,0.631707
36384,3,0.121882,0.924024,31,0,1000.000,1.680190,0.656566
36384,4,0.134027,0.898038,32,0,1000.000,1.864690,0.631907
36384,5,0.124629,0.911755,16,0,1000.000,1.988666,0.631452
36384,6,0.117194,0.893919,22,0,1000.000,1.825355,0.642290
36384,7,0.122378,0.899447,26,0,1000.000,1.944431,0.629392
36432,0,0.127907,0.930452,30,0,1000.000,1.768583,0.653146
36432,1,0.118829,0.894585,26,0,1000.000,1.961614,0.638130
36432,2,0.133153,0.873478,26,0,1000.000,2.399441,0.613244
36432,3,0.121882,0.908851,27,0,1000.000,1.860280,0.645545
36432,4,0.134027,0.921877,34,0,1000.000,1.567950,0.653152
36432,5,0.124629,0.915723,27,0,1000.000,1.739998,0.652765
36432,6,0.117194,0.901375,27,0,1000.000,1.872255,0.638519
36432,7,0.122378,0.910112,22,0,1000.000,1.623137,0.638381
36480,0,0.127907,0.905801,33,0,1000.000,1.640705,0.641219
36480,1,0.118829,0.893108,32,0,1000.000,1.958687,0.619804
36480,2,0.133153,0.930547,43,0,1000.000,1.557738,0.639152
36480,3,0.121882,0.890532,29,0,1000.000,2.139238,0.626663
36480,4,0.134027,0.902967,31,0,1000.000,1.634413,0.637512
36480,5,0.124629,0.897820,33,0,1000.000,2.037709,0.632262
36480,6,0.117194,0.902702,35,0,1000.000,2.127219,0.642746
36480,7,0.122378,0.907178,27,0,1000.000,1.957353,0.635076
36528,0,0.127907,0.910683,18,0,1000.000,1.817441,0.643191
36528,1,0.118829,0.910229,38,0,1000.000,1.853146,0.641427
36528,2,0.133153,0.908891,38,0,1000.000,1.916180,0.651146
36528,3,0.121882,0.882400,45,0,1000.000,2.144210,0.623146
36528,4,0.134027,0.902538,29,0,1000.000,1.968362,0.637280
36528,5,0.124629,0.865228,37,0,1000.000,2.167861,0.629854
36528,6,0.117194,0.899285,40,0,1000.000,1.845083,0.646301
36528,7,0.122378,0.876975,19,0,1000.000,2.205963,0.624115
36576,0,0.127907,0.906658,18,0,1000.000,1.778107,0.652243
36576,1,0.118829,0.918981,34,0,1000.000,1.762269,0.642447
36576,2,0.133153,0.905498,38,0,1000.000,1.773548,0.633860
36576,3,0.121882,0.877765,29,0,1000.000,2.097827,0.626012
36576,4,0.134027,0.874984,26,0,1000.000,2.012905,0.627007
36576,5,0.124629,0.922579,44,0,1000.000,1.835606,0.648567
36576,6,0.117194,0.905492,25,0,1000.000,1.779542,0.645683
36576,7,0.122378,0.865080,30,1,970.633,2.044774,0.624692
36624,0,0.127907,0.920475,26,0,1000.000,1.456179,0.655002
36624,1,0.118829,0.876313,17,0,1000.000,2.330394,0.625908
36624,2,0.133153,0.894364,28,0,1000.000,1.843154,0.635987
36624,3,0.121882,0.922137,22,0,1000.000,1.741172,0.661818
36624,4,0.134027,0.907395,20,0,1000.000,1.921910,0.623272
36624,5,0.124629,0.904989,17,0,1000.000,1.958284,0.619717
36624,6,0.117194,0.881174,20,0,1000.000,2.102540,0.617330
36624,7,0.122378,0.936402,24,0,1000.000,1.722374,0.657874
36672,0,0.127907,0.910192,22,0,1000.000,1.855227,0.639132
36672,1,0.118829,0.879175,15,0,1000.000,2.118564,0.630997
36672,2,0.133153,0.885724,16,0,1000.000,1.833397,0.627927
36672,3,0.121882,0.911594,20,0,1000.000,1.608377,0.642346
36672,4,0.134027,0.913392,32,0,1000.000,1.817894,0.638922
36672,5,0.124629,0.890993,19,0,1000.000,2.131977,0.633250
36672,6,0.117194,0.880431,30,0,1000.000,2.006887,0.627957
36672,7,0.122378,0.834729,22,2,920.182,1.978205,0.626496
36720,0,0.127907,0.908198,26,1,969.000,1.648700,0.643323
36720,1,0.118829,0.903823,21,0,1000.000,1.940167,0.632962
36720,2,0.133153,0.898030,22,0,1000.000,1.743749,0.641992
36720,3,0.121882,0.884186,19,0,1000.000,1.813743,0.640045
36720,4,0.134027,0.886385,22,0,1000.000,1.988996,0.629583
36720,5,0.124629,0.923815,23,0,1000.000,1.671455,0.659486
36720,6,0.117194,0.896182,24,0,1000.000,1.873868,0.633145
36720,7,0.122378,0.891961,13,0,1000.000,2.293402,0.625603
36768,0,0.127907,0.911161,24,1,961.208,1.586530,0.643976
36768,1,0.118829,0.928650,28,0,1000.000,1.674854,0.650697
36768,2,0.133153,0.879854,32,0,1000.000,2.092372,0.627552
36768,3,0.121882,0.893591,20,0,1000.000,1.945183,0.633746
36768,4,0.134027,0.906195,21,0,1000.000,1.906059,0.625568
36768,5,0.124629,0.907661,24,0,1000.000,1.760870,0.642085
36768,6,0.117194,0.907637,22,0,1000.000,1.916762,0.623036
36768,7,0.122378,0.876569,19,0,1000.000,2.169681,0.637003
36816,0,0.127907,0.901560,23,0,1000.000,1.992317,0.632917
36816,1,0.118829,0.925901,19,0,1000.000,1.470198,0.650297
36816,2,0.133153,0.922993,24,0,1000.000,1.979229,0.638748
36816,3,0.121882,0.907494,19,0,1000.000,2.135535,0.630313
36816,4,0.134027,0.896490,26,0,1000.000,1.919368,0.635872
36816,5,0.124629,0.936474,26,0,1000.000,1.472400,0.661205
36816,6,0.117194,0.901123,23,0,1000.000,1.568760,0.646078
36816,7,0.122378,0.910110,20,0,1000.000,1.809205,0.658523
36864,0,0.127907,0.867397,28,0,1000.000,2.294313,0.611387
36864,1,0.118829,0.909209,34,0,1000.000,1.949824,0.630527
36864,2,0.133153,0.909910,25,0,1000.000,1.870139,0.643146
36864,3,0.121882,0.901247,27,0,1000.000,1.883290,0.639242
36864,4,0.134027,0.895891,27,0,1000.000,2.088861,0.634436
36864,5,0.124629,0.897347,29,0,1000.000,1.987881,0.630857
36864,6,0.117194,0.904418,30,0,1000.000,1.891930,0.637360
36864,7,0.122378,0.921942,31,0,1000.000,1.926446,0.644374
36912,0,0.127907,0.896443,27,0,1000.000,1.722782,0.639729
36912,1,0.118829,0.924364,36,0,1000.000,1.777006,0.650771
36912,2,0.133153,0.913233,22,0,1000.000,1.878661,0.653286
36912,3,0.121882,0.924358,30,0,1000.000,1.823096,0.646562
36912,4,0.134027,0.909069,26,0,1000.000,1.924414,0.639596
36912,5,0.124629,0.909753,26,0,1000.000,1.763230,0.627571
36912,6,0.117194,0.913568,20,0,1000.000,1.686617,0.653122
36912,7,0.122378,0.919288,22,0,1000.000,1.990094,0.657781
36960,0,0.127907,0.906448,24,0,1000.000,1.970198,0.638465
36960,1,0.118829,0.890853,29,0,1000.000,2.189653,0.632684
36960,2,0.133153,0.919194,33,0,1000.000,1.640451,0.641200
36960,3,0.121882,0.891358,29,0,1000.000,2.293083,0.623954
36960,4,0.134027,0.914183,36,0,1000.000,1.729276,0.645535
36960,5,0.124629,0.909029,32,0,1000.000,1.957000,0.636083
36960,6,0.117194,0.884448,36,0,1000.000,2.151645,0.621969
36960,7,0.122378,0.926702,34,0,1000.000,1.826955,0.655224
37008,0,0.127907,0.896592,23,0,1000.000,2.011035,0.628654
37008,1,0.118829,0.895954,17,0,1000.000,1.987827,0.637539
37008,2,0.133153,0.899580,27,0,1000.000,2.157397,0.632775
37008,3,0.121882,0.892957,33,0,1000.000,2.104374,0.634196
37008,4,0.134027,0.905568,38,0,1000.000,2.081867,0.611426
37008,5,0.124629,0.917792,23,0,1000.000,1.772790,0.641825
37008,6,0.117194,0.887618,22,0,1000.000,1.906976,0.625811
37008,7,0.122378,0.927289,19,0,1000.000,1.520307,0.636422
37056,0,0.127907,0.911588,20,1,977.750,2.034542,0.621299
37056,1,0.118829,0.924295,17,0,1000.000,1.896046,0.635047
37056,2,0.133153,0.918095,18,0,1000.000,1.565092,0.630467
37056,3,0.121882,0.923420,16,0,1000.000,1.836775,0.634750
37056,4,0.134027,0.880990,14,0,1000.000,2.382623,0.604130
37056,5,0.124629,0.863237,19,0,1000.000,2.312113,0.608599
37056,6,0.117194,0.906113,20,0,1000.000,1.886775,0.630690
37056,7,0.122378,0.877682,25,1,964.640,1.626579,0.647408
37104,0,0.127907,0.924060,18,0,1000.000,1.861091,0.647527
37104,1,0.118829,0.885041,18,0,1000.000,1.829535,0.627895
37104,2,0.133153,0.883355,30,0,1000.000,2.051110,0.634594
37104,3,0.121882,0.914446,16,0,1000.000,1.755609,0.637615
37104,4,0.134027,0.938609,29,0,1000.000,1.648136,0.667421
37104,5,0.124629,0.931016,18,0,1000.000,1.523276,0.654071
37104,6,0.117194,0.865129,13,1,927.154,1.321599,0.620516
37104,7,0.122378,0.897729,25,0,1000.000,1.911145,0.627348
37152,0,0.127907,0.921334,20,0,1000.000,1.822476,0.640149
37152,1,0.118829,0.914247,23,0,1000.000,1.846956,0.654670
37152,2,0.133153,0.913002,29,0,1000.000,1.951903,0.644955
37152,3,0.121882,0.901222,23,0,1000.000,1.913489,0.627508
37152,4,0.134027,0.892012,23,0,1000.000,2.264152,0.626131
37152,5,0.124629,0.910113,24,0,1000.000,1.888993,0.634298
37152,6,0.117194,0.881273,19,0,1000.000,2.159727,0.628329
37152,7,0.122378,0.914220,28,0,1000.000,1.791205,0.641945
37200,0,0.127907,0.887282,22,1,960.500,2.084443,0.610134
37200,1,0.118829,0.925474,17,0,1000.000,1.796445,0.639765
37200,2,0.133153,0.888751,18,0,1000.000,2.294495,0.625657
37200,3,0.121882,0.933419,23,0,1000.000,1.576033,0.637342
37200,4,0.134027,0.895782,15,0,1000.000,2.186050,0.620329
37200,5,0.124629,0.916221,29,0,1000.000,1.918220,0.645496
37200,6,0.117194,0.917644,22,0,1000.000,1.793748,0.648704
37200,7,0.122378,0.883802,20,0,1000.000,2.286106,0.618570
37248,0,0.127907,0.905701,23,0,1000.000,1.950325,0.642770
37248,1,0.118829,0.913280,16,0,1000.000,1.606792,0.648384
37248,2,0.133153,0.937589,29,0,1000.000,1.697198,0.643057
37248,3,0.121882,0.885715,23,0,1000.000,1.989335,0.636779
37248,4,0.134027,0.887082,25,0,1000.000,2.160618,0.624703
37248,5,0.124629,0.914623,21,0,1000.000,1.841026,0.636659
37248,6,0.117194,0.928264,24,0,1000.000,1.611802,0.657851
37248,7,0.122378,0.913223,18,0,1000.000,1.939129,0.649322
37296,0,0.127907,0.887511,18,0,1000.000,2.007449,0.630819
37296,1,0.118829,0.928539,21,0,1000.000,1.513892,0.647957
37296,2,0.133153,0.899406,13,0,1000.000,1.427116,0.644732
37296,3,0.121882,0.852858,18,0,1000.000,2.509942,0.613136
37296,4,0.134027,0.927105,22,0,1000.000,1.847411,0.647644
37296,5,0.124629,0.938907,21,0,1000.000,1.812828,0.651092
37296,6,0.117194,0.899196,13,0,1000.000,2.303835,0.620348
37296,7,0.122378,0.909658,23,0,1000.000,1.877776,0.630500
37344,0,0.127907,0.914348,21,0,1000.000,1.817914,0.648298
37344,1,0.118829,0.883090,17,0,1000.000,1.931246,0.642477
37344,2,0.133153,0.912360,22,0,1000.000,2.125055,0.631897
37344,3,0.121882,0.912019,19,0,1000.000,2.225613,0.640844
37344,4,0.134027,0.919457,24,0,1000.000,1.635324,0.651264
37344,5,0.124629,0.927576,20,0,1000.000,1.438668,0.669336
37344,6,0.117194,0.914533,23,0,1000.000,1.866309,0.653377
37344,7,0.122378,0.931223,14,0,1000.000,1.839317,0.664833
37392,0,0.127907,0.935770,31,0,1000.000,1.496237,0.655809
37392,1,0.118829,0.930660,24,1,975.292,1.592612,0.655640
37392,2,0.133153,0.909476,26,0,1000.000,1.872873,0.641935
37392,3,0.121882,0.938721,21,0,1000.000,1.661132,0.665566
37392,4,0.134027,0.915036,28,0,1000.000,1.863140,0.644665
37392,5,0.124629,0.888941,21,0,1000.000,2.346078,0.615785
37392,6,0.117194,0.897134,26,0,1000.000,2.072027,0.630892
37392,7,0.122378,0.917200,33,0,1000.000,1.836428,0.651640
37440,0,0.127907,0.892515,37,0,1000.000,2.135438,0.630475
37440,1,0.118829,0.899829,26,0,1000.000,1.873791,0.651838
37440,2,0.133153,0.895991,25,0,1000.000,2.062181,0.627337
37440,3,0.121882,0.916570,23,0,1000.000,1.776260,0.657989
37440,4,0.134027,0.884215,22,0,1000.000,2.054943,0.619116
37440,5,0.124629,0.928544,27,0,1000.000,1.565393,0.655831
37440,6,0.117194,0.912365,30,0,1000.000,1.786913,0.656970
37440,7,0.122378,0.914722,30,0,1000.000,1.758206,0.644326
37488,0,0.127907,0.915503,31,1,971.065,1.750146,0.631923
37488,1,0.118829,0.921302,29,0,1000.000,1.552087,0.658040
37488,2,0.133153,0.913806,37,0,1000.000,1.940006,0.647050
37488,3,0.121882,0.904352,26,0,1000.000,2.119181,0.632658
37488,4,0.134027,0.916851,36,0,1000.000,1.753638,0.661835
37488,5,0.124629,0.905062,34,0,1000.000,1.835057,0.633757
37488,6,0.117194,0.906971,29,0,1000.000,2.061667,0.630662
37488,7,0.122378,0.908571,39,0,1000.000,1.750026,0.646268
37536,0,0.127907,0.904730,40,0,1000.000,1.843816,0.646075
37536,1,0.118829,0.922686,37,0,1000.000,1.628785,0.648978
37536,2,0.133153,0.910292,38,0,1000.000,1.910710,0.631338
37536,3,0.121882,0.943463,26,0,1000.000,1.588471,0.668288
37536,4,0.134027,0.923013,44,0,1000.000,1.797618,0.648194
37536,5,0.124629,0.874011,36,1,975.194,1.846223,0.637079
37536,6,0.117194,0.902614,25,0,1000.000,2.032105,0.639405
37536,7,0.122378,0.868832,29,0,1000.000,2.299271,0.621784
37584,0,0.127907,0.889358,37,0,1000.000,2.012378,0.637163
37584,1,0.118829,0.935455,28,0,1000.000,1.655975,0.667282
37584,2,0.133153,0.916462,25,0,1000.000,1.712292,0.650718
37584,3,0.121882,0.898462,27,0,1000.000,1.885432,0.638917
37584,4,0.134027,0.879104,25,0,1000.000,2.037854,0.626470
37584,5,0.124629,0.894496,30,0,1000.000,1.941944,0.630244
37584,6,0.117194,0.922541,28,0,1000.000,1.798805,0.655933
37584,7,0.122378,0.893527,28,0,1000.000,2.023386,0.634752
37632,0,0.127907,0.934984,19,0,1000.000,1.526496,0.653465
37632,1,0.118829,0.914262,21,0,1000.000,1.708600,0.656507
37632,2,0.133153,0.910527,20,0,1000.000,1.720833,0.651724
37632,3,0.121882,0.924444,23,0,1000.000,1.954054,0.658326
37632,4,0.134027,0.921571,20,0,1000.000,1.950633,0.669586
37632,5,0.124629,0.906664,18,0,1000.000,1.769265,0.644598
37632,6,0.117194,0.901217,29,0,1000.000,1.948234,0.640365
37632,7,0.122378,0.857507,18,1,947.278,1.797347,0.615850
37680,0,0.127907,0.903636,22,0,1000.000,1.969861,0.631955
37680,1,0.118829,0.925007,26,0,1000.000,1.779327,0.647686
37680,2,0.133153,0.911031,19,0,1000.000,1.839014,0.653886
37680,3,0.121882,0.907589,23,0,1000.000,1.643046,0.655298
37680,4,0.134027,0.919682,25,0,1000.000,1.722034,0.662391
37680,5,0.124629,0.891382,25,0,1000.000,2.007191,0.630411
37680,6,0.117194,0.920011,16,0,1000.000,1.741270,0.645361
37680,7,0.122378,0.907407,22,0,1000.000,1.838128,0.642204
37728,0,0.127907,0.921072,24,0,1000.000,1.773397,0.652938
37728,1,0.118829,0.889858,20,0,1000.000,1.880555,0.643645
37728,2,0.133153,0.877176,23,0,1000.000,2.145211,0.631012
37728,3,0.121882,0.896860,26,0,1000.000,2.139546,0.641065
37728,4,0.134027,0.883889,20,0,1000.000,2.359877,0.626577
37728,5,0.124629,0.885446,25,0,1000.000,2.263274,0.624560
37728,6,0.117194,0.875764,15,0,1000.000,2.276770,0.638520
37728,7,0.122378,0.900748,16,0,1000.000,2.122823,0.641036
37776,0,0.127907,0.903228,16,0,1000.000,1.749574,0.635826
37776,1,0.118829,0.923867,19,0,1000.000,1.669980,0.664715
37776,2,0.133153,0.913264,21,0,1000.000,1.713515,0.669575
37776,3,0.121882,0.896224,29,0,1000.000,1.916556,0.632610
37776,4,0.134027,0.907792,23,0,1000.000,1.875564,0.663755
37776,5,0.124629,0.887980,23,0,1000.000,1.933635,0.635074
37776,6,0.117194,0.902450,17,0,1000.000,2.302496,0.629164
37776,7,0.122378,0.904069,34,0,1000.000,1.921040,0.644885
37824,0,0.127907,0.923999,34,0,1000.000,1.654005,0.654188
37824,1,0.118829,0.910898,23,0,1000.000,1.561834,0.647425
37824,2,0.133153,0.909342,24,0,1000.000,1.998639,0.626145
37824,3,0.121882,0.916335,22,0,1000.000,1.523939,0.644678
37824,4,0.134027,0.905556,25,0,1000.000,2.118548,0.643245
37824,5,0.124629,0.928241,25,0,1000.000,1.726107,0.646561
37824,6,0.117194,0.917665,24,0,1000.000,1.751451,0.638009
37824,7,0.122378,0.899411,23,0,1000.000,2.148236,0.632946
37872,0,0.127907,0.927043,34,0,1000.000,2.043417,0.646657
37872,1,0.118829,0.912584,24,0,1000.000,1.723446,0.655717
37872,2,0.133153,0.898580,32,0,1000.000,2.123554,0.644887
37872,3,0.121882,0.933707,32,0,1000.000,1.553782,0.646385
37872,4,0.134027,0.918090,19,0,1000.000,1.984489,0.655107
37872,5,0.124629,0.920948,29,0,1000.000,1.884389,0.660090
37872,6,0.117194,0.928112,18,0,1000.000,1.294604,0.644990
37872,7,0.122378,0.932169,31,0,1000.000,1.645837,0.653021
37920,0,0.127907,0.916087,33,0,1000.000,2.008583,0.653331
37920,1,0.118829,0.930839,19,0,1000.000,1.582001,0.671127
37920,2,0.133153,0.914235,33,0,1000.000,1.855877,0.643078
37920,3,0.121882,0.936312,14,0,1000.000,1.761419,0.632771
37920,4,0.134027,0.883611,25,0,1000.000,2.188832,0.624808
37920,5,0.124629,0.889841,36,0,1000.000,1.924851,0.637028
37920,6,0.117194,0.907253,31,0,1000.000,1.973307,0.638681
37920,7,0.122378,0.881932,30,0,1000.000,2.122975,0.633845
37968,0,0.127907,0.938734,38,0,1000.000,1.406338,0.657684
37968,1,0.118829,0.911133,25,0,1000.000,1.804802,0.647800
37968,2,0.133153,0.902429,40,0,1000.000,1.977615,0.637860
37968,3,0.121882,0.919804,32,0,1000.000,1.735871,0.638871
37968,4,0.134027,0.927263,23,0,1000.000,2.061121,0.638804
37968,5,0.124629,0.922305,37,0,1000.000,1.841958,0.647521
37968,6,0.117194,0.901846,33,0,1000.000,1.890411,0.639687
37968,7,0.122378,0.907105,18,0,1000.000,1.901207,0.635511
38016,0,0.127907,0.908841,35,1,989.114,1.687736,0.645790
38016,1,0.118829,0.901197,24,0,1000.000,1.977812,0.644168
38016,2,0.133153,0.913912,25,0,1000.000,1.920249,0.641933
38016,3,0.121882,0.927303,27,0,1000.000,1.773334,0.661541
38016,4,0.134027,0.904102,25,0,1000.000,1.619922,0.636538
38016,5,0.124629,0.896996,20,0,1000.000,2.072548,0.643265
38016,6,0.117194,0.939858,14,0,1000.000,1.302300,0.647708
38016,7,0.122378,0.902299,26,0,1000.000,2.114519,0.628396
38064,0,0.127907,0.892587,15,0,1000.000,2.419074,0.632928
38064,1,0.118829,0.916779,17,0,1000.000,1.851047,0.641575
38064,2,0.133153,0.913381,22,0,1000.000,1.592684,0.636247
38064,3,0.121882,0.919533,14,0,1000.000,1.671613,0.646329
38064,4,0.134027,0.936146,15,0,1000.000,1.455423,0.646997
38064,5,0.124629,0.915371,22,0,1000.000,1.715470,0.664039
38064,6,0.117194,0.907712,28,0,1000.000,1.866064,0.636076
38064,7,0.122378,0.916270,15,0,1000.000,1.751885,0.648274
38112,0,0.127907,0.914986,22,0,1000.000,1.821873,0.648534
38112,1,0.118829,0.923712,17,0,1000.000,1.793492,0.656881
38112,2,0.133153,0.912802,28,0,1000.000,2.009177,0.641867
38112,3,0.121882,0.915433,23,0,1000.000,1.780694,0.632144
38112,4,0.134027,0.890158,20,0,1000.000,2.105949,0.624559
38112,5,0.124629,0.894509,23,0,1000.000,2.089877,0.622183
38112,6,0.117194,0.893898,14,0,1000.000,2.193711,0.637251
38112,7,0.122378,0.920777,20,0,1000.000,1.781462,0.638768
38160,0,0.127907,0.948847,19,0,1000.000,1.296840,0.635070
38160,1,0.118829,0.921897,21,0,1000.000,1.857796,0.651564
38160,2,0.133153,0.922026,28,0,1000.000,1.685130,0.653162
38160,3,0.121882,0.901162,22,0,1000.000,1.764069,0.622705
38160,4,0.134027,0.911279,23,0,1000.000,2.048047,0.646695
38160,5,0.124629,0.897069,28,0,1000.000,2.119900,0.625205
38160,6,0.117194,0.916000,20,0,1000.000,2.290173,0.637750
38160,7,0.122378,0.882857,29,0,1000.000,2.196367,0.630514
38208,0,0.127907,0.908061,20,0,1000.000,2.047868,0.631733
38208,1,0.118829,0.898886,20,0,1000.000,2.081867,0.639149
38208,2,0.133153,0.940401,22,0,1000.000,1.710074,0.660523
38208,3,0.121882,0.877335,23,0,1000.000,2.159064,0.629418
38208,4,0.134027,0.892431,18,0,1000.000,2.058974,0.648056
38208,5,0.124629,0.907623,24,0,1000.000,1.954559,0.638887
38208,6,0.117194,0.894627,19,0,1000.000,2.051761,0.641873
38208,7,0.122378,0.897269,20,0,1000.000,2.109587,0.632421
38256,0,0.127907,0.905442,29,0,1000.000,1.976672,0.640988
38256,1,0.118829,0.928854,20,0,1000.000,1.655364,0.640545
38256,2,0.133153,0.928466,14,0,1000.000,1.863827,0.646026
38256,3,0.121882,0.940968,14,0,1000.000,1.672104,0.659357
38256,4,0.134027,0.912156,28,0,1000.000,2.008998,0.652690
38256,5,0.124629,0.919313,30,0,1000.000,1.973686,0.641372
38256,6,0.117194,0.895376,19,0,1000.000,2.181655,0.625341
38256,7,0.122378,0.911497,16,0,1000.000,1.960641,0.627350
38304,0,0.127907,0.792931,8,0,1000.000,2.577762,0.584688
38304,1,0.118829,0.915965,23,0,1000.000,1.723491,0.655791
38304,2,0.133153,0.910342,24,0,1000.000,1.822766,0.645236
38304,3,0.121882,0.947938,17,0,1000.000,1.241154,0.663747
38304,4,0.134027,0.894289,20,0,1000.000,2.104927,0.628917
38304,5,0.124629,0.886520,13,0,1000.000,2.189130,0.626003
38304,6,0.117194,0.888050,30,0,1000.000,2.510685,0.612527
38304,7,0.122378,0.919672,21,0,1000.000,1.837951,0.644984
38352,0,0.127907,0.921489,24,0,1000.000,1.804287,0.645992
38352,1,0.118829,0.891745,21,0,1000.000,2.360156,0.627395
38352,2,0.133153,0.932805,29,0,1000.000,1.686534,0.663185
38352,3,0.121882,0.929658,26,0,1000.000,1.834743,0.675539
38352,4,0.134027,0.939920,19,0,1000.000,1.631776,0.650651
38352,5,0.124629,0.930660,14,0,1000.000,1.785436,0.662980
38352,6,0.117194,0.943735,15,0,1000.000,1.542552,0.684462
38352,7,0.122378,0.925852,18,0,1000.000,1.678455,0.640719
38400,0,0.127907,0.930978,23,0,1000.000,1.794715,0.659998
38400,1,0.118829,0.894991,24,1,960.292,1.839829,0.639899
38400,2,0.133153,0.905895,24,0,1000.000,2.057483,0.626141
38400,3,0.121882,0.933601,26,0,1000.000,1.563455,0.644327
38400,4,0.134027,0.928771,31,0,1000.000,1.799574,0.650944
38400,5,0.124629,0.933942,25,0,1000.000,1.585668,0.655786
38400,6,0.117194,0.907972,28,0,1000.000,1.914994,0.636862
38400,7,0.122378,0.898511,27,0,1000.000,2.002895,0.635503
38448,0,0.122597,0.908888,35,0,1000.000,1.832381,0.652989
38448,1,0.129583,0.879322,18,0,1000.000,2.382504,0.628839
38448,2,0.125633,0.909757,26,0,1000.000,2.229655,0.623271
38448,3,0.137685,0.906346,28,0,1000.000,2.125196,0.633747
38448,4,0.119280,0.883705,33,1,971.697,1.880614,0.627784
38448,5,0.116523,0.883897,28,0,1000.000,2.133801,0.621676
38448,6,0.120765,0.914427,24,0,1000.000,1.834218,0.647867
38448,7,0.127935,0.899259,27,0,1000.000,2.309137,0.630054
38496,0,0.122597,0.881671,37,0,1000.000,2.057365,0.622479
38496,1,0.129583,0.902612,35,0,1000.000,2.026989,0.632040
38496,2,0.125633,0.908149,30,0,1000.000,2.052434,0.641907
38496,3,0.137685,0.899018,37,0,1000.000,2.166231,0.640107
38496,4,0.119280,0.905034,23,0,1000.000,2.124194,0.639928
38496,5,0.116523,0.914153,33,0,1000.000,1.891018,0.643276
38496,6,0.120765,0.905139,29,0,1000.000,1.738959,0.625890
38496,7,0.127935,0.900136,36,0,1000.000,1.960278,0.633077
38544,0,0.122597,0.897521,37,1,974.513,1.673961,0.633042
38544,1,0.129583,0.928011,32,0,1000.000,1.814468,0.646529
38544,2,0.125633,0.943594,29,0,1000.000,1.493479,0.658491
38544,3,0.137685,0.916271,52,0,1000.000,1.724932,0.647775
38544,4,0.119280,0.898103,25,0,1000.000,1.462862,0.651821
38544,5,0.116523,0.891859,28,0,1000.000,2.024071,0.632375
38544,6,0.120765,0.922156,31,0,1000.000,1.601964,0.644121
38544,7,0.127935,0.908235,50,1,982.260,1.704287,0.638887
38640,0,0.122597,0.901684,43,0,1000.000,1.932098,0.641706
38640,1,0.129583,0.912511,44,0,1000.000,1.784914,0.651061
38640,2,0.125633,0.900366,53,0,1000.000,1.980301,0.629233
38640,3,0.137685,0.936101,58,0,1000.000,1.525620,0.658152
38640,4,0.119280,0.909896,43,0,1000.000,1.697009,0.645369
38640,5,0.116523,0.924312,46,0,1000.000,1.855434,0.650009
38640,6,0.120765,0.907997,54,0,1000.000,1.951842,0.627214
38640,7,0.127935,0.893613,45,0,1000.000,1.871049,0.627691
38688,0,0.122597,0.911616,23,1,958.348,1.716720,0.624957
38688,1,0.129583,0.868999,25,0,1000.000,2.182843,0.629253
38688,2,0.125633,0.901286,29,0,1000.000,1.963030,0.634766
38688,3,0.137685,0.918908,13,0,1000.000,2.372489,0.627690
38688,4,0.119280,0.879120,21,0,1000.000,2.268506,0.618027
38688,5,0.116523,0.910488,17,0,1000.000,1.980482,0.638336
38688,6,0.120765,0.938961,24,0,1000.000,1.317562,0.635520
38688,7,0.127935,0.917162,18,0,1000.000,1.810043,0.654178
38736,0,0.122597,0.924279,22,0,1000.000,1.567425,0.634282
38736,1,0.129583,0.897505,26,0,1000.000,2.131963,0.635732
38736,2,0.125633,0.929316,20,0,1000.000,1.589356,0.652296
38736,3,0.137685,0.876152,26,0,1000.000,2.140620,0.627416
38736,4,0.119280,0.914598,22,0,1000.000,1.988958,0.644164
38736,5,0.116523,0.902999,28,0,1000.000,1.815856,0.647335
38736,6,0.120765,0.913543,24,0,1000.000,1.850616,0.652501
38736,7,0.127935,0.916102,20,0,1000.000,1.956222,0.630728
38832,0,0.122597,0.906313,40,0,1000.000,1.977297,0.630911
38832,1,0.129583,0.926425,48,0,1000.000,1.742796,0.662641
38832,2,0.125633,0.907881,48,0,1000.000,1.953569,0.642872
38832,3,0.137685,0.912099,46,0,1000.000,1.818412,0.638652
38832,4,0.119280,0.898802,38,0,1000.000,1.913456,0.637877
38832,5,0.116523,0.907327,60,0,1000.000,1.911383,0.639315
38832,6,0.120765,0.900816,57,0,1000.000,1.899975,0.632656
38832,7,0.127935,0.937635,50,0,1000.000,1.598842,0.661126
38880,0,0.122597,0.916392,30,0,1000.000,1.790223,0.641407
38880,1,0.129583,0.915055,28,0,1000.000,2.016810,0.638799
38880,2,0.125633,0.921510,26,0,1000.000,1.872273,0.639836
38880,3,0.137685,0.926681,33,0,1000.000,1.863503,0.643612
38880,4,0.119280,0.930069,36,0,1000.000,1.809236,0.644243
38880,5,0.116523,0.927594,20,0,1000.000,1.940936,0.656667
38880,6,0.120765,0.916277,16,0,1000.000,1.898836,0.642616
38880,7,0.127935,0.922446,25,0,1000.000,1.980095,0.637529
38928,0,0.122597,0.918441,28,1,993.286,1.649869,0.640262
38928,1,0.129583,0.911432,30,0,1000.000,2.149040,0.634941
38928,2,0.125633,0.909053,37,0,1000.000,1.991778,0.632972
38928,3,0.137685,0.933954,20,0,1000.000,1.707535,0.643589
38928,4,0.119280,0.918100,25,0,1000.000,1.754066,0.636490
38928,5,0.116523,0.901556,30,0,1000.000,1.840900,0.640617
38928,6,0.120765,0.933640,23,0,1000.000,1.702411,0.643311
38928,7,0.127935,0.920746,27,0,1000.000,2.118806,0.636894
38976,0,0.122597,0.926223,25,0,1000.000,1.820331,0.649895
38976,1,0.129583,0.885054,16,1,941.312,1.825307,0.618460
38976,2,0.125633,0.925432,38,0,1000.000,1.798694,0.639538
38976,3,0.137685,0.921123,46,0,1000.000,1.805384,0.648474
38976,4,0.119280,0.918547,27,0,1000.000,1.691992,0.655600
38976,5,0.116523,0.905731,28,0,1000.000,2.144099,0.639704
38976,6,0.120765,0.936114,35,0,1000.000,1.707430,0.644656
38976,7,0.127935,0.893504,28,0,1000.000,2.197056,0.619443
39024,0,0.122597,0.925562,20,0,1000.000,1.903306,0.653652
39024,1,0.129583,0.905635,32,0,1000.000,1.794201,0.630905
39024,2,0.125633,0.934597,20,0,1000.000,1.386633,0.659939
39024,3,0.137685,0.927461,24,0,1000.000,1.847100,0.648578
39024,4,0.119280,0.915046,19,0,1000.000,1.834230,0.632201
39024,5,0.116523,0.898107,22,0,1000.000,2.221075,0.638909
39024,6,0.120765,0.928995,27,0,1000.000,1.794542,0.659556
39024,7,0.127935,0.917039,24,0,1000.000,1.811147,0.650083
39072,0,0.122597,0.912836,20,1,979.550,1.835145,0.649809
39072,1,0.129583,0.911189,24,0,1000.000,1.673019,0.630892
39072,2,0.125633,0.920310,20,0,1000.000,1.850117,0.636890
39072,3,0.137685,0.922556,20,0,1000.000,1.968419,0.644632
39072,4,0.119280,0.907166,17,0,1000.000,1.839647,0.628777
39072,5,0.116523,0.909071,21,0,1000.000,2.235425,0.642147
39072,6,0.120765,0.908005,13,0,1000.000,1.977600,0.644613
39072,7,0.127935,0.925417,15,0,1000.000,1.963780,0.625375
39120,0,0.122597,0.918168,31,0,1000.000,1.686774,0.639273
39120,1,0.129583,0.914620,24,0,1000.000,1.998235,0.628146
39120,2,0.125633,0.904126,20,0,1000.000,2.202001,0.625361
39120,3,0.137685,0.919154,20,0,1000.000,1.862825,0.634466
39120,4,0.119280,0.892780,12,0,1000.000,2.286490,0.617382
39120,5,0.116523,0.928449,24,0,1000.000,2.089579,0.637223
39120,6,0.120765,0.943012,23,0,1000.000,1.809211,0.656185
39120,7,0.127935,0.923358,20,0,1000.000,1.765948,0.641149
39168,0,0.122597,0.931084,24,0,1000.000,1.790479,0.655717
39168,1,0.129583,0.901299,24,0,1000.000,2.018144,0.618970
39168,2,0.125633,0.915114,30,0,1000.000,1.893445,0.637459
39168,3,0.137685,0.924972,30,0,1000.000,1.865535,0.637999
39168,4,0.119280,0.914953,18,0,1000.000,1.720127,0.640463
39168,5,0.116523,0.937896,18,0,1000.000,1.598199,0.652338
39168,6,0.120765,0.934477,25,0,1000.000,1.563271,0.651640
39168,7,0.127935,0.939511,10,0,1000.000,1.483751,0.674993
39216,0,0.122597,0.927571,25,0,1000.000,1.701912,0.659061
39216,1,0.129583,0.918407,23,0,1000.000,1.854720,0.634453
39216,2,0.125633,0.936602,19,0,1000.000,1.503876,0.666621
39216,3,0.137685,0.938119,25,0,1000.000,1.689449,0.645239
39216,4,0.119280,0.916917,21,0,1000.000,2.157663,0.638781
39216,5,0.116523,0.901513,14,0,1000.000,2.168119,0.641491
39216,6,0.120765,0.942207,15,0,1000.000,1.423024,0.671557
39216,7,0.127935,0.932148,26,0,1000.000,1.723047,0.660076
39264,0,0.122597,0.921200,20,0,1000.000,1.647899,0.659128
39264,1,0.129583,0.915928,20,0,1000.000,1.884105,0.627659
39264,2,0.125633,0.903692,15,0,1000.000,1.794074,0.649839
39264,3,0.137685,0.898195,26,0,1000.000,2.091714,0.638819
39264,4,0.119280,0.910494,16,0,1000.000,2.061151,0.633689
39264,5,0.116523,0.937515,26,0,1000.000,1.577752,0.652461
39264,6,0.120765,0.899881,25,0,1000.000,2.095193,0.617748
39264,7,0.127935,0.876833,26,1,964.654,1.827137,0.631803
39312,0,0.122597,0.937582,23,0,1000.000,1.679194,0.653167
39312,1,0.129583,0.929958,16,0,1000.000,1.917930,0.648239
39312,2,0.125633,0.908595,19,0,1000.000,1.902656,0.637686
39312,3,0.137685,0.930236,19,0,1000.000,1.894714,0.653975
39312,4,0.119280,0.902077,18,0,1000.000,2.132349,0.630956
39312,5,0.116523,0.896869,18,0,1000.000,1.994665,0.639640
39312,6,0.120765,0.929803,17,0,1000.000,1.759724,0.635294
39312,7,0.127935,0.913737,13,0,1000.000,1.981952,0.641323
39360,0,0.122597,0.910030,24,0,1000.000,1.615533,0.650381
39360,1,0.129583,0.920068,26,0,1000.000,1.741211,0.642848
39360,2,0.125633,0.903718,21,0,1000.000,2.048372,0.627898
39360,3,0.137685,0.914236,27,0,1000.000,1.836543,0.644522
39360,4,0.119280,0.892069,23,0,1000.000,2.294927,0.626742
39360,5,0.116523,0.941958,22,0,1000.000,1.537060,0.660817
39360,6,0.120765,0.923245,24,0,1000.000,1.848920,0.630540
39360,7,0.127935,0.876039,26,1,965.000,1.874854,0.626631
39408,0,0.122597,0.913826,22,0,1000.000,1.807923,0.649813
39408,1,0.129583,0.896540,23,0,1000.000,2.236927,0.625723
39408,2,0.125633,0.884438,17,0,1000.000,2.276850,0.612161
39408,3,0.137685,0.911255,37,0,1000.000,1.983010,0.635399
39408,4,0.119280,0.910409,26,0,1000.000,2.051781,0.625561
39408,5,0.116523,0.934748,17,0,1000.000,1.436138,0.643182
39408,6,0.120765,0.922554,29,0,1000.000,1.862638,0.649631
39408,7,0.127935,0.907517,26,0,1000.000,1.884364,0.647394
39456,0,0.122597,0.925873,34,0,1000.000,1.721709,0.656830
39456,1,0.129583,0.905384,19,0,1000.000,1.904759,0.620080
39456,2,0.125633,0.926784,21,0,1000.000,1.942170,0.640692
39456,3,0.137685,0.904130,43,0,1000.000,1.851737,0.648048
39456,4,0.119280,0.911028,27,0,1000.000,1.754007,0.649966
39456,5,0.116523,0.898081,18,0,1000.000,1.972505,0.629135
39456,6,0.120765,0.918952,32,0,1000.000,2.016148,0.643072
39456,7,0.127935,0.908305,36,0,1000.000,1.943273,0.617788
39504,0,0.122597,0.907716,35,0,1000.000,2.113815,0.629708
39504,1,0.129583,0.909294,45,0,1000.000,2.022708,0.634516
39504,2,0.125633,0.910831,26,0,1000.000,1.865272,0.642056
39504,3,0.137685,0.900309,24,0,1000.000,1.981730,0.618607
39504,4,0.119280,0.865648,28,0,1000.000,2.369301,0.610312
39504,5,0.116523,0.918287,31,0,1000.000,1.899801,0.641156
39504,6,0.120765,0.911154,31,0,1000.000,1.858474,0.643142
39504,7,0.127935,0.910013,31,0,1000.000,1.838139,0.631437
39552,0,0.122597,0.907407,27,1,977.185,1.842464,0.634632
39552,1,0.129583,0.896146,29,0,1000.000,1.989347,0.620139
39552,2,0.125633,0.905687,41,0,1000.000,1.818231,0.642405
39552,3,0.137685,0.907539,36,0,1000.000,2.132853,0.643969
39552,4,0.119280,0.898813,48,0,1000.000,2.052855,0.628958
39552,5,0.116523,0.914431,33,0,1000.000,1.694906,0.628470
39552,6,0.120765,0.878318,30,1,970.233,2.002440,0.627993
39552,7,0.127935,0.900162,41,1,979.024,1.776023,0.649751
39600,0,0.122597,0.939987,25,1,989.000,1.607498,0.644276
39600,1,0.129583,0.905606,20,0,1000.000,1.920942,0.640268
39600,2,0.125633,0.927385,29,0,1000.000,1.585815,0.648802
39600,3,0.137685,0.901749,32,0,1000.000,2.134084,0.631920
39600,4,0.119280,0.857728,21,0,1000.000,2.157886,0.614429
39600,5,0.116523,0.890710,25,0,1000.000,2.164727,0.632429
39600,6,0.120765,0.892533,35,0,1000.000,2.254049,0.635669
39600,7,0.127935,0.838466,18,1,950.167,2.173007,0.615989
39648,0,0.122597,0.900951,14,0,1000.000,1.576934,0.647794
39648,1,0.129583,0.875351,19,0,1000.000,2.215163,0.629696
39648,2,0.125633,0.937095,27,0,1000.000,1.567361,0.661938
39648,3,0.137685,0.910845,17,0,1000.000,1.976544,0.644335
39648,4,0.119280,0.904653,27,0,1000.000,1.831056,0.643243
39648,5,0.116523,0.917238,19,0,1000.000,1.755271,0.641406
39648,6,0.120765,0.897024,21,0,1000.000,1.994210,0.635215
39648,7,0.127935,0.861593,29,1,968.241,1.874501,0.623686
39696,0,0.122597,0.903439,22,0,1000.000,1.830755,0.638187
39696,1,0.129583,0.933296,14,0,1000.000,1.707338,0.652505
39696,2,0.125633,0.940901,22,0,1000.000,1.487569,0.650908
39696,3,0.137685,0.923386,28,0,1000.000,1.937619,0.629841
39696,4,0.119280,0.917979,21,0,1000.000,1.570393,0.646811
39696,5,0.116523,0.937857,17,0,1000.000,1.593881,0.645044
39696,6,0.120765,0.934945,22,0,1000.000,1.678192,0.665396
39696,7,0.127935,0.922571,28,0,1000.000,1.697574,0.653209
39744,0,0.122597,0.918388,24,0,1000.000,1.760991,0.641443
39744,1,0.129583,0.917033,23,0,1000.000,1.863257,0.639741
39744,2,0.125633,0.937884,25,0,1000.000,1.660074,0.651146
39744,3,0.137685,0.925858,26,0,1000.000,1.914467,0.657784
39744,4,0.119280,0.911342,22,0,1000.000,1.921737,0.637616
39744,5,0.116523,0.909987,21,0,1000.000,1.840684,0.633114
39744,6,0.120765,0.917615,21,0,1000.000,1.846430,0.628778
39744,7,0.127935,0.881957,23,1,960.870,1.685484,0.628454
39792,0,0.122597,0.925199,25,1,990.360,1.702732,0.644338
39792,1,0.129583,0.882562,19,0,1000.000,2.310351,0.628248
39792,2,0.125633,0.910916,18,0,1000.000,1.898040,0.644471
39792,3,0.137685,0.892004,30,0,1000.000,2.271312,0.611655
39792,4,0.119280,0.924015,16,0,1000.000,1.739931,0.664802
39792,5,0.116523,0.911376,19,0,1000.000,1.822797,0.655924
39792,6,0.120765,0.878624,19,0,1000.000,2.378630,0.622279
39792,7,0.127935,0.871237,23,1,960.783,2.023854,0.604361
39840,0,0.122597,0.911945,31,0,1000.000,1.882527,0.641903
39840,1,0.129583,0.911772,19,0,1000.000,2.060494,0.631795
39840,2,0.125633,0.915467,29,0,1000.000,1.937269,0.640588
39840,3,0.137685,0.930809,37,0,1000.000,1.770184,0.652953
39840,4,0.119280,0.916130,33,0,1000.000,1.967266,0.644288
39840,5,0.116523,0.901951,25,0,1000.000,2.151261,0.627925
39840,6,0.120765,0.934135,28,0,1000.000,1.536442,0.664261
39840,7,0.127935,0.884484,30,1,972.767,1.896115,0.646387
39888,0,0.122597,0.920927,22,0,1000.000,1.835730,0.648021
39888,1,0.129583,0.906780,34,0,1000.000,1.909679,0.646312
39888,2,0.125633,0.914523,24,0,1000.000,2.051471,0.647304
39888,3,0.137685,0.921200,25,0,1000.000,1.905054,0.649818
39888,4,0.119280,0.938825,21,0,1000.000,1.618655,0.665946
39888,5,0.116523,0.921117,33,0,1000.000,1.952793,0.647421
39888,6,0.120765,0.902371,37,1,975.243,1.935490,0.644258
39888,7,0.127935,0.912374,21,0,1000.000,1.730519,0.652440
39936,0,0.122597,0.909507,19,0,1000.000,1.858121,0.644073
39936,1,0.129583,0.898949,30,0,1000.000,1.925978,0.631502
39936,2,0.125633,0.908786,22,0,1000.000,2.171102,0.636902
39936,3,0.137685,0.925765,35,0,1000.000,1.823653,0.645113
39936,4,0.119280,0.915296,30,0,1000.000,1.885778,0.643396
39936,5,0.116523,0.930890,28,0,1000.000,1.440953,0.643134
39936,6,0.120765,0.910614,27,0,1000.000,2.159992,0.635147
39936,7,0.127935,0.911094,30,1,999.033,1.633744,0.650196
39984,0,0.122597,0.907318,24,0,1000.000,1.940519,0.642920
39984,1,0.129583,0.906207,28,0,1000.000,2.338512,0.636075
39984,2,0.125633,0.913334,28,0,1000.000,1.913126,0.636348
39984,3,0.137685,0.935716,39,0,1000.000,1.560139,0.660431
39984,4,0.119280,0.902624,23,0,1000.000,2.269091,0.641292
39984,5,0.116523,0.916751,29,0,1000.000,2.077760,0.633810
39984,6,0.120765,0.916065,31,0,1000.000,2.020549,0.639187
39984,7,0.127935,0.913656,31,0,1000.000,1.916532,0.640887
40032,0,0.122597,0.910294,14,1,946.929,1.818305,0.622993
40032,1,0.129583,0.915950,25,0,1000.000,1.820403,0.651614
40032,2,0.125633,0.916470,23,0,1000.000,1.829484,0.641885
40032,3,0.137685,0.918973,27,0,1000.000,1.857883,0.651374
40032,4,0.119280,0.916918,18,0,1000.000,1.910619,0.647161
40032,5,0.116523,0.948923,18,0,1000.000,1.333820,0.663402
40032,6,0.120765,0.914257,28,0,1000.000,1.847039,0.649888
40032,7,0.127935,0.925400,22,0,1000.000,1.707967,0.651123
40080,0,0.122597,0.907792,18,0,1000.000,2.085523,0.636426
40080,1,0.129583,0.953362,16,0,1000.000,1.053357,0.673507
40080,2,0.125633,0.934667,29,0,1000.000,1.465304,0.667892
40080,3,0.137685,0.931121,18,0,1000.000,1.498355,0.646014
40080,4,0.119280,0.911531,16,0,1000.000,1.885917,0.651924
40080,5,0.116523,0.901152,16,0,1000.000,1.908501,0.636306
40080,6,0.120765,0.915872,15,0,1000.000,2.109974,0.647122
40080,7,0.127935,0.896315,25,1,964.200,1.718023,0.636177
40128,0,0.122597,0.929618,21,0,1000.000,1.632649,0.651958
40128,1,0.129583,0.891178,15,0,1000.000,2.331507,0.614545
40128,2,0.125633,0.934304,22,0,1000.000,1.540249,0.655366
40128,3,0.137685,0.916674,33,0,1000.000,1.840359,0.650222
40128,4,0.119280,0.925068,20,0,1000.000,1.763619,0.636914
40128,5,0.116523,0.915939,21,0,1000.000,1.744877,0.643368
40128,6,0.120765,0.913769,24,0,1000.000,1.878581,0.643496
40128,7,0.127935,0.909011,21,0,1000.000,1.728048,0.656511
40176,0,0.122597,0.930211,34,0,1000.000,1.637694,0.653792
40176,1,0.129583,0.897440,20,0,1000.000,2.189772,0.639730
40176,2,0.125633,0.903024,27,0,1000.000,1.748190,0.638531
40176,3,0.137685,0.908262,14,0,1000.000,2.139271,0.636467
40176,4,0.119280,0.930234,21,0,1000.000,1.854065,0.635740
40176,5,0.116523,0.916314,19,0,1000.000,1.681493,0.651726
40176,6,0.120765,0.925944,20,0,1000.000,1.622470,0.652654
40176,7,0.127935,0.926719,25,0,1000.000,1.826608,0.642580
40224,0,0.122597,0.907716,27,0,1000.000,2.094568,0.644432
40224,1,0.129583,0.944282,16,0,1000.000,1.584704,0.670448
40224,2,0.125633,0.915439,20,0,1000.000,1.891792,0.629241
40224,3,0.137685,0.940443,26,0,1000.000,1.542992,0.665751
40224,4,0.119280,0.926861,20,0,1000.000,1.383755,0.662306
40224,5,0.116523,0.907242,25,0,1000.000,2.138029,0.631033
40224,6,0.120765,0.910193,16,0,1000.000,2.037487,0.637536
40224,7,0.127935,0.900863,23,0,1000.000,1.894056,0.631276
40272,0,0.122597,0.931862,23,0,1000.000,1.734316,0.648317
40272,1,0.129583,0.925356,14,0,1000.000,1.993217,0.617883
40272,2,0.125633,0.925527,19,0,1000.000,1.788885,0.639910
40272,3,0.137685,0.913596,31,0,1000.000,1.869156,0.640726
40272,4,0.119280,0.928007,22,0,1000.000,1.895308,0.648917
40272,5,0.116523,0.929494,14,0,1000.000,1.820810,0.639130
40272,6,0.120765,0.896007,22,0,1000.000,2.064511,0.629874
40272,7,0.127935,0.916312,22,0,1000.000,2.026717,0.645019
40320,0,0.122597,0.890186,11,0,1000.000,2.411304,0.610389
40320,1,0.129583,0.914318,32,0,1000.000,1.819193,0.639434
40320,2,0.125633,0.933625,20,0,1000.000,1.695430,0.651760
40320,3,0.137685,0.923285,18,0,1000.000,1.758450,0.639100
40320,4,0.119280,0.929511,24,0,1000.000,1.805750,0.662921
40320,5,0.116523,0.900729,13,0,1000.000,2.148348,0.612995
40320,6,0.120765,0.932770,16,0,1000.000,1.789771,0.658184
40320,7,0.127935,0.888700,14,0,1000.000,2.192821,0.627580
40368,0,0.122597,0.917129,23,0,1000.000,1.954499,0.645146
40368,1,0.129583,0.903734,31,0,1000.000,2.216538,0.616746
40368,2,0.125633,0.917892,27,0,1000.000,2.001028,0.649696
40368,3,0.137685,0.898693,25,0,1000.000,1.999014,0.621890
40368,4,0.119280,0.889468,26,0,1000.000,2.094280,0.626408
40368,5,0.116523,0.918066,21,0,1000.000,1.923212,0.661344
40368,6,0.120765,0.901808,26,0,1000.000,2.064941,0.631149
40368,7,0.127935,0.895862,20,0,1000.000,2.076460,0.642109
40416,0,0.122597,0.917677,27,0,1000.000,1.675072,0.641637
40416,1,0.129583,0.915800,27,0,1000.000,2.003967,0.631554
40416,2,0.125633,0.924887,24,0,1000.000,2.022725,0.656362
40416,3,0.137685,0.924737,24,0,1000.000,1.990990,0.636783
40416,4,0.119280,0.926245,21,0,1000.000,1.944160,0.639814
40416,5,0.116523,0.935338,26,0,1000.000,1.292032,0.669414
40416,6,0.120765,0.893194,28,1,966.714,1.807900,0.640502
40416,7,0.127935,0.908739,19,0,1000.000,1.966725,0.631503
40464,0,0.122597,0.911819,29,0,1000.000,1.774657,0.648909
40464,1,0.129583,0.907628,23,0,1000.000,1.786930,0.641097
40464,2,0.125633,0.900410,35,0,1000.000,2.010281,0.626740
40464,3,0.137685,0.895327,28,0,1000.000,2.240621,0.625008
40464,4,0.119280,0.907864,29,0,1000.000,1.857773,0.642466
40464,5,0.116523,0.914915,25,0,1000.000,1.827576,0.650086
40464,6,0.120765,0.910292,24,0,1000.000,2.042919,0.643278
40464,7,0.127935,0.922999,42,0,1000.000,1.717791,0.654063
40512,0,0.122597,0.922149,39,0,1000.000,1.545622,0.630824
40512,1,0.129583,0.898822,33,0,1000.000,2.021347,0.637816
40512,2,0.125633,0.906828,31,0,1000.000,1.791697,0.631114
40512,3,0.137685,0.917424,38,0,1000.000,1.850760,0.635173
40512,4,0.119280,0.916125,27,0,1000.000,1.781036,0.638687
40512,5,0.116523,0.883231,27,1,966.074,1.720310,0.633970
40512,6,0.120765,0.908238,32,0,1000.000,2.044246,0.639551
40512,7,0.127935,0.898462,30,0,1000.000,1.947677,0.630963
40560,0,0.122597,0.924027,30,0,1000.000,1.903788,0.639142
40560,1,0.129583,0.925020,38,0,1000.000,1.660913,0.653102
40560,2,0.125633,0.912428,27,0,1000.000,1.923499,0.640026
40560,3,0.137685,0.910343,46,0,1000.000,2.002484,0.639418
40560,4,0.119280,0.935710,34,0,1000.000,1.686340,0.646679
40560,5,0.116523,0.926106,29,0,1000.000,1.680322,0.645957
40560,6,0.120765,0.885980,36,0,1000.000,2.276198,0.623177
40560,7,0.127935,0.916637,36,0,1000.000,1.860123,0.638991
40608,0,0.122597,0.909555,22,0,1000.000,1.855193,0.656030
40608,1,0.129583,0.911200,25,0,1000.000,1.709455,0.635414
40608,2,0.125633,0.920659,23,0,1000.000,1.772247,0.639254
40608,3,0.137685,0.907290,19,0,1000.000,2.073198,0.620623
40608,4,0.119280,0.898564,27,0,1000.000,2.085468,0.630052
40608,5,0.116523,0.928603,25,0,1000.000,1.683284,0.658330
40608,6,0.120765,0.909203,15,0,1000.000,1.830611,0.651312
40608,7,0.127935,0.881005,32,1,972.344,1.825859,0.636601
40656,0,0.122597,0.926801,23,1,992.174,1.722335,0.646416
40656,1,0.129583,0.906517,15,0,1000.000,2.020863,0.640245
40656,2,0.125633,0.934353,23,0,1000.000,1.784261,0.657138
40656,3,0.137685,0.913273,27,0,1000.000,2.107055,0.633246
40656,4,0.119280,0.921839,28,0,1000.000,1.867054,0.640504
40656,5,0.116523,0.909795,29,0,1000.000,1.914696,0.633475
40656,6,0.120765,0.898496,23,0,1000.000,2.002568,0.638474
40656,7,0.127935,0.813971,20,2,909.350,1.911914,0.610245
40704,0,0.122597,0.907105,19,0,1000.000,1.877762,0.629937
40704,1,0.129583,0.924699,20,0,1000.000,1.754961,0.640034
40704,2,0.125633,0.911320,24,0,1000.000,1.971021,0.642617
40704,3,0.137685,0.902795,27,0,1000.000,1.931633,0.634405
40704,4,0.119280,0.903820,21,0,1000.000,2.174027,0.627628
40704,5,0.116523,0.877906,13,0,1000.000,2.330501,0.601588
40704,6,0.120765,0.882827,16,0,1000.000,1.824188,0.636442
40704,7,0.127935,0.913920,26,0,1000.000,2.132336,0.634617
40752,0,0.122597,0.913594,24,0,1000.000,1.878099,0.644035
40752,1,0.129583,0.898658,20,0,1000.000,2.315397,0.623228
40752,2,0.125633,0.917085,31,0,1000.000,1.906761,0.640795
40752,3,0.137685,0.886848,27,0,1000.000,2.253352,0.610584
40752,4,0.119280,0.921573,25,0,1000.000,1.904257,0.631275
40752,5,0.116523,0.916775,19,0,1000.000,1.919771,0.642611
40752,6,0.120765,0.887285,22,0,1000.000,1.981442,0.647485
40752,7,0.127935,0.921854,22,0,1000.000,1.815805,0.649811
40800,0,0.122597,0.948578,23,0,1000.000,1.486885,0.650495
40800,1,0.129583,0.899937,20,0,1000.000,1.984525,0.622640
40800,2,0.125633,0.930142,24,0,1000.000,1.725766,0.659245
40800,3,0.137685,0.889786,27,1,965.333,1.506926,0.626072
40800,4,0.119280,0.888128,14,0,1000.000,2.025196,0.632852
40800,5,0.116523,0.933218,23,0,1000.000,1.596034,0.651111
40800,6,0.120765,0.921646,16,0,1000.000,1.842461,0.661724
40800,7,0.127935,0.918263,22,0,1000.000,1.923669,0.650909
40848,0,0.128105,0.898721,35,0,1000.000,1.840807,0.640843
40848,1,0.114460,0.910467,30,1,968.333,1.533937,0.645793
40848,2,0.131837,0.946969,25,0,1000.000,1.383064,0.661378
40848,3,0.120553,0.896350,30,0,1000.000,2.135782,0.629950
40848,4,0.120970,0.906296,20,0,1000.000,1.754312,0.640789
40848,5,0.134057,0.920042,29,0,1000.000,1.816616,0.644045
40848,6,0.131908,0.900502,34,0,1000.000,1.982039,0.635948
40848,7,0.118110,0.930329,29,0,1000.000,1.738461,0.653676
40896,0,0.128105,0.937183,34,0,1000.000,1.438986,0.656625
40896,1,0.114460,0.909191,24,0,1000.000,1.938544,0.648726
40896,2,0.131837,0.918326,22,0,1000.000,2.020757,0.644798
40896,3,0.120553,0.909754,20,0,1000.000,1.788102,0.619183
40896,4,0.120970,0.927861,33,0,1000.000,1.877899,0.658257
40896,5,0.134057,0.926123,28,0,1000.000,1.844142,0.646794
40896,6,0.131908,0.916913,25,0,1000.000,2.022876,0.646122
40896,7,0.118110,0.917406,30,0,1000.000,2.101374,0.638826
40944,0,0.128105,0.902450,31,0,1000.000,2.031241,0.630823
40944,1,0.114460,0.915944,29,0,1000.000,1.858241,0.632818
40944,2,0.131837,0.936484,26,0,1000.000,1.507680,0.653372
40944,3,0.120553,0.901678,30,0,1000.000,2.123955,0.634134
40944,4,0.120970,0.932487,21,0,1000.000,1.861979,0.660963
40944,5,0.134057,0.908594,41,0,1000.000,1.829537,0.635157
40944,6,0.131908,0.932106,30,0,1000.000,1.598348,0.653904
40944,7,0.118110,0.909968,20,0,1000.000,2.009264,0.635461
40992,0,0.128105,0.919205,32,0,1000.000,1.752239,0.652279
40992,1,0.114460,0.922456,29,0,1000.000,1.847253,0.656950
40992,2,0.131837,0.927868,40,0,1000.000,1.766148,0.652758
40992,3,0.120553,0.904162,26,0,1000.000,1.928723,0.643266
40992,4,0.120970,0.914902,17,0,1000.000,1.974515,0.629530
40992,5,0.134057,0.914177,30,0,1000.000,1.830092,0.644827
40992,6,0.131908,0.914777,23,0,1000.000,1.872569,0.648664
40992,7,0.118110,0.918210,25,0,1000.000,1.942835,0.625127
41040,0,0.128105,0.884013,18,0,1000.000,2.353457,0.626178
41040,1,0.114460,0.910949,19,1,997.789,1.860723,0.655560
41040,2,0.131837,0.902840,26,0,1000.000,2.036450,0.637769
41040,3,0.120553,0.893346,23,0,1000.000,1.889944,0.636968
41040,4,0.120970,0.918354,22,0,1000.000,2.010144,0.639325
41040,5,0.134057,0.889884,14,0,1000.000,2.102097,0.637101
41040,6,0.131908,0.918395,25,0,1000.000,1.728360,0.643650
41040,7,0.118110,0.913595,23,0,1000.000,1.777164,0.644513
41088,0,0.128105,0.916619,19,1,952.842,1.623373,0.638005
41088,1,0.114460,0.930338,23,0,1000.000,1.529198,0.647591
41088,2,0.131837,0.905025,20,0,1000.000,1.999763,0.641178
41088,3,0.120553,0.888450,15,1,936.400,1.551363,0.630322
41088,4,0.120970,0.907892,20,0,1000.000,2.021399,0.652185
41088,5,0.134057,0.915894,23,0,1000.000,1.604195,0.632140
41088,6,0.131908,0.900683,23,0,1000.000,2.089799,0.641034
41088,7,0.118110,0.895175,13,0,1000.000,1.907832,0.640272
41136,0,0.128105,0.916824,18,1,993.333,1.908199,0.622035
41136,1,0.114460,0.927812,22,0,1000.000,1.665259,0.646606
41136,2,0.131837,0.913438,30,0,1000.000,1.729469,0.649136
41136,3,0.120553,0.914139,21,0,1000.000,1.956675,0.642288
41136,4,0.120970,0.916371,27,0,1000.000,1.676634,0.636748
41136,5,0.134057,0.920089,26,0,1000.000,1.903648,0.655086
41136,6,0.131908,0.911058,28,0,1000.000,1.953911,0.636915
41136,7,0.118110,0.908451,18,0,1000.000,1.939938,0.639512
41232,0,0.128105,0.907976,37,1,977.811,1.932474,0.631923
41232,1,0.114460,0.911672,50,1,999.300,1.798690,0.643770
41232,2,0.131837,0.918083,51,0,1000.000,1.827485,0.643807
41232,3,0.120553,0.920387,44,0,1000.000,1.665215,0.654615
41232,4,0.120970,0.920184,44,0,1000.000,1.754495,0.644064
41232,5,0.134057,0.912683,36,0,1000.000,1.948689,0.642307
41232,6,0.131908,0.896525,38,0,1000.000,1.985598,0.640764
41232,7,0.118110,0.908026,45,0,1000.000,2.092186,0.638840
41328,0,0.128105,0.918837,38,1,991.158,1.715993,0.645394
41328,1,0.114460,0.919214,31,0,1000.000,1.958409,0.643662
41328,2,0.131837,0.908216,33,0,1000.000,1.965191,0.646475
41328,3,0.120553,0.901717,39,0,1000.000,2.071708,0.642650
41328,4,0.120970,0.906262,35,0,1000.000,1.944335,0.632475
41328,5,0.134057,0.922282,37,0,1000.000,1.696492,0.648439
41328,6,0.131908,0.913241,55,0,1000.000,1.825174,0.652304
41328,7,0.118110,0.893435,44,1,981.250,1.747404,0.643044
41376,0,0.128105,0.904482,19,0,1000.000,2.058563,0.637614
41376,1,0.114460,0.898196,32,0,1000.000,2.105915,0.625544
41376,2,0.131837,0.908105,24,0,1000.000,1.954372,0.649038
41376,3,0.120553,0.876657,21,0,1000.000,2.182093,0.629962
41376,4,0.120970,0.940480,22,0,1000.000,1.412082,0.653861
41376,5,0.134057,0.923827,31,0,1000.000,2.207718,0.647099
41376,6,0.131908,0.917224,19,0,1000.000,1.966041,0.632952
41376,7,0.118110,0.898365,24,0,1000.000,2.165289,0.640167
41424,0,0.128105,0.919287,26,1,985.192,1.644559,0.641952
41424,1,0.114460,0.920196,26,0,1000.000,1.593000,0.644544
41424,2,0.131837,0.896847,38,0,1000.000,1.880779,0.636374
41424,3,0.120553,0.888349,19,0,1000.000,2.266935,0.629825
41424,4,0.120970,0.909174,22,0,1000.000,1.773787,0.651586
41424,5,0.134057,0.918775,35,0,1000.000,1.835114,0.643394
41424,6,0.131908,0.911036,26,0,1000.000,1.774829,0.655951
41424,7,0.118110,0.938200,20,0,1000.000,1.547506,0.669118
41472,0,0.128105,0.894729,30,1,997.667,1.935426,0.631493
41472,1,0.114460,0.914162,25,0,1000.000,2.013947,0.641639
41472,2,0.131837,0.903014,37,0,1000.000,1.965445,0.647045
41472,3,0.120553,0.921265,27,0,1000.000,1.534087,0.647541
41472,4,0.120970,0.893572,41,0,1000.000,2.047689,0.644770
41472,5,0.134057,0.914179,26,0,1000.000,2.025445,0.639379
41472,6,0.131908,0.909889,37,0,1000.000,1.810598,0.651209
41472,7,0.118110,0.917110,33,0,1000.000,1.803389,0.650557
41520,0,0.128105,0.920133,37,0,1000.000,1.664477,0.654989
41520,1,0.114460,0.910803,26,0,1000.000,1.870951,0.633277
41520,2,0.131837,0.908688,29,0,1000.000,1.695253,0.655022
41520,3,0.120553,0.898435,35,0,1000.000,1.943802,0.636047
41520,4,0.120970,0.904749,31,0,1000.000,1.791290,0.648219
41520,5,0.134057,0.931989,25,0,1000.000,1.626154,0.663564
41520,6,0.131908,0.925439,39,0,1000.000,1.728529,0.652611
41520,7,0.118110,0.906077,24,0,1000.000,2.021879,0.624594
41568,0,0.128105,0.897099,39,0,1000.000,2.268335,0.635960
41568,1,0.114460,0.896858,27,0,1000.000,1.852692,0.634970
41568,2,0.131837,0.919971,31,0,1000.000,1.797351,0.652042
41568,3,0.120553,0.919523,40,0,1000.000,1.656626,0.646784
41568,4,0.120970,0.900610,41,0,1000.000,2.051113,0.633161
41568,5,0.134057,0.924248,28,0,1000.000,1.836864,0.655587
41568,6,0.131908,0.902066,26,0,1000.000,1.980012,0.640988
41568,7,0.118110,0.910994,39,0,1000.000,1.756670,0.641086
41616,0,0.128105,0.881967,25,0,1000.000,1.986451,0.635630
41616,1,0.114460,0.882556,19,0,1000.000,1.901902,0.646146
41616,2,0.131837,0.881623,21,0,1000.000,2.003287,0.647427
41616,3,0.120553,0.866165,27,0,1000.000,2.219355,0.621242
41616,4,0.120970,0.909890,20,0,1000.000,2.025003,0.637878
41616,5,0.134057,0.925477,19,0,1000.000,1.548505,0.651217
41616,6,0.131908,0.926189,23,0,1000.000,1.862280,0.654992
41616,7,0.118110,0.913436,18,0,1000.000,1.455873,0.642256
41664,0,0.128105,0.923412,28,2,935.143,1.491562,0.629218
41664,1,0.114460,0.922359,26,0,1000.000,1.744797,0.653940
41664,2,0.131837,0.894397,26,0,1000.000,1.811821,0.626666
41664,3,0.120553,0.930963,29,0,1000.000,1.605893,0.652185
41664,4,0.120970,0.889365,15,0,1000.000,2.240339,0.634569
41664,5,0.134057,0.910673,23,0,1000.000,1.722389,0.643125
41664,6,0.131908,0.917674,22,0,1000.000,1.676869,0.629694
41664,7,0.118110,0.909686,20,0,1000.000,2.178640,0.640534
41712,0,0.128105,0.900033,18,1,991.778,1.940274,0.627434
41712,1,0.114460,0.886565,14,0,1000.000,1.993424,0.642880
41712,2,0.131837,0.909480,30,0,1000.000,1.719768,0.645557
41712,3,0.120553,0.913478,22,0,1000.000,1.764831,0.659080
41712,4,0.120970,0.928573,19,0,1000.000,1.559411,0.626767
41712,5,0.134057,0.907831,13,0,1000.000,1.817192,0.645684
41712,6,0.131908,0.907361,29,0,1000.000,2.092798,0.628881
41712,7,0.118110,0.882098,22,0,1000.000,2.195918,0.631459
41760,0,0.128105,0.898025,23,1,994.348,1.690283,0.642602
41760,1,0.114460,0.933406,21,0,1000.000,1.410803,0.664128
41760,2,0.131837,0.926231,31,0,1000.000,1.655959,0.665580
41760,3,0.120553,0.908994,21,0,1000.000,2.025033,0.632270
41760,4,0.120970,0.884980,22,0,1000.000,1.993303,0.623489
41760,5,0.134057,0.888302,24,0,1000.000,1.855445,0.638812
41760,6,0.131908,0.902356,19,0,1000.000,1.971548,0.647161
41760,7,0.118110,0.915166,28,0,1000.000,1.852588,0.643700
41808,0,0.128105,0.893603,21,0,1000.000,1.894612,0.643379
41808,1,0.114460,0.904522,17,0,1000.000,1.792054,0.645195
41808,2,0.131837,0.906131,28,0,1000.000,2.055612,0.638223
41808,3,0.120553,0.913251,17,0,1000.000,2.126910,0.652568
41808,4,0.120970,0.903800,23,0,1000.000,1.859777,0.629143
41808,5,0.134057,0.887285,34,0,1000.000,1.955565,0.644897
41808,6,0.131908,0.935456,17,0,1000.000,1.603846,0.648122
41808,7,0.118110,0.900464,18,0,1000.000,1.810692,0.645234
41856,0,0.128105,0.928364,35,0,1000.000,1.607249,0.645443
41856,1,0.114460,0.906005,17,0,1000.000,2.116699,0.651039
41856,2,0.131837,0.914954,30,0,1000.000,1.814430,0.647052
41856,3,0.120553,0.904242,27,0,1000.000,1.863179,0.653941
41856,4,0.120970,0.923715,35,0,1000.000,1.698948,0.653139
41856,5,0.134057,0.902685,30,0,1000.000,2.084733,0.640400
41856,6,0.131908,0.899518,24,0,1000.000,1.963658,0.647607
41856,7,0.118110,0.895075,29,0,1000.000,1.861500,0.641580
41904,0,0.128105,0.932758,30,0,1000.000,1.610126,0.661893
41904,1,0.114460,0.924169,22,0,1000.000,1.579769,0.660680
41904,2,0.131837,0.936618,33,0,1000.000,1.591228,0.666612
41904,3,0.120553,0.920779,24,0,1000.000,1.727584,0.647164
41904,4,0.120970,0.906478,21,0,1000.000,1.976994,0.638491
41904,5,0.134057,0.917992,38,0,1000.000,1.722796,0.648427
41904,6,0.131908,0.924783,27,0,1000.000,1.706180,0.651658
41904,7,0.118110,0.903971,15,0,1000.000,1.873789,0.622149
41952,0,0.128105,0.904957,26,0,1000.000,1.912419,0.639235
41952,1,0.114460,0.893763,25,0,1000.000,1.795547,0.643278
41952,2,0.131837,0.911289,42,0,1000.000,1.852504,0.637130
41952,3,0.120553,0.918774,23,0,1000.000,1.893678,0.640812
41952,4,0.120970,0.920224,30,0,1000.000,1.837955,0.651759
41952,5,0.134057,0.917740,28,0,1000.000,1.750372,0.664032
41952,6,0.131908,0.905556,35,0,1000.000,2.163360,0.632771
41952,7,0.118110,0.918154,32,0,1000.000,1.552845,0.646364
42000,0,0.128105,0.915759,38,1,975.316,1.749969,0.639678
42000,1,0.114460,0.928836,24,0,1000.000,1.544695,0.633784
42000,2,0.131837,0.923079,31,0,1000.000,1.713108,0.647512
42000,3,0.120553,0.924053,19,0,1000.000,1.685489,0.648399
42000,4,0.120970,0.904433,24,0,1000.000,2.053237,0.630846
42000,5,0.134057,0.910168,27,0,1000.000,1.804173,0.657904
42000,6,0.131908,0.912397,30,0,1000.000,1.877900,0.642266
42000,7,0.118110,0.883712,21,0,1000.000,2.320900,0.614449
42048,0,0.128105,0.908879,22,1,962.636,1.886640,0.638893
42048,1,0.114460,0.899040,12,0,1000.000,2.083403,0.633688
42048,2,0.131837,0.928563,21,0,1000.000,1.764361,0.646438
42048,3,0.120553,0.924833,15,0,1000.000,1.744599,0.650013
42048,4,0.120970,0.886265,17,0,1000.000,1.975618,0.626466
42048,5,0.134057,0.917965,28,0,1000.000,1.684315,0.646098
42048,6,0.131908,0.914402,24,0,1000.000,1.896186,0.647998
42048,7,0.118110,0.895709,17,0,1000.000,2.162166,0.637754
42096,0,0.128105,0.874715,13,0,1000.000,2.555027,0.601512
42096,1,0.114460,0.898442,19,0,1000.000,2.212481,0.621844
42096,2,0.131837,0.898116,23,0,1000.000,2.028215,0.638222
42096,3,0.120553,0.931895,22,0,1000.000,1.820319,0.642217
42096,4,0.120970,0.872730,15,0,1000.000,2.365378,0.614622
42096,5,0.134057,0.916170,28,0,1000.000,1.949301,0.649631
42096,6,0.131908,0.915016,21,0,1000.000,1.857880,0.651892
42096,7,0.118110,0.896550,17,0,1000.000,2.565279,0.618850
42144,0,0.128105,0.908004,32,1,974.938,1.892571,0.631321
42144,1,0.114460,0.918608,17,0,1000.000,1.712133,0.634151
42144,2,0.131837,0.924172,27,0,1000.000,1.806034,0.645637
42144,3,0.120553,0.907696,29,0,1000.000,2.278466,0.637640
42144,4,0.120970,0.918680,28,0,1000.000,1.888319,0.630402
42144,5,0.134057,0.921069,28,0,1000.000,1.636235,0.654350
42144,6,0.131908,0.912642,19,0,1000.000,2.068775,0.640266
42144,7,0.118110,0.917968,24,0,1000.000,1.808838,0.647595
42192,0,0.128105,0.895798,14,0,1000.000,1.738925,0.638780
42192,1,0.114460,0.908140,12,0,1000.000,1.653654,0.638978
42192,2,0.131837,0.926146,30,0,1000.000,1.842972,0.656053
42192,3,0.120553,0.911813,23,0,1000.000,1.888825,0.650994
42192,4,0.120970,0.908288,23,0,1000.000,1.887304,0.629476
42192,5,0.134057,0.935220,26,0,1000.000,1.664668,0.666045
42192,6,0.131908,0.902323,17,0,1000.000,2.094203,0.621285
42192,7,0.118110,0.878680,19,1,951.737,1.640882,0.630512
42240,0,0.128105,0.902469,25,0,1000.000,2.042793,0.633572
42240,1,0.114460,0.905266,19,0,1000.000,1.885309,0.630970
42240,2,0.131837,0.912063,23,0,1000.000,1.937498,0.651680
42240,3,0.120553,0.921987,21,0,1000.000,1.897113,0.633257
42240,4,0.120970,0.924036,22,0,1000.000,1.816938,0.649618
42240,5,0.134057,0.881961,23,0,1000.000,2.186940,0.628660
42240,6,0.131908,0.915160,17,0,1000.000,1.868404,0.657004
42240,7,0.118110,0.872307,25,2,938.440,1.813792,0.652422
42288,0,0.128105,0.917616,25,0,1000.000,1.739789,0.649395
42288,1,0.114460,0.920872,15,0,1000.000,1.876531,0.637556
42288,2,0.131837,0.897233,23,0,1000.000,1.880670,0.632566
42288,3,0.120553,0.887268,21,0,1000.000,2.022069,0.646142
42288,4,0.120970,0.888489,13,0,1000.000,2.229962,0.638236
42288,5,0.134057,0.933050,23,0,1000.000,1.752223,0.648247
42288,6,0.131908,0.907772,20,0,1000.000,2.230958,0.640450
42288,7,0.118110,0.874207,17,1,948.824,1.651145,0.644649
42336,0,0.128105,0.893882,22,0,1000.000,2.329209,0.637622
42336,1,0.114460,0.905429,22,0,1000.000,2.028999,0.643149
42336,2,0.131837,0.922355,18,0,1000.000,2.142422,0.649419
42336,3,0.120553,0.927840,17,0,1000.000,1.745397,0.647653
42336,4,0.120970,0.924834,22,0,1000.000,1.767304,0.651763
42336,5,0.134057,0.927366,18,0,1000.000,1.867403,0.642040
42336,6,0.131908,0.903620,19,0,1000.000,2.168035,0.627750
42336,7,0.118110,0.905739,15,0,1000.000,2.063539,0.628175
42384,0,0.128105,0.913921,23,0,1000.000,1.710552,0.649412
42384,1,0.114460,0.907683,26,0,1000.000,1.946742,0.624351
42384,2,0.131837,0.886973,25,0,1000.000,2.113881,0.626317
42384,3,0.120553,0.917018,25,0,1000.000,1.877045,0.653641
42384,4,0.120970,0.931763,29,0,1000.000,1.837689,0.653101
42384,5,0.134057,0.896650,27,0,1000.000,1.957854,0.635491
42384,6,0.131908,0.913618,31,0,1000.000,1.885424,0.644644
42384,7,0.118110,0.956646,14,0,1000.000,1.012744,0.661500
42432,0,0.128105,0.891167,30,0,1000.000,2.029206,0.627385
42432,1,0.114460,0.899408,26,0,1000.000,1.773256,0.640709
42432,2,0.131837,0.910567,26,0,1000.000,1.829873,0.647974
42432,3,0.120553,0.921910,20,0,1000.000,1.692006,0.652712
42432,4,0.120970,0.926733,27,0,1000.000,1.700955,0.647451
42432,5,0.134057,0.934830,33,0,1000.000,1.743886,0.653738
42432,6,0.131908,0.907929,28,0,1000.000,2.250033,0.631855
42432,7,0.118110,0.915100,27,0,1000.000,1.836430,0.640989
42480,0,0.128105,0.907945,39,0,1000.000,1.836928,0.640006
42480,1,0.114460,0.902640,27,0,1000.000,2.132653,0.629993
42480,2,0.131837,0.927944,35,0,1000.000,1.691187,0.656145
42480,3,0.120553,0.896590,31,0,1000.000,2.001801,0.639385
42480,4,0.120970,0.906806,36,0,1000.000,1.752268,0.644868
42480,5,0.134057,0.889906,35,0,1000.000,2.171804,0.627277
42480,6,0.131908,0.909217,31,0,1000.000,1.716142,0.647409
42480,7,0.118110,0.916227,26,0,1000.000,1.711431,0.640414
42528,0,0.128105,0.918489,37,1,979.838,1.583224,0.644241
42528,1,0.114460,0.906844,38,0,1000.000,2.035749,0.643416
42528,2,0.131837,0.891206,39,0,1000.000,2.234334,0.621990
42528,3,0.120553,0.904990,32,0,1000.000,1.796268,0.649261
42528,4,0.120970,0.919329,27,0,1000.000,1.867337,0.655784
42528,5,0.134057,0.902284,38,0,1000.000,1.881717,0.641608
42528,6,0.131908,0.921790,25,0,1000.000,1.837366,0.652353
42528,7,0.118110,0.890084,26,1,964.615,1.740387,0.651777
42576,0,0.128105,0.897287,18,0,1000.000,1.987329,0.646017
42576,1,0.114460,0.913602,27,0,1000.000,1.980150,0.628606
42576,2,0.131837,0.915676,41,0,1000.000,1.818521,0.634840
42576,3,0.120553,0.907008,32,0,1000.000,1.994839,0.633701
42576,4,0.120970,0.906557,32,0,1000.000,1.854689,0.644586
42576,5,0.134057,0.899223,38,0,1000.000,2.134413,0.628679
42576,6,0.131908,0.921484,32,0,1000.000,1.753731,0.639334
42576,7,0.118110,0.917317,29,0,1000.000,1.818877,0.657601
42624,0,0.128105,0.882345,18,0,1000.000,2.064805,0.611148
42624,1,0.114460,0.913199,15,0,1000.000,2.036759,0.644100
42624,2,0.131837,0.896925,23,0,1000.000,2.038704,0.631944
42624,3,0.120553,0.897558,23,0,1000.000,1.813184,0.640551
42624,4,0.120970,0.922251,21,0,1000.000,1.836360,0.651215
42624,5,0.134057,0.893387,27,0,1000.000,1.974270,0.636920
42624,6,0.131908,0.907695,22,0,1000.000,1.843450,0.637555
42624,7,0.118110,0.866228,24,1,962.208,1.863854,0.635763
42672,0,0.128105,0.908732,25,2,949.040,1.685924,0.642883
42672,1,0.114460,0.929092,16,0,1000.000,1.661181,0.652685
42672,2,0.131837,0.907695,28,0,1000.000,1.799517,0.631177
42672,3,0.120553,0.920930,25,0,1000.000,1.813424,0.655549
42672,4,0.120970,0.929914,17,0,1000.000,1.724531,0.657304
42672,5,0.134057,0.931269,30,0,1000.000,1.532766,0.652477
42672,6,0.131908,0.923301,19,0,1000.000,1.634740,0.656959
42672,7,0.118110,0.920552,22,0,1000.000,1.944432,0.651480
42720,0,0.128105,0.925787,25,1,968.920,1.694952,0.645448
42720,1,0.114460,0.917478,30,0,1000.000,1.809599,0.652753
42720,2,0.131837,0.898168,24,0,1000.000,2.228238,0.632160
42720,3,0.120553,0.896552,16,0,1000.000,2.060647,0.632760
42720,4,0.120970,0.908480,16,0,1000.000,1.936809,0.639342
42720,5,0.134057,0.920875,21,0,1000.000,1.957280,0.656300
42720,6,0.131908,0.903429,21,0,1000.000,1.959772,0.642158
42720,7,0.118110,0.897289,17,0,1000.000,2.243835,0.627584
42768,0,0.128105,0.923374,21,1,982.095,1.725360,0.644264
42768,1,0.114460,0.939227,21,0,1000.000,1.495129,0.652065
42768,2,0.131837,0.921677,28,0,1000.000,1.606346,0.639828
42768,3,0.120553,0.906005,24,0,1000.000,2.041763,0.630563
42768,4,0.120970,0.933849,17,0,1000.000,1.515597,0.661242
42768,5,0.134057,0.919497,27,0,1000.000,1.736233,0.631746
42768,6,0.131908,0.897552,26,0,1000.000,2.183629,0.630858
42768,7,0.118110,0.874119,30,1,970.167,1.775605,0.639491
42816,0,0.128105,0.915001,27,0,1000.000,1.983372,0.643057
42816,1,0.114460,0.894911,22,0,1000.000,1.987466,0.641816
42816,2,0.131837,0.909063,22,0,1000.000,1.889377,0.624880
42816,3,0.120553,0.921249,21,0,1000.000,1.754212,0.652246
42816,4,0.120970,0.894521,16,0,1000.000,1.895603,0.648769
42816,5,0.134057,0.915857,25,0,1000.000,1.753364,0.639029
42816,6,0.131908,0.927585,27,0,1000.000,1.753307,0.667357
42816,7,0.118110,0.901471,17,0,1000.000,2.242655,0.637338
42864,0,0.128105,0.910224,24,0,1000.000,1.727983,0.644107
42864,1,0.114460,0.927763,28,0,1000.000,1.753012,0.637656
42864,2,0.131837,0.896994,29,0,1000.000,1.904310,0.632581
42864,3,0.120553,0.921513,22,0,1000.000,1.936732,0.632239
42864,4,0.120970,0.929009,31,0,1000.000,1.847722,0.654539
42864,5,0.134057,0.883502,28,0,1000.000,2.224083,0.617225
42864,6,0.131908,0.922464,33,0,1000.000,2.005578,0.639969
42864,7,0.118110,0.902867,35,0,1000.000,2.192990,0.617014
42912,0,0.128105,0.877146,23,0,1000.000,2.128178,0.628493
42912,1,0.114460,0.916875,35,0,1000.000,1.968483,0.645151
42912,2,0.131837,0.916354,24,0,1000.000,1.955089,0.642818
42912,3,0.120553,0.938546,21,0,1000.000,1.425615,0.634942
42912,4,0.120970,0.913715,28,0,1000.000,1.852523,0.646376
42912,5,0.134057,0.902768,28,0,1000.000,2.092741,0.622357
42912,6,0.131908,0.897097,27,0,1000.000,2.186414,0.644875
42912,7,0.118110,0.932446,20,0,1000.000,1.886707,0.650403
42960,0,0.128105,0.918739,35,0,1000.000,1.775774,0.634940
42960,1,0.114460,0.914003,31,0,1000.000,1.896053,0.638153
42960,2,0.131837,0.915753,34,0,1000.000,1.763801,0.649807
42960,3,0.120553,0.913774,37,0,1000.000,1.737522,0.634020
42960,4,0.120970,0.929556,21,0,1000.000,1.865907,0.641440
42960,5,0.134057,0.942460,38,0,1000.000,1.546212,0.658133
42960,6,0.131908,0.904927,35,1,983.829,1.786362,0.645290
42960,7,0.118110,0.915101,21,0,1000.000,2.256742,0.634594
43008,0,0.128105,0.919034,24,0,1000.000,1.726640,0.634281
43008,1,0.114460,0.916229,27,0,1000.000,2.005191,0.640315
43008,2,0.131837,0.904984,25,0,1000.000,2.015486,0.628598
43008,3,0.120553,0.925079,23,0,1000.000,1.761624,0.654491
43008,4,0.120970,0.915442,20,0,1000.000,1.958968,0.638015
43008,5,0.134057,0.932742,23,0,1000.000,1.559375,0.639029
43008,6,0.131908,0.916462,37,0,1000.000,1.816901,0.633251
43008,7,0.118110,0.882692,25,1,964.120,1.856818,0.633077
43056,0,0.128105,0.934540,16,0,1000.000,1.665724,0.633592
43056,1,0.114460,0.915224,20,0,1000.000,1.838928,0.642065
43056,2,0.131837,0.898735,24,0,1000.000,2.117977,0.624903
43056,3,0.120553,0.933416,12,0,1000.000,1.379763,0.674594
43056,4,0.120970,0.945758,17,0,1000.000,1.514945,0.654091
43056,5,0.134057,0.937008,33,0,1000.000,1.767806,0.645311
43056,6,0.131908,0.904424,18,0,1000.000,1.784434,0.657953
43056,7,0.118110,0.870297,8,0,1000.000,2.203549,0.612301
43104,0,0.128105,0.867314,23,2,940.696,1.900064,0.606185
43104,1,0.114460,0.892602,19,0,1000.000,2.230447,0.632504
43104,2,0.131837,0.941111,15,0,1000.000,1.468447,0.660242
43104,3,0.120553,0.929599,9,0,1000.000,1.838312,0.647769
43104,4,0.120970,0.921095,19,0,1000.000,1.818196,0.638834
43104,5,0.134057,0.918810,40,0,1000.000,2.026028,0.644532
43104,6,0.131908,0.894933,25,0,1000.000,1.979368,0.618893
43104,7,0.118110,0.899554,20,1,995.750,1.647925,0.643556
43152,0,0.128105,0.917633,29,0,1000.000,1.760443,0.636944
43152,1,0.114460,0.925564,22,0,1000.000,1.655510,0.638712
43152,2,0.131837,0.917202,25,0,1000.000,1.971155,0.647397
43152,3,0.120553,0.913547,28,0,1000.000,1.669899,0.642085
43152,4,0.120970,0.908074,18,0,1000.000,1.731381,0.629665
43152,5,0.134057,0.913493,23,0,1000.000,1.792114,0.643471
43152,6,0.131908,0.920344,24,0,1000.000,1.851923,0.653086
43152,7,0.118110,0.904776,19,0,1000.000,1.845990,0.634598
43200,0,0.128105,0.910323,22,0,1000.000,1.762463,0.627099
43200,1,0.114460,0.894588,20,0,1000.000,2.189892,0.634838
43200,2,0.131837,0.917047,15,0,1000.000,1.936082,0.654965
43200,3,0.120553,0.891184,19,0,1000.000,2.012240,0.621484
43200,4,0.120970,0.895837,26,0,1000.000,1.972190,0.620600
43200,5,0.134057,0.879783,16,0,1000.000,1.932238,0.626186
43200,6,0.131908,0.908361,19,0,1000.000,1.652553,0.637904
43200,7,0.118110,0.897684,27,0,1000.000,1.931775,0.636265
43248,0,0.112106,0.910154,19,0,1000.000,1.936835,0.636613
43248,1,0.134408,0.918164,25,0,1000.000,1.760648,0.638897
43248,2,0.114609,0.906213,32,0,1000.000,1.981114,0.624762
43248,3,0.121648,0.928958,21,0,1000.000,1.779531,0.656049
43248,4,0.136208,0.909585,25,0,1000.000,1.723605,0.641241
43248,5,0.126218,0.927165,20,0,1000.000,1.665327,0.645244
43248,6,0.128642,0.927387,22,0,1000.000,1.626114,0.638123
43248,7,0.126161,0.903395,17,0,1000.000,2.090149,0.627098
43296,0,0.112106,0.929440,19,0,1000.000,1.622248,0.662221
43296,1,0.134408,0.901482,13,0,1000.000,1.887346,0.664957
43296,2,0.114609,0.869146,18,0,1000.000,2.407786,0.614044
43296,3,0.121648,0.916480,26,0,1000.000,1.868644,0.644611
43296,4,0.136208,0.902683,27,0,1000.000,1.927439,0.616739
43296,5,0.126218,0.877041,14,0,1000.000,2.077884,0.627507
43296,6,0.128642,0.908077,14,0,1000.000,2.001531,0.648050
43296,7,0.126161,0.935265,17,0,1000.000,1.548213,0.636167
43344,0,0.112106,0.906979,22,0,1000.000,1.775904,0.641164
43344,1,0.134408,0.905459,16,0,1000.000,2.060750,0.633621
43344,2,0.114609,0.939906,23,0,1000.000,1.602723,0.672872
43344,3,0.121648,0.854647,14,0,1000.000,2.276213,0.628610
43344,4,0.136208,0.873347,15,0,1000.000,1.929988,0.627397
43344,5,0.126218,0.923883,27,0,1000.000,1.553641,0.644950
43344,6,0.128642,0.906730,20,0,1000.000,1.959443,0.637188
43344,7,0.126161,0.918865,21,0,1000.000,2.002561,0.648963
43392,0,0.112106,0.890211,25,1,980.560,1.941232,0.643102
43392,1,0.134408,0.934167,16,0,1000.000,1.659492,0.677202
43392,2,0.114609,0.898788,26,0,1000.000,1.848821,0.651732
43392,3,0.121648,0.883461,19,0,1000.000,2.029958,0.643292
43392,4,0.136208,0.903864,27,0,1000.000,1.730195,0.634720
43392,5,0.126218,0.887020,30,0,1000.000,2.026565,0.645656
43392,6,0.128642,0.902067,30,0,1000.000,2.118982,0.636629
43392,7,0.126161,0.911369,37,0,1000.000,1.675190,0.647570
43440,0,0.112106,0.900091,25,0,1000.000,1.888711,0.644856
43440,1,0.134408,0.902788,25,0,1000.000,1.967233,0.634996
43440,2,0.114609,0.851959,17,0,1000.000,2.317399,0.626518
43440,3,0.121648,0.891944,32,0,1000.000,1.793056,0.644199
43440,4,0.136208,0.896845,35,0,1000.000,1.902201,0.650151
43440,5,0.126218,0.889540,29,0,1000.000,1.970963,0.627863
43440,6,0.128642,0.891480,27,0,1000.000,1.754294,0.650167
43440,7,0.126161,0.926873,27,0,1000.000,1.552318,0.658440
43488,0,0.112106,0.889153,39,0,1000.000,1.796829,0.647509
43488,1,0.134408,0.920530,24,0,1000.000,1.653913,0.659281
43488,2,0.114609,0.926907,41,0,1000.000,1.532952,0.647602
43488,3,0.121648,0.914714,23,0,1000.000,1.638641,0.649001
43488,4,0.136208,0.913791,33,0,1000.000,1.874567,0.635532
43488,5,0.126218,0.892331,28,0,1000.000,1.813692,0.628585
43488,6,0.128642,0.929081,32,0,1000.000,1.699693,0.661578
43488,7,0.126161,0.921146,36,0,1000.000,1.583972,0.645592
43536,0,0.112106,0.873419,30,1,985.967,2.120737,0.625571
43536,1,0.134408,0.898966,40,0,1000.000,1.872924,0.630791
43536,2,0.114609,0.904007,32,0,1000.000,1.892345,0.656510
43536,3,0.121648,0.896742,42,0,1000.000,1.919032,0.642979
43536,4,0.136208,0.910998,38,0,1000.000,1.661846,0.642369
43536,5,0.126218,0.902476,30,0,1000.000,1.875714,0.643802
43536,6,0.128642,0.900523,36,0,1000.000,1.994429,0.639638
43536,7,0.126161,0.893573,29,0,1000.000,1.984927,0.636021
43584,0,0.112106,0.929955,38,1,982.079,1.450033,0.645110
43584,1,0.134408,0.928667,29,0,1000.000,1.266111,0.658091
43584,2,0.114609,0.913744,25,0,1000.000,1.635217,0.656182
43584,3,0.121648,0.872215,30,0,1000.000,1.953921,0.632844
43584,4,0.136208,0.915227,24,0,1000.000,1.761403,0.653537
43584,5,0.126218,0.898973,30,0,1000.000,2.242620,0.635410
43584,6,0.128642,0.881028,32,0,1000.000,1.891543,0.629381
43584,7,0.126161,0.930406,23,0,1000.000,1.557271,0.653310
43632,0,0.112106,0.901548,16,0,1000.000,1.894524,0.619158
43632,1,0.134408,0.910795,16,0,1000.000,1.576998,0.639919
43632,2,0.114609,0.907965,20,0,1000.000,1.991245,0.640739
43632,3,0.121648,0.913551,12,0,1000.000,1.864761,0.650395
43632,4,0.136208,0.888293,17,0,1000.000,1.946382,0.643793
43632,5,0.126218,0.895862,30,0,1000.000,1.823367,0.637730
43632,6,0.128642,0.857435,31,0,1000.000,2.271836,0.610022
43632,7,0.126161,0.907557,26,0,1000.000,1.864491,0.639023
43680,0,0.112106,0.921053,21,1,958.286,1.495645,0.647922
43680,1,0.134408,0.923132,23,0,1000.000,1.635194,0.651242
43680,2,0.114609,0.910673,17,0,1000.000,1.682869,0.652036
43680,3,0.121648,0.892159,22,0,1000.000,1.902429,0.641238
43680,4,0.136208,0.901936,22,0,1000.000,1.838839,0.648323
43680,5,0.126218,0.885997,27,0,1000.000,1.867732,0.640104
43680,6,0.128642,0.929238,26,0,1000.000,1.647807,0.655669
43680,7,0.126161,0.917705,26,0,1000.000,1.692072,0.663692
43728,0,0.112106,0.913653,21,0,1000.000,1.755391,0.650938
43728,1,0.134408,0.909854,26,0,1000.000,1.806772,0.646996
43728,2,0.114609,0.904213,21,0,1000.000,1.680141,0.638754
43728,3,0.121648,0.914709,15,0,1000.000,1.780055,0.654794
43728,4,0.136208,0.904412,26,0,1000.000,1.889924,0.640050
43728,5,0.126218,0.912681,19,0,1000.000,1.720453,0.643032
43728,6,0.128642,0.915390,21,0,1000.000,1.963248,0.648416
43728,7,0.126161,0.916051,21,0,1000.000,1.656037,0.638565
43776,0,0.112106,0.859677,21,0,1000.000,2.009995,0.627055
43776,1,0.134408,0.911010,25,0,1000.000,1.494397,0.653104
43776,2,0.114609,0.891673,19,0,1000.000,1.787754,0.635265
43776,3,0.121648,0.929203,12,0,1000.000,1.540014,0.664305
43776,4,0.136208,0.911392,29,0,1000.000,1.642172,0.661600
43776,5,0.126218,0.914666,23,0,1000.000,1.893984,0.648371
43776,6,0.128642,0.881283,21,0,1000.000,2.139213,0.618001
43776,7,0.126161,0.926649,35,0,1000.000,1.561788,0.650543
43824,0,0.112106,0.897805,26,0,1000.000,2.028619,0.629417
43824,1,0.134408,0.902380,29,0,1000.000,2.015302,0.641014
43824,2,0.114609,0.861089,24,0,1000.000,2.057735,0.640836
43824,3,0.121648,0.913807,28,0,1000.000,1.792187,0.652273
43824,4,0.136208,0.903406,23,0,1000.000,1.616551,0.654433
43824,5,0.126218,0.884078,21,0,1000.000,2.081494,0.623938
43824,6,0.128642,0.926023,29,0,1000.000,1.551586,0.665071
43824,7,0.126161,0.896091,17,0,1000.000,2.096918,0.642255
43872,0,0.112106,0.914225,20,1,987.700,1.696437,0.652280
43872,1,0.134408,0.896893,39,0,1000.000,1.951213,0.647361
43872,2,0.114609,0.876493,26,0,1000.000,1.986072,0.642415
43872,3,0.121648,0.881330,23,0,1000.000,2.248930,0.633122
43872,4,0.136208,0.912083,25,0,1000.000,1.783467,0.654033
43872,5,0.126218,0.903463,27,0,1000.000,1.892658,0.641925
43872,6,0.128642,0.911120,30,0,1000.000,1.856019,0.639353
43872,7,0.126161,0.903061,28,0,1000.000,1.989463,0.641757
43920,0,0.112106,0.890815,14,0,1000.000,1.967091,0.638614
43920,1,0.134408,0.864589,21,0,1000.000,2.165766,0.644703
43920,2,0.114609,0.893501,35,0,1000.000,2.024732,0.638938
43920,3,0.121648,0.880316,27,0,1000.000,2.085362,0.631270
43920,4,0.136208,0.898266,28,0,1000.000,1.988606,0.651012
43920,5,0.126218,0.897663,28,0,1000.000,2.053566,0.646869
43920,6,0.128642,0.891155,30,1,968.033,1.569565,0.640460
43920,7,0.126161,0.873083,35,0,1000.000,1.985688,0.630792
43968,0,0.112106,0.911629,31,0,1000.000,1.707623,0.647396
43968,1,0.134408,0.922444,41,0,1000.000,1.500703,0.647295
43968,2,0.114609,0.915971,26,0,1000.000,1.838702,0.653942
43968,3,0.121648,0.913038,27,0,1000.000,1.713390,0.651086
43968,4,0.136208,0.916943,25,0,1000.000,1.820948,0.646498
43968,5,0.126218,0.901469,25,0,1000.000,2.043665,0.640007
43968,6,0.128642,0.913543,27,0,1000.000,1.851288,0.646983
43968,7,0.126161,0.877237,43,0,1000.000,2.007431,0.639219
44016,0,0.112106,0.896415,13,0,1000.000,2.021158,0.638600
44016,1,0.134408,0.893053,34,0,1000.000,1.946653,0.640889
44016,2,0.114609,0.890488,25,0,1000.000,2.035728,0.633822
44016,3,0.121648,0.903662,31,0,1000.000,1.901950,0.637318
44016,4,0.136208,0.881646,22,0,1000.000,2.182217,0.632859
44016,5,0.126218,0.911820,29,0,1000.000,1.729366,0.649714
44016,6,0.128642,0.908967,14,0,1000.000,1.447088,0.653870
44016,7,0.126161,0.873303,31,0,1000.000,2.206149,0.632732
44064,0,0.112106,0.913463,21,1,966.381,1.584707,0.666859
44064,1,0.134408,0.910284,15,0,1000.000,1.672184,0.643187
44064,2,0.114609,0.908246,16,0,1000.000,1.928843,0.652308
44064,3,0.121648,0.903488,14,0,1000.000,2.075717,0.644032
44064,4,0.136208,0.885945,22,0,1000.000,1.847760,0.645518
44064,5,0.126218,0.874877,24,0,1000.000,2.070655,0.632024
44064,6,0.128642,0.940431,14,0,1000.000,1.458451,0.662342
44064,7,0.126161,0.906934,24,0,1000.000,1.677814,0.646825
44112,0,0.112106,0.924300,16,0,1000.000,1.484937,0.653476
44112,1,0.134408,0.884575,18,1,986.389,1.764578,0.634228
44112,2,0.114609,0.926597,13,0,1000.000,1.977988,0.636460
44112,3,0.121648,0.872884,25,0,1000.000,2.136005,0.640222
44112,4,0.136208,0.910434,25,0,1000.000,1.900732,0.632533
44112,5,0.126218,0.925754,20,0,1000.000,1.752578,0.660008
44112,6,0.128642,0.911270,24,0,1000.000,1.651467,0.640774
44112,7,0.126161,0.918302,28,0,1000.000,1.796683,0.656851
44160,0,0.112106,0.926744,27,0,1000.000,1.463902,0.664850
44160,1,0.134408,0.914913,31,0,1000.000,1.777341,0.659849
44160,2,0.114609,0.929944,18,0,1000.000,1.686715,0.641289
44160,3,0.121648,0.891392,22,0,1000.000,2.130037,0.619838
44160,4,0.136208,0.922875,24,0,1000.000,1.767216,0.650797
44160,5,0.126218,0.893874,21,0,1000.000,1.958893,0.627891
44160,6,0.128642,0.929319,28,0,1000.000,1.705941,0.656842
44160,7,0.126161,0.869067,17,0,1000.000,1.944491,0.620060
44208,0,0.112106,0.882435,17,0,1000.000,2.022874,0.636160
44208,1,0.134408,0.904258,20,0,1000.000,1.807904,0.640272
44208,2,0.114609,0.935594,15,0,1000.000,1.528479,0.663571
44208,3,0.121648,0.905775,26,0,1000.000,1.714729,0.648714
44208,4,0.136208,0.921169,23,0,1000.000,1.755023,0.647566
44208,5,0.126218,0.928116,20,0,1000.000,1.683439,0.646628
44208,6,0.128642,0.896555,21,0,1000.000,1.985753,0.635149
44208,7,0.126161,0.936319,22,0,1000.000,1.385987,0.660774
44256,0,0.112106,0.904997,12,0,1000.000,2.115082,0.654412
44256,1,0.134408,0.906543,27,0,1000.000,1.887444,0.647929
44256,2,0.114609,0.900794,18,0,1000.000,2.176442,0.627441
44256,3,0.121648,0.905267,32,0,1000.000,1.748006,0.649395
44256,4,0.136208,0.932088,26,0,1000.000,1.685853,0.644136
44256,5,0.126218,0.915065,17,0,1000.000,1.781738,0.653207
44256,6,0.128642,0.887810,22,0,1000.000,2.237208,0.634219
44256,7,0.126161,0.912535,16,0,1000.000,1.997710,0.654513
44304,0,0.112106,0.911280,16,0,1000.000,2.134970,0.651791
44304,1,0.134408,0.899239,22,1,968.818,1.925870,0.634175
44304,2,0.114609,0.929643,28,0,1000.000,1.704059,0.650825
44304,3,0.121648,0.904816,21,0,1000.000,2.102958,0.635926
44304,4,0.136208,0.911949,20,0,1000.000,1.763164,0.644401
44304,5,0.126218,0.920166,13,0,1000.000,1.838967,0.665766
44304,6,0.128642,0.919382,20,0,1000.000,1.902298,0.646463
44304,7,0.126161,0.854687,17,0,1000.000,2.251834,0.630288
44352,0,0.112106,0.945755,14,0,1000.000,1.382720,0.670168
44352,1,0.134408,0.913503,23,0,1000.000,2.002614,0.643201
44352,2,0.114609,0.896652,15,0,1000.000,1.621034,0.648738
44352,3,0.121648,0.907907,19,0,1000.000,2.057839,0.631451
44352,4,0.136208,0.912180,24,0,1000.000,2.253358,0.649280
44352,5,0.126218,0.914636,26,0,1000.000,1.956955,0.653907
44352,6,0.128642,0.942838,20,0,1000.000,1.483202,0.660918
44352,7,0.126161,0.915597,23,0,1000.000,1.826151,0.656426
44400,0,0.112106,0.931773,24,1,967.208,1.643767,0.646250
44400,1,0.134408,0.896423,42,1,992.167,1.871429,0.635723
44400,2,0.114609,0.912966,15,0,1000.000,1.705711,0.661804
44400,3,0.121648,0.886470,20,0,1000.000,2.168286,0.635041
44400,4,0.136208,0.863016,24,0,1000.000,2.511933,0.622581
44400,5,0.126218,0.917085,26,0,1000.000,1.875729,0.643746
44400,6,0.128642,0.920643,32,0,1000.000,1.658941,0.651973
44400,7,0.126161,0.921640,25,0,1000.000,2.061023,0.658688
44448,0,0.112106,0.891068,25,0,1000.000,1.985718,0.626784
44448,1,0.134408,0.920234,36,0,1000.000,1.652567,0.650988
44448,2,0.114609,0.922326,30,0,1000.000,1.767363,0.652995
44448,3,0.121648,0.912749,24,0,1000.000,1.871289,0.648621
44448,4,0.136208,0.879874,29,0,1000.000,2.099367,0.636007
44448,5,0.126218,0.915715,30,0,1000.000,1.940723,0.639349
44448,6,0.128642,0.916480,26,0,1000.000,2.018855,0.650356
44448,7,0.126161,0.931465,17,0,1000.000,1.630028,0.654859
44496,0,0.112106,0.901065,37,0,1000.000,1.875908,0.630516
44496,1,0.134408,0.889334,27,0,1000.000,2.053760,0.627489
44496,2,0.114609,0.891482,35,0,1000.000,2.054515,0.625361
44496,3,0.121648,0.909899,36,0,1000.000,1.850608,0.639615
44496,4,0.136208,0.885882,43,0,1000.000,2.030782,0.634063
44496,5,0.126218,0.890706,25,0,1000.000,1.940197,0.645065
44496,6,0.128642,0.876832,23,0,1000.000,1.895601,0.618599
44496,7,0.126161,0.908347,31,0,1000.000,1.817682,0.658862
44544,0,0.112106,0.908138,35,0,1000.000,1.831804,0.645881
44544,1,0.134408,0.874953,34,0,1000.000,2.222975,0.621265
44544,2,0.114609,0.896856,39,0,1000.000,2.167670,0.639412
44544,3,0.121648,0.938387,29,0,1000.000,1.333285,0.655879
44544,4,0.136208,0.939471,39,0,1000.000,1.687840,0.647242
44544,5,0.126218,0.880307,23,0,1000.000,2.143737,0.615813
44544,6,0.128642,0.887488,44,0,1000.000,2.120437,0.624615
44544,7,0.126161,0.904332,41,0,1000.000,1.816876,0.650708
44640,0,0.112106,0.917659,43,0,1000.000,1.890432,0.643645
44640,1,0.134408,0.888136,41,0,1000.000,2.020627,0.632703
44640,2,0.114609,0.910964,54,0,1000.000,1.755483,0.646454
44640,3,0.121648,0.909971,45,0,1000.000,1.939704,0.647735
44640,4,0.136208,0.911622,53,0,1000.000,2.021199,0.636238
44640,5,0.126218,0.884564,59,0,1000.000,2.091329,0.628474
44640,6,0.128642,0.891778,52,0,1000.000,1.966367,0.642224
44640,7,0.126161,0.888756,41,0,1000.000,2.029347,0.633054
44688,0,0.112106,0.904721,19,0,1000.000,2.117180,0.644277
44688,1,0.134408,0.914274,29,0,1000.000,1.922727,0.648006
44688,2,0.114609,0.906817,20,0,1000.000,2.036875,0.628285
44688,3,0.121648,0.907883,21,0,1000.000,1.683729,0.652338
44688,4,0.136208,0.913794,22,0,1000.000,1.963460,0.632995
44688,5,0.126218,0.906022,24,0,1000.000,2.038361,0.624428
44688,6,0.128642,0.891222,22,0,1000.000,2.106899,0.625315
44688,7,0.126161,0.933846,17,0,1000.000,1.738879,0.650320
44736,0,0.112106,0.888127,13,0,1000.000,2.401938,0.625733
44736,1,0.134408,0.887026,29,1,983.034,2.166405,0.628743
44736,2,0.114609,0.896179,21,0,1000.000,2.182282,0.618895
44736,3,0.121648,0.906646,25,0,1000.000,2.035666,0.638738
44736,4,0.136208,0.924026,28,0,1000.000,1.682299,0.672911
44736,5,0.126218,0.891740,23,0,1000.000,2.162698,0.634044
44736,6,0.128642,0.918552,22,0,1000.000,1.877584,0.645371
44736,7,0.126161,0.889595,27,0,1000.000,2.347580,0.624777
44832,0,0.112106,0.891238,43,0,1000.000,2.076330,0.624852
44832,1,0.134408,0.921922,61,0,1000.000,1.931271,0.638761
44832,2,0.114609,0.909178,39,0,1000.000,1.852031,0.640264
44832,3,0.121648,0.911653,48,0,1000.000,1.902328,0.644828
44832,4,0.136208,0.889463,50,0,1000.000,2.282765,0.629581
44832,5,0.126218,0.912747,53,0,1000.000,1.700103,0.651129
44832,6,0.128642,0.905930,45,0,1000.000,1.939458,0.637142
44832,7,0.126161,0.857153,49,2,963.163,1.985607,0.626927
44880,0,0.112106,0.919193,26,1,982.154,1.714972,0.649630
44880,1,0.134408,0.891447,31,0,1000.000,2.147736,0.633465
44880,2,0.114609,0.914806,22,0,1000.000,2.121731,0.641489
44880,3,0.121648,0.934088,19,0,1000.000,1.649736,0.676656
44880,4,0.136208,0.908151,31,0,1000.000,2.101326,0.640821
44880,5,0.126218,0.940271,25,0,1000.000,1.684184,0.651500
44880,6,0.128642,0.881053,36,1,973.917,1.890321,0.636521
44880,7,0.126161,0.906614,24,0,1000.000,2.345754,0.618453
44928,0,0.112106,0.903258,19,0,1000.000,2.198767,0.615118
44928,1,0.134408,0.927408,32,0,1000.000,1.622274,0.656120
44928,2,0.114609,0.922872,32,0,1000.000,2.017897,0.651164
44928,3,0.121648,0.928309,31,0,1000.000,1.657695,0.647638
44928,4,0.136208,0.866819,27,0,1000.000,2.354304,0.625922
44928,5,0.126218,0.927855,21,0,1000.000,1.630764,0.666198
44928,6,0.128642,0.920044,28,0,1000.000,1.820137,0.642256
44928,7,0.126161,0.927926,28,0,1000.000,1.930916,0.642541
44976,0,0.112106,0.918204,30,1,991.567,1.646171,0.651764
44976,1,0.134408,0.931244,33,0,1000.000,1.699021,0.644045
44976,2,0.114609,0.925030,31,0,1000.000,1.750600,0.641457
44976,3,0.121648,0.905035,18,0,1000.000,1.967023,0.632091
44976,4,0.136208,0.911959,28,0,1000.000,1.919160,0.632877
44976,5,0.126218,0.914064,33,0,1000.000,2.194433,0.628112
44976,6,0.128642,0.939713,38,0,1000.000,1.694271,0.646503
44976,7,0.126161,0.921404,30,0,1000.000,1.913028,0.644748
45024,0,0.112106,0.910094,23,0,1000.000,2.027945,0.642640
45024,1,0.134408,0.922595,25,0,1000.000,1.888202,0.650604
45024,2,0.114609,0.936131,23,0,1000.000,1.631889,0.652666
45024,3,0.121648,0.932629,25,0,1000.000,1.626040,0.658535
45024,4,0.136208,0.867800,28,0,1000.000,2.213488,0.617024
45024,5,0.126218,0.947161,16,0,1000.000,1.468084,0.664443
45024,6,0.128642,0.907520,20,0,1000.000,2.008507,0.650301
45024,7,0.126161,0.911689,30,0,1000.000,2.078783,0.654104
45072,0,0.112106,0.934693,21,1,957.000,1.487129,0.661687
45072,1,0.134408,0.937655,11,0,1000.000,1.458183,0.682840
45072,2,0.114609,0.904302,12,0,1000.000,2.087921,0.629208
45072,3,0.121648,0.940640,16,0,1000.000,1.503470,0.646677
45072,4,0.136208,0.914694,20,0,1000.000,1.949486,0.636955
45072,5,0.126218,0.915499,19,0,1000.000,1.768195,0.649301
45072,6,0.128642,0.914140,30,0,1000.000,1.932360,0.644539
45072,7,0.126161,0.929975,24,0,1000.000,1.650220,0.651805
45120,0,0.112106,0.929810,27,1,996.963,1.750660,0.639825
45120,1,0.134408,0.908490,21,0,1000.000,1.760428,0.647511
45120,2,0.114609,0.917250,16,0,1000.000,1.833960,0.636596
45120,3,0.121648,0.880060,19,0,1000.000,2.224892,0.610355
45120,4,0.136208,0.934901,29,0,1000.000,1.492030,0.653029
45120,5,0.126218,0.921987,29,0,1000.000,2.129867,0.637862
45120,6,0.128642,0.918528,20,0,1000.000,2.025201,0.639025
45120,7,0.126161,0.936698,17,0,1000.000,1.635537,0.624224
45168,0,0.112106,0.905248,22,2,970.091,1.810898,0.624050
45168,1,0.134408,0.928518,28,0,1000.000,1.824026,0.649711
45168,2,0.114609,0.947476,20,0,1000.000,1.509980,0.667849
45168,3,0.121648,0.907806,26,0,1000.000,1.950508,0.625928
45168,4,0.136208,0.927490,26,0,1000.000,1.783802,0.651877
45168,5,0.126218,0.930749,19,0,1000.000,1.811471,0.634243
45168,6,0.128642,0.896048,19,0,1000.000,2.193318,0.627506
45168,7,0.126161,0.915147,16,0,1000.000,2.090097,0.637698
45216,0,0.112106,0.920045,19,2,971.000,1.667145,0.643498
45216,1,0.134408,0.937157,16,0,1000.000,1.855945,0.645061
45216,2,0.114609,0.900049,22,0,1000.000,2.183866,0.629377
45216,3,0.121648,0.921498,22,0,1000.000,1.839457,0.652487
45216,4,0.136208,0.917967,21,0,1000.000,1.899934,0.648917
45216,5,0.126218,0.922099,23,0,1000.000,1.556253,0.633762
45216,6,0.128642,0.925304,22,0,1000.000,1.859695,0.650871
45216,7,0.126161,0.922565,22,0,1000.000,1.666373,0.661101
45264,0,0.112106,0.925621,12,0,1000.000,1.672020,0.658878
45264,1,0.134408,0.926286,25,0,1000.000,1.796271,0.648448
45264,2,0.114609,0.908832,20,0,1000.000,2.238173,0.622524
45264,3,0.121648,0.910744,22,0,1000.000,2.047279,0.651085
45264,4,0.136208,0.926608,27,0,1000.000,1.694896,0.651188
45264,5,0.126218,0.949610,15,0,1000.000,1.426601,0.664075
45264,6,0.128642,0.934642,26,0,1000.000,1.589337,0.661628
45264,7,0.126161,0.894929,25,0,1000.000,2.044152,0.620369
45312,0,0.112106,0.935816,15,0,1000.000,1.861761,0.652333
45312,1,0.134408,0.921868,14,0,1000.000,2.041305,0.652662
45312,2,0.114609,0.903850,19,0,1000.000,1.724791,0.648045
45312,3,0.121648,0.915866,18,0,1000.000,2.067832,0.651830
45312,4,0.136208,0.912899,22,0,1000.000,2.182343,0.632086
45312,5,0.126218,0.920477,16,0,1000.000,1.813725,0.667588
45312,6,0.128642,0.908918,23,0,1000.000,1.911678,0.622991
45312,7,0.126161,0.919824,18,0,1000.000,2.035744,0.635588
45360,0,0.112106,0.904531,24,0,1000.000,1.808746,0.648140
45360,1,0.134408,0.935014,21,1,956.952,1.398028,0.647044
45360,2,0.114609,0.902719,21,0,1000.000,2.197675,0.634776
45360,3,0.121648,0.906442,28,0,1000.000,2.232871,0.630610
45360,4,0.136208,0.903489,32,0,1000.000,1.934120,0.644070
45360,5,0.126218,0.938102,21,0,1000.000,1.689772,0.666788
45360,6,0.128642,0.895474,20,0,1000.000,2.178603,0.635883
45360,7,0.126161,0.907573,24,0,1000.000,2.061109,0.635872
45408,0,0.112106,0.898735,22,1,956.545,1.807243,0.627743
45408,1,0.134408,0.933969,33,0,1000.000,1.840161,0.650224
45408,2,0.114609,0.901268,19,0,1000.000,2.365890,0.618020
45408,3,0.121648,0.915836,26,0,1000.000,2.121819,0.630368
45408,4,0.136208,0.927917,23,0,1000.000,1.772698,0.653863
45408,5,0.126218,0.925250,27,0,1000.000,1.800274,0.655664
45408,6,0.128642,0.906894,30,0,1000.000,1.948437,0.647705
45408,7,0.126161,0.910467,18,0,1000.000,2.177827,0.632487
45456,0,0.112106,0.923101,34,1,997.382,1.609911,0.647551
45456,1,0.134408,0.881249,21,0,1000.000,2.319280,0.626699
45456,2,0.114609,0.922263,26,0,1000.000,2.108230,0.633408
45456,3,0.121648,0.909689,31,0,1000.000,2.003062,0.638976
45456,4,0.136208,0.899994,37,0,1000.000,1.840010,0.634476
45456,5,0.126218,0.916062,26,0,1000.000,2.141837,0.628110
45456,6,0.128642,0.879241,21,1,956.238,1.745235,0.624022
45456,7,0.126161,0.920696,34,0,1000.000,1.927750,0.636969
45504,0,0.112106,0.890278,28,1,966.000,1.951948,0.626398
45504,1,0.134408,0.918623,31,0,1000.000,1.761541,0.651653
45504,2,0.114609,0.910598,28,0,1000.000,1.769137,0.655218
45504,3,0.121648,0.939696,33,0,1000.000,1.607971,0.647585
45504,4,0.136208,0.927306,36,0,1000.000,1.761855,0.649601
45504,5,0.126218,0.903343,26,0,1000.000,2.167840,0.631937
45504,6,0.128642,0.913179,35,0,1000.000,1.962257,0.632634
45504,7,0.126161,0.912656,36,0,1000.000,2.058769,0.626657
45552,0,0.112106,0.918371,33,0,1000.000,1.988052,0.648318
45552,1,0.134408,0.918399,29,0,1000.000,2.035079,0.633523
45552,2,0.114609,0.920886,34,0,1000.000,1.876973,0.644133
45552,3,0.121648,0.900968,29,0,1000.000,2.050841,0.625423
45552,4,0.136208,0.926088,34,0,1000.000,1.699284,0.653346
45552,5,0.126218,0.915251,39,0,1000.000,1.936077,0.638046
45552,6,0.128642,0.921670,46,0,1000.000,2.022859,0.646557
45552,7,0.126161,0.888864,35,1,973.886,1.815244,0.641693
45600,0,0.112106,0.894062,18,0,1000.000,1.842183,0.627344
45600,1,0.134408,0.909029,32,0,1000.000,1.932327,0.643701
45600,2,0.114609,0.909163,24,0,1000.000,2.119349,0.639365
45600,3,0.121648,0.901487,24,0,1000.000,2.079722,0.641732
45600,4,0.136208,0.927490,35,0,1000.000,1.674778,0.648817
45600,5,0.126218,0.900440,26,0,1000.000,2.041245,0.630481
45600,6,0.128642,0.904267,22,0,1000.000,2.205523,0.629860
45600,7,0.126161,0.910269,21,0,1000.000,1.921502,0.655654
45648,0,0.132832,0.934276,21,1,993.381,1.506141,0.646114
45648,1,0.126366,0.915996,17,0,1000.000,1.616162,0.635197
45648,2,0.121813,0.903528,23,0,1000.000,2.067149,0.637298
45648,3,0.118714,0.888233,17,0,1000.000,2.171331,0.628297
45648,4,0.117614,0.917793,33,0,1000.000,1.877042,0.644928
45648,5,0.121075,0.931539,21,0,1000.000,1.639789,0.662473
45648,6,0.119899,0.922432,27,0,1000.000,1.873396,0.641268
45648,7,0.141688,0.893037,19,0,1000.000,2.247999,0.630881
45696,0,0.132832,0.938523,27,1,987.259,1.654189,0.654726
45696,1,0.126366,0.924297,20,0,1000.000,1.892938,0.641905
45696,2,0.121813,0.907988,18,0,1000.000,2.003766,0.646815
45696,3,0.118714,0.925515,16,0,1000.000,1.803724,0.667804
45696,4,0.117614,0.922216,23,0,1000.000,2.104085,0.644301
45696,5,0.121075,0.919036,22,0,1000.000,1.998827,0.645223
45696,6,0.119899,0.916809,20,0,1000.000,1.975873,0.640669
45696,7,0.141688,0.921654,29,0,1000.000,1.830868,0.640444
45744,0,0.132832,0.912034,26,1,976.192,1.909824,0.639921
45744,1,0.126366,0.907234,26,0,1000.000,1.833129,0.635995
45744,2,0.121813,0.933561,21,0,1000.000,1.596195,0.639789
45744,3,0.118714,0.907903,22,0,1000.000,2.023255,0.641028
45744,4,0.117614,0.928915,19,0,1000.000,1.670421,0.636114
45744,5,0.121075,0.876363,19,0,1000.000,2.373350,0.610868
45744,6,0.119899,0.908941,26,0,1000.000,2.059508,0.635585
45744,7,0.141688,0.927661,28,0,1000.000,1.685046,0.652379
45840,0,0.132832,0.935724,58,1,989.707,1.554569,0.660796
45840,1,0.126366,0.909730,59,0,1000.000,2.032391,0.631564
45840,2,0.121813,0.907331,46,0,1000.000,1.820873,0.646495
45840,3,0.118714,0.921946,46,0,1000.000,1.979035,0.642098
45840,4,0.117614,0.914789,48,0,1000.000,2.049940,0.633314
45840,5,0.121075,0.920820,47,0,1000.000,1.832347,0.646216
45840,6,0.119899,0.913954,45,0,1000.000,1.949887,0.635080
45840,7,0.141688,0.905706,47,0,1000.000,2.173330,0.636015
45888,0,0.132832,0.938743,33,0,1000.000,1.733514,0.664288
45888,1,0.126366,0.927996,35,0,1000.000,1.631773,0.649875
45888,2,0.121813,0.902158,24,0,1000.000,2.226671,0.624338
45888,3,0.118714,0.912057,20,0,1000.000,2.019715,0.644171
45888,4,0.117614,0.933567,24,0,1000.000,1.587747,0.655188
45888,5,0.121075,0.898451,28,0,1000.000,2.308764,0.612713
45888,6,0.119899,0.904921,21,0,1000.000,1.988015,0.645572
45888,7,0.141688,0.924967,32,0,1000.000,1.878723,0.639868
45936,0,0.132832,0.911261,22,0,1000.000,2.126516,0.627916
45936,1,0.126366,0.923455,30,0,1000.000,1.814024,0.639025
45936,2,0.121813,0.904288,33,0,1000.000,2.040033,0.634412
45936,3,0.118714,0.909122,34,0,1000.000,2.032265,0.635687
45936,4,0.117614,0.917450,20,0,1000.000,1.845722,0.635006
45936,5,0.121075,0.935843,26,0,1000.000,1.617907,0.646792
45936,6,0.119899,0.903106,25,0,1000.000,2.016997,0.632939
45936,7,0.141688,0.916062,29,0,1000.000,2.232641,0.631020
45984,0,0.132832,0.925328,29,1,989.414,1.863309,0.640016
45984,1,0.126366,0.899685,31,0,1000.000,2.268859,0.631147
45984,2,0.121813,0.937403,25,0,1000.000,1.785374,0.652669
45984,3,0.118714,0.915555,24,0,1000.000,2.070320,0.631105
45984,4,0.117614,0.943484,27,0,1000.000,1.439207,0.671479
45984,5,0.121075,0.925633,36,0,1000.000,1.661324,0.653254
45984,6,0.119899,0.923319,35,0,1000.000,1.684498,0.640085
45984,7,0.141688,0.917880,27,0,1000.000,2.079626,0.648117
46032,0,0.132832,0.911805,25,0,1000.000,1.960021,0.639704
46032,1,0.126366,0.912171,22,0,1000.000,1.976213,0.642303
46032,2,0.121813,0.910913,20,0,1000.000,1.754818,0.625803
46032,3,0.118714,0.934368,14,0,1000.000,1.923137,0.639201
46032,4,0.117614,0.950075,22,0,1000.000,1.367671,0.660231
46032,5,0.121075,0.925147,18,0,1000.000,1.754965,0.655447
46032,6,0.119899,0.919532,28,0,1000.000,2.028553,0.632436
46032,7,0.141688,0.914405,26,0,1000.000,1.872234,0.631077
46080,0,0.132832,0.925410,24,0,1000.000,1.846719,0.646840
46080,1,0.126366,0.907726,14,0,1000.000,2.253106,0.621789
46080,2,0.121813,0.905910,16,0,1000.000,1.977418,0.643463
46080,3,0.118714,0.931009,21,0,1000.000,1.840530,0.648554
46080,4,0.117614,0.911457,21,0,1000.000,2.057848,0.633843
46080,5,0.121075,0.909410,23,0,1000.000,2.012391,0.643081
46080,6,0.119899,0.910544,17,0,1000.000,1.839471,0.616845
46080,7,0.141688,0.928033,18,0,1000.000,1.666843,0.644797
46128,0,0.132832,0.915311,26,0,1000.000,2.074852,0.628862
46128,1,0.126366,0.929643,21,0,1000.000,1.545415,0.668224
46128,2,0.121813,0.900280,28,0,1000.000,2.084225,0.636015
46128,3,0.118714,0.909614,23,0,1000.000,1.737072,0.643976
46128,4,0.117614,0.933791,19,0,1000.000,1.759850,0.670049
46128,5,0.121075,0.928322,12,0,1000.000,1.824739,0.645547
46128,6,0.119899,0.906994,31,0,1000.000,2.137968,0.630496
46128,7,0.141688,0.886101,21,0,1000.000,2.169094,0.628305
46176,0,0.132832,0.928564,22,0,1000.000,1.749893,0.640883
46176,1,0.126366,0.907855,29,0,1000.000,1.922888,0.638315
46176,2,0.121813,0.914404,27,0,1000.000,1.958446,0.634313
46176,3,0.118714,0.912436,21,0,1000.000,1.906041,0.653515
46176,4,0.117614,0.898770,17,0,1000.000,2.378015,0.626645
46176,5,0.121075,0.943217,20,0,1000.000,1.462635,0.645223
46176,6,0.119899,0.910426,24,0,1000.000,2.164901,0.630385
46176,7,0.141688,0.912418,20,0,1000.000,1.844972,0.647209
46224,0,0.132832,0.925149,24,0,1000.000,1.869905,0.641718
46224,1,0.126366,0.923527,23,0,1000.000,1.626011,0.649152
46224,2,0.121813,0.911720,15,0,1000.000,2.175005,0.651597
46224,3,0.118714,0.924632,17,0,1000.000,1.800497,0.654998
46224,4,0.117614,0.926609,16,0,1000.000,1.859005,0.642322
46224,5,0.121075,0.929235,26,0,1000.000,1.579489,0.658737
46224,6,0.119899,0.911843,22,0,1000.000,1.951932,0.640248
46224,7,0.141688,0.924964,28,0,1000.000,1.908403,0.646706
46272,0,0.132832,0.942581,18,0,1000.000,1.610761,0.652467
46272,1,0.126366,0.938710,29,0,1000.000,1.632435,0.665061
46272,2,0.121813,0.915957,25,0,1000.000,1.782452,0.651108
46272,3,0.118714,0.935493,21,0,1000.000,1.652164,0.659394
46272,4,0.117614,0.874695,17,0,1000.000,1.711093,0.620158
46272,5,0.121075,0.929350,17,0,1000.000,1.506472,0.679730
46272,6,0.119899,0.885295,18,0,1000.000,2.402252,0.613073
46272,7,0.141688,0.924502,20,0,1000.000,1.737366,0.653059
46320,0,0.132832,0.918255,18,0,1000.000,1.980444,0.656945
46320,1,0.126366,0.899796,16,0,1000.000,1.894854,0.649054
46320,2,0.121813,0.926937,18,0,1000.000,1.883642,0.645232
46320,3,0.118714,0.915088,19,0,1000.000,1.922495,0.657881
46320,4,0.117614,0.930221,21,0,1000.000,1.557472,0.644210
46320,5,0.121075,0.893840,16,0,1000.000,2.283630,0.621361
46320,6,0.119899,0.931110,16,0,1000.000,1.568154,0.638999
46320,7,0.141688,0.913171,24,0,1000.000,2.042949,0.652990
46368,0,0.132832,0.917057,25,0,1000.000,1.664379,0.627617
46368,1,0.126366,0.879235,24,1,960.417,2.144803,0.615643
46368,2,0.121813,0.909188,27,0,1000.000,2.032337,0.637790
46368,3,0.118714,0.919483,30,0,1000.000,2.110878,0.644629
46368,4,0.117614,0.923559,22,0,1000.000,1.850355,0.650957
46368,5,0.121075,0.912144,24,0,1000.000,2.114886,0.640852
46368,6,0.119899,0.878717,17,0,1000.000,2.395858,0.612069
46368,7,0.141688,0.894124,28,0,1000.000,1.952039,0.623291
46416,0,0.132832,0.920193,28,1,970.929,1.947973,0.638504
46416,1,0.126366,0.918753,18,0,1000.000,1.859687,0.644258
46416,2,0.121813,0.927029,28,0,1000.000,1.903420,0.648170
46416,3,0.118714,0.891857,27,0,1000.000,1.960696,0.618460
46416,4,0.117614,0.934433,24,0,1000.000,1.746171,0.661003
46416,5,0.121075,0.942672,16,0,1000.000,1.467128,0.646447
46416,6,0.119899,0.920080,26,0,1000.000,1.836575,0.659465
46416,7,0.141688,0.939248,30,0,1000.000,1.677449,0.661406
46464,0,0.132832,0.907639,28,1,991.036,1.691480,0.636644
46464,1,0.126366,0.903885,31,0,1000.000,2.071817,0.639553
46464,2,0.121813,0.944302,24,0,1000.000,1.433170,0.669928
46464,3,0.118714,0.899036,29,0,1000.000,2.186370,0.623058
46464,4,0.117614,0.901819,36,0,1000.000,1.916006,0.637240
46464,5,0.121075,0.924842,28,0,1000.000,1.631518,0.654486
46464,6,0.119899,0.891813,28,0,1000.000,2.128587,0.646357
46464,7,0.141688,0.911885,30,0,1000.000,2.018455,0.629599
46512,0,0.132832,0.895910,43,1,989.140,2.069682,0.627826
46512,1,0.126366,0.900672,36,0,1000.000,2.049094,0.642043
46512,2,0.121813,0.913175,46,0,1000.000,1.672961,0.656926
46512,3,0.118714,0.929295,26,0,1000.000,1.803988,0.641092
46512,4,0.117614,0.897556,22,0,1000.000,2.035873,0.650090
46512,5,0.121075,0.910560,23,0,1000.000,2.020104,0.638429
46512,6,0.119899,0.906492,24,0,1000.000,2.139675,0.631289
46512,7,0.141688,0.886972,39,0,1000.000,2.282393,0.618325
46560,0,0.132832,0.907299,45,0,1000.000,1.786507,0.643631
46560,1,0.126366,0.923161,42,0,1000.000,1.745828,0.637988
46560,2,0.121813,0.886828,24,0,1000.000,2.217017,0.628337
46560,3,0.118714,0.933262,39,0,1000.000,1.562154,0.658675
46560,4,0.117614,0.908523,30,0,1000.000,2.015035,0.635735
46560,5,0.121075,0.905931,25,0,1000.000,2.016612,0.648270
46560,6,0.119899,0.929828,27,0,1000.000,1.903558,0.651121
46560,7,0.141688,0.923016,40,0,1000.000,1.986475,0.647006
46608,0,0.132832,0.924369,24,0,1000.000,1.881580,0.659056
46608,1,0.126366,0.893764,17,0,1000.000,2.121745,0.623420
46608,2,0.121813,0.895351,20,0,1000.000,1.995226,0.635248
46608,3,0.118714,0.921703,24,0,1000.000,1.905039,0.642249
46608,4,0.117614,0.902101,20,0,1000.000,1.999485,0.649828
46608,5,0.121075,0.902473,21,0,1000.000,2.001770,0.621647
46608,6,0.119899,0.901636,21,0,1000.000,1.775268,0.651616
46608,7,0.141688,0.915892,37,0,1000.000,2.064085,0.650243
46656,0,0.132832,0.889384,20,0,1000.000,2.097898,0.632133
46656,1,0.126366,0.898940,20,0,1000.000,1.908622,0.642823
46656,2,0.121813,0.929645,27,0,1000.000,1.572472,0.656621
46656,3,0.118714,0.904509,19,0,1000.000,2.283017,0.638677
46656,4,0.117614,0.912820,28,0,1000.000,2.026081,0.637832
46656,5,0.121075,0.902167,19,0,1000.000,1.867858,0.647847
46656,6,0.119899,0.922120,26,0,1000.000,1.864769,0.656568
46656,7,0.141688,0.928435,34,0,1000.000,1.684448,0.655268
46704,0,0.132832,0.913239,26,0,1000.000,1.677595,0.643077
46704,1,0.126366,0.876993,26,0,1000.000,2.376247,0.622967
46704,2,0.121813,0.887871,28,0,1000.000,2.188531,0.635900
46704,3,0.118714,0.932414,22,0,1000.000,1.723243,0.651378
46704,4,0.117614,0.909795,19,0,1000.000,1.859293,0.661695
46704,5,0.121075,0.920008,14,0,1000.000,2.298689,0.626242
46704,6,0.119899,0.874794,14,0,1000.000,1.896007,0.647737
46704,7,0.141688,0.908980,18,0,1000.000,2.016552,0.643395
46752,0,0.132832,0.876748,24,1,990.125,2.060561,0.622514
46752,1,0.126366,0.914810,25,0,1000.000,1.835340,0.639557
46752,2,0.121813,0.907393,31,0,1000.000,1.995925,0.621290
46752,3,0.118714,0.912790,20,0,1000.000,1.634103,0.647706
46752,4,0.117614,0.931153,15,0,1000.000,1.610369,0.666028
46752,5,0.121075,0.943739,23,0,1000.000,1.290908,0.653686
46752,6,0.119899,0.901413,24,0,1000.000,1.896938,0.638752
46752,7,0.141688,0.906088,31,0,1000.000,1.868285,0.639264
46800,0,0.132832,0.906723,26,0,1000.000,1.901277,0.631564
46800,1,0.126366,0.911964,15,0,1000.000,1.842169,0.621507
46800,2,0.121813,0.890883,23,0,1000.000,1.992792,0.629920
46800,3,0.118714,0.891740,20,0,1000.000,1.727051,0.619611
46800,4,0.117614,0.918392,18,0,1000.000,1.547060,0.651937
46800,5,0.121075,0.936692,22,0,1000.000,1.755311,0.665247
46800,6,0.119899,0.928672,23,0,1000.000,1.611144,0.654192
46800,7,0.141688,0.928722,21,0,1000.000,1.841310,0.653539
46848,0,0.132832,0.916474,21,1,963.857,1.498975,0.661101
46848,1,0.126366,0.917471,28,0,1000.000,1.848165,0.644394
46848,2,0.121813,0.914484,28,0,1000.000,1.924858,0.657155
46848,3,0.118714,0.926692,36,0,1000.000,1.784733,0.652004
46848,4,0.117614,0.920898,21,0,1000.000,2.016822,0.651520
46848,5,0.121075,0.922472,36,0,1000.000,1.770440,0.651416
46848,6,0.119899,0.914060,20,0,1000.000,1.802663,0.643579
46848,7,0.141688,0.910323,40,0,1000.000,2.041668,0.641124
46896,0,0.132832,0.935742,22,0,1000.000,1.542990,0.658148
46896,1,0.126366,0.883638,24,0,1000.000,2.168019,0.612820
46896,2,0.121813,0.915289,28,0,1000.000,1.927387,0.638279
46896,3,0.118714,0.908763,31,0,1000.000,1.981762,0.638922
46896,4,0.117614,0.921021,18,0,1000.000,1.604648,0.647712
46896,5,0.121075,0.902222,37,0,1000.000,2.113899,0.637182
46896,6,0.119899,0.902691,26,0,1000.000,2.155246,0.646326
46896,7,0.141688,0.893055,29,0,1000.000,2.210808,0.630731
46944,0,0.132832,0.892647,23,0,1000.000,2.047230,0.623352
46944,1,0.126366,0.925155,29,0,1000.000,2.023000,0.638690
46944,2,0.121813,0.904499,29,0,1000.000,2.091526,0.633408
46944,3,0.118714,0.918215,24,0,1000.000,1.880692,0.649449
46944,4,0.117614,0.898966,30,0,1000.000,1.929324,0.634268
46944,5,0.121075,0.896996,29,0,1000.000,2.023207,0.627891
46944,6,0.119899,0.913956,30,0,1000.000,1.978396,0.643662
46944,7,0.141688,0.927019,32,0,1000.000,1.468047,0.633492
46992,0,0.132832,0.910309,34,0,1000.000,1.879883,0.647025
46992,1,0.126366,0.906629,25,1,961.720,1.857436,0.616189
46992,2,0.121813,0.934856,16,0,1000.000,1.623424,0.652026
46992,3,0.118714,0.925391,29,0,1000.000,1.821963,0.649431
46992,4,0.117614,0.868170,20,0,1000.000,2.385894,0.619633
46992,5,0.121075,0.922518,30,0,1000.000,1.867633,0.637032
46992,6,0.119899,0.921302,37,0,1000.000,2.003002,0.651056
46992,7,0.141688,0.914556,31,0,1000.000,2.030524,0.632919
47040,0,0.132832,0.932094,13,0,1000.000,1.540145,0.634735
47040,1,0.126366,0.932603,25,0,1000.000,1.811731,0.656764
47040,2,0.121813,0.930250,23,0,1000.000,1.694837,0.662615
47040,3,0.118714,0.919628,28,0,1000.000,2.007426,0.643905
47040,4,0.117614,0.923392,24,0,1000.000,1.891759,0.644442
47040,5,0.121075,0.917705,16,0,1000.000,1.832316,0.636895
47040,6,0.119899,0.918975,18,0,1000.000,1.628814,0.665278
47040,7,0.141688,0.956192,22,0,1000.000,1.118066,0.677444
47088,0,0.132832,0.926457,21,0,1000.000,1.662850,0.657062
47088,1,0.126366,0.904592,18,0,1000.000,2.140397,0.627693
47088,2,0.121813,0.930234,16,0,1000.000,1.563172,0.646502
47088,3,0.118714,0.926621,24,0,1000.000,1.891787,0.643383
47088,4,0.117614,0.915639,16,0,1000.000,2.011198,0.635091
47088,5,0.121075,0.884341,14,0,1000.000,2.399894,0.629432
47088,6,0.119899,0.920928,25,0,1000.000,2.004241,0.639015
47088,7,0.141688,0.918442,25,0,1000.000,1.776166,0.657358
47136,0,0.132832,0.924882,23,0,1000.000,1.746096,0.632642
47136,1,0.126366,0.907897,22,0,1000.000,2.088130,0.632079
47136,2,0.121813,0.908831,13,0,1000.000,2.383918,0.641639
47136,3,0.118714,0.917850,28,0,1000.000,1.942845,0.651622
47136,4,0.117614,0.902899,18,0,1000.000,2.197168,0.635759
47136,5,0.121075,0.928208,31,0,1000.000,1.691969,0.643805
47136,6,0.119899,0.930117,27,0,1000.000,1.694847,0.662479
47136,7,0.141688,0.903923,29,0,1000.000,1.818267,0.638831
47232,0,0.132832,0.927178,45,3,969.400,1.716298,0.639754
47232,1,0.126366,0.912754,50,0,1000.000,1.803281,0.634637
47232,2,0.121813,0.906762,52,0,1000.000,2.063525,0.630360
47232,3,0.118714,0.907792,36,0,1000.000,2.104738,0.632229
47232,4,0.117614,0.940449,35,0,1000.000,1.601458,0.650643
47232,5,0.121075,0.884427,35,0,1000.000,2.297465,0.625608
47232,6,0.119899,0.925324,33,0,1000.000,1.880289,0.649482
47232,7,0.141688,0.914967,58,0,1000.000,1.738294,0.648475
47328,0,0.132832,0.923834,38,2,973.211,1.504251,0.654287
47328,1,0.126366,0.905264,44,0,1000.000,1.940736,0.640031
47328,2,0.121813,0.922099,32,0,1000.000,1.950422,0.647104
47328,3,0.118714,0.930348,35,0,1000.000,1.950822,0.650887
47328,4,0.117614,0.914341,41,0,1000.000,1.975962,0.631465
47328,5,0.121075,0.917391,43,0,1000.000,1.862957,0.641287
47328,6,0.119899,0.916659,41,0,1000.000,1.926748,0.643964
47328,7,0.141688,0.931281,36,0,1000.000,1.724292,0.669159
47376,0,0.132832,0.898666,22,0,1000.000,1.941548,0.640149
47376,1,0.126366,0.912962,27,0,1000.000,1.926813,0.650060
47376,2,0.121813,0.950476,18,0,1000.000,1.513869,0.679195
47376,3,0.118714,0.919629,21,0,1000.000,1.963298,0.658329
47376,4,0.117614,0.915816,21,0,1000.000,1.912354,0.627047
47376,5,0.121075,0.910619,35,0,1000.000,2.102604,0.643394
47376,6,0.119899,0.930555,17,0,1000.000,1.787007,0.657473
47376,7,0.141688,0.924426,29,0,1000.000,1.790539,0.657704
47424,0,0.132832,0.939314,24,0,1000.000,1.603698,0.662640
47424,1,0.126366,0.904994,16,0,1000.000,1.719314,0.660884
47424,2,0.121813,0.914512,33,0,1000.000,1.953978,0.642890
47424,3,0.118714,0.914562,39,0,1000.000,1.883956,0.645804
47424,4,0.117614,0.918916,24,0,1000.000,1.693365,0.640738
47424,5,0.121075,0.893673,27,0,1000.000,2.131489,0.632705
47424,6,0.119899,0.922071,28,0,1000.000,1.813269,0.658142
47424,7,0.141688,0.908089,23,0,1000.000,1.606971,0.636732
47472,0,0.132832,0.935210,36,0,1000.000,1.533390,0.639156
47472,1,0.126366,0.894150,33,0,1000.000,1.781013,0.632055
47472,2,0.121813,0.907371,25,0,1000.000,1.780645,0.635219
47472,3,0.118714,0.924003,23,0,1000.000,1.725430,0.637352
47472,4,0.117614,0.915057,42,0,1000.000,2.045772,0.636738
47472,5,0.121075,0.911071,30,0,1000.000,1.811921,0.643543
47472,6,0.119899,0.912864,29,0,1000.000,1.893443,0.642439
47472,7,0.141688,0.920599,37,0,1000.000,1.873821,0.638200
47520,0,0.132832,0.928219,26,1,993.654,1.671984,0.648513
47520,1,0.126366,0.915038,28,0,1000.000,1.801153,0.645831
47520,2,0.121813,0.925406,32,0,1000.000,1.787820,0.654045
47520,3,0.118714,0.902078,36,0,1000.000,1.928470,0.642293
47520,4,0.117614,0.911578,28,0,1000.000,1.762282,0.644916
47520,5,0.121075,0.920858,28,0,1000.000,1.824613,0.641192
47520,6,0.119899,0.895208,28,0,1000.000,2.271942,0.627437
47520,7,0.141688,0.914661,41,0,1000.000,1.817300,0.646713
47568,0,0.132832,0.923104,41,1,977.415,1.613937,0.642042
47568,1,0.126366,0.922735,33,0,1000.000,1.673899,0.633303
47568,2,0.121813,0.919300,34,0,1000.000,1.420014,0.649232
47568,3,0.118714,0.917328,33,0,1000.000,1.782839,0.641445
47568,4,0.117614,0.934930,44,0,1000.000,1.747862,0.662663
47568,5,0.121075,0.932563,21,0,1000.000,1.597884,0.663166
47568,6,0.119899,0.914418,38,0,1000.000,1.893849,0.640463
47568,7,0.141688,0.922737,26,0,1000.000,1.785098,0.648406
47616,0,0.132832,0.924220,19,1,956.211,1.591695,0.641477
47616,1,0.126366,0.909039,24,0,1000.000,1.957017,0.611257
47616,2,0.121813,0.919168,25,0,1000.000,1.879879,0.648831
47616,3,0.118714,0.900082,22,0,1000.000,2.207932,0.632469
47616,4,0.117614,0.915351,21,0,1000.000,1.777081,0.634522
47616,5,0.121075,0.904877,22,0,1000.000,1.864894,0.631155
47616,6,0.119899,0.930804,15,0,1000.000,1.503239,0.653813
47616,7,0.141688,0.916620,22,0,1000.000,1.849595,0.633229
47664,0,0.132832,0.903621,38,0,1000.000,1.891651,0.631628
47664,1,0.126366,0.905912,27,0,1000.000,1.991756,0.636930
47664,2,0.121813,0.895295,31,0,1000.000,2.026288,0.627771
47664,3,0.118714,0.930502,24,0,1000.000,1.647187,0.638609
47664,4,0.117614,0.917362,21,0,1000.000,1.920522,0.638646
47664,5,0.121075,0.878504,8,0,1000.000,2.371409,0.625114
47664,6,0.119899,0.927497,17,0,1000.000,1.872166,0.664297
47664,7,0.141688,0.908850,23,0,1000.000,1.713392,0.631432
47712,0,0.132832,0.906790,25,0,1000.000,2.153731,0.642760
47712,1,0.126366,0.912850,16,0,1000.000,1.966161,0.640019
47712,2,0.121813,0.916546,22,0,1000.000,2.100870,0.636819
47712,3,0.118714,0.907833,17,0,1000.000,1.781071,0.646064
47712,4,0.117614,0.924782,24,0,1000.000,1.769297,0.651545
47712,5,0.121075,0.934212,27,0,1000.000,1.819626,0.647554
47712,6,0.119899,0.917046,21,0,1000.000,1.723065,0.647218
47712,7,0.141688,0.904996,18,0,1000.000,2.124265,0.641043
47760,0,0.132832,0.920904,21,0,1000.000,1.915793,0.647123
47760,1,0.126366,0.905484,25,0,1000.000,2.081760,0.640733
47760,2,0.121813,0.913273,28,0,1000.000,1.901956,0.647842
47760,3,0.118714,0.922595,16,0,1000.000,1.891007,0.645598
47760,4,0.117614,0.917932,26,0,1000.000,2.171423,0.627696
47760,5,0.121075,0.942666,26,0,1000.000,1.449372,0.667588
47760,6,0.119899,0.929911,19,0,1000.000,1.616962,0.643667
47760,7,0.141688,0.913695,29,0,1000.000,1.987132,0.640400
47808,0,0.132832,0.941347,17,0,1000.000,1.494672,0.663758
47808,1,0.126366,0.904723,29,0,1000.000,1.923483,0.632527
47808,2,0.121813,0.897854,25,0,1000.000,2.000769,0.625138
47808,3,0.118714,0.912501,24,0,1000.000,1.912269,0.654165
47808,4,0.117614,0.922828,14,0,1000.000,1.662460,0.653386
47808,5,0.121075,0.933263,18,0,1000.000,1.485218,0.667445
47808,6,0.119899,0.918886,19,0,1000.000,2.025858,0.647285
47808,7,0.141688,0.914953,29,0,1000.000,1.608792,0.642033
47856,0,0.132832,0.919731,29,1,980.655,1.828016,0.638922
47856,1,0.126366,0.930212,35,0,1000.000,1.702440,0.641824
47856,2,0.121813,0.914564,27,0,1000.000,2.064951,0.635361
47856,3,0.118714,0.935068,24,0,1000.000,1.437986,0.661701
47856,4,0.117614,0.927194,28,0,1000.000,1.880348,0.653155
47856,5,0.121075,0.920980,24,0,1000.000,1.960285,0.632288
47856,6,0.119899,0.906349,31,0,1000.000,2.144603,0.633394
47856,7,0.141688,0.925670,32,0,1000.000,1.678859,0.654701
47904,0,0.132832,0.915308,23,0,1000.000,2.024384,0.636248
47904,1,0.126366,0.916730,25,0,1000.000,1.825497,0.649291
47904,2,0.121813,0.903902,31,0,1000.000,2.195541,0.624072
47904,3,0.118714,0.928447,25,0,1000.000,1.459457,0.649905
47904,4,0.117614,0.946420,24,0,1000.000,1.552222,0.658704
47904,5,0.121075,0.903652,34,0,1000.000,2.062191,0.622426
47904,6,0.119899,0.922562,22,0,1000.000,1.916445,0.624477
47904,7,0.141688,0.916758,24,0,1000.000,2.302345,0.629731
47952,0,0.132832,0.899114,28,0,1000.000,2.358715,0.610353
47952,1,0.126366,0.930238,31,0,1000.000,1.906671,0.649223
47952,2,0.121813,0.919636,32,0,1000.000,1.851768,0.639946
47952,3,0.118714,0.908929,39,0,1000.000,2.009812,0.635068
47952,4,0.117614,0.919580,22,0,1000.000,1.992071,0.642302
47952,5,0.121075,0.928869,26,0,1000.000,1.723685,0.641917
47952,6,0.119899,0.909671,28,0,1000.000,2.255834,0.628326
47952,7,0.141688,0.925217,31,0,1000.000,1.722225,0.624364
48000,0,0.132832,0.921107,28,2,971.893,1.610013,0.630550
48000,1,0.126366,0.922510,29,0,1000.000,1.673109,0.647129
48000,2,0.121813,0.931429,35,0,1000.000,1.831841,0.653408
48000,3,0.118714,0.922052,27,0,1000.000,1.793638,0.651552
48000,4,0.117614,0.910015,20,0,1000.000,1.921522,0.643697
48000,5,0.121075,0.926953,22,0,1000.000,1.884894,0.649245
48000,6,0.119899,0.918040,26,0,1000.000,1.824331,0.632391
48000,7,0.141688,0.916102,30,0,1000.000,1.950330,0.649141
48048,0,0.128850,0.916454,19,0,1000.000,1.751912,0.644035
48048,1,0.110817,0.893335,16,0,1000.000,2.098034,0.633852
48048,2,0.123491,0.934866,17,0,1000.000,1.341862,0.653385
48048,3,0.133915,0.913037,16,0,1000.000,1.774755,0.633192
48048,4,0.132188,0.936128,21,0,1000.000,1.482203,0.655973
48048,5,0.123291,0.928472,23,0,1000.000,1.926784,0.624091
48048,6,0.121664,0.934828,16,0,1000.000,1.772231,0.666695
48048,7,0.125784,0.913114,26,0,1000.000,1.963462,0.647557
48096,0,0.128850,0.917783,16,0,1000.000,1.935481,0.657566
48096,1,0.110817,0.910800,17,0,1000.000,1.771199,0.630093
48096,2,0.123491,0.944746,21,0,1000.000,1.647796,0.658329
48096,3,0.133915,0.921448,19,0,1000.000,1.919913,0.644365
48096,4,0.132188,0.943261,22,0,1000.000,1.518170,0.646413
48096,5,0.123291,0.918003,28,0,1000.000,1.919284,0.637899
48096,6,0.121664,0.890252,18,0,1000.000,2.389237,0.634304
48096,7,0.125784,0.923493,20,0,1000.000,1.959038,0.641919
48144,0,0.128850,0.912884,26,0,1000.000,2.154277,0.624947
48144,1,0.110817,0.917414,24,0,1000.000,1.998752,0.640504
48144,2,0.123491,0.931642,30,0,1000.000,1.692200,0.636181
48144,3,0.133915,0.942516,26,0,1000.000,1.374654,0.665374
48144,4,0.132188,0.918862,26,0,1000.000,2.162281,0.638139
48144,5,0.123291,0.922861,25,0,1000.000,2.046001,0.631516
48144,6,0.121664,0.923255,23,0,1000.000,1.582476,0.645754
48144,7,0.125784,0.927073,22,0,1000.000,1.896187,0.643457
48192,0,0.128850,0.926157,22,0,1000.000,1.734563,0.653548
48192,1,0.110817,0.941330,19,0,1000.000,1.486826,0.657292
48192,2,0.123491,0.940513,18,0,1000.000,1.558433,0.652253
48192,3,0.133915,0.898127,22,0,1000.000,2.352312,0.624809
48192,4,0.132188,0.899221,17,0,1000.000,1.966154,0.635279
48192,5,0.123291,0.931960,28,0,1000.000,1.845165,0.652644
48192,6,0.121664,0.910424,22,0,1000.000,2.223322,0.623376
48192,7,0.125784,0.934051,17,0,1000.000,1.691562,0.665749
48240,0,0.128850,0.917106,24,0,1000.000,1.869547,0.654588
48240,1,0.110817,0.934702,15,0,1000.000,1.864742,0.648827
48240,2,0.123491,0.895813,13,0,1000.000,2.261514,0.625557
48240,3,0.133915,0.887437,21,0,1000.000,2.281535,0.620548
48240,4,0.132188,0.923895,28,0,1000.000,1.971469,0.635591
48240,5,0.123291,0.912191,23,0,1000.000,2.280727,0.625471
48240,6,0.121664,0.911330,23,0,1000.000,2.168185,0.639813
48240,7,0.125784,0.890336,24,0,1000.000,2.015575,0.627847
48288,0,0.128850,0.917707,19,0,1000.000,1.905939,0.652536
48288,1,0.110817,0.912471,22,0,1000.000,2.018985,0.630471
48288,2,0.123491,0.921516,23,0,1000.000,1.553308,0.650802
48288,3,0.133915,0.907616,20,0,1000.000,1.866965,0.628733
48288,4,0.132188,0.932551,17,0,1000.000,1.902026,0.666124
48288,5,0.123291,0.947135,22,0,1000.000,1.457299,0.687768
48288,6,0.121664,0.929132,13,0,1000.000,1.723845,0.649446
48288,7,0.125784,0.913039,19,0,1000.000,1.919799,0.643695
48336,0,0.128850,0.914617,19,0,1000.000,1.970857,0.650033
48336,1,0.110817,0.924590,13,0,1000.000,1.975502,0.658160
48336,2,0.123491,0.943659,14,0,1000.000,1.450766,0.662008
48336,3,0.133915,0.917757,27,0,1000.000,1.804186,0.641672
48336,4,0.132188,0.938742,17,0,1000.000,1.519058,0.649375
48336,5,0.123291,0.906439,21,0,1000.000,2.080609,0.642002
48336,6,0.121664,0.908496,19,0,1000.000,1.947046,0.628062
48336,7,0.125784,0.924034,23,0,1000.000,2.065791,0.642020
48384,0,0.128850,0.932258,23,2,959.043,1.628068,0.632651
48384,1,0.110817,0.914132,18,0,1000.000,2.340914,0.608202
48384,2,0.123491,0.918375,29,0,1000.000,1.698519,0.654097
48384,3,0.133915,0.921698,37,0,1000.000,1.811381,0.641071
48384,4,0.132188,0.908915,28,0,1000.000,2.121332,0.640663
48384,5,0.123291,0.888552,20,0,1000.000,2.253392,0.640300
48384,6,0.121664,0.933851,27,0,1000.000,1.655582,0.644674
48384,7,0.125784,0.915977,19,0,1000.000,2.006968,0.644276
48432,0,0.128850,0.907236,35,0,1000.000,1.827214,0.640600
48432,1,0.110817,0.918698,24,0,1000.000,2.057168,0.643162
48432,2,0.123491,0.938378,22,0,1000.000,1.578332,0.648677
48432,3,0.133915,0.918717,37,0,1000.000,1.659054,0.647535
48432,4,0.132188,0.918540,22,0,1000.000,1.841326,0.656864
48432,5,0.123291,0.927482,26,0,1000.000,1.760881,0.643872
48432,6,0.121664,0.927886,25,0,1000.000,1.819778,0.670259
48432,7,0.125784,0.921610,25,0,1000.000,1.805696,0.645873
48480,0,0.128850,0.866767,30,1,969.067,2.137065,0.618452
48480,1,0.110817,0.912426,25,0,1000.000,1.774351,0.646349
48480,2,0.123491,0.892965,36,0,1000.000,2.189422,0.626343
48480,3,0.133915,0.912985,37,0,1000.000,1.943839,0.642765
48480,4,0.132188,0.923568,48,0,1000.000,1.635983,0.660353
48480,5,0.123291,0.905165,27,0,1000.000,1.942725,0.628401
48480,6,0.121664,0.906323,24,0,1000.000,1.975193,0.658305
48480,7,0.125784,0.936732,31,0,1000.000,1.693225,0.654113
48528,0,0.128850,0.912648,43,1,989.116,1.807912,0.650758
48528,1,0.110817,0.893943,26,0,1000.000,2.091090,0.623646
48528,2,0.123491,0.917732,28,0,1000.000,1.955444,0.643079
48528,3,0.133915,0.904590,36,0,1000.000,1.660983,0.645602
48528,4,0.132188,0.930060,33,0,1000.000,1.865795,0.655717
48528,5,0.123291,0.911777,37,0,1000.000,1.934191,0.647453
48528,6,0.121664,0.913105,28,0,1000.000,1.781382,0.645742
48528,7,0.125784,0.911124,34,0,1000.000,1.931255,0.646405
48576,0,0.128850,0.923513,38,0,1000.000,1.774354,0.639454
48576,1,0.110817,0.903808,23,0,1000.000,1.895036,0.638769
48576,2,0.123491,0.880222,25,0,1000.000,2.124934,0.634652
48576,3,0.133915,0.902794,36,0,1000.000,2.079524,0.644449
48576,4,0.132188,0.928645,42,0,1000.000,1.634156,0.654591
48576,5,0.123291,0.915133,35,0,1000.000,1.921006,0.649821
48576,6,0.121664,0.924373,22,0,1000.000,1.848587,0.648000
48576,7,0.125784,0.882982,27,1,965.333,1.589297,0.638447
48624,0,0.128850,0.918056,30,1,984.233,1.769267,0.655908
48624,1,0.110817,0.914052,19,0,1000.000,1.946898,0.651835
48624,2,0.123491,0.914684,24,0,1000.000,1.899702,0.642279
48624,3,0.133915,0.918160,21,0,1000.000,1.754757,0.659908
48624,4,0.132188,0.909217,23,0,1000.000,1.853506,0.639928
48624,5,0.123291,0.938525,18,0,1000.000,1.779037,0.661676
48624,6,0.121664,0.866308,12,0,1000.000,2.428017,0.630484
48624,7,0.125784,0.897257,26,0,1000.000,1.704055,0.619292
48672,0,0.128850,0.898131,33,1,983.758,1.828352,0.639400
48672,1,0.110817,0.923302,21,0,1000.000,1.915095,0.654350
48672,2,0.123491,0.903291,23,0,1000.000,2.003071,0.642854
48672,3,0.133915,0.887053,26,0,1000.000,2.061210,0.639017
48672,4,0.132188,0.897410,17,0,1000.000,2.173774,0.634164
48672,5,0.123291,0.911721,21,0,1000.000,1.776487,0.638647
48672,6,0.121664,0.914124,14,0,1000.000,1.914002,0.650111
48672,7,0.125784,0.936980,25,0,1000.000,1.337248,0.643255
48720,0,0.128850,0.894539,25,0,1000.000,2.155025,0.620768
48720,1,0.110817,0.919035,15,0,1000.000,1.651404,0.645591
48720,2,0.123491,0.919870,32,0,1000.000,1.795874,0.643005
48720,3,0.133915,0.913581,15,0,1000.000,1.956276,0.619448
48720,4,0.132188,0.916909,21,0,1000.000,1.922340,0.642700
48720,5,0.123291,0.874512,20,0,1000.000,2.485200,0.618633
48720,6,0.121664,0.904077,21,0,1000.000,1.820221,0.650280
48720,7,0.125784,0.885840,24,0,1000.000,2.322127,0.619582
48768,0,0.128850,0.903291,25,0,1000.000,1.893639,0.635779
48768,1,0.110817,0.919056,20,0,1000.000,1.794894,0.653042
48768,2,0.123491,0.933882,24,0,1000.000,1.507101,0.672290
48768,3,0.133915,0.914832,26,0,1000.000,1.740362,0.656875
48768,4,0.132188,0.896583,16,0,1000.000,1.751980,0.626627
48768,5,0.123291,0.924400,24,0,1000.000,1.821873,0.645736
48768,6,0.121664,0.917598,26,0,1000.000,1.731517,0.638618
48768,7,0.125784,0.905048,30,0,1000.000,1.825777,0.636127
48816,0,0.128850,0.935894,22,0,1000.000,1.591924,0.642240
48816,1,0.110817,0.924301,22,0,1000.000,1.880440,0.651772
48816,2,0.123491,0.898662,27,0,1000.000,1.912712,0.640313
48816,3,0.133915,0.906048,20,0,1000.000,2.094300,0.634474
48816,4,0.132188,0.925664,15,0,1000.000,1.651571,0.641768
48816,5,0.123291,0.929856,26,0,1000.000,1.775982,0.648184
48816,6,0.121664,0.921770,25,0,1000.000,1.860654,0.647845
48816,7,0.125784,0.903259,19,0,1000.000,2.050366,0.626146
48864,0,0.128850,0.915310,35,0,1000.000,1.797326,0.651084
48864,1,0.110817,0.897496,28,0,1000.000,2.232385,0.639947
48864,2,0.123491,0.918033,36,0,1000.000,1.736864,0.654531
48864,3,0.133915,0.920593,22,0,1000.000,1.872335,0.645962
48864,4,0.132188,0.930081,31,0,1000.000,1.910298,0.647145
48864,5,0.123291,0.922847,23,0,1000.000,2.129302,0.641304
48864,6,0.121664,0.928070,27,0,1000.000,1.751026,0.655094
48864,7,0.125784,0.932419,31,0,1000.000,1.709360,0.652287
48912,0,0.128850,0.895802,27,1,965.000,1.957942,0.628128
48912,1,0.110817,0.921961,19,0,1000.000,1.710509,0.644021
48912,2,0.123491,0.896915,27,0,1000.000,2.041279,0.622111
48912,3,0.133915,0.921261,34,0,1000.000,1.823122,0.647259
48912,4,0.132188,0.921699,31,0,1000.000,1.743199,0.665381
48912,5,0.123291,0.909434,28,0,1000.000,1.923288,0.641035
48912,6,0.121664,0.912679,24,0,1000.000,2.004100,0.648558
48912,7,0.125784,0.887437,17,0,1000.000,2.512027,0.625921
48960,0,0.128850,0.919648,29,0,1000.000,1.809978,0.645387
48960,1,0.110817,0.924667,25,0,1000.000,1.756730,0.649370
48960,2,0.123491,0.910890,30,0,1000.000,1.873345,0.648356
48960,3,0.133915,0.932015,34,0,1000.000,1.891432,0.661982
48960,4,0.132188,0.915650,37,0,1000.000,1.889032,0.646206
48960,5,0.123291,0.919513,33,0,1000.000,1.786852,0.647663
48960,6,0.121664,0.909314,30,0,1000.000,2.150038,0.634681
48960,7,0.125784,0.904389,31,0,1000.000,2.209292,0.631447
49008,0,0.128850,0.907038,26,1,997.808,1.671832,0.630422
49008,1,0.110817,0.918586,15,0,1000.000,1.791140,0.654620
49008,2,0.123491,0.901304,21,0,1000.000,2.185266,0.617126
49008,3,0.133915,0.913880,30,0,1000.000,1.898818,0.639312
49008,4,0.132188,0.904989,23,0,1000.000,1.949595,0.637773
49008,5,0.123291,0.885548,31,0,1000.000,2.296016,0.621160
49008,6,0.121664,0.923302,32,0,1000.000,1.726432,0.632220
49008,7,0.125784,0.907095,27,0,1000.000,2.047021,0.640064
49056,0,0.128850,0.905721,21,0,1000.000,2.087723,0.647306
49056,1,0.110817,0.881408,13,0,1000.000,1.768335,0.624361
49056,2,0.123491,0.913553,21,0,1000.000,1.791698,0.645133
49056,3,0.133915,0.913033,23,0,1000.000,2.037287,0.641884
49056,4,0.132188,0.916973,22,0,1000.000,1.992660,0.641424
49056,5,0.123291,0.913296,13,0,1000.000,1.633080,0.658128
49056,6,0.121664,0.919151,15,0,1000.000,1.660944,0.652561
49056,7,0.125784,0.849898,19,1,953.105,1.951170,0.623783
49104,0,0.128850,0.933873,22,1,987.091,1.640599,0.650087
49104,1,0.110817,0.905770,23,0,1000.000,2.089718,0.636067
49104,2,0.123491,0.899755,21,0,1000.000,2.060153,0.638261
49104,3,0.133915,0.932737,26,0,1000.000,1.554332,0.635707
49104,4,0.132188,0.905860,23,0,1000.000,2.104658,0.649444
49104,5,0.123291,0.895314,24,0,1000.000,2.176175,0.624835
49104,6,0.121664,0.946755,13,0,1000.000,1.421206,0.679098
49104,7,0.125784,0.876798,18,1,948.667,1.903980,0.623877
49152,0,0.128850,0.938893,24,0,1000.000,1.530580,0.655254
49152,1,0.110817,0.926137,18,0,1000.000,1.996351,0.654579
49152,2,0.123491,0.921330,28,0,1000.000,1.868179,0.640202
49152,3,0.133915,0.907978,22,0,1000.000,2.105646,0.637613
49152,4,0.132188,0.906566,29,0,1000.000,2.024697,0.643865
49152,5,0.123291,0.902070,26,0,1000.000,2.093954,0.633012
49152,6,0.121664,0.896969,17,0,1000.000,2.316770,0.628688
49152,7,0.125784,0.879177,25,0,1000.000,2.222686,0.615992
49200,0,0.128850,0.932354,22,0,1000.000,1.577160,0.638588
49200,1,0.110817,0.946294,16,0,1000.000,1.402483,0.658405
49200,2,0.123491,0.921682,29,0,1000.000,1.751135,0.639892
49200,3,0.133915,0.909828,20,0,1000.000,2.028090,0.634159
49200,4,0.132188,0.919369,21,0,1000.000,1.904453,0.653268
49200,5,0.123291,0.926285,17,0,1000.000,2.004040,0.650064
49200,6,0.121664,0.925532,24,0,1000.000,1.847838,0.650682
49200,7,0.125784,0.896529,18,0,1000.000,2.373381,0.623933
49248,0,0.128850,0.921836,17,1,973.882,1.833801,0.653427
49248,1,0.110817,0.932033,19,0,1000.000,1.465228,0.659294
49248,2,0.123491,0.932359,17,0,1000.000,1.605483,0.663213
49248,3,0.133915,0.918095,30,0,1000.000,2.025989,0.643583
49248,4,0.132188,0.919821,21,0,1000.000,1.895882,0.639579
49248,5,0.123291,0.920620,27,0,1000.000,2.064329,0.648062
49248,6,0.121664,0.914396,25,0,1000.000,2.163125,0.643440
49248,7,0.125784,0.931252,22,0,1000.000,1.630936,0.668417
49296,0,0.128850,0.936356,25,0,1000.000,1.773677,0.650528
49296,1,0.110817,0.946068,18,0,1000.000,1.182530,0.654146
49296,2,0.123491,0.929890,16,0,1000.000,1.641942,0.653491
49296,3,0.133915,0.905622,22,0,1000.000,2.280801,0.650849
49296,4,0.132188,0.910876,25,0,1000.000,1.928500,0.642834
49296,5,0.123291,0.938400,11,0,1000.000,1.678873,0.658787
49296,6,0.121664,0.929966,19,0,1000.000,1.577895,0.658459
49296,7,0.125784,0.924326,11,0,1000.000,1.746238,0.647108
49344,0,0.128850,0.899054,16,0,1000.000,1.912725,0.646101
49344,1,0.110817,0.922346,20,0,1000.000,1.696327,0.636639
49344,2,0.123491,0.901424,23,0,1000.000,2.220010,0.636614
49344,3,0.133915,0.923244,14,0,1000.000,1.915832,0.648604
49344,4,0.132188,0.913853,32,0,1000.000,2.012796,0.653486
49344,5,0.123291,0.914179,21,0,1000.000,2.034665,0.642615
49344,6,0.121664,0.941244,14,0,1000.000,1.507209,0.648688
49344,7,0.125784,0.918863,19,0,1000.000,1.759092,0.636658
49392,0,0.128850,0.868595,18,0,1000.000,2.482888,0.613192
49392,1,0.110817,0.929414,34,0,1000.000,1.785962,0.647470
49392,2,0.123491,0.907375,27,0,1000.000,1.885939,0.635270
49392,3,0.133915,0.887692,25,0,1000.000,2.398127,0.614063
49392,4,0.132188,0.911442,27,0,1000.000,1.901263,0.637099
49392,5,0.123291,0.916510,27,0,1000.000,1.954380,0.652245
49392,6,0.121664,0.896289,29,0,1000.000,2.000803,0.639765
49392,7,0.125784,0.919091,20,0,1000.000,1.825710,0.657757
49440,0,0.128850,0.907432,25,0,1000.000,2.015763,0.630687
49440,1,0.110817,0.928477,21,0,1000.000,1.800837,0.639134
49440,2,0.123491,0.932649,39,0,1000.000,1.806135,0.657749
49440,3,0.133915,0.951412,25,0,1000.000,1.318626,0.655960
49440,4,0.132188,0.925341,30,0,1000.000,1.797536,0.660544
49440,5,0.123291,0.925714,31,0,1000.000,1.999954,0.651109
49440,6,0.121664,0.909941,29,0,1000.000,2.062687,0.634188
49440,7,0.125784,0.943413,19,0,1000.000,1.423712,0.659972
49488,0,0.128850,0.902456,34,0,1000.000,2.056516,0.646149
49488,1,0.110817,0.902098,28,0,1000.000,1.916151,0.646909
49488,2,0.123491,0.912613,30,0,1000.000,1.922789,0.647278
49488,3,0.133915,0.906227,28,0,1000.000,2.101520,0.626923
49488,4,0.132188,0.912432,38,0,1000.000,2.025746,0.633538
49488,5,0.123291,0.925792,37,0,1000.000,1.844631,0.642547
49488,6,0.121664,0.927857,29,0,1000.000,1.703537,0.653173
49488,7,0.125784,0.884639,32,1,971.625,2.113000,0.622944
49536,0,0.128850,0.928754,34,0,1000.000,1.637914,0.640558
49536,1,0.110817,0.916744,25,0,1000.000,1.819789,0.644391
49536,2,0.123491,0.917672,34,0,1000.000,1.686288,0.644870
49536,3,0.133915,0.930681,32,0,1000.000,1.838199,0.646489
49536,4,0.132188,0.909979,36,0,1000.000,2.151742,0.638628
49536,5,0.123291,0.921057,43,0,1000.000,1.856733,0.642596
49536,6,0.121664,0.929455,39,0,1000.000,1.970410,0.652619
49536,7,0.125784,0.912413,35,0,1000.000,2.269397,0.646670
49584,0,0.128850,0.893882,21,0,1000.000,2.166950,0.637720
49584,1,0.110817,0.921516,31,0,1000.000,1.765506,0.657431
49584,2,0.123491,0.908328,30,0,1000.000,2.016654,0.641690
49584,3,0.133915,0.930298,32,0,1000.000,1.776680,0.648035
49584,4,0.132188,0.901419,30,0,1000.000,2.046313,0.637201
49584,5,0.123291,0.897003,27,0,1000.000,2.233215,0.620171
49584,6,0.121664,0.915133,29,0,1000.000,2.141336,0.625945
49584,7,0.125784,0.942389,31,0,1000.000,1.650381,0.651544
49632,0,0.128850,0.932767,18,0,1000.000,1.542072,0.657629
49632,1,0.110817,0.948702,20,0,1000.000,1.213682,0.634523
49632,2,0.123491,0.902033,28,0,1000.000,1.960491,0.613392
49632,3,0.133915,0.943629,18,0,1000.000,1.561552,0.674125
49632,4,0.132188,0.931041,23,0,1000.000,1.579327,0.640134
49632,5,0.123291,0.894442,16,0,1000.000,2.015571,0.630098
49632,6,0.121664,0.929900,20,0,1000.000,1.872445,0.646121
49632,7,0.125784,0.917441,26,0,1000.000,1.727028,0.635709
49680,0,0.128850,0.917880,19,0,1000.000,2.046448,0.634953
49680,1,0.110817,0.920879,18,0,1000.000,1.856402,0.641093
49680,2,0.123491,0.944032,23,0,1000.000,1.553905,0.682066
49680,3,0.133915,0.930733,41,0,1000.000,1.619783,0.652503
49680,4,0.132188,0.918771,20,0,1000.000,1.841326,0.650495
49680,5,0.123291,0.919298,30,0,1000.000,1.807674,0.644622
49680,6,0.121664,0.888473,16,0,1000.000,2.362382,0.607498
49680,7,0.125784,0.915761,14,0,1000.000,1.912681,0.635828
49728,0,0.128850,0.907402,15,0,1000.000,2.169295,0.629602
49728,1,0.110817,0.943529,28,0,1000.000,1.292083,0.666903
49728,2,0.123491,0.913666,17,0,1000.000,2.122031,0.636479
49728,3,0.133915,0.931922,18,0,1000.000,1.925565,0.646401
49728,4,0.132188,0.908294,17,0,1000.000,2.027250,0.638281
49728,5,0.123291,0.927910,25,0,1000.000,1.666852,0.644619
49728,6,0.121664,0.913742,24,0,1000.000,1.664959,0.641160
49728,7,0.125784,0.921020,28,0,1000.000,2.028287,0.629890
49776,0,0.128850,0.914923,23,0,1000.000,1.830767,0.643200
49776,1,0.110817,0.937144,14,0,1000.000,1.462379,0.663587
49776,2,0.123491,0.903412,23,0,1000.000,2.168158,0.627669
49776,3,0.133915,0.912816,30,0,1000.000,1.965067,0.643529
49776,4,0.132188,0.920124,28,0,1000.000,2.040084,0.644813
49776,5,0.123291,0.902115,25,0,1000.000,1.896971,0.636521
49776,6,0.121664,0.877174,19,1,957.842,1.866859,0.636860
49776,7,0.125784,0.878767,22,0,1000.000,2.368946,0.619267
49824,0,0.128850,0.924100,35,0,1000.000,1.703856,0.660589
49824,1,0.110817,0.935590,19,0,1000.000,1.640285,0.666487
49824,2,0.123491,0.879373,16,0,1000.000,2.008359,0.619989
49824,3,0.133915,0.937120,21,0,1000.000,1.665092,0.657238
49824,4,0.132188,0.931613,29,0,1000.000,1.812447,0.648431
49824,5,0.123291,0.925278,28,0,1000.000,1.793075,0.630323
49824,6,0.121664,0.927566,27,0,1000.000,1.727400,0.651118
49824,7,0.125784,0.922404,21,0,1000.000,1.927837,0.642828
49872,0,0.128850,0.901426,27,0,1000.000,1.984160,0.633375
49872,1,0.110817,0.914083,20,0,1000.000,2.386092,0.626189
49872,2,0.123491,0.912911,29,0,1000.000,1.953662,0.636121
49872,3,0.133915,0.894840,31,1,969.871,1.645177,0.645192
49872,4,0.132188,0.931001,31,0,1000.000,1.634893,0.648697
49872,5,0.123291,0.896228,27,0,1000.000,2.054438,0.642571
49872,6,0.121664,0.929891,27,0,1000.000,1.625681,0.666532
49872,7,0.125784,0.928942,28,0,1000.000,1.880131,0.655230
49920,0,0.128850,0.928916,27,1,969.963,1.590047,0.649632
49920,1,0.110817,0.884251,28,0,1000.000,2.307110,0.611458
49920,2,0.123491,0.917002,27,0,1000.000,1.910266,0.646478
49920,3,0.133915,0.912462,31,0,1000.000,1.906823,0.650033
49920,4,0.132188,0.939417,27,0,1000.000,1.708143,0.665912
49920,5,0.123291,0.927051,21,0,1000.000,1.871118,0.651481
49920,6,0.121664,0.920161,26,0,1000.000,1.939309,0.642374
49920,7,0.125784,0.917257,33,0,1000.000,1.773400,0.648852
49968,0,0.128850,0.907451,33,0,1000.000,2.068145,0.634278
49968,1,0.110817,0.936498,22,0,1000.000,1.533773,0.652861
49968,2,0.123491,0.911581,30,0,1000.000,1.861349,0.633505
49968,3,0.133915,0.929848,28,0,1000.000,1.942897,0.637233
49968,4,0.132188,0.925876,28,0,1000.000,1.808945,0.641651
49968,5,0.123291,0.931237,31,0,1000.000,1.755946,0.648466
49968,6,0.121664,0.925152,38,0,1000.000,1.673696,0.645798
49968,7,0.125784,0.908210,31,0,1000.000,2.272168,0.640013
50016,0,0.128850,0.918538,30,0,1000.000,1.901829,0.638816
50016,1,0.110817,0.918283,19,0,1000.000,1.808683,0.649393
50016,2,0.123491,0.929170,24,0,1000.000,1.758162,0.637474
50016,3,0.133915,0.918864,24,0,1000.000,1.695541,0.645490
50016,4,0.132188,0.903503,37,0,1000.000,2.249041,0.639034
50016,5,0.123291,0.889988,23,0,1000.000,2.402289,0.624777
50016,6,0.121664,0.921734,25,0,1000.000,1.947962,0.630120
50016,7,0.125784,0.901052,17,0,1000.000,2.301066,0.622973
50064,0,0.128850,0.947812,22,1,983.500,1.368492,0.652299
50064,1,0.110817,0.892835,8,0,1000.000,2.047839,0.624798
50064,2,0.123491,0.911374,24,0,1000.000,1.981075,0.636613
50064,3,0.133915,0.920966,21,0,1000.000,1.837342,0.639527
50064,4,0.132188,0.916886,18,0,1000.000,1.692880,0.646494
50064,5,0.123291,0.929450,12,0,1000.000,1.965331,0.648084
50064,6,0.121664,0.908066,30,0,1000.000,1.943715,0.635561
50064,7,0.125784,0.849829,18,1,948.333,2.090474,0.601717
50112,0,0.128850,0.935187,18,0,1000.000,2.025941,0.650893
50112,1,0.110817,0.935936,19,0,1000.000,1.759540,0.644349
50112,2,0.123491,0.935468,19,0,1000.000,1.540319,0.647733
50112,3,0.133915,0.931139,25,0,1000.000,1.749807,0.655145
50112,4,0.132188,0.938065,21,0,1000.000,1.447330,0.661949
50112,5,0.123291,0.936384,18,0,1000.000,1.600234,0.656697
50112,6,0.121664,0.927076,26,0,1000.000,1.910184,0.639452
50112,7,0.125784,0.941459,23,0,1000.000,1.654467,0.656239
50160,0,0.128850,0.928832,21,0,1000.000,1.824756,0.663036
50160,1,0.110817,0.938999,23,0,1000.000,1.591334,0.665913
50160,2,0.123491,0.939845,27,0,1000.000,1.555002,0.645868
50160,3,0.133915,0.927964,34,0,1000.000,1.753723,0.654289
50160,4,0.132188,0.926056,21,0,1000.000,1.789570,0.644599
50160,5,0.123291,0.924728,16,0,1000.000,2.069937,0.644923
50160,6,0.121664,0.919530,30,0,1000.000,1.969563,0.635299
50160,7,0.125784,0.913431,18,0,1000.000,2.219177,0.645205
50208,0,0.128850,0.911394,20,0,1000.000,2.029747,0.632389
50208,1,0.110817,0.922302,16,0,1000.000,1.991665,0.645470
50208,2,0.123491,0.909623,17,0,1000.000,2.370225,0.626386
50208,3,0.133915,0.928995,15,0,1000.000,1.841087,0.638904
50208,4,0.132188,0.938236,22,0,1000.000,1.829602,0.667031
50208,5,0.123291,0.920198,30,0,1000.000,1.888248,0.648100
50208,6,0.121664,0.920791,19,0,1000.000,1.982403,0.632834
50208,7,0.125784,0.935038,26,0,1000.000,1.741777,0.652357
50256,0,0.128850,0.929230,17,0,1000.000,1.856150,0.648649
50256,1,0.110817,0.940756,17,0,1000.000,1.637579,0.667412
50256,2,0.123491,0.919611,36,0,1000.000,1.888056,0.633059
50256,3,0.133915,0.912596,17,0,1000.000,1.838667,0.634053
50256,4,0.132188,0.934737,26,0,1000.000,1.775526,0.640441
50256,5,0.123291,0.920720,18,0,1000.000,2.053795,0.633743
50256,6,0.121664,0.904345,15,0,1000.000,2.151860,0.635466
50256,7,0.125784,0.910935,23,0,1000.000,1.888861,0.634728
50304,0,0.128850,0.915523,20,1,970.650,1.998952,0.626784
50304,1,0.110817,0.929137,25,0,1000.000,1.827791,0.642194
50304,2,0.123491,0.926194,20,0,1000.000,2.040344,0.652475
50304,3,0.133915,0.902797,20,0,1000.000,1.932317,0.624313
50304,4,0.132188,0.926890,24,0,1000.000,1.697152,0.640819
50304,5,0.123291,0.917831,19,0,1000.000,1.838584,0.658260
50304,6,0.121664,0.930059,15,0,1000.000,1.815019,0.648844
50304,7,0.125784,0.920839,13,0,1000.000,1.935731,0.628071
50352,0,0.128850,0.893728,19,0,1000.000,2.450375,0.622438
50352,1,0.110817,0.924332,21,0,1000.000,1.833536,0.638675
50352,2,0.123491,0.898731,27,0,1000.000,2.269145,0.622232
50352,3,0.133915,0.912732,20,0,1000.000,1.728689,0.655969
50352,4,0.132188,0.930035,16,0,1000.000,1.813499,0.654269
50352,5,0.123291,0.928089,20,0,1000.000,1.776735,0.662672
50352,6,0.121664,0.905289,20,0,1000.000,1.970405,0.641710
50352,7,0.125784,0.893334,20,0,1000.000,2.039126,0.649044
50400,0,0.128850,0.923496,25,0,1000.000,1.934381,0.644634
50400,1,0.110817,0.916024,22,0,1000.000,2.111470,0.637548
50400,2,0.123491,0.929226,22,0,1000.000,1.928669,0.653192
50400,3,0.133915,0.915494,35,0,1000.000,1.873143,0.656888
50400,4,0.132188,0.911407,30,0,1000.000,1.985806,0.646790
50400,5,0.123291,0.894246,26,0,1000.000,2.125618,0.635831
50400,6,0.121664,0.934075,20,0,1000.000,1.703465,0.661579
50400,7,0.125784,0.924875,23,0,1000.000,1.734439,0.641168
50448,0,0.117116,0.920845,32,0,1000.000,1.705527,0.652206
50448,1,0.146289,0.888028,14,0,1000.000,2.448375,0.612756
50448,2,0.126016,0.897298,24,0,1000.000,1.872271,0.640132
50448,3,0.121793,0.894598,25,0,1000.000,2.021771,0.631513
50448,4,0.126257,0.912459,28,0,1000.000,1.823124,0.650751
50448,5,0.121544,0.898548,36,0,1000.000,2.028007,0.646283
50448,6,0.129659,0.927229,28,0,1000.000,1.791768,0.658182
50448,7,0.111326,0.895059,33,0,1000.000,2.060557,0.645634
50496,0,0.117116,0.929454,22,0,1000.000,1.660812,0.662719
50496,1,0.146289,0.931296,32,0,1000.000,1.749676,0.647784
50496,2,0.126016,0.911761,31,0,1000.000,1.848861,0.643312
50496,3,0.121793,0.918827,40,0,1000.000,1.799263,0.641464
50496,4,0.126257,0.922364,31,0,1000.000,1.781056,0.639528
50496,5,0.121544,0.926767,30,0,1000.000,1.674619,0.646391
50496,6,0.129659,0.896201,36,0,1000.000,2.180728,0.632590
50496,7,0.111326,0.877254,36,1,974.222,2.030102,0.628793
50544,0,0.117116,0.935434,27,0,1000.000,1.535050,0.660824
50544,1,0.146289,0.909331,39,0,1000.000,1.875565,0.630193
50544,2,0.126016,0.907630,46,0,1000.000,1.764297,0.648281
50544,3,0.121793,0.915401,28,0,1000.000,1.692759,0.644203
50544,4,0.126257,0.913669,43,0,1000.000,1.831030,0.643060
50544,5,0.121544,0.919445,32,0,1000.000,1.850837,0.643247
50544,6,0.129659,0.916907,37,0,1000.000,1.858756,0.634902
50544,7,0.111326,0.908980,32,0,1000.000,1.880082,0.645225
50640,0,0.117116,0.907018,62,1,986.500,1.905360,0.629060
50640,1,0.146289,0.924656,62,0,1000.000,1.738817,0.651414
50640,2,0.126016,0.929072,44,0,1000.000,1.650071,0.638682
50640,3,0.121793,0.931282,48,0,1000.000,1.641705,0.659731
50640,4,0.126257,0.899670,56,0,1000.000,1.999975,0.642986
50640,5,0.121544,0.917776,41,0,1000.000,1.828550,0.629322
50640,6,0.129659,0.904491,56,0,1000.000,2.048702,0.645229
50640,7,0.111326,0.887540,22,1,958.727,1.529878,0.645831
50688,0,0.117116,0.934755,18,0,1000.000,1.652864,0.642450
50688,1,0.146289,0.925462,27,0,1000.000,1.656405,0.654475
50688,2,0.126016,0.916946,19,0,1000.000,1.733948,0.646995
50688,3,0.121793,0.929029,24,0,1000.000,1.469757,0.659076
50688,4,0.126257,0.931375,27,0,1000.000,1.608502,0.650673
50688,5,0.121544,0.906790,15,0,1000.000,1.830214,0.639714
50688,6,0.129659,0.925821,23,0,1000.000,1.612616,0.658861
50688,7,0.111326,0.914162,18,0,1000.000,2.041821,0.642858
50736,0,0.117116,0.922648,25,1,985.760,1.693372,0.650854
50736,1,0.146289,0.932225,29,0,1000.000,1.623276,0.652521
50736,2,0.126016,0.920787,20,0,1000.000,2.028270,0.653428
50736,3,0.121793,0.918703,22,0,1000.000,1.720129,0.654624
50736,4,0.126257,0.914582,28,0,1000.000,1.842234,0.653117
50736,5,0.121544,0.880767,20,0,1000.000,2.126432,0.632984
50736,6,0.129659,0.894493,28,0,1000.000,2.008054,0.643839
50736,7,0.111326,0.903040,17,0,1000.000,1.956170,0.631529
50832,0,0.117116,0.920150,49,0,1000.000,1.742930,0.643809
50832,1,0.146289,0.912652,57,0,1000.000,1.868968,0.637191
50832,2,0.126016,0.903101,49,0,1000.000,1.869733,0.637341
50832,3,0.121793,0.910719,49,0,1000.000,1.962681,0.641419
50832,4,0.126257,0.906352,39,0,1000.000,1.855844,0.632601
50832,5,0.121544,0.913157,52,0,1000.000,1.927567,0.633046
50832,6,0.129659,0.902602,45,0,1000.000,1.837208,0.642450
50832,7,0.111326,0.932324,45,0,1000.000,1.629558,0.661434
50880,0,0.117116,0.916301,24,0,1000.000,2.301528,0.634668
50880,1,0.146289,0.928359,31,0,1000.000,1.713451,0.656659
50880,2,0.126016,0.924972,18,0,1000.000,1.997027,0.643928
50880,3,0.121793,0.927723,28,0,1000.000,1.822155,0.640833
50880,4,0.126257,0.875610,24,1,960.417,1.846592,0.639092
50880,5,0.121544,0.917273,33,0,1000.000,1.742840,0.650157
50880,6,0.129659,0.921857,32,0,1000.000,1.917191,0.653982
50880,7,0.111326,0.875456,25,0,1000.000,2.432674,0.627568
50928,0,0.117116,0.922442,34,1,982.941,1.810489,0.636906
50928,1,0.146289,0.906797,30,0,1000.000,2.140839,0.637550
50928,2,0.126016,0.903271,22,0,1000.000,2.110608,0.640052
50928,3,0.121793,0.897916,28,0,1000.000,1.840106,0.640402
50928,4,0.126257,0.918278,28,0,1000.000,2.030795,0.646430
50928,5,0.121544,0.918057,19,0,1000.000,2.062343,0.620096
50928,6,0.129659,0.910867,27,0,1000.000,1.989153,0.633692
50928,7,0.111326,0.911512,33,0,1000.000,1.996385,0.642857
50976,0,0.117116,0.921776,25,0,1000.000,1.781321,0.650258
50976,1,0.146289,0.915560,36,0,1000.000,2.034229,0.634313
50976,2,0.126016,0.917391,38,0,1000.000,2.019336,0.644067
50976,3,0.121793,0.903872,28,0,1000.000,2.103101,0.643021
50976,4,0.126257,0.918071,30,0,1000.000,2.093139,0.654966
50976,5,0.121544,0.909001,19,0,1000.000,1.884936,0.630496
50976,6,0.129659,0.934401,27,0,1000.000,1.757036,0.648138
50976,7,0.111326,0.919493,35,0,1000.000,1.869921,0.649721
51024,0,0.117116,0.930395,26,1,974.615,1.351233,0.644099
51024,1,0.146289,0.919541,22,0,1000.000,1.929106,0.640212
51024,2,0.126016,0.892259,21,0,1000.000,2.072568,0.639757
51024,3,0.121793,0.914408,26,0,1000.000,1.962218,0.643677
51024,4,0.126257,0.913239,16,0,1000.000,2.290050,0.639587
51024,5,0.121544,0.932009,22,0,1000.000,1.698052,0.647011
51024,6,0.129659,0.892728,25,0,1000.000,2.268095,0.632339
51024,7,0.111326,0.878877,31,1,969.742,1.684366,0.643560
51072,0,0.117116,0.909096,22,0,1000.000,1.692008,0.644585
51072,1,0.146289,0.919944,19,0,1000.000,1.677882,0.643265
51072,2,0.126016,0.882542,18,0,1000.000,2.276320,0.642314
51072,3,0.121793,0.911317,24,0,1000.000,2.048561,0.630251
51072,4,0.126257,0.934736,18,0,1000.000,1.600687,0.668156
51072,5,0.121544,0.925020,20,0,1000.000,1.907115,0.642771
51072,6,0.129659,0.936952,22,0,1000.000,1.625172,0.663642
51072,7,0.111326,0.834094,14,1,933.857,1.924310,0.614201
51120,0,0.117116,0.922420,18,0,1000.000,1.691546,0.639341
51120,1,0.146289,0.923753,28,0,1000.000,1.777003,0.657464
51120,2,0.126016,0.929483,21,0,1000.000,1.753453,0.658793
51120,3,0.121793,0.928792,27,0,1000.000,1.801569,0.653783
51120,4,0.126257,0.939315,23,0,1000.000,1.505117,0.657921
51120,5,0.121544,0.925074,24,0,1000.000,2.094128,0.644693
51120,6,0.129659,0.928618,18,0,1000.000,1.716377,0.641381
51120,7,0.111326,0.904042,17,0,1000.000,2.381278,0.636187
51168,0,0.117116,0.945640,27,0,1000.000,1.236026,0.651149
51168,1,0.146289,0.902358,28,0,1000.000,2.173928,0.634551
51168,2,0.126016,0.922288,14,0,1000.000,1.784301,0.659537
51168,3,0.121793,0.902019,14,0,1000.000,2.187428,0.631073
51168,4,0.126257,0.927664,30,0,1000.000,1.719596,0.644020
51168,5,0.121544,0.898216,17,0,1000.000,2.095287,0.635233
51168,6,0.129659,0.872593,28,1,966.250,1.948839,0.625399
51168,7,0.111326,0.899918,19,0,1000.000,2.022732,0.635731
51216,0,0.117116,0.919486,30,0,1000.000,1.649176,0.645005
51216,1,0.146289,0.903321,19,0,1000.000,1.943838,0.627905
51216,2,0.126016,0.911824,15,0,1000.000,1.873483,0.654095
51216,3,0.121793,0.890961,19,0,1000.000,2.201869,0.626194
51216,4,0.126257,0.894379,25,0,1000.000,2.263994,0.636553
51216,5,0.121544,0.929144,20,0,1000.000,1.659352,0.659381
51216,6,0.129659,0.889062,20,0,1000.000,2.224074,0.635314
51216,7,0.111326,0.900856,21,0,1000.000,1.877986,0.635866
51264,0,0.117116,0.916140,22,0,1000.000,1.807058,0.654327
51264,1,0.146289,0.933224,22,0,1000.000,1.612750,0.651092
51264,2,0.126016,0.945910,18,0,1000.000,1.347548,0.685602
51264,3,0.121793,0.904204,17,0,1000.000,2.145510,0.635931
51264,4,0.126257,0.933394,26,0,1000.000,1.601310,0.654565
51264,5,0.121544,0.934279,22,0,1000.000,1.715996,0.658695
51264,6,0.129659,0.911897,28,0,1000.000,1.948445,0.639703
51264,7,0.111326,0.903617,17,0,1000.000,1.757768,0.634844
51312,0,0.117116,0.920904,19,0,1000.000,1.680107,0.645562
51312,1,0.146289,0.889416,19,0,1000.000,2.183670,0.625019
51312,2,0.126016,0.903181,17,0,1000.000,2.067299,0.639620
51312,3,0.121793,0.936383,23,0,1000.000,1.571907,0.650026
51312,4,0.126257,0.880077,17,0,1000.000,1.917325,0.627325
51312,5,0.121544,0.897119,14,0,1000.000,2.352871,0.634370
51312,6,0.129659,0.896663,21,0,1000.000,1.786085,0.651580
51312,7,0.111326,0.930088,15,0,1000.000,1.990603,0.648534
51360,0,0.117116,0.885017,15,0,1000.000,2.131333,0.631253
51360,1,0.146289,0.929125,35,0,1000.000,1.756703,0.656520
51360,2,0.126016,0.897004,27,0,1000.000,1.969139,0.640964
51360,3,0.121793,0.872974,18,0,1000.000,2.021536,0.626040
51360,4,0.126257,0.930625,25,0,1000.000,1.643001,0.647468
51360,5,0.121544,0.905664,32,0,1000.000,1.763655,0.632919
51360,6,0.129659,0.945633,17,0,1000.000,1.316041,0.672128
51360,7,0.111326,0.931241,20,0,1000.000,1.604044,0.668285
51408,0,0.117116,0.923632,13,0,1000.000,1.985401,0.651192
51408,1,0.146289,0.927843,34,0,1000.000,1.819472,0.644046
51408,2,0.126016,0.929473,24,0,1000.000,1.775002,0.651749
51408,3,0.121793,0.899776,26,0,1000.000,1.947414,0.649014
51408,4,0.126257,0.920007,28,0,1000.000,1.872622,0.660504
51408,5,0.121544,0.931558,22,0,1000.000,1.678453,0.640346
51408,6,0.129659,0.927577,23,0,1000.000,1.690479,0.652619
51408,7,0.111326,0.877301,22,1,958.909,1.642743,0.613035
51456,0,0.117116,0.896462,26,0,1000.000,2.033513,0.632189
51456,1,0.146289,0.913821,33,0,1000.000,1.781141,0.653652
51456,2,0.126016,0.921400,27,0,1000.000,1.736973,0.639768
51456,3,0.121793,0.910709,41,0,1000.000,1.818647,0.652883
51456,4,0.126257,0.848810,21,0,1000.000,2.257840,0.612588
51456,5,0.121544,0.926298,27,0,1000.000,1.843283,0.653439
51456,6,0.129659,0.883781,27,0,1000.000,2.086603,0.642997
51456,7,0.111326,0.900998,27,0,1000.000,2.032162,0.628815
51504,0,0.117116,0.899383,31,0,1000.000,1.843285,0.640100
51504,1,0.146289,0.888405,45,0,1000.000,2.124966,0.615706
51504,2,0.126016,0.895209,33,0,1000.000,1.850335,0.627628
51504,3,0.121793,0.942013,26,0,1000.000,1.457035,0.660360
51504,4,0.126257,0.935511,29,0,1000.000,1.518915,0.655914
51504,5,0.121544,0.910272,33,0,1000.000,1.890829,0.647479
51504,6,0.129659,0.919715,35,0,1000.000,1.944089,0.644640
51504,7,0.111326,0.897292,21,0,1000.000,2.396653,0.630147
51552,0,0.117116,0.922302,24,0,1000.000,1.806485,0.648144
51552,1,0.146289,0.914121,52,0,1000.000,1.818632,0.648933
51552,2,0.126016,0.929098,32,0,1000.000,1.863705,0.648846
51552,3,0.121793,0.911321,32,0,1000.000,2.030156,0.640008
51552,4,0.126257,0.895684,29,0,1000.000,2.014061,0.632247
51552,5,0.121544,0.929739,33,0,1000.000,1.678255,0.664962
51552,6,0.129659,0.921509,31,0,1000.000,1.685025,0.646653
51552,7,0.111326,0.917029,47,0,1000.000,1.835254,0.648648
51600,0,0.117116,0.890134,19,0,1000.000,2.017989,0.629910
51600,1,0.146289,0.894297,38,0,1000.000,2.098834,0.632725
51600,2,0.126016,0.875835,24,0,1000.000,2.319610,0.612516
51600,3,0.121793,0.930170,18,0,1000.000,1.677891,0.666278
51600,4,0.126257,0.904708,28,0,1000.000,1.929282,0.651375
51600,5,0.121544,0.928487,28,0,1000.000,1.769059,0.664213
51600,6,0.129659,0.902154,26,0,1000.000,1.860381,0.648166
51600,7,0.111326,0.932078,24,0,1000.000,1.846821,0.644016
51648,0,0.117116,0.927337,26,0,1000.000,1.710633,0.657056
51648,1,0.146289,0.911985,29,0,1000.000,1.894467,0.647199
51648,2,0.126016,0.901436,19,0,1000.000,1.791856,0.648544
51648,3,0.121793,0.889174,21,0,1000.000,2.152250,0.615609
51648,4,0.126257,0.886989,22,0,1000.000,2.118801,0.624050
51648,5,0.121544,0.900149,23,0,1000.000,2.038443,0.639385
51648,6,0.129659,0.938791,24,0,1000.000,1.598390,0.653226
51648,7,0.111326,0.925285,14,0,1000.000,1.998391,0.637315
51696,0,0.117116,0.916631,27,0,1000.000,1.995191,0.649354
51696,1,0.146289,0.908271,19,0,1000.000,1.957972,0.640542
51696,2,0.126016,0.934579,26,0,1000.000,1.593951,0.658922
51696,3,0.121793,0.910933,28,0,1000.000,2.054438,0.630477
51696,4,0.126257,0.892101,17,0,1000.000,2.294284,0.626797
51696,5,0.121544,0.949053,21,0,1000.000,1.367821,0.687378
51696,6,0.129659,0.867604,17,1,944.176,1.729748,0.638760
51696,7,0.111326,0.874034,19,1,950.842,2.005542,0.639199
51744,0,0.117116,0.934140,19,0,1000.000,1.794836,0.644289
51744,1,0.146289,0.899223,24,0,1000.000,1.862245,0.636258
51744,2,0.126016,0.913927,35,0,1000.000,1.669720,0.644311
51744,3,0.121793,0.893197,30,0,1000.000,2.133859,0.631148
51744,4,0.126257,0.895788,17,0,1000.000,2.207247,0.626395
51744,5,0.121544,0.918508,19,0,1000.000,1.864246,0.647413
51744,6,0.129659,0.916675,27,0,1000.000,1.971912,0.634844
51744,7,0.111326,0.911831,16,0,1000.000,2.130996,0.652113
51840,0,0.117116,0.939646,39,0,1000.000,1.441442,0.661950
51840,1,0.146289,0.921161,51,0,1000.000,1.897807,0.646745
51840,2,0.126016,0.926805,56,0,1000.000,1.640616,0.659889
51840,3,0.121793,0.903967,51,0,1000.000,2.122499,0.638026
51840,4,0.126257,0.917213,59,0,1000.000,1.829857,0.646825
51840,5,0.121544,0.920883,47,0,1000.000,1.887200,0.653465
51840,6,0.129659,0.911394,58,0,1000.000,1.687274,0.644122
51840,7,0.111326,0.913286,34,0,1000.000,1.933960,0.639114
51888,0,0.117116,0.894577,15,0,1000.000,2.276760,0.620696
51888,1,0.146289,0.878939,27,0,1000.000,2.420787,0.616961
51888,2,0.126016,0.918679,34,0,1000.000,1.760201,0.636694
51888,3,0.121793,0.900602,18,0,1000.000,2.087871,0.640348
51888,4,0.126257,0.925689,30,0,1000.000,2.031741,0.644365
51888,5,0.121544,0.914860,29,0,1000.000,1.866102,0.649434
51888,6,0.129659,0.917612,41,0,1000.000,2.162401,0.641612
51888,7,0.111326,0.907785,23,0,1000.000,1.924465,0.645057
51936,0,0.117116,0.925496,26,0,1000.000,1.736723,0.634770
51936,1,0.146289,0.912802,34,0,1000.000,1.955876,0.638510
51936,2,0.126016,0.908940,25,0,1000.000,2.142733,0.633243
51936,3,0.121793,0.924284,29,0,1000.000,1.855384,0.653719
51936,4,0.126257,0.914964,25,0,1000.000,1.717314,0.643723
51936,5,0.121544,0.895008,26,0,1000.000,2.109397,0.632303
51936,6,0.129659,0.928373,35,0,1000.000,1.767142,0.658171
51936,7,0.111326,0.921691,19,0,1000.000,2.058372,0.634264
51984,0,0.117116,0.928942,27,0,1000.000,1.724624,0.657909
51984,1,0.146289,0.922880,31,0,1000.000,1.830410,0.638956
51984,2,0.126016,0.926088,27,0,1000.000,1.812156,0.644326
51984,3,0.121793,0.936519,41,0,1000.000,1.587798,0.652960
51984,4,0.126257,0.947627,22,0,1000.000,1.635247,0.678997
51984,5,0.121544,0.914047,22,0,1000.000,1.893742,0.644288
51984,6,0.129659,0.928674,31,0,1000.000,1.948459,0.641691
51984,7,0.111326,0.928828,31,0,1000.000,1.785839,0.643740
52032,0,0.117116,0.931644,25,0,1000.000,1.935864,0.669790
52032,1,0.146289,0.919414,21,0,1000.000,2.192327,0.636200
52032,2,0.126016,0.922169,23,0,1000.000,1.560274,0.647690
52032,3,0.121793,0.927300,21,0,1000.000,1.714321,0.657118
52032,4,0.126257,0.897033,14,0,1000.000,2.207824,0.622533
52032,5,0.121544,0.925841,17,0,1000.000,1.778434,0.660403
52032,6,0.129659,0.923975,31,0,1000.000,1.762957,0.645192
52032,7,0.111326,0.925354,23,0,1000.000,1.908560,0.644557
52080,0,0.117116,0.928462,21,0,1000.000,1.720331,0.639520
52080,1,0.146289,0.909760,23,1,974.261,1.659119,0.643106
52080,2,0.126016,0.911170,20,0,1000.000,1.841661,0.628200
52080,3,0.121793,0.914977,18,0,1000.000,1.922270,0.646392
52080,4,0.126257,0.924597,21,0,1000.000,1.879113,0.653758
52080,5,0.121544,0.934814,13,0,1000.000,1.835003,0.654088
52080,6,0.129659,0.918031,22,0,1000.000,2.048625,0.644108
52080,7,0.111326,0.899471,19,0,1000.000,1.938901,0.638621
52128,0,0.117116,0.910266,30,0,1000.000,1.840817,0.633347
52128,1,0.146289,0.920757,29,0,1000.000,1.722796,0.649700
52128,2,0.126016,0.937909,19,0,1000.000,1.645935,0.647158
52128,3,0.121793,0.932936,16,0,1000.000,1.619922,0.639775
52128,4,0.126257,0.911625,21,0,1000.000,1.911290,0.641379
52128,5,0.121544,0.904049,25,0,1000.000,1.866376,0.626115
52128,6,0.129659,0.926214,18,0,1000.000,2.108469,0.653030
52128,7,0.111326,0.934683,22,0,1000.000,1.660450,0.642094
52176,0,0.117116,0.923894,23,0,1000.000,1.722867,0.663553
52176,1,0.146289,0.920333,27,0,1000.000,1.590784,0.641448
52176,2,0.126016,0.927273,25,0,1000.000,1.660869,0.651598
52176,3,0.121793,0.896672,24,0,1000.000,2.141793,0.639326
52176,4,0.126257,0.910855,18,0,1000.000,1.729102,0.648744
52176,5,0.121544,0.916763,19,0,1000.000,1.805123,0.641298
52176,6,0.129659,0.922018,28,0,1000.000,1.835223,0.648240
52176,7,0.111326,0.933905,18,0,1000.000,2.066294,0.642718
52224,0,0.117116,0.939745,15,0,1000.000,1.614295,0.642593
52224,1,0.146289,0.927815,17,0,1000.000,1.938079,0.659122
52224,2,0.126016,0.917594,25,0,1000.000,1.774837,0.643496
52224,3,0.121793,0.937704,17,0,1000.000,1.699823,0.644487
52224,4,0.126257,0.922278,22,0,1000.000,1.772179,0.656673
52224,5,0.121544,0.919508,21,0,1000.000,1.658572,0.648785
52224,6,0.129659,0.915465,27,0,1000.000,2.027691,0.660165
52224,7,0.111326,0.906095,28,0,1000.000,2.097442,0.635636
52272,0,0.117116,0.892481,17,1,978.824,1.817228,0.610261
52272,1,0.146289,0.918238,22,0,1000.000,1.986419,0.649273
52272,2,0.126016,0.935723,19,0,1000.000,1.692115,0.663856
52272,3,0.121793,0.899790,27,0,1000.000,2.058306,0.618885
52272,4,0.126257,0.894570,21,0,1000.000,2.026598,0.638946
52272,5,0.121544,0.935596,26,0,1000.000,1.707124,0.660652
52272,6,0.129659,0.919289,19,0,1000.000,1.739747,0.662117
52272,7,0.111326,0.932689,16,0,1000.000,1.647605,0.656552
52320,0,0.117116,0.935877,24,0,1000.000,1.476687,0.670818
52320,1,0.146289,0.867728,23,0,1000.000,2.376390,0.618001
52320,2,0.126016,0.939247,15,0,1000.000,1.494908,0.655534
52320,3,0.121793,0.907631,14,0,1000.000,1.985683,0.649025
52320,4,0.126257,0.933595,21,0,1000.000,1.608247,0.661536
52320,5,0.121544,0.930587,15,0,1000.000,1.725329,0.648077
52320,6,0.129659,0.932370,22,0,1000.000,1.537088,0.650400
52320,7,0.111326,0.943855,14,0,1000.000,1.523447,0.666092
52368,0,0.117116,0.918323,23,1,976.304,1.912329,0.645597
52368,1,0.146289,0.896472,22,0,1000.000,2.060053,0.648618
52368,2,0.126016,0.904420,32,0,1000.000,2.119576,0.632085
52368,3,0.121793,0.881404,20,0,1000.000,2.157408,0.622718
52368,4,0.126257,0.917233,27,0,1000.000,1.794837,0.632668
52368,5,0.121544,0.904222,25,0,1000.000,2.149178,0.650699
52368,6,0.129659,0.924236,27,0,1000.000,1.659963,0.649954
52368,7,0.111326,0.930663,21,0,1000.000,1.449689,0.659002
52416,0,0.117116,0.932847,17,0,1000.000,1.712358,0.646874
52416,1,0.146289,0.901709,25,0,1000.000,1.952753,0.639554
52416,2,0.126016,0.924454,29,0,1000.000,1.969678,0.637551
52416,3,0.121793,0.887708,29,0,1000.000,2.024987,0.625930
52416,4,0.126257,0.932729,27,0,1000.000,1.806507,0.661073
52416,5,0.121544,0.932806,19,0,1000.000,1.616544,0.642737
52416,6,0.129659,0.900694,27,0,1000.000,2.168161,0.638031
52416,7,0.111326,0.900390,19,0,1000.000,1.869288,0.634193
52464,0,0.117116,0.907858,32,1,993.219,1.799668,0.636948
52464,1,0.146289,0.904052,30,0,1000.000,1.861621,0.642139
52464,2,0.126016,0.902146,25,0,1000.000,1.811705,0.648422
52464,3,0.121793,0.910453,29,0,1000.000,1.576144,0.642983
52464,4,0.126257,0.937793,27,0,1000.000,1.788330,0.660898
52464,5,0.121544,0.910186,25,0,1000.000,1.934746,0.654497
52464,6,0.129659,0.890246,38,0,1000.000,2.104917,0.637334
52464,7,0.111326,0.914906,30,0,1000.000,1.651002,0.657093
52512,0,0.117116,0.919056,32,0,1000.000,1.912676,0.658004
52512,1,0.146289,0.893142,33,0,1000.000,2.058201,0.635352
52512,2,0.126016,0.932587,38,0,1000.000,1.708784,0.662414
52512,3,0.121793,0.910027,29,0,1000.000,1.939569,0.628990
52512,4,0.126257,0.933062,31,0,1000.000,1.436544,0.659985
52512,5,0.121544,0.918381,30,0,1000.000,1.859524,0.635400
52512,6,0.129659,0.916039,32,0,1000.000,1.797838,0.644769
52512,7,0.111326,0.881496,32,0,1000.000,2.139795,0.627664
52560,0,0.117116,0.923744,34,0,1000.000,1.781489,0.643689
52560,1,0.146289,0.911036,47,0,1000.000,1.819531,0.641222
52560,2,0.126016,0.924858,26,0,1000.000,1.900498,0.652743
52560,3,0.121793,0.911133,32,0,1000.000,1.925436,0.648936
52560,4,0.126257,0.887641,34,0,1000.000,2.312582,0.636718
52560,5,0.121544,0.916044,34,0,1000.000,1.948506,0.639886
52560,6,0.129659,0.909042,38,0,1000.000,2.041387,0.640893
52560,7,0.111326,0.928472,30,0,1000.000,1.699459,0.659493
52608,0,0.117116,0.875906,19,0,1000.000,2.181499,0.616922
52608,1,0.146289,0.912878,21,0,1000.000,1.746369,0.654413
52608,2,0.126016,0.920282,23,0,1000.000,1.744742,0.646576
52608,3,0.121793,0.928609,16,0,1000.000,1.874837,0.655704
52608,4,0.126257,0.930842,18,0,1000.000,1.881382,0.647679
52608,5,0.121544,0.927499,33,0,1000.000,1.675515,0.650834
52608,6,0.129659,0.924646,26,0,1000.000,1.975381,0.647321
52608,7,0.111326,0.935835,28,0,1000.000,1.626786,0.648089
52656,0,0.117116,0.940838,21,0,1000.000,1.658332,0.670472
52656,1,0.146289,0.910640,27,0,1000.000,2.036015,0.636225
52656,2,0.126016,0.948490,16,0,1000.000,1.545260,0.670526
52656,3,0.121793,0.928165,27,0,1000.000,1.729315,0.646725
52656,4,0.126257,0.921755,37,0,1000.000,1.751240,0.647800
52656,5,0.121544,0.935302,20,0,1000.000,1.542046,0.665753
52656,6,0.129659,0.943680,22,0,1000.000,1.514279,0.664163
52656,7,0.111326,0.904518,18,0,1000.000,1.885175,0.646363
52704,0,0.117116,0.929649,15,0,1000.000,1.364965,0.660003
52704,1,0.146289,0.910208,30,0,1000.000,1.931734,0.637649
52704,2,0.126016,0.928101,19,0,1000.000,1.825808,0.665109
52704,3,0.121793,0.903508,22,0,1000.000,1.805355,0.644117
52704,4,0.126257,0.927464,20,0,1000.000,1.746904,0.669942
52704,5,0.121544,0.925878,21,0,1000.000,1.590410,0.665826
52704,6,0.129659,0.926833,22,0,1000.000,1.863314,0.650314
52704,7,0.111326,0.910369,19,0,1000.000,1.921553,0.647857
52752,0,0.117116,0.917340,27,1,979.037,1.865768,0.639746
52752,1,0.146289,0.923582,31,0,1000.000,1.782456,0.649279
52752,2,0.126016,0.905119,23,0,1000.000,1.770141,0.645454
52752,3,0.121793,0.911891,21,0,1000.000,1.752261,0.643620
52752,4,0.126257,0.901382,21,0,1000.000,2.002728,0.637448
52752,5,0.121544,0.933255,17,0,1000.000,1.539853,0.673612
52752,6,0.129659,0.902674,23,0,1000.000,1.750443,0.644563
52752,7,0.111326,0.941598,31,0,1000.000,1.444866,0.660974
52800,0,0.117116,0.928582,19,0,1000.000,1.544841,0.662441
52800,1,0.146289,0.920407,22,0,1000.000,1.857308,0.637088
52800,2,0.126016,0.929421,28,0,1000.000,1.554966,0.667789
52800,3,0.121793,0.915546,18,0,1000.000,1.867159,0.630370
52800,4,0.126257,0.934354,26,0,1000.000,1.574037,0.661585
52800,5,0.121544,0.916523,22,0,1000.000,1.772698,0.649974
52800,6,0.129659,0.915650,15,0,1000.000,1.859523,0.657128
52800,7,0.111326,0.917778,17,0,1000.000,1.951020,0.655387
52848,0,0.137498,0.907726,26,0,1000.000,1.822805,0.645801
52848,1,0.110248,0.891762,42,1,977.333,1.818658,0.636222
52848,2,0.131067,0.914292,24,0,1000.000,1.855587,0.653433
52848,3,0.118297,0.904847,33,0,1000.000,1.913993,0.650330
52848,4,0.116802,0.919356,27,0,1000.000,1.849589,0.639692
52848,5,0.135139,0.910092,25,0,1000.000,1.871877,0.645867
52848,6,0.123451,0.938551,26,0,1000.000,1.558027,0.650827
52848,7,0.127497,0.917843,26,0,1000.000,1.753499,0.662446
52896,0,0.137498,0.942188,24,0,1000.000,1.380762,0.664512
52896,1,0.110248,0.912297,24,0,1000.000,1.925693,0.647201
52896,2,0.131067,0.910962,33,0,1000.000,1.621275,0.659784
52896,3,0.118297,0.925901,31,0,1000.000,1.839210,0.643203
52896,4,0.116802,0.904240,27,0,1000.000,2.091773,0.636818
52896,5,0.135139,0.908740,25,0,1000.000,1.740732,0.646820
52896,6,0.123451,0.939259,26,0,1000.000,1.603780,0.672607
52896,7,0.127497,0.900637,24,0,1000.000,1.915256,0.649079
52944,0,0.137498,0.922102,35,1,999.543,1.716300,0.643855
52944,1,0.110248,0.899643,22,0,1000.000,1.839268,0.645909
52944,2,0.131067,0.916793,22,0,1000.000,2.026942,0.642194
52944,3,0.118297,0.929245,24,0,1000.000,1.644068,0.663593
52944,4,0.116802,0.917414,29,0,1000.000,1.675599,0.637219
52944,5,0.135139,0.903343,33,0,1000.000,1.846224,0.635755
52944,6,0.123451,0.907411,27,0,1000.000,1.940761,0.646976
52944,7,0.127497,0.909465,33,0,1000.000,2.073971,0.633667
52992,0,0.137498,0.904458,43,1,983.047,1.813290,0.640921
52992,1,0.110248,0.920563,32,0,1000.000,1.663345,0.641691
52992,2,0.131067,0.936049,25,0,1000.000,1.475251,0.656766
52992,3,0.118297,0.914836,25,0,1000.000,1.952512,0.633697
52992,4,0.116802,0.918812,30,0,1000.000,1.893222,0.646703
52992,5,0.135139,0.894825,18,0,1000.000,1.799630,0.636879
52992,6,0.123451,0.887978,24,0,1000.000,2.313542,0.628647
52992,7,0.127497,0.918122,26,0,1000.000,1.627027,0.660342
53040,0,0.137498,0.914593,30,1,969.133,1.712560,0.649907
53040,1,0.110248,0.913648,14,0,1000.000,1.715263,0.639341
53040,2,0.131067,0.919830,20,0,1000.000,1.743411,0.647567
53040,3,0.118297,0.897305,25,0,1000.000,1.974246,0.641874
53040,4,0.116802,0.944096,19,0,1000.000,1.448545,0.675254
53040,5,0.135139,0.908462,25,0,1000.000,1.749054,0.641175
53040,6,0.123451,0.921707,21,0,1000.000,1.485711,0.656956
53040,7,0.127497,0.907680,16,0,1000.000,2.092196,0.634387
53088,0,0.137498,0.922350,22,0,1000.000,1.698378,0.654929
53088,1,0.110248,0.893856,19,0,1000.000,2.366041,0.627110
53088,2,0.131067,0.906451,29,0,1000.000,1.873722,0.633823
53088,3,0.118297,0.928046,17,0,1000.000,1.593570,0.656801
53088,4,0.116802,0.909299,14,0,1000.000,1.926180,0.647720
53088,5,0.135139,0.903554,21,0,1000.000,2.039770,0.632142
53088,6,0.123451,0.913860,20,0,1000.000,1.854372,0.645111
53088,7,0.127497,0.933029,19,0,1000.000,1.625031,0.645609
53136,0,0.137498,0.927426,26,1,992.769,1.652991,0.664553
53136,1,0.110248,0.880513,21,0,1000.000,1.876065,0.632366
53136,2,0.131067,0.904020,29,0,1000.000,2.135648,0.635513
53136,3,0.118297,0.932417,21,0,1000.000,1.700380,0.651050
53136,4,0.116802,0.904179,23,0,1000.000,2.149199,0.640683
53136,5,0.135139,0.908352,27,0,1000.000,1.823035,0.659863
53136,6,0.123451,0.924932,20,0,1000.000,1.948185,0.634806
53136,7,0.127497,0.921903,25,0,1000.000,1.913363,0.656843
53232,0,0.137498,0.908997,50,0,1000.000,1.783406,0.656269
53232,1,0.110248,0.916148,47,0,1000.000,1.992756,0.644596
53232,2,0.131067,0.936374,50,0,1000.000,1.561097,0.661407
53232,3,0.118297,0.901410,42,0,1000.000,1.985020,0.640527
53232,4,0.116802,0.905096,42,0,1000.000,2.105501,0.641500
53232,5,0.135139,0.896356,36,0,1000.000,1.867379,0.640533
53232,6,0.123451,0.921193,40,0,1000.000,1.899454,0.657125
53232,7,0.127497,0.895558,40,1,979.950,1.817875,0.654259
53328,0,0.137498,0.908737,44,0,1000.000,1.860118,0.646452
53328,1,0.110248,0.922632,38,0,1000.000,1.719846,0.652975
53328,2,0.131067,0.906699,42,0,1000.000,1.963654,0.641717
53328,3,0.118297,0.922111,31,0,1000.000,1.586359,0.659974
53328,4,0.116802,0.901695,39,0,1000.000,1.933269,0.646792
53328,5,0.135139,0.917635,34,0,1000.000,1.615804,0.659065
53328,6,0.123451,0.918205,41,0,1000.000,1.674147,0.643577
53328,7,0.127497,0.918803,39,0,1000.000,1.863275,0.635470
53376,0,0.137498,0.894737,26,2,941.769,1.846985,0.628668
53376,1,0.110248,0.932336,25,0,1000.000,1.666269,0.660058
53376,2,0.131067,0.917657,29,0,1000.000,1.885984,0.648908
53376,3,0.118297,0.878185,13,0,1000.000,2.477829,0.633236
53376,4,0.116802,0.952193,20,0,1000.000,1.173203,0.685416
53376,5,0.135139,0.923861,28,0,1000.000,1.897517,0.660881
53376,6,0.123451,0.905896,25,0,1000.000,2.067132,0.638750
53376,7,0.127497,0.912872,27,0,1000.000,1.883600,0.657259
53424,0,0.137498,0.914069,26,0,1000.000,1.760731,0.662341
53424,1,0.110248,0.909282,24,0,1000.000,1.631682,0.654622
53424,2,0.131067,0.898953,37,0,1000.000,2.001734,0.639573
53424,3,0.118297,0.928809,22,0,1000.000,1.638743,0.655260
53424,4,0.116802,0.911741,26,0,1000.000,1.878870,0.642680
53424,5,0.135139,0.923013,17,0,1000.000,1.835241,0.646186
53424,6,0.123451,0.912259,27,0,1000.000,1.743895,0.631727
53424,7,0.127497,0.936119,30,0,1000.000,1.497063,0.665528
53472,0,0.137498,0.879236,31,1,999.000,2.062963,0.628723
53472,1,0.110248,0.913701,34,0,1000.000,1.702659,0.648208
53472,2,0.131067,0.926189,35,0,1000.000,1.542699,0.663865
53472,3,0.118297,0.906789,33,0,1000.000,1.899459,0.638225
53472,4,0.116802,0.891787,27,0,1000.000,1.956262,0.639590
53472,5,0.135139,0.875826,37,0,1000.000,2.204038,0.625235
53472,6,0.123451,0.883624,29,0,1000.000,2.335226,0.629494
53472,7,0.127497,0.915719,32,0,1000.000,1.900681,0.646660
53520,0,0.137498,0.911050,42,0,1000.000,1.743718,0.646871
53520,1,0.110248,0.910771,31,0,1000.000,1.865211,0.643103
53520,2,0.131067,0.894856,25,0,1000.000,1.888238,0.646751
53520,3,0.118297,0.906987,30,0,1000.000,1.889248,0.654052
53520,4,0.116802,0.908359,22,0,1000.000,1.938773,0.643958
53520,5,0.135139,0.939515,23,0,1000.000,1.408333,0.659598
53520,6,0.123451,0.885597,34,0,1000.000,1.988195,0.632351
53520,7,0.127497,0.903994,37,0,1000.000,1.906443,0.624913
53568,0,0.137498,0.904523,35,0,1000.000,1.743244,0.655546
53568,1,0.110248,0.904219,26,0,1000.000,1.925492,0.647811
53568,2,0.131067,0.897927,38,0,1000.000,2.021936,0.633225
53568,3,0.118297,0.938470,35,0,1000.000,1.426944,0.664695
53568,4,0.116802,0.909445,36,0,1000.000,1.832164,0.642644
53568,5,0.135139,0.915500,37,0,1000.000,1.809063,0.641592
53568,6,0.123451,0.903823,29,0,1000.000,1.816409,0.638906
53568,7,0.127497,0.904611,39,2,959.744,1.351103,0.669468
53616,0,0.137498,0.912880,27,1,991.407,1.740337,0.641391
53616,1,0.110248,0.943665,21,0,1000.000,1.402377,0.645162
53616,2,0.131067,0.914448,25,0,1000.000,1.663454,0.646613
53616,3,0.118297,0.909987,17,0,1000.000,1.840628,0.635300
53616,4,0.116802,0.917171,13,0,1000.000,2.074146,0.659851
53616,5,0.135139,0.907408,25,0,1000.000,1.828633,0.647281
53616,6,0.123451,0.918417,19,0,1000.000,1.742742,0.639753
53616,7,0.127497,0.919654,23,0,1000.000,1.789449,0.649527
53664,0,0.137498,0.911802,26,0,1000.000,1.694213,0.647451
53664,1,0.110248,0.925311,23,0,1000.000,1.641189,0.656975
53664,2,0.131067,0.918986,25,0,1000.000,1.711928,0.656855
53664,3,0.118297,0.919585,25,0,1000.000,1.739110,0.643800
53664,4,0.116802,0.937977,14,0,1000.000,1.642100,0.680241
53664,5,0.135139,0.907597,20,0,1000.000,2.089724,0.641545
53664,6,0.123451,0.922553,30,0,1000.000,1.679956,0.661826
53664,7,0.127497,0.930508,22,0,1000.000,1.331538,0.662451
53712,0,0.137498,0.916641,32,0,1000.000,1.484540,0.652621
53712,1,0.110248,0.880908,22,0,1000.000,2.252171,0.625096
53712,2,0.131067,0.915263,19,0,1000.000,1.976867,0.654412
53712,3,0.118297,0.924454,15,0,1000.000,1.571255,0.632043
53712,4,0.116802,0.917194,29,0,1000.000,1.771512,0.649350
53712,5,0.135139,0.875547,17,0,1000.000,2.312011,0.627145
53712,6,0.123451,0.909592,18,0,1000.000,2.310490,0.629547
53712,7,0.127497,0.893276,19,0,1000.000,1.771314,0.637689
53760,0,0.137498,0.928105,22,1,991.364,1.602248,0.656924
53760,1,0.110248,0.919109,26,0,1000.000,1.878829,0.653077
53760,2,0.131067,0.895096,30,0,1000.000,2.097077,0.639208
53760,3,0.118297,0.899439,23,0,1000.000,1.853234,0.637327
53760,4,0.116802,0.906492,22,0,1000.000,1.996472,0.653355
53760,5,0.135139,0.918551,25,0,1000.000,1.604096,0.647603
53760,6,0.123451,0.940923,17,0,1000.000,1.447756,0.646779
53760,7,0.127497,0.928401,27,0,1000.000,1.715384,0.656205
53808,0,0.137498,0.903608,24,0,1000.000,1.981441,0.641897
53808,1,0.110248,0.913060,26,0,1000.000,1.859898,0.647274
53808,2,0.131067,0.877232,31,0,1000.000,2.006413,0.629212
53808,3,0.118297,0.924088,19,0,1000.000,1.630288,0.649662
53808,4,0.116802,0.922630,16,0,1000.000,1.811072,0.652372
53808,5,0.135139,0.911334,24,0,1000.000,1.872068,0.655896
53808,6,0.123451,0.940023,14,0,1000.000,1.618128,0.659613
53808,7,0.127497,0.901878,17,0,1000.000,1.797830,0.637787
53856,0,0.137498,0.908445,40,0,1000.000,1.824036,0.639997
53856,1,0.110248,0.921502,25,0,1000.000,1.586741,0.661086
53856,2,0.131067,0.896828,31,0,1000.000,1.900029,0.640790
53856,3,0.118297,0.920705,24,0,1000.000,1.741632,0.641744
53856,4,0.116802,0.924507,26,0,1000.000,1.665399,0.658541
53856,5,0.135139,0.902415,36,0,1000.000,2.031170,0.631710
53856,6,0.123451,0.924771,26,0,1000.000,1.772343,0.653392
53856,7,0.127497,0.854363,23,2,931.739,1.865044,0.624742
53904,0,0.137498,0.918647,27,1,976.185,1.711252,0.630239
53904,1,0.110248,0.914276,21,0,1000.000,1.896421,0.643041
53904,2,0.131067,0.898697,30,0,1000.000,1.986298,0.624524
53904,3,0.118297,0.895350,31,0,1000.000,2.265157,0.637461
53904,4,0.116802,0.907696,27,0,1000.000,1.814565,0.653992
53904,5,0.135139,0.900058,17,0,1000.000,2.080481,0.632342
53904,6,0.123451,0.917345,31,0,1000.000,1.942461,0.647433
53904,7,0.127497,0.893940,27,1,966.741,1.745860,0.632584
53952,0,0.137498,0.905945,35,1,983.571,1.942998,0.631082
53952,1,0.110248,0.928260,15,0,1000.000,1.468199,0.649897
53952,2,0.131067,0.913202,38,0,1000.000,1.918736,0.654547
53952,3,0.118297,0.891995,32,0,1000.000,2.333705,0.620733
53952,4,0.116802,0.906241,26,0,1000.000,1.917578,0.636633
53952,5,0.135139,0.914347,32,0,1000.000,1.831643,0.635521
53952,6,0.123451,0.937006,29,0,1000.000,1.486855,0.657744
53952,7,0.127497,0.928807,29,0,1000.000,1.749660,0.659045
54000,0,0.137498,0.926445,40,2,983.225,1.564554,0.642085
54000,1,0.110248,0.906597,18,0,1000.000,1.746805,0.648707
54000,2,0.131067,0.894856,25,0,1000.000,2.181249,0.630086
54000,3,0.118297,0.910039,30,0,1000.000,1.739992,0.637075
54000,4,0.116802,0.912731,26,0,1000.000,1.982991,0.630889
54000,5,0.135139,0.910406,36,0,1000.000,1.761857,0.654528
54000,6,0.123451,0.921778,22,0,1000.000,1.863230,0.643618
54000,7,0.127497,0.907172,18,0,1000.000,2.138447,0.633499
54048,0,0.137498,0.914539,20,0,1000.000,1.779852,0.641549
54048,1,0.110248,0.928136,25,0,1000.000,1.735120,0.630074
54048,2,0.131067,0.917616,12,0,1000.000,1.759452,0.631615
54048,3,0.118297,0.932000,16,0,1000.000,1.408475,0.645383
54048,4,0.116802,0.923403,27,0,1000.000,2.029653,0.643458
54048,5,0.135139,0.911749,24,0,1000.000,2.140851,0.641521
54048,6,0.123451,0.910195,21,0,1000.000,1.661015,0.646278
54048,7,0.127497,0.931879,13,0,1000.000,1.772987,0.635441
54096,0,0.137498,0.920103,31,0,1000.000,1.845484,0.639901
54096,1,0.110248,0.895225,20,1,954.600,1.723121,0.628822
54096,2,0.131067,0.911540,19,0,1000.000,1.827380,0.651633
54096,3,0.118297,0.905822,15,0,1000.000,1.951555,0.634270
54096,4,0.116802,0.901694,20,0,1000.000,1.971996,0.616967
54096,5,0.135139,0.919623,17,0,1000.000,1.999632,0.630072
54096,6,0.123451,0.920236,22,0,1000.000,1.731569,0.646475
54096,7,0.127497,0.879868,19,1,951.737,1.659801,0.615825
54144,0,0.137498,0.918772,30,0,1000.000,1.707143,0.641201
54144,1,0.110248,0.892878,21,0,1000.000,2.094032,0.630822
54144,2,0.131067,0.911664,21,0,1000.000,2.118293,0.645908
54144,3,0.118297,0.939031,25,0,1000.000,1.626607,0.663569
54144,4,0.116802,0.926726,26,0,1000.000,1.580686,0.651457
54144,5,0.135139,0.910519,16,0,1000.000,2.296012,0.618604
54144,6,0.123451,0.922407,34,0,1000.000,1.890309,0.634418
54144,7,0.127497,0.922306,31,0,1000.000,1.959913,0.648657
54192,0,0.137498,0.925161,29,0,1000.000,1.794865,0.646266
54192,1,0.110248,0.921988,21,0,1000.000,1.755665,0.633567
54192,2,0.131067,0.926529,31,0,1000.000,1.946646,0.649514
54192,3,0.118297,0.901447,17,0,1000.000,2.177724,0.634567
54192,4,0.116802,0.909246,20,0,1000.000,2.247750,0.614723
54192,5,0.135139,0.908302,15,0,1000.000,2.097325,0.635486
54192,6,0.123451,0.926526,17,0,1000.000,1.993254,0.645476
54192,7,0.127497,0.918797,14,0,1000.000,1.791715,0.659367
54240,0,0.137498,0.915042,28,0,1000.000,1.747197,0.649026
54240,1,0.110248,0.929974,20,0,1000.000,1.851311,0.633591
54240,2,0.131067,0.924697,20,0,1000.000,1.858206,0.649022
54240,3,0.118297,0.931882,23,0,1000.000,1.625205,0.647022
54240,4,0.116802,0.932299,16,0,1000.000,1.922748,0.645133
54240,5,0.135139,0.900590,18,0,1000.000,1.983025,0.627496
54240,6,0.123451,0.926655,20,0,1000.000,1.893837,0.651855
54240,7,0.127497,0.916974,27,0,1000.000,2.085403,0.633736
54288,0,0.137498,0.934475,15,0,1000.000,1.549433,0.658025
54288,1,0.110248,0.916869,17,0,1000.000,2.091814,0.643401
54288,2,0.131067,0.925377,25,0,1000.000,1.708842,0.651424
54288,3,0.118297,0.927304,15,0,1000.000,1.819681,0.657754
54288,4,0.116802,0.874339,27,0,1000.000,2.500120,0.621429
54288,5,0.135139,0.907579,18,0,1000.000,1.939197,0.650761
54288,6,0.123451,0.924742,16,0,1000.000,1.641471,0.632221
54288,7,0.127497,0.912063,20,0,1000.000,2.026269,0.654601
54336,0,0.137498,0.915312,18,0,1000.000,2.218252,0.655955
54336,1,0.110248,0.909887,20,0,1000.000,2.148092,0.624394
54336,2,0.131067,0.928644,21,0,1000.000,1.920000,0.650678
54336,3,0.118297,0.880465,16,0,1000.000,2.309498,0.625664
54336,4,0.116802,0.897041,21,0,1000.000,2.246823,0.625893
54336,5,0.135139,0.925324,22,0,1000.000,1.895729,0.643450
54336,6,0.123451,0.908734,12,0,1000.000,2.032847,0.624241
54336,7,0.127497,0.841003,24,1,963.042,2.012914,0.606373
54384,0,0.137498,0.904644,19,0,1000.000,2.227048,0.637387
54384,1,0.110248,0.910618,32,0,1000.000,2.110705,0.641319
54384,2,0.131067,0.928800,19,0,1000.000,1.583975,0.643912
54384,3,0.118297,0.895719,26,0,1000.000,2.062670,0.630697
54384,4,0.116802,0.941277,17,0,1000.000,1.535598,0.663906
54384,5,0.135139,0.909132,38,0,1000.000,2.095365,0.637813
54384,6,0.123451,0.884428,25,0,1000.000,2.350109,0.627173
54384,7,0.127497,0.918820,27,0,1000.000,2.139374,0.630294
54432,0,0.137498,0.929478,36,0,1000.000,1.853270,0.651848
54432,1,0.110248,0.940315,26,0,1000.000,1.378183,0.656079
54432,2,0.131067,0.923126,24,0,1000.000,1.983698,0.645504
54432,3,0.118297,0.903760,29,0,1000.000,2.112841,0.641689
54432,4,0.116802,0.906243,21,0,1000.000,1.861841,0.629836
54432,5,0.135139,0.912079,29,0,1000.000,2.000432,0.642817
54432,6,0.123451,0.896535,20,0,1000.000,2.334114,0.635565
54432,7,0.127497,0.947029,28,0,1000.000,1.442100,0.663993
54480,0,0.137498,0.932862,38,0,1000.000,1.498932,0.653525
54480,1,0.110248,0.909775,28,0,1000.000,1.682491,0.626569
54480,2,0.131067,0.940513,38,0,1000.000,1.660309,0.669941
54480,3,0.118297,0.916355,27,0,1000.000,2.112921,0.632633
54480,4,0.116802,0.911034,31,0,1000.000,1.944127,0.639262
54480,5,0.135139,0.928101,31,0,1000.000,1.768123,0.637915
54480,6,0.123451,0.897265,37,1,974.027,1.859912,0.632572
54480,7,0.127497,0.890156,31,0,1000.000,2.086137,0.630827
54528,0,0.137498,0.925032,34,0,1000.000,1.741736,0.636315
54528,1,0.110248,0.878056,33,0,1000.000,2.009569,0.622987
54528,2,0.131067,0.907706,37,0,1000.000,2.137098,0.632058
54528,3,0.118297,0.928647,34,0,1000.000,1.734059,0.638721
54528,4,0.116802,0.910377,34,0,1000.000,1.729090,0.632784
54528,5,0.135139,0.933250,33,0,1000.000,1.619293,0.651918
54528,6,0.123451,0.910506,25,0,1000.000,1.815140,0.643567
54528,7,0.127497,0.900095,29,1,967.931,1.618626,0.632822
54576,0,0.137498,0.912475,39,1,989.974,1.771499,0.651917
54576,1,0.110248,0.896556,21,0,1000.000,2.104921,0.626585
54576,2,0.131067,0.926085,33,0,1000.000,1.577801,0.640939
54576,3,0.118297,0.917268,37,0,1000.000,1.774989,0.647866
54576,4,0.116802,0.932572,30,0,1000.000,1.651417,0.651261
54576,5,0.135139,0.920006,22,0,1000.000,1.993396,0.645670
54576,6,0.123451,0.917648,39,0,1000.000,1.700678,0.640634
54576,7,0.127497,0.857848,32,2,944.875,1.893864,0.613307
54624,0,0.137498,0.894285,26,0,1000.000,2.197507,0.624728
54624,1,0.110248,0.862601,13,0,1000.000,2.327552,0.600130
54624,2,0.131067,0.924767,28,0,1000.000,1.911475,0.641299
54624,3,0.118297,0.928813,22,0,1000.000,1.481352,0.642048
54624,4,0.116802,0.915963,16,0,1000.000,2.086067,0.623064
54624,5,0.135139,0.913183,24,0,1000.000,1.788000,0.631543
54624,6,0.123451,0.910945,22,0,1000.000,1.945475,0.631401
54624,7,0.127497,0.935177,21,0,1000.000,1.769927,0.659592
54672,0,0.137498,0.927914,18,0,1000.000,1.793582,0.651654
54672,1,0.110248,0.916624,16,0,1000.000,2.182393,0.642906
54672,2,0.131067,0.923720,22,0,1000.000,1.932484,0.651781
54672,3,0.118297,0.904220,19,0,1000.000,1.999494,0.630055
54672,4,0.116802,0.910110,27,0,1000.000,1.993866,0.631797
54672,5,0.135139,0.903598,32,0,1000.000,1.990492,0.628122
54672,6,0.123451,0.916926,26,0,1000.000,1.725371,0.643427
54672,7,0.127497,0.945502,16,0,1000.000,1.510278,0.678931
54720,0,0.137498,0.927559,13,0,1000.000,1.759541,0.651704
54720,1,0.110248,0.919359,22,0,1000.000,2.078378,0.633385
54720,2,0.131067,0.911259,18,0,1000.000,1.937535,0.648232
54720,3,0.118297,0.939623,20,0,1000.000,1.601624,0.651848
54720,4,0.116802,0.918348,23,0,1000.000,1.696113,0.634411
54720,5,0.135139,0.913171,22,0,1000.000,1.952176,0.647069
54720,6,0.123451,0.927417,26,0,1000.000,1.827978,0.655062
54720,7,0.127497,0.943526,30,0,1000.000,1.463690,0.664713
54768,0,0.137498,0.916367,29,0,1000.000,1.919850,0.636204
54768,1,0.110248,0.937508,21,0,1000.000,1.221063,0.648058
54768,2,0.131067,0.927315,27,0,1000.000,1.553635,0.640604
54768,3,0.118297,0.917032,21,0,1000.000,1.854710,0.635065
54768,4,0.116802,0.906335,28,0,1000.000,1.939992,0.639194
54768,5,0.135139,0.899895,28,0,1000.000,2.019966,0.636915
54768,6,0.123451,0.907922,22,0,1000.000,2.209923,0.627825
54768,7,0.127497,0.886389,15,0,1000.000,2.341114,0.624361
54816,0,0.137498,0.950435,22,0,1000.000,1.301026,0.660098
54816,1,0.110248,0.910364,18,0,1000.000,2.094878,0.650513
54816,2,0.131067,0.942717,16,0,1000.000,1.541006,0.646505
54816,3,0.118297,0.908875,25,0,1000.000,2.144772,0.621100
54816,4,0.116802,0.917462,24,0,1000.000,1.915460,0.647011
54816,5,0.135139,0.927262,19,0,1000.000,1.954802,0.650185
54816,6,0.123451,0.922014,20,0,1000.000,1.809351,0.645821
54816,7,0.127497,0.899956,29,0,1000.000,1.971784,0.633212
54864,0,0.137498,0.910387,22,0,1000.000,1.691646,0.631455
54864,1,0.110248,0.931394,30,0,1000.000,1.581687,0.633238
54864,2,0.131067,0.931610,30,0,1000.000,1.830702,0.640015
54864,3,0.118297,0.915606,39,0,1000.000,1.957788,0.633817
54864,4,0.116802,0.917533,21,0,1000.000,2.335260,0.646641
54864,5,0.135139,0.926275,29,0,1000.000,1.881831,0.644863
54864,6,0.123451,0.928652,34,0,1000.000,1.728941,0.668124
54864,7,0.127497,0.937955,30,0,1000.000,1.599722,0.661739
54912,0,0.137498,0.933812,32,0,1000.000,1.736068,0.653609
54912,1,0.110248,0.920758,24,0,1000.000,1.836465,0.642622
54912,2,0.131067,0.922160,30,0,1000.000,1.873688,0.644407
54912,3,0.118297,0.889747,21,0,1000.000,2.036047,0.626811
54912,4,0.116802,0.888095,29,0,1000.000,2.269727,0.627489
54912,5,0.135139,0.898597,19,0,1000.000,2.161259,0.632994
54912,6,0.123451,0.915741,30,0,1000.000,2.012781,0.637399
54912,7,0.127497,0.921159,24,0,1000.000,1.923667,0.642741
54960,0,0.137498,0.923362,34,0,1000.000,1.854855,0.644197
54960,1,0.110248,0.918472,24,0,1000.000,2.024058,0.623463
54960,2,0.131067,0.917431,35,0,1000.000,1.956884,0.625968
54960,3,0.118297,0.925226,30,0,1000.000,1.681543,0.651467
54960,4,0.116802,0.920116,19,0,1000.000,1.937639,0.649366
54960,5,0.135139,0.925077,39,0,1000.000,1.798441,0.649052
54960,6,0.123451,0.930821,37,0,1000.000,1.816246,0.646152
54960,7,0.127497,0.925086,29,0,1000.000,1.699345,0.660282
55008,0,0.137498,0.918194,19,1,987.000,1.798790,0.629250
55008,1,0.110248,0.916803,28,0,1000.000,1.711989,0.639471
55008,2,0.131067,0.945015,32,0,1000.000,1.560953,0.662324
55008,3,0.118297,0.921080,20,0,1000.000,2.090190,0.640672
55008,4,0.116802,0.897930,18,0,1000.000,2.183354,0.621855
55008,5,0.135139,0.923656,31,0,1000.000,1.883346,0.649638
55008,6,0.123451,0.944239,25,0,1000.000,1.638916,0.644679
55008,7,0.127497,0.922598,30,0,1000.000,2.020001,0.633088
55056,0,0.137498,0.913971,20,0,1000.000,2.186190,0.634681
55056,1,0.110248,0.886012,10,0,1000.000,2.437060,0.609149
55056,2,0.131067,0.912679,24,0,1000.000,1.836226,0.637864
55056,3,0.118297,0.944339,19,0,1000.000,1.448892,0.659014
55056,4,0.116802,0.935777,21,0,1000.000,1.859581,0.659213
55056,5,0.135139,0.920115,22,0,1000.000,1.983317,0.645949
55056,6,0.123451,0.903542,17,0,1000.000,1.895694,0.627860
55056,7,0.127497,0.912815,18,0,1000.000,1.943893,0.647472
55104,0,0.137498,0.932384,24,0,1000.000,1.897330,0.656848
55104,1,0.110248,0.920751,14,0,1000.000,2.357058,0.619966
55104,2,0.131067,0.940800,20,0,1000.000,1.471117,0.658009
55104,3,0.118297,0.930840,23,0,1000.000,1.512464,0.663987
55104,4,0.116802,0.934031,20,0,1000.000,1.715204,0.670445
55104,5,0.135139,0.889507,25,1,962.120,1.972679,0.630616
55104,6,0.123451,0.912460,25,0,1000.000,1.773326,0.654320
55104,7,0.127497,0.890328,22,1,961.818,1.762151,0.649244
55152,0,0.137498,0.892597,26,0,1000.000,2.061938,0.643189
55152,1,0.110248,0.916122,16,0,1000.000,2.063502,0.645004
55152,2,0.131067,0.925629,23,0,1000.000,1.869214,0.635868
55152,3,0.118297,0.933005,23,0,1000.000,1.666267,0.631210
55152,4,0.116802,0.917336,20,0,1000.000,1.975567,0.632512
55152,5,0.135139,0.921802,29,0,1000.000,1.775629,0.647290
55152,6,0.123451,0.941403,28,0,1000.000,1.780981,0.638745
55152,7,0.127497,0.918325,25,0,1000.000,1.709862,0.634013
55200,0,0.137498,0.934429,22,1,957.818,1.538715,0.622372
55200,1,0.110248,0.932240,16,0,1000.000,1.815792,0.648900
55200,2,0.131067,0.925134,23,0,1000.000,2.036078,0.640334
55200,3,0.118297,0.896248,17,0,1000.000,2.093217,0.626051
55200,4,0.116802,0.924101,19,0,1000.000,2.101332,0.644003
55200,5,0.135139,0.929835,28,0,1000.000,1.664218,0.639896
55200,6,0.123451,0.907968,20,0,1000.000,1.977559,0.647245
55200,7,0.127497,0.905383,22,0,1000.000,2.408418,0.637241
55248,0,0.120340,0.920624,27,0,1000.000,1.954168,0.646888
55248,1,0.127400,0.921866,18,0,1000.000,1.931521,0.651735
55248,2,0.125595,0.934447,21,0,1000.000,1.777980,0.629674
55248,3,0.133116,0.923158,16,0,1000.000,1.814525,0.629600
55248,4,0.126463,0.920700,27,0,1000.000,2.101969,0.634475
55248,5,0.110557,0.912435,27,0,1000.000,2.209599,0.642480
55248,6,0.129019,0.922330,23,0,1000.000,1.959502,0.636893
55248,7,0.127511,0.925793,18,0,1000.000,1.917560,0.630804
55296,0,0.120340,0.901266,21,0,1000.000,2.021363,0.625269
55296,1,0.127400,0.929909,22,0,1000.000,1.668538,0.649657
55296,2,0.125595,0.937858,20,0,1000.000,1.612575,0.674280
55296,3,0.133116,0.914183,15,0,1000.000,2.035487,0.647871
55296,4,0.126463,0.901032,25,0,1000.000,1.990339,0.638464
55296,5,0.110557,0.949929,9,0,1000.000,1.629672,0.662309
55296,6,0.129019,0.921113,15,0,1000.000,1.850466,0.648511
55296,7,0.127511,0.904898,19,0,1000.000,2.249968,0.637779
55344,0,0.120340,0.936360,23,1,959.391,1.489121,0.660098
55344,1,0.127400,0.941237,17,0,1000.000,1.213732,0.666813
55344,2,0.125595,0.924575,12,0,1000.000,1.475234,0.622450
55344,3,0.133116,0.911197,29,0,1000.000,1.959937,0.643414
55344,4,0.126463,0.918480,22,0,1000.000,1.945459,0.654076
55344,5,0.110557,0.934875,19,0,1000.000,2.016058,0.646690
55344,6,0.129019,0.913305,22,0,1000.000,2.144650,0.644744
55344,7,0.127511,0.927869,17,0,1000.000,1.760519,0.651606
55392,0,0.120340,0.915555,26,0,1000.000,1.773723,0.640906
55392,1,0.127400,0.925445,34,0,1000.000,1.876860,0.651455
55392,2,0.125595,0.920463,26,0,1000.000,1.745597,0.649347
55392,3,0.133116,0.921380,27,0,1000.000,1.697616,0.641382
55392,4,0.126463,0.947765,21,0,1000.000,1.433168,0.679987
55392,5,0.110557,0.899468,25,0,1000.000,1.840565,0.622658
55392,6,0.129019,0.923655,30,0,1000.000,1.842191,0.638792
55392,7,0.127511,0.933541,19,0,1000.000,1.862107,0.656347
55440,0,0.120340,0.892747,32,1,971.250,1.908880,0.613782
55440,1,0.127400,0.912518,26,0,1000.000,1.963435,0.647437
55440,2,0.125595,0.934555,25,0,1000.000,1.952967,0.662111
55440,3,0.133116,0.897440,26,0,1000.000,2.073877,0.634522
55440,4,0.126463,0.914714,33,0,1000.000,1.907320,0.644942
55440,5,0.110557,0.907607,16,0,1000.000,1.976811,0.651255
55440,6,0.129019,0.932733,33,0,1000.000,1.593200,0.663852
55440,7,0.127511,0.930808,26,0,1000.000,1.636271,0.654651
55488,0,0.120340,0.906979,22,0,1000.000,1.746875,0.634212
55488,1,0.127400,0.921036,30,0,1000.000,1.899481,0.641076
55488,2,0.125595,0.933932,33,0,1000.000,1.682746,0.639907
55488,3,0.133116,0.919385,48,0,1000.000,1.915415,0.644871
55488,4,0.126463,0.892518,33,0,1000.000,2.166421,0.628335
55488,5,0.110557,0.920872,26,0,1000.000,1.692506,0.657814
55488,6,0.129019,0.930220,27,0,1000.000,1.710325,0.649802
55488,7,0.127511,0.891737,35,1,973.371,1.642692,0.644926
55536,0,0.120340,0.912066,32,0,1000.000,2.111608,0.643863
55536,1,0.127400,0.912716,35,0,1000.000,1.959047,0.642157
55536,2,0.125595,0.926611,41,0,1000.000,1.752684,0.650956
55536,3,0.133116,0.911504,35,0,1000.000,1.814630,0.642598
55536,4,0.126463,0.916990,41,0,1000.000,1.740898,0.651592
55536,5,0.110557,0.891918,30,0,1000.000,2.112313,0.639275
55536,6,0.129019,0.913036,27,0,1000.000,1.976212,0.644392
55536,7,0.127511,0.902025,35,0,1000.000,1.706307,0.640945
55584,0,0.120340,0.890214,34,0,1000.000,2.148094,0.625884
55584,1,0.127400,0.911498,29,0,1000.000,1.864895,0.631534
55584,2,0.125595,0.917509,31,0,1000.000,1.802730,0.647457
55584,3,0.133116,0.918735,36,0,1000.000,1.828211,0.651268
55584,4,0.126463,0.927268,26,0,1000.000,1.507638,0.638782
55584,5,0.110557,0.920192,23,0,1000.000,2.058841,0.639172
55584,6,0.129019,0.928370,36,0,1000.000,1.609244,0.643517
55584,7,0.127511,0.928989,22,0,1000.000,1.634796,0.633902
55632,0,0.120340,0.927873,20,0,1000.000,1.780368,0.650028
55632,1,0.127400,0.900340,21,0,1000.000,2.091291,0.639398
55632,2,0.125595,0.912283,21,0,1000.000,2.059473,0.650380
55632,3,0.133116,0.909488,21,0,1000.000,1.901917,0.640757
55632,4,0.126463,0.895613,16,0,1000.000,2.216580,0.623000
55632,5,0.110557,0.892647,16,0,1000.000,2.497322,0.624352
55632,6,0.129019,0.908082,24,0,1000.000,1.717737,0.618444
55632,7,0.127511,0.911798,27,0,1000.000,1.729011,0.631942
55680,0,0.120340,0.931039,23,0,1000.000,1.725277,0.651023
55680,1,0.127400,0.910510,22,0,1000.000,1.934513,0.620374
55680,2,0.125595,0.913917,25,0,1000.000,1.983856,0.633642
55680,3,0.133116,0.898277,25,0,1000.000,1.977464,0.640743
55680,4,0.126463,0.943219,24,0,1000.000,1.416440,0.653539
55680,5,0.110557,0.930877,11,0,1000.000,1.898851,0.657183
55680,6,0.129019,0.900835,26,0,1000.000,2.070641,0.630371
55680,7,0.127511,0.924242,23,0,1000.000,1.891556,0.647800
55728,0,0.120340,0.921299,21,0,1000.000,1.691316,0.643462
55728,1,0.127400,0.942920,26,0,1000.000,1.451959,0.654100
55728,2,0.125595,0.884165,24,0,1000.000,2.295727,0.617794
55728,3,0.133116,0.918810,25,0,1000.000,2.103627,0.636609
55728,4,0.126463,0.895591,18,0,1000.000,2.031362,0.622303
55728,5,0.110557,0.915085,19,0,1000.000,1.871816,0.639712
55728,6,0.129019,0.893780,19,0,1000.000,2.019733,0.610885
55728,7,0.127511,0.915542,22,0,1000.000,1.920523,0.638945
55776,0,0.120340,0.912630,21,0,1000.000,2.289156,0.630994
55776,1,0.127400,0.909961,20,0,1000.000,1.755732,0.644782
55776,2,0.125595,0.909426,27,0,1000.000,1.908427,0.639834
55776,3,0.133116,0.917197,25,0,1000.000,1.727178,0.646627
55776,4,0.126463,0.914372,24,0,1000.000,1.993189,0.643733
55776,5,0.110557,0.921471,30,0,1000.000,2.001599,0.635569
55776,6,0.129019,0.918398,16,0,1000.000,2.079498,0.648885
55776,7,0.127511,0.870791,19,1,950.579,1.534508,0.613194
55824,0,0.120340,0.942969,26,1,973.923,1.469967,0.646314
55824,1,0.127400,0.898709,23,0,1000.000,2.079808,0.628674
55824,2,0.125595,0.919210,25,0,1000.000,1.939694,0.642585
55824,3,0.133116,0.919818,25,0,1000.000,1.933174,0.657606
55824,4,0.126463,0.900274,30,0,1000.000,1.863924,0.641576
55824,5,0.110557,0.942993,21,0,1000.000,1.683600,0.659639
55824,6,0.129019,0.886565,25,0,1000.000,2.017629,0.645925
55824,7,0.127511,0.934271,21,0,1000.000,1.614099,0.659230
55872,0,0.120340,0.906196,25,0,1000.000,1.738040,0.642121
55872,1,0.127400,0.905810,39,0,1000.000,1.885398,0.645588
55872,2,0.125595,0.923615,20,0,1000.000,1.968254,0.658039
55872,3,0.133116,0.909846,30,0,1000.000,1.868574,0.642091
55872,4,0.126463,0.901659,28,0,1000.000,2.146324,0.636327
55872,5,0.110557,0.933079,26,0,1000.000,1.767683,0.647545
55872,6,0.129019,0.920985,24,0,1000.000,1.859160,0.647551
55872,7,0.127511,0.912108,31,0,1000.000,2.023433,0.641524
55920,0,0.120340,0.905719,24,0,1000.000,1.695782,0.634161
55920,1,0.127400,0.934486,22,0,1000.000,1.801804,0.663777
55920,2,0.125595,0.925393,27,0,1000.000,2.007733,0.642044
55920,3,0.133116,0.904011,35,0,1000.000,2.135421,0.631979
55920,4,0.126463,0.912934,30,0,1000.000,1.965674,0.639551
55920,5,0.110557,0.929868,26,0,1000.000,1.740540,0.645050
55920,6,0.129019,0.935354,24,0,1000.000,1.737368,0.650564
55920,7,0.127511,0.925376,31,0,1000.000,1.817921,0.641676
55968,0,0.120340,0.930189,15,0,1000.000,1.544797,0.669132
55968,1,0.127400,0.912825,26,0,1000.000,2.047408,0.625710
55968,2,0.125595,0.915510,26,0,1000.000,1.935660,0.652492
55968,3,0.133116,0.928085,31,0,1000.000,1.762550,0.636468
55968,4,0.126463,0.924672,40,0,1000.000,1.792767,0.630346
55968,5,0.110557,0.926642,39,0,1000.000,1.959900,0.648456
55968,6,0.129019,0.938795,34,0,1000.000,1.659385,0.646124
55968,7,0.127511,0.888660,29,1,972.241,2.065106,0.635118
56016,0,0.120340,0.925707,18,0,1000.000,2.100810,0.636866
56016,1,0.127400,0.918816,24,0,1000.000,1.792953,0.651790
56016,2,0.125595,0.920323,25,0,1000.000,1.826304,0.635637
56016,3,0.133116,0.915655,16,0,1000.000,1.573951,0.648051
56016,4,0.126463,0.920002,31,0,1000.000,1.748542,0.647193
56016,5,0.110557,0.915131,31,0,1000.000,1.611129,0.642927
56016,6,0.129019,0.926492,26,0,1000.000,1.888195,0.649758
56016,7,0.127511,0.883325,28,1,966.464,1.864578,0.623450
56064,0,0.120340,0.921797,9,1,960.667,1.726600,0.622659
56064,1,0.127400,0.916500,20,0,1000.000,1.759230,0.641705
56064,2,0.125595,0.934617,30,0,1000.000,1.720711,0.631178
56064,3,0.133116,0.931317,25,0,1000.000,2.013562,0.638848
56064,4,0.126463,0.944091,13,0,1000.000,1.719760,0.662634
56064,5,0.110557,0.929957,22,0,1000.000,1.780746,0.650510
56064,6,0.129019,0.899246,19,0,1000.000,2.252632,0.611429
56064,7,0.127511,0.907239,18,0,1000.000,2.013922,0.634908
56112,0,0.120340,0.891534,11,0,1000.000,2.441670,0.634952
56112,1,0.127400,0.923654,19,0,1000.000,2.037328,0.636735
56112,2,0.125595,0.924863,20,0,1000.000,1.689458,0.636387
56112,3,0.133116,0.939686,36,0,1000.000,1.714056,0.647682
56112,4,0.126463,0.927134,23,0,1000.000,1.892604,0.638654
56112,5,0.110557,0.923370,22,0,1000.000,1.867962,0.622681
56112,6,0.129019,0.923145,21,0,1000.000,1.953944,0.640219
56112,7,0.127511,0.929068,19,0,1000.000,1.931056,0.641733
56160,0,0.120340,0.899068,24,0,1000.000,2.000684,0.617839
56160,1,0.127400,0.930418,24,0,1000.000,1.819365,0.638645
56160,2,0.125595,0.903058,26,0,1000.000,1.953914,0.638755
56160,3,0.133116,0.915741,23,0,1000.000,2.251751,0.641316
56160,4,0.126463,0.924369,23,0,1000.000,1.903519,0.649707
56160,5,0.110557,0.874677,23,1,959.304,2.040660,0.617695
56160,6,0.129019,0.876345,21,1,954.095,1.787148,0.621681
56160,7,0.127511,0.929287,28,0,1000.000,1.855742,0.641194
56208,0,0.120340,0.934278,22,0,1000.000,1.794297,0.646725
56208,1,0.127400,0.918998,23,0,1000.000,1.607307,0.658475
56208,2,0.125595,0.905131,18,0,1000.000,2.461462,0.622704
56208,3,0.133116,0.928085,20,0,1000.000,1.535823,0.660119
56208,4,0.126463,0.935002,15,0,1000.000,1.453068,0.641561
56208,5,0.110557,0.906609,19,0,1000.000,2.223502,0.641296
56208,6,0.129019,0.912625,30,0,1000.000,1.871040,0.639720
56208,7,0.127511,0.900538,18,0,1000.000,2.241342,0.616453
56256,0,0.120340,0.933215,25,1,988.640,1.907392,0.635426
56256,1,0.127400,0.926481,23,0,1000.000,1.815606,0.647450
56256,2,0.125595,0.926575,29,0,1000.000,1.976118,0.650431
56256,3,0.133116,0.920200,26,0,1000.000,2.036766,0.625150
56256,4,0.126463,0.930283,19,0,1000.000,1.663846,0.649851
56256,5,0.110557,0.930524,17,0,1000.000,1.698220,0.669275
56256,6,0.129019,0.930248,13,0,1000.000,1.543021,0.647557
56256,7,0.127511,0.894100,17,0,1000.000,2.267643,0.641956
56304,0,0.120340,0.916964,27,0,1000.000,1.895230,0.641342
56304,1,0.127400,0.950894,19,0,1000.000,1.269752,0.667476
56304,2,0.125595,0.898799,21,0,1000.000,2.134917,0.625937
56304,3,0.133116,0.909165,21,0,1000.000,2.017639,0.641205
56304,4,0.126463,0.918851,19,0,1000.000,2.064424,0.650924
56304,5,0.110557,0.932850,13,0,1000.000,1.641387,0.649346
56304,6,0.129019,0.910539,15,0,1000.000,2.237042,0.629842
56304,7,0.127511,0.918603,18,0,1000.000,1.946369,0.646555
56352,0,0.120340,0.900870,18,0,1000.000,1.989620,0.627309
56352,1,0.127400,0.917772,25,0,1000.000,1.807123,0.650839
56352,2,0.125595,0.917395,29,0,1000.000,1.697655,0.667076
56352,3,0.133116,0.911004,21,0,1000.000,1.993155,0.641040
56352,4,0.126463,0.939829,13,0,1000.000,1.725288,0.646499
56352,5,0.110557,0.936163,20,0,1000.000,1.613050,0.666579
56352,6,0.129019,0.924682,16,0,1000.000,2.237326,0.657367
56352,7,0.127511,0.921497,23,0,1000.000,1.976907,0.648816
56400,0,0.120340,0.941201,17,0,1000.000,1.704286,0.673130
56400,1,0.127400,0.905289,23,0,1000.000,1.943092,0.629861
56400,2,0.125595,0.915356,28,0,1000.000,1.850700,0.648541
56400,3,0.133116,0.941589,20,0,1000.000,1.599983,0.645859
56400,4,0.126463,0.940033,25,0,1000.000,1.714769,0.661750
56400,5,0.110557,0.933960,30,0,1000.000,1.595818,0.654545
56400,6,0.129019,0.898846,27,0,1000.000,2.056905,0.638204
56400,7,0.127511,0.938858,33,0,1000.000,1.704748,0.658551
56448,0,0.120340,0.918563,23,0,1000.000,1.864378,0.649966
56448,1,0.127400,0.933462,22,0,1000.000,1.452761,0.661078
56448,2,0.125595,0.913517,30,0,1000.000,2.016418,0.656111
56448,3,0.133116,0.897834,25,0,1000.000,1.884464,0.637098
56448,4,0.126463,0.914169,29,0,1000.000,1.652496,0.642083
56448,5,0.110557,0.921867,32,0,1000.000,1.677669,0.650306
56448,6,0.129019,0.932373,30,0,1000.000,1.767093,0.663062
56448,7,0.127511,0.897802,27,0,1000.000,2.204342,0.635840
56496,0,0.120340,0.935821,24,0,1000.000,1.520704,0.663249
56496,1,0.127400,0.899280,33,0,1000.000,1.852078,0.644782
56496,2,0.125595,0.911859,30,0,1000.000,1.978287,0.643055
56496,3,0.133116,0.922021,34,0,1000.000,1.788789,0.650123
56496,4,0.126463,0.933384,35,0,1000.000,1.670570,0.657878
56496,5,0.110557,0.909326,32,0,1000.000,2.105701,0.644245
56496,6,0.129019,0.914983,38,0,1000.000,1.852454,0.648309
56496,7,0.127511,0.923054,27,0,1000.000,2.024936,0.654097
56544,0,0.120340,0.926295,42,0,1000.000,1.738261,0.660423
56544,1,0.127400,0.926805,35,0,1000.000,1.734532,0.651123
56544,2,0.125595,0.916171,40,0,1000.000,1.862665,0.649073
56544,3,0.133116,0.939928,42,0,1000.000,1.603074,0.669656
56544,4,0.126463,0.900725,27,0,1000.000,1.812546,0.652185
56544,5,0.110557,0.933717,36,0,1000.000,1.679574,0.649205
56544,6,0.129019,0.930800,24,0,1000.000,1.525909,0.659818
56544,7,0.127511,0.879354,39,1,975.692,1.996245,0.629485
56640,0,0.120340,0.920560,42,0,1000.000,1.796604,0.650013
56640,1,0.127400,0.914303,58,0,1000.000,1.788237,0.644420
56640,2,0.125595,0.909691,38,0,1000.000,1.843634,0.646646
56640,3,0.133116,0.907605,46,0,1000.000,1.991741,0.629338
56640,4,0.126463,0.907454,51,0,1000.000,1.930661,0.651918
56640,5,0.110557,0.903061,57,0,1000.000,2.025248,0.630861
56640,6,0.129019,0.901509,53,0,1000.000,2.171493,0.632661
56640,7,0.127511,0.919434,45,0,1000.000,1.927116,0.643853
56688,0,0.120340,0.931196,18,0,1000.000,1.894177,0.652390
56688,1,0.127400,0.918324,25,0,1000.000,1.730651,0.639839
56688,2,0.125595,0.887132,20,0,1000.000,2.270080,0.624413
56688,3,0.133116,0.928782,20,0,1000.000,1.781728,0.657155
56688,4,0.126463,0.907710,25,0,1000.000,1.975298,0.636150
56688,5,0.110557,0.906745,16,0,1000.000,1.719442,0.630060
56688,6,0.129019,0.892814,23,0,1000.000,2.316233,0.615599
56688,7,0.127511,0.925789,23,0,1000.000,1.787523,0.637880
56736,0,0.120340,0.915426,23,1,991.913,1.852643,0.629580
56736,1,0.127400,0.912813,28,0,1000.000,1.985992,0.647018
56736,2,0.125595,0.938038,27,0,1000.000,1.505295,0.654801
56736,3,0.133116,0.910040,24,0,1000.000,2.095150,0.615871
56736,4,0.126463,0.909865,27,0,1000.000,2.158013,0.631590
56736,5,0.110557,0.932018,13,0,1000.000,1.546241,0.645348
56736,6,0.129019,0.895250,28,0,1000.000,2.107152,0.636262
56736,7,0.127511,0.913157,21,0,1000.000,1.880300,0.647676
56832,0,0.120340,0.920096,47,1,991.277,1.617105,0.640456
56832,1,0.127400,0.932846,53,0,1000.000,1.591850,0.660253
56832,2,0.125595,0.922293,59,0,1000.000,1.755531,0.637853
56832,3,0.133116,0.922736,52,0,1000.000,1.817757,0.648377
56832,4,0.126463,0.920684,37,0,1000.000,1.700562,0.644056
56832,5,0.110557,0.929999,51,0,1000.000,1.826086,0.650515
56832,6,0.129019,0.928518,44,0,1000.000,1.799918,0.657135
56832,7,0.127511,0.917046,41,0,1000.000,2.093888,0.635664
56880,0,0.120340,0.926587,20,0,1000.000,1.853447,0.657654
56880,1,0.127400,0.914169,32,0,1000.000,1.639074,0.663782
56880,2,0.125595,0.919974,28,0,1000.000,1.829926,0.648259
56880,3,0.133116,0.925162,30,0,1000.000,1.842421,0.645603
56880,4,0.126463,0.924873,32,0,1000.000,1.900832,0.653966
56880,5,0.110557,0.914882,26,0,1000.000,2.052352,0.642052
56880,6,0.129019,0.919496,25,0,1000.000,2.036263,0.642363
56880,7,0.127511,0.936543,25,0,1000.000,1.674371,0.658490
56928,0,0.120340,0.922380,37,0,1000.000,1.910023,0.652991
56928,1,0.127400,0.938114,30,0,1000.000,1.439706,0.658011
56928,2,0.125595,0.925796,30,0,1000.000,1.701206,0.648334
56928,3,0.133116,0.933443,23,0,1000.000,1.613511,0.665151
56928,4,0.126463,0.923056,19,0,1000.000,1.854725,0.654017
56928,5,0.110557,0.907489,20,0,1000.000,2.077694,0.641998
56928,6,0.129019,0.913968,24,0,1000.000,1.632108,0.646745
56928,7,0.127511,0.916896,32,0,1000.000,1.743571,0.642350
56976,0,0.120340,0.914080,32,0,1000.000,2.259868,0.629218
56976,1,0.127400,0.920315,28,0,1000.000,1.861159,0.649390
56976,2,0.125595,0.910751,33,0,1000.000,2.018809,0.638655
56976,3,0.133116,0.923523,41,0,1000.000,1.830874,0.641339
56976,4,0.126463,0.928152,27,0,1000.000,2.098646,0.632101
56976,5,0.110557,0.897677,28,0,1000.000,2.298712,0.628715
56976,6,0.129019,0.930863,27,0,1000.000,1.649231,0.649766
56976,7,0.127511,0.940355,25,0,1000.000,1.684635,0.659152
57024,0,0.120340,0.929967,21,0,1000.000,1.648886,0.657290
57024,1,0.127400,0.886517,25,0,1000.000,2.192428,0.639858
57024,2,0.125595,0.919262,21,0,1000.000,1.681353,0.649729
57024,3,0.133116,0.942553,29,0,1000.000,1.559697,0.655300
57024,4,0.126463,0.892901,19,0,1000.000,2.428229,0.618986
57024,5,0.110557,0.926831,20,0,1000.000,1.552076,0.667560
57024,6,0.129019,0.875342,26,0,1000.000,2.389594,0.626319
57024,7,0.127511,0.888433,26,1,965.462,1.921198,0.651959
57072,0,0.120340,0.924835,21,0,1000.000,1.749515,0.648235
57072,1,0.127400,0.919353,17,0,1000.000,1.957654,0.638836
57072,2,0.125595,0.909635,18,0,1000.000,2.031317,0.640868
57072,3,0.133116,0.905198,16,0,1000.000,2.022491,0.654989
57072,4,0.126463,0.921544,25,0,1000.000,1.914170,0.634993
57072,5,0.110557,0.941280,23,0,1000.000,1.541509,0.665983
57072,6,0.129019,0.935032,18,0,1000.000,1.703912,0.652100
57072,7,0.127511,0.921390,21,0,1000.000,1.924944,0.646645
57120,0,0.120340,0.932062,20,0,1000.000,1.714975,0.649130
57120,1,0.127400,0.924442,22,0,1000.000,1.750005,0.641646
57120,2,0.125595,0.930251,22,0,1000.000,1.746807,0.650632
57120,3,0.133116,0.929690,29,0,1000.000,1.753754,0.642878
57120,4,0.126463,0.916269,23,0,1000.000,1.983909,0.637876
57120,5,0.110557,0.942582,15,0,1000.000,1.715719,0.653021
57120,6,0.129019,0.907877,27,0,1000.000,2.115372,0.647227
57120,7,0.127511,0.919534,18,0,1000.000,2.215234,0.641178
57168,0,0.120340,0.920016,34,1,973.265,1.770431,0.640446
57168,1,0.127400,0.907370,11,0,1000.000,2.322825,0.621994
57168,2,0.125595,0.914405,28,0,1000.000,1.884284,0.624214
57168,3,0.133116,0.915961,20,0,1000.000,2.027367,0.636418
57168,4,0.126463,0.918743,24,0,1000.000,1.864806,0.641049
57168,5,0.110557,0.920078,19,0,1000.000,1.794305,0.655264
57168,6,0.129019,0.932348,18,0,1000.000,1.503204,0.649371
57168,7,0.127511,0.920188,26,0,1000.000,1.910384,0.659153
57216,0,0.120340,0.933197,20,0,1000.000,1.839322,0.650153
57216,1,0.127400,0.926609,22,0,1000.000,1.775389,0.637588
57216,2,0.125595,0.921715,23,0,1000.000,1.883842,0.649228
57216,3,0.133116,0.933370,18,0,1000.000,1.672392,0.647566
57216,4,0.126463,0.912374,31,0,1000.000,2.070181,0.623545
57216,5,0.110557,0.919849,20,0,1000.000,2.176864,0.625174
57216,6,0.129019,0.912573,21,0,1000.000,1.973543,0.634479
57216,7,0.127511,0.947812,14,0,1000.000,1.463467,0.655379
57264,0,0.120340,0.927092,27,1,991.482,1.747213,0.650227
57264,1,0.127400,0.918339,21,0,1000.000,2.025520,0.647271
57264,2,0.125595,0.915769,24,0,1000.000,1.988979,0.638515
57264,3,0.133116,0.916038,16,0,1000.000,1.758007,0.638379
57264,4,0.126463,0.922798,26,0,1000.000,1.948665,0.651132
57264,5,0.110557,0.912234,18,0,1000.000,1.706708,0.643386
57264,6,0.129019,0.926004,19,0,1000.000,1.938471,0.652687
57264,7,0.127511,0.904517,21,0,1000.000,2.175429,0.643038
57312,0,0.120340,0.907546,17,1,978.412,2.000851,0.625394
57312,1,0.127400,0.920902,13,0,1000.000,1.524966,0.638286
57312,2,0.125595,0.936822,21,0,1000.000,1.525346,0.654773
57312,3,0.133116,0.927056,24,0,1000.000,1.871441,0.658337
57312,4,0.126463,0.927152,20,0,1000.000,1.963201,0.656072
57312,5,0.110557,0.916265,14,0,1000.000,2.065013,0.651622
57312,6,0.129019,0.941782,15,0,1000.000,1.424943,0.677897
57312,7,0.127511,0.892751,19,0,1000.000,2.269717,0.625789
57360,0,0.120340,0.923598,33,0,1000.000,1.720903,0.644365
57360,1,0.127400,0.923299,21,0,1000.000,2.016370,0.635834
57360,2,0.125595,0.906547,31,0,1000.000,1.849770,0.633549
57360,3,0.133116,0.901361,22,0,1000.000,1.998142,0.630018
57360,4,0.126463,0.929132,27,0,1000.000,1.701610,0.649570
57360,5,0.110557,0.914576,12,0,1000.000,1.975609,0.634354
57360,6,0.129019,0.901099,21,0,1000.000,2.090420,0.630198
57360,7,0.127511,0.882007,25,1,964.040,1.513152,0.631450
57408,0,0.120340,0.898994,20,1,987.150,2.151450,0.619594
57408,1,0.127400,0.928330,26,0,1000.000,1.729083,0.656114
57408,2,0.125595,0.943890,21,0,1000.000,1.235372,0.649395
57408,3,0.133116,0.910368,28,0,1000.000,1.953045,0.651188
57408,4,0.126463,0.915687,26,0,1000.000,1.821450,0.631047
57408,5,0.110557,0.916910,23,0,1000.000,1.803699,0.654694
57408,6,0.129019,0.936833,26,0,1000.000,1.629789,0.657306
57408,7,0.127511,0.858420,25,1,962.160,2.162491,0.614975
57456,0,0.120340,0.920714,26,0,1000.000,1.807073,0.653017
57456,1,0.127400,0.897806,25,0,1000.000,2.190578,0.642760
57456,2,0.125595,0.890949,29,0,1000.000,2.102052,0.639690
57456,3,0.133116,0.908016,27,0,1000.000,1.800905,0.638499
57456,4,0.126463,0.926051,25,0,1000.000,1.756741,0.654018
57456,5,0.110557,0.872932,18,0,1000.000,1.857495,0.635850
57456,6,0.129019,0.909670,46,0,1000.000,1.975988,0.639860
57456,7,0.127511,0.914828,31,0,1000.000,1.714011,0.647311
57504,0,0.120340,0.910302,33,1,990.788,1.879760,0.644691
57504,1,0.127400,0.902572,21,0,1000.000,1.983285,0.638573
57504,2,0.125595,0.929938,37,0,1000.000,1.686060,0.647360
57504,3,0.133116,0.922459,39,0,1000.000,1.859923,0.645449
57504,4,0.126463,0.931871,29,0,1000.000,1.654262,0.652772
57504,5,0.110557,0.932289,32,0,1000.000,1.553782,0.651032
57504,6,0.129019,0.919578,21,0,1000.000,1.901824,0.631450
57504,7,0.127511,0.910531,37,0,1000.000,1.803066,0.636446
57552,0,0.120340,0.899982,26,0,1000.000,2.128074,0.635278
57552,1,0.127400,0.924124,45,0,1000.000,1.701143,0.658410
57552,2,0.125595,0.913548,34,0,1000.000,1.938222,0.646481
57552,3,0.133116,0.929204,42,0,1000.000,1.796114,0.647144
57552,4,0.126463,0.914822,37,0,1000.000,1.851299,0.647655
57552,5,0.110557,0.905118,21,0,1000.000,1.921134,0.634865
57552,6,0.129019,0.921686,42,0,1000.000,1.703162,0.651311
57552,7,0.127511,0.919661,36,0,1000.000,1.882455,0.663527
57600,0,0.120340,0.913567,20,0,1000.000,1.820129,0.655138
57600,1,0.127400,0.878656,26,0,1000.000,2.099786,0.628264
57600,2,0.125595,0.913603,24,0,1000.000,1.941250,0.644590
57600,3,0.133116,0.931995,19,0,1000.000,1.618831,0.648815
57600,4,0.126463,0.929805,27,0,1000.000,1.668443,0.662718
57600,5,0.110557,0.926184,23,0,1000.000,1.461984,0.651575
57600,6,0.129019,0.903134,37,0,1000.000,2.072352,0.638202
57600,7,0.127511,0.919039,29,0,1000.000,1.890304,0.640415
57648,0,0.122389,0.933520,22,0,1000.000,1.461759,0.638862
57648,1,0.129024,0.897811,24,0,1000.000,1.772374,0.637733
57648,2,0.119805,0.919993,17,0,1000.000,1.758283,0.655323
57648,3,0.124951,0.899067,25,0,1000.000,1.948641,0.636037
57648,4,0.128355,0.912420,25,0,1000.000,1.912389,0.637933
57648,5,0.134880,0.898665,19,0,1000.000,1.887717,0.648210
57648,6,0.117926,0.912774,26,0,1000.000,1.905986,0.647842
57648,7,0.122670,0.929048,16,0,1000.000,1.648619,0.649714
57696,0,0.122389,0.914622,21,0,1000.000,1.916341,0.642112
57696,1,0.129024,0.923810,22,0,1000.000,1.638793,0.658093
57696,2,0.119805,0.909976,19,0,1000.000,2.023359,0.638579
57696,3,0.124951,0.918155,15,0,1000.000,2.090711,0.626667
57696,4,0.128355,0.916268,23,0,1000.000,1.830997,0.630750
57696,5,0.134880,0.891539,34,0,1000.000,2.159182,0.639217
57696,6,0.117926,0.920396,19,0,1000.000,1.839359,0.657934
57696,7,0.122670,0.847875,17,0,1000.000,2.163152,0.626791
57744,0,0.122389,0.930958,24,0,1000.000,1.641836,0.648983
57744,1,0.129024,0.918417,23,0,1000.000,1.893767,0.663236
57744,2,0.119805,0.935690,26,0,1000.000,1.411727,0.642827
57744,3,0.124951,0.884993,30,0,1000.000,2.172176,0.627557
57744,4,0.128355,0.897009,25,0,1000.000,2.020863,0.641696
57744,5,0.134880,0.891673,21,0,1000.000,2.152476,0.632483
57744,6,0.117926,0.909499,21,0,1000.000,2.018310,0.644747
57744,7,0.122670,0.902124,20,0,1000.000,2.234050,0.623656
57840,0,0.122389,0.926125,62,1,992.177,1.748059,0.647686
57840,1,0.129024,0.910924,51,0,1000.000,1.965148,0.643217
57840,2,0.119805,0.936375,36,0,1000.000,1.484328,0.665190
57840,3,0.124951,0.918058,43,0,1000.000,1.894244,0.656712
57840,4,0.128355,0.910509,51,0,1000.000,1.880245,0.643524
57840,5,0.134880,0.911806,49,0,1000.000,1.918263,0.644765
57840,6,0.117926,0.923273,52,0,1000.000,1.769850,0.652761
57840,7,0.122670,0.912658,51,0,1000.000,2.060418,0.638851
57888,0,0.122389,0.920821,30,0,1000.000,1.916713,0.655774
57888,1,0.129024,0.917943,31,0,1000.000,1.890183,0.658904
57888,2,0.119805,0.915594,23,0,1000.000,2.058675,0.650296
57888,3,0.124951,0.902918,22,0,1000.000,2.035764,0.641508
57888,4,0.128355,0.925054,34,0,1000.000,1.816953,0.657501
57888,5,0.134880,0.926418,33,0,1000.000,2.047400,0.641213
57888,6,0.117926,0.901898,23,0,1000.000,2.101694,0.626950
57888,7,0.122670,0.870215,24,0,1000.000,2.395184,0.617840
57936,0,0.122389,0.914914,29,0,1000.000,1.917948,0.655232
57936,1,0.129024,0.909965,21,0,1000.000,1.756018,0.622345
57936,2,0.119805,0.893670,32,0,1000.000,2.317901,0.618094
57936,3,0.124951,0.916214,26,0,1000.000,1.810013,0.652331
57936,4,0.128355,0.928594,22,0,1000.000,1.670011,0.625726
57936,5,0.134880,0.934295,26,0,1000.000,1.721195,0.655237
57936,6,0.117926,0.909209,26,0,1000.000,2.136583,0.648548
57936,7,0.122670,0.904698,30,0,1000.000,2.194108,0.630812
57984,0,0.122389,0.911561,30,0,1000.000,2.014508,0.636243
57984,1,0.129024,0.916957,28,0,1000.000,2.022197,0.643686
57984,2,0.119805,0.940370,25,0,1000.000,1.701351,0.647663
57984,3,0.124951,0.931291,27,0,1000.000,1.564161,0.649825
57984,4,0.128355,0.917445,36,0,1000.000,2.062915,0.631950
57984,5,0.134880,0.905747,38,0,1000.000,2.031029,0.642715
57984,6,0.117926,0.925982,26,0,1000.000,1.819826,0.648687
57984,7,0.122670,0.898587,26,0,1000.000,2.281456,0.626510
58032,0,0.122389,0.905088,27,0,1000.000,1.812395,0.640408
58032,1,0.129024,0.891689,25,0,1000.000,1.978316,0.652010
58032,2,0.119805,0.930052,17,0,1000.000,1.803433,0.638246
58032,3,0.124951,0.921582,25,0,1000.000,1.994197,0.646333
58032,4,0.128355,0.924330,22,0,1000.000,2.156665,0.647157
58032,5,0.134880,0.934914,20,0,1000.000,1.531603,0.654799
58032,6,0.117926,0.923751,20,0,1000.000,1.911800,0.642472
58032,7,0.122670,0.924427,19,0,1000.000,1.711719,0.662803
58080,0,0.122389,0.919221,25,0,1000.000,1.662332,0.641932
58080,1,0.129024,0.930467,16,0,1000.000,1.767113,0.651989
58080,2,0.119805,0.890735,13,0,1000.000,1.855098,0.630719
58080,3,0.124951,0.934164,23,0,1000.000,1.780461,0.666810
58080,4,0.128355,0.910967,13,0,1000.000,1.800268,0.621570
58080,5,0.134880,0.907790,25,1,961.560,1.543107,0.647397
58080,6,0.117926,0.933285,21,0,1000.000,1.771066,0.668203
58080,7,0.122670,0.913425,22,0,1000.000,1.780324,0.644428
58128,0,0.122389,0.926503,23,0,1000.000,1.735141,0.661407
58128,1,0.129024,0.924182,20,0,1000.000,1.795934,0.645215
58128,2,0.119805,0.905755,19,0,1000.000,2.212622,0.628058
58128,3,0.124951,0.926725,19,0,1000.000,1.788822,0.653929
58128,4,0.128355,0.937619,23,0,1000.000,1.536046,0.651484
58128,5,0.134880,0.921491,32,0,1000.000,1.946512,0.643041
58128,6,0.117926,0.929703,19,0,1000.000,1.590949,0.652058
58128,7,0.122670,0.921542,25,0,1000.000,1.987010,0.630896
58176,0,0.122389,0.906102,20,0,1000.000,2.033880,0.645794
58176,1,0.129024,0.943035,18,0,1000.000,1.493421,0.643493
58176,2,0.119805,0.905263,25,0,1000.000,2.014557,0.643788
58176,3,0.124951,0.896597,21,0,1000.000,2.155390,0.647200
58176,4,0.128355,0.917727,30,0,1000.000,1.757955,0.658073
58176,5,0.134880,0.909343,27,0,1000.000,1.985485,0.643731
58176,6,0.117926,0.925188,24,0,1000.000,1.577601,0.646908
58176,7,0.122670,0.921332,19,0,1000.000,1.928124,0.645767
58224,0,0.122389,0.922118,20,0,1000.000,1.961720,0.639641
58224,1,0.129024,0.923288,31,0,1000.000,1.868090,0.656682
58224,2,0.119805,0.918677,17,0,1000.000,1.721326,0.658302
58224,3,0.124951,0.929171,23,0,1000.000,1.665078,0.655681
58224,4,0.128355,0.904630,16,0,1000.000,1.990235,0.657774
58224,5,0.134880,0.899865,30,0,1000.000,2.089589,0.642546
58224,6,0.117926,0.936436,21,0,1000.000,1.612324,0.652877
58224,7,0.122670,0.918118,14,0,1000.000,2.143498,0.654482
58272,0,0.122389,0.923294,9,0,1000.000,1.363297,0.642480
58272,1,0.129024,0.904189,26,0,1000.000,1.799943,0.656718
58272,2,0.119805,0.919148,19,0,1000.000,1.956377,0.653222
58272,3,0.124951,0.914596,24,0,1000.000,1.961437,0.652680
58272,4,0.128355,0.874233,22,0,1000.000,2.407697,0.612018
58272,5,0.134880,0.921441,23,0,1000.000,1.909598,0.635798
58272,6,0.117926,0.922943,20,0,1000.000,1.785727,0.640247
58272,7,0.122670,0.910584,22,0,1000.000,1.792632,0.639398
58320,0,0.122389,0.925156,18,0,1000.000,1.725392,0.634703
58320,1,0.129024,0.931188,17,0,1000.000,1.402829,0.646261
58320,2,0.119805,0.925416,15,0,1000.000,1.563344,0.655008
58320,3,0.124951,0.927549,23,0,1000.000,1.705441,0.657726
58320,4,0.128355,0.918080,18,0,1000.000,1.838668,0.631742
58320,5,0.134880,0.920292,22,0,1000.000,1.899267,0.655081
58320,6,0.117926,0.884052,20,0,1000.000,2.152080,0.632332
58320,7,0.122670,0.888042,13,0,1000.000,2.059729,0.636673
58368,0,0.122389,0.908985,21,0,1000.000,1.693710,0.642080
58368,1,0.129024,0.924073,31,0,1000.000,1.854859,0.654285
58368,2,0.119805,0.918796,28,0,1000.000,1.958685,0.655488
58368,3,0.124951,0.901896,19,0,1000.000,2.098801,0.629651
58368,4,0.128355,0.895073,27,0,1000.000,2.080398,0.632388
58368,5,0.134880,0.905748,29,0,1000.000,2.050583,0.646430
58368,6,0.117926,0.902270,16,0,1000.000,2.073382,0.635750
58368,7,0.122670,0.915012,28,0,1000.000,1.803803,0.639736
58416,0,0.122389,0.933776,28,0,1000.000,1.546811,0.669456
58416,1,0.129024,0.935805,27,0,1000.000,1.822869,0.658833
58416,2,0.119805,0.922916,25,0,1000.000,1.893309,0.646268
58416,3,0.124951,0.921992,25,0,1000.000,2.048739,0.645085
58416,4,0.128355,0.909489,25,0,1000.000,2.285923,0.633006
58416,5,0.134880,0.908335,27,0,1000.000,1.898847,0.645813
58416,6,0.117926,0.874459,14,0,1000.000,2.393977,0.626793
58416,7,0.122670,0.920600,22,0,1000.000,1.982254,0.623572
58464,0,0.122389,0.915228,28,0,1000.000,1.992872,0.644902
58464,1,0.129024,0.899712,27,0,1000.000,1.893966,0.626625
58464,2,0.119805,0.918174,23,0,1000.000,1.933411,0.643474
58464,3,0.124951,0.904034,35,0,1000.000,2.030857,0.630350
58464,4,0.128355,0.931484,37,0,1000.000,1.679827,0.670119
58464,5,0.134880,0.917905,30,0,1000.000,1.804137,0.645199
58464,6,0.117926,0.913276,23,0,1000.000,1.841453,0.652419
58464,7,0.122670,0.896145,31,0,1000.000,2.297293,0.622476
58512,0,0.122389,0.896606,30,0,1000.000,2.040828,0.644586
58512,1,0.129024,0.912031,25,0,1000.000,1.840716,0.646912
58512,2,0.119805,0.925889,36,0,1000.000,1.845143,0.660085
58512,3,0.124951,0.936480,30,0,1000.000,1.745713,0.663949
58512,4,0.128355,0.896756,30,0,1000.000,1.900452,0.628742
58512,5,0.134880,0.901378,50,0,1000.000,1.978453,0.625689
58512,6,0.117926,0.907475,34,0,1000.000,2.174534,0.635750
58512,7,0.122670,0.927427,19,0,1000.000,1.573943,0.639874
58560,0,0.122389,0.889984,40,0,1000.000,2.237352,0.620912
58560,1,0.129024,0.919015,36,0,1000.000,1.765314,0.660349
58560,2,0.119805,0.941039,39,0,1000.000,1.533306,0.660349
58560,3,0.124951,0.910402,34,0,1000.000,2.062827,0.637435
58560,4,0.128355,0.935310,40,0,1000.000,1.783064,0.649792
58560,5,0.134880,0.902622,37,0,1000.000,2.036514,0.637127
58560,6,0.117926,0.954865,24,0,1000.000,1.295006,0.687793
58560,7,0.122670,0.925760,27,0,1000.000,1.890406,0.659268
58608,0,0.122389,0.918845,22,0,1000.000,1.635343,0.642835
58608,1,0.129024,0.933966,33,0,1000.000,1.749946,0.650630
58608,2,0.119805,0.884868,18,0,1000.000,2.105709,0.632342
58608,3,0.124951,0.949269,19,0,1000.000,1.517362,0.670374
58608,4,0.128355,0.918683,24,0,1000.000,1.743863,0.654067
58608,5,0.134880,0.935061,22,0,1000.000,1.688633,0.652091
58608,6,0.117926,0.927367,24,0,1000.000,1.615975,0.647523
58608,7,0.122670,0.871356,25,1,961.640,1.768595,0.618222
58656,0,0.122389,0.913006,27,0,1000.000,2.021228,0.627497
58656,1,0.129024,0.917817,21,0,1000.000,1.919410,0.637621
58656,2,0.119805,0.904412,26,0,1000.000,1.943611,0.637062
58656,3,0.124951,0.929232,26,0,1000.000,1.767651,0.634280
58656,4,0.128355,0.892765,18,0,1000.000,2.057242,0.618952
58656,5,0.134880,0.934589,26,0,1000.000,1.679703,0.646959
58656,6,0.117926,0.888961,22,0,1000.000,2.014324,0.617268
58656,7,0.122670,0.931106,21,0,1000.000,1.712593,0.664025
58704,0,0.122389,0.907269,18,0,1000.000,1.859632,0.650708
58704,1,0.129024,0.903616,22,1,990.682,1.879780,0.645709
58704,2,0.119805,0.892894,29,0,1000.000,2.061699,0.627940
58704,3,0.124951,0.930976,23,0,1000.000,1.593095,0.638983
58704,4,0.128355,0.902498,26,0,1000.000,2.127982,0.642558
58704,5,0.134880,0.887682,18,0,1000.000,2.308968,0.620511
58704,6,0.117926,0.888819,16,0,1000.000,2.136005,0.627540
58704,7,0.122670,0.900003,14,0,1000.000,2.113743,0.624854
58752,0,0.122389,0.906762,31,0,1000.000,1.818376,0.647168
58752,1,0.129024,0.923520,22,0,1000.000,1.508508,0.659424
58752,2,0.119805,0.938296,33,0,1000.000,1.449007,0.651492
58752,3,0.124951,0.899733,26,0,1000.000,2.066972,0.634179
58752,4,0.128355,0.917402,22,0,1000.000,1.800207,0.643183
58752,5,0.134880,0.918610,27,0,1000.000,1.778690,0.648427
58752,6,0.117926,0.898178,19,0,1000.000,1.977411,0.639086
58752,7,0.122670,0.917724,15,0,1000.000,1.583573,0.629126
58800,0,0.122389,0.928034,18,0,1000.000,1.437727,0.663222
58800,1,0.129024,0.945339,17,0,1000.000,1.596733,0.667431
58800,2,0.119805,0.945065,14,0,1000.000,1.231119,0.646892
58800,3,0.124951,0.915526,18,0,1000.000,1.671302,0.648676
58800,4,0.128355,0.906748,32,0,1000.000,2.029487,0.627290
58800,5,0.134880,0.904405,24,0,1000.000,1.913690,0.640783
58800,6,0.117926,0.891868,26,0,1000.000,2.134425,0.642242
58800,7,0.122670,0.930974,17,0,1000.000,1.560986,0.663366
58848,0,0.122389,0.931582,37,1,999.487,1.568528,0.645047
58848,1,0.129024,0.932871,26,0,1000.000,1.487552,0.647750
58848,2,0.119805,0.918628,22,0,1000.000,1.761073,0.641535
58848,3,0.124951,0.923645,36,0,1000.000,1.944335,0.647604
58848,4,0.128355,0.939517,33,0,1000.000,1.605228,0.671095
58848,5,0.134880,0.928830,33,0,1000.000,1.783382,0.663432
58848,6,0.117926,0.936103,23,0,1000.000,1.466850,0.664701
58848,7,0.122670,0.914445,21,0,1000.000,2.004280,0.646361
58896,0,0.122389,0.920610,32,1,976.750,1.689501,0.658358
58896,1,0.129024,0.940652,30,0,1000.000,1.617505,0.665228
58896,2,0.119805,0.878459,20,0,1000.000,2.152423,0.629129
58896,3,0.124951,0.912918,30,0,1000.000,1.924935,0.650037
58896,4,0.128355,0.929047,29,0,1000.000,1.702854,0.650660
58896,5,0.134880,0.899599,29,0,1000.000,2.024665,0.649346
58896,6,0.117926,0.935280,18,0,1000.000,1.832735,0.667706
58896,7,0.122670,0.887531,28,0,1000.000,2.217547,0.627394
58944,0,0.122389,0.899993,26,1,964.231,1.904992,0.641869
58944,1,0.129024,0.938757,29,0,1000.000,1.560932,0.667543
58944,2,0.119805,0.944009,24,0,1000.000,1.498514,0.652725
58944,3,0.124951,0.926952,21,0,1000.000,1.623601,0.645059
58944,4,0.128355,0.903357,33,0,1000.000,1.997473,0.644586
58944,5,0.134880,0.910384,30,0,1000.000,1.939280,0.638082
58944,6,0.117926,0.907758,30,0,1000.000,2.053379,0.649761
58944,7,0.122670,0.898597,27,0,1000.000,2.058320,0.629822
58992,0,0.122389,0.922093,27,0,1000.000,1.866163,0.629402
58992,1,0.129024,0.939625,32,0,1000.000,1.481815,0.652060
58992,2,0.119805,0.915591,30,0,1000.000,1.964504,0.645618
58992,3,0.124951,0.915263,37,0,1000.000,1.873861,0.642556
58992,4,0.128355,0.910747,19,0,1000.000,2.063705,0.649074
58992,5,0.134880,0.886821,31,0,1000.000,1.938663,0.625741
58992,6,0.117926,0.915862,20,0,1000.000,1.903601,0.652211
58992,7,0.122670,0.913103,29,0,1000.000,1.878773,0.643706
59040,0,0.122389,0.910841,17,0,1000.000,1.910999,0.644908
59040,1,0.129024,0.905205,18,0,1000.000,2.007332,0.647748
59040,2,0.119805,0.914097,21,0,1000.000,1.735303,0.665848
59040,3,0.124951,0.915902,12,0,1000.000,2.160708,0.645505
59040,4,0.128355,0.935375,33,0,1000.000,1.546549,0.655280
59040,5,0.134880,0.890391,19,0,1000.000,2.303156,0.627555
59040,6,0.117926,0.923185,24,0,1000.000,1.935887,0.650032
59040,7,0.122670,0.899836,26,0,1000.000,2.179841,0.633144
59088,0,0.122389,0.886152,20,0,1000.000,2.003217,0.630035
59088,1,0.129024,0.921330,27,0,1000.000,1.726395,0.649148
59088,2,0.119805,0.880079,16,0,1000.000,2.206396,0.626565
59088,3,0.124951,0.907837,27,0,1000.000,1.777778,0.648974
59088,4,0.128355,0.926241,27,0,1000.000,1.864361,0.661660
59088,5,0.134880,0.909111,16,0,1000.000,1.947542,0.630015
59088,6,0.117926,0.925194,15,0,1000.000,1.890763,0.645645
59088,7,0.122670,0.920525,13,0,1000.000,1.834714,0.639452
59136,0,0.122389,0.921154,29,0,1000.000,1.796204,0.648491
59136,1,0.129024,0.900045,26,0,1000.000,2.036773,0.645398
59136,2,0.119805,0.914467,26,0,1000.000,1.991161,0.638498
59136,3,0.124951,0.904254,25,0,1000.000,1.791465,0.640939
59136,4,0.128355,0.920322,23,0,1000.000,1.715476,0.643210
59136,5,0.134880,0.935369,25,0,1000.000,1.655263,0.665511
59136,6,0.117926,0.934876,20,0,1000.000,1.464825,0.680087
59136,7,0.122670,0.915317,19,0,1000.000,1.814043,0.655452
59232,0,0.122389,0.917243,39,0,1000.000,1.915375,0.646906
59232,1,0.129024,0.933581,38,0,1000.000,1.722304,0.663340
59232,2,0.119805,0.927137,42,0,1000.000,1.674462,0.646228
59232,3,0.124951,0.910673,44,0,1000.000,1.834700,0.653287
59232,4,0.128355,0.896051,47,0,1000.000,1.969579,0.635709
59232,5,0.134880,0.917388,54,0,1000.000,1.784257,0.647214
59232,6,0.117926,0.901163,43,0,1000.000,2.046045,0.638178
59232,7,0.122670,0.932048,38,0,1000.000,1.523227,0.650485
59328,0,0.122389,0.897441,34,1,972.735,2.045389,0.636273
59328,1,0.129024,0.902671,33,0,1000.000,2.097373,0.645244
59328,2,0.119805,0.919090,42,0,1000.000,1.752369,0.653336
59328,3,0.124951,0.898645,36,0,1000.000,2.113275,0.646776
59328,4,0.128355,0.925499,49,0,1000.000,1.675930,0.649874
59328,5,0.134880,0.908929,45,0,1000.000,1.928989,0.648265
59328,6,0.117926,0.895146,31,0,1000.000,2.146104,0.632656
59328,7,0.122670,0.925005,37,0,1000.000,1.805259,0.660055
59376,0,0.122389,0.891064,20,1,978.250,2.022781,0.640435
59376,1,0.129024,0.912742,31,0,1000.000,1.841111,0.639288
59376,2,0.119805,0.880412,21,0,1000.000,2.197577,0.636591
59376,3,0.124951,0.911625,29,0,1000.000,1.961368,0.654661
59376,4,0.128355,0.918448,19,0,1000.000,1.932741,0.631686
59376,5,0.134880,0.884136,35,0,1000.000,2.065741,0.644407
59376,6,0.117926,0.914794,24,0,1000.000,1.797348,0.662757
59376,7,0.122670,0.915238,17,0,1000.000,1.851883,0.643766
59424,0,0.122389,0.892880,27,0,1000.000,1.868668,0.639331
59424,1,0.129024,0.932694,28,0,1000.000,1.634311,0.657053
59424,2,0.119805,0.905743,20,0,1000.000,1.851693,0.636917
59424,3,0.124951,0.926035,27,0,1000.000,1.762656,0.673624
59424,4,0.128355,0.904028,26,0,1000.000,1.905804,0.642011
59424,5,0.134880,0.901663,35,0,1000.000,1.958049,0.642055
59424,6,0.117926,0.911535,14,0,1000.000,1.648389,0.667499
59424,7,0.122670,0.911515,32,0,1000.000,2.014479,0.639133
59472,0,0.122389,0.923561,27,0,1000.000,1.594644,0.664650
59472,1,0.129024,0.912102,44,0,1000.000,1.770934,0.642224
59472,2,0.119805,0.891538,26,0,1000.000,1.876993,0.641237
59472,3,0.124951,0.872288,21,0,1000.000,2.242443,0.625116
59472,4,0.128355,0.887941,35,0,1000.000,1.887126,0.643045
59472,5,0.134880,0.883264,43,0,1000.000,2.165889,0.630413
59472,6,0.117926,0.929067,28,0,1000.000,1.592541,0.659892
59472,7,0.122670,0.901463,29,0,1000.000,1.879799,0.659125
59520,0,0.122389,0.882388,30,0,1000.000,1.889054,0.643343
59520,1,0.129024,0.929394,31,0,1000.000,1.486047,0.669355
59520,2,0.119805,0.916432,33,0,1000.000,1.821966,0.658676
59520,3,0.124951,0.908316,26,0,1000.000,1.596620,0.647410
59520,4,0.128355,0.909579,41,0,1000.000,1.837475,0.645975
59520,5,0.134880,0.901233,29,0,1000.000,1.922410,0.650033
59520,6,0.117926,0.908272,26,0,1000.000,1.938474,0.644286
59520,7,0.122670,0.881671,27,1,966.074,1.663657,0.634125
59568,0,0.122389,0.917055,36,0,1000.000,1.723123,0.650502
59568,1,0.129024,0.905311,39,0,1000.000,1.750426,0.650161
59568,2,0.119805,0.908170,24,0,1000.000,1.883558,0.648893
59568,3,0.124951,0.881975,21,0,1000.000,2.251166,0.626249
59568,4,0.128355,0.896527,42,0,1000.000,2.128015,0.649256
59568,5,0.134880,0.917575,48,0,1000.000,1.840218,0.646446
59568,6,0.117926,0.888956,31,0,1000.000,1.765898,0.646475
59568,7,0.122670,0.898662,36,0,1000.000,1.866471,0.637134
59616,0,0.122389,0.910726,21,0,1000.000,1.711173,0.645737
59616,1,0.129024,0.909725,16,0,1000.000,1.722514,0.649571
59616,2,0.119805,0.921338,16,0,1000.000,1.451044,0.643370
59616,3,0.124951,0.901578,29,0,1000.000,1.731070,0.634544
59616,4,0.128355,0.920888,23,0,1000.000,1.849308,0.649818
59616,5,0.134880,0.876331,25,0,1000.000,1.913967,0.626998
59616,6,0.117926,0.872498,15,0,1000.000,1.856094,0.623680
59616,7,0.122670,0.916336,25,0,1000.000,1.829686,0.665510
59664,0,0.122389,0.903760,27,0,1000.000,1.958763,0.646487
59664,1,0.129024,0.886027,25,0,1000.000,1.918291,0.627502
59664,2,0.119805,0.934304,18,0,1000.000,1.641628,0.665114
59664,3,0.124951,0.904001,19,0,1000.000,1.965581,0.649413
59664,4,0.128355,0.880258,30,0,1000.000,1.927270,0.638864
59664,5,0.134880,0.937899,19,0,1000.000,1.386081,0.671984
59664,6,0.117926,0.915376,25,0,1000.000,1.977519,0.652923
59664,7,0.122670,0.859550,21,1,955.571,2.003983,0.633431
59712,0,0.122389,0.884746,26,1,967.538,1.992754,0.628421
59712,1,0.129024,0.910399,21,0,1000.000,1.648529,0.625156
59712,2,0.119805,0.907622,35,0,1000.000,1.859032,0.641036
59712,3,0.124951,0.904431,25,0,1000.000,1.863218,0.641013
59712,4,0.128355,0.885007,20,0,1000.000,2.057749,0.639141
59712,5,0.134880,0.905041,15,0,1000.000,2.216889,0.655194
59712,6,0.117926,0.920460,15,0,1000.000,1.682354,0.656107
59712,7,0.122670,0.938418,15,0,1000.000,1.662585,0.668797
59760,0,0.122389,0.915142,19,0,1000.000,1.767672,0.650525
59760,1,0.129024,0.915630,31,0,1000.000,1.764389,0.656165
59760,2,0.119805,0.922263,22,0,1000.000,1.676007,0.661335
59760,3,0.124951,0.922262,22,0,1000.000,1.888050,0.646573
59760,4,0.128355,0.887644,21,0,1000.000,2.015924,0.647461
59760,5,0.134880,0.907844,23,0,1000.000,1.990755,0.648047
59760,6,0.117926,0.906123,25,0,1000.000,2.162254,0.636298
59760,7,0.122670,0.894222,30,1,969.633,1.721120,0.643945
59808,0,0.122389,0.935044,21,0,1000.000,1.500079,0.644639
59808,1,0.129024,0.937737,25,0,1000.000,1.402417,0.655388
59808,2,0.119805,0.923644,21,0,1000.000,1.546353,0.668216
59808,3,0.124951,0.897694,27,0,1000.000,1.788532,0.657058
59808,4,0.128355,0.919779,17,0,1000.000,2.112810,0.659670
59808,5,0.134880,0.911600,21,0,1000.000,2.142483,0.634648
59808,6,0.117926,0.920458,20,0,1000.000,1.555161,0.645844
59808,7,0.122670,0.881498,18,0,1000.000,2.169624,0.627426
59856,0,0.122389,0.931411,19,0,1000.000,1.396216,0.666550
59856,1,0.129024,0.929547,34,0,1000.000,1.769978,0.650769
59856,2,0.119805,0.916979,29,0,1000.000,1.854775,0.651387
59856,3,0.124951,0.888692,27,0,1000.000,2.020857,0.624915
59856,4,0.128355,0.920802,25,0,1000.000,1.816324,0.636917
59856,5,0.134880,0.925863,36,0,1000.000,1.759074,0.652268
59856,6,0.117926,0.894155,27,0,1000.000,2.068123,0.642923
59856,7,0.122670,0.925242,37,0,1000.000,1.736293,0.636992
59904,0,0.122389,0.907704,29,0,1000.000,1.855345,0.647090
59904,1,0.129024,0.886604,27,0,1000.000,2.014337,0.647702
59904,2,0.119805,0.937549,23,0,1000.000,1.511328,0.641947
59904,3,0.124951,0.887513,29,0,1000.000,2.126725,0.641523
59904,4,0.128355,0.913413,26,0,1000.000,1.936225,0.640600
59904,5,0.134880,0.910246,22,0,1000.000,2.141528,0.637271
59904,6,0.117926,0.896757,27,0,1000.000,2.240947,0.639718
59904,7,0.122670,0.915404,25,0,1000.000,1.854954,0.655470
59952,0,0.122389,0.936055,37,0,1000.000,1.676256,0.647687
59952,1,0.129024,0.906639,28,0,1000.000,1.771475,0.640929
59952,2,0.119805,0.918217,30,0,1000.000,1.877737,0.650171
59952,3,0.124951,0.887851,25,0,1000.000,2.054692,0.638153
59952,4,0.128355,0.921909,24,0,1000.000,1.745443,0.645086
59952,5,0.134880,0.945936,30,0,1000.000,1.656072,0.671645
59952,6,0.117926,0.916589,32,0,1000.000,2.039120,0.633760
59952,7,0.122670,0.935115,27,0,1000.000,1.744898,0.651357
60000,0,0.122389,0.913211,25,0,1000.000,1.848039,0.633189
60000,1,0.129024,0.918222,25,0,1000.000,1.848583,0.651279
60000,2,0.119805,0.930743,36,0,1000.000,1.660033,0.663611
60000,3,0.124951,0.939200,31,0,1000.000,1.666275,0.661799
60000,4,0.128355,0.924807,20,0,1000.000,1.656095,0.658282
60000,5,0.134880,0.896880,33,1,971.242,1.596301,0.646311
60000,6,0.117926,0.866470,21,1,955.238,1.907233,0.621757
60000,7,0.122670,0.938380,26,0,1000.000,1.500971,0.666709
60048,0,0.122860,0.904365,19,0,1000.000,2.220303,0.631703
60048,1,0.136985,0.894138,21,0,1000.000,2.206065,0.635831
60048,2,0.131700,0.930486,19,0,1000.000,1.725271,0.657210
60048,3,0.122425,0.931518,28,0,1000.000,1.772716,0.650328
60048,4,0.119684,0.906253,20,0,1000.000,1.986774,0.648644
60048,5,0.115563,0.864387,20,1,953.100,1.899420,0.636298
60048,6,0.124566,0.892673,22,1,959.000,1.626361,0.633008
60048,7,0.126216,0.931397,12,0,1000.000,1.331636,0.646055
60096,0,0.122860,0.926534,21,0,1000.000,1.787835,0.660642
60096,1,0.136985,0.909811,25,0,1000.000,1.936269,0.634319
60096,2,0.131700,0.923070,22,0,1000.000,1.814420,0.645909
60096,3,0.122425,0.933400,16,0,1000.000,1.653408,0.658301
60096,4,0.119684,0.921501,18,0,1000.000,1.921965,0.646577
60096,5,0.115563,0.905655,23,0,1000.000,2.138406,0.640203
60096,6,0.124566,0.941385,16,0,1000.000,1.524336,0.676466
60096,7,0.126216,0.900256,20,0,1000.000,2.045904,0.643903
60144,0,0.122860,0.914147,31,0,1000.000,1.801839,0.649790
60144,1,0.136985,0.904017,30,0,1000.000,1.840258,0.637071
60144,2,0.131700,0.944283,14,0,1000.000,1.578275,0.670534
60144,3,0.122425,0.917490,29,0,1000.000,2.074260,0.642350
60144,4,0.119684,0.911190,20,0,1000.000,1.909284,0.655198
60144,5,0.115563,0.888137,25,0,1000.000,2.129670,0.632160
60144,6,0.124566,0.890894,21,0,1000.000,2.026390,0.628614
60144,7,0.126216,0.917609,36,0,1000.000,1.897545,0.645726
60192,0,0.122860,0.893478,20,1,972.250,1.965225,0.622670
60192,1,0.136985,0.931756,22,0,1000.000,1.657454,0.648910
60192,2,0.131700,0.895712,18,0,1000.000,2.104967,0.630336
60192,3,0.122425,0.946413,15,0,1000.000,1.558475,0.656577
60192,4,0.119684,0.931480,21,0,1000.000,1.698156,0.651533
60192,5,0.115563,0.886940,24,0,1000.000,2.421532,0.622966
60192,6,0.124566,0.915792,23,0,1000.000,1.952835,0.652433
60192,7,0.126216,0.931794,23,0,1000.000,1.960473,0.647390
60240,0,0.122860,0.945585,21,0,1000.000,1.385238,0.661367
60240,1,0.136985,0.896634,24,0,1000.000,1.969610,0.639363
60240,2,0.131700,0.935120,19,0,1000.000,1.694252,0.674144
60240,3,0.122425,0.919196,25,0,1000.000,1.520359,0.661397
60240,4,0.119684,0.858171,28,1,965.286,2.289941,0.620370
60240,5,0.115563,0.935238,18,0,1000.000,1.668020,0.653839
60240,6,0.124566,0.923761,19,0,1000.000,1.626323,0.642291
60240,7,0.126216,0.916831,18,0,1000.000,2.032202,0.631676
60288,0,0.122860,0.893182,18,0,1000.000,2.269045,0.630203
60288,1,0.136985,0.917129,18,0,1000.000,1.723754,0.630196
60288,2,0.131700,0.943369,23,0,1000.000,1.503066,0.661178
60288,3,0.122425,0.915290,22,0,1000.000,1.849823,0.640273
60288,4,0.119684,0.911076,17,0,1000.000,1.886055,0.644466
60288,5,0.115563,0.920615,15,0,1000.000,2.000193,0.643723
60288,6,0.124566,0.909844,21,0,1000.000,2.049647,0.637960
60288,7,0.126216,0.897994,16,0,1000.000,2.359288,0.631741
60336,0,0.122860,0.901719,20,0,1000.000,2.367922,0.623449
60336,1,0.136985,0.926271,23,0,1000.000,1.931994,0.660919
60336,2,0.131700,0.922074,18,0,1000.000,2.175771,0.638734
60336,3,0.122425,0.923852,23,0,1000.000,1.750685,0.649340
60336,4,0.119684,0.915737,21,0,1000.000,2.003002,0.641573
60336,5,0.115563,0.937196,11,0,1000.000,1.955979,0.653423
60336,6,0.124566,0.895131,21,0,1000.000,2.203894,0.638318
60336,7,0.126216,0.944039,17,0,1000.000,1.589199,0.673709
60384,0,0.122860,0.915779,20,0,1000.000,2.052688,0.638144
60384,1,0.136985,0.926501,20,0,1000.000,1.882569,0.637710
60384,2,0.131700,0.916873,40,0,1000.000,1.796395,0.646868
60384,3,0.122425,0.903391,29,0,1000.000,2.048600,0.630563
60384,4,0.119684,0.923561,15,0,1000.000,1.815758,0.672718
60384,5,0.115563,0.926069,30,0,1000.000,1.940059,0.650079
60384,6,0.124566,0.893107,19,0,1000.000,2.108825,0.624052
60384,7,0.126216,0.926304,34,0,1000.000,1.798156,0.648618
60432,0,0.122860,0.909799,21,0,1000.000,1.797880,0.639189
60432,1,0.136985,0.923335,32,0,1000.000,1.898244,0.631401
60432,2,0.131700,0.907278,37,0,1000.000,1.924071,0.624307
60432,3,0.122425,0.912626,29,0,1000.000,2.022691,0.648200
60432,4,0.119684,0.919092,24,0,1000.000,1.858668,0.641442
60432,5,0.115563,0.908849,16,0,1000.000,2.013671,0.639245
60432,6,0.124566,0.933178,24,0,1000.000,1.682616,0.647130
60432,7,0.126216,0.923814,28,0,1000.000,1.754455,0.645196
60480,0,0.122860,0.930036,34,0,1000.000,1.622315,0.656507
60480,1,0.136985,0.930619,35,0,1000.000,1.543283,0.647720
60480,2,0.131700,0.924929,31,0,1000.000,1.584200,0.654437
60480,3,0.122425,0.921369,38,0,1000.000,1.748436,0.643440
60480,4,0.119684,0.926384,28,0,1000.000,1.551370,0.647369
60480,5,0.115563,0.908373,23,0,1000.000,2.002733,0.640981
60480,6,0.124566,0.916832,38,0,1000.000,2.011922,0.640198
60480,7,0.126216,0.901888,31,0,1000.000,2.058863,0.629164
60528,0,0.122860,0.904512,27,0,1000.000,2.167805,0.638595
60528,1,0.136985,0.906242,42,0,1000.000,1.967642,0.637157
60528,2,0.131700,0.923110,32,0,1000.000,1.724755,0.650655
60528,3,0.122425,0.903553,29,0,1000.000,1.939077,0.630344
60528,4,0.119684,0.907974,23,0,1000.000,2.124232,0.640298
60528,5,0.115563,0.886116,35,0,1000.000,2.184790,0.624101
60528,6,0.124566,0.930549,40,0,1000.000,1.869365,0.644971
60528,7,0.126216,0.945688,30,0,1000.000,1.503861,0.674824
60576,0,0.122860,0.913095,36,0,1000.000,1.810531,0.641473
60576,1,0.136985,0.926473,25,0,1000.000,1.982169,0.652571
60576,2,0.131700,0.902035,30,0,1000.000,1.809052,0.629805
60576,3,0.122425,0.940443,28,0,1000.000,1.511982,0.667871
60576,4,0.119684,0.932569,28,0,1000.000,1.777468,0.644214
60576,5,0.115563,0.907618,46,0,1000.000,2.029729,0.633667
60576,6,0.124566,0.897292,28,0,1000.000,1.781422,0.637394
60576,7,0.126216,0.927318,30,0,1000.000,1.922689,0.636749
60624,0,0.122860,0.892977,15,0,1000.000,1.908470,0.613255
60624,1,0.136985,0.910264,26,0,1000.000,2.022273,0.632100
60624,2,0.131700,0.900616,23,0,1000.000,2.146377,0.628586
60624,3,0.122425,0.914570,26,0,1000.000,2.009849,0.647555
60624,4,0.119684,0.936123,23,0,1000.000,1.596883,0.660214
60624,5,0.115563,0.909189,22,0,1000.000,2.042297,0.633436
60624,6,0.124566,0.871697,17,1,944.176,1.739439,0.620776
60624,7,0.126216,0.894949,21,0,1000.000,2.094768,0.620002
60672,0,0.122860,0.940799,16,0,1000.000,1.477303,0.659302
60672,1,0.136985,0.909283,14,0,1000.000,2.004582,0.636246
60672,2,0.131700,0.923892,28,0,1000.000,1.798863,0.646923
60672,3,0.122425,0.914564,25,0,1000.000,2.165180,0.636865
60672,4,0.119684,0.911929,23,0,1000.000,1.923856,0.632187
60672,5,0.115563,0.920864,18,0,1000.000,1.513310,0.657550
60672,6,0.124566,0.918860,22,0,1000.000,1.812954,0.645204
60672,7,0.126216,0.900699,29,0,1000.000,2.092765,0.625727
60720,0,0.122860,0.918276,31,0,1000.000,1.855028,0.633677
60720,1,0.136985,0.944355,19,0,1000.000,1.471509,0.651966
60720,2,0.131700,0.929623,21,0,1000.000,1.866340,0.660293
60720,3,0.122425,0.915031,20,0,1000.000,1.953316,0.643807
60720,4,0.119684,0.927474,20,0,1000.000,1.776075,0.649984
60720,5,0.115563,0.905782,24,0,1000.000,1.816229,0.635133
60720,6,0.124566,0.911550,15,0,1000.000,2.196773,0.650499
60720,7,0.126216,0.879381,25,1,962.880,1.742506,0.638355
60768,0,0.122860,0.927007,21,0,1000.000,1.646662,0.635788
60768,1,0.136985,0.918352,22,0,1000.000,1.938100,0.633258
60768,2,0.131700,0.908355,24,0,1000.000,2.008567,0.630878
60768,3,0.122425,0.921083,25,0,1000.000,2.097897,0.637743
60768,4,0.119684,0.898355,27,0,1000.000,1.993251,0.624316
60768,5,0.115563,0.921757,20,0,1000.000,1.485379,0.655430
60768,6,0.124566,0.927561,22,0,1000.000,1.980404,0.633369
60768,7,0.126216,0.925230,31,0,1000.000,1.851281,0.650223
60816,0,0.122860,0.928600,21,0,1000.000,1.850089,0.653768
60816,1,0.136985,0.934367,20,0,1000.000,1.943159,0.660424
60816,2,0.131700,0.902052,22,0,1000.000,2.072847,0.635864
60816,3,0.122425,0.895882,21,0,1000.000,2.082618,0.622424
60816,4,0.119684,0.910393,23,0,1000.000,2.154130,0.631662
60816,5,0.115563,0.941588,20,0,1000.000,1.462003,0.658561
60816,6,0.124566,0.899465,23,0,1000.000,2.089272,0.634721
60816,7,0.126216,0.901280,23,0,1000.000,2.106114,0.629532
60864,0,0.122860,0.917503,25,0,1000.000,2.132057,0.632598
60864,1,0.136985,0.924872,28,0,1000.000,1.856153,0.649470
60864,2,0.131700,0.917513,37,0,1000.000,1.869222,0.638677
60864,3,0.122425,0.916589,36,0,1000.000,1.920596,0.636543
60864,4,0.119684,0.911819,26,0,1000.000,2.032636,0.641039
60864,5,0.115563,0.923772,26,0,1000.000,1.771568,0.648694
60864,6,0.124566,0.933424,27,0,1000.000,1.764072,0.666471
60864,7,0.126216,0.899991,32,1,971.312,1.781377,0.630253
60912,0,0.122860,0.922810,27,0,1000.000,1.777957,0.638686
60912,1,0.136985,0.904322,27,0,1000.000,2.166362,0.631748
60912,2,0.131700,0.903105,23,0,1000.000,1.980929,0.632268
60912,3,0.122425,0.919276,30,0,1000.000,2.019703,0.641621
60912,4,0.119684,0.934555,29,0,1000.000,1.719970,0.656464
60912,5,0.115563,0.910529,31,0,1000.000,2.063132,0.642178
60912,6,0.124566,0.904169,18,0,1000.000,1.891762,0.633564
60912,7,0.126216,0.901553,24,1,972.958,1.714868,0.648990
60960,0,0.122860,0.937127,39,0,1000.000,1.543973,0.649611
60960,1,0.136985,0.914584,31,0,1000.000,1.845038,0.645280
60960,2,0.131700,0.922709,25,0,1000.000,1.749238,0.627988
60960,3,0.122425,0.924754,26,0,1000.000,1.991335,0.652674
60960,4,0.119684,0.932993,30,0,1000.000,1.709939,0.656261
60960,5,0.115563,0.891310,29,0,1000.000,2.088011,0.624054
60960,6,0.124566,0.940842,29,0,1000.000,1.542253,0.663324
60960,7,0.126216,0.881033,34,1,972.324,2.062088,0.640466
61008,0,0.122860,0.921485,21,0,1000.000,1.588750,0.652975
61008,1,0.136985,0.914027,21,0,1000.000,1.838347,0.641157
61008,2,0.131700,0.913535,32,0,1000.000,1.728588,0.620393
61008,3,0.122425,0.922955,36,0,1000.000,1.747376,0.655719
61008,4,0.119684,0.934399,24,0,1000.000,1.834734,0.655650
61008,5,0.115563,0.939510,20,0,1000.000,1.631889,0.641148
61008,6,0.124566,0.916847,24,0,1000.000,1.984826,0.643976
61008,7,0.126216,0.937147,27,0,1000.000,1.564811,0.651940
61056,0,0.122860,0.922477,28,0,1000.000,1.770935,0.633077
61056,1,0.136985,0.931445,23,0,1000.000,1.609154,0.649126
61056,2,0.131700,0.935672,15,0,1000.000,1.873217,0.645529
61056,3,0.122425,0.932798,16,0,1000.000,1.658485,0.669561
61056,4,0.119684,0.936726,18,0,1000.000,1.729285,0.637661
61056,5,0.115563,0.913837,12,0,1000.000,1.924947,0.650851
61056,6,0.124566,0.923896,24,0,1000.000,1.794691,0.652260
61056,7,0.126216,0.921786,17,0,1000.000,1.628813,0.614548
61104,0,0.122860,0.903509,21,0,1000.000,2.051436,0.625602
61104,1,0.136985,0.904423,19,0,1000.000,2.097203,0.628371
61104,2,0.131700,0.915574,28,0,1000.000,2.052534,0.642133
61104,3,0.122425,0.933935,24,0,1000.000,1.557555,0.663088
61104,4,0.119684,0.914147,21,0,1000.000,1.981943,0.638114
61104,5,0.115563,0.936711,15,0,1000.000,1.763445,0.654670
61104,6,0.124566,0.915015,21,0,1000.000,1.884179,0.633459
61104,7,0.126216,0.910473,22,0,1000.000,2.010630,0.644617
61152,0,0.122860,0.917045,24,0,1000.000,1.748380,0.640885
61152,1,0.136985,0.909000,23,0,1000.000,2.083387,0.631953
61152,2,0.131700,0.927772,26,0,1000.000,1.719596,0.651356
61152,3,0.122425,0.898586,30,0,1000.000,2.156415,0.634865
61152,4,0.119684,0.920662,24,0,1000.000,2.013305,0.642961
61152,5,0.115563,0.908739,22,0,1000.000,1.853145,0.627852
61152,6,0.124566,0.931006,22,0,1000.000,1.577208,0.651313
61152,7,0.126216,0.918142,20,0,1000.000,1.943330,0.647196
61200,0,0.122860,0.935633,22,0,1000.000,1.435512,0.656352
61200,1,0.136985,0.940119,23,0,1000.000,1.446882,0.655020
61200,2,0.131700,0.919643,31,0,1000.000,1.890153,0.646224
61200,3,0.122425,0.930028,24,0,1000.000,1.868118,0.644960
61200,4,0.119684,0.891535,19,1,949.526,1.435549,0.638912
61200,5,0.115563,0.901427,11,0,1000.000,2.003026,0.646018
61200,6,0.124566,0.924613,22,0,1000.000,1.797893,0.652931
61200,7,0.126216,0.924140,18,0,1000.000,2.048367,0.629257
61248,0,0.122860,0.917811,19,0,1000.000,2.109620,0.639398
61248,1,0.136985,0.930140,30,0,1000.000,1.874249,0.659198
61248,2,0.131700,0.923518,22,0,1000.000,2.109057,0.653212
61248,3,0.122425,0.927443,25,0,1000.000,1.856485,0.644730
61248,4,0.119684,0.880895,13,0,1000.000,2.426177,0.614515
61248,5,0.115563,0.913234,23,0,1000.000,1.824133,0.653176
61248,6,0.124566,0.908367,21,0,1000.000,2.051313,0.631159
61248,7,0.126216,0.929922,24,0,1000.000,1.652169,0.661357
61296,0,0.122860,0.925771,26,1,997.154,1.852909,0.634584
61296,1,0.136985,0.917432,23,0,1000.000,1.864596,0.654038
61296,2,0.131700,0.912866,17,0,1000.000,2.045365,0.642981
61296,3,0.122425,0.919148,18,0,1000.000,1.954407,0.647402
61296,4,0.119684,0.937256,16,0,1000.000,1.793693,0.643685
61296,5,0.115563,0.935207,14,0,1000.000,1.463381,0.651138
61296,6,0.124566,0.919203,11,0,1000.000,2.144110,0.612409
61296,7,0.126216,0.910397,20,0,1000.000,1.778594,0.634555
61344,0,0.122860,0.916378,20,0,1000.000,2.004314,0.639966
61344,1,0.136985,0.917976,19,0,1000.000,2.016306,0.659799
61344,2,0.131700,0.895676,25,0,1000.000,2.289144,0.633909
61344,3,0.122425,0.882726,16,0,1000.000,2.181836,0.626342
61344,4,0.119684,0.923127,6,0,1000.000,1.620579,0.605697
61344,5,0.115563,0.934680,25,0,1000.000,1.642024,0.650277
61344,6,0.124566,0.903142,25,0,1000.000,1.977952,0.643109
61344,7,0.126216,0.920897,24,0,1000.000,2.065400,0.648006
61392,0,0.122860,0.934224,21,2,988.143,1.469510,0.648774
61392,1,0.136985,0.916346,36,0,1000.000,1.804955,0.654015
61392,2,0.131700,0.901621,23,0,1000.000,2.185137,0.629870
61392,3,0.122425,0.920776,29,0,1000.000,1.703436,0.639218
61392,4,0.119684,0.937092,24,0,1000.000,1.622637,0.657608
61392,5,0.115563,0.907704,32,0,1000.000,1.977314,0.644631
61392,6,0.124566,0.932295,24,0,1000.000,1.709245,0.657436
61392,7,0.126216,0.919119,22,0,1000.000,1.576139,0.659270
61440,0,0.122860,0.942312,22,1,993.909,1.427182,0.652228
61440,1,0.136985,0.917187,22,0,1000.000,1.707026,0.646020
61440,2,0.131700,0.902083,28,0,1000.000,2.106088,0.632103
61440,3,0.122425,0.902007,26,0,1000.000,2.240504,0.634362
61440,4,0.119684,0.891756,21,0,1000.000,2.091366,0.638370
61440,5,0.115563,0.920523,35,0,1000.000,1.786562,0.648635
61440,6,0.124566,0.905006,33,0,1000.000,2.073734,0.639752
61440,7,0.126216,0.899364,30,0,1000.000,2.164485,0.617325
61488,0,0.122860,0.906653,24,0,1000.000,1.936380,0.634613
61488,1,0.136985,0.919299,44,0,1000.000,2.027747,0.641420
61488,2,0.131700,0.896684,25,0,1000.000,2.123169,0.629996
61488,3,0.122425,0.928165,40,0,1000.000,1.670207,0.652428
61488,4,0.119684,0.928948,25,0,1000.000,1.675698,0.664200
61488,5,0.115563,0.919060,25,0,1000.000,2.010225,0.638442
61488,6,0.124566,0.917452,28,0,1000.000,1.696536,0.640979
61488,7,0.126216,0.929374,41,0,1000.000,1.704755,0.651777
61536,0,0.122860,0.894273,30,0,1000.000,2.084928,0.638681
61536,1,0.136985,0.907109,42,0,1000.000,1.967755,0.632024
61536,2,0.131700,0.909130,36,0,1000.000,1.867313,0.635119
61536,3,0.122425,0.911462,40,0,1000.000,1.862355,0.630295
61536,4,0.119684,0.914841,38,0,1000.000,1.946954,0.640796
61536,5,0.115563,0.931722,23,0,1000.000,1.679214,0.682909
61536,6,0.124566,0.917592,31,0,1000.000,1.948749,0.646715
61536,7,0.126216,0.907386,34,0,1000.000,2.111142,0.632992
61584,0,0.122860,0.908114,29,0,1000.000,1.967340,0.622480
61584,1,0.136985,0.890666,31,0,1000.000,2.173914,0.631399
61584,2,0.131700,0.933428,33,0,1000.000,1.716057,0.661901
61584,3,0.122425,0.915776,25,0,1000.000,1.832619,0.653526
61584,4,0.119684,0.903790,24,0,1000.000,1.852800,0.624551
61584,5,0.115563,0.920116,24,0,1000.000,1.623400,0.645971
61584,6,0.124566,0.908137,32,0,1000.000,1.942479,0.647473
61584,7,0.126216,0.903759,35,0,1000.000,1.996418,0.641828
61632,0,0.122860,0.899917,21,0,1000.000,2.011214,0.626019
61632,1,0.136985,0.894273,21,0,1000.000,2.198511,0.631482
61632,2,0.131700,0.888457,25,0,1000.000,2.319015,0.625142
61632,3,0.122425,0.921736,17,0,1000.000,1.815041,0.650563
61632,4,0.119684,0.934915,28,0,1000.000,1.563662,0.644209
61632,5,0.115563,0.920577,16,0,1000.000,1.613843,0.649966
61632,6,0.124566,0.911340,20,0,1000.000,2.110561,0.633316
61632,7,0.126216,0.921735,17,0,1000.000,1.821981,0.643914
61680,0,0.122860,0.928480,24,0,1000.000,1.789477,0.645959
61680,1,0.136985,0.934340,21,0,1000.000,1.755111,0.653396
61680,2,0.131700,0.932179,22,0,1000.000,1.619450,0.668598
61680,3,0.122425,0.918187,22,0,1000.000,2.130683,0.636709
61680,4,0.119684,0.900738,19,0,1000.000,2.229892,0.616542
61680,5,0.115563,0.924857,21,0,1000.000,2.011770,0.652061
61680,6,0.124566,0.900747,27,0,1000.000,2.068040,0.635502
61680,7,0.126216,0.902401,22,0,1000.000,1.950806,0.623850
61728,0,0.122860,0.911987,28,0,1000.000,2.012765,0.644788
61728,1,0.136985,0.906752,16,0,1000.000,1.878443,0.645774
61728,2,0.131700,0.924003,24,0,1000.000,1.896749,0.647148
61728,3,0.122425,0.933013,21,0,1000.000,1.762371,0.636367
61728,4,0.119684,0.936350,22,0,1000.000,1.746084,0.671547
61728,5,0.115563,0.911120,19,0,1000.000,1.906058,0.645015
61728,6,0.124566,0.892598,19,0,1000.000,1.857167,0.642330
61728,7,0.126216,0.932787,27,0,1000.000,1.566701,0.639450
61776,0,0.122860,0.937323,25,1,968.520,1.523434,0.654817
61776,1,0.136985,0.873286,19,0,1000.000,2.533699,0.613573
61776,2,0.131700,0.916022,21,0,1000.000,2.020093,0.617391
61776,3,0.122425,0.941036,31,0,1000.000,1.514066,0.657472
61776,4,0.119684,0.894257,22,0,1000.000,2.113623,0.618012
61776,5,0.115563,0.900667,25,0,1000.000,1.860914,0.637404
61776,6,0.124566,0.916333,23,0,1000.000,1.838969,0.638842
61776,7,0.126216,0.916623,15,0,1000.000,2.115388,0.639879
61824,0,0.122860,0.921326,28,0,1000.000,1.615167,0.652686
61824,1,0.136985,0.898362,22,0,1000.000,1.943773,0.632084
61824,2,0.131700,0.929252,32,0,1000.000,1.697138,0.658216
61824,3,0.122425,0.933461,21,0,1000.000,1.519581,0.654072
61824,4,0.119684,0.947405,17,0,1000.000,1.641732,0.673156
61824,5,0.115563,0.925361,19,0,1000.000,1.867386,0.652331
61824,6,0.124566,0.917515,30,0,1000.000,1.830236,0.641649
61824,7,0.126216,0.941703,27,0,1000.000,1.494409,0.656482
61872,0,0.122860,0.919702,32,0,1000.000,1.873727,0.634514
61872,1,0.136985,0.920765,26,0,1000.000,1.814742,0.648758
61872,2,0.131700,0.931467,26,0,1000.000,1.830274,0.654260
61872,3,0.122425,0.911798,34,0,1000.000,2.080186,0.637363
61872,4,0.119684,0.935266,30,0,1000.000,1.913284,0.650713
61872,5,0.115563,0.911848,25,0,1000.000,2.238999,0.643356
61872,6,0.124566,0.910352,29,0,1000.000,2.337852,0.638628
61872,7,0.126216,0.899854,22,0,1000.000,2.043791,0.639159
61920,0,0.122860,0.929044,20,0,1000.000,1.731391,0.658833
61920,1,0.136985,0.930636,35,0,1000.000,1.726344,0.634328
61920,2,0.131700,0.909565,26,0,1000.000,1.636750,0.632573
61920,3,0.122425,0.921702,29,0,1000.000,1.883523,0.648580
61920,4,0.119684,0.929615,27,0,1000.000,1.720724,0.638724
61920,5,0.115563,0.943274,24,0,1000.000,1.510867,0.657456
61920,6,0.124566,0.877053,31,1,969.613,1.903363,0.615489
61920,7,0.126216,0.935984,23,0,1000.000,1.693289,0.635340
61968,0,0.122860,0.923765,36,0,1000.000,1.827282,0.647736
61968,1,0.136985,0.930526,32,0,1000.000,1.491388,0.642757
61968,2,0.131700,0.933802,36,0,1000.000,1.697208,0.650029
61968,3,0.122425,0.927665,26,0,1000.000,1.709305,0.641418
61968,4,0.119684,0.946114,17,0,1000.000,1.437003,0.648861
61968,5,0.115563,0.910362,25,0,1000.000,2.092474,0.629549
61968,6,0.124566,0.922061,31,0,1000.000,1.809344,0.633805
61968,7,0.126216,0.899695,38,1,974.789,1.902442,0.634072
62016,0,0.122860,0.910103,27,0,1000.000,2.132283,0.627992
62016,1,0.136985,0.913007,22,0,1000.000,1.858836,0.616587
62016,2,0.131700,0.916141,24,0,1000.000,1.999760,0.645708
62016,3,0.122425,0.918083,26,0,1000.000,1.928152,0.650528
62016,4,0.119684,0.926217,27,0,1000.000,1.910948,0.635799
62016,5,0.115563,0.935090,23,0,1000.000,1.862390,0.640035
62016,6,0.124566,0.927885,31,0,1000.000,1.940699,0.642572
62016,7,0.126216,0.920349,21,0,1000.000,2.116988,0.629679
62064,0,0.122860,0.908380,20,0,1000.000,1.667728,0.622295
62064,1,0.136985,0.913591,19,0,1000.000,2.147694,0.626337
62064,2,0.131700,0.918289,25,0,1000.000,1.920832,0.623525
62064,3,0.122425,0.910489,26,0,1000.000,2.116717,0.631637
62064,4,0.119684,0.878009,14,0,1000.000,2.174257,0.620537
62064,5,0.115563,0.944742,15,0,1000.000,1.560310,0.635812
62064,6,0.124566,0.942833,20,0,1000.000,1.567573,0.658756
62064,7,0.126216,0.930315,18,0,1000.000,1.992717,0.643615
62112,0,0.122860,0.927042,24,0,1000.000,1.554333,0.658413
62112,1,0.136985,0.914484,24,0,1000.000,2.051649,0.646244
62112,2,0.131700,0.915253,21,0,1000.000,1.846081,0.632189
62112,3,0.122425,0.912369,22,0,1000.000,2.016850,0.626146
62112,4,0.119684,0.919858,21,0,1000.000,2.016071,0.623633
62112,5,0.115563,0.930231,18,0,1000.000,1.951688,0.638984
62112,6,0.124566,0.927215,14,0,1000.000,1.838610,0.653274
62112,7,0.126216,0.893415,26,1,963.577,1.697512,0.640738
62160,0,0.122860,0.927746,21,0,1000.000,1.626829,0.652889
62160,1,0.136985,0.905310,31,0,1000.000,2.207467,0.630951
62160,2,0.131700,0.944037,20,0,1000.000,1.703114,0.655749
62160,3,0.122425,0.920159,29,0,1000.000,1.888244,0.644506
62160,4,0.119684,0.912248,28,0,1000.000,1.875950,0.651640
62160,5,0.115563,0.928645,25,0,1000.000,1.640108,0.641420
62160,6,0.124566,0.908150,24,0,1000.000,1.803030,0.645266
62160,7,0.126216,0.921914,14,0,1000.000,1.766584,0.649396
62208,0,0.122860,0.928573,23,0,1000.000,1.892067,0.647113
62208,1,0.136985,0.908642,25,0,1000.000,2.076140,0.642864
62208,2,0.131700,0.919070,20,0,1000.000,1.811077,0.650363
62208,3,0.122425,0.925496,27,0,1000.000,1.952803,0.639509
62208,4,0.119684,0.924410,19,0,1000.000,1.917411,0.628292
62208,5,0.115563,0.947745,16,0,1000.000,1.467210,0.633539
62208,6,0.124566,0.919998,19,0,1000.000,1.749620,0.656852
62208,7,0.126216,0.881813,18,0,1000.000,2.349481,0.609108
62256,0,0.122860,0.920992,16,0,1000.000,1.846281,0.655991
62256,1,0.136985,0.872634,27,0,1000.000,2.337258,0.628216
62256,2,0.131700,0.917789,25,0,1000.000,1.947023,0.632319
62256,3,0.122425,0.938057,18,0,1000.000,1.665191,0.652713
62256,4,0.119684,0.917463,19,0,1000.000,1.763065,0.643014
62256,5,0.115563,0.900058,20,0,1000.000,2.197763,0.632793
62256,6,0.124566,0.933508,23,0,1000.000,1.783694,0.669626
62256,7,0.126216,0.943157,19,0,1000.000,1.714379,0.641940
62304,0,0.122860,0.940120,15,0,1000.000,1.268033,0.664046
62304,1,0.136985,0.904316,20,0,1000.000,1.963742,0.643823
62304,2,0.131700,0.920016,19,0,1000.000,1.949139,0.638874
62304,3,0.122425,0.928985,20,0,1000.000,1.670216,0.663655
62304,4,0.119684,0.916517,19,0,1000.000,1.799129,0.655440
62304,5,0.115563,0.921023,18,0,1000.000,1.822731,0.633134
62304,6,0.124566,0.928664,15,0,1000.000,1.509442,0.640328
62304,7,0.126216,0.939909,28,0,1000.000,1.606578,0.655811
62352,0,0.122860,0.891057,24,1,960.917,1.996956,0.626085
62352,1,0.136985,0.909616,21,0,1000.000,2.379525,0.628430
62352,2,0.131700,0.931814,18,0,1000.000,1.700058,0.648526
62352,3,0.122425,0.931819,20,0,1000.000,1.822834,0.643714
62352,4,0.119684,0.930994,18,0,1000.000,1.633002,0.663456
62352,5,0.115563,0.907323,22,0,1000.000,2.187905,0.636681
62352,6,0.124566,0.916918,24,0,1000.000,1.936655,0.644936
62352,7,0.126216,0.910205,21,0,1000.000,2.012686,0.653889
62400,0,0.122860,0.901839,35,1,984.286,2.099107,0.628942
62400,1,0.136985,0.919360,21,0,1000.000,1.939642,0.633953
62400,2,0.131700,0.911392,36,0,1000.000,1.830782,0.644547
62400,3,0.122425,0.946868,28,0,1000.000,1.469804,0.661173
62400,4,0.119684,0.907479,24,0,1000.000,2.217674,0.644337
62400,5,0.115563,0.927290,16,0,1000.000,1.757076,0.645833
62400,6,0.124566,0.914132,25,0,1000.000,1.725372,0.651064
62400,7,0.126216,0.935855,22,0,1000.000,1.822240,0.664195
62448,0,0.126402,0.927925,22,0,1000.000,1.564024,0.637150
62448,1,0.108704,0.917517,29,0,1000.000,2.044391,0.644851
62448,2,0.118281,0.911194,24,0,1000.000,1.898094,0.648596
62448,3,0.131678,0.908336,28,0,1000.000,1.999983,0.642293
62448,4,0.128220,0.928234,30,0,1000.000,1.792068,0.646747
62448,5,0.134229,0.918695,26,0,1000.000,1.989283,0.641227
62448,6,0.123296,0.909953,28,0,1000.000,1.983655,0.644750
62448,7,0.129189,0.906845,30,0,1000.000,2.093170,0.635972
62496,0,0.126402,0.911839,38,0,1000.000,1.865489,0.636741
62496,1,0.108704,0.926639,36,0,1000.000,1.698167,0.650535
62496,2,0.118281,0.931415,27,0,1000.000,1.795661,0.657631
62496,3,0.131678,0.906793,30,0,1000.000,2.021588,0.632120
62496,4,0.128220,0.900529,28,0,1000.000,2.065689,0.633922
62496,5,0.134229,0.924914,26,0,1000.000,1.817501,0.649407
62496,6,0.123296,0.901214,31,0,1000.000,1.847615,0.655867
62496,7,0.129189,0.910854,36,0,1000.000,2.167599,0.634630
62544,0,0.126402,0.924329,28,0,1000.000,1.837480,0.652649
62544,1,0.108704,0.908107,39,0,1000.000,1.827828,0.640700
62544,2,0.118281,0.904657,40,0,1000.000,1.838357,0.646698
62544,3,0.131678,0.918716,33,0,1000.000,1.881886,0.628814
62544,4,0.128220,0.905598,32,0,1000.000,2.102355,0.637156
62544,5,0.134229,0.914272,39,0,1000.000,1.888973,0.633636
62544,6,0.123296,0.935445,26,0,1000.000,1.556120,0.654925
62544,7,0.129189,0.918557,46,0,1000.000,1.910143,0.649687
62640,0,0.126402,0.914231,44,0,1000.000,1.731499,0.637760
62640,1,0.108704,0.916170,52,0,1000.000,1.749206,0.641438
62640,2,0.118281,0.915500,42,0,1000.000,1.921875,0.645763
62640,3,0.131678,0.923437,65,0,1000.000,1.897036,0.642129
62640,4,0.128220,0.904791,48,0,1000.000,2.043189,0.639030
62640,5,0.134229,0.921509,59,0,1000.000,1.806444,0.625022
62640,6,0.123296,0.915813,34,0,1000.000,1.611389,0.638375
62640,7,0.129189,0.926801,42,0,1000.000,1.812728,0.645549
62688,0,0.126402,0.930152,30,1,979.267,1.586683,0.660818
62688,1,0.108704,0.919229,12,0,1000.000,2.067845,0.638004
62688,2,0.118281,0.916573,18,0,1000.000,1.654276,0.634666
62688,3,0.131678,0.913697,20,0,1000.000,1.923008,0.618678
62688,4,0.128220,0.915050,30,0,1000.000,1.783600,0.631870
62688,5,0.134229,0.926063,27,0,1000.000,1.926056,0.656511
62688,6,0.123296,0.913350,18,0,1000.000,1.934338,0.636256
62688,7,0.129189,0.915660,15,0,1000.000,1.852988,0.654292
62736,0,0.126402,0.932505,28,0,1000.000,1.781999,0.646474
62736,1,0.108704,0.907241,33,0,1000.000,2.098708,0.631723
62736,2,0.118281,0.902431,18,0,1000.000,1.724961,0.627149
62736,3,0.131678,0.907932,27,0,1000.000,1.975744,0.632850
62736,4,0.128220,0.942674,27,0,1000.000,1.417956,0.662674
62736,5,0.134229,0.917066,21,0,1000.000,1.883679,0.649840
62736,6,0.123296,0.934841,23,0,1000.000,1.824664,0.653586
62736,7,0.129189,0.864347,15,1,938.867,1.907249,0.624048
62832,0,0.126402,0.924374,46,0,1000.000,1.701426,0.642497
62832,1,0.108704,0.897627,42,0,1000.000,2.077117,0.633803
62832,2,0.118281,0.922293,52,0,1000.000,1.720043,0.637160
62832,3,0.131678,0.922831,48,0,1000.000,1.803894,0.647968
62832,4,0.128220,0.909057,46,0,1000.000,1.852005,0.643214
62832,5,0.134229,0.926093,57,0,1000.000,1.794034,0.648747
62832,6,0.123296,0.923204,35,0,1000.000,1.793242,0.641474
62832,7,0.129189,0.909958,59,0,1000.000,1.939649,0.641733
62880,0,0.126402,0.918586,39,0,1000.000,1.789240,0.643298
62880,1,0.108704,0.915449,19,0,1000.000,2.068685,0.636972
62880,2,0.118281,0.902432,26,0,1000.000,2.249572,0.633902
62880,3,0.131678,0.915105,28,0,1000.000,2.002033,0.646930
62880,4,0.128220,0.885106,27,0,1000.000,2.238257,0.644789
62880,5,0.134229,0.931052,26,0,1000.000,1.718870,0.658314
62880,6,0.123296,0.839387,18,1,946.611,1.919152,0.611616
62880,7,0.129189,0.919499,33,0,1000.000,1.692612,0.650081
62928,0,0.126402,0.924143,36,0,1000.000,1.858946,0.642571
62928,1,0.108704,0.953573,18,0,1000.000,1.226841,0.668952
62928,2,0.118281,0.917857,25,0,1000.000,1.878319,0.646192
62928,3,0.131678,0.904587,23,0,1000.000,2.167343,0.634625
62928,4,0.128220,0.890774,27,0,1000.000,2.381689,0.624862
62928,5,0.134229,0.921915,29,0,1000.000,1.710302,0.636795
62928,6,0.123296,0.937682,30,0,1000.000,1.396958,0.648057
62928,7,0.129189,0.906163,26,0,1000.000,2.018297,0.632295
62976,0,0.126402,0.909654,34,0,1000.000,2.050544,0.633252
62976,1,0.108704,0.931172,25,0,1000.000,1.756726,0.651234
62976,2,0.118281,0.923385,26,0,1000.000,1.801747,0.651514
62976,3,0.131678,0.925765,35,0,1000.000,1.797766,0.651990
62976,4,0.128220,0.919227,27,0,1000.000,1.819996,0.643931
62976,5,0.134229,0.935039,31,0,1000.000,1.348995,0.632048
62976,6,0.123296,0.940076,31,0,1000.000,1.453190,0.654187
62976,7,0.129189,0.901197,32,0,1000.000,2.055241,0.636443
63024,0,0.126402,0.904870,25,0,1000.000,1.843436,0.629719
63024,1,0.108704,0.907264,18,0,1000.000,1.989244,0.643107
63024,2,0.118281,0.918016,22,0,1000.000,1.738071,0.644703
63024,3,0.131678,0.917953,23,0,1000.000,1.911046,0.652642
63024,4,0.128220,0.912744,26,0,1000.000,1.887152,0.653681
63024,5,0.134229,0.927543,31,0,1000.000,1.758355,0.666460
63024,6,0.123296,0.921251,19,0,1000.000,1.625323,0.643760
63024,7,0.129189,0.921599,23,0,1000.000,1.841244,0.646815
63072,0,0.126402,0.910562,22,1,957.455,1.658984,0.625860
63072,1,0.108704,0.930336,25,0,1000.000,1.663769,0.658872
63072,2,0.118281,0.932861,17,0,1000.000,1.837916,0.672575
63072,3,0.131678,0.938064,18,0,1000.000,1.427160,0.659633
63072,4,0.128220,0.928189,22,0,1000.000,1.804130,0.636813
63072,5,0.134229,0.913385,21,0,1000.000,2.048947,0.645580
63072,6,0.123296,0.897543,18,0,1000.000,2.133769,0.634136
63072,7,0.129189,0.866194,19,1,950.684,1.774101,0.623349
63120,0,0.126402,0.925240,20,0,1000.000,1.423754,0.643033
63120,1,0.108704,0.925638,16,0,1000.000,1.776665,0.638282
63120,2,0.118281,0.932534,31,0,1000.000,1.695653,0.648398
63120,3,0.131678,0.946274,19,0,1000.000,1.506953,0.665299
63120,4,0.128220,0.896194,13,0,1000.000,2.258154,0.620048
63120,5,0.134229,0.912080,30,0,1000.000,2.056087,0.632062
63120,6,0.123296,0.916717,23,0,1000.000,2.161680,0.635839
63120,7,0.129189,0.899024,26,1,968.808,1.546233,0.636325
63168,0,0.126402,0.931182,24,0,1000.000,1.723522,0.641181
63168,1,0.108704,0.922309,26,0,1000.000,1.997079,0.646199
63168,2,0.118281,0.937830,29,0,1000.000,1.683392,0.656249
63168,3,0.131678,0.921772,13,0,1000.000,1.327868,0.621329
63168,4,0.128220,0.918596,24,0,1000.000,2.005209,0.638547
63168,5,0.134229,0.941278,18,0,1000.000,1.540089,0.645845
63168,6,0.123296,0.909939,22,0,1000.000,2.135465,0.635541
63168,7,0.129189,0.931995,22,0,1000.000,1.700392,0.646743
63216,0,0.126402,0.939614,28,0,1000.000,1.603221,0.654972
63216,1,0.108704,0.906539,17,0,1000.000,1.954192,0.635549
63216,2,0.118281,0.924380,26,0,1000.000,1.727236,0.655959
63216,3,0.131678,0.920708,25,0,1000.000,1.917648,0.646426
63216,4,0.128220,0.901421,17,0,1000.000,2.146460,0.644031
63216,5,0.134229,0.929071,24,0,1000.000,1.963645,0.633792
63216,6,0.123296,0.906676,16,0,1000.000,2.261042,0.620771
63216,7,0.129189,0.907140,19,0,1000.000,2.235239,0.639422
63264,0,0.126402,0.938477,25,2,941.800,1.326182,0.668504
63264,1,0.108704,0.932999,28,0,1000.000,1.542723,0.645346
63264,2,0.118281,0.930608,17,0,1000.000,1.702617,0.655525
63264,3,0.131678,0.925425,19,0,1000.000,1.911323,0.643323
63264,4,0.128220,0.933305,25,0,1000.000,1.572162,0.651595
63264,5,0.134229,0.918756,20,0,1000.000,1.960365,0.642963
63264,6,0.123296,0.896749,20,0,1000.000,2.103284,0.623960
63264,7,0.129189,0.929036,17,0,1000.000,1.952984,0.654250
63312,0,0.126402,0.911265,22,0,1000.000,1.777352,0.633284
63312,1,0.108704,0.926972,16,0,1000.000,1.684525,0.658283
63312,2,0.118281,0.930584,21,0,1000.000,1.632833,0.636777
63312,3,0.131678,0.941108,15,0,1000.000,1.438952,0.663140
63312,4,0.128220,0.894313,19,0,1000.000,2.109906,0.636085
63312,5,0.134229,0.919324,12,0,1000.000,1.660393,0.639645
63312,6,0.123296,0.912221,16,0,1000.000,1.720786,0.643527
63312,7,0.129189,0.918131,22,0,1000.000,2.170185,0.638860
63360,0,0.126402,0.931196,22,0,1000.000,1.872666,0.654868
63360,1,0.108704,0.898354,28,0,1000.000,2.104834,0.630114
63360,2,0.118281,0.923492,22,0,1000.000,1.816850,0.649866
63360,3,0.131678,0.922806,26,0,1000.000,2.022509,0.650423
63360,4,0.128220,0.945013,20,0,1000.000,1.501771,0.660144
63360,5,0.134229,0.920466,31,0,1000.000,1.638454,0.640940
63360,6,0.123296,0.895150,20,0,1000.000,2.256873,0.627088
63360,7,0.129189,0.915308,25,0,1000.000,1.929132,0.656678
63408,0,0.126402,0.912376,22,0,1000.000,2.051173,0.638877
63408,1,0.108704,0.913438,27,0,1000.000,2.008293,0.627193
63408,2,0.118281,0.935465,28,0,1000.000,1.730745,0.655877
63408,3,0.131678,0.903288,31,0,1000.000,2.333209,0.636206
63408,4,0.128220,0.917518,22,0,1000.000,2.034123,0.634671
63408,5,0.134229,0.921918,21,0,1000.000,1.852403,0.650076
63408,6,0.123296,0.914107,25,0,1000.000,2.175315,0.626144
63408,7,0.129189,0.927080,20,0,1000.000,1.580143,0.670029
63456,0,0.126402,0.919417,32,0,1000.000,2.019187,0.648213
63456,1,0.108704,0.923881,21,0,1000.000,1.890970,0.654177
63456,2,0.118281,0.920490,22,0,1000.000,2.057840,0.634685
63456,3,0.131678,0.914403,40,0,1000.000,1.680037,0.637976
63456,4,0.128220,0.937314,23,0,1000.000,1.494424,0.656918
63456,5,0.134229,0.909797,26,0,1000.000,1.779597,0.643444
63456,6,0.123296,0.920057,30,0,1000.000,1.870030,0.643984
63456,7,0.129189,0.918256,32,0,1000.000,1.833950,0.645761
63504,0,0.126402,0.920330,33,0,1000.000,2.013984,0.651766
63504,1,0.108704,0.927740,36,0,1000.000,1.767313,0.637367
63504,2,0.118281,0.914677,37,0,1000.000,1.855119,0.645980
63504,3,0.131678,0.897838,27,0,1000.000,2.293434,0.637784
63504,4,0.128220,0.900497,25,0,1000.000,2.017792,0.640231
63504,5,0.134229,0.903759,37,0,1000.000,2.027883,0.631179
63504,6,0.123296,0.912495,29,0,1000.000,2.023167,0.631798
63504,7,0.129189,0.924621,25,0,1000.000,1.985441,0.647259
63552,0,0.126402,0.924399,30,0,1000.000,1.997804,0.643003
63552,1,0.108704,0.906382,28,0,1000.000,1.791200,0.623577
63552,2,0.118281,0.935379,35,0,1000.000,1.483672,0.650269
63552,3,0.131678,0.914018,39,0,1000.000,1.954911,0.652000
63552,4,0.128220,0.919991,53,0,1000.000,2.015060,0.647177
63552,5,0.134229,0.925436,23,0,1000.000,1.964294,0.654118
63552,6,0.123296,0.930476,33,0,1000.000,1.704922,0.649366
63552,7,0.129189,0.908590,40,0,1000.000,2.027616,0.631078
63600,0,0.126402,0.904456,24,1,987.750,2.073400,0.640386
63600,1,0.108704,0.907762,21,0,1000.000,1.719573,0.637013
63600,2,0.118281,0.910932,26,0,1000.000,1.721319,0.639667
63600,3,0.131678,0.897608,25,0,1000.000,2.158008,0.624456
63600,4,0.128220,0.900063,25,0,1000.000,2.216358,0.624152
63600,5,0.134229,0.901483,26,0,1000.000,2.364449,0.625806
63600,6,0.123296,0.927101,23,0,1000.000,1.830057,0.636757
63600,7,0.129189,0.910368,31,0,1000.000,2.267851,0.632863
63648,0,0.126402,0.927117,27,0,1000.000,1.949202,0.637867
63648,1,0.108704,0.924491,22,0,1000.000,1.774978,0.656622
63648,2,0.118281,0.935100,11,0,1000.000,1.842171,0.657526
63648,3,0.131678,0.912753,15,0,1000.000,2.194219,0.640306
63648,4,0.128220,0.905922,25,0,1000.000,2.002737,0.635587
63648,5,0.134229,0.894744,28,0,1000.000,2.270259,0.626568
63648,6,0.123296,0.927295,21,0,1000.000,1.748561,0.650188
63648,7,0.129189,0.861244,26,1,964.923,2.198871,0.598695
63696,0,0.126402,0.935257,30,0,1000.000,1.529227,0.642668
63696,1,0.108704,0.925933,26,0,1000.000,1.880219,0.645437
63696,2,0.118281,0.921399,22,0,1000.000,1.764737,0.657737
63696,3,0.131678,0.955186,8,0,1000.000,1.219283,0.654947
63696,4,0.128220,0.927561,20,0,1000.000,1.808077,0.649667
63696,5,0.134229,0.913303,23,0,1000.000,1.953414,0.638044
63696,6,0.123296,0.906616,19,0,1000.000,2.118436,0.625701
63696,7,0.129189,0.895058,24,0,1000.000,2.213824,0.638090
63744,0,0.126402,0.937486,30,0,1000.000,1.748478,0.648196
63744,1,0.108704,0.893255,21,0,1000.000,2.159311,0.610623
63744,2,0.118281,0.879890,17,0,1000.000,2.411289,0.612647
63744,3,0.131678,0.904468,18,0,1000.000,2.381440,0.624120
63744,4,0.128220,0.926128,25,0,1000.000,1.692950,0.638680
63744,5,0.134229,0.915214,26,0,1000.000,2.055546,0.632837
63744,6,0.123296,0.932407,26,0,1000.000,1.818523,0.649529
63744,7,0.129189,0.942916,27,0,1000.000,1.574928,0.642933
63840,0,0.126402,0.898432,54,0,1000.000,2.285214,0.629105
63840,1,0.108704,0.903397,51,0,1000.000,2.052844,0.633569
63840,2,0.118281,0.933069,47,0,1000.000,1.728319,0.654934
63840,3,0.131678,0.918183,47,0,1000.000,1.933876,0.653125
63840,4,0.128220,0.938666,54,0,1000.000,1.790085,0.654286
63840,5,0.134229,0.918283,46,0,1000.000,1.909627,0.643880
63840,6,0.123296,0.925962,46,0,1000.000,1.901682,0.651083
63840,7,0.129189,0.908187,51,0,1000.000,2.072711,0.640626
63888,0,0.126402,0.911264,27,0,1000.000,2.042667,0.644505
63888,1,0.108704,0.933708,14,0,1000.000,2.047688,0.659844
63888,2,0.118281,0.928206,28,0,1000.000,1.848864,0.669283
63888,3,0.131678,0.947312,26,0,1000.000,1.199838,0.645309
63888,4,0.128220,0.939801,29,0,1000.000,1.637765,0.661180
63888,5,0.134229,0.922569,33,0,1000.000,2.026271,0.633095
63888,6,0.123296,0.924936,35,0,1000.000,1.855804,0.650759
63888,7,0.129189,0.905092,24,0,1000.000,2.089031,0.618728
63936,0,0.126402,0.924542,24,1,971.958,1.781560,0.639860
63936,1,0.108704,0.905496,33,0,1000.000,2.080774,0.630579
63936,2,0.118281,0.912330,23,0,1000.000,1.901329,0.613624
63936,3,0.131678,0.918613,26,0,1000.000,1.971816,0.639901
63936,4,0.128220,0.928440,32,0,1000.000,1.778980,0.655056
63936,5,0.134229,0.912945,25,0,1000.000,2.135256,0.640054
63936,6,0.123296,0.914602,31,0,1000.000,2.180405,0.642204
63936,7,0.129189,0.923553,17,0,1000.000,1.939637,0.639688
63984,0,0.126402,0.900395,26,1,971.308,2.068589,0.632897
63984,1,0.108704,0.930011,26,0,1000.000,1.811813,0.639052
63984,2,0.118281,0.945722,25,0,1000.000,1.553506,0.658446
63984,3,0.131678,0.919844,36,0,1000.000,1.816363,0.637969
63984,4,0.128220,0.937093,33,0,1000.000,1.573697,0.652046
63984,5,0.134229,0.934292,26,0,1000.000,1.707648,0.642423
63984,6,0.123296,0.932332,33,0,1000.000,1.761535,0.657843
63984,7,0.129189,0.929892,32,0,1000.000,1.647627,0.643442
64032,0,0.126402,0.927299,16,0,1000.000,1.626060,0.635752
64032,1,0.108704,0.935304,21,0,1000.000,1.524442,0.661831
64032,2,0.118281,0.925368,14,0,1000.000,1.613810,0.657860
64032,3,0.131678,0.915390,20,0,1000.000,2.249655,0.639354
64032,4,0.128220,0.911971,27,0,1000.000,2.064586,0.640399
64032,5,0.134229,0.891557,27,0,1000.000,2.145975,0.623125
64032,6,0.123296,0.921811,27,0,1000.000,1.787238,0.640711
64032,7,0.129189,0.918411,22,0,1000.000,2.167913,0.629964
64080,0,0.126402,0.933186,18,0,1000.000,1.592723,0.648982
64080,1,0.108704,0.925842,15,0,1000.000,1.743096,0.600636
64080,2,0.118281,0.933130,21,0,1000.000,1.668809,0.651682
64080,3,0.131678,0.932514,23,0,1000.000,1.694039,0.635581
64080,4,0.128220,0.913090,22,0,1000.000,1.874000,0.643972
64080,5,0.134229,0.928757,27,0,1000.000,1.733992,0.651233
64080,6,0.123296,0.923674,13,0,1000.000,1.766209,0.635784
64080,7,0.129189,0.908353,23,0,1000.000,2.092599,0.616523
64128,0,0.126402,0.938778,22,0,1000.000,1.622597,0.658200
64128,1,0.108704,0.900119,18,0,1000.000,2.294407,0.639016
64128,2,0.118281,0.930075,20,0,1000.000,1.812210,0.647426
64128,3,0.131678,0.944176,30,0,1000.000,1.502484,0.675878
64128,4,0.128220,0.906358,15,0,1000.000,1.792264,0.641816
64128,5,0.134229,0.926471,18,0,1000.000,1.859465,0.652845
64128,6,0.123296,0.934980,23,0,1000.000,1.912793,0.648227
64128,7,0.129189,0.924897,34,0,1000.000,1.887094,0.634372
64176,0,0.126402,0.922746,24,0,1000.000,1.737778,0.632740
64176,1,0.108704,0.932635,24,0,1000.000,1.786255,0.656039
64176,2,0.118281,0.932467,23,0,1000.000,1.685838,0.645880
64176,3,0.131678,0.916936,24,0,1000.000,1.748600,0.627307
64176,4,0.128220,0.930351,24,0,1000.000,1.774547,0.636227
64176,5,0.134229,0.912382,23,0,1000.000,2.004526,0.631984
64176,6,0.123296,0.870459,19,1,951.316,1.918591,0.636567
64176,7,0.129189,0.916343,23,0,1000.000,1.761194,0.623770
64224,0,0.126402,0.929409,25,1,979.240,1.721629,0.648525
64224,1,0.108704,0.923329,24,0,1000.000,1.741889,0.625980
64224,2,0.118281,0.931341,15,0,1000.000,2.027010,0.642560
64224,3,0.131678,0.935167,19,0,1000.000,1.942576,0.660488
64224,4,0.128220,0.903376,23,0,1000.000,2.124715,0.631376
64224,5,0.134229,0.898220,27,0,1000.000,2.097467,0.634468
64224,6,0.123296,0.922544,23,0,1000.000,1.991030,0.634083
64224,7,0.129189,0.925021,19,0,1000.000,1.944452,0.649907
64272,0,0.126402,0.901582,19,0,1000.000,1.884668,0.641387
64272,1,0.108704,0.944103,19,0,1000.000,1.468486,0.653634
64272,2,0.118281,0.898881,17,0,1000.000,1.762174,0.617332
64272,3,0.131678,0.917290,22,0,1000.000,1.874736,0.644423
64272,4,0.128220,0.926260,23,0,1000.000,1.962713,0.650558
64272,5,0.134229,0.918749,23,0,1000.000,1.920877,0.628054
64272,6,0.123296,0.918706,14,0,1000.000,2.156144,0.653853
64272,7,0.129189,0.918508,28,0,1000.000,1.927793,0.638063
64320,0,0.126402,0.899514,14,1,990.214,2.194151,0.626845
64320,1,0.108704,0.929020,19,0,1000.000,1.871317,0.650363
64320,2,0.118281,0.932506,21,0,1000.000,1.683505,0.658368
64320,3,0.131678,0.931396,18,0,1000.000,1.921989,0.643897
64320,4,0.128220,0.947915,23,0,1000.000,1.199497,0.643862
64320,5,0.134229,0.943093,18,0,1000.000,1.678347,0.645424
64320,6,0.123296,0.916000,14,0,1000.000,2.278492,0.643681
64320,7,0.129189,0.925408,21,0,1000.000,1.930842,0.666292
64368,0,0.126402,0.911906,26,0,1000.000,1.986044,0.637185
64368,1,0.108704,0.926385,24,0,1000.000,1.646608,0.631959
64368,2,0.118281,0.911452,26,0,1000.000,2.111528,0.634488
64368,3,0.131678,0.919547,28,0,1000.000,1.812109,0.634891
64368,4,0.128220,0.930102,26,0,1000.000,1.686737,0.652737
64368,5,0.134229,0.904121,22,0,1000.000,2.325110,0.628097
64368,6,0.123296,0.945385,18,0,1000.000,1.317480,0.662948
64368,7,0.129189,0.916822,32,0,1000.000,1.900190,0.644781
64416,0,0.126402,0.897223,22,0,1000.000,2.085446,0.623787
64416,1,0.108704,0.925241,27,0,1000.000,2.182136,0.640368
64416,2,0.118281,0.928257,21,0,1000.000,1.812729,0.650850
64416,3,0.131678,0.917377,34,0,1000.000,2.060859,0.639589
64416,4,0.128220,0.931902,13,0,1000.000,1.601460,0.627044
64416,5,0.134229,0.904911,23,0,1000.000,2.021266,0.627443
64416,6,0.123296,0.929997,26,0,1000.000,1.797588,0.652514
64416,7,0.129189,0.916000,28,0,1000.000,2.024093,0.640062
64464,0,0.126402,0.929822,24,0,1000.000,1.636157,0.651562
64464,1,0.108704,0.917013,28,0,1000.000,1.962758,0.654014
64464,2,0.118281,0.923609,31,0,1000.000,1.979434,0.650297
64464,3,0.131678,0.888316,30,1,968.367,1.904213,0.623870
64464,4,0.128220,0.926810,23,0,1000.000,1.812736,0.650930
64464,5,0.134229,0.901507,32,0,1000.000,2.177839,0.629454
64464,6,0.123296,0.915846,28,0,1000.000,1.646611,0.630944
64464,7,0.129189,0.909010,37,0,1000.000,1.886186,0.636317
64512,0,0.126402,0.903738,37,0,1000.000,2.122196,0.623581
64512,1,0.108704,0.913003,25,0,1000.000,1.924981,0.649121
64512,2,0.118281,0.923571,32,0,1000.000,1.897707,0.640627
64512,3,0.131678,0.911852,35,0,1000.000,2.024744,0.643358
64512,4,0.128220,0.925226,28,0,1000.000,1.820541,0.660759
64512,5,0.134229,0.911756,48,0,1000.000,1.921424,0.628935
64512,6,0.123296,0.932430,21,0,1000.000,1.833878,0.648858
64512,7,0.129189,0.912266,28,0,1000.000,1.836498,0.632907
64560,0,0.126402,0.911820,30,0,1000.000,1.798679,0.622351
64560,1,0.108704,0.922526,32,0,1000.000,1.836151,0.633754
64560,2,0.118281,0.911960,46,0,1000.000,1.922339,0.638924
64560,3,0.131678,0.897928,33,0,1000.000,2.180971,0.634473
64560,4,0.128220,0.903225,33,0,1000.000,2.064186,0.623636
64560,5,0.134229,0.905002,32,0,1000.000,2.040715,0.625276
64560,6,0.123296,0.915372,31,0,1000.000,1.966848,0.646458
64560,7,0.129189,0.904446,34,0,1000.000,2.054277,0.628450
64608,0,0.126402,0.900849,26,0,1000.000,1.900456,0.636074
64608,1,0.108704,0.921104,19,0,1000.000,2.040917,0.646781
64608,2,0.118281,0.924155,19,0,1000.000,1.916296,0.644253
64608,3,0.131678,0.927704,23,0,1000.000,1.886989,0.651599
64608,4,0.128220,0.909058,23,0,1000.000,1.944999,0.627440
64608,5,0.134229,0.914704,23,0,1000.000,2.099245,0.645018
64608,6,0.123296,0.929318,31,0,1000.000,1.643460,0.660322
64608,7,0.129189,0.918496,20,0,1000.000,2.117712,0.643500
64656,0,0.126402,0.929559,22,0,1000.000,1.797650,0.642075
64656,1,0.108704,0.921295,25,0,1000.000,1.999907,0.637997
64656,2,0.118281,0.917307,18,0,1000.000,2.134452,0.635725
64656,3,0.131678,0.912976,30,0,1000.000,1.845943,0.644778
64656,4,0.128220,0.886914,19,0,1000.000,2.173490,0.638587
64656,5,0.134229,0.915023,22,0,1000.000,2.085711,0.623995
64656,6,0.123296,0.922645,22,0,1000.000,1.804664,0.645443
64656,7,0.129189,0.921890,31,0,1000.000,1.745195,0.629922
64704,0,0.126402,0.944588,25,0,1000.000,1.298128,0.668138
64704,1,0.108704,0.911653,18,0,1000.000,2.064029,0.643215
64704,2,0.118281,0.931388,19,0,1000.000,1.611330,0.659213
64704,3,0.131678,0.928361,19,0,1000.000,1.718044,0.638414
64704,4,0.128220,0.891603,22,0,1000.000,2.187786,0.603702
64704,5,0.134229,0.935316,14,0,1000.000,1.795131,0.660219
64704,6,0.123296,0.923769,27,0,1000.000,1.878726,0.641007
64704,7,0.129189,0.892121,22,0,1000.000,2.380336,0.618682
64752,0,0.126402,0.921462,24,1,993.833,1.853299,0.647566
64752,1,0.108704,0.898020,23,0,1000.000,2.268350,0.613538
64752,2,0.118281,0.915920,22,0,1000.000,1.732872,0.646014
64752,3,0.131678,0.900577,29,0,1000.000,2.007526,0.635214
64752,4,0.128220,0.905478,22,0,1000.000,2.142853,0.643313
64752,5,0.134229,0.927957,25,0,1000.000,1.941846,0.645096
64752,6,0.123296,0.898333,24,0,1000.000,2.292301,0.631434
64752,7,0.129189,0.924089,25,0,1000.000,1.821038,0.627653
64800,0,0.126402,0.901661,21,1,965.905,2.017287,0.635667
64800,1,0.108704,0.888431,21,1,955.190,2.053149,0.630783
64800,2,0.118281,0.921248,19,0,1000.000,1.823485,0.633840
64800,3,0.131678,0.920118,18,0,1000.000,1.889466,0.639782
64800,4,0.128220,0.910844,23,0,1000.000,1.747692,0.636380
64800,5,0.134229,0.944483,17,0,1000.000,1.463608,0.665146
64800,6,0.123296,0.930423,21,0,1000.000,1.621817,0.658002
64800,7,0.129189,0.885915,29,0,1000.000,2.291852,0.615486
64848,0,0.125396,0.912684,41,0,1000.000,1.993975,0.640177
64848,1,0.132943,0.939394,25,0,1000.000,1.463612,0.664776
64848,2,0.132772,0.911093,31,0,1000.000,1.831919,0.642113
64848,3,0.121297,0.923178,30,0,1000.000,1.642816,0.657132
64848,4,0.119042,0.919383,30,0,1000.000,1.878101,0.642526
64848,5,0.124009,0.920590,34,0,1000.000,1.805915,0.639692
64848,6,0.129111,0.910558,15,0,1000.000,2.238955,0.637025
64848,7,0.115430,0.889768,26,1,996.846,2.109987,0.630315
64896,0,0.125396,0.902485,29,2,959.483,1.853554,0.610949
64896,1,0.132943,0.899906,23,0,1000.000,2.007998,0.640733
64896,2,0.132772,0.931330,40,0,1000.000,1.711391,0.662107
64896,3,0.121297,0.921554,24,0,1000.000,1.817375,0.633527
64896,4,0.119042,0.919349,21,0,1000.000,2.115203,0.651986
64896,5,0.124009,0.910995,27,0,1000.000,2.056662,0.646140
64896,6,0.129111,0.893886,29,0,1000.000,1.968167,0.631818
64896,7,0.115430,0.912210,20,0,1000.000,1.828817,0.636342
64944,0,0.125396,0.928287,31,0,1000.000,1.789990,0.646051
64944,1,0.132943,0.902585,26,0,1000.000,1.987837,0.635654
64944,2,0.132772,0.926734,28,0,1000.000,1.983533,0.655990
64944,3,0.121297,0.923826,29,0,1000.000,1.934427,0.644372
64944,4,0.119042,0.915619,26,0,1000.000,1.915035,0.653349
64944,5,0.124009,0.905444,23,0,1000.000,2.459208,0.623189
64944,6,0.129111,0.907243,27,0,1000.000,2.004910,0.639453
64944,7,0.115430,0.918327,27,0,1000.000,1.968241,0.632361
64992,0,0.125396,0.921267,29,0,1000.000,1.729954,0.639979
64992,1,0.132943,0.927428,21,0,1000.000,1.620391,0.650261
64992,2,0.132772,0.897295,32,0,1000.000,2.223984,0.629481
64992,3,0.121297,0.914521,22,0,1000.000,1.936875,0.642784
64992,4,0.119042,0.917061,33,0,1000.000,2.243644,0.632542
64992,5,0.124009,0.907632,36,0,1000.000,1.901999,0.644557
64992,6,0.129111,0.906193,22,0,1000.000,2.012162,0.630400
64992,7,0.115430,0.903381,31,0,1000.000,2.153974,0.638652
65040,0,0.125396,0.923783,26,0,1000.000,1.967179,0.642198
65040,1,0.132943,0.939668,25,0,1000.000,1.487131,0.646342
65040,2,0.132772,0.926142,24,0,1000.000,1.792551,0.658562
65040,3,0.121297,0.934695,20,0,1000.000,1.463734,0.651372
65040,4,0.119042,0.926522,13,0,1000.000,1.654180,0.658971
65040,5,0.124009,0.931471,26,0,1000.000,1.533894,0.647615
65040,6,0.129111,0.905785,21,0,1000.000,2.275444,0.631180
65040,7,0.115430,0.914708,15,0,1000.000,2.010773,0.646130
65088,0,0.125396,0.926885,15,0,1000.000,1.924790,0.654323
65088,1,0.132943,0.937225,20,0,1000.000,1.571058,0.651320
65088,2,0.132772,0.889158,24,0,1000.000,2.089997,0.636200
65088,3,0.121297,0.918872,23,0,1000.000,1.959321,0.646163
65088,4,0.119042,0.922117,22,0,1000.000,1.768499,0.638353
65088,5,0.124009,0.926476,24,0,1000.000,1.387617,0.667888
65088,6,0.129111,0.923319,21,0,1000.000,1.867306,0.662254
65088,7,0.115430,0.944623,14,0,1000.000,1.538479,0.659473
65136,0,0.125396,0.893513,29,0,1000.000,2.050321,0.626195
65136,1,0.132943,0.927103,28,0,1000.000,1.695712,0.653189
65136,2,0.132772,0.919516,33,0,1000.000,1.749328,0.641229
65136,3,0.121297,0.896137,14,0,1000.000,2.177094,0.625555
65136,4,0.119042,0.928165,23,0,1000.000,1.892572,0.650569
65136,5,0.124009,0.927239,19,0,1000.000,1.929235,0.658055
65136,6,0.129111,0.905717,30,0,1000.000,2.204139,0.624497
65136,7,0.115430,0.905493,16,0,1000.000,2.190116,0.626955
65232,0,0.125396,0.924884,48,1,997.042,1.731624,0.643753
65232,1,0.132943,0.930733,42,0,1000.000,1.851481,0.661404
65232,2,0.132772,0.892084,48,0,1000.000,2.140417,0.628454
65232,3,0.121297,0.900361,31,0,1000.000,2.305800,0.635537
65232,4,0.119042,0.908227,40,0,1000.000,2.049254,0.633322
65232,5,0.124009,0.925396,46,0,1000.000,1.768081,0.650247
65232,6,0.129111,0.927076,51,0,1000.000,1.889623,0.644359
65232,7,0.115430,0.911298,45,1,978.956,1.706236,0.639405
65328,0,0.125396,0.929666,45,1,996.511,1.816813,0.646774
65328,1,0.132943,0.907503,29,0,1000.000,1.844426,0.634347
65328,2,0.132772,0.914607,43,0,1000.000,1.778305,0.650675
65328,3,0.121297,0.929798,37,0,1000.000,1.833042,0.649634
65328,4,0.119042,0.922270,33,0,1000.000,1.896880,0.650218
65328,5,0.124009,0.923465,42,0,1000.000,1.689311,0.646513
65328,6,0.129111,0.909169,40,0,1000.000,2.072149,0.631509
65328,7,0.115430,0.920055,41,0,1000.000,1.881417,0.645641
65376,0,0.125396,0.927402,26,0,1000.000,1.562606,0.649759
65376,1,0.132943,0.883412,23,0,1000.000,2.287574,0.629950
65376,2,0.132772,0.928618,24,0,1000.000,1.893234,0.648541
65376,3,0.121297,0.896112,27,0,1000.000,1.975178,0.630738
65376,4,0.119042,0.922163,28,0,1000.000,1.792435,0.643737
65376,5,0.124009,0.918081,26,0,1000.000,1.998035,0.650450
65376,6,0.129111,0.902246,28,0,1000.000,2.085555,0.645002
65376,7,0.115430,0.944250,14,0,1000.000,1.606403,0.664045
65424,0,0.125396,0.903638,28,0,1000.000,2.226287,0.640950
65424,1,0.132943,0.926265,21,0,1000.000,1.650791,0.668168
65424,2,0.132772,0.909404,24,0,1000.000,1.795545,0.656582
65424,3,0.121297,0.915405,24,0,1000.000,2.095602,0.632057
65424,4,0.119042,0.906249,31,0,1000.000,1.910843,0.652426
65424,5,0.124009,0.945840,31,0,1000.000,1.585162,0.644120
65424,6,0.129111,0.923026,20,0,1000.000,1.851064,0.636998
65424,7,0.115430,0.925959,30,0,1000.000,1.822826,0.646628
65472,0,0.125396,0.904013,25,1,970.680,1.792941,0.636111
65472,1,0.132943,0.927533,38,0,1000.000,1.808663,0.647190
65472,2,0.132772,0.935981,37,0,1000.000,1.674482,0.646971
65472,3,0.121297,0.919201,30,0,1000.000,1.928917,0.654154
65472,4,0.119042,0.922016,27,0,1000.000,1.778345,0.638931
65472,5,0.124009,0.908825,29,0,1000.000,2.126934,0.631689
65472,6,0.129111,0.932593,29,0,1000.000,1.764850,0.654544
65472,7,0.115430,0.912818,38,0,1000.000,2.006157,0.635232
65520,0,0.125396,0.908975,44,1,978.477,1.924693,0.629902
65520,1,0.132943,0.894964,24,0,1000.000,1.763626,0.637378
65520,2,0.132772,0.924553,25,0,1000.000,1.721822,0.653015
65520,3,0.121297,0.927934,37,0,1000.000,1.832504,0.656279
65520,4,0.119042,0.924531,24,0,1000.000,1.917844,0.647999
65520,5,0.124009,0.922934,29,0,1000.000,1.972885,0.643863
65520,6,0.129111,0.923813,33,0,1000.000,1.691958,0.657008
65520,7,0.115430,0.905434,25,0,1000.000,2.063949,0.639878
65568,0,0.125396,0.911055,29,0,1000.000,1.954767,0.636191
65568,1,0.132943,0.890293,32,0,1000.000,2.308117,0.622257
65568,2,0.132772,0.918008,39,0,1000.000,2.034393,0.654654
65568,3,0.121297,0.912032,33,0,1000.000,1.962550,0.639589
65568,4,0.119042,0.926070,37,0,1000.000,1.804758,0.649956
65568,5,0.124009,0.908605,33,0,1000.000,1.903356,0.653604
65568,6,0.129111,0.931569,43,0,1000.000,1.802384,0.659872
65568,7,0.115430,0.906520,25,0,1000.000,1.974503,0.648473
65616,0,0.125396,0.926857,20,0,1000.000,1.861612,0.655290
65616,1,0.132943,0.913902,22,0,1000.000,1.806947,0.638507
65616,2,0.132772,0.904590,24,0,1000.000,2.234701,0.629874
65616,3,0.121297,0.925824,20,0,1000.000,1.961377,0.645545
65616,4,0.119042,0.899120,19,0,1000.000,2.018699,0.643670
65616,5,0.124009,0.904987,24,0,1000.000,2.133636,0.640258
65616,6,0.129111,0.915119,21,0,1000.000,1.846711,0.640270
65616,7,0.115430,0.925042,19,0,1000.000,2.044240,0.635336
65664,0,0.125396,0.904939,24,1,969.792,1.888028,0.646271
65664,1,0.132943,0.920082,22,0,1000.000,1.797865,0.648104
65664,2,0.132772,0.911817,34,0,1000.000,1.991284,0.653194
65664,3,0.121297,0.871821,25,0,1000.000,2.259696,0.627202
65664,4,0.119042,0.906730,17,0,1000.000,2.184401,0.641042
65664,5,0.124009,0.908331,16,0,1000.000,2.066249,0.625890
65664,6,0.129111,0.936040,18,0,1000.000,1.642321,0.656423
65664,7,0.115430,0.905109,30,0,1000.000,2.157839,0.643337
65712,0,0.125396,0.868585,19,1,962.211,2.403259,0.609478
65712,1,0.132943,0.924955,22,0,1000.000,1.895676,0.651467
65712,2,0.132772,0.906274,22,0,1000.000,1.928727,0.636445
65712,3,0.121297,0.902032,21,0,1000.000,2.079553,0.639282
65712,4,0.119042,0.928036,18,0,1000.000,1.620498,0.661138
65712,5,0.124009,0.907721,33,0,1000.000,2.080980,0.631362
65712,6,0.129111,0.926289,21,0,1000.000,1.764064,0.645194
65712,7,0.115430,0.917081,16,0,1000.000,1.684996,0.654975
65760,0,0.125396,0.925928,31,1,990.774,1.933263,0.645313
65760,1,0.132943,0.918779,28,0,1000.000,1.981689,0.650097
65760,2,0.132772,0.904394,29,0,1000.000,1.912210,0.648591
65760,3,0.121297,0.927155,16,0,1000.000,2.033765,0.666748
65760,4,0.119042,0.912157,28,0,1000.000,1.774237,0.653192
65760,5,0.124009,0.901243,20,0,1000.000,2.010523,0.634518
65760,6,0.129111,0.932425,27,0,1000.000,1.734915,0.653415
65760,7,0.115430,0.915268,13,0,1000.000,1.992264,0.630402
65808,0,0.125396,0.932711,24,1,987.917,1.578303,0.645350
65808,1,0.132943,0.907073,24,0,1000.000,2.014608,0.638399
65808,2,0.132772,0.920725,21,0,1000.000,2.043577,0.655243
65808,3,0.121297,0.921631,27,0,1000.000,1.886893,0.658226
65808,4,0.119042,0.923757,11,0,1000.000,2.176001,0.652699
65808,5,0.124009,0.900504,16,0,1000.000,2.303346,0.619412
65808,6,0.129111,0.913715,24,0,1000.000,1.896032,0.641768
65808,7,0.115430,0.943733,26,0,1000.000,1.466112,0.657627
65856,0,0.125396,0.916811,40,1,976.025,1.850713,0.622878
65856,1,0.132943,0.911511,34,0,1000.000,2.044303,0.638962
65856,2,0.132772,0.920746,31,0,1000.000,2.100584,0.641022
65856,3,0.121297,0.932273,24,0,1000.000,1.692276,0.647289
65856,4,0.119042,0.912358,26,0,1000.000,1.897530,0.651947
65856,5,0.124009,0.932180,27,0,1000.000,1.594241,0.628206
65856,6,0.129111,0.938946,29,0,1000.000,1.647987,0.646742
65856,7,0.115430,0.896538,25,0,1000.000,2.175109,0.632926
65904,0,0.125396,0.877306,24,0,1000.000,2.481114,0.617234
65904,1,0.132943,0.925298,23,0,1000.000,1.935442,0.653265
65904,2,0.132772,0.935583,31,0,1000.000,1.787751,0.658519
65904,3,0.121297,0.870300,24,1,960.250,2.150335,0.611583
65904,4,0.119042,0.928457,29,0,1000.000,1.732938,0.641709
65904,5,0.124009,0.908636,29,0,1000.000,2.010045,0.639835
65904,6,0.129111,0.895165,22,0,1000.000,1.792210,0.625020
65904,7,0.115430,0.903552,24,0,1000.000,2.354387,0.634215
65952,0,0.125396,0.935316,23,0,1000.000,1.651319,0.655069
65952,1,0.132943,0.906494,23,0,1000.000,2.030009,0.632663
65952,2,0.132772,0.917752,28,0,1000.000,1.947955,0.660634
65952,3,0.121297,0.933280,28,0,1000.000,1.805189,0.645766
65952,4,0.119042,0.923922,39,0,1000.000,1.897375,0.659544
65952,5,0.124009,0.930245,34,0,1000.000,1.841566,0.650969
65952,6,0.129111,0.933082,30,0,1000.000,1.722128,0.660866
65952,7,0.115430,0.909328,26,0,1000.000,2.227723,0.644394
66000,0,0.125396,0.935532,29,0,1000.000,1.634367,0.655258
66000,1,0.132943,0.923445,26,0,1000.000,1.751904,0.654395
66000,2,0.132772,0.916010,32,0,1000.000,1.860936,0.651265
66000,3,0.121297,0.927077,32,0,1000.000,1.652484,0.650298
66000,4,0.119042,0.934633,24,0,1000.000,1.611354,0.640965
66000,5,0.124009,0.898361,20,0,1000.000,2.116883,0.650376
66000,6,0.129111,0.919791,32,0,1000.000,2.029768,0.649826
66000,7,0.115430,0.938070,21,0,1000.000,1.638105,0.653174
66048,0,0.125396,0.904493,19,0,1000.000,2.127330,0.627940
66048,1,0.132943,0.925404,28,0,1000.000,1.835162,0.651668
66048,2,0.132772,0.930378,19,0,1000.000,1.952330,0.651174
66048,3,0.121297,0.937493,17,0,1000.000,1.577368,0.676919
66048,4,0.119042,0.910487,14,0,1000.000,2.047051,0.655756
66048,5,0.124009,0.921982,20,0,1000.000,2.082350,0.648317
66048,6,0.129111,0.909656,26,0,1000.000,2.115285,0.639875
66048,7,0.115430,0.929859,17,0,1000.000,1.692597,0.660255
66096,0,0.125396,0.921811,14,0,1000.000,2.017351,0.639269
66096,1,0.132943,0.911697,22,0,1000.000,1.940943,0.639365
66096,2,0.132772,0.925338,18,0,1000.000,1.560559,0.654361
66096,3,0.121297,0.936792,23,0,1000.000,1.679687,0.641692
66096,4,0.119042,0.936526,18,0,1000.000,1.722638,0.668772
66096,5,0.124009,0.923067,20,0,1000.000,1.824158,0.640118
66096,6,0.129111,0.926100,25,0,1000.000,1.757704,0.664884
66096,7,0.115430,0.883310,22,1,958.182,1.855015,0.630670
66144,0,0.125396,0.909053,28,1,966.536,1.715350,0.632856
66144,1,0.132943,0.928958,28,0,1000.000,1.810422,0.642593
66144,2,0.132772,0.943236,23,0,1000.000,1.483589,0.657143
66144,3,0.121297,0.922728,29,0,1000.000,1.939193,0.638806
66144,4,0.119042,0.927422,23,0,1000.000,1.695331,0.654560
66144,5,0.124009,0.926759,22,0,1000.000,1.739969,0.651820
66144,6,0.129111,0.904889,28,0,1000.000,2.157130,0.645812
66144,7,0.115430,0.930519,24,0,1000.000,1.792744,0.644664
66192,0,0.125396,0.895850,16,0,1000.000,2.237925,0.647524
66192,1,0.132943,0.918204,24,0,1000.000,2.028898,0.638404
66192,2,0.132772,0.922168,19,0,1000.000,1.891614,0.629126
66192,3,0.121297,0.913834,21,0,1000.000,1.923665,0.646028
66192,4,0.119042,0.926430,34,0,1000.000,1.812316,0.635686
66192,5,0.124009,0.886871,12,0,1000.000,2.186872,0.640962
66192,6,0.129111,0.935043,15,0,1000.000,1.766900,0.642235
66192,7,0.115430,0.922691,25,0,1000.000,1.703655,0.655770
66240,0,0.125396,0.923176,21,0,1000.000,1.809543,0.642744
66240,1,0.132943,0.919045,23,0,1000.000,1.788765,0.646021
66240,2,0.132772,0.913483,28,0,1000.000,1.935420,0.636041
66240,3,0.121297,0.935763,19,0,1000.000,1.600739,0.662690
66240,4,0.119042,0.920758,20,0,1000.000,1.878835,0.637114
66240,5,0.124009,0.928808,26,0,1000.000,1.766275,0.655555
66240,6,0.129111,0.929169,24,0,1000.000,1.802036,0.650598
66240,7,0.115430,0.920147,13,0,1000.000,1.866439,0.657713
66288,0,0.125396,0.938324,22,1,995.182,1.641141,0.656957
66288,1,0.132943,0.935615,16,0,1000.000,1.800921,0.656058
66288,2,0.132772,0.908366,17,0,1000.000,1.973821,0.648615
66288,3,0.121297,0.908630,20,0,1000.000,2.114078,0.634429
66288,4,0.119042,0.930397,17,0,1000.000,1.915983,0.661446
66288,5,0.124009,0.926146,13,0,1000.000,1.520759,0.666470
66288,6,0.129111,0.917175,15,0,1000.000,1.649397,0.666521
66288,7,0.115430,0.917577,32,0,1000.000,2.087558,0.641389
66336,0,0.125396,0.922332,25,0,1000.000,1.812509,0.636782
66336,1,0.132943,0.901370,14,0,1000.000,2.152714,0.599781
66336,2,0.132772,0.918114,25,0,1000.000,1.727519,0.647196
66336,3,0.121297,0.918861,17,0,1000.000,1.673146,0.657761
66336,4,0.119042,0.924947,17,0,1000.000,1.972503,0.664630
66336,5,0.124009,0.910142,24,0,1000.000,2.116135,0.632212
66336,6,0.129111,0.942765,22,0,1000.000,1.622934,0.664907
66336,7,0.115430,0.915115,13,0,1000.000,1.855941,0.649875
66384,0,0.125396,0.901707,21,0,1000.000,2.287846,0.645867
66384,1,0.132943,0.892935,20,0,1000.000,1.933270,0.643937
66384,2,0.132772,0.931913,21,0,1000.000,1.634912,0.651350
66384,3,0.121297,0.924711,30,0,1000.000,1.675171,0.659252
66384,4,0.119042,0.924730,26,0,1000.000,1.882552,0.650942
66384,5,0.124009,0.931747,32,0,1000.000,1.577543,0.672594
66384,6,0.129111,0.887878,22,0,1000.000,2.354601,0.630713
66384,7,0.115430,0.901938,34,1,972.294,1.786768,0.633091
66432,0,0.125396,0.938864,29,0,1000.000,1.634289,0.665225
66432,1,0.132943,0.908267,28,0,1000.000,1.851525,0.649321
66432,2,0.132772,0.915629,25,0,1000.000,1.775719,0.652887
66432,3,0.121297,0.892390,31,0,1000.000,2.313996,0.637662
66432,4,0.119042,0.913891,14,0,1000.000,1.602514,0.640817
66432,5,0.124009,0.924204,25,0,1000.000,1.749223,0.653819
66432,6,0.129111,0.915839,36,0,1000.000,1.792958,0.642042
66432,7,0.115430,0.899123,24,0,1000.000,1.987820,0.647867
66480,0,0.125396,0.932276,35,0,1000.000,1.619988,0.662792
66480,1,0.132943,0.908925,38,0,1000.000,2.112263,0.633661
66480,2,0.132772,0.903460,33,0,1000.000,1.812137,0.646554
66480,3,0.121297,0.928562,33,0,1000.000,1.639021,0.656040
66480,4,0.119042,0.903826,30,0,1000.000,2.183589,0.647601
66480,5,0.124009,0.922030,31,0,1000.000,1.798158,0.641810
66480,6,0.129111,0.926142,28,0,1000.000,1.789371,0.651443
66480,7,0.115430,0.948161,27,0,1000.000,1.470970,0.669786
66528,0,0.125396,0.914706,32,0,1000.000,1.883032,0.636701
66528,1,0.132943,0.916132,32,0,1000.000,1.660974,0.646548
66528,2,0.132772,0.925417,33,0,1000.000,1.783307,0.651536
66528,3,0.121297,0.923677,39,0,1000.000,1.846063,0.644895
66528,4,0.119042,0.907121,28,0,1000.000,2.104497,0.630089
66528,5,0.124009,0.914210,36,0,1000.000,1.875803,0.647537
66528,6,0.129111,0.922764,26,0,1000.000,1.975179,0.645669
66528,7,0.115430,0.928228,31,0,1000.000,1.495590,0.642832
66576,0,0.125396,0.925332,27,0,1000.000,1.568890,0.658360
66576,1,0.132943,0.910551,25,0,1000.000,1.987459,0.635258
66576,2,0.132772,0.924679,29,0,1000.000,1.740995,0.637153
66576,3,0.121297,0.899395,30,0,1000.000,2.206797,0.630177
66576,4,0.119042,0.906478,27,0,1000.000,1.886405,0.657061
66576,5,0.124009,0.920137,44,0,1000.000,1.975958,0.641212
66576,6,0.129111,0.921925,39,0,1000.000,1.697110,0.647033
66576,7,0.115430,0.916219,25,0,1000.000,1.918693,0.633590
66624,0,0.125396,0.903981,18,0,1000.000,2.024882,0.641304
66624,1,0.132943,0.936472,23,0,1000.000,1.597587,0.667120
66624,2,0.132772,0.912372,31,0,1000.000,1.806628,0.649363
66624,3,0.121297,0.882914,19,0,1000.000,2.339418,0.625854
66624,4,0.119042,0.910407,18,0,1000.000,1.960120,0.632460
66624,5,0.124009,0.933061,27,0,1000.000,1.906100,0.656707
66624,6,0.129111,0.935542,18,0,1000.000,1.635221,0.667776
66624,7,0.115430,0.915339,19,0,1000.000,1.674052,0.631607
66672,0,0.125396,0.874076,17,0,1000.000,2.313117,0.609719
66672,1,0.132943,0.888030,24,0,1000.000,2.352172,0.628210
66672,2,0.132772,0.928729,23,0,1000.000,1.863793,0.658509
66672,3,0.121297,0.930028,25,0,1000.000,1.829929,0.639678
66672,4,0.119042,0.922958,18,0,1000.000,1.854482,0.651028
66672,5,0.124009,0.933918,25,0,1000.000,1.737340,0.647321
66672,6,0.129111,0.935538,23,0,1000.000,1.654620,0.661028
66672,7,0.115430,0.925285,21,0,1000.000,1.796421,0.644685
66720,0,0.125396,0.919700,13,0,1000.000,1.747614,0.652492
66720,1,0.132943,0.927739,20,0,1000.000,1.919311,0.657257
66720,2,0.132772,0.945216,29,0,1000.000,1.473082,0.656208
66720,3,0.121297,0.921967,22,0,1000.000,2.182345,0.638629
66720,4,0.119042,0.919168,24,0,1000.000,1.802965,0.643993
66720,5,0.124009,0.901624,26,0,1000.000,2.090893,0.651611
66720,6,0.129111,0.925011,27,0,1000.000,1.899993,0.655414
66720,7,0.115430,0.929629,15,0,1000.000,1.650051,0.652265
66768,0,0.125396,0.917951,25,0,1000.000,1.820337,0.655696
66768,1,0.132943,0.931127,23,0,1000.000,1.911045,0.650993
66768,2,0.132772,0.907801,31,0,1000.000,1.983303,0.659222
66768,3,0.121297,0.921182,26,0,1000.000,1.881005,0.651498
66768,4,0.119042,0.938822,19,0,1000.000,1.726421,0.645509
66768,5,0.124009,0.888872,18,0,1000.000,2.247115,0.640647
66768,6,0.129111,0.921305,30,0,1000.000,1.934829,0.648834
66768,7,0.115430,0.895598,20,0,1000.000,2.033452,0.626500
66816,0,0.125396,0.906059,30,0,1000.000,2.043217,0.642864
66816,1,0.132943,0.935917,23,0,1000.000,1.369330,0.664862
66816,2,0.132772,0.896086,16,0,1000.000,1.994546,0.647339
66816,3,0.121297,0.918038,16,0,1000.000,2.168916,0.659352
66816,4,0.119042,0.918876,24,0,1000.000,2.009559,0.659314
66816,5,0.124009,0.925193,24,0,1000.000,1.838854,0.654354
66816,6,0.129111,0.931058,22,0,1000.000,1.903264,0.650401
66816,7,0.115430,0.915308,19,0,1000.000,1.715472,0.645556
66864,0,0.125396,0.919935,32,0,1000.000,1.910949,0.647111
66864,1,0.132943,0.927084,31,0,1000.000,2.012450,0.654196
66864,2,0.132772,0.936875,27,0,1000.000,1.591114,0.666761
66864,3,0.121297,0.936853,24,0,1000.000,1.589717,0.661982
66864,4,0.119042,0.919884,30,0,1000.000,2.000425,0.650999
66864,5,0.124009,0.913280,35,0,1000.000,1.988272,0.648838
66864,6,0.129111,0.917511,35,0,1000.000,1.920769,0.654511
66864,7,0.115430,0.925258,23,0,1000.000,1.752782,0.655259
66912,0,0.125396,0.915589,25,0,1000.000,2.076559,0.639398
66912,1,0.132943,0.914191,26,0,1000.000,2.026288,0.633147
66912,2,0.132772,0.915928,23,0,1000.000,1.986858,0.653862
66912,3,0.121297,0.932460,23,0,1000.000,1.637974,0.648474
66912,4,0.119042,0.918416,25,0,1000.000,1.873573,0.646983
66912,5,0.124009,0.948472,27,0,1000.000,1.536575,0.667679
66912,6,0.129111,0.920495,30,0,1000.000,2.089577,0.652404
66912,7,0.115430,0.905111,29,1,968.241,1.643818,0.652529
66960,0,0.125396,0.939925,36,0,1000.000,1.598556,0.663701
66960,1,0.132943,0.924497,32,0,1000.000,1.461118,0.639239
66960,2,0.132772,0.927429,31,0,1000.000,1.690469,0.657484
66960,3,0.121297,0.935975,34,0,1000.000,1.680825,0.665237
66960,4,0.119042,0.911100,29,0,1000.000,2.182335,0.629383
66960,5,0.124009,0.924743,25,0,1000.000,1.857787,0.670793
66960,6,0.129111,0.933116,29,0,1000.000,1.675220,0.662532
66960,7,0.115430,0.868150,29,2,936.724,1.647985,0.633886
67008,0,0.125396,0.934556,26,0,1000.000,1.904579,0.654161
67008,1,0.132943,0.935730,26,0,1000.000,1.455062,0.645141
67008,2,0.132772,0.911097,24,1,960.708,1.652922,0.628353
67008,3,0.121297,0.920291,18,0,1000.000,1.491757,0.648298
67008,4,0.119042,0.932020,27,0,1000.000,1.793291,0.644422
67008,5,0.124009,0.932910,30,0,1000.000,1.555425,0.663230
67008,6,0.129111,0.897733,28,0,1000.000,2.114178,0.648268
67008,7,0.115430,0.927131,25,0,1000.000,1.551401,0.648756
67056,0,0.125396,0.944682,20,0,1000.000,1.248416,0.639461
67056,1,0.132943,0.937706,29,0,1000.000,1.589648,0.669813
67056,2,0.132772,0.929333,15,0,1000.000,1.846632,0.658881
67056,3,0.121297,0.925556,26,0,1000.000,1.692119,0.666808
67056,4,0.119042,0.926071,18,0,1000.000,1.898723,0.642992
67056,5,0.124009,0.920979,15,0,1000.000,1.921348,0.653774
67056,6,0.129111,0.911116,17,0,1000.000,2.197651,0.635947
67056,7,0.115430,0.918532,12,0,1000.000,2.123143,0.643756
67104,0,0.125396,0.933038,23,2,962.652,1.712142,0.641849
67104,1,0.132943,0.919234,24,0,1000.000,1.940430,0.644476
67104,2,0.132772,0.928494,19,0,1000.000,1.701360,0.671264
67104,3,0.121297,0.928860,28,0,1000.000,1.814840,0.645712
67104,4,0.119042,0.921126,22,0,1000.000,1.900635,0.658068
67104,5,0.124009,0.938756,13,0,1000.000,1.632174,0.664643
67104,6,0.129111,0.936481,24,0,1000.000,1.763768,0.663607
67104,7,0.115430,0.923709,20,0,1000.000,1.893749,0.639578
67152,0,0.125396,0.915624,19,0,1000.000,1.798027,0.648787
67152,1,0.132943,0.910787,23,0,1000.000,2.009631,0.627974
67152,2,0.132772,0.934184,26,0,1000.000,1.747422,0.651855
67152,3,0.121297,0.927293,25,0,1000.000,2.023153,0.643349
67152,4,0.119042,0.909378,26,0,1000.000,2.200351,0.626029
67152,5,0.124009,0.898310,27,0,1000.000,2.064643,0.639383
67152,6,0.129111,0.940042,25,0,1000.000,1.707485,0.667903
67152,7,0.115430,0.916869,19,0,1000.000,2.053656,0.629633
67200,0,0.125396,0.903827,23,1,989.696,1.963800,0.644291
67200,1,0.132943,0.939270,21,0,1000.000,1.854365,0.667622
67200,2,0.132772,0.930279,29,0,1000.000,1.623944,0.641109
67200,3,0.121297,0.942997,18,0,1000.000,1.737732,0.666941
67200,4,0.119042,0.941075,19,0,1000.000,1.762347,0.661102
67200,5,0.124009,0.937807,21,0,1000.000,1.685016,0.652074
67200,6,0.129111,0.927874,18,0,1000.000,1.936006,0.653013
67200,7,0.115430,0.931379,22,0,1000.000,1.880948,0.642767
67248,0,0.117475,0.918912,21,0,1000.000,1.887638,0.656563
67248,1,0.121416,0.928096,23,0,1000.000,1.741232,0.658919
67248,2,0.117807,0.926792,26,0,1000.000,2.007626,0.651687
67248,3,0.122244,0.931559,25,0,1000.000,1.805858,0.655379
67248,4,0.132233,0.930772,24,0,1000.000,1.761877,0.654072
67248,5,0.124031,0.933147,22,0,1000.000,1.887546,0.658145
67248,6,0.130270,0.934234,24,0,1000.000,1.683192,0.654186
67248,7,0.134525,0.919661,15,0,1000.000,2.014317,0.654908
67296,0,0.117475,0.940603,23,0,1000.000,1.624249,0.656459
67296,1,0.121416,0.931750,14,0,1000.000,1.851122,0.664917
67296,2,0.117807,0.940918,16,0,1000.000,1.249258,0.655283
67296,3,0.122244,0.918435,24,0,1000.000,1.506625,0.647387
67296,4,0.132233,0.928432,24,0,1000.000,1.614741,0.645949
67296,5,0.124031,0.859079,10,0,1000.000,2.223629,0.616193
67296,6,0.130270,0.931158,21,0,1000.000,1.805809,0.656912
67296,7,0.134525,0.942295,13,0,1000.000,1.615876,0.668394
67344,0,0.117475,0.936428,13,0,1000.000,1.420117,0.626699
67344,1,0.121416,0.923784,21,0,1000.000,1.960454,0.637870
67344,2,0.117807,0.926699,24,0,1000.000,1.622477,0.664556
67344,3,0.122244,0.914333,26,0,1000.000,2.036785,0.636248
67344,4,0.132233,0.929004,23,0,1000.000,1.976463,0.648176
67344,5,0.124031,0.927709,22,0,1000.000,1.710716,0.651902
67344,6,0.130270,0.925610,16,0,1000.000,1.595740,0.658032
67344,7,0.134525,0.920381,16,0,1000.000,2.021262,0.630054
67392,0,0.117475,0.917329,15,0,1000.000,2.047463,0.639888
67392,1,0.121416,0.889557,22,0,1000.000,1.911189,0.625157
67392,2,0.117807,0.920088,27,0,1000.000,1.708498,0.665736
67392,3,0.122244,0.930976,29,0,1000.000,1.861255,0.643138
67392,4,0.132233,0.917966,30,0,1000.000,2.122617,0.637169
67392,5,0.124031,0.910225,26,0,1000.000,2.164340,0.645485
67392,6,0.130270,0.912315,31,0,1000.000,2.077692,0.632085
67392,7,0.134525,0.909774,30,0,1000.000,1.727293,0.645448
67440,0,0.117475,0.927869,23,0,1000.000,1.783641,0.639872
67440,1,0.121416,0.921537,31,0,1000.000,1.770281,0.653263
67440,2,0.117807,0.927769,26,0,1000.000,1.591610,0.649574
67440,3,0.122244,0.942866,23,0,1000.000,1.547676,0.650419
67440,4,0.132233,0.927250,27,0,1000.000,1.584805,0.665188
67440,5,0.124031,0.940892,21,0,1000.000,1.350952,0.659513
67440,6,0.130270,0.915942,36,0,1000.000,1.670209,0.651428
67440,7,0.134525,0.904003,28,1,965.714,1.669781,0.651728
67488,0,0.117475,0.915125,41,0,1000.000,1.904822,0.648864
67488,1,0.121416,0.927372,34,0,1000.000,1.831105,0.652728
67488,2,0.117807,0.897499,22,0,1000.000,1.966366,0.644461
67488,3,0.122244,0.934748,26,0,1000.000,1.439565,0.649355
67488,4,0.132233,0.910395,36,0,1000.000,2.086058,0.648603
67488,5,0.124031,0.913297,38,0,1000.000,1.917246,0.636776
67488,6,0.130270,0.908920,27,0,1000.000,1.865962,0.655250
67488,7,0.134525,0.931169,27,0,1000.000,1.790439,0.644159
67536,0,0.117475,0.923732,39,0,1000.000,2.000263,0.647267
67536,1,0.121416,0.913601,32,0,1000.000,1.950289,0.639237
67536,2,0.117807,0.942385,28,0,1000.000,1.393458,0.659700
67536,3,0.122244,0.923313,31,0,1000.000,1.943340,0.656912
67536,4,0.132233,0.903261,34,0,1000.000,2.152269,0.641007
67536,5,0.124031,0.925355,32,0,1000.000,1.792116,0.640960
67536,6,0.130270,0.902142,36,0,1000.000,2.234384,0.631419
67536,7,0.134525,0.928255,41,0,1000.000,1.716172,0.649113
67584,0,0.117475,0.919906,34,0,1000.000,1.705505,0.645708
67584,1,0.121416,0.926238,31,0,1000.000,1.816911,0.663458
67584,2,0.117807,0.917444,21,0,1000.000,1.895039,0.635134
67584,3,0.122244,0.922335,37,0,1000.000,1.901402,0.654516
67584,4,0.132233,0.935186,24,0,1000.000,1.766861,0.666449
67584,5,0.124031,0.891056,23,0,1000.000,2.231310,0.636028
67584,6,0.130270,0.921133,28,0,1000.000,1.770229,0.632560
67584,7,0.134525,0.917824,35,0,1000.000,1.899036,0.644698
67632,0,0.117475,0.908082,28,0,1000.000,1.941509,0.635162
67632,1,0.121416,0.912218,26,0,1000.000,2.083638,0.634104
67632,2,0.117807,0.915273,14,0,1000.000,1.983482,0.648204
67632,3,0.122244,0.921332,22,0,1000.000,1.764175,0.634736
67632,4,0.132233,0.885622,23,0,1000.000,2.190082,0.620947
67632,5,0.124031,0.914231,14,0,1000.000,1.973188,0.651123
67632,6,0.130270,0.921599,14,0,1000.000,1.517066,0.643751
67632,7,0.134525,0.915322,23,0,1000.000,2.009183,0.642766
67680,0,0.117475,0.908664,27,0,1000.000,2.013747,0.640128
67680,1,0.121416,0.926044,21,0,1000.000,1.777524,0.634414
67680,2,0.117807,0.936835,24,0,1000.000,1.614898,0.655722
67680,3,0.122244,0.921255,22,0,1000.000,1.804857,0.642699
67680,4,0.132233,0.926043,20,0,1000.000,1.652468,0.655416
67680,5,0.124031,0.930064,19,0,1000.000,1.613499,0.662574
67680,6,0.130270,0.925390,24,0,1000.000,1.820301,0.656627
67680,7,0.134525,0.918314,23,0,1000.000,1.975351,0.654272
67728,0,0.117475,0.905832,22,0,1000.000,1.945241,0.627401
67728,1,0.121416,0.929334,18,0,1000.000,1.677296,0.642124
67728,2,0.117807,0.921865,21,0,1000.000,1.984915,0.648251
67728,3,0.122244,0.911908,25,0,1000.000,1.851393,0.650117
67728,4,0.132233,0.928640,24,0,1000.000,1.613160,0.657318
67728,5,0.124031,0.892526,27,0,1000.000,2.150986,0.632830
67728,6,0.130270,0.908554,19,0,1000.000,2.270258,0.641260
67728,7,0.134525,0.899716,19,0,1000.000,1.948495,0.634040
67776,0,0.117475,0.927346,16,0,1000.000,1.684065,0.658007
67776,1,0.121416,0.922206,20,0,1000.000,1.654810,0.645679
67776,2,0.117807,0.911604,27,0,1000.000,1.784522,0.636427
67776,3,0.122244,0.909314,23,0,1000.000,1.745019,0.656406
67776,4,0.132233,0.912757,24,0,1000.000,1.855878,0.648934
67776,5,0.124031,0.904695,24,0,1000.000,1.987934,0.644929
67776,6,0.130270,0.943665,22,0,1000.000,1.332967,0.651821
67776,7,0.134525,0.906128,27,0,1000.000,1.970185,0.648200
67824,0,0.117475,0.940837,28,1,998.536,1.475748,0.661526
67824,1,0.121416,0.924176,35,0,1000.000,1.763360,0.655655
67824,2,0.117807,0.907586,20,0,1000.000,1.860482,0.654602
67824,3,0.122244,0.909218,28,0,1000.000,1.914318,0.641223
67824,4,0.132233,0.916584,27,0,1000.000,1.765131,0.642917
67824,5,0.124031,0.916719,19,0,1000.000,1.997957,0.668671
67824,6,0.130270,0.915876,16,0,1000.000,1.862524,0.650628
67824,7,0.134525,0.946022,24,0,1000.000,1.485155,0.647241
67872,0,0.117475,0.916588,30,1,969.700,1.784063,0.656352
67872,1,0.121416,0.926153,36,0,1000.000,1.854583,0.638459
67872,2,0.117807,0.924011,24,0,1000.000,1.879391,0.647276
67872,3,0.122244,0.895179,33,0,1000.000,1.910266,0.646899
67872,4,0.132233,0.915617,35,0,1000.000,1.917981,0.643312
67872,5,0.124031,0.932637,16,0,1000.000,1.510473,0.651166
67872,6,0.130270,0.943258,21,0,1000.000,1.482483,0.676560
67872,7,0.134525,0.930596,27,0,1000.000,1.892129,0.648628
67920,0,0.117475,0.923359,28,0,1000.000,1.946732,0.645763
67920,1,0.121416,0.916499,36,0,1000.000,1.762724,0.642653
67920,2,0.117807,0.915218,17,0,1000.000,1.884740,0.646398
67920,3,0.122244,0.922041,28,0,1000.000,1.815584,0.647470
67920,4,0.132233,0.887946,35,0,1000.000,2.297868,0.633135
67920,5,0.124031,0.921779,15,0,1000.000,1.733737,0.654026
67920,6,0.130270,0.933066,33,0,1000.000,1.703384,0.663794
67920,7,0.134525,0.924806,22,0,1000.000,1.650403,0.663881
67968,0,0.117475,0.895082,34,0,1000.000,2.223290,0.631450
67968,1,0.121416,0.918960,37,0,1000.000,2.028839,0.656318
67968,2,0.117807,0.939707,16,0,1000.000,1.391205,0.653383
67968,3,0.122244,0.908815,30,0,1000.000,1.884537,0.649596
67968,4,0.132233,0.908825,27,0,1000.000,2.054813,0.643139
67968,5,0.124031,0.916439,32,0,1000.000,1.757342,0.648554
67968,6,0.130270,0.889735,30,0,1000.000,2.276765,0.637969
67968,7,0.134525,0.939117,35,0,1000.000,1.556208,0.660783
68016,0,0.117475,0.893584,25,1,997.880,1.866161,0.651857
68016,1,0.121416,0.914094,30,0,1000.000,2.176237,0.640353
68016,2,0.117807,0.903587,28,0,1000.000,2.036646,0.631964
68016,3,0.122244,0.955508,19,0,1000.000,1.357362,0.657239
68016,4,0.132233,0.905968,32,0,1000.000,2.059435,0.641431
68016,5,0.124031,0.925158,28,0,1000.000,1.996250,0.665068
68016,6,0.130270,0.920405,23,0,1000.000,1.530060,0.645385
68016,7,0.134525,0.949577,15,0,1000.000,1.375779,0.666658
68064,0,0.117475,0.935687,18,0,1000.000,1.519351,0.642386
68064,1,0.121416,0.885236,20,0,1000.000,2.169484,0.634357
68064,2,0.117807,0.930015,24,0,1000.000,1.595187,0.656828
68064,3,0.122244,0.874526,19,0,1000.000,2.525277,0.613237
68064,4,0.132233,0.933298,16,0,1000.000,1.802769,0.648707
68064,5,0.124031,0.932223,17,0,1000.000,1.722589,0.668447
68064,6,0.130270,0.912931,21,0,1000.000,1.817775,0.639113
68064,7,0.134525,0.872674,20,1,956.100,1.706396,0.625760
68112,0,0.117475,0.929168,24,0,1000.000,1.698774,0.657279
68112,1,0.121416,0.924276,23,0,1000.000,1.550104,0.658926
68112,2,0.117807,0.904995,21,0,1000.000,2.042884,0.642812
68112,3,0.122244,0.932437,30,0,1000.000,1.710724,0.654972
68112,4,0.132233,0.929548,20,0,1000.000,1.726588,0.667165
68112,5,0.124031,0.923747,18,0,1000.000,1.797826,0.648045
68112,6,0.130270,0.917587,18,0,1000.000,1.937969,0.640783
68112,7,0.134525,0.930479,18,0,1000.000,2.010684,0.650577
68160,0,0.117475,0.901931,24,2,947.250,1.630563,0.629368
68160,1,0.121416,0.901598,26,0,1000.000,2.125540,0.643279
68160,2,0.117807,0.922524,29,0,1000.000,1.735442,0.640512
68160,3,0.122244,0.920496,22,0,1000.000,1.765624,0.644284
68160,4,0.132233,0.927312,22,0,1000.000,1.833868,0.630357
68160,5,0.124031,0.952690,23,0,1000.000,1.117217,0.672834
68160,6,0.130270,0.918724,21,0,1000.000,1.818812,0.631177
68160,7,0.134525,0.904741,27,0,1000.000,1.721096,0.649180
68208,0,0.117475,0.904000,17,1,989.706,1.739956,0.626700
68208,1,0.121416,0.948885,22,0,1000.000,1.442389,0.691448
68208,2,0.117807,0.936886,20,0,1000.000,1.496172,0.660345
68208,3,0.122244,0.938436,21,0,1000.000,1.736317,0.668046
68208,4,0.132233,0.930696,28,0,1000.000,1.622645,0.658477
68208,5,0.124031,0.913677,20,0,1000.000,2.048127,0.633735
68208,6,0.130270,0.935792,20,0,1000.000,1.736992,0.653720
68208,7,0.134525,0.921406,22,0,1000.000,1.780280,0.636057
68256,0,0.117475,0.926572,18,0,1000.000,1.557828,0.672850
68256,1,0.121416,0.935564,22,0,1000.000,1.858599,0.644327
68256,2,0.117807,0.917429,16,0,1000.000,1.952305,0.664465
68256,3,0.122244,0.912122,27,0,1000.000,2.069159,0.640999
68256,4,0.132233,0.920912,23,0,1000.000,1.837144,0.648746
68256,5,0.124031,0.907632,16,0,1000.000,2.243437,0.629338
68256,6,0.130270,0.914931,22,0,1000.000,1.986716,0.639944
68256,7,0.134525,0.914545,25,0,1000.000,1.846093,0.650926
68304,0,0.117475,0.912861,12,1,948.583,2.222741,0.630743
68304,1,0.121416,0.923096,19,0,1000.000,1.675333,0.668140
68304,2,0.117807,0.938260,16,0,1000.000,1.412533,0.658935
68304,3,0.122244,0.884439,15,0,1000.000,2.055491,0.630787
68304,4,0.132233,0.892695,31,0,1000.000,1.938502,0.652453
68304,5,0.124031,0.903935,23,0,1000.000,2.253677,0.629850
68304,6,0.130270,0.930525,22,0,1000.000,1.766806,0.651459
68304,7,0.134525,0.896441,17,0,1000.000,2.051275,0.643617
68352,0,0.117475,0.932435,18,2,940.944,1.562763,0.646540
68352,1,0.121416,0.921513,28,0,1000.000,1.827835,0.653503
68352,2,0.117807,0.960722,13,0,1000.000,1.172136,0.713805
68352,3,0.122244,0.907978,18,0,1000.000,2.015157,0.643614
68352,4,0.132233,0.895226,26,0,1000.000,2.210434,0.633413
68352,5,0.124031,0.922493,27,0,1000.000,1.875510,0.648957
68352,6,0.130270,0.930275,22,0,1000.000,1.803408,0.657599
68352,7,0.134525,0.931062,17,0,1000.000,1.708344,0.663433
68400,0,0.117475,0.919084,23,0,1000.000,1.485358,0.634930
68400,1,0.121416,0.871961,18,0,1000.000,2.210294,0.633027
68400,2,0.117807,0.917125,38,0,1000.000,1.865198,0.651147
68400,3,0.122244,0.927334,26,0,1000.000,1.653272,0.668101
68400,4,0.132233,0.888326,21,0,1000.000,2.214983,0.631759
68400,5,0.124031,0.918598,24,0,1000.000,1.738022,0.640167
68400,6,0.130270,0.883138,25,0,1000.000,2.076815,0.636996
68400,7,0.134525,0.901857,29,0,1000.000,2.127128,0.642187
68448,0,0.117475,0.923754,24,0,1000.000,1.665312,0.655812
68448,1,0.121416,0.919100,27,0,1000.000,1.916365,0.637234
68448,2,0.117807,0.906806,22,0,1000.000,2.164786,0.648776
68448,3,0.122244,0.928395,21,0,1000.000,1.619008,0.626530
68448,4,0.132233,0.925286,34,0,1000.000,1.926380,0.651468
68448,5,0.124031,0.922578,28,0,1000.000,1.995931,0.645938
68448,6,0.130270,0.921715,30,0,1000.000,1.779044,0.667967
68448,7,0.134525,0.916541,29,0,1000.000,2.112994,0.639841
68496,0,0.117475,0.927179,19,0,1000.000,1.635581,0.641651
68496,1,0.121416,0.944178,26,0,1000.000,1.525913,0.659222
68496,2,0.117807,0.914359,28,0,1000.000,2.122961,0.645236
68496,3,0.122244,0.914702,33,0,1000.000,1.870928,0.647221
68496,4,0.132233,0.908213,38,0,1000.000,2.133466,0.649183
68496,5,0.124031,0.908065,30,0,1000.000,1.938453,0.639982
68496,6,0.130270,0.915051,36,0,1000.000,1.878139,0.627910
68496,7,0.134525,0.912487,40,0,1000.000,1.939566,0.647847
68544,0,0.117475,0.922683,40,0,1000.000,1.670112,0.661427
68544,1,0.121416,0.883622,27,0,1000.000,2.156355,0.634716
68544,2,0.117807,0.929974,33,0,1000.000,1.647193,0.651798
68544,3,0.122244,0.914969,37,0,1000.000,1.886983,0.646331
68544,4,0.132233,0.916969,32,0,1000.000,2.085111,0.644096
68544,5,0.124031,0.914140,35,0,1000.000,1.996370,0.648712
68544,6,0.130270,0.902779,34,0,1000.000,2.295144,0.639090
68544,7,0.134525,0.910336,44,0,1000.000,2.049224,0.634840
68640,0,0.117475,0.893394,49,1,996.184,2.045922,0.629922
68640,1,0.121416,0.922704,45,0,1000.000,1.843474,0.647001
68640,2,0.117807,0.932885,46,0,1000.000,1.781690,0.654173
68640,3,0.122244,0.906297,48,1,980.146,1.746544,0.644947
68640,4,0.132233,0.909699,40,0,1000.000,2.084336,0.631070
68640,5,0.124031,0.910540,52,0,1000.000,1.965731,0.649181
68640,6,0.130270,0.908835,57,0,1000.000,2.017811,0.641163
68640,7,0.134525,0.903048,51,0,1000.000,2.159692,0.635933
68688,0,0.117475,0.914122,22,0,1000.000,1.759702,0.645901
68688,1,0.121416,0.917378,20,0,1000.000,1.891822,0.633327
68688,2,0.117807,0.930418,16,0,1000.000,1.853210,0.651994
68688,3,0.122244,0.899235,17,0,1000.000,1.975871,0.645189
68688,4,0.132233,0.930617,23,0,1000.000,1.869685,0.654784
68688,5,0.124031,0.906309,16,0,1000.000,2.167971,0.631039
68688,6,0.130270,0.922666,28,0,1000.000,1.741431,0.656658
68688,7,0.134525,0.912168,30,0,1000.000,1.842866,0.639243
68736,0,0.117475,0.918257,24,0,1000.000,1.695061,0.646080
68736,1,0.121416,0.933740,19,0,1000.000,1.705470,0.656922
68736,2,0.117807,0.911749,20,0,1000.000,1.855303,0.634171
68736,3,0.122244,0.880679,15,0,1000.000,1.893847,0.648580
68736,4,0.132233,0.891364,26,0,1000.000,2.126624,0.639309
68736,5,0.124031,0.917410,24,0,1000.000,1.963130,0.650888
68736,6,0.130270,0.912107,28,0,1000.000,1.915140,0.636299
68736,7,0.134525,0.896100,34,1,974.529,2.032078,0.629709
68832,0,0.117475,0.918606,40,0,1000.000,1.994328,0.634641
68832,1,0.121416,0.926541,66,0,1000.000,1.849013,0.650554
68832,2,0.117807,0.927901,40,0,1000.000,1.636589,0.653733
68832,3,0.122244,0.910563,40,0,1000.000,2.178593,0.627933
68832,4,0.132233,0.885367,51,1,982.412,2.101656,0.623025
68832,5,0.124031,0.926295,47,0,1000.000,1.738607,0.648933
68832,6,0.130270,0.916517,57,0,1000.000,2.040018,0.637186
68832,7,0.134525,0.907511,44,1,978.591,1.683355,0.638090
68880,0,0.117475,0.911012,19,0,1000.000,1.952064,0.649512
68880,1,0.121416,0.922206,22,0,1000.000,2.063172,0.647774
68880,2,0.117807,0.896710,23,0,1000.000,1.746068,0.630970
68880,3,0.122244,0.931114,26,0,1000.000,1.702012,0.668553
68880,4,0.132233,0.934922,27,0,1000.000,1.690042,0.665154
68880,5,0.124031,0.903134,31,0,1000.000,2.211131,0.631557
68880,6,0.130270,0.927429,36,0,1000.000,1.865787,0.648017
68880,7,0.134525,0.934747,30,0,1000.000,1.847520,0.656480
68928,0,0.117475,0.938154,28,1,980.214,1.556016,0.641497
68928,1,0.121416,0.931398,26,0,1000.000,1.754561,0.657215
68928,2,0.117807,0.918764,22,0,1000.000,1.608256,0.664519
68928,3,0.122244,0.902745,22,0,1000.000,2.245831,0.629212
68928,4,0.132233,0.922107,34,0,1000.000,1.830663,0.654315
68928,5,0.124031,0.901405,21,0,1000.000,1.990890,0.627497
68928,6,0.130270,0.913811,25,0,1000.000,2.113753,0.636670
68928,7,0.134525,0.920620,33,0,1000.000,1.836867,0.649503
68976,0,0.117475,0.903150,24,0,1000.000,2.134246,0.648665
68976,1,0.121416,0.918665,37,0,1000.000,2.134513,0.646076
68976,2,0.117807,0.926742,32,0,1000.000,1.810475,0.649912
68976,3,0.122244,0.923584,33,0,1000.000,2.138680,0.648933
68976,4,0.132233,0.911406,31,0,1000.000,2.232087,0.634288
68976,5,0.124031,0.914254,25,0,1000.000,1.988535,0.631146
68976,6,0.130270,0.930757,33,0,1000.000,1.898273,0.650918
68976,7,0.134525,0.932216,30,0,1000.000,1.979222,0.654293
69024,0,0.117475,0.923515,21,0,1000.000,2.090144,0.645524
69024,1,0.121416,0.908858,20,0,1000.000,2.040078,0.643649
69024,2,0.117807,0.943101,23,0,1000.000,1.613719,0.656076
69024,3,0.122244,0.897676,30,0,1000.000,1.916931,0.639626
69024,4,0.132233,0.924769,23,0,1000.000,1.813185,0.638651
69024,5,0.124031,0.927957,31,0,1000.000,2.011678,0.648575
69024,6,0.130270,0.909562,17,0,1000.000,2.132227,0.635595
69024,7,0.134525,0.943344,20,0,1000.000,1.577092,0.651635
69072,0,0.117475,0.923039,14,0,1000.000,2.036583,0.650265
69072,1,0.121416,0.901973,19,0,1000.000,2.257276,0.631814
69072,2,0.117807,0.930550,17,0,1000.000,1.809678,0.658821
69072,3,0.122244,0.926083,13,0,1000.000,1.926624,0.648351
69072,4,0.132233,0.923345,26,0,1000.000,2.075212,0.650202
69072,5,0.124031,0.915751,22,0,1000.000,1.881253,0.639750
69072,6,0.130270,0.912394,30,0,1000.000,2.016991,0.632397
69072,7,0.134525,0.931295,19,0,1000.000,1.815539,0.651263
69120,0,0.117475,0.915439,25,0,1000.000,2.097978,0.623308
69120,1,0.121416,0.915293,29,0,1000.000,2.107620,0.637069
69120,2,0.117807,0.928381,19,0,1000.000,2.185902,0.653422
69120,3,0.122244,0.918944,14,0,1000.000,1.665722,0.635063
69120,4,0.132233,0.903526,25,0,1000.000,2.193115,0.639892
69120,5,0.124031,0.923101,19,0,1000.000,2.231776,0.643185
69120,6,0.130270,0.913799,23,0,1000.000,2.083689,0.627034
69120,7,0.134525,0.904312,24,0,1000.000,2.368540,0.623022
69168,0,0.117475,0.895942,28,1,980.714,2.157975,0.631837
69168,1,0.121416,0.915947,20,0,1000.000,2.040657,0.635229
69168,2,0.117807,0.936322,18,0,1000.000,1.721364,0.646718
69168,3,0.122244,0.939550,31,0,1000.000,1.536148,0.648911
69168,4,0.132233,0.916438,16,0,1000.000,1.963967,0.640811
69168,5,0.124031,0.919266,23,0,1000.000,2.065105,0.639808
69168,6,0.130270,0.910495,19,0,1000.000,2.204137,0.634117
69168,7,0.134525,0.887313,27,0,1000.000,2.373035,0.624014
69216,0,0.117475,0.914936,25,0,1000.000,1.985484,0.650501
69216,1,0.121416,0.902541,17,0,1000.000,2.033861,0.631358
69216,2,0.117807,0.939718,20,0,1000.000,1.677750,0.657969
69216,3,0.122244,0.941087,23,0,1000.000,1.626912,0.663789
69216,4,0.132233,0.921021,32,0,1000.000,2.011570,0.646295
69216,5,0.124031,0.889415,15,0,1000.000,2.473093,0.627059
69216,6,0.130270,0.912912,16,0,1000.000,1.935878,0.643325
69216,7,0.134525,0.909404,26,0,1000.000,1.767684,0.647852
69264,0,0.117475,0.907759,24,1,980.167,1.914669,0.634700
69264,1,0.121416,0.930991,22,0,1000.000,1.640125,0.638065
69264,2,0.117807,0.918862,12,0,1000.000,1.808253,0.641812
69264,3,0.122244,0.918064,21,0,1000.000,1.739686,0.625701
69264,4,0.132233,0.912640,13,0,1000.000,2.038656,0.643258
69264,5,0.124031,0.914685,25,0,1000.000,1.973561,0.644594
69264,6,0.130270,0.906169,39,1,975.769,1.736634,0.637753
69264,7,0.134525,0.923362,19,0,1000.000,1.694230,0.657592
69312,0,0.117475,0.928181,15,0,1000.000,1.796453,0.658191
69312,1,0.121416,0.904227,20,0,1000.000,1.940388,0.642503
69312,2,0.117807,0.931200,13,0,1000.000,1.598311,0.646579
69312,3,0.122244,0.941329,18,0,1000.000,1.638229,0.666483
69312,4,0.132233,0.899668,30,0,1000.000,2.353857,0.619209
69312,5,0.124031,0.898475,20,0,1000.000,2.247906,0.646424
69312,6,0.130270,0.937232,14,0,1000.000,1.801509,0.664753
69312,7,0.134525,0.931546,14,0,1000.000,1.532754,0.632985
69360,0,0.117475,0.925097,25,0,1000.000,1.899655,0.647519
69360,1,0.121416,0.931965,21,0,1000.000,1.610275,0.644325
69360,2,0.117807,0.929208,23,0,1000.000,1.880659,0.639702
69360,3,0.122244,0.900591,29,0,1000.000,2.056524,0.626914
69360,4,0.132233,0.911797,22,0,1000.000,1.837616,0.649174
69360,5,0.124031,0.930419,27,0,1000.000,1.919253,0.650279
69360,6,0.130270,0.902809,25,0,1000.000,2.167948,0.640843
69360,7,0.134525,0.915441,24,0,1000.000,1.974656,0.649983
69408,0,0.117475,0.903822,24,0,1000.000,2.347532,0.620206
69408,1,0.121416,0.921912,19,0,1000.000,1.737281,0.640855
69408,2,0.117807,0.945270,20,0,1000.000,1.535174,0.660981
69408,3,0.122244,0.914802,31,0,1000.000,1.929573,0.643065
69408,4,0.132233,0.899734,29,0,1000.000,2.122515,0.644907
69408,5,0.124031,0.906634,22,0,1000.000,1.934072,0.645133
69408,6,0.130270,0.940800,27,0,1000.000,1.853748,0.662869
69408,7,0.134525,0.928358,19,0,1000.000,1.921331,0.650241
69456,0,0.117475,0.928580,34,1,984.559,1.554307,0.647530
69456,1,0.121416,0.906872,27,1,965.407,1.470109,0.653185
69456,2,0.117807,0.923718,21,0,1000.000,1.768800,0.656553
69456,3,0.122244,0.917116,40,0,1000.000,1.939447,0.639618
69456,4,0.132233,0.924234,27,0,1000.000,2.011172,0.656117
69456,5,0.124031,0.921061,32,0,1000.000,1.738855,0.659990
69456,6,0.130270,0.904683,22,0,1000.000,1.916877,0.640600
69456,7,0.134525,0.933924,23,0,1000.000,1.706089,0.642859
69504,0,0.117475,0.925567,20,0,1000.000,1.952124,0.661705
69504,1,0.121416,0.890986,27,0,1000.000,2.144377,0.635879
69504,2,0.117807,0.910374,25,0,1000.000,2.069638,0.644181
69504,3,0.122244,0.925564,30,0,1000.000,1.933234,0.647161
69504,4,0.132233,0.939728,36,0,1000.000,1.512041,0.658503
69504,5,0.124031,0.920771,32,0,1000.000,1.910060,0.649681
69504,6,0.130270,0.890776,43,1,978.023,1.901028,0.635571
69504,7,0.134525,0.914538,36,0,1000.000,1.976504,0.647564
69552,0,0.117475,0.927089,32,0,1000.000,1.648208,0.657108
69552,1,0.121416,0.907560,43,0,1000.000,1.974911,0.646335
69552,2,0.117807,0.905346,36,0,1000.000,2.126390,0.639008
69552,3,0.122244,0.910225,31,0,1000.000,2.090171,0.642595
69552,4,0.132233,0.903051,33,0,1000.000,2.211322,0.639832
69552,5,0.124031,0.902097,33,0,1000.000,2.111379,0.645718
69552,6,0.130270,0.901560,33,0,1000.000,2.310173,0.631875
69552,7,0.134525,0.913611,38,0,1000.000,1.933372,0.653484
69600,0,0.117475,0.917858,25,0,1000.000,1.808413,0.667497
69600,1,0.121416,0.887804,23,0,1000.000,2.006458,0.640451
69600,2,0.117807,0.911277,20,0,1000.000,1.934920,0.640829
69600,3,0.122244,0.924690,19,0,1000.000,1.929837,0.652539
69600,4,0.132233,0.925788,35,0,1000.000,1.966304,0.647407
69600,5,0.124031,0.927836,24,0,1000.000,1.871112,0.658977
69600,6,0.130270,0.913610,20,0,1000.000,2.055748,0.637503
69600,7,0.134525,0.886872,33,0,1000.000,2.074940,0.641458
69648,0,0.131358,0.919551,16,0,1000.000,1.758800,0.641674
69648,1,0.124355,0.926101,20,0,1000.000,1.666625,0.672311
69648,2,0.137515,0.928986,19,0,1000.000,1.867853,0.658558
69648,3,0.123944,0.913022,28,0,1000.000,1.930116,0.652904
69648,4,0.115396,0.899731,25,0,1000.000,1.997591,0.637162
69648,5,0.119116,0.910296,28,0,1000.000,2.003584,0.647919
69648,6,0.119562,0.935066,22,0,1000.000,1.814133,0.655778
69648,7,0.128755,0.910105,18,0,1000.000,1.616649,0.659161
69696,0,0.131358,0.915790,28,1,975.179,1.839844,0.634502
69696,1,0.124355,0.891245,13,0,1000.000,1.866248,0.650664
69696,2,0.137515,0.907801,33,0,1000.000,2.084951,0.630494
69696,3,0.123944,0.913650,20,0,1000.000,1.752093,0.646943
69696,4,0.115396,0.941744,17,0,1000.000,1.873405,0.667491
69696,5,0.119116,0.920410,22,0,1000.000,2.005382,0.645411
69696,6,0.119562,0.910377,24,0,1000.000,2.107429,0.656632
69696,7,0.128755,0.866407,18,1,953.278,1.998821,0.643885
69744,0,0.131358,0.884145,26,0,1000.000,2.288167,0.620067
69744,1,0.124355,0.917675,22,0,1000.000,1.759331,0.650900
69744,2,0.137515,0.901438,28,0,1000.000,2.053675,0.638021
69744,3,0.123944,0.896843,20,0,1000.000,2.125221,0.640262
69744,4,0.115396,0.919666,23,0,1000.000,1.935684,0.663736
69744,5,0.119116,0.937033,20,0,1000.000,1.756560,0.670551
69744,6,0.119562,0.935915,20,0,1000.000,1.453172,0.651257
69744,7,0.128755,0.885706,27,0,1000.000,2.405204,0.623120
69840,0,0.131358,0.917224,59,2,979.847,1.753812,0.644235
69840,1,0.124355,0.932558,41,0,1000.000,1.692743,0.647198
69840,2,0.137515,0.915749,62,0,1000.000,1.829505,0.643017
69840,3,0.123944,0.908506,50,0,1000.000,2.098951,0.648861
69840,4,0.115396,0.928595,40,0,1000.000,1.747990,0.644443
69840,5,0.119116,0.904625,59,0,1000.000,2.111556,0.640074
69840,6,0.119562,0.909178,42,0,1000.000,1.969374,0.644338
69840,7,0.128755,0.908774,44,0,1000.000,2.042761,0.642392
69888,0,0.131358,0.937393,27,0,1000.000,1.801309,0.666068
69888,1,0.124355,0.937621,28,0,1000.000,1.687871,0.664543
69888,2,0.137515,0.913918,29,0,1000.000,2.094300,0.648006
69888,3,0.123944,0.921358,29,0,1000.000,2.118967,0.649748
69888,4,0.115396,0.905744,28,0,1000.000,2.256147,0.638748
69888,5,0.119116,0.916902,27,0,1000.000,1.976634,0.651371
69888,6,0.119562,0.935049,20,0,1000.000,1.636907,0.664973
69888,7,0.128755,0.864615,30,1,968.467,2.442290,0.612308
69936,0,0.131358,0.911237,31,0,1000.000,2.122078,0.650564
69936,1,0.124355,0.908752,34,0,1000.000,2.070117,0.644018
69936,2,0.137515,0.884801,28,0,1000.000,2.258992,0.631035
69936,3,0.123944,0.925562,29,0,1000.000,1.980594,0.636377
69936,4,0.115396,0.946762,15,0,1000.000,1.479610,0.670105
69936,5,0.119116,0.925144,28,0,1000.000,1.945907,0.650984
69936,6,0.119562,0.914639,16,0,1000.000,1.977355,0.647642
69936,7,0.128755,0.925387,28,0,1000.000,1.668555,0.655964
69984,0,0.131358,0.923300,25,1,961.960,1.782930,0.659455
69984,1,0.124355,0.920754,36,0,1000.000,1.803685,0.660433
69984,2,0.137515,0.918048,39,0,1000.000,1.942150,0.652197
69984,3,0.123944,0.928745,23,0,1000.000,1.729444,0.665703
69984,4,0.115396,0.912646,31,0,1000.000,1.918643,0.644451
69984,5,0.119116,0.915701,33,0,1000.000,1.896050,0.652585
69984,6,0.119562,0.924882,28,0,1000.000,1.756989,0.647404
69984,7,0.128755,0.902819,26,1,965.154,1.611724,0.660985
70032,0,0.131358,0.924183,24,0,1000.000,1.750284,0.656620
70032,1,0.124355,0.928594,22,0,1000.000,1.800262,0.660333
70032,2,0.137515,0.928596,22,0,1000.000,1.806324,0.645292
70032,3,0.123944,0.929662,28,0,1000.000,1.792952,0.672879
70032,4,0.115396,0.924250,20,0,1000.000,1.993019,0.639131
70032,5,0.119116,0.926054,16,0,1000.000,1.663106,0.642038
70032,6,0.119562,0.904454,23,0,1000.000,2.146758,0.638370
70032,7,0.128755,0.885670,19,1,950.684,1.475216,0.628842
70080,0,0.131358,0.904559,20,0,1000.000,2.397803,0.636705
70080,1,0.124355,0.926548,15,0,1000.000,1.685511,0.653116
70080,2,0.137515,0.926730,18,0,1000.000,1.855915,0.646030
70080,3,0.123944,0.904610,21,0,1000.000,2.071817,0.638221
70080,4,0.115396,0.917228,20,0,1000.000,1.893308,0.637441
70080,5,0.119116,0.919966,17,0,1000.000,2.016057,0.642041
70080,6,0.119562,0.908524,21,0,1000.000,1.916462,0.645477
70080,7,0.128755,0.928260,29,0,1000.000,1.780409,0.663467
70128,0,0.131358,0.923390,26,0,1000.000,1.719902,0.657200
70128,1,0.124355,0.908902,17,0,1000.000,1.803595,0.648515
70128,2,0.137515,0.904974,20,0,1000.000,2.007359,0.643732
70128,3,0.123944,0.928731,30,0,1000.000,1.769438,0.662861
70128,4,0.115396,0.924615,17,0,1000.000,1.875834,0.659835
70128,5,0.119116,0.922091,21,0,1000.000,1.908190,0.655800
70128,6,0.119562,0.909330,20,0,1000.000,1.903160,0.631642
70128,7,0.128755,0.907964,32,1,970.500,1.542174,0.649897
70176,0,0.131358,0.915507,24,0,1000.000,1.836647,0.640947
70176,1,0.124355,0.940045,22,0,1000.000,1.615360,0.659150
70176,2,0.137515,0.919864,26,0,1000.000,1.711947,0.643558
70176,3,0.123944,0.900127,23,0,1000.000,2.315837,0.639903
70176,4,0.115396,0.923146,23,0,1000.000,1.788041,0.656642
70176,5,0.119116,0.924103,19,0,1000.000,2.010627,0.662493
70176,6,0.119562,0.908412,22,0,1000.000,2.146764,0.634404
70176,7,0.128755,0.892395,27,1,966.185,1.856335,0.643647
70224,0,0.131358,0.902713,25,0,1000.000,2.205677,0.636506
70224,1,0.124355,0.900507,27,0,1000.000,2.076571,0.638593
70224,2,0.137515,0.890263,23,0,1000.000,2.375670,0.634398
70224,3,0.123944,0.931608,18,0,1000.000,1.832967,0.669545
70224,4,0.115396,0.896170,19,0,1000.000,2.330597,0.634349
70224,5,0.119116,0.920352,17,0,1000.000,1.891308,0.629570
70224,6,0.119562,0.928712,19,0,1000.000,1.650566,0.660478
70224,7,0.128755,0.931479,27,0,1000.000,2.069217,0.656344
70272,0,0.131358,0.933918,20,0,1000.000,1.615649,0.646925
70272,1,0.124355,0.928403,16,0,1000.000,1.967845,0.651837
70272,2,0.137515,0.919217,27,0,1000.000,1.972278,0.637469
70272,3,0.123944,0.924192,16,0,1000.000,1.798856,0.650609
70272,4,0.115396,0.922712,22,0,1000.000,1.888655,0.669080
70272,5,0.119116,0.894267,22,0,1000.000,2.264347,0.635221
70272,6,0.119562,0.853723,25,1,962.240,2.135324,0.626585
70272,7,0.128755,0.910579,21,0,1000.000,2.002688,0.632557
70320,0,0.131358,0.938365,13,0,1000.000,1.356820,0.650560
70320,1,0.124355,0.912334,30,0,1000.000,1.991824,0.651916
70320,2,0.137515,0.906995,18,0,1000.000,1.731220,0.648847
70320,3,0.123944,0.913542,21,0,1000.000,1.921849,0.641193
70320,4,0.115396,0.931106,17,0,1000.000,1.301970,0.648718
70320,5,0.119116,0.840731,18,1,948.778,2.349552,0.628727
70320,6,0.119562,0.914109,21,0,1000.000,2.080590,0.635550
70320,7,0.128755,0.893435,11,0,1000.000,2.195880,0.646994
70368,0,0.131358,0.940126,22,0,1000.000,1.439531,0.672823
70368,1,0.124355,0.940574,18,0,1000.000,1.782541,0.654770
70368,2,0.137515,0.939943,29,0,1000.000,1.919937,0.655568
70368,3,0.123944,0.924810,35,0,1000.000,1.914650,0.657327
70368,4,0.115396,0.931449,27,0,1000.000,1.615074,0.679315
70368,5,0.119116,0.924362,25,0,1000.000,1.866483,0.648599
70368,6,0.119562,0.921995,25,0,1000.000,1.796399,0.636965
70368,7,0.128755,0.901340,22,0,1000.000,2.077437,0.626507
70416,0,0.131358,0.942432,25,0,1000.000,1.737877,0.662537
70416,1,0.124355,0.924046,24,0,1000.000,1.750722,0.650695
70416,2,0.137515,0.920148,24,0,1000.000,1.685575,0.653156
70416,3,0.123944,0.902866,26,0,1000.000,2.319673,0.632609
70416,4,0.115396,0.952685,22,0,1000.000,1.341724,0.671931
70416,5,0.119116,0.921709,26,0,1000.000,2.109565,0.646494
70416,6,0.119562,0.921362,20,0,1000.000,2.001388,0.659930
70416,7,0.128755,0.893946,22,1,960.318,1.538420,0.636353
70464,0,0.131358,0.932532,26,0,1000.000,1.648450,0.656217
70464,1,0.124355,0.902843,31,0,1000.000,1.801544,0.656611
70464,2,0.137515,0.928081,31,0,1000.000,1.834635,0.649664
70464,3,0.123944,0.904334,33,0,1000.000,2.283736,0.636104
70464,4,0.115396,0.918284,22,0,1000.000,1.755298,0.641012
70464,5,0.119116,0.927265,25,0,1000.000,1.655831,0.650821
70464,6,0.119562,0.907493,31,0,1000.000,1.925375,0.648723
70464,7,0.128755,0.888430,34,0,1000.000,2.031700,0.643124
70512,0,0.131358,0.915507,33,0,1000.000,1.872093,0.644431
70512,1,0.124355,0.917391,32,0,1000.000,1.924428,0.657651
70512,2,0.137515,0.879731,25,0,1000.000,2.113491,0.638699
70512,3,0.123944,0.900853,38,0,1000.000,2.030401,0.645961
70512,4,0.115396,0.895806,31,0,1000.000,2.087752,0.627669
70512,5,0.119116,0.915767,43,0,1000.000,1.957837,0.650190
70512,6,0.119562,0.910461,23,0,1000.000,1.980430,0.647832
70512,7,0.128755,0.918462,27,0,1000.000,1.870423,0.661537
70560,0,0.131358,0.906002,27,0,1000.000,2.087240,0.637798
70560,1,0.124355,0.921585,41,0,1000.000,1.791547,0.656176
70560,2,0.137515,0.920132,41,0,1000.000,1.894376,0.655238
70560,3,0.123944,0.925842,36,0,1000.000,1.824418,0.654110
70560,4,0.115396,0.920300,26,0,1000.000,1.592057,0.652618
70560,5,0.119116,0.915608,27,0,1000.000,1.922833,0.634963
70560,6,0.119562,0.929410,36,0,1000.000,1.737743,0.661162
70560,7,0.128755,0.929647,35,0,1000.000,1.544343,0.665310
70608,0,0.131358,0.925371,29,1,974.034,1.828819,0.655169
70608,1,0.124355,0.909394,25,0,1000.000,1.879468,0.631048
70608,2,0.137515,0.895989,26,0,1000.000,2.151898,0.631648
70608,3,0.123944,0.927313,21,0,1000.000,1.637729,0.645591
70608,4,0.115396,0.839975,17,0,1000.000,2.486428,0.612964
70608,5,0.119116,0.916389,24,0,1000.000,1.951848,0.639664
70608,6,0.119562,0.893347,24,0,1000.000,2.272671,0.630985
70608,7,0.128755,0.874959,18,0,1000.000,2.349060,0.633072
70656,0,0.131358,0.897359,24,0,1000.000,2.250336,0.646385
70656,1,0.124355,0.922520,24,0,1000.000,1.852314,0.627073
70656,2,0.137515,0.912711,38,0,1000.000,1.783185,0.650353
70656,3,0.123944,0.927946,24,0,1000.000,1.635772,0.639235
70656,4,0.115396,0.913952,19,0,1000.000,2.100142,0.640213
70656,5,0.119116,0.899694,19,0,1000.000,1.824842,0.649014
70656,6,0.119562,0.918465,18,0,1000.000,1.700734,0.665642
70656,7,0.128755,0.919326,24,0,1000.000,2.139298,0.639357
70704,0,0.131358,0.909945,25,2,955.120,1.738461,0.639934
70704,1,0.124355,0.925694,16,0,1000.000,1.914909,0.658408
70704,2,0.137515,0.917780,21,0,1000.000,1.792203,0.640119
70704,3,0.123944,0.917231,28,0,1000.000,2.099143,0.653685
70704,4,0.115396,0.899338,13,0,1000.000,2.249656,0.627352
70704,5,0.119116,0.917348,17,0,1000.000,1.832806,0.648248
70704,6,0.119562,0.915285,29,0,1000.000,2.147405,0.646726
70704,7,0.128755,0.898407,21,0,1000.000,1.892341,0.636754
70752,0,0.131358,0.929627,26,1,982.385,1.684322,0.642813
70752,1,0.124355,0.912010,25,0,1000.000,1.892157,0.647944
70752,2,0.137515,0.922053,27,0,1000.000,1.763368,0.641997
70752,3,0.123944,0.924028,27,0,1000.000,1.779989,0.656061
70752,4,0.115396,0.945417,20,0,1000.000,1.483401,0.683208
70752,5,0.119116,0.915376,20,0,1000.000,1.606911,0.665371
70752,6,0.119562,0.937992,20,0,1000.000,1.443910,0.671504
70752,7,0.128755,0.923101,27,0,1000.000,1.816736,0.655182
70800,0,0.131358,0.948346,21,0,1000.000,1.488179,0.660786
70800,1,0.124355,0.918468,23,0,1000.000,1.688155,0.657071
70800,2,0.137515,0.930780,28,0,1000.000,1.643672,0.654826
70800,3,0.123944,0.901413,13,0,1000.000,1.877094,0.660697
70800,4,0.115396,0.916537,17,0,1000.000,2.141664,0.654879
70800,5,0.119116,0.895235,21,0,1000.000,2.075012,0.643779
70800,6,0.119562,0.932555,21,0,1000.000,1.698992,0.636992
70800,7,0.128755,0.908103,26,0,1000.000,1.819883,0.655808
70848,0,0.131358,0.908102,33,0,1000.000,1.993183,0.645402
70848,1,0.124355,0.920739,20,0,1000.000,1.905242,0.664181
70848,2,0.137515,0.918402,36,0,1000.000,1.895331,0.653147
70848,3,0.123944,0.936683,34,0,1000.000,1.641906,0.660815
70848,4,0.115396,0.912872,19,0,1000.000,1.935193,0.628733
70848,5,0.119116,0.930278,31,0,1000.000,1.729973,0.645127
70848,6,0.119562,0.920574,26,0,1000.000,1.749347,0.643808
70848,7,0.128755,0.922744,31,0,1000.000,1.977536,0.650863
70896,0,0.131358,0.939963,31,1,982.161,1.670058,0.664091
70896,1,0.124355,0.924655,30,0,1000.000,1.685357,0.652191
70896,2,0.137515,0.932143,31,0,1000.000,1.638269,0.661119
70896,3,0.123944,0.886957,16,0,1000.000,2.042985,0.640064
70896,4,0.115396,0.917250,29,0,1000.000,2.028775,0.647906
70896,5,0.119116,0.911032,16,0,1000.000,1.868729,0.651040
70896,6,0.119562,0.919217,27,0,1000.000,1.956155,0.660478
70896,7,0.128755,0.920893,32,0,1000.000,1.608253,0.665699
70944,0,0.131358,0.922420,25,0,1000.000,1.851205,0.644997
70944,1,0.124355,0.912692,26,0,1000.000,2.056124,0.637608
70944,2,0.137515,0.900030,23,0,1000.000,2.311052,0.638532
70944,3,0.123944,0.902787,30,0,1000.000,2.085799,0.633004
70944,4,0.115396,0.939680,19,0,1000.000,1.669463,0.673186
70944,5,0.119116,0.942987,26,0,1000.000,1.542008,0.667524
70944,6,0.119562,0.903683,33,0,1000.000,2.054341,0.632657
70944,7,0.128755,0.917580,32,0,1000.000,2.144005,0.646612
70992,0,0.131358,0.924969,28,0,1000.000,1.691592,0.633372
70992,1,0.124355,0.930241,31,0,1000.000,1.700625,0.654692
70992,2,0.137515,0.913088,34,0,1000.000,2.171388,0.633176
70992,3,0.123944,0.935361,32,0,1000.000,1.781161,0.662953
70992,4,0.115396,0.909441,31,0,1000.000,1.939103,0.632081
70992,5,0.119116,0.920361,24,0,1000.000,2.144909,0.652935
70992,6,0.119562,0.908688,26,0,1000.000,1.957869,0.647656
70992,7,0.128755,0.859380,27,2,931.407,1.464431,0.653181
71040,0,0.131358,0.909065,23,0,1000.000,1.809251,0.646086
71040,1,0.124355,0.949142,22,0,1000.000,1.235967,0.659833
71040,2,0.137515,0.925907,15,0,1000.000,1.591240,0.657892
71040,3,0.123944,0.915428,18,0,1000.000,1.692670,0.656827
71040,4,0.115396,0.925607,24,0,1000.000,1.864708,0.647061
71040,5,0.119116,0.927779,24,0,1000.000,1.871082,0.645655
71040,6,0.119562,0.913443,21,0,1000.000,1.944128,0.635050
71040,7,0.128755,0.927883,20,0,1000.000,1.799248,0.651717
71088,0,0.131358,0.917052,19,0,1000.000,2.086438,0.621701
71088,1,0.124355,0.906061,18,0,1000.000,1.960593,0.642684
71088,2,0.137515,0.913717,26,0,1000.000,2.116005,0.643058
71088,3,0.123944,0.909638,20,0,1000.000,2.216805,0.633822
71088,4,0.115396,0.923790,17,0,1000.000,1.979209,0.632398
71088,5,0.119116,0.930387,15,0,1000.000,1.892658,0.663010
71088,6,0.119562,0.944976,26,0,1000.000,1.428838,0.661913
71088,7,0.128755,0.942444,23,0,1000.000,1.275752,0.674562
71136,0,0.131358,0.924703,24,1,981.500,2.010778,0.645186
71136,1,0.124355,0.930938,29,0,1000.000,1.754165,0.652196
71136,2,0.137515,0.938672,22,0,1000.000,1.757922,0.664527
71136,3,0.123944,0.905490,29,0,1000.000,1.926611,0.642474
71136,4,0.115396,0.919033,23,0,1000.000,1.913236,0.651189
71136,5,0.119116,0.894220,21,0,1000.000,2.218223,0.635622
71136,6,0.119562,0.923938,32,0,1000.000,1.994152,0.628806
71136,7,0.128755,0.921291,16,0,1000.000,1.977242,0.643118
71232,0,0.131358,0.931154,44,0,1000.000,1.769380,0.648759
71232,1,0.124355,0.935701,46,0,1000.000,1.571005,0.663570
71232,2,0.137515,0.915914,52,0,1000.000,1.950580,0.653675
71232,3,0.123944,0.913253,41,0,1000.000,1.933904,0.638016
71232,4,0.115396,0.931070,46,0,1000.000,1.681194,0.655425
71232,5,0.119116,0.921812,39,0,1000.000,1.916665,0.659873
71232,6,0.119562,0.925154,36,0,1000.000,1.761159,0.652542
71232,7,0.128755,0.912634,45,0,1000.000,2.059066,0.643622
71328,0,0.131358,0.927103,36,1,973.861,1.622659,0.637970
71328,1,0.124355,0.926280,46,0,1000.000,1.777062,0.658613
71328,2,0.137515,0.917605,38,0,1000.000,1.929789,0.649221
71328,3,0.123944,0.920266,44,0,1000.000,1.967186,0.648437
71328,4,0.115396,0.922450,32,0,1000.000,1.964867,0.655447
71328,5,0.119116,0.931606,43,0,1000.000,1.636817,0.657406
71328,6,0.119562,0.928695,34,0,1000.000,1.726511,0.656107
71328,7,0.128755,0.902738,41,0,1000.000,2.049588,0.648155
71376,0,0.131358,0.910611,29,0,1000.000,2.181334,0.652100
71376,1,0.124355,0.908029,25,0,1000.000,2.134325,0.651807
71376,2,0.137515,0.911575,15,0,1000.000,1.895279,0.654712
71376,3,0.123944,0.915583,32,0,1000.000,1.764925,0.649734
71376,4,0.115396,0.914254,21,0,1000.000,2.013179,0.643724
71376,5,0.119116,0.915579,27,0,1000.000,1.832457,0.654106
71376,6,0.119562,0.883465,25,0,1000.000,2.446166,0.633709
71376,7,0.128755,0.944145,21,0,1000.000,1.623425,0.665681
71424,0,0.131358,0.915994,21,0,1000.000,1.840685,0.655981
71424,1,0.124355,0.931457,19,0,1000.000,1.703537,0.646701
71424,2,0.137515,0.898512,29,0,1000.000,2.142183,0.646687
71424,3,0.123944,0.899004,20,0,1000.000,2.401312,0.617443
71424,4,0.115396,0.927257,27,0,1000.000,1.882766,0.660702
71424,5,0.119116,0.916906,33,0,1000.000,1.973094,0.661191
71424,6,0.119562,0.919473,22,0,1000.000,1.832455,0.652644
71424,7,0.128755,0.909385,32,0,1000.000,1.829901,0.659756
71472,0,0.131358,0.905721,32,0,1000.000,1.994751,0.635991
71472,1,0.124355,0.912094,38,0,1000.000,2.030550,0.646202
71472,2,0.137515,0.916470,48,0,1000.000,2.004165,0.638232
71472,3,0.123944,0.907973,31,0,1000.000,2.078748,0.647629
71472,4,0.115396,0.939930,25,0,1000.000,1.614637,0.658100
71472,5,0.119116,0.921733,29,0,1000.000,1.892019,0.651996
71472,6,0.119562,0.924894,21,0,1000.000,1.650123,0.650575
71472,7,0.128755,0.907730,29,0,1000.000,1.943640,0.661387
71520,0,0.131358,0.889626,31,0,1000.000,2.210945,0.637941
71520,1,0.124355,0.931852,30,0,1000.000,1.558246,0.648683
71520,2,0.137515,0.938332,29,0,1000.000,1.569412,0.652555
71520,3,0.123944,0.916430,25,0,1000.000,1.943477,0.645509
71520,4,0.115396,0.909045,34,0,1000.000,1.916963,0.639307
71520,5,0.119116,0.911957,32,0,1000.000,2.009964,0.646752
71520,6,0.119562,0.918823,20,0,1000.000,2.012602,0.644818
71520,7,0.128755,0.906139,39,0,1000.000,1.937841,0.649794
71568,0,0.131358,0.894439,25,0,1000.000,2.326439,0.628566
71568,1,0.124355,0.919923,40,1,975.950,1.567299,0.651116
71568,2,0.137515,0.929814,26,0,1000.000,1.624601,0.654032
71568,3,0.123944,0.885359,34,1,972.000,1.932416,0.637497
71568,4,0.115396,0.922847,33,0,1000.000,1.748802,0.651395
71568,5,0.119116,0.899980,35,0,1000.000,2.116225,0.637765
71568,6,0.119562,0.886367,35,1,975.171,1.880140,0.628263
71568,7,0.128755,0.889207,44,1,979.955,2.006384,0.641713
71616,0,0.131358,0.857713,13,2,919.231,2.605539,0.593954
71616,1,0.124355,0.924425,30,0,1000.000,1.848660,0.640368
71616,2,0.137515,0.926742,27,0,1000.000,1.782723,0.653301
71616,3,0.123944,0.924394,21,0,1000.000,1.765532,0.641311
71616,4,0.115396,0.926442,19,0,1000.000,1.696380,0.641653
71616,5,0.119116,0.870662,23,1,959.130,2.046625,0.629657
71616,6,0.119562,0.931730,18,0,1000.000,1.484026,0.648108
71616,7,0.128755,0.910780,22,0,1000.000,2.085877,0.652632
71664,0,0.131358,0.920611,31,1,975.645,1.729655,0.647221
71664,1,0.124355,0.901304,23,0,1000.000,2.029374,0.642943
71664,2,0.137515,0.891687,23,0,1000.000,2.242831,0.630379
71664,3,0.123944,0.943557,22,0,1000.000,1.647295,0.677545
71664,4,0.115396,0.922410,27,0,1000.000,1.650067,0.638261
71664,5,0.119116,0.944307,22,0,1000.000,1.320372,0.672656
71664,6,0.119562,0.929172,24,0,1000.000,1.909884,0.648698
71664,7,0.128755,0.910106,14,0,1000.000,2.003376,0.636821
71712,0,0.131358,0.889983,30,1,975.300,2.063182,0.623426
71712,1,0.124355,0.923694,19,0,1000.000,1.825449,0.655868
71712,2,0.137515,0.923195,22,0,1000.000,2.064232,0.660191
71712,3,0.123944,0.947683,25,0,1000.000,1.570038,0.674737
71712,4,0.115396,0.918481,20,0,1000.000,1.978143,0.653678
71712,5,0.119116,0.936495,23,0,1000.000,1.622830,0.667926
71712,6,0.119562,0.918036,21,0,1000.000,1.621802,0.652656
71712,7,0.128755,0.890382,15,0,1000.000,2.050365,0.630022
71760,0,0.131358,0.909578,27,1,969.889,1.924911,0.636749
71760,1,0.124355,0.934350,15,0,1000.000,1.565191,0.655733
71760,2,0.137515,0.926906,24,0,1000.000,1.572929,0.650851
71760,3,0.123944,0.913668,31,0,1000.000,1.954820,0.649641
71760,4,0.115396,0.926694,28,0,1000.000,1.828410,0.645472
71760,5,0.119116,0.912475,20,0,1000.000,1.996101,0.633774
71760,6,0.119562,0.924804,27,0,1000.000,1.972328,0.662731
71760,7,0.128755,0.912305,20,0,1000.000,1.802036,0.666135
71808,0,0.131358,0.946197,18,1,978.778,1.303693,0.679675
71808,1,0.124355,0.906310,17,0,1000.000,1.741779,0.646029
71808,2,0.137515,0.911484,31,0,1000.000,2.199342,0.637293
71808,3,0.123944,0.899524,21,0,1000.000,2.209871,0.632885
71808,4,0.115396,0.923800,23,0,1000.000,1.773061,0.646465
71808,5,0.119116,0.919337,23,0,1000.000,1.746775,0.671136
71808,6,0.119562,0.921981,14,0,1000.000,2.049251,0.645773
71808,7,0.128755,0.898967,27,0,1000.000,2.075824,0.643274
71856,0,0.131358,0.916831,31,0,1000.000,1.791653,0.644257
71856,1,0.124355,0.936330,34,0,1000.000,1.692327,0.661236
71856,2,0.137515,0.927554,24,0,1000.000,2.056927,0.666628
71856,3,0.123944,0.893857,32,0,1000.000,2.221365,0.637807
71856,4,0.115396,0.896956,31,0,1000.000,2.295997,0.634482
71856,5,0.119116,0.908860,29,0,1000.000,1.907771,0.647104
71856,6,0.119562,0.933027,29,0,1000.000,1.644146,0.656438
71856,7,0.128755,0.907809,26,0,1000.000,2.207152,0.649682
71952,0,0.131358,0.929697,60,0,1000.000,1.805606,0.648280
71952,1,0.124355,0.909269,47,0,1000.000,1.961510,0.648611
71952,2,0.137515,0.931261,49,0,1000.000,1.815352,0.659593
71952,3,0.123944,0.934368,56,0,1000.000,1.684968,0.655343
71952,4,0.115396,0.933672,59,0,1000.000,1.888213,0.650030
71952,5,0.119116,0.902673,56,1,983.304,2.084743,0.639166
71952,6,0.119562,0.923130,38,0,1000.000,1.980225,0.652138
71952,7,0.128755,0.906884,67,2,986.134,1.823033,0.640597
72000,0,0.131358,0.921066,23,0,1000.000,1.929423,0.641468
72000,1,0.124355,0.936130,23,0,1000.000,1.533191,0.668331
72000,2,0.137515,0.931075,30,0,1000.000,1.712553,0.656751
72000,3,0.123944,0.932990,28,0,1000.000,1.704630,0.668102
72000,4,0.115396,0.922797,29,0,1000.000,2.020682,0.645759
72000,5,0.119116,0.912415,23,0,1000.000,1.871504,0.635064
72000,6,0.119562,0.931776,35,0,1000.000,1.798659,0.651332
72000,7,0.128755,0.914657,29,0,1000.000,2.064957,0.649401
