step,bin_idx,weight,mean_reward,n_samples,n_falls,mean_ep_len,mean_vx_at_term,r_en
48,0,0.125000,0.000126,4121,4096,6.066,0.130308,0.000033
48,1,0.125000,0.010078,20,0,1000.000,0.169008,0.006301
48,2,0.125000,0.003110,20,0,1000.000,0.177378,0.005347
48,3,0.125000,0.000693,31,0,1000.000,0.169348,0.005837
48,4,0.125000,0.000083,34,0,1000.000,0.173656,0.005182
48,5,0.125000,0.000008,25,0,1000.000,0.181754,0.005383
48,6,0.125000,0.000000,24,0,1000.000,0.182179,0.005792
48,7,0.125000,0.000000,23,0,1000.000,0.175116,0.006510
96,0,0.125000,0.066820,26,1,973.231,0.179648,0.023752
96,1,0.125000,0.032796,24,1,988.333,0.143927,0.020400
96,2,0.125000,0.011740,23,0,1000.000,0.122261,0.020236
96,3,0.125000,0.006185,19,1,951.947,0.148631,0.034096
96,4,0.125000,0.000278,19,1,970.684,0.199195,0.020722
96,5,0.125000,0.000029,25,0,1000.000,0.234295,0.019613
96,6,0.125000,0.000001,20,0,1000.000,0.108899,0.018464
96,7,0.125000,0.000000,25,0,1000.000,0.177270,0.023026
144,0,0.125000,0.154699,37,7,907.297,0.121314,0.050077
144,1,0.125000,0.059671,35,2,974.171,0.130373,0.039380
144,2,0.125000,0.042038,41,9,864.317,0.119219,0.059105
144,3,0.125000,0.005626,29,4,946.931,0.139910,0.041089
144,4,0.125000,0.001006,33,6,923.121,0.142330,0.044181
144,5,0.125000,0.000084,23,4,908.565,0.146136,0.041592
144,6,0.125000,0.000006,25,6,891.320,0.134632,0.043685
144,7,0.125000,0.000000,28,4,923.857,0.160317,0.045720
192,0,0.125000,0.206590,40,14,863.375,0.110171,0.065893
192,1,0.125000,0.129760,29,7,883.483,0.117901,0.068449
192,2,0.125000,0.039392,28,8,909.107,0.109221,0.056488
192,3,0.125000,0.014152,22,7,826.682,0.115922,0.074963
192,4,0.125000,0.001652,31,9,860.032,0.114241,0.062713
192,5,0.125000,0.000132,29,9,893.690,0.091230,0.062949
192,6,0.125000,0.000006,34,6,933.765,0.139937,0.056396
192,7,0.125000,0.000000,36,2,984.778,0.124099,0.052608
240,0,0.125000,0.251554,32,6,902.188,0.127852,0.080944
240,1,0.125000,0.152902,35,10,861.857,0.131091,0.083821
240,2,0.125000,0.042338,26,5,944.000,0.118056,0.069556
240,3,0.125000,0.013820,28,4,891.321,0.098737,0.088844
240,4,0.125000,0.002022,29,8,860.310,0.128560,0.086846
240,5,0.125000,0.000152,27,5,925.333,0.121401,0.078593
240,6,0.125000,0.000007,38,6,917.895,0.153380,0.074853
240,7,0.125000,0.000000,34,3,925.265,0.131380,0.080442
288,0,0.125000,0.327078,40,14,847.950,0.094304,0.110229
288,1,0.125000,0.139366,35,6,941.743,0.128185,0.085540
288,2,0.125000,0.061899,22,6,904.909,0.116635,0.088395
288,3,0.125000,0.013775,21,4,933.381,0.103399,0.089618
288,4,0.125000,0.001531,25,4,925.440,0.125830,0.093219
288,5,0.125000,0.000122,28,1,973.286,0.121206,0.092662
288,6,0.125000,0.000008,28,2,950.214,0.129112,0.089950
288,7,0.125000,0.000000,33,4,958.182,0.123021,0.085981
336,0,0.125000,0.357979,24,8,880.250,0.108998,0.115349
336,1,0.125000,0.281848,25,9,749.320,0.084599,0.155051
336,2,0.125000,0.072957,23,4,877.087,0.109520,0.128546
336,3,0.125000,0.013700,25,2,956.280,0.113220,0.099064
336,4,0.125000,0.001457,24,1,986.750,0.129965,0.097921
336,5,0.125000,0.000107,24,0,1000.000,0.125912,0.091277
336,6,0.125000,0.000011,26,3,937.000,0.110062,0.107754
336,7,0.125000,0.000000,25,1,985.480,0.117004,0.094458
384,0,0.125000,0.365519,29,7,915.345,0.092521,0.127225
384,1,0.125000,0.241688,27,6,862.407,0.123965,0.142876
384,2,0.125000,0.082730,26,5,886.000,0.104078,0.137582
384,3,0.125000,0.015665,27,3,959.111,0.123608,0.115822
384,4,0.125000,0.001830,25,1,977.360,0.123773,0.117652
384,5,0.125000,0.000167,34,3,954.618,0.095556,0.120095
384,6,0.125000,0.000006,21,0,1000.000,0.136001,0.116264
384,7,0.125000,0.000000,29,0,1000.000,0.115911,0.109171
432,0,0.125000,0.552741,41,20,704.829,0.076851,0.187579
432,1,0.125000,0.325177,31,12,745.710,0.118279,0.181323
432,2,0.125000,0.107047,32,9,813.438,0.086916,0.164337
432,3,0.125000,0.020905,27,3,908.667,0.117508,0.146406
432,4,0.125000,0.003002,29,5,884.931,0.112722,0.152741
432,5,0.125000,0.000167,41,1,981.463,0.110642,0.125706
432,6,0.125000,0.000008,15,0,1000.000,0.126818,0.130366
432,7,0.125000,0.000000,27,1,983.482,0.107648,0.125989
480,0,0.125000,0.624345,49,30,659.633,0.108106,0.219303
480,1,0.125000,0.344786,38,17,764.921,0.105480,0.202668
480,2,0.125000,0.126074,37,14,767.730,0.125322,0.194999
480,3,0.125000,0.020996,23,4,935.391,0.132591,0.153671
480,4,0.125000,0.003217,29,2,940.310,0.130287,0.154983
480,5,0.125000,0.000202,22,1,962.727,0.146688,0.150211
480,6,0.125000,0.000008,37,0,1000.000,0.126005,0.143492
480,7,0.125000,0.000000,24,0,1000.000,0.129794,0.136841
528,0,0.125000,0.634185,77,45,712.247,0.098803,0.229425
528,1,0.125000,0.393717,54,31,687.704,0.083701,0.228232
528,2,0.125000,0.161159,39,25,641.897,0.080097,0.244402
528,3,0.125000,0.029817,27,9,813.778,0.115274,0.195771
528,4,0.125000,0.004087,37,12,821.973,0.095758,0.192987
528,5,0.125000,0.000193,16,1,940.750,0.139394,0.184710
528,6,0.125000,0.000012,22,1,960.818,0.094784,0.166234
528,7,0.125000,0.000000,19,1,951.526,0.106773,0.155601
576,0,0.125000,0.712396,66,46,626.455,0.081107,0.254139
576,1,0.125000,0.408401,66,47,700.000,0.084007,0.238921
576,2,0.125000,0.153751,53,27,712.132,0.085147,0.235219
576,3,0.125000,0.031816,31,11,796.290,0.098246,0.223649
576,4,0.125000,0.004238,41,12,837.854,0.093656,0.206649
576,5,0.125000,0.000320,26,6,913.423,0.092258,0.189422
576,6,0.125000,0.000011,18,2,952.278,0.115914,0.175404
576,7,0.125000,0.000000,28,0,1000.000,0.101203,0.173251
624,0,0.125000,0.770749,63,48,565.397,0.078647,0.282972
624,1,0.125000,0.447235,65,45,656.200,0.079660,0.261906
624,2,0.125000,0.171469,53,33,679.887,0.085806,0.252254
624,3,0.125000,0.040788,55,31,687.891,0.079271,0.249045
624,4,0.125000,0.003962,36,7,913.806,0.133900,0.206069
624,5,0.125000,0.000512,37,13,780.459,0.077119,0.240669
624,6,0.125000,0.000014,17,2,958.647,0.095994,0.195868
624,7,0.125000,0.000000,20,0,1000.000,0.122820,0.184259
672,0,0.125000,0.759049,37,24,570.324,0.101005,0.290995
672,1,0.125000,0.447427,40,21,698.850,0.104772,0.264817
672,2,0.125000,0.184428,51,33,621.137,0.083781,0.268854
672,3,0.125000,0.038912,38,20,687.974,0.097801,0.269973
672,4,0.125000,0.004325,40,10,867.425,0.114106,0.231343
672,5,0.125000,0.000426,22,6,821.727,0.122373,0.232041
672,6,0.125000,0.000014,25,1,974.640,0.095853,0.210313
672,7,0.125000,0.000001,21,2,958.857,0.136564,0.214603
720,0,0.125000,0.783898,45,30,592.422,0.076074,0.290272
720,1,0.125000,0.458430,38,23,689.921,0.088087,0.284290
720,2,0.125000,0.178388,35,19,676.600,0.102498,0.270020
720,3,0.125000,0.039056,28,13,739.214,0.120833,0.265208
720,4,0.125000,0.004447,28,8,885.714,0.096917,0.234733
720,5,0.125000,0.000428,36,8,862.083,0.115035,0.243310
720,6,0.125000,0.000018,27,4,923.444,0.147292,0.227154
720,7,0.125000,0.000000,18,0,1000.000,0.094557,0.216562
768,0,0.125000,0.804270,34,23,613.853,0.081470,0.306798
768,1,0.125000,0.491331,39,23,639.744,0.086086,0.296205
768,2,0.125000,0.184930,19,9,653.895,0.132885,0.276438
768,3,0.125000,0.036617,31,10,800.000,0.122257,0.273404
768,4,0.125000,0.005185,38,12,849.842,0.086036,0.260287
768,5,0.125000,0.000394,29,7,920.690,0.082775,0.255066
768,6,0.125000,0.000014,19,1,997.368,0.161654,0.243987
768,7,0.125000,0.000000,18,0,1000.000,0.129011,0.246038
816,0,0.125000,0.838739,28,19,566.857,0.111239,0.310431
816,1,0.125000,0.514101,28,17,578.679,0.109320,0.314348
816,2,0.125000,0.188745,34,15,726.676,0.093012,0.291894
816,3,0.125000,0.039245,37,13,790.297,0.106186,0.293794
816,4,0.125000,0.006448,27,11,726.667,0.116342,0.288463
816,5,0.125000,0.000560,22,4,845.091,0.122442,0.284097
816,6,0.125000,0.000022,33,5,905.364,0.108737,0.270298
816,7,0.125000,0.000001,29,5,919.690,0.153202,0.271928
864,0,0.125000,0.833149,21,11,668.619,0.082434,0.313179
864,1,0.125000,0.488861,26,10,737.885,0.095602,0.305741
864,2,0.125000,0.197955,26,15,634.808,0.088000,0.308790
864,3,0.125000,0.040909,26,8,822.077,0.135186,0.297014
864,4,0.125000,0.006684,29,12,755.345,0.102869,0.304656
864,5,0.125000,0.000409,25,6,881.800,0.106213,0.288085
864,6,0.125000,0.000039,31,12,803.452,0.107953,0.297543
864,7,0.125000,0.000001,30,12,776.467,0.093811,0.306746
912,0,0.125000,0.831464,25,10,743.480,0.087903,0.313455
912,1,0.125000,0.452486,18,1,965.500,0.112829,0.310114
912,2,0.125000,0.184854,21,6,814.095,0.098775,0.316052
912,3,0.125000,0.036156,24,4,941.708,0.104274,0.305811
912,4,0.125000,0.004683,24,2,960.125,0.086044,0.288913
912,5,0.125000,0.000454,32,7,869.219,0.111833,0.311820
912,6,0.125000,0.000019,35,9,877.314,0.104918,0.310805
912,7,0.125000,0.000001,31,7,910.903,0.116465,0.308411
960,0,0.125000,0.833398,18,3,911.056,0.077481,0.318992
960,1,0.125000,0.465952,10,0,1000.000,0.148647,0.317738
960,2,0.125000,0.171466,16,1,959.750,0.071512,0.320429
960,3,0.125000,0.044727,31,12,758.355,0.078096,0.337184
960,4,0.125000,0.005273,33,7,899.455,0.142748,0.327023
960,5,0.125000,0.000406,29,3,941.897,0.139583,0.316590
960,6,0.125000,0.000023,33,11,872.667,0.128248,0.330736
960,7,0.125000,0.000001,39,18,805.103,0.143084,0.333970
1008,0,0.125000,0.729648,12,2,901.667,0.139048,0.341449
1008,1,0.125000,0.445325,12,2,856.500,0.122628,0.341178
1008,2,0.125000,0.203965,21,4,874.286,0.083566,0.334173
1008,3,0.125000,0.079189,32,7,902.812,0.135457,0.343558
1008,4,0.125000,0.013022,27,5,919.037,0.144293,0.333056
1008,5,0.125000,0.005257,39,11,843.000,0.123812,0.344294
1008,6,0.125000,0.000037,32,7,869.656,0.097224,0.334910
1008,7,0.125000,0.000013,29,15,737.448,0.150077,0.360117
1056,0,0.125000,0.309636,23,5,859.391,0.117218,0.349443
1056,1,0.125000,0.202818,23,2,950.783,0.076649,0.339077
1056,2,0.125000,0.140584,15,4,869.333,0.117365,0.350421
1056,3,0.125000,0.097450,17,5,858.882,0.179668,0.353721
1056,4,0.125000,0.115915,23,8,795.913,0.148193,0.347130
1056,5,0.125000,0.156175,22,4,917.455,0.093537,0.348390
1056,6,0.125000,0.070631,33,9,897.151,0.118803,0.350266
1056,7,0.125000,0.084428,32,11,809.844,0.091373,0.358881
1104,0,0.125000,0.288570,23,2,959.913,0.138016,0.361697
1104,1,0.125000,0.303644,20,4,884.550,0.088515,0.354670
1104,2,0.125000,0.134840,18,2,955.000,0.120734,0.341688
1104,3,0.125000,0.129728,23,9,850.739,0.194534,0.352639
1104,4,0.125000,0.059858,29,12,799.103,0.165278,0.366562
1104,5,0.125000,0.214399,20,4,922.200,0.131309,0.364420
1104,6,0.125000,0.068399,32,13,830.656,0.130088,0.358508
1104,7,0.125000,0.034966,31,20,676.839,0.143199,0.375253
1152,0,0.125000,0.276996,40,9,903.000,0.137091,0.360376
1152,1,0.125000,0.331214,33,12,758.151,0.199965,0.369448
1152,2,0.125000,0.163118,44,19,779.614,0.211743,0.369212
1152,3,0.125000,0.101028,40,14,795.325,0.159919,0.359151
1152,4,0.125000,0.092660,36,16,821.833,0.260894,0.378225
1152,5,0.125000,0.078215,53,25,793.434,0.173465,0.372638
1152,6,0.125000,0.040924,37,23,680.243,0.134802,0.373879
1152,7,0.125000,0.038356,45,27,729.733,0.134933,0.365012
1200,0,0.125000,0.343219,27,9,786.000,0.115743,0.369810
1200,1,0.125000,0.256436,25,6,888.320,0.134824,0.368047
1200,2,0.125000,0.111461,41,16,789.634,0.158108,0.369437
1200,3,0.125000,0.117028,33,17,708.849,0.181066,0.376651
1200,4,0.125000,0.115538,33,14,763.030,0.145140,0.384830
1200,5,0.125000,0.065467,44,23,717.091,0.147377,0.382298
1200,6,0.125000,0.038366,33,15,812.091,0.102868,0.369403
1200,7,0.125000,0.067032,37,19,822.324,0.098562,0.364968
1248,0,0.125000,0.201194,32,1,975.625,0.096244,0.361318
1248,1,0.125000,0.288068,20,6,868.500,0.097919,0.377258
1248,2,0.125000,0.196348,29,8,903.000,0.142845,0.379315
1248,3,0.125000,0.068736,39,18,747.051,0.198399,0.389485
1248,4,0.125000,0.066963,25,9,813.040,0.233058,0.387605
1248,5,0.125000,0.147857,26,5,956.769,0.082284,0.376992
1248,6,0.125000,0.037223,24,12,771.250,0.184211,0.385718
1248,7,0.125000,0.099219,20,10,746.450,0.118818,0.391823
1296,0,0.125000,0.431713,17,4,911.059,0.094640,0.374221
1296,1,0.125000,0.260889,36,13,759.833,0.126805,0.383536
1296,2,0.125000,0.148879,31,9,833.613,0.116536,0.380791
1296,3,0.125000,0.051895,29,11,864.552,0.165832,0.386145
1296,4,0.125000,0.111232,24,8,842.875,0.181545,0.393716
1296,5,0.125000,0.131612,23,6,894.565,0.144191,0.380142
1296,6,0.125000,0.072308,26,13,802.538,0.167279,0.394693
1296,7,0.125000,0.175550,29,9,852.586,0.182293,0.383113
1344,0,0.125000,0.398618,20,6,875.000,0.110925,0.387041
1344,1,0.125000,0.243951,30,8,831.400,0.131850,0.385681
1344,2,0.125000,0.189488,36,18,753.556,0.091873,0.394365
1344,3,0.125000,0.167894,24,11,770.000,0.138859,0.402983
1344,4,0.125000,0.105850,25,6,890.960,0.090914,0.387981
1344,5,0.125000,0.063700,12,5,760.667,0.206177,0.380026
1344,6,0.125000,0.078058,12,2,886.667,0.131776,0.400380
1344,7,0.125000,0.119658,21,4,935.810,0.091291,0.370737
1392,0,0.125000,0.274479,21,5,858.238,0.096749,0.397345
1392,1,0.125000,0.416545,27,10,751.778,0.123639,0.414894
1392,2,0.125000,0.211447,31,13,794.581,0.131251,0.396569
1392,3,0.125000,0.099951,26,10,820.923,0.116709,0.402617
1392,4,0.125000,0.094585,29,11,847.897,0.166289,0.391071
1392,5,0.125000,0.111399,24,3,924.500,0.102438,0.392821
1392,6,0.125000,0.126068,19,6,898.158,0.111899,0.390817
1392,7,0.125000,0.133911,25,3,926.680,0.151283,0.386373
1440,0,0.125000,0.541146,29,14,726.552,0.082644,0.412426
1440,1,0.125000,0.234878,28,5,929.679,0.114783,0.391124
1440,2,0.125000,0.183027,31,16,821.032,0.108431,0.400658
1440,3,0.125000,0.142993,33,6,894.182,0.124025,0.395832
1440,4,0.125000,0.064433,21,6,842.714,0.104041,0.395244
1440,5,0.125000,0.097296,26,6,856.077,0.128907,0.394328
1440,6,0.125000,0.086271,18,5,852.167,0.160051,0.395969
1440,7,0.125000,0.129438,26,3,919.962,0.108401,0.390657
1488,0,0.125000,0.443641,33,13,777.636,0.097601,0.418583
1488,1,0.125000,0.335078,21,9,782.524,0.090918,0.405562
1488,2,0.125000,0.160347,27,8,843.630,0.158968,0.405987
1488,3,0.125000,0.149114,17,4,947.588,0.090963,0.393774
1488,4,0.125000,0.113577,41,14,865.146,0.139845,0.406501
1488,5,0.125000,0.091601,32,12,874.875,0.131003,0.394849
1488,6,0.125000,0.056043,27,9,822.333,0.116969,0.406558
1488,7,0.125000,0.126657,24,2,967.250,0.079894,0.385458
1536,0,0.125000,0.403737,36,12,804.417,0.127156,0.412062
1536,1,0.125000,0.349904,46,21,825.261,0.171738,0.414221
1536,2,0.125000,0.211197,46,28,719.891,0.227707,0.423995
1536,3,0.125000,0.052232,36,19,771.389,0.164969,0.420802
1536,4,0.125000,0.110938,45,19,783.800,0.141097,0.411470
1536,5,0.125000,0.083500,35,17,762.143,0.208814,0.422602
1536,6,0.125000,0.070239,38,12,829.342,0.241615,0.411767
1536,7,0.125000,0.095447,37,11,893.595,0.178910,0.402816
1584,0,0.125000,0.459485,36,14,795.333,0.191155,0.418277
1584,1,0.125000,0.423537,56,30,756.339,0.198961,0.426788
1584,2,0.125000,0.239420,54,39,661.926,0.241885,0.442210
1584,3,0.125000,0.125412,79,50,707.000,0.158714,0.434639
1584,4,0.125000,0.049643,79,50,700.405,0.208673,0.434832
1584,5,0.125000,0.060825,53,32,694.906,0.232940,0.431265
1584,6,0.125000,0.085287,66,33,776.485,0.225414,0.421678
1584,7,0.125000,0.172628,41,23,733.659,0.178464,0.419536
1632,0,0.125000,0.640271,56,33,696.411,0.229624,0.442803
1632,1,0.125000,0.524897,86,60,600.977,0.200002,0.453974
1632,2,0.125000,0.258942,100,81,611.360,0.279803,0.449506
1632,3,0.125000,0.115327,108,82,607.268,0.288510,0.449478
1632,4,0.125000,0.074031,114,89,622.272,0.246769,0.450435
1632,5,0.125000,0.042232,91,71,628.121,0.222872,0.454336
1632,6,0.125000,0.067306,93,66,709.688,0.242289,0.440170
1632,7,0.125000,0.038287,78,57,610.000,0.278153,0.441065
1680,0,0.125000,0.771632,63,47,604.397,0.209539,0.457302
1680,1,0.125000,0.574588,95,81,571.474,0.228913,0.464777
1680,2,0.125000,0.278223,116,101,528.397,0.253556,0.470403
1680,3,0.125000,0.088146,140,126,550.829,0.237655,0.472857
1680,4,0.125000,0.027271,129,112,549.550,0.244328,0.474924
1680,5,0.125000,0.039569,128,112,542.156,0.269892,0.469553
1680,6,0.125000,0.054877,124,102,531.460,0.217165,0.466276
1680,7,0.125000,0.016892,98,82,606.388,0.226830,0.467563
1728,0,0.125000,0.770753,39,31,542.154,0.227838,0.469112
1728,1,0.125000,0.550951,49,39,564.653,0.299924,0.475953
1728,2,0.125000,0.273321,65,56,490.092,0.242543,0.488948
1728,3,0.125000,0.102492,87,74,490.954,0.265712,0.486037
1728,4,0.125000,0.046432,80,72,465.788,0.341072,0.487277
1728,5,0.125000,0.027096,85,78,446.247,0.215906,0.498746
1728,6,0.125000,0.042988,92,76,497.141,0.339015,0.484376
1728,7,0.125000,0.052347,75,69,513.373,0.289479,0.483286
1776,0,0.125000,0.694430,27,14,666.222,0.261762,0.450618
1776,1,0.125000,0.523600,40,25,685.875,0.274469,0.453181
1776,2,0.125000,0.308324,36,25,499.889,0.329144,0.472239
1776,3,0.125000,0.157230,41,28,596.976,0.312367,0.478023
1776,4,0.125000,0.055956,50,41,483.720,0.296782,0.494238
1776,5,0.125000,0.078939,44,33,485.659,0.307414,0.488464
1776,6,0.125000,0.085282,39,31,579.051,0.365028,0.467004
1776,7,0.125000,0.110067,35,24,553.886,0.307736,0.484970
1824,0,0.125000,0.765134,23,16,475.261,0.363171,0.477589
1824,1,0.125000,0.617904,26,20,437.192,0.213594,0.482906
1824,2,0.125000,0.303836,20,12,610.150,0.305379,0.475451
1824,3,0.125000,0.122826,35,27,520.629,0.315374,0.482401
1824,4,0.125000,0.106010,32,24,463.125,0.393815,0.483894
1824,5,0.125000,0.064620,29,16,692.379,0.279564,0.466245
1824,6,0.125000,0.141406,24,17,480.875,0.374317,0.488958
1824,7,0.125000,0.123244,23,14,520.000,0.218949,0.461598
1872,0,0.125000,0.635999,13,6,719.538,0.204460,0.462252
1872,1,0.125000,0.367031,13,5,771.692,0.209941,0.441947
1872,2,0.125000,0.254688,34,25,475.176,0.455613,0.483039
1872,3,0.125000,0.160555,28,17,601.679,0.402783,0.473935
1872,4,0.125000,0.165734,30,14,647.933,0.317939,0.462807
1872,5,0.125000,0.085029,31,26,447.742,0.457632,0.479234
1872,6,0.125000,0.150072,17,12,552.059,0.389643,0.462059
1872,7,0.125000,0.123717,36,22,579.194,0.406158,0.462274
1920,0,0.125000,0.833846,48,40,442.333,0.476581,0.491962
1920,1,0.125000,0.625867,63,54,461.508,0.452477,0.492202
1920,2,0.125000,0.298601,61,47,527.902,0.462894,0.479721
1920,3,0.125000,0.109486,52,45,418.442,0.489592,0.493169
1920,4,0.125000,0.098529,63,48,488.936,0.417390,0.488645
1920,5,0.125000,0.070653,56,50,410.554,0.486523,0.492068
1920,6,0.125000,0.112639,50,37,512.580,0.452350,0.460402
1920,7,0.125000,0.029048,52,40,501.404,0.438918,0.458008
1968,0,0.125000,0.788351,58,46,592.517,0.444246,0.479969
1968,1,0.125000,0.601541,64,53,472.156,0.477029,0.503323
1968,2,0.125000,0.306713,71,61,471.549,0.527270,0.502123
1968,3,0.125000,0.100496,60,51,443.550,0.489547,0.505612
1968,4,0.125000,0.081586,72,62,418.167,0.523472,0.499096
1968,5,0.125000,0.068538,64,53,467.906,0.548257,0.493906
1968,6,0.125000,0.016477,58,51,460.534,0.569487,0.484258
1968,7,0.125000,0.054533,52,48,468.481,0.553338,0.463184
2016,0,0.125000,0.851236,57,49,472.053,0.429538,0.498174
2016,1,0.125000,0.653089,48,41,452.250,0.496958,0.506892
2016,2,0.125000,0.296559,75,72,418.280,0.517675,0.513931
2016,3,0.125000,0.091322,64,60,384.656,0.522897,0.512181
2016,4,0.125000,0.050655,68,61,419.412,0.508739,0.514959
2016,5,0.125000,0.024131,67,64,410.731,0.555994,0.504464
2016,6,0.125000,0.022389,58,53,479.397,0.507956,0.491512
2016,7,0.125000,0.035701,45,41,426.444,0.524138,0.469848
2064,0,0.125000,0.850933,39,33,544.436,0.517174,0.495203
2064,1,0.125000,0.669653,53,50,392.396,0.531489,0.521315
2064,2,0.125000,0.287594,55,51,429.236,0.546161,0.512147
2064,3,0.125000,0.113991,45,41,399.933,0.608377,0.522047
2064,4,0.125000,0.056277,72,64,456.722,0.480643,0.510774
2064,5,0.125000,0.019140,57,51,460.491,0.489887,0.494595
2064,6,0.125000,0.059022,56,47,481.857,0.463532,0.486350
2064,7,0.125000,0.035685,50,42,497.820,0.470354,0.470648
2112,0,0.125000,0.876683,28,26,448.321,0.484997,0.516028
2112,1,0.125000,0.599118,42,31,536.286,0.475742,0.520496
2112,2,0.125000,0.310763,38,32,537.711,0.454074,0.511330
2112,3,0.125000,0.090971,40,33,427.650,0.512252,0.522810
2112,4,0.125000,0.036073,56,50,402.482,0.579654,0.510123
2112,5,0.125000,0.068978,59,50,461.339,0.533421,0.504852
2112,6,0.125000,0.026195,53,46,453.415,0.556429,0.497848
2112,7,0.125000,0.028625,42,39,441.214,0.464062,0.473654
2160,0,0.125000,0.836528,34,27,554.588,0.471957,0.505269
2160,1,0.125000,0.576594,48,38,508.438,0.500468,0.519207
2160,2,0.125000,0.285293,65,56,431.308,0.533081,0.532428
2160,3,0.125000,0.091777,58,48,453.948,0.525235,0.538681
2160,4,0.125000,0.055743,45,40,388.911,0.540108,0.523549
2160,5,0.125000,0.056481,58,48,470.155,0.491832,0.506447
2160,6,0.125000,0.024393,60,52,452.083,0.492257,0.494909
2160,7,0.125000,0.076886,54,46,491.278,0.437627,0.465265
2208,0,0.125000,0.873616,34,28,571.147,0.489370,0.519034
2208,1,0.125000,0.657976,50,47,499.920,0.558363,0.531913
2208,2,0.125000,0.315305,57,53,415.053,0.577495,0.544417
2208,3,0.125000,0.123637,45,39,413.289,0.512383,0.538731
2208,4,0.125000,0.047069,56,51,424.375,0.550495,0.522150
2208,5,0.125000,0.036772,62,51,480.242,0.496093,0.508940
2208,6,0.125000,0.000231,60,58,433.517,0.561825,0.491371
2208,7,0.125000,0.060752,62,53,473.935,0.518198,0.487619
2256,0,0.125000,0.833604,39,31,534.564,0.474598,0.524841
2256,1,0.125000,0.630622,38,35,468.500,0.551041,0.531950
2256,2,0.125000,0.320389,43,39,389.605,0.586662,0.536048
2256,3,0.125000,0.080519,55,51,403.091,0.559976,0.544153
2256,4,0.125000,0.047623,56,50,412.393,0.552760,0.545387
2256,5,0.125000,0.023947,58,56,388.086,0.575574,0.519746
2256,6,0.125000,0.000081,59,59,400.627,0.558686,0.499049
2256,7,0.125000,0.004012,59,55,441.610,0.497734,0.485959
2304,0,0.125000,0.858130,34,29,470.353,0.532353,0.540106
2304,1,0.125000,0.699089,39,36,417.154,0.518017,0.558107
2304,2,0.125000,0.312724,58,49,499.517,0.531394,0.536341
2304,3,0.125000,0.154497,48,41,442.500,0.533104,0.540916
2304,4,0.125000,0.031345,43,37,441.814,0.528956,0.533599
2304,5,0.125000,0.001361,59,58,358.898,0.574047,0.516661
2304,6,0.125000,0.001568,53,51,487.528,0.577675,0.506955
2304,7,0.125000,0.067715,53,46,500.000,0.494961,0.479566
2352,0,0.125000,0.897466,37,33,524.405,0.446098,0.534646
2352,1,0.125000,0.664382,41,38,458.195,0.594493,0.550903
2352,2,0.125000,0.334044,38,35,447.289,0.480012,0.554580
2352,3,0.125000,0.100202,43,38,414.860,0.595658,0.552719
2352,4,0.125000,0.045432,53,49,351.528,0.567446,0.548754
2352,5,0.125000,0.001428,54,53,430.352,0.601285,0.517467
2352,6,0.125000,0.088836,58,49,512.397,0.535942,0.510816
2352,7,0.125000,0.021734,38,33,445.026,0.544784,0.504863
2400,0,0.125000,0.897891,27,23,520.037,0.532848,0.544558
2400,1,0.125000,0.648240,25,23,443.280,0.518623,0.558087
2400,2,0.125000,0.314262,30,27,351.067,0.540229,0.552842
2400,3,0.125000,0.092230,31,30,405.387,0.594252,0.563718
2400,4,0.125000,0.126056,28,23,446.071,0.544831,0.538456
2400,5,0.125000,0.037494,39,37,346.538,0.620638,0.550571
2400,6,0.125000,0.120802,24,18,566.833,0.505606,0.518459
2400,7,0.125000,0.087999,27,23,468.963,0.503403,0.508541
2448,0,0.125000,0.915423,32,28,490.688,0.525031,0.547932
2448,1,0.125000,0.711131,37,36,538.838,0.491318,0.558899
2448,2,0.125000,0.364535,38,34,456.737,0.476526,0.554416
2448,3,0.125000,0.169419,40,36,416.075,0.622536,0.575425
2448,4,0.125000,0.102470,25,19,516.120,0.457843,0.541905
2448,5,0.125000,0.034491,40,37,429.950,0.562982,0.547119
2448,6,0.125000,0.027887,35,30,496.657,0.597806,0.529829
2448,7,0.125000,0.000501,27,26,431.852,0.563530,0.504804
2496,0,0.125000,0.890110,31,27,484.742,0.382618,0.570383
2496,1,0.125000,0.636661,38,30,505.000,0.402809,0.568593
2496,2,0.125000,0.336624,46,44,376.978,0.555263,0.576350
2496,3,0.125000,0.096217,50,48,438.140,0.581320,0.575281
2496,4,0.125000,0.033827,55,51,421.545,0.500122,0.564845
2496,5,0.125000,0.028293,36,34,369.944,0.583279,0.553203
2496,6,0.125000,0.047535,29,24,588.207,0.495477,0.536888
2496,7,0.125000,0.060043,32,30,469.375,0.559013,0.514888
2544,0,0.125000,0.844363,21,12,772.143,0.363895,0.539663
2544,1,0.125000,0.640396,23,15,702.130,0.350656,0.539738
2544,2,0.125000,0.412864,17,10,717.529,0.394081,0.567635
2544,3,0.125000,0.162843,16,9,626.000,0.450522,0.559619
2544,4,0.125000,0.039373,24,21,509.167,0.569196,0.546949
2544,5,0.125000,0.141739,24,16,657.917,0.498078,0.548682
2544,6,0.125000,0.073071,19,11,694.789,0.323787,0.530352
2544,7,0.125000,0.253740,22,12,803.864,0.347443,0.509700
2592,0,0.125000,0.642676,17,8,773.000,0.347168,0.547253
2592,1,0.125000,0.554847,19,6,881.211,0.357430,0.547073
2592,2,0.125000,0.422819,13,6,757.692,0.397322,0.537648
2592,3,0.125000,0.311359,26,12,738.462,0.364377,0.562712
2592,4,0.125000,0.148517,14,8,695.143,0.457698,0.540211
2592,5,0.125000,0.218690,9,5,694.889,0.395228,0.522715
2592,6,0.125000,0.154011,19,12,591.158,0.403749,0.531003
2592,7,0.125000,0.201149,24,15,646.542,0.385207,0.515500
2640,0,0.125000,0.546268,23,5,876.739,0.342042,0.532668
2640,1,0.125000,0.501976,26,6,866.192,0.268293,0.556959
2640,2,0.125000,0.411355,19,6,820.000,0.245108,0.538373
2640,3,0.125000,0.254244,26,6,850.923,0.290691,0.539253
2640,4,0.125000,0.346230,27,6,873.111,0.281792,0.544532
2640,5,0.125000,0.349169,24,9,736.917,0.323395,0.552698
2640,6,0.125000,0.353369,29,6,860.000,0.248457,0.541161
2640,7,0.125000,0.286480,29,9,848.000,0.272411,0.529351
2688,0,0.125000,0.435673,32,3,952.406,0.221775,0.534867
2688,1,0.125000,0.378709,26,3,942.962,0.242724,0.549454
2688,2,0.125000,0.368656,23,3,931.609,0.248989,0.552526
2688,3,0.125000,0.349019,36,4,947.722,0.239943,0.541983
2688,4,0.125000,0.180398,31,1,988.161,0.201869,0.529133
2688,5,0.125000,0.274540,29,7,846.241,0.287579,0.548161
2688,6,0.125000,0.341621,26,4,912.731,0.222095,0.526914
2688,7,0.125000,0.181440,36,5,917.056,0.250947,0.539134
2736,0,0.125000,0.518141,22,5,932.591,0.247701,0.549363
2736,1,0.125000,0.418985,18,4,867.222,0.244877,0.539061
2736,2,0.125000,0.228685,20,4,910.600,0.285601,0.543805
2736,3,0.125000,0.294275,22,7,796.864,0.284082,0.559441
2736,4,0.125000,0.168593,18,8,784.056,0.430862,0.544372
2736,5,0.125000,0.331691,26,5,871.231,0.250829,0.541571
2736,6,0.125000,0.264314,25,4,931.880,0.245094,0.545598
2736,7,0.125000,0.328923,22,3,912.364,0.213957,0.531417
2784,0,0.125000,0.679901,13,6,697.385,0.263009,0.589319
2784,1,0.125000,0.565352,18,7,801.944,0.254856,0.577080
2784,2,0.125000,0.314136,11,6,656.455,0.253977,0.574170
2784,3,0.125000,0.297202,27,11,769.259,0.321498,0.561657
2784,4,0.125000,0.281763,17,4,872.941,0.261226,0.555997
2784,5,0.125000,0.239578,17,4,875.529,0.289250,0.549409
2784,6,0.125000,0.056021,13,8,721.077,0.390499,0.548830
2784,7,0.125000,0.290627,19,9,778.263,0.349541,0.538537
2832,0,0.125000,0.587156,18,9,686.889,0.321141,0.564752
2832,1,0.125000,0.495695,17,9,754.941,0.286827,0.566819
2832,2,0.125000,0.389531,15,7,761.200,0.320852,0.549648
2832,3,0.125000,0.443256,15,5,861.133,0.313364,0.565115
2832,4,0.125000,0.303087,16,5,814.062,0.330523,0.548252
2832,5,0.125000,0.078582,10,6,648.900,0.473441,0.542615
2832,6,0.125000,0.124532,8,4,727.375,0.470335,0.561831
2832,7,0.125000,0.425203,10,4,841.300,0.368547,0.549283
2928,0,0.125000,0.330665,41,8,884.561,0.246540,0.561714
2928,1,0.125000,0.399956,26,5,941.423,0.225277,0.566500
2928,2,0.125000,0.391800,28,5,900.143,0.238267,0.562891
2928,3,0.125000,0.276051,24,1,982.292,0.185749,0.558587
2928,4,0.125000,0.359646,32,8,870.125,0.245358,0.552849
2928,5,0.125000,0.227014,33,7,921.515,0.213713,0.548640
2928,6,0.125000,0.268137,48,13,851.938,0.283581,0.560066
2928,7,0.125000,0.285372,39,8,916.410,0.325235,0.567308
2976,0,0.125000,0.408621,27,1,994.259,0.215882,0.568792
2976,1,0.125000,0.261601,18,1,972.000,0.215749,0.572255
2976,2,0.125000,0.293115,24,3,945.875,0.239783,0.557049
2976,3,0.125000,0.193249,27,4,930.222,0.228309,0.562107
2976,4,0.125000,0.291703,31,4,936.742,0.282571,0.564822
2976,5,0.125000,0.380349,26,5,917.808,0.281434,0.556158
2976,6,0.125000,0.287216,31,4,953.258,0.292480,0.561398
2976,7,0.125000,0.295246,28,4,930.786,0.288553,0.570374
3024,0,0.125000,0.493252,30,5,946.533,0.261683,0.568472
3024,1,0.125000,0.446065,24,1,981.708,0.179594,0.566774
3024,2,0.125000,0.247162,30,4,939.867,0.257610,0.574843
3024,3,0.125000,0.418262,21,3,918.905,0.262311,0.579689
3024,4,0.125000,0.315783,30,4,947.667,0.207667,0.566969
3024,5,0.125000,0.230119,34,6,911.765,0.316712,0.564634
3024,6,0.125000,0.281532,35,7,908.200,0.322363,0.565819
3024,7,0.125000,0.224360,30,5,908.900,0.275656,0.573042
3072,0,0.125000,0.397565,23,4,912.261,0.279945,0.589304
3072,1,0.125000,0.376583,23,4,900.087,0.256396,0.568440
3072,2,0.125000,0.241824,17,1,986.588,0.214238,0.562108
3072,3,0.125000,0.200395,27,8,892.741,0.277631,0.584568
3072,4,0.125000,0.266514,19,3,923.684,0.298027,0.571637
3072,5,0.125000,0.387163,23,3,948.870,0.326192,0.584222
3072,6,0.125000,0.273995,28,6,962.929,0.289467,0.573671
3072,7,0.125000,0.260365,23,3,945.174,0.292055,0.580798
3120,0,0.125000,0.550686,21,5,852.762,0.244572,0.581230
3120,1,0.125000,0.366993,24,4,937.167,0.189083,0.562663
3120,2,0.125000,0.386929,30,6,933.967,0.190441,0.573474
3120,3,0.125000,0.279849,21,5,921.143,0.219924,0.579712
3120,4,0.125000,0.289403,29,5,906.966,0.241670,0.568006
3120,5,0.125000,0.210615,20,3,953.150,0.266981,0.577828
3120,6,0.125000,0.164955,29,7,857.862,0.313526,0.570714
3120,7,0.125000,0.221245,22,6,879.364,0.305078,0.582628
3168,0,0.125000,0.310984,32,3,949.844,0.231848,0.572440
3168,1,0.125000,0.339608,33,2,965.576,0.203690,0.582084
3168,2,0.125000,0.236319,34,5,978.853,0.239260,0.577831
3168,3,0.125000,0.360922,37,2,977.351,0.235342,0.580070
3168,4,0.125000,0.228103,29,1,971.724,0.250193,0.589760
3168,5,0.125000,0.316174,30,6,874.100,0.234188,0.581355
3168,6,0.125000,0.330339,27,1,971.482,0.214572,0.573028
3168,7,0.125000,0.285868,26,1,992.154,0.213516,0.591721
3216,0,0.125000,0.288351,38,0,1000.000,0.252727,0.590407
3216,1,0.125000,0.217347,39,2,994.949,0.235931,0.582592
3216,2,0.125000,0.303025,30,3,970.100,0.219708,0.577574
3216,3,0.125000,0.298197,34,4,928.794,0.202958,0.579239
3216,4,0.125000,0.294643,41,5,952.512,0.266174,0.597805
3216,5,0.125000,0.354737,38,3,973.158,0.248370,0.571704
3216,6,0.125000,0.239289,37,2,973.459,0.245473,0.581280
3216,7,0.125000,0.151460,26,4,924.923,0.226225,0.583679
3264,0,0.125000,0.297531,26,1,990.923,0.205066,0.578937
3264,1,0.125000,0.304990,42,3,958.143,0.242804,0.595521
3264,2,0.125000,0.324438,37,4,963.081,0.278399,0.583647
3264,3,0.125000,0.233780,35,7,876.714,0.260802,0.587242
3264,4,0.125000,0.235272,42,3,977.524,0.241197,0.584010
3264,5,0.125000,0.292430,42,3,968.571,0.229054,0.584589
3264,6,0.125000,0.209126,26,4,926.038,0.292697,0.563273
3264,7,0.125000,0.251209,40,2,976.475,0.238767,0.589118
3312,0,0.125000,0.262555,31,0,1000.000,0.211421,0.585961
3312,1,0.125000,0.237911,28,2,973.000,0.254748,0.580684
3312,2,0.125000,0.247900,35,3,977.486,0.263793,0.600404
3312,3,0.125000,0.226448,38,3,948.711,0.287923,0.597772
3312,4,0.125000,0.152961,31,3,940.032,0.282248,0.595116
3312,5,0.125000,0.285275,37,4,960.703,0.258665,0.585229
3312,6,0.125000,0.189361,35,6,920.229,0.303805,0.584390
3312,7,0.125000,0.228947,37,4,950.513,0.263598,0.586393
3360,0,0.125000,0.265599,33,1,976.182,0.227383,0.591535
3360,1,0.125000,0.330070,31,0,1000.000,0.196800,0.589025
3360,2,0.125000,0.321383,30,2,975.433,0.221977,0.586925
3360,3,0.125000,0.218912,35,3,973.400,0.270940,0.591344
3360,4,0.125000,0.409753,39,1,991.744,0.261168,0.593228
3360,5,0.125000,0.261303,35,6,935.800,0.273346,0.595365
3360,6,0.125000,0.337523,37,2,990.081,0.264836,0.585687
3360,7,0.125000,0.234569,35,1,999.971,0.250216,0.591519
3408,0,0.125000,0.266549,19,0,1000.000,0.254723,0.600857
3408,1,0.125000,0.345013,21,4,891.429,0.333007,0.595046
3408,2,0.125000,0.291850,22,2,950.818,0.252694,0.584843
3408,3,0.125000,0.192583,27,0,1000.000,0.232855,0.580761
3408,4,0.125000,0.184959,23,3,960.087,0.298014,0.585079
3408,5,0.125000,0.160506,33,3,956.576,0.250294,0.578956
3408,6,0.125000,0.282831,27,0,1000.000,0.218371,0.588288
3408,7,0.125000,0.329036,21,1,966.095,0.253938,0.592677
3456,0,0.125000,0.358327,28,0,1000.000,0.289367,0.604209
3456,1,0.125000,0.273629,26,1,975.385,0.257694,0.583983
3456,2,0.125000,0.262799,39,4,933.000,0.290103,0.592881
3456,3,0.125000,0.275283,28,8,851.714,0.286103,0.596209
3456,4,0.125000,0.248477,31,3,976.290,0.276970,0.594703
3456,5,0.125000,0.240786,35,6,938.171,0.347745,0.601320
3456,6,0.125000,0.311978,32,1,976.625,0.275854,0.600854
3456,7,0.125000,0.148788,38,2,995.079,0.263607,0.591921
3504,0,0.125000,0.304079,41,2,971.098,0.267825,0.601308
3504,1,0.125000,0.244845,32,2,977.000,0.289873,0.599750
3504,2,0.125000,0.302646,33,6,923.061,0.266762,0.600714
3504,3,0.125000,0.251186,44,9,858.455,0.309038,0.602289
3504,4,0.125000,0.204104,30,6,885.767,0.292181,0.597958
3504,5,0.125000,0.263005,34,3,946.147,0.280794,0.597268
3504,6,0.125000,0.286688,29,3,929.690,0.306235,0.596674
3504,7,0.125000,0.209226,31,1,990.000,0.221653,0.594639
3552,0,0.125000,0.226853,20,1,983.450,0.268480,0.609831
3552,1,0.125000,0.231993,16,0,1000.000,0.262982,0.599480
3552,2,0.125000,0.368528,17,4,857.412,0.332934,0.625213
3552,3,0.125000,0.212971,24,3,933.542,0.263106,0.593317
3552,4,0.125000,0.106518,17,2,914.588,0.300315,0.608596
3552,5,0.125000,0.231783,22,7,818.136,0.381797,0.612885
3552,6,0.125000,0.213174,22,4,926.955,0.297738,0.595908
3552,7,0.125000,0.218556,17,2,904.471,0.301400,0.607665
3600,0,0.125000,0.239900,17,2,960.529,0.323236,0.606091
3600,1,0.125000,0.357513,15,2,895.533,0.265780,0.616228
3600,2,0.125000,0.161970,23,4,911.957,0.328074,0.601241
3600,3,0.125000,0.362816,23,3,934.043,0.280309,0.609299
3600,4,0.125000,0.162102,17,5,863.118,0.381656,0.621110
3600,5,0.125000,0.118766,19,3,891.895,0.303323,0.618724
3600,6,0.125000,0.305761,19,2,969.579,0.301021,0.607412
3600,7,0.125000,0.197055,19,2,950.895,0.256521,0.599988
3648,0,0.125000,0.227942,30,1,971.667,0.347180,0.617441
3648,1,0.125000,0.289462,24,2,939.958,0.272109,0.609982
3648,2,0.125000,0.289518,20,1,979.350,0.318093,0.608390
3648,3,0.125000,0.244095,27,7,873.741,0.404702,0.622427
3648,4,0.125000,0.367315,26,2,950.538,0.253476,0.611712
3648,5,0.125000,0.350880,21,2,936.190,0.338428,0.607910
3648,6,0.125000,0.311921,34,3,944.618,0.286154,0.618362
3648,7,0.125000,0.240064,25,1,965.440,0.269131,0.613328
3696,0,0.125000,0.309399,35,3,950.343,0.322834,0.622988
3696,1,0.125000,0.382210,34,7,856.794,0.316226,0.615670
3696,2,0.125000,0.421101,27,2,982.370,0.298293,0.627248
3696,3,0.125000,0.214032,31,6,879.194,0.292225,0.618748
3696,4,0.125000,0.242652,34,5,911.853,0.338775,0.624558
3696,5,0.125000,0.242091,22,3,941.636,0.282006,0.608467
3696,6,0.125000,0.395516,26,2,962.346,0.295340,0.613887
3696,7,0.125000,0.275492,29,2,962.379,0.330945,0.617495
3744,0,0.125000,0.288275,16,0,1000.000,0.289913,0.608129
3744,1,0.125000,0.233976,23,0,1000.000,0.300497,0.626404
3744,2,0.125000,0.316877,23,1,980.435,0.292001,0.613841
3744,3,0.125000,0.208339,28,4,928.500,0.330174,0.626619
3744,4,0.125000,0.256466,20,3,913.050,0.273214,0.629584
3744,5,0.125000,0.173757,28,4,919.643,0.265238,0.618668
3744,6,0.125000,0.383612,8,1,886.875,0.346303,0.634688
3744,7,0.125000,0.273306,13,3,861.000,0.361028,0.615753
3792,0,0.125000,0.275430,16,2,917.312,0.346733,0.629545
3792,1,0.125000,0.455001,13,1,966.923,0.322290,0.629572
3792,2,0.125000,0.312904,17,1,980.235,0.257273,0.617746
3792,3,0.125000,0.368531,17,2,945.941,0.323140,0.630072
3792,4,0.125000,0.194446,14,2,896.857,0.264809,0.623150
3792,5,0.125000,0.289677,23,6,855.652,0.340302,0.614567
3792,6,0.125000,0.173153,23,3,920.957,0.301751,0.619379
3792,7,0.125000,0.217737,20,1,966.800,0.257663,0.621339
3840,0,0.125000,0.202170,15,0,1000.000,0.287415,0.627363
3840,1,0.125000,0.465211,14,2,943.000,0.290416,0.627110
3840,2,0.125000,0.137834,9,1,978.667,0.330397,0.617856
3840,3,0.125000,0.185718,16,2,900.375,0.319775,0.622155
3840,4,0.125000,0.318164,15,4,862.533,0.312736,0.628626
3840,5,0.125000,0.219937,12,4,836.250,0.261698,0.619795
3840,6,0.125000,0.268058,18,3,901.333,0.318377,0.623434
3840,7,0.125000,0.339640,10,2,874.100,0.328755,0.625824
3888,0,0.125000,0.357332,11,2,862.545,0.221001,0.630222
3888,1,0.125000,0.291888,12,1,968.167,0.347061,0.636217
3888,2,0.125000,0.327194,17,5,891.353,0.352057,0.640963
3888,3,0.125000,0.317092,13,2,908.769,0.288047,0.625950
3888,4,0.125000,0.209984,18,2,966.944,0.308693,0.638261
3888,5,0.125000,0.231986,16,4,913.688,0.338082,0.622112
3888,6,0.125000,0.289745,15,1,975.800,0.294470,0.632431
3888,7,0.125000,0.390023,14,0,1000.000,0.323895,0.640632
3936,0,0.125000,0.276503,15,0,1000.000,0.292103,0.637785
3936,1,0.125000,0.373774,22,1,959.955,0.287461,0.632718
3936,2,0.125000,0.211989,22,1,962.136,0.292515,0.629648
3936,3,0.125000,0.286711,19,3,923.368,0.336242,0.634240
3936,4,0.125000,0.272625,18,4,885.333,0.326014,0.625700
3936,5,0.125000,0.191645,21,2,969.810,0.327198,0.628673
3936,6,0.125000,0.261990,26,1,989.462,0.289953,0.629580
3936,7,0.125000,0.211475,19,1,986.632,0.271915,0.634564
3984,0,0.125000,0.475329,23,1,963.043,0.321940,0.644193
3984,1,0.125000,0.338712,30,2,969.433,0.293045,0.635252
3984,2,0.125000,0.408114,25,2,928.960,0.265984,0.626414
3984,3,0.125000,0.220122,28,1,975.929,0.286916,0.635233
3984,4,0.125000,0.255804,28,3,950.679,0.330857,0.630567
3984,5,0.125000,0.266810,33,2,966.030,0.290974,0.633422
3984,6,0.125000,0.261961,24,1,997.917,0.309031,0.628619
3984,7,0.125000,0.301221,24,2,959.125,0.357468,0.641181
4032,0,0.125000,0.277826,34,1,987.588,0.286875,0.641011
4032,1,0.125000,0.384585,24,0,1000.000,0.306940,0.627310
4032,2,0.125000,0.238584,25,3,947.200,0.338192,0.647958
4032,3,0.125000,0.204128,32,1,990.750,0.336036,0.635963
4032,4,0.125000,0.224199,21,3,976.619,0.365826,0.635863
4032,5,0.125000,0.230563,29,2,972.966,0.332733,0.636311
4032,6,0.125000,0.257217,32,2,966.656,0.351617,0.649091
4032,7,0.125000,0.273368,26,2,969.885,0.321275,0.638887
4080,0,0.125000,0.302613,27,0,1000.000,0.345734,0.650214
4080,1,0.125000,0.291819,16,2,927.938,0.276210,0.621258
4080,2,0.125000,0.331274,20,2,966.850,0.332081,0.650830
4080,3,0.125000,0.161381,19,3,932.474,0.323967,0.637008
4080,4,0.125000,0.093484,17,2,964.353,0.374573,0.645775
4080,5,0.125000,0.292765,28,2,974.893,0.353463,0.640345
4080,6,0.125000,0.241799,27,1,993.593,0.315418,0.640712
4080,7,0.125000,0.105866,13,1,931.385,0.351137,0.632711
4128,0,0.125000,0.225104,27,3,956.518,0.270577,0.636430
4128,1,0.125000,0.488898,23,2,966.957,0.360496,0.660331
4128,2,0.125000,0.321397,32,2,992.031,0.335116,0.646936
4128,3,0.125000,0.194003,22,4,915.909,0.279299,0.637842
4128,4,0.125000,0.358998,30,5,961.067,0.334763,0.644403
4128,5,0.125000,0.224212,23,5,865.130,0.354133,0.636235
4128,6,0.125000,0.210526,26,1,990.654,0.325392,0.636937
4128,7,0.125000,0.156545,25,4,939.920,0.321659,0.630880
4176,0,0.125000,0.326020,28,1,989.357,0.336039,0.641559
4176,1,0.125000,0.350340,31,1,975.871,0.320088,0.647336
4176,2,0.125000,0.244884,32,1,982.500,0.310392,0.641358
4176,3,0.125000,0.356190,33,4,936.030,0.367353,0.653906
4176,4,0.125000,0.180314,36,4,970.139,0.334985,0.641894
4176,5,0.125000,0.228586,34,5,937.088,0.384345,0.645939
4176,6,0.125000,0.262515,32,5,927.281,0.323912,0.643359
4176,7,0.125000,0.296548,34,1,997.471,0.320231,0.644811
4224,0,0.125000,0.367210,34,1,977.441,0.340482,0.654456
4224,1,0.125000,0.294842,41,1,990.049,0.346653,0.647541
4224,2,0.125000,0.340416,31,1,984.129,0.356572,0.655628
4224,3,0.125000,0.277405,39,9,874.872,0.340221,0.651116
4224,4,0.125000,0.309568,36,1,974.056,0.366648,0.649813
4224,5,0.125000,0.200725,43,5,960.628,0.323154,0.647355
4224,6,0.125000,0.265689,36,2,965.083,0.320224,0.644907
4224,7,0.125000,0.433801,25,2,965.520,0.347697,0.643962
4272,0,0.125000,0.336061,27,1,994.963,0.335822,0.655743
4272,1,0.125000,0.307487,28,0,1000.000,0.305735,0.648499
4272,2,0.125000,0.260764,41,6,966.561,0.315450,0.653147
4272,3,0.125000,0.204914,38,4,941.895,0.332738,0.641891
4272,4,0.125000,0.462972,41,3,967.512,0.351296,0.641293
4272,5,0.125000,0.300238,34,5,885.000,0.399381,0.657761
4272,6,0.125000,0.248922,39,0,1000.000,0.331462,0.646644
4272,7,0.125000,0.328004,30,2,990.733,0.309976,0.642609
4320,0,0.125000,0.428870,29,0,1000.000,0.351122,0.648827
4320,1,0.125000,0.338717,37,4,925.216,0.325360,0.660846
4320,2,0.125000,0.288752,46,7,928.413,0.335473,0.656543
4320,3,0.125000,0.250774,24,0,1000.000,0.277441,0.647866
4320,4,0.125000,0.280778,40,4,942.275,0.372134,0.654374
4320,5,0.125000,0.147204,36,0,1000.000,0.341035,0.652138
4320,6,0.125000,0.286841,30,2,960.500,0.335328,0.652875
4320,7,0.125000,0.207416,32,5,924.062,0.371081,0.654543
4368,0,0.125000,0.260654,41,3,962.049,0.362692,0.657527
4368,1,0.125000,0.221099,37,3,961.351,0.331853,0.649994
4368,2,0.125000,0.298380,36,3,945.556,0.331070,0.661887
4368,3,0.125000,0.295482,34,6,907.324,0.327854,0.654139
4368,4,0.125000,0.352017,36,6,911.750,0.435815,0.655833
4368,5,0.125000,0.284203,26,1,991.846,0.298401,0.647179
4368,6,0.125000,0.331187,31,3,940.065,0.373049,0.652979
4368,7,0.125000,0.371596,26,1,988.846,0.292745,0.650353
4416,0,0.125000,0.287932,22,0,1000.000,0.312526,0.649013
4416,1,0.125000,0.384803,19,3,932.737,0.285979,0.646466
4416,2,0.125000,0.223825,24,4,928.875,0.320230,0.647426
4416,3,0.125000,0.250313,16,2,968.000,0.322683,0.659568
4416,4,0.125000,0.165274,21,4,955.333,0.294692,0.650979
4416,5,0.125000,0.284655,27,5,900.741,0.297728,0.658387
4416,6,0.125000,0.249193,21,2,976.905,0.342065,0.656492
4416,7,0.125000,0.206299,19,0,1000.000,0.288728,0.657477
4464,0,0.125000,0.421406,32,1,997.719,0.335282,0.652298
4464,1,0.125000,0.399638,43,5,945.395,0.343012,0.654457
4464,2,0.125000,0.288619,23,0,1000.000,0.376039,0.662792
4464,3,0.125000,0.320343,47,3,950.532,0.377877,0.646676
4464,4,0.125000,0.268648,34,2,970.324,0.336011,0.656249
4464,5,0.125000,0.295753,41,2,970.098,0.371308,0.659084
4464,6,0.125000,0.301364,32,2,949.281,0.375074,0.652044
4464,7,0.125000,0.454016,28,2,966.357,0.282643,0.656254
4560,0,0.125000,0.364002,42,1,993.571,0.369063,0.661238
4560,1,0.125000,0.404447,39,3,947.154,0.371056,0.666540
4560,2,0.125000,0.258558,45,4,955.044,0.338559,0.662206
4560,3,0.125000,0.344099,49,5,929.449,0.393204,0.667679
4560,4,0.125000,0.325570,48,4,953.854,0.367310,0.653075
4560,5,0.125000,0.317220,71,8,915.521,0.371337,0.664654
4560,6,0.125000,0.227400,51,2,982.176,0.318002,0.657585
4560,7,0.125000,0.190533,41,2,976.512,0.374216,0.656336
4608,0,0.125000,0.376168,20,1,979.750,0.382573,0.671356
4608,1,0.125000,0.261554,20,1,956.000,0.346923,0.663122
4608,2,0.125000,0.457522,15,4,900.200,0.366233,0.667937
4608,3,0.125000,0.262803,21,4,888.381,0.331126,0.663328
4608,4,0.125000,0.310038,19,1,964.737,0.397250,0.673843
4608,5,0.125000,0.297718,17,2,985.529,0.380587,0.665136
4608,6,0.125000,0.342099,19,0,1000.000,0.392687,0.678712
4608,7,0.125000,0.319798,22,0,1000.000,0.327647,0.659038
4656,0,0.125000,0.263177,16,0,1000.000,0.358682,0.672338
4656,1,0.125000,0.337679,16,0,1000.000,0.382874,0.670768
4656,2,0.125000,0.364150,36,0,1000.000,0.380654,0.670945
4656,3,0.125000,0.244368,25,2,955.480,0.433256,0.671836
4656,4,0.125000,0.220856,34,3,952.265,0.385620,0.669166
4656,5,0.125000,0.310456,30,0,1000.000,0.400218,0.672293
4656,6,0.125000,0.337699,26,3,943.269,0.366446,0.661948
4656,7,0.125000,0.332327,25,1,991.760,0.420737,0.676949
4704,0,0.125000,0.307660,27,0,1000.000,0.402043,0.676846
4704,1,0.125000,0.425039,25,0,1000.000,0.420855,0.669756
4704,2,0.125000,0.327965,23,5,847.391,0.393861,0.670431
4704,3,0.125000,0.316326,24,2,932.208,0.387533,0.670458
4704,4,0.125000,0.221755,29,2,958.414,0.379987,0.665847
4704,5,0.125000,0.277776,27,1,971.444,0.439794,0.680898
4704,6,0.125000,0.250420,35,1,977.143,0.399564,0.665476
4704,7,0.125000,0.356101,37,0,1000.000,0.427987,0.673911
4752,0,0.125000,0.176614,14,0,1000.000,0.412768,0.662606
4752,1,0.125000,0.364316,15,1,954.600,0.403070,0.669240
4752,2,0.125000,0.409368,14,1,973.714,0.338251,0.671968
4752,3,0.125000,0.350242,21,2,950.238,0.444273,0.670744
4752,4,0.125000,0.266781,21,2,961.190,0.345370,0.667227
4752,5,0.125000,0.389360,17,1,953.588,0.449847,0.675593
4752,6,0.125000,0.233663,12,0,1000.000,0.387329,0.671238
4752,7,0.125000,0.259016,23,1,977.957,0.370154,0.659486
4800,0,0.125000,0.328359,10,0,1000.000,0.469745,0.683518
4800,1,0.125000,0.369080,14,0,1000.000,0.454012,0.678507
4800,2,0.125000,0.372989,15,1,965.267,0.397194,0.669389
4800,3,0.125000,0.425791,27,3,923.370,0.418684,0.672413
4800,4,0.125000,0.285655,24,2,961.333,0.413893,0.676421
4800,5,0.125000,0.396345,18,1,999.500,0.436016,0.677165
4800,6,0.125000,0.441567,18,0,1000.000,0.403676,0.666732
4800,7,0.125000,0.346996,13,0,1000.000,0.368983,0.679179
4848,0,0.125000,0.136157,8,0,1000.000,0.428087,0.658303
4848,1,0.125000,0.274597,14,2,919.500,0.453184,0.665857
4848,2,0.125000,0.303724,21,3,944.238,0.389284,0.663543
4848,3,0.125000,0.463905,12,2,881.667,0.459098,0.663854
4848,4,0.125000,0.377775,7,1,866.571,0.373086,0.655004
4848,5,0.125000,0.246899,13,0,1000.000,0.484068,0.673375
4848,6,0.125000,0.183486,13,0,1000.000,0.412524,0.680778
4848,7,0.125000,0.161198,16,4,879.938,0.335017,0.662244
4896,0,0.125000,0.261798,12,0,1000.000,0.432703,0.679533
4896,1,0.125000,0.325422,16,1,962.188,0.498488,0.680356
4896,2,0.125000,0.511389,18,2,935.389,0.378628,0.664512
4896,3,0.125000,0.261494,16,0,1000.000,0.482401,0.682746
4896,4,0.125000,0.174378,9,0,1000.000,0.524947,0.699022
4896,5,0.125000,0.353024,11,0,1000.000,0.362533,0.676427
4896,6,0.125000,0.334575,22,1,978.909,0.433706,0.671830
4896,7,0.125000,0.261368,15,0,1000.000,0.403537,0.671939
4944,0,0.125000,0.249880,24,0,1000.000,0.470405,0.675076
4944,1,0.125000,0.341971,25,1,982.720,0.426859,0.675251
4944,2,0.125000,0.427006,22,2,959.727,0.470679,0.684038
4944,3,0.125000,0.341181,17,1,968.176,0.476270,0.684265
4944,4,0.125000,0.328891,24,2,951.083,0.424850,0.670656
4944,5,0.125000,0.197773,18,1,972.000,0.411069,0.666548
4944,6,0.125000,0.351572,18,0,1000.000,0.415805,0.676912
4944,7,0.125000,0.333102,20,0,1000.000,0.391360,0.670582
4992,0,0.125000,0.211781,26,0,1000.000,0.386098,0.680677
4992,1,0.125000,0.330686,31,1,977.742,0.461575,0.684934
4992,2,0.125000,0.292725,34,1,983.029,0.468485,0.678431
4992,3,0.125000,0.157196,27,2,969.037,0.438408,0.675292
4992,4,0.125000,0.381522,25,0,1000.000,0.466858,0.679198
4992,5,0.125000,0.470708,20,0,1000.000,0.452535,0.676648
4992,6,0.125000,0.221375,22,0,1000.000,0.443014,0.673577
4992,7,0.125000,0.292086,27,2,974.185,0.447439,0.671718
5040,0,0.125000,0.371602,16,0,1000.000,0.440175,0.670047
5040,1,0.125000,0.363457,25,2,968.520,0.489181,0.681456
5040,2,0.125000,0.330111,31,0,1000.000,0.469330,0.687481
5040,3,0.125000,0.342579,27,1,965.111,0.463863,0.678411
5040,4,0.125000,0.307324,32,1,983.938,0.494491,0.678606
5040,5,0.125000,0.283416,19,0,1000.000,0.476582,0.684891
5040,6,0.125000,0.345168,31,0,1000.000,0.454899,0.679003
5040,7,0.125000,0.296293,29,1,986.931,0.410365,0.672925
5088,0,0.125000,0.322294,27,0,1000.000,0.446182,0.684615
5088,1,0.125000,0.451763,17,0,1000.000,0.375010,0.672801
5088,2,0.125000,0.430304,14,0,1000.000,0.463382,0.681652
5088,3,0.125000,0.234423,22,2,966.500,0.494868,0.683508
5088,4,0.125000,0.177248,21,2,919.905,0.429846,0.676052
5088,5,0.125000,0.357285,28,1,986.036,0.426097,0.674046
5088,6,0.125000,0.350305,21,2,977.190,0.440064,0.681106
5088,7,0.125000,0.035980,16,1,975.875,0.401644,0.669257
5136,0,0.125000,0.423456,20,0,1000.000,0.375242,0.666678
5136,1,0.125000,0.502766,29,0,1000.000,0.474643,0.677188
5136,2,0.125000,0.271137,22,1,966.045,0.416720,0.675287
5136,3,0.125000,0.304089,32,0,1000.000,0.472455,0.679536
5136,4,0.125000,0.254966,22,0,1000.000,0.442318,0.681229
5136,5,0.125000,0.364958,25,3,919.640,0.424163,0.674493
5136,6,0.125000,0.282265,30,0,1000.000,0.426491,0.680136
5136,7,0.125000,0.411981,29,0,1000.000,0.469841,0.680729
5184,0,0.125000,0.321914,27,0,1000.000,0.473023,0.682896
5184,1,0.125000,0.237069,40,0,1000.000,0.468132,0.680901
5184,2,0.125000,0.241321,29,2,942.103,0.488244,0.678714
5184,3,0.125000,0.338097,38,0,1000.000,0.448531,0.681371
5184,4,0.125000,0.363219,18,0,1000.000,0.482458,0.685663
5184,5,0.125000,0.294724,40,2,962.675,0.445994,0.672081
5184,6,0.125000,0.153496,32,2,962.938,0.432945,0.676149
5184,7,0.125000,0.369282,27,0,1000.000,0.472312,0.684147
5232,0,0.125000,0.323321,38,0,1000.000,0.495654,0.685292
5232,1,0.125000,0.328974,37,1,989.919,0.424142,0.680223
5232,2,0.125000,0.331806,35,0,1000.000,0.407412,0.675231
5232,3,0.125000,0.371352,41,2,996.268,0.462010,0.681407
5232,4,0.125000,0.322187,33,1,986.515,0.427710,0.676565
5232,5,0.125000,0.308897,33,1,977.182,0.473261,0.674013
5232,6,0.125000,0.324142,27,0,1000.000,0.449761,0.680092
5232,7,0.125000,0.296972,39,0,1000.000,0.442497,0.683788
5280,0,0.125000,0.248004,33,0,1000.000,0.380476,0.681274
5280,1,0.125000,0.237818,33,0,1000.000,0.387405,0.667812
5280,2,0.125000,0.489358,26,0,1000.000,0.517800,0.686281
5280,3,0.125000,0.231106,37,0,1000.000,0.452626,0.678524
5280,4,0.125000,0.344918,33,0,1000.000,0.483759,0.685147
5280,5,0.125000,0.342204,33,1,989.545,0.434791,0.674742
5280,6,0.125000,0.369523,37,1,976.487,0.467027,0.678874
5280,7,0.125000,0.272923,33,0,1000.000,0.400134,0.677930
5328,0,0.125000,0.353468,33,2,995.909,0.397908,0.681517
5328,1,0.125000,0.349690,28,0,1000.000,0.452521,0.683592
5328,2,0.125000,0.277408,27,0,1000.000,0.418021,0.670189
5328,3,0.125000,0.349168,41,0,1000.000,0.411525,0.683404
5328,4,0.125000,0.364555,36,0,1000.000,0.486363,0.679902
5328,5,0.125000,0.366852,32,0,1000.000,0.472525,0.684894
5328,6,0.125000,0.361289,42,0,1000.000,0.438960,0.681445
5328,7,0.125000,0.180139,21,0,1000.000,0.360520,0.668780
5376,0,0.125000,0.225165,24,0,1000.000,0.427750,0.675695
5376,1,0.125000,0.306410,36,0,1000.000,0.437972,0.676554
5376,2,0.125000,0.286871,29,1,977.724,0.419099,0.681443
5376,3,0.125000,0.397924,29,1,977.862,0.457770,0.678084
5376,4,0.125000,0.295582,32,2,978.938,0.447098,0.680484
5376,5,0.125000,0.399663,26,2,982.000,0.472550,0.683306
5376,6,0.125000,0.311976,39,1,990.256,0.427936,0.673754
5376,7,0.125000,0.286662,38,1,976.053,0.413599,0.676232
5424,0,0.125000,0.435854,23,0,1000.000,0.436923,0.679989
5424,1,0.125000,0.222336,16,0,1000.000,0.494811,0.686611
5424,2,0.125000,0.393415,18,1,947.833,0.484348,0.666677
5424,3,0.125000,0.346427,15,0,1000.000,0.437561,0.678685
5424,4,0.125000,0.248997,26,0,1000.000,0.433283,0.675325
5424,5,0.125000,0.457956,19,1,999.474,0.375393,0.675404
5424,6,0.125000,0.396042,22,1,998.818,0.438956,0.684242
5424,7,0.125000,0.322013,29,1,972.690,0.413219,0.671411
5472,0,0.125000,0.266194,37,0,1000.000,0.416851,0.675832
5472,1,0.125000,0.147383,42,0,1000.000,0.413836,0.677449
5472,2,0.125000,0.319085,31,1,981.968,0.486126,0.686152
5472,3,0.125000,0.407778,36,2,968.528,0.434487,0.678001
5472,4,0.125000,0.375160,36,1,986.972,0.477629,0.682589
5472,5,0.125000,0.325180,36,0,1000.000,0.491747,0.684397
5472,6,0.125000,0.325703,26,0,1000.000,0.560400,0.686715
5472,7,0.125000,0.362746,35,0,1000.000,0.462087,0.682972
5520,0,0.125000,0.318967,27,0,1000.000,0.478222,0.688153
5520,1,0.125000,0.390485,25,0,1000.000,0.521503,0.677620
5520,2,0.125000,0.166785,35,1,976.514,0.436422,0.672171
5520,3,0.125000,0.396628,21,1,975.571,0.468276,0.683375
5520,4,0.125000,0.278565,24,0,1000.000,0.477940,0.676738
5520,5,0.125000,0.346225,26,1,966.769,0.467202,0.690783
5520,6,0.125000,0.396354,32,1,995.000,0.434808,0.678977
5520,7,0.125000,0.325783,27,0,1000.000,0.471678,0.681263
5568,0,0.125000,0.396793,18,0,1000.000,0.494107,0.684124
5568,1,0.125000,0.391273,17,0,1000.000,0.452447,0.689725
5568,2,0.125000,0.366952,17,0,1000.000,0.511521,0.692604
5568,3,0.125000,0.408713,22,3,966.591,0.346459,0.669496
5568,4,0.125000,0.277075,23,2,959.478,0.457830,0.682368
5568,5,0.125000,0.245555,15,1,985.800,0.458157,0.701171
5568,6,0.125000,0.440776,20,2,975.500,0.431287,0.685025
5568,7,0.125000,0.184968,12,0,1000.000,0.512571,0.679385
5616,0,0.125000,0.373798,14,0,1000.000,0.495441,0.687271
5616,1,0.125000,0.499913,18,0,1000.000,0.462569,0.682636
5616,2,0.125000,0.352555,11,1,982.273,0.573146,0.692478
5616,3,0.125000,0.264288,21,2,924.857,0.424316,0.679088
5616,4,0.125000,0.206030,20,0,1000.000,0.452934,0.679551
5616,5,0.125000,0.162609,19,0,1000.000,0.440264,0.685424
5616,6,0.125000,0.344527,17,1,964.765,0.390906,0.680268
5616,7,0.125000,0.305425,30,0,1000.000,0.480797,0.689236
5664,0,0.125000,0.387292,16,0,1000.000,0.480369,0.683951
5664,1,0.125000,0.400143,19,1,962.316,0.455754,0.687165
5664,2,0.125000,0.362474,27,0,1000.000,0.535152,0.690819
5664,3,0.125000,0.560111,28,1,982.536,0.518134,0.692769
5664,4,0.125000,0.305599,29,1,999.655,0.475885,0.687185
5664,5,0.125000,0.316631,28,0,1000.000,0.488060,0.682688
5664,6,0.125000,0.310473,37,1,984.216,0.455246,0.681474
5664,7,0.125000,0.303742,33,0,1000.000,0.480462,0.689590
5712,0,0.125000,0.351254,32,0,1000.000,0.482564,0.683095
5712,1,0.125000,0.280207,22,0,1000.000,0.505147,0.686628
5712,2,0.125000,0.367433,33,1,976.758,0.520799,0.690583
5712,3,0.125000,0.272841,25,0,1000.000,0.556575,0.690993
5712,4,0.125000,0.309426,30,2,942.067,0.482367,0.676267
5712,5,0.125000,0.268246,37,3,963.405,0.488428,0.686287
5712,6,0.125000,0.383817,23,0,1000.000,0.544327,0.688052
5712,7,0.125000,0.232647,26,0,1000.000,0.498854,0.689520
5760,0,0.125000,0.226067,14,0,1000.000,0.410468,0.681447
5760,1,0.125000,0.433780,18,1,947.056,0.579046,0.683453
5760,2,0.125000,0.363859,12,0,1000.000,0.566076,0.682266
5760,3,0.125000,0.444914,11,1,960.636,0.421823,0.670994
5760,4,0.125000,0.234222,20,2,959.150,0.503322,0.682869
5760,5,0.125000,0.331344,16,2,948.438,0.455904,0.680638
5760,6,0.125000,0.304630,19,2,938.579,0.435836,0.678035
5760,7,0.125000,0.266177,19,1,972.789,0.474442,0.677955
5808,0,0.125000,0.288997,21,0,1000.000,0.516743,0.682982
5808,1,0.125000,0.298724,16,0,1000.000,0.488933,0.680382
5808,2,0.125000,0.312172,10,1,984.200,0.598120,0.687690
5808,3,0.125000,0.278270,16,2,956.188,0.498393,0.685177
5808,4,0.125000,0.323841,17,2,958.941,0.481539,0.679922
5808,5,0.125000,0.263750,9,0,1000.000,0.481665,0.681067
5808,6,0.125000,0.419790,24,1,983.208,0.443075,0.678609
5808,7,0.125000,0.495935,20,1,997.100,0.462981,0.679975
5856,0,0.125000,0.297514,11,0,1000.000,0.576263,0.684582
5856,1,0.125000,0.281867,12,0,1000.000,0.548153,0.690345
5856,2,0.125000,0.437523,11,0,1000.000,0.574421,0.695597
5856,3,0.125000,0.333520,13,0,1000.000,0.520628,0.673449
5856,4,0.125000,0.535392,12,1,942.667,0.605306,0.685875
5856,5,0.125000,0.319973,17,1,953.647,0.505489,0.670893
5856,6,0.125000,0.323751,9,0,1000.000,0.639697,0.671067
5856,7,0.125000,0.306375,15,0,1000.000,0.514293,0.674391
5904,0,0.125000,0.445544,17,1,945.882,0.611891,0.675754
5904,1,0.125000,0.493084,17,0,1000.000,0.613383,0.685314
5904,2,0.125000,0.481334,12,1,938.000,0.542839,0.684344
5904,3,0.125000,0.318676,21,1,976.952,0.556283,0.682601
5904,4,0.125000,0.343343,11,0,1000.000,0.543246,0.682480
5904,5,0.125000,0.310969,15,1,973.067,0.503791,0.676631
5904,6,0.125000,0.411129,15,0,1000.000,0.606897,0.684949
5904,7,0.125000,0.337589,22,0,1000.000,0.571469,0.688851
5952,0,0.125000,0.386654,19,0,1000.000,0.506363,0.682983
5952,1,0.125000,0.424571,24,0,1000.000,0.536525,0.680657
5952,2,0.125000,0.326951,26,0,1000.000,0.545811,0.680794
5952,3,0.125000,0.286957,28,0,1000.000,0.591074,0.688003
5952,4,0.125000,0.331143,16,0,1000.000,0.651478,0.688132
5952,5,0.125000,0.361790,27,1,965.926,0.520771,0.680512
5952,6,0.125000,0.378304,23,1,981.957,0.550787,0.677529
5952,7,0.125000,0.298432,16,0,1000.000,0.513341,0.685996
6000,0,0.125000,0.322361,30,0,1000.000,0.528220,0.685238
6000,1,0.125000,0.350466,29,0,1000.000,0.539316,0.681323
6000,2,0.125000,0.297499,19,0,1000.000,0.607297,0.688876
6000,3,0.125000,0.308963,28,2,975.750,0.523191,0.679672
6000,4,0.125000,0.327346,26,0,1000.000,0.514865,0.683491
6000,5,0.125000,0.395965,24,0,1000.000,0.565957,0.682988
6000,6,0.125000,0.340388,23,0,1000.000,0.652810,0.689187
6000,7,0.125000,0.332526,21,2,925.429,0.577968,0.670912
6048,0,0.125000,0.196755,27,0,1000.000,0.488348,0.676157
6048,1,0.125000,0.395701,22,0,1000.000,0.543293,0.681333
6048,2,0.125000,0.428879,29,0,1000.000,0.542985,0.686193
6048,3,0.125000,0.240250,28,1,981.536,0.536343,0.684833
6048,4,0.125000,0.458449,22,0,1000.000,0.600448,0.690451
6048,5,0.125000,0.380134,31,0,1000.000,0.592559,0.683462
6048,6,0.125000,0.471535,22,0,1000.000,0.564732,0.686701
6048,7,0.125000,0.283816,22,1,986.136,0.541828,0.676178
6096,0,0.125000,0.401392,21,1,969.429,0.631072,0.689826
6096,1,0.125000,0.572231,13,0,1000.000,0.544306,0.677100
6096,2,0.125000,0.378445,22,0,1000.000,0.692839,0.684270
6096,3,0.125000,0.471769,17,0,1000.000,0.619892,0.681713
6096,4,0.125000,0.511877,29,0,1000.000,0.567116,0.680170
6096,5,0.125000,0.445181,25,0,1000.000,0.541332,0.679735
6096,6,0.125000,0.325460,22,0,1000.000,0.633038,0.688158
6096,7,0.125000,0.383305,17,0,1000.000,0.571660,0.673095
6144,0,0.125000,0.282928,29,0,1000.000,0.595963,0.680600
6144,1,0.125000,0.308540,20,0,1000.000,0.563726,0.674530
6144,2,0.125000,0.454183,31,0,1000.000,0.659408,0.687125
6144,3,0.125000,0.297873,24,1,960.583,0.677930,0.676954
6144,4,0.125000,0.332063,37,1,990.000,0.648461,0.681065
6144,5,0.125000,0.297862,28,0,1000.000,0.626843,0.684108
6144,6,0.125000,0.276370,24,0,1000.000,0.604199,0.677314
6144,7,0.125000,0.407205,29,0,1000.000,0.596919,0.681520
6192,0,0.125000,0.380374,32,0,1000.000,0.534151,0.678823
6192,1,0.125000,0.377781,33,0,1000.000,0.534271,0.678174
6192,2,0.125000,0.356321,29,0,1000.000,0.487540,0.684309
6192,3,0.125000,0.398752,35,0,1000.000,0.641397,0.678269
6192,4,0.125000,0.329356,28,0,1000.000,0.651347,0.678885
6192,5,0.125000,0.403959,38,0,1000.000,0.585040,0.694785
6192,6,0.125000,0.429427,23,0,1000.000,0.618377,0.677463
6192,7,0.125000,0.530646,32,0,1000.000,0.495717,0.679207
6240,0,0.125000,0.309918,34,1,993.382,0.580663,0.679678
6240,1,0.125000,0.339201,31,1,990.516,0.526232,0.673456
6240,2,0.125000,0.352377,37,0,1000.000,0.662076,0.683938
6240,3,0.125000,0.433401,42,0,1000.000,0.603615,0.679847
6240,4,0.125000,0.418130,31,0,1000.000,0.562596,0.676917
6240,5,0.125000,0.351091,39,0,1000.000,0.567958,0.674299
6240,6,0.125000,0.418444,37,0,1000.000,0.575701,0.675987
6240,7,0.125000,0.375058,35,1,993.343,0.580520,0.680867
6288,0,0.125000,0.300269,33,1,972.000,0.564184,0.666893
6288,1,0.125000,0.479751,23,0,1000.000,0.546426,0.684351
6288,2,0.125000,0.270445,25,0,1000.000,0.649116,0.688101
6288,3,0.125000,0.390381,31,0,1000.000,0.605594,0.679194
6288,4,0.125000,0.332981,31,0,1000.000,0.641832,0.680912
6288,5,0.125000,0.336288,30,0,1000.000,0.654859,0.681625
6288,6,0.125000,0.383958,37,0,1000.000,0.585824,0.677668
6288,7,0.125000,0.391091,46,0,1000.000,0.553380,0.677591
6336,0,0.125000,0.412401,36,1,997.278,0.690233,0.684838
6336,1,0.125000,0.404554,25,0,1000.000,0.595770,0.683311
6336,2,0.125000,0.455592,37,0,1000.000,0.555327,0.679033
6336,3,0.125000,0.414339,29,0,1000.000,0.583409,0.680453
6336,4,0.125000,0.366101,35,1,988.571,0.479182,0.671269
6336,5,0.125000,0.441209,34,0,1000.000,0.561377,0.679287
6336,6,0.125000,0.327829,40,2,987.500,0.599162,0.683452
6336,7,0.125000,0.451012,33,0,1000.000,0.646027,0.687327
6384,0,0.125000,0.419764,28,0,1000.000,0.576516,0.679776
6384,1,0.125000,0.430598,34,1,971.735,0.598060,0.678763
6384,2,0.125000,0.287437,35,0,1000.000,0.590286,0.682168
6384,3,0.125000,0.292430,23,0,1000.000,0.544747,0.673691
6384,4,0.125000,0.373978,28,0,1000.000,0.604835,0.672555
6384,5,0.125000,0.468700,31,1,970.065,0.627774,0.670869
6384,6,0.125000,0.379090,23,1,979.304,0.604462,0.677017
6384,7,0.125000,0.223097,29,1,969.138,0.601519,0.672863
6432,0,0.125000,0.336662,25,2,962.600,0.566254,0.661270
6432,1,0.125000,0.430207,19,0,1000.000,0.640896,0.679425
6432,2,0.125000,0.394988,27,0,1000.000,0.749891,0.682922
6432,3,0.125000,0.383759,23,0,1000.000,0.641702,0.679781
6432,4,0.125000,0.426167,22,0,1000.000,0.595432,0.671710
6432,5,0.125000,0.392549,26,0,1000.000,0.676750,0.676289
6432,6,0.125000,0.429557,18,0,1000.000,0.668359,0.678086
6432,7,0.125000,0.397835,22,0,1000.000,0.615023,0.678230
6480,0,0.125000,0.342673,25,0,1000.000,0.593454,0.678722
6480,1,0.125000,0.510366,31,0,1000.000,0.661821,0.680450
6480,2,0.125000,0.416767,43,0,1000.000,0.678350,0.681423
6480,3,0.125000,0.361593,36,0,1000.000,0.751199,0.682575
6480,4,0.125000,0.380164,32,2,956.812,0.767090,0.678519
6480,5,0.125000,0.431981,36,0,1000.000,0.685839,0.682728
6480,6,0.125000,0.380409,33,1,985.788,0.557620,0.670737
6480,7,0.125000,0.511916,36,0,1000.000,0.670751,0.671991
6528,0,0.125000,0.587236,19,0,1000.000,0.602350,0.678842
6528,1,0.125000,0.517707,34,1,986.118,0.669020,0.678341
6528,2,0.125000,0.413213,23,0,1000.000,0.746482,0.681888
6528,3,0.125000,0.478745,26,1,999.577,0.673532,0.680444
6528,4,0.125000,0.433341,25,0,1000.000,0.642721,0.674058
6528,5,0.125000,0.423936,28,0,1000.000,0.743350,0.684272
6528,6,0.125000,0.423042,23,1,990.826,0.647055,0.679662
6528,7,0.125000,0.420444,28,0,1000.000,0.697951,0.679332
6576,0,0.125000,0.413358,13,0,1000.000,0.705783,0.684592
6576,1,0.125000,0.488419,16,1,962.938,0.685976,0.677524
6576,2,0.125000,0.463764,16,0,1000.000,0.705425,0.675826
6576,3,0.125000,0.559962,16,1,940.375,0.653561,0.654063
6576,4,0.125000,0.298836,18,0,1000.000,0.678753,0.671215
6576,5,0.125000,0.426228,24,0,1000.000,0.751501,0.686168
6576,6,0.125000,0.416765,23,1,972.000,0.700672,0.671908
6576,7,0.125000,0.280651,14,2,918.643,0.670830,0.654436
6624,0,0.125000,0.530199,14,0,1000.000,0.706786,0.678525
6624,1,0.125000,0.203167,16,0,1000.000,0.615397,0.673307
6624,2,0.125000,0.222464,25,0,1000.000,0.725858,0.681202
6624,3,0.125000,0.564531,17,1,947.588,0.644711,0.661399
6624,4,0.125000,0.619957,18,1,976.667,0.723096,0.675720
6624,5,0.125000,0.428205,25,1,972.880,0.661857,0.672665
6624,6,0.125000,0.409557,17,0,1000.000,0.663218,0.684762
6624,7,0.125000,0.496045,18,0,1000.000,0.846129,0.685727
6672,0,0.125000,0.624151,21,1,961.714,0.595132,0.665240
6672,1,0.125000,0.444811,28,0,1000.000,0.711818,0.678045
6672,2,0.125000,0.338528,31,0,1000.000,0.817608,0.674959
6672,3,0.125000,0.329427,37,0,1000.000,0.641001,0.668635
6672,4,0.125000,0.439826,16,0,1000.000,0.874963,0.685211
6672,5,0.125000,0.356355,30,0,1000.000,0.790403,0.684264
6672,6,0.125000,0.371929,40,0,1000.000,0.808249,0.684948
6672,7,0.125000,0.476630,33,0,1000.000,0.710878,0.677266
6720,0,0.125000,0.495355,23,0,1000.000,0.806805,0.675720
6720,1,0.125000,0.476668,27,0,1000.000,0.890500,0.684342
6720,2,0.125000,0.363809,22,0,1000.000,0.853096,0.687011
6720,3,0.125000,0.369040,32,0,1000.000,0.822361,0.680451
6720,4,0.125000,0.370627,24,1,997.125,0.836296,0.684035
6720,5,0.125000,0.452399,26,0,1000.000,0.815868,0.669867
6720,6,0.125000,0.321961,21,1,980.905,0.864199,0.680034
6720,7,0.125000,0.515958,26,0,1000.000,0.874541,0.671080
6768,0,0.125000,0.600658,17,1,945.824,0.982659,0.675885
6768,1,0.125000,0.632642,17,0,1000.000,0.833336,0.677792
6768,2,0.125000,0.330810,19,1,987.632,0.779666,0.671718
6768,3,0.125000,0.468808,14,1,962.429,0.833112,0.669678
6768,4,0.125000,0.309862,19,1,977.842,0.863031,0.682030
6768,5,0.125000,0.586801,17,0,1000.000,0.906192,0.677437
6768,6,0.125000,0.379759,14,0,1000.000,0.966225,0.676993
6768,7,0.125000,0.519490,20,0,1000.000,0.877608,0.680383
6816,0,0.125000,0.490661,10,0,1000.000,0.791699,0.673044
6816,1,0.125000,0.471786,18,0,1000.000,0.790713,0.675536
6816,2,0.125000,0.339792,22,1,970.545,0.784391,0.669843
6816,3,0.125000,0.444785,16,1,962.000,0.776456,0.687572
6816,4,0.125000,0.363119,17,2,949.765,0.626926,0.675995
6816,5,0.125000,0.509375,18,1,985.500,0.706443,0.671855
6816,6,0.125000,0.385273,19,0,1000.000,0.770067,0.673558
6816,7,0.125000,0.409357,14,0,1000.000,0.747003,0.678363
6864,0,0.125000,0.509515,14,2,989.714,0.697351,0.658792
6864,1,0.125000,0.537911,8,1,883.875,0.592549,0.652048
6864,2,0.125000,0.569591,18,0,1000.000,0.792679,0.682743
6864,3,0.125000,0.598170,12,0,1000.000,0.720281,0.669223
6864,4,0.125000,0.329552,11,0,1000.000,0.885347,0.679359
6864,5,0.125000,0.588287,8,0,1000.000,1.088654,0.681063
6864,6,0.125000,0.426336,11,1,960.636,0.787137,0.670677
6864,7,0.125000,0.310302,11,0,1000.000,0.704090,0.663652
6912,0,0.125000,0.416941,21,0,1000.000,0.666013,0.660084
6912,1,0.125000,0.378456,19,0,1000.000,0.748147,0.681568
6912,2,0.125000,0.418443,16,0,1000.000,0.874203,0.687129
6912,3,0.125000,0.570710,17,1,968.235,0.579506,0.666740
6912,4,0.125000,0.287071,29,1,989.897,0.715888,0.677743
6912,5,0.125000,0.380901,17,1,957.941,0.728152,0.668005
6912,6,0.125000,0.348054,11,1,973.364,0.658673,0.664190
6912,7,0.125000,0.237549,19,1,969.421,0.693499,0.670717
6960,0,0.125000,0.356062,20,1,984.450,0.714013,0.671612
6960,1,0.125000,0.513271,27,0,1000.000,0.793219,0.675967
6960,2,0.125000,0.435458,21,0,1000.000,0.731189,0.672406
6960,3,0.125000,0.525312,15,0,1000.000,0.573638,0.654683
6960,4,0.125000,0.364101,32,1,984.500,0.861853,0.679310
6960,5,0.125000,0.498423,17,1,993.706,0.680191,0.669383
6960,6,0.125000,0.489470,26,0,1000.000,0.793231,0.675434
6960,7,0.125000,0.471638,27,0,1000.000,0.761343,0.671521
7008,0,0.125000,0.603480,30,1,987.000,0.825000,0.673001
7008,1,0.125000,0.545025,22,1,993.955,0.772196,0.671026
7008,2,0.125000,0.411657,31,0,1000.000,0.821959,0.675126
7008,3,0.125000,0.373505,28,0,1000.000,0.872420,0.673799
7008,4,0.125000,0.382735,16,0,1000.000,1.010928,0.679757
7008,5,0.125000,0.466507,21,1,972.095,0.644848,0.659992
7008,6,0.125000,0.521892,35,0,1000.000,0.767639,0.671213
7008,7,0.125000,0.528453,31,2,979.452,0.751726,0.666163
7056,0,0.125000,0.512740,17,0,1000.000,0.892249,0.677526
7056,1,0.125000,0.449503,21,0,1000.000,0.721977,0.664901
7056,2,0.125000,0.504384,20,0,1000.000,0.818466,0.675284
7056,3,0.125000,0.417620,21,2,974.333,0.728591,0.667631
7056,4,0.125000,0.478589,39,1,998.103,0.815524,0.670056
7056,5,0.125000,0.485655,19,0,1000.000,0.746566,0.668659
7056,6,0.125000,0.316852,28,0,1000.000,0.878749,0.673961
7056,7,0.125000,0.374233,20,0,1000.000,0.858470,0.670538
7104,0,0.125000,0.366966,21,1,988.381,0.893595,0.675572
7104,1,0.125000,0.491381,19,0,1000.000,0.806143,0.670072
7104,2,0.125000,0.471084,22,0,1000.000,1.036274,0.680125
7104,3,0.125000,0.552303,21,2,929.143,0.857356,0.668605
7104,4,0.125000,0.415834,17,1,992.235,0.531829,0.651712
7104,5,0.125000,0.371286,23,0,1000.000,0.844362,0.671244
7104,6,0.125000,0.494324,26,1,967.115,0.866313,0.670758
7104,7,0.125000,0.560963,24,2,942.917,0.733433,0.662818
7152,0,0.125000,0.458373,26,1,983.462,0.676249,0.660845
7152,1,0.125000,0.580774,22,0,1000.000,0.754175,0.659534
7152,2,0.125000,0.526772,21,1,971.810,1.012618,0.678507
7152,3,0.125000,0.457581,38,2,964.895,0.780696,0.664290
7152,4,0.125000,0.460412,29,1,981.483,0.655527,0.662499
7152,5,0.125000,0.508997,25,2,958.960,0.782886,0.659128
7152,6,0.125000,0.381856,41,0,1000.000,0.804396,0.677149
7152,7,0.125000,0.538776,30,1,971.933,0.740484,0.655133
7200,0,0.125000,0.606135,36,1,990.861,0.804923,0.667431
7200,1,0.125000,0.460122,31,1,969.323,0.759716,0.660601
7200,2,0.125000,0.582321,33,0,1000.000,0.842277,0.673232
7200,3,0.125000,0.511746,26,0,1000.000,0.688935,0.658458
7200,4,0.125000,0.469498,34,2,953.735,0.841367,0.668677
7200,5,0.125000,0.532214,33,1,994.273,0.816088,0.664432
7200,6,0.125000,0.378011,31,0,1000.000,0.814730,0.672738
7200,7,0.125000,0.472596,42,1,992.833,0.734282,0.663903
7248,0,0.125000,0.544593,35,3,965.800,0.774333,0.655455
7248,1,0.125000,0.492478,29,0,1000.000,0.778247,0.661958
7248,2,0.125000,0.525259,29,0,1000.000,0.907079,0.672733
7248,3,0.125000,0.456442,30,1,971.233,0.864435,0.669190
7248,4,0.125000,0.511019,35,0,1000.000,0.762625,0.662558
7248,5,0.125000,0.356206,38,1,986.447,0.820095,0.670191
7248,6,0.125000,0.496433,38,0,1000.000,0.798176,0.664371
7248,7,0.125000,0.494236,40,3,943.275,0.729763,0.653999
7296,0,0.125000,0.603476,33,1,979.697,0.789427,0.661102
7296,1,0.125000,0.497720,40,0,1000.000,0.840717,0.670285
7296,2,0.125000,0.480230,36,0,1000.000,0.842258,0.667235
7296,3,0.125000,0.492830,43,1,998.930,0.808816,0.666447
7296,4,0.125000,0.572815,28,0,1000.000,0.840549,0.664282
7296,5,0.125000,0.613046,29,0,1000.000,0.761949,0.661133
7296,6,0.125000,0.376811,32,1,985.594,0.899337,0.675501
7296,7,0.125000,0.371093,23,2,937.478,0.849264,0.662648
7344,0,0.125000,0.490610,30,2,973.533,0.850567,0.666608
7344,1,0.125000,0.513062,26,0,1000.000,0.954364,0.669677
7344,2,0.125000,0.503945,40,0,1000.000,0.952873,0.665166
7344,3,0.125000,0.532308,28,1,976.250,0.887826,0.659434
7344,4,0.125000,0.435619,36,0,1000.000,0.933981,0.666763
7344,5,0.125000,0.461601,42,2,967.857,0.885192,0.664794
7344,6,0.125000,0.487124,35,0,1000.000,0.895245,0.664664
7344,7,0.125000,0.411234,35,1,996.857,0.816167,0.665444
7392,0,0.125000,0.529021,32,3,946.781,0.897595,0.654647
7392,1,0.125000,0.620365,31,0,1000.000,0.935304,0.664401
7392,2,0.125000,0.413163,25,0,1000.000,0.915473,0.669377
7392,3,0.125000,0.538936,24,1,985.375,0.844070,0.665286
7392,4,0.125000,0.548637,27,0,1000.000,0.874803,0.655013
7392,5,0.125000,0.380662,26,0,1000.000,0.885640,0.665489
7392,6,0.125000,0.462283,23,0,1000.000,0.866380,0.659525
7392,7,0.125000,0.461477,23,2,955.435,0.805001,0.658306
7440,0,0.125000,0.688172,25,4,905.360,0.712937,0.638375
7440,1,0.125000,0.473046,21,0,1000.000,0.830639,0.656541
7440,2,0.125000,0.697606,24,0,1000.000,1.021180,0.662578
7440,3,0.125000,0.454689,26,1,963.423,0.818513,0.647820
7440,4,0.125000,0.350430,19,0,1000.000,0.852533,0.665954
7440,5,0.125000,0.469440,27,1,967.000,0.871729,0.655239
7440,6,0.125000,0.493485,26,0,1000.000,1.070274,0.670179
7440,7,0.125000,0.514595,34,3,944.412,0.892667,0.657112
7488,0,0.125000,0.411842,28,0,1000.000,1.008227,0.670380
7488,1,0.125000,0.521095,36,0,1000.000,0.878186,0.663054
7488,2,0.125000,0.499599,22,0,1000.000,0.958653,0.667401
7488,3,0.125000,0.508165,26,0,1000.000,0.896808,0.665410
7488,4,0.125000,0.576936,53,1,994.000,0.919612,0.661990
7488,5,0.125000,0.432906,36,1,987.500,0.943113,0.667688
7488,6,0.125000,0.468585,34,0,1000.000,0.973534,0.665343
7488,7,0.125000,0.445190,45,1,979.867,0.932109,0.658840
7536,0,0.125000,0.500999,17,1,997.235,1.021344,0.667768
7536,1,0.125000,0.470844,19,0,1000.000,1.041439,0.669583
7536,2,0.125000,0.502197,21,0,1000.000,1.114879,0.677835
7536,3,0.125000,0.408658,20,0,1000.000,1.087243,0.672271
7536,4,0.125000,0.491494,18,1,972.167,0.965853,0.665862
7536,5,0.125000,0.524372,22,0,1000.000,0.999094,0.665220
7536,6,0.125000,0.448529,30,1,971.967,0.891050,0.660110
7536,7,0.125000,0.445235,27,1,976.630,1.051482,0.665590
7584,0,0.125000,0.494076,23,1,975.174,0.821711,0.640826
7584,1,0.125000,0.613605,20,0,1000.000,0.926667,0.664579
7584,2,0.125000,0.536281,17,0,1000.000,1.075440,0.655037
7584,3,0.125000,0.561713,21,0,1000.000,1.015233,0.662919
7584,4,0.125000,0.685402,16,1,973.500,0.802672,0.646974
7584,5,0.125000,0.550228,12,1,957.833,0.933201,0.660867
7584,6,0.125000,0.441503,20,1,959.100,0.983762,0.668681
7584,7,0.125000,0.687843,17,0,1000.000,0.918845,0.660879
7632,0,0.125000,0.469283,28,1,975.036,0.967180,0.657082
7632,1,0.125000,0.478368,16,1,942.750,1.138723,0.654712
7632,2,0.125000,0.631607,17,0,1000.000,0.934737,0.676956
7632,3,0.125000,0.470479,22,0,1000.000,0.902763,0.667672
7632,4,0.125000,0.488865,15,0,1000.000,0.893607,0.660095
7632,5,0.125000,0.441315,21,1,999.048,1.042681,0.670813
7632,6,0.125000,0.430900,20,0,1000.000,1.137744,0.671383
7632,7,0.125000,0.660795,22,0,1000.000,0.842920,0.656580
7680,0,0.125000,0.426257,26,1,965.846,1.006943,0.661326
7680,1,0.125000,0.645078,28,0,1000.000,1.052736,0.658004
7680,2,0.125000,0.544094,33,0,1000.000,0.812326,0.657271
7680,3,0.125000,0.563537,34,2,960.235,1.061082,0.658918
7680,4,0.125000,0.456424,27,0,1000.000,1.074211,0.657355
7680,5,0.125000,0.502810,30,0,1000.000,0.968396,0.665797
7680,6,0.125000,0.487761,29,2,979.345,0.951827,0.666890
7680,7,0.125000,0.556528,28,0,1000.000,1.024233,0.662942
7728,0,0.125000,0.649058,17,3,864.294,1.041868,0.629190
7728,1,0.125000,0.377367,27,0,1000.000,1.023340,0.668745
7728,2,0.125000,0.429996,25,0,1000.000,1.111313,0.663201
7728,3,0.125000,0.536540,23,1,966.913,1.056161,0.657331
7728,4,0.125000,0.483732,21,0,1000.000,1.371875,0.668760
7728,5,0.125000,0.424973,21,0,1000.000,1.042621,0.664228
7728,6,0.125000,0.530289,24,0,1000.000,1.271740,0.667734
7728,7,0.125000,0.448896,29,0,1000.000,1.042767,0.670487
7776,0,0.125000,0.626270,21,2,965.952,0.959699,0.636151
7776,1,0.125000,0.514221,16,0,1000.000,1.152118,0.660051
7776,2,0.125000,0.500646,16,0,1000.000,1.249892,0.665690
7776,3,0.125000,0.658246,18,0,1000.000,1.048268,0.667300
7776,4,0.125000,0.523846,23,0,1000.000,1.207457,0.661573
7776,5,0.125000,0.574593,12,0,1000.000,1.047017,0.665751
7776,6,0.125000,0.484270,19,0,1000.000,1.143730,0.661770
7776,7,0.125000,0.379722,17,2,968.706,1.132013,0.651451
7872,0,0.125000,0.539838,39,1,989.410,1.105538,0.656722
7872,1,0.125000,0.583900,26,0,1000.000,1.050553,0.654817
7872,2,0.125000,0.561890,32,1,971.438,1.081270,0.656213
7872,3,0.125000,0.496080,15,0,1000.000,0.968530,0.658595
7872,4,0.125000,0.571362,21,0,1000.000,0.971609,0.654546
7872,5,0.125000,0.644123,23,0,1000.000,1.263611,0.653868
7872,6,0.125000,0.541232,23,0,1000.000,1.217769,0.660700
7872,7,0.125000,0.471794,39,1,991.795,1.324590,0.661076
7920,0,0.125000,0.533126,15,1,971.267,0.940615,0.618253
7920,1,0.125000,0.599284,20,0,1000.000,1.064552,0.644915
7920,2,0.125000,0.554980,19,0,1000.000,1.258419,0.666941
7920,3,0.125000,0.640089,17,0,1000.000,1.144608,0.652264
7920,4,0.125000,0.535488,29,1,978.483,1.173012,0.661108
7920,5,0.125000,0.496064,21,0,1000.000,1.174658,0.668030
7920,6,0.125000,0.477498,16,0,1000.000,0.940872,0.661247
7920,7,0.125000,0.486276,23,0,1000.000,1.228608,0.648124
7968,0,0.125000,0.618354,27,4,941.704,0.881302,0.641433
7968,1,0.125000,0.580311,22,0,1000.000,1.068174,0.653547
7968,2,0.125000,0.507855,21,0,1000.000,1.068989,0.650575
7968,3,0.125000,0.577091,26,0,1000.000,1.091388,0.645279
7968,4,0.125000,0.840400,22,0,1000.000,1.183604,0.654684
7968,5,0.125000,0.518591,17,0,1000.000,0.944049,0.648800
7968,6,0.125000,0.465851,19,0,1000.000,1.168606,0.660462
7968,7,0.125000,0.461313,28,0,1000.000,1.103698,0.658501
8016,0,0.125000,0.453775,22,1,967.682,1.065041,0.654368
8016,1,0.125000,0.518368,26,0,1000.000,1.053721,0.658816
8016,2,0.125000,0.526884,25,0,1000.000,0.883569,0.649403
8016,3,0.125000,0.670519,28,0,1000.000,0.957517,0.667068
8016,4,0.125000,0.511840,26,0,1000.000,1.273972,0.667845
8016,5,0.125000,0.551164,34,0,1000.000,1.205590,0.665296
8016,6,0.125000,0.570388,20,0,1000.000,0.976188,0.656243
8016,7,0.125000,0.510814,25,1,971.320,1.004978,0.657317
8064,0,0.125000,0.401680,25,1,995.280,1.066561,0.650402
8064,1,0.125000,0.614599,32,0,1000.000,1.037412,0.650383
8064,2,0.125000,0.582208,20,0,1000.000,1.126226,0.644601
8064,3,0.125000,0.630360,19,1,950.053,0.974405,0.657860
8064,4,0.125000,0.497956,29,1,967.655,0.984355,0.653431
8064,5,0.125000,0.466947,18,0,1000.000,1.011656,0.665416
8064,6,0.125000,0.458330,26,1,978.731,1.074574,0.662256
8064,7,0.125000,0.562427,20,0,1000.000,1.112216,0.664154
8112,0,0.125000,0.440064,24,1,964.375,1.055731,0.656855
8112,1,0.125000,0.431560,26,0,1000.000,1.077667,0.654965
8112,2,0.125000,0.495933,30,0,1000.000,0.962971,0.654116
8112,3,0.125000,0.591957,19,0,1000.000,1.106711,0.663082
8112,4,0.125000,0.639424,21,0,1000.000,0.957107,0.651777
8112,5,0.125000,0.715215,28,0,1000.000,1.080436,0.653797
8112,6,0.125000,0.659372,15,1,998.267,0.871400,0.647895
8112,7,0.125000,0.647433,17,1,995.471,0.856879,0.658810
8160,0,0.125000,0.605243,31,0,1000.000,1.168497,0.662116
8160,1,0.125000,0.438981,32,0,1000.000,1.146804,0.659854
8160,2,0.125000,0.520928,32,0,1000.000,1.195455,0.658450
8160,3,0.125000,0.665844,28,0,1000.000,1.019708,0.651622
8160,4,0.125000,0.486235,24,0,1000.000,1.026977,0.660653
8160,5,0.125000,0.446509,32,0,1000.000,1.155052,0.658721
8160,6,0.125000,0.562399,26,1,964.615,0.836573,0.640865
8160,7,0.125000,0.605296,35,1,978.771,1.058633,0.653757
8208,0,0.125000,0.600588,47,0,1000.000,1.003652,0.648097
8208,1,0.125000,0.493900,29,0,1000.000,1.186786,0.667559
8208,2,0.125000,0.604773,35,1,975.143,1.075735,0.656347
8208,3,0.125000,0.548053,27,0,1000.000,1.204501,0.660121
8208,4,0.125000,0.536311,26,1,966.500,1.176974,0.658621
8208,5,0.125000,0.546468,35,0,1000.000,0.989235,0.661670
8208,6,0.125000,0.609893,27,0,1000.000,1.219276,0.661595
8208,7,0.125000,0.531692,35,1,975.486,1.146089,0.654506
8256,0,0.125000,0.511949,34,1,992.824,1.289653,0.652017
8256,1,0.125000,0.689963,27,0,1000.000,1.121225,0.649914
8256,2,0.125000,0.566179,29,0,1000.000,1.123285,0.652985
8256,3,0.125000,0.554736,33,0,1000.000,1.189371,0.659597
8256,4,0.125000,0.536946,25,0,1000.000,1.337620,0.662766
8256,5,0.125000,0.471225,42,0,1000.000,1.068597,0.654689
8256,6,0.125000,0.455112,42,1,994.190,1.225048,0.651226
8256,7,0.125000,0.558803,35,1,998.743,1.244538,0.657518
8304,0,0.125000,0.548144,36,0,1000.000,0.942868,0.651619
8304,1,0.125000,0.612781,25,0,1000.000,1.136725,0.663196
8304,2,0.125000,0.518012,32,0,1000.000,1.162382,0.657094
8304,3,0.125000,0.579621,25,0,1000.000,1.132359,0.654532
8304,4,0.125000,0.601557,28,0,1000.000,1.365996,0.653582
8304,5,0.125000,0.672041,43,0,1000.000,1.150084,0.649290
8304,6,0.125000,0.655488,38,1,981.500,1.180026,0.654693
8304,7,0.125000,0.633379,33,1,974.364,1.010704,0.649806
8352,0,0.125000,0.502687,27,1,967.185,1.088577,0.650232
8352,1,0.125000,0.544115,30,0,1000.000,0.925474,0.647776
8352,2,0.125000,0.530079,33,0,1000.000,1.101178,0.669574
8352,3,0.125000,0.672507,33,0,1000.000,1.035079,0.643027
8352,4,0.125000,0.510359,35,0,1000.000,1.283617,0.659880
8352,5,0.125000,0.580203,37,1,984.622,1.208535,0.661596
8352,6,0.125000,0.475512,29,0,1000.000,0.952732,0.651724
8352,7,0.125000,0.481694,45,4,965.356,0.989254,0.644834
8400,0,0.125000,0.512412,19,0,1000.000,1.223742,0.651164
8400,1,0.125000,0.633939,19,0,1000.000,1.238937,0.657479
8400,2,0.125000,0.334469,21,0,1000.000,0.985757,0.655702
8400,3,0.125000,0.558909,39,0,1000.000,1.074715,0.657471
8400,4,0.125000,0.463347,21,0,1000.000,1.263174,0.662050
8400,5,0.125000,0.591791,28,0,1000.000,1.165101,0.649202
8400,6,0.125000,0.530671,31,1,982.742,1.125854,0.650614
8400,7,0.125000,0.524522,22,1,957.364,1.167692,0.659028
8448,0,0.125000,0.646464,26,0,1000.000,1.138506,0.652324
8448,1,0.125000,0.604732,26,1,963.577,1.145116,0.641848
8448,2,0.125000,0.617769,26,0,1000.000,0.938657,0.653895
8448,3,0.125000,0.495204,23,0,1000.000,1.077609,0.643738
8448,4,0.125000,0.688240,38,0,1000.000,1.099140,0.639836
8448,5,0.125000,0.482634,27,0,1000.000,1.156515,0.644736
8448,6,0.125000,0.530466,23,0,1000.000,1.234733,0.659909
8448,7,0.125000,0.565882,24,0,1000.000,1.170486,0.651770
8496,0,0.125000,0.585885,35,1,994.486,1.165995,0.650608
8496,1,0.125000,0.558074,30,0,1000.000,1.095354,0.652037
8496,2,0.125000,0.522850,45,0,1000.000,1.085929,0.647846
8496,3,0.125000,0.580890,37,1,974.811,1.123983,0.647072
8496,4,0.125000,0.588359,39,0,1000.000,1.160490,0.646811
8496,5,0.125000,0.511516,37,0,1000.000,1.344801,0.657635
8496,6,0.125000,0.640870,28,1,968.464,1.183136,0.644043
8496,7,0.125000,0.578729,29,1,978.655,0.969981,0.639405
8544,0,0.125000,0.624107,18,1,962.167,0.929402,0.640695
8544,1,0.125000,0.288171,17,0,1000.000,1.061677,0.652050
8544,2,0.125000,0.467531,21,0,1000.000,0.900961,0.659634
8544,3,0.125000,0.635472,22,0,1000.000,1.214120,0.650392
8544,4,0.125000,0.558944,18,1,946.833,1.217634,0.632398
8544,5,0.125000,0.482332,16,0,1000.000,1.260335,0.653082
8544,6,0.125000,0.529840,21,2,940.619,1.168492,0.652264
8544,7,0.125000,0.467053,20,0,1000.000,1.190779,0.649884
8592,0,0.125000,0.660550,21,1,960.048,1.015352,0.638922
8592,1,0.125000,0.758382,18,0,1000.000,1.004526,0.645866
8592,2,0.125000,0.556915,15,0,1000.000,1.057053,0.664738
8592,3,0.125000,0.554182,22,0,1000.000,0.955192,0.652484
8592,4,0.125000,0.694828,17,0,1000.000,0.924753,0.629678
8592,5,0.125000,0.633855,15,0,1000.000,1.126972,0.641756
8592,6,0.125000,0.625065,17,1,949.059,1.190035,0.639462
8592,7,0.125000,0.399750,19,3,912.316,1.038343,0.646449
8640,0,0.125000,0.607466,22,0,1000.000,1.182449,0.655288
8640,1,0.125000,0.576811,24,1,981.625,1.301983,0.664329
8640,2,0.125000,0.664526,21,0,1000.000,1.397547,0.663587
8640,3,0.125000,0.603673,17,0,1000.000,1.289784,0.651815
8640,4,0.125000,0.607753,27,0,1000.000,1.222797,0.645931
8640,5,0.125000,0.773826,32,0,1000.000,1.190452,0.659544
8640,6,0.125000,0.472925,17,1,944.294,1.158674,0.633841
8640,7,0.125000,0.790438,22,0,1000.000,1.192434,0.658165
8688,0,0.125000,0.630798,23,0,1000.000,1.207471,0.652749
8688,1,0.125000,0.559703,20,0,1000.000,1.182474,0.646774
8688,2,0.125000,0.628954,34,0,1000.000,1.253216,0.659189
8688,3,0.125000,0.627526,39,0,1000.000,1.204635,0.652200
8688,4,0.125000,0.576551,31,0,1000.000,1.451852,0.657523
8688,5,0.125000,0.594011,32,0,1000.000,1.223862,0.656817
8688,6,0.125000,0.649653,29,0,1000.000,1.461398,0.656666
8688,7,0.125000,0.600924,30,1,972.700,1.159710,0.643157
8736,0,0.125000,0.486162,23,2,938.739,0.990272,0.631271
8736,1,0.125000,0.764295,21,0,1000.000,1.053596,0.646793
8736,2,0.125000,0.571131,17,0,1000.000,1.127305,0.654844
8736,3,0.125000,0.546814,22,1,972.136,1.147439,0.641083
8736,4,0.125000,0.687843,24,0,1000.000,1.010774,0.641971
8736,5,0.125000,0.535113,19,0,1000.000,1.106613,0.659297
8736,6,0.125000,0.656525,20,1,991.500,1.085182,0.643006
8736,7,0.125000,0.615270,25,0,1000.000,1.128741,0.653938
8784,0,0.125000,0.666173,16,0,1000.000,0.884851,0.644500
8784,1,0.125000,0.688594,15,0,1000.000,1.349914,0.654125
8784,2,0.125000,0.682504,18,0,1000.000,1.221961,0.652145
8784,3,0.125000,0.437481,20,1,992.600,1.058063,0.653248
8784,4,0.125000,0.412959,19,0,1000.000,1.152897,0.659322
8784,5,0.125000,0.507458,15,0,1000.000,0.953144,0.653604
8784,6,0.125000,0.548089,20,0,1000.000,1.293580,0.659346
8784,7,0.125000,0.539306,19,0,1000.000,1.199530,0.652020
8832,0,0.125000,0.452960,13,1,933.538,1.115549,0.642935
8832,1,0.125000,0.714504,14,1,952.500,1.244417,0.649605
8832,2,0.125000,0.691382,16,0,1000.000,1.128361,0.643428
8832,3,0.125000,0.607209,7,0,1000.000,1.310337,0.653421
8832,4,0.125000,0.690148,11,0,1000.000,0.956017,0.630435
8832,5,0.125000,0.558591,15,0,1000.000,1.328579,0.657867
8832,6,0.125000,0.702980,25,0,1000.000,1.030509,0.634371
8832,7,0.125000,0.687589,12,0,1000.000,1.296108,0.654891
8928,0,0.125000,0.606740,33,1,978.091,1.117575,0.642905
8928,1,0.125000,0.643729,37,0,1000.000,1.279026,0.651390
8928,2,0.125000,0.598041,36,0,1000.000,1.063208,0.649454
8928,3,0.125000,0.502069,36,0,1000.000,1.056143,0.654849
8928,4,0.125000,0.550182,32,1,970.312,1.144766,0.656466
8928,5,0.125000,0.579128,39,1,997.359,1.187538,0.642881
8928,6,0.125000,0.560682,29,1,981.724,0.972611,0.653314
8928,7,0.125000,0.642783,26,1,989.808,1.075950,0.654293
8976,0,0.125000,0.555720,22,1,960.591,1.176142,0.643089
8976,1,0.125000,0.528815,27,0,1000.000,1.129132,0.652638
8976,2,0.125000,0.566839,18,0,1000.000,1.191126,0.652234
8976,3,0.125000,0.478723,22,0,1000.000,0.888683,0.641541
8976,4,0.125000,0.545787,25,0,1000.000,1.123133,0.655515
8976,5,0.125000,0.600025,25,0,1000.000,1.286644,0.643937
8976,6,0.125000,0.613028,21,0,1000.000,1.477311,0.653589
8976,7,0.125000,0.499661,23,2,972.391,1.154334,0.643184
9024,0,0.125000,0.571317,27,1,982.778,1.020813,0.645389
9024,1,0.125000,0.709933,26,0,1000.000,1.257657,0.648465
9024,2,0.125000,0.605834,29,0,1000.000,1.376269,0.659115
9024,3,0.125000,0.591919,25,0,1000.000,1.111609,0.637749
9024,4,0.125000,0.525534,29,2,935.828,1.220634,0.647664
9024,5,0.125000,0.534105,27,0,1000.000,1.001119,0.640516
9024,6,0.125000,0.572373,26,0,1000.000,1.048252,0.639127
9024,7,0.125000,0.559877,25,1,971.720,0.969493,0.651658
9072,0,0.125000,0.536706,28,0,1000.000,1.212101,0.651887
9072,1,0.125000,0.641607,18,0,1000.000,1.257059,0.649427
9072,2,0.125000,0.555527,22,1,976.545,1.343748,0.654477
9072,3,0.125000,0.563079,24,0,1000.000,1.040415,0.647511
9072,4,0.125000,0.581913,21,0,1000.000,1.170513,0.647317
9072,5,0.125000,0.799168,21,0,1000.000,1.065432,0.648358
9072,6,0.125000,0.628503,23,2,976.348,1.024565,0.650439
9072,7,0.125000,0.537225,25,1,976.480,1.201665,0.652082
9120,0,0.125000,0.601226,24,2,932.458,0.821793,0.640969
9120,1,0.125000,0.481959,16,0,1000.000,0.838413,0.634129
9120,2,0.125000,0.762670,32,0,1000.000,0.905075,0.634449
9120,3,0.125000,0.470005,22,1,957.091,1.208654,0.636633
9120,4,0.125000,0.619221,26,0,1000.000,0.846297,0.635469
9120,5,0.125000,0.642343,27,1,993.148,1.016955,0.645244
9120,6,0.125000,0.433618,21,2,916.762,0.948803,0.636145
9120,7,0.125000,0.661930,28,0,1000.000,1.218891,0.654836
9168,0,0.125000,0.625131,21,0,1000.000,1.396064,0.655490
9168,1,0.125000,0.569966,28,0,1000.000,1.286094,0.664662
9168,2,0.125000,0.617679,35,0,1000.000,1.355434,0.648046
9168,3,0.125000,0.596139,32,0,1000.000,1.101530,0.638598
9168,4,0.125000,0.533837,35,0,1000.000,1.179820,0.647102
9168,5,0.125000,0.395752,30,2,990.967,0.856728,0.634619
9168,6,0.125000,0.586108,23,0,1000.000,1.084512,0.645578
9168,7,0.125000,0.620184,35,3,993.800,1.241878,0.639753
9216,0,0.125000,0.599428,32,1,987.062,0.829941,0.634673
9216,1,0.125000,0.536933,41,0,1000.000,1.298006,0.652453
9216,2,0.125000,0.678690,25,0,1000.000,1.015186,0.651775
9216,3,0.125000,0.605620,30,0,1000.000,0.926383,0.643337
9216,4,0.125000,0.489617,47,2,981.660,1.031534,0.645421
9216,5,0.125000,0.710308,38,2,984.474,0.866451,0.646563
9216,6,0.125000,0.697824,22,1,982.773,1.133376,0.643586
9216,7,0.125000,0.577108,36,2,995.556,1.088806,0.649287
9264,0,0.125000,0.631986,23,1,961.348,1.039606,0.647299
9264,1,0.125000,0.596179,40,0,1000.000,1.118129,0.640501
9264,2,0.125000,0.737151,39,0,1000.000,1.229830,0.645153
9264,3,0.125000,0.605861,30,0,1000.000,1.152457,0.644989
9264,4,0.125000,0.694602,33,1,986.121,1.203443,0.648282
9264,5,0.125000,0.646603,32,0,1000.000,1.283747,0.644928
9264,6,0.125000,0.546894,36,1,995.111,1.064373,0.638713
9264,7,0.125000,0.692464,40,0,1000.000,1.303418,0.646458
9312,0,0.125000,0.643731,30,1,978.767,1.070994,0.642333
9312,1,0.125000,0.621939,36,1,973.472,1.208551,0.650747
9312,2,0.125000,0.628811,32,0,1000.000,1.140660,0.646203
9312,3,0.125000,0.661711,28,0,1000.000,1.052945,0.647883
9312,4,0.125000,0.707671,27,0,1000.000,1.114495,0.647715
9312,5,0.125000,0.606558,30,1,992.967,1.158691,0.644135
9312,6,0.125000,0.662129,37,1,979.324,1.013961,0.647223
9312,7,0.125000,0.664285,32,0,1000.000,1.086215,0.641943
9360,0,0.125000,0.652094,40,0,1000.000,1.200724,0.647608
9360,1,0.125000,0.657084,32,0,1000.000,1.304894,0.653308
9360,2,0.125000,0.587078,28,0,1000.000,1.394532,0.638901
9360,3,0.125000,0.608718,35,0,1000.000,1.257825,0.645778
9360,4,0.125000,0.706222,29,0,1000.000,1.382521,0.651843
9360,5,0.125000,0.549667,36,2,947.917,1.344157,0.644825
9360,6,0.125000,0.604096,26,0,1000.000,1.273180,0.642003
9360,7,0.125000,0.534779,45,2,977.733,1.349533,0.645616
9408,0,0.125000,0.641733,25,0,1000.000,1.452134,0.656295
9408,1,0.125000,0.748175,23,0,1000.000,1.040359,0.639688
9408,2,0.125000,0.713566,22,2,925.773,1.203796,0.637851
9408,3,0.125000,0.681042,31,0,1000.000,1.173068,0.648924
9408,4,0.125000,0.723345,27,0,1000.000,1.238490,0.639954
9408,5,0.125000,0.615286,19,0,1000.000,1.440706,0.639775
9408,6,0.125000,0.524662,17,1,952.529,1.093249,0.633945
9408,7,0.125000,0.467991,20,0,1000.000,1.239512,0.642557
9456,0,0.125000,0.543412,26,0,1000.000,1.231566,0.642975
9456,1,0.125000,0.596420,29,0,1000.000,1.197367,0.640970
9456,2,0.125000,0.503669,38,1,975.737,1.429378,0.635135
9456,3,0.125000,0.693588,19,0,1000.000,1.132027,0.639192
9456,4,0.125000,0.747886,30,1,980.067,1.218483,0.645236
9456,5,0.125000,0.602871,33,1,981.909,1.255899,0.647976
9456,6,0.125000,0.572945,23,1,999.217,1.200621,0.639537
9456,7,0.125000,0.746999,34,1,998.441,1.152909,0.656655
9504,0,0.125000,0.595646,29,0,1000.000,1.316062,0.643353
9504,1,0.125000,0.693864,35,1,973.371,1.218914,0.635453
9504,2,0.125000,0.742023,32,0,1000.000,1.146219,0.647607
9504,3,0.125000,0.584388,31,0,1000.000,1.256816,0.652253
9504,4,0.125000,0.615495,34,1,972.265,1.198797,0.642589
9504,5,0.125000,0.592426,25,0,1000.000,1.413410,0.638399
9504,6,0.125000,0.584143,35,0,1000.000,1.120054,0.643256
9504,7,0.125000,0.560647,34,0,1000.000,1.259329,0.643437
9552,0,0.125000,0.778961,22,1,987.727,0.908722,0.643902
9552,1,0.125000,0.670464,15,1,938.467,1.227315,0.642313
9552,2,0.125000,0.567185,26,0,1000.000,1.204132,0.645570
9552,3,0.125000,0.669859,20,0,1000.000,1.640386,0.662244
9552,4,0.125000,0.398557,14,0,1000.000,1.110553,0.643133
9552,5,0.125000,0.688023,20,0,1000.000,1.117796,0.636314
9552,6,0.125000,0.603038,15,0,1000.000,1.073907,0.654344
9552,7,0.125000,0.613338,21,4,903.286,0.997009,0.625869
9600,0,0.125000,0.625302,26,0,1000.000,1.254787,0.648609
9600,1,0.125000,0.583844,25,0,1000.000,1.156736,0.634342
9600,2,0.125000,0.606999,17,0,1000.000,1.466283,0.645446
9600,3,0.125000,0.617397,11,0,1000.000,1.018797,0.649188
9600,4,0.125000,0.673866,15,0,1000.000,1.204793,0.649134
9600,5,0.125000,0.632697,20,1,975.550,1.413127,0.651549
9600,6,0.125000,0.648975,13,1,927.077,1.077045,0.624077
9600,7,0.125000,0.669213,21,2,961.333,0.885283,0.640918
9648,0,0.125000,0.777552,17,0,1000.000,1.197967,0.656827
9648,1,0.125000,0.730810,22,0,1000.000,1.140116,0.650164
9648,2,0.125000,0.568890,22,0,1000.000,1.390317,0.645575
9648,3,0.125000,0.702941,20,0,1000.000,1.417655,0.655231
9648,4,0.125000,0.730040,22,0,1000.000,1.094028,0.641807
9648,5,0.125000,0.679623,28,0,1000.000,1.453169,0.655415
9648,6,0.125000,0.572215,29,0,1000.000,1.557378,0.651337
9648,7,0.125000,0.704788,27,1,975.111,1.081415,0.656339
9696,0,0.125000,0.670711,28,0,1000.000,1.492633,0.643494
9696,1,0.125000,0.716351,35,0,1000.000,1.090203,0.631684
9696,2,0.125000,0.655832,29,0,1000.000,1.442576,0.648371
9696,3,0.125000,0.577414,31,0,1000.000,1.520896,0.650204
9696,4,0.125000,0.662868,26,0,1000.000,1.180709,0.643166
9696,5,0.125000,0.592582,31,0,1000.000,1.209346,0.654403
9696,6,0.125000,0.598664,28,0,1000.000,1.325120,0.644843
9696,7,0.125000,0.639642,20,0,1000.000,1.156576,0.648435
9744,0,0.125000,0.510747,17,2,963.294,1.241377,0.625600
9744,1,0.125000,0.704455,22,1,957.682,1.021446,0.638128
9744,2,0.125000,0.753237,18,0,1000.000,1.446786,0.650857
9744,3,0.125000,0.604806,21,0,1000.000,1.180148,0.644806
9744,4,0.125000,0.736119,17,0,1000.000,1.590754,0.650408
9744,5,0.125000,0.546710,16,0,1000.000,1.483116,0.656911
9744,6,0.125000,0.618922,27,0,1000.000,1.403566,0.642264
9744,7,0.125000,0.574553,26,3,948.538,1.380293,0.636110
9792,0,0.125000,0.571466,14,0,1000.000,1.382458,0.640570
9792,1,0.125000,0.548403,23,0,1000.000,1.139629,0.645828
9792,2,0.125000,0.524908,12,0,1000.000,1.420459,0.640474
9792,3,0.125000,0.587913,24,0,1000.000,1.575439,0.647296
9792,4,0.125000,0.632892,12,0,1000.000,1.208190,0.630526
9792,5,0.125000,0.720133,14,1,935.286,1.350500,0.645447
9792,6,0.125000,0.649694,26,0,1000.000,1.416907,0.639557
9792,7,0.125000,0.641191,19,0,1000.000,1.326900,0.639491
9840,0,0.125000,0.769885,18,0,1000.000,1.251668,0.636667
9840,1,0.125000,0.556847,12,0,1000.000,1.429983,0.646433
9840,2,0.125000,0.583626,13,0,1000.000,1.200099,0.640898
9840,3,0.125000,0.556361,13,0,1000.000,1.332280,0.641091
9840,4,0.125000,0.661439,15,1,973.333,1.376647,0.623700
9840,5,0.125000,0.632494,21,0,1000.000,1.374044,0.635266
9840,6,0.125000,0.685316,12,0,1000.000,1.194543,0.627756
9840,7,0.125000,0.368204,11,1,914.909,1.268047,0.632732
9888,0,0.125000,0.724859,14,0,1000.000,1.323928,0.644377
9888,1,0.125000,0.516908,19,0,1000.000,1.402427,0.645146
9888,2,0.125000,0.715230,17,0,1000.000,1.129126,0.652416
9888,3,0.125000,0.726992,14,0,1000.000,1.398071,0.629478
9888,4,0.125000,0.538619,9,0,1000.000,1.405077,0.651431
9888,5,0.125000,0.632895,13,0,1000.000,1.214887,0.635129
9888,6,0.125000,0.542831,15,0,1000.000,1.591845,0.643584
9888,7,0.125000,0.726075,14,0,1000.000,1.250247,0.632930
9936,0,0.125000,0.722627,16,1,968.938,1.131393,0.650987
9936,1,0.125000,0.639434,11,0,1000.000,0.939272,0.642421
9936,2,0.125000,0.543959,16,0,1000.000,1.142816,0.644220
9936,3,0.125000,0.606861,17,0,1000.000,1.459903,0.640671
9936,4,0.125000,0.645259,26,0,1000.000,1.239531,0.642902
9936,5,0.125000,0.530953,19,0,1000.000,1.384776,0.643954
9936,6,0.125000,0.717559,23,1,992.043,1.383253,0.639448
9936,7,0.125000,0.630433,26,1,997.654,1.316437,0.633006
9984,0,0.125000,0.760485,26,2,978.000,1.177307,0.640596
9984,1,0.125000,0.819776,21,1,997.667,1.350155,0.652892
9984,2,0.125000,0.705284,27,0,1000.000,1.541877,0.639005
9984,3,0.125000,0.737541,26,0,1000.000,1.314471,0.638051
9984,4,0.125000,0.560338,25,0,1000.000,1.596372,0.649177
9984,5,0.125000,0.599951,23,0,1000.000,1.472829,0.648385
9984,6,0.125000,0.657963,26,1,968.192,1.361961,0.640511
9984,7,0.125000,0.842197,21,0,1000.000,1.436927,0.652928
10032,0,0.125000,0.621476,20,1,952.700,1.401904,0.625619
10032,1,0.125000,0.724476,24,0,1000.000,1.221231,0.651110
10032,2,0.125000,0.620206,25,0,1000.000,1.427890,0.637764
10032,3,0.125000,0.685960,32,0,1000.000,1.481149,0.647637
10032,4,0.125000,0.544645,28,0,1000.000,1.200332,0.634610
10032,5,0.125000,0.692949,29,0,1000.000,1.423239,0.651504
10032,6,0.125000,0.765340,25,0,1000.000,1.258234,0.648514
10032,7,0.125000,0.699111,34,1,992.294,1.457254,0.641960
10080,0,0.125000,0.503655,14,0,1000.000,1.501560,0.642277
10080,1,0.125000,0.757581,25,0,1000.000,1.236904,0.656612
10080,2,0.125000,0.668476,19,0,1000.000,1.422336,0.644811
10080,3,0.125000,0.611530,19,0,1000.000,1.385678,0.644351
10080,4,0.125000,0.698013,29,1,995.931,1.218894,0.645734
10080,5,0.125000,0.593197,18,0,1000.000,1.255991,0.627114
10080,6,0.125000,0.739673,24,1,960.625,1.214333,0.648487
10080,7,0.125000,0.740762,10,0,1000.000,1.036037,0.628651
10128,0,0.125000,0.791632,24,0,1000.000,1.418309,0.654201
10128,1,0.125000,0.587208,23,0,1000.000,1.254244,0.634740
10128,2,0.125000,0.680759,20,1,952.650,1.512795,0.632440
10128,3,0.125000,0.721472,19,0,1000.000,1.411723,0.629435
10128,4,0.125000,0.715546,38,0,1000.000,1.257807,0.643674
10128,5,0.125000,0.740390,29,0,1000.000,1.388104,0.651620
10128,6,0.125000,0.565210,26,1,997.923,1.265480,0.631845
10128,7,0.125000,0.729054,23,0,1000.000,1.116336,0.639926
10176,0,0.125000,0.703531,38,1,997.026,1.353706,0.634680
10176,1,0.125000,0.750124,25,0,1000.000,1.438755,0.636542
10176,2,0.125000,0.748687,36,0,1000.000,1.510260,0.644595
10176,3,0.125000,0.759497,31,0,1000.000,1.486629,0.648130
10176,4,0.125000,0.662641,25,1,961.560,1.301240,0.631544
10176,5,0.125000,0.639885,34,0,1000.000,1.615090,0.633191
10176,6,0.125000,0.685534,35,0,1000.000,1.386809,0.643751
10176,7,0.125000,0.752153,22,0,1000.000,1.385758,0.642802
10224,0,0.125000,0.801675,26,3,917.231,1.303746,0.634006
10224,1,0.125000,0.671274,46,2,974.239,1.372056,0.636489
10224,2,0.125000,0.669406,38,1,979.868,1.450371,0.639415
10224,3,0.125000,0.682991,33,1,992.758,1.431510,0.646299
10224,4,0.125000,0.730788,32,0,1000.000,1.359553,0.641171
10224,5,0.125000,0.621160,46,1,980.326,1.315414,0.637865
10224,6,0.125000,0.561204,31,0,1000.000,1.308040,0.638924
10224,7,0.125000,0.645453,34,3,966.059,1.192026,0.617759
10272,0,0.125000,0.690184,32,0,1000.000,1.224039,0.643073
10272,1,0.125000,0.783520,42,2,962.929,1.492143,0.640107
10272,2,0.125000,0.740763,30,0,1000.000,1.196493,0.640335
10272,3,0.125000,0.822135,28,0,1000.000,1.188598,0.642043
10272,4,0.125000,0.795305,28,0,1000.000,1.412373,0.647828
10272,5,0.125000,0.704514,35,1,974.829,1.245735,0.631907
10272,6,0.125000,0.701012,38,0,1000.000,1.420460,0.640938
10272,7,0.125000,0.736906,30,0,1000.000,1.331802,0.640274
10320,0,0.125000,0.593159,33,0,1000.000,1.412526,0.639465
10320,1,0.125000,0.654156,39,0,1000.000,1.180371,0.639498
10320,2,0.125000,0.640117,33,0,1000.000,1.386538,0.640859
10320,3,0.125000,0.641109,32,1,987.469,1.434265,0.636362
10320,4,0.125000,0.694835,29,0,1000.000,1.470412,0.640111
10320,5,0.125000,0.653584,28,0,1000.000,1.401302,0.639151
10320,6,0.125000,0.731633,35,1,973.629,1.340745,0.633959
10320,7,0.125000,0.728620,31,1,969.258,1.266384,0.632531
10368,0,0.125000,0.634154,36,1,999.972,1.453404,0.636818
10368,1,0.125000,0.748060,28,0,1000.000,1.448037,0.646060
10368,2,0.125000,0.702063,31,0,1000.000,1.316360,0.640888
10368,3,0.125000,0.715895,35,1,973.543,1.431171,0.642063
10368,4,0.125000,0.529384,27,1,965.185,1.549847,0.628476
10368,5,0.125000,0.742992,28,0,1000.000,1.422468,0.645563
10368,6,0.125000,0.692100,34,0,1000.000,1.448420,0.646640
10368,7,0.125000,0.747917,42,0,1000.000,1.217303,0.638876
10416,0,0.125000,0.641468,26,0,1000.000,1.230254,0.636027
10416,1,0.125000,0.686494,17,1,944.706,1.511032,0.619722
10416,2,0.125000,0.713762,13,0,1000.000,1.566130,0.635541
10416,3,0.125000,0.648184,19,0,1000.000,1.382020,0.629208
10416,4,0.125000,0.724640,26,2,955.000,1.260371,0.629304
10416,5,0.125000,0.798235,23,0,1000.000,1.827704,0.641693
10416,6,0.125000,0.681518,18,0,1000.000,1.759976,0.628926
10416,7,0.125000,0.664726,29,2,943.793,1.243476,0.634459
10464,0,0.125000,0.640640,30,0,1000.000,1.335836,0.626413
10464,1,0.125000,0.589131,42,1,984.571,1.380863,0.635592
10464,2,0.125000,0.757347,35,1,982.057,1.545103,0.640743
10464,3,0.125000,0.774566,33,0,1000.000,1.330177,0.646417
10464,4,0.125000,0.670795,39,2,965.487,1.211937,0.635022
10464,5,0.125000,0.651455,25,0,1000.000,1.296945,0.644359
10464,6,0.125000,0.613093,30,2,970.100,1.496222,0.635506
10464,7,0.125000,0.701598,24,0,1000.000,1.434533,0.638834
10512,0,0.125000,0.688654,28,0,1000.000,1.165461,0.641986
10512,1,0.125000,0.797289,31,0,1000.000,1.231120,0.642676
10512,2,0.125000,0.691863,23,0,1000.000,1.368742,0.628761
10512,3,0.125000,0.676653,35,1,973.457,1.312478,0.642243
10512,4,0.125000,0.795268,27,0,1000.000,1.515743,0.646932
10512,5,0.125000,0.669855,29,1,973.552,1.171090,0.630009
10512,6,0.125000,0.722069,20,0,1000.000,1.158729,0.627821
10512,7,0.125000,0.689171,46,3,975.848,1.194634,0.633058
10560,0,0.125000,0.615140,21,1,992.143,1.227152,0.638642
10560,1,0.125000,0.671274,21,0,1000.000,1.659798,0.638314
10560,2,0.125000,0.704262,28,0,1000.000,1.326055,0.635422
10560,3,0.125000,0.819628,18,0,1000.000,1.093954,0.648737
10560,4,0.125000,0.725983,12,2,841.250,1.289449,0.630406
10560,5,0.125000,0.540519,10,0,1000.000,1.494209,0.619933
10560,6,0.125000,0.581576,19,1,958.842,1.404889,0.639895
10560,7,0.125000,0.668964,21,1,984.048,1.514625,0.634837
10656,0,0.125000,0.707104,33,2,963.697,1.350239,0.637525
10656,1,0.125000,0.768428,60,2,979.700,1.320167,0.642205
10656,2,0.125000,0.726901,52,0,1000.000,1.438130,0.635955
10656,3,0.125000,0.781530,48,0,1000.000,1.424902,0.641808
10656,4,0.125000,0.601013,40,1,985.350,1.385643,0.638356
10656,5,0.125000,0.761086,45,0,1000.000,1.292470,0.644394
10656,6,0.125000,0.646968,41,0,1000.000,1.424620,0.633133
10656,7,0.125000,0.657514,41,1,991.854,1.346897,0.633568
10704,0,0.125000,0.791861,20,1,963.550,1.473872,0.646353
10704,1,0.125000,0.798622,27,0,1000.000,1.331078,0.638981
10704,2,0.125000,0.755285,26,0,1000.000,1.680757,0.637092
10704,3,0.125000,0.751887,38,1,981.421,1.548159,0.651101
10704,4,0.125000,0.745545,24,0,1000.000,1.351653,0.631610
10704,5,0.125000,0.718252,37,1,986.243,1.539296,0.645607
10704,6,0.125000,0.727018,22,2,943.091,1.282696,0.647609
10704,7,0.125000,0.769482,31,0,1000.000,1.289668,0.650765
10752,0,0.125000,0.822929,20,0,1000.000,1.426336,0.641152
10752,1,0.125000,0.743138,24,1,981.708,1.831047,0.630240
10752,2,0.125000,0.671152,17,0,1000.000,1.567299,0.617563
10752,3,0.125000,0.716764,18,0,1000.000,1.595627,0.639529
10752,4,0.125000,0.636787,13,0,1000.000,1.485937,0.626493
10752,5,0.125000,0.785663,20,0,1000.000,1.341643,0.642255
10752,6,0.125000,0.711116,17,1,946.824,1.272937,0.652414
10752,7,0.125000,0.892905,17,0,1000.000,1.291607,0.653433
10800,0,0.125000,0.724685,15,2,933.800,1.334836,0.639532
10800,1,0.125000,0.818392,15,2,925.533,1.600832,0.632722
10800,2,0.125000,0.845213,20,0,1000.000,1.481735,0.645015
10800,3,0.125000,0.585906,19,0,1000.000,1.566850,0.637543
10800,4,0.125000,0.827660,19,0,1000.000,1.537212,0.622971
10800,5,0.125000,0.668305,28,0,1000.000,1.418041,0.632653
10800,6,0.125000,0.891270,12,0,1000.000,1.302779,0.656349
10800,7,0.125000,0.734528,19,0,1000.000,1.439577,0.617297
10848,0,0.125000,0.769527,14,0,1000.000,1.000701,0.627293
10848,1,0.125000,0.749707,12,0,1000.000,1.486403,0.645965
10848,2,0.125000,0.712899,17,0,1000.000,1.167665,0.628382
10848,3,0.125000,0.772846,16,0,1000.000,1.565210,0.635767
10848,4,0.125000,0.672139,18,0,1000.000,1.352743,0.644643
10848,5,0.125000,0.773484,7,0,1000.000,1.177869,0.629387
10848,6,0.125000,0.825830,14,0,1000.000,1.309258,0.630004
10848,7,0.125000,0.814361,7,0,1000.000,1.568351,0.633723
10896,0,0.125000,0.795016,18,0,1000.000,1.618706,0.645440
10896,1,0.125000,0.662311,20,0,1000.000,1.919688,0.622456
10896,2,0.125000,0.711562,21,1,954.762,1.207740,0.659328
10896,3,0.125000,0.779519,18,0,1000.000,1.336775,0.665336
10896,4,0.125000,0.714354,8,0,1000.000,1.150745,0.633426
10896,5,0.125000,0.668324,10,0,1000.000,1.490057,0.641307
10896,6,0.125000,0.721226,16,0,1000.000,1.663940,0.625936
10896,7,0.125000,0.556168,17,3,921.235,1.347373,0.630088
10944,0,0.125000,0.598545,20,0,1000.000,1.446121,0.634460
10944,1,0.125000,0.621469,19,0,1000.000,1.333164,0.631398
10944,2,0.125000,0.740154,22,0,1000.000,1.606629,0.629788
10944,3,0.125000,0.757943,24,0,1000.000,1.259690,0.643135
10944,4,0.125000,0.619722,13,0,1000.000,1.759799,0.629241
10944,5,0.125000,0.795124,22,0,1000.000,1.542241,0.649209
10944,6,0.125000,0.692520,18,0,1000.000,1.515502,0.624696
10944,7,0.125000,0.713342,20,0,1000.000,1.521007,0.637367
10992,0,0.125000,0.766796,15,0,1000.000,1.211029,0.651248
10992,1,0.125000,0.763227,30,2,963.767,1.324227,0.638200
10992,2,0.125000,0.782071,22,0,1000.000,1.199108,0.641114
10992,3,0.125000,0.660624,21,0,1000.000,1.253340,0.650162
10992,4,0.125000,0.788641,25,1,961.760,1.126525,0.632760
10992,5,0.125000,0.762199,24,0,1000.000,1.459836,0.650442
10992,6,0.125000,0.745798,33,0,1000.000,1.156309,0.634948
10992,7,0.125000,0.760817,37,2,966.108,1.341969,0.642958
11040,0,0.125000,0.840454,24,1,978.375,1.199168,0.642157
11040,1,0.125000,0.633461,33,0,1000.000,1.396715,0.642256
11040,2,0.125000,0.740746,28,0,1000.000,1.369396,0.645187
11040,3,0.125000,0.772945,27,0,1000.000,1.560673,0.644323
11040,4,0.125000,0.760869,27,0,1000.000,1.727308,0.625972
11040,5,0.125000,0.881924,20,0,1000.000,1.241398,0.660645
11040,6,0.125000,0.661889,24,0,1000.000,1.405490,0.639799
11040,7,0.125000,0.699420,19,0,1000.000,2.028149,0.633538
11088,0,0.125000,0.682978,14,0,1000.000,1.765872,0.631248
11088,1,0.125000,0.769331,24,1,976.958,1.463192,0.643677
11088,2,0.125000,0.749078,22,0,1000.000,1.780855,0.636492
11088,3,0.125000,0.718546,16,1,970.875,1.273726,0.640187
11088,4,0.125000,0.674117,24,0,1000.000,1.298219,0.632621
11088,5,0.125000,0.854305,26,0,1000.000,1.391444,0.645769
11088,6,0.125000,0.736234,13,0,1000.000,1.483454,0.640772
11088,7,0.125000,0.662148,23,2,963.130,1.253682,0.636854
11136,0,0.125000,0.793108,33,0,1000.000,1.516939,0.636642
11136,1,0.125000,0.701211,22,0,1000.000,1.552323,0.631814
11136,2,0.125000,0.732989,22,0,1000.000,1.466414,0.641853
11136,3,0.125000,0.809117,32,0,1000.000,1.583760,0.643778
11136,4,0.125000,0.810923,30,0,1000.000,1.225423,0.643311
11136,5,0.125000,0.694795,26,0,1000.000,1.252853,0.628832
11136,6,0.125000,0.676983,23,0,1000.000,1.558181,0.637089
11136,7,0.125000,0.787470,17,0,1000.000,1.422134,0.640166
11184,0,0.125000,0.823288,24,0,1000.000,1.417790,0.656068
11184,1,0.125000,0.635818,31,1,969.387,1.342847,0.631120
11184,2,0.125000,0.686784,32,0,1000.000,1.501425,0.637374
11184,3,0.125000,0.696492,31,1,993.290,1.248770,0.641703
11184,4,0.125000,0.758184,37,0,1000.000,1.577935,0.637198
11184,5,0.125000,0.722248,30,0,1000.000,1.461592,0.641101
11184,6,0.125000,0.688340,24,0,1000.000,1.648683,0.636210
11184,7,0.125000,0.690174,37,1,992.189,1.500386,0.637318
11232,0,0.125000,0.749802,35,1,977.486,1.312298,0.629842
11232,1,0.125000,0.752932,31,0,1000.000,1.335250,0.638262
11232,2,0.125000,0.723921,29,0,1000.000,1.376908,0.643841
11232,3,0.125000,0.698149,32,1,971.406,1.390865,0.641848
11232,4,0.125000,0.780338,37,0,1000.000,1.608246,0.638555
11232,5,0.125000,0.725138,43,0,1000.000,1.297811,0.630454
11232,6,0.125000,0.823923,42,0,1000.000,1.468338,0.643102
11232,7,0.125000,0.558700,38,3,967.158,1.174205,0.615694
11280,0,0.125000,0.774523,38,1,996.895,1.396827,0.640032
11280,1,0.125000,0.722178,33,0,1000.000,1.545573,0.631584
11280,2,0.125000,0.590914,28,0,1000.000,1.401662,0.632497
11280,3,0.125000,0.704611,33,0,1000.000,1.297595,0.635314
11280,4,0.125000,0.758349,29,0,1000.000,1.292838,0.630995
11280,5,0.125000,0.743975,34,1,973.088,1.632019,0.644289
11280,6,0.125000,0.744244,36,0,1000.000,1.502363,0.631156
11280,7,0.125000,0.681742,29,2,994.690,1.319120,0.631238
11328,0,0.125000,0.734162,29,0,1000.000,1.280277,0.642413
11328,1,0.125000,0.784971,30,1,968.400,1.660782,0.626063
11328,2,0.125000,0.602364,28,1,967.000,1.407327,0.638498
11328,3,0.125000,0.764219,34,0,1000.000,1.350989,0.638975
11328,4,0.125000,0.750635,43,1,995.302,1.510915,0.632824
11328,5,0.125000,0.784821,35,0,1000.000,1.487034,0.645536
11328,6,0.125000,0.703474,21,0,1000.000,1.472696,0.627940
11328,7,0.125000,0.698135,39,0,1000.000,1.462732,0.627174
11376,0,0.125000,0.825397,32,1,979.125,1.307229,0.636263
11376,1,0.125000,0.760248,27,1,987.222,1.510719,0.633665
11376,2,0.125000,0.788190,25,0,1000.000,1.514430,0.640491
11376,3,0.125000,0.638086,30,0,1000.000,1.333512,0.633275
11376,4,0.125000,0.797797,33,0,1000.000,1.166421,0.645503
11376,5,0.125000,0.797368,32,0,1000.000,1.479739,0.645394
11376,6,0.125000,0.760400,35,0,1000.000,1.321437,0.637269
11376,7,0.125000,0.631236,34,2,973.971,1.321261,0.620972
11424,0,0.125000,0.787275,22,1,957.136,1.676406,0.621742
11424,1,0.125000,0.736666,23,0,1000.000,1.450409,0.632767
11424,2,0.125000,0.716546,21,0,1000.000,1.352514,0.642282
11424,3,0.125000,0.674931,22,0,1000.000,1.288941,0.639167
11424,4,0.125000,0.752753,20,0,1000.000,1.279014,0.639785
11424,5,0.125000,0.747558,20,0,1000.000,1.529574,0.633764
11424,6,0.125000,0.733959,30,0,1000.000,1.622426,0.630332
11424,7,0.125000,0.417326,17,1,955.706,0.787418,0.602683
11472,0,0.125000,0.811874,31,1,979.452,1.544436,0.635282
11472,1,0.125000,0.728351,24,0,1000.000,1.355823,0.636967
11472,2,0.125000,0.732834,31,1,969.097,1.515285,0.624855
11472,3,0.125000,0.744134,35,0,1000.000,1.433702,0.629211
11472,4,0.125000,0.729320,42,0,1000.000,1.385507,0.635980
11472,5,0.125000,0.728952,35,0,1000.000,1.296094,0.639002
11472,6,0.125000,0.646244,36,1,998.528,1.494205,0.633496
11472,7,0.125000,0.744665,31,0,1000.000,1.376260,0.636176
11520,0,0.125000,0.684810,32,1,991.438,1.418775,0.639040
11520,1,0.125000,0.704885,28,0,1000.000,1.195157,0.638872
11520,2,0.125000,0.655461,24,0,1000.000,1.338301,0.632245
11520,3,0.125000,0.719415,26,0,1000.000,1.295259,0.634451
11520,4,0.125000,0.679615,28,0,1000.000,1.515582,0.633269
11520,5,0.125000,0.731766,26,1,981.731,1.379710,0.633739
11520,6,0.125000,0.654767,32,1,973.625,1.372848,0.629888
11520,7,0.125000,0.589603,24,2,932.333,1.474438,0.611108
11568,0,0.125000,0.794591,16,1,998.562,1.387534,0.639941
11568,1,0.125000,0.663638,18,0,1000.000,1.544559,0.617996
11568,2,0.125000,0.734244,22,0,1000.000,1.462605,0.626726
11568,3,0.125000,0.774010,19,0,1000.000,1.789103,0.642815
11568,4,0.125000,0.819534,19,0,1000.000,1.565509,0.641759
11568,5,0.125000,0.822721,20,0,1000.000,1.790518,0.633285
11568,6,0.125000,0.713551,18,0,1000.000,1.313614,0.644208
11568,7,0.125000,0.560745,18,2,916.944,1.000590,0.620229
11616,0,0.125000,0.755321,11,0,1000.000,1.531031,0.644848
11616,1,0.125000,0.913054,17,0,1000.000,1.103693,0.647759
11616,2,0.125000,0.566711,22,0,1000.000,1.471625,0.618875
11616,3,0.125000,0.636991,21,0,1000.000,1.227777,0.633926
11616,4,0.125000,0.813613,20,0,1000.000,1.399196,0.637712
11616,5,0.125000,0.745813,24,0,1000.000,1.576951,0.638775
11616,6,0.125000,0.780507,16,0,1000.000,1.537865,0.622494
11616,7,0.125000,0.702677,22,0,1000.000,1.344103,0.642685
11664,0,0.125000,0.620262,24,0,1000.000,1.106363,0.629892
11664,1,0.125000,0.685338,35,0,1000.000,1.284652,0.637479
11664,2,0.125000,0.696841,26,0,1000.000,1.636393,0.632533
11664,3,0.125000,0.781246,17,0,1000.000,1.996391,0.629141
11664,4,0.125000,0.735063,30,0,1000.000,1.186467,0.633101
11664,5,0.125000,0.827316,25,1,993.720,1.366271,0.630640
11664,6,0.125000,0.724498,22,0,1000.000,1.321097,0.640589
11664,7,0.125000,0.734445,30,1,980.567,1.410651,0.641445
11712,0,0.125000,0.650959,34,0,1000.000,1.439333,0.627954
11712,1,0.125000,0.761035,32,1,980.000,1.542250,0.637426
11712,2,0.125000,0.721787,30,0,1000.000,1.744023,0.632596
11712,3,0.125000,0.730055,26,0,1000.000,1.576925,0.628739
11712,4,0.125000,0.817761,28,0,1000.000,1.550120,0.636372
11712,5,0.125000,0.756767,35,0,1000.000,1.466934,0.646696
11712,6,0.125000,0.582815,21,1,957.714,1.580248,0.622211
11712,7,0.125000,0.727293,20,0,1000.000,1.552802,0.635481
11760,0,0.125000,0.789372,18,0,1000.000,1.594746,0.645119
11760,1,0.125000,0.785607,16,0,1000.000,1.634927,0.625889
11760,2,0.125000,0.772738,19,0,1000.000,1.457585,0.637093
11760,3,0.125000,0.745277,8,0,1000.000,1.902689,0.643840
11760,4,0.125000,0.632495,21,0,1000.000,1.414474,0.637757
11760,5,0.125000,0.720373,14,0,1000.000,1.182354,0.618607
11760,6,0.125000,0.873145,24,0,1000.000,1.443381,0.654829
11760,7,0.125000,0.768255,14,0,1000.000,2.008952,0.638162
11856,0,0.125000,0.734058,32,1,997.062,1.429108,0.626601
11856,1,0.125000,0.774560,29,0,1000.000,1.305729,0.636092
11856,2,0.125000,0.699830,30,0,1000.000,1.595258,0.612514
11856,3,0.125000,0.736353,37,0,1000.000,1.558827,0.636347
11856,4,0.125000,0.733756,22,0,1000.000,1.600885,0.625383
11856,5,0.125000,0.671606,33,2,956.515,1.271382,0.620584
11856,6,0.125000,0.780632,24,0,1000.000,1.392053,0.632376
11856,7,0.125000,0.709414,33,1,990.758,1.570274,0.630874
11904,0,0.125000,0.700345,26,0,1000.000,1.651012,0.627540
11904,1,0.125000,0.843998,19,1,965.579,1.788849,0.633901
11904,2,0.125000,0.693752,13,0,1000.000,1.416158,0.626933
11904,3,0.125000,0.702121,11,0,1000.000,1.515627,0.637777
11904,4,0.125000,0.758295,17,0,1000.000,1.468584,0.643408
11904,5,0.125000,0.908936,13,0,1000.000,1.625650,0.639880
11904,6,0.125000,0.778389,14,0,1000.000,1.805267,0.639674
11904,7,0.125000,0.758915,26,1,998.846,1.529087,0.646974
11952,0,0.125000,0.817401,22,0,1000.000,1.760415,0.638385
11952,1,0.125000,0.758732,28,0,1000.000,1.171281,0.637902
11952,2,0.125000,0.851915,20,0,1000.000,1.505482,0.642135
11952,3,0.125000,0.724503,24,0,1000.000,1.854982,0.636795
11952,4,0.125000,0.849206,18,0,1000.000,1.562124,0.649450
11952,5,0.125000,0.675649,15,0,1000.000,1.595842,0.636234
11952,6,0.125000,0.712985,20,1,995.100,1.509221,0.626709
11952,7,0.125000,0.657249,28,2,954.250,1.508697,0.626147
12000,0,0.125000,0.766189,29,0,1000.000,1.339242,0.647352
12000,1,0.125000,0.860665,21,0,1000.000,1.466771,0.646285
12000,2,0.125000,0.634108,21,0,1000.000,1.379665,0.621423
12000,3,0.125000,0.587104,31,0,1000.000,1.228683,0.625494
12000,4,0.125000,0.811123,25,0,1000.000,1.815326,0.634061
12000,5,0.125000,0.720309,27,1,966.333,1.543156,0.613842
12000,6,0.125000,0.787025,18,0,1000.000,1.389852,0.651666
12000,7,0.125000,0.697003,24,2,942.417,1.723545,0.630234
12048,0,0.125000,0.804978,19,0,1000.000,1.675209,0.629417
12048,1,0.125000,0.737788,28,0,1000.000,1.536480,0.628110
12048,2,0.125000,0.737898,23,0,1000.000,1.678069,0.643118
12048,3,0.125000,0.831309,27,0,1000.000,1.684767,0.637473
12048,4,0.125000,0.686472,20,0,1000.000,1.353629,0.633071
12048,5,0.125000,0.712459,27,0,1000.000,1.370992,0.637754
12048,6,0.125000,0.839829,22,0,1000.000,1.250050,0.649043
12048,7,0.125000,0.761473,31,0,1000.000,1.102376,0.635209
12096,0,0.125000,0.720518,24,1,966.292,1.604311,0.622188
12096,1,0.125000,0.813507,23,0,1000.000,1.434864,0.630085
12096,2,0.125000,0.749420,19,0,1000.000,1.610990,0.633054
12096,3,0.125000,0.644390,22,0,1000.000,1.367020,0.617617
12096,4,0.125000,0.759222,19,0,1000.000,1.638638,0.645537
12096,5,0.125000,0.787905,25,0,1000.000,1.584811,0.629839
12096,6,0.125000,0.711135,18,1,974.889,1.310975,0.630701
12096,7,0.125000,0.643174,18,1,951.000,1.883399,0.607466
12144,0,0.125000,0.866354,25,0,1000.000,1.291016,0.642609
12144,1,0.125000,0.782235,33,0,1000.000,1.366277,0.630274
12144,2,0.125000,0.822912,22,0,1000.000,1.341615,0.636927
12144,3,0.125000,0.643647,24,0,1000.000,1.396828,0.633882
12144,4,0.125000,0.648104,29,0,1000.000,1.380165,0.629565
12144,5,0.125000,0.795310,28,0,1000.000,1.425540,0.640137
12144,6,0.125000,0.774483,22,2,966.773,1.567769,0.626319
12144,7,0.125000,0.733979,32,1,995.969,1.233046,0.628763
12192,0,0.125000,0.839643,28,0,1000.000,1.382569,0.647087
12192,1,0.125000,0.847041,28,0,1000.000,1.425002,0.645015
12192,2,0.125000,0.694472,30,0,1000.000,1.393841,0.631996
12192,3,0.125000,0.736491,41,0,1000.000,1.679401,0.625365
12192,4,0.125000,0.685752,33,1,972.061,1.687109,0.619195
12192,5,0.125000,0.788508,20,0,1000.000,1.534912,0.646135
12192,6,0.125000,0.731147,38,1,994.184,1.606431,0.630525
12192,7,0.125000,0.837141,33,1,975.394,1.553139,0.637290
12240,0,0.125000,0.799163,40,0,1000.000,1.543618,0.637696
12240,1,0.125000,0.672980,33,0,1000.000,1.589923,0.624876
12240,2,0.125000,0.756087,45,1,987.578,1.433921,0.627230
12240,3,0.125000,0.731202,34,0,1000.000,1.264478,0.634008
12240,4,0.125000,0.705697,35,0,1000.000,1.534700,0.630242
12240,5,0.125000,0.661423,39,0,1000.000,1.543229,0.624793
12240,6,0.125000,0.782482,42,1,993.190,1.562098,0.629692
12240,7,0.125000,0.799660,25,1,997.320,1.346536,0.626153
12288,0,0.125000,0.777671,27,0,1000.000,1.355203,0.630727
12288,1,0.125000,0.794845,36,1,974.111,1.419642,0.639633
12288,2,0.125000,0.683512,33,0,1000.000,1.537820,0.620742
12288,3,0.125000,0.864775,27,0,1000.000,1.111670,0.649855
12288,4,0.125000,0.744502,37,0,1000.000,1.451925,0.629743
12288,5,0.125000,0.799062,33,0,1000.000,1.549480,0.628947
12288,6,0.125000,0.769451,26,0,1000.000,1.454958,0.621257
12288,7,0.125000,0.790919,34,1,973.206,1.287195,0.646943
12336,0,0.125000,0.724733,25,0,1000.000,1.198553,0.634654
12336,1,0.125000,0.748145,34,0,1000.000,1.294175,0.624374
12336,2,0.125000,0.802984,33,0,1000.000,1.452393,0.632086
12336,3,0.125000,0.736253,33,0,1000.000,1.290137,0.644517
12336,4,0.125000,0.610863,41,2,967.732,1.306217,0.624836
12336,5,0.125000,0.745017,39,0,1000.000,1.675930,0.636573
12336,6,0.125000,0.650167,34,0,1000.000,1.512299,0.625105
12336,7,0.125000,0.736034,28,2,970.643,1.285787,0.649327
12384,0,0.125000,0.758510,30,0,1000.000,1.508534,0.632484
12384,1,0.125000,0.740197,28,0,1000.000,1.233417,0.634867
12384,2,0.125000,0.761372,22,0,1000.000,1.109315,0.639332
12384,3,0.125000,0.670971,33,0,1000.000,1.690772,0.623215
12384,4,0.125000,0.743928,37,0,1000.000,1.583842,0.628254
12384,5,0.125000,0.706095,27,0,1000.000,1.681553,0.630254
12384,6,0.125000,0.770082,22,0,1000.000,1.373662,0.639313
12384,7,0.125000,0.808119,27,0,1000.000,1.712168,0.629217
12432,0,0.125000,0.818178,30,0,1000.000,1.461861,0.631407
12432,1,0.125000,0.676240,21,0,1000.000,1.275561,0.624960
12432,2,0.125000,0.776725,28,0,1000.000,1.686280,0.628061
12432,3,0.125000,0.720028,24,0,1000.000,1.289569,0.629297
12432,4,0.125000,0.740673,23,0,1000.000,1.607283,0.618216
12432,5,0.125000,0.776005,16,0,1000.000,1.636921,0.633910
12432,6,0.125000,0.748106,20,0,1000.000,1.692411,0.626666
12432,7,0.125000,0.838008,20,1,959.500,1.473936,0.631227
12480,0,0.125000,0.760561,28,0,1000.000,1.292970,0.637937
12480,1,0.125000,0.769251,44,0,1000.000,1.640587,0.626012
12480,2,0.125000,0.766990,33,0,1000.000,1.186843,0.638744
12480,3,0.125000,0.793507,35,0,1000.000,1.617384,0.626622
12480,4,0.125000,0.812596,30,0,1000.000,1.184373,0.641082
12480,5,0.125000,0.798973,33,0,1000.000,1.880157,0.633735
12480,6,0.125000,0.701280,32,0,1000.000,1.857144,0.609522
12480,7,0.125000,0.822859,28,1,981.571,1.400492,0.629489
12528,0,0.125000,0.831732,34,0,1000.000,1.344818,0.641993
12528,1,0.125000,0.885866,19,0,1000.000,1.519368,0.632653
12528,2,0.125000,0.669588,25,0,1000.000,1.893262,0.615816
12528,3,0.125000,0.853705,24,0,1000.000,1.540474,0.629623
12528,4,0.125000,0.801531,26,0,1000.000,1.218216,0.631053
12528,5,0.125000,0.763034,20,1,977.550,1.290607,0.636058
12528,6,0.125000,0.718614,30,1,989.667,1.405520,0.630386
12528,7,0.125000,0.647912,35,4,926.171,1.537086,0.615375
12576,0,0.125000,0.679036,26,1,977.462,1.219178,0.632863
12576,1,0.125000,0.886614,14,0,1000.000,1.461932,0.634451
12576,2,0.125000,0.795208,21,0,1000.000,1.159202,0.657324
12576,3,0.125000,0.650023,25,0,1000.000,1.488425,0.627444
12576,4,0.125000,0.769121,20,0,1000.000,1.439525,0.632388
12576,5,0.125000,0.794515,12,0,1000.000,1.276943,0.629091
12576,6,0.125000,0.791921,14,1,935.000,1.560160,0.624262
12576,7,0.125000,0.840290,17,1,979.882,1.513376,0.650148
12624,0,0.125000,0.709392,24,1,973.792,1.414650,0.630203
12624,1,0.125000,0.748193,23,0,1000.000,1.581570,0.629946
12624,2,0.125000,0.717239,12,0,1000.000,1.713679,0.636395
12624,3,0.125000,0.824810,15,0,1000.000,1.830386,0.633782
12624,4,0.125000,0.756473,20,0,1000.000,1.089079,0.636139
12624,5,0.125000,0.771799,18,0,1000.000,1.844004,0.628496
12624,6,0.125000,0.798783,21,1,957.810,1.615774,0.646968
12624,7,0.125000,0.608740,20,0,1000.000,1.238189,0.631570
12672,0,0.125000,0.836397,28,1,977.929,1.325814,0.628975
12672,1,0.125000,0.813476,32,0,1000.000,1.209664,0.641794
12672,2,0.125000,0.727163,27,0,1000.000,1.462159,0.634960
12672,3,0.125000,0.770841,25,0,1000.000,1.513492,0.640372
12672,4,0.125000,0.864363,28,0,1000.000,1.364967,0.645778
12672,5,0.125000,0.888597,22,0,1000.000,1.715503,0.635932
12672,6,0.125000,0.695181,35,1,973.286,1.525161,0.635956
12672,7,0.125000,0.659576,31,1,989.935,1.259760,0.625296
12720,0,0.125000,0.829973,32,0,1000.000,1.365450,0.637601
12720,1,0.125000,0.714201,26,0,1000.000,1.454691,0.634088
12720,2,0.125000,0.747849,30,0,1000.000,1.348013,0.641396
12720,3,0.125000,0.691726,16,0,1000.000,1.271495,0.637879
12720,4,0.125000,0.866804,24,0,1000.000,1.468914,0.652941
12720,5,0.125000,0.692490,20,1,985.700,1.328556,0.624506
12720,6,0.125000,0.828942,31,0,1000.000,1.447314,0.653305
12720,7,0.125000,0.777895,25,1,975.920,1.623144,0.633793
12768,0,0.125000,0.803990,15,0,1000.000,1.492512,0.636703
12768,1,0.125000,0.808108,21,1,954.952,1.374647,0.629566
12768,2,0.125000,0.668244,18,0,1000.000,1.492751,0.626703
12768,3,0.125000,0.828427,17,0,1000.000,1.054507,0.646267
12768,4,0.125000,0.770410,11,0,1000.000,1.516774,0.624942
12768,5,0.125000,0.761920,21,0,1000.000,2.155934,0.622740
12768,6,0.125000,0.736320,17,0,1000.000,1.864354,0.626749
12768,7,0.125000,0.760619,20,1,972.800,1.127257,0.627403
12816,0,0.125000,0.807326,15,0,1000.000,1.677471,0.624511
12816,1,0.125000,0.842388,15,0,1000.000,1.219964,0.646343
12816,2,0.125000,0.712394,15,0,1000.000,1.159978,0.634217
12816,3,0.125000,0.797976,13,0,1000.000,1.384607,0.638557
12816,4,0.125000,0.813924,29,0,1000.000,1.354643,0.632969
12816,5,0.125000,0.743078,18,1,949.056,1.482969,0.638477
12816,6,0.125000,0.743951,16,0,1000.000,1.459966,0.620330
12816,7,0.125000,0.725076,14,1,999.857,1.255134,0.638303
12864,0,0.125000,0.799383,10,1,961.100,1.372004,0.637805
12864,1,0.125000,0.654393,8,0,1000.000,1.066880,0.616551
12864,2,0.125000,0.851421,11,0,1000.000,1.285398,0.646403
12864,3,0.125000,0.895006,8,0,1000.000,1.371718,0.644531
12864,4,0.125000,0.729427,19,0,1000.000,1.535201,0.625306
12864,5,0.125000,0.703421,15,0,1000.000,1.581143,0.628285
12864,6,0.125000,0.793531,13,0,1000.000,1.185360,0.637529
12864,7,0.125000,0.888343,13,0,1000.000,1.669784,0.633016
12912,0,0.125000,0.775644,20,0,1000.000,1.205648,0.635422
12912,1,0.125000,0.829284,17,1,988.000,0.882612,0.647966
12912,2,0.125000,0.809268,21,0,1000.000,1.388502,0.640050
12912,3,0.125000,0.724594,24,0,1000.000,1.720105,0.621178
12912,4,0.125000,0.842902,19,0,1000.000,1.569473,0.640925
12912,5,0.125000,0.857655,17,0,1000.000,1.593913,0.649283
12912,6,0.125000,0.837988,19,0,1000.000,1.603938,0.635433
12912,7,0.125000,0.830831,9,0,1000.000,1.824875,0.637369
12960,0,0.125000,0.781291,18,0,1000.000,1.475855,0.629045
12960,1,0.125000,0.720795,29,0,1000.000,1.295498,0.634986
12960,2,0.125000,0.805093,19,0,1000.000,1.635345,0.627802
12960,3,0.125000,0.789462,23,0,1000.000,2.052365,0.620241
12960,4,0.125000,0.782240,17,0,1000.000,1.336866,0.645550
12960,5,0.125000,0.842495,25,0,1000.000,1.572495,0.654559
12960,6,0.125000,0.777791,30,0,1000.000,0.929573,0.648379
12960,7,0.125000,0.694359,18,2,944.722,1.170425,0.637441
13008,0,0.125000,0.710676,22,1,967.182,1.236110,0.632704
13008,1,0.125000,0.756231,28,1,967.107,1.613749,0.630324
13008,2,0.125000,0.631383,30,0,1000.000,1.278061,0.635570
13008,3,0.125000,0.702287,33,0,1000.000,1.185443,0.641865
13008,4,0.125000,0.815798,24,0,1000.000,1.550587,0.640845
13008,5,0.125000,0.824698,24,0,1000.000,2.002396,0.621485
13008,6,0.125000,0.780101,20,0,1000.000,1.165349,0.630338
13008,7,0.125000,0.666217,26,2,970.731,1.588898,0.622459
13056,0,0.125000,0.760623,36,0,1000.000,1.098522,0.641860
13056,1,0.125000,0.781807,22,0,1000.000,1.333945,0.649352
13056,2,0.125000,0.835137,19,0,1000.000,1.300016,0.638007
13056,3,0.125000,0.851815,17,0,1000.000,1.403316,0.638691
13056,4,0.125000,0.721600,20,0,1000.000,1.590215,0.621916
13056,5,0.125000,0.676884,24,0,1000.000,1.332168,0.633761
13056,6,0.125000,0.770370,25,0,1000.000,1.554797,0.629438
13056,7,0.125000,0.679039,21,1,973.095,1.275224,0.623474
13104,0,0.125000,0.805771,23,0,1000.000,1.470742,0.631359
13104,1,0.125000,0.657135,22,0,1000.000,1.829031,0.613795
13104,2,0.125000,0.812229,18,0,1000.000,1.301386,0.658720
13104,3,0.125000,0.685470,21,0,1000.000,1.615813,0.630802
13104,4,0.125000,0.585575,8,0,1000.000,1.037823,0.641960
13104,5,0.125000,0.748119,13,0,1000.000,1.844978,0.610354
13104,6,0.125000,0.810610,33,0,1000.000,1.714134,0.634146
13104,7,0.125000,0.752982,28,0,1000.000,1.341657,0.621616
13152,0,0.125000,0.730555,24,0,1000.000,1.630335,0.619123
13152,1,0.125000,0.748425,40,0,1000.000,1.508447,0.631663
13152,2,0.125000,0.801674,25,0,1000.000,1.613584,0.641193
13152,3,0.125000,0.738131,36,0,1000.000,1.253700,0.644745
13152,4,0.125000,0.795133,31,0,1000.000,1.614125,0.640139
13152,5,0.125000,0.792862,20,0,1000.000,1.550919,0.630857
13152,6,0.125000,0.603573,24,0,1000.000,1.421598,0.623968
13152,7,0.125000,0.647681,18,2,934.611,1.299309,0.610323
13200,0,0.125000,0.779641,46,1,994.630,1.601391,0.627885
13200,1,0.125000,0.859278,33,0,1000.000,1.468022,0.645743
13200,2,0.125000,0.709568,36,0,1000.000,1.289219,0.624034
13200,3,0.125000,0.714406,38,0,1000.000,1.510167,0.644895
13200,4,0.125000,0.735600,22,0,1000.000,1.509461,0.624609
13200,5,0.125000,0.879035,32,0,1000.000,1.637903,0.638926
13200,6,0.125000,0.722662,21,0,1000.000,1.372361,0.644555
13200,7,0.125000,0.741459,38,2,997.605,1.725335,0.627457
13248,0,0.125000,0.806103,36,1,974.611,1.394415,0.631836
13248,1,0.125000,0.762127,36,0,1000.000,1.396531,0.645062
13248,2,0.125000,0.799357,43,0,1000.000,1.197145,0.639012
13248,3,0.125000,0.740523,30,0,1000.000,1.527466,0.634886
13248,4,0.125000,0.722533,41,0,1000.000,1.264493,0.630014
13248,5,0.125000,0.807191,31,0,1000.000,1.452694,0.635228
13248,6,0.125000,0.848223,28,0,1000.000,1.479863,0.640633
13248,7,0.125000,0.693797,36,1,994.306,1.331767,0.623735
13296,0,0.125000,0.739619,31,0,1000.000,1.868525,0.622530
13296,1,0.125000,0.786875,38,0,1000.000,1.394868,0.629749
13296,2,0.125000,0.662515,45,0,1000.000,1.548235,0.626924
13296,3,0.125000,0.801336,26,0,1000.000,1.158323,0.636053
13296,4,0.125000,0.803764,24,0,1000.000,1.650955,0.643288
13296,5,0.125000,0.857099,30,0,1000.000,1.330515,0.632696
13296,6,0.125000,0.738183,32,1,972.344,1.448960,0.626259
13296,7,0.125000,0.758935,28,0,1000.000,1.760356,0.621928
13344,0,0.125000,0.840546,37,0,1000.000,1.525855,0.621105
13344,1,0.125000,0.755675,34,0,1000.000,1.509573,0.644573
13344,2,0.125000,0.743178,31,0,1000.000,1.582816,0.633740
13344,3,0.125000,0.725488,29,0,1000.000,1.295473,0.637440
13344,4,0.125000,0.749150,39,0,1000.000,1.547990,0.642516
13344,5,0.125000,0.842939,36,1,973.667,1.277174,0.654692
13344,6,0.125000,0.781650,28,0,1000.000,1.461383,0.634284
13344,7,0.125000,0.748558,37,2,962.405,1.368336,0.635599
13392,0,0.125000,0.777588,22,0,1000.000,1.588060,0.628993
13392,1,0.125000,0.780651,28,0,1000.000,1.325770,0.642356
13392,2,0.125000,0.806041,23,0,1000.000,1.601465,0.624336
13392,3,0.125000,0.730513,30,0,1000.000,1.741997,0.624897
13392,4,0.125000,0.686207,23,0,1000.000,1.364464,0.629664
13392,5,0.125000,0.659606,32,0,1000.000,1.509100,0.624830
13392,6,0.125000,0.791736,23,0,1000.000,1.706192,0.626051
13392,7,0.125000,0.666507,26,3,936.615,1.539723,0.611003
13440,0,0.125000,0.754397,31,2,960.581,1.234396,0.630791
13440,1,0.125000,0.824473,28,1,977.393,1.509417,0.631863
13440,2,0.125000,0.705259,19,0,1000.000,1.485600,0.627068
13440,3,0.125000,0.569189,25,0,1000.000,1.663819,0.611619
13440,4,0.125000,0.776975,23,0,1000.000,1.727252,0.633358
13440,5,0.125000,0.795922,24,1,993.667,1.608232,0.625193
13440,6,0.125000,0.864695,24,0,1000.000,1.355605,0.635474
13440,7,0.125000,0.742173,27,0,1000.000,1.665940,0.634852
13488,0,0.125000,0.753503,42,1,977.881,1.342197,0.638643
13488,1,0.125000,0.707112,34,0,1000.000,1.384706,0.626521
13488,2,0.125000,0.781558,30,1,968.000,1.686220,0.631267
13488,3,0.125000,0.869701,42,0,1000.000,1.564851,0.636730
13488,4,0.125000,0.829144,33,0,1000.000,1.362616,0.645843
13488,5,0.125000,0.819523,27,0,1000.000,1.770767,0.642869
13488,6,0.125000,0.761268,29,1,983.724,1.675879,0.640139
13488,7,0.125000,0.748102,35,0,1000.000,1.522754,0.632981
13536,0,0.125000,0.689965,25,1,983.040,1.395112,0.618104
13536,1,0.125000,0.780330,18,0,1000.000,1.336411,0.636348
13536,2,0.125000,0.897557,25,0,1000.000,1.617076,0.652042
13536,3,0.125000,0.738810,25,0,1000.000,1.325634,0.635498
13536,4,0.125000,0.783886,20,0,1000.000,1.658495,0.613296
13536,5,0.125000,0.822774,26,0,1000.000,1.547127,0.640661
13536,6,0.125000,0.786993,25,0,1000.000,1.461351,0.642058
13536,7,0.125000,0.756180,25,2,961.880,1.320787,0.649425
13584,0,0.125000,0.796647,17,0,1000.000,1.290603,0.654055
13584,1,0.125000,0.795429,14,0,1000.000,1.754002,0.644157
13584,2,0.125000,0.691504,24,1,993.292,1.215988,0.638262
13584,3,0.125000,0.756226,16,0,1000.000,1.672631,0.623560
13584,4,0.125000,0.749441,22,0,1000.000,1.237707,0.636725
13584,5,0.125000,0.672468,23,0,1000.000,1.254574,0.627955
13584,6,0.125000,0.860997,20,0,1000.000,1.376621,0.660330
13584,7,0.125000,0.753137,15,0,1000.000,1.675426,0.635513
13632,0,0.125000,0.780544,16,0,1000.000,1.424062,0.641922
13632,1,0.125000,0.766568,17,0,1000.000,1.414378,0.635693
13632,2,0.125000,0.686450,13,0,1000.000,1.479646,0.627462
13632,3,0.125000,0.674999,19,0,1000.000,1.501973,0.630967
13632,4,0.125000,0.730437,20,0,1000.000,1.418448,0.632059
13632,5,0.125000,0.883906,22,0,1000.000,1.520211,0.659881
13632,6,0.125000,0.660620,28,1,970.857,1.193333,0.642547
13632,7,0.125000,0.825551,27,1,965.518,1.413052,0.652264
13680,0,0.125000,0.793916,24,0,1000.000,1.162094,0.648697
13680,1,0.125000,0.822622,30,0,1000.000,1.387206,0.644712
13680,2,0.125000,0.737768,27,0,1000.000,1.580949,0.636414
13680,3,0.125000,0.621374,44,0,1000.000,1.235725,0.626444
13680,4,0.125000,0.853705,23,0,1000.000,1.498417,0.646942
13680,5,0.125000,0.734424,32,0,1000.000,1.497116,0.633349
13680,6,0.125000,0.809703,24,0,1000.000,1.420000,0.645498
13680,7,0.125000,0.832531,25,0,1000.000,1.259500,0.640142
13728,0,0.125000,0.754128,32,4,934.031,1.394322,0.628070
13728,1,0.125000,0.847413,20,0,1000.000,1.487440,0.631743
13728,2,0.125000,0.770671,20,0,1000.000,1.219923,0.654855
13728,3,0.125000,0.890544,26,0,1000.000,1.705364,0.649343
13728,4,0.125000,0.688205,28,0,1000.000,1.388552,0.636860
13728,5,0.125000,0.760047,26,0,1000.000,1.634189,0.642604
13728,6,0.125000,0.843608,18,0,1000.000,1.627140,0.637055
13728,7,0.125000,0.838559,23,1,978.565,1.447220,0.643682
13776,0,0.125000,0.780065,14,0,1000.000,1.472555,0.640544
13776,1,0.125000,0.782415,16,0,1000.000,1.889666,0.645180
13776,2,0.125000,0.785035,23,0,1000.000,1.362463,0.640114
13776,3,0.125000,0.722224,19,0,1000.000,1.040759,0.647154
13776,4,0.125000,0.863331,19,0,1000.000,1.289567,0.658908
13776,5,0.125000,0.778329,18,0,1000.000,1.763908,0.635568
13776,6,0.125000,0.707958,16,0,1000.000,1.751519,0.630317
13776,7,0.125000,0.802172,17,1,960.882,1.526747,0.635119
13872,0,0.125000,0.741118,28,3,965.214,1.263282,0.639116
13872,1,0.125000,0.787653,27,1,981.593,1.554713,0.636313
13872,2,0.125000,0.833645,26,0,1000.000,1.388683,0.639019
13872,3,0.125000,0.740944,26,0,1000.000,1.487932,0.630185
13872,4,0.125000,0.845563,26,1,965.115,1.385682,0.639025
13872,5,0.125000,0.621197,31,0,1000.000,1.337709,0.619194
13872,6,0.125000,0.848207,39,0,1000.000,1.490307,0.640979
13872,7,0.125000,0.610352,32,4,955.281,1.171549,0.619869
13920,0,0.125000,0.741489,19,2,933.842,1.406626,0.617742
13920,1,0.125000,0.857623,17,0,1000.000,1.451105,0.657042
13920,2,0.125000,0.770296,18,0,1000.000,1.440203,0.644599
13920,3,0.125000,0.797112,19,0,1000.000,1.771780,0.643258
13920,4,0.125000,0.747243,24,0,1000.000,1.499398,0.643010
13920,5,0.125000,0.792162,15,0,1000.000,1.423655,0.656646
13920,6,0.125000,0.767800,18,1,970.611,1.409032,0.645473
13920,7,0.125000,0.766734,21,1,972.857,0.997888,0.655024
13968,0,0.125000,0.759114,22,2,962.136,1.464853,0.621509
13968,1,0.125000,0.647632,21,0,1000.000,1.148840,0.632832
13968,2,0.125000,0.791709,25,0,1000.000,1.525714,0.642500
13968,3,0.125000,0.654882,29,0,1000.000,1.182686,0.627196
13968,4,0.125000,0.910446,25,0,1000.000,1.588344,0.645873
13968,5,0.125000,0.794805,22,0,1000.000,1.589069,0.638946
13968,6,0.125000,0.879271,20,0,1000.000,1.216114,0.657195
13968,7,0.125000,0.851517,19,1,978.158,1.702138,0.639250
14016,0,0.125000,0.863112,28,3,969.714,1.240831,0.644792
14016,1,0.125000,0.852803,24,1,999.625,1.501466,0.654560
14016,2,0.125000,0.807968,16,0,1000.000,1.798637,0.626494
14016,3,0.125000,0.760527,26,0,1000.000,1.485248,0.636151
14016,4,0.125000,0.763687,28,0,1000.000,1.684456,0.639498
14016,5,0.125000,0.791487,32,0,1000.000,1.524881,0.640887
14016,6,0.125000,0.763572,28,0,1000.000,1.113152,0.645117
14016,7,0.125000,0.769785,22,0,1000.000,1.414266,0.651445
14064,0,0.125000,0.890979,22,0,1000.000,1.296629,0.647216
14064,1,0.125000,0.753223,17,0,1000.000,1.615753,0.633779
14064,2,0.125000,0.752470,23,0,1000.000,1.435088,0.643623
14064,3,0.125000,0.852413,25,0,1000.000,1.663258,0.643996
14064,4,0.125000,0.837298,32,1,971.281,1.671163,0.649812
14064,5,0.125000,0.743336,28,0,1000.000,1.310132,0.640783
14064,6,0.125000,0.871815,19,0,1000.000,1.456098,0.653523
14064,7,0.125000,0.810162,15,0,1000.000,1.495114,0.646929
14112,0,0.125000,0.823374,22,0,1000.000,1.723585,0.651224
14112,1,0.125000,0.719090,25,0,1000.000,1.581387,0.624712
14112,2,0.125000,0.728773,15,0,1000.000,1.777117,0.630973
14112,3,0.125000,0.804513,27,0,1000.000,1.557145,0.636656
14112,4,0.125000,0.819989,18,0,1000.000,1.075447,0.658256
14112,5,0.125000,0.777296,21,0,1000.000,1.673073,0.645056
14112,6,0.125000,0.726759,26,0,1000.000,1.470637,0.645692
14112,7,0.125000,0.645835,23,0,1000.000,1.325258,0.629476
14160,0,0.125000,0.781272,31,1,971.581,1.305393,0.626345
14160,1,0.125000,0.716490,34,2,978.059,1.651022,0.631116
14160,2,0.125000,0.770671,26,0,1000.000,1.924678,0.639192
14160,3,0.125000,0.815838,24,0,1000.000,1.468303,0.650108
14160,4,0.125000,0.750001,29,0,1000.000,1.687840,0.644996
14160,5,0.125000,0.773090,28,0,1000.000,1.575415,0.640782
14160,6,0.125000,0.846034,28,0,1000.000,1.432951,0.647339
14160,7,0.125000,0.759152,31,0,1000.000,1.604789,0.635004
14208,0,0.125000,0.718640,32,0,1000.000,1.446494,0.642386
14208,1,0.125000,0.777319,45,1,999.467,1.389242,0.644244
14208,2,0.125000,0.803706,29,0,1000.000,1.328639,0.635827
14208,3,0.125000,0.760105,40,0,1000.000,1.590237,0.642471
14208,4,0.125000,0.730550,27,0,1000.000,1.751987,0.641291
14208,5,0.125000,0.830437,35,0,1000.000,1.534884,0.647318
14208,6,0.125000,0.810209,30,0,1000.000,1.507827,0.638501
14208,7,0.125000,0.612386,30,2,967.100,1.348866,0.623482
14256,0,0.125000,0.848574,42,0,1000.000,1.367377,0.653592
14256,1,0.125000,0.702256,22,1,956.409,1.343831,0.628201
14256,2,0.125000,0.794510,38,1,975.026,1.396513,0.636841
14256,3,0.125000,0.714681,25,0,1000.000,1.697174,0.633011
14256,4,0.125000,0.755909,33,0,1000.000,1.406254,0.641223
14256,5,0.125000,0.681574,39,1,975.615,1.384773,0.628701
14256,6,0.125000,0.772415,38,1,995.553,1.525778,0.634205
14256,7,0.125000,0.712608,33,1,981.818,1.181859,0.628427
14304,0,0.125000,0.878254,33,0,1000.000,1.425870,0.657040
14304,1,0.125000,0.730347,32,0,1000.000,1.331126,0.647619
14304,2,0.125000,0.632025,27,1,966.704,1.489570,0.626852
14304,3,0.125000,0.790797,28,0,1000.000,1.823632,0.637529
14304,4,0.125000,0.724339,30,0,1000.000,1.487698,0.634409
14304,5,0.125000,0.823205,29,0,1000.000,1.550953,0.640724
14304,6,0.125000,0.777852,43,0,1000.000,1.648470,0.639859
14304,7,0.125000,0.912911,29,0,1000.000,1.697817,0.649249
14352,0,0.125000,0.799391,31,0,1000.000,1.461340,0.639821
14352,1,0.125000,0.774160,41,0,1000.000,1.294791,0.658722
14352,2,0.125000,0.727640,26,0,1000.000,1.363955,0.641084
14352,3,0.125000,0.782642,27,0,1000.000,1.630390,0.641251
14352,4,0.125000,0.824852,35,0,1000.000,1.300401,0.642343
14352,5,0.125000,0.756540,26,0,1000.000,1.420780,0.633262
14352,6,0.125000,0.820951,48,0,1000.000,1.619513,0.642068
14352,7,0.125000,0.783771,28,0,1000.000,1.453889,0.645507
14400,0,0.125000,0.746481,22,0,1000.000,1.521577,0.627586
14400,1,0.125000,0.843532,25,0,1000.000,1.428278,0.651337
14400,2,0.125000,0.851118,20,0,1000.000,1.459423,0.657618
14400,3,0.125000,0.809509,24,0,1000.000,1.615852,0.638275
14400,4,0.125000,0.766434,24,0,1000.000,1.776887,0.630952
14400,5,0.125000,0.857482,22,0,1000.000,1.349548,0.639004
14400,6,0.125000,0.763276,25,1,962.440,1.710025,0.631229
14400,7,0.125000,0.742458,35,1,988.171,1.592380,0.630375
14448,0,0.125000,0.776927,31,0,1000.000,1.577060,0.641500
14448,1,0.125000,0.754629,22,0,1000.000,1.794038,0.639029
14448,2,0.125000,0.724208,28,0,1000.000,1.400473,0.642949
14448,3,0.125000,0.850971,30,0,1000.000,1.564310,0.649706
14448,4,0.125000,0.734997,29,0,1000.000,1.617499,0.636735
14448,5,0.125000,0.826621,21,0,1000.000,1.675641,0.639605
14448,6,0.125000,0.803801,21,1,994.667,1.633869,0.635350
14448,7,0.125000,0.711864,22,0,1000.000,1.818388,0.636762
14496,0,0.125000,0.780143,34,1,992.824,1.348428,0.640058
14496,1,0.125000,0.797111,36,0,1000.000,1.363073,0.651673
14496,2,0.125000,0.773842,39,2,951.513,1.606306,0.638400
14496,3,0.125000,0.807794,43,0,1000.000,1.466339,0.641039
14496,4,0.125000,0.740144,37,0,1000.000,1.342566,0.646721
14496,5,0.125000,0.667941,34,0,1000.000,1.243828,0.640270
14496,6,0.125000,0.818659,27,0,1000.000,1.279391,0.641253
14496,7,0.125000,0.853700,26,0,1000.000,1.544343,0.638391
14544,0,0.125000,0.788057,23,0,1000.000,1.258980,0.643494
14544,1,0.125000,0.706895,22,0,1000.000,1.436961,0.645855
14544,2,0.125000,0.722255,30,0,1000.000,1.275325,0.640303
14544,3,0.125000,0.862978,21,0,1000.000,1.520080,0.648557
14544,4,0.125000,0.927511,16,0,1000.000,1.325623,0.667547
14544,5,0.125000,0.577785,22,0,1000.000,1.372616,0.621250
14544,6,0.125000,0.669380,20,2,926.900,1.264398,0.632771
14544,7,0.125000,0.692640,16,2,939.938,0.839563,0.650182
14592,0,0.125000,0.914849,11,2,898.182,1.175532,0.645720
14592,1,0.125000,0.820325,19,0,1000.000,1.303952,0.649044
14592,2,0.125000,0.637376,18,0,1000.000,1.339710,0.638109
14592,3,0.125000,0.753278,22,0,1000.000,1.330331,0.643207
14592,4,0.125000,0.711264,20,0,1000.000,1.650935,0.642614
14592,5,0.125000,0.863917,20,0,1000.000,1.431394,0.638819
14592,6,0.125000,0.842931,19,0,1000.000,1.217237,0.647960
14592,7,0.125000,0.767725,19,1,951.105,1.412919,0.626285
14640,0,0.125000,0.877775,19,0,1000.000,1.614881,0.667459
14640,1,0.125000,0.907058,22,0,1000.000,1.409835,0.645625
14640,2,0.125000,0.732293,33,0,1000.000,1.623470,0.638480
14640,3,0.125000,0.773850,21,0,1000.000,1.295011,0.651032
14640,4,0.125000,0.750235,22,0,1000.000,1.660374,0.637373
14640,5,0.125000,0.734375,30,0,1000.000,1.310167,0.644390
14640,6,0.125000,0.611194,16,0,1000.000,1.379790,0.642278
14640,7,0.125000,0.826544,16,0,1000.000,1.608771,0.649631
14688,0,0.125000,0.833597,33,1,976.606,1.468705,0.638195
14688,1,0.125000,0.853961,26,1,967.038,1.286435,0.655839
14688,2,0.125000,0.830899,22,0,1000.000,1.627705,0.646401
14688,3,0.125000,0.808459,33,0,1000.000,1.200402,0.656222
14688,4,0.125000,0.754923,43,1,978.140,1.390361,0.649442
14688,5,0.125000,0.831762,19,0,1000.000,1.385953,0.643204
14688,6,0.125000,0.760104,32,1,972.969,1.525057,0.639866
14688,7,0.125000,0.729337,36,2,962.278,1.451133,0.624440
14736,0,0.125000,0.760752,23,0,1000.000,1.333544,0.639214
14736,1,0.125000,0.786472,20,0,1000.000,0.982315,0.657929
14736,2,0.125000,0.813784,19,0,1000.000,1.584557,0.626701
14736,3,0.125000,0.784712,23,0,1000.000,1.735920,0.631411
14736,4,0.125000,0.848266,20,0,1000.000,1.392815,0.655828
14736,5,0.125000,0.852707,29,0,1000.000,1.368755,0.667213
14736,6,0.125000,0.785428,20,1,952.550,1.498336,0.633979
14736,7,0.125000,0.646897,19,2,977.579,1.452691,0.634056
14784,0,0.125000,0.775044,15,1,936.800,1.412264,0.635107
14784,1,0.125000,0.824272,23,1,973.435,1.507385,0.643059
14784,2,0.125000,0.796691,16,0,1000.000,1.576484,0.636215
14784,3,0.125000,0.756511,19,0,1000.000,1.224753,0.650594
14784,4,0.125000,0.778750,27,0,1000.000,1.359488,0.652032
14784,5,0.125000,0.794640,14,0,1000.000,1.377166,0.648931
14784,6,0.125000,0.887613,9,0,1000.000,1.678994,0.658406
14784,7,0.125000,0.805460,21,0,1000.000,1.554137,0.637508
14832,0,0.125000,0.828352,15,0,1000.000,1.251151,0.657298
14832,1,0.125000,0.664718,15,0,1000.000,1.378092,0.653748
14832,2,0.125000,0.811143,16,0,1000.000,1.377678,0.652442
14832,3,0.125000,0.855846,15,0,1000.000,1.183106,0.650280
14832,4,0.125000,0.656514,17,0,1000.000,1.483991,0.635304
14832,5,0.125000,0.840959,11,0,1000.000,1.287588,0.637609
14832,6,0.125000,0.746863,15,0,1000.000,2.095059,0.621567
14832,7,0.125000,0.752585,14,0,1000.000,1.230377,0.656431
14928,0,0.125000,0.651301,37,0,1000.000,1.279685,0.630958
14928,1,0.125000,0.869727,35,0,1000.000,1.403136,0.650383
14928,2,0.125000,0.870415,36,0,1000.000,1.680070,0.639686
14928,3,0.125000,0.845577,35,0,1000.000,1.728999,0.641673
14928,4,0.125000,0.791722,29,0,1000.000,1.512385,0.639480
14928,5,0.125000,0.746008,29,0,1000.000,1.230901,0.644178
14928,6,0.125000,0.791469,39,2,964.103,1.503312,0.637567
14928,7,0.125000,0.534200,35,5,913.086,1.339355,0.612131
14976,0,0.125000,0.831055,29,0,1000.000,1.495937,0.649108
14976,1,0.125000,0.860551,20,0,1000.000,1.840100,0.650864
14976,2,0.125000,0.648808,17,0,1000.000,1.319820,0.637582
14976,3,0.125000,0.755601,27,0,1000.000,1.507348,0.636758
14976,4,0.125000,0.808530,22,0,1000.000,1.886744,0.633319
14976,5,0.125000,0.747106,17,1,945.059,1.805387,0.628246
14976,6,0.125000,0.865549,23,0,1000.000,1.340456,0.658825
14976,7,0.125000,0.692844,27,0,1000.000,1.463876,0.646582
15024,0,0.125000,0.721482,29,1,988.241,1.580405,0.627298
15024,1,0.125000,0.874370,19,0,1000.000,1.427980,0.660616
15024,2,0.125000,0.873832,17,0,1000.000,1.509110,0.661986
15024,3,0.125000,0.765068,31,0,1000.000,1.741555,0.628679
15024,4,0.125000,0.578797,21,0,1000.000,1.381236,0.660115
15024,5,0.125000,0.827818,29,0,1000.000,1.225038,0.653632
15024,6,0.125000,0.729649,34,0,1000.000,1.718236,0.636891
15024,7,0.125000,0.775370,34,1,985.941,1.520052,0.639047
15072,0,0.125000,0.726468,20,0,1000.000,1.228698,0.653857
15072,1,0.125000,0.708073,22,0,1000.000,1.461804,0.645387
15072,2,0.125000,0.796262,26,0,1000.000,1.455054,0.648514
15072,3,0.125000,0.892768,16,0,1000.000,1.124550,0.672115
15072,4,0.125000,0.661697,17,0,1000.000,1.629969,0.630249
15072,5,0.125000,0.819779,21,0,1000.000,1.559658,0.640001
15072,6,0.125000,0.809285,29,0,1000.000,1.523502,0.651465
15072,7,0.125000,0.824046,23,0,1000.000,1.923250,0.624244
15120,0,0.125000,0.803229,24,0,1000.000,1.397057,0.656443
15120,1,0.125000,0.772057,14,0,1000.000,1.519761,0.647035
15120,2,0.125000,0.641579,21,0,1000.000,0.988573,0.649442
15120,3,0.125000,0.737777,23,0,1000.000,1.139845,0.660735
15120,4,0.125000,0.638874,18,0,1000.000,1.364825,0.634207
15120,5,0.125000,0.726700,21,0,1000.000,1.595030,0.626615
15120,6,0.125000,0.784343,25,1,963.400,1.350672,0.655391
15120,7,0.125000,0.767299,39,1,987.333,1.473335,0.645681
15168,0,0.125000,0.878771,39,3,985.795,1.387950,0.644519
15168,1,0.125000,0.812325,29,0,1000.000,1.622079,0.644190
15168,2,0.125000,0.768275,23,1,958.913,1.220596,0.644340
15168,3,0.125000,0.876884,31,0,1000.000,1.385432,0.656063
15168,4,0.125000,0.827576,33,0,1000.000,1.589976,0.642092
15168,5,0.125000,0.835443,28,0,1000.000,1.820587,0.643009
15168,6,0.125000,0.832377,21,1,991.952,1.719973,0.631188
15168,7,0.125000,0.711796,35,4,948.543,1.322950,0.647624
15216,0,0.125000,0.812134,28,1,973.857,1.232972,0.653129
15216,1,0.125000,0.806839,40,1,977.325,1.646582,0.642314
15216,2,0.125000,0.810199,25,0,1000.000,1.639200,0.640826
15216,3,0.125000,0.784199,39,0,1000.000,1.463762,0.650034
15216,4,0.125000,0.772573,43,0,1000.000,1.489194,0.651087
15216,5,0.125000,0.830768,41,0,1000.000,1.159129,0.656410
15216,6,0.125000,0.750692,33,0,1000.000,1.603613,0.643993
15216,7,0.125000,0.758108,25,0,1000.000,1.305946,0.656840
15264,0,0.125000,0.840017,36,1,974.833,1.690029,0.635214
15264,1,0.125000,0.674239,37,0,1000.000,1.821287,0.628292
15264,2,0.125000,0.666226,27,0,1000.000,1.273352,0.626096
15264,3,0.125000,0.818139,36,0,1000.000,1.598628,0.650882
15264,4,0.125000,0.744746,34,0,1000.000,1.384449,0.635729
15264,5,0.125000,0.799014,46,0,1000.000,1.412214,0.635747
15264,6,0.125000,0.680029,30,0,1000.000,1.345398,0.635529
15264,7,0.125000,0.836312,24,0,1000.000,1.410753,0.643368
15312,0,0.125000,0.772395,30,1,968.700,1.510142,0.624729
15312,1,0.125000,0.784376,31,0,1000.000,1.684740,0.648132
15312,2,0.125000,0.733175,25,1,962.320,1.366436,0.635686
15312,3,0.125000,0.812716,29,0,1000.000,1.617934,0.652342
15312,4,0.125000,0.745980,30,0,1000.000,1.427931,0.656773
15312,5,0.125000,0.860980,34,0,1000.000,1.580588,0.642889
15312,6,0.125000,0.725945,42,0,1000.000,1.492646,0.637312
15312,7,0.125000,0.735336,25,1,998.400,1.514864,0.640882
15360,0,0.125000,0.890974,35,2,948.400,1.283176,0.642787
15360,1,0.125000,0.805506,32,0,1000.000,1.417957,0.649263
15360,2,0.125000,0.778642,36,0,1000.000,1.186368,0.657668
15360,3,0.125000,0.765781,31,0,1000.000,1.586989,0.640360
15360,4,0.125000,0.801187,33,0,1000.000,1.554281,0.641261
15360,5,0.125000,0.761797,36,0,1000.000,1.514184,0.642446
15360,6,0.125000,0.897432,28,1,973.929,1.434308,0.661069
15360,7,0.125000,0.785484,35,1,985.857,1.235262,0.652894
15408,0,0.125000,0.704683,21,0,1000.000,1.341157,0.634477
15408,1,0.125000,0.756512,14,0,1000.000,1.169339,0.648123
15408,2,0.125000,0.816882,19,0,1000.000,1.807761,0.631218
15408,3,0.125000,0.881103,32,0,1000.000,1.671980,0.650757
15408,4,0.125000,0.849332,21,0,1000.000,1.423747,0.656906
15408,5,0.125000,0.768781,25,0,1000.000,1.504486,0.644902
15408,6,0.125000,0.847774,27,0,1000.000,1.322189,0.659197
15408,7,0.125000,0.844067,18,0,1000.000,1.210577,0.647363
15456,0,0.125000,0.757308,18,1,975.000,1.185785,0.644247
15456,1,0.125000,0.738890,30,0,1000.000,1.656879,0.633648
15456,2,0.125000,0.779559,30,0,1000.000,1.522589,0.644627
15456,3,0.125000,0.717661,21,0,1000.000,1.546215,0.639219
15456,4,0.125000,0.779662,29,0,1000.000,1.590735,0.649839
15456,5,0.125000,0.814414,29,0,1000.000,1.528224,0.645353
15456,6,0.125000,0.731599,25,1,976.560,1.648412,0.632257
15456,7,0.125000,0.699047,41,1,994.146,1.288312,0.655559
15504,0,0.125000,0.849923,24,1,968.750,1.296120,0.643406
15504,1,0.125000,0.722882,28,0,1000.000,1.288005,0.649347
15504,2,0.125000,0.823180,30,0,1000.000,1.288306,0.652117
15504,3,0.125000,0.769606,33,0,1000.000,1.642868,0.645697
15504,4,0.125000,0.790439,30,0,1000.000,1.617946,0.642230
15504,5,0.125000,0.777293,39,0,1000.000,1.583753,0.639249
15504,6,0.125000,0.787638,38,1,994.553,1.364044,0.645130
15504,7,0.125000,0.810747,34,0,1000.000,1.394995,0.653849
15552,0,0.125000,0.769162,19,1,962.789,1.056394,0.659542
15552,1,0.125000,0.912595,15,0,1000.000,1.514589,0.654747
15552,2,0.125000,0.761548,19,0,1000.000,1.584347,0.636467
15552,3,0.125000,0.632402,18,0,1000.000,1.426858,0.646294
15552,4,0.125000,0.798380,19,0,1000.000,1.155147,0.659481
15552,5,0.125000,0.768188,26,0,1000.000,1.665715,0.640083
15552,6,0.125000,0.729423,31,0,1000.000,1.338828,0.652212
15552,7,0.125000,0.806297,20,0,1000.000,1.718279,0.649326
15600,0,0.125000,0.825002,20,1,956.800,1.235629,0.634372
15600,1,0.125000,0.812045,17,0,1000.000,1.501243,0.664216
15600,2,0.125000,0.755798,18,0,1000.000,1.437763,0.654143
15600,3,0.125000,0.723343,14,0,1000.000,1.899572,0.620937
15600,4,0.125000,0.773414,15,0,1000.000,1.581057,0.641448
15600,5,0.125000,0.712732,12,0,1000.000,1.571905,0.634133
15600,6,0.125000,0.675887,21,0,1000.000,1.315273,0.638850
15600,7,0.125000,0.835563,28,1,977.143,1.455805,0.655552
15648,0,0.125000,0.843000,25,1,994.400,1.308652,0.652812
15648,1,0.125000,0.845086,27,0,1000.000,1.519088,0.654019
15648,2,0.125000,0.870782,18,0,1000.000,1.722438,0.649185
15648,3,0.125000,0.727348,27,0,1000.000,1.691441,0.635659
15648,4,0.125000,0.897809,27,0,1000.000,1.790721,0.650903
15648,5,0.125000,0.564131,16,0,1000.000,1.233684,0.631112
15648,6,0.125000,0.902089,27,0,1000.000,1.807730,0.652310
15648,7,0.125000,0.804373,24,1,972.917,1.469444,0.656751
15696,0,0.125000,0.893057,30,0,1000.000,1.488728,0.660412
15696,1,0.125000,0.877676,32,1,992.281,1.673246,0.654978
15696,2,0.125000,0.814698,36,0,1000.000,1.545959,0.664239
15696,3,0.125000,0.732335,26,0,1000.000,1.371474,0.655358
15696,4,0.125000,0.802945,28,0,1000.000,1.685127,0.654591
15696,5,0.125000,0.798862,32,0,1000.000,1.681904,0.647223
15696,6,0.125000,0.753681,21,0,1000.000,1.457680,0.647654
15696,7,0.125000,0.766547,30,0,1000.000,1.536395,0.655649
15744,0,0.125000,0.851301,21,2,966.857,0.970694,0.647839
15744,1,0.125000,0.818370,27,0,1000.000,1.386727,0.657230
15744,2,0.125000,0.680502,31,0,1000.000,1.321889,0.637703
15744,3,0.125000,0.785458,22,0,1000.000,1.447934,0.650424
15744,4,0.125000,0.725243,7,0,1000.000,1.876667,0.635289
15744,5,0.125000,0.772347,16,0,1000.000,1.521821,0.662138
15744,6,0.125000,0.870897,16,0,1000.000,1.415748,0.669628
15744,7,0.125000,0.806259,24,2,965.875,1.271640,0.648902
15792,0,0.125000,0.782049,16,1,980.375,1.529321,0.640940
15792,1,0.125000,0.810050,16,0,1000.000,1.133469,0.645199
15792,2,0.125000,0.695867,16,0,1000.000,1.453411,0.650035
15792,3,0.125000,0.770794,8,0,1000.000,2.172453,0.641496
15792,4,0.125000,0.859151,20,0,1000.000,1.380008,0.665834
15792,5,0.125000,0.793858,23,0,1000.000,1.483372,0.656795
15792,6,0.125000,0.749481,25,0,1000.000,1.516389,0.638873
15792,7,0.125000,0.777759,24,2,922.708,1.564240,0.639941
15840,0,0.125000,0.706213,12,0,1000.000,1.575059,0.633587
15840,1,0.125000,0.793653,15,0,1000.000,1.570388,0.649896
15840,2,0.125000,0.825583,19,0,1000.000,1.223577,0.644720
15840,3,0.125000,0.669414,17,0,1000.000,1.364871,0.645214
15840,4,0.125000,0.849829,19,0,1000.000,1.970657,0.643876
15840,5,0.125000,0.808587,14,0,1000.000,1.638433,0.636449
15840,6,0.125000,0.867843,11,1,986.364,1.648520,0.643190
15840,7,0.125000,0.702416,11,1,944.000,1.519368,0.627428
15888,0,0.125000,0.733084,17,0,1000.000,1.590247,0.635900
15888,1,0.125000,0.753931,16,0,1000.000,1.085306,0.658950
15888,2,0.125000,0.831344,20,0,1000.000,1.599510,0.665666
15888,3,0.125000,0.773521,12,0,1000.000,1.203586,0.666929
15888,4,0.125000,0.810030,10,0,1000.000,1.673303,0.639927
15888,5,0.125000,0.796871,16,0,1000.000,1.632434,0.647527
15888,6,0.125000,0.817381,13,0,1000.000,1.592088,0.631175
15888,7,0.125000,0.654714,18,2,939.778,1.563644,0.631578
15936,0,0.125000,0.637935,19,0,1000.000,1.125550,0.653906
15936,1,0.125000,0.805678,21,0,1000.000,1.394381,0.660638
15936,2,0.125000,0.769551,20,0,1000.000,1.462829,0.648573
15936,3,0.125000,0.730451,19,0,1000.000,1.269150,0.656072
15936,4,0.125000,0.865814,20,0,1000.000,1.398915,0.662032
15936,5,0.125000,0.694617,16,0,1000.000,1.677779,0.635065
15936,6,0.125000,0.678342,19,0,1000.000,1.160228,0.655272
15936,7,0.125000,0.640816,16,1,993.562,1.316532,0.637868
15984,0,0.125000,0.781647,27,0,1000.000,1.214918,0.659176
15984,1,0.125000,0.782016,16,0,1000.000,1.513177,0.647885
15984,2,0.125000,0.784514,27,0,1000.000,1.339616,0.666513
15984,3,0.125000,0.794514,23,0,1000.000,1.380995,0.657228
15984,4,0.125000,0.810099,26,0,1000.000,1.711216,0.643759
15984,5,0.125000,0.649033,24,0,1000.000,1.509757,0.650268
15984,6,0.125000,0.819613,31,0,1000.000,1.774342,0.657948
15984,7,0.125000,0.781859,27,0,1000.000,1.367515,0.640755
16032,0,0.125000,0.784408,22,0,1000.000,1.313435,0.654936
16032,1,0.125000,0.765003,27,1,996.704,1.498271,0.652574
16032,2,0.125000,0.787920,25,0,1000.000,1.613139,0.633312
16032,3,0.125000,0.731908,36,0,1000.000,1.286031,0.658353
16032,4,0.125000,0.881023,28,0,1000.000,1.599766,0.646989
16032,5,0.125000,0.755740,31,0,1000.000,1.711971,0.655504
16032,6,0.125000,0.784440,18,0,1000.000,1.670544,0.659448
16032,7,0.125000,0.851411,27,1,983.444,1.723550,0.647885
16080,0,0.125000,0.774045,17,0,1000.000,1.617151,0.646864
16080,1,0.125000,0.823705,22,0,1000.000,1.627690,0.651668
16080,2,0.125000,0.652125,16,0,1000.000,1.800457,0.625430
16080,3,0.125000,0.830753,19,0,1000.000,1.394755,0.655851
16080,4,0.125000,0.863299,10,0,1000.000,0.897227,0.688240
16080,5,0.125000,0.737467,20,0,1000.000,1.350066,0.641473
16080,6,0.125000,0.798394,18,0,1000.000,1.637420,0.642099
16080,7,0.125000,0.799436,27,0,1000.000,1.337323,0.668451
16128,0,0.125000,0.821915,27,1,996.482,1.304595,0.655257
16128,1,0.125000,0.574727,22,0,1000.000,1.351116,0.645287
16128,2,0.125000,0.833666,29,0,1000.000,1.387414,0.657476
16128,3,0.125000,0.715341,22,0,1000.000,1.531710,0.647121
16128,4,0.125000,0.713591,27,0,1000.000,1.244542,0.643130
16128,5,0.125000,0.894504,28,0,1000.000,1.515016,0.669191
16128,6,0.125000,0.770263,16,1,943.062,1.587544,0.649175
16128,7,0.125000,0.770440,20,1,990.250,1.500264,0.644105
16176,0,0.125000,0.727902,34,1,974.971,1.203267,0.645693
16176,1,0.125000,0.841592,32,0,1000.000,1.227850,0.659773
16176,2,0.125000,0.743263,26,0,1000.000,1.627535,0.648851
16176,3,0.125000,0.808875,27,0,1000.000,1.518539,0.654852
16176,4,0.125000,0.784677,37,0,1000.000,1.622666,0.648257
16176,5,0.125000,0.797532,24,0,1000.000,1.414114,0.659425
16176,6,0.125000,0.835269,33,0,1000.000,1.625854,0.651475
16176,7,0.125000,0.737162,34,0,1000.000,1.301580,0.651693
16224,0,0.125000,0.735233,41,1,978.098,1.768772,0.623776
16224,1,0.125000,0.748573,24,0,1000.000,1.349850,0.655805
16224,2,0.125000,0.725122,41,0,1000.000,1.543728,0.644441
16224,3,0.125000,0.798666,38,0,1000.000,1.844679,0.641243
16224,4,0.125000,0.758533,41,1,998.756,1.477335,0.645419
16224,5,0.125000,0.918379,29,0,1000.000,1.771053,0.659346
16224,6,0.125000,0.791302,37,0,1000.000,1.579946,0.645243
16224,7,0.125000,0.831039,28,0,1000.000,1.755417,0.653905
16272,0,0.125000,0.855944,22,0,1000.000,1.070425,0.645545
16272,1,0.125000,0.875319,37,1,994.243,1.566559,0.640394
16272,2,0.125000,0.811384,35,0,1000.000,1.514845,0.650283
16272,3,0.125000,0.796622,36,0,1000.000,1.805923,0.649451
16272,4,0.125000,0.737404,24,0,1000.000,1.693606,0.633188
16272,5,0.125000,0.787559,26,0,1000.000,1.518368,0.643896
16272,6,0.125000,0.878670,35,0,1000.000,1.576934,0.658959
16272,7,0.125000,0.831289,38,0,1000.000,1.427997,0.656610
16320,0,0.125000,0.744190,42,0,1000.000,1.483203,0.642102
16320,1,0.125000,0.758473,37,0,1000.000,1.460244,0.649701
16320,2,0.125000,0.784916,21,0,1000.000,1.518632,0.650321
16320,3,0.125000,0.765045,28,0,1000.000,1.546042,0.632977
16320,4,0.125000,0.801050,29,0,1000.000,1.871422,0.632298
16320,5,0.125000,0.848599,32,1,993.812,1.448990,0.650767
16320,6,0.125000,0.811406,35,0,1000.000,1.586022,0.659648
16320,7,0.125000,0.691808,33,3,950.515,1.603348,0.640094
16368,0,0.125000,0.772867,24,0,1000.000,1.771408,0.629947
16368,1,0.125000,0.820236,32,0,1000.000,1.294052,0.659614
16368,2,0.125000,0.820675,33,0,1000.000,1.567186,0.648923
16368,3,0.125000,0.751880,33,0,1000.000,1.422530,0.644367
16368,4,0.125000,0.702459,29,0,1000.000,1.193371,0.651037
16368,5,0.125000,0.750842,36,1,994.361,1.685200,0.642107
16368,6,0.125000,0.848871,29,0,1000.000,1.442778,0.651833
16368,7,0.125000,0.802022,41,1,999.634,1.468917,0.648559
16416,0,0.125000,0.837147,13,0,1000.000,1.470771,0.636134
16416,1,0.125000,0.744087,25,0,1000.000,1.612586,0.631675
16416,2,0.125000,0.724967,19,0,1000.000,1.550337,0.641300
16416,3,0.125000,0.871790,24,0,1000.000,1.654012,0.656561
16416,4,0.125000,0.847456,21,0,1000.000,1.751274,0.658001
16416,5,0.125000,0.814007,18,0,1000.000,1.330894,0.643618
16416,6,0.125000,0.882536,17,0,1000.000,1.574743,0.653419
16416,7,0.125000,0.690529,29,1,983.759,1.509016,0.633717
16464,0,0.125000,0.898539,29,0,1000.000,1.267551,0.654088
16464,1,0.125000,0.810688,34,0,1000.000,1.504908,0.646661
16464,2,0.125000,0.829440,29,0,1000.000,1.373426,0.652025
16464,3,0.125000,0.739429,34,0,1000.000,1.552300,0.638097
16464,4,0.125000,0.790966,30,0,1000.000,1.529755,0.660200
16464,5,0.125000,0.845920,32,0,1000.000,1.549231,0.645430
16464,6,0.125000,0.896313,20,0,1000.000,1.623088,0.654997
16464,7,0.125000,0.908543,33,0,1000.000,1.303741,0.671429
16512,0,0.125000,0.736004,31,0,1000.000,1.497118,0.643836
16512,1,0.125000,0.860846,29,0,1000.000,1.344242,0.662780
16512,2,0.125000,0.876912,23,0,1000.000,1.428763,0.668962
16512,3,0.125000,0.756874,30,0,1000.000,1.531842,0.655572
16512,4,0.125000,0.750668,33,0,1000.000,1.334369,0.648930
16512,5,0.125000,0.771274,36,0,1000.000,1.358629,0.654199
16512,6,0.125000,0.788186,34,1,975.735,1.359226,0.656813
16512,7,0.125000,0.750464,28,0,1000.000,1.388237,0.637656
16560,0,0.125000,0.911093,16,0,1000.000,1.483408,0.662295
16560,1,0.125000,0.860079,29,0,1000.000,1.530353,0.665346
16560,2,0.125000,0.906227,21,1,971.429,1.486660,0.656767
16560,3,0.125000,0.877344,17,0,1000.000,1.371877,0.666659
16560,4,0.125000,0.738807,20,0,1000.000,1.183867,0.650483
16560,5,0.125000,0.870790,19,0,1000.000,1.777196,0.648730
16560,6,0.125000,0.710433,15,0,1000.000,1.637618,0.640106
16560,7,0.125000,0.770956,22,1,999.045,1.345744,0.658999
16656,0,0.125000,0.746736,49,0,1000.000,1.489976,0.649898
16656,1,0.125000,0.800074,45,0,1000.000,1.184795,0.659464
16656,2,0.125000,0.790004,47,0,1000.000,1.536004,0.649920
16656,3,0.125000,0.832020,46,0,1000.000,1.563452,0.652652
16656,4,0.125000,0.812747,44,0,1000.000,1.622205,0.652022
16656,5,0.125000,0.819550,35,0,1000.000,1.477633,0.651752
16656,6,0.125000,0.789543,40,1,983.925,1.382029,0.644738
16656,7,0.125000,0.697352,54,4,974.148,1.296545,0.646967
16704,0,0.125000,0.669549,27,1,974.556,1.293143,0.647367
16704,1,0.125000,0.768045,26,0,1000.000,1.566554,0.657097
16704,2,0.125000,0.850329,32,0,1000.000,1.477953,0.660852
16704,3,0.125000,0.746337,31,0,1000.000,1.611392,0.645050
16704,4,0.125000,0.872154,20,0,1000.000,1.726480,0.643066
16704,5,0.125000,0.781998,30,0,1000.000,1.655484,0.653282
16704,6,0.125000,0.800234,31,0,1000.000,1.624837,0.639816
16704,7,0.125000,0.722778,35,0,1000.000,1.464539,0.649473
16752,0,0.125000,0.860664,17,0,1000.000,1.506801,0.648175
16752,1,0.125000,0.909043,12,0,1000.000,1.552027,0.658774
16752,2,0.125000,0.772005,26,0,1000.000,0.878992,0.662502
16752,3,0.125000,0.860400,17,0,1000.000,1.396555,0.650818
16752,4,0.125000,0.914207,14,0,1000.000,1.405410,0.674945
16752,5,0.125000,0.701019,22,0,1000.000,1.316106,0.641628
16752,6,0.125000,0.795212,19,1,983.895,1.181662,0.660212
16752,7,0.125000,0.702343,18,1,949.889,1.326772,0.647500
16800,0,0.125000,0.742182,18,1,955.278,1.470553,0.632203
16800,1,0.125000,0.889246,18,0,1000.000,1.194548,0.672843
16800,2,0.125000,0.797768,18,0,1000.000,1.696280,0.649013
16800,3,0.125000,0.875974,13,0,1000.000,1.125485,0.664536
16800,4,0.125000,0.655295,20,0,1000.000,1.494983,0.644077
16800,5,0.125000,0.783336,21,0,1000.000,1.472571,0.655577
16800,6,0.125000,0.736249,24,0,1000.000,1.533982,0.646110
16800,7,0.125000,0.861657,18,0,1000.000,1.644377,0.661150
16848,0,0.125000,0.856269,13,0,1000.000,1.686868,0.643772
16848,1,0.125000,0.739318,11,0,1000.000,1.800754,0.649665
16848,2,0.125000,0.826251,16,0,1000.000,1.160927,0.660346
16848,3,0.125000,0.763171,16,0,1000.000,1.678342,0.648548
16848,4,0.125000,0.929307,14,0,1000.000,1.608794,0.646783
16848,5,0.125000,0.851090,17,0,1000.000,1.780298,0.647271
16848,6,0.125000,0.949794,7,0,1000.000,1.314613,0.660795
16848,7,0.125000,0.575292,17,2,939.176,1.213336,0.635861
16896,0,0.125000,0.812290,21,0,1000.000,1.620249,0.651718
16896,1,0.125000,0.897123,23,0,1000.000,1.704617,0.642796
16896,2,0.125000,0.850067,20,0,1000.000,1.617842,0.649933
16896,3,0.125000,0.914776,11,0,1000.000,1.434124,0.665369
16896,4,0.125000,0.712193,16,0,1000.000,1.400003,0.651462
16896,5,0.125000,0.790335,21,0,1000.000,1.665491,0.660143
16896,6,0.125000,0.861941,9,0,1000.000,1.922743,0.633291
16896,7,0.125000,0.937288,11,0,1000.000,1.591567,0.665713
16944,0,0.125000,0.783498,21,0,1000.000,1.041394,0.651590
16944,1,0.125000,0.781555,23,0,1000.000,1.645155,0.648545
16944,2,0.125000,0.767839,21,0,1000.000,1.513835,0.639879
16944,3,0.125000,0.833014,20,0,1000.000,1.331266,0.666018
16944,4,0.125000,0.805670,18,0,1000.000,1.657111,0.641148
16944,5,0.125000,0.867044,20,0,1000.000,1.705237,0.644308
16944,6,0.125000,0.703630,15,0,1000.000,1.268696,0.633006
16944,7,0.125000,0.790438,16,0,1000.000,1.163125,0.663152
16992,0,0.125000,0.863230,36,0,1000.000,1.541636,0.658929
16992,1,0.125000,0.866494,27,0,1000.000,1.637231,0.650571
16992,2,0.125000,0.804622,27,0,1000.000,1.355239,0.659283
16992,3,0.125000,0.804357,29,0,1000.000,1.696248,0.648010
16992,4,0.125000,0.802593,25,0,1000.000,1.342030,0.662635
16992,5,0.125000,0.812621,28,0,1000.000,1.833013,0.648228
16992,6,0.125000,0.640572,24,0,1000.000,1.227965,0.642499
16992,7,0.125000,0.827411,16,0,1000.000,1.839075,0.642505
17040,0,0.125000,0.829711,19,0,1000.000,1.580239,0.649486
17040,1,0.125000,0.870081,26,0,1000.000,1.385063,0.664116
17040,2,0.125000,0.853995,20,0,1000.000,1.528827,0.641593
17040,3,0.125000,0.779461,28,0,1000.000,1.132668,0.659496
17040,4,0.125000,0.645822,21,0,1000.000,1.211404,0.661098
17040,5,0.125000,0.734163,28,0,1000.000,1.415577,0.654113
17040,6,0.125000,0.689011,26,0,1000.000,1.420497,0.650022
17040,7,0.125000,0.809947,27,1,966.185,1.271462,0.652699
17088,0,0.125000,0.823943,25,1,992.880,1.304224,0.656070
17088,1,0.125000,0.902741,19,0,1000.000,1.679790,0.658484
17088,2,0.125000,0.778602,17,0,1000.000,1.616513,0.650460
17088,3,0.125000,0.839082,22,0,1000.000,1.659428,0.651561
17088,4,0.125000,0.929357,23,0,1000.000,1.508653,0.666787
17088,5,0.125000,0.788672,14,0,1000.000,1.418896,0.670993
17088,6,0.125000,0.849102,16,0,1000.000,1.591272,0.670726
17088,7,0.125000,0.780756,23,1,980.565,1.323396,0.651734
17136,0,0.125000,0.788891,32,0,1000.000,1.021403,0.665829
17136,1,0.125000,0.824146,27,0,1000.000,1.465895,0.643636
17136,2,0.125000,0.834161,23,0,1000.000,1.656541,0.642562
17136,3,0.125000,0.754920,32,0,1000.000,1.406929,0.647493
17136,4,0.125000,0.754008,24,0,1000.000,1.650079,0.642372
17136,5,0.125000,0.853427,26,0,1000.000,1.505343,0.655017
17136,6,0.125000,0.817581,18,0,1000.000,1.582076,0.655799
17136,7,0.125000,0.730975,16,0,1000.000,1.271290,0.667608
17184,0,0.125000,0.779697,31,0,1000.000,1.617325,0.651992
17184,1,0.125000,0.762029,48,0,1000.000,1.382042,0.653451
17184,2,0.125000,0.791323,33,0,1000.000,1.548197,0.651038
17184,3,0.125000,0.799861,29,1,991.241,1.499574,0.664092
17184,4,0.125000,0.804062,37,0,1000.000,1.798190,0.645065
17184,5,0.125000,0.638435,22,0,1000.000,1.377662,0.638838
17184,6,0.125000,0.785115,22,0,1000.000,1.534931,0.651534
17184,7,0.125000,0.772313,25,1,963.240,1.389582,0.667636
17232,0,0.125000,0.814560,36,0,1000.000,1.073972,0.666189
17232,1,0.125000,0.846359,36,0,1000.000,1.407547,0.650080
17232,2,0.125000,0.858807,39,0,1000.000,1.731581,0.656191
17232,3,0.125000,0.869286,43,0,1000.000,1.668285,0.651973
17232,4,0.125000,0.789224,37,0,1000.000,1.652725,0.652517
17232,5,0.125000,0.653883,24,0,1000.000,1.339775,0.641797
17232,6,0.125000,0.832261,20,1,952.400,1.409053,0.653951
17232,7,0.125000,0.777827,39,0,1000.000,1.681604,0.637688
17280,0,0.125000,0.891402,30,1,980.900,1.296847,0.650668
17280,1,0.125000,0.825127,39,0,1000.000,1.508725,0.652234
17280,2,0.125000,0.846802,28,0,1000.000,1.628047,0.650573
17280,3,0.125000,0.829569,25,0,1000.000,1.635289,0.657285
17280,4,0.125000,0.776955,34,0,1000.000,1.634067,0.641041
17280,5,0.125000,0.795332,31,0,1000.000,1.579358,0.647145
17280,6,0.125000,0.822953,32,0,1000.000,1.579796,0.652687
17280,7,0.125000,0.830878,36,1,987.111,1.637316,0.652931
17328,0,0.125000,0.830750,31,0,1000.000,1.627412,0.655859
17328,1,0.125000,0.757771,37,0,1000.000,1.384967,0.659061
17328,2,0.125000,0.764108,31,0,1000.000,1.658617,0.649634
17328,3,0.125000,0.820942,34,1,993.147,1.424049,0.648836
17328,4,0.125000,0.886539,34,0,1000.000,1.549024,0.652744
17328,5,0.125000,0.795662,42,1,985.429,1.368546,0.649796
17328,6,0.125000,0.754970,25,1,985.200,1.361262,0.647457
17328,7,0.125000,0.836162,29,1,968.862,1.409560,0.645508
17376,0,0.125000,0.796947,19,1,965.737,1.504364,0.647252
17376,1,0.125000,0.762222,37,0,1000.000,1.390249,0.662723
17376,2,0.125000,0.715397,26,0,1000.000,1.325336,0.639925
17376,3,0.125000,0.752819,26,0,1000.000,1.515709,0.651923
17376,4,0.125000,0.782207,44,0,1000.000,1.697431,0.639031
17376,5,0.125000,0.789861,31,0,1000.000,1.646476,0.643502
17376,6,0.125000,0.753690,36,0,1000.000,1.265873,0.658209
17376,7,0.125000,0.612205,26,2,940.115,1.376369,0.637899
17424,0,0.125000,0.716875,19,0,1000.000,1.704838,0.635273
17424,1,0.125000,0.778858,19,2,901.158,1.496481,0.629493
17424,2,0.125000,0.810418,17,0,1000.000,1.212564,0.641347
17424,3,0.125000,0.871069,28,0,1000.000,1.582523,0.653986
17424,4,0.125000,0.590887,17,0,1000.000,1.446084,0.633431
17424,5,0.125000,0.831358,27,0,1000.000,1.712807,0.654916
17424,6,0.125000,0.825140,23,0,1000.000,1.757074,0.648407
17424,7,0.125000,0.924116,21,0,1000.000,1.607817,0.664084
17472,0,0.125000,0.832238,39,1,976.590,1.263985,0.666832
17472,1,0.125000,0.681025,43,1,991.674,1.361652,0.645862
17472,2,0.125000,0.903516,26,0,1000.000,1.863994,0.641251
17472,3,0.125000,0.774361,35,0,1000.000,1.316573,0.646037
17472,4,0.125000,0.802886,17,0,1000.000,1.721391,0.633770
17472,5,0.125000,0.808732,34,0,1000.000,1.606835,0.658202
17472,6,0.125000,0.830338,30,0,1000.000,1.694856,0.651096
17472,7,0.125000,0.777133,36,0,1000.000,1.691074,0.650286
17520,0,0.125000,0.758251,22,0,1000.000,1.474102,0.653014
17520,1,0.125000,0.779885,26,0,1000.000,1.516523,0.654620
17520,2,0.125000,0.831901,27,0,1000.000,1.476111,0.651195
17520,3,0.125000,0.799766,28,0,1000.000,1.231608,0.666145
17520,4,0.125000,0.678868,25,0,1000.000,1.747360,0.641545
17520,5,0.125000,0.881449,31,0,1000.000,1.715137,0.655704
17520,6,0.125000,0.766797,26,0,1000.000,1.802718,0.634061
17520,7,0.125000,0.718303,40,1,981.000,1.417355,0.642612
17568,0,0.125000,0.876325,16,0,1000.000,1.536968,0.666550
17568,1,0.125000,0.696348,19,0,1000.000,1.490219,0.648169
17568,2,0.125000,0.755638,21,0,1000.000,1.763767,0.634708
17568,3,0.125000,0.647434,14,0,1000.000,1.138982,0.658114
17568,4,0.125000,0.838049,18,0,1000.000,1.045532,0.679282
17568,5,0.125000,0.649453,22,0,1000.000,1.535827,0.632909
17568,6,0.125000,0.851512,25,0,1000.000,1.458341,0.654097
17568,7,0.125000,0.777931,21,0,1000.000,1.300246,0.643986
17616,0,0.125000,0.847148,18,0,1000.000,1.722599,0.643148
17616,1,0.125000,0.840075,15,0,1000.000,1.484911,0.665043
17616,2,0.125000,0.841731,21,0,1000.000,1.254561,0.654783
17616,3,0.125000,0.855472,22,0,1000.000,1.547943,0.661041
17616,4,0.125000,0.809939,16,0,1000.000,1.734776,0.625685
17616,5,0.125000,0.673838,19,0,1000.000,1.361771,0.657141
17616,6,0.125000,0.770901,26,0,1000.000,1.646428,0.638972
17616,7,0.125000,0.821725,12,0,1000.000,1.563142,0.640677
17664,0,0.125000,0.748818,29,0,1000.000,1.520118,0.648508
17664,1,0.125000,0.791271,26,0,1000.000,1.226293,0.655979
17664,2,0.125000,0.796061,24,0,1000.000,1.473777,0.662595
17664,3,0.125000,0.735888,37,0,1000.000,1.508544,0.648114
17664,4,0.125000,0.652563,24,0,1000.000,1.423925,0.646367
17664,5,0.125000,0.741448,27,0,1000.000,1.524127,0.640785
17664,6,0.125000,0.840902,24,0,1000.000,1.559574,0.672532
17664,7,0.125000,0.816726,23,0,1000.000,1.585990,0.646867
17712,0,0.125000,0.845266,33,0,1000.000,1.602781,0.647709
17712,1,0.125000,0.851204,25,0,1000.000,1.464393,0.660037
17712,2,0.125000,0.886228,37,0,1000.000,1.574235,0.661657
17712,3,0.125000,0.844072,25,0,1000.000,1.701695,0.652363
17712,4,0.125000,0.801533,31,0,1000.000,1.705211,0.658517
17712,5,0.125000,0.872494,28,0,1000.000,1.577738,0.652881
17712,6,0.125000,0.843755,22,0,1000.000,1.485269,0.655683
17712,7,0.125000,0.809150,28,0,1000.000,1.590359,0.645895
17760,0,0.125000,0.844738,16,0,1000.000,1.439413,0.653744
17760,1,0.125000,0.886479,24,0,1000.000,1.454862,0.662960
17760,2,0.125000,0.925276,18,0,1000.000,1.499017,0.669155
17760,3,0.125000,0.908923,16,0,1000.000,1.571880,0.648871
17760,4,0.125000,0.819861,13,0,1000.000,1.698857,0.652774
17760,5,0.125000,0.794349,16,0,1000.000,1.417179,0.657975
17760,6,0.125000,0.881093,21,0,1000.000,1.449993,0.656551
17760,7,0.125000,0.764072,15,1,984.000,1.762372,0.633760
17808,0,0.125000,0.838461,24,0,1000.000,1.294257,0.663442
17808,1,0.125000,0.739512,15,0,1000.000,1.509783,0.642439
17808,2,0.125000,0.829499,24,1,997.667,1.446241,0.671636
17808,3,0.125000,0.820985,17,0,1000.000,1.229119,0.665600
17808,4,0.125000,0.823772,16,0,1000.000,1.226840,0.672574
17808,5,0.125000,0.893546,9,0,1000.000,1.876744,0.650499
17808,6,0.125000,0.808634,18,0,1000.000,1.228181,0.661961
17808,7,0.125000,0.759412,15,1,961.133,1.021707,0.667347
17856,0,0.125000,0.809584,10,0,1000.000,1.424996,0.656306
17856,1,0.125000,0.827509,13,0,1000.000,2.197918,0.628646
17856,2,0.125000,0.819779,8,0,1000.000,1.941778,0.645488
17856,3,0.125000,0.747597,19,0,1000.000,1.458702,0.663371
17856,4,0.125000,0.596520,18,0,1000.000,1.669740,0.625781
17856,5,0.125000,0.794310,15,0,1000.000,1.280856,0.654755
17856,6,0.125000,0.647449,10,0,1000.000,1.926188,0.632546
17856,7,0.125000,0.733189,13,1,951.308,1.597562,0.632612
17904,0,0.125000,0.717453,25,0,1000.000,1.431808,0.663584
17904,1,0.125000,0.862435,23,0,1000.000,1.244532,0.675400
17904,2,0.125000,0.857498,16,0,1000.000,1.855788,0.627230
17904,3,0.125000,0.792716,15,0,1000.000,1.516576,0.667529
17904,4,0.125000,0.723496,16,0,1000.000,1.548735,0.644545
17904,5,0.125000,0.647388,16,0,1000.000,1.150987,0.648466
17904,6,0.125000,0.711266,18,0,1000.000,1.530202,0.636759
17904,7,0.125000,0.826415,16,1,973.625,1.373271,0.687990
17952,0,0.125000,0.757845,20,0,1000.000,1.708119,0.642362
17952,1,0.125000,0.760242,30,1,994.633,1.351313,0.651739
17952,2,0.125000,0.858568,15,0,1000.000,1.547937,0.654356
17952,3,0.125000,0.721320,22,0,1000.000,0.878636,0.651483
17952,4,0.125000,0.791900,18,0,1000.000,1.396834,0.660363
17952,5,0.125000,0.750808,15,0,1000.000,1.382282,0.640023
17952,6,0.125000,0.771490,27,0,1000.000,1.289437,0.646772
17952,7,0.125000,0.632139,22,0,1000.000,1.479769,0.644486
18000,0,0.125000,0.807838,26,0,1000.000,1.639405,0.654093
18000,1,0.125000,0.805268,28,0,1000.000,1.477893,0.661933
18000,2,0.125000,0.828018,25,0,1000.000,1.635914,0.658297
18000,3,0.125000,0.788171,23,0,1000.000,1.524819,0.648929
18000,4,0.125000,0.757630,14,0,1000.000,1.429781,0.654513
18000,5,0.125000,0.791453,24,0,1000.000,1.675843,0.653568
18000,6,0.125000,0.816763,32,0,1000.000,1.701417,0.653216
18000,7,0.125000,0.874585,25,1,981.400,1.668514,0.654134
18048,0,0.125000,0.740192,27,1,976.111,1.554970,0.651715
18048,1,0.125000,0.834449,27,0,1000.000,1.663626,0.654143
18048,2,0.125000,0.888666,23,0,1000.000,1.455482,0.675522
18048,3,0.125000,0.861866,17,0,1000.000,1.619955,0.658612
18048,4,0.125000,0.817154,29,0,1000.000,1.600159,0.660790
18048,5,0.125000,0.814498,26,0,1000.000,1.444189,0.664665
18048,6,0.125000,0.769967,28,0,1000.000,1.171149,0.674351
18048,7,0.125000,0.780762,15,0,1000.000,1.638631,0.656188
18096,0,0.125000,0.891926,17,2,946.941,1.042559,0.661568
18096,1,0.125000,0.732031,16,0,1000.000,1.230855,0.683982
18096,2,0.125000,0.772848,15,0,1000.000,1.985297,0.633595
18096,3,0.125000,0.815656,25,0,1000.000,1.408403,0.663417
18096,4,0.125000,0.682330,21,0,1000.000,1.356238,0.648214
18096,5,0.125000,0.717756,24,0,1000.000,1.695397,0.636671
18096,6,0.125000,0.889572,19,0,1000.000,1.671592,0.659044
18096,7,0.125000,0.794070,26,1,982.885,1.623991,0.655374
18144,0,0.125000,0.837869,25,0,1000.000,1.725562,0.654340
18144,1,0.125000,0.710828,22,0,1000.000,1.066009,0.655806
18144,2,0.125000,0.801995,26,0,1000.000,1.520452,0.654215
18144,3,0.125000,0.816807,28,0,1000.000,1.450564,0.654378
18144,4,0.125000,0.835404,24,0,1000.000,1.860097,0.631594
18144,5,0.125000,0.797156,27,0,1000.000,1.425654,0.654108
18144,6,0.125000,0.802204,28,0,1000.000,1.223853,0.668164
18144,7,0.125000,0.805458,34,0,1000.000,1.550622,0.645347
18192,0,0.125000,0.840921,33,0,1000.000,1.594154,0.654828
18192,1,0.125000,0.848792,33,0,1000.000,1.456026,0.670620
18192,2,0.125000,0.679439,34,1,972.382,1.441748,0.651148
18192,3,0.125000,0.841527,31,0,1000.000,1.744125,0.646402
18192,4,0.125000,0.801533,25,0,1000.000,1.367262,0.659196
18192,5,0.125000,0.784187,27,0,1000.000,1.384184,0.665640
18192,6,0.125000,0.812150,33,0,1000.000,1.390721,0.659416
18192,7,0.125000,0.775695,29,0,1000.000,1.601612,0.653007
18240,0,0.125000,0.857156,42,0,1000.000,1.496585,0.651804
18240,1,0.125000,0.780030,35,0,1000.000,1.536759,0.654963
18240,2,0.125000,0.812461,37,0,1000.000,1.453143,0.656669
18240,3,0.125000,0.772534,28,0,1000.000,1.445288,0.648909
18240,4,0.125000,0.776984,46,0,1000.000,1.673190,0.637993
18240,5,0.125000,0.739306,30,0,1000.000,1.721696,0.644612
18240,6,0.125000,0.817128,35,0,1000.000,1.701118,0.644820
18240,7,0.125000,0.821874,31,0,1000.000,1.343690,0.650483
18288,0,0.125000,0.773437,29,0,1000.000,1.450509,0.648339
18288,1,0.125000,0.794353,36,0,1000.000,1.716375,0.649771
18288,2,0.125000,0.758186,27,0,1000.000,1.515144,0.647738
18288,3,0.125000,0.777773,44,0,1000.000,1.370781,0.652467
18288,4,0.125000,0.779151,31,0,1000.000,1.673091,0.653598
18288,5,0.125000,0.787919,24,0,1000.000,1.716869,0.644234
18288,6,0.125000,0.790923,28,0,1000.000,1.081292,0.658979
18288,7,0.125000,0.801044,30,0,1000.000,1.730898,0.652789
18336,0,0.125000,0.789595,27,0,1000.000,1.622298,0.651633
18336,1,0.125000,0.811572,31,0,1000.000,1.435842,0.663031
18336,2,0.125000,0.779425,33,0,1000.000,1.493370,0.651093
18336,3,0.125000,0.837971,40,0,1000.000,1.674177,0.646146
18336,4,0.125000,0.786928,26,0,1000.000,1.223721,0.670629
18336,5,0.125000,0.845487,41,0,1000.000,1.484284,0.663966
18336,6,0.125000,0.711828,33,0,1000.000,1.382790,0.660490
18336,7,0.125000,0.823005,33,0,1000.000,1.523491,0.653899
18384,0,0.125000,0.802553,29,0,1000.000,1.605221,0.644300
18384,1,0.125000,0.763317,30,0,1000.000,1.399123,0.656884
18384,2,0.125000,0.873592,20,0,1000.000,1.379970,0.656302
18384,3,0.125000,0.729271,27,0,1000.000,1.406646,0.649154
18384,4,0.125000,0.845191,25,0,1000.000,1.458028,0.657083
18384,5,0.125000,0.764707,33,0,1000.000,1.443988,0.654491
18384,6,0.125000,0.837237,33,1,972.576,1.383080,0.645433
18384,7,0.125000,0.827692,30,0,1000.000,1.301626,0.657556
18432,0,0.125000,0.694436,25,0,1000.000,1.230793,0.658442
18432,1,0.125000,0.770511,22,0,1000.000,1.696370,0.638110
18432,2,0.125000,0.740202,20,0,1000.000,1.463113,0.638189
18432,3,0.125000,0.791164,29,0,1000.000,1.277256,0.656286
18432,4,0.125000,0.872358,23,0,1000.000,1.368623,0.652495
18432,5,0.125000,0.626819,17,0,1000.000,1.678858,0.643109
18432,6,0.125000,0.783600,14,0,1000.000,1.803151,0.652392
18432,7,0.125000,0.873817,25,0,1000.000,1.668414,0.663661
18480,0,0.125000,0.748342,33,0,1000.000,1.509134,0.657844
18480,1,0.125000,0.849950,34,0,1000.000,1.527903,0.669010
18480,2,0.125000,0.748947,33,0,1000.000,1.356640,0.653883
18480,3,0.125000,0.834820,29,0,1000.000,1.542672,0.647181
18480,4,0.125000,0.859612,34,0,1000.000,1.424477,0.666602
18480,5,0.125000,0.772181,32,0,1000.000,1.685819,0.645579
18480,6,0.125000,0.655586,32,2,954.844,1.408502,0.638002
18480,7,0.125000,0.760736,39,2,993.487,1.292368,0.667839
18528,0,0.125000,0.771948,24,0,1000.000,1.279912,0.668162
18528,1,0.125000,0.802420,34,1,973.029,1.407692,0.658180
18528,2,0.125000,0.864143,21,0,1000.000,1.181711,0.659958
18528,3,0.125000,0.669667,27,0,1000.000,1.297594,0.654580
18528,4,0.125000,0.819237,30,0,1000.000,1.443737,0.658708
18528,5,0.125000,0.713098,19,0,1000.000,1.411133,0.663118
18528,6,0.125000,0.820135,30,0,1000.000,1.326521,0.663322
18528,7,0.125000,0.746805,28,2,939.821,1.159530,0.654474
18576,0,0.125000,0.932760,21,1,975.857,1.281329,0.679821
18576,1,0.125000,0.879138,18,1,994.889,1.236233,0.681040
18576,2,0.125000,0.729344,15,0,1000.000,1.493251,0.658086
18576,3,0.125000,0.706224,24,1,960.583,1.155292,0.658392
18576,4,0.125000,0.818836,24,0,1000.000,1.389787,0.652677
18576,5,0.125000,0.792223,20,0,1000.000,1.927722,0.634549
18576,6,0.125000,0.812683,19,0,1000.000,1.582325,0.659506
18576,7,0.125000,0.801750,14,0,1000.000,1.970906,0.632719
18624,0,0.125000,0.842556,20,0,1000.000,1.222070,0.667906
18624,1,0.125000,0.814617,17,0,1000.000,1.364335,0.667556
18624,2,0.125000,0.684218,13,0,1000.000,1.654191,0.656386
18624,3,0.125000,0.803284,27,0,1000.000,1.446346,0.652459
18624,4,0.125000,0.810544,17,0,1000.000,1.504413,0.655765
18624,5,0.125000,0.903368,20,0,1000.000,1.179337,0.685408
18624,6,0.125000,0.789192,19,0,1000.000,1.446521,0.653294
18624,7,0.125000,0.750875,20,0,1000.000,1.681532,0.646767
18672,0,0.125000,0.789915,30,0,1000.000,1.260642,0.669056
18672,1,0.125000,0.784109,28,0,1000.000,1.362961,0.658681
18672,2,0.125000,0.717879,24,0,1000.000,1.639159,0.636425
18672,3,0.125000,0.833961,30,0,1000.000,1.539057,0.645186
18672,4,0.125000,0.878426,27,0,1000.000,1.442375,0.658944
18672,5,0.125000,0.811587,26,0,1000.000,1.341226,0.663998
18672,6,0.125000,0.830150,33,1,971.424,1.442968,0.655477
18672,7,0.125000,0.807642,33,0,1000.000,1.704248,0.652412
18720,0,0.125000,0.876626,22,0,1000.000,1.598621,0.660483
18720,1,0.125000,0.723684,22,0,1000.000,1.164842,0.660941
18720,2,0.125000,0.791439,21,0,1000.000,1.708509,0.643281
18720,3,0.125000,0.740432,23,0,1000.000,1.024753,0.670122
18720,4,0.125000,0.708145,29,0,1000.000,1.482909,0.652152
18720,5,0.125000,0.777280,32,0,1000.000,1.487744,0.650086
18720,6,0.125000,0.918410,25,0,1000.000,1.381064,0.668266
18720,7,0.125000,0.906580,25,0,1000.000,1.140590,0.673045
18768,0,0.125000,0.820672,28,1,967.750,1.691489,0.631989
18768,1,0.125000,0.814040,24,0,1000.000,1.339108,0.671990
18768,2,0.125000,0.868399,13,0,1000.000,1.312297,0.683444
18768,3,0.125000,0.720938,17,0,1000.000,1.274357,0.657115
18768,4,0.125000,0.876676,14,0,1000.000,1.206214,0.673682
18768,5,0.125000,0.704519,20,0,1000.000,0.997419,0.674212
18768,6,0.125000,0.705763,17,0,1000.000,1.509085,0.637853
18768,7,0.125000,0.856752,16,0,1000.000,1.494915,0.660386
18816,0,0.125000,0.885179,18,0,1000.000,1.056312,0.678006
18816,1,0.125000,0.944233,17,0,1000.000,1.356042,0.683312
18816,2,0.125000,0.827241,21,0,1000.000,1.318646,0.650170
18816,3,0.125000,0.760514,18,0,1000.000,1.231908,0.657843
18816,4,0.125000,0.703647,13,1,926.154,1.562296,0.625905
18816,5,0.125000,0.847301,17,0,1000.000,1.680715,0.644380
18816,6,0.125000,0.744590,15,1,972.867,0.810094,0.655427
18816,7,0.125000,0.901819,17,0,1000.000,0.941283,0.672697
18864,0,0.125000,0.803207,11,0,1000.000,1.601792,0.656187
18864,1,0.125000,0.913106,21,0,1000.000,1.448892,0.666767
18864,2,0.125000,0.814455,20,0,1000.000,1.763270,0.658948
18864,3,0.125000,0.855652,12,0,1000.000,1.444228,0.643100
18864,4,0.125000,0.875812,10,0,1000.000,1.735756,0.641110
18864,5,0.125000,0.847315,9,0,1000.000,0.989633,0.664232
18864,6,0.125000,0.905310,8,0,1000.000,1.467758,0.667497
18864,7,0.125000,0.757358,13,1,940.846,1.920499,0.630118
18912,0,0.125000,0.861698,19,0,1000.000,1.799587,0.640282
18912,1,0.125000,0.821363,17,0,1000.000,1.102259,0.665569
18912,2,0.125000,0.848291,18,0,1000.000,1.490865,0.655009
18912,3,0.125000,0.908828,18,0,1000.000,1.502854,0.665544
18912,4,0.125000,0.846161,24,0,1000.000,1.427982,0.669914
18912,5,0.125000,0.763236,19,1,968.947,1.391145,0.661779
18912,6,0.125000,0.693500,20,0,1000.000,1.283702,0.658296
18912,7,0.125000,0.671944,17,0,1000.000,1.847695,0.636089
18960,0,0.125000,0.832932,22,0,1000.000,1.463045,0.661138
18960,1,0.125000,0.782175,16,0,1000.000,1.697968,0.648124
18960,2,0.125000,0.777678,25,0,1000.000,1.239875,0.655289
18960,3,0.125000,0.826318,17,0,1000.000,1.251987,0.656847
18960,4,0.125000,0.900217,21,0,1000.000,1.672857,0.657519
18960,5,0.125000,0.832407,22,0,1000.000,1.361371,0.666165
18960,6,0.125000,0.681914,31,0,1000.000,1.375722,0.654606
18960,7,0.125000,0.731177,23,0,1000.000,1.650273,0.643215
19008,0,0.125000,0.811710,28,0,1000.000,1.541128,0.654294
19008,1,0.125000,0.824102,19,0,1000.000,1.224304,0.661996
19008,2,0.125000,0.797066,24,0,1000.000,1.541393,0.663240
19008,3,0.125000,0.721985,17,0,1000.000,1.496252,0.662543
19008,4,0.125000,0.785173,27,0,1000.000,1.527819,0.653800
19008,5,0.125000,0.802639,26,0,1000.000,1.384312,0.652070
19008,6,0.125000,0.872273,29,0,1000.000,1.807023,0.652491
19008,7,0.125000,0.720908,33,0,1000.000,1.333466,0.658011
19056,0,0.125000,0.815963,22,0,1000.000,1.672481,0.650196
19056,1,0.125000,0.784916,22,0,1000.000,1.363373,0.662762
19056,2,0.125000,0.790068,28,0,1000.000,1.424168,0.656602
19056,3,0.125000,0.814482,24,0,1000.000,1.439994,0.664111
19056,4,0.125000,0.781097,21,0,1000.000,1.769798,0.636617
19056,5,0.125000,0.851787,19,0,1000.000,1.711435,0.650765
19056,6,0.125000,0.907902,20,0,1000.000,1.718662,0.672275
19056,7,0.125000,0.894544,24,0,1000.000,1.456492,0.652777
19104,0,0.125000,0.786127,14,0,1000.000,1.181269,0.624864
19104,1,0.125000,0.702180,15,0,1000.000,1.755038,0.635178
19104,2,0.125000,0.835113,24,0,1000.000,1.759852,0.638228
19104,3,0.125000,0.729620,24,0,1000.000,1.441373,0.656189
19104,4,0.125000,0.746192,20,0,1000.000,1.222192,0.673019
19104,5,0.125000,0.785595,13,0,1000.000,1.221135,0.654070
19104,6,0.125000,0.816036,27,0,1000.000,1.123317,0.667204
19104,7,0.125000,0.776336,23,0,1000.000,1.503382,0.661693
19152,0,0.125000,0.717093,25,1,997.160,1.466212,0.646998
19152,1,0.125000,0.830713,31,0,1000.000,1.808113,0.641730
19152,2,0.125000,0.643913,30,0,1000.000,1.383532,0.653013
19152,3,0.125000,0.847189,37,0,1000.000,1.507923,0.664224
19152,4,0.125000,0.662798,25,0,1000.000,1.428233,0.647058
19152,5,0.125000,0.771128,26,0,1000.000,1.262511,0.651472
19152,6,0.125000,0.817611,23,0,1000.000,1.385770,0.648155
19152,7,0.125000,0.765100,29,0,1000.000,1.220203,0.663661
19200,0,0.125000,0.815619,27,0,1000.000,1.687694,0.657085
19200,1,0.125000,0.795798,24,0,1000.000,1.366799,0.658988
19200,2,0.125000,0.714472,34,0,1000.000,1.291534,0.666212
19200,3,0.125000,0.803959,36,0,1000.000,1.381532,0.664001
19200,4,0.125000,0.774580,32,0,1000.000,1.315310,0.666741
19200,5,0.125000,0.800610,36,0,1000.000,1.451424,0.661021
19200,6,0.125000,0.878567,28,0,1000.000,1.636199,0.656847
19200,7,0.125000,0.785597,39,0,1000.000,1.450639,0.658237
19248,0,0.125000,0.738438,34,0,1000.000,1.260597,0.647526
19248,1,0.125000,0.814163,29,0,1000.000,1.457491,0.648990
19248,2,0.125000,0.790866,23,0,1000.000,1.496900,0.655537
19248,3,0.125000,0.765084,31,0,1000.000,1.430714,0.661580
19248,4,0.125000,0.725524,39,0,1000.000,1.480826,0.651013
19248,5,0.125000,0.762309,44,0,1000.000,1.515000,0.660582
19248,6,0.125000,0.869526,38,0,1000.000,1.410057,0.662748
19248,7,0.125000,0.821361,36,1,978.028,1.198281,0.662906
19296,0,0.125000,0.870570,36,0,1000.000,1.402344,0.658129
19296,1,0.125000,0.806127,31,0,1000.000,1.435153,0.662905
19296,2,0.125000,0.881657,28,0,1000.000,1.567938,0.658224
19296,3,0.125000,0.803897,33,0,1000.000,1.459418,0.658769
19296,4,0.125000,0.721344,36,0,1000.000,1.476825,0.649071
19296,5,0.125000,0.750196,22,1,992.182,1.305149,0.648852
19296,6,0.125000,0.783283,33,0,1000.000,1.386518,0.660604
19296,7,0.125000,0.831800,29,0,1000.000,1.457286,0.659605
19344,0,0.125000,0.833394,34,0,1000.000,1.642788,0.648060
19344,1,0.125000,0.859341,32,0,1000.000,1.314221,0.665402
19344,2,0.125000,0.849081,49,1,990.020,1.399872,0.669085
19344,3,0.125000,0.863350,29,0,1000.000,1.608019,0.667198
19344,4,0.125000,0.854351,26,0,1000.000,1.350758,0.674637
19344,5,0.125000,0.818245,26,0,1000.000,1.503971,0.660886
19344,6,0.125000,0.817938,42,0,1000.000,1.584029,0.647904
19344,7,0.125000,0.851373,30,0,1000.000,1.412387,0.666012
19392,0,0.125000,0.728827,18,1,947.667,1.448687,0.634908
19392,1,0.125000,0.867387,21,0,1000.000,1.530335,0.645165
19392,2,0.125000,0.783748,29,0,1000.000,1.428987,0.659437
19392,3,0.125000,0.766994,33,0,1000.000,1.698228,0.645622
19392,4,0.125000,0.754377,26,0,1000.000,1.712880,0.643229
19392,5,0.125000,0.815216,29,0,1000.000,1.588709,0.654334
19392,6,0.125000,0.800827,27,0,1000.000,1.114594,0.661037
19392,7,0.125000,0.879309,22,0,1000.000,1.563804,0.662368
19440,0,0.125000,0.836925,22,0,1000.000,1.532151,0.665189
19440,1,0.125000,0.740187,17,1,996.529,1.225669,0.655489
19440,2,0.125000,0.844220,26,0,1000.000,1.651920,0.664352
19440,3,0.125000,0.755689,28,1,965.536,1.549294,0.646300
19440,4,0.125000,0.880912,32,0,1000.000,1.549648,0.657991
19440,5,0.125000,0.753972,30,0,1000.000,1.422743,0.656382
19440,6,0.125000,0.828219,18,0,1000.000,1.528196,0.662034
19440,7,0.125000,0.876379,23,0,1000.000,1.548466,0.661718
19488,0,0.125000,0.764269,41,0,1000.000,1.337638,0.653094
19488,1,0.125000,0.775941,32,0,1000.000,1.425659,0.664588
19488,2,0.125000,0.844342,30,0,1000.000,1.216674,0.678508
19488,3,0.125000,0.802028,28,0,1000.000,1.350302,0.680188
19488,4,0.125000,0.864033,34,0,1000.000,1.683398,0.655971
19488,5,0.125000,0.732431,31,0,1000.000,1.484846,0.659813
19488,6,0.125000,0.823402,40,0,1000.000,1.392019,0.654326
19488,7,0.125000,0.802581,31,0,1000.000,1.409389,0.660728
19536,0,0.125000,0.912598,22,0,1000.000,1.522890,0.661837
19536,1,0.125000,0.854098,24,0,1000.000,1.732216,0.644925
19536,2,0.125000,0.786813,26,0,1000.000,1.324385,0.667641
19536,3,0.125000,0.751386,35,0,1000.000,1.372904,0.649282
19536,4,0.125000,0.749698,20,0,1000.000,1.486262,0.656559
19536,5,0.125000,0.837037,28,0,1000.000,1.702230,0.662355
19536,6,0.125000,0.873820,19,0,1000.000,1.776268,0.650028
19536,7,0.125000,0.813265,18,0,1000.000,1.433229,0.659603
19584,0,0.125000,0.689947,30,0,1000.000,1.160761,0.650135
19584,1,0.125000,0.923855,16,0,1000.000,1.367681,0.652462
19584,2,0.125000,0.677289,20,0,1000.000,1.421704,0.646938
19584,3,0.125000,0.897452,19,0,1000.000,1.028662,0.663765
19584,4,0.125000,0.792223,22,0,1000.000,1.589424,0.656071
19584,5,0.125000,0.811850,16,0,1000.000,1.265199,0.658875
19584,6,0.125000,0.864105,14,0,1000.000,1.596873,0.671911
19584,7,0.125000,0.832472,18,0,1000.000,1.687702,0.646350
19632,0,0.125000,0.757805,18,0,1000.000,1.559582,0.661518
19632,1,0.125000,0.822587,22,0,1000.000,1.848732,0.647361
19632,2,0.125000,0.792438,23,0,1000.000,1.478553,0.656382
19632,3,0.125000,0.762568,23,0,1000.000,1.431284,0.672277
19632,4,0.125000,0.734733,18,0,1000.000,1.481089,0.652765
19632,5,0.125000,0.766678,23,0,1000.000,1.163921,0.677584
19632,6,0.125000,0.839549,10,0,1000.000,1.275141,0.681688
19632,7,0.125000,0.837505,23,0,1000.000,1.535189,0.662510
19680,0,0.125000,0.802539,34,0,1000.000,1.308566,0.665266
19680,1,0.125000,0.822736,35,0,1000.000,1.435448,0.661333
19680,2,0.125000,0.756809,33,0,1000.000,1.545310,0.662962
19680,3,0.125000,0.821668,29,0,1000.000,1.337726,0.659301
19680,4,0.125000,0.790577,27,0,1000.000,1.812495,0.644856
19680,5,0.125000,0.803791,26,0,1000.000,1.482017,0.658185
19680,6,0.125000,0.768803,24,0,1000.000,1.431049,0.674650
19680,7,0.125000,0.883872,25,0,1000.000,1.622701,0.657133
19728,0,0.125000,0.703542,26,0,1000.000,1.377202,0.655872
19728,1,0.125000,0.762998,15,0,1000.000,1.616737,0.662360
19728,2,0.125000,0.736349,27,0,1000.000,1.335717,0.660820
19728,3,0.125000,0.803174,26,0,1000.000,1.504887,0.658335
19728,4,0.125000,0.883351,22,0,1000.000,1.454677,0.667447
19728,5,0.125000,0.818919,28,0,1000.000,1.519973,0.664625
19728,6,0.125000,0.837730,29,0,1000.000,1.522748,0.659028
19728,7,0.125000,0.862704,18,0,1000.000,1.671385,0.649739
19776,0,0.125000,0.719149,18,0,1000.000,1.530731,0.648337
19776,1,0.125000,0.860828,19,1,960.737,1.501669,0.659985
19776,2,0.125000,0.648908,13,0,1000.000,1.167476,0.655555
19776,3,0.125000,0.894403,18,0,1000.000,1.130250,0.671356
19776,4,0.125000,0.831714,22,0,1000.000,1.347772,0.674200
19776,5,0.125000,0.753829,20,0,1000.000,1.777738,0.650740
19776,6,0.125000,0.805043,17,0,1000.000,1.321959,0.661052
19776,7,0.125000,0.725547,18,0,1000.000,2.009247,0.632112
19872,0,0.125000,0.639666,28,0,1000.000,1.376133,0.657033
19872,1,0.125000,0.747012,21,0,1000.000,1.406729,0.664334
19872,2,0.125000,0.845832,33,0,1000.000,1.246198,0.669525
19872,3,0.125000,0.786662,28,0,1000.000,1.516382,0.666198
19872,4,0.125000,0.817838,30,0,1000.000,1.652419,0.652403
19872,5,0.125000,0.775270,30,0,1000.000,1.704469,0.643867
19872,6,0.125000,0.699789,37,0,1000.000,1.654116,0.638413
19872,7,0.125000,0.884174,32,0,1000.000,1.537253,0.660317
19920,0,0.125000,0.867601,20,0,1000.000,1.420657,0.667431
19920,1,0.125000,0.916536,22,1,980.045,1.544516,0.670481
19920,2,0.125000,0.913510,17,0,1000.000,1.828238,0.650667
19920,3,0.125000,0.857532,17,0,1000.000,1.907295,0.660070
19920,4,0.125000,0.794052,21,0,1000.000,1.480239,0.668776
19920,5,0.125000,0.859891,19,0,1000.000,1.633775,0.661738
19920,6,0.125000,0.899783,23,0,1000.000,1.654531,0.651757
19920,7,0.125000,0.730629,17,1,980.529,1.424682,0.661681
19968,0,0.125000,0.698115,26,0,1000.000,1.327150,0.645495
19968,1,0.125000,0.769138,23,0,1000.000,1.284872,0.666391
19968,2,0.125000,0.831647,28,0,1000.000,1.184253,0.664180
19968,3,0.125000,0.521052,9,0,1000.000,1.081426,0.649628
19968,4,0.125000,0.799688,20,0,1000.000,1.123652,0.676250
19968,5,0.125000,0.853965,25,0,1000.000,1.617636,0.651889
19968,6,0.125000,0.809433,27,1,979.111,1.697869,0.655546
19968,7,0.125000,0.825503,20,0,1000.000,1.552848,0.657908
20064,0,0.125000,0.873247,47,1,994.043,1.736522,0.653973
20064,1,0.125000,0.787272,48,1,992.854,1.585116,0.658790
20064,2,0.125000,0.876279,44,0,1000.000,1.521290,0.661177
20064,3,0.125000,0.729470,41,0,1000.000,1.487576,0.656689
20064,4,0.125000,0.813689,51,0,1000.000,1.450804,0.665738
20064,5,0.125000,0.791122,59,0,1000.000,1.462327,0.664518
20064,6,0.125000,0.734180,51,0,1000.000,1.706122,0.643257
20064,7,0.125000,0.793450,40,1,978.400,1.792137,0.645106
20112,0,0.125000,0.809802,19,0,1000.000,1.206878,0.663788
20112,1,0.125000,0.839397,21,0,1000.000,1.322699,0.660026
20112,2,0.125000,0.848656,16,0,1000.000,1.658161,0.666386
20112,3,0.125000,0.905533,17,0,1000.000,1.898486,0.666255
20112,4,0.125000,0.826266,25,0,1000.000,1.246104,0.656478
20112,5,0.125000,0.776205,22,0,1000.000,1.866137,0.650967
20112,6,0.125000,0.789677,25,0,1000.000,1.504235,0.667107
20112,7,0.125000,0.859059,25,0,1000.000,1.397284,0.666867
20160,0,0.125000,0.898878,26,0,1000.000,1.596437,0.647703
20160,1,0.125000,0.866834,29,0,1000.000,1.670975,0.654102
20160,2,0.125000,0.787000,37,0,1000.000,1.755923,0.642629
20160,3,0.125000,0.758814,27,0,1000.000,1.463885,0.654577
20160,4,0.125000,0.711354,29,0,1000.000,1.345243,0.662680
20160,5,0.125000,0.753073,34,0,1000.000,1.662783,0.652738
20160,6,0.125000,0.928243,23,0,1000.000,1.532585,0.667045
20160,7,0.125000,0.778913,34,0,1000.000,1.588795,0.666716
20208,0,0.125000,0.768444,36,0,1000.000,1.507302,0.658018
20208,1,0.125000,0.850384,35,0,1000.000,1.649019,0.661922
20208,2,0.125000,0.902214,34,0,1000.000,1.712633,0.638808
20208,3,0.125000,0.819736,34,0,1000.000,1.550158,0.662399
20208,4,0.125000,0.862444,22,0,1000.000,1.679504,0.655974
20208,5,0.125000,0.839210,34,0,1000.000,1.501420,0.661245
20208,6,0.125000,0.776171,35,0,1000.000,1.284360,0.661504
20208,7,0.125000,0.841865,35,0,1000.000,1.628003,0.664706
20256,0,0.125000,0.824635,30,0,1000.000,1.615790,0.641688
20256,1,0.125000,0.779003,28,0,1000.000,1.344848,0.649334
20256,2,0.125000,0.824573,28,0,1000.000,1.422597,0.662440
20256,3,0.125000,0.764789,22,0,1000.000,1.230414,0.665100
20256,4,0.125000,0.859977,46,0,1000.000,1.479867,0.662126
20256,5,0.125000,0.823920,37,0,1000.000,1.679702,0.654420
20256,6,0.125000,0.847979,30,0,1000.000,1.718686,0.651546
20256,7,0.125000,0.794010,38,0,1000.000,1.506702,0.656189
20304,0,0.125000,0.774568,43,0,1000.000,1.388478,0.659830
20304,1,0.125000,0.852999,30,0,1000.000,1.363714,0.664335
20304,2,0.125000,0.792371,34,0,1000.000,1.356307,0.662281
20304,3,0.125000,0.793069,28,0,1000.000,1.532692,0.648304
20304,4,0.125000,0.810494,31,0,1000.000,1.402750,0.659341
20304,5,0.125000,0.824224,32,0,1000.000,1.515910,0.653705
20304,6,0.125000,0.884821,23,0,1000.000,1.680558,0.650835
20304,7,0.125000,0.749991,31,0,1000.000,1.578850,0.650901
20352,0,0.125000,0.837460,24,0,1000.000,1.281066,0.659662
20352,1,0.125000,0.707002,42,0,1000.000,1.141530,0.658306
20352,2,0.125000,0.802171,42,0,1000.000,1.625462,0.653969
20352,3,0.125000,0.813185,25,0,1000.000,1.804135,0.644067
20352,4,0.125000,0.740602,37,0,1000.000,1.626428,0.650725
20352,5,0.125000,0.838865,24,0,1000.000,1.683644,0.651161
20352,6,0.125000,0.841238,31,0,1000.000,1.474436,0.661638
20352,7,0.125000,0.829623,34,0,1000.000,1.368961,0.655785
20400,0,0.125000,0.777104,25,1,961.720,0.973200,0.662630
20400,1,0.125000,0.846827,30,1,987.400,1.440098,0.668236
20400,2,0.125000,0.739991,21,0,1000.000,1.563171,0.646474
20400,3,0.125000,0.850375,24,0,1000.000,1.532433,0.671038
20400,4,0.125000,0.736541,26,0,1000.000,1.476979,0.653654
20400,5,0.125000,0.729563,22,0,1000.000,1.269679,0.653180
20400,6,0.125000,0.890186,24,0,1000.000,1.886646,0.647003
20400,7,0.125000,0.878169,23,0,1000.000,1.814895,0.652366
20448,0,0.125000,0.757860,25,0,1000.000,1.436391,0.653974
20448,1,0.125000,0.845227,27,0,1000.000,1.669674,0.663289
20448,2,0.125000,0.810197,27,0,1000.000,1.162307,0.668742
20448,3,0.125000,0.881121,27,0,1000.000,1.484619,0.665788
20448,4,0.125000,0.736547,22,0,1000.000,1.667511,0.639037
20448,5,0.125000,0.887607,30,0,1000.000,1.684512,0.656905
20448,6,0.125000,0.806333,18,0,1000.000,1.468973,0.667932
20448,7,0.125000,0.595227,26,1,965.692,1.095296,0.652769
20496,0,0.125000,0.744017,38,0,1000.000,1.533564,0.655487
20496,1,0.125000,0.856622,32,1,970.719,1.388290,0.658670
20496,2,0.125000,0.758155,35,0,1000.000,1.640051,0.644561
20496,3,0.125000,0.714138,29,0,1000.000,1.335117,0.652551
20496,4,0.125000,0.847596,34,0,1000.000,1.616389,0.662782
20496,5,0.125000,0.794803,38,0,1000.000,1.653897,0.666730
20496,6,0.125000,0.757767,34,0,1000.000,1.691047,0.654788
20496,7,0.125000,0.772437,36,0,1000.000,1.233438,0.666218
20544,0,0.125000,0.850946,17,0,1000.000,1.361974,0.665847
20544,1,0.125000,0.760322,22,0,1000.000,1.196795,0.667863
20544,2,0.125000,0.787766,23,0,1000.000,1.464239,0.657063
20544,3,0.125000,0.695143,19,0,1000.000,1.665345,0.640781
20544,4,0.125000,0.667589,27,0,1000.000,1.233712,0.651314
20544,5,0.125000,0.854528,21,0,1000.000,1.493333,0.669302
20544,6,0.125000,0.817020,22,0,1000.000,1.582693,0.661556
20544,7,0.125000,0.824739,16,0,1000.000,1.459966,0.670394
20592,0,0.125000,0.771480,20,0,1000.000,1.454399,0.649652
20592,1,0.125000,0.706396,16,0,1000.000,1.422470,0.653079
20592,2,0.125000,0.928269,15,0,1000.000,1.736195,0.661291
20592,3,0.125000,0.912255,16,0,1000.000,1.701996,0.654861
20592,4,0.125000,0.846368,19,0,1000.000,0.869320,0.682530
20592,5,0.125000,0.811498,24,0,1000.000,1.174048,0.656888
20592,6,0.125000,0.698241,22,0,1000.000,1.463423,0.652752
20592,7,0.125000,0.780546,18,0,1000.000,1.971392,0.636517
20640,0,0.125000,0.786123,28,0,1000.000,1.282142,0.660631
20640,1,0.125000,0.852013,24,1,990.750,1.259992,0.671413
20640,2,0.125000,0.727332,19,0,1000.000,1.684534,0.653301
20640,3,0.125000,0.788158,32,0,1000.000,1.518101,0.671891
20640,4,0.125000,0.815056,21,0,1000.000,1.520344,0.668236
20640,5,0.125000,0.769483,23,0,1000.000,1.544946,0.660291
20640,6,0.125000,0.869543,18,0,1000.000,2.113666,0.643819
20640,7,0.125000,0.716222,14,1,937.143,1.122591,0.663746
20688,0,0.125000,0.664998,30,0,1000.000,1.223961,0.665289
20688,1,0.125000,0.789762,42,0,1000.000,1.652679,0.649637
20688,2,0.125000,0.859960,30,0,1000.000,1.399674,0.664400
20688,3,0.125000,0.802762,23,0,1000.000,1.587690,0.668392
20688,4,0.125000,0.738492,31,0,1000.000,1.385378,0.662685
20688,5,0.125000,0.719539,35,0,1000.000,1.389621,0.657342
20688,6,0.125000,0.842648,26,0,1000.000,1.573098,0.673758
20688,7,0.125000,0.748507,22,0,1000.000,1.267532,0.666867
20736,0,0.125000,0.934506,27,1,982.815,1.210134,0.662771
20736,1,0.125000,0.773865,26,0,1000.000,1.194834,0.667337
20736,2,0.125000,0.856744,23,0,1000.000,1.646483,0.662349
20736,3,0.125000,0.716325,22,0,1000.000,1.230585,0.672550
20736,4,0.125000,0.871733,14,0,1000.000,1.682464,0.664371
20736,5,0.125000,0.799429,17,0,1000.000,1.652989,0.660943
20736,6,0.125000,0.841340,22,1,975.227,1.533771,0.662963
20736,7,0.125000,0.780511,22,0,1000.000,1.219024,0.656856
20784,0,0.125000,0.831566,22,2,964.909,1.317998,0.661086
20784,1,0.125000,0.808896,18,0,1000.000,1.586393,0.666440
20784,2,0.125000,0.800340,22,1,957.591,1.267536,0.651853
20784,3,0.125000,0.871010,17,0,1000.000,1.508587,0.673600
20784,4,0.125000,0.864366,15,0,1000.000,1.404239,0.668034
20784,5,0.125000,0.800291,20,0,1000.000,1.718380,0.653456
20784,6,0.125000,0.600003,17,1,962.118,1.192241,0.639291
20784,7,0.125000,0.770604,22,0,1000.000,1.791737,0.635553
20832,0,0.125000,0.898948,17,0,1000.000,1.676531,0.666424
20832,1,0.125000,0.810626,13,0,1000.000,1.550233,0.670204
20832,2,0.125000,0.731294,19,0,1000.000,1.750683,0.643404
20832,3,0.125000,0.761631,18,0,1000.000,1.514511,0.650097
20832,4,0.125000,0.708242,22,0,1000.000,1.333720,0.666360
20832,5,0.125000,0.885850,13,0,1000.000,1.901456,0.661719
20832,6,0.125000,0.767546,7,1,936.857,1.135589,0.667260
20832,7,0.125000,0.569249,10,0,1000.000,0.906325,0.670171
20928,0,0.125000,0.824213,33,1,990.333,1.404825,0.661072
20928,1,0.125000,0.685676,28,0,1000.000,1.052299,0.662368
20928,2,0.125000,0.850804,29,0,1000.000,1.500593,0.661206
20928,3,0.125000,0.850545,33,0,1000.000,1.591012,0.656359
20928,4,0.125000,0.793784,42,0,1000.000,1.487018,0.659859
20928,5,0.125000,0.631599,38,0,1000.000,1.189930,0.663569
20928,6,0.125000,0.859831,41,0,1000.000,1.428179,0.668744
20928,7,0.125000,0.877924,34,1,991.529,1.579584,0.664646
20976,0,0.125000,0.805290,36,0,1000.000,1.313227,0.663607
20976,1,0.125000,0.862691,14,0,1000.000,0.942509,0.650969
20976,2,0.125000,0.838181,21,0,1000.000,1.614806,0.649660
20976,3,0.125000,0.582724,23,0,1000.000,1.446390,0.652881
20976,4,0.125000,0.844851,15,0,1000.000,2.002721,0.649435
20976,5,0.125000,0.789751,28,1,992.000,1.217070,0.666285
20976,6,0.125000,0.863142,18,0,1000.000,1.391330,0.671942
20976,7,0.125000,0.897510,24,0,1000.000,1.390892,0.680863
21024,0,0.125000,0.839160,33,0,1000.000,1.489612,0.658223
21024,1,0.125000,0.841177,31,0,1000.000,1.408299,0.664899
21024,2,0.125000,0.769664,25,0,1000.000,1.218575,0.666884
21024,3,0.125000,0.803194,19,0,1000.000,1.746010,0.656256
21024,4,0.125000,0.848084,30,0,1000.000,1.282425,0.670370
21024,5,0.125000,0.847001,18,0,1000.000,2.074615,0.643736
21024,6,0.125000,0.861297,20,0,1000.000,1.671338,0.660816
21024,7,0.125000,0.860071,33,1,980.849,1.571271,0.665638
21072,0,0.125000,0.815451,20,0,1000.000,1.439388,0.670090
21072,1,0.125000,0.770674,25,1,963.560,1.314030,0.665057
21072,2,0.125000,0.698884,24,0,1000.000,1.522250,0.665101
21072,3,0.125000,0.673137,25,0,1000.000,1.456181,0.648369
21072,4,0.125000,0.800951,20,0,1000.000,1.393646,0.677794
21072,5,0.125000,0.820611,20,0,1000.000,1.672619,0.648971
21072,6,0.125000,0.803540,21,0,1000.000,1.167699,0.682941
21072,7,0.125000,0.798019,23,0,1000.000,1.387412,0.667320
21120,0,0.125000,0.818807,28,0,1000.000,1.454152,0.667385
21120,1,0.125000,0.804846,22,0,1000.000,1.339857,0.662516
21120,2,0.125000,0.635605,9,0,1000.000,1.193490,0.656549
21120,3,0.125000,0.819923,23,0,1000.000,1.523555,0.650834
21120,4,0.125000,0.797304,26,0,1000.000,1.565191,0.658170
21120,5,0.125000,0.707352,18,0,1000.000,1.619594,0.661351
21120,6,0.125000,0.690682,26,0,1000.000,1.438772,0.656912
21120,7,0.125000,0.746563,23,0,1000.000,1.307084,0.673811
21168,0,0.125000,0.738226,33,0,1000.000,1.352645,0.654936
21168,1,0.125000,0.789405,38,0,1000.000,1.305169,0.658462
21168,2,0.125000,0.790347,23,0,1000.000,1.456643,0.660966
21168,3,0.125000,0.655212,29,0,1000.000,1.282440,0.662526
21168,4,0.125000,0.801816,28,0,1000.000,1.737095,0.664361
21168,5,0.125000,0.737727,29,0,1000.000,1.181876,0.673147
21168,6,0.125000,0.787942,33,0,1000.000,1.159709,0.666370
21168,7,0.125000,0.664479,27,1,980.889,1.428946,0.659686
21216,0,0.125000,0.813343,28,0,1000.000,1.343915,0.663721
21216,1,0.125000,0.728016,31,0,1000.000,1.322171,0.655805
21216,2,0.125000,0.763214,38,0,1000.000,1.535573,0.649383
21216,3,0.125000,0.720920,30,0,1000.000,1.498338,0.661076
21216,4,0.125000,0.722101,35,0,1000.000,1.474051,0.664067
21216,5,0.125000,0.805967,33,0,1000.000,1.680944,0.653515
21216,6,0.125000,0.860226,32,0,1000.000,1.430005,0.677997
21216,7,0.125000,0.727436,46,0,1000.000,1.311701,0.676117
21264,0,0.125000,0.908829,37,0,1000.000,1.393641,0.670527
21264,1,0.125000,0.752583,28,0,1000.000,1.719135,0.659550
21264,2,0.125000,0.782575,25,0,1000.000,1.372675,0.646972
21264,3,0.125000,0.842386,28,0,1000.000,1.443249,0.654314
21264,4,0.125000,0.851465,41,0,1000.000,1.531198,0.660505
21264,5,0.125000,0.719830,24,0,1000.000,1.374427,0.664580
21264,6,0.125000,0.734611,37,0,1000.000,1.411441,0.663616
21264,7,0.125000,0.768850,35,0,1000.000,1.732596,0.657639
21312,0,0.125000,0.793359,29,0,1000.000,1.580452,0.666096
21312,1,0.125000,0.642856,29,0,1000.000,1.402136,0.646002
21312,2,0.125000,0.794961,39,0,1000.000,1.658097,0.652000
21312,3,0.125000,0.884457,27,0,1000.000,1.543971,0.662409
21312,4,0.125000,0.829390,34,0,1000.000,1.508543,0.663774
21312,5,0.125000,0.836907,27,0,1000.000,1.719634,0.654003
21312,6,0.125000,0.804136,32,0,1000.000,1.552536,0.651198
21312,7,0.125000,0.793926,30,0,1000.000,1.675003,0.654461
21360,0,0.125000,0.762589,29,1,982.966,1.633061,0.662560
21360,1,0.125000,0.896698,27,0,1000.000,1.191875,0.678790
21360,2,0.125000,0.660739,25,0,1000.000,1.433148,0.657062
21360,3,0.125000,0.799513,42,0,1000.000,0.940161,0.684630
21360,4,0.125000,0.847732,31,0,1000.000,1.576341,0.660171
21360,5,0.125000,0.771380,45,0,1000.000,1.389152,0.669592
21360,6,0.125000,0.645005,37,0,1000.000,1.399964,0.651443
21360,7,0.125000,0.727455,30,0,1000.000,1.345106,0.659422
21408,0,0.125000,0.776389,20,0,1000.000,1.669114,0.652460
21408,1,0.125000,0.811372,24,0,1000.000,1.529204,0.656052
21408,2,0.125000,0.852296,20,0,1000.000,1.269916,0.679886
21408,3,0.125000,0.910304,24,0,1000.000,1.624358,0.647993
21408,4,0.125000,0.713810,20,0,1000.000,1.557957,0.654730
21408,5,0.125000,0.732646,25,0,1000.000,1.375609,0.664189
21408,6,0.125000,0.745357,21,0,1000.000,1.565989,0.664641
21408,7,0.125000,0.781222,23,0,1000.000,1.730459,0.644457
21456,0,0.125000,0.831091,27,0,1000.000,1.700833,0.661780
21456,1,0.125000,0.873425,22,0,1000.000,1.627829,0.670249
21456,2,0.125000,0.773946,19,0,1000.000,1.386972,0.672966
21456,3,0.125000,0.832102,36,0,1000.000,1.556259,0.658160
21456,4,0.125000,0.778234,31,0,1000.000,1.267545,0.668906
21456,5,0.125000,0.719498,25,0,1000.000,1.101255,0.656751
21456,6,0.125000,0.838367,25,0,1000.000,1.710437,0.650542
21456,7,0.125000,0.748576,35,1,998.229,1.222167,0.674703
21504,0,0.125000,0.823409,34,0,1000.000,1.768845,0.657184
21504,1,0.125000,0.680672,33,1,986.879,1.369996,0.645160
21504,2,0.125000,0.668602,19,0,1000.000,1.214828,0.661005
21504,3,0.125000,0.855826,41,0,1000.000,1.737778,0.656979
21504,4,0.125000,0.787915,36,0,1000.000,1.444119,0.663989
21504,5,0.125000,0.841001,32,0,1000.000,1.662480,0.665878
21504,6,0.125000,0.860806,36,0,1000.000,1.407383,0.673288
21504,7,0.125000,0.821379,26,0,1000.000,1.549925,0.654958
21552,0,0.125000,0.879951,16,0,1000.000,1.696567,0.655081
21552,1,0.125000,0.803006,22,0,1000.000,1.436911,0.673536
21552,2,0.125000,0.796641,17,0,1000.000,1.441930,0.668929
21552,3,0.125000,0.895738,13,0,1000.000,1.613260,0.651475
21552,4,0.125000,0.850886,30,0,1000.000,1.451985,0.677407
21552,5,0.125000,0.876624,20,0,1000.000,2.058308,0.653705
21552,6,0.125000,0.682722,23,0,1000.000,1.671868,0.663794
21552,7,0.125000,0.802707,24,1,996.542,1.370084,0.671189
21600,0,0.125000,0.818377,9,0,1000.000,1.319371,0.681753
21600,1,0.125000,0.711791,17,0,1000.000,1.036657,0.680098
21600,2,0.125000,0.712515,19,0,1000.000,1.280673,0.659144
21600,3,0.125000,0.707421,17,0,1000.000,1.447895,0.663926
21600,4,0.125000,0.825390,22,0,1000.000,1.747022,0.646569
21600,5,0.125000,0.792490,22,0,1000.000,1.495811,0.657289
21600,6,0.125000,0.840312,22,0,1000.000,1.545524,0.666450
21600,7,0.125000,0.818280,18,0,1000.000,1.299319,0.666275
21648,0,0.125000,0.801460,16,0,1000.000,1.128463,0.661269
21648,1,0.125000,0.843349,27,0,1000.000,1.372725,0.679428
21648,2,0.125000,0.710482,19,0,1000.000,1.287814,0.676690
21648,3,0.125000,0.767859,25,0,1000.000,1.562386,0.665465
21648,4,0.125000,0.813660,25,0,1000.000,1.666104,0.660774
21648,5,0.125000,0.877493,29,0,1000.000,1.689190,0.665960
21648,6,0.125000,0.703688,26,0,1000.000,1.264393,0.662223
21648,7,0.125000,0.853110,25,0,1000.000,1.472739,0.680826
21696,0,0.125000,0.762042,26,0,1000.000,1.143729,0.663992
21696,1,0.125000,0.893081,26,0,1000.000,1.437761,0.679310
21696,2,0.125000,0.758648,27,1,986.926,1.093366,0.675645
21696,3,0.125000,0.811350,33,0,1000.000,1.284100,0.669634
21696,4,0.125000,0.829741,30,0,1000.000,1.394773,0.678738
21696,5,0.125000,0.716182,34,0,1000.000,1.614604,0.649586
21696,6,0.125000,0.776914,21,0,1000.000,1.391586,0.667950
21696,7,0.125000,0.724144,33,0,1000.000,1.343600,0.658428
21744,0,0.125000,0.853742,20,0,1000.000,1.518986,0.663507
21744,1,0.125000,0.898615,17,1,999.412,1.728685,0.645826
21744,2,0.125000,0.750918,27,0,1000.000,1.559963,0.664819
21744,3,0.125000,0.792096,17,0,1000.000,1.443073,0.658572
21744,4,0.125000,0.774707,23,0,1000.000,1.615152,0.655810
21744,5,0.125000,0.736171,16,0,1000.000,1.515286,0.671228
21744,6,0.125000,0.765279,24,0,1000.000,1.344652,0.667276
21744,7,0.125000,0.723276,20,0,1000.000,1.331937,0.664278
21792,0,0.125000,0.830665,31,1,970.710,1.536491,0.659246
21792,1,0.125000,0.868911,23,1,968.739,1.645362,0.661148
21792,2,0.125000,0.723615,11,0,1000.000,1.384505,0.662321
21792,3,0.125000,0.765346,23,0,1000.000,1.344450,0.662742
21792,4,0.125000,0.960499,9,0,1000.000,1.180484,0.690793
21792,5,0.125000,0.838263,20,0,1000.000,1.652453,0.664543
21792,6,0.125000,0.851221,13,0,1000.000,1.412373,0.670416
21792,7,0.125000,0.816778,25,0,1000.000,1.667692,0.651013
21840,0,0.125000,0.948320,13,0,1000.000,1.177572,0.695661
21840,1,0.125000,0.821277,12,0,1000.000,1.971326,0.640986
21840,2,0.125000,0.735959,15,0,1000.000,1.733998,0.640853
21840,3,0.125000,0.830198,17,0,1000.000,1.186990,0.675117
21840,4,0.125000,0.733201,15,0,1000.000,1.109118,0.662561
21840,5,0.125000,0.810239,11,0,1000.000,1.658575,0.665692
21840,6,0.125000,0.756980,20,0,1000.000,1.421697,0.649403
21840,7,0.125000,0.814529,16,0,1000.000,1.379864,0.684750
21888,0,0.125000,0.684449,15,1,945.867,1.598604,0.647242
21888,1,0.125000,0.809611,21,0,1000.000,1.799942,0.649884
21888,2,0.125000,0.710326,13,0,1000.000,1.144758,0.692421
21888,3,0.125000,0.817200,16,0,1000.000,1.860091,0.648708
21888,4,0.125000,0.842058,17,0,1000.000,1.503388,0.674240
21888,5,0.125000,0.694413,13,0,1000.000,1.567633,0.656483
21888,6,0.125000,0.844958,16,0,1000.000,1.766790,0.644403
21888,7,0.125000,0.863072,13,0,1000.000,1.334505,0.667285
21936,0,0.125000,0.940160,15,0,1000.000,1.368284,0.681697
21936,1,0.125000,0.810871,20,0,1000.000,1.820614,0.654829
21936,2,0.125000,0.678123,22,0,1000.000,1.279992,0.667694
21936,3,0.125000,0.833118,16,0,1000.000,1.757013,0.652249
21936,4,0.125000,0.890314,25,0,1000.000,1.237503,0.660449
21936,5,0.125000,0.840792,19,0,1000.000,1.609234,0.662786
21936,6,0.125000,0.831967,20,0,1000.000,1.358843,0.672791
21936,7,0.125000,0.831604,15,1,951.067,1.782286,0.653486
21984,0,0.125000,0.699037,24,0,1000.000,1.178069,0.667350
21984,1,0.125000,0.612067,24,0,1000.000,1.252043,0.651205
21984,2,0.125000,0.775291,20,0,1000.000,1.811431,0.650287
21984,3,0.125000,0.862952,24,0,1000.000,1.763390,0.662845
21984,4,0.125000,0.518946,22,0,1000.000,1.136621,0.670380
21984,5,0.125000,0.769919,27,0,1000.000,1.545966,0.660285
21984,6,0.125000,0.889386,30,0,1000.000,1.362017,0.680201
21984,7,0.125000,0.850157,29,0,1000.000,1.480057,0.669072
22032,0,0.125000,0.928409,24,0,1000.000,1.503231,0.685617
22032,1,0.125000,0.790189,32,0,1000.000,1.382748,0.666396
22032,2,0.125000,0.852557,29,0,1000.000,1.362792,0.668380
22032,3,0.125000,0.787709,19,0,1000.000,1.341308,0.671217
22032,4,0.125000,0.872338,26,0,1000.000,1.476226,0.672008
22032,5,0.125000,0.808224,25,0,1000.000,1.528677,0.663689
22032,6,0.125000,0.855413,26,0,1000.000,1.508513,0.663711
22032,7,0.125000,0.700783,31,2,964.000,1.346156,0.643692
22080,0,0.125000,0.750567,26,0,1000.000,1.165317,0.676671
22080,1,0.125000,0.828171,24,0,1000.000,1.100756,0.675036
22080,2,0.125000,0.893720,17,0,1000.000,2.028162,0.664005
22080,3,0.125000,0.805044,14,0,1000.000,1.080372,0.679767
22080,4,0.125000,0.802272,24,0,1000.000,1.575269,0.651406
22080,5,0.125000,0.869221,17,0,1000.000,1.804874,0.669125
22080,6,0.125000,0.799376,14,0,1000.000,1.059029,0.659028
22080,7,0.125000,0.761285,19,0,1000.000,1.349308,0.672266
22128,0,0.125000,0.821329,27,0,1000.000,1.490435,0.665842
22128,1,0.125000,0.790364,25,0,1000.000,1.251511,0.671273
22128,2,0.125000,0.724692,28,0,1000.000,1.406093,0.654354
22128,3,0.125000,0.782529,18,0,1000.000,1.296869,0.673068
22128,4,0.125000,0.833129,23,0,1000.000,1.542800,0.667068
22128,5,0.125000,0.925725,23,0,1000.000,1.263846,0.675910
22128,6,0.125000,0.852254,18,0,1000.000,1.693988,0.665640
22128,7,0.125000,0.696028,24,1,976.500,1.430306,0.652964
22176,0,0.125000,0.739172,34,0,1000.000,1.202577,0.683346
22176,1,0.125000,0.840215,31,0,1000.000,1.455321,0.668883
22176,2,0.125000,0.833240,30,0,1000.000,1.384773,0.664986
22176,3,0.125000,0.799599,27,0,1000.000,1.570563,0.669569
22176,4,0.125000,0.899447,31,0,1000.000,1.351066,0.668776
22176,5,0.125000,0.881858,34,0,1000.000,1.743519,0.657422
22176,6,0.125000,0.746367,35,0,1000.000,1.138831,0.664487
22176,7,0.125000,0.767326,25,1,967.600,1.673087,0.631755
22224,0,0.125000,0.690486,33,1,982.182,1.356757,0.657041
22224,1,0.125000,0.747481,39,0,1000.000,1.502580,0.651305
22224,2,0.125000,0.770431,31,0,1000.000,1.383589,0.678913
22224,3,0.125000,0.713789,30,0,1000.000,1.545159,0.666001
22224,4,0.125000,0.766677,42,0,1000.000,1.635824,0.648462
22224,5,0.125000,0.867973,28,0,1000.000,1.712724,0.658382
22224,6,0.125000,0.818922,34,0,1000.000,1.343681,0.678911
22224,7,0.125000,0.847764,39,0,1000.000,1.489965,0.662074
22272,0,0.125000,0.808506,27,1,993.667,1.506562,0.651804
22272,1,0.125000,0.720977,33,0,1000.000,1.188727,0.661009
22272,2,0.125000,0.736821,25,0,1000.000,1.191602,0.662658
22272,3,0.125000,0.818270,32,0,1000.000,1.515279,0.655962
22272,4,0.125000,0.842379,37,0,1000.000,1.643087,0.664529
22272,5,0.125000,0.759250,30,0,1000.000,1.338710,0.655738
22272,6,0.125000,0.819711,27,0,1000.000,1.351744,0.670521
22272,7,0.125000,0.792098,37,0,1000.000,1.673444,0.648701
22320,0,0.125000,0.728166,30,0,1000.000,1.474867,0.659059
22320,1,0.125000,0.772084,26,0,1000.000,1.298142,0.671342
22320,2,0.125000,0.769152,34,0,1000.000,1.504912,0.656768
22320,3,0.125000,0.869187,33,0,1000.000,1.562542,0.670955
22320,4,0.125000,0.768604,37,0,1000.000,1.426956,0.656037
22320,5,0.125000,0.876087,32,0,1000.000,1.825886,0.654073
22320,6,0.125000,0.849360,33,0,1000.000,1.560272,0.668936
22320,7,0.125000,0.799874,31,1,986.097,1.680663,0.657598
22368,0,0.125000,0.788971,30,0,1000.000,1.498792,0.668458
22368,1,0.125000,0.824980,33,0,1000.000,1.497937,0.663811
22368,2,0.125000,0.760584,33,1,971.212,1.511621,0.659034
22368,3,0.125000,0.863759,46,0,1000.000,1.654668,0.657515
22368,4,0.125000,0.861036,32,0,1000.000,1.523961,0.679144
22368,5,0.125000,0.824967,34,0,1000.000,1.569088,0.660039
22368,6,0.125000,0.848149,20,0,1000.000,1.698303,0.659940
22368,7,0.125000,0.751246,30,1,975.667,1.387388,0.665643
22416,0,0.125000,0.673792,22,0,1000.000,1.239052,0.661792
22416,1,0.125000,0.842487,22,0,1000.000,1.186059,0.661410
22416,2,0.125000,0.868389,17,0,1000.000,1.466233,0.650323
22416,3,0.125000,0.894659,28,0,1000.000,1.491227,0.670734
22416,4,0.125000,0.662717,16,0,1000.000,1.404104,0.641274
22416,5,0.125000,0.855483,22,0,1000.000,1.687842,0.649436
22416,6,0.125000,0.895136,19,0,1000.000,1.621664,0.649198
22416,7,0.125000,0.827009,22,0,1000.000,1.550046,0.664029
22464,0,0.125000,0.862543,25,0,1000.000,1.371999,0.667095
22464,1,0.125000,0.782891,32,0,1000.000,1.714861,0.660113
22464,2,0.125000,0.805095,31,0,1000.000,1.225199,0.662915
22464,3,0.125000,0.881562,35,0,1000.000,1.571973,0.661388
22464,4,0.125000,0.793271,24,0,1000.000,1.519352,0.670817
22464,5,0.125000,0.703156,40,0,1000.000,1.524984,0.650315
22464,6,0.125000,0.846420,24,0,1000.000,1.566981,0.657912
22464,7,0.125000,0.798339,29,0,1000.000,1.106525,0.660013
22512,0,0.125000,0.851236,37,0,1000.000,1.628812,0.654108
22512,1,0.125000,0.813555,22,0,1000.000,1.494807,0.667232
22512,2,0.125000,0.797536,24,0,1000.000,1.713523,0.646651
22512,3,0.125000,0.767689,36,0,1000.000,1.527373,0.665176
22512,4,0.125000,0.807667,28,0,1000.000,1.564901,0.665311
22512,5,0.125000,0.759649,29,0,1000.000,1.228488,0.673280
22512,6,0.125000,0.875833,35,0,1000.000,1.522143,0.663027
22512,7,0.125000,0.840564,31,0,1000.000,1.447938,0.667519
22560,0,0.125000,0.808984,23,0,1000.000,1.292214,0.674743
22560,1,0.125000,0.731233,16,0,1000.000,1.571629,0.657239
22560,2,0.125000,0.794092,23,0,1000.000,1.631804,0.646240
22560,3,0.125000,0.925720,14,0,1000.000,1.565437,0.670232
22560,4,0.125000,0.838750,23,0,1000.000,1.699224,0.658175
22560,5,0.125000,0.745930,27,0,1000.000,1.404759,0.673668
22560,6,0.125000,0.914347,12,0,1000.000,1.429709,0.653841
22560,7,0.125000,0.686723,22,1,971.818,1.619035,0.653362
22656,0,0.125000,0.786789,41,0,1000.000,1.416648,0.659594
22656,1,0.125000,0.746681,60,0,1000.000,1.406805,0.652410
22656,2,0.125000,0.850180,38,0,1000.000,1.372335,0.672680
22656,3,0.125000,0.858828,52,0,1000.000,1.536557,0.668715
22656,4,0.125000,0.839058,45,0,1000.000,1.659808,0.662527
22656,5,0.125000,0.754557,32,0,1000.000,1.525195,0.659775
22656,6,0.125000,0.804136,47,0,1000.000,1.355584,0.669812
22656,7,0.125000,0.773496,39,0,1000.000,1.597537,0.662586
22704,0,0.125000,0.774225,27,0,1000.000,1.452821,0.649130
22704,1,0.125000,0.819432,24,0,1000.000,1.238320,0.679333
22704,2,0.125000,0.737037,40,1,977.050,1.487558,0.661464
22704,3,0.125000,0.805980,28,0,1000.000,1.625908,0.668579
22704,4,0.125000,0.902879,23,0,1000.000,1.827635,0.657221
22704,5,0.125000,0.621124,32,0,1000.000,1.339295,0.667133
22704,6,0.125000,0.799081,26,0,1000.000,1.640442,0.651372
22704,7,0.125000,0.842867,29,0,1000.000,1.650277,0.669943
22752,0,0.125000,0.727255,18,0,1000.000,1.106973,0.673248
22752,1,0.125000,0.779139,14,0,1000.000,1.229510,0.661364
22752,2,0.125000,0.837667,15,0,1000.000,1.450982,0.668278
22752,3,0.125000,0.875193,15,0,1000.000,1.513128,0.663037
22752,4,0.125000,0.812450,15,0,1000.000,1.809317,0.641592
22752,5,0.125000,0.894256,21,0,1000.000,1.644632,0.659589
22752,6,0.125000,0.828536,29,0,1000.000,1.617496,0.668619
22752,7,0.125000,0.856614,20,0,1000.000,1.512943,0.657491
22800,0,0.125000,0.892264,15,0,1000.000,1.553858,0.643469
22800,1,0.125000,0.797833,23,0,1000.000,1.575683,0.643780
22800,2,0.125000,0.784411,13,0,1000.000,1.188577,0.657201
22800,3,0.125000,0.709589,14,0,1000.000,1.607462,0.638435
22800,4,0.125000,0.781314,28,0,1000.000,1.646071,0.667611
22800,5,0.125000,0.859064,27,0,1000.000,1.591590,0.678283
22800,6,0.125000,0.925967,12,0,1000.000,1.335345,0.681391
22800,7,0.125000,0.710857,20,0,1000.000,1.252610,0.674812
22848,0,0.125000,0.855656,11,0,1000.000,1.428427,0.663450
22848,1,0.125000,0.751621,11,0,1000.000,2.307264,0.630671
22848,2,0.125000,0.848303,17,0,1000.000,1.681518,0.659908
22848,3,0.125000,0.897382,13,0,1000.000,1.645824,0.645303
22848,4,0.125000,0.839564,16,0,1000.000,1.797460,0.652246
22848,5,0.125000,0.776431,13,0,1000.000,1.150259,0.667665
22848,6,0.125000,0.791067,20,0,1000.000,1.347136,0.669874
22848,7,0.125000,0.903658,10,0,1000.000,1.687169,0.672767
22896,0,0.125000,0.811434,18,0,1000.000,1.403206,0.660265
22896,1,0.125000,0.826102,16,0,1000.000,1.198311,0.673483
22896,2,0.125000,0.803198,13,0,1000.000,1.445688,0.665100
22896,3,0.125000,0.766301,23,0,1000.000,1.275319,0.659777
22896,4,0.125000,0.923607,14,0,1000.000,1.491918,0.678085
22896,5,0.125000,0.743461,21,0,1000.000,1.290981,0.663469
22896,6,0.125000,0.780108,14,0,1000.000,1.334803,0.668745
22896,7,0.125000,0.795016,16,0,1000.000,1.681216,0.654357
22944,0,0.125000,0.714858,21,0,1000.000,1.596126,0.648155
22944,1,0.125000,0.796711,23,0,1000.000,1.463224,0.667586
22944,2,0.125000,0.840800,15,0,1000.000,1.578441,0.668086
22944,3,0.125000,0.819128,19,0,1000.000,1.348670,0.679718
22944,4,0.125000,0.809306,22,0,1000.000,1.602750,0.638149
22944,5,0.125000,0.665686,12,0,1000.000,1.549008,0.647856
22944,6,0.125000,0.884313,23,0,1000.000,1.727860,0.678209
22944,7,0.125000,0.772790,22,1,982.818,1.422804,0.646698
22992,0,0.125000,0.811497,32,0,1000.000,1.535494,0.658238
22992,1,0.125000,0.772004,20,0,1000.000,1.599418,0.653292
22992,2,0.125000,0.768320,21,0,1000.000,1.603578,0.663333
22992,3,0.125000,0.800543,31,0,1000.000,1.370417,0.668209
22992,4,0.125000,0.851259,26,0,1000.000,1.476145,0.681486
22992,5,0.125000,0.909202,24,0,1000.000,1.373715,0.685532
22992,6,0.125000,0.845333,34,0,1000.000,1.631559,0.662110
22992,7,0.125000,0.805572,22,0,1000.000,1.187499,0.675405
23040,0,0.125000,0.900356,18,0,1000.000,1.763183,0.646860
23040,1,0.125000,0.701208,21,0,1000.000,1.374894,0.653344
23040,2,0.125000,0.826542,28,0,1000.000,1.303088,0.671093
23040,3,0.125000,0.885078,22,0,1000.000,1.443562,0.686197
23040,4,0.125000,0.811806,26,0,1000.000,1.695895,0.661251
23040,5,0.125000,0.644844,34,0,1000.000,1.613285,0.646145
23040,6,0.125000,0.834629,24,0,1000.000,1.653013,0.651396
23040,7,0.125000,0.878742,23,0,1000.000,1.653815,0.662505
23088,0,0.125000,0.763575,21,0,1000.000,1.600130,0.653158
23088,1,0.125000,0.871140,22,0,1000.000,1.330921,0.668027
23088,2,0.125000,0.726246,21,0,1000.000,1.447689,0.658180
23088,3,0.125000,0.796291,31,0,1000.000,1.711134,0.660180
23088,4,0.125000,0.725088,11,0,1000.000,2.136457,0.623283
23088,5,0.125000,0.797123,22,0,1000.000,1.281844,0.663652
23088,6,0.125000,0.817796,13,0,1000.000,2.060667,0.644767
23088,7,0.125000,0.829397,22,0,1000.000,1.623643,0.648856
23136,0,0.125000,0.859522,31,0,1000.000,1.512996,0.666732
23136,1,0.125000,0.891413,19,0,1000.000,1.415360,0.668954
23136,2,0.125000,0.851161,17,0,1000.000,1.592793,0.661602
23136,3,0.125000,0.724261,18,0,1000.000,1.702096,0.655998
23136,4,0.125000,0.845137,26,0,1000.000,1.744255,0.658313
23136,5,0.125000,0.749511,22,0,1000.000,1.551518,0.665356
23136,6,0.125000,0.784875,29,0,1000.000,1.762071,0.643471
23136,7,0.125000,0.810523,33,0,1000.000,1.235434,0.670635
23184,0,0.125000,0.825944,34,1,997.029,1.446911,0.662714
23184,1,0.125000,0.862458,33,0,1000.000,1.382241,0.661170
23184,2,0.125000,0.790726,26,0,1000.000,1.470041,0.650669
23184,3,0.125000,0.750402,33,0,1000.000,1.511725,0.662364
23184,4,0.125000,0.797453,33,0,1000.000,1.289519,0.682410
23184,5,0.125000,0.828364,31,0,1000.000,1.461386,0.655864
23184,6,0.125000,0.847752,26,0,1000.000,1.580221,0.654871
23184,7,0.125000,0.854484,33,0,1000.000,1.947784,0.635831
23232,0,0.125000,0.807698,34,0,1000.000,1.477380,0.670828
23232,1,0.125000,0.748140,27,0,1000.000,1.366740,0.666067
23232,2,0.125000,0.729419,39,0,1000.000,1.622244,0.648295
23232,3,0.125000,0.872461,34,0,1000.000,1.521479,0.669189
23232,4,0.125000,0.839298,39,0,1000.000,1.466222,0.667118
23232,5,0.125000,0.793845,33,0,1000.000,1.374789,0.656039
23232,6,0.125000,0.804306,29,0,1000.000,1.417513,0.669309
23232,7,0.125000,0.787873,33,0,1000.000,1.563808,0.670483
23280,0,0.125000,0.711600,30,0,1000.000,1.184589,0.664746
23280,1,0.125000,0.792068,24,0,1000.000,1.365611,0.650982
23280,2,0.125000,0.800770,30,0,1000.000,1.547140,0.657174
23280,3,0.125000,0.851983,28,0,1000.000,1.485588,0.667733
23280,4,0.125000,0.786907,35,0,1000.000,1.440759,0.664956
23280,5,0.125000,0.848462,32,0,1000.000,1.844960,0.661640
23280,6,0.125000,0.849731,31,0,1000.000,1.254432,0.663611
23280,7,0.125000,0.714859,37,0,1000.000,1.639860,0.649275
23328,0,0.125000,0.878583,36,0,1000.000,1.334861,0.672870
23328,1,0.125000,0.808658,30,0,1000.000,1.610453,0.653031
23328,2,0.125000,0.818578,32,0,1000.000,1.434236,0.672733
23328,3,0.125000,0.786073,30,0,1000.000,1.665714,0.645928
23328,4,0.125000,0.837469,35,0,1000.000,1.531744,0.666320
23328,5,0.125000,0.842521,37,0,1000.000,1.464823,0.666971
23328,6,0.125000,0.843785,26,0,1000.000,1.539425,0.656301
23328,7,0.125000,0.755222,34,0,1000.000,1.244073,0.671279
23376,0,0.125000,0.737220,36,0,1000.000,1.399742,0.656214
23376,1,0.125000,0.756317,24,0,1000.000,1.432280,0.651950
23376,2,0.125000,0.784233,24,0,1000.000,1.120158,0.652523
23376,3,0.125000,0.879392,35,0,1000.000,1.551065,0.660772
23376,4,0.125000,0.787090,31,0,1000.000,1.980120,0.649388
23376,5,0.125000,0.906764,32,0,1000.000,1.429974,0.666157
23376,6,0.125000,0.832039,26,0,1000.000,1.765216,0.652991
23376,7,0.125000,0.837992,34,0,1000.000,1.565935,0.665488
23424,0,0.125000,0.808223,31,0,1000.000,1.060571,0.652709
23424,1,0.125000,0.751705,18,0,1000.000,1.163525,0.664416
23424,2,0.125000,0.935528,20,0,1000.000,1.554085,0.679350
23424,3,0.125000,0.834113,20,0,1000.000,1.355197,0.661172
23424,4,0.125000,0.867876,22,0,1000.000,1.545371,0.661843
23424,5,0.125000,0.935875,23,0,1000.000,1.292578,0.680948
23424,6,0.125000,0.727018,15,0,1000.000,1.848341,0.623648
23424,7,0.125000,0.704984,24,0,1000.000,1.464717,0.655356
23472,0,0.125000,0.761080,30,0,1000.000,1.313177,0.664922
23472,1,0.125000,0.864205,37,0,1000.000,1.435815,0.679562
23472,2,0.125000,0.799616,34,0,1000.000,1.691481,0.660970
23472,3,0.125000,0.826722,35,0,1000.000,1.785962,0.658122
23472,4,0.125000,0.821719,31,0,1000.000,1.391459,0.661341
23472,5,0.125000,0.789481,35,0,1000.000,1.475857,0.663102
23472,6,0.125000,0.814620,26,0,1000.000,1.388919,0.676382
23472,7,0.125000,0.819267,30,0,1000.000,1.925041,0.645385
23520,0,0.125000,0.737868,32,0,1000.000,1.423253,0.657869
23520,1,0.125000,0.811647,23,0,1000.000,1.495276,0.675799
23520,2,0.125000,0.825320,26,0,1000.000,1.768335,0.654570
23520,3,0.125000,0.871293,26,0,1000.000,1.682882,0.654410
23520,4,0.125000,0.848171,30,0,1000.000,1.705696,0.662935
23520,5,0.125000,0.759843,26,0,1000.000,1.057107,0.683039
23520,6,0.125000,0.772138,26,0,1000.000,1.378605,0.664405
23520,7,0.125000,0.825706,33,0,1000.000,1.733006,0.663386
23568,0,0.125000,0.886839,21,0,1000.000,1.599093,0.659098
23568,1,0.125000,0.850869,23,0,1000.000,1.546936,0.653116
23568,2,0.125000,0.757143,23,0,1000.000,1.359276,0.671459
23568,3,0.125000,0.838448,24,0,1000.000,1.726871,0.667307
23568,4,0.125000,0.773483,14,0,1000.000,1.508501,0.653624
23568,5,0.125000,0.811002,22,0,1000.000,1.552611,0.667698
23568,6,0.125000,0.789458,24,0,1000.000,1.752957,0.655890
23568,7,0.125000,0.725429,9,1,932.111,1.128619,0.667883
23616,0,0.125000,0.839577,20,0,1000.000,1.516158,0.664352
23616,1,0.125000,0.774747,21,0,1000.000,1.504515,0.674409
23616,2,0.125000,0.849308,25,0,1000.000,1.533206,0.683889
23616,3,0.125000,0.769920,19,0,1000.000,1.391440,0.648477
23616,4,0.125000,0.656053,16,0,1000.000,1.504431,0.653885
23616,5,0.125000,0.901433,16,0,1000.000,1.855089,0.667414
23616,6,0.125000,0.758174,16,0,1000.000,1.380664,0.648987
23616,7,0.125000,0.762169,14,0,1000.000,2.085733,0.638176
23664,0,0.125000,0.773362,22,0,1000.000,1.404882,0.667865
23664,1,0.125000,0.746216,21,0,1000.000,1.518286,0.662263
23664,2,0.125000,0.876664,26,0,1000.000,1.599300,0.663622
23664,3,0.125000,0.771163,21,0,1000.000,1.150151,0.689144
23664,4,0.125000,0.837054,36,0,1000.000,1.751715,0.665775
23664,5,0.125000,0.858322,25,0,1000.000,1.343682,0.680150
23664,6,0.125000,0.774874,21,0,1000.000,1.688581,0.650857
23664,7,0.125000,0.737563,40,2,960.200,1.580621,0.648997
23712,0,0.125000,0.778381,34,0,1000.000,1.201727,0.676986
23712,1,0.125000,0.748253,20,0,1000.000,1.441585,0.647245
23712,2,0.125000,0.826761,42,0,1000.000,1.503812,0.665169
23712,3,0.125000,0.825195,29,0,1000.000,1.411414,0.671665
23712,4,0.125000,0.862286,30,0,1000.000,1.469524,0.672399
23712,5,0.125000,0.655955,28,0,1000.000,1.312587,0.655334
23712,6,0.125000,0.777013,21,0,1000.000,1.600724,0.667266
23712,7,0.125000,0.799978,23,0,1000.000,1.647535,0.662252
23760,0,0.125000,0.777833,12,0,1000.000,1.197484,0.652708
23760,1,0.125000,0.802866,15,0,1000.000,1.273159,0.658933
23760,2,0.125000,0.759569,19,0,1000.000,1.420206,0.674317
23760,3,0.125000,0.724739,17,0,1000.000,1.466796,0.640740
23760,4,0.125000,0.690464,15,0,1000.000,1.042983,0.657539
23760,5,0.125000,0.764584,23,0,1000.000,1.410411,0.662162
23760,6,0.125000,0.752690,23,0,1000.000,1.369757,0.663487
23760,7,0.125000,0.687947,20,1,964.550,1.742616,0.643959
23808,0,0.125000,0.864089,16,0,1000.000,1.510661,0.663211
23808,1,0.125000,0.790887,27,1,986.407,1.406491,0.663814
23808,2,0.125000,0.872748,14,0,1000.000,1.527990,0.680367
23808,3,0.125000,0.815258,15,0,1000.000,1.533166,0.668024
23808,4,0.125000,0.806600,16,0,1000.000,1.752376,0.662600
23808,5,0.125000,0.777099,16,0,1000.000,0.936147,0.672482
23808,6,0.125000,0.820566,13,0,1000.000,1.576072,0.668855
23808,7,0.125000,0.869247,24,0,1000.000,1.602720,0.663423
23856,0,0.125000,0.872306,13,0,1000.000,2.078605,0.636051
23856,1,0.125000,0.745646,12,0,1000.000,1.374849,0.660114
23856,2,0.125000,0.718421,13,0,1000.000,1.219258,0.664733
23856,3,0.125000,0.756998,23,0,1000.000,1.385774,0.650107
23856,4,0.125000,0.688291,5,0,1000.000,1.596656,0.623543
23856,5,0.125000,0.900168,10,0,1000.000,1.805314,0.658107
23856,6,0.125000,0.770418,18,0,1000.000,1.411313,0.631918
23856,7,0.125000,0.862573,11,0,1000.000,1.294359,0.674020
23904,0,0.125000,0.796888,19,0,1000.000,1.499033,0.644562
23904,1,0.125000,0.824639,22,0,1000.000,1.632053,0.666222
23904,2,0.125000,0.803502,26,0,1000.000,1.688444,0.660819
23904,3,0.125000,0.927410,25,0,1000.000,1.404773,0.684047
23904,4,0.125000,0.892142,10,0,1000.000,1.861632,0.666166
23904,5,0.125000,0.806471,10,0,1000.000,1.630007,0.660841
23904,6,0.125000,0.761485,15,0,1000.000,0.938324,0.688823
23904,7,0.125000,0.895314,21,0,1000.000,1.436016,0.668620
23952,0,0.125000,0.887510,18,0,1000.000,1.339959,0.673517
23952,1,0.125000,0.780494,22,0,1000.000,1.591351,0.660730
23952,2,0.125000,0.721426,22,0,1000.000,1.187639,0.663618
23952,3,0.125000,0.791365,22,0,1000.000,1.654761,0.666240
23952,4,0.125000,0.796950,23,0,1000.000,1.503449,0.668110
23952,5,0.125000,0.776712,21,0,1000.000,1.647350,0.656981
23952,6,0.125000,0.786688,25,0,1000.000,1.735868,0.642375
23952,7,0.125000,0.771434,19,0,1000.000,1.412159,0.668174
24000,0,0.125000,0.859775,33,0,1000.000,1.436106,0.681389
24000,1,0.125000,0.788162,17,0,1000.000,1.578792,0.662084
24000,2,0.125000,0.910873,31,0,1000.000,1.289674,0.675947
24000,3,0.125000,0.832785,27,0,1000.000,1.454793,0.658694
24000,4,0.125000,0.797631,21,0,1000.000,1.442505,0.674678
24000,5,0.125000,0.712276,22,0,1000.000,1.249415,0.659965
24000,6,0.125000,0.781943,28,0,1000.000,1.515596,0.657679
24000,7,0.125000,0.804334,18,0,1000.000,1.270980,0.657117
24048,0,0.125000,0.750665,19,0,1000.000,1.701202,0.651893
24048,1,0.125000,0.866884,27,1,965.222,1.212763,0.655289
24048,2,0.125000,0.829465,30,0,1000.000,1.601364,0.662212
24048,3,0.125000,0.802631,28,0,1000.000,1.256939,0.665840
24048,4,0.125000,0.762728,29,0,1000.000,1.472532,0.667604
24048,5,0.125000,0.927576,17,0,1000.000,1.453847,0.645109
24048,6,0.125000,0.720069,25,0,1000.000,1.540998,0.662668
24048,7,0.125000,0.780200,19,0,1000.000,1.503778,0.661414
24096,0,0.125000,0.831680,21,1,983.714,1.299474,0.671154
24096,1,0.125000,0.899094,13,0,1000.000,1.859091,0.662014
24096,2,0.125000,0.876257,19,0,1000.000,1.541366,0.667702
24096,3,0.125000,0.865380,27,0,1000.000,1.580933,0.675822
24096,4,0.125000,0.774662,17,0,1000.000,1.129819,0.668743
24096,5,0.125000,0.857983,20,0,1000.000,1.013725,0.673713
24096,6,0.125000,0.776791,25,1,976.200,1.557693,0.652864
24096,7,0.125000,0.897579,23,0,1000.000,1.323484,0.676229
24144,0,0.125000,0.776452,24,0,1000.000,1.201562,0.669303
24144,1,0.125000,0.834329,21,0,1000.000,1.452697,0.657298
24144,2,0.125000,0.814170,24,0,1000.000,1.936484,0.633941
24144,3,0.125000,0.830943,26,0,1000.000,1.234896,0.672466
24144,4,0.125000,0.753336,34,0,1000.000,1.514413,0.666161
24144,5,0.125000,0.759096,23,0,1000.000,2.012280,0.642663
24144,6,0.125000,0.675116,39,0,1000.000,1.528976,0.645971
24144,7,0.125000,0.716898,24,1,961.625,1.577774,0.644136
24192,0,0.125000,0.870179,32,0,1000.000,1.510629,0.669275
24192,1,0.125000,0.900816,29,0,1000.000,1.531188,0.665222
24192,2,0.125000,0.825933,28,0,1000.000,1.228812,0.667513
24192,3,0.125000,0.729771,30,0,1000.000,1.407906,0.657872
24192,4,0.125000,0.787547,32,0,1000.000,1.428779,0.668142
24192,5,0.125000,0.787453,27,0,1000.000,1.289021,0.659815
24192,6,0.125000,0.879318,39,0,1000.000,1.386988,0.672954
24192,7,0.125000,0.730903,27,0,1000.000,1.465436,0.657226
24240,0,0.125000,0.802272,28,0,1000.000,1.346052,0.669391
24240,1,0.125000,0.857412,40,0,1000.000,1.591330,0.655061
24240,2,0.125000,0.703407,36,0,1000.000,1.351073,0.645965
24240,3,0.125000,0.750474,41,0,1000.000,1.442514,0.649038
24240,4,0.125000,0.805564,43,0,1000.000,1.509925,0.662447
24240,5,0.125000,0.836982,31,0,1000.000,1.588992,0.671404
24240,6,0.125000,0.753914,35,0,1000.000,1.584293,0.646919
24240,7,0.125000,0.765529,25,1,993.000,1.438982,0.656022
24288,0,0.125000,0.841358,26,0,1000.000,1.555639,0.658006
24288,1,0.125000,0.869274,28,0,1000.000,1.352973,0.670165
24288,2,0.125000,0.802721,39,0,1000.000,1.672632,0.652792
24288,3,0.125000,0.717548,33,0,1000.000,1.394618,0.660875
24288,4,0.125000,0.901310,25,0,1000.000,1.249070,0.657014
24288,5,0.125000,0.879446,35,0,1000.000,1.523988,0.668606
24288,6,0.125000,0.818379,33,0,1000.000,1.681990,0.647097
24288,7,0.125000,0.686606,26,0,1000.000,0.948712,0.665056
24336,0,0.125000,0.877357,33,0,1000.000,1.359551,0.661462
24336,1,0.125000,0.734121,23,0,1000.000,1.496760,0.649785
24336,2,0.125000,0.756380,30,0,1000.000,1.469320,0.664141
24336,3,0.125000,0.785990,34,0,1000.000,1.332565,0.661864
24336,4,0.125000,0.746368,28,0,1000.000,1.320946,0.668086
24336,5,0.125000,0.742231,37,0,1000.000,1.175400,0.675383
24336,6,0.125000,0.896024,36,0,1000.000,1.439668,0.674368
24336,7,0.125000,0.897807,42,0,1000.000,1.679235,0.665265
24384,0,0.125000,0.819908,20,0,1000.000,1.923205,0.631757
24384,1,0.125000,0.668509,33,0,1000.000,1.257363,0.661269
24384,2,0.125000,0.871610,28,0,1000.000,1.596750,0.660642
24384,3,0.125000,0.832820,33,0,1000.000,1.664441,0.654760
24384,4,0.125000,0.768278,33,0,1000.000,1.388835,0.645871
24384,5,0.125000,0.922449,26,0,1000.000,1.487162,0.667314
24384,6,0.125000,0.822647,28,0,1000.000,1.904675,0.638015
24384,7,0.125000,0.716468,26,2,959.346,1.617111,0.638693
24432,0,0.125000,0.731076,36,0,1000.000,1.103202,0.659335
24432,1,0.125000,0.793010,27,0,1000.000,1.125454,0.662436
24432,2,0.125000,0.755074,14,0,1000.000,1.494723,0.647809
24432,3,0.125000,0.832761,19,0,1000.000,1.389246,0.665713
24432,4,0.125000,0.862655,18,0,1000.000,1.644765,0.658745
24432,5,0.125000,0.830453,12,0,1000.000,1.440584,0.670086
24432,6,0.125000,0.841853,27,1,986.444,1.333300,0.660776
24432,7,0.125000,0.785936,22,0,1000.000,1.444634,0.666912
24480,0,0.125000,0.829445,32,1,976.438,1.308808,0.650793
24480,1,0.125000,0.806208,36,0,1000.000,1.072219,0.673956
24480,2,0.125000,0.836338,22,0,1000.000,1.581267,0.666229
24480,3,0.125000,0.698866,34,0,1000.000,1.492295,0.655599
24480,4,0.125000,0.829998,35,0,1000.000,1.731833,0.651558
24480,5,0.125000,0.812305,43,0,1000.000,1.434587,0.665530
24480,6,0.125000,0.837357,35,0,1000.000,1.193048,0.667985
24480,7,0.125000,0.883824,27,0,1000.000,1.515411,0.653482
24528,0,0.125000,0.726700,28,0,1000.000,1.335768,0.670534
24528,1,0.125000,0.820479,25,0,1000.000,1.781563,0.649552
24528,2,0.125000,0.816913,21,0,1000.000,1.650986,0.656222
24528,3,0.125000,0.808462,31,0,1000.000,1.554104,0.658955
24528,4,0.125000,0.841493,33,0,1000.000,1.732579,0.659277
24528,5,0.125000,0.839985,21,0,1000.000,1.428327,0.679104
24528,6,0.125000,0.782373,22,0,1000.000,1.764439,0.645875
24528,7,0.125000,0.861233,25,0,1000.000,1.770375,0.656572
24576,0,0.125000,0.886819,18,0,1000.000,1.267841,0.674927
24576,1,0.125000,0.703809,11,0,1000.000,1.375082,0.658712
24576,2,0.125000,0.807043,22,0,1000.000,1.321555,0.682056
24576,3,0.125000,0.734022,24,0,1000.000,1.289950,0.668645
24576,4,0.125000,0.857681,18,0,1000.000,1.501394,0.652026
24576,5,0.125000,0.849372,16,0,1000.000,1.779035,0.660629
24576,6,0.125000,0.696956,23,0,1000.000,1.098438,0.668721
24576,7,0.125000,0.801017,25,0,1000.000,1.527371,0.656158
24624,0,0.125000,0.772036,13,0,1000.000,1.850888,0.653526
24624,1,0.125000,0.799251,26,1,963.231,1.315352,0.661736
24624,2,0.125000,0.754131,12,0,1000.000,1.406989,0.662841
24624,3,0.125000,0.824401,17,1,943.412,1.347716,0.659218
24624,4,0.125000,0.827033,26,0,1000.000,1.642670,0.649849
24624,5,0.125000,0.893937,20,0,1000.000,1.021879,0.670975
24624,6,0.125000,0.760268,23,0,1000.000,1.327690,0.664727
24624,7,0.125000,0.677179,13,0,1000.000,1.503629,0.649729
24672,0,0.125000,0.823068,32,0,1000.000,1.652400,0.661093
24672,1,0.125000,0.855814,25,0,1000.000,1.366634,0.673075
24672,2,0.125000,0.844012,26,0,1000.000,1.480651,0.676174
24672,3,0.125000,0.743509,24,0,1000.000,1.170368,0.663219
24672,4,0.125000,0.742768,33,0,1000.000,1.478679,0.656607
24672,5,0.125000,0.831738,28,0,1000.000,1.403986,0.669257
24672,6,0.125000,0.739811,33,0,1000.000,1.357169,0.667193
24672,7,0.125000,0.834132,29,0,1000.000,1.488248,0.660149
24720,0,0.125000,0.780097,20,0,1000.000,1.543331,0.651140
24720,1,0.125000,0.860175,24,0,1000.000,1.554360,0.660710
24720,2,0.125000,0.850699,28,0,1000.000,1.421921,0.658227
24720,3,0.125000,0.789637,29,0,1000.000,1.909265,0.647643
24720,4,0.125000,0.735725,20,0,1000.000,1.527244,0.673054
24720,5,0.125000,0.842835,27,0,1000.000,1.550553,0.676099
24720,6,0.125000,0.873569,22,0,1000.000,1.587343,0.657009
24720,7,0.125000,0.822601,29,1,968.310,1.534407,0.651905
24768,0,0.125000,0.906339,14,0,1000.000,1.820638,0.643814
24768,1,0.125000,0.811551,19,0,1000.000,1.481021,0.662032
24768,2,0.125000,0.812629,27,0,1000.000,1.464856,0.668013
24768,3,0.125000,0.845128,26,0,1000.000,1.812383,0.643451
24768,4,0.125000,0.757333,17,0,1000.000,1.400949,0.661970
24768,5,0.125000,0.809350,15,0,1000.000,1.164903,0.687264
24768,6,0.125000,0.827326,18,0,1000.000,1.592729,0.660250
24768,7,0.125000,0.815731,16,0,1000.000,1.299433,0.672264
24816,0,0.125000,0.777891,16,0,1000.000,1.724816,0.641016
24816,1,0.125000,0.871202,16,0,1000.000,1.581104,0.659525
24816,2,0.125000,0.801193,21,0,1000.000,1.343243,0.676251
24816,3,0.125000,0.738948,18,0,1000.000,1.615659,0.650387
24816,4,0.125000,0.826013,17,1,944.000,1.322780,0.640786
24816,5,0.125000,0.848252,23,0,1000.000,1.308564,0.656488
24816,6,0.125000,0.926028,18,0,1000.000,1.418196,0.664816
24816,7,0.125000,0.871197,12,0,1000.000,1.400545,0.687592
24864,0,0.125000,0.837639,11,0,1000.000,1.472058,0.678612
24864,1,0.125000,0.846435,11,0,1000.000,1.190793,0.678428
24864,2,0.125000,0.685788,9,0,1000.000,1.441123,0.642700
24864,3,0.125000,0.919969,19,0,1000.000,1.672648,0.669039
24864,4,0.125000,0.745602,13,0,1000.000,1.455980,0.651021
24864,5,0.125000,0.736270,14,0,1000.000,1.095509,0.664224
24864,6,0.125000,0.869045,14,0,1000.000,1.516048,0.683542
24864,7,0.125000,0.733269,11,1,971.000,1.346474,0.652878
24912,0,0.125000,0.728804,23,0,1000.000,1.718218,0.632552
24912,1,0.125000,0.798712,21,0,1000.000,1.519329,0.655414
24912,2,0.125000,0.798247,22,0,1000.000,1.412492,0.663499
24912,3,0.125000,0.777117,17,0,1000.000,1.469382,0.672634
24912,4,0.125000,0.836640,16,0,1000.000,1.815388,0.645620
24912,5,0.125000,0.630436,18,1,949.278,1.496796,0.630804
24912,6,0.125000,0.885440,18,0,1000.000,1.513991,0.678526
24912,7,0.125000,0.793304,22,0,1000.000,1.363641,0.678475
24960,0,0.125000,0.826758,23,0,1000.000,1.683274,0.659142
24960,1,0.125000,0.804180,24,0,1000.000,1.155717,0.666145
24960,2,0.125000,0.883990,18,0,1000.000,1.112273,0.693820
24960,3,0.125000,0.855164,22,0,1000.000,1.665402,0.655084
24960,4,0.125000,0.865208,28,0,1000.000,1.586230,0.671337
24960,5,0.125000,0.784516,31,0,1000.000,1.695136,0.663090
24960,6,0.125000,0.841020,14,0,1000.000,1.683174,0.644885
24960,7,0.125000,0.817449,17,0,1000.000,1.407902,0.669450
25008,0,0.125000,0.743316,22,0,1000.000,1.370396,0.670339
25008,1,0.125000,0.817556,14,0,1000.000,0.914746,0.679267
25008,2,0.125000,0.841486,25,0,1000.000,1.705976,0.660842
25008,3,0.125000,0.817223,21,0,1000.000,1.560791,0.665842
25008,4,0.125000,0.784545,27,0,1000.000,1.339367,0.652365
25008,5,0.125000,0.895378,29,0,1000.000,1.476009,0.671853
25008,6,0.125000,0.776408,32,0,1000.000,1.425590,0.671235
25008,7,0.125000,0.801008,34,0,1000.000,1.786499,0.657098
25056,0,0.125000,0.813645,23,0,1000.000,1.293887,0.669338
25056,1,0.125000,0.779238,21,0,1000.000,1.366093,0.669483
25056,2,0.125000,0.708707,25,0,1000.000,1.689584,0.654822
25056,3,0.125000,0.713875,18,0,1000.000,1.391941,0.664549
25056,4,0.125000,0.836691,23,0,1000.000,1.686719,0.658147
25056,5,0.125000,0.829771,21,0,1000.000,1.428034,0.681355
25056,6,0.125000,0.760846,21,0,1000.000,1.192855,0.653226
25056,7,0.125000,0.841625,30,0,1000.000,1.305426,0.683877
25104,0,0.125000,0.731276,26,0,1000.000,1.461975,0.643853
25104,1,0.125000,0.758120,22,0,1000.000,1.225865,0.672748
25104,2,0.125000,0.912644,16,0,1000.000,1.659394,0.672585
25104,3,0.125000,0.810359,17,0,1000.000,1.854640,0.662429
25104,4,0.125000,0.747030,21,0,1000.000,1.462115,0.651292
25104,5,0.125000,0.859963,23,0,1000.000,1.565334,0.665404
25104,6,0.125000,0.795631,19,0,1000.000,1.322443,0.688137
25104,7,0.125000,0.695123,20,1,974.450,1.669399,0.654017
25152,0,0.125000,0.809535,30,0,1000.000,1.245941,0.683960
25152,1,0.125000,0.811791,25,0,1000.000,2.002935,0.637576
25152,2,0.125000,0.811790,34,0,1000.000,1.556717,0.648622
25152,3,0.125000,0.682556,24,0,1000.000,1.443189,0.658864
25152,4,0.125000,0.830849,26,0,1000.000,1.738075,0.649960
25152,5,0.125000,0.849403,28,0,1000.000,1.568658,0.662442
25152,6,0.125000,0.742221,28,0,1000.000,1.306680,0.657923
25152,7,0.125000,0.861656,32,0,1000.000,1.879124,0.642236
25200,0,0.125000,0.869131,35,0,1000.000,1.724196,0.654519
25200,1,0.125000,0.853728,28,0,1000.000,1.511702,0.663432
25200,2,0.125000,0.758456,34,0,1000.000,1.266603,0.669716
25200,3,0.125000,0.816871,30,0,1000.000,1.549997,0.661144
25200,4,0.125000,0.722052,39,0,1000.000,1.597197,0.659924
25200,5,0.125000,0.830645,28,0,1000.000,1.443552,0.671036
25200,6,0.125000,0.858189,28,0,1000.000,1.752124,0.665208
25200,7,0.125000,0.848183,29,0,1000.000,1.660469,0.667276
25248,0,0.125000,0.786731,36,0,1000.000,1.228200,0.669413
25248,1,0.125000,0.683894,31,0,1000.000,1.386733,0.659501
25248,2,0.125000,0.797996,41,0,1000.000,1.867703,0.639706
25248,3,0.125000,0.777783,34,0,1000.000,1.691393,0.662200
25248,4,0.125000,0.785543,38,0,1000.000,1.440810,0.661544
25248,5,0.125000,0.782136,36,0,1000.000,1.331665,0.661572
25248,6,0.125000,0.787124,24,0,1000.000,1.281662,0.663287
25248,7,0.125000,0.839501,30,0,1000.000,1.477612,0.662489
25296,0,0.125000,0.808826,29,0,1000.000,1.709747,0.653663
25296,1,0.125000,0.793606,22,0,1000.000,1.358288,0.658059
25296,2,0.125000,0.813133,24,0,1000.000,1.773362,0.654693
25296,3,0.125000,0.817212,35,0,1000.000,1.736338,0.653718
25296,4,0.125000,0.797861,34,0,1000.000,1.444642,0.662803
25296,5,0.125000,0.785067,38,0,1000.000,1.358941,0.672808
25296,6,0.125000,0.745821,35,2,945.086,1.296014,0.653412
25296,7,0.125000,0.766963,31,1,979.710,1.364104,0.671500
25344,0,0.125000,0.757097,42,1,978.619,1.272656,0.666296
25344,1,0.125000,0.771316,41,0,1000.000,1.610108,0.662200
25344,2,0.125000,0.836192,25,0,1000.000,1.563208,0.653760
25344,3,0.125000,0.903833,40,0,1000.000,1.617620,0.666362
25344,4,0.125000,0.666797,23,0,1000.000,1.362693,0.665603
25344,5,0.125000,0.763429,38,0,1000.000,1.356295,0.671102
25344,6,0.125000,0.854676,32,0,1000.000,1.662436,0.661244
25344,7,0.125000,0.717720,27,0,1000.000,1.342553,0.666422
25392,0,0.125000,0.762483,29,0,1000.000,1.562854,0.646470
25392,1,0.125000,0.655572,32,0,1000.000,1.132332,0.663790
25392,2,0.125000,0.690224,22,0,1000.000,1.636033,0.637890
25392,3,0.125000,0.923401,22,0,1000.000,1.662816,0.662644
25392,4,0.125000,0.798228,24,0,1000.000,1.307289,0.657741
25392,5,0.125000,0.777474,20,0,1000.000,1.899852,0.654553
25392,6,0.125000,0.771189,34,0,1000.000,1.499632,0.658877
25392,7,0.125000,0.833275,21,0,1000.000,1.642905,0.663548
25440,0,0.125000,0.903044,28,1,974.964,1.395557,0.663343
25440,1,0.125000,0.828843,19,0,1000.000,1.266608,0.681568
25440,2,0.125000,0.784725,20,0,1000.000,1.278524,0.667043
25440,3,0.125000,0.828575,28,0,1000.000,1.264710,0.660620
25440,4,0.125000,0.784794,28,0,1000.000,1.477854,0.657071
25440,5,0.125000,0.752872,24,0,1000.000,1.487664,0.651844
25440,6,0.125000,0.926224,21,0,1000.000,1.434133,0.664931
25440,7,0.125000,0.851639,25,0,1000.000,1.570311,0.662523
25488,0,0.125000,0.830644,48,1,987.354,1.313610,0.672251
25488,1,0.125000,0.829383,39,0,1000.000,1.371804,0.666878
25488,2,0.125000,0.835329,33,0,1000.000,1.525013,0.661817
25488,3,0.125000,0.763895,28,0,1000.000,1.584152,0.652273
25488,4,0.125000,0.718752,34,0,1000.000,1.206795,0.670120
25488,5,0.125000,0.795411,26,0,1000.000,1.515352,0.654082
25488,6,0.125000,0.844723,30,0,1000.000,1.669594,0.671838
25488,7,0.125000,0.864085,35,0,1000.000,1.354109,0.657514
25536,0,0.125000,0.791945,20,0,1000.000,1.289685,0.679663
25536,1,0.125000,0.855259,27,0,1000.000,1.414341,0.667425
25536,2,0.125000,0.709254,21,0,1000.000,1.377281,0.672890
25536,3,0.125000,0.847720,23,0,1000.000,1.443098,0.665169
25536,4,0.125000,0.869372,21,0,1000.000,2.101467,0.646604
25536,5,0.125000,0.822128,22,0,1000.000,1.517471,0.660217
25536,6,0.125000,0.937450,27,0,1000.000,1.578618,0.676091
25536,7,0.125000,0.775047,25,0,1000.000,1.425643,0.667907
25584,0,0.125000,0.880236,15,0,1000.000,1.275084,0.661843
25584,1,0.125000,0.874892,17,0,1000.000,1.470763,0.674332
25584,2,0.125000,0.767919,24,0,1000.000,1.221893,0.662954
25584,3,0.125000,0.806901,16,0,1000.000,1.402672,0.647382
25584,4,0.125000,0.912094,24,0,1000.000,1.310664,0.682103
25584,5,0.125000,0.736379,22,0,1000.000,1.027720,0.671492
25584,6,0.125000,0.756600,17,0,1000.000,1.324080,0.659689
25584,7,0.125000,0.833096,19,0,1000.000,1.402280,0.665223
25632,0,0.125000,0.797214,17,0,1000.000,1.479551,0.653269
25632,1,0.125000,0.782506,18,0,1000.000,1.340636,0.676977
25632,2,0.125000,0.740421,24,0,1000.000,1.511596,0.653352
25632,3,0.125000,0.863362,19,0,1000.000,1.601320,0.674575
25632,4,0.125000,0.731041,16,0,1000.000,1.655960,0.655094
25632,5,0.125000,0.879333,17,0,1000.000,1.380754,0.689286
25632,6,0.125000,0.732190,24,0,1000.000,1.410112,0.679019
25632,7,0.125000,0.827113,23,0,1000.000,1.465117,0.647866
25680,0,0.125000,0.791376,26,0,1000.000,1.646660,0.654808
25680,1,0.125000,0.808703,32,0,1000.000,1.672900,0.664803
25680,2,0.125000,0.702746,27,0,1000.000,1.502415,0.664289
25680,3,0.125000,0.760911,30,0,1000.000,1.722785,0.645667
25680,4,0.125000,0.758387,37,0,1000.000,1.471998,0.655361
25680,5,0.125000,0.774542,25,0,1000.000,1.599765,0.648956
25680,6,0.125000,0.658677,26,0,1000.000,1.254643,0.659595
25680,7,0.125000,0.749153,32,1,994.031,1.266308,0.661474
25728,0,0.125000,0.852411,27,0,1000.000,1.410226,0.668934
25728,1,0.125000,0.772021,25,0,1000.000,1.303651,0.659688
25728,2,0.125000,0.848510,27,0,1000.000,1.563944,0.662539
25728,3,0.125000,0.802680,22,0,1000.000,1.756560,0.656794
25728,4,0.125000,0.829893,18,0,1000.000,1.144370,0.649461
25728,5,0.125000,0.709508,25,0,1000.000,1.288420,0.665597
25728,6,0.125000,0.751776,17,0,1000.000,1.512311,0.658704
25728,7,0.125000,0.833929,29,0,1000.000,1.381460,0.679445
25776,0,0.125000,0.808852,15,0,1000.000,1.627242,0.649817
25776,1,0.125000,0.803094,26,0,1000.000,1.646432,0.658885
25776,2,0.125000,0.885413,23,0,1000.000,1.666963,0.661119
25776,3,0.125000,0.842048,27,0,1000.000,1.531580,0.661540
25776,4,0.125000,0.781148,15,0,1000.000,1.463707,0.659453
25776,5,0.125000,0.752533,17,0,1000.000,1.441834,0.646070
25776,6,0.125000,0.812461,13,0,1000.000,0.808554,0.686873
25776,7,0.125000,0.788431,14,0,1000.000,1.533985,0.688352
25872,0,0.125000,0.847982,37,0,1000.000,1.460472,0.661923
25872,1,0.125000,0.829641,31,0,1000.000,1.370924,0.647968
25872,2,0.125000,0.708457,25,0,1000.000,1.319367,0.675284
25872,3,0.125000,0.862632,30,0,1000.000,1.928347,0.653815
25872,4,0.125000,0.811903,26,0,1000.000,1.375265,0.670379
25872,5,0.125000,0.780365,27,0,1000.000,1.891506,0.653759
25872,6,0.125000,0.802107,31,0,1000.000,1.779812,0.641046
25872,7,0.125000,0.731471,33,1,972.424,1.216721,0.659094
25920,0,0.125000,0.753444,23,0,1000.000,1.312333,0.651461
25920,1,0.125000,0.886234,15,0,1000.000,1.363592,0.678562
25920,2,0.125000,0.648209,17,0,1000.000,1.562283,0.644974
25920,3,0.125000,0.794819,22,0,1000.000,1.261043,0.671721
25920,4,0.125000,0.687709,27,0,1000.000,1.521713,0.656599
25920,5,0.125000,0.770109,20,0,1000.000,1.562186,0.659254
25920,6,0.125000,0.676418,15,0,1000.000,1.463742,0.649821
25920,7,0.125000,0.725364,19,0,1000.000,1.479867,0.666323
25968,0,0.125000,0.783423,27,0,1000.000,1.144549,0.680496
25968,1,0.125000,0.856863,28,1,988.964,1.347430,0.674233
25968,2,0.125000,0.718328,20,0,1000.000,1.292516,0.657537
25968,3,0.125000,0.847786,17,0,1000.000,1.513531,0.660987
25968,4,0.125000,0.825733,22,0,1000.000,1.371654,0.667795
25968,5,0.125000,0.849469,14,0,1000.000,1.913094,0.669005
25968,6,0.125000,0.887722,25,0,1000.000,1.637629,0.672298
25968,7,0.125000,0.773394,24,0,1000.000,1.411131,0.664545
26064,0,0.125000,0.781044,47,1,984.532,1.400444,0.669606
26064,1,0.125000,0.830750,53,0,1000.000,1.513251,0.665275
26064,2,0.125000,0.808137,42,0,1000.000,1.424204,0.669648
26064,3,0.125000,0.692856,39,0,1000.000,1.433007,0.654576
26064,4,0.125000,0.851757,45,0,1000.000,1.367604,0.672911
26064,5,0.125000,0.804504,43,0,1000.000,1.385661,0.675167
26064,6,0.125000,0.779724,53,0,1000.000,1.460639,0.661658
26064,7,0.125000,0.773834,63,1,990.048,1.451504,0.666372
26112,0,0.125000,0.865526,18,0,1000.000,1.639157,0.661556
26112,1,0.125000,0.929712,19,0,1000.000,1.536899,0.673454
26112,2,0.125000,0.861357,28,0,1000.000,1.559260,0.667653
26112,3,0.125000,0.776695,28,0,1000.000,1.531538,0.661403
26112,4,0.125000,0.804196,22,0,1000.000,1.372214,0.665516
26112,5,0.125000,0.824312,21,0,1000.000,1.624014,0.657340
26112,6,0.125000,0.779788,19,0,1000.000,1.528335,0.660917
26112,7,0.125000,0.835791,17,0,1000.000,1.625032,0.665203
26160,0,0.125000,0.820968,21,0,1000.000,1.497452,0.670171
26160,1,0.125000,0.796973,27,0,1000.000,1.474362,0.658082
26160,2,0.125000,0.888595,34,0,1000.000,1.591719,0.661821
26160,3,0.125000,0.765688,31,0,1000.000,1.341589,0.671462
26160,4,0.125000,0.736774,32,0,1000.000,1.474645,0.674252
26160,5,0.125000,0.835164,26,0,1000.000,1.696029,0.663825
26160,6,0.125000,0.782683,24,0,1000.000,1.639630,0.654071
26160,7,0.125000,0.734885,44,0,1000.000,1.713637,0.656257
26208,0,0.125000,0.776108,25,0,1000.000,1.524033,0.672923
26208,1,0.125000,0.790054,26,0,1000.000,1.250653,0.673018
26208,2,0.125000,0.782156,19,0,1000.000,1.183760,0.665588
26208,3,0.125000,0.829802,44,0,1000.000,1.506538,0.668793
26208,4,0.125000,0.840760,45,1,978.511,1.568190,0.664804
26208,5,0.125000,0.861700,31,0,1000.000,1.590108,0.659488
26208,6,0.125000,0.713724,30,0,1000.000,1.485937,0.668703
26208,7,0.125000,0.763795,41,0,1000.000,1.550437,0.666253
26256,0,0.125000,0.765537,28,0,1000.000,1.199010,0.661212
26256,1,0.125000,0.783496,39,0,1000.000,1.442041,0.655288
26256,2,0.125000,0.798659,30,0,1000.000,1.369574,0.652432
26256,3,0.125000,0.725095,35,0,1000.000,1.347059,0.661870
26256,4,0.125000,0.905218,28,0,1000.000,1.616058,0.664565
26256,5,0.125000,0.745442,23,0,1000.000,1.432011,0.662928
26256,6,0.125000,0.914021,23,0,1000.000,1.712336,0.667567
26256,7,0.125000,0.710348,46,0,1000.000,1.631226,0.656396
26304,0,0.125000,0.742550,34,0,1000.000,1.759534,0.650098
26304,1,0.125000,0.909425,33,0,1000.000,2.081827,0.647551
26304,2,0.125000,0.781181,25,0,1000.000,1.454362,0.673141
26304,3,0.125000,0.828038,33,0,1000.000,1.417044,0.654450
26304,4,0.125000,0.855068,28,0,1000.000,1.293682,0.671752
26304,5,0.125000,0.841275,31,0,1000.000,1.721054,0.645877
26304,6,0.125000,0.790282,31,0,1000.000,1.576253,0.666860
26304,7,0.125000,0.785811,37,0,1000.000,1.615848,0.671247
26352,0,0.125000,0.771968,40,0,1000.000,1.473945,0.657690
26352,1,0.125000,0.840369,22,0,1000.000,1.263746,0.665707
26352,2,0.125000,0.869620,36,0,1000.000,1.681286,0.658693
26352,3,0.125000,0.888537,35,0,1000.000,1.773813,0.653577
26352,4,0.125000,0.814361,30,0,1000.000,1.443006,0.660706
26352,5,0.125000,0.806481,34,0,1000.000,1.451913,0.670666
26352,6,0.125000,0.678900,32,0,1000.000,1.334673,0.663617
26352,7,0.125000,0.742551,32,0,1000.000,1.636813,0.662650
26400,0,0.125000,0.751673,34,0,1000.000,1.118610,0.676967
26400,1,0.125000,0.625159,20,1,997.450,1.451045,0.642323
26400,2,0.125000,0.840376,18,0,1000.000,1.462163,0.667493
26400,3,0.125000,0.878474,28,0,1000.000,1.176740,0.661105
26400,4,0.125000,0.795206,22,0,1000.000,1.700916,0.653607
26400,5,0.125000,0.778694,28,0,1000.000,1.596730,0.654198
26400,6,0.125000,0.861309,24,0,1000.000,1.427496,0.677322
26400,7,0.125000,0.809615,21,0,1000.000,1.649310,0.669409
26448,0,0.125000,0.845810,23,0,1000.000,1.357929,0.668945
26448,1,0.125000,0.904162,23,0,1000.000,1.896259,0.660479
26448,2,0.125000,0.770403,22,0,1000.000,1.649545,0.630507
26448,3,0.125000,0.696986,17,0,1000.000,2.234073,0.626607
26448,4,0.125000,0.909837,30,0,1000.000,1.280073,0.674162
26448,5,0.125000,0.768013,27,0,1000.000,1.581890,0.657087
26448,6,0.125000,0.794301,32,0,1000.000,1.853438,0.652853
26448,7,0.125000,0.700037,27,1,967.593,1.352262,0.641114
26496,0,0.125000,0.784609,39,3,956.974,1.268807,0.664588
26496,1,0.125000,0.736692,35,0,1000.000,1.460660,0.657453
26496,2,0.125000,0.851788,33,0,1000.000,1.806453,0.653824
26496,3,0.125000,0.751246,25,0,1000.000,1.378152,0.659074
26496,4,0.125000,0.817892,40,0,1000.000,1.394489,0.666538
26496,5,0.125000,0.825712,42,0,1000.000,1.320538,0.685029
26496,6,0.125000,0.808137,35,0,1000.000,0.998096,0.663649
26496,7,0.125000,0.821230,32,0,1000.000,1.499197,0.662419
26544,0,0.125000,0.782568,24,0,1000.000,1.208832,0.661895
26544,1,0.125000,0.827856,24,0,1000.000,1.648274,0.668343
26544,2,0.125000,0.935209,13,0,1000.000,1.281414,0.681067
26544,3,0.125000,0.693012,26,0,1000.000,1.286722,0.660560
26544,4,0.125000,0.937451,15,0,1000.000,1.406162,0.672432
26544,5,0.125000,0.748167,18,0,1000.000,1.607035,0.648798
26544,6,0.125000,0.740345,22,1,958.136,1.549948,0.643815
26544,7,0.125000,0.898143,23,0,1000.000,1.480485,0.678706
26592,0,0.125000,0.917148,17,0,1000.000,1.587286,0.658332
26592,1,0.125000,0.895621,20,0,1000.000,1.300689,0.668172
26592,2,0.125000,0.945595,19,0,1000.000,1.259359,0.684798
26592,3,0.125000,0.869938,17,0,1000.000,1.524168,0.683887
26592,4,0.125000,0.758331,14,0,1000.000,0.893904,0.661926
26592,5,0.125000,0.870901,16,0,1000.000,1.644929,0.663781
26592,6,0.125000,0.720148,23,0,1000.000,1.276521,0.650570
26592,7,0.125000,0.765479,24,0,1000.000,1.443746,0.655415
26640,0,0.125000,0.891026,21,0,1000.000,1.370695,0.677941
26640,1,0.125000,0.852504,22,0,1000.000,1.398078,0.673190
26640,2,0.125000,0.834942,27,0,1000.000,1.755630,0.664510
26640,3,0.125000,0.803816,15,0,1000.000,1.478186,0.665052
26640,4,0.125000,0.809849,24,0,1000.000,1.521708,0.669180
26640,5,0.125000,0.912559,28,0,1000.000,1.701597,0.670628
26640,6,0.125000,0.766354,20,0,1000.000,1.603242,0.648431
26640,7,0.125000,0.792350,19,0,1000.000,1.083549,0.686783
26688,0,0.125000,0.927939,18,0,1000.000,1.688856,0.668841
26688,1,0.125000,0.786607,43,0,1000.000,1.429729,0.665935
26688,2,0.125000,0.736813,31,0,1000.000,1.348547,0.665259
26688,3,0.125000,0.817556,33,0,1000.000,1.350533,0.670643
26688,4,0.125000,0.554256,20,0,1000.000,1.064039,0.680255
26688,5,0.125000,0.835371,30,0,1000.000,1.599479,0.674115
26688,6,0.125000,0.789861,31,0,1000.000,1.374530,0.654961
26688,7,0.125000,0.814351,32,0,1000.000,1.692373,0.673672
26736,0,0.125000,0.731326,22,0,1000.000,1.402533,0.662738
26736,1,0.125000,0.636678,24,0,1000.000,1.462955,0.652879
26736,2,0.125000,0.846338,27,0,1000.000,1.449044,0.675161
26736,3,0.125000,0.803602,16,0,1000.000,1.542649,0.674653
26736,4,0.125000,0.815772,18,0,1000.000,1.635945,0.670407
26736,5,0.125000,0.902600,27,0,1000.000,1.229270,0.679144
26736,6,0.125000,0.882302,18,0,1000.000,1.556719,0.657195
26736,7,0.125000,0.739992,19,0,1000.000,1.728000,0.640873
26784,0,0.125000,0.793816,18,0,1000.000,0.877005,0.669050
26784,1,0.125000,0.785688,20,0,1000.000,1.558475,0.664141
26784,2,0.125000,0.832607,21,0,1000.000,1.345807,0.676163
26784,3,0.125000,0.804243,17,0,1000.000,1.843118,0.660909
26784,4,0.125000,0.888903,18,0,1000.000,1.551729,0.673061
26784,5,0.125000,0.899490,14,0,1000.000,1.500958,0.671724
26784,6,0.125000,0.774528,19,0,1000.000,1.362605,0.665112
26784,7,0.125000,0.816022,24,0,1000.000,1.316222,0.670789
26832,0,0.125000,0.843989,12,0,1000.000,1.644151,0.667346
26832,1,0.125000,0.685450,15,0,1000.000,1.239397,0.659935
26832,2,0.125000,0.692161,18,0,1000.000,1.730861,0.656963
26832,3,0.125000,0.820853,11,0,1000.000,1.535263,0.672191
26832,4,0.125000,0.831852,12,0,1000.000,1.403538,0.674267
26832,5,0.125000,0.737796,22,0,1000.000,1.531828,0.654612
26832,6,0.125000,0.802312,16,0,1000.000,1.336220,0.654016
26832,7,0.125000,0.896926,13,0,1000.000,1.934199,0.658587
26928,0,0.125000,0.828000,26,0,1000.000,1.620996,0.668071
26928,1,0.125000,0.794169,42,0,1000.000,1.722349,0.654304
26928,2,0.125000,0.758097,34,0,1000.000,1.411854,0.648520
26928,3,0.125000,0.790680,40,0,1000.000,1.255966,0.672700
26928,4,0.125000,0.846036,36,0,1000.000,1.436635,0.672547
26928,5,0.125000,0.848465,37,0,1000.000,1.508704,0.658736
26928,6,0.125000,0.870908,31,0,1000.000,1.429225,0.668851
26928,7,0.125000,0.707751,34,1,997.235,1.581638,0.658444
26976,0,0.125000,0.856671,18,0,1000.000,1.461933,0.663808
26976,1,0.125000,0.867753,28,0,1000.000,1.381162,0.678923
26976,2,0.125000,0.763567,19,0,1000.000,1.426925,0.665352
26976,3,0.125000,0.795283,22,0,1000.000,1.381767,0.679780
26976,4,0.125000,0.672111,15,0,1000.000,1.335396,0.667242
26976,5,0.125000,0.667032,26,0,1000.000,1.242654,0.666669
26976,6,0.125000,0.824548,22,0,1000.000,1.812492,0.667316
26976,7,0.125000,0.873891,26,0,1000.000,1.564215,0.669470
27024,0,0.125000,0.932214,25,1,966.160,1.319624,0.668637
27024,1,0.125000,0.825048,30,0,1000.000,1.602525,0.664716
27024,2,0.125000,0.810924,22,0,1000.000,1.319994,0.669701
27024,3,0.125000,0.835233,28,0,1000.000,1.510754,0.653169
27024,4,0.125000,0.817550,30,0,1000.000,1.678407,0.664764
27024,5,0.125000,0.842340,22,0,1000.000,1.593796,0.676279
27024,6,0.125000,0.892529,22,0,1000.000,1.782575,0.670443
27024,7,0.125000,0.759451,32,0,1000.000,1.748389,0.663559
27072,0,0.125000,0.821636,25,0,1000.000,1.304296,0.667490
27072,1,0.125000,0.796428,20,0,1000.000,1.351030,0.666569
27072,2,0.125000,0.729651,22,0,1000.000,1.813705,0.662477
27072,3,0.125000,0.839130,23,0,1000.000,1.563047,0.667650
27072,4,0.125000,0.948348,20,0,1000.000,1.552749,0.679758
27072,5,0.125000,0.951849,20,0,1000.000,1.399387,0.689821
27072,6,0.125000,0.713855,25,0,1000.000,1.576014,0.659471
27072,7,0.125000,0.833744,25,0,1000.000,1.367477,0.671488
27120,0,0.125000,0.876680,17,0,1000.000,1.594007,0.686813
27120,1,0.125000,0.904091,16,0,1000.000,1.914211,0.655205
27120,2,0.125000,0.766171,24,0,1000.000,1.415949,0.682506
27120,3,0.125000,0.748470,25,0,1000.000,1.336648,0.672859
27120,4,0.125000,0.757227,29,0,1000.000,1.390903,0.667599
27120,5,0.125000,0.808967,22,0,1000.000,1.191613,0.676823
27120,6,0.125000,0.836479,23,0,1000.000,1.639889,0.662974
27120,7,0.125000,0.699020,21,0,1000.000,1.324682,0.660090
27168,0,0.125000,0.798373,23,0,1000.000,1.505864,0.660489
27168,1,0.125000,0.703131,31,0,1000.000,1.329536,0.665260
27168,2,0.125000,0.696234,22,0,1000.000,1.460438,0.664167
27168,3,0.125000,0.887461,26,0,1000.000,1.510068,0.667751
27168,4,0.125000,0.784416,27,0,1000.000,1.441327,0.673111
27168,5,0.125000,0.840815,36,1,977.000,1.372958,0.666398
27168,6,0.125000,0.849703,36,0,1000.000,1.470134,0.677877
27168,7,0.125000,0.844569,36,0,1000.000,1.259621,0.661996
27216,0,0.125000,0.771387,35,0,1000.000,1.123366,0.673057
27216,1,0.125000,0.820898,32,0,1000.000,1.169166,0.679798
27216,2,0.125000,0.691119,28,0,1000.000,1.184140,0.679726
27216,3,0.125000,0.828273,41,0,1000.000,1.405032,0.678699
27216,4,0.125000,0.807320,31,0,1000.000,1.713918,0.653191
27216,5,0.125000,0.874818,35,0,1000.000,1.594324,0.678091
27216,6,0.125000,0.752051,29,0,1000.000,1.410455,0.659955
27216,7,0.125000,0.780364,42,1,979.714,1.332276,0.669553
27264,0,0.125000,0.829738,35,0,1000.000,1.392515,0.653870
27264,1,0.125000,0.830483,33,0,1000.000,1.543494,0.666255
27264,2,0.125000,0.886851,28,0,1000.000,1.374138,0.675957
27264,3,0.125000,0.890123,32,0,1000.000,1.344346,0.663349
27264,4,0.125000,0.884890,29,0,1000.000,1.487396,0.674966
27264,5,0.125000,0.833979,40,1,994.925,1.186426,0.676686
27264,6,0.125000,0.799162,30,0,1000.000,1.364376,0.662444
27264,7,0.125000,0.872680,27,0,1000.000,1.517750,0.665703
27312,0,0.125000,0.866712,36,0,1000.000,1.394326,0.678248
27312,1,0.125000,0.915004,35,0,1000.000,1.584331,0.662799
27312,2,0.125000,0.843275,26,0,1000.000,1.532324,0.672037
27312,3,0.125000,0.731925,28,0,1000.000,1.226214,0.671866
27312,4,0.125000,0.750375,28,0,1000.000,1.418792,0.664283
27312,5,0.125000,0.766005,32,0,1000.000,1.096490,0.678306
27312,6,0.125000,0.791752,28,0,1000.000,1.432498,0.667700
27312,7,0.125000,0.903849,34,0,1000.000,1.327498,0.670922
27360,0,0.125000,0.685284,36,0,1000.000,1.243725,0.667196
27360,1,0.125000,0.807242,37,0,1000.000,1.654654,0.656098
27360,2,0.125000,0.803986,34,0,1000.000,1.682992,0.676983
27360,3,0.125000,0.798769,40,0,1000.000,1.563241,0.662666
27360,4,0.125000,0.789224,42,0,1000.000,1.516053,0.668710
27360,5,0.125000,0.863006,30,0,1000.000,1.546664,0.677234
27360,6,0.125000,0.850896,26,0,1000.000,1.267687,0.670308
27360,7,0.125000,0.863437,26,1,964.538,1.684444,0.648213
27408,0,0.125000,0.821516,18,0,1000.000,1.375729,0.669754
27408,1,0.125000,0.757281,27,0,1000.000,1.523235,0.646934
27408,2,0.125000,0.856243,14,0,1000.000,1.317259,0.656955
27408,3,0.125000,0.687587,23,1,958.696,1.326823,0.670263
27408,4,0.125000,0.720960,19,0,1000.000,1.583227,0.661534
27408,5,0.125000,0.771249,33,0,1000.000,1.532378,0.669986
27408,6,0.125000,0.837924,19,0,1000.000,1.272597,0.676880
27408,7,0.125000,0.671887,26,1,964.192,1.304150,0.660043
27456,0,0.125000,0.805896,23,0,1000.000,1.452260,0.674557
27456,1,0.125000,0.795967,22,0,1000.000,1.642803,0.664552
27456,2,0.125000,0.797232,27,0,1000.000,1.516866,0.645902
27456,3,0.125000,0.801514,28,0,1000.000,1.671666,0.674130
27456,4,0.125000,0.769895,26,0,1000.000,1.848217,0.663825
27456,5,0.125000,0.759878,33,0,1000.000,1.570800,0.658045
27456,6,0.125000,0.819073,26,0,1000.000,1.232187,0.678122
27456,7,0.125000,0.829252,34,0,1000.000,1.481472,0.663933
27504,0,0.125000,0.802354,33,0,1000.000,1.519544,0.670930
27504,1,0.125000,0.798295,39,0,1000.000,1.676249,0.651347
27504,2,0.125000,0.861545,36,0,1000.000,1.623042,0.659248
27504,3,0.125000,0.892525,40,0,1000.000,1.415259,0.682450
27504,4,0.125000,0.812012,26,1,963.538,1.847326,0.650198
27504,5,0.125000,0.760760,27,0,1000.000,1.410349,0.677892
27504,6,0.125000,0.854005,28,0,1000.000,1.641462,0.669796
27504,7,0.125000,0.690179,29,0,1000.000,1.609150,0.656287
27552,0,0.125000,0.920769,14,0,1000.000,1.627269,0.686255
27552,1,0.125000,0.817748,25,0,1000.000,1.478726,0.681306
27552,2,0.125000,0.750221,20,0,1000.000,1.032088,0.669025
27552,3,0.125000,0.712533,22,0,1000.000,1.307609,0.686392
27552,4,0.125000,0.819862,25,0,1000.000,1.739613,0.666864
27552,5,0.125000,0.900104,23,0,1000.000,1.343819,0.700938
27552,6,0.125000,0.923650,17,0,1000.000,1.662661,0.681070
27552,7,0.125000,0.828934,18,0,1000.000,1.315612,0.671034
27600,0,0.125000,0.841115,12,0,1000.000,1.443903,0.665687
27600,1,0.125000,0.904913,20,0,1000.000,1.692232,0.662906
27600,2,0.125000,0.676214,16,0,1000.000,1.742270,0.640607
27600,3,0.125000,0.809400,15,0,1000.000,1.234219,0.698481
27600,4,0.125000,0.828723,20,0,1000.000,1.395169,0.669480
27600,5,0.125000,0.760033,21,0,1000.000,1.069900,0.676844
27600,6,0.125000,0.874089,20,0,1000.000,1.354498,0.675046
27600,7,0.125000,0.885715,21,0,1000.000,1.185835,0.675465
27648,0,0.125000,0.872800,26,0,1000.000,1.582848,0.669474
27648,1,0.125000,0.742775,24,0,1000.000,1.595589,0.662852
27648,2,0.125000,0.853450,20,0,1000.000,1.662084,0.656829
27648,3,0.125000,0.780856,31,0,1000.000,1.276022,0.685303
27648,4,0.125000,0.818974,26,0,1000.000,1.497195,0.677664
27648,5,0.125000,0.775907,22,0,1000.000,1.840970,0.648559
27648,6,0.125000,0.833514,27,0,1000.000,1.375055,0.683863
27648,7,0.125000,0.714449,17,0,1000.000,1.482698,0.660513
27696,0,0.125000,0.768870,33,0,1000.000,1.453208,0.664955
27696,1,0.125000,0.815448,30,0,1000.000,1.478296,0.669951
27696,2,0.125000,0.743705,27,0,1000.000,1.366913,0.668046
27696,3,0.125000,0.916804,27,0,1000.000,1.446902,0.668446
27696,4,0.125000,0.842678,33,1,970.909,1.448476,0.677313
27696,5,0.125000,0.652851,24,0,1000.000,1.236849,0.674628
27696,6,0.125000,0.742526,25,0,1000.000,1.559061,0.668156
27696,7,0.125000,0.828357,31,0,1000.000,1.549253,0.671051
27744,0,0.125000,0.837269,9,0,1000.000,1.220356,0.678885
27744,1,0.125000,0.710465,22,0,1000.000,1.176299,0.662436
27744,2,0.125000,0.760297,22,0,1000.000,1.412889,0.678561
27744,3,0.125000,0.827689,22,0,1000.000,1.551057,0.671961
27744,4,0.125000,0.878491,25,0,1000.000,1.623994,0.666719
27744,5,0.125000,0.881943,24,0,1000.000,1.540204,0.682717
27744,6,0.125000,0.778853,16,0,1000.000,1.592606,0.647164
27744,7,0.125000,0.870939,23,0,1000.000,1.623579,0.660203
27792,0,0.125000,0.737828,21,0,1000.000,1.502476,0.652486
27792,1,0.125000,0.799383,21,0,1000.000,1.574042,0.655450
27792,2,0.125000,0.831136,17,0,1000.000,1.390591,0.679896
27792,3,0.125000,0.827523,21,0,1000.000,1.431487,0.679141
27792,4,0.125000,0.885910,17,0,1000.000,1.471070,0.690256
27792,5,0.125000,0.777571,17,0,1000.000,1.282834,0.687698
27792,6,0.125000,0.672027,22,0,1000.000,1.549450,0.662709
27792,7,0.125000,0.784894,15,0,1000.000,1.655850,0.670607
27840,0,0.125000,0.766683,19,2,907.263,1.555377,0.623145
27840,1,0.125000,0.515444,9,0,1000.000,1.182068,0.671641
27840,2,0.125000,0.771641,13,0,1000.000,1.171333,0.673997
27840,3,0.125000,0.809857,16,0,1000.000,1.601001,0.676880
27840,4,0.125000,0.831846,17,0,1000.000,1.301373,0.678740
27840,5,0.125000,0.862756,16,0,1000.000,1.635274,0.671040
27840,6,0.125000,0.803881,16,0,1000.000,1.506252,0.673107
27840,7,0.125000,0.802357,15,0,1000.000,1.771346,0.674884
27888,0,0.125000,0.844280,12,0,1000.000,1.362168,0.671918
27888,1,0.125000,0.632907,14,0,1000.000,1.474533,0.659170
27888,2,0.125000,0.797739,14,0,1000.000,1.134556,0.680361
27888,3,0.125000,0.683080,16,0,1000.000,1.570962,0.670456
27888,4,0.125000,0.860739,19,0,1000.000,1.625195,0.676341
27888,5,0.125000,0.876913,13,0,1000.000,1.401288,0.682279
27888,6,0.125000,0.670925,23,0,1000.000,0.995321,0.662870
27888,7,0.125000,0.867138,13,0,1000.000,1.571294,0.681889
27936,0,0.125000,0.858094,19,0,1000.000,1.585268,0.668143
27936,1,0.125000,0.786644,19,0,1000.000,1.547746,0.656340
27936,2,0.125000,0.836097,21,0,1000.000,1.407400,0.659342
27936,3,0.125000,0.739183,19,0,1000.000,1.221310,0.655118
27936,4,0.125000,0.782711,23,0,1000.000,1.749781,0.667937
27936,5,0.125000,0.770054,19,0,1000.000,1.719094,0.654946
27936,6,0.125000,0.931049,12,0,1000.000,1.309036,0.695368
27936,7,0.125000,0.743064,21,0,1000.000,1.265322,0.675829
27984,0,0.125000,0.776535,25,0,1000.000,1.318363,0.675155
27984,1,0.125000,0.780618,21,0,1000.000,1.570879,0.669997
27984,2,0.125000,0.790735,20,0,1000.000,1.298726,0.696450
27984,3,0.125000,0.647390,23,0,1000.000,1.007685,0.664679
27984,4,0.125000,0.711318,20,0,1000.000,1.649365,0.654078
27984,5,0.125000,0.829638,28,0,1000.000,1.237555,0.667775
27984,6,0.125000,0.711237,26,0,1000.000,1.716307,0.652699
27984,7,0.125000,0.720921,34,0,1000.000,1.477064,0.664630
28032,0,0.125000,0.875911,25,0,1000.000,1.559905,0.667783
28032,1,0.125000,0.788157,24,0,1000.000,1.194445,0.693348
28032,2,0.125000,0.780024,25,0,1000.000,1.305764,0.676710
28032,3,0.125000,0.638420,18,0,1000.000,0.941106,0.701066
28032,4,0.125000,0.797004,30,0,1000.000,1.279206,0.679348
28032,5,0.125000,0.766053,37,0,1000.000,1.504895,0.664590
28032,6,0.125000,0.834945,27,0,1000.000,1.613923,0.674910
28032,7,0.125000,0.854790,28,0,1000.000,1.433022,0.680634
28080,0,0.125000,0.792025,28,0,1000.000,1.475416,0.669438
28080,1,0.125000,0.775080,18,0,1000.000,1.188214,0.679055
28080,2,0.125000,0.920535,25,0,1000.000,1.585551,0.676019
28080,3,0.125000,0.633471,16,0,1000.000,1.745809,0.655457
28080,4,0.125000,0.678864,24,1,960.708,1.283335,0.657663
28080,5,0.125000,0.601299,15,0,1000.000,1.259325,0.676384
28080,6,0.125000,0.791923,15,0,1000.000,1.372319,0.663577
28080,7,0.125000,0.896157,15,0,1000.000,1.935806,0.648618
28128,0,0.125000,0.858392,23,0,1000.000,1.579344,0.656527
28128,1,0.125000,0.858172,22,0,1000.000,1.811534,0.657634
28128,2,0.125000,0.792142,28,0,1000.000,1.217941,0.673547
28128,3,0.125000,0.772286,25,0,1000.000,1.334070,0.673728
28128,4,0.125000,0.872643,16,0,1000.000,1.397002,0.687008
28128,5,0.125000,0.845472,22,0,1000.000,1.404374,0.683304
28128,6,0.125000,0.815066,22,0,1000.000,1.229710,0.676679
28128,7,0.125000,0.843723,29,0,1000.000,1.646787,0.680555
28176,0,0.125000,0.752585,30,0,1000.000,1.055920,0.672034
28176,1,0.125000,0.791254,36,0,1000.000,1.585103,0.685494
28176,2,0.125000,0.791155,29,0,1000.000,1.311473,0.686928
28176,3,0.125000,0.786331,31,0,1000.000,1.476634,0.665113
28176,4,0.125000,0.858722,35,0,1000.000,1.229752,0.688448
28176,5,0.125000,0.762279,18,0,1000.000,1.468313,0.688789
28176,6,0.125000,0.865910,38,0,1000.000,1.505133,0.673925
28176,7,0.125000,0.711945,29,1,969.828,1.378785,0.664126
28224,0,0.125000,0.863942,40,1,977.475,1.628152,0.659453
28224,1,0.125000,0.786963,32,0,1000.000,1.316141,0.684882
28224,2,0.125000,0.773591,45,0,1000.000,1.524312,0.674190
28224,3,0.125000,0.828114,35,0,1000.000,1.344279,0.671066
28224,4,0.125000,0.721166,35,0,1000.000,1.741337,0.660100
28224,5,0.125000,0.831955,28,0,1000.000,1.721900,0.654259
28224,6,0.125000,0.785915,33,0,1000.000,1.636485,0.662165
28224,7,0.125000,0.723032,27,0,1000.000,1.245767,0.678966
28272,0,0.125000,0.854263,34,0,1000.000,1.381738,0.684882
28272,1,0.125000,0.865746,32,0,1000.000,1.584156,0.670787
28272,2,0.125000,0.802333,31,0,1000.000,1.401701,0.686037
28272,3,0.125000,0.721243,24,0,1000.000,1.431296,0.673361
28272,4,0.125000,0.804338,40,0,1000.000,1.502021,0.680733
28272,5,0.125000,0.837355,29,0,1000.000,1.670692,0.673436
28272,6,0.125000,0.703833,28,0,1000.000,1.624577,0.643143
28272,7,0.125000,0.816544,28,0,1000.000,1.429057,0.669063
28320,0,0.125000,0.758603,37,0,1000.000,1.700600,0.666067
28320,1,0.125000,0.789078,27,0,1000.000,1.479454,0.667757
28320,2,0.125000,0.748848,38,0,1000.000,1.412807,0.676657
28320,3,0.125000,0.755756,33,0,1000.000,1.351054,0.659472
28320,4,0.125000,0.781664,32,0,1000.000,1.495802,0.681440
28320,5,0.125000,0.815734,30,0,1000.000,1.479694,0.668916
28320,6,0.125000,0.790981,30,0,1000.000,1.633879,0.677554
28320,7,0.125000,0.800403,26,0,1000.000,1.544515,0.671285
28368,0,0.125000,0.812784,35,0,1000.000,1.489829,0.661548
28368,1,0.125000,0.789782,31,0,1000.000,1.328273,0.686357
28368,2,0.125000,0.814402,28,0,1000.000,1.341351,0.669346
28368,3,0.125000,0.788000,34,0,1000.000,1.410430,0.684765
28368,4,0.125000,0.851064,32,0,1000.000,1.521197,0.695275
28368,5,0.125000,0.744617,37,0,1000.000,1.667271,0.656408
28368,6,0.125000,0.926350,29,0,1000.000,1.569405,0.678637
28368,7,0.125000,0.825313,35,0,1000.000,1.617042,0.677187
28416,0,0.125000,0.613878,15,0,1000.000,1.237849,0.667948
28416,1,0.125000,0.844144,20,0,1000.000,1.896071,0.651913
28416,2,0.125000,0.853367,23,0,1000.000,1.285198,0.662482
28416,3,0.125000,0.915218,24,0,1000.000,1.602117,0.655597
28416,4,0.125000,0.770976,23,0,1000.000,1.352002,0.673387
28416,5,0.125000,0.742779,23,0,1000.000,1.622499,0.660543
28416,6,0.125000,0.837333,18,0,1000.000,1.237067,0.676262
28416,7,0.125000,0.635230,24,1,970.542,1.290722,0.647768
28464,0,0.125000,0.908683,34,0,1000.000,1.437594,0.681945
28464,1,0.125000,0.779559,27,0,1000.000,1.509692,0.663798
28464,2,0.125000,0.833519,27,0,1000.000,1.207807,0.680922
28464,3,0.125000,0.851362,30,0,1000.000,1.547614,0.678300
28464,4,0.125000,0.757522,31,0,1000.000,1.664696,0.665692
28464,5,0.125000,0.689012,30,0,1000.000,1.334731,0.663622
28464,6,0.125000,0.813919,34,0,1000.000,1.439213,0.683976
28464,7,0.125000,0.780852,26,0,1000.000,1.373341,0.675957
28512,0,0.125000,0.689398,27,0,1000.000,1.234422,0.674613
28512,1,0.125000,0.798213,23,0,1000.000,1.467186,0.670732
28512,2,0.125000,0.772121,32,0,1000.000,1.562133,0.666582
28512,3,0.125000,0.738140,39,0,1000.000,1.681267,0.655927
28512,4,0.125000,0.763303,27,0,1000.000,1.241785,0.672008
28512,5,0.125000,0.671778,36,0,1000.000,1.538709,0.669615
28512,6,0.125000,0.750128,27,1,964.667,1.479345,0.659804
28512,7,0.125000,0.836878,34,0,1000.000,1.153783,0.688752
28560,0,0.125000,0.838915,21,0,1000.000,1.315339,0.672870
28560,1,0.125000,0.780462,19,0,1000.000,1.366278,0.687455
28560,2,0.125000,0.866698,14,0,1000.000,1.488546,0.667220
28560,3,0.125000,0.870607,18,0,1000.000,1.427247,0.672873
28560,4,0.125000,0.849985,22,0,1000.000,1.846804,0.664459
28560,5,0.125000,0.886793,23,0,1000.000,1.677108,0.680159
28560,6,0.125000,0.827560,25,0,1000.000,1.489122,0.674139
28560,7,0.125000,0.872735,18,0,1000.000,1.585786,0.672545
28656,0,0.125000,0.797869,52,0,1000.000,1.467362,0.671937
28656,1,0.125000,0.864904,41,0,1000.000,1.357807,0.686034
28656,2,0.125000,0.847626,41,1,993.829,1.534608,0.670235
28656,3,0.125000,0.805003,39,0,1000.000,1.402760,0.679659
28656,4,0.125000,0.784215,45,0,1000.000,1.419951,0.667566
28656,5,0.125000,0.834078,50,0,1000.000,1.710134,0.662795
28656,6,0.125000,0.826736,41,0,1000.000,1.514200,0.665314
28656,7,0.125000,0.833217,44,0,1000.000,1.780417,0.666183
28704,0,0.125000,0.790831,37,0,1000.000,1.612348,0.663080
28704,1,0.125000,0.735243,28,0,1000.000,1.179138,0.678919
28704,2,0.125000,0.896748,22,0,1000.000,1.286552,0.680340
28704,3,0.125000,0.737180,30,0,1000.000,1.523079,0.658098
28704,4,0.125000,0.818491,30,0,1000.000,1.658976,0.667052
28704,5,0.125000,0.804979,30,0,1000.000,1.480213,0.675923
28704,6,0.125000,0.870253,23,0,1000.000,1.867110,0.653113
28704,7,0.125000,0.797697,30,0,1000.000,1.372850,0.672928
28752,0,0.125000,0.854891,23,1,976.783,1.788913,0.653149
28752,1,0.125000,0.702623,19,0,1000.000,1.100828,0.682639
28752,2,0.125000,0.780708,17,0,1000.000,1.152609,0.671463
28752,3,0.125000,0.886709,17,0,1000.000,1.413050,0.670719
28752,4,0.125000,0.814209,14,0,1000.000,1.330374,0.679556
28752,5,0.125000,0.827377,20,0,1000.000,1.512643,0.659276
28752,6,0.125000,0.742603,19,0,1000.000,1.202523,0.668727
28752,7,0.125000,0.743611,17,0,1000.000,1.644961,0.654372
28800,0,0.125000,0.882223,20,0,1000.000,1.403261,0.687441
28800,1,0.125000,0.741940,20,0,1000.000,1.496945,0.665126
28800,2,0.125000,0.854993,22,0,1000.000,1.248116,0.665675
28800,3,0.125000,0.826391,18,0,1000.000,1.480319,0.666254
28800,4,0.125000,0.790433,17,0,1000.000,1.924593,0.655244
28800,5,0.125000,0.803474,16,0,1000.000,1.573366,0.669077
28800,6,0.125000,0.852023,18,0,1000.000,1.505428,0.671667
28800,7,0.125000,0.891421,20,0,1000.000,1.422146,0.667367
28848,0,0.125000,0.792078,8,0,1000.000,1.868038,0.656210
28848,1,0.125000,0.788648,16,0,1000.000,1.733897,0.656162
28848,2,0.125000,0.810847,16,0,1000.000,1.151690,0.674002
28848,3,0.125000,0.771142,24,0,1000.000,1.407271,0.659627
28848,4,0.125000,0.947155,9,0,1000.000,1.313310,0.662638
28848,5,0.125000,0.786531,13,0,1000.000,1.357679,0.683431
28848,6,0.125000,0.904356,10,0,1000.000,1.639990,0.664065
28848,7,0.125000,0.803778,16,0,1000.000,1.725724,0.659122
28896,0,0.125000,0.773943,20,1,987.350,1.458551,0.673504
28896,1,0.125000,0.728795,17,0,1000.000,1.710162,0.655046
28896,2,0.125000,0.760213,17,0,1000.000,1.398945,0.662923
28896,3,0.125000,0.944829,14,0,1000.000,1.258261,0.678918
28896,4,0.125000,0.763929,20,0,1000.000,1.703664,0.659021
28896,5,0.125000,0.861075,19,0,1000.000,1.422080,0.667597
28896,6,0.125000,0.789422,14,0,1000.000,1.527345,0.679141
28896,7,0.125000,0.878615,14,0,1000.000,1.809304,0.651383
28944,0,0.125000,0.835536,23,0,1000.000,1.591847,0.665098
28944,1,0.125000,0.868521,14,0,1000.000,1.325394,0.686063
28944,2,0.125000,0.784319,19,0,1000.000,1.185410,0.677148
28944,3,0.125000,0.934097,16,0,1000.000,1.369290,0.664469
28944,4,0.125000,0.828416,17,0,1000.000,1.201937,0.668570
28944,5,0.125000,0.716909,19,0,1000.000,1.448331,0.663286
28944,6,0.125000,0.635552,19,0,1000.000,1.189545,0.661105
28944,7,0.125000,0.868311,29,0,1000.000,1.494053,0.670501
28992,0,0.125000,0.844119,22,0,1000.000,1.296310,0.681195
28992,1,0.125000,0.749981,26,0,1000.000,1.388694,0.672412
28992,2,0.125000,0.730221,21,0,1000.000,0.969700,0.683715
28992,3,0.125000,0.798309,19,0,1000.000,1.238708,0.677020
28992,4,0.125000,0.744349,30,0,1000.000,1.183102,0.678798
28992,5,0.125000,0.689049,25,1,961.480,1.327493,0.655169
28992,6,0.125000,0.750594,36,0,1000.000,1.528092,0.655426
28992,7,0.125000,0.804158,30,0,1000.000,1.481204,0.670178
29040,0,0.125000,0.809427,28,0,1000.000,1.351002,0.677671
29040,1,0.125000,0.702326,24,0,1000.000,1.453860,0.662801
29040,2,0.125000,0.830343,37,0,1000.000,1.354297,0.676866
29040,3,0.125000,0.735578,23,0,1000.000,1.554862,0.659914
29040,4,0.125000,0.812342,27,0,1000.000,1.611291,0.666716
29040,5,0.125000,0.674032,15,0,1000.000,1.230376,0.675103
29040,6,0.125000,0.802043,23,0,1000.000,1.615473,0.671972
29040,7,0.125000,0.767632,21,0,1000.000,1.620743,0.670127
29088,0,0.125000,0.807778,19,0,1000.000,1.507613,0.661096
29088,1,0.125000,0.785090,17,0,1000.000,1.039332,0.692185
29088,2,0.125000,0.838172,16,0,1000.000,1.794921,0.647899
29088,3,0.125000,0.847127,23,0,1000.000,1.459479,0.667432
29088,4,0.125000,0.923481,21,0,1000.000,1.733076,0.672813
29088,5,0.125000,0.861582,22,0,1000.000,1.718222,0.656406
29088,6,0.125000,0.812946,25,0,1000.000,1.333245,0.669212
29088,7,0.125000,0.814476,22,0,1000.000,1.338073,0.676529
29136,0,0.125000,0.801017,21,0,1000.000,1.593707,0.659890
29136,1,0.125000,0.845939,21,0,1000.000,1.225685,0.669925
29136,2,0.125000,0.866493,20,0,1000.000,1.740920,0.656871
29136,3,0.125000,0.760065,26,0,1000.000,1.508921,0.662442
29136,4,0.125000,0.811508,27,0,1000.000,1.436704,0.666705
29136,5,0.125000,0.855591,30,0,1000.000,1.377886,0.666708
29136,6,0.125000,0.872266,21,0,1000.000,1.500245,0.667650
29136,7,0.125000,0.868088,26,0,1000.000,1.375149,0.682205
29184,0,0.125000,0.749895,22,0,1000.000,1.725119,0.667515
29184,1,0.125000,0.863442,29,0,1000.000,1.577038,0.661459
29184,2,0.125000,0.857705,34,0,1000.000,1.720691,0.660098
29184,3,0.125000,0.801020,34,0,1000.000,1.604272,0.657622
29184,4,0.125000,0.820449,35,0,1000.000,1.529099,0.671530
29184,5,0.125000,0.852303,30,0,1000.000,1.421136,0.663007
29184,6,0.125000,0.837582,30,0,1000.000,1.380211,0.678935
29184,7,0.125000,0.823149,35,1,976.857,1.403152,0.667596
29232,0,0.125000,0.876857,41,0,1000.000,1.449041,0.671281
29232,1,0.125000,0.738055,26,0,1000.000,1.436069,0.670898
29232,2,0.125000,0.784776,30,0,1000.000,1.473264,0.667108
29232,3,0.125000,0.760353,44,0,1000.000,1.603287,0.664121
29232,4,0.125000,0.825462,27,0,1000.000,1.877349,0.657550
29232,5,0.125000,0.865865,24,0,1000.000,1.732130,0.662547
29232,6,0.125000,0.872444,40,0,1000.000,1.709630,0.663321
29232,7,0.125000,0.734842,35,0,1000.000,1.342433,0.666860
29280,0,0.125000,0.882988,28,0,1000.000,1.687173,0.653778
29280,1,0.125000,0.788263,32,0,1000.000,1.639951,0.662250
29280,2,0.125000,0.729066,25,0,1000.000,1.676132,0.660298
29280,3,0.125000,0.857945,28,0,1000.000,1.454502,0.660388
29280,4,0.125000,0.833866,32,0,1000.000,1.625233,0.667042
29280,5,0.125000,0.747740,33,0,1000.000,1.609635,0.657992
29280,6,0.125000,0.756379,32,0,1000.000,1.213851,0.677055
29280,7,0.125000,0.790591,36,0,1000.000,1.465965,0.658085
29328,0,0.125000,0.821161,33,0,1000.000,1.334324,0.677669
29328,1,0.125000,0.778424,32,0,1000.000,1.454193,0.666268
29328,2,0.125000,0.823088,39,0,1000.000,1.283612,0.682443
29328,3,0.125000,0.823956,44,0,1000.000,1.798451,0.663752
29328,4,0.125000,0.824651,24,0,1000.000,1.320889,0.676335
29328,5,0.125000,0.701949,26,0,1000.000,1.419430,0.665749
29328,6,0.125000,0.776644,28,0,1000.000,1.589264,0.659947
29328,7,0.125000,0.845425,33,0,1000.000,1.492151,0.678019
29376,0,0.125000,0.838212,22,0,1000.000,1.633152,0.674645
29376,1,0.125000,0.791287,33,0,1000.000,1.321756,0.663313
29376,2,0.125000,0.716352,30,0,1000.000,1.429245,0.667014
29376,3,0.125000,0.750212,31,0,1000.000,1.343154,0.679150
29376,4,0.125000,0.927799,17,0,1000.000,1.491587,0.678714
29376,5,0.125000,0.875878,36,0,1000.000,1.841904,0.658197
29376,6,0.125000,0.826324,36,0,1000.000,1.740721,0.664128
29376,7,0.125000,0.740061,39,0,1000.000,1.183141,0.676957
29424,0,0.125000,0.935598,22,0,1000.000,1.259482,0.677897
29424,1,0.125000,0.880773,19,0,1000.000,1.311987,0.660584
29424,2,0.125000,0.852717,31,0,1000.000,1.283557,0.685602
29424,3,0.125000,0.755755,22,0,1000.000,1.455809,0.656986
29424,4,0.125000,0.714709,20,0,1000.000,0.998509,0.684209
29424,5,0.125000,0.862959,25,0,1000.000,1.461394,0.665212
29424,6,0.125000,0.772141,16,0,1000.000,1.003364,0.684250
29424,7,0.125000,0.699964,21,0,1000.000,1.433838,0.652242
29472,0,0.125000,0.852825,33,0,1000.000,1.610132,0.670093
29472,1,0.125000,0.809895,43,0,1000.000,1.287254,0.678409
29472,2,0.125000,0.759235,38,0,1000.000,1.563495,0.662626
29472,3,0.125000,0.786790,29,0,1000.000,1.514790,0.665092
29472,4,0.125000,0.797982,30,0,1000.000,1.452119,0.671209
29472,5,0.125000,0.844880,22,0,1000.000,1.324150,0.672171
29472,6,0.125000,0.827855,27,0,1000.000,1.416085,0.670787
29472,7,0.125000,0.702653,35,0,1000.000,1.495335,0.672626
29520,0,0.125000,0.826210,20,1,994.500,1.311615,0.674755
29520,1,0.125000,0.818062,23,0,1000.000,1.249729,0.667932
29520,2,0.125000,0.851596,32,0,1000.000,1.670469,0.659422
29520,3,0.125000,0.847017,31,0,1000.000,1.666590,0.665319
29520,4,0.125000,0.837211,30,0,1000.000,1.517088,0.680873
29520,5,0.125000,0.825376,32,0,1000.000,1.355434,0.676616
29520,6,0.125000,0.703579,27,0,1000.000,1.611981,0.660080
29520,7,0.125000,0.825303,30,0,1000.000,1.492352,0.671292
29568,0,0.125000,0.799869,29,0,1000.000,1.384064,0.678851
29568,1,0.125000,0.868521,20,0,1000.000,1.496901,0.674813
29568,2,0.125000,0.837579,14,0,1000.000,1.618149,0.667922
29568,3,0.125000,0.756348,27,0,1000.000,1.430017,0.676617
29568,4,0.125000,0.860759,14,0,1000.000,1.311814,0.666162
29568,5,0.125000,0.741964,15,0,1000.000,1.402824,0.667587
29568,6,0.125000,0.805203,23,0,1000.000,1.473438,0.670015
29568,7,0.125000,0.835222,17,0,1000.000,1.259812,0.691646
29616,0,0.125000,0.850025,25,1,970.120,1.431416,0.661546
29616,1,0.125000,0.806953,18,0,1000.000,1.692112,0.670110
29616,2,0.125000,0.783465,24,0,1000.000,1.655751,0.663719
29616,3,0.125000,0.745781,12,0,1000.000,1.457835,0.657502
29616,4,0.125000,0.800073,22,0,1000.000,1.643181,0.666141
29616,5,0.125000,0.672282,14,0,1000.000,1.848806,0.647193
29616,6,0.125000,0.858895,17,0,1000.000,1.652871,0.668281
29616,7,0.125000,0.751961,15,0,1000.000,1.256479,0.686403
29664,0,0.125000,0.839819,31,0,1000.000,1.344026,0.671006
29664,1,0.125000,0.811823,31,0,1000.000,1.416985,0.669959
29664,2,0.125000,0.853174,29,0,1000.000,1.574636,0.668961
29664,3,0.125000,0.823942,25,0,1000.000,1.339416,0.672876
29664,4,0.125000,0.708198,22,1,956.545,1.425291,0.660325
29664,5,0.125000,0.821588,17,0,1000.000,1.516103,0.684216
29664,6,0.125000,0.787678,34,0,1000.000,1.462592,0.671401
29664,7,0.125000,0.745821,22,0,1000.000,1.863954,0.663250
29712,0,0.125000,0.822346,24,0,1000.000,1.167165,0.655950
29712,1,0.125000,0.701333,34,0,1000.000,1.347009,0.665025
29712,2,0.125000,0.765727,27,0,1000.000,1.255196,0.681146
29712,3,0.125000,0.708332,20,0,1000.000,1.377973,0.685803
29712,4,0.125000,0.753810,34,0,1000.000,1.430709,0.670853
29712,5,0.125000,0.662199,23,0,1000.000,1.557817,0.657266
29712,6,0.125000,0.754136,41,0,1000.000,1.523334,0.671456
29712,7,0.125000,0.912046,25,0,1000.000,1.304654,0.691574
29760,0,0.125000,0.868272,17,0,1000.000,1.593574,0.668690
29760,1,0.125000,0.816049,24,0,1000.000,1.272692,0.680583
29760,2,0.125000,0.722360,22,0,1000.000,1.257992,0.679168
29760,3,0.125000,0.811379,12,0,1000.000,1.823610,0.642104
29760,4,0.125000,0.952075,14,0,1000.000,1.141560,0.680434
29760,5,0.125000,0.718423,22,0,1000.000,1.348186,0.675552
29760,6,0.125000,0.759611,16,0,1000.000,1.745277,0.654295
29760,7,0.125000,0.915798,15,0,1000.000,1.849716,0.657172
29808,0,0.125000,0.647849,14,0,1000.000,1.512888,0.637308
29808,1,0.125000,0.772717,18,0,1000.000,1.569182,0.676185
29808,2,0.125000,0.847518,23,0,1000.000,1.347445,0.689026
29808,3,0.125000,0.855991,17,0,1000.000,1.874875,0.658906
29808,4,0.125000,0.795658,25,0,1000.000,1.673745,0.656292
29808,5,0.125000,0.709863,12,0,1000.000,1.306624,0.673674
29808,6,0.125000,0.910687,16,0,1000.000,1.837353,0.663166
29808,7,0.125000,0.653022,14,0,1000.000,1.331524,0.664813
29856,0,0.125000,0.835656,14,0,1000.000,1.711141,0.651355
29856,1,0.125000,0.801244,19,0,1000.000,1.862334,0.653699
29856,2,0.125000,0.853179,16,0,1000.000,1.648872,0.668795
29856,3,0.125000,0.864505,3,0,1000.000,2.159291,0.636827
29856,4,0.125000,0.744240,15,0,1000.000,2.024216,0.639041
29856,5,0.125000,0.920362,11,0,1000.000,1.879917,0.673791
29856,6,0.125000,0.950755,9,0,1000.000,1.323982,0.686262
29856,7,0.125000,0.823676,19,0,1000.000,1.460076,0.661543
29904,0,0.125000,0.832064,19,1,994.211,1.384110,0.679414
29904,1,0.125000,0.784816,20,0,1000.000,1.361303,0.680269
29904,2,0.125000,0.677975,23,0,1000.000,1.311853,0.660010
29904,3,0.125000,0.887820,15,0,1000.000,1.168458,0.686206
29904,4,0.125000,0.775857,25,0,1000.000,1.334656,0.672841
29904,5,0.125000,0.880983,15,0,1000.000,1.094892,0.677310
29904,6,0.125000,0.858776,20,0,1000.000,1.546095,0.662081
29904,7,0.125000,0.934150,12,0,1000.000,1.062229,0.668028
29952,0,0.125000,0.830775,23,0,1000.000,1.487738,0.669653
29952,1,0.125000,0.885424,25,0,1000.000,1.502075,0.668248
29952,2,0.125000,0.756934,20,0,1000.000,1.440275,0.669478
29952,3,0.125000,0.761890,28,0,1000.000,1.699735,0.652609
29952,4,0.125000,0.722202,18,0,1000.000,1.471401,0.676064
29952,5,0.125000,0.714417,24,0,1000.000,1.424319,0.670345
29952,6,0.125000,0.778408,18,0,1000.000,1.341284,0.685037
29952,7,0.125000,0.731826,15,0,1000.000,1.362328,0.662918
30000,0,0.125000,0.759917,23,0,1000.000,1.483672,0.666035
30000,1,0.125000,0.901320,22,0,1000.000,1.411778,0.674793
30000,2,0.125000,0.789668,24,0,1000.000,1.592087,0.662785
30000,3,0.125000,0.900297,22,0,1000.000,1.912390,0.662346
30000,4,0.125000,0.849718,30,0,1000.000,1.133814,0.692747
30000,5,0.125000,0.793132,26,0,1000.000,1.738462,0.656487
30000,6,0.125000,0.842236,31,0,1000.000,1.536724,0.675571
30000,7,0.125000,0.702035,19,1,967.684,1.082424,0.678496
30048,0,0.125000,0.762011,25,0,1000.000,1.381842,0.677662
30048,1,0.125000,0.870916,32,0,1000.000,1.655278,0.672698
30048,2,0.125000,0.862834,21,0,1000.000,1.380457,0.679222
30048,3,0.125000,0.830812,19,0,1000.000,1.365928,0.688744
30048,4,0.125000,0.806120,19,0,1000.000,1.776961,0.655802
30048,5,0.125000,0.820939,25,0,1000.000,1.937095,0.647745
30048,6,0.125000,0.731238,33,0,1000.000,1.345226,0.685437
30048,7,0.125000,0.758823,19,0,1000.000,1.682668,0.659323
30096,0,0.125000,0.836650,18,0,1000.000,1.446159,0.685085
30096,1,0.125000,0.849909,23,1,989.391,1.438101,0.663577
30096,2,0.125000,0.734101,25,0,1000.000,1.438482,0.655987
30096,3,0.125000,0.762064,17,0,1000.000,1.398605,0.687666
30096,4,0.125000,0.921525,22,0,1000.000,1.487140,0.682164
30096,5,0.125000,0.774780,22,0,1000.000,1.627441,0.659370
30096,6,0.125000,0.836647,22,0,1000.000,1.521115,0.667209
30096,7,0.125000,0.901928,14,0,1000.000,2.052651,0.652119
30144,0,0.125000,0.810576,26,0,1000.000,1.700130,0.670683
30144,1,0.125000,0.856863,21,0,1000.000,1.489407,0.673929
30144,2,0.125000,0.824787,32,0,1000.000,1.544900,0.665110
30144,3,0.125000,0.819637,29,0,1000.000,1.680575,0.660695
30144,4,0.125000,0.829338,29,0,1000.000,1.898409,0.653967
30144,5,0.125000,0.729209,24,0,1000.000,1.447358,0.677683
30144,6,0.125000,0.731290,25,0,1000.000,1.575392,0.671393
30144,7,0.125000,0.858236,27,0,1000.000,1.485624,0.673474
30192,0,0.125000,0.741322,21,0,1000.000,1.609391,0.665688
30192,1,0.125000,0.782353,39,0,1000.000,1.411691,0.663283
30192,2,0.125000,0.805120,28,0,1000.000,1.397059,0.677299
30192,3,0.125000,0.805639,35,0,1000.000,1.433158,0.683133
30192,4,0.125000,0.751425,28,0,1000.000,1.421353,0.675672
30192,5,0.125000,0.860833,39,0,1000.000,1.554950,0.679514
30192,6,0.125000,0.896696,28,0,1000.000,1.918550,0.649954
30192,7,0.125000,0.704592,29,0,1000.000,1.483896,0.684143
30240,0,0.125000,0.765217,25,0,1000.000,1.421096,0.661171
30240,1,0.125000,0.844738,39,0,1000.000,1.523806,0.662115
30240,2,0.125000,0.716060,44,0,1000.000,1.426461,0.662202
30240,3,0.125000,0.875020,37,0,1000.000,1.613880,0.672885
30240,4,0.125000,0.796536,39,0,1000.000,1.576598,0.671783
30240,5,0.125000,0.724110,32,0,1000.000,1.423938,0.672522
30240,6,0.125000,0.776628,26,0,1000.000,1.550393,0.657605
30240,7,0.125000,0.802217,34,0,1000.000,1.504868,0.673563
30288,0,0.125000,0.826366,23,0,1000.000,1.239926,0.681517
30288,1,0.125000,0.912182,34,0,1000.000,1.448252,0.670432
30288,2,0.125000,0.678475,29,0,1000.000,1.208457,0.687011
30288,3,0.125000,0.816876,27,0,1000.000,1.672080,0.668788
30288,4,0.125000,0.828112,37,0,1000.000,1.553481,0.676227
30288,5,0.125000,0.692962,27,0,1000.000,1.517536,0.673972
30288,6,0.125000,0.776431,34,0,1000.000,1.599183,0.663447
30288,7,0.125000,0.738391,34,1,976.824,1.224362,0.672291
30336,0,0.125000,0.871147,33,1,984.091,1.407173,0.667866
30336,1,0.125000,0.902589,30,0,1000.000,1.537834,0.679034
30336,2,0.125000,0.728715,31,0,1000.000,1.081318,0.679565
30336,3,0.125000,0.774795,37,0,1000.000,1.464593,0.675828
30336,4,0.125000,0.800457,37,0,1000.000,1.623697,0.675193
30336,5,0.125000,0.696079,24,0,1000.000,1.291305,0.683888
30336,6,0.125000,0.836151,31,0,1000.000,1.612047,0.672140
30336,7,0.125000,0.793618,39,0,1000.000,1.254694,0.677083
30384,0,0.125000,0.781378,26,0,1000.000,1.291018,0.672613
30384,1,0.125000,0.700970,29,0,1000.000,1.334403,0.670137
30384,2,0.125000,0.801113,29,0,1000.000,1.466567,0.682278
30384,3,0.125000,0.728249,35,0,1000.000,1.598460,0.655990
30384,4,0.125000,0.737840,29,0,1000.000,1.676031,0.657785
30384,5,0.125000,0.845693,33,0,1000.000,1.578796,0.673005
30384,6,0.125000,0.765189,31,0,1000.000,1.545566,0.662076
30384,7,0.125000,0.757562,16,0,1000.000,1.485561,0.678032
30432,0,0.125000,0.739538,21,0,1000.000,1.354138,0.670210
30432,1,0.125000,0.775089,17,0,1000.000,1.282873,0.666857
30432,2,0.125000,0.818924,27,0,1000.000,1.574676,0.667514
30432,3,0.125000,0.711970,15,0,1000.000,1.366322,0.653009
30432,4,0.125000,0.920262,28,0,1000.000,1.726194,0.669411
30432,5,0.125000,0.808457,23,0,1000.000,1.570733,0.680017
30432,6,0.125000,0.827517,26,0,1000.000,1.369989,0.676778
30432,7,0.125000,0.825724,21,0,1000.000,1.482147,0.672500
30480,0,0.125000,0.833581,40,0,1000.000,1.635891,0.667513
30480,1,0.125000,0.793502,35,0,1000.000,1.398063,0.668613
30480,2,0.125000,0.728417,28,0,1000.000,1.449517,0.674787
30480,3,0.125000,0.776590,36,0,1000.000,1.328701,0.672569
30480,4,0.125000,0.855202,29,0,1000.000,1.256148,0.681212
30480,5,0.125000,0.805533,35,0,1000.000,1.738290,0.673035
30480,6,0.125000,0.780262,27,0,1000.000,1.459783,0.672565
30480,7,0.125000,0.860413,35,0,1000.000,1.667907,0.668973
30528,0,0.125000,0.803579,21,0,1000.000,1.148599,0.683451
30528,1,0.125000,0.790941,28,0,1000.000,1.586884,0.668557
30528,2,0.125000,0.904481,31,0,1000.000,1.320670,0.685928
30528,3,0.125000,0.844015,21,0,1000.000,1.422755,0.675501
30528,4,0.125000,0.856094,31,0,1000.000,1.509670,0.681300
30528,5,0.125000,0.751729,23,0,1000.000,1.530206,0.686821
30528,6,0.125000,0.712104,31,0,1000.000,1.385211,0.667533
30528,7,0.125000,0.825955,24,1,961.083,1.259063,0.682112
30576,0,0.125000,0.740247,21,0,1000.000,1.384027,0.671068
30576,1,0.125000,0.655178,26,0,1000.000,1.403438,0.660337
30576,2,0.125000,0.835923,19,0,1000.000,1.482947,0.673272
30576,3,0.125000,0.764617,11,0,1000.000,1.440390,0.652569
30576,4,0.125000,0.785650,18,0,1000.000,1.070674,0.687025
30576,5,0.125000,0.795937,21,0,1000.000,1.534232,0.673337
30576,6,0.125000,0.777540,21,0,1000.000,1.786881,0.664965
30576,7,0.125000,0.783004,19,0,1000.000,1.664908,0.677821
30624,0,0.125000,0.843278,17,2,988.059,1.832693,0.643389
30624,1,0.125000,0.886801,22,0,1000.000,1.550425,0.674943
30624,2,0.125000,0.825677,25,0,1000.000,1.379564,0.673551
30624,3,0.125000,0.915835,25,0,1000.000,1.671378,0.663614
30624,4,0.125000,0.882189,15,0,1000.000,1.354082,0.687646
30624,5,0.125000,0.852276,13,0,1000.000,1.536131,0.667326
30624,6,0.125000,0.851151,13,0,1000.000,1.916980,0.653268
30624,7,0.125000,0.893272,18,0,1000.000,1.416924,0.689238
30672,0,0.125000,0.789603,42,0,1000.000,1.320470,0.676192
30672,1,0.125000,0.816421,25,0,1000.000,1.391660,0.669613
30672,2,0.125000,0.872088,20,0,1000.000,1.569396,0.669204
30672,3,0.125000,0.835093,19,0,1000.000,1.485927,0.679796
30672,4,0.125000,0.903568,32,0,1000.000,1.450307,0.678267
30672,5,0.125000,0.811211,29,0,1000.000,1.589636,0.675872
30672,6,0.125000,0.796947,30,0,1000.000,1.630889,0.673173
30672,7,0.125000,0.787114,31,0,1000.000,1.596723,0.668669
30720,0,0.125000,0.887724,21,0,1000.000,1.275426,0.665982
30720,1,0.125000,0.884742,13,0,1000.000,1.087087,0.679914
30720,2,0.125000,0.767142,25,0,1000.000,1.594695,0.670740
30720,3,0.125000,0.797522,32,0,1000.000,1.666433,0.666406
30720,4,0.125000,0.848191,23,0,1000.000,1.618422,0.674712
30720,5,0.125000,0.799505,33,0,1000.000,1.673041,0.658442
30720,6,0.125000,0.785828,25,0,1000.000,1.465744,0.678531
30720,7,0.125000,0.895946,28,0,1000.000,1.474232,0.674628
30768,0,0.125000,0.787490,14,0,1000.000,1.482574,0.675539
30768,1,0.125000,0.837317,19,0,1000.000,1.832495,0.649433
30768,2,0.125000,0.916411,26,0,1000.000,1.446470,0.662603
30768,3,0.125000,0.848553,26,0,1000.000,1.319541,0.669060
30768,4,0.125000,0.780422,14,0,1000.000,1.335255,0.663846
30768,5,0.125000,0.816884,10,0,1000.000,1.484529,0.660179
30768,6,0.125000,0.582862,23,0,1000.000,1.395483,0.676581
30768,7,0.125000,0.871175,16,0,1000.000,1.697436,0.666430
30816,0,0.125000,0.874319,16,1,942.812,1.171684,0.669119
30816,1,0.125000,0.718128,18,0,1000.000,1.424722,0.668497
30816,2,0.125000,0.941284,25,0,1000.000,1.513408,0.678369
30816,3,0.125000,0.839497,17,0,1000.000,1.284274,0.692882
30816,4,0.125000,0.866355,18,0,1000.000,1.514501,0.671948
30816,5,0.125000,0.874114,15,0,1000.000,1.569297,0.666655
30816,6,0.125000,0.705811,18,0,1000.000,1.360367,0.659499
30816,7,0.125000,0.873695,14,0,1000.000,1.225910,0.669578
30864,0,0.125000,0.939746,9,0,1000.000,1.570070,0.674346
30864,1,0.125000,0.921285,12,0,1000.000,1.723059,0.660305
30864,2,0.125000,0.939864,7,0,1000.000,1.191344,0.672980
30864,3,0.125000,0.832382,15,0,1000.000,1.781513,0.652120
30864,4,0.125000,0.791835,16,0,1000.000,1.669178,0.660651
30864,5,0.125000,0.767837,11,0,1000.000,1.289490,0.688528
30864,6,0.125000,0.855859,15,0,1000.000,1.543960,0.666220
30864,7,0.125000,0.881858,16,0,1000.000,1.126305,0.688414
30912,0,0.125000,0.929847,20,1,980.700,1.350286,0.697854
30912,1,0.125000,0.799188,14,0,1000.000,1.375656,0.666350
30912,2,0.125000,0.733070,20,0,1000.000,1.518367,0.667098
30912,3,0.125000,0.793694,16,0,1000.000,1.499249,0.672055
30912,4,0.125000,0.826459,25,0,1000.000,1.475610,0.676428
30912,5,0.125000,0.777351,18,0,1000.000,1.411214,0.682497
30912,6,0.125000,0.851672,25,0,1000.000,1.513593,0.678400
30912,7,0.125000,0.815376,20,0,1000.000,1.635731,0.662909
30960,0,0.125000,0.880655,17,0,1000.000,1.286195,0.696535
30960,1,0.125000,0.783738,17,0,1000.000,1.166873,0.693826
30960,2,0.125000,0.928176,23,0,1000.000,1.634627,0.674927
30960,3,0.125000,0.805375,30,0,1000.000,1.368144,0.662259
30960,4,0.125000,0.719040,22,0,1000.000,1.727522,0.654784
30960,5,0.125000,0.706759,20,0,1000.000,1.262990,0.675948
30960,6,0.125000,0.798113,30,0,1000.000,1.545031,0.664870
30960,7,0.125000,0.864969,19,0,1000.000,1.491988,0.668087
31008,0,0.125000,0.855324,26,0,1000.000,1.280502,0.677188
31008,1,0.125000,0.798067,22,0,1000.000,1.567260,0.669972
31008,2,0.125000,0.742254,19,0,1000.000,1.249036,0.676180
31008,3,0.125000,0.780138,27,0,1000.000,1.616237,0.679218
31008,4,0.125000,0.842049,28,0,1000.000,1.621962,0.678378
31008,5,0.125000,0.881040,26,0,1000.000,1.862365,0.664299
31008,6,0.125000,0.798949,25,0,1000.000,1.454680,0.670646
31008,7,0.125000,0.828617,29,0,1000.000,1.539542,0.667926
31056,0,0.125000,0.863329,20,1,977.400,1.554572,0.659778
31056,1,0.125000,0.855927,28,0,1000.000,1.439885,0.659662
31056,2,0.125000,0.755443,24,0,1000.000,1.599358,0.663721
31056,3,0.125000,0.880951,19,0,1000.000,1.797235,0.674463
31056,4,0.125000,0.725907,31,0,1000.000,1.135311,0.675334
31056,5,0.125000,0.865449,18,0,1000.000,1.666945,0.670224
31056,6,0.125000,0.789944,24,0,1000.000,1.790127,0.647816
31056,7,0.125000,0.700991,20,1,967.950,1.227046,0.666647
31104,0,0.125000,0.716373,24,0,1000.000,1.634302,0.672126
31104,1,0.125000,0.613342,15,1,970.333,1.147666,0.672946
31104,2,0.125000,0.860588,18,0,1000.000,1.836144,0.660992
31104,3,0.125000,0.802532,24,0,1000.000,1.461098,0.680523
31104,4,0.125000,0.806440,26,0,1000.000,1.518282,0.661661
31104,5,0.125000,0.814807,19,0,1000.000,1.557685,0.669703
31104,6,0.125000,0.847062,17,0,1000.000,1.766981,0.650148
31104,7,0.125000,0.914562,19,0,1000.000,1.739089,0.656384
31152,0,0.125000,0.857588,30,0,1000.000,1.417559,0.678283
31152,1,0.125000,0.804441,28,0,1000.000,1.170377,0.665435
31152,2,0.125000,0.835444,26,0,1000.000,1.758256,0.663900
31152,3,0.125000,0.788308,40,0,1000.000,1.449605,0.675035
31152,4,0.125000,0.832109,29,0,1000.000,1.467736,0.668478
31152,5,0.125000,0.897729,27,0,1000.000,1.496789,0.675627
31152,6,0.125000,0.779550,25,0,1000.000,1.347413,0.684905
31152,7,0.125000,0.853380,20,0,1000.000,1.173071,0.682557
31200,0,0.125000,0.778140,39,0,1000.000,1.396763,0.680179
31200,1,0.125000,0.767445,25,0,1000.000,1.584202,0.670830
31200,2,0.125000,0.837703,32,0,1000.000,1.664224,0.667817
31200,3,0.125000,0.796421,25,0,1000.000,1.818228,0.663731
31200,4,0.125000,0.797849,34,0,1000.000,1.333035,0.678377
31200,5,0.125000,0.765869,36,0,1000.000,1.497799,0.676997
31200,6,0.125000,0.774850,26,0,1000.000,1.610126,0.668705
31200,7,0.125000,0.890479,38,0,1000.000,1.257231,0.677466
31248,0,0.125000,0.878308,33,0,1000.000,1.603047,0.661705
31248,1,0.125000,0.741111,35,0,1000.000,1.297692,0.662899
31248,2,0.125000,0.779027,22,0,1000.000,1.501963,0.668859
31248,3,0.125000,0.742507,29,0,1000.000,1.444848,0.663028
31248,4,0.125000,0.788779,38,0,1000.000,1.708579,0.663822
31248,5,0.125000,0.831019,40,0,1000.000,1.617569,0.663731
31248,6,0.125000,0.831374,40,0,1000.000,1.853564,0.650539
31248,7,0.125000,0.683653,32,0,1000.000,1.472220,0.656370
31296,0,0.125000,0.909189,20,0,1000.000,1.810631,0.656365
31296,1,0.125000,0.862088,35,0,1000.000,1.499351,0.667628
31296,2,0.125000,0.787166,36,0,1000.000,1.409952,0.669627
31296,3,0.125000,0.758986,28,0,1000.000,1.830237,0.652516
31296,4,0.125000,0.802080,35,0,1000.000,1.378925,0.674996
31296,5,0.125000,0.832639,25,0,1000.000,1.687580,0.668417
31296,6,0.125000,0.841092,28,0,1000.000,1.668284,0.662869
31296,7,0.125000,0.790174,38,0,1000.000,1.595889,0.668894
31344,0,0.125000,0.837967,27,0,1000.000,1.736279,0.660691
31344,1,0.125000,0.816930,33,0,1000.000,1.440797,0.676538
31344,2,0.125000,0.892759,24,0,1000.000,1.660561,0.682055
31344,3,0.125000,0.794211,33,0,1000.000,1.396200,0.673389
31344,4,0.125000,0.937263,46,0,1000.000,1.460945,0.682706
31344,5,0.125000,0.808025,40,1,976.300,1.341413,0.669742
31344,6,0.125000,0.847601,34,0,1000.000,1.471024,0.664580
31344,7,0.125000,0.678426,29,0,1000.000,1.145149,0.681438
31392,0,0.125000,0.804554,31,1,980.903,1.367637,0.670675
31392,1,0.125000,0.732343,24,0,1000.000,1.471442,0.671982
31392,2,0.125000,0.848409,19,0,1000.000,1.324473,0.669594
31392,3,0.125000,0.659338,20,0,1000.000,1.180192,0.681119
31392,4,0.125000,0.822095,19,0,1000.000,1.464026,0.671096
31392,5,0.125000,0.816359,32,0,1000.000,1.828893,0.664881
31392,6,0.125000,0.750803,38,0,1000.000,1.321312,0.661722
31392,7,0.125000,0.790127,26,1,968.000,1.423239,0.674744
31440,0,0.125000,0.854213,31,1,975.032,1.298359,0.676734
31440,1,0.125000,0.832956,32,0,1000.000,1.347808,0.659820
31440,2,0.125000,0.865748,30,0,1000.000,1.397823,0.675063
31440,3,0.125000,0.786119,20,0,1000.000,1.484310,0.655635
31440,4,0.125000,0.670115,21,0,1000.000,1.539051,0.664757
31440,5,0.125000,0.894466,18,0,1000.000,1.467815,0.680219
31440,6,0.125000,0.918449,19,0,1000.000,1.850510,0.663752
31440,7,0.125000,0.851842,22,0,1000.000,1.478230,0.661856
31488,0,0.125000,0.863455,34,0,1000.000,1.552590,0.656022
31488,1,0.125000,0.794817,37,0,1000.000,1.403327,0.673499
31488,2,0.125000,0.845728,35,0,1000.000,1.339163,0.668534
31488,3,0.125000,0.823490,34,0,1000.000,1.417418,0.674011
31488,4,0.125000,0.925350,35,0,1000.000,1.609455,0.672877
31488,5,0.125000,0.884005,28,0,1000.000,1.738460,0.668036
31488,6,0.125000,0.817554,36,0,1000.000,1.389015,0.676835
31488,7,0.125000,0.860700,34,0,1000.000,1.349286,0.691050
31536,0,0.125000,0.797792,21,0,1000.000,1.436508,0.672188
31536,1,0.125000,0.751288,17,0,1000.000,1.450290,0.677115
31536,2,0.125000,0.779877,29,0,1000.000,1.164447,0.686720
31536,3,0.125000,0.761992,35,0,1000.000,1.477248,0.673775
31536,4,0.125000,0.763805,22,0,1000.000,1.310099,0.668945
31536,5,0.125000,0.736941,17,0,1000.000,1.700687,0.667755
31536,6,0.125000,0.716180,23,0,1000.000,1.522605,0.669619
31536,7,0.125000,0.843028,24,0,1000.000,1.660386,0.657363
31584,0,0.125000,0.836668,26,0,1000.000,1.619412,0.660963
31584,1,0.125000,0.846882,22,0,1000.000,1.127367,0.678439
31584,2,0.125000,0.837578,15,0,1000.000,1.634958,0.646038
31584,3,0.125000,0.822669,19,0,1000.000,1.642734,0.669134
31584,4,0.125000,0.770548,19,0,1000.000,1.487149,0.674509
31584,5,0.125000,0.807173,16,0,1000.000,1.595482,0.663618
31584,6,0.125000,0.909307,17,0,1000.000,1.868282,0.657691
31584,7,0.125000,0.872880,21,0,1000.000,1.803487,0.668817
31632,0,0.125000,0.749987,17,0,1000.000,1.421248,0.655798
31632,1,0.125000,0.843691,23,0,1000.000,1.691249,0.677254
31632,2,0.125000,0.929685,21,0,1000.000,1.573092,0.672330
31632,3,0.125000,0.936608,27,0,1000.000,1.462061,0.692222
31632,4,0.125000,0.781367,13,0,1000.000,1.609571,0.669370
31632,5,0.125000,0.809940,16,0,1000.000,1.743926,0.673481
31632,6,0.125000,0.842380,12,0,1000.000,1.431063,0.666505
31632,7,0.125000,0.911945,28,0,1000.000,1.688398,0.666916
31680,0,0.125000,0.899091,33,0,1000.000,1.649241,0.672082
31680,1,0.125000,0.830189,32,0,1000.000,1.506376,0.676932
31680,2,0.125000,0.735729,24,0,1000.000,1.351647,0.680569
31680,3,0.125000,0.848086,37,0,1000.000,1.286200,0.665884
31680,4,0.125000,0.707806,23,0,1000.000,0.992896,0.693292
31680,5,0.125000,0.792464,21,0,1000.000,1.591051,0.674099
31680,6,0.125000,0.852514,42,0,1000.000,1.480899,0.667817
31680,7,0.125000,0.767407,22,0,1000.000,1.821292,0.657950
31728,0,0.125000,0.822057,24,0,1000.000,1.227530,0.680578
31728,1,0.125000,0.889710,25,0,1000.000,1.561913,0.678233
31728,2,0.125000,0.777169,26,0,1000.000,1.474269,0.658666
31728,3,0.125000,0.729101,19,0,1000.000,1.418826,0.674843
31728,4,0.125000,0.835471,26,0,1000.000,1.343365,0.685136
31728,5,0.125000,0.842773,24,0,1000.000,1.617478,0.669349
31728,6,0.125000,0.725698,18,1,968.778,1.541071,0.648121
31728,7,0.125000,0.822656,25,0,1000.000,1.283279,0.682845
31776,0,0.125000,0.845258,26,0,1000.000,1.424435,0.661090
31776,1,0.125000,0.849610,23,0,1000.000,1.411190,0.669933
31776,2,0.125000,0.877309,15,0,1000.000,1.386118,0.657403
31776,3,0.125000,0.602804,17,0,1000.000,1.556851,0.647575
31776,4,0.125000,0.802601,10,0,1000.000,1.551978,0.668749
31776,5,0.125000,0.685537,16,0,1000.000,1.402962,0.685738
31776,6,0.125000,0.839793,28,0,1000.000,1.563067,0.658502
31776,7,0.125000,0.835299,13,0,1000.000,1.686802,0.663453
31872,0,0.125000,0.689073,31,0,1000.000,1.362817,0.669734
31872,1,0.125000,0.793157,28,0,1000.000,1.512572,0.662902
31872,2,0.125000,0.715663,34,0,1000.000,1.669266,0.663799
31872,3,0.125000,0.770760,36,0,1000.000,1.569974,0.666865
31872,4,0.125000,0.811171,23,0,1000.000,1.242574,0.678701
31872,5,0.125000,0.776810,24,0,1000.000,1.430786,0.678746
31872,6,0.125000,0.767982,33,0,1000.000,1.561537,0.665128
31872,7,0.125000,0.803681,32,0,1000.000,1.561881,0.663468
31920,0,0.125000,0.868250,19,0,1000.000,1.405486,0.661361
31920,1,0.125000,0.817160,17,0,1000.000,1.335865,0.677212
31920,2,0.125000,0.641873,17,0,1000.000,1.420297,0.663527
31920,3,0.125000,0.807572,22,0,1000.000,1.142639,0.676616
31920,4,0.125000,0.831913,21,0,1000.000,1.875067,0.651925
31920,5,0.125000,0.928403,21,0,1000.000,1.631496,0.668196
31920,6,0.125000,0.858306,22,0,1000.000,1.376074,0.682833
31920,7,0.125000,0.819414,21,1,955.333,1.518932,0.670406
31968,0,0.125000,0.651165,21,0,1000.000,1.307259,0.666203
31968,1,0.125000,0.869949,22,0,1000.000,1.645274,0.672405
31968,2,0.125000,0.848307,27,0,1000.000,1.550422,0.675737
31968,3,0.125000,0.692470,28,0,1000.000,1.279155,0.673173
31968,4,0.125000,0.864781,22,0,1000.000,1.614529,0.675122
31968,5,0.125000,0.704800,18,0,1000.000,1.930036,0.641137
31968,6,0.125000,0.770020,20,0,1000.000,1.376099,0.666993
31968,7,0.125000,0.781624,20,1,987.000,1.449833,0.668247
32064,0,0.125000,0.886725,43,0,1000.000,1.441319,0.682998
32064,1,0.125000,0.862252,43,0,1000.000,1.343413,0.672364
32064,2,0.125000,0.770728,51,0,1000.000,1.552798,0.664165
32064,3,0.125000,0.813574,48,0,1000.000,1.298837,0.682391
32064,4,0.125000,0.790358,55,0,1000.000,1.499241,0.667382
32064,5,0.125000,0.768042,46,0,1000.000,1.549912,0.667735
32064,6,0.125000,0.759602,46,0,1000.000,1.581503,0.680363
32064,7,0.125000,0.720080,52,1,986.077,1.469589,0.669179
32112,0,0.125000,0.874519,15,0,1000.000,1.717844,0.666280
32112,1,0.125000,0.873950,27,0,1000.000,1.327826,0.692676
32112,2,0.125000,0.808459,17,0,1000.000,1.496043,0.658345
32112,3,0.125000,0.808970,22,0,1000.000,1.227949,0.679148
32112,4,0.125000,0.667236,25,0,1000.000,1.155597,0.671634
32112,5,0.125000,0.861750,21,0,1000.000,1.589200,0.674743
32112,6,0.125000,0.814751,20,0,1000.000,0.974535,0.696737
32112,7,0.125000,0.793003,24,0,1000.000,1.735329,0.644877
32160,0,0.125000,0.786087,32,0,1000.000,1.204062,0.685292
32160,1,0.125000,0.826349,28,0,1000.000,1.484588,0.667514
32160,2,0.125000,0.883371,30,0,1000.000,1.728920,0.654973
32160,3,0.125000,0.679766,24,0,1000.000,1.339193,0.664046
32160,4,0.125000,0.857885,36,0,1000.000,1.755449,0.674941
32160,5,0.125000,0.779861,27,0,1000.000,1.634364,0.665491
32160,6,0.125000,0.804062,28,0,1000.000,1.310466,0.671362
32160,7,0.125000,0.813186,33,0,1000.000,1.481553,0.669228
32208,0,0.125000,0.779738,38,0,1000.000,1.516613,0.664575
32208,1,0.125000,0.786944,32,0,1000.000,1.324479,0.672747
32208,2,0.125000,0.864181,43,0,1000.000,1.495207,0.664783
32208,3,0.125000,0.756791,34,0,1000.000,1.481785,0.663354
32208,4,0.125000,0.861488,31,0,1000.000,1.465370,0.684984
32208,5,0.125000,0.845863,34,0,1000.000,1.395160,0.677822
32208,6,0.125000,0.815674,24,0,1000.000,1.469366,0.674157
32208,7,0.125000,0.782858,26,0,1000.000,1.445356,0.673756
32256,0,0.125000,0.825793,35,0,1000.000,1.383925,0.670148
32256,1,0.125000,0.825493,33,0,1000.000,1.318506,0.665777
32256,2,0.125000,0.833709,36,0,1000.000,1.660734,0.665040
32256,3,0.125000,0.795622,32,0,1000.000,1.598560,0.675238
32256,4,0.125000,0.757698,30,0,1000.000,1.514971,0.664336
32256,5,0.125000,0.903709,26,0,1000.000,1.723464,0.662605
32256,6,0.125000,0.789012,28,0,1000.000,1.321983,0.662481
32256,7,0.125000,0.631039,33,0,1000.000,1.408530,0.671460
32304,0,0.125000,0.805194,23,0,1000.000,1.781573,0.652657
32304,1,0.125000,0.879240,35,0,1000.000,1.525963,0.678464
32304,2,0.125000,0.882455,25,0,1000.000,1.665783,0.666691
32304,3,0.125000,0.759770,26,0,1000.000,1.502982,0.665404
32304,4,0.125000,0.910591,34,0,1000.000,1.493430,0.685459
32304,5,0.125000,0.798977,30,0,1000.000,1.593762,0.681957
32304,6,0.125000,0.904315,39,0,1000.000,1.502642,0.673234
32304,7,0.125000,0.650903,35,0,1000.000,1.339723,0.669013
32352,0,0.125000,0.804958,26,0,1000.000,1.465668,0.673989
32352,1,0.125000,0.805567,32,0,1000.000,1.434271,0.678862
32352,2,0.125000,0.835206,35,0,1000.000,1.711688,0.666755
32352,3,0.125000,0.822878,30,0,1000.000,1.635093,0.670671
32352,4,0.125000,0.708032,32,0,1000.000,1.439371,0.670463
32352,5,0.125000,0.792297,40,0,1000.000,1.404708,0.680943
32352,6,0.125000,0.680419,22,0,1000.000,1.283821,0.669709
32352,7,0.125000,0.875616,44,0,1000.000,1.592468,0.663592
32400,0,0.125000,0.790850,28,0,1000.000,1.387933,0.670993
32400,1,0.125000,0.843405,26,0,1000.000,1.688648,0.660942
32400,2,0.125000,0.914046,32,0,1000.000,1.763735,0.680764
32400,3,0.125000,0.778875,24,0,1000.000,1.329394,0.670004
32400,4,0.125000,0.741431,21,0,1000.000,1.440627,0.662358
32400,5,0.125000,0.737634,21,0,1000.000,1.666328,0.664514
32400,6,0.125000,0.763713,20,0,1000.000,1.545402,0.664941
32400,7,0.125000,0.813694,27,0,1000.000,1.566908,0.664497
32448,0,0.125000,0.777491,27,0,1000.000,1.595948,0.654854
32448,1,0.125000,0.878568,20,0,1000.000,1.705231,0.672782
32448,2,0.125000,0.809861,28,0,1000.000,1.471611,0.663279
32448,3,0.125000,0.743493,26,0,1000.000,1.427924,0.667532
32448,4,0.125000,0.744330,26,0,1000.000,1.566244,0.668088
32448,5,0.125000,0.728961,26,0,1000.000,1.461370,0.653852
32448,6,0.125000,0.767410,23,0,1000.000,1.426302,0.669781
32448,7,0.125000,0.702487,22,0,1000.000,1.500865,0.663502
32496,0,0.125000,0.831525,47,1,992.851,1.605861,0.666970
32496,1,0.125000,0.891501,28,0,1000.000,1.591114,0.677245
32496,2,0.125000,0.865633,35,0,1000.000,1.664799,0.658434
32496,3,0.125000,0.880972,30,0,1000.000,1.281191,0.686394
32496,4,0.125000,0.851227,47,0,1000.000,1.350765,0.677465
32496,5,0.125000,0.924655,26,0,1000.000,1.419345,0.675318
32496,6,0.125000,0.750610,33,0,1000.000,1.529666,0.667466
32496,7,0.125000,0.857642,36,0,1000.000,1.447357,0.678935
32544,0,0.125000,0.938275,23,0,1000.000,1.531754,0.676001
32544,1,0.125000,0.880075,20,0,1000.000,1.508873,0.667492
32544,2,0.125000,0.709832,25,1,962.160,1.221974,0.652114
32544,3,0.125000,0.818877,20,0,1000.000,1.598213,0.672858
32544,4,0.125000,0.648374,20,0,1000.000,1.268133,0.678151
32544,5,0.125000,0.929254,18,0,1000.000,1.574481,0.683778
32544,6,0.125000,0.643603,22,0,1000.000,1.574199,0.660163
32544,7,0.125000,0.923658,18,0,1000.000,1.717069,0.673761
32592,0,0.125000,0.856353,23,0,1000.000,1.261836,0.668646
32592,1,0.125000,0.778928,20,0,1000.000,1.603969,0.659576
32592,2,0.125000,0.696295,14,0,1000.000,1.486248,0.676764
32592,3,0.125000,0.841993,21,0,1000.000,1.243670,0.686315
32592,4,0.125000,0.787712,16,0,1000.000,1.452497,0.666692
32592,5,0.125000,0.848221,15,0,1000.000,1.831565,0.653061
32592,6,0.125000,0.847792,20,0,1000.000,1.478426,0.678563
32592,7,0.125000,0.681896,22,0,1000.000,1.206588,0.680804
32640,0,0.125000,0.929020,23,0,1000.000,1.535863,0.685548
32640,1,0.125000,0.834754,21,0,1000.000,1.534905,0.662890
32640,2,0.125000,0.704390,24,0,1000.000,1.782887,0.660851
32640,3,0.125000,0.828648,24,0,1000.000,1.898012,0.670460
32640,4,0.125000,0.699425,23,0,1000.000,1.513875,0.665778
32640,5,0.125000,0.834662,18,0,1000.000,1.358724,0.680405
32640,6,0.125000,0.795888,22,0,1000.000,1.494863,0.676903
32640,7,0.125000,0.781543,20,0,1000.000,1.201396,0.677921
32688,0,0.125000,0.797687,33,0,1000.000,1.495629,0.676127
32688,1,0.125000,0.853964,35,1,997.600,1.517574,0.664915
32688,2,0.125000,0.835917,30,0,1000.000,1.414791,0.673277
32688,3,0.125000,0.795929,21,0,1000.000,1.381636,0.680746
32688,4,0.125000,0.692047,35,0,1000.000,1.327725,0.673442
32688,5,0.125000,0.880880,20,0,1000.000,1.720574,0.671313
32688,6,0.125000,0.723885,35,0,1000.000,1.213896,0.674327
32688,7,0.125000,0.778838,30,0,1000.000,1.576061,0.649515
32736,0,0.125000,0.801500,27,0,1000.000,1.208622,0.674813
32736,1,0.125000,0.775202,15,0,1000.000,1.741521,0.652211
32736,2,0.125000,0.851359,21,0,1000.000,1.749041,0.658909
32736,3,0.125000,0.839347,24,0,1000.000,1.572505,0.668080
32736,4,0.125000,0.780920,21,0,1000.000,1.412704,0.659428
32736,5,0.125000,0.724140,19,0,1000.000,1.489007,0.670219
32736,6,0.125000,0.849177,22,0,1000.000,1.817172,0.653790
32736,7,0.125000,0.778107,20,0,1000.000,1.480265,0.666607
32784,0,0.125000,0.772128,18,0,1000.000,1.213966,0.663310
32784,1,0.125000,0.829921,25,0,1000.000,1.677552,0.664059
32784,2,0.125000,0.861470,13,0,1000.000,1.261422,0.689629
32784,3,0.125000,0.921421,15,0,1000.000,1.719933,0.663871
32784,4,0.125000,0.832050,17,0,1000.000,1.715621,0.665050
32784,5,0.125000,0.803622,25,0,1000.000,1.038747,0.695594
32784,6,0.125000,0.790703,16,0,1000.000,1.730243,0.655026
32784,7,0.125000,0.814694,21,0,1000.000,1.550349,0.669507
32832,0,0.125000,0.931156,15,1,949.200,1.462470,0.647247
32832,1,0.125000,0.777910,6,0,1000.000,1.325966,0.679824
32832,2,0.125000,0.658668,11,0,1000.000,1.252742,0.656348
32832,3,0.125000,0.795872,21,0,1000.000,1.539955,0.673830
32832,4,0.125000,0.883831,15,0,1000.000,1.888323,0.644589
32832,5,0.125000,0.778527,21,0,1000.000,1.609005,0.664788
32832,6,0.125000,0.884255,14,0,1000.000,1.090139,0.678381
32832,7,0.125000,0.808812,14,0,1000.000,1.225652,0.679440
32880,0,0.125000,0.731218,14,1,973.929,1.213254,0.662044
32880,1,0.125000,0.944623,14,0,1000.000,1.403476,0.695939
32880,2,0.125000,0.855434,10,0,1000.000,1.093533,0.681153
32880,3,0.125000,0.891753,11,0,1000.000,1.817197,0.635434
32880,4,0.125000,0.850355,27,0,1000.000,1.545196,0.679624
32880,5,0.125000,0.831801,13,0,1000.000,1.678678,0.657353
32880,6,0.125000,0.867474,15,0,1000.000,1.595535,0.669659
32880,7,0.125000,0.751505,21,0,1000.000,1.881194,0.643575
32928,0,0.125000,0.845685,20,1,952.750,1.585705,0.649289
32928,1,0.125000,0.885710,23,0,1000.000,1.530960,0.675547
32928,2,0.125000,0.934486,12,0,1000.000,1.500099,0.686900
32928,3,0.125000,0.748199,19,0,1000.000,1.375094,0.671447
32928,4,0.125000,0.812310,23,0,1000.000,1.351480,0.672441
32928,5,0.125000,0.733939,24,0,1000.000,1.286613,0.659651
32928,6,0.125000,0.826056,18,0,1000.000,1.445108,0.686112
32928,7,0.125000,0.886135,21,0,1000.000,1.487884,0.675086
32976,0,0.125000,0.737744,24,0,1000.000,1.294950,0.679847
32976,1,0.125000,0.889249,25,0,1000.000,1.402144,0.667586
32976,2,0.125000,0.672347,18,0,1000.000,1.391112,0.672649
32976,3,0.125000,0.688614,15,0,1000.000,1.208359,0.685706
32976,4,0.125000,0.860057,29,0,1000.000,1.511652,0.671576
32976,5,0.125000,0.812571,24,0,1000.000,1.615851,0.669013
32976,6,0.125000,0.680473,24,0,1000.000,1.452172,0.666842
32976,7,0.125000,0.790608,19,0,1000.000,1.331425,0.673196
33024,0,0.125000,0.815944,24,0,1000.000,1.378579,0.671352
33024,1,0.125000,0.782954,18,0,1000.000,1.082759,0.674343
33024,2,0.125000,0.812196,26,0,1000.000,1.671211,0.675729
33024,3,0.125000,0.849112,27,0,1000.000,1.614448,0.679721
33024,4,0.125000,0.810729,25,0,1000.000,1.529096,0.676642
33024,5,0.125000,0.891377,41,0,1000.000,1.735698,0.674370
33024,6,0.125000,0.762173,21,0,1000.000,1.440746,0.684058
33024,7,0.125000,0.812174,25,0,1000.000,1.535142,0.672017
33072,0,0.125000,0.752481,20,0,1000.000,1.271743,0.672357
33072,1,0.125000,0.802481,27,0,1000.000,1.699427,0.653154
33072,2,0.125000,0.820694,18,0,1000.000,1.695545,0.667927
33072,3,0.125000,0.708283,23,0,1000.000,1.352682,0.675488
33072,4,0.125000,0.715314,24,0,1000.000,1.384771,0.676852
33072,5,0.125000,0.598073,25,0,1000.000,1.161633,0.673886
33072,6,0.125000,0.851045,23,0,1000.000,1.715146,0.665178
33072,7,0.125000,0.909267,21,0,1000.000,1.582662,0.674194
33120,0,0.125000,0.867759,23,0,1000.000,1.851658,0.662364
33120,1,0.125000,0.666784,27,0,1000.000,1.443484,0.660662
33120,2,0.125000,0.699969,21,0,1000.000,1.406090,0.667936
33120,3,0.125000,0.862918,24,0,1000.000,1.753574,0.667165
33120,4,0.125000,0.821469,17,0,1000.000,1.848630,0.674130
33120,5,0.125000,0.846685,25,0,1000.000,1.504176,0.667078
33120,6,0.125000,0.737190,19,0,1000.000,1.542770,0.662126
33120,7,0.125000,0.760076,21,0,1000.000,1.284127,0.676306
33168,0,0.125000,0.788227,29,0,1000.000,1.615168,0.672056
33168,1,0.125000,0.759530,25,0,1000.000,1.473762,0.673347
33168,2,0.125000,0.832378,36,0,1000.000,1.535700,0.680946
33168,3,0.125000,0.763722,32,1,970.031,1.322336,0.676123
33168,4,0.125000,0.854958,29,0,1000.000,1.210369,0.689300
33168,5,0.125000,0.823238,29,0,1000.000,1.623100,0.666471
33168,6,0.125000,0.805768,31,0,1000.000,1.517538,0.681794
33168,7,0.125000,0.798935,27,0,1000.000,1.335693,0.669672
33216,0,0.125000,0.818012,27,0,1000.000,1.534680,0.673634
33216,1,0.125000,0.832520,41,0,1000.000,1.493092,0.676422
33216,2,0.125000,0.825337,36,0,1000.000,1.400239,0.671209
33216,3,0.125000,0.837371,34,0,1000.000,1.633809,0.658473
33216,4,0.125000,0.794280,35,0,1000.000,1.488104,0.674848
33216,5,0.125000,0.808639,27,0,1000.000,1.304333,0.687893
33216,6,0.125000,0.812958,32,0,1000.000,1.452972,0.671405
33216,7,0.125000,0.799380,40,0,1000.000,1.576893,0.668027
33264,0,0.125000,0.858355,25,0,1000.000,1.382848,0.670003
33264,1,0.125000,0.878128,31,0,1000.000,1.367391,0.683682
33264,2,0.125000,0.777934,31,0,1000.000,1.241287,0.676093
33264,3,0.125000,0.874376,32,0,1000.000,1.558048,0.650870
33264,4,0.125000,0.760313,35,0,1000.000,1.444643,0.681378
33264,5,0.125000,0.788600,31,0,1000.000,1.788774,0.659969
33264,6,0.125000,0.799066,35,0,1000.000,1.456040,0.680309
33264,7,0.125000,0.825110,31,0,1000.000,1.620967,0.670095
33312,0,0.125000,0.827929,31,0,1000.000,1.051346,0.689434
33312,1,0.125000,0.840640,36,0,1000.000,1.524960,0.670859
33312,2,0.125000,0.819128,30,1,968.067,1.524515,0.676792
33312,3,0.125000,0.811900,31,0,1000.000,1.367748,0.674921
33312,4,0.125000,0.783159,26,0,1000.000,1.523504,0.665125
33312,5,0.125000,0.758226,35,1,973.057,1.524601,0.664395
33312,6,0.125000,0.872388,27,0,1000.000,1.499908,0.694329
33312,7,0.125000,0.727156,32,0,1000.000,1.281298,0.685040
33360,0,0.125000,0.792600,35,0,1000.000,1.501244,0.676612
33360,1,0.125000,0.658571,36,0,1000.000,1.229591,0.669572
33360,2,0.125000,0.834988,32,0,1000.000,1.489440,0.668743
33360,3,0.125000,0.743470,29,0,1000.000,1.302586,0.670516
33360,4,0.125000,0.910429,32,0,1000.000,1.328727,0.683465
33360,5,0.125000,0.753954,40,0,1000.000,1.479919,0.670305
33360,6,0.125000,0.781446,33,0,1000.000,1.669540,0.672206
33360,7,0.125000,0.833169,32,0,1000.000,1.653858,0.661628
33408,0,0.125000,0.764336,24,0,1000.000,1.573981,0.669868
33408,1,0.125000,0.743631,20,0,1000.000,1.691957,0.645915
33408,2,0.125000,0.767407,25,0,1000.000,1.405554,0.671949
33408,3,0.125000,0.748479,21,0,1000.000,1.517173,0.668525
33408,4,0.125000,0.815014,30,1,967.933,1.747999,0.662680
33408,5,0.125000,0.783116,21,0,1000.000,1.270619,0.656536
33408,6,0.125000,0.809091,19,0,1000.000,1.685476,0.664324
33408,7,0.125000,0.640545,22,0,1000.000,1.123252,0.687494
33456,0,0.125000,0.828588,32,0,1000.000,1.420352,0.676085
33456,1,0.125000,0.794019,23,0,1000.000,1.440368,0.673151
33456,2,0.125000,0.686266,20,0,1000.000,1.384145,0.660536
33456,3,0.125000,0.833656,25,0,1000.000,1.607909,0.680232
33456,4,0.125000,0.793575,29,0,1000.000,1.488804,0.676002
33456,5,0.125000,0.876747,33,0,1000.000,1.583063,0.664599
33456,6,0.125000,0.811481,33,0,1000.000,1.553714,0.655211
33456,7,0.125000,0.779813,21,0,1000.000,1.666919,0.663062
33504,0,0.125000,0.783982,35,0,1000.000,1.536844,0.668996
33504,1,0.125000,0.859798,27,0,1000.000,1.645500,0.672500
33504,2,0.125000,0.776956,37,0,1000.000,1.447033,0.680032
33504,3,0.125000,0.664379,24,1,960.042,1.204220,0.655174
33504,4,0.125000,0.776703,28,0,1000.000,1.406475,0.677206
33504,5,0.125000,0.800233,36,0,1000.000,1.417112,0.677354
33504,6,0.125000,0.784278,38,0,1000.000,1.413593,0.679962
33504,7,0.125000,0.859646,38,0,1000.000,1.470202,0.673842
33552,0,0.125000,0.928031,23,0,1000.000,1.443736,0.686324
33552,1,0.125000,0.863092,21,0,1000.000,1.765925,0.667995
33552,2,0.125000,0.892959,21,0,1000.000,1.222961,0.682998
33552,3,0.125000,0.800771,21,0,1000.000,1.465420,0.679460
33552,4,0.125000,0.791386,12,0,1000.000,1.898345,0.648667
33552,5,0.125000,0.729388,16,0,1000.000,1.541164,0.673968
33552,6,0.125000,0.771837,25,0,1000.000,1.565929,0.665740
33552,7,0.125000,0.867558,24,0,1000.000,1.454173,0.683479
33600,0,0.125000,0.800819,18,2,915.000,1.496653,0.645198
33600,1,0.125000,0.758620,19,0,1000.000,1.283803,0.663519
33600,2,0.125000,0.823089,17,0,1000.000,1.365618,0.682481
33600,3,0.125000,0.783257,22,0,1000.000,1.904757,0.647223
33600,4,0.125000,0.794763,15,0,1000.000,1.678805,0.673566
33600,5,0.125000,0.854515,21,0,1000.000,1.448765,0.680956
33600,6,0.125000,0.874550,20,0,1000.000,1.729244,0.665139
33600,7,0.125000,0.804643,15,0,1000.000,1.421264,0.672765
33648,0,0.125000,0.720788,31,0,1000.000,1.134268,0.675153
33648,1,0.125000,0.765633,29,0,1000.000,1.409324,0.677686
33648,2,0.125000,0.855894,20,0,1000.000,1.276229,0.679234
33648,3,0.125000,0.743662,22,0,1000.000,1.494118,0.677554
33648,4,0.125000,0.820773,23,0,1000.000,1.309547,0.674298
33648,5,0.125000,0.758675,18,0,1000.000,1.669353,0.665745
33648,6,0.125000,0.824932,24,0,1000.000,1.396497,0.695472
33648,7,0.125000,0.853528,25,0,1000.000,1.534523,0.692307
33696,0,0.125000,0.747805,25,0,1000.000,1.625972,0.661094
33696,1,0.125000,0.819801,36,0,1000.000,1.508038,0.683994
33696,2,0.125000,0.767424,35,0,1000.000,1.411639,0.680240
33696,3,0.125000,0.763443,30,0,1000.000,1.385086,0.686105
33696,4,0.125000,0.705229,25,0,1000.000,1.159923,0.673644
33696,5,0.125000,0.753491,23,0,1000.000,1.340972,0.680910
33696,6,0.125000,0.779684,25,0,1000.000,1.254529,0.684924
33696,7,0.125000,0.754926,29,0,1000.000,1.356196,0.680430
33744,0,0.125000,0.832839,20,0,1000.000,1.926714,0.644002
33744,1,0.125000,0.875165,18,0,1000.000,1.679261,0.675892
33744,2,0.125000,0.903012,25,0,1000.000,1.783139,0.657755
33744,3,0.125000,0.848336,31,0,1000.000,1.564265,0.672628
33744,4,0.125000,0.776198,13,0,1000.000,1.312678,0.658766
33744,5,0.125000,0.851715,19,0,1000.000,1.870827,0.650623
33744,6,0.125000,0.746029,20,0,1000.000,1.328559,0.674954
33744,7,0.125000,0.830657,16,0,1000.000,1.071743,0.676691
33792,0,0.125000,0.850370,20,0,1000.000,1.497440,0.672925
33792,1,0.125000,0.874573,22,0,1000.000,1.707314,0.668140
33792,2,0.125000,0.879114,23,0,1000.000,1.587466,0.662602
33792,3,0.125000,0.781081,16,0,1000.000,1.619024,0.663627
33792,4,0.125000,0.846750,15,0,1000.000,1.919484,0.651358
33792,5,0.125000,0.752387,22,0,1000.000,1.240119,0.660593
33792,6,0.125000,0.794038,19,0,1000.000,1.516262,0.667195
33792,7,0.125000,0.876906,14,0,1000.000,1.656067,0.678262
33840,0,0.125000,0.764950,13,0,1000.000,1.405746,0.682379
33840,1,0.125000,0.761967,5,0,1000.000,1.055230,0.710426
33840,2,0.125000,0.748590,22,0,1000.000,1.299806,0.679779
33840,3,0.125000,0.931826,9,0,1000.000,1.219192,0.673100
33840,4,0.125000,0.845453,17,0,1000.000,2.052027,0.667543
33840,5,0.125000,0.826485,16,0,1000.000,1.308257,0.697523
33840,6,0.125000,0.812531,18,0,1000.000,1.601232,0.659864
33840,7,0.125000,0.805910,17,0,1000.000,1.640803,0.679201
33888,0,0.125000,0.900509,25,0,1000.000,1.337180,0.684673
33888,1,0.125000,0.940524,8,0,1000.000,1.343292,0.676073
33888,2,0.125000,0.896051,19,0,1000.000,1.993644,0.666727
33888,3,0.125000,0.760591,12,0,1000.000,1.449383,0.682231
33888,4,0.125000,0.800660,22,0,1000.000,1.514922,0.684868
33888,5,0.125000,0.780684,13,0,1000.000,1.444302,0.678578
33888,6,0.125000,0.844243,13,0,1000.000,1.608634,0.685794
33888,7,0.125000,0.878835,15,0,1000.000,1.697382,0.679832
33936,0,0.125000,0.797458,19,0,1000.000,1.568105,0.666413
33936,1,0.125000,0.766370,22,0,1000.000,1.981426,0.643531
33936,2,0.125000,0.679142,20,0,1000.000,1.307427,0.671408
33936,3,0.125000,0.796913,27,0,1000.000,1.491698,0.672123
33936,4,0.125000,0.858722,17,0,1000.000,1.724313,0.668592
33936,5,0.125000,0.851836,12,0,1000.000,1.433992,0.675631
33936,6,0.125000,0.782938,22,0,1000.000,1.657610,0.670668
33936,7,0.125000,0.691675,17,1,988.765,1.440852,0.660300
33984,0,0.125000,0.875142,28,0,1000.000,1.365463,0.683967
33984,1,0.125000,0.884416,16,0,1000.000,1.353148,0.685045
33984,2,0.125000,0.711095,16,0,1000.000,1.283251,0.689069
33984,3,0.125000,0.676905,34,0,1000.000,1.296965,0.680168
33984,4,0.125000,0.826790,21,0,1000.000,1.545220,0.663853
33984,5,0.125000,0.890259,27,0,1000.000,1.661846,0.673571
33984,6,0.125000,0.710772,29,0,1000.000,1.563579,0.666584
33984,7,0.125000,0.730419,28,0,1000.000,1.542647,0.663284
34032,0,0.125000,0.793910,28,0,1000.000,1.264041,0.673431
34032,1,0.125000,0.840091,22,1,981.136,1.507747,0.677792
34032,2,0.125000,0.891651,21,0,1000.000,1.532525,0.688423
34032,3,0.125000,0.789197,29,0,1000.000,1.358210,0.670709
34032,4,0.125000,0.711688,21,0,1000.000,1.425314,0.691268
34032,5,0.125000,0.831662,33,0,1000.000,1.535305,0.662057
34032,6,0.125000,0.728996,23,0,1000.000,1.339558,0.692178
34032,7,0.125000,0.836226,35,0,1000.000,1.294958,0.687295
34080,0,0.125000,0.857592,24,0,1000.000,1.347617,0.671318
34080,1,0.125000,0.929693,19,0,1000.000,1.611181,0.688560
34080,2,0.125000,0.865985,15,0,1000.000,1.446432,0.681033
34080,3,0.125000,0.857689,17,0,1000.000,1.857288,0.673236
34080,4,0.125000,0.780049,20,0,1000.000,1.279961,0.660493
34080,5,0.125000,0.759853,17,0,1000.000,1.571399,0.663109
34080,6,0.125000,0.725212,30,0,1000.000,1.527273,0.672524
34080,7,0.125000,0.796129,16,0,1000.000,1.685601,0.680102
34128,0,0.125000,0.894138,19,0,1000.000,1.754096,0.660325
34128,1,0.125000,0.834407,35,0,1000.000,1.499577,0.684915
34128,2,0.125000,0.827808,21,0,1000.000,1.444331,0.673793
34128,3,0.125000,0.755881,23,0,1000.000,1.891995,0.648613
34128,4,0.125000,0.761791,21,0,1000.000,1.226516,0.696408
34128,5,0.125000,0.827521,19,0,1000.000,1.477656,0.680011
34128,6,0.125000,0.808653,15,0,1000.000,1.542251,0.678575
34128,7,0.125000,0.848428,31,0,1000.000,1.762904,0.664351
34176,0,0.125000,0.819079,30,2,968.900,1.492828,0.658482
34176,1,0.125000,0.750579,28,0,1000.000,1.532501,0.670273
34176,2,0.125000,0.877974,28,0,1000.000,1.752479,0.662426
34176,3,0.125000,0.865132,31,0,1000.000,1.487357,0.680443
34176,4,0.125000,0.831745,24,0,1000.000,1.720036,0.671337
34176,5,0.125000,0.757425,38,0,1000.000,1.722742,0.657267
34176,6,0.125000,0.879786,34,0,1000.000,1.555488,0.685705
34176,7,0.125000,0.888952,35,0,1000.000,1.376519,0.687096
34224,0,0.125000,0.874347,29,0,1000.000,1.253919,0.680247
34224,1,0.125000,0.831535,37,0,1000.000,1.713968,0.655448
34224,2,0.125000,0.811134,32,0,1000.000,1.482083,0.675142
34224,3,0.125000,0.766636,31,0,1000.000,1.498190,0.669371
34224,4,0.125000,0.760451,34,0,1000.000,1.282786,0.663252
34224,5,0.125000,0.864188,32,0,1000.000,1.666226,0.671201
34224,6,0.125000,0.887201,51,0,1000.000,1.546203,0.669802
34224,7,0.125000,0.821113,26,0,1000.000,1.783220,0.660731
34272,0,0.125000,0.850490,26,0,1000.000,1.451347,0.674607
34272,1,0.125000,0.746720,27,0,1000.000,1.752286,0.652043
34272,2,0.125000,0.799222,31,0,1000.000,1.602745,0.665904
34272,3,0.125000,0.813078,35,0,1000.000,1.372375,0.675792
34272,4,0.125000,0.756152,31,0,1000.000,1.734013,0.669294
34272,5,0.125000,0.724985,27,0,1000.000,1.843209,0.663176
34272,6,0.125000,0.791724,33,0,1000.000,1.603354,0.664763
34272,7,0.125000,0.880735,32,0,1000.000,1.748312,0.665644
34320,0,0.125000,0.871018,37,0,1000.000,1.443779,0.686232
34320,1,0.125000,0.827791,33,0,1000.000,1.588596,0.673371
34320,2,0.125000,0.751907,29,0,1000.000,1.539770,0.671611
34320,3,0.125000,0.834363,30,0,1000.000,1.465594,0.670114
34320,4,0.125000,0.782932,37,0,1000.000,1.736073,0.658831
34320,5,0.125000,0.888682,22,0,1000.000,1.365015,0.667023
34320,6,0.125000,0.848396,32,0,1000.000,1.544616,0.670670
34320,7,0.125000,0.774260,34,0,1000.000,1.429910,0.690192
34368,0,0.125000,0.830119,36,0,1000.000,1.533192,0.671981
34368,1,0.125000,0.803510,33,0,1000.000,1.573435,0.683342
34368,2,0.125000,0.793334,31,0,1000.000,1.583066,0.657521
34368,3,0.125000,0.816252,35,0,1000.000,1.578348,0.663809
34368,4,0.125000,0.769341,29,0,1000.000,1.417662,0.682366
34368,5,0.125000,0.764057,31,0,1000.000,1.598825,0.674067
34368,6,0.125000,0.836860,32,0,1000.000,1.492453,0.673807
34368,7,0.125000,0.806548,33,0,1000.000,1.655559,0.688084
34416,0,0.125000,0.798215,21,0,1000.000,1.228533,0.680818
34416,1,0.125000,0.760878,19,0,1000.000,1.353631,0.670408
34416,2,0.125000,0.882419,26,0,1000.000,2.168057,0.642486
34416,3,0.125000,0.783388,24,0,1000.000,1.355082,0.672271
34416,4,0.125000,0.812501,14,0,1000.000,2.075770,0.651771
34416,5,0.125000,0.903099,28,0,1000.000,1.698488,0.670916
34416,6,0.125000,0.842293,21,0,1000.000,1.425147,0.673095
34416,7,0.125000,0.924284,18,0,1000.000,1.858269,0.657069
34464,0,0.125000,0.840455,22,0,1000.000,1.452898,0.662208
34464,1,0.125000,0.733815,29,0,1000.000,1.281218,0.670376
34464,2,0.125000,0.869806,24,0,1000.000,1.178465,0.686525
34464,3,0.125000,0.888530,19,0,1000.000,1.246590,0.681416
34464,4,0.125000,0.907035,33,0,1000.000,1.572476,0.675664
34464,5,0.125000,0.820307,30,0,1000.000,1.659724,0.655342
34464,6,0.125000,0.888982,42,0,1000.000,1.439540,0.668644
34464,7,0.125000,0.804120,36,1,973.778,1.364479,0.682068
34512,0,0.125000,0.851998,34,1,976.176,1.402248,0.674956
34512,1,0.125000,0.818818,40,0,1000.000,1.611202,0.667528
34512,2,0.125000,0.771362,30,0,1000.000,1.393749,0.682904
34512,3,0.125000,0.731207,28,0,1000.000,1.597479,0.668455
34512,4,0.125000,0.774235,41,0,1000.000,1.545733,0.662354
34512,5,0.125000,0.848494,30,0,1000.000,1.453552,0.692224
34512,6,0.125000,0.829403,22,0,1000.000,1.430305,0.673449
34512,7,0.125000,0.762587,25,0,1000.000,1.415067,0.671143
34560,0,0.125000,0.833184,23,0,1000.000,1.641586,0.667894
34560,1,0.125000,0.840798,25,0,1000.000,1.515787,0.679905
34560,2,0.125000,0.890510,22,0,1000.000,1.335015,0.681188
34560,3,0.125000,0.841483,14,0,1000.000,1.675726,0.674518
34560,4,0.125000,0.846290,18,0,1000.000,1.336166,0.685376
34560,5,0.125000,0.782328,14,0,1000.000,1.585609,0.660111
34560,6,0.125000,0.714793,23,0,1000.000,1.620896,0.668688
34560,7,0.125000,0.832846,20,0,1000.000,1.642809,0.670900
34656,0,0.125000,0.761361,48,0,1000.000,1.319233,0.683520
34656,1,0.125000,0.857600,45,0,1000.000,1.444563,0.681456
34656,2,0.125000,0.747706,40,1,976.300,1.338341,0.675604
34656,3,0.125000,0.743146,45,0,1000.000,1.434590,0.683647
34656,4,0.125000,0.780497,43,0,1000.000,1.238216,0.684133
34656,5,0.125000,0.890723,42,0,1000.000,1.705505,0.676540
34656,6,0.125000,0.873481,42,0,1000.000,1.648568,0.660094
34656,7,0.125000,0.828281,51,0,1000.000,1.713724,0.672820
34704,0,0.125000,0.820184,33,0,1000.000,1.347426,0.671647
34704,1,0.125000,0.788001,29,0,1000.000,1.636445,0.664400
34704,2,0.125000,0.884194,28,0,1000.000,1.590522,0.663500
34704,3,0.125000,0.739138,34,0,1000.000,1.482714,0.671237
34704,4,0.125000,0.766568,32,0,1000.000,1.177576,0.683661
34704,5,0.125000,0.809167,23,0,1000.000,1.759277,0.659173
34704,6,0.125000,0.853934,18,0,1000.000,1.599635,0.661223
34704,7,0.125000,0.912785,32,0,1000.000,1.575822,0.684884
34752,0,0.125000,0.863346,14,0,1000.000,1.303743,0.662038
34752,1,0.125000,0.868838,20,0,1000.000,1.640543,0.674740
34752,2,0.125000,0.797008,17,1,944.824,1.187576,0.650958
34752,3,0.125000,0.869757,21,0,1000.000,1.663324,0.677422
34752,4,0.125000,0.828544,21,0,1000.000,1.457544,0.664611
34752,5,0.125000,0.883822,20,0,1000.000,1.425008,0.679694
34752,6,0.125000,0.915469,9,0,1000.000,2.065905,0.656288
34752,7,0.125000,0.812845,23,0,1000.000,1.301533,0.689241
34800,0,0.125000,0.880244,18,0,1000.000,1.455562,0.679297
34800,1,0.125000,0.815918,20,0,1000.000,1.563393,0.656577
34800,2,0.125000,0.793318,18,0,1000.000,1.094494,0.683132
34800,3,0.125000,0.748847,20,0,1000.000,1.331222,0.665073
34800,4,0.125000,0.829985,12,0,1000.000,1.705130,0.688426
34800,5,0.125000,0.803581,20,0,1000.000,1.235646,0.682731
34800,6,0.125000,0.819111,24,0,1000.000,1.396862,0.685164
34800,7,0.125000,0.718815,20,1,959.700,1.667247,0.640963
34848,0,0.125000,0.938196,11,0,1000.000,1.654239,0.666078
34848,1,0.125000,0.611220,7,0,1000.000,1.324705,0.643162
34848,2,0.125000,0.781922,14,0,1000.000,1.107810,0.684916
34848,3,0.125000,0.871584,13,0,1000.000,1.566635,0.673051
34848,4,0.125000,0.871190,14,0,1000.000,1.450207,0.670974
34848,5,0.125000,0.769839,12,0,1000.000,1.480388,0.676147
34848,6,0.125000,0.779250,17,0,1000.000,1.141134,0.667684
34848,7,0.125000,0.790571,21,0,1000.000,1.217018,0.671385
34896,0,0.125000,0.787820,23,0,1000.000,1.428402,0.659495
34896,1,0.125000,0.711886,17,0,1000.000,1.192019,0.657691
34896,2,0.125000,0.899857,18,0,1000.000,1.188965,0.697083
34896,3,0.125000,0.713325,17,0,1000.000,1.491928,0.666246
34896,4,0.125000,0.556396,17,0,1000.000,1.520685,0.661700
34896,5,0.125000,0.823741,17,0,1000.000,1.524852,0.675242
34896,6,0.125000,0.756150,18,0,1000.000,1.390772,0.676943
34896,7,0.125000,0.863113,14,0,1000.000,1.806186,0.676012
34944,0,0.125000,0.688411,15,0,1000.000,1.045901,0.678918
34944,1,0.125000,0.823831,18,0,1000.000,1.480071,0.677997
34944,2,0.125000,0.858630,14,0,1000.000,1.766329,0.675788
34944,3,0.125000,0.915292,23,0,1000.000,1.580031,0.669349
34944,4,0.125000,0.810236,24,0,1000.000,1.496775,0.676237
34944,5,0.125000,0.849233,18,0,1000.000,2.013798,0.661311
34944,6,0.125000,0.713254,20,0,1000.000,1.082696,0.682423
34944,7,0.125000,0.729195,22,0,1000.000,1.490572,0.661991
34992,0,0.125000,0.797139,21,1,959.714,1.271436,0.671363
34992,1,0.125000,0.846244,29,0,1000.000,1.684255,0.660273
34992,2,0.125000,0.841269,29,0,1000.000,1.417602,0.679414
34992,3,0.125000,0.719952,26,1,963.231,1.441642,0.654518
34992,4,0.125000,0.880516,36,0,1000.000,1.516301,0.669554
34992,5,0.125000,0.886628,23,0,1000.000,1.505765,0.676886
34992,6,0.125000,0.779745,25,0,1000.000,1.480810,0.670165
34992,7,0.125000,0.805561,22,0,1000.000,1.322782,0.688072
35040,0,0.125000,0.874563,22,1,978.636,1.638939,0.670269
35040,1,0.125000,0.827186,20,1,955.600,1.171649,0.667324
35040,2,0.125000,0.906039,23,0,1000.000,1.232174,0.683788
35040,3,0.125000,0.843319,34,0,1000.000,1.559251,0.668203
35040,4,0.125000,0.909434,29,0,1000.000,1.303588,0.679556
35040,5,0.125000,0.854011,26,0,1000.000,1.555064,0.677758
35040,6,0.125000,0.829497,25,0,1000.000,1.645345,0.670538
35040,7,0.125000,0.925043,22,0,1000.000,1.893353,0.655401
35088,0,0.125000,0.853154,16,0,1000.000,1.520141,0.650402
35088,1,0.125000,0.801431,20,0,1000.000,1.303691,0.685668
35088,2,0.125000,0.779829,19,0,1000.000,1.212182,0.697401
35088,3,0.125000,0.806634,22,0,1000.000,1.369345,0.674528
35088,4,0.125000,0.942606,21,0,1000.000,1.243815,0.683216
35088,5,0.125000,0.845301,20,0,1000.000,1.416548,0.672403
35088,6,0.125000,0.834034,25,0,1000.000,1.316364,0.686969
35088,7,0.125000,0.763784,24,0,1000.000,1.645703,0.658109
35136,0,0.125000,0.718873,26,0,1000.000,1.282181,0.677357
35136,1,0.125000,0.836468,17,0,1000.000,1.211179,0.691414
35136,2,0.125000,0.681983,25,0,1000.000,1.471860,0.674785
35136,3,0.125000,0.803875,30,0,1000.000,1.361662,0.675108
35136,4,0.125000,0.865938,22,0,1000.000,1.732525,0.650831
35136,5,0.125000,0.749695,28,0,1000.000,1.363959,0.683586
35136,6,0.125000,0.699040,18,0,1000.000,1.144314,0.671941
35136,7,0.125000,0.746512,25,0,1000.000,1.518147,0.674110
35184,0,0.125000,0.703047,30,0,1000.000,1.535409,0.667957
35184,1,0.125000,0.830166,35,0,1000.000,1.276560,0.696160
35184,2,0.125000,0.769828,32,0,1000.000,1.493250,0.668413
35184,3,0.125000,0.836654,40,0,1000.000,1.649888,0.671360
35184,4,0.125000,0.772890,27,0,1000.000,1.516077,0.656302
35184,5,0.125000,0.686156,27,0,1000.000,1.238543,0.683505
35184,6,0.125000,0.852391,31,0,1000.000,1.805642,0.664935
35184,7,0.125000,0.870699,30,0,1000.000,1.411039,0.682558
35232,0,0.125000,0.867535,27,0,1000.000,1.722080,0.659858
35232,1,0.125000,0.804259,41,0,1000.000,1.493609,0.665246
35232,2,0.125000,0.811345,25,0,1000.000,1.186520,0.667888
35232,3,0.125000,0.640341,33,0,1000.000,1.112819,0.679790
35232,4,0.125000,0.706364,31,0,1000.000,1.324593,0.682048
35232,5,0.125000,0.863753,34,0,1000.000,1.461260,0.663434
35232,6,0.125000,0.790642,27,0,1000.000,1.268620,0.668338
35232,7,0.125000,0.821095,45,0,1000.000,1.676832,0.661228
35280,0,0.125000,0.807729,23,0,1000.000,1.189841,0.681746
35280,1,0.125000,0.829460,26,1,963.077,1.166862,0.681955
35280,2,0.125000,0.790988,23,0,1000.000,1.615107,0.667389
35280,3,0.125000,0.835750,37,0,1000.000,1.349505,0.677665
35280,4,0.125000,0.807537,39,0,1000.000,1.405754,0.677805
35280,5,0.125000,0.777686,31,0,1000.000,1.235216,0.672892
35280,6,0.125000,0.892973,30,0,1000.000,1.589518,0.670809
35280,7,0.125000,0.894507,33,0,1000.000,1.697038,0.670840
35328,0,0.125000,0.864533,31,0,1000.000,1.823912,0.667451
35328,1,0.125000,0.840908,32,0,1000.000,1.391291,0.681430
35328,2,0.125000,0.769134,30,0,1000.000,1.552066,0.662938
35328,3,0.125000,0.782693,35,0,1000.000,1.698240,0.662886
35328,4,0.125000,0.628841,33,0,1000.000,1.164674,0.684222
35328,5,0.125000,0.800993,31,0,1000.000,1.563419,0.666945
35328,6,0.125000,0.753529,42,0,1000.000,1.357857,0.673933
35328,7,0.125000,0.792126,25,0,1000.000,1.548466,0.666922
35376,0,0.125000,0.855459,26,0,1000.000,1.326080,0.677740
35376,1,0.125000,0.831411,36,0,1000.000,1.349590,0.681389
35376,2,0.125000,0.812603,27,0,1000.000,1.600162,0.660577
35376,3,0.125000,0.718987,23,0,1000.000,1.363365,0.679814
35376,4,0.125000,0.844670,35,0,1000.000,1.368241,0.670971
35376,5,0.125000,0.719906,37,0,1000.000,1.355494,0.665678
35376,6,0.125000,0.811868,32,0,1000.000,1.537346,0.678018
35376,7,0.125000,0.807613,29,0,1000.000,1.342180,0.674499
35424,0,0.125000,0.851245,21,1,976.952,1.230493,0.680927
35424,1,0.125000,0.837335,12,0,1000.000,1.469757,0.673707
35424,2,0.125000,0.740336,23,0,1000.000,1.626194,0.648596
35424,3,0.125000,0.851629,27,0,1000.000,1.446331,0.672037
35424,4,0.125000,0.803908,23,0,1000.000,1.441858,0.667590
35424,5,0.125000,0.687596,22,0,1000.000,1.573426,0.647029
35424,6,0.125000,0.795353,22,0,1000.000,1.441071,0.669395
35424,7,0.125000,0.785220,26,0,1000.000,1.578995,0.664871
35472,0,0.125000,0.724474,23,0,1000.000,1.315341,0.684636
35472,1,0.125000,0.791619,31,0,1000.000,1.296358,0.691841
35472,2,0.125000,0.811998,28,0,1000.000,1.518905,0.670259
35472,3,0.125000,0.750741,42,0,1000.000,1.655793,0.661924
35472,4,0.125000,0.832281,35,0,1000.000,1.603824,0.673166
35472,5,0.125000,0.780778,28,0,1000.000,1.397227,0.664774
35472,6,0.125000,0.810434,34,0,1000.000,1.509672,0.669796
35472,7,0.125000,0.837641,34,0,1000.000,1.518953,0.684606
35520,0,0.125000,0.733814,33,0,1000.000,1.414365,0.669497
35520,1,0.125000,0.714645,27,0,1000.000,1.645675,0.658282
35520,2,0.125000,0.839101,32,0,1000.000,1.286334,0.664398
35520,3,0.125000,0.862937,30,0,1000.000,1.460307,0.680339
35520,4,0.125000,0.780632,24,0,1000.000,1.383563,0.666877
35520,5,0.125000,0.844209,21,0,1000.000,1.550746,0.685741
35520,6,0.125000,0.781962,31,0,1000.000,1.326389,0.680930
35520,7,0.125000,0.801530,30,1,979.767,1.632806,0.685040
35568,0,0.125000,0.723199,22,0,1000.000,1.229398,0.670696
35568,1,0.125000,0.877770,16,0,1000.000,1.531172,0.665136
35568,2,0.125000,0.919302,25,0,1000.000,1.580749,0.658647
35568,3,0.125000,0.876010,27,0,1000.000,1.467796,0.683039
35568,4,0.125000,0.862435,12,0,1000.000,1.092692,0.701320
35568,5,0.125000,0.691665,21,0,1000.000,1.629986,0.659004
35568,6,0.125000,0.865650,16,0,1000.000,1.669559,0.677348
35568,7,0.125000,0.777565,19,0,1000.000,1.627124,0.676895
35616,0,0.125000,0.883882,24,0,1000.000,1.539805,0.681029
35616,1,0.125000,0.757815,12,0,1000.000,1.423485,0.683884
35616,2,0.125000,0.849966,14,0,1000.000,1.662502,0.664689
35616,3,0.125000,0.648160,19,0,1000.000,1.087270,0.681111
35616,4,0.125000,0.891978,24,0,1000.000,1.256829,0.670985
35616,5,0.125000,0.787018,13,0,1000.000,1.674831,0.688214
35616,6,0.125000,0.849772,24,0,1000.000,1.641474,0.675785
35616,7,0.125000,0.751082,18,1,949.611,1.456158,0.657956
35664,0,0.125000,0.804928,31,0,1000.000,1.339141,0.680599
35664,1,0.125000,0.849128,28,0,1000.000,1.678126,0.677488
35664,2,0.125000,0.786502,33,0,1000.000,1.470699,0.666251
35664,3,0.125000,0.778215,25,0,1000.000,1.168487,0.681413
35664,4,0.125000,0.819119,26,0,1000.000,1.856315,0.657629
35664,5,0.125000,0.846245,26,0,1000.000,1.678866,0.669836
35664,6,0.125000,0.879167,21,0,1000.000,1.700264,0.674220
35664,7,0.125000,0.820671,23,0,1000.000,1.256694,0.687790
35712,0,0.125000,0.840445,27,0,1000.000,1.663543,0.675299
35712,1,0.125000,0.865370,27,0,1000.000,1.586351,0.686450
35712,2,0.125000,0.846043,23,0,1000.000,1.888846,0.661256
35712,3,0.125000,0.811775,23,0,1000.000,1.312739,0.681280
35712,4,0.125000,0.852861,32,0,1000.000,1.531758,0.667730
35712,5,0.125000,0.874837,35,0,1000.000,1.861838,0.660851
35712,6,0.125000,0.749849,27,0,1000.000,1.306035,0.671143
35712,7,0.125000,0.748734,31,0,1000.000,1.221934,0.688691
35760,0,0.125000,0.832904,18,0,1000.000,1.173035,0.680436
35760,1,0.125000,0.926382,13,0,1000.000,1.734438,0.683095
35760,2,0.125000,0.743271,12,1,923.917,1.027121,0.650833
35760,3,0.125000,0.837135,20,0,1000.000,1.938893,0.653067
35760,4,0.125000,0.823517,18,0,1000.000,1.558731,0.671461
35760,5,0.125000,0.818559,26,0,1000.000,1.830200,0.665408
35760,6,0.125000,0.825736,19,0,1000.000,1.528983,0.673073
35760,7,0.125000,0.796937,17,0,1000.000,1.423643,0.667086
35808,0,0.125000,0.720758,19,0,1000.000,1.397906,0.673454
35808,1,0.125000,0.853820,15,0,1000.000,1.617597,0.679753
35808,2,0.125000,0.801288,13,0,1000.000,1.042969,0.681251
35808,3,0.125000,0.802652,17,0,1000.000,1.247913,0.663269
35808,4,0.125000,0.848160,20,0,1000.000,1.611690,0.653211
35808,5,0.125000,0.832434,15,0,1000.000,1.839200,0.669197
35808,6,0.125000,0.832203,28,0,1000.000,1.781349,0.654982
35808,7,0.125000,0.745884,11,0,1000.000,1.551559,0.662843
35856,0,0.125000,0.946477,8,1,939.000,1.486348,0.665172
35856,1,0.125000,0.714433,11,0,1000.000,1.530964,0.657185
35856,2,0.125000,0.899807,11,0,1000.000,1.523196,0.674883
35856,3,0.125000,0.827921,15,0,1000.000,1.900614,0.646959
35856,4,0.125000,0.780535,12,0,1000.000,1.048817,0.681910
35856,5,0.125000,0.851203,13,0,1000.000,1.459829,0.671163
35856,6,0.125000,0.562184,15,0,1000.000,1.019906,0.677226
35856,7,0.125000,0.892376,20,0,1000.000,1.462974,0.666667
35904,0,0.125000,0.856608,25,0,1000.000,1.412632,0.678242
35904,1,0.125000,0.804809,17,0,1000.000,1.416086,0.674952
35904,2,0.125000,0.745085,20,0,1000.000,1.676463,0.641878
35904,3,0.125000,0.892362,12,0,1000.000,1.422119,0.639362
35904,4,0.125000,0.852603,24,0,1000.000,1.723135,0.670852
35904,5,0.125000,0.873532,19,0,1000.000,1.881608,0.672727
35904,6,0.125000,0.872282,20,0,1000.000,1.501225,0.661326
35904,7,0.125000,0.852804,14,0,1000.000,1.545596,0.681475
35952,0,0.125000,0.799403,20,1,978.750,1.501379,0.665186
35952,1,0.125000,0.832249,18,0,1000.000,1.269603,0.667574
35952,2,0.125000,0.846425,25,0,1000.000,1.825440,0.652258
35952,3,0.125000,0.839096,30,0,1000.000,1.415171,0.672581
35952,4,0.125000,0.837633,16,0,1000.000,1.190535,0.689270
35952,5,0.125000,0.749616,16,0,1000.000,1.365366,0.670966
35952,6,0.125000,0.870050,22,0,1000.000,1.437452,0.669885
35952,7,0.125000,0.696238,24,0,1000.000,1.349275,0.678300
36000,0,0.125000,0.676734,21,0,1000.000,1.518119,0.664799
36000,1,0.125000,0.682008,26,0,1000.000,1.344675,0.689740
36000,2,0.125000,0.818833,19,0,1000.000,1.354012,0.663009
36000,3,0.125000,0.823683,26,0,1000.000,1.336537,0.673189
36000,4,0.125000,0.753779,30,0,1000.000,1.591083,0.670864
36000,5,0.125000,0.872185,30,0,1000.000,1.611643,0.670542
36000,6,0.125000,0.775601,25,0,1000.000,1.500730,0.672963
36000,7,0.125000,0.852619,22,1,976.545,1.504197,0.677807
36048,0,0.125000,0.695084,26,0,1000.000,1.347075,0.677501
36048,1,0.125000,0.839926,21,0,1000.000,1.562170,0.685308
36048,2,0.125000,0.683608,19,0,1000.000,1.139100,0.687239
36048,3,0.125000,0.857528,23,0,1000.000,1.576519,0.676630
36048,4,0.125000,0.866757,17,0,1000.000,1.323183,0.671184
36048,5,0.125000,0.807746,34,0,1000.000,1.587139,0.673767
36048,6,0.125000,0.811434,27,0,1000.000,1.327746,0.668069
36048,7,0.125000,0.816179,30,0,1000.000,1.668453,0.673285
36096,0,0.125000,0.707331,21,0,1000.000,1.197886,0.665923
36096,1,0.125000,0.792382,24,0,1000.000,1.866089,0.660825
36096,2,0.125000,0.832614,12,0,1000.000,1.550475,0.669945
36096,3,0.125000,0.748527,21,0,1000.000,1.570139,0.671115
36096,4,0.125000,0.791913,19,0,1000.000,1.913954,0.645935
36096,5,0.125000,0.856242,21,0,1000.000,1.715457,0.661471
36096,6,0.125000,0.861687,17,0,1000.000,1.800728,0.663378
36096,7,0.125000,0.846794,28,0,1000.000,1.415552,0.667081
36144,0,0.125000,0.764126,23,0,1000.000,1.686575,0.667486
36144,1,0.125000,0.739212,24,0,1000.000,1.374496,0.669908
36144,2,0.125000,0.759941,31,0,1000.000,1.382083,0.685090
36144,3,0.125000,0.741518,31,0,1000.000,1.651292,0.662988
36144,4,0.125000,0.779397,24,0,1000.000,1.653138,0.665876
36144,5,0.125000,0.788742,31,0,1000.000,1.706322,0.665424
36144,6,0.125000,0.867320,30,0,1000.000,1.467987,0.680312
36144,7,0.125000,0.746935,19,0,1000.000,1.504602,0.657317
36192,0,0.125000,0.698805,32,0,1000.000,1.222680,0.686787
36192,1,0.125000,0.826261,37,0,1000.000,1.506558,0.679912
36192,2,0.125000,0.851647,29,0,1000.000,1.550444,0.666536
36192,3,0.125000,0.702018,34,0,1000.000,1.280957,0.677645
36192,4,0.125000,0.854694,37,0,1000.000,1.559051,0.675162
36192,5,0.125000,0.794479,24,0,1000.000,1.618986,0.673036
36192,6,0.125000,0.874756,26,0,1000.000,1.295877,0.684378
36192,7,0.125000,0.797991,31,1,969.387,1.562138,0.669926
36240,0,0.125000,0.865458,27,0,1000.000,1.412957,0.673776
36240,1,0.125000,0.901899,20,0,1000.000,1.744196,0.660132
36240,2,0.125000,0.762544,38,0,1000.000,1.371743,0.673427
36240,3,0.125000,0.828664,36,0,1000.000,1.385481,0.679799
36240,4,0.125000,0.838429,38,0,1000.000,1.663545,0.671546
36240,5,0.125000,0.866972,38,0,1000.000,1.494683,0.676780
36240,6,0.125000,0.726731,39,0,1000.000,1.458181,0.671582
36240,7,0.125000,0.792587,34,0,1000.000,1.432624,0.679306
36288,0,0.125000,0.845158,29,0,1000.000,1.567371,0.656639
36288,1,0.125000,0.786849,25,0,1000.000,1.418405,0.675521
36288,2,0.125000,0.738456,38,0,1000.000,1.553018,0.672061
36288,3,0.125000,0.843452,32,0,1000.000,1.347584,0.679873
36288,4,0.125000,0.792274,30,0,1000.000,1.727643,0.671068
36288,5,0.125000,0.803279,31,0,1000.000,1.380014,0.679634
36288,6,0.125000,0.756148,31,0,1000.000,1.501543,0.656491
36288,7,0.125000,0.771597,24,0,1000.000,1.561361,0.681888
36336,0,0.125000,0.834438,34,0,1000.000,1.109000,0.694833
36336,1,0.125000,0.750104,38,0,1000.000,1.641138,0.655796
36336,2,0.125000,0.806048,32,0,1000.000,1.441535,0.673825
36336,3,0.125000,0.781783,25,0,1000.000,1.584891,0.683008
36336,4,0.125000,0.821576,31,0,1000.000,1.638752,0.659257
36336,5,0.125000,0.785098,31,0,1000.000,1.702325,0.671553
36336,6,0.125000,0.805736,38,0,1000.000,1.380080,0.680635
36336,7,0.125000,0.815159,34,0,1000.000,1.528186,0.667638
36384,0,0.125000,0.882294,29,0,1000.000,1.564614,0.652688
36384,1,0.125000,0.728000,32,0,1000.000,1.404257,0.661552
36384,2,0.125000,0.832621,27,0,1000.000,1.081012,0.675114
36384,3,0.125000,0.851694,27,0,1000.000,1.419412,0.698771
36384,4,0.125000,0.687782,19,0,1000.000,1.445653,0.676318
36384,5,0.125000,0.786263,26,0,1000.000,1.466611,0.659553
36384,6,0.125000,0.737830,36,0,1000.000,1.058293,0.674701
36384,7,0.125000,0.862426,31,0,1000.000,1.734583,0.654328
36432,0,0.125000,0.778852,22,0,1000.000,1.320898,0.664953
36432,1,0.125000,0.816019,25,0,1000.000,1.383241,0.670072
36432,2,0.125000,0.889498,22,0,1000.000,1.615307,0.663876
36432,3,0.125000,0.794213,16,0,1000.000,1.845134,0.632277
36432,4,0.125000,0.796632,26,0,1000.000,1.124484,0.676375
36432,5,0.125000,0.842657,21,0,1000.000,1.458406,0.652530
36432,6,0.125000,0.749293,25,0,1000.000,1.019599,0.685425
36432,7,0.125000,0.740408,22,0,1000.000,1.448821,0.659796
36480,0,0.125000,0.833803,32,1,983.719,1.152760,0.664911
36480,1,0.125000,0.839498,47,0,1000.000,1.546700,0.666510
36480,2,0.125000,0.824560,26,0,1000.000,1.464331,0.667605
36480,3,0.125000,0.830163,35,0,1000.000,1.666738,0.667528
36480,4,0.125000,0.811730,31,0,1000.000,1.639242,0.658341
36480,5,0.125000,0.668826,23,0,1000.000,1.349025,0.663945
36480,6,0.125000,0.774095,39,0,1000.000,1.260982,0.691904
36480,7,0.125000,0.812085,32,0,1000.000,1.531282,0.681411
36528,0,0.125000,0.822889,26,0,1000.000,1.398816,0.666613
36528,1,0.125000,0.658762,21,1,986.667,1.423835,0.680192
36528,2,0.125000,0.807281,24,0,1000.000,1.779477,0.653188
36528,3,0.125000,0.824998,26,0,1000.000,1.309571,0.681737
36528,4,0.125000,0.849013,24,0,1000.000,1.629490,0.672159
36528,5,0.125000,0.790620,34,0,1000.000,1.502558,0.661684
36528,6,0.125000,0.765081,33,0,1000.000,1.269690,0.670217
36528,7,0.125000,0.787969,22,0,1000.000,1.470950,0.682296
36576,0,0.125000,0.874779,25,0,1000.000,1.751818,0.656544
36576,1,0.125000,0.907044,21,0,1000.000,1.176695,0.663406
36576,2,0.125000,0.828502,20,0,1000.000,1.796362,0.652996
36576,3,0.125000,0.825965,17,0,1000.000,1.412938,0.674702
36576,4,0.125000,0.611209,18,0,1000.000,1.454158,0.665927
36576,5,0.125000,0.868452,17,0,1000.000,1.683581,0.675330
36576,6,0.125000,0.851749,17,0,1000.000,1.915097,0.653422
36576,7,0.125000,0.797422,24,2,956.250,1.791826,0.655509
36624,0,0.125000,0.725570,17,0,1000.000,1.693931,0.652840
36624,1,0.125000,0.660260,18,0,1000.000,1.264943,0.668443
36624,2,0.125000,0.767230,7,0,1000.000,1.388052,0.669140
36624,3,0.125000,0.777207,20,0,1000.000,1.339808,0.670262
36624,4,0.125000,0.712904,16,0,1000.000,1.095720,0.688719
36624,5,0.125000,0.760639,31,0,1000.000,1.606279,0.667504
36624,6,0.125000,0.835847,23,0,1000.000,1.608469,0.649820
36624,7,0.125000,0.827387,16,1,954.688,1.242766,0.696825
36672,0,0.125000,0.844942,33,0,1000.000,1.519880,0.675730
36672,1,0.125000,0.837544,32,0,1000.000,1.512256,0.675808
36672,2,0.125000,0.816800,22,0,1000.000,1.729316,0.664667
36672,3,0.125000,0.768387,28,0,1000.000,1.649253,0.667531
36672,4,0.125000,0.722300,31,0,1000.000,1.193192,0.668856
36672,5,0.125000,0.934986,31,0,1000.000,1.611026,0.680860
36672,6,0.125000,0.790369,26,0,1000.000,1.858200,0.647751
36672,7,0.125000,0.756368,26,0,1000.000,1.337298,0.673208
36720,0,0.125000,0.811025,36,0,1000.000,1.546685,0.672308
36720,1,0.125000,0.871526,19,0,1000.000,1.539406,0.683926
36720,2,0.125000,0.809925,23,0,1000.000,1.390728,0.663195
36720,3,0.125000,0.806714,22,0,1000.000,1.408490,0.675657
36720,4,0.125000,0.747584,29,0,1000.000,1.228072,0.673202
36720,5,0.125000,0.639150,22,0,1000.000,1.136134,0.675558
36720,6,0.125000,0.905683,29,0,1000.000,1.601247,0.683683
36720,7,0.125000,0.832663,18,0,1000.000,1.652215,0.678388
36768,0,0.125000,0.818621,18,0,1000.000,1.613181,0.657788
36768,1,0.125000,0.866394,17,0,1000.000,1.426349,0.666550
36768,2,0.125000,0.719502,19,0,1000.000,1.848798,0.655040
36768,3,0.125000,0.895822,25,0,1000.000,1.472503,0.679835
36768,4,0.125000,0.889591,14,0,1000.000,1.077390,0.685127
36768,5,0.125000,0.879589,11,0,1000.000,1.986937,0.648547
36768,6,0.125000,0.773086,27,0,1000.000,1.520488,0.679590
36768,7,0.125000,0.840591,19,0,1000.000,1.389410,0.671649
36816,0,0.125000,0.654963,13,0,1000.000,1.269581,0.677703
36816,1,0.125000,0.754562,22,0,1000.000,1.530420,0.672374
36816,2,0.125000,0.799041,14,0,1000.000,1.551557,0.669895
36816,3,0.125000,0.877303,20,0,1000.000,1.356546,0.686185
36816,4,0.125000,0.696188,15,0,1000.000,1.157577,0.684075
36816,5,0.125000,0.854371,24,0,1000.000,1.443365,0.683357
36816,6,0.125000,0.816113,18,0,1000.000,1.565025,0.649871
36816,7,0.125000,0.817458,10,0,1000.000,1.417218,0.670179
36864,0,0.125000,0.754719,13,0,1000.000,1.717929,0.659131
36864,1,0.125000,0.845510,16,0,1000.000,1.641827,0.668496
36864,2,0.125000,0.848391,13,0,1000.000,1.189248,0.656919
36864,3,0.125000,0.705436,13,0,1000.000,1.495900,0.655322
36864,4,0.125000,0.743938,11,0,1000.000,1.679813,0.648622
36864,5,0.125000,0.828749,12,0,1000.000,1.383654,0.695265
36864,6,0.125000,0.823359,12,0,1000.000,1.816535,0.656723
36864,7,0.125000,0.853450,13,0,1000.000,1.456920,0.650419
36912,0,0.125000,0.835999,18,0,1000.000,1.118803,0.691225
36912,1,0.125000,0.947361,22,0,1000.000,1.468346,0.683562
36912,2,0.125000,0.812649,20,0,1000.000,1.812802,0.660547
36912,3,0.125000,0.903880,24,0,1000.000,1.468381,0.694133
36912,4,0.125000,0.882803,20,0,1000.000,1.577688,0.678169
36912,5,0.125000,0.671587,10,0,1000.000,1.080782,0.703317
36912,6,0.125000,0.899042,21,0,1000.000,1.502704,0.682010
36912,7,0.125000,0.780981,24,0,1000.000,1.655298,0.655693
36960,0,0.125000,0.816803,17,0,1000.000,1.590434,0.671858
36960,1,0.125000,0.735080,32,0,1000.000,1.297696,0.689208
36960,2,0.125000,0.657997,21,0,1000.000,1.358453,0.657267
36960,3,0.125000,0.738813,22,0,1000.000,1.725106,0.665243
36960,4,0.125000,0.736507,23,0,1000.000,1.781757,0.668758
36960,5,0.125000,0.777540,14,0,1000.000,1.537572,0.665906
36960,6,0.125000,0.770840,23,0,1000.000,1.352370,0.669251
36960,7,0.125000,0.832584,25,0,1000.000,1.492860,0.657919
37008,0,0.125000,0.801559,27,0,1000.000,1.699431,0.661246
37008,1,0.125000,0.826822,34,0,1000.000,1.497738,0.679521
37008,2,0.125000,0.895239,26,0,1000.000,1.587160,0.687407
37008,3,0.125000,0.750639,27,0,1000.000,1.579098,0.684128
37008,4,0.125000,0.725276,24,0,1000.000,1.368216,0.681064
37008,5,0.125000,0.638993,21,0,1000.000,1.466508,0.679740
37008,6,0.125000,0.868832,22,0,1000.000,1.817973,0.675147
37008,7,0.125000,0.922672,25,0,1000.000,1.495533,0.668836
37056,0,0.125000,0.855057,22,0,1000.000,1.344476,0.683011
37056,1,0.125000,0.801667,19,0,1000.000,1.059144,0.697075
37056,2,0.125000,0.909060,28,0,1000.000,1.516442,0.678740
37056,3,0.125000,0.823374,24,0,1000.000,1.509531,0.696915
37056,4,0.125000,0.799399,29,0,1000.000,1.524681,0.673561
37056,5,0.125000,0.894000,24,0,1000.000,1.805719,0.681604
37056,6,0.125000,0.768580,20,0,1000.000,1.632711,0.662771
37056,7,0.125000,0.869478,19,0,1000.000,1.660056,0.677886
37104,0,0.125000,0.785328,14,0,1000.000,1.583612,0.659918
37104,1,0.125000,0.842874,19,0,1000.000,1.450215,0.672269
37104,2,0.125000,0.830163,16,0,1000.000,1.450729,0.677385
37104,3,0.125000,0.704244,28,0,1000.000,1.870603,0.666300
37104,4,0.125000,0.784847,19,0,1000.000,1.316463,0.670490
37104,5,0.125000,0.877405,21,0,1000.000,1.673348,0.665295
37104,6,0.125000,0.844913,22,0,1000.000,1.515669,0.683983
37104,7,0.125000,0.860775,20,0,1000.000,1.642244,0.649123
37152,0,0.125000,0.865201,39,0,1000.000,1.477148,0.672468
37152,1,0.125000,0.851431,26,0,1000.000,1.622743,0.666844
37152,2,0.125000,0.858804,24,0,1000.000,1.537880,0.685515
37152,3,0.125000,0.813269,28,0,1000.000,1.432522,0.676498
37152,4,0.125000,0.836352,30,0,1000.000,1.539129,0.673006
37152,5,0.125000,0.850616,26,0,1000.000,1.577616,0.669932
37152,6,0.125000,0.855760,25,0,1000.000,1.519959,0.665338
37152,7,0.125000,0.860323,28,1,983.893,1.588833,0.682146
37200,0,0.125000,0.809603,18,1,973.556,1.690707,0.668299
37200,1,0.125000,0.826456,39,1,997.538,1.619609,0.667916
37200,2,0.125000,0.721677,32,0,1000.000,1.344511,0.667160
37200,3,0.125000,0.861480,37,0,1000.000,1.393915,0.684471
37200,4,0.125000,0.738425,33,0,1000.000,1.526773,0.664182
37200,5,0.125000,0.707321,35,0,1000.000,1.489984,0.675346
37200,6,0.125000,0.795925,30,0,1000.000,1.924284,0.646629
37200,7,0.125000,0.805975,35,1,982.457,1.585767,0.657840
37248,0,0.125000,0.716270,33,1,999.576,1.026477,0.676162
37248,1,0.125000,0.780149,35,0,1000.000,1.580021,0.664941
37248,2,0.125000,0.871947,36,0,1000.000,1.489720,0.664359
37248,3,0.125000,0.803387,30,0,1000.000,1.392468,0.671010
37248,4,0.125000,0.755836,37,0,1000.000,1.612521,0.655426
37248,5,0.125000,0.789459,33,0,1000.000,1.768113,0.664146
37248,6,0.125000,0.861821,39,0,1000.000,1.447715,0.675908
37248,7,0.125000,0.829836,21,0,1000.000,1.734536,0.667886
37296,0,0.125000,0.851035,22,0,1000.000,1.747578,0.649358
37296,1,0.125000,0.810084,39,0,1000.000,1.730151,0.656166
37296,2,0.125000,0.836082,22,0,1000.000,1.659847,0.674767
37296,3,0.125000,0.795156,30,0,1000.000,1.164712,0.685575
37296,4,0.125000,0.881297,32,0,1000.000,1.394478,0.687073
37296,5,0.125000,0.856082,25,0,1000.000,1.453866,0.678740
37296,6,0.125000,0.780203,35,0,1000.000,1.565691,0.662574
37296,7,0.125000,0.832247,38,1,992.500,1.517117,0.679025
37344,0,0.125000,0.709532,28,1,999.179,1.048772,0.667373
37344,1,0.125000,0.824871,42,0,1000.000,1.319514,0.681006
37344,2,0.125000,0.829356,43,0,1000.000,1.232924,0.680227
37344,3,0.125000,0.651852,33,0,1000.000,1.386714,0.663082
37344,4,0.125000,0.789545,30,0,1000.000,1.750761,0.663852
37344,5,0.125000,0.736654,25,0,1000.000,1.411993,0.679636
37344,6,0.125000,0.811535,29,0,1000.000,1.716148,0.674768
37344,7,0.125000,0.849302,34,0,1000.000,1.740103,0.676244
37392,0,0.125000,0.860324,30,0,1000.000,1.447067,0.674910
37392,1,0.125000,0.797645,27,0,1000.000,1.259189,0.677148
37392,2,0.125000,0.732350,24,1,960.417,0.862292,0.674711
37392,3,0.125000,0.775218,27,0,1000.000,1.088930,0.683773
37392,4,0.125000,0.838961,23,0,1000.000,1.581861,0.654670
37392,5,0.125000,0.838376,27,0,1000.000,1.366888,0.697299
37392,6,0.125000,0.891913,26,0,1000.000,1.477294,0.684883
37392,7,0.125000,0.930669,22,0,1000.000,1.461164,0.672029
37440,0,0.125000,0.850027,23,0,1000.000,1.458230,0.676089
37440,1,0.125000,0.914908,18,0,1000.000,1.631298,0.655949
37440,2,0.125000,0.864349,28,0,1000.000,1.470679,0.674743
37440,3,0.125000,0.800010,20,0,1000.000,1.374044,0.678302
37440,4,0.125000,0.819611,30,0,1000.000,1.625526,0.663578
37440,5,0.125000,0.784841,20,0,1000.000,1.452216,0.663009
37440,6,0.125000,0.727376,30,0,1000.000,1.708278,0.651709
37440,7,0.125000,0.803478,26,2,964.500,1.314756,0.662179
37488,0,0.125000,0.852543,32,0,1000.000,1.688640,0.666393
37488,1,0.125000,0.759346,29,0,1000.000,1.426992,0.668842
37488,2,0.125000,0.733933,35,0,1000.000,1.215750,0.672040
37488,3,0.125000,0.767686,32,0,1000.000,1.845027,0.662685
37488,4,0.125000,0.820292,31,0,1000.000,1.316650,0.685478
37488,5,0.125000,0.888504,45,0,1000.000,1.518785,0.674250
37488,6,0.125000,0.791742,27,0,1000.000,1.317572,0.669629
37488,7,0.125000,0.853134,43,0,1000.000,1.531663,0.676290
37536,0,0.125000,0.833534,25,0,1000.000,1.291338,0.690821
37536,1,0.125000,0.812075,21,0,1000.000,1.784308,0.649049
37536,2,0.125000,0.763649,18,0,1000.000,1.610778,0.659493
37536,3,0.125000,0.835111,22,0,1000.000,1.731365,0.666869
37536,4,0.125000,0.755741,27,0,1000.000,1.187027,0.676683
37536,5,0.125000,0.758527,27,0,1000.000,1.280617,0.685101
37536,6,0.125000,0.830104,22,0,1000.000,1.725426,0.674825
37536,7,0.125000,0.776043,31,2,952.065,1.341996,0.649390
37584,0,0.125000,0.705512,24,0,1000.000,1.637136,0.658469
37584,1,0.125000,0.700803,17,0,1000.000,1.437159,0.663743
37584,2,0.125000,0.819973,22,0,1000.000,1.330535,0.688646
37584,3,0.125000,0.916928,24,0,1000.000,1.536468,0.672939
37584,4,0.125000,0.688219,15,0,1000.000,1.168911,0.683783
37584,5,0.125000,0.887493,15,0,1000.000,1.180041,0.706068
37584,6,0.125000,0.807015,10,0,1000.000,1.562868,0.664871
37584,7,0.125000,0.812117,28,1,977.857,1.783432,0.663884
37632,0,0.125000,0.828378,17,0,1000.000,1.339805,0.686995
37632,1,0.125000,0.831328,23,0,1000.000,0.956899,0.685206
37632,2,0.125000,0.841017,29,0,1000.000,1.460717,0.682660
37632,3,0.125000,0.721458,18,0,1000.000,1.455424,0.680970
37632,4,0.125000,0.863257,17,0,1000.000,1.358465,0.665483
37632,5,0.125000,0.701033,17,0,1000.000,1.627079,0.666196
37632,6,0.125000,0.893911,25,0,1000.000,1.421838,0.668864
37632,7,0.125000,0.763053,11,0,1000.000,1.213088,0.677550
37680,0,0.125000,0.866874,26,0,1000.000,1.619619,0.665757
37680,1,0.125000,0.812632,32,0,1000.000,1.490347,0.683768
37680,2,0.125000,0.794464,34,0,1000.000,1.372317,0.686819
37680,3,0.125000,0.751947,31,0,1000.000,1.673442,0.659423
37680,4,0.125000,0.838483,24,0,1000.000,1.820032,0.672366
37680,5,0.125000,0.850306,24,0,1000.000,1.565818,0.680385
37680,6,0.125000,0.845134,24,0,1000.000,1.495713,0.669519
37680,7,0.125000,0.880252,39,1,997.974,1.555875,0.672302
37728,0,0.125000,0.709536,29,0,1000.000,1.683526,0.656282
37728,1,0.125000,0.781874,23,0,1000.000,1.244584,0.681316
37728,2,0.125000,0.763781,17,0,1000.000,1.298329,0.679685
37728,3,0.125000,0.849420,24,0,1000.000,1.396074,0.677810
37728,4,0.125000,0.643982,20,0,1000.000,1.313236,0.673029
37728,5,0.125000,0.766527,23,0,1000.000,1.598681,0.673550
37728,6,0.125000,0.826642,27,0,1000.000,1.834005,0.657941
37728,7,0.125000,0.813393,24,0,1000.000,1.347177,0.673826
37776,0,0.125000,0.868157,17,0,1000.000,1.409295,0.671611
37776,1,0.125000,0.696795,20,0,1000.000,1.132187,0.687243
37776,2,0.125000,0.793620,25,0,1000.000,1.688267,0.658869
37776,3,0.125000,0.876343,19,0,1000.000,1.395911,0.676338
37776,4,0.125000,0.748914,15,0,1000.000,1.544161,0.681003
37776,5,0.125000,0.721551,16,0,1000.000,1.514219,0.657202
37776,6,0.125000,0.601505,17,0,1000.000,1.355495,0.656086
37776,7,0.125000,0.840448,19,0,1000.000,1.115714,0.682703
37872,0,0.125000,0.865245,35,0,1000.000,1.597250,0.671467
37872,1,0.125000,0.710680,28,0,1000.000,1.534562,0.661477
37872,2,0.125000,0.816784,33,0,1000.000,1.528574,0.667254
37872,3,0.125000,0.705196,34,0,1000.000,1.267887,0.665594
37872,4,0.125000,0.819302,26,0,1000.000,1.577020,0.675477
37872,5,0.125000,0.885820,23,0,1000.000,1.511066,0.659868
37872,6,0.125000,0.790004,33,0,1000.000,1.757567,0.658335
37872,7,0.125000,0.809040,26,0,1000.000,1.501310,0.654989
37920,0,0.125000,0.774032,25,0,1000.000,1.437229,0.672721
37920,1,0.125000,0.712742,21,0,1000.000,1.300495,0.681506
37920,2,0.125000,0.763649,15,0,1000.000,0.977329,0.700646
37920,3,0.125000,0.801849,20,0,1000.000,1.334320,0.687163
37920,4,0.125000,0.838370,19,0,1000.000,1.461578,0.673567
37920,5,0.125000,0.769399,19,0,1000.000,1.421401,0.648781
37920,6,0.125000,0.819027,23,0,1000.000,1.415158,0.678694
37920,7,0.125000,0.684644,18,0,1000.000,1.114929,0.683998
37968,0,0.125000,0.862166,27,0,1000.000,1.338893,0.679174
37968,1,0.125000,0.732137,24,0,1000.000,1.181758,0.663010
37968,2,0.125000,0.801646,26,0,1000.000,1.357866,0.686262
37968,3,0.125000,0.785463,20,0,1000.000,1.458110,0.669909
37968,4,0.125000,0.859605,18,0,1000.000,1.735735,0.655833
37968,5,0.125000,0.751694,10,0,1000.000,0.993800,0.673533
37968,6,0.125000,0.720578,26,0,1000.000,1.661415,0.667116
37968,7,0.125000,0.775051,27,0,1000.000,1.237500,0.669996
38016,0,0.125000,0.810655,25,0,1000.000,1.345981,0.681120
38016,1,0.125000,0.935026,20,0,1000.000,1.619607,0.671546
38016,2,0.125000,0.892966,22,0,1000.000,1.293606,0.666041
38016,3,0.125000,0.870022,28,0,1000.000,1.417520,0.678641
38016,4,0.125000,0.826563,23,0,1000.000,1.750622,0.664434
38016,5,0.125000,0.890081,24,0,1000.000,1.621258,0.663802
38016,6,0.125000,0.757329,29,0,1000.000,1.619912,0.660264
38016,7,0.125000,0.902956,28,0,1000.000,1.517523,0.684243
38064,0,0.125000,0.723595,29,0,1000.000,1.513494,0.672801
38064,1,0.125000,0.787221,24,0,1000.000,1.490312,0.673107
38064,2,0.125000,0.825757,14,0,1000.000,2.101583,0.648032
38064,3,0.125000,0.763137,32,0,1000.000,1.600458,0.670596
38064,4,0.125000,0.795449,25,0,1000.000,1.612483,0.662828
38064,5,0.125000,0.818949,23,0,1000.000,1.389341,0.690043
38064,6,0.125000,0.799436,21,0,1000.000,1.383597,0.680775
38064,7,0.125000,0.682428,20,0,1000.000,1.423279,0.661152
38112,0,0.125000,0.875915,16,0,1000.000,1.290266,0.673947
38112,1,0.125000,0.726391,22,0,1000.000,1.206625,0.673423
38112,2,0.125000,0.730744,23,0,1000.000,1.273429,0.694254
38112,3,0.125000,0.723798,21,0,1000.000,1.495133,0.656752
38112,4,0.125000,0.797881,27,0,1000.000,1.422664,0.683935
38112,5,0.125000,0.734950,19,0,1000.000,1.388932,0.682128
38112,6,0.125000,0.750301,16,0,1000.000,1.489146,0.681758
38112,7,0.125000,0.810975,24,0,1000.000,1.533397,0.669380
38160,0,0.125000,0.821290,12,0,1000.000,1.590350,0.674391
38160,1,0.125000,0.759265,28,0,1000.000,1.416341,0.665629
38160,2,0.125000,0.837499,35,0,1000.000,1.556004,0.672983
38160,3,0.125000,0.807499,33,0,1000.000,1.404037,0.679909
38160,4,0.125000,0.714939,31,0,1000.000,1.293413,0.684957
38160,5,0.125000,0.812784,38,0,1000.000,1.378704,0.687171
38160,6,0.125000,0.894403,28,0,1000.000,1.362375,0.668212
38160,7,0.125000,0.817877,33,0,1000.000,1.601763,0.673648
38208,0,0.125000,0.809277,32,0,1000.000,1.366253,0.684004
38208,1,0.125000,0.814898,33,1,971.424,1.160436,0.694059
38208,2,0.125000,0.818427,33,0,1000.000,1.304231,0.675746
38208,3,0.125000,0.725963,33,0,1000.000,1.340768,0.675363
38208,4,0.125000,0.768744,34,0,1000.000,1.421444,0.683747
38208,5,0.125000,0.739156,37,0,1000.000,1.668983,0.662685
38208,6,0.125000,0.845972,32,0,1000.000,1.859669,0.663678
38208,7,0.125000,0.812231,32,0,1000.000,1.472326,0.671029
38256,0,0.125000,0.808401,27,0,1000.000,1.529153,0.660747
38256,1,0.125000,0.907491,31,0,1000.000,1.361572,0.670459
38256,2,0.125000,0.779196,27,0,1000.000,1.507208,0.672216
38256,3,0.125000,0.797031,32,0,1000.000,1.525584,0.667217
38256,4,0.125000,0.791620,31,0,1000.000,1.496786,0.660977
38256,5,0.125000,0.799161,30,0,1000.000,1.683145,0.653624
38256,6,0.125000,0.820521,33,0,1000.000,1.368399,0.682294
38256,7,0.125000,0.793072,38,0,1000.000,1.681668,0.654340
38304,0,0.125000,0.805352,28,0,1000.000,1.720604,0.674493
38304,1,0.125000,0.890043,40,0,1000.000,1.389744,0.677487
38304,2,0.125000,0.742522,30,0,1000.000,1.262471,0.677860
38304,3,0.125000,0.785104,24,0,1000.000,1.451380,0.663287
38304,4,0.125000,0.814213,32,0,1000.000,1.425671,0.684801
38304,5,0.125000,0.813476,30,0,1000.000,1.321745,0.673911
38304,6,0.125000,0.897501,31,0,1000.000,1.509228,0.669090
38304,7,0.125000,0.850284,33,0,1000.000,1.357673,0.687725
38352,0,0.125000,0.844673,29,0,1000.000,1.425125,0.664787
38352,1,0.125000,0.785096,30,0,1000.000,1.571360,0.672361
38352,2,0.125000,0.834061,47,0,1000.000,1.512255,0.671574
38352,3,0.125000,0.732920,20,0,1000.000,1.283484,0.675591
38352,4,0.125000,0.771195,41,0,1000.000,1.545298,0.672257
38352,5,0.125000,0.784525,36,0,1000.000,1.549638,0.672300
38352,6,0.125000,0.689083,33,0,1000.000,1.589133,0.669676
38352,7,0.125000,0.862459,22,0,1000.000,1.377945,0.697932
38400,0,0.125000,0.871514,33,0,1000.000,1.513625,0.672486
38400,1,0.125000,0.742754,33,0,1000.000,1.464750,0.667493
38400,2,0.125000,0.717195,23,0,1000.000,1.550811,0.682133
38400,3,0.125000,0.798252,17,0,1000.000,1.752242,0.658483
38400,4,0.125000,0.770331,19,0,1000.000,1.398252,0.682542
38400,5,0.125000,0.915791,27,0,1000.000,1.327727,0.691047
38400,6,0.125000,0.771633,24,0,1000.000,1.416981,0.672800
38400,7,0.125000,0.829790,20,0,1000.000,1.486177,0.666561
38448,0,0.125000,0.757663,22,1,997.682,1.459990,0.665299
38448,1,0.125000,0.799307,22,0,1000.000,1.416109,0.674522
38448,2,0.125000,0.716035,29,0,1000.000,1.457500,0.656124
38448,3,0.125000,0.871922,29,0,1000.000,1.395656,0.664829
38448,4,0.125000,0.763384,22,0,1000.000,1.330850,0.663093
38448,5,0.125000,0.691209,23,0,1000.000,1.389385,0.672783
38448,6,0.125000,0.754387,29,0,1000.000,1.570720,0.681220
38448,7,0.125000,0.708401,25,0,1000.000,1.198384,0.677258
38496,0,0.125000,0.768573,34,0,1000.000,1.621494,0.669309
38496,1,0.125000,0.785450,39,0,1000.000,1.519860,0.661857
38496,2,0.125000,0.768957,28,0,1000.000,1.531626,0.681355
38496,3,0.125000,0.835115,35,0,1000.000,1.288073,0.684912
38496,4,0.125000,0.776018,32,0,1000.000,1.563482,0.675406
38496,5,0.125000,0.825972,26,0,1000.000,1.426747,0.682440
38496,6,0.125000,0.773309,42,0,1000.000,1.381443,0.671483
38496,7,0.125000,0.827985,44,0,1000.000,1.609250,0.668700
38544,0,0.125000,0.800383,27,1,991.593,1.316320,0.690948
38544,1,0.125000,0.820386,18,0,1000.000,1.201501,0.678297
38544,2,0.125000,0.787920,12,0,1000.000,1.321773,0.701104
38544,3,0.125000,0.657475,17,0,1000.000,1.243572,0.672113
38544,4,0.125000,0.803623,23,0,1000.000,1.373855,0.677677
38544,5,0.125000,0.783759,21,0,1000.000,1.849006,0.655672
38544,6,0.125000,0.786077,33,0,1000.000,1.403205,0.673477
38544,7,0.125000,0.890122,20,0,1000.000,1.410342,0.691652
38592,0,0.125000,0.824338,22,1,956.909,1.425457,0.659998
38592,1,0.125000,0.690683,16,0,1000.000,1.537275,0.679262
38592,2,0.125000,0.623528,12,0,1000.000,1.167780,0.665800
38592,3,0.125000,0.752017,18,0,1000.000,1.645775,0.666159
38592,4,0.125000,0.687903,21,1,955.429,1.849992,0.641579
38592,5,0.125000,0.763342,19,0,1000.000,1.466952,0.659128
38592,6,0.125000,0.824907,24,0,1000.000,1.284103,0.695046
38592,7,0.125000,0.714986,21,0,1000.000,1.088020,0.666767
38640,0,0.125000,0.903766,25,0,1000.000,1.289665,0.686371
38640,1,0.125000,0.794996,27,0,1000.000,1.388173,0.680777
38640,2,0.125000,0.780460,23,0,1000.000,1.566652,0.658968
38640,3,0.125000,0.821163,26,0,1000.000,1.276848,0.685424
38640,4,0.125000,0.793868,23,0,1000.000,1.782744,0.670401
38640,5,0.125000,0.699591,21,0,1000.000,1.468084,0.676965
38640,6,0.125000,0.656716,13,0,1000.000,1.723592,0.647731
38640,7,0.125000,0.673037,17,0,1000.000,0.955641,0.690857
38688,0,0.125000,0.856264,42,0,1000.000,1.387052,0.676042
38688,1,0.125000,0.850732,27,0,1000.000,1.441158,0.683701
38688,2,0.125000,0.709117,27,0,1000.000,1.551430,0.682491
38688,3,0.125000,0.828047,24,0,1000.000,1.717444,0.675699
38688,4,0.125000,0.738793,31,0,1000.000,1.477835,0.665468
38688,5,0.125000,0.788348,28,0,1000.000,1.502940,0.676830
38688,6,0.125000,0.845906,35,0,1000.000,1.574697,0.658837
38688,7,0.125000,0.858205,24,0,1000.000,1.673288,0.664347
38736,0,0.125000,0.763403,27,0,1000.000,1.316989,0.683255
38736,1,0.125000,0.788003,21,0,1000.000,1.303734,0.675816
38736,2,0.125000,0.770562,24,0,1000.000,1.453575,0.681293
38736,3,0.125000,0.815960,22,0,1000.000,1.175910,0.678709
38736,4,0.125000,0.748442,27,0,1000.000,1.390086,0.666244
38736,5,0.125000,0.684339,16,0,1000.000,1.367698,0.675014
38736,6,0.125000,0.873529,17,0,1000.000,1.323245,0.692541
38736,7,0.125000,0.815615,16,0,1000.000,1.301752,0.681941
38784,0,0.125000,0.766083,19,0,1000.000,1.355514,0.666299
38784,1,0.125000,0.850672,24,0,1000.000,1.457645,0.664913
38784,2,0.125000,0.746828,17,0,1000.000,1.438036,0.683275
38784,3,0.125000,0.728520,20,0,1000.000,1.267852,0.674032
38784,4,0.125000,0.654217,18,0,1000.000,1.465680,0.660956
38784,5,0.125000,0.776219,26,0,1000.000,1.359581,0.675548
38784,6,0.125000,0.758489,12,0,1000.000,1.784210,0.675137
38784,7,0.125000,0.870761,13,0,1000.000,1.756927,0.656147
38832,0,0.125000,0.599483,11,0,1000.000,0.981829,0.666567
38832,1,0.125000,0.856682,16,0,1000.000,1.540218,0.652572
38832,2,0.125000,0.758781,16,0,1000.000,1.590616,0.676667
38832,3,0.125000,0.880142,17,0,1000.000,1.568906,0.679220
38832,4,0.125000,0.824116,21,0,1000.000,1.672097,0.669426
38832,5,0.125000,0.641270,11,0,1000.000,1.866190,0.659487
38832,6,0.125000,0.816610,11,0,1000.000,1.893381,0.655745
38832,7,0.125000,0.802267,13,0,1000.000,1.004914,0.668923
38880,0,0.125000,0.886514,21,0,1000.000,1.484599,0.680251
38880,1,0.125000,0.949399,7,0,1000.000,1.490158,0.704741
38880,2,0.125000,0.907904,18,0,1000.000,1.865110,0.651807
38880,3,0.125000,0.813113,7,0,1000.000,0.950007,0.671445
38880,4,0.125000,0.750116,18,0,1000.000,1.699889,0.664721
38880,5,0.125000,0.779858,24,0,1000.000,1.415914,0.675854
38880,6,0.125000,0.859259,16,0,1000.000,1.550382,0.686555
38880,7,0.125000,0.778197,13,0,1000.000,1.724092,0.677781
38928,0,0.125000,0.834444,18,1,955.889,1.086709,0.674074
38928,1,0.125000,0.891453,17,0,1000.000,1.260617,0.671727
38928,2,0.125000,0.851884,17,0,1000.000,1.833690,0.667858
38928,3,0.125000,0.605206,23,0,1000.000,1.235769,0.670403
38928,4,0.125000,0.883834,22,0,1000.000,1.687684,0.687748
38928,5,0.125000,0.734043,18,0,1000.000,1.096089,0.689898
38928,6,0.125000,0.719814,23,0,1000.000,1.338366,0.662295
38928,7,0.125000,0.723372,22,1,970.045,1.280958,0.677067
38976,0,0.125000,0.883364,19,0,1000.000,1.343449,0.677955
38976,1,0.125000,0.922341,27,0,1000.000,1.567382,0.668736
38976,2,0.125000,0.808709,21,0,1000.000,1.708775,0.648525
38976,3,0.125000,0.825383,19,0,1000.000,1.598395,0.676245
38976,4,0.125000,0.861140,27,0,1000.000,1.531806,0.673455
38976,5,0.125000,0.827448,26,0,1000.000,1.590425,0.654933
38976,6,0.125000,0.925844,16,0,1000.000,1.863039,0.668753
38976,7,0.125000,0.795927,24,0,1000.000,1.705386,0.674067
39024,0,0.125000,0.850527,25,0,1000.000,1.418608,0.671506
39024,1,0.125000,0.884242,26,0,1000.000,1.588390,0.661606
39024,2,0.125000,0.893796,34,0,1000.000,1.523516,0.676653
39024,3,0.125000,0.815350,30,0,1000.000,1.789917,0.673962
39024,4,0.125000,0.844306,22,0,1000.000,1.385248,0.661009
39024,5,0.125000,0.766981,25,0,1000.000,1.535539,0.679040
39024,6,0.125000,0.891903,24,0,1000.000,1.425191,0.688546
39024,7,0.125000,0.756862,24,0,1000.000,1.463592,0.661643
39072,0,0.125000,0.796714,24,0,1000.000,1.476213,0.673885
39072,1,0.125000,0.725353,18,0,1000.000,1.346666,0.662697
39072,2,0.125000,0.814365,28,0,1000.000,1.210842,0.687121
39072,3,0.125000,0.798089,19,0,1000.000,1.356708,0.685356
39072,4,0.125000,0.903331,22,0,1000.000,1.421485,0.702539
39072,5,0.125000,0.849232,19,0,1000.000,1.209087,0.679015
39072,6,0.125000,0.806924,21,0,1000.000,1.429133,0.690847
39072,7,0.125000,0.673334,30,0,1000.000,1.280829,0.673433
39120,0,0.125000,0.887714,19,0,1000.000,1.327075,0.671662
39120,1,0.125000,0.686321,23,0,1000.000,1.287420,0.678135
39120,2,0.125000,0.800051,21,0,1000.000,1.386616,0.675298
39120,3,0.125000,0.900741,20,0,1000.000,1.728562,0.657152
39120,4,0.125000,0.777469,25,0,1000.000,1.527536,0.675294
39120,5,0.125000,0.748001,21,0,1000.000,1.323910,0.678859
39120,6,0.125000,0.869976,22,0,1000.000,1.756698,0.659126
39120,7,0.125000,0.820037,22,0,1000.000,1.210350,0.687578
39168,0,0.125000,0.810994,25,0,1000.000,1.871828,0.658265
39168,1,0.125000,0.679801,25,0,1000.000,1.516629,0.662092
39168,2,0.125000,0.820433,29,0,1000.000,1.696561,0.673439
39168,3,0.125000,0.687694,35,0,1000.000,1.230361,0.670279
39168,4,0.125000,0.806998,33,0,1000.000,1.545309,0.671734
39168,5,0.125000,0.818110,20,0,1000.000,1.786249,0.672386
39168,6,0.125000,0.819206,31,0,1000.000,1.432653,0.694060
39168,7,0.125000,0.842653,41,0,1000.000,1.714379,0.664262
39216,0,0.125000,0.859551,35,0,1000.000,1.238140,0.686857
39216,1,0.125000,0.825252,40,0,1000.000,1.763141,0.663308
39216,2,0.125000,0.792622,47,0,1000.000,1.411729,0.684328
39216,3,0.125000,0.833373,30,0,1000.000,1.441658,0.682529
39216,4,0.125000,0.848381,26,0,1000.000,1.533115,0.690748
39216,5,0.125000,0.741042,36,1,973.556,1.601984,0.664000
39216,6,0.125000,0.822860,29,0,1000.000,1.651636,0.666710
39216,7,0.125000,0.830558,32,0,1000.000,1.573327,0.670192
39264,0,0.125000,0.772654,28,0,1000.000,1.647199,0.663183
39264,1,0.125000,0.845608,37,0,1000.000,1.660401,0.670638
39264,2,0.125000,0.746603,29,0,1000.000,1.336877,0.666516
39264,3,0.125000,0.817984,27,0,1000.000,1.475068,0.666885
39264,4,0.125000,0.832371,37,0,1000.000,1.310159,0.674833
39264,5,0.125000,0.868250,27,0,1000.000,1.653564,0.663514
39264,6,0.125000,0.905368,29,0,1000.000,1.359208,0.674594
39264,7,0.125000,0.860389,33,0,1000.000,1.389336,0.692104
39312,0,0.125000,0.866508,32,0,1000.000,1.506647,0.674942
39312,1,0.125000,0.833468,43,0,1000.000,1.271449,0.677348
39312,2,0.125000,0.832317,23,0,1000.000,1.495058,0.669735
39312,3,0.125000,0.798591,29,0,1000.000,1.378948,0.674572
39312,4,0.125000,0.826807,30,0,1000.000,1.815489,0.654975
39312,5,0.125000,0.909023,29,0,1000.000,1.338236,0.683502
39312,6,0.125000,0.801953,40,0,1000.000,1.280678,0.690592
39312,7,0.125000,0.714328,21,0,1000.000,1.245523,0.687581
39360,0,0.125000,0.701227,26,0,1000.000,1.518287,0.672397
39360,1,0.125000,0.747592,30,0,1000.000,1.301335,0.688598
39360,2,0.125000,0.775336,30,0,1000.000,1.607922,0.658728
39360,3,0.125000,0.764208,38,0,1000.000,1.501900,0.664764
39360,4,0.125000,0.879612,36,0,1000.000,1.335358,0.675531
39360,5,0.125000,0.760049,34,0,1000.000,1.442060,0.678793
39360,6,0.125000,0.853812,28,0,1000.000,1.678697,0.663006
39360,7,0.125000,0.904712,43,0,1000.000,1.654109,0.678114
39408,0,0.125000,0.843892,21,0,1000.000,1.389373,0.687794
39408,1,0.125000,0.836971,23,0,1000.000,1.521838,0.674503
39408,2,0.125000,0.762131,17,0,1000.000,1.299776,0.661454
39408,3,0.125000,0.830692,24,0,1000.000,1.471882,0.676750
39408,4,0.125000,0.753245,22,0,1000.000,1.405807,0.672002
39408,5,0.125000,0.690733,27,0,1000.000,1.620831,0.664805
39408,6,0.125000,0.744231,21,0,1000.000,1.366219,0.673434
39408,7,0.125000,0.783544,25,0,1000.000,1.656587,0.658877
39456,0,0.125000,0.814660,26,0,1000.000,1.484368,0.675252
39456,1,0.125000,0.717081,33,0,1000.000,1.425523,0.666928
39456,2,0.125000,0.847929,25,0,1000.000,1.740657,0.647791
39456,3,0.125000,0.875883,31,0,1000.000,1.481087,0.683789
39456,4,0.125000,0.749601,31,0,1000.000,1.287068,0.667773
39456,5,0.125000,0.854193,21,0,1000.000,1.405833,0.680500
39456,6,0.125000,0.781986,28,0,1000.000,1.660434,0.664172
39456,7,0.125000,0.840123,24,0,1000.000,1.563869,0.670983
39504,0,0.125000,0.823472,37,0,1000.000,1.444913,0.668695
39504,1,0.125000,0.804341,29,0,1000.000,1.262256,0.683076
39504,2,0.125000,0.866665,39,0,1000.000,1.479908,0.668787
39504,3,0.125000,0.828507,32,0,1000.000,1.375076,0.685139
39504,4,0.125000,0.837237,24,0,1000.000,1.592767,0.676417
39504,5,0.125000,0.883127,33,0,1000.000,1.586389,0.679792
39504,6,0.125000,0.845644,34,0,1000.000,1.665206,0.679789
39504,7,0.125000,0.795548,33,1,990.818,1.646780,0.666809
39552,0,0.125000,0.819854,22,0,1000.000,1.631257,0.675961
39552,1,0.125000,0.665907,21,0,1000.000,1.432103,0.688803
39552,2,0.125000,0.784215,23,0,1000.000,1.129539,0.678342
39552,3,0.125000,0.889198,22,0,1000.000,1.611094,0.690368
39552,4,0.125000,0.757852,24,0,1000.000,1.516160,0.664652
39552,5,0.125000,0.911981,12,0,1000.000,1.877103,0.675400
39552,6,0.125000,0.797199,22,0,1000.000,1.532528,0.685349
39552,7,0.125000,0.763151,23,0,1000.000,1.274274,0.650965
39600,0,0.125000,0.784297,14,0,1000.000,1.778937,0.657325
39600,1,0.125000,0.703580,15,0,1000.000,1.782817,0.649286
39600,2,0.125000,0.906644,24,0,1000.000,1.419664,0.689974
39600,3,0.125000,0.868822,12,0,1000.000,1.071694,0.673474
39600,4,0.125000,0.853278,24,0,1000.000,1.547944,0.667036
39600,5,0.125000,0.833674,17,0,1000.000,1.305137,0.673595
39600,6,0.125000,0.636742,21,0,1000.000,1.484611,0.671078
39600,7,0.125000,0.895852,18,0,1000.000,2.181423,0.650653
39648,0,0.125000,0.906238,30,0,1000.000,1.452095,0.681152
39648,1,0.125000,0.746594,24,0,1000.000,1.267595,0.689798
39648,2,0.125000,0.689279,20,0,1000.000,1.380564,0.675039
39648,3,0.125000,0.821166,23,0,1000.000,1.262345,0.698006
39648,4,0.125000,0.878057,19,0,1000.000,1.651599,0.669754
39648,5,0.125000,0.774548,27,0,1000.000,1.726174,0.674384
39648,6,0.125000,0.852169,28,0,1000.000,1.550395,0.665347
39648,7,0.125000,0.759574,22,0,1000.000,1.459451,0.673470
39696,0,0.125000,0.787261,27,0,1000.000,1.428494,0.679167
39696,1,0.125000,0.793410,29,0,1000.000,1.463964,0.675495
39696,2,0.125000,0.691673,26,0,1000.000,1.456219,0.680898
39696,3,0.125000,0.732200,28,0,1000.000,1.704014,0.663257
39696,4,0.125000,0.786164,35,0,1000.000,1.241931,0.686744
39696,5,0.125000,0.853849,21,0,1000.000,1.312162,0.681229
39696,6,0.125000,0.810221,27,0,1000.000,1.469143,0.675909
39696,7,0.125000,0.809029,34,2,984.941,1.497280,0.665218
39744,0,0.125000,0.813437,18,0,1000.000,1.576270,0.668229
39744,1,0.125000,0.795249,26,0,1000.000,1.217023,0.686837
39744,2,0.125000,0.746318,21,0,1000.000,1.593650,0.660962
39744,3,0.125000,0.813295,18,0,1000.000,1.628799,0.669832
39744,4,0.125000,0.722359,16,0,1000.000,1.689768,0.665713
39744,5,0.125000,0.778847,29,0,1000.000,1.676731,0.669012
39744,6,0.125000,0.878666,15,0,1000.000,1.481026,0.677265
39744,7,0.125000,0.840552,20,0,1000.000,1.678088,0.685144
39792,0,0.125000,0.863463,16,0,1000.000,1.376712,0.670423
39792,1,0.125000,0.892682,17,0,1000.000,0.962108,0.678275
39792,2,0.125000,0.638235,20,0,1000.000,1.364748,0.662346
39792,3,0.125000,0.896884,16,0,1000.000,1.176284,0.699840
39792,4,0.125000,0.633162,23,0,1000.000,1.417315,0.668340
39792,5,0.125000,0.761821,18,0,1000.000,1.414904,0.670328
39792,6,0.125000,0.812387,25,0,1000.000,1.503519,0.688564
39792,7,0.125000,0.802526,16,1,978.875,1.269885,0.668837
39840,0,0.125000,0.848216,12,0,1000.000,1.427167,0.675948
39840,1,0.125000,0.799258,14,0,1000.000,1.081329,0.692349
39840,2,0.125000,0.777487,13,0,1000.000,1.209863,0.685407
39840,3,0.125000,0.920274,18,0,1000.000,1.545797,0.675689
39840,4,0.125000,0.606769,20,0,1000.000,1.189322,0.677024
39840,5,0.125000,0.793195,13,0,1000.000,2.114664,0.645303
39840,6,0.125000,0.623316,15,0,1000.000,0.974904,0.683303
39840,7,0.125000,0.655644,10,0,1000.000,1.342938,0.695092
39888,0,0.125000,0.787760,6,1,859.333,0.796868,0.668642
39888,1,0.125000,0.770832,15,0,1000.000,1.565103,0.668108
39888,2,0.125000,0.878159,19,0,1000.000,1.509660,0.687957
39888,3,0.125000,0.824524,11,0,1000.000,1.390495,0.685380
39888,4,0.125000,0.782190,24,0,1000.000,1.732392,0.667165
39888,5,0.125000,0.836022,16,1,940.812,1.158276,0.682970
39888,6,0.125000,0.821122,18,0,1000.000,1.652930,0.680662
39888,7,0.125000,0.777625,19,0,1000.000,1.575807,0.677561
39936,0,0.125000,0.598318,15,0,1000.000,1.318946,0.664852
39936,1,0.125000,0.618486,18,0,1000.000,1.264606,0.677498
39936,2,0.125000,0.773957,23,0,1000.000,1.360742,0.688318
39936,3,0.125000,0.744472,16,0,1000.000,1.648821,0.679650
39936,4,0.125000,0.841425,21,0,1000.000,1.372398,0.691027
39936,5,0.125000,0.726103,18,0,1000.000,1.401898,0.681724
39936,6,0.125000,0.866702,18,0,1000.000,1.461235,0.672272
39936,7,0.125000,0.876198,26,0,1000.000,1.528871,0.681651
39984,0,0.125000,0.879756,24,0,1000.000,1.672669,0.677960
39984,1,0.125000,0.904940,24,1,971.708,1.330888,0.683725
39984,2,0.125000,0.699757,30,0,1000.000,1.381332,0.680762
39984,3,0.125000,0.862744,25,0,1000.000,1.295519,0.684778
39984,4,0.125000,0.774630,29,0,1000.000,1.429770,0.689579
39984,5,0.125000,0.719909,21,0,1000.000,1.311111,0.690787
39984,6,0.125000,0.730279,25,0,1000.000,1.582677,0.658961
39984,7,0.125000,0.840448,23,0,1000.000,1.358439,0.674362
40032,0,0.125000,0.811572,25,1,978.960,1.505983,0.665547
40032,1,0.125000,0.878365,33,0,1000.000,1.824418,0.665440
40032,2,0.125000,0.697392,17,0,1000.000,1.368959,0.679497
40032,3,0.125000,0.787241,21,0,1000.000,1.451850,0.679676
40032,4,0.125000,0.799085,29,0,1000.000,1.500130,0.678889
40032,5,0.125000,0.877649,28,0,1000.000,1.652532,0.672749
40032,6,0.125000,0.785537,32,0,1000.000,1.435049,0.684421
40032,7,0.125000,0.888280,29,0,1000.000,1.575539,0.676522
40080,0,0.125000,0.808980,22,0,1000.000,1.272449,0.693678
40080,1,0.125000,0.850033,23,0,1000.000,1.162105,0.685302
40080,2,0.125000,0.773535,19,0,1000.000,1.579516,0.674415
40080,3,0.125000,0.717193,17,0,1000.000,1.246642,0.676351
40080,4,0.125000,0.773750,14,0,1000.000,1.928882,0.664411
40080,5,0.125000,0.807387,20,0,1000.000,1.489754,0.674064
40080,6,0.125000,0.837125,24,0,1000.000,1.713871,0.674944
40080,7,0.125000,0.800077,19,0,1000.000,0.900867,0.692277
40128,0,0.125000,0.853571,17,0,1000.000,1.436361,0.668061
40128,1,0.125000,0.845121,23,0,1000.000,1.689860,0.679003
40128,2,0.125000,0.798954,30,0,1000.000,1.357219,0.677061
40128,3,0.125000,0.788569,21,0,1000.000,1.482125,0.683486
40128,4,0.125000,0.757486,25,0,1000.000,1.215946,0.683841
40128,5,0.125000,0.704212,20,0,1000.000,1.979635,0.654228
40128,6,0.125000,0.764483,27,1,996.111,1.082822,0.695118
40128,7,0.125000,0.621062,20,2,954.850,1.641687,0.657352
40176,0,0.125000,0.891676,24,0,1000.000,1.467740,0.678401
40176,1,0.125000,0.805536,33,0,1000.000,1.543208,0.679547
40176,2,0.125000,0.849323,36,0,1000.000,1.408361,0.684543
40176,3,0.125000,0.816394,36,0,1000.000,1.623798,0.678840
40176,4,0.125000,0.748628,33,0,1000.000,1.058540,0.696400
40176,5,0.125000,0.772264,32,0,1000.000,1.468350,0.673919
40176,6,0.125000,0.798525,29,0,1000.000,1.528505,0.685943
40176,7,0.125000,0.640445,26,2,941.077,1.071185,0.663610
40224,0,0.125000,0.782700,42,2,963.310,1.463275,0.668885
40224,1,0.125000,0.835619,40,0,1000.000,1.294855,0.677939
40224,2,0.125000,0.811273,35,0,1000.000,1.512628,0.671774
40224,3,0.125000,0.831646,39,0,1000.000,1.751322,0.671811
40224,4,0.125000,0.765073,37,0,1000.000,1.081979,0.675489
40224,5,0.125000,0.761747,24,0,1000.000,1.553627,0.675822
40224,6,0.125000,0.781943,35,0,1000.000,1.403826,0.669650
40224,7,0.125000,0.933496,23,0,1000.000,1.540967,0.673685
40272,0,0.125000,0.893185,29,0,1000.000,1.543091,0.667969
40272,1,0.125000,0.739220,31,0,1000.000,1.395397,0.668665
40272,2,0.125000,0.809868,32,0,1000.000,1.515326,0.677032
40272,3,0.125000,0.765869,29,0,1000.000,1.202922,0.684503
40272,4,0.125000,0.819201,26,0,1000.000,1.601881,0.678660
40272,5,0.125000,0.802422,28,0,1000.000,1.366050,0.674173
40272,6,0.125000,0.919921,32,0,1000.000,1.827231,0.665192
40272,7,0.125000,0.787430,34,0,1000.000,1.355957,0.675960
40320,0,0.125000,0.859179,31,0,1000.000,1.388726,0.688197
40320,1,0.125000,0.843136,31,1,991.613,1.307600,0.679655
40320,2,0.125000,0.743183,35,0,1000.000,1.664612,0.664697
40320,3,0.125000,0.770245,25,0,1000.000,1.454347,0.668059
40320,4,0.125000,0.843731,33,0,1000.000,1.656870,0.679397
40320,5,0.125000,0.922687,30,0,1000.000,1.809169,0.682319
40320,6,0.125000,0.825680,32,0,1000.000,1.238460,0.689036
40320,7,0.125000,0.801766,36,0,1000.000,1.426723,0.678640
40368,0,0.125000,0.841364,34,0,1000.000,1.601757,0.684937
40368,1,0.125000,0.862066,28,0,1000.000,1.553632,0.685789
40368,2,0.125000,0.797377,33,0,1000.000,1.504045,0.697218
40368,3,0.125000,0.825848,30,0,1000.000,1.827160,0.679238
40368,4,0.125000,0.862307,28,0,1000.000,1.489142,0.680315
40368,5,0.125000,0.834394,39,0,1000.000,1.342814,0.680670
40368,6,0.125000,0.793691,34,0,1000.000,1.638164,0.661232
40368,7,0.125000,0.846404,33,0,1000.000,1.944748,0.654105
40416,0,0.125000,0.609243,22,0,1000.000,1.399098,0.680830
40416,1,0.125000,0.792218,23,0,1000.000,1.449694,0.659159
40416,2,0.125000,0.813758,23,0,1000.000,1.042493,0.661151
40416,3,0.125000,0.707039,23,0,1000.000,1.564098,0.662562
40416,4,0.125000,0.847160,24,0,1000.000,1.492107,0.650666
40416,5,0.125000,0.685852,16,0,1000.000,1.373531,0.682200
40416,6,0.125000,0.560097,19,1,996.263,1.278443,0.663244
40416,7,0.125000,0.862080,22,0,1000.000,1.842528,0.657604
40464,0,0.125000,0.732581,28,0,1000.000,1.435885,0.684025
40464,1,0.125000,0.719378,35,0,1000.000,1.401952,0.686212
40464,2,0.125000,0.842104,31,0,1000.000,1.544165,0.681596
40464,3,0.125000,0.921427,35,0,1000.000,1.607471,0.674427
40464,4,0.125000,0.879070,28,0,1000.000,1.672160,0.659837
40464,5,0.125000,0.749461,28,0,1000.000,1.444077,0.671791
40464,6,0.125000,0.759628,29,0,1000.000,1.483818,0.670072
40464,7,0.125000,0.884294,24,0,1000.000,1.779441,0.662634
40512,0,0.125000,0.886040,34,0,1000.000,1.679627,0.665993
40512,1,0.125000,0.874423,33,0,1000.000,1.560630,0.680340
40512,2,0.125000,0.862849,30,0,1000.000,1.597706,0.673014
40512,3,0.125000,0.744973,33,0,1000.000,1.440776,0.674027
40512,4,0.125000,0.740257,27,0,1000.000,1.422466,0.673361
40512,5,0.125000,0.880176,32,0,1000.000,1.332502,0.673742
40512,6,0.125000,0.871362,27,0,1000.000,1.486235,0.694301
40512,7,0.125000,0.793181,33,1,980.242,1.203362,0.675488
40560,0,0.125000,0.791758,25,0,1000.000,1.142342,0.680104
40560,1,0.125000,0.754123,18,0,1000.000,1.685851,0.677265
40560,2,0.125000,0.865873,29,0,1000.000,1.508527,0.680853
40560,3,0.125000,0.837135,12,0,1000.000,1.560914,0.662224
40560,4,0.125000,0.855768,20,0,1000.000,1.285808,0.672628
40560,5,0.125000,0.839721,24,0,1000.000,1.757262,0.666098
40560,6,0.125000,0.884772,20,0,1000.000,1.361240,0.675391
40560,7,0.125000,0.766730,13,0,1000.000,1.923520,0.673574
40656,0,0.125000,0.826778,51,0,1000.000,1.375114,0.685561
40656,1,0.125000,0.894902,43,0,1000.000,1.444171,0.684459
40656,2,0.125000,0.793577,43,0,1000.000,1.507038,0.677882
40656,3,0.125000,0.798370,35,0,1000.000,1.369499,0.687803
40656,4,0.125000,0.789922,39,0,1000.000,1.377576,0.677603
40656,5,0.125000,0.867699,55,0,1000.000,1.426985,0.680431
40656,6,0.125000,0.815646,45,0,1000.000,1.558580,0.674108
40656,7,0.125000,0.859042,42,0,1000.000,1.564990,0.677829
40704,0,0.125000,0.735522,23,0,1000.000,1.188266,0.688908
40704,1,0.125000,0.794205,36,0,1000.000,1.570765,0.677168
40704,2,0.125000,0.802821,34,0,1000.000,1.561819,0.671573
40704,3,0.125000,0.851781,37,0,1000.000,1.530683,0.676199
40704,4,0.125000,0.821336,30,0,1000.000,1.725198,0.671103
40704,5,0.125000,0.895814,22,0,1000.000,1.884435,0.662828
40704,6,0.125000,0.852351,20,0,1000.000,1.296049,0.687459
40704,7,0.125000,0.760988,26,0,1000.000,1.327357,0.692664
40752,0,0.125000,0.717107,9,0,1000.000,1.224837,0.682808
40752,1,0.125000,0.734343,22,0,1000.000,1.382236,0.670392
40752,2,0.125000,0.859988,22,0,1000.000,1.689827,0.667123
40752,3,0.125000,0.885217,17,0,1000.000,1.476823,0.693153
40752,4,0.125000,0.857624,14,0,1000.000,1.496401,0.684527
40752,5,0.125000,0.898157,22,0,1000.000,1.335713,0.687423
40752,6,0.125000,0.901386,24,0,1000.000,1.531620,0.665742
40752,7,0.125000,0.738901,15,1,960.533,1.382234,0.700434
40800,0,0.125000,0.807960,16,0,1000.000,1.401331,0.686040
40800,1,0.125000,0.774587,19,0,1000.000,1.505649,0.683622
40800,2,0.125000,0.893027,22,0,1000.000,1.455360,0.686480
40800,3,0.125000,0.824640,24,0,1000.000,1.681359,0.657805
40800,4,0.125000,0.719228,16,0,1000.000,1.070120,0.703886
40800,5,0.125000,0.866071,18,0,1000.000,1.613328,0.670974
40800,6,0.125000,0.787599,19,0,1000.000,2.009797,0.665987
40800,7,0.125000,0.928360,13,0,1000.000,1.528613,0.661300
40848,0,0.125000,0.836990,11,0,1000.000,1.574584,0.670370
40848,1,0.125000,0.882900,16,0,1000.000,1.316736,0.696870
40848,2,0.125000,0.765945,17,0,1000.000,1.427045,0.682999
40848,3,0.125000,0.506535,9,0,1000.000,1.336648,0.662478
40848,4,0.125000,0.693969,8,0,1000.000,1.313759,0.701712
40848,5,0.125000,0.534762,20,0,1000.000,1.280188,0.678033
40848,6,0.125000,0.761396,16,0,1000.000,1.513479,0.676725
40848,7,0.125000,0.848220,11,0,1000.000,1.413064,0.690617
40896,0,0.125000,0.631470,20,0,1000.000,1.420925,0.673327
40896,1,0.125000,0.747089,24,0,1000.000,1.710103,0.664702
40896,2,0.125000,0.913900,16,0,1000.000,2.065804,0.662995
40896,3,0.125000,0.683784,22,0,1000.000,1.316762,0.682666
40896,4,0.125000,0.788749,19,0,1000.000,1.460973,0.666544
40896,5,0.125000,0.786248,12,0,1000.000,1.407807,0.681780
40896,6,0.125000,0.732818,16,0,1000.000,1.488603,0.674026
40896,7,0.125000,0.822842,13,0,1000.000,2.052958,0.666127
40944,0,0.125000,0.876370,14,0,1000.000,1.311471,0.689622
40944,1,0.125000,0.741076,23,0,1000.000,1.672125,0.657028
40944,2,0.125000,0.839953,15,0,1000.000,1.717903,0.653940
40944,3,0.125000,0.773014,19,0,1000.000,1.507109,0.681167
40944,4,0.125000,0.793052,23,0,1000.000,1.433600,0.669205
40944,5,0.125000,0.905960,18,0,1000.000,1.132739,0.694420
40944,6,0.125000,0.866310,22,0,1000.000,1.868770,0.659625
40944,7,0.125000,0.826915,18,0,1000.000,1.652673,0.666917
40992,0,0.125000,0.862909,28,0,1000.000,1.475158,0.678087
40992,1,0.125000,0.816172,30,0,1000.000,1.409178,0.690108
40992,2,0.125000,0.838490,16,0,1000.000,2.012252,0.648272
40992,3,0.125000,0.915188,37,0,1000.000,1.409659,0.681090
40992,4,0.125000,0.862167,24,0,1000.000,1.502617,0.679485
40992,5,0.125000,0.814140,27,0,1000.000,1.712250,0.679470
40992,6,0.125000,0.866482,27,0,1000.000,1.348426,0.690906
40992,7,0.125000,0.814955,22,0,1000.000,1.672294,0.665235
41040,0,0.125000,0.861801,29,0,1000.000,1.418120,0.671467
41040,1,0.125000,0.792266,29,1,988.276,1.589630,0.681305
41040,2,0.125000,0.729564,19,0,1000.000,1.279503,0.686259
41040,3,0.125000,0.838890,30,0,1000.000,1.452011,0.683038
41040,4,0.125000,0.843609,26,0,1000.000,1.384784,0.682346
41040,5,0.125000,0.797706,33,0,1000.000,1.319245,0.678924
41040,6,0.125000,0.815734,14,0,1000.000,1.269176,0.695724
41040,7,0.125000,0.743691,24,1,986.583,1.433373,0.684739
41088,0,0.125000,0.934863,13,0,1000.000,1.536016,0.681599
41088,1,0.125000,0.793782,25,0,1000.000,1.315030,0.688200
41088,2,0.125000,0.801133,24,0,1000.000,1.417742,0.693648
41088,3,0.125000,0.853340,20,0,1000.000,1.795421,0.658305
41088,4,0.125000,0.651174,17,0,1000.000,1.335637,0.668459
41088,5,0.125000,0.729387,19,0,1000.000,1.255563,0.685635
41088,6,0.125000,0.723553,28,0,1000.000,1.526476,0.674624
41088,7,0.125000,0.796935,19,0,1000.000,1.008847,0.684829
41136,0,0.125000,0.787712,19,0,1000.000,1.747271,0.680253
41136,1,0.125000,0.844988,25,0,1000.000,1.640382,0.672032
41136,2,0.125000,0.735722,22,0,1000.000,1.591217,0.668340
41136,3,0.125000,0.911595,28,0,1000.000,1.782744,0.669188
41136,4,0.125000,0.793718,20,0,1000.000,1.424084,0.654993
41136,5,0.125000,0.751584,31,0,1000.000,1.303219,0.673807
41136,6,0.125000,0.712965,27,0,1000.000,1.461316,0.680388
41136,7,0.125000,0.918946,17,0,1000.000,1.624122,0.678026
41184,0,0.125000,0.868176,28,1,966.143,1.538461,0.653834
41184,1,0.125000,0.819310,28,0,1000.000,1.469393,0.672329
41184,2,0.125000,0.814120,33,0,1000.000,1.553210,0.686087
41184,3,0.125000,0.740402,45,0,1000.000,1.340072,0.684550
41184,4,0.125000,0.726821,41,0,1000.000,1.391086,0.684882
41184,5,0.125000,0.864459,26,0,1000.000,1.515496,0.671354
41184,6,0.125000,0.694557,28,0,1000.000,1.253905,0.683484
41184,7,0.125000,0.801274,28,0,1000.000,1.365248,0.686796
41232,0,0.125000,0.721809,29,1,967.241,1.318872,0.657113
41232,1,0.125000,0.796328,32,0,1000.000,1.309435,0.681936
41232,2,0.125000,0.867737,32,0,1000.000,1.583895,0.670490
41232,3,0.125000,0.737563,31,0,1000.000,1.749796,0.671418
41232,4,0.125000,0.830594,39,0,1000.000,1.631760,0.662555
41232,5,0.125000,0.806620,32,0,1000.000,1.750071,0.673971
41232,6,0.125000,0.833463,36,0,1000.000,1.340239,0.684301
41232,7,0.125000,0.742741,32,0,1000.000,1.416625,0.673165
41280,0,0.125000,0.881236,34,0,1000.000,1.375978,0.679109
41280,1,0.125000,0.843003,29,0,1000.000,1.804525,0.663549
41280,2,0.125000,0.774199,33,0,1000.000,1.441681,0.670577
41280,3,0.125000,0.829150,30,0,1000.000,1.589667,0.671331
41280,4,0.125000,0.921295,24,0,1000.000,1.822244,0.672653
41280,5,0.125000,0.776067,36,0,1000.000,1.497855,0.680046
41280,6,0.125000,0.790070,30,0,1000.000,1.202497,0.694253
41280,7,0.125000,0.836326,27,0,1000.000,1.545315,0.684795
41328,0,0.125000,0.736170,39,0,1000.000,1.686084,0.667508
41328,1,0.125000,0.807519,34,0,1000.000,1.728601,0.669977
41328,2,0.125000,0.694345,30,0,1000.000,1.426479,0.667659
41328,3,0.125000,0.869606,42,0,1000.000,1.514877,0.685568
41328,4,0.125000,0.799696,29,0,1000.000,1.433782,0.672052
41328,5,0.125000,0.900413,25,0,1000.000,1.609057,0.680915
41328,6,0.125000,0.804043,31,0,1000.000,1.630261,0.682738
41328,7,0.125000,0.894536,26,0,1000.000,1.646975,0.679341
41376,0,0.125000,0.864113,24,0,1000.000,1.644174,0.683134
41376,1,0.125000,0.873226,29,0,1000.000,1.843465,0.663439
41376,2,0.125000,0.847053,28,0,1000.000,1.561955,0.672650
41376,3,0.125000,0.790768,29,0,1000.000,1.714031,0.674390
41376,4,0.125000,0.837323,39,0,1000.000,1.458718,0.690447
41376,5,0.125000,0.920046,30,0,1000.000,1.914584,0.660400
41376,6,0.125000,0.815553,37,0,1000.000,1.367062,0.682920
41376,7,0.125000,0.815842,25,0,1000.000,1.410680,0.681838
41424,0,0.125000,0.790766,15,0,1000.000,1.476606,0.661444
41424,1,0.125000,0.643394,29,0,1000.000,1.619652,0.661915
41424,2,0.125000,0.826901,16,0,1000.000,1.176210,0.679967
41424,3,0.125000,0.692320,18,0,1000.000,1.770417,0.649979
41424,4,0.125000,0.899177,23,0,1000.000,1.454215,0.667161
41424,5,0.125000,0.840620,33,0,1000.000,1.672745,0.666281
41424,6,0.125000,0.925608,23,0,1000.000,1.701166,0.652326
41424,7,0.125000,0.903285,23,0,1000.000,1.335146,0.691406
41472,0,0.125000,0.819387,28,0,1000.000,1.508192,0.669272
41472,1,0.125000,0.788613,27,0,1000.000,1.298566,0.669894
41472,2,0.125000,0.784387,39,0,1000.000,1.440119,0.680478
41472,3,0.125000,0.704720,26,0,1000.000,1.572677,0.670779
41472,4,0.125000,0.748886,41,0,1000.000,1.562129,0.680357
41472,5,0.125000,0.727661,29,0,1000.000,1.506085,0.680159
41472,6,0.125000,0.857527,33,0,1000.000,1.559369,0.689715
41472,7,0.125000,0.773276,31,0,1000.000,1.448899,0.666512
41520,0,0.125000,0.904399,26,0,1000.000,1.500460,0.683006
41520,1,0.125000,0.840137,31,0,1000.000,1.478006,0.681131
41520,2,0.125000,0.783625,28,0,1000.000,1.551419,0.676553
41520,3,0.125000,0.873657,25,0,1000.000,1.659094,0.666110
41520,4,0.125000,0.881321,30,0,1000.000,1.460485,0.690843
41520,5,0.125000,0.760595,31,0,1000.000,1.602216,0.665293
41520,6,0.125000,0.873526,33,0,1000.000,1.644177,0.670369
41520,7,0.125000,0.801747,24,0,1000.000,1.549560,0.680856
41568,0,0.125000,0.841240,21,0,1000.000,1.301591,0.675550
41568,1,0.125000,0.687365,15,0,1000.000,1.366758,0.670765
41568,2,0.125000,0.780325,23,0,1000.000,1.406786,0.691552
41568,3,0.125000,0.883474,23,0,1000.000,1.372361,0.664716
41568,4,0.125000,0.863309,21,0,1000.000,1.342130,0.693035
41568,5,0.125000,0.824418,18,0,1000.000,1.491423,0.675096
41568,6,0.125000,0.840275,19,0,1000.000,1.491908,0.684900
41568,7,0.125000,0.788513,21,0,1000.000,1.512132,0.672625
41616,0,0.125000,0.709461,14,0,1000.000,1.625579,0.673163
41616,1,0.125000,0.690803,17,0,1000.000,1.373294,0.682975
41616,2,0.125000,0.929896,27,0,1000.000,1.505491,0.684818
41616,3,0.125000,0.800971,22,0,1000.000,1.389652,0.678969
41616,4,0.125000,0.906686,20,0,1000.000,1.863621,0.671748
41616,5,0.125000,0.803293,13,0,1000.000,1.948862,0.653733
41616,6,0.125000,0.880950,18,0,1000.000,1.412372,0.694939
41616,7,0.125000,0.613056,17,0,1000.000,1.238357,0.676764
41664,0,0.125000,0.884500,25,0,1000.000,1.530139,0.690071
41664,1,0.125000,0.727613,25,0,1000.000,1.472867,0.675555
41664,2,0.125000,0.816808,24,0,1000.000,1.411007,0.683233
41664,3,0.125000,0.754819,20,1,951.850,0.956641,0.664773
41664,4,0.125000,0.765816,27,0,1000.000,1.365407,0.686427
41664,5,0.125000,0.803020,32,0,1000.000,1.598039,0.667202
41664,6,0.125000,0.746835,31,0,1000.000,1.381094,0.683302
41664,7,0.125000,0.736114,28,0,1000.000,1.422030,0.688544
41712,0,0.125000,0.846352,31,0,1000.000,1.442586,0.681196
41712,1,0.125000,0.807828,29,0,1000.000,1.435314,0.677208
41712,2,0.125000,0.808579,23,0,1000.000,1.562980,0.685482
41712,3,0.125000,0.804765,24,0,1000.000,1.676736,0.683118
41712,4,0.125000,0.827460,30,0,1000.000,0.952796,0.684836
41712,5,0.125000,0.744383,30,0,1000.000,1.433976,0.683127
41712,6,0.125000,0.865270,29,0,1000.000,1.982229,0.658637
41712,7,0.125000,0.776364,30,0,1000.000,1.507173,0.681696
41760,0,0.125000,0.788034,23,1,959.739,1.439489,0.649318
41760,1,0.125000,0.778537,24,0,1000.000,1.341424,0.688450
41760,2,0.125000,0.917051,14,0,1000.000,1.542998,0.670003
41760,3,0.125000,0.752571,15,0,1000.000,1.360034,0.687414
41760,4,0.125000,0.691003,16,0,1000.000,1.668619,0.658458
41760,5,0.125000,0.863496,21,1,955.190,1.265887,0.678702
41760,6,0.125000,0.710994,11,1,952.818,1.542604,0.654167
41760,7,0.125000,0.852030,19,0,1000.000,1.748122,0.662631
41808,0,0.125000,0.842828,23,0,1000.000,1.733252,0.681497
41808,1,0.125000,0.672321,19,0,1000.000,1.493227,0.664957
41808,2,0.125000,0.790089,17,0,1000.000,1.569020,0.672353
41808,3,0.125000,0.941729,20,0,1000.000,1.214714,0.685531
41808,4,0.125000,0.690647,23,0,1000.000,1.355217,0.672341
41808,5,0.125000,0.759412,11,0,1000.000,1.284770,0.684520
41808,6,0.125000,0.762951,12,0,1000.000,1.621719,0.678775
41808,7,0.125000,0.951967,9,0,1000.000,1.352961,0.706821
41856,0,0.125000,0.769258,16,0,1000.000,1.083600,0.687916
41856,1,0.125000,0.856877,16,0,1000.000,1.865822,0.662182
41856,2,0.125000,0.711777,8,0,1000.000,1.350779,0.692239
41856,3,0.125000,0.847546,13,0,1000.000,1.597640,0.656616
41856,4,0.125000,0.900317,13,0,1000.000,1.898319,0.655680
41856,5,0.125000,0.802153,10,0,1000.000,1.704564,0.657773
41856,6,0.125000,0.947353,11,0,1000.000,1.390695,0.666972
41856,7,0.125000,0.896892,17,0,1000.000,1.356286,0.684997
41904,0,0.125000,0.844042,19,0,1000.000,1.324319,0.684734
41904,1,0.125000,0.910658,17,0,1000.000,1.829975,0.673969
41904,2,0.125000,0.844867,20,0,1000.000,1.933808,0.650869
41904,3,0.125000,0.821755,27,0,1000.000,1.557792,0.676296
41904,4,0.125000,0.837943,22,0,1000.000,1.610702,0.672570
41904,5,0.125000,0.763338,20,0,1000.000,1.173763,0.690236
41904,6,0.125000,0.682258,11,0,1000.000,1.414648,0.677579
41904,7,0.125000,0.768907,17,0,1000.000,1.240479,0.659377
41952,0,0.125000,0.875356,21,0,1000.000,1.910676,0.657179
41952,1,0.125000,0.944647,11,0,1000.000,1.362307,0.673009
41952,2,0.125000,0.751831,20,0,1000.000,1.652135,0.665613
41952,3,0.125000,0.800422,18,0,1000.000,1.670717,0.673855
41952,4,0.125000,0.862390,30,0,1000.000,1.541569,0.678734
41952,5,0.125000,0.665597,27,0,1000.000,1.532324,0.655186
41952,6,0.125000,0.797064,22,0,1000.000,1.704720,0.662620
41952,7,0.125000,0.804893,22,0,1000.000,1.298733,0.684790
42000,0,0.125000,0.760310,31,0,1000.000,1.264324,0.690182
42000,1,0.125000,0.898664,22,0,1000.000,1.460036,0.683453
42000,2,0.125000,0.914273,17,0,1000.000,1.881642,0.674942
42000,3,0.125000,0.798025,32,1,970.000,1.653110,0.656366
42000,4,0.125000,0.839125,26,0,1000.000,1.493510,0.673704
42000,5,0.125000,0.873976,24,0,1000.000,1.626531,0.659375
42000,6,0.125000,0.773515,28,0,1000.000,1.415896,0.678343
42000,7,0.125000,0.795577,20,1,973.700,1.451263,0.674489
42048,0,0.125000,0.773518,18,0,1000.000,1.440436,0.675894
42048,1,0.125000,0.672810,22,0,1000.000,1.418604,0.671468
42048,2,0.125000,0.742904,30,0,1000.000,1.353535,0.688285
42048,3,0.125000,0.886115,25,0,1000.000,1.755740,0.680283
42048,4,0.125000,0.779845,27,0,1000.000,1.376575,0.680987
42048,5,0.125000,0.843726,28,0,1000.000,1.737613,0.665517
42048,6,0.125000,0.732638,13,0,1000.000,1.293912,0.713141
42048,7,0.125000,0.844355,36,0,1000.000,1.576456,0.673647
42096,0,0.125000,0.889662,18,1,951.000,1.164959,0.678093
42096,1,0.125000,0.892240,20,0,1000.000,1.459669,0.681307
42096,2,0.125000,0.944716,19,0,1000.000,1.418362,0.694293
42096,3,0.125000,0.762877,19,0,1000.000,1.681092,0.662968
42096,4,0.125000,0.866639,29,0,1000.000,1.444168,0.689087
42096,5,0.125000,0.873703,17,0,1000.000,1.647677,0.648667
42096,6,0.125000,0.880657,18,0,1000.000,1.556510,0.683248
42096,7,0.125000,0.770088,23,0,1000.000,1.328143,0.683464
42144,0,0.125000,0.797625,27,0,1000.000,1.780103,0.669784
42144,1,0.125000,0.927392,25,0,1000.000,1.521390,0.676766
42144,2,0.125000,0.875929,28,0,1000.000,1.852074,0.667204
42144,3,0.125000,0.865121,23,0,1000.000,1.840979,0.673962
42144,4,0.125000,0.811740,25,0,1000.000,1.515106,0.676335
42144,5,0.125000,0.810123,31,0,1000.000,1.528378,0.680691
42144,6,0.125000,0.871487,22,0,1000.000,1.520734,0.669132
42144,7,0.125000,0.745622,28,0,1000.000,1.397424,0.685621
42192,0,0.125000,0.856554,25,0,1000.000,1.502931,0.688220
42192,1,0.125000,0.762538,24,0,1000.000,1.719225,0.673173
42192,2,0.125000,0.810346,33,0,1000.000,1.538702,0.683735
42192,3,0.125000,0.774180,41,0,1000.000,1.355294,0.674044
42192,4,0.125000,0.872578,35,0,1000.000,1.738440,0.681195
42192,5,0.125000,0.893217,31,0,1000.000,1.790568,0.679136
42192,6,0.125000,0.665007,28,0,1000.000,1.283543,0.677460
42192,7,0.125000,0.828619,40,0,1000.000,1.403060,0.679701
42240,0,0.125000,0.794551,41,0,1000.000,1.558056,0.670707
42240,1,0.125000,0.935170,33,0,1000.000,1.373258,0.675908
42240,2,0.125000,0.769058,34,0,1000.000,1.694300,0.669834
42240,3,0.125000,0.846190,33,0,1000.000,1.673274,0.664577
42240,4,0.125000,0.874358,35,0,1000.000,1.429854,0.673308
42240,5,0.125000,0.816786,29,0,1000.000,1.662633,0.680304
42240,6,0.125000,0.875985,32,0,1000.000,1.467396,0.672421
42240,7,0.125000,0.836168,31,0,1000.000,1.564854,0.672063
42288,0,0.125000,0.931991,23,1,969.261,1.421968,0.670754
42288,1,0.125000,0.853288,34,0,1000.000,1.417806,0.689562
42288,2,0.125000,0.846053,31,0,1000.000,1.812147,0.668249
42288,3,0.125000,0.864268,30,0,1000.000,1.680468,0.667630
42288,4,0.125000,0.713568,25,0,1000.000,1.158860,0.678822
42288,5,0.125000,0.801846,33,0,1000.000,1.640635,0.659200
42288,6,0.125000,0.747752,31,0,1000.000,1.402124,0.693408
42288,7,0.125000,0.831996,34,0,1000.000,1.699477,0.671924
42336,0,0.125000,0.866774,30,0,1000.000,1.402472,0.686427
42336,1,0.125000,0.800304,34,0,1000.000,1.385548,0.684496
42336,2,0.125000,0.847194,36,0,1000.000,1.440104,0.674015
42336,3,0.125000,0.849379,25,0,1000.000,1.548996,0.681347
42336,4,0.125000,0.866611,27,0,1000.000,1.532759,0.679080
42336,5,0.125000,0.746599,29,0,1000.000,1.459525,0.675047
42336,6,0.125000,0.832671,44,0,1000.000,1.600384,0.682233
42336,7,0.125000,0.738842,35,0,1000.000,1.684006,0.676489
42384,0,0.125000,0.871769,22,0,1000.000,1.641387,0.673329
42384,1,0.125000,0.747327,32,0,1000.000,1.462057,0.677520
42384,2,0.125000,0.788972,34,0,1000.000,1.571725,0.669844
42384,3,0.125000,0.828269,24,0,1000.000,1.752946,0.660718
42384,4,0.125000,0.946543,26,0,1000.000,1.463185,0.687114
42384,5,0.125000,0.857209,32,0,1000.000,1.634972,0.661236
42384,6,0.125000,0.807050,28,0,1000.000,1.485733,0.697337
42384,7,0.125000,0.860529,27,0,1000.000,1.480725,0.682337
42432,0,0.125000,0.866610,30,1,970.833,1.391790,0.657501
42432,1,0.125000,0.829569,24,0,1000.000,1.249212,0.679278
42432,2,0.125000,0.923290,32,0,1000.000,1.478201,0.674218
42432,3,0.125000,0.833612,21,0,1000.000,1.602297,0.674635
42432,4,0.125000,0.726958,23,0,1000.000,1.367121,0.669813
42432,5,0.125000,0.819786,17,0,1000.000,1.675317,0.674350
42432,6,0.125000,0.931984,19,0,1000.000,1.452174,0.687378
42432,7,0.125000,0.693081,18,0,1000.000,1.675185,0.654154
42480,0,0.125000,0.873962,32,0,1000.000,1.408691,0.682770
42480,1,0.125000,0.793813,31,0,1000.000,1.448069,0.679248
42480,2,0.125000,0.723785,34,0,1000.000,1.495317,0.671313
42480,3,0.125000,0.808146,34,0,1000.000,1.829603,0.663699
42480,4,0.125000,0.897384,35,0,1000.000,1.497067,0.680083
42480,5,0.125000,0.737854,37,0,1000.000,1.146861,0.681892
42480,6,0.125000,0.810835,31,0,1000.000,1.617744,0.683141
42480,7,0.125000,0.808488,29,0,1000.000,1.487627,0.669730
42528,0,0.125000,0.858957,26,0,1000.000,1.539307,0.678486
42528,1,0.125000,0.874243,36,0,1000.000,1.657929,0.674647
42528,2,0.125000,0.790375,23,0,1000.000,1.525802,0.667241
42528,3,0.125000,0.883855,19,0,1000.000,1.572659,0.678473
42528,4,0.125000,0.800875,28,0,1000.000,1.425400,0.678468
42528,5,0.125000,0.893784,19,0,1000.000,1.467644,0.688815
42528,6,0.125000,0.704039,28,0,1000.000,1.115806,0.685106
42528,7,0.125000,0.815035,31,0,1000.000,1.434706,0.681405
42576,0,0.125000,0.940298,24,0,1000.000,1.439247,0.693878
42576,1,0.125000,0.780358,21,0,1000.000,1.590866,0.672573
42576,2,0.125000,0.803883,14,0,1000.000,1.252649,0.670456
42576,3,0.125000,0.828844,18,0,1000.000,1.523933,0.679298
42576,4,0.125000,0.832888,18,0,1000.000,1.467316,0.669133
42576,5,0.125000,0.882722,19,0,1000.000,1.430235,0.661387
42576,6,0.125000,0.798518,18,0,1000.000,1.879062,0.659465
42576,7,0.125000,0.750629,26,0,1000.000,1.402392,0.668021
42624,0,0.125000,0.843920,22,1,975.364,1.789112,0.653670
42624,1,0.125000,0.653743,10,0,1000.000,1.285681,0.687049
42624,2,0.125000,0.665865,15,0,1000.000,1.484066,0.679524
42624,3,0.125000,0.744982,18,0,1000.000,1.163834,0.706619
42624,4,0.125000,0.729785,23,0,1000.000,1.542806,0.671088
42624,5,0.125000,0.639670,17,0,1000.000,1.644423,0.659393
42624,6,0.125000,0.882304,20,0,1000.000,1.722147,0.684074
42624,7,0.125000,0.807751,24,1,966.250,1.760612,0.660152
42672,0,0.125000,0.832928,38,0,1000.000,1.654835,0.679359
42672,1,0.125000,0.729687,24,0,1000.000,1.484480,0.684133
42672,2,0.125000,0.883229,33,0,1000.000,1.383305,0.695361
42672,3,0.125000,0.763452,22,0,1000.000,1.491511,0.690120
42672,4,0.125000,0.884501,38,0,1000.000,1.485572,0.682114
42672,5,0.125000,0.887556,25,0,1000.000,1.604797,0.688075
42672,6,0.125000,0.780249,23,0,1000.000,1.172867,0.673611
42672,7,0.125000,0.769176,26,0,1000.000,1.346175,0.666042
42720,0,0.125000,0.875640,24,0,1000.000,1.227885,0.695359
42720,1,0.125000,0.740588,25,0,1000.000,1.294725,0.693357
42720,2,0.125000,0.879290,25,0,1000.000,1.572259,0.666109
42720,3,0.125000,0.882795,29,0,1000.000,1.839258,0.667681
42720,4,0.125000,0.819758,15,0,1000.000,1.407817,0.685208
42720,5,0.125000,0.864868,28,0,1000.000,1.404162,0.676325
42720,6,0.125000,0.856549,27,0,1000.000,1.533308,0.684078
42720,7,0.125000,0.785812,26,1,972.962,1.519532,0.671951
42768,0,0.125000,0.833018,20,0,1000.000,1.501403,0.674284
42768,1,0.125000,0.781571,11,0,1000.000,1.061562,0.701314
42768,2,0.125000,0.843435,15,0,1000.000,1.699110,0.672835
42768,3,0.125000,0.785196,14,0,1000.000,1.541157,0.673610
42768,4,0.125000,0.826020,22,0,1000.000,1.664629,0.666501
42768,5,0.125000,0.887069,21,0,1000.000,1.534835,0.665070
42768,6,0.125000,0.896551,22,0,1000.000,1.438177,0.687582
42768,7,0.125000,0.792656,25,1,982.400,1.224634,0.676118
42816,0,0.125000,0.863030,11,0,1000.000,1.051975,0.683969
42816,1,0.125000,0.776743,19,0,1000.000,1.400113,0.661200
42816,2,0.125000,0.673951,19,0,1000.000,1.357232,0.675759
42816,3,0.125000,0.903528,11,0,1000.000,1.923403,0.668424
42816,4,0.125000,0.800264,17,0,1000.000,1.548256,0.664548
42816,5,0.125000,0.811754,14,0,1000.000,1.454488,0.699038
42816,6,0.125000,0.876386,18,0,1000.000,1.788401,0.672683
42816,7,0.125000,0.777431,24,0,1000.000,1.199499,0.684783
42864,0,0.125000,0.809412,9,0,1000.000,1.820420,0.669577
42864,1,0.125000,0.767288,15,0,1000.000,1.030685,0.693699
42864,2,0.125000,0.523496,9,0,1000.000,1.035329,0.659814
42864,3,0.125000,0.785351,16,0,1000.000,1.769171,0.646658
42864,4,0.125000,0.862914,15,0,1000.000,1.688541,0.679265
42864,5,0.125000,0.655265,13,0,1000.000,1.142648,0.697716
42864,6,0.125000,0.902608,13,0,1000.000,2.200264,0.648573
42864,7,0.125000,0.903233,13,0,1000.000,1.983354,0.652259
42912,0,0.125000,0.833219,31,0,1000.000,1.466176,0.683554
42912,1,0.125000,0.852090,19,0,1000.000,1.018549,0.688609
42912,2,0.125000,0.802438,23,0,1000.000,1.545902,0.678751
42912,3,0.125000,0.829091,17,0,1000.000,1.382290,0.677226
42912,4,0.125000,0.881539,17,0,1000.000,1.701829,0.682913
42912,5,0.125000,0.760631,18,0,1000.000,1.652309,0.663349
42912,6,0.125000,0.660712,20,0,1000.000,1.596898,0.678072
42912,7,0.125000,0.907479,17,0,1000.000,1.849799,0.667645
42960,0,0.125000,0.883878,26,0,1000.000,1.573102,0.655899
42960,1,0.125000,0.839638,31,0,1000.000,1.412772,0.673922
42960,2,0.125000,0.821782,18,0,1000.000,1.500259,0.678978
42960,3,0.125000,0.830479,20,0,1000.000,1.721259,0.663883
42960,4,0.125000,0.862395,24,0,1000.000,1.360185,0.679443
42960,5,0.125000,0.877240,18,0,1000.000,1.597941,0.685214
42960,6,0.125000,0.710910,14,0,1000.000,1.749539,0.675758
42960,7,0.125000,0.777338,24,1,976.125,1.454386,0.678357
43008,0,0.125000,0.806720,22,0,1000.000,1.414735,0.661249
43008,1,0.125000,0.775741,26,0,1000.000,1.570976,0.676834
43008,2,0.125000,0.850464,32,0,1000.000,1.353145,0.692938
43008,3,0.125000,0.891922,19,0,1000.000,1.500145,0.683619
43008,4,0.125000,0.738641,29,0,1000.000,1.485182,0.675699
43008,5,0.125000,0.874306,19,0,1000.000,1.621837,0.675378
43008,6,0.125000,0.819706,27,0,1000.000,1.603115,0.682162
43008,7,0.125000,0.874753,35,0,1000.000,1.822408,0.661758
43056,0,0.125000,0.735728,26,0,1000.000,0.926669,0.685045
43056,1,0.125000,0.914858,28,0,1000.000,1.162264,0.689285
43056,2,0.125000,0.760884,27,0,1000.000,1.493533,0.682835
43056,3,0.125000,0.828899,20,0,1000.000,1.730487,0.657832
43056,4,0.125000,0.923667,14,0,1000.000,1.559751,0.681863
43056,5,0.125000,0.780803,30,0,1000.000,1.410385,0.683039
43056,6,0.125000,0.681855,19,0,1000.000,1.272235,0.671715
43056,7,0.125000,0.740053,25,2,942.520,1.094113,0.655653
43104,0,0.125000,0.745357,19,0,1000.000,1.339113,0.685197
43104,1,0.125000,0.892555,20,0,1000.000,1.366245,0.679346
43104,2,0.125000,0.807242,28,0,1000.000,1.632231,0.660125
43104,3,0.125000,0.855085,13,0,1000.000,1.727837,0.691298
43104,4,0.125000,0.837163,19,0,1000.000,1.519643,0.683734
43104,5,0.125000,0.824421,21,0,1000.000,1.672793,0.671488
43104,6,0.125000,0.881135,19,0,1000.000,1.638199,0.667457
43104,7,0.125000,0.892460,18,0,1000.000,1.630149,0.681879
43152,0,0.125000,0.829388,24,1,978.250,1.218996,0.672904
43152,1,0.125000,0.888172,23,0,1000.000,1.906354,0.645372
43152,2,0.125000,0.828340,26,0,1000.000,1.379586,0.676309
43152,3,0.125000,0.891554,19,0,1000.000,1.429796,0.680861
43152,4,0.125000,0.856021,39,0,1000.000,1.239931,0.689455
43152,5,0.125000,0.756557,23,0,1000.000,1.627002,0.673216
43152,6,0.125000,0.835853,30,0,1000.000,1.441015,0.677431
43152,7,0.125000,0.844008,40,0,1000.000,1.370389,0.682929
43200,0,0.125000,0.875456,34,0,1000.000,1.577984,0.686135
43200,1,0.125000,0.846510,30,0,1000.000,1.397129,0.691311
43200,2,0.125000,0.779906,34,0,1000.000,1.525497,0.669487
43200,3,0.125000,0.852332,33,0,1000.000,1.633157,0.666705
43200,4,0.125000,0.860134,32,0,1000.000,1.658911,0.670573
43200,5,0.125000,0.857904,28,0,1000.000,1.616199,0.673374
43200,6,0.125000,0.874166,32,0,1000.000,1.462628,0.678091
43200,7,0.125000,0.800031,40,1,977.225,1.499721,0.678529
43248,0,0.125000,0.732122,36,0,1000.000,1.526517,0.674448
43248,1,0.125000,0.719049,32,0,1000.000,1.494909,0.666397
43248,2,0.125000,0.803302,29,0,1000.000,1.313760,0.674903
43248,3,0.125000,0.707956,27,0,1000.000,1.462413,0.670506
43248,4,0.125000,0.830086,34,0,1000.000,1.717765,0.664347
43248,5,0.125000,0.836513,39,0,1000.000,1.390546,0.655470
43248,6,0.125000,0.792088,28,0,1000.000,1.415375,0.670296
43248,7,0.125000,0.833385,38,1,983.711,1.491122,0.667601
43296,0,0.125000,0.786031,33,0,1000.000,1.385252,0.687631
43296,1,0.125000,0.789541,21,0,1000.000,1.647890,0.673430
43296,2,0.125000,0.729482,35,0,1000.000,1.217565,0.681956
43296,3,0.125000,0.843835,35,0,1000.000,1.475754,0.668628
43296,4,0.125000,0.804904,23,0,1000.000,1.580007,0.667954
43296,5,0.125000,0.775067,31,0,1000.000,1.208840,0.679462
43296,6,0.125000,0.776495,32,0,1000.000,1.387649,0.659504
43296,7,0.125000,0.778387,33,0,1000.000,1.359362,0.667737
43344,0,0.125000,0.837154,41,0,1000.000,1.531536,0.673755
43344,1,0.125000,0.789107,25,0,1000.000,1.411935,0.683814
43344,2,0.125000,0.853646,24,0,1000.000,1.259322,0.675938
43344,3,0.125000,0.782995,27,0,1000.000,1.472383,0.680941
43344,4,0.125000,0.870657,43,0,1000.000,1.434398,0.664493
43344,5,0.125000,0.804718,37,0,1000.000,1.485916,0.683135
43344,6,0.125000,0.674658,27,0,1000.000,1.587408,0.665867
43344,7,0.125000,0.747861,37,0,1000.000,1.405661,0.671100
43392,0,0.125000,0.869862,24,0,1000.000,1.330437,0.689150
43392,1,0.125000,0.837550,31,0,1000.000,1.405416,0.664629
43392,2,0.125000,0.894213,25,0,1000.000,1.498094,0.684314
43392,3,0.125000,0.695741,29,0,1000.000,1.238091,0.675398
43392,4,0.125000,0.829270,26,0,1000.000,1.746760,0.661024
43392,5,0.125000,0.728589,20,0,1000.000,1.298564,0.650849
43392,6,0.125000,0.866852,26,0,1000.000,1.349134,0.664309
43392,7,0.125000,0.670164,21,0,1000.000,1.045551,0.656569
43440,0,0.125000,0.807992,27,0,1000.000,1.556880,0.660885
43440,1,0.125000,0.858581,25,0,1000.000,1.423221,0.666204
43440,2,0.125000,0.882503,27,0,1000.000,1.895912,0.654631
43440,3,0.125000,0.749969,13,0,1000.000,1.672128,0.649185
43440,4,0.125000,0.807312,24,0,1000.000,1.586956,0.657756
43440,5,0.125000,0.814979,24,0,1000.000,1.425836,0.678901
43440,6,0.125000,0.819958,22,0,1000.000,1.684077,0.670899
43440,7,0.125000,0.841726,36,0,1000.000,1.468181,0.668366
43488,0,0.125000,0.732533,31,0,1000.000,1.458384,0.656709
43488,1,0.125000,0.934435,31,0,1000.000,1.576242,0.689014
43488,2,0.125000,0.787032,48,0,1000.000,1.550546,0.674095
43488,3,0.125000,0.832309,24,0,1000.000,1.571599,0.683562
43488,4,0.125000,0.745654,40,0,1000.000,1.505673,0.662772
43488,5,0.125000,0.805757,27,0,1000.000,1.147406,0.676897
43488,6,0.125000,0.851182,34,0,1000.000,1.356903,0.667178
43488,7,0.125000,0.800408,37,0,1000.000,1.439327,0.665890
43536,0,0.125000,0.807377,30,0,1000.000,1.373589,0.679015
43536,1,0.125000,0.817876,32,0,1000.000,1.822326,0.656785
43536,2,0.125000,0.838888,17,0,1000.000,1.826994,0.655757
43536,3,0.125000,0.750172,21,0,1000.000,1.205996,0.677587
43536,4,0.125000,0.747779,22,0,1000.000,1.606337,0.663559
43536,5,0.125000,0.841128,30,0,1000.000,1.488623,0.678941
43536,6,0.125000,0.796163,15,0,1000.000,1.690465,0.660075
43536,7,0.125000,0.829899,23,0,1000.000,1.550443,0.664746
43584,0,0.125000,0.790916,21,0,1000.000,1.446971,0.660787
43584,1,0.125000,0.907401,31,0,1000.000,1.339433,0.671214
43584,2,0.125000,0.813628,17,0,1000.000,1.525554,0.668458
43584,3,0.125000,0.811472,23,0,1000.000,1.454605,0.668239
43584,4,0.125000,0.830096,17,0,1000.000,1.426781,0.688286
43584,5,0.125000,0.797610,16,0,1000.000,1.445759,0.660172
43584,6,0.125000,0.800007,15,0,1000.000,1.774920,0.679365
43584,7,0.125000,0.820827,17,0,1000.000,1.372930,0.669462
43632,0,0.125000,0.876570,17,1,945.412,1.434984,0.667455
43632,1,0.125000,0.802141,21,0,1000.000,1.360997,0.674304
43632,2,0.125000,0.884714,20,0,1000.000,1.482092,0.686864
43632,3,0.125000,0.786703,19,0,1000.000,1.519239,0.687212
43632,4,0.125000,0.795602,22,0,1000.000,1.634880,0.656808
43632,5,0.125000,0.791514,21,0,1000.000,1.999235,0.647453
43632,6,0.125000,0.818205,17,0,1000.000,1.304828,0.656159
43632,7,0.125000,0.795297,20,0,1000.000,1.542691,0.683244
43680,0,0.125000,0.789617,28,0,1000.000,1.465642,0.661132
43680,1,0.125000,0.739145,35,0,1000.000,1.769983,0.660038
43680,2,0.125000,0.801820,24,0,1000.000,1.324019,0.669062
43680,3,0.125000,0.790884,33,0,1000.000,1.550070,0.685597
43680,4,0.125000,0.843269,29,0,1000.000,1.514246,0.692876
43680,5,0.125000,0.831770,25,0,1000.000,1.700625,0.666473
43680,6,0.125000,0.749699,28,0,1000.000,1.474743,0.659384
43680,7,0.125000,0.815692,32,0,1000.000,1.568747,0.674035
43728,0,0.125000,0.780792,27,1,965.852,1.370563,0.656710
43728,1,0.125000,0.728902,25,0,1000.000,1.395275,0.667819
43728,2,0.125000,0.834343,27,0,1000.000,1.171862,0.680310
43728,3,0.125000,0.842912,32,0,1000.000,1.465675,0.682244
43728,4,0.125000,0.742129,20,0,1000.000,1.353978,0.691027
43728,5,0.125000,0.777284,19,0,1000.000,1.571370,0.673938
43728,6,0.125000,0.951253,20,0,1000.000,1.323884,0.690690
43728,7,0.125000,0.742185,20,1,965.100,1.438644,0.678061
43776,0,0.125000,0.934936,13,0,1000.000,1.803352,0.664380
43776,1,0.125000,0.834879,20,0,1000.000,1.553725,0.674661
43776,2,0.125000,0.893871,20,0,1000.000,1.459111,0.681741
43776,3,0.125000,0.649322,16,0,1000.000,1.720511,0.643798
43776,4,0.125000,0.866911,31,0,1000.000,1.721414,0.672412
43776,5,0.125000,0.717343,16,0,1000.000,1.773659,0.645934
43776,6,0.125000,0.881852,13,0,1000.000,1.170851,0.666575
43776,7,0.125000,0.851170,20,0,1000.000,1.235106,0.690663
43872,0,0.125000,0.860637,26,0,1000.000,1.681404,0.649928
43872,1,0.125000,0.807218,35,0,1000.000,1.354962,0.676299
43872,2,0.125000,0.799128,25,0,1000.000,1.690346,0.674292
43872,3,0.125000,0.808720,21,0,1000.000,1.448932,0.683434
43872,4,0.125000,0.815212,34,0,1000.000,1.674887,0.658504
43872,5,0.125000,0.835887,26,0,1000.000,1.463742,0.685428
43872,6,0.125000,0.722694,33,0,1000.000,1.585590,0.671847
43872,7,0.125000,0.806476,34,0,1000.000,1.584932,0.668192
43920,0,0.125000,0.605747,14,0,1000.000,1.113783,0.681715
43920,1,0.125000,0.800202,16,0,1000.000,1.513919,0.669953
43920,2,0.125000,0.814024,25,0,1000.000,1.467051,0.669515
43920,3,0.125000,0.754329,27,0,1000.000,1.406217,0.668476
43920,4,0.125000,0.866723,23,0,1000.000,1.934188,0.652221
43920,5,0.125000,0.859688,18,0,1000.000,1.840035,0.660823
43920,6,0.125000,0.836131,22,0,1000.000,1.680296,0.663986
43920,7,0.125000,0.816971,17,0,1000.000,1.603763,0.664712
43968,0,0.125000,0.816229,20,0,1000.000,1.598080,0.663255
43968,1,0.125000,0.728427,19,0,1000.000,1.303048,0.672551
43968,2,0.125000,0.708617,13,0,1000.000,1.412446,0.681030
43968,3,0.125000,0.699497,20,0,1000.000,1.838732,0.650315
43968,4,0.125000,0.760449,24,0,1000.000,1.603130,0.655546
43968,5,0.125000,0.771927,27,0,1000.000,1.228094,0.683513
43968,6,0.125000,0.748911,22,0,1000.000,1.435083,0.649964
43968,7,0.125000,0.759458,32,0,1000.000,1.678849,0.657995
44016,0,0.125000,0.829949,30,0,1000.000,1.405176,0.670747
44016,1,0.125000,0.882292,22,0,1000.000,1.668659,0.668912
44016,2,0.125000,0.741344,35,0,1000.000,1.424362,0.672805
44016,3,0.125000,0.703425,17,0,1000.000,1.519369,0.664879
44016,4,0.125000,0.936135,25,0,1000.000,1.670232,0.677941
44016,5,0.125000,0.830961,21,0,1000.000,1.514057,0.659796
44016,6,0.125000,0.765751,28,0,1000.000,1.269377,0.676335
44016,7,0.125000,0.821624,24,0,1000.000,1.477164,0.685406
44064,0,0.125000,0.714645,25,0,1000.000,1.073921,0.676723
44064,1,0.125000,0.924256,30,0,1000.000,1.602539,0.673144
44064,2,0.125000,0.820897,23,0,1000.000,1.972855,0.648641
44064,3,0.125000,0.887489,23,0,1000.000,1.625655,0.683711
44064,4,0.125000,0.884911,27,0,1000.000,1.814525,0.666877
44064,5,0.125000,0.629386,25,0,1000.000,1.240579,0.683512
44064,6,0.125000,0.755991,22,0,1000.000,1.554613,0.661984
44064,7,0.125000,0.835623,16,0,1000.000,1.293183,0.686536
44112,0,0.125000,0.729947,19,0,1000.000,1.235332,0.665963
44112,1,0.125000,0.837542,29,0,1000.000,1.538553,0.664000
44112,2,0.125000,0.799851,21,0,1000.000,1.245428,0.697637
44112,3,0.125000,0.728205,23,0,1000.000,1.331366,0.668256
44112,4,0.125000,0.826375,17,0,1000.000,1.521834,0.669109
44112,5,0.125000,0.877882,16,0,1000.000,1.613133,0.667289
44112,6,0.125000,0.876361,19,0,1000.000,1.650209,0.676764
44112,7,0.125000,0.782053,22,0,1000.000,1.780040,0.646910
44160,0,0.125000,0.816279,36,0,1000.000,1.239929,0.688774
44160,1,0.125000,0.827412,28,0,1000.000,1.385776,0.672391
44160,2,0.125000,0.624325,17,0,1000.000,1.417103,0.649338
44160,3,0.125000,0.786641,40,0,1000.000,1.512784,0.671093
44160,4,0.125000,0.784526,26,0,1000.000,1.224650,0.661273
44160,5,0.125000,0.780593,29,0,1000.000,1.410173,0.683832
44160,6,0.125000,0.871651,29,0,1000.000,2.097948,0.646268
44160,7,0.125000,0.866319,33,0,1000.000,1.851891,0.660907
44208,0,0.125000,0.904233,42,0,1000.000,1.306690,0.692586
44208,1,0.125000,0.859870,29,0,1000.000,1.549716,0.667218
44208,2,0.125000,0.798494,31,0,1000.000,1.538928,0.666840
44208,3,0.125000,0.909243,32,0,1000.000,1.482386,0.674644
44208,4,0.125000,0.797209,39,0,1000.000,1.531511,0.668873
44208,5,0.125000,0.784972,27,0,1000.000,1.741440,0.661615
44208,6,0.125000,0.642194,31,0,1000.000,1.269841,0.688063
44208,7,0.125000,0.749116,37,0,1000.000,1.456801,0.674424
44256,0,0.125000,0.785995,24,0,1000.000,1.265326,0.668068
44256,1,0.125000,0.809908,28,0,1000.000,1.303766,0.683060
44256,2,0.125000,0.875439,43,0,1000.000,1.399219,0.676960
44256,3,0.125000,0.788786,29,0,1000.000,1.474708,0.666677
44256,4,0.125000,0.837764,34,0,1000.000,1.475208,0.663986
44256,5,0.125000,0.822967,24,0,1000.000,1.472623,0.675127
44256,6,0.125000,0.824900,32,0,1000.000,1.157118,0.657561
44256,7,0.125000,0.820018,36,1,987.306,1.517588,0.653885
44304,0,0.125000,0.906044,29,1,998.828,1.388726,0.673411
44304,1,0.125000,0.791229,37,0,1000.000,1.299757,0.676217
44304,2,0.125000,0.837853,32,0,1000.000,1.490913,0.658654
44304,3,0.125000,0.805099,35,0,1000.000,1.379841,0.677311
44304,4,0.125000,0.750571,23,0,1000.000,0.964353,0.679338
44304,5,0.125000,0.769182,28,0,1000.000,1.366215,0.669392
44304,6,0.125000,0.826628,30,0,1000.000,1.204859,0.690678
44304,7,0.125000,0.705429,34,0,1000.000,1.461441,0.660897
44352,0,0.125000,0.797405,31,0,1000.000,1.434477,0.656128
44352,1,0.125000,0.862014,29,0,1000.000,1.392581,0.661624
44352,2,0.125000,0.753727,29,0,1000.000,1.642487,0.652670
44352,3,0.125000,0.805196,39,0,1000.000,1.474266,0.675311
44352,4,0.125000,0.859304,36,0,1000.000,1.718654,0.653060
44352,5,0.125000,0.837713,35,0,1000.000,1.618957,0.661041
44352,6,0.125000,0.878308,31,0,1000.000,1.449536,0.686839
44352,7,0.125000,0.813646,27,1,969.889,1.627354,0.650419
44400,0,0.125000,0.895941,27,0,1000.000,1.432677,0.666977
44400,1,0.125000,0.761127,26,0,1000.000,1.192876,0.671763
44400,2,0.125000,0.930006,20,0,1000.000,1.939861,0.656912
44400,3,0.125000,0.769267,22,0,1000.000,1.252634,0.658880
44400,4,0.125000,0.818625,25,0,1000.000,1.536769,0.662803
44400,5,0.125000,0.825344,24,0,1000.000,1.436183,0.664698
44400,6,0.125000,0.840852,25,0,1000.000,1.595220,0.664122
44400,7,0.125000,0.791994,24,0,1000.000,1.441175,0.654039
44448,0,0.125000,0.894519,20,0,1000.000,1.193943,0.670659
44448,1,0.125000,0.860538,28,0,1000.000,1.537178,0.678493
44448,2,0.125000,0.893750,17,0,1000.000,1.444277,0.673214
44448,3,0.125000,0.804153,33,0,1000.000,1.583061,0.658597
44448,4,0.125000,0.823380,17,0,1000.000,1.456591,0.672109
44448,5,0.125000,0.823405,23,0,1000.000,1.785939,0.657423
44448,6,0.125000,0.929600,28,0,1000.000,1.584532,0.656855
44448,7,0.125000,0.847053,36,0,1000.000,1.599698,0.661471
44496,0,0.125000,0.828876,32,0,1000.000,1.604785,0.655706
44496,1,0.125000,0.856243,41,0,1000.000,1.586351,0.664112
44496,2,0.125000,0.735152,38,0,1000.000,1.304323,0.667662
44496,3,0.125000,0.828079,35,0,1000.000,1.494850,0.675751
44496,4,0.125000,0.809472,31,0,1000.000,1.398319,0.673140
44496,5,0.125000,0.787563,30,0,1000.000,1.303735,0.690865
44496,6,0.125000,0.897813,29,0,1000.000,1.560484,0.665328
44496,7,0.125000,0.824749,43,0,1000.000,1.504890,0.672857
44544,0,0.125000,0.681677,18,0,1000.000,1.257603,0.668687
44544,1,0.125000,0.728871,15,0,1000.000,1.507226,0.646388
44544,2,0.125000,0.669800,22,0,1000.000,1.326092,0.679129
44544,3,0.125000,0.821910,25,0,1000.000,1.362215,0.677706
44544,4,0.125000,0.681557,22,0,1000.000,1.131818,0.679434
44544,5,0.125000,0.734389,19,0,1000.000,1.262736,0.679324
44544,6,0.125000,0.836264,19,0,1000.000,1.389591,0.685491
44544,7,0.125000,0.726954,26,0,1000.000,1.167550,0.685792
44592,0,0.125000,0.819928,18,0,1000.000,1.251203,0.661194
44592,1,0.125000,0.743036,17,0,1000.000,1.287658,0.671139
44592,2,0.125000,0.806485,23,0,1000.000,1.887543,0.643230
44592,3,0.125000,0.919922,15,0,1000.000,1.895622,0.652719
44592,4,0.125000,0.732249,23,0,1000.000,1.417810,0.675506
44592,5,0.125000,0.787035,21,0,1000.000,1.483734,0.675397
44592,6,0.125000,0.833163,15,0,1000.000,0.947929,0.673482
44592,7,0.125000,0.885434,21,0,1000.000,1.643132,0.674427
44640,0,0.125000,0.886946,19,0,1000.000,1.655701,0.682611
44640,1,0.125000,0.786268,24,0,1000.000,1.213038,0.684215
44640,2,0.125000,0.947620,18,0,1000.000,1.416358,0.681558
44640,3,0.125000,0.777669,22,0,1000.000,1.577082,0.650037
44640,4,0.125000,0.875872,29,0,1000.000,1.612119,0.681691
44640,5,0.125000,0.766351,17,0,1000.000,1.279926,0.673198
44640,6,0.125000,0.870121,23,0,1000.000,1.738356,0.659301
44640,7,0.125000,0.726688,23,0,1000.000,1.351569,0.663664
44688,0,0.125000,0.767288,29,0,1000.000,1.475764,0.666767
44688,1,0.125000,0.783166,29,0,1000.000,1.262869,0.688031
44688,2,0.125000,0.874634,35,0,1000.000,1.531957,0.678110
44688,3,0.125000,0.769940,19,0,1000.000,1.279877,0.668310
44688,4,0.125000,0.762293,28,0,1000.000,1.384407,0.681575
44688,5,0.125000,0.852419,26,0,1000.000,1.527245,0.661074
44688,6,0.125000,0.828937,38,0,1000.000,1.472177,0.676535
44688,7,0.125000,0.635279,32,0,1000.000,1.241818,0.679762
44736,0,0.125000,0.894691,19,1,970.000,1.257030,0.669764
44736,1,0.125000,0.812703,18,0,1000.000,1.496629,0.663946
44736,2,0.125000,0.858110,25,0,1000.000,1.392683,0.665802
44736,3,0.125000,0.885096,23,0,1000.000,1.923334,0.654792
44736,4,0.125000,0.811247,23,0,1000.000,1.340485,0.671335
44736,5,0.125000,0.830722,20,0,1000.000,1.583822,0.670204
44736,6,0.125000,0.794645,23,0,1000.000,2.118042,0.644942
44736,7,0.125000,0.857318,22,0,1000.000,1.298116,0.670034
44784,0,0.125000,0.831805,21,0,1000.000,1.505215,0.656065
44784,1,0.125000,0.876672,15,0,1000.000,1.507266,0.682134
44784,2,0.125000,0.803009,23,0,1000.000,1.512339,0.664650
44784,3,0.125000,0.785675,24,0,1000.000,1.305840,0.677010
44784,4,0.125000,0.806735,16,0,1000.000,1.410092,0.681641
44784,5,0.125000,0.822268,21,0,1000.000,1.742135,0.660295
44784,6,0.125000,0.729110,19,0,1000.000,1.329598,0.667175
44784,7,0.125000,0.901418,13,0,1000.000,1.961217,0.678812
44832,0,0.125000,0.851672,23,0,1000.000,1.402467,0.670753
44832,1,0.125000,0.814461,16,0,1000.000,1.333429,0.674816
44832,2,0.125000,0.833566,17,0,1000.000,1.561097,0.685550
44832,3,0.125000,0.653639,13,0,1000.000,1.180144,0.691181
44832,4,0.125000,0.822257,10,0,1000.000,1.426950,0.673841
44832,5,0.125000,0.811663,12,0,1000.000,1.641249,0.678917
44832,6,0.125000,0.815565,11,0,1000.000,1.716376,0.660671
44832,7,0.125000,0.917928,11,0,1000.000,1.884358,0.638113
44880,0,0.125000,0.838238,9,0,1000.000,1.479837,0.668172
44880,1,0.125000,0.838889,18,0,1000.000,1.402446,0.699527
44880,2,0.125000,0.862234,14,0,1000.000,1.467926,0.686120
44880,3,0.125000,0.652634,23,0,1000.000,1.308849,0.678549
44880,4,0.125000,0.890607,14,0,1000.000,1.120804,0.692601
44880,5,0.125000,0.675047,11,0,1000.000,1.260590,0.691244
44880,6,0.125000,0.673883,12,0,1000.000,1.468856,0.650405
44880,7,0.125000,0.747274,22,0,1000.000,1.593428,0.674055
44928,0,0.125000,0.871977,17,0,1000.000,1.688175,0.668783
44928,1,0.125000,0.920713,16,0,1000.000,1.393116,0.670856
44928,2,0.125000,0.885441,22,0,1000.000,1.403389,0.672451
44928,3,0.125000,0.627414,16,0,1000.000,1.279770,0.666260
44928,4,0.125000,0.936595,23,0,1000.000,1.624606,0.676987
44928,5,0.125000,0.691268,23,0,1000.000,1.045289,0.666295
44928,6,0.125000,0.820028,22,0,1000.000,1.762080,0.675799
44928,7,0.125000,0.613592,20,0,1000.000,0.938606,0.683334
44976,0,0.125000,0.786129,21,0,1000.000,1.379677,0.671246
44976,1,0.125000,0.819908,27,0,1000.000,1.536234,0.664359
44976,2,0.125000,0.900226,22,0,1000.000,1.293980,0.671036
44976,3,0.125000,0.795943,25,0,1000.000,1.150603,0.686875
44976,4,0.125000,0.846819,19,0,1000.000,1.479332,0.682691
44976,5,0.125000,0.832240,18,0,1000.000,1.392812,0.680595
44976,6,0.125000,0.701347,27,0,1000.000,1.240047,0.689192
44976,7,0.125000,0.862426,22,0,1000.000,1.359049,0.684154
45024,0,0.125000,0.755568,24,0,1000.000,1.424778,0.669624
45024,1,0.125000,0.891936,24,0,1000.000,1.511544,0.669069
45024,2,0.125000,0.641057,25,0,1000.000,1.087847,0.692091
45024,3,0.125000,0.880101,27,0,1000.000,1.346602,0.699606
45024,4,0.125000,0.702894,17,0,1000.000,1.495340,0.674764
45024,5,0.125000,0.853227,33,0,1000.000,1.501567,0.679619
45024,6,0.125000,0.778133,28,0,1000.000,1.719403,0.668975
45024,7,0.125000,0.809636,33,0,1000.000,1.590853,0.665346
45072,0,0.125000,0.758727,22,0,1000.000,1.485955,0.673313
45072,1,0.125000,0.829806,31,0,1000.000,1.552157,0.665012
45072,2,0.125000,0.792308,23,0,1000.000,1.631702,0.669020
45072,3,0.125000,0.828980,21,0,1000.000,1.668508,0.664998
45072,4,0.125000,0.815648,17,0,1000.000,1.343249,0.679071
45072,5,0.125000,0.685192,26,0,1000.000,1.952539,0.654996
45072,6,0.125000,0.800303,20,0,1000.000,1.399363,0.693007
45072,7,0.125000,0.899162,23,0,1000.000,1.434613,0.675540
45120,0,0.125000,0.807415,22,1,993.136,1.441367,0.678033
45120,1,0.125000,0.860868,14,0,1000.000,1.701054,0.678546
45120,2,0.125000,0.853882,15,0,1000.000,1.818540,0.668788
45120,3,0.125000,0.843727,26,0,1000.000,1.589946,0.671633
45120,4,0.125000,0.795839,29,0,1000.000,1.454768,0.661904
45120,5,0.125000,0.924901,24,0,1000.000,1.632254,0.669808
45120,6,0.125000,0.636239,21,0,1000.000,1.046074,0.684917
45120,7,0.125000,0.764735,22,1,992.591,1.410177,0.680352
45168,0,0.125000,0.752783,33,0,1000.000,1.545189,0.670162
45168,1,0.125000,0.931244,20,0,1000.000,1.514571,0.674144
45168,2,0.125000,0.792228,25,0,1000.000,1.310716,0.691341
45168,3,0.125000,0.763289,39,0,1000.000,1.463688,0.675673
45168,4,0.125000,0.760074,30,0,1000.000,1.452197,0.682472
45168,5,0.125000,0.902658,30,0,1000.000,1.603745,0.682725
45168,6,0.125000,0.757644,30,0,1000.000,1.235028,0.681398
45168,7,0.125000,0.836836,32,0,1000.000,1.596443,0.669435
45216,0,0.125000,0.876029,33,1,992.515,1.321669,0.682588
45216,1,0.125000,0.819622,40,0,1000.000,1.866197,0.658284
45216,2,0.125000,0.843717,37,0,1000.000,1.536909,0.684896
45216,3,0.125000,0.788552,40,0,1000.000,1.531149,0.670555
45216,4,0.125000,0.896230,38,0,1000.000,1.678488,0.682653
45216,5,0.125000,0.784133,26,0,1000.000,1.460406,0.673297
45216,6,0.125000,0.811934,34,0,1000.000,1.681760,0.669944
45216,7,0.125000,0.775709,30,0,1000.000,1.504671,0.678653
45264,0,0.125000,0.760163,27,0,1000.000,1.564677,0.673441
45264,1,0.125000,0.816410,25,0,1000.000,1.593455,0.663570
45264,2,0.125000,0.807360,36,0,1000.000,1.366354,0.675800
45264,3,0.125000,0.855156,34,0,1000.000,1.594060,0.671351
45264,4,0.125000,0.812156,31,0,1000.000,1.502588,0.672710
45264,5,0.125000,0.910834,30,0,1000.000,1.266078,0.679235
45264,6,0.125000,0.874529,26,0,1000.000,1.664937,0.674959
45264,7,0.125000,0.793143,37,0,1000.000,1.454961,0.672443
45312,0,0.125000,0.810925,31,0,1000.000,1.354695,0.674389
45312,1,0.125000,0.599129,20,0,1000.000,1.322750,0.665539
45312,2,0.125000,0.872946,32,0,1000.000,1.551795,0.660871
45312,3,0.125000,0.828632,39,0,1000.000,1.510980,0.668446
45312,4,0.125000,0.758681,33,0,1000.000,1.400277,0.674766
45312,5,0.125000,0.808596,33,0,1000.000,1.481101,0.672563
45312,6,0.125000,0.842106,29,0,1000.000,1.283503,0.677670
45312,7,0.125000,0.752922,29,0,1000.000,1.748633,0.669115
45360,0,0.125000,0.840703,35,0,1000.000,1.517248,0.675526
45360,1,0.125000,0.834589,38,0,1000.000,1.469173,0.668929
45360,2,0.125000,0.801758,24,0,1000.000,1.776952,0.674428
45360,3,0.125000,0.819960,39,0,1000.000,1.727674,0.669822
45360,4,0.125000,0.780110,26,0,1000.000,1.488221,0.667564
45360,5,0.125000,0.824691,27,0,1000.000,1.571947,0.675752
45360,6,0.125000,0.767847,44,0,1000.000,1.120486,0.683743
45360,7,0.125000,0.840236,31,0,1000.000,1.395728,0.678923
45408,0,0.125000,0.663480,22,1,957.227,1.316694,0.659930
45408,1,0.125000,0.843156,22,0,1000.000,1.460448,0.661786
45408,2,0.125000,0.827115,23,0,1000.000,1.254425,0.691077
45408,3,0.125000,0.781096,25,0,1000.000,1.286301,0.663665
45408,4,0.125000,0.910901,27,0,1000.000,1.732265,0.655957
45408,5,0.125000,0.826187,20,0,1000.000,1.711397,0.664109
45408,6,0.125000,0.926005,18,0,1000.000,1.647656,0.660764
45408,7,0.125000,0.808139,22,0,1000.000,1.430068,0.681211
45456,0,0.125000,0.840118,26,0,1000.000,1.288419,0.681232
45456,1,0.125000,0.830092,26,0,1000.000,1.663836,0.658452
45456,2,0.125000,0.887172,32,0,1000.000,1.408438,0.685837
45456,3,0.125000,0.893617,26,0,1000.000,1.509560,0.657733
45456,4,0.125000,0.808382,26,0,1000.000,1.678169,0.646841
45456,5,0.125000,0.860672,37,0,1000.000,1.535233,0.681044
45456,6,0.125000,0.815313,20,0,1000.000,1.610285,0.656146
45456,7,0.125000,0.698562,27,2,977.556,1.562435,0.652934
45504,0,0.125000,0.932537,32,0,1000.000,1.455338,0.670788
45504,1,0.125000,0.786603,34,0,1000.000,1.665879,0.652456
45504,2,0.125000,0.841103,25,0,1000.000,1.512034,0.661773
45504,3,0.125000,0.715741,37,0,1000.000,1.197769,0.668173
45504,4,0.125000,0.860573,35,0,1000.000,1.386079,0.683614
45504,5,0.125000,0.818010,38,0,1000.000,1.360408,0.684583
45504,6,0.125000,0.777870,32,0,1000.000,1.581480,0.664093
45504,7,0.125000,0.737286,27,0,1000.000,1.571506,0.667317
45552,0,0.125000,0.855025,21,1,988.667,1.173266,0.690287
45552,1,0.125000,0.790100,27,0,1000.000,1.372482,0.670898
45552,2,0.125000,0.826053,18,0,1000.000,1.145149,0.677361
45552,3,0.125000,0.872425,26,0,1000.000,1.190317,0.673733
45552,4,0.125000,0.707354,16,0,1000.000,1.175269,0.680827
45552,5,0.125000,0.784244,23,0,1000.000,1.837001,0.659115
45552,6,0.125000,0.885607,14,0,1000.000,2.050411,0.652529
45552,7,0.125000,0.774721,21,1,981.333,1.780889,0.656020
45600,0,0.125000,0.711422,13,0,1000.000,1.367348,0.673512
45600,1,0.125000,0.865887,12,0,1000.000,1.132045,0.694518
45600,2,0.125000,0.804055,25,0,1000.000,1.395826,0.673405
45600,3,0.125000,0.845491,11,0,1000.000,1.237369,0.660154
45600,4,0.125000,0.829060,17,0,1000.000,1.326072,0.673187
45600,5,0.125000,0.797612,23,0,1000.000,1.602895,0.676801
45600,6,0.125000,0.834266,18,0,1000.000,1.527496,0.675148
45600,7,0.125000,0.715538,28,0,1000.000,1.394629,0.670957
45648,0,0.125000,0.742021,25,0,1000.000,1.310104,0.672847
45648,1,0.125000,0.788831,27,0,1000.000,1.390932,0.679239
45648,2,0.125000,0.866883,24,0,1000.000,1.971568,0.656175
45648,3,0.125000,0.764368,26,0,1000.000,1.551944,0.658302
45648,4,0.125000,0.845195,19,0,1000.000,1.316891,0.674074
45648,5,0.125000,0.932357,21,0,1000.000,1.609632,0.677226
45648,6,0.125000,0.813410,28,0,1000.000,1.689466,0.660951
45648,7,0.125000,0.771059,23,1,969.000,1.473325,0.683201
45696,0,0.125000,0.754241,23,0,1000.000,1.091822,0.693033
45696,1,0.125000,0.811542,33,0,1000.000,1.512419,0.681763
45696,2,0.125000,0.823936,30,0,1000.000,1.649660,0.663146
45696,3,0.125000,0.846952,23,0,1000.000,1.507277,0.671967
45696,4,0.125000,0.827431,23,0,1000.000,1.654699,0.670518
45696,5,0.125000,0.918152,39,0,1000.000,1.448829,0.683018
45696,6,0.125000,0.818111,27,0,1000.000,1.590171,0.659686
45696,7,0.125000,0.801723,26,0,1000.000,1.776269,0.674541
45744,0,0.125000,0.907090,21,1,961.524,1.063074,0.673457
45744,1,0.125000,0.804381,28,0,1000.000,1.429866,0.672100
45744,2,0.125000,0.906625,19,0,1000.000,1.055053,0.689532
45744,3,0.125000,0.746236,19,0,1000.000,1.155648,0.676303
45744,4,0.125000,0.737208,17,0,1000.000,1.669587,0.638139
45744,5,0.125000,0.750868,15,0,1000.000,1.299119,0.674480
45744,6,0.125000,0.797112,23,0,1000.000,1.578070,0.670666
45744,7,0.125000,0.782867,28,2,979.000,1.591941,0.664629
45792,0,0.125000,0.770950,18,0,1000.000,1.371380,0.676197
45792,1,0.125000,0.793422,14,0,1000.000,1.528138,0.671834
45792,2,0.125000,0.882873,16,0,1000.000,1.523330,0.688809
45792,3,0.125000,0.848452,15,0,1000.000,1.579708,0.674636
45792,4,0.125000,0.928848,28,0,1000.000,1.665286,0.675200
45792,5,0.125000,0.812632,19,0,1000.000,1.724000,0.659749
45792,6,0.125000,0.784299,21,0,1000.000,2.005801,0.647307
45792,7,0.125000,0.867190,20,0,1000.000,1.782562,0.664720
45840,0,0.125000,0.812933,15,0,1000.000,1.243924,0.670547
45840,1,0.125000,0.818657,11,0,1000.000,1.781705,0.670060
45840,2,0.125000,0.837020,16,0,1000.000,1.129417,0.691658
45840,3,0.125000,0.808154,15,0,1000.000,1.280777,0.676363
45840,4,0.125000,0.907746,14,0,1000.000,1.740054,0.671643
45840,5,0.125000,0.812488,15,0,1000.000,1.439488,0.688242
45840,6,0.125000,0.730098,14,0,1000.000,1.236875,0.681549
45840,7,0.125000,0.868842,12,0,1000.000,1.363090,0.699387
45888,0,0.125000,0.730227,13,0,1000.000,1.191446,0.684933
45888,1,0.125000,0.688844,21,0,1000.000,1.244879,0.657445
45888,2,0.125000,0.817950,16,0,1000.000,2.014009,0.634278
45888,3,0.125000,0.860271,19,0,1000.000,1.665647,0.672345
45888,4,0.125000,0.827168,14,0,1000.000,0.941226,0.688538
45888,5,0.125000,0.880424,16,0,1000.000,1.520261,0.670767
45888,6,0.125000,0.852022,15,0,1000.000,1.311355,0.656568
45888,7,0.125000,0.875307,14,0,1000.000,1.570665,0.681486
45936,0,0.125000,0.770421,18,0,1000.000,1.501002,0.665717
45936,1,0.125000,0.856842,24,0,1000.000,1.643462,0.649304
45936,2,0.125000,0.943130,15,0,1000.000,1.409172,0.663373
45936,3,0.125000,0.924548,14,0,1000.000,1.625872,0.668403
45936,4,0.125000,0.869790,23,0,1000.000,1.228735,0.690218
45936,5,0.125000,0.756418,18,0,1000.000,1.620354,0.674062
45936,6,0.125000,0.876971,19,0,1000.000,1.416383,0.681706
45936,7,0.125000,0.930563,20,0,1000.000,1.566439,0.667974
45984,0,0.125000,0.778329,25,0,1000.000,1.343612,0.677455
45984,1,0.125000,0.776589,24,0,1000.000,1.219235,0.685778
45984,2,0.125000,0.880466,29,0,1000.000,1.617141,0.658124
45984,3,0.125000,0.805245,18,0,1000.000,1.434505,0.653771
45984,4,0.125000,0.830863,29,0,1000.000,1.462813,0.675330
45984,5,0.125000,0.862633,15,0,1000.000,1.197067,0.663610
45984,6,0.125000,0.775441,36,0,1000.000,1.726111,0.665656
45984,7,0.125000,0.736586,25,0,1000.000,1.581907,0.672897
46032,0,0.125000,0.860915,28,0,1000.000,1.418986,0.678963
46032,1,0.125000,0.879508,20,0,1000.000,1.706581,0.665643
46032,2,0.125000,0.844442,25,0,1000.000,1.619698,0.666580
46032,3,0.125000,0.834357,33,0,1000.000,1.257444,0.683617
46032,4,0.125000,0.770033,27,0,1000.000,1.223454,0.679466
46032,5,0.125000,0.865183,28,0,1000.000,1.603425,0.689752
46032,6,0.125000,0.776000,24,0,1000.000,1.568211,0.664074
46032,7,0.125000,0.780794,31,1,970.581,1.488702,0.656255
46080,0,0.125000,0.930058,16,0,1000.000,1.645257,0.692816
46080,1,0.125000,0.888490,22,0,1000.000,1.330182,0.671396
46080,2,0.125000,0.869063,27,0,1000.000,1.486551,0.680083
46080,3,0.125000,0.549012,20,0,1000.000,1.205620,0.681402
46080,4,0.125000,0.777868,19,0,1000.000,1.485671,0.672668
46080,5,0.125000,0.788961,20,0,1000.000,1.511339,0.679972
46080,6,0.125000,0.839254,19,0,1000.000,1.546178,0.684888
46080,7,0.125000,0.817149,16,0,1000.000,1.593798,0.667964
46128,0,0.125000,0.875239,24,0,1000.000,1.621536,0.677831
46128,1,0.125000,0.644679,13,0,1000.000,1.092342,0.678293
46128,2,0.125000,0.774207,18,0,1000.000,1.553727,0.680400
46128,3,0.125000,0.833224,27,0,1000.000,1.492365,0.672346
46128,4,0.125000,0.818384,28,0,1000.000,1.648538,0.681502
46128,5,0.125000,0.758448,26,0,1000.000,1.434793,0.682520
46128,6,0.125000,0.799580,15,0,1000.000,1.589506,0.670199
46128,7,0.125000,0.837136,30,0,1000.000,1.937580,0.663278
46176,0,0.125000,0.858266,25,0,1000.000,1.436390,0.690524
46176,1,0.125000,0.731014,27,0,1000.000,1.299564,0.669849
46176,2,0.125000,0.917382,40,0,1000.000,1.580621,0.683980
46176,3,0.125000,0.654715,26,0,1000.000,1.453902,0.653161
46176,4,0.125000,0.858685,28,1,966.321,1.595727,0.666795
46176,5,0.125000,0.775839,29,0,1000.000,1.369880,0.678680
46176,6,0.125000,0.792069,40,0,1000.000,1.360662,0.685231
46176,7,0.125000,0.807490,36,1,993.556,1.299252,0.673709
46224,0,0.125000,0.883018,31,0,1000.000,1.481717,0.667401
46224,1,0.125000,0.850083,24,0,1000.000,1.448818,0.690215
46224,2,0.125000,0.773547,37,0,1000.000,1.454455,0.674116
46224,3,0.125000,0.790670,39,0,1000.000,1.491939,0.677823
46224,4,0.125000,0.724028,34,0,1000.000,1.313121,0.667829
46224,5,0.125000,0.804467,53,0,1000.000,1.485230,0.671145
46224,6,0.125000,0.895497,31,0,1000.000,1.495658,0.667276
46224,7,0.125000,0.786605,28,0,1000.000,1.572107,0.660890
46272,0,0.125000,0.780587,35,0,1000.000,1.502823,0.664499
46272,1,0.125000,0.816773,31,0,1000.000,1.173168,0.680002
46272,2,0.125000,0.864732,26,0,1000.000,1.789788,0.658191
46272,3,0.125000,0.872277,36,0,1000.000,1.401636,0.666857
46272,4,0.125000,0.776885,23,0,1000.000,1.192301,0.666652
46272,5,0.125000,0.779893,31,0,1000.000,1.655254,0.662248
46272,6,0.125000,0.665810,20,0,1000.000,0.984783,0.686378
46272,7,0.125000,0.818351,38,0,1000.000,1.501117,0.677228
46320,0,0.125000,0.810695,32,1,999.812,1.345184,0.674919
46320,1,0.125000,0.818991,23,0,1000.000,1.751959,0.655738
46320,2,0.125000,0.833957,36,0,1000.000,1.559427,0.655634
46320,3,0.125000,0.852786,43,0,1000.000,1.815375,0.662996
46320,4,0.125000,0.850823,24,0,1000.000,1.514903,0.672874
46320,5,0.125000,0.842262,31,0,1000.000,1.351729,0.678511
46320,6,0.125000,0.804847,27,0,1000.000,1.630881,0.664987
46320,7,0.125000,0.762169,35,0,1000.000,1.681718,0.657638
46368,0,0.125000,0.790552,33,1,971.879,1.351379,0.666877
46368,1,0.125000,0.750104,31,0,1000.000,1.253070,0.670250
46368,2,0.125000,0.843875,29,0,1000.000,1.407848,0.681026
46368,3,0.125000,0.800828,44,0,1000.000,1.364901,0.680593
46368,4,0.125000,0.763619,25,0,1000.000,1.234221,0.682826
46368,5,0.125000,0.808692,36,0,1000.000,1.373408,0.682100
46368,6,0.125000,0.895031,25,0,1000.000,1.458020,0.668952
46368,7,0.125000,0.750881,34,0,1000.000,1.453916,0.668249
46416,0,0.125000,0.882812,26,0,1000.000,1.487406,0.661623
46416,1,0.125000,0.811389,28,0,1000.000,1.278597,0.681698
46416,2,0.125000,0.698136,18,0,1000.000,1.534291,0.655970
46416,3,0.125000,0.717830,21,0,1000.000,1.097605,0.674906
46416,4,0.125000,0.870551,16,0,1000.000,1.346257,0.657193
46416,5,0.125000,0.848994,17,0,1000.000,1.667400,0.659512
46416,6,0.125000,0.947364,20,0,1000.000,1.445736,0.678855
46416,7,0.125000,0.811366,23,0,1000.000,1.504964,0.687617
46464,0,0.125000,0.770261,22,0,1000.000,1.153958,0.670882
46464,1,0.125000,0.781899,33,0,1000.000,1.378332,0.670566
46464,2,0.125000,0.856425,30,0,1000.000,1.765508,0.670029
46464,3,0.125000,0.765930,26,0,1000.000,1.632900,0.671201
46464,4,0.125000,0.845987,41,0,1000.000,1.476101,0.671182
46464,5,0.125000,0.800227,32,0,1000.000,1.559658,0.664139
46464,6,0.125000,0.885965,25,0,1000.000,1.553624,0.677206
46464,7,0.125000,0.891475,30,0,1000.000,1.644020,0.676499
46512,0,0.125000,0.876111,32,0,1000.000,1.469535,0.667671
46512,1,0.125000,0.634782,30,0,1000.000,1.600421,0.657989
46512,2,0.125000,0.748682,45,0,1000.000,1.385406,0.673888
46512,3,0.125000,0.843158,31,0,1000.000,1.578537,0.669060
46512,4,0.125000,0.784280,26,0,1000.000,1.497083,0.681404
46512,5,0.125000,0.913282,29,0,1000.000,2.015202,0.660965
46512,6,0.125000,0.707272,29,0,1000.000,1.280590,0.675516
46512,7,0.125000,0.862433,27,1,974.667,1.434530,0.669333
46560,0,0.125000,0.878677,16,0,1000.000,1.310247,0.683706
46560,1,0.125000,0.789095,19,0,1000.000,1.303477,0.689387
46560,2,0.125000,0.883015,19,0,1000.000,1.552156,0.688152
46560,3,0.125000,0.849379,15,0,1000.000,1.648851,0.673033
46560,4,0.125000,0.781283,21,0,1000.000,1.535445,0.658620
46560,5,0.125000,0.805442,22,0,1000.000,1.189535,0.673292
46560,6,0.125000,0.908445,21,0,1000.000,1.271079,0.684144
46560,7,0.125000,0.709151,26,0,1000.000,1.280600,0.669368
46656,0,0.125000,0.832653,47,0,1000.000,1.586705,0.655853
46656,1,0.125000,0.850252,42,0,1000.000,1.574152,0.670043
46656,2,0.125000,0.851631,37,0,1000.000,1.526672,0.671300
46656,3,0.125000,0.788106,43,0,1000.000,1.486682,0.675025
46656,4,0.125000,0.856675,52,0,1000.000,1.480958,0.678878
46656,5,0.125000,0.794884,43,0,1000.000,1.554335,0.666279
46656,6,0.125000,0.825211,50,0,1000.000,1.628845,0.670660
46656,7,0.125000,0.808673,39,0,1000.000,1.332616,0.684318
46704,0,0.125000,0.902037,29,0,1000.000,1.522085,0.679636
46704,1,0.125000,0.829229,30,0,1000.000,1.717396,0.674536
46704,2,0.125000,0.779820,25,0,1000.000,1.568929,0.675128
46704,3,0.125000,0.845130,33,0,1000.000,1.499781,0.673553
46704,4,0.125000,0.856619,27,0,1000.000,1.362303,0.676530
46704,5,0.125000,0.743043,32,0,1000.000,1.229126,0.687303
46704,6,0.125000,0.768497,27,0,1000.000,1.617690,0.666295
46704,7,0.125000,0.890611,25,0,1000.000,1.735736,0.670032
46752,0,0.125000,0.832621,20,0,1000.000,1.398270,0.678670
46752,1,0.125000,0.945655,17,0,1000.000,1.245619,0.688084
46752,2,0.125000,0.870571,16,0,1000.000,1.477979,0.676915
46752,3,0.125000,0.781990,22,0,1000.000,1.119485,0.664476
46752,4,0.125000,0.721118,13,0,1000.000,1.155945,0.672158
46752,5,0.125000,0.802915,21,0,1000.000,1.374111,0.682453
46752,6,0.125000,0.913612,25,0,1000.000,1.465948,0.665407
46752,7,0.125000,0.693855,20,1,969.750,1.379500,0.653331
46800,0,0.125000,0.843779,17,0,1000.000,1.724598,0.656566
46800,1,0.125000,0.735009,20,0,1000.000,1.371567,0.682953
46800,2,0.125000,0.856811,15,0,1000.000,1.516569,0.684034
46800,3,0.125000,0.839184,23,0,1000.000,1.733014,0.659364
46800,4,0.125000,0.877258,14,0,1000.000,1.367612,0.700959
46800,5,0.125000,0.822710,26,0,1000.000,1.474865,0.667014
46800,6,0.125000,0.761263,21,0,1000.000,1.265855,0.666509
46800,7,0.125000,0.848091,11,0,1000.000,1.431271,0.684989
46848,0,0.125000,0.686014,10,0,1000.000,1.707811,0.640668
46848,1,0.125000,0.780385,8,0,1000.000,1.868890,0.643969
46848,2,0.125000,0.716820,18,0,1000.000,1.761308,0.658366
46848,3,0.125000,0.829532,15,0,1000.000,1.260004,0.689058
46848,4,0.125000,0.802878,15,0,1000.000,1.382221,0.664447
46848,5,0.125000,0.834995,16,0,1000.000,1.190633,0.694824
46848,6,0.125000,0.650175,14,0,1000.000,1.267782,0.678868
46848,7,0.125000,0.586537,11,0,1000.000,1.176678,0.650200
46896,0,0.125000,0.727503,15,0,1000.000,1.567633,0.667232
46896,1,0.125000,0.749123,15,0,1000.000,1.335639,0.675182
46896,2,0.125000,0.755974,17,0,1000.000,1.592578,0.682394
46896,3,0.125000,0.837926,20,0,1000.000,1.761050,0.656705
46896,4,0.125000,0.812939,21,0,1000.000,1.354753,0.678327
46896,5,0.125000,0.768400,23,0,1000.000,1.426808,0.679167
46896,6,0.125000,0.795019,14,0,1000.000,1.755825,0.673053
46896,7,0.125000,0.718662,17,1,962.529,1.192319,0.682126
46944,0,0.125000,0.836381,16,0,1000.000,1.118828,0.707365
46944,1,0.125000,0.857038,16,0,1000.000,1.496425,0.672768
46944,2,0.125000,0.870032,16,0,1000.000,2.110214,0.656530
46944,3,0.125000,0.923117,19,0,1000.000,2.008756,0.667610
46944,4,0.125000,0.826532,20,0,1000.000,1.439240,0.676548
46944,5,0.125000,0.728587,18,0,1000.000,1.146417,0.689825
46944,6,0.125000,0.755644,18,0,1000.000,1.449443,0.654702
46944,7,0.125000,0.759693,26,1,979.269,1.750947,0.662496
46992,0,0.125000,0.827773,30,0,1000.000,1.355680,0.673171
46992,1,0.125000,0.815750,17,0,1000.000,1.565480,0.674936
46992,2,0.125000,0.670995,34,0,1000.000,1.445301,0.682200
46992,3,0.125000,0.761795,26,0,1000.000,1.617776,0.662625
46992,4,0.125000,0.823295,31,0,1000.000,1.318799,0.678002
46992,5,0.125000,0.781832,23,0,1000.000,1.161290,0.666221
46992,6,0.125000,0.840514,30,0,1000.000,1.393376,0.673005
46992,7,0.125000,0.722453,23,1,979.957,1.491546,0.673104
47040,0,0.125000,0.942073,30,0,1000.000,1.331270,0.694491
47040,1,0.125000,0.726126,26,0,1000.000,1.475820,0.666762
47040,2,0.125000,0.631680,27,1,964.852,1.579985,0.649014
47040,3,0.125000,0.743240,21,0,1000.000,1.667534,0.668425
47040,4,0.125000,0.837831,20,0,1000.000,1.504857,0.691908
47040,5,0.125000,0.920560,30,0,1000.000,1.731084,0.686036
47040,6,0.125000,0.818553,21,0,1000.000,1.532699,0.673618
47040,7,0.125000,0.791147,30,1,977.733,1.464491,0.669712
47088,0,0.125000,0.724734,22,1,968.909,1.585363,0.662642
47088,1,0.125000,0.788546,23,0,1000.000,1.529444,0.679716
47088,2,0.125000,0.752356,19,1,949.000,1.350442,0.667230
47088,3,0.125000,0.933716,14,0,1000.000,1.092797,0.679198
47088,4,0.125000,0.710753,22,0,1000.000,1.367384,0.680723
47088,5,0.125000,0.886171,25,0,1000.000,1.722198,0.671923
47088,6,0.125000,0.843760,22,0,1000.000,1.738766,0.672861
47088,7,0.125000,0.920524,21,0,1000.000,1.839999,0.674056
47136,0,0.125000,0.782805,31,0,1000.000,1.316555,0.686759
47136,1,0.125000,0.843800,22,0,1000.000,1.440329,0.679796
47136,2,0.125000,0.617363,28,0,1000.000,1.376548,0.666397
47136,3,0.125000,0.924365,16,0,1000.000,1.616246,0.684837
47136,4,0.125000,0.738477,28,0,1000.000,1.274816,0.665541
47136,5,0.125000,0.618914,24,0,1000.000,1.136820,0.672949
47136,6,0.125000,0.860054,24,0,1000.000,1.380538,0.682429
47136,7,0.125000,0.774552,17,1,964.235,1.358288,0.693526
47184,0,0.125000,0.799722,38,0,1000.000,1.354791,0.674305
47184,1,0.125000,0.859973,26,0,1000.000,1.342071,0.667270
47184,2,0.125000,0.837376,29,0,1000.000,1.526441,0.680207
47184,3,0.125000,0.794762,32,0,1000.000,1.266049,0.681030
47184,4,0.125000,0.879041,33,0,1000.000,1.243267,0.680901
47184,5,0.125000,0.831101,35,0,1000.000,1.365777,0.681608
47184,6,0.125000,0.780708,42,0,1000.000,1.337117,0.686126
47184,7,0.125000,0.888442,24,0,1000.000,1.626855,0.669388
47232,0,0.125000,0.751153,34,0,1000.000,1.413129,0.670454
47232,1,0.125000,0.822836,34,0,1000.000,1.283614,0.677573
47232,2,0.125000,0.817888,31,0,1000.000,1.509295,0.671227
47232,3,0.125000,0.764383,36,0,1000.000,1.447588,0.664630
47232,4,0.125000,0.775854,30,0,1000.000,1.450114,0.674519
47232,5,0.125000,0.821105,27,0,1000.000,1.369322,0.685176
47232,6,0.125000,0.812799,38,0,1000.000,1.624385,0.669280
47232,7,0.125000,0.768719,33,0,1000.000,1.692896,0.673114
47280,0,0.125000,0.803819,28,0,1000.000,1.671237,0.668435
47280,1,0.125000,0.769973,34,0,1000.000,1.614805,0.664396
47280,2,0.125000,0.786505,32,0,1000.000,1.390926,0.664311
47280,3,0.125000,0.866392,25,0,1000.000,1.487015,0.684556
47280,4,0.125000,0.780189,37,0,1000.000,1.677050,0.661364
47280,5,0.125000,0.836481,21,0,1000.000,1.486302,0.681804
47280,6,0.125000,0.799366,38,0,1000.000,1.507889,0.673607
47280,7,0.125000,0.806229,25,0,1000.000,1.658526,0.665988
47328,0,0.125000,0.889068,37,0,1000.000,1.408702,0.677875
47328,1,0.125000,0.877616,30,0,1000.000,1.606102,0.676942
47328,2,0.125000,0.829685,42,0,1000.000,1.637031,0.673025
47328,3,0.125000,0.897940,25,0,1000.000,1.535601,0.690751
47328,4,0.125000,0.814389,22,0,1000.000,1.717176,0.660705
47328,5,0.125000,0.850358,33,0,1000.000,1.380578,0.682646
47328,6,0.125000,0.790252,34,0,1000.000,1.376158,0.674135
47328,7,0.125000,0.725088,32,0,1000.000,1.448088,0.672775
47376,0,0.125000,0.835178,18,0,1000.000,1.342539,0.700623
47376,1,0.125000,0.817492,28,0,1000.000,1.383839,0.677570
47376,2,0.125000,0.839605,24,0,1000.000,1.111165,0.688727
47376,3,0.125000,0.829470,40,0,1000.000,1.541368,0.673151
47376,4,0.125000,0.863797,28,0,1000.000,1.391263,0.689130
47376,5,0.125000,0.734646,34,0,1000.000,1.626943,0.663338
47376,6,0.125000,0.740771,32,0,1000.000,1.418223,0.660854
47376,7,0.125000,0.756196,36,0,1000.000,1.696086,0.657965
47424,0,0.125000,0.766340,26,0,1000.000,1.283368,0.667100
47424,1,0.125000,0.771900,15,0,1000.000,1.671912,0.656601
47424,2,0.125000,0.856265,23,0,1000.000,1.280983,0.679922
47424,3,0.125000,0.772850,24,0,1000.000,1.348468,0.679466
47424,4,0.125000,0.880041,22,0,1000.000,1.693657,0.678206
47424,5,0.125000,0.667133,23,0,1000.000,1.746606,0.663400
47424,6,0.125000,0.809253,24,0,1000.000,1.578135,0.663578
47424,7,0.125000,0.694635,20,0,1000.000,1.396377,0.656098
47472,0,0.125000,0.758865,28,0,1000.000,1.300111,0.679159
47472,1,0.125000,0.771686,30,0,1000.000,1.836068,0.655916
47472,2,0.125000,0.760656,36,0,1000.000,1.441722,0.670029
47472,3,0.125000,0.857033,31,0,1000.000,1.242399,0.679054
47472,4,0.125000,0.786949,36,0,1000.000,1.368785,0.676415
47472,5,0.125000,0.762672,32,0,1000.000,1.592870,0.670278
47472,6,0.125000,0.784881,35,1,990.000,1.379096,0.668817
47472,7,0.125000,0.872911,26,0,1000.000,1.778056,0.684104
47520,0,0.125000,0.648318,25,0,1000.000,1.304036,0.674765
47520,1,0.125000,0.901687,30,0,1000.000,1.642122,0.670132
47520,2,0.125000,0.729181,29,0,1000.000,1.419989,0.667085
47520,3,0.125000,0.848240,31,0,1000.000,1.557409,0.680246
47520,4,0.125000,0.747700,19,0,1000.000,1.353699,0.685153
47520,5,0.125000,0.821949,31,0,1000.000,1.717270,0.662138
47520,6,0.125000,0.738536,34,0,1000.000,1.279231,0.685375
47520,7,0.125000,0.791391,26,0,1000.000,1.469768,0.669381
47568,0,0.125000,0.839527,24,0,1000.000,1.512637,0.676683
47568,1,0.125000,0.829471,29,0,1000.000,1.450013,0.672588
47568,2,0.125000,0.884747,20,0,1000.000,1.491566,0.663290
47568,3,0.125000,0.688329,14,0,1000.000,0.885583,0.692858
47568,4,0.125000,0.795052,27,0,1000.000,1.577898,0.673124
47568,5,0.125000,0.734111,22,0,1000.000,1.625084,0.648129
47568,6,0.125000,0.943386,11,0,1000.000,1.472453,0.681428
47568,7,0.125000,0.761634,15,1,938.333,1.255905,0.686282
47616,0,0.125000,0.820342,27,0,1000.000,1.508141,0.674176
47616,1,0.125000,0.897692,17,0,1000.000,0.920868,0.675704
47616,2,0.125000,0.831437,20,0,1000.000,1.416752,0.682804
47616,3,0.125000,0.933298,20,0,1000.000,1.488824,0.688829
47616,4,0.125000,0.779046,18,0,1000.000,1.475713,0.676237
47616,5,0.125000,0.674674,16,0,1000.000,1.700987,0.669312
47616,6,0.125000,0.886153,16,0,1000.000,1.367575,0.707591
47616,7,0.125000,0.797092,14,0,1000.000,1.321951,0.677811
47664,0,0.125000,0.798962,22,0,1000.000,1.346846,0.682459
47664,1,0.125000,0.820013,27,0,1000.000,1.574255,0.680501
47664,2,0.125000,0.825378,19,0,1000.000,1.178496,0.671294
47664,3,0.125000,0.665527,29,0,1000.000,1.449401,0.667338
47664,4,0.125000,0.912389,31,0,1000.000,1.556614,0.674293
47664,5,0.125000,0.877890,32,0,1000.000,1.381145,0.691672
47664,6,0.125000,0.860316,17,0,1000.000,1.913041,0.672385
47664,7,0.125000,0.791720,34,0,1000.000,1.457359,0.678801
47712,0,0.125000,0.839605,27,0,1000.000,1.535879,0.660754
47712,1,0.125000,0.802846,32,0,1000.000,1.584265,0.677676
47712,2,0.125000,0.762921,24,0,1000.000,1.708582,0.674627
47712,3,0.125000,0.927498,17,0,1000.000,1.651780,0.669610
47712,4,0.125000,0.818084,34,0,1000.000,1.664852,0.671155
47712,5,0.125000,0.840647,28,0,1000.000,1.524179,0.687970
47712,6,0.125000,0.832913,31,0,1000.000,1.613466,0.672434
47712,7,0.125000,0.776104,33,1,999.667,1.408130,0.665453
47760,0,0.125000,0.856748,20,0,1000.000,1.780074,0.652969
47760,1,0.125000,0.803834,15,0,1000.000,1.431080,0.658751
47760,2,0.125000,0.841049,19,0,1000.000,1.534348,0.692593
47760,3,0.125000,0.889038,16,0,1000.000,1.968631,0.662644
47760,4,0.125000,0.786820,20,0,1000.000,1.308840,0.667783
47760,5,0.125000,0.721663,25,0,1000.000,1.611329,0.672592
47760,6,0.125000,0.750280,17,0,1000.000,1.432164,0.668238
47760,7,0.125000,0.812078,14,0,1000.000,1.000392,0.680667
47808,0,0.125000,0.867219,21,0,1000.000,1.779331,0.675344
47808,1,0.125000,0.954503,9,0,1000.000,1.323540,0.660633
47808,2,0.125000,0.711550,17,0,1000.000,1.258263,0.678238
47808,3,0.125000,0.919625,9,0,1000.000,1.531041,0.674264
47808,4,0.125000,0.802861,20,0,1000.000,1.565232,0.675273
47808,5,0.125000,0.752541,20,0,1000.000,1.429115,0.678652
47808,6,0.125000,0.845164,14,0,1000.000,1.724831,0.665248
47808,7,0.125000,0.757933,23,0,1000.000,1.444402,0.670893
47856,0,0.125000,0.800147,16,0,1000.000,1.435891,0.670191
47856,1,0.125000,0.768238,14,0,1000.000,1.506206,0.673045
47856,2,0.125000,0.868556,14,0,1000.000,1.810339,0.666547
47856,3,0.125000,0.819041,9,0,1000.000,1.653216,0.669808
47856,4,0.125000,0.799592,14,0,1000.000,1.509397,0.665957
47856,5,0.125000,0.837276,8,0,1000.000,1.275542,0.712790
47856,6,0.125000,0.929932,12,0,1000.000,1.515467,0.683022
47856,7,0.125000,0.722983,16,0,1000.000,1.643824,0.654851
47904,0,0.125000,0.860131,16,0,1000.000,1.621172,0.661728
47904,1,0.125000,0.889266,14,0,1000.000,1.092683,0.681732
47904,2,0.125000,0.809214,16,0,1000.000,1.658277,0.681780
47904,3,0.125000,0.823292,22,0,1000.000,1.664283,0.662744
47904,4,0.125000,0.679239,25,0,1000.000,1.308370,0.674948
47904,5,0.125000,0.827807,20,0,1000.000,1.637812,0.677891
47904,6,0.125000,0.862692,16,0,1000.000,1.472109,0.685849
47904,7,0.125000,0.769510,23,0,1000.000,1.584273,0.676366
47952,0,0.125000,0.815120,24,0,1000.000,1.536211,0.666248
47952,1,0.125000,0.734029,15,0,1000.000,1.398139,0.669090
47952,2,0.125000,0.745696,18,0,1000.000,1.088961,0.684855
47952,3,0.125000,0.716581,22,0,1000.000,1.502496,0.666472
47952,4,0.125000,0.705777,21,0,1000.000,1.294679,0.666570
47952,5,0.125000,0.825701,29,0,1000.000,1.498208,0.667246
47952,6,0.125000,0.875620,18,0,1000.000,1.399607,0.674706
47952,7,0.125000,0.829142,22,0,1000.000,1.653926,0.669180
48000,0,0.125000,0.742991,26,0,1000.000,1.356461,0.684609
48000,1,0.125000,0.799202,28,0,1000.000,1.382778,0.681248
48000,2,0.125000,0.800621,25,0,1000.000,1.573310,0.659086
48000,3,0.125000,0.885207,23,0,1000.000,1.666803,0.664631
48000,4,0.125000,0.767058,21,0,1000.000,1.104627,0.677041
48000,5,0.125000,0.850452,26,0,1000.000,1.601572,0.662354
48000,6,0.125000,0.786569,26,0,1000.000,1.318036,0.685416
48000,7,0.125000,0.786445,25,0,1000.000,1.471879,0.695675
48048,0,0.125000,0.772693,27,0,1000.000,1.521910,0.671356
48048,1,0.125000,0.752378,21,0,1000.000,1.307662,0.682387
48048,2,0.125000,0.759474,22,0,1000.000,1.454144,0.685564
48048,3,0.125000,0.829382,28,0,1000.000,1.567170,0.669452
48048,4,0.125000,0.894301,25,0,1000.000,1.628528,0.673424
48048,5,0.125000,0.786502,30,0,1000.000,1.510579,0.671587
48048,6,0.125000,0.864655,23,0,1000.000,1.643740,0.675864
48048,7,0.125000,0.864349,23,0,1000.000,1.191606,0.703152
48096,0,0.125000,0.871951,17,0,1000.000,1.325279,0.687955
48096,1,0.125000,0.851672,16,1,940.250,1.429325,0.656968
48096,2,0.125000,0.805813,17,0,1000.000,1.773450,0.660252
48096,3,0.125000,0.819520,29,0,1000.000,1.206853,0.686343
48096,4,0.125000,0.653352,18,0,1000.000,1.527203,0.655140
48096,5,0.125000,0.697086,29,0,1000.000,1.374506,0.666997
48096,6,0.125000,0.879923,18,0,1000.000,1.649120,0.683727
48096,7,0.125000,0.773834,23,1,977.957,1.058744,0.660147
48144,0,0.125000,0.741463,17,0,1000.000,1.500477,0.665247
48144,1,0.125000,0.798699,27,0,1000.000,1.457404,0.682516
48144,2,0.125000,0.906234,35,0,1000.000,1.453946,0.672466
48144,3,0.125000,0.713593,25,0,1000.000,1.248099,0.681360
48144,4,0.125000,0.794718,31,0,1000.000,1.754331,0.665169
48144,5,0.125000,0.875100,24,0,1000.000,1.173234,0.696109
48144,6,0.125000,0.858367,25,0,1000.000,1.379857,0.682291
48144,7,0.125000,0.841278,28,1,971.036,1.793034,0.665776
48192,0,0.125000,0.928644,20,0,1000.000,1.805507,0.669840
48192,1,0.125000,0.867116,34,0,1000.000,1.235454,0.690362
48192,2,0.125000,0.875478,33,0,1000.000,1.400900,0.670513
48192,3,0.125000,0.771569,34,0,1000.000,1.215402,0.686610
48192,4,0.125000,0.845157,37,0,1000.000,1.613022,0.658847
48192,5,0.125000,0.879731,30,0,1000.000,1.234659,0.686338
48192,6,0.125000,0.848330,33,0,1000.000,1.490183,0.679658
48192,7,0.125000,0.779123,38,0,1000.000,1.384202,0.674190
48240,0,0.125000,0.836172,37,0,1000.000,1.609656,0.664609
48240,1,0.125000,0.784377,31,0,1000.000,1.302060,0.684505
48240,2,0.125000,0.888790,33,0,1000.000,1.237681,0.686624
48240,3,0.125000,0.794835,29,0,1000.000,1.514246,0.666372
48240,4,0.125000,0.805755,30,0,1000.000,1.526188,0.665029
48240,5,0.125000,0.824516,37,0,1000.000,1.573769,0.665819
48240,6,0.125000,0.849025,30,0,1000.000,1.405161,0.681404
48240,7,0.125000,0.733160,42,0,1000.000,1.194571,0.683091
48288,0,0.125000,0.823452,26,0,1000.000,1.289766,0.673292
48288,1,0.125000,0.750799,27,0,1000.000,1.502729,0.664157
48288,2,0.125000,0.713410,23,0,1000.000,1.401865,0.665772
48288,3,0.125000,0.801202,35,0,1000.000,1.464087,0.673596
48288,4,0.125000,0.744241,33,0,1000.000,1.233274,0.676347
48288,5,0.125000,0.759214,28,0,1000.000,1.622476,0.674621
48288,6,0.125000,0.799457,34,0,1000.000,1.180545,0.677794
48288,7,0.125000,0.872957,31,0,1000.000,1.216208,0.671308
48336,0,0.125000,0.901261,29,0,1000.000,1.515183,0.668112
48336,1,0.125000,0.716687,31,0,1000.000,1.351180,0.681102
48336,2,0.125000,0.839908,29,0,1000.000,1.478511,0.671326
48336,3,0.125000,0.774413,35,0,1000.000,1.405965,0.682753
48336,4,0.125000,0.753775,39,0,1000.000,1.583803,0.671408
48336,5,0.125000,0.820447,35,0,1000.000,1.476273,0.686459
48336,6,0.125000,0.848497,31,0,1000.000,1.694502,0.676455
48336,7,0.125000,0.806141,30,0,1000.000,1.531767,0.671823
48384,0,0.125000,0.778952,19,0,1000.000,1.529101,0.672619
48384,1,0.125000,0.728450,30,0,1000.000,1.410634,0.679169
48384,2,0.125000,0.774777,38,0,1000.000,1.417113,0.660738
48384,3,0.125000,0.777374,30,0,1000.000,1.342019,0.663294
48384,4,0.125000,0.774119,25,0,1000.000,1.267610,0.657198
48384,5,0.125000,0.849333,33,0,1000.000,1.707561,0.672006
48384,6,0.125000,0.741883,25,0,1000.000,1.243920,0.659670
48384,7,0.125000,0.777471,24,0,1000.000,1.358629,0.680230
48432,0,0.125000,0.812428,22,0,1000.000,1.279393,0.684823
48432,1,0.125000,0.825256,24,0,1000.000,1.265833,0.685671
48432,2,0.125000,0.830711,22,0,1000.000,1.348391,0.673502
48432,3,0.125000,0.680363,21,0,1000.000,1.060853,0.688919
48432,4,0.125000,0.715621,24,0,1000.000,1.586053,0.663713
48432,5,0.125000,0.785711,24,0,1000.000,1.222748,0.667855
48432,6,0.125000,0.761683,16,0,1000.000,0.968517,0.684606
48432,7,0.125000,0.662375,29,0,1000.000,1.558986,0.654203
48480,0,0.125000,0.816908,38,0,1000.000,1.202325,0.679734
48480,1,0.125000,0.844382,30,0,1000.000,1.426378,0.685276
48480,2,0.125000,0.706619,38,0,1000.000,1.346080,0.679199
48480,3,0.125000,0.805678,31,0,1000.000,1.268182,0.674289
48480,4,0.125000,0.782197,26,0,1000.000,1.510782,0.657933
48480,5,0.125000,0.875596,26,0,1000.000,1.714590,0.680177
48480,6,0.125000,0.716267,32,0,1000.000,1.332881,0.661999
48480,7,0.125000,0.875640,40,0,1000.000,1.639692,0.673604
48528,0,0.125000,0.709529,32,0,1000.000,1.406983,0.674158
48528,1,0.125000,0.793411,20,0,1000.000,1.359750,0.683250
48528,2,0.125000,0.804197,23,0,1000.000,1.459841,0.676052
48528,3,0.125000,0.816251,28,0,1000.000,1.570969,0.681977
48528,4,0.125000,0.748174,30,0,1000.000,1.688567,0.654694
48528,5,0.125000,0.776674,19,0,1000.000,1.618529,0.680646
48528,6,0.125000,0.731017,33,0,1000.000,1.289291,0.671717
48528,7,0.125000,0.724800,24,1,968.917,1.457409,0.658699
48576,0,0.125000,0.856069,25,0,1000.000,1.397777,0.689899
48576,1,0.125000,0.903401,16,0,1000.000,1.631723,0.679102
48576,2,0.125000,0.823155,16,0,1000.000,1.127395,0.672643
48576,3,0.125000,0.948060,20,0,1000.000,1.472741,0.695713
48576,4,0.125000,0.815125,24,0,1000.000,1.551554,0.672375
48576,5,0.125000,0.730779,19,0,1000.000,1.532807,0.674879
48576,6,0.125000,0.803852,17,0,1000.000,1.563966,0.661743
48576,7,0.125000,0.840265,21,0,1000.000,1.413183,0.656566
48624,0,0.125000,0.747067,11,0,1000.000,1.537316,0.683024
48624,1,0.125000,0.770575,23,0,1000.000,1.317459,0.689119
48624,2,0.125000,0.880233,20,0,1000.000,1.858648,0.679077
48624,3,0.125000,0.877589,17,0,1000.000,1.566986,0.679390
48624,4,0.125000,0.809569,17,0,1000.000,1.417173,0.666605
48624,5,0.125000,0.820103,18,0,1000.000,1.403983,0.688824
48624,6,0.125000,0.877269,23,0,1000.000,1.697065,0.662897
48624,7,0.125000,0.743566,20,0,1000.000,1.470688,0.667810
48672,0,0.125000,0.896212,37,0,1000.000,1.686529,0.674035
48672,1,0.125000,0.817107,25,0,1000.000,1.974209,0.660227
48672,2,0.125000,0.836724,30,0,1000.000,1.347503,0.675103
48672,3,0.125000,0.852629,22,0,1000.000,1.430947,0.690362
48672,4,0.125000,0.775502,21,0,1000.000,1.651583,0.672051
48672,5,0.125000,0.825001,35,0,1000.000,1.412648,0.676334
48672,6,0.125000,0.815194,36,0,1000.000,1.892387,0.656135
48672,7,0.125000,0.763533,22,0,1000.000,1.339365,0.679889
48720,0,0.125000,0.837159,20,0,1000.000,1.519412,0.678294
48720,1,0.125000,0.893502,28,0,1000.000,1.452743,0.667523
48720,2,0.125000,0.847565,24,0,1000.000,1.631262,0.677229
48720,3,0.125000,0.800348,24,0,1000.000,1.480245,0.666828
48720,4,0.125000,0.718601,24,0,1000.000,1.635973,0.671282
48720,5,0.125000,0.589238,27,0,1000.000,1.283982,0.674705
48720,6,0.125000,0.758362,19,0,1000.000,1.531630,0.667284
48720,7,0.125000,0.822861,33,0,1000.000,1.522100,0.680305
48768,0,0.125000,0.794207,19,0,1000.000,1.721029,0.647007
48768,1,0.125000,0.723599,24,0,1000.000,1.487690,0.672576
48768,2,0.125000,0.783691,24,0,1000.000,1.319479,0.675886
48768,3,0.125000,0.743582,14,0,1000.000,1.243087,0.683530
48768,4,0.125000,0.946422,12,0,1000.000,1.360813,0.673491
48768,5,0.125000,0.801395,24,0,1000.000,1.596944,0.645043
48768,6,0.125000,0.749343,17,0,1000.000,1.561530,0.647215
48768,7,0.125000,0.750041,20,1,965.500,1.495065,0.664170
48816,0,0.125000,0.826388,19,0,1000.000,1.624790,0.668034
48816,1,0.125000,0.809912,16,0,1000.000,1.342957,0.659401
48816,2,0.125000,0.920362,19,0,1000.000,1.617561,0.673556
48816,3,0.125000,0.535619,14,0,1000.000,1.053927,0.687663
48816,4,0.125000,0.774084,15,0,1000.000,1.771277,0.649523
48816,5,0.125000,0.805191,22,0,1000.000,2.075495,0.656663
48816,6,0.125000,0.696123,8,0,1000.000,1.299832,0.649937
48816,7,0.125000,0.809727,18,0,1000.000,1.833873,0.664640
48864,0,0.125000,0.750705,17,0,1000.000,1.606016,0.669479
48864,1,0.125000,0.843318,8,0,1000.000,0.990079,0.675525
48864,2,0.125000,0.842680,14,0,1000.000,1.548969,0.672748
48864,3,0.125000,0.712240,13,0,1000.000,1.168791,0.685653
48864,4,0.125000,0.638465,9,0,1000.000,0.811394,0.676549
48864,5,0.125000,0.778818,14,0,1000.000,1.897992,0.670645
48864,6,0.125000,0.928253,17,0,1000.000,1.658063,0.677629
48864,7,0.125000,0.719160,10,0,1000.000,1.676826,0.654652
48912,0,0.125000,0.784428,20,0,1000.000,1.372042,0.675918
48912,1,0.125000,0.724693,23,0,1000.000,1.409618,0.666516
48912,2,0.125000,0.806946,29,0,1000.000,1.696957,0.669271
48912,3,0.125000,0.872504,16,0,1000.000,1.463351,0.688763
48912,4,0.125000,0.932913,18,0,1000.000,1.556293,0.688243
48912,5,0.125000,0.939859,19,0,1000.000,1.512219,0.691791
48912,6,0.125000,0.916527,16,0,1000.000,1.708939,0.678325
48912,7,0.125000,0.850508,21,0,1000.000,1.421456,0.681752
48960,0,0.125000,0.790470,25,0,1000.000,1.334820,0.675045
48960,1,0.125000,0.900869,17,0,1000.000,1.209612,0.691847
48960,2,0.125000,0.771844,30,0,1000.000,1.357629,0.669594
48960,3,0.125000,0.868400,17,0,1000.000,1.564374,0.681391
48960,4,0.125000,0.837680,19,0,1000.000,1.984189,0.647335
48960,5,0.125000,0.741691,22,0,1000.000,1.695134,0.664527
48960,6,0.125000,0.807730,16,0,1000.000,1.611766,0.657223
48960,7,0.125000,0.838886,25,0,1000.000,1.073794,0.680306
49008,0,0.125000,0.794245,25,0,1000.000,1.653518,0.654992
49008,1,0.125000,0.799830,27,0,1000.000,1.559836,0.676555
49008,2,0.125000,0.763969,34,0,1000.000,1.512610,0.657281
49008,3,0.125000,0.906682,24,0,1000.000,1.532994,0.693841
49008,4,0.125000,0.748471,17,0,1000.000,1.629508,0.670844
49008,5,0.125000,0.754537,29,0,1000.000,1.686835,0.661242
49008,6,0.125000,0.838953,25,0,1000.000,1.801556,0.674804
49008,7,0.125000,0.828864,30,0,1000.000,1.493100,0.673326
49056,0,0.125000,0.908890,27,0,1000.000,1.499839,0.696429
49056,1,0.125000,0.846985,29,0,1000.000,1.470950,0.675323
49056,2,0.125000,0.924517,26,0,1000.000,1.680712,0.671089
49056,3,0.125000,0.875181,22,0,1000.000,1.704701,0.667971
49056,4,0.125000,0.773358,18,0,1000.000,1.673492,0.688292
49056,5,0.125000,0.762764,26,0,1000.000,1.708064,0.666298
49056,6,0.125000,0.886673,19,0,1000.000,1.584697,0.659412
49056,7,0.125000,0.832560,22,0,1000.000,1.603184,0.672450
49104,0,0.125000,0.818507,18,0,1000.000,1.341387,0.655245
49104,1,0.125000,0.894558,18,0,1000.000,1.842652,0.652059
49104,2,0.125000,0.764113,21,0,1000.000,1.358177,0.669982
49104,3,0.125000,0.691427,17,0,1000.000,1.479439,0.667706
49104,4,0.125000,0.794453,23,0,1000.000,1.577832,0.662490
49104,5,0.125000,0.860783,19,0,1000.000,1.622100,0.655695
49104,6,0.125000,0.810862,24,0,1000.000,1.580902,0.668457
49104,7,0.125000,0.859825,19,0,1000.000,2.051376,0.666050
49152,0,0.125000,0.763417,27,0,1000.000,1.385339,0.679385
49152,1,0.125000,0.721067,34,0,1000.000,1.379449,0.665941
49152,2,0.125000,0.830860,25,0,1000.000,1.360171,0.679918
49152,3,0.125000,0.784100,25,0,1000.000,1.418895,0.688831
49152,4,0.125000,0.798227,25,0,1000.000,1.784744,0.649733
49152,5,0.125000,0.855126,29,0,1000.000,1.561033,0.671815
49152,6,0.125000,0.864103,30,0,1000.000,1.512705,0.652747
49152,7,0.125000,0.768330,31,0,1000.000,1.520684,0.670077
49200,0,0.125000,0.729849,28,1,996.714,1.290526,0.670429
49200,1,0.125000,0.709931,36,0,1000.000,1.561346,0.662141
49200,2,0.125000,0.874261,29,0,1000.000,1.411667,0.677905
49200,3,0.125000,0.811738,42,0,1000.000,1.592881,0.671011
49200,4,0.125000,0.805266,33,0,1000.000,1.803539,0.661451
49200,5,0.125000,0.671948,34,0,1000.000,1.474788,0.663306
49200,6,0.125000,0.880818,31,0,1000.000,1.715112,0.663268
49200,7,0.125000,0.766870,33,1,992.364,1.284995,0.674482
49248,0,0.125000,0.715698,30,0,1000.000,1.124952,0.654479
49248,1,0.125000,0.809962,31,0,1000.000,1.511451,0.673572
49248,2,0.125000,0.791746,31,0,1000.000,1.248288,0.689506
49248,3,0.125000,0.768355,44,0,1000.000,1.553485,0.673399
49248,4,0.125000,0.761157,33,0,1000.000,1.365780,0.681920
49248,5,0.125000,0.865476,33,0,1000.000,1.530331,0.680671
49248,6,0.125000,0.870277,39,0,1000.000,1.471107,0.662755
49248,7,0.125000,0.834305,24,1,984.375,1.624441,0.658791
49296,0,0.125000,0.909965,28,0,1000.000,1.151632,0.679268
49296,1,0.125000,0.802088,30,0,1000.000,1.413823,0.669969
49296,2,0.125000,0.709361,22,0,1000.000,1.475355,0.655116
49296,3,0.125000,0.830720,29,0,1000.000,1.422374,0.669762
49296,4,0.125000,0.831618,30,0,1000.000,1.458478,0.667697
49296,5,0.125000,0.851532,34,0,1000.000,1.579497,0.679785
49296,6,0.125000,0.780430,27,0,1000.000,1.564935,0.666806
49296,7,0.125000,0.853240,38,0,1000.000,1.546969,0.676813
49344,0,0.125000,0.712490,29,0,1000.000,1.232104,0.666827
49344,1,0.125000,0.786955,34,0,1000.000,1.310157,0.681883
49344,2,0.125000,0.808505,39,0,1000.000,1.410219,0.681014
49344,3,0.125000,0.850761,37,0,1000.000,1.535813,0.677415
49344,4,0.125000,0.743609,30,0,1000.000,1.342025,0.678489
49344,5,0.125000,0.813192,35,0,1000.000,1.588409,0.668937
49344,6,0.125000,0.880152,31,0,1000.000,1.558661,0.676308
49344,7,0.125000,0.772831,24,0,1000.000,1.448401,0.660201
49392,0,0.125000,0.849823,23,0,1000.000,1.394561,0.677633
49392,1,0.125000,0.755922,23,0,1000.000,1.387358,0.669423
49392,2,0.125000,0.710405,22,0,1000.000,1.622396,0.670185
49392,3,0.125000,0.702054,21,0,1000.000,1.288629,0.668823
49392,4,0.125000,0.902775,36,0,1000.000,1.545404,0.670889
49392,5,0.125000,0.859027,27,0,1000.000,1.630669,0.662196
49392,6,0.125000,0.825617,26,0,1000.000,1.435263,0.663264
49392,7,0.125000,0.859434,24,0,1000.000,1.527733,0.675000
49440,0,0.125000,0.790523,32,1,976.875,1.295316,0.665421
49440,1,0.125000,0.847164,19,0,1000.000,1.856836,0.642457
49440,2,0.125000,0.832467,25,0,1000.000,1.445031,0.658385
49440,3,0.125000,0.762714,25,0,1000.000,1.129128,0.679719
49440,4,0.125000,0.754901,20,0,1000.000,1.376998,0.666758
49440,5,0.125000,0.890275,25,0,1000.000,1.593729,0.671438
49440,6,0.125000,0.822996,24,0,1000.000,1.906343,0.644279
49440,7,0.125000,0.846359,27,0,1000.000,1.696995,0.656313
49488,0,0.125000,0.805837,37,0,1000.000,1.297914,0.673132
49488,1,0.125000,0.866905,36,0,1000.000,1.703057,0.670076
49488,2,0.125000,0.770815,35,0,1000.000,1.522430,0.676624
49488,3,0.125000,0.869917,31,0,1000.000,1.404458,0.668506
49488,4,0.125000,0.871605,36,0,1000.000,1.628728,0.666288
49488,5,0.125000,0.792232,35,0,1000.000,1.717571,0.672960
49488,6,0.125000,0.753960,25,0,1000.000,1.628547,0.665749
49488,7,0.125000,0.856965,35,0,1000.000,1.369185,0.667763
49536,0,0.125000,0.828061,25,0,1000.000,1.755328,0.664455
49536,1,0.125000,0.747619,31,0,1000.000,1.555212,0.652835
49536,2,0.125000,0.887998,22,0,1000.000,1.606851,0.667711
49536,3,0.125000,0.721891,23,0,1000.000,1.605243,0.666908
49536,4,0.125000,0.820018,31,0,1000.000,1.718820,0.664959
49536,5,0.125000,0.868151,15,0,1000.000,1.432063,0.680704
49536,6,0.125000,0.875353,17,0,1000.000,1.366915,0.683616
49536,7,0.125000,0.816131,27,0,1000.000,1.778455,0.651802
49632,0,0.125000,0.832023,47,0,1000.000,1.416053,0.679048
49632,1,0.125000,0.833927,37,0,1000.000,1.450882,0.675357
49632,2,0.125000,0.786899,36,0,1000.000,1.352123,0.693835
49632,3,0.125000,0.830013,35,0,1000.000,1.634707,0.675980
49632,4,0.125000,0.852241,44,0,1000.000,1.896829,0.652485
49632,5,0.125000,0.854658,32,0,1000.000,1.712999,0.667777
49632,6,0.125000,0.827812,37,0,1000.000,1.641421,0.676341
49632,7,0.125000,0.799660,45,0,1000.000,1.546327,0.668405
49680,0,0.125000,0.876361,36,0,1000.000,1.451262,0.680430
49680,1,0.125000,0.831679,20,0,1000.000,1.420067,0.662081
49680,2,0.125000,0.812455,23,0,1000.000,1.344035,0.672353
49680,3,0.125000,0.874626,28,0,1000.000,1.156730,0.672859
49680,4,0.125000,0.815198,24,0,1000.000,1.295583,0.671551
49680,5,0.125000,0.776316,33,0,1000.000,1.598993,0.658833
49680,6,0.125000,0.887596,33,0,1000.000,1.729768,0.667629
49680,7,0.125000,0.849608,36,0,1000.000,1.457546,0.668005
49728,0,0.125000,0.801257,28,0,1000.000,1.438614,0.670652
49728,1,0.125000,0.887186,23,0,1000.000,1.697990,0.664375
49728,2,0.125000,0.738419,25,0,1000.000,1.371545,0.665652
49728,3,0.125000,0.833069,27,0,1000.000,1.349445,0.658071
49728,4,0.125000,0.829953,17,0,1000.000,1.424836,0.691691
49728,5,0.125000,0.856065,21,0,1000.000,1.185988,0.679543
49728,6,0.125000,0.878181,21,0,1000.000,1.477766,0.673149
49728,7,0.125000,0.793538,27,0,1000.000,1.380359,0.669632
49776,0,0.125000,0.600365,14,0,1000.000,1.222231,0.662158
49776,1,0.125000,0.762412,20,0,1000.000,1.682219,0.650767
49776,2,0.125000,0.815827,23,0,1000.000,1.337901,0.677133
49776,3,0.125000,0.853192,15,0,1000.000,1.943837,0.659936
49776,4,0.125000,0.827473,18,0,1000.000,1.307600,0.673409
49776,5,0.125000,0.773487,16,0,1000.000,1.240110,0.678104
49776,6,0.125000,0.893856,16,0,1000.000,1.189714,0.678078
49776,7,0.125000,0.701319,29,0,1000.000,1.347935,0.659382
49872,0,0.125000,0.825534,27,0,1000.000,1.303050,0.679582
49872,1,0.125000,0.798381,31,0,1000.000,1.459458,0.662438
49872,2,0.125000,0.762076,27,0,1000.000,1.269377,0.660963
49872,3,0.125000,0.779501,24,0,1000.000,1.296332,0.670754
49872,4,0.125000,0.783321,36,0,1000.000,1.233885,0.691119
49872,5,0.125000,0.856481,33,0,1000.000,1.578081,0.653679
49872,6,0.125000,0.826730,26,0,1000.000,1.456687,0.665283
49872,7,0.125000,0.768514,29,0,1000.000,1.480764,0.683849
49920,0,0.125000,0.778774,20,0,1000.000,1.589775,0.664013
49920,1,0.125000,0.797521,17,0,1000.000,1.458945,0.639340
49920,2,0.125000,0.650698,20,0,1000.000,1.170876,0.668084
49920,3,0.125000,0.873233,18,0,1000.000,1.723561,0.681135
49920,4,0.125000,0.831229,26,0,1000.000,1.563028,0.676922
49920,5,0.125000,0.773838,18,0,1000.000,1.563878,0.655004
49920,6,0.125000,0.839799,20,0,1000.000,1.507759,0.660240
49920,7,0.125000,0.849842,23,0,1000.000,1.581344,0.674146
49968,0,0.125000,0.731433,21,0,1000.000,1.312613,0.652392
49968,1,0.125000,0.771105,15,0,1000.000,1.964138,0.647328
49968,2,0.125000,0.788114,17,0,1000.000,1.055204,0.696820
49968,3,0.125000,0.828983,23,0,1000.000,1.653099,0.654297
49968,4,0.125000,0.832681,35,0,1000.000,1.380795,0.677715
49968,5,0.125000,0.865020,25,0,1000.000,1.257064,0.675458
49968,6,0.125000,0.862807,19,0,1000.000,1.871212,0.654701
49968,7,0.125000,0.763579,20,1,985.400,1.860245,0.651607
50016,0,0.125000,0.748688,30,0,1000.000,1.344433,0.677581
50016,1,0.125000,0.714605,30,0,1000.000,1.277116,0.682463
50016,2,0.125000,0.796452,23,0,1000.000,1.662535,0.668687
50016,3,0.125000,0.902846,23,0,1000.000,1.628587,0.685126
50016,4,0.125000,0.896790,28,0,1000.000,1.367468,0.670774
50016,5,0.125000,0.840328,29,0,1000.000,1.440877,0.674972
50016,6,0.125000,0.876578,19,0,1000.000,1.764668,0.674306
50016,7,0.125000,0.783729,22,0,1000.000,1.474926,0.656241
50064,0,0.125000,0.788134,27,0,1000.000,1.479118,0.685400
50064,1,0.125000,0.802215,23,0,1000.000,1.551976,0.678708
50064,2,0.125000,0.745775,18,0,1000.000,1.708913,0.661391
50064,3,0.125000,0.794321,25,0,1000.000,1.672240,0.646204
50064,4,0.125000,0.838848,27,0,1000.000,1.508120,0.685865
50064,5,0.125000,0.836733,27,0,1000.000,1.814681,0.656874
50064,6,0.125000,0.731403,21,0,1000.000,1.678555,0.658131
50064,7,0.125000,0.805499,24,0,1000.000,1.566876,0.666482
50112,0,0.125000,0.831932,21,1,983.476,1.607812,0.664567
50112,1,0.125000,0.845713,22,0,1000.000,1.543667,0.669238
50112,2,0.125000,0.829833,16,0,1000.000,1.455764,0.673905
50112,3,0.125000,0.801365,25,0,1000.000,1.847120,0.662714
50112,4,0.125000,0.802599,21,0,1000.000,1.205456,0.662966
50112,5,0.125000,0.900835,22,0,1000.000,1.362222,0.663582
50112,6,0.125000,0.855412,14,0,1000.000,1.889080,0.661614
50112,7,0.125000,0.854193,29,0,1000.000,1.703457,0.664651
50160,0,0.125000,0.844031,32,0,1000.000,1.380416,0.674788
50160,1,0.125000,0.807464,31,0,1000.000,1.572063,0.671171
50160,2,0.125000,0.930839,23,0,1000.000,1.639537,0.678981
50160,3,0.125000,0.783336,36,0,1000.000,1.519726,0.660411
50160,4,0.125000,0.785247,31,0,1000.000,1.349185,0.685600
50160,5,0.125000,0.852891,23,0,1000.000,1.607875,0.674162
50160,6,0.125000,0.852391,34,0,1000.000,1.543063,0.665548
50160,7,0.125000,0.836301,28,0,1000.000,1.461091,0.692177
50208,0,0.125000,0.860141,30,0,1000.000,1.868237,0.673001
50208,1,0.125000,0.876409,36,0,1000.000,1.523492,0.674537
50208,2,0.125000,0.822250,29,0,1000.000,1.691262,0.670348
50208,3,0.125000,0.818053,34,0,1000.000,1.622536,0.674450
50208,4,0.125000,0.869471,46,0,1000.000,1.831746,0.661690
50208,5,0.125000,0.747999,30,0,1000.000,1.282848,0.679918
50208,6,0.125000,0.788611,35,0,1000.000,1.624246,0.661939
50208,7,0.125000,0.810373,31,0,1000.000,1.475259,0.665304
50256,0,0.125000,0.823115,40,0,1000.000,1.610689,0.662383
50256,1,0.125000,0.877936,33,0,1000.000,1.470844,0.673589
50256,2,0.125000,0.819696,29,0,1000.000,1.715357,0.665805
50256,3,0.125000,0.763639,28,0,1000.000,1.427814,0.663962
50256,4,0.125000,0.869207,31,0,1000.000,1.561244,0.672922
50256,5,0.125000,0.825138,29,0,1000.000,1.700787,0.654637
50256,6,0.125000,0.854044,32,0,1000.000,1.721915,0.656108
50256,7,0.125000,0.730965,28,1,992.357,1.296703,0.680075
50304,0,0.125000,0.749135,25,0,1000.000,1.241912,0.678769
50304,1,0.125000,0.726006,29,0,1000.000,1.598889,0.669939
50304,2,0.125000,0.791956,27,0,1000.000,1.292367,0.669571
50304,3,0.125000,0.805303,36,0,1000.000,1.383456,0.681186
50304,4,0.125000,0.863882,33,0,1000.000,1.683612,0.672466
50304,5,0.125000,0.799424,33,0,1000.000,1.334690,0.673890
50304,6,0.125000,0.905261,34,0,1000.000,1.630058,0.683700
50304,7,0.125000,0.707918,26,0,1000.000,1.315653,0.675283
50352,0,0.125000,0.903163,32,0,1000.000,1.500075,0.676987
50352,1,0.125000,0.854583,33,0,1000.000,1.498562,0.682346
50352,2,0.125000,0.827543,35,0,1000.000,1.345337,0.675581
50352,3,0.125000,0.795473,26,0,1000.000,1.832397,0.652780
50352,4,0.125000,0.858784,28,0,1000.000,1.637916,0.673881
50352,5,0.125000,0.787132,32,0,1000.000,1.556494,0.670580
50352,6,0.125000,0.782667,36,0,1000.000,1.356058,0.676392
50352,7,0.125000,0.851123,32,0,1000.000,1.476171,0.672395
50400,0,0.125000,0.690393,16,0,1000.000,1.329307,0.650454
50400,1,0.125000,0.846648,33,0,1000.000,1.336694,0.673858
50400,2,0.125000,0.853531,23,0,1000.000,1.587333,0.665966
50400,3,0.125000,0.808235,32,0,1000.000,1.365627,0.666803
50400,4,0.125000,0.840836,23,0,1000.000,1.673488,0.666797
50400,5,0.125000,0.761892,20,0,1000.000,1.809471,0.647794
50400,6,0.125000,0.884078,24,0,1000.000,1.552336,0.671897
50400,7,0.125000,0.849705,23,0,1000.000,1.548540,0.675232
50448,0,0.125000,0.879742,27,0,1000.000,1.706320,0.668492
50448,1,0.125000,0.822211,26,0,1000.000,1.484038,0.669943
50448,2,0.125000,0.930055,20,0,1000.000,1.678683,0.666490
50448,3,0.125000,0.745527,21,0,1000.000,1.536127,0.671222
50448,4,0.125000,0.804924,23,0,1000.000,1.489559,0.663824
50448,5,0.125000,0.786733,35,0,1000.000,1.475258,0.668514
50448,6,0.125000,0.853776,25,1,963.960,1.416001,0.659972
50448,7,0.125000,0.908706,25,0,1000.000,1.072669,0.668419
50496,0,0.125000,0.765909,34,0,1000.000,1.318472,0.678978
50496,1,0.125000,0.776056,31,0,1000.000,1.387377,0.671240
50496,2,0.125000,0.751498,31,0,1000.000,1.585416,0.670845
50496,3,0.125000,0.783663,40,0,1000.000,1.556985,0.664828
50496,4,0.125000,0.746193,33,0,1000.000,1.542381,0.651610
50496,5,0.125000,0.794820,35,0,1000.000,1.614515,0.667092
50496,6,0.125000,0.772649,33,0,1000.000,1.137678,0.679067
50496,7,0.125000,0.906102,39,0,1000.000,1.606907,0.673396
50544,0,0.125000,0.779717,21,0,1000.000,1.699744,0.657740
50544,1,0.125000,0.772186,21,0,1000.000,1.106405,0.681921
50544,2,0.125000,0.868915,18,0,1000.000,1.678131,0.672212
50544,3,0.125000,0.891631,24,0,1000.000,1.644578,0.674392
50544,4,0.125000,0.773538,17,0,1000.000,1.393801,0.683396
50544,5,0.125000,0.776126,18,0,1000.000,1.309992,0.672277
50544,6,0.125000,0.736903,23,0,1000.000,1.344319,0.675485
50544,7,0.125000,0.855684,27,1,988.815,1.610835,0.669366
50592,0,0.125000,0.827470,20,0,1000.000,1.389516,0.669322
50592,1,0.125000,0.763300,18,0,1000.000,1.627806,0.662931
50592,2,0.125000,0.846876,24,0,1000.000,1.384656,0.669650
50592,3,0.125000,0.957890,18,0,1000.000,1.196088,0.700767
50592,4,0.125000,0.866831,12,0,1000.000,1.219198,0.671523
50592,5,0.125000,0.953675,19,0,1000.000,1.426900,0.686060
50592,6,0.125000,0.828171,21,0,1000.000,1.524080,0.663705
50592,7,0.125000,0.856643,19,0,1000.000,1.942188,0.651198
50640,0,0.125000,0.806654,21,0,1000.000,1.178503,0.674306
50640,1,0.125000,0.815743,24,0,1000.000,1.391810,0.686990
50640,2,0.125000,0.857451,14,0,1000.000,1.850949,0.666598
50640,3,0.125000,0.763382,22,0,1000.000,1.313645,0.678631
50640,4,0.125000,0.862500,14,0,1000.000,1.561422,0.684266
50640,5,0.125000,0.861918,31,0,1000.000,1.637064,0.661907
50640,6,0.125000,0.713957,26,0,1000.000,1.430139,0.672370
50640,7,0.125000,0.844357,25,1,972.560,1.121264,0.693038
50688,0,0.125000,0.724855,32,0,1000.000,1.442276,0.676966
50688,1,0.125000,0.789232,26,0,1000.000,1.429933,0.687437
50688,2,0.125000,0.803523,24,0,1000.000,1.505995,0.667988
50688,3,0.125000,0.841674,33,1,971.667,1.544187,0.666697
50688,4,0.125000,0.829630,32,0,1000.000,1.335737,0.672430
50688,5,0.125000,0.775767,37,0,1000.000,1.529942,0.673391
50688,6,0.125000,0.700101,23,0,1000.000,1.156340,0.692712
50688,7,0.125000,0.838701,31,1,972.226,1.738017,0.667099
50736,0,0.125000,0.861412,23,0,1000.000,1.364388,0.668858
50736,1,0.125000,0.838568,20,0,1000.000,1.511141,0.669410
50736,2,0.125000,0.666581,17,0,1000.000,1.193514,0.686395
50736,3,0.125000,0.749760,21,0,1000.000,1.500264,0.666293
50736,4,0.125000,0.843449,30,0,1000.000,1.273994,0.680838
50736,5,0.125000,0.892803,24,0,1000.000,1.850372,0.672354
50736,6,0.125000,0.803800,23,0,1000.000,1.373369,0.669090
50736,7,0.125000,0.819294,15,0,1000.000,1.187904,0.668518
50784,0,0.125000,0.772177,22,0,1000.000,1.190634,0.684617
50784,1,0.125000,0.869666,20,0,1000.000,1.697001,0.664738
50784,2,0.125000,0.874460,16,0,1000.000,1.677812,0.667318
50784,3,0.125000,0.776774,19,0,1000.000,1.369961,0.678952
50784,4,0.125000,0.781089,27,0,1000.000,1.597268,0.665736
50784,5,0.125000,0.738160,15,0,1000.000,1.223688,0.675606
50784,6,0.125000,0.893288,17,0,1000.000,1.147446,0.689136
50784,7,0.125000,0.828444,16,0,1000.000,1.191966,0.698418
50832,0,0.125000,0.849712,14,0,1000.000,1.902039,0.661668
50832,1,0.125000,0.869403,19,0,1000.000,1.952138,0.667951
50832,2,0.125000,0.706779,19,0,1000.000,1.602468,0.657602
50832,3,0.125000,0.788537,13,0,1000.000,1.436023,0.673750
50832,4,0.125000,0.731876,9,0,1000.000,1.187025,0.664623
50832,5,0.125000,0.650570,17,0,1000.000,1.298409,0.664906
50832,6,0.125000,0.831434,17,0,1000.000,1.373025,0.681931
50832,7,0.125000,0.473933,4,0,1000.000,1.152420,0.693557
50880,0,0.125000,0.683805,12,0,1000.000,1.511234,0.655579
50880,1,0.125000,0.776193,22,0,1000.000,1.351801,0.690704
50880,2,0.125000,0.881948,17,0,1000.000,1.582860,0.687291
50880,3,0.125000,0.686302,13,0,1000.000,1.308067,0.683370
50880,4,0.125000,0.599668,12,0,1000.000,1.351005,0.683332
50880,5,0.125000,0.781088,18,0,1000.000,1.480653,0.678760
50880,6,0.125000,0.609117,14,0,1000.000,1.002114,0.663470
50880,7,0.125000,0.693659,15,0,1000.000,1.235003,0.679048
50928,0,0.125000,0.837069,26,0,1000.000,1.187834,0.688127
50928,1,0.125000,0.927688,21,0,1000.000,1.464055,0.675873
50928,2,0.125000,0.880068,22,0,1000.000,1.546611,0.671793
50928,3,0.125000,0.863692,18,0,1000.000,1.669056,0.661808
50928,4,0.125000,0.738623,18,0,1000.000,1.589530,0.651467
50928,5,0.125000,0.736071,26,0,1000.000,1.488050,0.676382
50928,6,0.125000,0.869308,15,0,1000.000,1.678905,0.683240
50928,7,0.125000,0.942052,14,0,1000.000,1.464879,0.673739
50976,0,0.125000,0.760822,23,0,1000.000,1.531805,0.673228
50976,1,0.125000,0.869076,19,0,1000.000,2.035322,0.658293
50976,2,0.125000,0.839790,26,0,1000.000,1.276942,0.679255
50976,3,0.125000,0.866982,24,0,1000.000,1.276065,0.680749
50976,4,0.125000,0.653782,21,0,1000.000,1.430531,0.668337
50976,5,0.125000,0.806390,21,0,1000.000,1.554879,0.671261
50976,6,0.125000,0.880049,18,0,1000.000,1.511877,0.648792
50976,7,0.125000,0.791905,27,0,1000.000,1.483588,0.656874
51024,0,0.125000,0.901905,34,0,1000.000,1.580163,0.674574
51024,1,0.125000,0.791373,22,0,1000.000,1.611677,0.671848
51024,2,0.125000,0.885817,26,0,1000.000,1.587784,0.665288
51024,3,0.125000,0.819882,35,0,1000.000,1.086152,0.676163
51024,4,0.125000,0.681096,22,0,1000.000,1.380142,0.663273
51024,5,0.125000,0.884092,26,0,1000.000,1.161293,0.688033
51024,6,0.125000,0.837138,26,0,1000.000,1.242771,0.690735
51024,7,0.125000,0.656610,21,1,985.095,1.494109,0.675678
51072,0,0.125000,0.890944,18,0,1000.000,1.171879,0.685238
51072,1,0.125000,0.765469,23,0,1000.000,1.251334,0.672305
51072,2,0.125000,0.657187,26,0,1000.000,1.369833,0.666190
51072,3,0.125000,0.814054,24,0,1000.000,1.528666,0.660770
51072,4,0.125000,0.737887,20,0,1000.000,1.524722,0.677838
51072,5,0.125000,0.829653,21,0,1000.000,1.528762,0.669868
51072,6,0.125000,0.701086,22,0,1000.000,1.399160,0.659743
51072,7,0.125000,0.797379,33,1,984.364,1.407308,0.675317
51120,0,0.125000,0.805272,23,0,1000.000,1.486928,0.663279
51120,1,0.125000,0.802920,21,0,1000.000,1.368200,0.678936
51120,2,0.125000,0.778341,25,0,1000.000,1.209120,0.680918
51120,3,0.125000,0.889431,22,0,1000.000,1.649926,0.673349
51120,4,0.125000,0.744961,16,0,1000.000,1.271164,0.659038
51120,5,0.125000,0.693989,17,0,1000.000,1.522543,0.660235
51120,6,0.125000,0.807686,23,0,1000.000,1.575915,0.669599
51120,7,0.125000,0.863090,27,0,1000.000,1.449950,0.674415
51168,0,0.125000,0.807668,23,0,1000.000,1.438025,0.661878
51168,1,0.125000,0.922340,31,0,1000.000,1.496783,0.674419
51168,2,0.125000,0.774987,26,0,1000.000,1.739184,0.673837
51168,3,0.125000,0.832325,36,0,1000.000,1.307373,0.675049
51168,4,0.125000,0.750107,37,0,1000.000,1.238100,0.666131
51168,5,0.125000,0.807184,24,0,1000.000,1.551328,0.670187
51168,6,0.125000,0.790250,32,0,1000.000,1.283036,0.661720
51168,7,0.125000,0.808888,34,1,996.853,1.362407,0.682013
51216,0,0.125000,0.728507,38,0,1000.000,1.259857,0.675139
51216,1,0.125000,0.730594,43,0,1000.000,1.307673,0.671049
51216,2,0.125000,0.798782,35,0,1000.000,1.298003,0.676768
51216,3,0.125000,0.778495,24,0,1000.000,1.300900,0.671069
51216,4,0.125000,0.782536,34,0,1000.000,1.266233,0.694534
51216,5,0.125000,0.812288,25,0,1000.000,1.549165,0.672626
51216,6,0.125000,0.798010,29,0,1000.000,1.461501,0.675655
51216,7,0.125000,0.820182,50,0,1000.000,1.388858,0.669214
51264,0,0.125000,0.769073,39,0,1000.000,1.605934,0.652471
51264,1,0.125000,0.795043,28,0,1000.000,1.386159,0.687732
51264,2,0.125000,0.837455,34,0,1000.000,1.617627,0.666341
51264,3,0.125000,0.861370,25,0,1000.000,1.580926,0.687252
51264,4,0.125000,0.814517,41,0,1000.000,1.509941,0.671502
51264,5,0.125000,0.859146,24,0,1000.000,1.951066,0.647201
51264,6,0.125000,0.714756,25,0,1000.000,1.109183,0.670200
51264,7,0.125000,0.801725,30,0,1000.000,1.462659,0.677939
51312,0,0.125000,0.882607,30,0,1000.000,1.334855,0.681648
51312,1,0.125000,0.802635,25,0,1000.000,1.486416,0.670520
51312,2,0.125000,0.799599,30,0,1000.000,1.558942,0.675011
51312,3,0.125000,0.895729,23,0,1000.000,1.525533,0.677995
51312,4,0.125000,0.801628,33,0,1000.000,1.452718,0.681995
51312,5,0.125000,0.770106,35,0,1000.000,1.521600,0.682901
51312,6,0.125000,0.841848,34,0,1000.000,1.449336,0.659016
51312,7,0.125000,0.827924,32,1,988.031,1.288175,0.687023
51360,0,0.125000,0.805242,28,0,1000.000,1.252584,0.677240
51360,1,0.125000,0.799986,28,0,1000.000,1.545132,0.685466
51360,2,0.125000,0.786156,34,0,1000.000,1.422715,0.674522
51360,3,0.125000,0.882291,38,0,1000.000,1.382456,0.686776
51360,4,0.125000,0.853694,23,0,1000.000,1.370255,0.679681
51360,5,0.125000,0.838830,39,0,1000.000,1.498609,0.672384
51360,6,0.125000,0.773033,36,0,1000.000,1.408619,0.677230
51360,7,0.125000,0.759784,34,0,1000.000,1.508963,0.663175
51408,0,0.125000,0.883157,16,0,1000.000,1.403100,0.681699
51408,1,0.125000,0.847964,26,0,1000.000,1.465991,0.666468
51408,2,0.125000,0.716431,19,0,1000.000,1.563174,0.663065
51408,3,0.125000,0.911038,22,0,1000.000,1.888253,0.670697
51408,4,0.125000,0.810425,27,0,1000.000,1.524804,0.661262
51408,5,0.125000,0.782575,29,0,1000.000,1.327461,0.691231
51408,6,0.125000,0.927141,18,0,1000.000,1.648818,0.674021
51408,7,0.125000,0.724616,23,0,1000.000,1.314777,0.654600
51456,0,0.125000,0.878255,32,0,1000.000,1.478629,0.677877
51456,1,0.125000,0.822794,26,0,1000.000,1.366224,0.672046
51456,2,0.125000,0.807682,28,0,1000.000,1.273882,0.683281
51456,3,0.125000,0.891392,39,0,1000.000,1.631282,0.670731
51456,4,0.125000,0.654331,24,0,1000.000,1.515133,0.678952
51456,5,0.125000,0.775834,21,0,1000.000,1.867601,0.663616
51456,6,0.125000,0.802360,31,0,1000.000,1.544788,0.667026
51456,7,0.125000,0.879549,15,0,1000.000,1.497724,0.672176
51504,0,0.125000,0.904286,33,0,1000.000,1.539195,0.663399
51504,1,0.125000,0.870254,35,0,1000.000,1.441657,0.674378
51504,2,0.125000,0.762583,38,0,1000.000,1.396410,0.671758
51504,3,0.125000,0.906854,24,0,1000.000,1.850298,0.669024
51504,4,0.125000,0.830151,42,0,1000.000,1.516525,0.669216
51504,5,0.125000,0.778945,33,0,1000.000,0.982246,0.679540
51504,6,0.125000,0.717067,28,0,1000.000,1.325197,0.666270
51504,7,0.125000,0.795364,27,0,1000.000,1.588928,0.669265
51552,0,0.125000,0.884260,21,0,1000.000,1.498420,0.678733
51552,1,0.125000,0.854079,23,0,1000.000,1.417338,0.678267
51552,2,0.125000,0.815813,18,0,1000.000,1.771821,0.659312
51552,3,0.125000,0.755393,23,0,1000.000,1.541229,0.658379
51552,4,0.125000,0.685363,23,0,1000.000,1.160510,0.667289
51552,5,0.125000,0.734867,15,0,1000.000,1.479586,0.656306
51552,6,0.125000,0.865188,24,0,1000.000,1.397014,0.683827
51552,7,0.125000,0.805597,20,1,964.750,1.146196,0.679010
51600,0,0.125000,0.772907,18,1,949.611,1.181461,0.669403
51600,1,0.125000,0.825768,14,0,1000.000,0.928651,0.685788
51600,2,0.125000,0.873448,18,0,1000.000,1.173767,0.664702
51600,3,0.125000,0.847682,20,0,1000.000,1.239808,0.668827
51600,4,0.125000,0.876959,16,0,1000.000,1.514321,0.669009
51600,5,0.125000,0.771677,23,0,1000.000,1.395635,0.683033
51600,6,0.125000,0.872593,23,1,990.739,1.562307,0.670442
51600,7,0.125000,0.831508,14,0,1000.000,1.866727,0.664846
51648,0,0.125000,0.791127,26,0,1000.000,1.366464,0.682363
51648,1,0.125000,0.719221,21,0,1000.000,1.068112,0.690467
51648,2,0.125000,0.889142,17,0,1000.000,1.329017,0.690305
51648,3,0.125000,0.802460,27,0,1000.000,1.748856,0.651628
51648,4,0.125000,0.794428,19,0,1000.000,1.306611,0.692266
51648,5,0.125000,0.859105,26,0,1000.000,1.391516,0.677846
51648,6,0.125000,0.780098,32,0,1000.000,1.944787,0.658086
51648,7,0.125000,0.793494,25,0,1000.000,1.846036,0.661778
51696,0,0.125000,0.901197,28,0,1000.000,1.511664,0.676803
51696,1,0.125000,0.832634,32,0,1000.000,1.510695,0.671363
51696,2,0.125000,0.892834,37,0,1000.000,1.219175,0.685355
51696,3,0.125000,0.724503,26,0,1000.000,1.282010,0.671878
51696,4,0.125000,0.834846,29,0,1000.000,1.526935,0.686123
51696,5,0.125000,0.786997,28,0,1000.000,1.643891,0.670957
51696,6,0.125000,0.650456,24,0,1000.000,1.476322,0.678898
51696,7,0.125000,0.916717,20,0,1000.000,1.695904,0.670820
51744,0,0.125000,0.764602,22,0,1000.000,1.314902,0.668812
51744,1,0.125000,0.773595,23,0,1000.000,1.372102,0.673999
51744,2,0.125000,0.774925,26,0,1000.000,1.626361,0.667126
51744,3,0.125000,0.836193,18,0,1000.000,1.368848,0.682404
51744,4,0.125000,0.876765,22,0,1000.000,1.618206,0.681098
51744,5,0.125000,0.922305,18,0,1000.000,1.806727,0.668348
51744,6,0.125000,0.826448,24,0,1000.000,1.755461,0.668649
51744,7,0.125000,0.690197,17,0,1000.000,2.004484,0.646425
51792,0,0.125000,0.900190,19,0,1000.000,1.295446,0.698390
51792,1,0.125000,0.809812,28,0,1000.000,2.056664,0.647778
51792,2,0.125000,0.712201,17,0,1000.000,1.276290,0.687193
51792,3,0.125000,0.931075,16,0,1000.000,1.573849,0.671874
51792,4,0.125000,0.768163,18,0,1000.000,1.193128,0.672171
51792,5,0.125000,0.815859,16,0,1000.000,1.643049,0.675016
51792,6,0.125000,0.935183,18,0,1000.000,1.832194,0.661826
51792,7,0.125000,0.890057,18,0,1000.000,1.430764,0.691749
51840,0,0.125000,0.838731,9,0,1000.000,1.011157,0.666274
51840,1,0.125000,0.952543,14,0,1000.000,1.322433,0.683613
51840,2,0.125000,0.839104,10,0,1000.000,1.495047,0.668872
51840,3,0.125000,0.882351,21,0,1000.000,1.595373,0.658212
51840,4,0.125000,0.754307,20,0,1000.000,1.362721,0.683604
51840,5,0.125000,0.865399,11,0,1000.000,1.314126,0.668665
51840,6,0.125000,0.885297,17,0,1000.000,1.580859,0.678044
51840,7,0.125000,0.811729,8,0,1000.000,1.300290,0.682883
51888,0,0.125000,0.835375,14,0,1000.000,1.955193,0.650841
51888,1,0.125000,0.748839,11,0,1000.000,1.552130,0.667926
51888,2,0.125000,0.756921,18,0,1000.000,1.579112,0.665869
51888,3,0.125000,0.811466,18,0,1000.000,1.493161,0.664541
51888,4,0.125000,0.883277,19,0,1000.000,1.431686,0.680816
51888,5,0.125000,0.708366,13,0,1000.000,1.371447,0.686341
51888,6,0.125000,0.700267,20,0,1000.000,1.417608,0.668860
51888,7,0.125000,0.879747,16,0,1000.000,1.141477,0.676492
51936,0,0.125000,0.923294,17,0,1000.000,1.452942,0.683562
51936,1,0.125000,0.876892,12,0,1000.000,1.128239,0.689825
51936,2,0.125000,0.929561,23,0,1000.000,1.457004,0.670589
51936,3,0.125000,0.784572,21,0,1000.000,1.858562,0.666002
51936,4,0.125000,0.865555,21,0,1000.000,1.640244,0.661840
51936,5,0.125000,0.840070,19,0,1000.000,1.226289,0.677710
51936,6,0.125000,0.799161,14,0,1000.000,1.405957,0.670149
51936,7,0.125000,0.733877,26,1,975.231,1.368104,0.657663
51984,0,0.125000,0.824921,31,0,1000.000,1.633711,0.674765
51984,1,0.125000,0.771951,24,0,1000.000,1.293826,0.683870
51984,2,0.125000,0.795057,27,0,1000.000,1.367195,0.693139
51984,3,0.125000,0.729282,20,0,1000.000,1.340822,0.686106
51984,4,0.125000,0.772841,23,0,1000.000,1.289767,0.677670
51984,5,0.125000,0.788766,26,0,1000.000,1.692619,0.672339
51984,6,0.125000,0.847327,20,0,1000.000,1.603499,0.648952
51984,7,0.125000,0.774934,30,1,968.567,1.279355,0.661635
52032,0,0.125000,0.782171,27,0,1000.000,1.409768,0.675444
52032,1,0.125000,0.757226,27,0,1000.000,1.656939,0.680121
52032,2,0.125000,0.798721,28,0,1000.000,1.326556,0.689094
52032,3,0.125000,0.892110,21,0,1000.000,1.409600,0.692283
52032,4,0.125000,0.837366,26,0,1000.000,1.544632,0.681941
52032,5,0.125000,0.833581,31,0,1000.000,1.709536,0.673225
52032,6,0.125000,0.852516,30,0,1000.000,1.708240,0.681256
52032,7,0.125000,0.809121,27,0,1000.000,1.681225,0.661375
52080,0,0.125000,0.890780,22,0,1000.000,1.473724,0.670867
52080,1,0.125000,0.853928,28,0,1000.000,1.432587,0.678039
52080,2,0.125000,0.885864,18,0,1000.000,1.229140,0.671442
52080,3,0.125000,0.866296,25,0,1000.000,1.864358,0.654870
52080,4,0.125000,0.911346,16,0,1000.000,1.875964,0.657381
52080,5,0.125000,0.792226,19,0,1000.000,1.463298,0.685130
52080,6,0.125000,0.670517,18,0,1000.000,1.257655,0.666040
52080,7,0.125000,0.687839,19,1,990.053,1.129850,0.672137
52128,0,0.125000,0.797301,27,0,1000.000,1.333588,0.682243
52128,1,0.125000,0.745886,14,0,1000.000,1.179362,0.680306
52128,2,0.125000,0.818462,24,0,1000.000,1.315627,0.685209
52128,3,0.125000,0.926401,21,0,1000.000,1.708537,0.680617
52128,4,0.125000,0.760089,20,0,1000.000,1.214461,0.694168
52128,5,0.125000,0.843991,20,0,1000.000,1.263253,0.695841
52128,6,0.125000,0.849135,33,0,1000.000,1.406976,0.678385
52128,7,0.125000,0.823916,24,1,962.958,1.509755,0.665917
52176,0,0.125000,0.776850,37,0,1000.000,1.360052,0.675133
52176,1,0.125000,0.822528,28,0,1000.000,1.619768,0.661615
52176,2,0.125000,0.858031,37,0,1000.000,1.451685,0.676925
52176,3,0.125000,0.870612,30,0,1000.000,1.438332,0.685662
52176,4,0.125000,0.809780,30,0,1000.000,1.605582,0.673835
52176,5,0.125000,0.864293,33,0,1000.000,1.584132,0.677708
52176,6,0.125000,0.716082,28,1,966.786,1.515549,0.657839
52176,7,0.125000,0.669981,31,0,1000.000,1.599155,0.662366
52224,0,0.125000,0.806999,36,0,1000.000,1.713860,0.659532
52224,1,0.125000,0.733192,29,0,1000.000,1.347611,0.674598
52224,2,0.125000,0.762557,34,0,1000.000,1.307472,0.684810
52224,3,0.125000,0.884570,32,0,1000.000,1.793101,0.656316
52224,4,0.125000,0.786628,34,0,1000.000,1.424741,0.670778
52224,5,0.125000,0.839688,45,0,1000.000,1.430524,0.669576
52224,6,0.125000,0.729064,34,0,1000.000,1.390544,0.683779
52224,7,0.125000,0.849196,34,2,977.118,1.429534,0.680040
52272,0,0.125000,0.879021,20,1,990.950,1.299408,0.671860
52272,1,0.125000,0.834078,27,0,1000.000,1.364051,0.686548
52272,2,0.125000,0.698434,39,0,1000.000,1.442524,0.672440
52272,3,0.125000,0.869535,31,0,1000.000,1.750159,0.658290
52272,4,0.125000,0.909273,30,0,1000.000,1.526379,0.684585
52272,5,0.125000,0.836112,32,0,1000.000,1.562857,0.682544
52272,6,0.125000,0.799679,27,0,1000.000,1.315783,0.687888
52272,7,0.125000,0.803499,34,0,1000.000,1.559156,0.667918
52320,0,0.125000,0.709092,26,0,1000.000,1.342905,0.666674
52320,1,0.125000,0.794708,38,1,975.421,1.419089,0.667113
52320,2,0.125000,0.874118,34,0,1000.000,1.630053,0.685841
52320,3,0.125000,0.762399,22,0,1000.000,1.472316,0.685900
52320,4,0.125000,0.837426,28,0,1000.000,1.337813,0.699074
52320,5,0.125000,0.865735,32,0,1000.000,1.535999,0.675587
52320,6,0.125000,0.783245,34,0,1000.000,1.376707,0.674590
52320,7,0.125000,0.797456,34,0,1000.000,1.735256,0.668233
52368,0,0.125000,0.786034,33,1,976.303,1.445131,0.680228
52368,1,0.125000,0.852074,35,0,1000.000,1.354384,0.676737
52368,2,0.125000,0.790704,33,0,1000.000,1.700821,0.658088
52368,3,0.125000,0.886846,32,0,1000.000,1.201571,0.685223
52368,4,0.125000,0.681084,36,0,1000.000,1.187647,0.693468
52368,5,0.125000,0.840110,28,0,1000.000,1.265347,0.684211
52368,6,0.125000,0.809394,23,0,1000.000,1.386881,0.685059
52368,7,0.125000,0.716375,37,1,998.324,1.536612,0.664925
52416,0,0.125000,0.794812,26,0,1000.000,1.211296,0.663626
52416,1,0.125000,0.812099,17,0,1000.000,1.317621,0.674227
52416,2,0.125000,0.801025,14,0,1000.000,1.358906,0.684820
52416,3,0.125000,0.831130,21,0,1000.000,1.556886,0.674065
52416,4,0.125000,0.708375,25,0,1000.000,1.611415,0.648586
52416,5,0.125000,0.813300,21,0,1000.000,1.119492,0.673585
52416,6,0.125000,0.792468,20,0,1000.000,1.603021,0.669602
52416,7,0.125000,0.890258,24,0,1000.000,1.692065,0.656823
52464,0,0.125000,0.775738,31,0,1000.000,1.322398,0.672960
52464,1,0.125000,0.900119,30,0,1000.000,1.608768,0.683042
52464,2,0.125000,0.745097,25,0,1000.000,1.334145,0.684581
52464,3,0.125000,0.823471,28,0,1000.000,1.592759,0.684282
52464,4,0.125000,0.699236,23,0,1000.000,1.071298,0.686643
52464,5,0.125000,0.858158,32,0,1000.000,1.380124,0.685972
52464,6,0.125000,0.843216,30,0,1000.000,1.220171,0.685518
52464,7,0.125000,0.761196,34,0,1000.000,1.462668,0.683400
52512,0,0.125000,0.825566,33,0,1000.000,1.271921,0.682779
52512,1,0.125000,0.834643,20,0,1000.000,1.528653,0.673084
52512,2,0.125000,0.788596,33,0,1000.000,1.368314,0.680974
52512,3,0.125000,0.784810,32,0,1000.000,1.223215,0.664118
52512,4,0.125000,0.752404,35,0,1000.000,1.626094,0.665551
52512,5,0.125000,0.852476,30,0,1000.000,1.307799,0.689277
52512,6,0.125000,0.766300,37,0,1000.000,1.259825,0.675824
52512,7,0.125000,0.806498,31,1,986.226,1.504151,0.670206
52560,0,0.125000,0.771374,28,1,986.000,1.271096,0.674339
52560,1,0.125000,0.822969,15,0,1000.000,1.943830,0.651613
52560,2,0.125000,0.755057,21,0,1000.000,1.451989,0.675131
52560,3,0.125000,0.884041,17,0,1000.000,1.316002,0.667583
52560,4,0.125000,0.870961,18,0,1000.000,1.720203,0.677156
52560,5,0.125000,0.874225,17,0,1000.000,1.428412,0.674701
52560,6,0.125000,0.562654,21,0,1000.000,1.342656,0.669282
52560,7,0.125000,0.805300,23,0,1000.000,1.288435,0.680416
52608,0,0.125000,0.825801,19,0,1000.000,1.391652,0.675798
52608,1,0.125000,0.876273,14,0,1000.000,1.408511,0.668096
52608,2,0.125000,0.924183,17,0,1000.000,1.718113,0.672026
52608,3,0.125000,0.859337,20,0,1000.000,1.885405,0.655696
52608,4,0.125000,0.847962,20,0,1000.000,1.334154,0.685955
52608,5,0.125000,0.865712,20,0,1000.000,1.023213,0.712743
52608,6,0.125000,0.760909,21,0,1000.000,1.176042,0.681353
52608,7,0.125000,0.876806,20,0,1000.000,1.432956,0.678445
52656,0,0.125000,0.738861,27,0,1000.000,1.304942,0.665455
52656,1,0.125000,0.888282,32,0,1000.000,1.706271,0.669302
52656,2,0.125000,0.854503,21,0,1000.000,1.417298,0.685472
52656,3,0.125000,0.901046,20,0,1000.000,1.378571,0.673519
52656,4,0.125000,0.834516,16,0,1000.000,1.310864,0.703938
52656,5,0.125000,0.781761,29,0,1000.000,1.563563,0.671725
52656,6,0.125000,0.724883,28,0,1000.000,1.446385,0.693401
52656,7,0.125000,0.926581,26,0,1000.000,1.781104,0.669794
52704,0,0.125000,0.845424,35,0,1000.000,1.498495,0.672165
52704,1,0.125000,0.738092,36,0,1000.000,1.564109,0.670550
52704,2,0.125000,0.785946,38,0,1000.000,1.441853,0.679393
52704,3,0.125000,0.837841,26,0,1000.000,1.716817,0.665973
52704,4,0.125000,0.812716,22,0,1000.000,1.354840,0.692083
52704,5,0.125000,0.841498,20,0,1000.000,1.438112,0.671498
52704,6,0.125000,0.813822,27,0,1000.000,1.653822,0.662252
52704,7,0.125000,0.811204,25,0,1000.000,1.540775,0.685180
52752,0,0.125000,0.807311,27,0,1000.000,1.726427,0.661734
52752,1,0.125000,0.606585,12,0,1000.000,1.439464,0.663958
52752,2,0.125000,0.712179,18,0,1000.000,1.528810,0.685200
52752,3,0.125000,0.824742,29,0,1000.000,1.602457,0.663685
52752,4,0.125000,0.943728,17,0,1000.000,1.611932,0.681059
52752,5,0.125000,0.920548,17,0,1000.000,1.630640,0.674386
52752,6,0.125000,0.738249,15,0,1000.000,1.553161,0.674082
52752,7,0.125000,0.769496,18,0,1000.000,1.246991,0.676617
52800,0,0.125000,0.807182,22,1,997.455,1.257262,0.673593
52800,1,0.125000,0.852224,12,0,1000.000,1.384949,0.684601
52800,2,0.125000,0.821656,23,0,1000.000,1.759749,0.663574
52800,3,0.125000,0.849547,12,0,1000.000,1.486455,0.659281
52800,4,0.125000,0.669823,18,0,1000.000,1.292902,0.688052
52800,5,0.125000,0.818419,20,0,1000.000,1.759198,0.667630
52800,6,0.125000,0.842548,20,0,1000.000,1.546314,0.668389
52800,7,0.125000,0.858253,18,0,1000.000,1.672593,0.673661
52848,0,0.125000,0.857114,12,0,1000.000,1.204229,0.670613
52848,1,0.125000,0.791478,14,0,1000.000,1.586582,0.667863
52848,2,0.125000,0.928819,17,0,1000.000,1.361667,0.696936
52848,3,0.125000,0.832848,11,0,1000.000,2.041295,0.668768
52848,4,0.125000,0.752920,14,0,1000.000,0.941379,0.688758
52848,5,0.125000,0.922601,8,0,1000.000,2.068863,0.666038
52848,6,0.125000,0.691597,16,0,1000.000,1.332722,0.673102
52848,7,0.125000,0.960457,13,0,1000.000,1.152591,0.697448
52896,0,0.125000,0.824739,20,0,1000.000,1.845876,0.655133
52896,1,0.125000,0.745153,14,0,1000.000,1.277707,0.685138
52896,2,0.125000,0.878384,15,0,1000.000,1.253295,0.686330
52896,3,0.125000,0.844296,14,0,1000.000,1.713344,0.676083
52896,4,0.125000,0.754099,15,0,1000.000,1.268653,0.685548
52896,5,0.125000,0.814818,21,0,1000.000,1.774723,0.652442
52896,6,0.125000,0.796999,23,0,1000.000,1.575091,0.670830
52896,7,0.125000,0.833604,20,0,1000.000,1.358577,0.681891
52944,0,0.125000,0.801993,25,2,940.280,1.346628,0.660419
52944,1,0.125000,0.794854,12,0,1000.000,1.045616,0.686479
52944,2,0.125000,0.860941,23,0,1000.000,1.335277,0.698703
52944,3,0.125000,0.800172,18,0,1000.000,1.021355,0.696631
52944,4,0.125000,0.756634,17,0,1000.000,1.281571,0.660260
52944,5,0.125000,0.742444,15,0,1000.000,1.372081,0.668346
52944,6,0.125000,0.778053,20,0,1000.000,1.624963,0.677990
52944,7,0.125000,0.778852,20,1,988.700,1.525948,0.663327
52992,0,0.125000,0.831930,32,0,1000.000,1.691407,0.663202
52992,1,0.125000,0.742223,27,0,1000.000,1.115784,0.688803
52992,2,0.125000,0.853295,24,0,1000.000,1.427451,0.687029
52992,3,0.125000,0.905369,28,0,1000.000,1.455825,0.680674
52992,4,0.125000,0.811765,31,0,1000.000,1.396454,0.686565
52992,5,0.125000,0.792946,24,0,1000.000,1.673907,0.666214
52992,6,0.125000,0.762072,22,0,1000.000,1.471340,0.670308
52992,7,0.125000,0.866987,28,2,968.464,1.602234,0.675409
53040,0,0.125000,0.785236,30,0,1000.000,1.591393,0.660321
53040,1,0.125000,0.740325,21,0,1000.000,1.613789,0.671722
53040,2,0.125000,0.706748,22,0,1000.000,1.437344,0.672991
53040,3,0.125000,0.774083,28,0,1000.000,1.374590,0.687914
53040,4,0.125000,0.841487,30,0,1000.000,1.355391,0.683444
53040,5,0.125000,0.869750,24,0,1000.000,1.436715,0.703622
53040,6,0.125000,0.835130,24,0,1000.000,1.488879,0.678076
53040,7,0.125000,0.911250,24,0,1000.000,1.314849,0.703041
53088,0,0.125000,0.798288,24,0,1000.000,1.636923,0.668428
53088,1,0.125000,0.804676,29,0,1000.000,1.308540,0.673461
53088,2,0.125000,0.829655,30,0,1000.000,1.625184,0.672456
53088,3,0.125000,0.737317,19,0,1000.000,1.381496,0.688029
53088,4,0.125000,0.769246,12,0,1000.000,1.485472,0.650674
53088,5,0.125000,0.768631,14,0,1000.000,1.745681,0.663079
53088,6,0.125000,0.845495,27,0,1000.000,1.742887,0.673405
53088,7,0.125000,0.803682,17,0,1000.000,1.639402,0.648775
53136,0,0.125000,0.842128,28,0,1000.000,1.300436,0.680176
53136,1,0.125000,0.692955,21,0,1000.000,1.418130,0.666771
53136,2,0.125000,0.896607,27,0,1000.000,1.385480,0.680525
53136,3,0.125000,0.832128,19,0,1000.000,1.522099,0.692264
53136,4,0.125000,0.805231,14,0,1000.000,1.456722,0.691661
53136,5,0.125000,0.778631,37,0,1000.000,1.491713,0.677465
53136,6,0.125000,0.740427,23,0,1000.000,1.523886,0.661241
53136,7,0.125000,0.819911,23,0,1000.000,1.283350,0.688223
53184,0,0.125000,0.831865,29,1,993.897,1.361408,0.663959
53184,1,0.125000,0.779373,36,0,1000.000,1.635658,0.665746
53184,2,0.125000,0.898383,29,0,1000.000,1.612295,0.669615
53184,3,0.125000,0.858013,25,0,1000.000,1.337162,0.671930
53184,4,0.125000,0.805455,28,0,1000.000,1.458788,0.693882
53184,5,0.125000,0.794376,48,0,1000.000,1.576736,0.668663
53184,6,0.125000,0.817620,35,0,1000.000,1.489923,0.673928
53184,7,0.125000,0.827434,30,0,1000.000,1.469215,0.669916
53232,0,0.125000,0.791451,36,0,1000.000,1.448500,0.664171
53232,1,0.125000,0.884055,33,0,1000.000,1.732960,0.659085
53232,2,0.125000,0.763639,46,0,1000.000,1.391344,0.680552
53232,3,0.125000,0.759677,32,0,1000.000,1.554103,0.658485
53232,4,0.125000,0.756954,34,0,1000.000,1.601168,0.667222
53232,5,0.125000,0.754235,28,0,1000.000,1.542108,0.669300
53232,6,0.125000,0.755667,32,0,1000.000,1.497581,0.664259
53232,7,0.125000,0.847431,22,0,1000.000,1.355589,0.673107
53280,0,0.125000,0.761523,30,0,1000.000,1.005316,0.673539
53280,1,0.125000,0.933257,31,0,1000.000,1.442649,0.671213
53280,2,0.125000,0.703478,34,0,1000.000,1.344545,0.668540
53280,3,0.125000,0.693939,25,0,1000.000,1.300094,0.681459
53280,4,0.125000,0.886258,27,0,1000.000,1.698424,0.664007
53280,5,0.125000,0.869298,34,0,1000.000,1.825928,0.675800
53280,6,0.125000,0.880018,29,0,1000.000,1.819476,0.669411
53280,7,0.125000,0.756545,31,0,1000.000,1.506883,0.668166
53328,0,0.125000,0.758734,41,0,1000.000,1.480500,0.673867
53328,1,0.125000,0.798299,35,0,1000.000,1.296982,0.669457
53328,2,0.125000,0.843607,39,0,1000.000,1.535200,0.671470
53328,3,0.125000,0.827814,29,0,1000.000,1.578069,0.681574
53328,4,0.125000,0.836938,29,0,1000.000,1.555313,0.677604
53328,5,0.125000,0.882420,26,0,1000.000,1.425685,0.681487
53328,6,0.125000,0.800653,31,0,1000.000,1.370835,0.660591
53328,7,0.125000,0.847677,22,0,1000.000,1.512027,0.672206
53376,0,0.125000,0.836779,25,0,1000.000,1.761051,0.668781
53376,1,0.125000,0.882256,33,0,1000.000,1.797243,0.659267
53376,2,0.125000,0.728329,33,0,1000.000,1.380541,0.672026
53376,3,0.125000,0.853327,36,0,1000.000,1.410269,0.669437
53376,4,0.125000,0.845355,27,0,1000.000,1.678239,0.668959
53376,5,0.125000,0.836466,26,0,1000.000,1.458959,0.683508
53376,6,0.125000,0.748412,27,0,1000.000,1.558927,0.660592
53376,7,0.125000,0.731193,33,0,1000.000,1.262175,0.670284
53424,0,0.125000,0.829207,15,0,1000.000,1.026454,0.678913
53424,1,0.125000,0.715511,22,1,956.682,1.018792,0.653077
53424,2,0.125000,0.916394,18,0,1000.000,1.862548,0.653533
53424,3,0.125000,0.881602,20,0,1000.000,1.621139,0.662512
53424,4,0.125000,0.801532,24,0,1000.000,1.394079,0.668996
53424,5,0.125000,0.816623,22,0,1000.000,1.265682,0.691940
53424,6,0.125000,0.816951,26,0,1000.000,1.443874,0.668067
53424,7,0.125000,0.786133,29,0,1000.000,1.157186,0.677150
53472,0,0.125000,0.837989,37,0,1000.000,1.603173,0.670229
53472,1,0.125000,0.767887,26,0,1000.000,1.576051,0.671985
53472,2,0.125000,0.664136,27,0,1000.000,1.173427,0.683984
53472,3,0.125000,0.884186,34,0,1000.000,1.488356,0.672967
53472,4,0.125000,0.864083,31,0,1000.000,1.639807,0.674208
53472,5,0.125000,0.846045,29,0,1000.000,1.516146,0.690455
53472,6,0.125000,0.788861,30,0,1000.000,1.300181,0.670296
53472,7,0.125000,0.849465,35,0,1000.000,1.519720,0.677665
53520,0,0.125000,0.784495,25,0,1000.000,1.307924,0.655655
53520,1,0.125000,0.789275,25,0,1000.000,1.227403,0.680716
53520,2,0.125000,0.876078,33,0,1000.000,1.330191,0.680309
53520,3,0.125000,0.816762,26,0,1000.000,1.498504,0.674123
53520,4,0.125000,0.878214,33,0,1000.000,1.529932,0.681225
53520,5,0.125000,0.860666,24,0,1000.000,1.542698,0.682040
53520,6,0.125000,0.768718,32,0,1000.000,1.463061,0.665271
53520,7,0.125000,0.705418,29,1,978.690,1.366772,0.668696
53568,0,0.125000,0.753295,24,0,1000.000,1.849094,0.661273
53568,1,0.125000,0.795020,22,0,1000.000,1.435137,0.666007
53568,2,0.125000,0.791733,21,0,1000.000,1.480677,0.677328
53568,3,0.125000,0.838630,21,0,1000.000,1.634911,0.662788
53568,4,0.125000,0.848864,14,0,1000.000,1.833733,0.671281
53568,5,0.125000,0.844746,23,0,1000.000,1.687224,0.668629
53568,6,0.125000,0.892669,19,0,1000.000,1.441171,0.688228
53568,7,0.125000,0.845774,17,0,1000.000,1.787928,0.657733
53616,0,0.125000,0.692213,19,0,1000.000,1.216160,0.675223
53616,1,0.125000,0.777413,18,0,1000.000,1.220122,0.660556
53616,2,0.125000,0.871694,21,0,1000.000,1.626906,0.672718
53616,3,0.125000,0.762870,16,0,1000.000,1.215563,0.692597
53616,4,0.125000,0.846015,11,0,1000.000,1.837944,0.679945
53616,5,0.125000,0.831547,21,0,1000.000,1.698725,0.659872
53616,6,0.125000,0.786853,24,0,1000.000,1.322833,0.680452
53616,7,0.125000,0.832717,19,1,969.526,1.319604,0.666183
53664,0,0.125000,0.861842,31,0,1000.000,1.517253,0.673166
53664,1,0.125000,0.817322,29,0,1000.000,1.586314,0.653726
53664,2,0.125000,0.797803,22,0,1000.000,1.422731,0.665918
53664,3,0.125000,0.847292,32,0,1000.000,1.406229,0.669245
53664,4,0.125000,0.848485,33,0,1000.000,1.545236,0.671789
53664,5,0.125000,0.794669,27,0,1000.000,1.388219,0.676257
53664,6,0.125000,0.872059,12,0,1000.000,1.418205,0.695014
53664,7,0.125000,0.865066,25,0,1000.000,1.879056,0.662213
53712,0,0.125000,0.814237,30,0,1000.000,1.461621,0.682661
53712,1,0.125000,0.798397,22,0,1000.000,1.441121,0.673993
53712,2,0.125000,0.809739,33,0,1000.000,1.783766,0.671072
53712,3,0.125000,0.772769,30,0,1000.000,1.431279,0.675018
53712,4,0.125000,0.834748,23,0,1000.000,1.647097,0.668142
53712,5,0.125000,0.859301,25,0,1000.000,1.578365,0.674284
53712,6,0.125000,0.826386,31,0,1000.000,1.655461,0.660584
53712,7,0.125000,0.756280,33,0,1000.000,1.327589,0.667775
53760,0,0.125000,0.878124,21,0,1000.000,1.549713,0.674317
53760,1,0.125000,0.778127,18,0,1000.000,1.242610,0.676941
53760,2,0.125000,0.631483,23,0,1000.000,1.406663,0.653689
53760,3,0.125000,0.759585,11,0,1000.000,1.381199,0.679239
53760,4,0.125000,0.714042,16,0,1000.000,1.159153,0.674897
53760,5,0.125000,0.852718,22,0,1000.000,1.473971,0.681471
53760,6,0.125000,0.868187,19,0,1000.000,1.821200,0.659206
53760,7,0.125000,0.806510,16,0,1000.000,1.410972,0.656719
53808,0,0.125000,0.872823,16,0,1000.000,1.285566,0.676072
53808,1,0.125000,0.863186,10,0,1000.000,1.939423,0.621364
53808,2,0.125000,0.714747,14,0,1000.000,1.509209,0.669819
53808,3,0.125000,0.814578,16,0,1000.000,1.339553,0.682743
53808,4,0.125000,0.830673,26,0,1000.000,1.346008,0.672503
53808,5,0.125000,0.805825,15,0,1000.000,1.559095,0.675731
53808,6,0.125000,0.649819,14,0,1000.000,1.403928,0.663099
53808,7,0.125000,0.876913,21,0,1000.000,1.597917,0.666295
53856,0,0.125000,0.820337,18,0,1000.000,1.386158,0.667171
53856,1,0.125000,0.930840,12,0,1000.000,1.354132,0.696126
53856,2,0.125000,0.951968,11,0,1000.000,1.117024,0.686367
53856,3,0.125000,0.926285,11,0,1000.000,1.462576,0.678408
53856,4,0.125000,0.901619,6,0,1000.000,2.396859,0.660213
53856,5,0.125000,0.715898,13,0,1000.000,1.264142,0.687281
53856,6,0.125000,0.837535,14,0,1000.000,1.519562,0.662384
53856,7,0.125000,0.951337,16,0,1000.000,1.182523,0.675544
53904,0,0.125000,0.818599,19,0,1000.000,1.604539,0.671970
53904,1,0.125000,0.856283,14,0,1000.000,1.595770,0.679141
53904,2,0.125000,0.822051,26,0,1000.000,1.875798,0.665459
53904,3,0.125000,0.826401,18,0,1000.000,1.363135,0.678840
53904,4,0.125000,0.760099,22,0,1000.000,1.369536,0.671798
53904,5,0.125000,0.881441,21,0,1000.000,1.509669,0.672729
53904,6,0.125000,0.907862,13,0,1000.000,1.856513,0.652017
53904,7,0.125000,0.753132,20,0,1000.000,1.373031,0.679961
53952,0,0.125000,0.693335,20,0,1000.000,1.231713,0.676816
53952,1,0.125000,0.753669,17,0,1000.000,1.452890,0.658481
53952,2,0.125000,0.796362,14,0,1000.000,1.224608,0.661234
53952,3,0.125000,0.784861,27,0,1000.000,1.361068,0.682292
53952,4,0.125000,0.804356,16,0,1000.000,1.431486,0.669530
53952,5,0.125000,0.886563,25,0,1000.000,1.667872,0.671524
53952,6,0.125000,0.699917,21,0,1000.000,1.464252,0.688333
53952,7,0.125000,0.774782,30,0,1000.000,1.313870,0.670226
54000,0,0.125000,0.877664,23,0,1000.000,1.692995,0.659277
54000,1,0.125000,0.742504,26,0,1000.000,1.110550,0.666513
54000,2,0.125000,0.750297,32,0,1000.000,1.553987,0.678975
54000,3,0.125000,0.927126,19,0,1000.000,1.713113,0.675862
54000,4,0.125000,0.774156,24,0,1000.000,1.501461,0.669617
54000,5,0.125000,0.773753,30,0,1000.000,1.438071,0.679343
54000,6,0.125000,0.815953,23,0,1000.000,1.647805,0.663162
54000,7,0.125000,0.717820,25,1,999.520,1.522000,0.671234
54048,0,0.125000,0.708460,29,0,1000.000,1.373100,0.683936
54048,1,0.125000,0.830601,19,0,1000.000,1.497315,0.669822
54048,2,0.125000,0.849318,23,0,1000.000,1.467045,0.689664
54048,3,0.125000,0.854653,26,0,1000.000,1.674172,0.668133
54048,4,0.125000,0.756193,29,0,1000.000,1.425330,0.664129
54048,5,0.125000,0.857422,24,0,1000.000,1.686685,0.675200
54048,6,0.125000,0.784990,21,0,1000.000,1.375923,0.679352
54048,7,0.125000,0.860067,28,0,1000.000,1.602609,0.680960
54096,0,0.125000,0.799939,28,0,1000.000,1.517379,0.670297
54096,1,0.125000,0.811485,19,0,1000.000,1.454694,0.665613
54096,2,0.125000,0.861879,16,0,1000.000,1.744095,0.665861
54096,3,0.125000,0.731477,22,0,1000.000,1.180453,0.679026
54096,4,0.125000,0.764840,17,0,1000.000,1.584188,0.685660
54096,5,0.125000,0.773687,19,0,1000.000,1.493146,0.670836
54096,6,0.125000,0.839917,13,0,1000.000,1.595186,0.672224
54096,7,0.125000,0.890330,33,0,1000.000,1.403976,0.675889
54144,0,0.125000,0.813591,23,0,1000.000,1.387883,0.670921
54144,1,0.125000,0.849405,36,0,1000.000,1.597770,0.684336
54144,2,0.125000,0.698467,23,0,1000.000,1.711435,0.661713
54144,3,0.125000,0.836143,26,0,1000.000,1.728223,0.679303
54144,4,0.125000,0.751280,25,0,1000.000,1.316157,0.688210
54144,5,0.125000,0.803685,31,0,1000.000,1.468640,0.681994
54144,6,0.125000,0.754674,30,0,1000.000,1.280377,0.678369
54144,7,0.125000,0.823097,18,0,1000.000,1.664564,0.668768
54192,0,0.125000,0.816593,31,0,1000.000,1.473048,0.685220
54192,1,0.125000,0.747773,34,0,1000.000,1.521219,0.663192
54192,2,0.125000,0.855731,40,0,1000.000,1.853703,0.667515
54192,3,0.125000,0.759251,32,0,1000.000,1.723476,0.665433
54192,4,0.125000,0.822210,34,0,1000.000,1.521500,0.690927
54192,5,0.125000,0.881214,32,0,1000.000,1.501421,0.673829
54192,6,0.125000,0.774892,28,0,1000.000,1.199516,0.681250
54192,7,0.125000,0.862344,29,0,1000.000,1.476567,0.673335
54240,0,0.125000,0.815836,44,0,1000.000,1.582154,0.655613
54240,1,0.125000,0.760897,39,0,1000.000,1.532414,0.668867
54240,2,0.125000,0.817930,32,0,1000.000,1.505528,0.678738
54240,3,0.125000,0.847870,31,0,1000.000,1.580589,0.661190
54240,4,0.125000,0.755130,29,0,1000.000,1.452478,0.676656
54240,5,0.125000,0.815342,33,0,1000.000,1.566604,0.681711
54240,6,0.125000,0.849223,31,0,1000.000,1.459762,0.680939
54240,7,0.125000,0.757097,30,0,1000.000,1.728979,0.665686
54288,0,0.125000,0.846987,37,0,1000.000,1.623852,0.672801
54288,1,0.125000,0.761564,28,0,1000.000,1.477321,0.659636
54288,2,0.125000,0.745305,43,0,1000.000,1.504664,0.679348
54288,3,0.125000,0.825474,13,0,1000.000,2.121431,0.658740
54288,4,0.125000,0.828982,39,0,1000.000,1.394421,0.669789
54288,5,0.125000,0.814776,28,0,1000.000,1.319219,0.691306
54288,6,0.125000,0.914019,23,0,1000.000,1.776805,0.665436
54288,7,0.125000,0.776176,26,0,1000.000,1.565434,0.672197
54336,0,0.125000,0.889173,35,0,1000.000,1.351342,0.683947
54336,1,0.125000,0.790820,35,0,1000.000,1.506447,0.671309
54336,2,0.125000,0.775509,29,0,1000.000,1.216682,0.681241
54336,3,0.125000,0.806125,29,0,1000.000,1.658848,0.672792
54336,4,0.125000,0.839508,39,0,1000.000,1.635040,0.674467
54336,5,0.125000,0.861248,28,1,986.179,1.523978,0.683830
54336,6,0.125000,0.824364,30,1,982.600,1.422303,0.656725
54336,7,0.125000,0.730807,35,1,974.600,1.600895,0.654529
54384,0,0.125000,0.832188,29,0,1000.000,1.621158,0.664827
54384,1,0.125000,0.809195,31,0,1000.000,1.404729,0.681728
54384,2,0.125000,0.829422,21,0,1000.000,1.598936,0.677292
54384,3,0.125000,0.815612,23,0,1000.000,1.234611,0.677037
54384,4,0.125000,0.820479,30,0,1000.000,1.273391,0.685681
54384,5,0.125000,0.795929,32,0,1000.000,1.666680,0.665570
54384,6,0.125000,0.853326,24,0,1000.000,1.366085,0.673734
54384,7,0.125000,0.880914,35,1,985.486,1.598949,0.669229
54432,0,0.125000,0.851503,22,0,1000.000,1.431510,0.657467
54432,1,0.125000,0.769733,25,0,1000.000,1.512345,0.671031
54432,2,0.125000,0.897093,19,0,1000.000,1.398731,0.681517
54432,3,0.125000,0.763175,20,0,1000.000,1.156671,0.690737
54432,4,0.125000,0.825151,10,0,1000.000,1.715617,0.664788
54432,5,0.125000,0.716634,28,0,1000.000,1.563784,0.660073
54432,6,0.125000,0.863152,33,0,1000.000,1.800033,0.666988
54432,7,0.125000,0.902081,22,0,1000.000,1.307199,0.679012
54480,0,0.125000,0.870448,37,0,1000.000,1.527315,0.673812
54480,1,0.125000,0.917220,29,0,1000.000,1.303839,0.682037
54480,2,0.125000,0.752923,24,0,1000.000,1.143328,0.691469
54480,3,0.125000,0.865955,33,0,1000.000,1.510375,0.675433
54480,4,0.125000,0.857575,38,0,1000.000,1.519509,0.676211
54480,5,0.125000,0.714826,35,0,1000.000,1.403299,0.676819
54480,6,0.125000,0.808960,35,0,1000.000,1.570217,0.659404
54480,7,0.125000,0.810256,28,0,1000.000,1.179222,0.684045
54528,0,0.125000,0.838945,19,0,1000.000,1.455496,0.678419
54528,1,0.125000,0.877478,17,0,1000.000,1.628279,0.691719
54528,2,0.125000,0.725986,27,0,1000.000,1.318661,0.671292
54528,3,0.125000,0.803541,23,0,1000.000,1.535254,0.675403
54528,4,0.125000,0.868739,32,0,1000.000,1.664837,0.657606
54528,5,0.125000,0.793651,32,0,1000.000,1.734223,0.663818
54528,6,0.125000,0.772881,26,0,1000.000,1.609920,0.669058
54528,7,0.125000,0.807715,34,0,1000.000,1.710619,0.665191
54576,0,0.125000,0.628497,15,0,1000.000,1.758731,0.642261
54576,1,0.125000,0.842218,20,0,1000.000,1.401840,0.673579
54576,2,0.125000,0.786633,17,0,1000.000,1.089778,0.667378
54576,3,0.125000,0.879060,15,0,1000.000,1.609712,0.678687
54576,4,0.125000,0.739651,15,0,1000.000,1.719513,0.653534
54576,5,0.125000,0.886218,24,0,1000.000,1.631487,0.678102
54576,6,0.125000,0.798074,27,0,1000.000,1.236289,0.667441
54576,7,0.125000,0.805719,25,1,979.320,1.519134,0.668282
54624,0,0.125000,0.837872,21,0,1000.000,1.474867,0.674990
54624,1,0.125000,0.816532,24,0,1000.000,1.376487,0.668015
54624,2,0.125000,0.718115,18,0,1000.000,1.482749,0.659542
54624,3,0.125000,0.890378,19,0,1000.000,1.525626,0.681359
54624,4,0.125000,0.745580,16,0,1000.000,1.662750,0.660857
54624,5,0.125000,0.862053,16,0,1000.000,1.652195,0.651385
54624,6,0.125000,0.721264,18,0,1000.000,1.594725,0.675270
54624,7,0.125000,0.780117,18,0,1000.000,1.082721,0.684000
54672,0,0.125000,0.891512,22,0,1000.000,1.420500,0.665824
54672,1,0.125000,0.836700,33,0,1000.000,1.427272,0.672137
54672,2,0.125000,0.762356,24,0,1000.000,1.766968,0.659694
54672,3,0.125000,0.811939,34,0,1000.000,1.668674,0.669072
54672,4,0.125000,0.727087,36,0,1000.000,1.331467,0.681213
54672,5,0.125000,0.838683,27,0,1000.000,1.530896,0.682805
54672,6,0.125000,0.745963,23,0,1000.000,1.549108,0.666959
54672,7,0.125000,0.845080,29,0,1000.000,1.286634,0.697947
54720,0,0.125000,0.929750,28,0,1000.000,1.505869,0.677250
54720,1,0.125000,0.823342,23,0,1000.000,1.884819,0.662139
54720,2,0.125000,0.841611,22,0,1000.000,1.444621,0.667704
54720,3,0.125000,0.816511,30,0,1000.000,1.308035,0.670282
54720,4,0.125000,0.750214,21,0,1000.000,1.488899,0.664705
54720,5,0.125000,0.755465,27,0,1000.000,1.509304,0.670644
54720,6,0.125000,0.863499,18,0,1000.000,1.764063,0.665191
54720,7,0.125000,0.760383,30,0,1000.000,1.494054,0.665473
54768,0,0.125000,0.834629,22,1,960.273,1.420781,0.657067
54768,1,0.125000,0.900155,17,0,1000.000,1.967206,0.650996
54768,2,0.125000,0.801313,22,0,1000.000,1.440018,0.665650
54768,3,0.125000,0.804960,26,0,1000.000,1.039557,0.689397
54768,4,0.125000,0.877374,19,0,1000.000,1.726538,0.668209
54768,5,0.125000,0.942198,20,0,1000.000,1.618976,0.689145
54768,6,0.125000,0.554702,10,0,1000.000,1.143395,0.668890
54768,7,0.125000,0.763194,19,1,961.368,1.689715,0.657075
54816,0,0.125000,0.782318,12,0,1000.000,1.294346,0.680608
54816,1,0.125000,0.829182,17,0,1000.000,1.497311,0.677711
54816,2,0.125000,0.871707,18,0,1000.000,1.563556,0.668695
54816,3,0.125000,0.836173,19,0,1000.000,1.303286,0.678090
54816,4,0.125000,0.711702,12,0,1000.000,1.038766,0.660719
54816,5,0.125000,0.887244,18,0,1000.000,1.633333,0.681967
54816,6,0.125000,0.831469,13,0,1000.000,1.902843,0.661541
54816,7,0.125000,0.831768,21,0,1000.000,1.544403,0.674518
54864,0,0.125000,0.633603,10,0,1000.000,1.420830,0.647276
54864,1,0.125000,0.815084,7,0,1000.000,1.152674,0.661260
54864,2,0.125000,0.806839,9,0,1000.000,1.520464,0.676953
54864,3,0.125000,0.946187,15,0,1000.000,1.569182,0.677033
54864,4,0.125000,0.742556,17,0,1000.000,1.611664,0.676722
54864,5,0.125000,0.773128,11,0,1000.000,1.332783,0.666260
54864,6,0.125000,0.934663,18,0,1000.000,1.595970,0.680503
54864,7,0.125000,0.852778,12,0,1000.000,1.546818,0.680722
54912,0,0.125000,0.715867,22,0,1000.000,1.486825,0.676833
54912,1,0.125000,0.802824,23,0,1000.000,1.652479,0.655977
54912,2,0.125000,0.828240,24,0,1000.000,1.945079,0.656022
54912,3,0.125000,0.750778,16,0,1000.000,1.553548,0.660586
54912,4,0.125000,0.829650,20,0,1000.000,1.765938,0.667533
54912,5,0.125000,0.865812,15,0,1000.000,1.330797,0.682931
54912,6,0.125000,0.865029,24,0,1000.000,2.112328,0.657588
54912,7,0.125000,0.763427,19,0,1000.000,1.828808,0.668769
54960,0,0.125000,0.818754,30,0,1000.000,1.581321,0.656464
54960,1,0.125000,0.895347,19,0,1000.000,1.490472,0.683009
54960,2,0.125000,0.932593,12,0,1000.000,1.780955,0.645786
54960,3,0.125000,0.914490,24,0,1000.000,1.207563,0.682021
54960,4,0.125000,0.748992,27,1,966.741,1.487699,0.658064
54960,5,0.125000,0.878059,18,0,1000.000,1.820302,0.675208
54960,6,0.125000,0.833860,21,0,1000.000,1.555274,0.674272
54960,7,0.125000,0.873056,24,1,988.833,1.695372,0.672192
55008,0,0.125000,0.889363,25,0,1000.000,1.643287,0.672031
55008,1,0.125000,0.848026,29,1,967.966,1.580758,0.659365
55008,2,0.125000,0.861703,28,0,1000.000,1.630282,0.674246
55008,3,0.125000,0.817114,29,0,1000.000,1.216285,0.675690
55008,4,0.125000,0.836878,16,0,1000.000,1.245227,0.691715
55008,5,0.125000,0.850900,23,0,1000.000,1.612080,0.677519
55008,6,0.125000,0.777703,29,0,1000.000,1.394442,0.681037
55008,7,0.125000,0.807307,34,0,1000.000,1.400820,0.692973
55056,0,0.125000,0.821752,19,0,1000.000,1.757861,0.662451
55056,1,0.125000,0.953359,19,0,1000.000,1.420387,0.693386
55056,2,0.125000,0.829692,32,0,1000.000,1.727224,0.657118
55056,3,0.125000,0.782989,22,0,1000.000,1.587602,0.660643
55056,4,0.125000,0.744918,27,0,1000.000,1.472750,0.666470
55056,5,0.125000,0.852468,24,0,1000.000,1.533094,0.675351
55056,6,0.125000,0.746725,21,0,1000.000,1.564724,0.667249
55056,7,0.125000,0.852666,26,0,1000.000,1.334723,0.675418
55104,0,0.125000,0.825080,25,0,1000.000,1.350975,0.678095
55104,1,0.125000,0.809770,20,0,1000.000,1.724937,0.663172
55104,2,0.125000,0.711426,18,0,1000.000,1.260396,0.667758
55104,3,0.125000,0.783935,11,0,1000.000,1.169130,0.700648
55104,4,0.125000,0.661112,17,0,1000.000,1.142902,0.670216
55104,5,0.125000,0.690653,22,0,1000.000,1.713987,0.652707
55104,6,0.125000,0.804067,21,0,1000.000,1.274792,0.682265
55104,7,0.125000,0.760070,23,0,1000.000,1.344652,0.665813
55152,0,0.125000,0.823024,35,0,1000.000,1.512952,0.668150
55152,1,0.125000,0.947246,27,0,1000.000,1.332401,0.670502
55152,2,0.125000,0.814768,29,0,1000.000,1.784482,0.657907
55152,3,0.125000,0.781397,24,0,1000.000,1.087376,0.658571
55152,4,0.125000,0.850708,32,0,1000.000,1.570322,0.670082
55152,5,0.125000,0.830832,26,0,1000.000,1.357053,0.687820
55152,6,0.125000,0.687452,24,0,1000.000,1.502839,0.675153
55152,7,0.125000,0.800929,31,0,1000.000,1.395664,0.668842
55200,0,0.125000,0.843545,33,0,1000.000,1.380235,0.678789
55200,1,0.125000,0.709911,32,0,1000.000,1.512022,0.663873
55200,2,0.125000,0.837125,37,0,1000.000,1.644274,0.670085
55200,3,0.125000,0.823923,34,0,1000.000,1.640666,0.673080
55200,4,0.125000,0.817069,36,0,1000.000,1.533358,0.680783
55200,5,0.125000,0.742110,40,0,1000.000,1.785473,0.661360
55200,6,0.125000,0.798583,18,0,1000.000,1.674625,0.657716
55200,7,0.125000,0.870500,36,0,1000.000,1.395219,0.683674
55248,0,0.125000,0.722336,31,0,1000.000,1.443756,0.666173
55248,1,0.125000,0.788337,31,0,1000.000,1.344225,0.669009
55248,2,0.125000,0.742805,38,0,1000.000,1.192017,0.659041
55248,3,0.125000,0.819795,26,0,1000.000,1.442469,0.654117
55248,4,0.125000,0.714689,32,0,1000.000,1.597471,0.654252
55248,5,0.125000,0.711695,29,0,1000.000,1.334448,0.689140
55248,6,0.125000,0.923367,40,0,1000.000,1.482164,0.670547
55248,7,0.125000,0.793726,34,1,972.618,1.332683,0.666337
55296,0,0.125000,0.842421,35,1,991.657,1.489720,0.662563
55296,1,0.125000,0.800322,30,0,1000.000,1.644497,0.669149
55296,2,0.125000,0.679075,26,0,1000.000,1.254849,0.665993
55296,3,0.125000,0.775868,34,0,1000.000,1.144776,0.680372
55296,4,0.125000,0.818051,30,0,1000.000,1.212975,0.687187
55296,5,0.125000,0.776795,27,0,1000.000,1.491352,0.659772
55296,6,0.125000,0.893402,23,0,1000.000,1.552242,0.679559
55296,7,0.125000,0.795164,36,0,1000.000,1.379151,0.666522
55344,0,0.125000,0.676988,27,1,984.259,1.393302,0.651547
55344,1,0.125000,0.720023,34,0,1000.000,1.262758,0.680607
55344,2,0.125000,0.761218,40,0,1000.000,1.499711,0.673247
55344,3,0.125000,0.824702,34,0,1000.000,1.458567,0.662629
55344,4,0.125000,0.786921,35,0,1000.000,1.412367,0.674970
55344,5,0.125000,0.701464,33,0,1000.000,1.450882,0.674546
55344,6,0.125000,0.775941,29,0,1000.000,1.584093,0.682189
55344,7,0.125000,0.685820,29,1,970.828,1.195282,0.677521
55392,0,0.125000,0.745720,27,0,1000.000,1.348394,0.649123
55392,1,0.125000,0.855381,24,0,1000.000,1.482653,0.673804
55392,2,0.125000,0.845932,21,0,1000.000,1.919996,0.646421
55392,3,0.125000,0.858626,19,0,1000.000,1.202193,0.689141
55392,4,0.125000,0.745646,31,0,1000.000,1.380839,0.676980
55392,5,0.125000,0.874213,25,0,1000.000,1.504432,0.669869
55392,6,0.125000,0.740188,30,0,1000.000,1.234319,0.661734
55392,7,0.125000,0.754095,27,1,992.593,1.409522,0.666076
55440,0,0.125000,0.797293,30,1,971.433,1.401739,0.658488
55440,1,0.125000,0.868159,26,1,968.731,1.245235,0.681870
55440,2,0.125000,0.809929,24,0,1000.000,1.472057,0.663287
55440,3,0.125000,0.864524,23,0,1000.000,1.208039,0.687302
55440,4,0.125000,0.765066,22,0,1000.000,1.711273,0.650897
55440,5,0.125000,0.817272,26,0,1000.000,1.562996,0.677461
55440,6,0.125000,0.777902,24,0,1000.000,1.508627,0.665973
55440,7,0.125000,0.875451,22,0,1000.000,1.631651,0.670502
55488,0,0.125000,0.602246,32,0,1000.000,1.222346,0.670735
55488,1,0.125000,0.788038,43,0,1000.000,1.299958,0.679927
55488,2,0.125000,0.796489,39,0,1000.000,1.539064,0.662952
55488,3,0.125000,0.852104,35,0,1000.000,1.530062,0.682542
55488,4,0.125000,0.881198,31,0,1000.000,1.486626,0.681217
55488,5,0.125000,0.886990,38,0,1000.000,1.557021,0.684492
55488,6,0.125000,0.826416,19,0,1000.000,1.629794,0.688707
55488,7,0.125000,0.782471,31,0,1000.000,1.473561,0.657096
55536,0,0.125000,0.860088,17,0,1000.000,1.830212,0.666426
55536,1,0.125000,0.808529,34,0,1000.000,1.878421,0.658975
55536,2,0.125000,0.765797,26,0,1000.000,1.964101,0.645270
55536,3,0.125000,0.658263,30,0,1000.000,1.286001,0.678827
55536,4,0.125000,0.933062,20,0,1000.000,1.538296,0.676299
55536,5,0.125000,0.908603,24,0,1000.000,1.958751,0.661423
55536,6,0.125000,0.840971,24,0,1000.000,1.653391,0.664229
55536,7,0.125000,0.722433,19,1,995.842,1.354501,0.657199
55632,0,0.125000,0.805467,43,0,1000.000,1.381671,0.674339
55632,1,0.125000,0.885489,45,0,1000.000,1.793052,0.667391
55632,2,0.125000,0.768532,41,0,1000.000,1.530350,0.668264
55632,3,0.125000,0.804499,29,0,1000.000,1.508455,0.678344
55632,4,0.125000,0.840432,36,0,1000.000,1.711908,0.667489
55632,5,0.125000,0.795644,32,0,1000.000,1.200544,0.682738
55632,6,0.125000,0.875028,40,0,1000.000,1.492072,0.672261
55632,7,0.125000,0.803181,44,0,1000.000,1.555762,0.681698
55680,0,0.125000,0.804768,31,0,1000.000,1.324864,0.671638
55680,1,0.125000,0.813674,30,0,1000.000,1.641881,0.647996
55680,2,0.125000,0.774903,34,0,1000.000,1.477958,0.663683
55680,3,0.125000,0.845089,26,0,1000.000,1.586160,0.677633
55680,4,0.125000,0.861761,25,0,1000.000,1.469133,0.673185
55680,5,0.125000,0.761979,32,0,1000.000,1.235190,0.671591
55680,6,0.125000,0.752161,28,0,1000.000,1.538505,0.663256
55680,7,0.125000,0.814196,26,0,1000.000,1.650701,0.672724
55728,0,0.125000,0.899122,27,0,1000.000,1.666826,0.678887
55728,1,0.125000,0.749378,22,0,1000.000,1.698741,0.659735
55728,2,0.125000,0.869961,28,0,1000.000,1.449622,0.677169
55728,3,0.125000,0.880755,24,0,1000.000,1.595118,0.673258
55728,4,0.125000,0.857690,17,0,1000.000,1.826843,0.658462
55728,5,0.125000,0.815259,27,0,1000.000,1.395057,0.669236
55728,6,0.125000,0.946845,23,0,1000.000,1.423481,0.688052
55728,7,0.125000,0.870883,21,0,1000.000,1.747832,0.672548
55776,0,0.125000,0.881845,18,0,1000.000,1.646915,0.682199
55776,1,0.125000,0.799106,19,0,1000.000,1.514190,0.675351
55776,2,0.125000,0.734390,18,0,1000.000,1.865446,0.637615
55776,3,0.125000,0.880636,18,0,1000.000,1.495512,0.676079
55776,4,0.125000,0.887342,24,0,1000.000,1.693942,0.672460
55776,5,0.125000,0.740171,23,0,1000.000,1.268733,0.692823
55776,6,0.125000,0.770656,11,0,1000.000,0.982345,0.663566
55776,7,0.125000,0.876480,21,0,1000.000,1.536261,0.659657
55872,0,0.125000,0.865357,35,0,1000.000,1.329880,0.673417
55872,1,0.125000,0.726067,27,0,1000.000,1.247862,0.678694
55872,2,0.125000,0.667847,24,0,1000.000,1.093552,0.669599
55872,3,0.125000,0.859978,23,0,1000.000,1.537956,0.678343
55872,4,0.125000,0.880693,31,0,1000.000,1.485625,0.682968
55872,5,0.125000,0.897481,33,0,1000.000,1.483397,0.674645
55872,6,0.125000,0.816166,23,0,1000.000,1.385045,0.686765
55872,7,0.125000,0.782449,32,0,1000.000,1.635424,0.669655
55920,0,0.125000,0.856190,23,0,1000.000,1.340495,0.679067
55920,1,0.125000,0.865294,16,0,1000.000,1.669421,0.678029
55920,2,0.125000,0.810281,21,0,1000.000,1.195687,0.669988
55920,3,0.125000,0.779639,24,0,1000.000,1.322591,0.664858
55920,4,0.125000,0.897367,25,0,1000.000,1.650254,0.663583
55920,5,0.125000,0.878492,15,0,1000.000,1.150753,0.661536
55920,6,0.125000,0.813480,25,0,1000.000,1.439995,0.680613
55920,7,0.125000,0.903698,14,0,1000.000,1.728466,0.655031
55968,0,0.125000,0.931353,21,0,1000.000,1.508586,0.676075
55968,1,0.125000,0.816860,25,0,1000.000,1.408352,0.672444
55968,2,0.125000,0.831799,22,0,1000.000,1.440848,0.680381
55968,3,0.125000,0.826088,27,0,1000.000,1.766618,0.653967
55968,4,0.125000,0.742910,17,0,1000.000,1.595192,0.646884
55968,5,0.125000,0.914629,27,0,1000.000,1.682661,0.678860
55968,6,0.125000,0.768399,21,0,1000.000,1.865936,0.657927
55968,7,0.125000,0.753452,17,0,1000.000,1.632915,0.659640
56016,0,0.125000,0.693871,23,0,1000.000,1.619927,0.673021
56016,1,0.125000,0.774769,22,0,1000.000,1.569079,0.657929
56016,2,0.125000,0.761264,31,0,1000.000,1.670631,0.659506
56016,3,0.125000,0.792677,37,0,1000.000,1.454274,0.678345
56016,4,0.125000,0.875288,21,0,1000.000,1.573426,0.668423
56016,5,0.125000,0.827375,21,0,1000.000,1.403569,0.664820
56016,6,0.125000,0.754444,29,0,1000.000,1.560577,0.664106
56016,7,0.125000,0.663399,22,0,1000.000,1.525681,0.652096
56064,0,0.125000,0.882623,22,0,1000.000,1.665755,0.668832
56064,1,0.125000,0.765554,30,0,1000.000,1.507615,0.675976
56064,2,0.125000,0.779480,18,0,1000.000,1.292758,0.692548
56064,3,0.125000,0.832241,19,0,1000.000,1.604044,0.680290
56064,4,0.125000,0.827907,29,0,1000.000,1.663772,0.679749
56064,5,0.125000,0.704494,20,0,1000.000,1.152878,0.682912
56064,6,0.125000,0.853759,28,0,1000.000,1.436781,0.681132
56064,7,0.125000,0.812184,26,0,1000.000,1.889401,0.657186
56112,0,0.125000,0.882333,18,0,1000.000,1.468163,0.678918
56112,1,0.125000,0.723461,26,0,1000.000,1.384925,0.676735
56112,2,0.125000,0.741778,20,0,1000.000,1.579956,0.670725
56112,3,0.125000,0.813849,24,0,1000.000,1.362983,0.663943
56112,4,0.125000,0.936879,17,0,1000.000,1.500038,0.684091
56112,5,0.125000,0.853004,21,0,1000.000,1.364107,0.692047
56112,6,0.125000,0.764968,22,0,1000.000,1.280680,0.687896
56112,7,0.125000,0.772921,20,0,1000.000,1.525794,0.686046
56160,0,0.125000,0.757255,32,0,1000.000,1.422983,0.679259
56160,1,0.125000,0.892855,28,0,1000.000,1.639429,0.678227
56160,2,0.125000,0.863754,26,0,1000.000,1.416764,0.681880
56160,3,0.125000,0.817087,34,0,1000.000,1.588502,0.677514
56160,4,0.125000,0.778867,35,0,1000.000,1.655986,0.663846
56160,5,0.125000,0.819470,38,0,1000.000,1.248913,0.684490
56160,6,0.125000,0.736582,19,0,1000.000,1.290193,0.677194
56160,7,0.125000,0.843593,27,0,1000.000,1.772917,0.660513
56208,0,0.125000,0.895546,44,0,1000.000,1.350541,0.691516
56208,1,0.125000,0.780852,38,0,1000.000,1.289107,0.686861
56208,2,0.125000,0.829990,38,0,1000.000,1.634905,0.657304
56208,3,0.125000,0.763142,29,0,1000.000,1.485086,0.665376
56208,4,0.125000,0.754315,30,0,1000.000,1.645502,0.662806
56208,5,0.125000,0.797439,31,0,1000.000,1.408440,0.678489
56208,6,0.125000,0.753696,28,0,1000.000,1.385513,0.672457
56208,7,0.125000,0.820632,32,0,1000.000,1.248195,0.680370
56256,0,0.125000,0.868815,43,0,1000.000,1.358401,0.671120
56256,1,0.125000,0.672944,24,0,1000.000,1.502530,0.668861
56256,2,0.125000,0.867716,33,0,1000.000,1.474921,0.674447
56256,3,0.125000,0.858127,30,0,1000.000,1.610706,0.669395
56256,4,0.125000,0.788062,35,0,1000.000,1.553198,0.661252
56256,5,0.125000,0.881498,17,0,1000.000,1.348320,0.655383
56256,6,0.125000,0.785665,33,0,1000.000,1.519913,0.675194
56256,7,0.125000,0.809989,32,0,1000.000,1.618413,0.656553
56304,0,0.125000,0.658944,31,0,1000.000,1.311398,0.697163
56304,1,0.125000,0.817342,29,0,1000.000,1.612591,0.664777
56304,2,0.125000,0.672157,37,0,1000.000,1.433497,0.674904
56304,3,0.125000,0.833824,36,0,1000.000,1.629747,0.661817
56304,4,0.125000,0.748234,28,0,1000.000,1.742931,0.653229
56304,5,0.125000,0.826685,28,0,1000.000,1.558901,0.664985
56304,6,0.125000,0.864922,26,0,1000.000,1.457657,0.674586
56304,7,0.125000,0.792147,32,0,1000.000,1.240264,0.678340
56352,0,0.125000,0.750271,28,0,1000.000,1.456958,0.672839
56352,1,0.125000,0.686578,38,0,1000.000,1.271915,0.677660
56352,2,0.125000,0.787716,25,0,1000.000,1.417655,0.681546
56352,3,0.125000,0.833392,39,0,1000.000,1.574365,0.664668
56352,4,0.125000,0.814635,35,0,1000.000,1.745832,0.665573
56352,5,0.125000,0.856910,26,0,1000.000,1.489310,0.687008
56352,6,0.125000,0.858355,30,0,1000.000,1.193442,0.704485
56352,7,0.125000,0.752324,33,1,997.151,1.302731,0.686502
56400,0,0.125000,0.901583,23,0,1000.000,1.315651,0.694428
56400,1,0.125000,0.847107,21,0,1000.000,1.397792,0.664501
56400,2,0.125000,0.865210,22,0,1000.000,1.295887,0.692800
56400,3,0.125000,0.750404,21,0,1000.000,1.572699,0.668512
56400,4,0.125000,0.850499,31,0,1000.000,1.334801,0.681928
56400,5,0.125000,0.687110,25,0,1000.000,1.084377,0.673539
56400,6,0.125000,0.761838,26,0,1000.000,1.609136,0.654077
56400,7,0.125000,0.704596,28,0,1000.000,0.989721,0.675082
56448,0,0.125000,0.846793,23,0,1000.000,1.653024,0.678820
56448,1,0.125000,0.868408,27,0,1000.000,1.338305,0.683431
56448,2,0.125000,0.811225,20,0,1000.000,1.054178,0.686832
56448,3,0.125000,0.866245,25,0,1000.000,1.206121,0.668454
56448,4,0.125000,0.673353,31,0,1000.000,1.265723,0.666790
56448,5,0.125000,0.867262,27,0,1000.000,1.268919,0.671183
56448,6,0.125000,0.871748,23,0,1000.000,1.230404,0.680502
56448,7,0.125000,0.808816,24,0,1000.000,1.519910,0.669841
56496,0,0.125000,0.823827,42,0,1000.000,1.573560,0.666552
56496,1,0.125000,0.826211,36,0,1000.000,1.399835,0.682224
56496,2,0.125000,0.791904,40,0,1000.000,1.399015,0.685684
56496,3,0.125000,0.866342,33,0,1000.000,1.178705,0.696736
56496,4,0.125000,0.800906,30,0,1000.000,1.534108,0.671621
56496,5,0.125000,0.799093,34,0,1000.000,1.413343,0.674634
56496,6,0.125000,0.765286,32,0,1000.000,1.230211,0.677857
56496,7,0.125000,0.851866,29,0,1000.000,1.356090,0.660076
56544,0,0.125000,0.916692,16,0,1000.000,1.513811,0.678357
56544,1,0.125000,0.917516,14,0,1000.000,1.795519,0.660982
56544,2,0.125000,0.869041,23,0,1000.000,1.219050,0.688706
56544,3,0.125000,0.782453,22,0,1000.000,1.602225,0.657754
56544,4,0.125000,0.777178,27,0,1000.000,1.638128,0.682974
56544,5,0.125000,0.822293,17,0,1000.000,1.263210,0.686103
56544,6,0.125000,0.843804,27,0,1000.000,1.298456,0.690725
56544,7,0.125000,0.815513,24,0,1000.000,1.463024,0.682566
56592,0,0.125000,0.850500,14,1,933.643,1.570473,0.664235
56592,1,0.125000,0.828339,21,0,1000.000,1.599834,0.674683
56592,2,0.125000,0.813567,15,0,1000.000,1.275276,0.668403
56592,3,0.125000,0.635400,18,1,946.667,1.162436,0.651978
56592,4,0.125000,0.800920,21,0,1000.000,1.382468,0.685294
56592,5,0.125000,0.813841,19,0,1000.000,1.598629,0.670242
56592,6,0.125000,0.750213,21,0,1000.000,1.322126,0.677545
56592,7,0.125000,0.839624,21,0,1000.000,1.437805,0.673127
56640,0,0.125000,0.842488,20,0,1000.000,1.862796,0.645602
56640,1,0.125000,0.896014,20,0,1000.000,1.797869,0.678937
56640,2,0.125000,0.687052,26,0,1000.000,1.126890,0.689491
56640,3,0.125000,0.858136,23,0,1000.000,1.470426,0.687291
56640,4,0.125000,0.797790,19,0,1000.000,1.317728,0.682656
56640,5,0.125000,0.834355,27,0,1000.000,1.345745,0.669811
56640,6,0.125000,0.766688,17,0,1000.000,1.406026,0.656466
56640,7,0.125000,0.834205,24,0,1000.000,1.763034,0.656898
56688,0,0.125000,0.814514,29,0,1000.000,1.036963,0.688145
56688,1,0.125000,0.839714,33,0,1000.000,1.534720,0.679016
56688,2,0.125000,0.802531,31,0,1000.000,1.536205,0.681232
56688,3,0.125000,0.778936,29,0,1000.000,1.227197,0.699394
56688,4,0.125000,0.763544,31,0,1000.000,1.684569,0.664231
56688,5,0.125000,0.799926,29,0,1000.000,1.642087,0.682969
56688,6,0.125000,0.809525,27,0,1000.000,1.320603,0.675446
56688,7,0.125000,0.753324,27,0,1000.000,1.346498,0.683240
56736,0,0.125000,0.783235,32,1,977.969,1.366770,0.670977
56736,1,0.125000,0.822087,24,0,1000.000,1.277787,0.672540
56736,2,0.125000,0.730204,21,0,1000.000,1.709974,0.669539
56736,3,0.125000,0.894374,24,1,959.917,1.447552,0.662840
56736,4,0.125000,0.831819,18,0,1000.000,1.463447,0.688110
56736,5,0.125000,0.878283,18,0,1000.000,1.519820,0.685869
56736,6,0.125000,0.838848,19,0,1000.000,1.338184,0.668553
56736,7,0.125000,0.653829,20,0,1000.000,1.164373,0.685126
56784,0,0.125000,0.887604,18,0,1000.000,1.425209,0.704512
56784,1,0.125000,0.786884,21,0,1000.000,1.393559,0.678205
56784,2,0.125000,0.755764,15,0,1000.000,0.957128,0.669859
56784,3,0.125000,0.867449,18,0,1000.000,1.627004,0.675466
56784,4,0.125000,0.769439,20,0,1000.000,1.906133,0.659975
56784,5,0.125000,0.736884,23,0,1000.000,1.244177,0.675362
56784,6,0.125000,0.789602,19,0,1000.000,1.418658,0.673337
56784,7,0.125000,0.852771,18,0,1000.000,1.840944,0.668760
56832,0,0.125000,0.916566,16,0,1000.000,1.715696,0.669567
56832,1,0.125000,0.820543,11,0,1000.000,1.833656,0.670109
56832,2,0.125000,0.744377,14,0,1000.000,1.183083,0.681657
56832,3,0.125000,0.733543,19,0,1000.000,1.594781,0.671333
56832,4,0.125000,0.815118,11,0,1000.000,1.701825,0.656033
56832,5,0.125000,0.862578,16,0,1000.000,1.639627,0.675193
56832,6,0.125000,0.745847,10,0,1000.000,1.340897,0.676007
56832,7,0.125000,0.886655,13,0,1000.000,1.053207,0.696868
56880,0,0.125000,0.926533,15,0,1000.000,1.423353,0.691296
56880,1,0.125000,0.852466,13,0,1000.000,1.747913,0.675500
56880,2,0.125000,0.845472,12,0,1000.000,1.398500,0.669397
56880,3,0.125000,0.705023,19,0,1000.000,1.593950,0.672257
56880,4,0.125000,0.769377,13,0,1000.000,1.734638,0.684254
56880,5,0.125000,0.716300,10,0,1000.000,1.774920,0.658649
56880,6,0.125000,0.825124,19,0,1000.000,1.640540,0.672862
56880,7,0.125000,0.800320,19,0,1000.000,1.647244,0.653421
56928,0,0.125000,0.896569,19,0,1000.000,1.454899,0.675225
56928,1,0.125000,0.849327,27,0,1000.000,1.702910,0.672272
56928,2,0.125000,0.832122,16,0,1000.000,1.153064,0.664930
56928,3,0.125000,0.743943,14,0,1000.000,1.354485,0.677919
56928,4,0.125000,0.753272,19,0,1000.000,1.209689,0.670664
56928,5,0.125000,0.841787,21,0,1000.000,1.648764,0.673247
56928,6,0.125000,0.873947,21,0,1000.000,1.646779,0.673256
56928,7,0.125000,0.875546,22,0,1000.000,1.542792,0.669806
56976,0,0.125000,0.835532,21,0,1000.000,1.498335,0.680521
56976,1,0.125000,0.858144,24,0,1000.000,1.555836,0.665698
56976,2,0.125000,0.805193,24,0,1000.000,1.670508,0.672230
56976,3,0.125000,0.856278,27,0,1000.000,1.562917,0.668475
56976,4,0.125000,0.755855,23,0,1000.000,1.562302,0.665066
56976,5,0.125000,0.762845,22,0,1000.000,1.525301,0.672749
56976,6,0.125000,0.781961,20,0,1000.000,1.602627,0.669404
56976,7,0.125000,0.828726,22,0,1000.000,1.927917,0.668175
57024,0,0.125000,0.765244,22,1,987.545,1.248806,0.677211
57024,1,0.125000,0.823563,28,0,1000.000,1.569316,0.647625
57024,2,0.125000,0.849100,25,0,1000.000,1.721095,0.673350
57024,3,0.125000,0.916462,25,0,1000.000,1.782188,0.657558
57024,4,0.125000,0.805209,25,0,1000.000,1.737483,0.665729
57024,5,0.125000,0.772614,27,0,1000.000,1.770119,0.659584
57024,6,0.125000,0.702750,34,0,1000.000,1.646473,0.676286
57024,7,0.125000,0.801557,28,0,1000.000,1.428408,0.679536
57072,0,0.125000,0.819862,19,1,957.895,1.583036,0.662947
57072,1,0.125000,0.794596,22,0,1000.000,1.546993,0.670402
57072,2,0.125000,0.918791,34,0,1000.000,1.741127,0.667762
57072,3,0.125000,0.820174,26,0,1000.000,1.466336,0.674469
57072,4,0.125000,0.787163,13,0,1000.000,1.270174,0.654404
57072,5,0.125000,0.649100,23,0,1000.000,1.466938,0.678428
57072,6,0.125000,0.843094,25,0,1000.000,1.666502,0.663706
57072,7,0.125000,0.789076,25,0,1000.000,1.310632,0.680918
57120,0,0.125000,0.839005,32,0,1000.000,1.628440,0.669860
57120,1,0.125000,0.825269,18,0,1000.000,1.297597,0.666882
57120,2,0.125000,0.821132,22,0,1000.000,1.145260,0.679829
57120,3,0.125000,0.780172,12,0,1000.000,1.121909,0.688192
57120,4,0.125000,0.944425,26,0,1000.000,1.562140,0.670113
57120,5,0.125000,0.860980,14,0,1000.000,1.823059,0.654026
57120,6,0.125000,0.896261,25,0,1000.000,1.391040,0.686195
57120,7,0.125000,0.604615,24,0,1000.000,1.335395,0.670365
57168,0,0.125000,0.839784,32,0,1000.000,1.424931,0.678718
57168,1,0.125000,0.838327,40,0,1000.000,1.417230,0.679823
57168,2,0.125000,0.846709,31,0,1000.000,1.481088,0.665194
57168,3,0.125000,0.767349,28,0,1000.000,1.402488,0.682078
57168,4,0.125000,0.801741,28,0,1000.000,1.400931,0.667715
57168,5,0.125000,0.883074,32,0,1000.000,1.461649,0.675499
57168,6,0.125000,0.812648,27,0,1000.000,1.661185,0.661002
57168,7,0.125000,0.804812,24,0,1000.000,1.722544,0.660223
57216,0,0.125000,0.817600,39,0,1000.000,1.475456,0.674538
57216,1,0.125000,0.751451,39,0,1000.000,1.484331,0.668405
57216,2,0.125000,0.804445,38,0,1000.000,1.572678,0.674593
57216,3,0.125000,0.803846,38,0,1000.000,1.952078,0.652423
57216,4,0.125000,0.873403,37,0,1000.000,1.618212,0.665511
57216,5,0.125000,0.889839,28,0,1000.000,1.768860,0.677059
57216,6,0.125000,0.859199,30,0,1000.000,1.338356,0.690814
57216,7,0.125000,0.830425,26,1,966.231,1.504513,0.685833
57264,0,0.125000,0.741065,39,0,1000.000,1.424990,0.672503
57264,1,0.125000,0.829063,27,0,1000.000,1.533747,0.668617
57264,2,0.125000,0.817640,32,0,1000.000,1.327631,0.683453
57264,3,0.125000,0.874456,32,0,1000.000,1.464519,0.671234
57264,4,0.125000,0.852609,33,0,1000.000,1.523855,0.674578
57264,5,0.125000,0.703702,28,0,1000.000,1.689493,0.647295
57264,6,0.125000,0.856577,30,0,1000.000,1.542827,0.678919
57264,7,0.125000,0.887015,25,0,1000.000,1.729669,0.663079
57312,0,0.125000,0.825088,25,0,1000.000,1.356510,0.692333
57312,1,0.125000,0.844644,36,0,1000.000,1.345986,0.687572
57312,2,0.125000,0.847605,25,0,1000.000,1.566452,0.662072
57312,3,0.125000,0.684496,27,0,1000.000,1.495365,0.675466
57312,4,0.125000,0.725630,33,0,1000.000,1.471682,0.666177
57312,5,0.125000,0.761273,37,0,1000.000,1.385368,0.678038
57312,6,0.125000,0.759168,28,0,1000.000,1.630040,0.665514
57312,7,0.125000,0.798998,35,0,1000.000,1.403005,0.665033
57360,0,0.125000,0.752422,26,0,1000.000,1.307269,0.668031
57360,1,0.125000,0.860775,31,0,1000.000,1.530583,0.660121
57360,2,0.125000,0.828907,43,0,1000.000,1.289684,0.686062
57360,3,0.125000,0.830055,41,0,1000.000,1.491005,0.670941
57360,4,0.125000,0.814694,30,0,1000.000,1.401902,0.688271
57360,5,0.125000,0.806641,35,0,1000.000,1.245621,0.680793
57360,6,0.125000,0.748604,36,0,1000.000,1.414191,0.681851
57360,7,0.125000,0.675324,21,0,1000.000,1.224709,0.663678
57408,0,0.125000,0.849440,23,1,971.391,1.275809,0.672462
57408,1,0.125000,0.821913,27,0,1000.000,1.426409,0.660779
57408,2,0.125000,0.797625,28,0,1000.000,1.414421,0.670843
57408,3,0.125000,0.803941,24,0,1000.000,1.637648,0.656456
57408,4,0.125000,0.851886,26,0,1000.000,1.550970,0.663847
57408,5,0.125000,0.837302,18,0,1000.000,1.385243,0.657961
57408,6,0.125000,0.812285,16,0,1000.000,1.361398,0.658220
57408,7,0.125000,0.802912,21,0,1000.000,1.475846,0.669281
57456,0,0.125000,0.808663,31,0,1000.000,1.380883,0.674796
57456,1,0.125000,0.859329,20,0,1000.000,1.856397,0.638585
57456,2,0.125000,0.879198,34,0,1000.000,1.568240,0.663250
57456,3,0.125000,0.852576,25,0,1000.000,1.419570,0.649384
57456,4,0.125000,0.614613,24,0,1000.000,1.255185,0.676317
57456,5,0.125000,0.697345,23,0,1000.000,1.172675,0.674648
57456,6,0.125000,0.757429,25,0,1000.000,1.293887,0.669859
57456,7,0.125000,0.840016,31,0,1000.000,1.534658,0.666204
57504,0,0.125000,0.825834,27,0,1000.000,1.416429,0.666412
57504,1,0.125000,0.821305,32,0,1000.000,1.223107,0.671759
57504,2,0.125000,0.809945,37,0,1000.000,1.474289,0.674459
57504,3,0.125000,0.848899,32,0,1000.000,1.440786,0.677283
57504,4,0.125000,0.787170,33,0,1000.000,1.285755,0.670723
57504,5,0.125000,0.788961,29,0,1000.000,1.616592,0.664775
57504,6,0.125000,0.840097,37,0,1000.000,1.629645,0.658844
57504,7,0.125000,0.706717,31,0,1000.000,1.091073,0.691844
57552,0,0.125000,0.868557,27,0,1000.000,1.427586,0.670876
57552,1,0.125000,0.798376,18,0,1000.000,1.145443,0.678799
57552,2,0.125000,0.808417,20,0,1000.000,1.721943,0.647777
57552,3,0.125000,0.802555,21,0,1000.000,1.360888,0.682848
57552,4,0.125000,0.801599,25,0,1000.000,1.595576,0.660206
57552,5,0.125000,0.920101,20,0,1000.000,1.985544,0.659528
57552,6,0.125000,0.926405,16,0,1000.000,1.522790,0.670807
57552,7,0.125000,0.852476,21,0,1000.000,1.407833,0.673965
57600,0,0.125000,0.765065,13,0,1000.000,1.528714,0.658247
57600,1,0.125000,0.755195,20,0,1000.000,1.288635,0.685670
57600,2,0.125000,0.855491,25,0,1000.000,1.425523,0.670338
57600,3,0.125000,0.834661,18,0,1000.000,1.311703,0.677342
57600,4,0.125000,0.691016,11,0,1000.000,1.043993,0.650537
57600,5,0.125000,0.821137,25,0,1000.000,1.642462,0.677243
57600,6,0.125000,0.857987,20,0,1000.000,1.631137,0.653280
57600,7,0.125000,0.867109,13,0,1000.000,1.389302,0.677778
57648,0,0.125000,0.803740,30,0,1000.000,1.422356,0.675117
57648,1,0.125000,0.783043,24,0,1000.000,1.295074,0.680492
57648,2,0.125000,0.850968,25,0,1000.000,1.287106,0.664301
57648,3,0.125000,0.802618,26,0,1000.000,1.343860,0.691539
57648,4,0.125000,0.867902,19,0,1000.000,1.600883,0.672121
57648,5,0.125000,0.803217,23,0,1000.000,1.430922,0.667743
57648,6,0.125000,0.845640,25,0,1000.000,1.769748,0.660082
57648,7,0.125000,0.888349,20,0,1000.000,1.134943,0.661995
57696,0,0.125000,0.773182,29,0,1000.000,1.422182,0.675245
57696,1,0.125000,0.764480,24,0,1000.000,1.490631,0.660735
57696,2,0.125000,0.926378,16,0,1000.000,1.563790,0.683811
57696,3,0.125000,0.756463,27,0,1000.000,1.387625,0.677935
57696,4,0.125000,0.899813,30,0,1000.000,1.622501,0.665928
57696,5,0.125000,0.903808,33,0,1000.000,1.497010,0.675980
57696,6,0.125000,0.892379,34,0,1000.000,1.227022,0.673246
57696,7,0.125000,0.723946,29,0,1000.000,1.012170,0.691902
57744,0,0.125000,0.845114,21,0,1000.000,1.285443,0.674329
57744,1,0.125000,0.715418,25,0,1000.000,1.112024,0.670434
57744,2,0.125000,0.875037,16,0,1000.000,1.483725,0.664448
57744,3,0.125000,0.794128,37,0,1000.000,1.176031,0.676117
57744,4,0.125000,0.890681,13,0,1000.000,0.965399,0.696640
57744,5,0.125000,0.753385,19,0,1000.000,1.743925,0.672491
57744,6,0.125000,0.893837,20,0,1000.000,1.490491,0.690558
57744,7,0.125000,0.722345,22,0,1000.000,1.313551,0.674860
57792,0,0.125000,0.757576,18,1,971.389,2.105023,0.622576
57792,1,0.125000,0.816532,14,0,1000.000,1.520651,0.685134
57792,2,0.125000,0.891242,22,0,1000.000,1.360253,0.671431
57792,3,0.125000,0.751660,15,0,1000.000,1.442454,0.680092
57792,4,0.125000,0.748872,23,0,1000.000,1.522848,0.667577
57792,5,0.125000,0.809014,15,0,1000.000,1.637171,0.665056
57792,6,0.125000,0.795168,24,0,1000.000,1.033825,0.680728
57792,7,0.125000,0.654569,20,0,1000.000,0.982594,0.672558
57840,0,0.125000,0.849203,11,0,1000.000,1.298696,0.660917
57840,1,0.125000,0.821709,10,0,1000.000,1.650448,0.650159
57840,2,0.125000,0.650822,10,0,1000.000,1.315904,0.691295
57840,3,0.125000,0.785999,16,0,1000.000,1.886310,0.646782
57840,4,0.125000,0.663618,11,0,1000.000,1.549223,0.664314
57840,5,0.125000,0.737010,14,0,1000.000,1.265606,0.680451
57840,6,0.125000,0.711921,20,0,1000.000,1.104424,0.683770
57840,7,0.125000,0.751813,16,0,1000.000,1.776828,0.667429
57888,0,0.125000,0.825835,11,1,919.636,1.423014,0.642814
57888,1,0.125000,0.851772,14,0,1000.000,1.549530,0.680877
57888,2,0.125000,0.772869,22,0,1000.000,1.291093,0.683521
57888,3,0.125000,0.803290,14,0,1000.000,1.449595,0.667879
57888,4,0.125000,0.890248,18,0,1000.000,1.650897,0.674643
57888,5,0.125000,0.808271,19,0,1000.000,1.751394,0.667165
57888,6,0.125000,0.879541,10,0,1000.000,2.350148,0.635089
57888,7,0.125000,0.757722,18,0,1000.000,1.506391,0.652466
57936,0,0.125000,0.803962,17,0,1000.000,1.386554,0.652958
57936,1,0.125000,0.807657,19,0,1000.000,1.794376,0.646178
57936,2,0.125000,0.847757,21,0,1000.000,1.433077,0.681621
57936,3,0.125000,0.928985,14,0,1000.000,1.755574,0.649972
57936,4,0.125000,0.933994,16,0,1000.000,1.673390,0.678172
57936,5,0.125000,0.904400,23,0,1000.000,1.346084,0.675749
57936,6,0.125000,0.700464,17,0,1000.000,1.460159,0.673086
57936,7,0.125000,0.853289,26,0,1000.000,1.658041,0.667059
57984,0,0.125000,0.820729,20,0,1000.000,1.718848,0.668043
57984,1,0.125000,0.760181,27,0,1000.000,1.315085,0.681288
57984,2,0.125000,0.750743,27,0,1000.000,1.374343,0.660180
57984,3,0.125000,0.752193,31,0,1000.000,1.455295,0.676669
57984,4,0.125000,0.888595,25,0,1000.000,1.621451,0.672052
57984,5,0.125000,0.736582,25,0,1000.000,1.582155,0.666272
57984,6,0.125000,0.792484,23,0,1000.000,1.674795,0.651003
57984,7,0.125000,0.886446,28,0,1000.000,1.418972,0.669421
58032,0,0.125000,0.849825,23,1,981.043,1.255734,0.682376
58032,1,0.125000,0.891697,25,0,1000.000,1.458259,0.665669
58032,2,0.125000,0.800236,32,0,1000.000,1.757233,0.666531
58032,3,0.125000,0.890419,31,0,1000.000,1.257525,0.696572
58032,4,0.125000,0.860049,27,0,1000.000,1.385052,0.668782
58032,5,0.125000,0.785012,22,0,1000.000,1.577000,0.670796
58032,6,0.125000,0.731317,31,0,1000.000,1.669263,0.657731
58032,7,0.125000,0.787198,25,0,1000.000,1.450643,0.673000
58080,0,0.125000,0.829718,18,0,1000.000,1.492877,0.672521
58080,1,0.125000,0.744862,21,0,1000.000,1.436368,0.673756
58080,2,0.125000,0.829767,19,0,1000.000,1.634566,0.664371
58080,3,0.125000,0.879765,21,0,1000.000,1.574307,0.663125
58080,4,0.125000,0.803405,28,0,1000.000,1.466964,0.664321
58080,5,0.125000,0.593283,22,0,1000.000,1.351888,0.669677
58080,6,0.125000,0.731112,14,0,1000.000,1.581785,0.692000
58080,7,0.125000,0.820735,21,0,1000.000,1.626544,0.664492
58128,0,0.125000,0.692127,20,0,1000.000,1.246750,0.682505
58128,1,0.125000,0.879687,18,0,1000.000,1.527110,0.687514
58128,2,0.125000,0.806358,26,0,1000.000,1.198670,0.690256
58128,3,0.125000,0.801528,24,0,1000.000,1.688943,0.669425
58128,4,0.125000,0.829311,29,0,1000.000,1.571955,0.669387
58128,5,0.125000,0.893710,17,0,1000.000,1.223415,0.695359
58128,6,0.125000,0.873483,23,0,1000.000,1.877001,0.654637
58128,7,0.125000,0.794637,23,0,1000.000,1.592611,0.673609
58176,0,0.125000,0.731524,25,0,1000.000,1.211683,0.666601
58176,1,0.125000,0.772024,31,0,1000.000,1.414982,0.667913
58176,2,0.125000,0.801354,46,0,1000.000,1.635689,0.666447
58176,3,0.125000,0.796464,26,0,1000.000,1.505978,0.678230
58176,4,0.125000,0.785646,33,0,1000.000,1.391458,0.674559
58176,5,0.125000,0.835203,31,0,1000.000,1.495674,0.678192
58176,6,0.125000,0.917376,28,0,1000.000,1.521499,0.658490
58176,7,0.125000,0.827838,32,0,1000.000,1.729437,0.667217
58224,0,0.125000,0.745428,38,0,1000.000,1.342748,0.672099
58224,1,0.125000,0.733164,35,1,973.086,1.363012,0.657115
58224,2,0.125000,0.846056,34,0,1000.000,1.824203,0.652995
58224,3,0.125000,0.761142,42,0,1000.000,1.684338,0.670291
58224,4,0.125000,0.811866,36,0,1000.000,1.678837,0.670732
58224,5,0.125000,0.777275,25,0,1000.000,1.254314,0.678242
58224,6,0.125000,0.774963,31,0,1000.000,1.430799,0.677884
58224,7,0.125000,0.778999,34,0,1000.000,1.371543,0.684251
58272,0,0.125000,0.855242,27,0,1000.000,1.395473,0.680072
58272,1,0.125000,0.863913,26,0,1000.000,1.293821,0.674162
58272,2,0.125000,0.857278,31,0,1000.000,1.513842,0.672688
58272,3,0.125000,0.808912,40,0,1000.000,1.428002,0.663833
58272,4,0.125000,0.789374,26,0,1000.000,1.500020,0.679490
58272,5,0.125000,0.807977,30,0,1000.000,1.425877,0.668864
58272,6,0.125000,0.753180,28,0,1000.000,1.562624,0.672811
58272,7,0.125000,0.855416,32,0,1000.000,1.612197,0.663677
58320,0,0.125000,0.863216,37,0,1000.000,1.358640,0.675535
58320,1,0.125000,0.802750,29,0,1000.000,1.430132,0.676360
58320,2,0.125000,0.869885,29,0,1000.000,1.515980,0.667686
58320,3,0.125000,0.831632,28,0,1000.000,1.590130,0.683890
58320,4,0.125000,0.752479,35,0,1000.000,1.462116,0.678299
58320,5,0.125000,0.826705,34,0,1000.000,1.722833,0.656635
58320,6,0.125000,0.766509,30,0,1000.000,1.530137,0.677322
58320,7,0.125000,0.854465,28,0,1000.000,1.755425,0.676894
58368,0,0.125000,0.850094,31,0,1000.000,1.570007,0.664084
58368,1,0.125000,0.761665,25,0,1000.000,1.692897,0.677333
58368,2,0.125000,0.786897,31,0,1000.000,1.444897,0.672553
58368,3,0.125000,0.852311,32,0,1000.000,1.332438,0.682927
58368,4,0.125000,0.816629,31,0,1000.000,1.374890,0.679518
58368,5,0.125000,0.835841,40,1,976.350,1.537623,0.659227
58368,6,0.125000,0.924551,32,0,1000.000,1.703474,0.663239
58368,7,0.125000,0.849886,38,0,1000.000,1.882567,0.659719
58416,0,0.125000,0.833931,18,0,1000.000,1.273557,0.682846
58416,1,0.125000,0.905884,29,0,1000.000,1.319062,0.684589
58416,2,0.125000,0.841551,21,0,1000.000,1.281424,0.671739
58416,3,0.125000,0.875339,21,0,1000.000,1.453197,0.649537
58416,4,0.125000,0.902260,18,0,1000.000,1.816118,0.667841
58416,5,0.125000,0.812275,22,0,1000.000,1.293865,0.687478
58416,6,0.125000,0.864774,17,0,1000.000,1.722928,0.671393
58416,7,0.125000,0.676493,26,0,1000.000,1.323836,0.675407
58464,0,0.125000,0.855672,29,0,1000.000,1.591819,0.674564
58464,1,0.125000,0.798648,31,0,1000.000,1.592628,0.673784
58464,2,0.125000,0.939319,25,0,1000.000,1.608378,0.663932
58464,3,0.125000,0.905864,19,0,1000.000,1.258682,0.694028
58464,4,0.125000,0.809880,31,0,1000.000,1.547519,0.669310
58464,5,0.125000,0.752729,35,0,1000.000,1.517298,0.668295
58464,6,0.125000,0.695569,31,0,1000.000,1.234558,0.687474
58464,7,0.125000,0.810872,27,0,1000.000,1.701770,0.658951
58512,0,0.125000,0.889034,24,0,1000.000,1.425902,0.673607
58512,1,0.125000,0.817214,32,0,1000.000,1.464435,0.673275
58512,2,0.125000,0.877007,43,0,1000.000,1.583400,0.659392
58512,3,0.125000,0.815294,32,0,1000.000,1.602070,0.669956
58512,4,0.125000,0.874989,26,0,1000.000,1.794401,0.655987
58512,5,0.125000,0.817798,27,0,1000.000,1.761308,0.666964
58512,6,0.125000,0.759247,32,0,1000.000,1.636492,0.653317
58512,7,0.125000,0.877463,35,0,1000.000,1.555121,0.678152
58560,0,0.125000,0.897387,21,0,1000.000,1.340082,0.666254
58560,1,0.125000,0.836078,16,0,1000.000,1.086581,0.696164
58560,2,0.125000,0.760964,27,0,1000.000,1.380367,0.685822
58560,3,0.125000,0.865948,26,0,1000.000,1.565090,0.687165
58560,4,0.125000,0.883950,14,0,1000.000,1.471145,0.687028
58560,5,0.125000,0.729562,14,0,1000.000,1.183815,0.689135
58560,6,0.125000,0.834937,20,0,1000.000,1.596336,0.674374
58560,7,0.125000,0.732265,20,0,1000.000,1.437949,0.670469
58608,0,0.125000,0.796829,15,0,1000.000,1.421723,0.654145
58608,1,0.125000,0.810152,23,0,1000.000,1.420335,0.692930
58608,2,0.125000,0.863995,26,0,1000.000,1.552586,0.674907
58608,3,0.125000,0.854277,14,0,1000.000,1.525412,0.654974
58608,4,0.125000,0.844937,20,0,1000.000,1.285620,0.668743
58608,5,0.125000,0.597710,19,0,1000.000,1.213293,0.681195
58608,6,0.125000,0.948757,20,0,1000.000,1.462453,0.677354
58608,7,0.125000,0.779053,15,0,1000.000,1.681702,0.661774
58656,0,0.125000,0.696167,19,1,964.947,1.231334,0.689732
58656,1,0.125000,0.845526,31,0,1000.000,1.445061,0.685202
58656,2,0.125000,0.811448,24,0,1000.000,1.178680,0.672184
58656,3,0.125000,0.824405,23,0,1000.000,1.233467,0.683343
58656,4,0.125000,0.786412,28,0,1000.000,1.715564,0.666475
58656,5,0.125000,0.633861,28,0,1000.000,1.280046,0.674087
58656,6,0.125000,0.838920,20,0,1000.000,1.578078,0.677014
58656,7,0.125000,0.806730,27,0,1000.000,1.691985,0.662894
58704,0,0.125000,0.819839,44,0,1000.000,1.571420,0.671067
58704,1,0.125000,0.847917,25,0,1000.000,1.693290,0.658175
58704,2,0.125000,0.917569,28,0,1000.000,1.638760,0.669471
58704,3,0.125000,0.632487,33,0,1000.000,1.561757,0.674840
58704,4,0.125000,0.672994,11,0,1000.000,1.173031,0.676873
58704,5,0.125000,0.851687,26,0,1000.000,1.596759,0.677010
58704,6,0.125000,0.763181,34,0,1000.000,1.573362,0.669273
58704,7,0.125000,0.777206,26,0,1000.000,1.736167,0.671479
58752,0,0.125000,0.777285,26,0,1000.000,1.529778,0.659167
58752,1,0.125000,0.800268,20,0,1000.000,1.198897,0.674760
58752,2,0.125000,0.789550,27,0,1000.000,1.503621,0.677724
58752,3,0.125000,0.698074,13,0,1000.000,1.588795,0.668363
58752,4,0.125000,0.707611,21,0,1000.000,1.350806,0.675919
58752,5,0.125000,0.868932,14,0,1000.000,1.298478,0.679155
58752,6,0.125000,0.846850,13,0,1000.000,1.661435,0.674073
58752,7,0.125000,0.803427,22,0,1000.000,1.472419,0.663625
58800,0,0.125000,0.820174,18,0,1000.000,1.648103,0.678802
58800,1,0.125000,0.838937,19,0,1000.000,1.511197,0.675130
58800,2,0.125000,0.834274,22,0,1000.000,0.871894,0.692769
58800,3,0.125000,0.773357,17,0,1000.000,1.416131,0.677429
58800,4,0.125000,0.831144,17,0,1000.000,1.207232,0.685360
58800,5,0.125000,0.807201,15,0,1000.000,1.651873,0.678901
58800,6,0.125000,0.927934,10,0,1000.000,1.418054,0.686016
58800,7,0.125000,0.800301,27,0,1000.000,1.505565,0.680891
58848,0,0.125000,0.905039,15,1,946.867,1.795445,0.640300
58848,1,0.125000,0.749596,17,0,1000.000,1.674637,0.660119
58848,2,0.125000,0.881987,16,0,1000.000,1.180356,0.665247
58848,3,0.125000,0.757042,12,0,1000.000,1.770556,0.663794
58848,4,0.125000,0.671497,7,0,1000.000,1.249936,0.674683
58848,5,0.125000,0.773948,12,0,1000.000,1.879710,0.664892
58848,6,0.125000,0.852189,10,0,1000.000,1.562966,0.675395
58848,7,0.125000,0.843481,15,0,1000.000,2.022134,0.647596
58896,0,0.125000,0.869408,16,0,1000.000,1.489217,0.691679
58896,1,0.125000,0.790923,20,1,954.500,1.154452,0.658472
58896,2,0.125000,0.874194,13,0,1000.000,1.544199,0.684796
58896,3,0.125000,0.777746,16,0,1000.000,2.009984,0.650083
58896,4,0.125000,0.843987,14,0,1000.000,1.753397,0.652155
58896,5,0.125000,0.765869,22,0,1000.000,1.395638,0.676222
58896,6,0.125000,0.885237,27,0,1000.000,1.908123,0.667362
58896,7,0.125000,0.863626,13,0,1000.000,1.293660,0.684237
58944,0,0.125000,0.896271,19,0,1000.000,1.361467,0.669877
58944,1,0.125000,0.819005,18,0,1000.000,1.481627,0.676402
58944,2,0.125000,0.786178,12,0,1000.000,1.488575,0.688165
58944,3,0.125000,0.836045,18,0,1000.000,1.642917,0.679193
58944,4,0.125000,0.691009,23,0,1000.000,1.785032,0.646259
58944,5,0.125000,0.842694,19,0,1000.000,1.383799,0.685477
58944,6,0.125000,0.750349,19,0,1000.000,1.089124,0.671114
58944,7,0.125000,0.698511,23,1,963.739,1.278638,0.665742
58992,0,0.125000,0.842482,33,0,1000.000,1.577937,0.673953
58992,1,0.125000,0.749586,27,0,1000.000,1.626202,0.659460
58992,2,0.125000,0.837793,22,0,1000.000,1.659506,0.678927
58992,3,0.125000,0.729609,24,0,1000.000,1.470671,0.661128
58992,4,0.125000,0.798086,24,0,1000.000,1.694934,0.651999
58992,5,0.125000,0.736786,30,0,1000.000,1.496059,0.664736
58992,6,0.125000,0.720662,33,0,1000.000,1.506843,0.679070
58992,7,0.125000,0.740103,27,0,1000.000,1.710666,0.657375
59040,0,0.125000,0.769287,30,1,996.367,1.526366,0.666248
59040,1,0.125000,0.790507,22,0,1000.000,1.350798,0.660836
59040,2,0.125000,0.884538,20,0,1000.000,1.683982,0.662425
59040,3,0.125000,0.910138,26,0,1000.000,1.438984,0.684658
59040,4,0.125000,0.848685,23,0,1000.000,1.687753,0.670791
59040,5,0.125000,0.720930,28,0,1000.000,1.509838,0.670374
59040,6,0.125000,0.800547,28,0,1000.000,1.444718,0.671931
59040,7,0.125000,0.835943,26,0,1000.000,1.361489,0.680016
59088,0,0.125000,0.857642,26,1,993.615,1.453146,0.671959
59088,1,0.125000,0.932023,17,0,1000.000,1.726035,0.666907
59088,2,0.125000,0.894565,21,0,1000.000,1.579457,0.668316
59088,3,0.125000,0.675151,21,0,1000.000,1.268230,0.667185
59088,4,0.125000,0.916404,20,0,1000.000,1.926521,0.662741
59088,5,0.125000,0.750125,26,0,1000.000,1.558981,0.669386
59088,6,0.125000,0.791448,21,0,1000.000,1.679078,0.655369
59088,7,0.125000,0.832871,20,0,1000.000,1.516465,0.663549
59136,0,0.125000,0.876021,21,0,1000.000,1.740461,0.652086
59136,1,0.125000,0.809140,23,0,1000.000,1.578222,0.664577
59136,2,0.125000,0.779397,23,0,1000.000,1.297464,0.686284
59136,3,0.125000,0.838184,21,0,1000.000,1.644542,0.661262
59136,4,0.125000,0.800623,22,0,1000.000,1.693531,0.647591
59136,5,0.125000,0.816326,27,0,1000.000,1.957722,0.638615
59136,6,0.125000,0.627315,22,0,1000.000,1.255838,0.681189
59136,7,0.125000,0.789991,30,0,1000.000,1.338877,0.684953
59184,0,0.125000,0.751116,23,0,1000.000,1.584402,0.658976
59184,1,0.125000,0.799319,35,0,1000.000,1.495199,0.674006
59184,2,0.125000,0.831338,27,0,1000.000,1.517895,0.673935
59184,3,0.125000,0.861052,32,0,1000.000,1.280783,0.684935
59184,4,0.125000,0.860134,41,0,1000.000,1.726545,0.666800
59184,5,0.125000,0.766611,33,0,1000.000,1.326397,0.682489
59184,6,0.125000,0.814609,42,0,1000.000,1.519478,0.665241
59184,7,0.125000,0.840399,24,0,1000.000,1.867328,0.662166
59232,0,0.125000,0.811752,29,0,1000.000,1.333492,0.663319
59232,1,0.125000,0.769182,32,0,1000.000,1.455928,0.681268
59232,2,0.125000,0.753096,35,0,1000.000,1.641646,0.650167
59232,3,0.125000,0.834059,39,0,1000.000,1.555244,0.664601
59232,4,0.125000,0.723735,37,0,1000.000,1.551449,0.675359
59232,5,0.125000,0.725516,25,0,1000.000,1.776834,0.654212
59232,6,0.125000,0.858261,38,0,1000.000,1.921897,0.668710
59232,7,0.125000,0.771109,28,0,1000.000,1.404458,0.679715
59280,0,0.125000,0.847366,29,0,1000.000,1.657216,0.648002
59280,1,0.125000,0.741917,35,0,1000.000,1.543715,0.668267
59280,2,0.125000,0.865044,33,0,1000.000,1.761930,0.660903
59280,3,0.125000,0.795807,26,0,1000.000,1.306958,0.666352
59280,4,0.125000,0.847000,33,0,1000.000,1.657530,0.673190
59280,5,0.125000,0.749306,32,0,1000.000,1.402421,0.661872
59280,6,0.125000,0.937398,27,0,1000.000,1.506068,0.682355
59280,7,0.125000,0.788705,25,1,987.760,1.342074,0.675355
59328,0,0.125000,0.722182,40,0,1000.000,1.414358,0.671032
59328,1,0.125000,0.824874,24,0,1000.000,1.146337,0.674304
59328,2,0.125000,0.753494,34,0,1000.000,1.270235,0.688922
59328,3,0.125000,0.788280,27,0,1000.000,1.438112,0.674482
59328,4,0.125000,0.888481,33,0,1000.000,1.419802,0.686181
59328,5,0.125000,0.718835,21,0,1000.000,1.442398,0.671015
59328,6,0.125000,0.851834,34,0,1000.000,1.628714,0.669365
59328,7,0.125000,0.778931,41,0,1000.000,1.479533,0.667615
59376,0,0.125000,0.822978,34,0,1000.000,1.564719,0.679279
59376,1,0.125000,0.820182,34,0,1000.000,1.637697,0.669627
59376,2,0.125000,0.849609,24,0,1000.000,1.347573,0.669537
59376,3,0.125000,0.781951,26,0,1000.000,1.443440,0.675614
59376,4,0.125000,0.819167,23,0,1000.000,1.425787,0.660956
59376,5,0.125000,0.847940,35,0,1000.000,1.430247,0.668383
59376,6,0.125000,0.785493,36,0,1000.000,1.238026,0.677662
59376,7,0.125000,0.943628,31,0,1000.000,1.530844,0.682110
59424,0,0.125000,0.773347,25,0,1000.000,1.594467,0.671541
59424,1,0.125000,0.718331,18,0,1000.000,1.385825,0.660958
59424,2,0.125000,0.862719,20,0,1000.000,1.756984,0.654459
59424,3,0.125000,0.794828,26,0,1000.000,1.427109,0.669438
59424,4,0.125000,0.809946,29,0,1000.000,1.422433,0.675196
59424,5,0.125000,0.793741,19,0,1000.000,1.266686,0.668913
59424,6,0.125000,0.861773,23,0,1000.000,1.474889,0.671025
59424,7,0.125000,0.772947,18,0,1000.000,1.443569,0.669696
59472,0,0.125000,0.833414,29,1,968.103,1.554088,0.662374
59472,1,0.125000,0.706847,33,0,1000.000,1.430984,0.661229
59472,2,0.125000,0.815502,35,0,1000.000,1.578340,0.653539
59472,3,0.125000,0.833645,27,0,1000.000,1.629826,0.674348
59472,4,0.125000,0.808227,28,0,1000.000,1.216293,0.665307
59472,5,0.125000,0.815910,35,0,1000.000,1.542523,0.656323
59472,6,0.125000,0.787772,31,0,1000.000,1.415593,0.685970
59472,7,0.125000,0.810748,29,0,1000.000,1.291160,0.679013
59520,0,0.125000,0.847710,32,0,1000.000,1.316930,0.680808
59520,1,0.125000,0.774814,22,1,957.227,1.578250,0.635357
59520,2,0.125000,0.796396,24,0,1000.000,1.450825,0.671787
59520,3,0.125000,0.822887,31,0,1000.000,1.785950,0.653636
59520,4,0.125000,0.837391,27,0,1000.000,1.272047,0.679477
59520,5,0.125000,0.819838,31,0,1000.000,1.485157,0.681400
59520,6,0.125000,0.850151,33,0,1000.000,1.476528,0.671580
59520,7,0.125000,0.765082,27,0,1000.000,1.357944,0.672988
59568,0,0.125000,0.863749,14,0,1000.000,1.643563,0.681378
59568,1,0.125000,0.729790,18,0,1000.000,1.133511,0.659562
59568,2,0.125000,0.774285,28,0,1000.000,1.074622,0.674331
59568,3,0.125000,0.737925,14,0,1000.000,1.474796,0.670856
59568,4,0.125000,0.854981,28,0,1000.000,1.160929,0.697257
59568,5,0.125000,0.924325,17,0,1000.000,1.878286,0.655736
59568,6,0.125000,0.877982,17,0,1000.000,1.612212,0.671031
59568,7,0.125000,0.818120,25,0,1000.000,1.467743,0.682255
59616,0,0.125000,0.919955,25,0,1000.000,1.621280,0.669684
59616,1,0.125000,0.885015,16,0,1000.000,1.466090,0.659688
59616,2,0.125000,0.806089,16,0,1000.000,1.593590,0.664112
59616,3,0.125000,0.800971,15,0,1000.000,1.619589,0.672838
59616,4,0.125000,0.724500,18,0,1000.000,1.458437,0.659417
59616,5,0.125000,0.709717,22,0,1000.000,1.531578,0.663633
59616,6,0.125000,0.869942,16,0,1000.000,1.512226,0.663291
59616,7,0.125000,0.798663,19,0,1000.000,1.210291,0.674549
59664,0,0.125000,0.865038,25,0,1000.000,1.190279,0.664661
59664,1,0.125000,0.748167,28,0,1000.000,1.542885,0.662071
59664,2,0.125000,0.801206,29,0,1000.000,1.377688,0.668737
59664,3,0.125000,0.845896,31,0,1000.000,1.537073,0.674153
59664,4,0.125000,0.869294,27,0,1000.000,1.483644,0.675610
59664,5,0.125000,0.646092,23,0,1000.000,1.421580,0.676591
59664,6,0.125000,0.889519,26,0,1000.000,1.612745,0.668069
59664,7,0.125000,0.752096,22,0,1000.000,1.721307,0.664429
59712,0,0.125000,0.836545,27,0,1000.000,1.318890,0.682312
59712,1,0.125000,0.712997,29,1,966.759,1.449439,0.658226
59712,2,0.125000,0.768754,32,0,1000.000,1.551746,0.662713
59712,3,0.125000,0.752882,28,0,1000.000,1.456960,0.672152
59712,4,0.125000,0.800949,35,0,1000.000,1.373405,0.683817
59712,5,0.125000,0.929116,25,0,1000.000,1.726258,0.668251
59712,6,0.125000,0.883471,31,0,1000.000,1.201849,0.678414
59712,7,0.125000,0.820587,20,0,1000.000,1.807688,0.666981
59760,0,0.125000,0.776056,24,0,1000.000,1.197397,0.674848
59760,1,0.125000,0.636744,21,1,954.667,1.342791,0.643452
59760,2,0.125000,0.763332,21,0,1000.000,1.220201,0.667888
59760,3,0.125000,0.871938,13,0,1000.000,1.410630,0.679691
59760,4,0.125000,0.872078,15,0,1000.000,1.341900,0.689482
59760,5,0.125000,0.791003,14,0,1000.000,1.612846,0.674009
59760,6,0.125000,0.851617,17,0,1000.000,1.756919,0.659295
59760,7,0.125000,0.905206,22,0,1000.000,1.305060,0.685033
59808,0,0.125000,0.759646,12,0,1000.000,1.427982,0.666551
59808,1,0.125000,0.893820,19,0,1000.000,1.353769,0.666620
59808,2,0.125000,0.804876,16,0,1000.000,1.922228,0.659766
59808,3,0.125000,0.672562,20,0,1000.000,0.922928,0.684704
59808,4,0.125000,0.813517,21,0,1000.000,1.199718,0.681950
59808,5,0.125000,0.688082,12,0,1000.000,1.907597,0.664929
59808,6,0.125000,0.547109,14,0,1000.000,0.802285,0.675964
59808,7,0.125000,0.854991,18,0,1000.000,1.955162,0.647117
59856,0,0.125000,0.862008,12,0,1000.000,1.408188,0.669051
59856,1,0.125000,0.934277,12,0,1000.000,1.608529,0.672515
59856,2,0.125000,0.607735,9,0,1000.000,1.213153,0.645604
59856,3,0.125000,0.894737,17,0,1000.000,1.241803,0.687161
59856,4,0.125000,0.877338,13,0,1000.000,1.131834,0.668875
59856,5,0.125000,0.896185,10,0,1000.000,2.150108,0.629670
59856,6,0.125000,0.802170,10,1,938.800,1.414509,0.660948
59856,7,0.125000,0.825532,18,0,1000.000,1.651023,0.670520
59904,0,0.125000,0.836343,19,0,1000.000,1.345919,0.671674
59904,1,0.125000,0.811592,14,0,1000.000,1.354455,0.680651
59904,2,0.125000,0.850473,12,0,1000.000,1.569666,0.672224
59904,3,0.125000,0.835971,19,0,1000.000,1.292369,0.659959
59904,4,0.125000,0.739072,18,0,1000.000,1.294539,0.684657
59904,5,0.125000,0.842104,23,0,1000.000,1.697164,0.672423
59904,6,0.125000,0.696787,24,0,1000.000,1.159027,0.671584
59904,7,0.125000,0.853028,25,0,1000.000,1.540308,0.669263
59952,0,0.125000,0.724416,21,0,1000.000,1.198260,0.688009
59952,1,0.125000,0.788027,13,0,1000.000,1.653834,0.683349
59952,2,0.125000,0.759419,24,0,1000.000,1.439592,0.661260
59952,3,0.125000,0.864223,29,0,1000.000,1.510984,0.670512
59952,4,0.125000,0.781009,30,0,1000.000,1.276286,0.681762
59952,5,0.125000,0.827539,24,0,1000.000,1.378173,0.675138
59952,6,0.125000,0.748230,15,0,1000.000,1.340429,0.684607
59952,7,0.125000,0.782118,15,0,1000.000,1.846352,0.641729
60000,0,0.125000,0.758299,26,0,1000.000,1.393237,0.671996
60000,1,0.125000,0.869265,30,1,979.867,1.331605,0.679382
60000,2,0.125000,0.909214,26,0,1000.000,1.512307,0.686195
60000,3,0.125000,0.924005,20,0,1000.000,1.931934,0.657388
60000,4,0.125000,0.772239,20,0,1000.000,1.496648,0.651025
60000,5,0.125000,0.923772,29,0,1000.000,1.451336,0.661460
60000,6,0.125000,0.932626,26,0,1000.000,1.596122,0.668326
60000,7,0.125000,0.863502,28,0,1000.000,1.582698,0.669187
60048,0,0.125000,0.834033,21,0,1000.000,1.667347,0.670618
60048,1,0.125000,0.787933,15,0,1000.000,1.502562,0.657709
60048,2,0.125000,0.930616,30,0,1000.000,1.543623,0.682818
60048,3,0.125000,0.882129,20,0,1000.000,1.781644,0.656998
60048,4,0.125000,0.871214,18,0,1000.000,1.944623,0.668641
60048,5,0.125000,0.836803,38,0,1000.000,1.431187,0.686391
60048,6,0.125000,0.809745,22,0,1000.000,1.440042,0.682609
60048,7,0.125000,0.651780,36,0,1000.000,0.974237,0.674182
60096,0,0.125000,0.867891,17,0,1000.000,1.628433,0.669903
60096,1,0.125000,0.752065,17,0,1000.000,1.449417,0.680310
60096,2,0.125000,0.878320,30,0,1000.000,1.445921,0.670250
60096,3,0.125000,0.924645,18,0,1000.000,1.618495,0.667297
60096,4,0.125000,0.743654,33,1,970.758,1.300636,0.672079
60096,5,0.125000,0.955442,19,0,1000.000,1.331156,0.673990
60096,6,0.125000,0.763668,18,0,1000.000,1.740143,0.674906
60096,7,0.125000,0.804278,16,0,1000.000,1.422501,0.666991
60144,0,0.125000,0.798001,28,0,1000.000,1.416170,0.668038
60144,1,0.125000,0.846639,23,0,1000.000,1.574499,0.666311
60144,2,0.125000,0.814844,29,0,1000.000,1.441747,0.687076
60144,3,0.125000,0.861865,30,0,1000.000,1.642441,0.672896
60144,4,0.125000,0.932231,20,0,1000.000,1.826680,0.656668
60144,5,0.125000,0.806826,32,0,1000.000,1.550200,0.667293
60144,6,0.125000,0.831944,30,1,985.967,1.676065,0.664975
60144,7,0.125000,0.764199,19,0,1000.000,1.644677,0.669135
60192,0,0.125000,0.862015,42,0,1000.000,1.650433,0.666120
60192,1,0.125000,0.845248,41,0,1000.000,1.499274,0.679734
60192,2,0.125000,0.855240,34,0,1000.000,1.392028,0.673886
60192,3,0.125000,0.819417,25,0,1000.000,1.481552,0.675740
60192,4,0.125000,0.668797,25,0,1000.000,1.297476,0.681924
60192,5,0.125000,0.773699,24,0,1000.000,1.375117,0.674025
60192,6,0.125000,0.733866,34,0,1000.000,1.519396,0.664413
60192,7,0.125000,0.799602,34,0,1000.000,1.343030,0.679196
60240,0,0.125000,0.831378,22,0,1000.000,1.552083,0.656609
60240,1,0.125000,0.870414,39,0,1000.000,1.665579,0.663189
60240,2,0.125000,0.738668,36,0,1000.000,1.444319,0.666280
60240,3,0.125000,0.845586,35,0,1000.000,1.617122,0.658133
60240,4,0.125000,0.794923,36,0,1000.000,1.625912,0.663569
60240,5,0.125000,0.840700,37,0,1000.000,1.831295,0.666261
60240,6,0.125000,0.847053,33,0,1000.000,1.835510,0.653085
60240,7,0.125000,0.820770,30,0,1000.000,1.615897,0.671308
60288,0,0.125000,0.651823,30,0,1000.000,1.324646,0.673596
60288,1,0.125000,0.871301,30,0,1000.000,1.425781,0.668248
60288,2,0.125000,0.887813,33,0,1000.000,1.802196,0.659957
60288,3,0.125000,0.837463,19,0,1000.000,1.401409,0.699440
60288,4,0.125000,0.829585,32,0,1000.000,1.220360,0.670696
60288,5,0.125000,0.794691,34,0,1000.000,1.550317,0.671084
60288,6,0.125000,0.839029,36,0,1000.000,1.195371,0.683598
60288,7,0.125000,0.738975,22,0,1000.000,1.526683,0.669548
60336,0,0.125000,0.835111,32,0,1000.000,1.640806,0.670136
60336,1,0.125000,0.808208,40,0,1000.000,1.295735,0.688943
60336,2,0.125000,0.853399,31,0,1000.000,1.350169,0.675750
60336,3,0.125000,0.659970,24,0,1000.000,1.180863,0.671973
60336,4,0.125000,0.860934,35,0,1000.000,1.671448,0.666913
60336,5,0.125000,0.809533,28,0,1000.000,1.286296,0.672283
60336,6,0.125000,0.760907,34,0,1000.000,1.621783,0.670285
60336,7,0.125000,0.768309,36,0,1000.000,1.610870,0.662610
60384,0,0.125000,0.766526,37,0,1000.000,1.525801,0.659208
60384,1,0.125000,0.773334,25,0,1000.000,1.596093,0.673741
60384,2,0.125000,0.732411,25,0,1000.000,1.527942,0.672397
60384,3,0.125000,0.851403,28,0,1000.000,1.692765,0.660197
60384,4,0.125000,0.846579,23,0,1000.000,1.586403,0.663773
60384,5,0.125000,0.876101,29,0,1000.000,1.469866,0.674133
60384,6,0.125000,0.741785,29,0,1000.000,1.210286,0.666194
60384,7,0.125000,0.781650,31,0,1000.000,1.541029,0.665741
60432,0,0.125000,0.745460,22,0,1000.000,1.567802,0.652545
60432,1,0.125000,0.792321,24,0,1000.000,1.642383,0.642895
60432,2,0.125000,0.852642,19,0,1000.000,1.270996,0.697090
60432,3,0.125000,0.874551,19,0,1000.000,1.709658,0.661600
60432,4,0.125000,0.885359,27,0,1000.000,1.965319,0.666206
60432,5,0.125000,0.838158,23,0,1000.000,1.552699,0.655814
60432,6,0.125000,0.884443,21,0,1000.000,1.576651,0.657007
60432,7,0.125000,0.786658,24,0,1000.000,1.293877,0.670078
60480,0,0.125000,0.776309,38,0,1000.000,1.439199,0.667322
60480,1,0.125000,0.735654,25,0,1000.000,1.534902,0.674685
60480,2,0.125000,0.761113,33,0,1000.000,1.533487,0.673730
60480,3,0.125000,0.832630,47,0,1000.000,1.394272,0.668584
60480,4,0.125000,0.759778,27,0,1000.000,1.280546,0.664005
60480,5,0.125000,0.850237,28,0,1000.000,1.795422,0.678358
60480,6,0.125000,0.821720,26,0,1000.000,1.486076,0.666620
60480,7,0.125000,0.772486,32,0,1000.000,1.588745,0.663293
60528,0,0.125000,0.746769,19,0,1000.000,1.297707,0.678864
60528,1,0.125000,0.765644,23,0,1000.000,1.429022,0.679694
60528,2,0.125000,0.762970,23,0,1000.000,1.350527,0.668125
60528,3,0.125000,0.657380,26,0,1000.000,1.215914,0.698423
60528,4,0.125000,0.881906,33,0,1000.000,1.512447,0.679730
60528,5,0.125000,0.710077,29,0,1000.000,1.446430,0.673885
60528,6,0.125000,0.851991,27,0,1000.000,1.664667,0.665883
60528,7,0.125000,0.814529,30,0,1000.000,1.377980,0.680590
60576,0,0.125000,0.818461,23,1,967.391,1.477440,0.668841
60576,1,0.125000,0.764665,22,0,1000.000,1.478939,0.673079
60576,2,0.125000,0.743200,13,0,1000.000,1.666163,0.641505
60576,3,0.125000,0.928387,22,0,1000.000,1.767997,0.671320
60576,4,0.125000,0.824438,15,0,1000.000,1.427621,0.668492
60576,5,0.125000,0.844708,24,0,1000.000,1.662488,0.677811
60576,6,0.125000,0.813907,11,0,1000.000,2.377842,0.628755
60576,7,0.125000,0.805677,26,0,1000.000,1.214558,0.697756
60624,0,0.125000,0.933600,12,0,1000.000,1.538398,0.670039
60624,1,0.125000,0.837321,20,0,1000.000,1.608150,0.672197
60624,2,0.125000,0.820568,24,0,1000.000,1.365245,0.649087
60624,3,0.125000,0.901725,18,0,1000.000,1.220906,0.672376
60624,4,0.125000,0.929549,21,0,1000.000,1.552268,0.667452
60624,5,0.125000,0.948789,15,0,1000.000,1.334456,0.678624
60624,6,0.125000,0.701253,16,0,1000.000,1.530743,0.669301
60624,7,0.125000,0.762601,21,0,1000.000,1.353555,0.672785
60672,0,0.125000,0.802190,24,0,1000.000,1.536828,0.657348
60672,1,0.125000,0.927595,25,0,1000.000,1.719567,0.668309
60672,2,0.125000,0.751244,23,1,959.609,1.143624,0.664724
60672,3,0.125000,0.899705,30,0,1000.000,1.586046,0.675375
60672,4,0.125000,0.802068,42,0,1000.000,1.392697,0.688126
60672,5,0.125000,0.699095,32,0,1000.000,1.330090,0.678773
60672,6,0.125000,0.803989,30,0,1000.000,1.549492,0.674650
60672,7,0.125000,0.722234,23,0,1000.000,1.601828,0.667321
60720,0,0.125000,0.840932,24,0,1000.000,1.781623,0.652909
60720,1,0.125000,0.810771,28,0,1000.000,1.728672,0.650072
60720,2,0.125000,0.833501,27,0,1000.000,1.435162,0.680170
60720,3,0.125000,0.841176,26,0,1000.000,1.843972,0.662594
60720,4,0.125000,0.791568,18,0,1000.000,1.287879,0.676535
60720,5,0.125000,0.866504,26,0,1000.000,1.671052,0.678038
60720,6,0.125000,0.818031,24,0,1000.000,1.544112,0.675585
60720,7,0.125000,0.728484,26,0,1000.000,1.566069,0.658141
60768,0,0.125000,0.745299,20,0,1000.000,1.338462,0.658595
60768,1,0.125000,0.743194,12,0,1000.000,1.718121,0.653977
60768,2,0.125000,0.732244,17,0,1000.000,1.683857,0.647183
60768,3,0.125000,0.688763,18,0,1000.000,1.227269,0.704565
60768,4,0.125000,0.793586,22,0,1000.000,1.764209,0.660500
60768,5,0.125000,0.840418,22,0,1000.000,1.751041,0.665002
60768,6,0.125000,0.835241,25,0,1000.000,1.663948,0.652071
60768,7,0.125000,0.790904,18,0,1000.000,1.876444,0.639168
60816,0,0.125000,0.882918,20,0,1000.000,1.766380,0.674358
60816,1,0.125000,0.833623,11,0,1000.000,1.705423,0.658814
60816,2,0.125000,0.772190,14,0,1000.000,1.775870,0.651861
60816,3,0.125000,0.795867,14,0,1000.000,1.524320,0.664406
60816,4,0.125000,0.889764,20,0,1000.000,1.388014,0.679522
60816,5,0.125000,0.797471,20,0,1000.000,1.440084,0.683914
60816,6,0.125000,0.726057,19,1,979.000,1.135766,0.689801
60816,7,0.125000,0.879231,13,0,1000.000,1.990948,0.639306
60864,0,0.125000,0.926413,13,0,1000.000,1.617905,0.672733
60864,1,0.125000,0.943755,14,0,1000.000,1.421405,0.660443
60864,2,0.125000,0.657995,13,0,1000.000,1.028543,0.686933
60864,3,0.125000,0.716789,21,0,1000.000,1.329602,0.690410
60864,4,0.125000,0.847091,10,0,1000.000,1.348650,0.648449
60864,5,0.125000,0.930322,12,0,1000.000,1.689432,0.673775
60864,6,0.125000,0.933989,11,0,1000.000,1.595669,0.672194
60864,7,0.125000,0.749711,5,0,1000.000,1.481604,0.707001
60912,0,0.125000,0.902517,20,0,1000.000,1.432532,0.666694
60912,1,0.125000,0.748582,25,0,1000.000,1.391863,0.662025
60912,2,0.125000,0.807960,22,0,1000.000,1.250657,0.663410
60912,3,0.125000,0.804829,23,0,1000.000,1.593131,0.671042
60912,4,0.125000,0.867915,15,0,1000.000,1.629311,0.671222
60912,5,0.125000,0.843052,19,0,1000.000,1.413055,0.682369
60912,6,0.125000,0.733695,19,0,1000.000,1.246855,0.666169
60912,7,0.125000,0.871959,22,0,1000.000,1.907992,0.661425
60960,0,0.125000,0.838273,19,0,1000.000,1.894435,0.665505
60960,1,0.125000,0.867218,17,0,1000.000,1.774034,0.673496
60960,2,0.125000,0.883223,16,0,1000.000,1.519964,0.687813
60960,3,0.125000,0.754000,26,0,1000.000,1.450781,0.671339
60960,4,0.125000,0.756610,29,0,1000.000,1.417882,0.675373
60960,5,0.125000,0.809981,28,0,1000.000,1.153879,0.681617
60960,6,0.125000,0.788277,19,0,1000.000,1.377112,0.682704
60960,7,0.125000,0.895048,21,0,1000.000,1.502850,0.658768
61008,0,0.125000,0.738096,34,0,1000.000,1.424222,0.674413
61008,1,0.125000,0.787065,27,0,1000.000,1.466680,0.662207
61008,2,0.125000,0.799639,26,0,1000.000,1.394241,0.668549
61008,3,0.125000,0.819792,25,0,1000.000,1.334147,0.679390
61008,4,0.125000,0.929382,25,0,1000.000,1.517194,0.662156
61008,5,0.125000,0.898793,23,0,1000.000,1.698118,0.676949
61008,6,0.125000,0.800276,30,0,1000.000,1.657184,0.677274
61008,7,0.125000,0.870259,25,0,1000.000,1.375356,0.685430
61056,0,0.125000,0.946237,22,0,1000.000,1.237739,0.680213
61056,1,0.125000,0.725606,22,0,1000.000,1.435366,0.675293
61056,2,0.125000,0.825717,22,0,1000.000,1.812963,0.657596
61056,3,0.125000,0.826337,34,0,1000.000,1.350455,0.674307
61056,4,0.125000,0.780054,27,0,1000.000,1.617398,0.668858
61056,5,0.125000,0.858070,17,0,1000.000,1.833911,0.663143
61056,6,0.125000,0.869518,29,0,1000.000,1.588759,0.672592
61056,7,0.125000,0.956461,17,0,1000.000,1.155483,0.690871
61104,0,0.125000,0.819268,15,1,962.933,1.113152,0.660767
61104,1,0.125000,0.869700,19,0,1000.000,1.701975,0.664859
61104,2,0.125000,0.798545,20,0,1000.000,1.818690,0.640234
61104,3,0.125000,0.679860,22,0,1000.000,1.449583,0.673667
61104,4,0.125000,0.910088,27,0,1000.000,1.334825,0.694970
61104,5,0.125000,0.816722,21,0,1000.000,1.647795,0.657576
61104,6,0.125000,0.692291,13,0,1000.000,1.634954,0.648845
61104,7,0.125000,0.851686,23,0,1000.000,1.610254,0.671960
61152,0,0.125000,0.879246,27,0,1000.000,1.320852,0.674153
61152,1,0.125000,0.862276,42,0,1000.000,1.475881,0.667537
61152,2,0.125000,0.819032,30,0,1000.000,1.344904,0.674035
61152,3,0.125000,0.845217,28,0,1000.000,1.114726,0.686718
61152,4,0.125000,0.939901,15,0,1000.000,1.732734,0.665856
61152,5,0.125000,0.869390,28,0,1000.000,1.502000,0.658726
61152,6,0.125000,0.891877,31,0,1000.000,1.858368,0.662093
61152,7,0.125000,0.824491,25,0,1000.000,1.309628,0.667156
61200,0,0.125000,0.841832,41,0,1000.000,1.864769,0.665752
61200,1,0.125000,0.875455,30,0,1000.000,1.514425,0.671898
61200,2,0.125000,0.811979,19,0,1000.000,1.599981,0.655320
61200,3,0.125000,0.828789,42,0,1000.000,1.657129,0.660754
61200,4,0.125000,0.826474,34,0,1000.000,1.572625,0.676228
61200,5,0.125000,0.797046,31,0,1000.000,1.667191,0.654472
61200,6,0.125000,0.774563,36,0,1000.000,1.509877,0.664924
61200,7,0.125000,0.794109,34,0,1000.000,1.457317,0.669839
61248,0,0.125000,0.756728,31,0,1000.000,1.341874,0.665037
61248,1,0.125000,0.692748,29,0,1000.000,1.251031,0.666096
61248,2,0.125000,0.849855,46,0,1000.000,1.640651,0.654388
61248,3,0.125000,0.774943,23,0,1000.000,1.469384,0.672566
61248,4,0.125000,0.770626,28,0,1000.000,1.228211,0.672132
61248,5,0.125000,0.807656,31,0,1000.000,1.520079,0.664071
61248,6,0.125000,0.879351,37,0,1000.000,1.468606,0.665388
61248,7,0.125000,0.842412,34,0,1000.000,1.601614,0.661962
61296,0,0.125000,0.847320,26,0,1000.000,1.913980,0.655000
61296,1,0.125000,0.764555,32,0,1000.000,1.213097,0.671245
61296,2,0.125000,0.873466,19,0,1000.000,1.617434,0.669584
61296,3,0.125000,0.760977,29,0,1000.000,1.509953,0.664393
61296,4,0.125000,0.770048,35,0,1000.000,1.518527,0.671084
61296,5,0.125000,0.891002,38,0,1000.000,1.499560,0.686104
61296,6,0.125000,0.741572,36,0,1000.000,1.479741,0.666801
61296,7,0.125000,0.947318,23,0,1000.000,1.518221,0.677451
61344,0,0.125000,0.837565,25,0,1000.000,1.636003,0.664672
61344,1,0.125000,0.901617,34,0,1000.000,1.767730,0.669546
61344,2,0.125000,0.814931,38,0,1000.000,1.547715,0.675189
61344,3,0.125000,0.717063,31,0,1000.000,1.322468,0.673943
61344,4,0.125000,0.851541,32,0,1000.000,1.614626,0.677170
61344,5,0.125000,0.861669,25,0,1000.000,1.524468,0.664015
61344,6,0.125000,0.773778,38,0,1000.000,1.627970,0.672517
61344,7,0.125000,0.774667,36,0,1000.000,1.470461,0.668770
61392,0,0.125000,0.710386,24,1,968.667,1.078361,0.670265
61392,1,0.125000,0.835260,26,0,1000.000,1.395150,0.673360
61392,2,0.125000,0.854979,27,0,1000.000,1.629212,0.660240
61392,3,0.125000,0.778569,26,0,1000.000,1.437985,0.666516
61392,4,0.125000,0.798139,24,0,1000.000,1.553128,0.661895
61392,5,0.125000,0.831798,27,0,1000.000,1.523617,0.664293
61392,6,0.125000,0.870429,25,0,1000.000,1.254007,0.671403
61392,7,0.125000,0.809418,27,0,1000.000,1.446670,0.655286
61440,0,0.125000,0.809383,31,0,1000.000,1.393348,0.673635
61440,1,0.125000,0.850179,23,0,1000.000,1.496882,0.667506
61440,2,0.125000,0.897183,24,0,1000.000,1.462828,0.672901
61440,3,0.125000,0.746610,21,0,1000.000,1.460151,0.661744
61440,4,0.125000,0.828622,26,0,1000.000,1.351087,0.687253
61440,5,0.125000,0.744121,33,0,1000.000,1.509952,0.666656
61440,6,0.125000,0.786426,17,0,1000.000,1.761720,0.659656
61440,7,0.125000,0.742743,20,0,1000.000,1.520805,0.684823
61488,0,0.125000,0.874143,32,1,971.438,1.562337,0.673301
61488,1,0.125000,0.947058,37,0,1000.000,1.305418,0.682563
61488,2,0.125000,0.859075,28,0,1000.000,1.722350,0.665576
61488,3,0.125000,0.863777,29,0,1000.000,1.610462,0.668402
61488,4,0.125000,0.809158,36,0,1000.000,1.722509,0.661795
61488,5,0.125000,0.852639,41,0,1000.000,1.748485,0.667088
61488,6,0.125000,0.827093,27,0,1000.000,1.313685,0.676091
61488,7,0.125000,0.726030,37,0,1000.000,1.357923,0.669499
61536,0,0.125000,0.868299,19,1,983.526,1.810219,0.650690
61536,1,0.125000,0.778157,30,0,1000.000,1.238122,0.667485
61536,2,0.125000,0.915809,19,0,1000.000,1.805375,0.661491
61536,3,0.125000,0.822871,21,0,1000.000,1.794799,0.661702
61536,4,0.125000,0.891943,26,0,1000.000,1.882984,0.664734
61536,5,0.125000,0.860644,26,1,963.000,1.655028,0.670499
61536,6,0.125000,0.855265,29,0,1000.000,1.585321,0.664364
61536,7,0.125000,0.897909,25,0,1000.000,1.828784,0.661121
61632,0,0.125000,0.908547,39,0,1000.000,1.444225,0.663725
61632,1,0.125000,0.828299,41,0,1000.000,1.265126,0.674275
61632,2,0.125000,0.818419,35,0,1000.000,1.546506,0.671829
61632,3,0.125000,0.871629,44,0,1000.000,1.400197,0.674196
61632,4,0.125000,0.722358,32,1,970.344,1.400649,0.658398
61632,5,0.125000,0.815061,44,0,1000.000,1.447967,0.675973
61632,6,0.125000,0.779906,35,1,973.000,1.268070,0.669959
61632,7,0.125000,0.817249,41,1,998.122,1.478048,0.666697
61680,0,0.125000,0.855962,24,1,961.458,1.256498,0.651719
61680,1,0.125000,0.808245,31,0,1000.000,1.442578,0.670204
61680,2,0.125000,0.830619,28,0,1000.000,1.654338,0.662415
61680,3,0.125000,0.819170,33,0,1000.000,1.510119,0.662478
61680,4,0.125000,0.710210,23,0,1000.000,0.965870,0.687817
61680,5,0.125000,0.851341,35,0,1000.000,1.452548,0.681264
61680,6,0.125000,0.833681,30,0,1000.000,1.439362,0.663641
61680,7,0.125000,0.856856,29,0,1000.000,1.603740,0.680694
61728,0,0.125000,0.879985,24,0,1000.000,1.489375,0.663711
61728,1,0.125000,0.676391,24,0,1000.000,1.500188,0.650946
61728,2,0.125000,0.849302,23,0,1000.000,1.602760,0.679516
61728,3,0.125000,0.852782,22,0,1000.000,1.154092,0.667186
61728,4,0.125000,0.811832,30,0,1000.000,1.345478,0.681430
61728,5,0.125000,0.946129,17,0,1000.000,1.541946,0.677921
61728,6,0.125000,0.915860,23,0,1000.000,1.741575,0.667145
61728,7,0.125000,0.772560,27,1,978.556,1.643377,0.643976
61776,0,0.125000,0.752606,19,0,1000.000,0.952299,0.675423
61776,1,0.125000,0.849230,17,0,1000.000,1.106710,0.689417
61776,2,0.125000,0.789452,18,0,1000.000,1.498698,0.671814
61776,3,0.125000,0.865608,18,0,1000.000,1.613383,0.670926
61776,4,0.125000,0.783999,21,0,1000.000,1.468187,0.658051
61776,5,0.125000,0.754724,21,0,1000.000,1.182398,0.673250
61776,6,0.125000,0.746179,20,0,1000.000,1.427162,0.669673
61776,7,0.125000,0.913835,17,0,1000.000,1.573993,0.662005
61872,0,0.125000,0.757632,35,0,1000.000,1.293012,0.688700
61872,1,0.125000,0.875230,26,0,1000.000,1.724549,0.644871
61872,2,0.125000,0.860369,27,0,1000.000,1.455468,0.662396
61872,3,0.125000,0.803381,29,0,1000.000,1.353678,0.674134
61872,4,0.125000,0.787084,26,0,1000.000,1.357285,0.673101
61872,5,0.125000,0.770788,29,0,1000.000,1.465529,0.657285
61872,6,0.125000,0.902521,28,0,1000.000,1.401375,0.663335
61872,7,0.125000,0.851072,30,0,1000.000,1.590181,0.662811
61920,0,0.125000,0.823897,21,0,1000.000,1.554609,0.647848
61920,1,0.125000,0.763387,21,0,1000.000,1.168829,0.682522
61920,2,0.125000,0.838658,25,0,1000.000,1.594455,0.652470
61920,3,0.125000,0.825129,17,0,1000.000,1.479867,0.674298
61920,4,0.125000,0.792125,28,0,1000.000,1.587841,0.655089
61920,5,0.125000,0.932626,11,0,1000.000,1.709260,0.695562
61920,6,0.125000,0.833302,20,0,1000.000,1.547260,0.675412
61920,7,0.125000,0.835767,22,0,1000.000,1.614919,0.663255
61968,0,0.125000,0.928663,16,0,1000.000,1.644950,0.663192
61968,1,0.125000,0.823268,28,0,1000.000,1.744311,0.649756
61968,2,0.125000,0.848017,24,0,1000.000,1.461127,0.665109
61968,3,0.125000,0.795611,27,0,1000.000,1.485052,0.663968
61968,4,0.125000,0.892271,26,0,1000.000,1.594806,0.670590
61968,5,0.125000,0.803985,20,0,1000.000,1.040726,0.670470
61968,6,0.125000,0.853041,21,0,1000.000,1.980292,0.643145
61968,7,0.125000,0.764123,15,0,1000.000,1.775610,0.642884
62016,0,0.125000,0.910694,25,1,970.840,1.456524,0.677454
62016,1,0.125000,0.823774,29,0,1000.000,1.474306,0.664720
62016,2,0.125000,0.808584,25,1,961.400,1.301470,0.654600
62016,3,0.125000,0.806619,25,0,1000.000,1.579417,0.663092
62016,4,0.125000,0.888175,25,0,1000.000,1.687267,0.662962
62016,5,0.125000,0.861255,18,0,1000.000,1.528627,0.672379
62016,6,0.125000,0.811212,24,0,1000.000,1.484149,0.673899
62016,7,0.125000,0.834875,39,0,1000.000,1.440353,0.660753
62064,0,0.125000,0.759208,25,0,1000.000,1.566442,0.665819
62064,1,0.125000,0.724457,17,0,1000.000,1.263667,0.675053
62064,2,0.125000,0.806237,29,0,1000.000,1.519923,0.674947
62064,3,0.125000,0.736928,15,0,1000.000,1.253784,0.668530
62064,4,0.125000,0.833333,33,0,1000.000,1.530625,0.658813
62064,5,0.125000,0.851352,19,0,1000.000,1.303720,0.679021
62064,6,0.125000,0.800054,30,0,1000.000,1.715507,0.662825
62064,7,0.125000,0.768015,24,0,1000.000,1.581045,0.672423
62112,0,0.125000,0.756511,20,0,1000.000,1.375052,0.638715
62112,1,0.125000,0.825170,14,0,1000.000,2.007288,0.643721
62112,2,0.125000,0.782092,18,0,1000.000,1.343218,0.673683
62112,3,0.125000,0.931709,27,0,1000.000,1.634923,0.670994
62112,4,0.125000,0.785173,29,0,1000.000,1.712501,0.647752
62112,5,0.125000,0.943401,18,0,1000.000,1.604026,0.690554
62112,6,0.125000,0.825461,24,0,1000.000,1.371665,0.682668
62112,7,0.125000,0.858259,21,0,1000.000,1.390602,0.686688
62160,0,0.125000,0.876663,34,0,1000.000,1.365899,0.667110
62160,1,0.125000,0.657207,35,0,1000.000,1.331780,0.658342
62160,2,0.125000,0.781523,26,0,1000.000,1.493132,0.651827
62160,3,0.125000,0.832648,21,0,1000.000,1.688895,0.651210
62160,4,0.125000,0.863572,38,0,1000.000,1.528756,0.673003
62160,5,0.125000,0.799856,29,0,1000.000,1.556913,0.664827
62160,6,0.125000,0.829987,31,0,1000.000,1.759880,0.675024
62160,7,0.125000,0.807888,23,0,1000.000,1.662078,0.668799
62208,0,0.125000,0.753422,31,0,1000.000,1.242859,0.656179
62208,1,0.125000,0.833335,46,0,1000.000,1.364638,0.672378
62208,2,0.125000,0.852562,30,0,1000.000,1.248163,0.685522
62208,3,0.125000,0.844294,32,0,1000.000,1.421088,0.679519
62208,4,0.125000,0.891049,34,0,1000.000,1.598770,0.649259
62208,5,0.125000,0.822691,28,0,1000.000,1.421897,0.664473
62208,6,0.125000,0.702688,34,0,1000.000,1.414128,0.661544
62208,7,0.125000,0.789960,37,0,1000.000,1.212641,0.682438
62256,0,0.125000,0.820152,29,0,1000.000,1.577615,0.650307
62256,1,0.125000,0.779883,35,0,1000.000,1.605591,0.660577
62256,2,0.125000,0.799244,31,0,1000.000,1.506894,0.652597
62256,3,0.125000,0.748903,24,0,1000.000,1.260200,0.669658
62256,4,0.125000,0.852979,31,0,1000.000,1.814597,0.652711
62256,5,0.125000,0.836290,31,0,1000.000,1.467117,0.675213
62256,6,0.125000,0.955191,20,0,1000.000,1.355540,0.682871
62256,7,0.125000,0.878770,45,0,1000.000,1.271656,0.672795
62304,0,0.125000,0.932077,28,0,1000.000,1.619843,0.675574
62304,1,0.125000,0.826563,41,0,1000.000,1.658197,0.665029
62304,2,0.125000,0.865797,27,0,1000.000,1.432938,0.672180
62304,3,0.125000,0.829529,31,0,1000.000,1.578599,0.679561
62304,4,0.125000,0.929073,21,0,1000.000,1.581645,0.670773
62304,5,0.125000,0.750500,37,0,1000.000,1.562089,0.668202
62304,6,0.125000,0.667222,36,0,1000.000,1.345715,0.657734
62304,7,0.125000,0.842471,22,0,1000.000,1.424757,0.664427
62352,0,0.125000,0.791805,34,1,974.647,1.316310,0.661448
62352,1,0.125000,0.777648,33,0,1000.000,1.428413,0.660636
62352,2,0.125000,0.901557,32,0,1000.000,1.685106,0.663260
62352,3,0.125000,0.835468,29,0,1000.000,1.417411,0.682537
62352,4,0.125000,0.809957,29,0,1000.000,1.387572,0.685718
62352,5,0.125000,0.799143,40,0,1000.000,1.322233,0.672576
62352,6,0.125000,0.847594,25,1,989.400,1.562788,0.657744
62352,7,0.125000,0.782871,32,0,1000.000,1.480629,0.663114
62400,0,0.125000,0.803462,30,0,1000.000,1.349326,0.664291
62400,1,0.125000,0.892467,21,0,1000.000,1.405959,0.680266
62400,2,0.125000,0.810933,27,0,1000.000,1.683717,0.654625
62400,3,0.125000,0.763552,28,0,1000.000,1.458116,0.671602
62400,4,0.125000,0.825888,22,0,1000.000,1.510790,0.649756
62400,5,0.125000,0.818632,25,0,1000.000,1.527019,0.682824
62400,6,0.125000,0.784672,26,0,1000.000,1.520969,0.672998
62400,7,0.125000,0.889117,19,0,1000.000,1.357129,0.671854
62448,0,0.125000,0.728988,24,0,1000.000,1.374800,0.661702
62448,1,0.125000,0.752297,34,0,1000.000,1.435805,0.657558
62448,2,0.125000,0.831970,15,0,1000.000,1.715019,0.656824
62448,3,0.125000,0.877831,24,0,1000.000,1.570502,0.664485
62448,4,0.125000,0.793911,27,0,1000.000,1.456217,0.661852
62448,5,0.125000,0.785519,27,0,1000.000,1.321007,0.678058
62448,6,0.125000,0.690489,27,0,1000.000,1.192722,0.673214
62448,7,0.125000,0.793434,21,0,1000.000,1.309495,0.656212
62496,0,0.125000,0.779828,39,0,1000.000,1.303152,0.678603
62496,1,0.125000,0.881029,33,0,1000.000,1.631833,0.645762
62496,2,0.125000,0.876391,35,0,1000.000,1.489305,0.672895
62496,3,0.125000,0.714457,33,0,1000.000,1.037853,0.671345
62496,4,0.125000,0.843318,37,0,1000.000,1.527663,0.656962
62496,5,0.125000,0.819852,33,0,1000.000,1.369949,0.672024
62496,6,0.125000,0.844104,31,0,1000.000,1.497298,0.674793
62496,7,0.125000,0.795221,32,0,1000.000,1.282661,0.670473
62544,0,0.125000,0.829450,21,0,1000.000,1.274688,0.668794
62544,1,0.125000,0.668196,23,0,1000.000,0.967372,0.681991
62544,2,0.125000,0.861767,22,0,1000.000,1.421964,0.679115
62544,3,0.125000,0.833060,28,0,1000.000,1.391791,0.665518
62544,4,0.125000,0.725067,17,0,1000.000,1.173068,0.671155
62544,5,0.125000,0.826009,20,0,1000.000,1.632133,0.668153
62544,6,0.125000,0.761273,19,0,1000.000,1.770267,0.660678
62544,7,0.125000,0.851429,21,0,1000.000,1.381755,0.667600
62592,0,0.125000,0.855623,19,0,1000.000,1.688015,0.648777
62592,1,0.125000,0.870315,20,0,1000.000,1.364815,0.672858
62592,2,0.125000,0.734897,17,0,1000.000,1.682790,0.655211
62592,3,0.125000,0.690629,20,1,953.950,1.300478,0.637794
62592,4,0.125000,0.919270,16,0,1000.000,1.641609,0.649300
62592,5,0.125000,0.822557,15,0,1000.000,1.033370,0.682278
62592,6,0.125000,0.653546,17,0,1000.000,1.325015,0.664272
62592,7,0.125000,0.869492,24,0,1000.000,1.286486,0.674399
62640,0,0.125000,0.884252,21,0,1000.000,1.503363,0.683631
62640,1,0.125000,0.774502,22,0,1000.000,1.098739,0.688843
62640,2,0.125000,0.767448,24,0,1000.000,1.395050,0.676145
62640,3,0.125000,0.880147,21,0,1000.000,1.463324,0.674974
62640,4,0.125000,0.922380,23,0,1000.000,1.753692,0.676350
62640,5,0.125000,0.757590,26,0,1000.000,1.325851,0.669186
62640,6,0.125000,0.801829,14,0,1000.000,1.481050,0.668929
62640,7,0.125000,0.772724,24,0,1000.000,1.402514,0.669872
62688,0,0.125000,0.828454,27,0,1000.000,1.447633,0.677423
62688,1,0.125000,0.778202,27,0,1000.000,1.369610,0.667600
62688,2,0.125000,0.890651,31,0,1000.000,1.569652,0.661245
62688,3,0.125000,0.766010,39,1,976.077,1.310537,0.659402
62688,4,0.125000,0.770305,25,0,1000.000,1.501947,0.665986
62688,5,0.125000,0.839358,30,0,1000.000,1.349400,0.677862
62688,6,0.125000,0.735743,30,0,1000.000,1.365593,0.665062
62688,7,0.125000,0.813959,29,0,1000.000,1.657644,0.660421
62736,0,0.125000,0.752722,25,0,1000.000,1.414621,0.647919
62736,1,0.125000,0.793789,19,0,1000.000,1.340734,0.678911
62736,2,0.125000,0.664975,22,0,1000.000,1.163407,0.658819
62736,3,0.125000,0.781857,25,0,1000.000,1.323554,0.659240
62736,4,0.125000,0.738909,16,0,1000.000,1.466779,0.667468
62736,5,0.125000,0.663666,18,0,1000.000,1.481063,0.672550
62736,6,0.125000,0.796975,32,0,1000.000,1.169961,0.677099
62736,7,0.125000,0.745847,17,0,1000.000,1.403500,0.642812
62784,0,0.125000,0.880172,14,1,949.286,1.177378,0.680500
62784,1,0.125000,0.784948,22,0,1000.000,1.532880,0.665110
62784,2,0.125000,0.796600,17,0,1000.000,1.547543,0.671081
62784,3,0.125000,0.784269,20,0,1000.000,1.412953,0.680981
62784,4,0.125000,0.715050,15,0,1000.000,1.556270,0.648229
62784,5,0.125000,0.823661,20,0,1000.000,1.450343,0.660944
62784,6,0.125000,0.868075,20,0,1000.000,1.654901,0.668074
62784,7,0.125000,0.804348,24,0,1000.000,1.291233,0.665366
62832,0,0.125000,0.855099,17,0,1000.000,1.415692,0.646243
62832,1,0.125000,0.712824,10,0,1000.000,1.675824,0.653900
62832,2,0.125000,0.693956,17,0,1000.000,1.393801,0.661712
62832,3,0.125000,0.735761,11,0,1000.000,1.717786,0.668371
62832,4,0.125000,0.781847,14,0,1000.000,1.947917,0.663011
62832,5,0.125000,0.871778,14,0,1000.000,1.391264,0.669463
62832,6,0.125000,0.792256,15,0,1000.000,1.606295,0.651506
62832,7,0.125000,0.849089,13,0,1000.000,1.228757,0.679477
62880,0,0.125000,0.885560,20,0,1000.000,1.218004,0.685191
62880,1,0.125000,0.741766,15,0,1000.000,1.207010,0.673394
62880,2,0.125000,0.892163,16,0,1000.000,1.859191,0.669104
62880,3,0.125000,0.847479,13,0,1000.000,1.516991,0.678459
62880,4,0.125000,0.846414,12,0,1000.000,1.706518,0.641229
62880,5,0.125000,0.846979,19,0,1000.000,1.856469,0.666146
62880,6,0.125000,0.848457,14,0,1000.000,1.229213,0.655379
62880,7,0.125000,0.728745,13,0,1000.000,1.068410,0.688087
62928,0,0.125000,0.780957,24,0,1000.000,1.253710,0.675455
62928,1,0.125000,0.762186,21,0,1000.000,1.230130,0.686242
62928,2,0.125000,0.813852,22,0,1000.000,1.648013,0.648795
62928,3,0.125000,0.924460,14,0,1000.000,1.731576,0.659406
62928,4,0.125000,0.823980,22,0,1000.000,1.710308,0.652661
62928,5,0.125000,0.810729,17,0,1000.000,1.612334,0.662664
62928,6,0.125000,0.858819,17,0,1000.000,1.728852,0.670856
62928,7,0.125000,0.832036,23,0,1000.000,1.609815,0.668501
62976,0,0.125000,0.916597,18,0,1000.000,1.751769,0.668910
62976,1,0.125000,0.861327,20,0,1000.000,1.608727,0.671651
62976,2,0.125000,0.804101,24,0,1000.000,1.522212,0.683235
62976,3,0.125000,0.872555,26,0,1000.000,1.422268,0.676494
62976,4,0.125000,0.867103,18,0,1000.000,1.675760,0.659339
62976,5,0.125000,0.803215,23,0,1000.000,1.415867,0.660588
62976,6,0.125000,0.774624,29,0,1000.000,1.604692,0.668532
62976,7,0.125000,0.865022,26,0,1000.000,1.235491,0.673425
63024,0,0.125000,0.830231,24,0,1000.000,1.685310,0.661302
63024,1,0.125000,0.831153,29,0,1000.000,1.485335,0.670511
63024,2,0.125000,0.767934,25,0,1000.000,1.568769,0.658964
63024,3,0.125000,0.865335,29,0,1000.000,1.594440,0.664521
63024,4,0.125000,0.784242,30,0,1000.000,1.286822,0.666911
63024,5,0.125000,0.871714,28,0,1000.000,1.296913,0.677722
63024,6,0.125000,0.834698,20,0,1000.000,1.661847,0.666420
63024,7,0.125000,0.803109,30,0,1000.000,1.463284,0.677182
63072,0,0.125000,0.723929,24,0,1000.000,1.375409,0.667113
63072,1,0.125000,0.872126,19,0,1000.000,1.670115,0.677640
63072,2,0.125000,0.764100,28,0,1000.000,1.520665,0.680528
63072,3,0.125000,0.932765,21,0,1000.000,1.407036,0.680049
63072,4,0.125000,0.839276,24,0,1000.000,1.782275,0.671028
63072,5,0.125000,0.777190,20,0,1000.000,1.504557,0.676597
63072,6,0.125000,0.885842,28,0,1000.000,1.747029,0.675357
63072,7,0.125000,0.723304,24,1,967.708,1.466664,0.669697
63120,0,0.125000,0.883642,20,0,1000.000,1.276173,0.682556
63120,1,0.125000,0.729663,33,0,1000.000,1.288174,0.673803
63120,2,0.125000,0.799757,16,0,1000.000,1.637586,0.669606
63120,3,0.125000,0.868741,17,0,1000.000,1.500888,0.670974
63120,4,0.125000,0.832714,25,0,1000.000,1.691854,0.662851
63120,5,0.125000,0.786321,21,0,1000.000,1.382078,0.668294
63120,6,0.125000,0.732904,24,0,1000.000,1.576652,0.671863
63120,7,0.125000,0.811467,19,0,1000.000,1.688413,0.663365
63168,0,0.125000,0.809011,33,0,1000.000,1.414325,0.674830
63168,1,0.125000,0.810053,26,0,1000.000,1.477325,0.667524
63168,2,0.125000,0.753174,32,0,1000.000,1.368919,0.677480
63168,3,0.125000,0.887124,23,0,1000.000,1.422376,0.659871
63168,4,0.125000,0.834658,27,0,1000.000,1.558417,0.697487
63168,5,0.125000,0.775189,27,0,1000.000,1.620925,0.673969
63168,6,0.125000,0.744477,34,0,1000.000,1.547125,0.673510
63168,7,0.125000,0.824793,38,0,1000.000,1.697266,0.671584
63216,0,0.125000,0.787360,37,0,1000.000,1.123476,0.671183
63216,1,0.125000,0.923957,29,0,1000.000,1.557683,0.672921
63216,2,0.125000,0.828037,26,0,1000.000,1.581823,0.662961
63216,3,0.125000,0.771547,37,0,1000.000,1.335821,0.676175
63216,4,0.125000,0.793773,38,0,1000.000,1.790002,0.662233
63216,5,0.125000,0.811668,34,0,1000.000,1.465417,0.666745
63216,6,0.125000,0.755630,37,0,1000.000,1.364009,0.680233
63216,7,0.125000,0.828356,36,0,1000.000,1.373730,0.669730
63264,0,0.125000,0.791699,29,0,1000.000,1.432117,0.669614
63264,1,0.125000,0.704684,34,1,972.735,1.044119,0.663022
63264,2,0.125000,0.833638,32,0,1000.000,1.471605,0.673161
63264,3,0.125000,0.781177,31,0,1000.000,1.414403,0.675933
63264,4,0.125000,0.848646,25,0,1000.000,1.620441,0.679842
63264,5,0.125000,0.870817,32,0,1000.000,1.423261,0.683812
63264,6,0.125000,0.805523,34,0,1000.000,1.568260,0.664355
63264,7,0.125000,0.710112,30,0,1000.000,1.090849,0.665151
63312,0,0.125000,0.941616,31,0,1000.000,1.300643,0.667435
63312,1,0.125000,0.765397,21,0,1000.000,1.514875,0.666623
63312,2,0.125000,0.769561,35,0,1000.000,1.253502,0.673876
63312,3,0.125000,0.945796,25,0,1000.000,1.341131,0.690916
63312,4,0.125000,0.786682,25,0,1000.000,1.322655,0.673315
63312,5,0.125000,0.747174,29,0,1000.000,1.520833,0.663298
63312,6,0.125000,0.830479,34,0,1000.000,1.750533,0.666129
63312,7,0.125000,0.724835,42,0,1000.000,1.593367,0.662943
63360,0,0.125000,0.789990,36,0,1000.000,1.420709,0.670610
63360,1,0.125000,0.775658,35,0,1000.000,1.663710,0.665106
63360,2,0.125000,0.871468,38,0,1000.000,1.624208,0.678861
63360,3,0.125000,0.822483,28,0,1000.000,1.473348,0.664677
63360,4,0.125000,0.776910,32,0,1000.000,1.361656,0.671937
63360,5,0.125000,0.769635,25,0,1000.000,1.479281,0.661048
63360,6,0.125000,0.872692,39,0,1000.000,1.576077,0.671005
63360,7,0.125000,0.877015,31,0,1000.000,1.416957,0.664248
63408,0,0.125000,0.834335,36,0,1000.000,1.326902,0.680219
63408,1,0.125000,0.812398,29,0,1000.000,1.171616,0.682473
63408,2,0.125000,0.640043,19,0,1000.000,1.199706,0.673957
63408,3,0.125000,0.711350,23,0,1000.000,1.403695,0.667633
63408,4,0.125000,0.892123,22,0,1000.000,1.554404,0.676564
63408,5,0.125000,0.830440,26,0,1000.000,1.569495,0.660465
63408,6,0.125000,0.747381,12,0,1000.000,2.133166,0.626741
63408,7,0.125000,0.772482,17,1,961.647,1.567410,0.662048
63456,0,0.125000,0.769624,30,0,1000.000,1.350078,0.679607
63456,1,0.125000,0.850616,27,0,1000.000,1.639971,0.666093
63456,2,0.125000,0.726139,28,0,1000.000,1.097152,0.675446
63456,3,0.125000,0.772713,21,0,1000.000,1.712401,0.666214
63456,4,0.125000,0.805405,24,0,1000.000,1.586314,0.674411
63456,5,0.125000,0.808784,29,0,1000.000,1.627563,0.653575
63456,6,0.125000,0.749399,25,0,1000.000,1.295570,0.679099
63456,7,0.125000,0.826884,31,1,993.194,1.563080,0.672944
63504,0,0.125000,0.590690,20,1,978.750,1.120456,0.670231
63504,1,0.125000,0.657985,39,0,1000.000,1.308772,0.669490
63504,2,0.125000,0.787762,32,0,1000.000,1.698587,0.646952
63504,3,0.125000,0.883836,36,0,1000.000,1.397376,0.671825
63504,4,0.125000,0.822253,28,0,1000.000,1.416520,0.660116
63504,5,0.125000,0.749497,40,0,1000.000,1.519833,0.665214
63504,6,0.125000,0.808540,35,0,1000.000,1.448150,0.671165
63504,7,0.125000,0.842623,23,0,1000.000,1.639110,0.667491
63552,0,0.125000,0.743546,22,1,965.591,1.563121,0.664485
63552,1,0.125000,0.769426,16,0,1000.000,1.693891,0.659262
63552,2,0.125000,0.729971,31,0,1000.000,1.603951,0.662649
63552,3,0.125000,0.848076,16,0,1000.000,1.859623,0.668941
63552,4,0.125000,0.850376,20,0,1000.000,2.013569,0.651558
63552,5,0.125000,0.776381,26,0,1000.000,1.668767,0.671468
63552,6,0.125000,0.860853,26,0,1000.000,1.401712,0.674780
63552,7,0.125000,0.714404,16,1,973.188,1.547526,0.654401
63600,0,0.125000,0.797677,18,0,1000.000,1.681548,0.653543
63600,1,0.125000,0.842028,18,0,1000.000,1.578375,0.654928
63600,2,0.125000,0.870132,13,0,1000.000,1.240836,0.685239
63600,3,0.125000,0.925102,20,0,1000.000,1.603960,0.668308
63600,4,0.125000,0.783348,20,0,1000.000,1.718088,0.668193
63600,5,0.125000,0.824430,16,0,1000.000,1.592329,0.690057
63600,6,0.125000,0.853640,17,0,1000.000,1.921089,0.649095
63600,7,0.125000,0.857455,20,0,1000.000,1.735515,0.658395
63648,0,0.125000,0.766278,30,0,1000.000,1.495797,0.671091
63648,1,0.125000,0.795982,23,0,1000.000,1.431818,0.662534
63648,2,0.125000,0.826278,31,0,1000.000,1.556484,0.661478
63648,3,0.125000,0.810859,23,0,1000.000,1.298272,0.679459
63648,4,0.125000,0.855076,27,0,1000.000,1.824310,0.649954
63648,5,0.125000,0.849491,23,0,1000.000,1.346242,0.674190
63648,6,0.125000,0.770085,23,0,1000.000,1.215897,0.665635
63648,7,0.125000,0.633196,12,0,1000.000,1.729718,0.654480
63696,0,0.125000,0.775239,35,0,1000.000,1.689119,0.661589
63696,1,0.125000,0.720023,26,0,1000.000,1.572967,0.657318
63696,2,0.125000,0.783914,33,0,1000.000,1.386149,0.672253
63696,3,0.125000,0.890035,20,0,1000.000,1.494953,0.683361
63696,4,0.125000,0.655726,26,0,1000.000,1.158669,0.692306
63696,5,0.125000,0.868760,32,0,1000.000,1.749503,0.679938
63696,6,0.125000,0.796771,22,0,1000.000,1.423313,0.673171
63696,7,0.125000,0.837668,28,0,1000.000,1.451948,0.696635
63744,0,0.125000,0.782895,26,0,1000.000,1.512134,0.663586
63744,1,0.125000,0.838175,22,0,1000.000,1.441551,0.656037
63744,2,0.125000,0.878624,20,0,1000.000,1.652896,0.670710
63744,3,0.125000,0.829079,21,0,1000.000,1.600751,0.666573
63744,4,0.125000,0.879862,17,0,1000.000,1.512342,0.691959
63744,5,0.125000,0.849339,25,0,1000.000,1.514951,0.668588
63744,6,0.125000,0.840374,19,0,1000.000,1.205753,0.672316
63744,7,0.125000,0.873973,22,0,1000.000,1.618254,0.668498
63792,0,0.125000,0.793872,20,2,934.450,1.217689,0.655843
63792,1,0.125000,0.827747,18,0,1000.000,1.332413,0.668873
63792,2,0.125000,0.876132,15,0,1000.000,1.273584,0.678960
63792,3,0.125000,0.772892,20,0,1000.000,1.678947,0.677708
63792,4,0.125000,0.773930,20,0,1000.000,1.696630,0.670105
63792,5,0.125000,0.697166,17,0,1000.000,1.469105,0.671889
63792,6,0.125000,0.866160,21,0,1000.000,1.908476,0.651405
63792,7,0.125000,0.851451,21,0,1000.000,1.412125,0.680046
63840,0,0.125000,0.753109,20,0,1000.000,1.628803,0.669714
63840,1,0.125000,0.866565,11,0,1000.000,1.327275,0.673202
63840,2,0.125000,0.703103,9,0,1000.000,1.314450,0.678003
63840,3,0.125000,0.872024,17,0,1000.000,1.686375,0.668884
63840,4,0.125000,0.789031,13,0,1000.000,1.230186,0.677448
63840,5,0.125000,0.884604,17,0,1000.000,1.566784,0.674032
63840,6,0.125000,0.857227,9,0,1000.000,0.867133,0.693875
63840,7,0.125000,0.884035,12,0,1000.000,2.115311,0.648748
63888,0,0.125000,0.755468,27,0,1000.000,1.421793,0.677866
63888,1,0.125000,0.726424,13,0,1000.000,1.282374,0.685413
63888,2,0.125000,0.856080,9,0,1000.000,0.916521,0.684145
63888,3,0.125000,0.837186,13,0,1000.000,1.907694,0.649042
63888,4,0.125000,0.647177,13,0,1000.000,1.255839,0.680600
63888,5,0.125000,0.760765,16,0,1000.000,1.415524,0.678811
63888,6,0.125000,0.749963,18,0,1000.000,1.420183,0.657610
63888,7,0.125000,0.838255,19,0,1000.000,1.467409,0.693579
63936,0,0.125000,0.727146,15,0,1000.000,1.471303,0.672951
63936,1,0.125000,0.819208,22,0,1000.000,1.788976,0.650825
63936,2,0.125000,0.624248,12,0,1000.000,1.089862,0.688875
63936,3,0.125000,0.780483,23,0,1000.000,1.368033,0.673348
63936,4,0.125000,0.874270,20,0,1000.000,1.642524,0.670514
63936,5,0.125000,0.813550,23,0,1000.000,1.421607,0.685265
63936,6,0.125000,0.814011,22,0,1000.000,1.332369,0.677700
63936,7,0.125000,0.812526,15,0,1000.000,1.550936,0.670552
63984,0,0.125000,0.830589,23,0,1000.000,1.612690,0.660185
63984,1,0.125000,0.793138,30,0,1000.000,1.672557,0.666493
63984,2,0.125000,0.698226,21,0,1000.000,1.335334,0.673202
63984,3,0.125000,0.700408,26,0,1000.000,1.541781,0.670508
63984,4,0.125000,0.859501,23,0,1000.000,1.515821,0.681789
63984,5,0.125000,0.758184,24,0,1000.000,1.870884,0.656127
63984,6,0.125000,0.774894,33,0,1000.000,1.535217,0.669826
63984,7,0.125000,0.903650,27,0,1000.000,1.561664,0.666616
64032,0,0.125000,0.824773,26,0,1000.000,1.366719,0.680231
64032,1,0.125000,0.785814,31,0,1000.000,1.305956,0.669309
64032,2,0.125000,0.809212,36,0,1000.000,1.336580,0.667613
64032,3,0.125000,0.789953,29,0,1000.000,1.724735,0.666389
64032,4,0.125000,0.773039,28,0,1000.000,1.168240,0.681472
64032,5,0.125000,0.793321,22,0,1000.000,1.526794,0.665952
64032,6,0.125000,0.894462,21,0,1000.000,1.421811,0.679519
64032,7,0.125000,0.790585,26,1,992.885,1.458050,0.675146
64080,0,0.125000,0.784019,26,1,963.077,1.386856,0.654671
64080,1,0.125000,0.819249,17,0,1000.000,1.416098,0.671356
64080,2,0.125000,0.780897,20,0,1000.000,1.671074,0.672375
64080,3,0.125000,0.809849,22,0,1000.000,1.477430,0.666218
64080,4,0.125000,0.924044,16,0,1000.000,1.755489,0.663391
64080,5,0.125000,0.754168,22,0,1000.000,1.550783,0.677541
64080,6,0.125000,0.854302,27,0,1000.000,1.688804,0.670973
64080,7,0.125000,0.821144,15,0,1000.000,1.234860,0.676316
64128,0,0.125000,0.860912,23,0,1000.000,1.450717,0.692666
64128,1,0.125000,0.853500,23,0,1000.000,1.466509,0.674740
64128,2,0.125000,0.709136,23,0,1000.000,1.368263,0.664987
64128,3,0.125000,0.762401,17,0,1000.000,1.737724,0.666041
64128,4,0.125000,0.828578,26,0,1000.000,1.512568,0.680050
64128,5,0.125000,0.778400,21,0,1000.000,1.592071,0.670500
64128,6,0.125000,0.762283,21,0,1000.000,1.311055,0.681677
64128,7,0.125000,0.761961,26,0,1000.000,1.399198,0.675987
64176,0,0.125000,0.864546,25,0,1000.000,1.453228,0.685466
64176,1,0.125000,0.845381,36,0,1000.000,1.489174,0.670514
64176,2,0.125000,0.863928,24,0,1000.000,1.264345,0.666444
64176,3,0.125000,0.786763,38,0,1000.000,1.505272,0.687857
64176,4,0.125000,0.735028,30,0,1000.000,1.519030,0.660501
64176,5,0.125000,0.876560,35,0,1000.000,1.493504,0.665573
64176,6,0.125000,0.864616,37,1,983.378,1.499977,0.662704
64176,7,0.125000,0.751003,26,0,1000.000,1.796651,0.658436
64224,0,0.125000,0.804082,32,0,1000.000,1.619360,0.652669
64224,1,0.125000,0.725830,31,0,1000.000,1.351213,0.665553
64224,2,0.125000,0.833924,40,0,1000.000,1.518256,0.662529
64224,3,0.125000,0.787742,31,0,1000.000,1.422648,0.670565
64224,4,0.125000,0.762118,30,0,1000.000,1.575163,0.668821
64224,5,0.125000,0.873980,29,0,1000.000,1.456102,0.676876
64224,6,0.125000,0.800437,35,0,1000.000,1.341634,0.667332
64224,7,0.125000,0.710773,44,0,1000.000,1.487350,0.666130
64272,0,0.125000,0.793745,28,0,1000.000,1.308267,0.668409
64272,1,0.125000,0.855799,24,0,1000.000,1.424614,0.675612
64272,2,0.125000,0.802929,34,0,1000.000,1.197784,0.673957
64272,3,0.125000,0.812366,33,0,1000.000,1.399516,0.661094
64272,4,0.125000,0.842018,32,0,1000.000,1.480116,0.671850
64272,5,0.125000,0.806538,23,0,1000.000,1.589812,0.674998
64272,6,0.125000,0.783577,40,0,1000.000,1.553979,0.670274
64272,7,0.125000,0.812463,26,0,1000.000,1.670694,0.665609
64320,0,0.125000,0.751795,35,0,1000.000,1.332723,0.667254
64320,1,0.125000,0.787355,35,0,1000.000,1.456194,0.654864
64320,2,0.125000,0.894119,17,0,1000.000,1.136331,0.691340
64320,3,0.125000,0.786272,32,0,1000.000,1.429135,0.681523
64320,4,0.125000,0.762804,26,0,1000.000,1.387736,0.690668
64320,5,0.125000,0.744614,36,0,1000.000,1.479564,0.672145
64320,6,0.125000,0.715422,22,0,1000.000,1.348829,0.663221
64320,7,0.125000,0.743745,44,0,1000.000,1.641466,0.662197
64368,0,0.125000,0.731065,31,0,1000.000,1.547495,0.663124
64368,1,0.125000,0.743671,35,0,1000.000,1.274939,0.681427
64368,2,0.125000,0.817335,31,0,1000.000,1.317305,0.665879
64368,3,0.125000,0.912055,36,0,1000.000,1.462948,0.676022
64368,4,0.125000,0.894402,33,0,1000.000,1.751470,0.664176
64368,5,0.125000,0.810766,27,0,1000.000,1.721437,0.664931
64368,6,0.125000,0.862499,38,0,1000.000,1.500377,0.689492
64368,7,0.125000,0.738155,29,0,1000.000,1.421024,0.675613
64416,0,0.125000,0.816339,27,1,987.482,1.535198,0.661237
64416,1,0.125000,0.828920,12,0,1000.000,1.722415,0.654770
64416,2,0.125000,0.760239,19,0,1000.000,1.525920,0.669442
64416,3,0.125000,0.862853,29,0,1000.000,1.602405,0.666784
64416,4,0.125000,0.765979,18,0,1000.000,1.405295,0.662286
64416,5,0.125000,0.892546,23,0,1000.000,1.559979,0.668097
64416,6,0.125000,0.872521,27,0,1000.000,1.226865,0.661932
64416,7,0.125000,0.837445,19,0,1000.000,1.588402,0.668579
64464,0,0.125000,0.843092,28,0,1000.000,1.341720,0.682997
64464,1,0.125000,0.877020,28,0,1000.000,1.168935,0.679872
64464,2,0.125000,0.794763,34,0,1000.000,1.500089,0.671098
64464,3,0.125000,0.727459,26,0,1000.000,1.780492,0.650425
64464,4,0.125000,0.840488,23,0,1000.000,1.716629,0.667381
64464,5,0.125000,0.784240,33,0,1000.000,1.402286,0.666044
64464,6,0.125000,0.859522,28,0,1000.000,1.348315,0.669969
64464,7,0.125000,0.834424,29,0,1000.000,1.392726,0.669358
64512,0,0.125000,0.762894,31,0,1000.000,1.467869,0.665599
64512,1,0.125000,0.875109,32,0,1000.000,1.370158,0.666677
64512,2,0.125000,0.807082,44,0,1000.000,1.257225,0.677204
64512,3,0.125000,0.804274,26,0,1000.000,1.236611,0.691534
64512,4,0.125000,0.784654,32,0,1000.000,1.508009,0.664473
64512,5,0.125000,0.873638,31,0,1000.000,1.505905,0.684425
64512,6,0.125000,0.737900,35,0,1000.000,1.347069,0.668044
64512,7,0.125000,0.854864,20,0,1000.000,1.764705,0.652334
64560,0,0.125000,0.813025,15,0,1000.000,1.198351,0.668247
64560,1,0.125000,0.827359,25,0,1000.000,1.273494,0.676765
64560,2,0.125000,0.777198,18,0,1000.000,1.457223,0.682071
64560,3,0.125000,0.900739,26,0,1000.000,1.378150,0.687202
64560,4,0.125000,0.791995,19,0,1000.000,1.350415,0.674926
64560,5,0.125000,0.778177,23,0,1000.000,1.286515,0.669514
64560,6,0.125000,0.650329,17,0,1000.000,1.357524,0.674519
64560,7,0.125000,0.851883,17,1,946.588,1.663795,0.644576
64608,0,0.125000,0.750757,17,0,1000.000,1.331316,0.686106
64608,1,0.125000,0.804621,25,0,1000.000,1.571932,0.668455
64608,2,0.125000,0.855499,23,0,1000.000,1.267742,0.667867
64608,3,0.125000,0.869048,13,0,1000.000,1.344454,0.665156
64608,4,0.125000,0.747967,15,0,1000.000,1.364576,0.679298
64608,5,0.125000,0.816752,25,0,1000.000,1.424176,0.666330
64608,6,0.125000,0.709302,18,0,1000.000,1.525543,0.670400
64608,7,0.125000,0.859577,14,0,1000.000,1.915018,0.652710
64656,0,0.125000,0.859858,27,1,985.667,1.441911,0.665911
64656,1,0.125000,0.887686,24,0,1000.000,1.492829,0.680130
64656,2,0.125000,0.808178,18,0,1000.000,1.659090,0.659110
64656,3,0.125000,0.902218,24,0,1000.000,1.629311,0.672799
64656,4,0.125000,0.791828,35,0,1000.000,1.453292,0.679467
64656,5,0.125000,0.889637,19,0,1000.000,1.144942,0.686717
64656,6,0.125000,0.814395,24,0,1000.000,1.749713,0.661324
64656,7,0.125000,0.730403,28,0,1000.000,1.603963,0.668041
64704,0,0.125000,0.878757,35,0,1000.000,1.426776,0.679522
64704,1,0.125000,0.784358,24,0,1000.000,1.391612,0.689038
64704,2,0.125000,0.877528,22,0,1000.000,1.453535,0.658033
64704,3,0.125000,0.788149,32,0,1000.000,1.476111,0.685744
64704,4,0.125000,0.857770,24,0,1000.000,1.566957,0.670559
64704,5,0.125000,0.779458,31,0,1000.000,1.228104,0.675163
64704,6,0.125000,0.867141,36,0,1000.000,1.782530,0.654449
64704,7,0.125000,0.717560,24,0,1000.000,1.459249,0.659999
64752,0,0.125000,0.792652,14,0,1000.000,1.288628,0.667047
64752,1,0.125000,0.895423,23,0,1000.000,1.610234,0.652505
64752,2,0.125000,0.800086,22,0,1000.000,1.431056,0.667606
64752,3,0.125000,0.798030,19,1,951.053,1.238927,0.672270
64752,4,0.125000,0.892642,20,0,1000.000,1.612502,0.683763
64752,5,0.125000,0.813506,18,0,1000.000,1.554912,0.661911
64752,6,0.125000,0.830509,17,0,1000.000,1.393597,0.691000
64752,7,0.125000,0.856460,21,0,1000.000,1.500236,0.678051
64800,0,0.125000,0.733843,24,0,1000.000,1.389017,0.672024
64800,1,0.125000,0.833686,21,0,1000.000,1.692023,0.669289
64800,2,0.125000,0.844327,22,0,1000.000,1.428275,0.679633
64800,3,0.125000,0.777107,21,0,1000.000,1.748619,0.658844
64800,4,0.125000,0.668765,15,0,1000.000,1.399392,0.663797
64800,5,0.125000,0.846207,12,0,1000.000,1.703142,0.675101
64800,6,0.125000,0.792673,14,0,1000.000,1.553304,0.659653
64800,7,0.125000,0.619815,17,0,1000.000,0.959253,0.689863
64848,0,0.125000,0.737182,5,0,1000.000,1.258011,0.657966
64848,1,0.125000,0.954455,17,0,1000.000,1.303918,0.678308
64848,2,0.125000,0.930937,14,0,1000.000,1.688183,0.657202
64848,3,0.125000,0.713155,9,0,1000.000,1.454117,0.668527
64848,4,0.125000,0.705935,14,0,1000.000,1.785877,0.645692
64848,5,0.125000,0.813329,15,0,1000.000,1.443329,0.690016
64848,6,0.125000,0.712432,14,1,932.071,1.585560,0.643613
64848,7,0.125000,0.872131,16,0,1000.000,1.325148,0.652747
64896,0,0.125000,0.728649,19,0,1000.000,1.131617,0.685391
64896,1,0.125000,0.826018,9,0,1000.000,1.191379,0.653731
64896,2,0.125000,0.865890,14,0,1000.000,1.636619,0.678550
64896,3,0.125000,0.660616,22,0,1000.000,1.321460,0.666131
64896,4,0.125000,0.764685,28,0,1000.000,1.509387,0.675429
64896,5,0.125000,0.808980,18,0,1000.000,1.593760,0.647060
64896,6,0.125000,0.739590,19,0,1000.000,1.168881,0.687968
64896,7,0.125000,0.905792,13,0,1000.000,1.703532,0.658799
64944,0,0.125000,0.861190,13,0,1000.000,1.366430,0.666247
64944,1,0.125000,0.757489,10,0,1000.000,0.866684,0.677303
64944,2,0.125000,0.911200,13,0,1000.000,1.874161,0.660429
64944,3,0.125000,0.866408,23,0,1000.000,1.147120,0.664244
64944,4,0.125000,0.695064,18,0,1000.000,1.669417,0.658491
64944,5,0.125000,0.760693,30,0,1000.000,1.645067,0.662483
64944,6,0.125000,0.776681,21,0,1000.000,1.713697,0.664680
64944,7,0.125000,0.732162,20,0,1000.000,1.595548,0.665695
64992,0,0.125000,0.835429,30,0,1000.000,1.425821,0.672250
64992,1,0.125000,0.652182,30,0,1000.000,1.145388,0.684298
64992,2,0.125000,0.810473,23,0,1000.000,1.345645,0.664767
64992,3,0.125000,0.838472,26,0,1000.000,1.259208,0.663115
64992,4,0.125000,0.811165,29,0,1000.000,1.764661,0.669912
64992,5,0.125000,0.806604,28,0,1000.000,1.383872,0.667569
64992,6,0.125000,0.797849,29,0,1000.000,1.613142,0.647285
64992,7,0.125000,0.825228,27,0,1000.000,1.374187,0.681254
65040,0,0.125000,0.729368,22,1,987.045,1.301988,0.676649
65040,1,0.125000,0.811930,25,0,1000.000,1.432451,0.669518
65040,2,0.125000,0.789685,29,0,1000.000,1.673880,0.676998
65040,3,0.125000,0.752516,22,0,1000.000,1.757727,0.676279
65040,4,0.125000,0.908104,22,0,1000.000,1.299970,0.685103
65040,5,0.125000,0.863885,26,0,1000.000,1.562085,0.660982
65040,6,0.125000,0.829763,32,0,1000.000,1.726881,0.668994
65040,7,0.125000,0.811009,25,0,1000.000,1.712559,0.674021
65088,0,0.125000,0.786823,24,0,1000.000,1.116028,0.671435
65088,1,0.125000,0.795390,17,0,1000.000,1.820125,0.652418
65088,2,0.125000,0.941215,21,0,1000.000,1.533016,0.668175
65088,3,0.125000,0.851502,19,0,1000.000,1.383087,0.698531
65088,4,0.125000,0.640173,16,0,1000.000,1.297885,0.681372
65088,5,0.125000,0.915352,30,0,1000.000,1.422062,0.678976
65088,6,0.125000,0.758659,25,0,1000.000,1.772428,0.643714
65088,7,0.125000,0.797664,22,0,1000.000,1.592517,0.665335
65136,0,0.125000,0.798873,25,2,979.600,1.098303,0.674216
65136,1,0.125000,0.894084,22,0,1000.000,1.357031,0.678709
65136,2,0.125000,0.708152,15,0,1000.000,1.617051,0.636466
65136,3,0.125000,0.892514,22,0,1000.000,1.538139,0.680299
65136,4,0.125000,0.899711,24,0,1000.000,1.253977,0.670390
65136,5,0.125000,0.796007,30,0,1000.000,1.593759,0.678300
65136,6,0.125000,0.893173,23,0,1000.000,1.620480,0.668413
65136,7,0.125000,0.825706,28,0,1000.000,1.396173,0.671361
65184,0,0.125000,0.862171,32,0,1000.000,1.570617,0.670456
65184,1,0.125000,0.803061,27,0,1000.000,1.868232,0.659413
65184,2,0.125000,0.889194,34,0,1000.000,1.332797,0.673010
65184,3,0.125000,0.761259,28,1,965.893,1.448178,0.664580
65184,4,0.125000,0.897805,32,0,1000.000,1.691179,0.660978
65184,5,0.125000,0.881904,29,0,1000.000,1.547407,0.683296
65184,6,0.125000,0.836169,39,0,1000.000,1.442500,0.674776
65184,7,0.125000,0.790346,37,0,1000.000,1.567408,0.666898
65232,0,0.125000,0.682530,26,1,994.885,1.251791,0.668269
65232,1,0.125000,0.919922,35,0,1000.000,1.846556,0.658800
65232,2,0.125000,0.779824,29,0,1000.000,1.409382,0.681591
65232,3,0.125000,0.751011,36,0,1000.000,1.545801,0.656999
65232,4,0.125000,0.918124,29,0,1000.000,1.820649,0.662691
65232,5,0.125000,0.756224,41,0,1000.000,1.470388,0.682228
65232,6,0.125000,0.818599,34,0,1000.000,1.389165,0.665803
65232,7,0.125000,0.768103,32,0,1000.000,1.214613,0.667983
65280,0,0.125000,0.824123,30,1,976.867,1.624655,0.651602
65280,1,0.125000,0.850358,33,0,1000.000,1.424600,0.680875
65280,2,0.125000,0.855716,24,0,1000.000,1.468927,0.655508
65280,3,0.125000,0.830734,33,0,1000.000,1.604398,0.653615
65280,4,0.125000,0.771490,23,0,1000.000,1.716154,0.668485
65280,5,0.125000,0.758622,31,0,1000.000,1.172413,0.678559
65280,6,0.125000,0.892327,33,0,1000.000,1.369121,0.674716
65280,7,0.125000,0.860547,35,1,979.343,1.759594,0.660135
65328,0,0.125000,0.748684,32,1,970.562,1.325788,0.654994
65328,1,0.125000,0.811937,27,0,1000.000,1.764725,0.661389
65328,2,0.125000,0.863605,35,0,1000.000,1.249925,0.682241
65328,3,0.125000,0.848360,31,0,1000.000,1.945484,0.649504
65328,4,0.125000,0.754668,29,0,1000.000,1.555893,0.658300
65328,5,0.125000,0.724397,28,0,1000.000,1.647848,0.656805
65328,6,0.125000,0.860699,32,0,1000.000,1.801444,0.665418
65328,7,0.125000,0.836434,40,0,1000.000,1.677134,0.667534
65376,0,0.125000,0.777389,32,0,1000.000,1.495025,0.666566
65376,1,0.125000,0.857826,39,0,1000.000,1.145138,0.676831
65376,2,0.125000,0.797753,28,0,1000.000,1.396661,0.666750
65376,3,0.125000,0.791335,36,0,1000.000,1.334612,0.665859
65376,4,0.125000,0.848139,27,0,1000.000,1.652583,0.670935
65376,5,0.125000,0.706431,25,0,1000.000,1.316499,0.668925
65376,6,0.125000,0.773339,27,0,1000.000,1.271667,0.664745
65376,7,0.125000,0.704775,28,0,1000.000,1.116546,0.661410
65424,0,0.125000,0.736803,14,0,1000.000,1.618253,0.670150
65424,1,0.125000,0.729676,22,0,1000.000,1.162063,0.671020
65424,2,0.125000,0.806922,38,0,1000.000,1.740270,0.653872
65424,3,0.125000,0.790853,21,0,1000.000,1.566570,0.660578
65424,4,0.125000,0.774208,17,0,1000.000,1.334855,0.661371
65424,5,0.125000,0.631386,24,0,1000.000,1.213172,0.673426
65424,6,0.125000,0.870467,20,0,1000.000,1.711138,0.630338
65424,7,0.125000,0.849095,22,0,1000.000,1.312267,0.666757
65472,0,0.125000,0.837376,29,0,1000.000,1.353403,0.668651
65472,1,0.125000,0.882736,41,0,1000.000,1.639977,0.660334
65472,2,0.125000,0.811088,26,0,1000.000,1.686559,0.658514
65472,3,0.125000,0.853263,33,0,1000.000,1.497362,0.673191
65472,4,0.125000,0.884108,28,0,1000.000,1.729490,0.660735
65472,5,0.125000,0.812057,30,0,1000.000,1.375154,0.669441
65472,6,0.125000,0.861295,31,0,1000.000,1.935612,0.661392
65472,7,0.125000,0.784852,29,0,1000.000,1.721006,0.654624
65520,0,0.125000,0.885271,33,0,1000.000,1.666118,0.659681
65520,1,0.125000,0.667957,27,0,1000.000,0.982783,0.668978
65520,2,0.125000,0.764283,33,0,1000.000,1.530341,0.665336
65520,3,0.125000,0.706525,27,0,1000.000,1.517429,0.658270
65520,4,0.125000,0.842764,26,0,1000.000,1.896598,0.659091
65520,5,0.125000,0.786550,31,0,1000.000,1.898993,0.651239
65520,6,0.125000,0.827940,28,0,1000.000,1.543435,0.673973
65520,7,0.125000,0.848175,22,0,1000.000,1.300680,0.677936
65568,0,0.125000,0.674071,17,0,1000.000,0.860847,0.685457
65568,1,0.125000,0.917293,18,0,1000.000,1.538150,0.650340
65568,2,0.125000,0.749836,24,0,1000.000,1.229341,0.689897
65568,3,0.125000,0.879039,19,0,1000.000,1.842164,0.657024
65568,4,0.125000,0.841567,21,0,1000.000,1.519124,0.645416
65568,5,0.125000,0.688338,18,0,1000.000,1.044676,0.684334
65568,6,0.125000,0.791889,21,0,1000.000,1.765816,0.656091
65568,7,0.125000,0.822618,26,0,1000.000,1.738386,0.662119
65616,0,0.125000,0.865000,19,0,1000.000,1.764253,0.644946
65616,1,0.125000,0.779013,20,0,1000.000,1.295832,0.654304
65616,2,0.125000,0.831583,20,0,1000.000,1.496665,0.648584
65616,3,0.125000,0.898240,17,0,1000.000,1.324185,0.691789
65616,4,0.125000,0.715866,12,0,1000.000,1.212727,0.674755
65616,5,0.125000,0.727957,13,0,1000.000,1.335833,0.680989
65616,6,0.125000,0.721925,21,0,1000.000,1.482343,0.673454
65616,7,0.125000,0.839269,22,0,1000.000,1.619368,0.665857
65664,0,0.125000,0.727464,29,0,1000.000,1.359807,0.650095
65664,1,0.125000,0.847397,23,0,1000.000,1.490098,0.661104
65664,2,0.125000,0.773557,24,0,1000.000,1.609600,0.651326
65664,3,0.125000,0.785471,32,0,1000.000,1.710088,0.659544
65664,4,0.125000,0.797791,27,0,1000.000,1.990753,0.647759
65664,5,0.125000,0.836273,22,0,1000.000,1.638460,0.669445
65664,6,0.125000,0.882442,32,0,1000.000,1.395050,0.671938
65664,7,0.125000,0.795740,20,0,1000.000,1.512163,0.669865
65712,0,0.125000,0.869605,31,0,1000.000,1.538722,0.671869
65712,1,0.125000,0.826613,27,0,1000.000,1.555227,0.668391
65712,2,0.125000,0.861783,27,0,1000.000,1.433677,0.675773
65712,3,0.125000,0.774887,23,0,1000.000,1.343549,0.679178
65712,4,0.125000,0.876637,40,0,1000.000,1.387588,0.684402
65712,5,0.125000,0.826257,27,0,1000.000,1.307530,0.655677
65712,6,0.125000,0.812996,30,0,1000.000,1.413152,0.665306
65712,7,0.125000,0.818931,23,0,1000.000,1.097470,0.658629
65760,0,0.125000,0.927299,24,1,975.833,1.416425,0.670508
65760,1,0.125000,0.948579,18,0,1000.000,1.446695,0.671664
65760,2,0.125000,0.842976,10,0,1000.000,1.409196,0.688070
65760,3,0.125000,0.759056,20,0,1000.000,1.286355,0.659740
65760,4,0.125000,0.768134,18,0,1000.000,1.409465,0.645302
65760,5,0.125000,0.843878,21,0,1000.000,1.625741,0.668795
65760,6,0.125000,0.748776,20,0,1000.000,1.360956,0.678700
65760,7,0.125000,0.877929,14,0,1000.000,1.287516,0.682533
65808,0,0.125000,0.839659,20,0,1000.000,1.658917,0.665184
65808,1,0.125000,0.934249,14,0,1000.000,1.591738,0.670139
65808,2,0.125000,0.843786,19,0,1000.000,1.287591,0.675112
65808,3,0.125000,0.843659,20,0,1000.000,1.493461,0.654746
65808,4,0.125000,0.545098,13,0,1000.000,1.254444,0.641355
65808,5,0.125000,0.727249,14,0,1000.000,1.511758,0.678669
65808,6,0.125000,0.834575,13,0,1000.000,1.471711,0.665822
65808,7,0.125000,0.818367,21,1,974.571,1.171641,0.690994
65856,0,0.125000,0.799154,6,0,1000.000,1.074922,0.661333
65856,1,0.125000,0.739997,21,0,1000.000,1.890917,0.620037
65856,2,0.125000,0.863064,13,0,1000.000,1.652325,0.669188
65856,3,0.125000,0.798574,12,0,1000.000,1.200982,0.680212
65856,4,0.125000,0.893386,5,0,1000.000,2.461906,0.646843
65856,5,0.125000,0.899679,11,0,1000.000,2.103416,0.632483
65856,6,0.125000,0.798770,14,0,1000.000,1.297661,0.683272
65856,7,0.125000,0.728068,19,0,1000.000,1.407539,0.676173
65904,0,0.125000,0.836053,12,0,1000.000,1.397469,0.655147
65904,1,0.125000,0.862940,25,0,1000.000,1.403922,0.674281
65904,2,0.125000,0.853040,17,0,1000.000,1.787386,0.666758
65904,3,0.125000,0.881955,20,0,1000.000,1.556800,0.673914
65904,4,0.125000,0.862510,23,0,1000.000,1.671950,0.644335
65904,5,0.125000,0.833369,22,0,1000.000,1.785623,0.654303
65904,6,0.125000,0.838104,16,0,1000.000,1.283779,0.693692
65904,7,0.125000,0.887927,18,0,1000.000,1.538722,0.663653
65952,0,0.125000,0.891444,22,0,1000.000,1.533862,0.668083
65952,1,0.125000,0.947790,18,0,1000.000,1.314841,0.684795
65952,2,0.125000,0.763333,22,0,1000.000,1.315097,0.662885
65952,3,0.125000,0.793732,26,0,1000.000,1.250798,0.679764
65952,4,0.125000,0.816178,19,0,1000.000,1.701700,0.661549
65952,5,0.125000,0.643635,16,0,1000.000,1.394319,0.664962
65952,6,0.125000,0.797944,22,0,1000.000,1.625126,0.664951
65952,7,0.125000,0.884380,23,0,1000.000,1.669990,0.669563
66000,0,0.125000,0.850794,26,0,1000.000,1.502616,0.662982
66000,1,0.125000,0.692026,33,0,1000.000,1.467796,0.662220
66000,2,0.125000,0.871705,19,0,1000.000,2.061318,0.642988
66000,3,0.125000,0.836236,31,0,1000.000,1.642144,0.663115
66000,4,0.125000,0.883053,27,0,1000.000,1.783994,0.656508
66000,5,0.125000,0.834172,24,0,1000.000,1.528848,0.669589
66000,6,0.125000,0.884975,27,0,1000.000,1.686659,0.663140
66000,7,0.125000,0.766484,19,0,1000.000,1.956626,0.645428
66048,0,0.125000,0.770586,26,0,1000.000,1.334535,0.684553
66048,1,0.125000,0.860622,27,0,1000.000,1.527837,0.659777
66048,2,0.125000,0.622638,30,0,1000.000,1.193941,0.673514
66048,3,0.125000,0.831985,17,0,1000.000,1.278389,0.669985
66048,4,0.125000,0.787990,22,0,1000.000,1.533892,0.659957
66048,5,0.125000,0.902867,20,0,1000.000,1.295110,0.675277
66048,6,0.125000,0.938535,34,0,1000.000,1.547214,0.676704
66048,7,0.125000,0.857477,24,0,1000.000,1.417599,0.656536
66096,0,0.125000,0.844745,23,0,1000.000,1.498426,0.667298
66096,1,0.125000,0.799639,22,0,1000.000,1.709801,0.660464
66096,2,0.125000,0.809783,24,0,1000.000,1.444478,0.656990
66096,3,0.125000,0.839652,20,0,1000.000,1.572432,0.660710
66096,4,0.125000,0.885675,21,0,1000.000,1.449564,0.666233
66096,5,0.125000,0.843335,19,0,1000.000,1.387912,0.677178
66096,6,0.125000,0.878327,19,0,1000.000,1.753589,0.644715
66096,7,0.125000,0.808567,22,0,1000.000,1.566083,0.674015
66144,0,0.125000,0.836113,19,0,1000.000,1.517439,0.653050
66144,1,0.125000,0.696716,35,0,1000.000,1.629582,0.662466
66144,2,0.125000,0.792407,20,0,1000.000,1.312640,0.670448
66144,3,0.125000,0.813946,30,0,1000.000,1.451609,0.676568
66144,4,0.125000,0.856174,28,0,1000.000,1.509388,0.677411
66144,5,0.125000,0.809858,29,0,1000.000,1.402031,0.662663
66144,6,0.125000,0.868801,17,0,1000.000,1.852754,0.665466
66144,7,0.125000,0.891836,31,0,1000.000,1.866523,0.670198
66192,0,0.125000,0.734585,25,0,1000.000,1.450089,0.667596
66192,1,0.125000,0.706709,34,0,1000.000,1.584033,0.659236
66192,2,0.125000,0.845187,24,0,1000.000,1.663549,0.664047
66192,3,0.125000,0.838335,32,0,1000.000,1.749956,0.659170
66192,4,0.125000,0.824039,41,0,1000.000,1.277403,0.684369
66192,5,0.125000,0.853699,36,0,1000.000,1.477531,0.668137
66192,6,0.125000,0.856153,28,0,1000.000,1.661841,0.671294
66192,7,0.125000,0.874313,37,0,1000.000,1.619281,0.672337
66240,0,0.125000,0.765285,28,0,1000.000,1.439194,0.665424
66240,1,0.125000,0.862138,30,0,1000.000,1.656029,0.663247
66240,2,0.125000,0.905062,38,0,1000.000,1.530445,0.663804
66240,3,0.125000,0.836793,39,0,1000.000,1.446734,0.673539
66240,4,0.125000,0.928994,29,0,1000.000,1.633358,0.684736
66240,5,0.125000,0.722347,35,0,1000.000,1.355705,0.668581
66240,6,0.125000,0.792872,37,0,1000.000,1.487904,0.653041
66240,7,0.125000,0.744866,32,0,1000.000,1.499337,0.658368
66288,0,0.125000,0.788922,29,0,1000.000,1.178329,0.674626
66288,1,0.125000,0.888821,25,0,1000.000,1.524025,0.674659
66288,2,0.125000,0.878091,30,0,1000.000,1.338940,0.682451
66288,3,0.125000,0.910947,31,0,1000.000,1.479409,0.678581
66288,4,0.125000,0.789137,33,0,1000.000,1.443666,0.674550
66288,5,0.125000,0.873628,26,0,1000.000,1.348564,0.670899
66288,6,0.125000,0.805178,28,0,1000.000,1.710111,0.665347
66288,7,0.125000,0.797255,35,0,1000.000,1.561951,0.662748
66336,0,0.125000,0.897872,36,0,1000.000,1.524616,0.672441
66336,1,0.125000,0.758335,28,0,1000.000,1.221584,0.664172
66336,2,0.125000,0.732363,32,0,1000.000,1.262693,0.677822
66336,3,0.125000,0.783245,38,0,1000.000,1.468631,0.682892
66336,4,0.125000,0.803491,34,0,1000.000,1.357547,0.669566
66336,5,0.125000,0.694426,28,0,1000.000,1.401259,0.668359
66336,6,0.125000,0.746676,35,0,1000.000,1.297217,0.661993
66336,7,0.125000,0.830999,27,0,1000.000,1.416481,0.675082
66384,0,0.125000,0.833840,32,0,1000.000,1.550554,0.664420
66384,1,0.125000,0.738725,24,0,1000.000,1.462397,0.672378
66384,2,0.125000,0.865583,32,0,1000.000,1.429073,0.660521
66384,3,0.125000,0.783486,34,0,1000.000,1.343214,0.664012
66384,4,0.125000,0.780294,25,0,1000.000,1.358660,0.673638
66384,5,0.125000,0.832452,27,0,1000.000,1.797161,0.659068
66384,6,0.125000,0.837570,27,0,1000.000,1.399732,0.675994
66384,7,0.125000,0.820443,26,0,1000.000,1.480978,0.661707
66432,0,0.125000,0.809926,22,0,1000.000,1.331296,0.680449
66432,1,0.125000,0.850568,25,0,1000.000,1.426786,0.658314
66432,2,0.125000,0.905394,15,0,1000.000,2.121883,0.640764
66432,3,0.125000,0.664354,25,0,1000.000,1.140947,0.643712
66432,4,0.125000,0.898404,21,0,1000.000,1.529344,0.678174
66432,5,0.125000,0.825804,19,0,1000.000,1.698252,0.660163
66432,6,0.125000,0.740544,28,0,1000.000,1.553798,0.658959
66432,7,0.125000,0.856592,24,0,1000.000,1.271003,0.680814
66480,0,0.125000,0.768158,23,0,1000.000,1.556913,0.669752
66480,1,0.125000,0.874729,31,0,1000.000,1.515426,0.681646
66480,2,0.125000,0.785787,32,0,1000.000,1.527488,0.679307
66480,3,0.125000,0.814675,26,0,1000.000,1.668621,0.667760
66480,4,0.125000,0.884402,31,0,1000.000,1.748715,0.657642
66480,5,0.125000,0.771684,37,0,1000.000,1.463405,0.671475
66480,6,0.125000,0.865844,42,0,1000.000,1.493494,0.663569
66480,7,0.125000,0.805160,36,0,1000.000,1.232407,0.674618
66528,0,0.125000,0.754990,30,1,992.700,1.521896,0.658175
66528,1,0.125000,0.800624,33,0,1000.000,1.240963,0.681948
66528,2,0.125000,0.860650,28,0,1000.000,1.657225,0.669060
66528,3,0.125000,0.769473,20,0,1000.000,1.401939,0.662048
66528,4,0.125000,0.726539,18,0,1000.000,1.376976,0.658931
66528,5,0.125000,0.842588,30,0,1000.000,1.588314,0.680131
66528,6,0.125000,0.878368,32,0,1000.000,1.440229,0.673823
66528,7,0.125000,0.674532,21,1,960.429,1.281604,0.659763
66576,0,0.125000,0.734725,14,0,1000.000,1.051392,0.667129
66576,1,0.125000,0.670438,18,0,1000.000,1.208553,0.660035
66576,2,0.125000,0.856530,26,1,963.192,1.511700,0.653239
66576,3,0.125000,0.830825,19,0,1000.000,1.506047,0.657917
66576,4,0.125000,0.809127,23,0,1000.000,1.401205,0.661934
66576,5,0.125000,0.646239,24,0,1000.000,1.433757,0.655277
66576,6,0.125000,0.827220,21,0,1000.000,1.670359,0.659762
66576,7,0.125000,0.851369,13,0,1000.000,1.592736,0.668420
66624,0,0.125000,0.933477,13,0,1000.000,1.547453,0.674812
66624,1,0.125000,0.860032,17,0,1000.000,1.807845,0.671048
66624,2,0.125000,0.916204,20,0,1000.000,1.714819,0.670774
66624,3,0.125000,0.854980,16,0,1000.000,1.692272,0.664069
66624,4,0.125000,0.853881,24,0,1000.000,1.286785,0.659745
66624,5,0.125000,0.877819,24,0,1000.000,1.722229,0.650545
66624,6,0.125000,0.827341,15,0,1000.000,1.212507,0.679793
66624,7,0.125000,0.702741,18,0,1000.000,1.605673,0.664488
66672,0,0.125000,0.763334,31,0,1000.000,1.520319,0.665963
66672,1,0.125000,0.909101,33,0,1000.000,1.461251,0.663784
66672,2,0.125000,0.895752,28,0,1000.000,1.495288,0.679458
66672,3,0.125000,0.839151,20,0,1000.000,1.730905,0.664487
66672,4,0.125000,0.790030,24,0,1000.000,1.229528,0.674835
66672,5,0.125000,0.703096,34,0,1000.000,1.188539,0.654479
66672,6,0.125000,0.836458,29,0,1000.000,1.452106,0.676741
66672,7,0.125000,0.782141,28,0,1000.000,1.396510,0.651898
66720,0,0.125000,0.874369,22,0,1000.000,1.524661,0.662402
66720,1,0.125000,0.897461,18,0,1000.000,1.239789,0.690504
66720,2,0.125000,0.788091,31,0,1000.000,1.550985,0.666583
66720,3,0.125000,0.796991,28,0,1000.000,1.408222,0.670865
66720,4,0.125000,0.841211,32,0,1000.000,1.551897,0.668096
66720,5,0.125000,0.751066,18,0,1000.000,1.690861,0.666149
66720,6,0.125000,0.751103,24,0,1000.000,1.263405,0.685066
66720,7,0.125000,0.822822,28,1,999.250,1.451577,0.656441
66768,0,0.125000,0.915449,23,2,954.130,1.417119,0.665113
66768,1,0.125000,0.765087,17,0,1000.000,1.466610,0.666975
66768,2,0.125000,0.878996,15,0,1000.000,1.363717,0.680429
66768,3,0.125000,0.795496,23,0,1000.000,1.544213,0.666228
66768,4,0.125000,0.868776,14,0,1000.000,1.739706,0.667671
66768,5,0.125000,0.765843,20,0,1000.000,1.649435,0.658380
66768,6,0.125000,0.759466,27,0,1000.000,1.486019,0.669213
66768,7,0.125000,0.860992,15,0,1000.000,1.699610,0.655808
66816,0,0.125000,0.729365,19,0,1000.000,1.191315,0.671499
66816,1,0.125000,0.789087,15,0,1000.000,1.612489,0.658533
66816,2,0.125000,0.850134,16,0,1000.000,1.693708,0.659011
66816,3,0.125000,0.730779,21,0,1000.000,1.594512,0.652648
66816,4,0.125000,0.855700,18,0,1000.000,1.718548,0.679707
66816,5,0.125000,0.910167,14,0,1000.000,1.788384,0.673441
66816,6,0.125000,0.856570,14,0,1000.000,1.694547,0.666315
66816,7,0.125000,0.865222,14,0,1000.000,1.510386,0.678932
66864,0,0.125000,0.763451,10,0,1000.000,1.145746,0.687535
66864,1,0.125000,0.862032,14,0,1000.000,1.692118,0.663349
66864,2,0.125000,0.681981,11,0,1000.000,1.524293,0.668111
66864,3,0.125000,0.934593,11,0,1000.000,1.271990,0.680904
66864,4,0.125000,0.893869,17,0,1000.000,1.347654,0.691504
66864,5,0.125000,0.850718,11,0,1000.000,1.710860,0.682569
66864,6,0.125000,0.924080,11,0,1000.000,1.858128,0.670439
66864,7,0.125000,0.757370,14,0,1000.000,1.685414,0.657677
66912,0,0.125000,0.889101,30,0,1000.000,1.707859,0.664328
66912,1,0.125000,0.957576,10,0,1000.000,1.212842,0.678739
66912,2,0.125000,0.801956,26,0,1000.000,1.119967,0.672520
66912,3,0.125000,0.867698,26,0,1000.000,1.187952,0.680538
66912,4,0.125000,0.791425,13,0,1000.000,1.412026,0.670865
66912,5,0.125000,0.835434,21,0,1000.000,1.643285,0.668456
66912,6,0.125000,0.840680,22,0,1000.000,1.584457,0.652160
66912,7,0.125000,0.734564,16,0,1000.000,1.629245,0.660462
66960,0,0.125000,0.813392,19,0,1000.000,1.619922,0.670345
66960,1,0.125000,0.668888,14,0,1000.000,1.350169,0.677892
66960,2,0.125000,0.818702,25,0,1000.000,1.373277,0.677088
66960,3,0.125000,0.831466,22,0,1000.000,1.464768,0.662937
66960,4,0.125000,0.888125,30,0,1000.000,1.549488,0.668174
66960,5,0.125000,0.694446,19,0,1000.000,1.388330,0.693249
66960,6,0.125000,0.762682,25,0,1000.000,1.633005,0.659096
66960,7,0.125000,0.609654,18,0,1000.000,1.381212,0.659389
67008,0,0.125000,0.818300,34,0,1000.000,1.532059,0.657289
67008,1,0.125000,0.805656,18,0,1000.000,1.492429,0.665706
67008,2,0.125000,0.740325,24,0,1000.000,1.690506,0.650412
67008,3,0.125000,0.750237,35,0,1000.000,1.619869,0.658222
67008,4,0.125000,0.688534,28,0,1000.000,1.202519,0.665080
67008,5,0.125000,0.820930,23,0,1000.000,1.708230,0.665894
67008,6,0.125000,0.773551,20,0,1000.000,1.572382,0.676539
67008,7,0.125000,0.853019,36,0,1000.000,1.750963,0.656859
67056,0,0.125000,0.821806,23,1,974.261,1.301302,0.669495
67056,1,0.125000,0.782336,17,0,1000.000,1.325484,0.674490
67056,2,0.125000,0.691849,15,0,1000.000,1.186784,0.670419
67056,3,0.125000,0.729701,31,0,1000.000,1.579844,0.665486
67056,4,0.125000,0.774052,30,0,1000.000,1.446505,0.658989
67056,5,0.125000,0.669716,22,0,1000.000,1.295171,0.679901
67056,6,0.125000,0.848174,21,0,1000.000,1.371787,0.679559
67056,7,0.125000,0.739251,30,0,1000.000,1.340776,0.665971
67104,0,0.125000,0.877884,17,0,1000.000,1.427108,0.660529
67104,1,0.125000,0.939437,24,0,1000.000,1.211165,0.666955
67104,2,0.125000,0.881339,20,0,1000.000,1.558139,0.664547
67104,3,0.125000,0.812589,14,0,1000.000,1.450014,0.686708
67104,4,0.125000,0.842929,23,0,1000.000,1.608639,0.669027
67104,5,0.125000,0.835952,18,0,1000.000,1.324631,0.651597
67104,6,0.125000,0.700888,26,0,1000.000,1.395998,0.672933
67104,7,0.125000,0.733186,18,0,1000.000,1.344381,0.681412
67152,0,0.125000,0.815720,23,2,955.174,1.146487,0.651341
67152,1,0.125000,0.851676,30,0,1000.000,1.795130,0.659583
67152,2,0.125000,0.712621,27,0,1000.000,1.617056,0.667615
67152,3,0.125000,0.833450,31,0,1000.000,1.594282,0.668310
67152,4,0.125000,0.778030,27,0,1000.000,1.646256,0.656362
67152,5,0.125000,0.783831,32,0,1000.000,1.477634,0.673307
67152,6,0.125000,0.746155,33,0,1000.000,1.041989,0.677076
67152,7,0.125000,0.820790,25,0,1000.000,1.394946,0.678222
67200,0,0.125000,0.769803,35,0,1000.000,1.311938,0.665512
67200,1,0.125000,0.786752,43,0,1000.000,1.729277,0.657313
67200,2,0.125000,0.809975,25,0,1000.000,1.586642,0.664052
67200,3,0.125000,0.734721,34,0,1000.000,1.405633,0.669464
67200,4,0.125000,0.733429,30,0,1000.000,1.389085,0.665663
67200,5,0.125000,0.799481,33,0,1000.000,1.424643,0.681517
67200,6,0.125000,0.737922,32,0,1000.000,1.205626,0.690459
67200,7,0.125000,0.870834,32,0,1000.000,1.434730,0.688812
67248,0,0.125000,0.775387,36,2,971.167,1.275212,0.663069
67248,1,0.125000,0.845392,34,0,1000.000,1.448621,0.660345
67248,2,0.125000,0.852823,25,0,1000.000,1.384133,0.672065
67248,3,0.125000,0.880974,38,0,1000.000,1.627057,0.671161
67248,4,0.125000,0.732755,41,0,1000.000,1.573183,0.663397
67248,5,0.125000,0.868772,31,0,1000.000,1.482513,0.668508
67248,6,0.125000,0.798895,26,0,1000.000,1.588497,0.663641
67248,7,0.125000,0.879208,30,0,1000.000,1.415859,0.668092
67296,0,0.125000,0.779600,32,0,1000.000,0.964443,0.689082
67296,1,0.125000,0.711286,30,0,1000.000,1.207118,0.672614
67296,2,0.125000,0.833224,31,0,1000.000,1.631799,0.657622
67296,3,0.125000,0.865453,25,0,1000.000,1.469799,0.674464
67296,4,0.125000,0.817086,23,0,1000.000,1.567720,0.681722
67296,5,0.125000,0.787103,33,0,1000.000,1.533583,0.657488
67296,6,0.125000,0.807708,30,0,1000.000,1.416186,0.672993
67296,7,0.125000,0.853849,32,0,1000.000,1.371076,0.680155
67344,0,0.125000,0.688052,29,0,1000.000,0.934017,0.669453
67344,1,0.125000,0.785374,33,0,1000.000,1.508490,0.679483
67344,2,0.125000,0.881890,30,0,1000.000,1.803571,0.667832
67344,3,0.125000,0.777442,31,0,1000.000,1.397003,0.669393
67344,4,0.125000,0.904741,37,0,1000.000,1.511593,0.670971
67344,5,0.125000,0.862608,31,0,1000.000,1.571123,0.660961
67344,6,0.125000,0.750776,37,0,1000.000,1.571914,0.675980
67344,7,0.125000,0.844956,33,0,1000.000,1.530077,0.673209
67392,0,0.125000,0.729808,27,1,968.704,1.145639,0.669466
67392,1,0.125000,0.793662,25,0,1000.000,1.638492,0.657951
67392,2,0.125000,0.747633,19,0,1000.000,1.251287,0.671180
67392,3,0.125000,0.855813,25,0,1000.000,1.508611,0.674429
67392,4,0.125000,0.934780,25,0,1000.000,1.619660,0.683969
67392,5,0.125000,0.881697,25,0,1000.000,1.671910,0.659380
67392,6,0.125000,0.899802,26,0,1000.000,1.498514,0.669918
67392,7,0.125000,0.870730,33,0,1000.000,1.378232,0.677556
67440,0,0.125000,0.658598,16,0,1000.000,1.497476,0.651630
67440,1,0.125000,0.850975,26,0,1000.000,1.724625,0.657416
67440,2,0.125000,0.767000,35,0,1000.000,1.430518,0.670148
67440,3,0.125000,0.622618,29,0,1000.000,1.252856,0.655260
67440,4,0.125000,0.834516,30,0,1000.000,1.273392,0.672461
67440,5,0.125000,0.861476,22,0,1000.000,1.218473,0.685417
67440,6,0.125000,0.815827,20,0,1000.000,1.501180,0.664191
67440,7,0.125000,0.785724,18,0,1000.000,1.749832,0.630278
67488,0,0.125000,0.877690,37,1,996.892,1.498286,0.677254
67488,1,0.125000,0.864528,31,0,1000.000,1.621525,0.660819
67488,2,0.125000,0.867070,32,0,1000.000,1.733883,0.663544
67488,3,0.125000,0.832067,31,0,1000.000,1.566913,0.662644
67488,4,0.125000,0.760086,46,0,1000.000,1.567383,0.665629
67488,5,0.125000,0.949168,27,0,1000.000,1.580868,0.697242
67488,6,0.125000,0.731737,34,0,1000.000,1.437288,0.668317
67488,7,0.125000,0.730052,28,0,1000.000,1.769843,0.657804
67536,0,0.125000,0.863316,23,0,1000.000,1.300297,0.681678
67536,1,0.125000,0.910352,27,0,1000.000,1.841443,0.659858
67536,2,0.125000,0.847026,24,0,1000.000,1.647063,0.654204
67536,3,0.125000,0.762897,21,0,1000.000,1.535816,0.674291
67536,4,0.125000,0.848401,17,0,1000.000,1.908665,0.652796
67536,5,0.125000,0.860175,36,0,1000.000,1.771198,0.661644
67536,6,0.125000,0.767922,28,0,1000.000,1.323696,0.669547
67536,7,0.125000,0.762016,21,1,991.381,1.175538,0.669165
67632,0,0.125000,0.842871,36,0,1000.000,1.528647,0.662249
67632,1,0.125000,0.831194,36,0,1000.000,1.436150,0.670991
67632,2,0.125000,0.839004,40,0,1000.000,1.518313,0.666376
67632,3,0.125000,0.785824,32,0,1000.000,1.294879,0.673622
67632,4,0.125000,0.908971,35,0,1000.000,1.449109,0.678472
67632,5,0.125000,0.798086,36,0,1000.000,1.469939,0.674551
67632,6,0.125000,0.734039,36,0,1000.000,1.516572,0.668535
67632,7,0.125000,0.883034,56,0,1000.000,1.500698,0.677106
67680,0,0.125000,0.783661,33,0,1000.000,1.439497,0.670297
67680,1,0.125000,0.749744,31,0,1000.000,1.239908,0.679749
67680,2,0.125000,0.827339,26,0,1000.000,1.435813,0.677162
67680,3,0.125000,0.743618,25,0,1000.000,1.375951,0.682372
67680,4,0.125000,0.761262,38,0,1000.000,1.509055,0.669083
67680,5,0.125000,0.848948,28,0,1000.000,1.497544,0.663762
67680,6,0.125000,0.851949,27,0,1000.000,1.394877,0.674958
67680,7,0.125000,0.830585,23,0,1000.000,1.236912,0.684687
67728,0,0.125000,0.814615,20,0,1000.000,1.488960,0.654734
67728,1,0.125000,0.754201,24,0,1000.000,1.709615,0.660488
67728,2,0.125000,0.807317,25,0,1000.000,1.450721,0.672987
67728,3,0.125000,0.722624,28,0,1000.000,1.410832,0.668301
67728,4,0.125000,0.827695,22,0,1000.000,1.510817,0.651638
67728,5,0.125000,0.738109,15,0,1000.000,1.419908,0.671204
67728,6,0.125000,0.835478,30,0,1000.000,1.455517,0.664281
67728,7,0.125000,0.812865,25,0,1000.000,1.471358,0.674142
67776,0,0.125000,0.723267,17,0,1000.000,1.133612,0.667551
67776,1,0.125000,0.697492,13,0,1000.000,1.541087,0.673586
67776,2,0.125000,0.749434,15,0,1000.000,1.339201,0.667312
67776,3,0.125000,0.940410,14,0,1000.000,1.575643,0.689338
67776,4,0.125000,0.892056,29,0,1000.000,1.657196,0.658985
67776,5,0.125000,0.863796,18,0,1000.000,1.853187,0.671130
67776,6,0.125000,0.897257,22,0,1000.000,1.595247,0.677460
67776,7,0.125000,0.831396,25,0,1000.000,1.090228,0.666306
67872,0,0.125000,0.775048,33,0,1000.000,1.502132,0.664779
67872,1,0.125000,0.852909,28,0,1000.000,1.627365,0.667790
67872,2,0.125000,0.822557,27,0,1000.000,1.640703,0.657657
67872,3,0.125000,0.813724,26,0,1000.000,1.412980,0.664290
67872,4,0.125000,0.863540,39,0,1000.000,1.522292,0.678397
67872,5,0.125000,0.728992,29,0,1000.000,1.222590,0.661361
67872,6,0.125000,0.885914,18,0,1000.000,1.650703,0.675256
67872,7,0.125000,0.815058,31,0,1000.000,1.553533,0.677523
67920,0,0.125000,0.882682,18,0,1000.000,1.377948,0.665855
67920,1,0.125000,0.751127,23,0,1000.000,1.315121,0.664620
67920,2,0.125000,0.871315,25,0,1000.000,1.271921,0.684323
67920,3,0.125000,0.931135,16,0,1000.000,1.722161,0.680847
67920,4,0.125000,0.866819,18,0,1000.000,1.636229,0.670112
67920,5,0.125000,0.806001,17,0,1000.000,1.784962,0.651936
67920,6,0.125000,0.854614,23,0,1000.000,1.298549,0.661602
67920,7,0.125000,0.892696,24,0,1000.000,1.670766,0.673744
67968,0,0.125000,0.880445,24,0,1000.000,1.570513,0.677627
67968,1,0.125000,0.795540,23,0,1000.000,1.540540,0.656914
67968,2,0.125000,0.852486,20,0,1000.000,1.220062,0.675079
67968,3,0.125000,0.823921,17,0,1000.000,1.493378,0.668483
67968,4,0.125000,0.864730,25,0,1000.000,1.417740,0.665515
67968,5,0.125000,0.781710,25,0,1000.000,1.264216,0.662858
67968,6,0.125000,0.765174,26,1,963.231,1.232944,0.661228
67968,7,0.125000,0.703259,16,1,944.750,1.332253,0.662848
68064,0,0.125000,0.832393,37,0,1000.000,1.520906,0.668629
68064,1,0.125000,0.862162,56,0,1000.000,1.499399,0.672508
68064,2,0.125000,0.742346,44,0,1000.000,1.448562,0.674208
68064,3,0.125000,0.788708,53,0,1000.000,1.671870,0.671569
68064,4,0.125000,0.845629,49,0,1000.000,1.371411,0.671571
68064,5,0.125000,0.819640,48,0,1000.000,1.745334,0.668024
68064,6,0.125000,0.851598,54,0,1000.000,1.407470,0.668684
68064,7,0.125000,0.882683,59,0,1000.000,1.628722,0.673546
68112,0,0.125000,0.829892,30,0,1000.000,1.492394,0.673019
68112,1,0.125000,0.847198,19,0,1000.000,1.388227,0.676913
68112,2,0.125000,0.663464,24,0,1000.000,1.111158,0.659371
68112,3,0.125000,0.831229,19,0,1000.000,1.533733,0.677692
68112,4,0.125000,0.733758,20,0,1000.000,1.548008,0.671517
68112,5,0.125000,0.745635,15,0,1000.000,1.438031,0.669745
68112,6,0.125000,0.873564,25,0,1000.000,1.236417,0.673110
68112,7,0.125000,0.873770,18,0,1000.000,1.419055,0.662176
68160,0,0.125000,0.853559,34,0,1000.000,1.423474,0.680393
68160,1,0.125000,0.803300,35,0,1000.000,1.266790,0.671039
68160,2,0.125000,0.775359,23,0,1000.000,1.392523,0.670638
68160,3,0.125000,0.748696,37,0,1000.000,1.550714,0.661731
68160,4,0.125000,0.790261,29,0,1000.000,1.400891,0.665994
68160,5,0.125000,0.775074,31,0,1000.000,1.490127,0.665267
68160,6,0.125000,0.808349,29,0,1000.000,1.411495,0.664969
68160,7,0.125000,0.694720,24,1,990.583,1.423197,0.657802
68208,0,0.125000,0.916382,38,0,1000.000,1.773556,0.670470
68208,1,0.125000,0.768387,30,0,1000.000,1.371303,0.684350
68208,2,0.125000,0.776037,38,0,1000.000,1.471542,0.665615
68208,3,0.125000,0.805398,34,0,1000.000,1.597475,0.664718
68208,4,0.125000,0.875256,32,0,1000.000,1.511422,0.679496
68208,5,0.125000,0.824905,40,0,1000.000,1.636294,0.664556
68208,6,0.125000,0.846065,25,0,1000.000,1.650592,0.658694
68208,7,0.125000,0.787387,32,0,1000.000,1.682421,0.650602
68256,0,0.125000,0.778090,32,0,1000.000,1.382618,0.665944
68256,1,0.125000,0.793499,21,0,1000.000,1.556727,0.666712
68256,2,0.125000,0.850481,30,0,1000.000,1.428079,0.674960
68256,3,0.125000,0.778732,33,0,1000.000,1.484148,0.667825
68256,4,0.125000,0.817888,35,0,1000.000,1.432365,0.670666
68256,5,0.125000,0.861929,33,0,1000.000,1.662268,0.664439
68256,6,0.125000,0.840132,34,0,1000.000,1.659309,0.667651
68256,7,0.125000,0.750271,30,0,1000.000,1.309289,0.671047
68304,0,0.125000,0.868864,29,1,978.621,1.556386,0.677365
68304,1,0.125000,0.887660,30,0,1000.000,1.866233,0.665083
68304,2,0.125000,0.709412,28,0,1000.000,1.126931,0.689467
68304,3,0.125000,0.711592,34,0,1000.000,1.331837,0.667023
68304,4,0.125000,0.753344,29,0,1000.000,1.680678,0.656887
68304,5,0.125000,0.905440,27,0,1000.000,1.602702,0.687129
68304,6,0.125000,0.788291,32,0,1000.000,1.368977,0.677257
68304,7,0.125000,0.783089,33,0,1000.000,1.382847,0.658774
68352,0,0.125000,0.805364,28,0,1000.000,1.185535,0.677166
68352,1,0.125000,0.884152,26,0,1000.000,1.064376,0.681826
68352,2,0.125000,0.824342,33,0,1000.000,1.594618,0.653226
68352,3,0.125000,0.910785,27,0,1000.000,1.699963,0.657136
68352,4,0.125000,0.842602,35,0,1000.000,1.625143,0.672941
68352,5,0.125000,0.819148,29,0,1000.000,1.819094,0.663305
68352,6,0.125000,0.878226,37,0,1000.000,1.518618,0.668308
68352,7,0.125000,0.808673,40,0,1000.000,1.505174,0.666304
68400,0,0.125000,0.873989,19,0,1000.000,1.662147,0.655134
68400,1,0.125000,0.867589,25,0,1000.000,1.433509,0.674039
68400,2,0.125000,0.818930,33,0,1000.000,1.159994,0.661216
68400,3,0.125000,0.800321,21,0,1000.000,1.364786,0.663374
68400,4,0.125000,0.831317,23,0,1000.000,1.926292,0.662695
68400,5,0.125000,0.883155,26,0,1000.000,1.628178,0.664207
68400,6,0.125000,0.841880,26,0,1000.000,1.592067,0.652604
68400,7,0.125000,0.842220,24,0,1000.000,1.586007,0.661902
68448,0,0.125000,0.840110,20,0,1000.000,1.320903,0.665422
68448,1,0.125000,0.742945,26,0,1000.000,1.305759,0.661108
68448,2,0.125000,0.860886,25,0,1000.000,1.289318,0.669032
68448,3,0.125000,0.786259,29,0,1000.000,1.486053,0.656450
68448,4,0.125000,0.785234,34,0,1000.000,1.514346,0.653315
68448,5,0.125000,0.823267,22,0,1000.000,1.177065,0.678450
68448,6,0.125000,0.664281,16,0,1000.000,1.597635,0.647184
68448,7,0.125000,0.794688,27,0,1000.000,1.312261,0.666859
68496,0,0.125000,0.819225,35,0,1000.000,1.438397,0.671005
68496,1,0.125000,0.828584,37,0,1000.000,1.588618,0.668875
68496,2,0.125000,0.719030,44,0,1000.000,1.223234,0.659476
68496,3,0.125000,0.862824,28,0,1000.000,1.462493,0.661813
68496,4,0.125000,0.764830,30,0,1000.000,1.535292,0.667426
68496,5,0.125000,0.823110,30,0,1000.000,1.669381,0.671842
68496,6,0.125000,0.858428,39,0,1000.000,1.515369,0.668630
68496,7,0.125000,0.698085,29,0,1000.000,1.284090,0.660580
68544,0,0.125000,0.920139,17,0,1000.000,1.621559,0.668006
68544,1,0.125000,0.725722,14,0,1000.000,1.489318,0.671711
68544,2,0.125000,0.821711,25,0,1000.000,1.607926,0.669605
68544,3,0.125000,0.793926,21,0,1000.000,1.552791,0.655155
68544,4,0.125000,0.817265,20,0,1000.000,1.649620,0.662783
68544,5,0.125000,0.855645,25,0,1000.000,1.493467,0.680154
68544,6,0.125000,0.821975,26,0,1000.000,1.479053,0.670658
68544,7,0.125000,0.800616,28,0,1000.000,1.310997,0.673402
68592,0,0.125000,0.572684,19,0,1000.000,1.373982,0.664938
68592,1,0.125000,0.837766,18,0,1000.000,1.213154,0.652395
68592,2,0.125000,0.816500,21,0,1000.000,2.038455,0.653840
68592,3,0.125000,0.852609,12,0,1000.000,1.576385,0.685213
68592,4,0.125000,0.920671,16,0,1000.000,1.781366,0.669514
68592,5,0.125000,0.654956,19,0,1000.000,0.969183,0.672946
68592,6,0.125000,0.796689,19,0,1000.000,1.032604,0.673713
68592,7,0.125000,0.831638,22,0,1000.000,1.656388,0.662277
68640,0,0.125000,0.773671,20,0,1000.000,1.268757,0.653562
68640,1,0.125000,0.906325,26,0,1000.000,1.399389,0.685296
68640,2,0.125000,0.807727,18,0,1000.000,1.763993,0.665937
68640,3,0.125000,0.795594,20,0,1000.000,1.224199,0.668034
68640,4,0.125000,0.774940,27,0,1000.000,1.251717,0.676356
68640,5,0.125000,0.655725,13,0,1000.000,1.129703,0.671534
68640,6,0.125000,0.773531,25,0,1000.000,1.491010,0.665349
68640,7,0.125000,0.766703,24,1,999.167,1.658494,0.654272
68688,0,0.125000,0.825356,34,0,1000.000,1.266916,0.676330
68688,1,0.125000,0.752892,30,0,1000.000,1.316720,0.673664
68688,2,0.125000,0.841189,28,0,1000.000,1.516073,0.676894
68688,3,0.125000,0.732388,21,0,1000.000,1.661611,0.667227
68688,4,0.125000,0.831140,31,0,1000.000,1.704509,0.661292
68688,5,0.125000,0.826289,24,0,1000.000,1.705967,0.660976
68688,6,0.125000,0.828831,32,0,1000.000,1.676196,0.662331
68688,7,0.125000,0.800851,37,0,1000.000,1.362288,0.671682
68736,0,0.125000,0.721802,17,0,1000.000,1.123815,0.672092
68736,1,0.125000,0.949446,19,0,1000.000,1.265169,0.691016
68736,2,0.125000,0.789948,27,0,1000.000,1.394379,0.666502
68736,3,0.125000,0.872102,11,0,1000.000,1.054894,0.688228
68736,4,0.125000,0.891113,20,0,1000.000,1.363521,0.677789
68736,5,0.125000,0.906925,22,0,1000.000,1.284932,0.669552
68736,6,0.125000,0.817137,32,0,1000.000,1.363896,0.674031
68736,7,0.125000,0.730727,24,0,1000.000,1.350221,0.669793
68784,0,0.125000,0.809326,18,0,1000.000,1.774923,0.660577
68784,1,0.125000,0.753193,11,0,1000.000,1.435179,0.664167
68784,2,0.125000,0.893576,20,0,1000.000,1.476850,0.673116
68784,3,0.125000,0.879762,20,0,1000.000,1.614114,0.674452
68784,4,0.125000,0.875750,20,0,1000.000,1.731691,0.657452
68784,5,0.125000,0.854602,25,0,1000.000,1.454207,0.659853
68784,6,0.125000,0.760309,19,0,1000.000,1.433310,0.652910
68784,7,0.125000,0.839789,22,0,1000.000,1.527144,0.659274
68832,0,0.125000,0.820578,15,0,1000.000,1.114281,0.667861
68832,1,0.125000,0.845015,13,0,1000.000,1.714389,0.654322
68832,2,0.125000,0.848940,13,0,1000.000,1.729745,0.669088
68832,3,0.125000,0.900768,15,0,1000.000,1.855637,0.655690
68832,4,0.125000,0.851881,14,0,1000.000,1.614534,0.676281
68832,5,0.125000,0.802230,14,0,1000.000,1.198842,0.661484
68832,6,0.125000,0.714655,16,1,949.062,1.253828,0.663510
68832,7,0.125000,0.744667,10,0,1000.000,1.262469,0.660761
68880,0,0.125000,0.829286,14,0,1000.000,0.835311,0.686519
68880,1,0.125000,0.835726,22,0,1000.000,1.577164,0.664921
68880,2,0.125000,0.574324,14,0,1000.000,1.665321,0.643649
68880,3,0.125000,0.945340,11,0,1000.000,1.596006,0.686493
68880,4,0.125000,0.921622,14,0,1000.000,1.462161,0.658441
68880,5,0.125000,0.766298,16,0,1000.000,1.254674,0.669216
68880,6,0.125000,0.845711,13,0,1000.000,1.478883,0.662340
68880,7,0.125000,0.851333,19,0,1000.000,1.805438,0.663641
68928,0,0.125000,0.877830,11,1,949.727,2.099083,0.624113
68928,1,0.125000,0.738224,19,0,1000.000,1.437771,0.676836
68928,2,0.125000,0.734742,21,0,1000.000,1.852665,0.653755
68928,3,0.125000,0.946263,20,0,1000.000,1.551790,0.672539
68928,4,0.125000,0.779483,11,0,1000.000,1.395249,0.669830
68928,5,0.125000,0.822296,33,0,1000.000,1.321444,0.677908
68928,6,0.125000,0.802283,21,0,1000.000,1.829057,0.650355
68928,7,0.125000,0.774476,22,0,1000.000,1.917367,0.657473
68976,0,0.125000,0.752427,19,1,973.000,1.098992,0.680143
68976,1,0.125000,0.847802,24,0,1000.000,1.767843,0.659284
68976,2,0.125000,0.661850,25,0,1000.000,1.482658,0.654704
68976,3,0.125000,0.783221,23,0,1000.000,1.613202,0.662102
68976,4,0.125000,0.766008,25,0,1000.000,1.406297,0.656553
68976,5,0.125000,0.859920,23,0,1000.000,1.373389,0.688338
68976,6,0.125000,0.820052,23,0,1000.000,1.458654,0.669261
68976,7,0.125000,0.747550,23,0,1000.000,1.604610,0.666785
69024,0,0.125000,0.864893,34,0,1000.000,1.591585,0.651862
69024,1,0.125000,0.835077,19,0,1000.000,1.619333,0.659537
69024,2,0.125000,0.917906,19,0,1000.000,1.667871,0.652061
69024,3,0.125000,0.858037,31,0,1000.000,1.601572,0.672034
69024,4,0.125000,0.849338,30,0,1000.000,1.778863,0.665936
69024,5,0.125000,0.808755,32,0,1000.000,1.404906,0.658447
69024,6,0.125000,0.864686,26,0,1000.000,1.578409,0.678272
69024,7,0.125000,0.782317,25,0,1000.000,1.475443,0.664444
69072,0,0.125000,0.922750,17,0,1000.000,1.673279,0.669957
69072,1,0.125000,0.928333,27,0,1000.000,1.720328,0.680699
69072,2,0.125000,0.829165,15,0,1000.000,1.186940,0.689741
69072,3,0.125000,0.842516,29,0,1000.000,1.387008,0.674835
69072,4,0.125000,0.875422,22,0,1000.000,1.663104,0.667382
69072,5,0.125000,0.842289,18,0,1000.000,1.491820,0.693742
69072,6,0.125000,0.800662,28,0,1000.000,1.525345,0.662787
69072,7,0.125000,0.875707,29,0,1000.000,1.424721,0.674684
69120,0,0.125000,0.866560,24,0,1000.000,1.448960,0.681480
69120,1,0.125000,0.867719,32,0,1000.000,1.547129,0.655925
69120,2,0.125000,0.881724,16,0,1000.000,1.443340,0.677223
69120,3,0.125000,0.640542,17,0,1000.000,1.428324,0.671148
69120,4,0.125000,0.894044,20,0,1000.000,1.498891,0.686115
69120,5,0.125000,0.791858,25,0,1000.000,1.467203,0.668966
69120,6,0.125000,0.888091,17,0,1000.000,1.398054,0.684281
69120,7,0.125000,0.899466,23,0,1000.000,1.533332,0.673015
69168,0,0.125000,0.822874,42,0,1000.000,1.456988,0.677341
69168,1,0.125000,0.798700,27,0,1000.000,1.236950,0.662236
69168,2,0.125000,0.938461,28,0,1000.000,1.544566,0.678331
69168,3,0.125000,0.721612,22,0,1000.000,1.288133,0.668675
69168,4,0.125000,0.832274,33,0,1000.000,1.235303,0.682247
69168,5,0.125000,0.889587,27,0,1000.000,1.606803,0.668353
69168,6,0.125000,0.791174,31,0,1000.000,1.685704,0.659989
69168,7,0.125000,0.727544,35,1,992.343,1.614706,0.663641
69216,0,0.125000,0.737789,39,0,1000.000,1.387300,0.669510
69216,1,0.125000,0.823297,36,0,1000.000,1.373717,0.666497
69216,2,0.125000,0.845146,30,0,1000.000,1.342898,0.683874
69216,3,0.125000,0.772548,38,0,1000.000,1.505377,0.657944
69216,4,0.125000,0.865411,28,0,1000.000,1.471261,0.668896
69216,5,0.125000,0.866095,40,0,1000.000,1.449378,0.672664
69216,6,0.125000,0.783806,31,0,1000.000,1.314878,0.675449
69216,7,0.125000,0.747653,30,0,1000.000,1.338925,0.675038
69264,0,0.125000,0.646490,22,1,960.682,1.337363,0.643106
69264,1,0.125000,0.818341,41,0,1000.000,1.442214,0.665712
69264,2,0.125000,0.830402,30,0,1000.000,1.472544,0.664802
69264,3,0.125000,0.849577,34,0,1000.000,1.401352,0.681897
69264,4,0.125000,0.828583,31,0,1000.000,1.595074,0.674288
69264,5,0.125000,0.930260,27,0,1000.000,1.714893,0.673330
69264,6,0.125000,0.734066,29,0,1000.000,1.235196,0.668272
69264,7,0.125000,0.810252,36,1,973.167,1.501149,0.661982
69312,0,0.125000,0.792905,26,0,1000.000,1.329364,0.686127
69312,1,0.125000,0.860981,23,0,1000.000,1.303440,0.683393
69312,2,0.125000,0.818644,41,0,1000.000,1.490270,0.669163
69312,3,0.125000,0.744903,30,0,1000.000,1.408106,0.669178
69312,4,0.125000,0.739035,30,0,1000.000,1.329054,0.660050
69312,5,0.125000,0.693838,42,0,1000.000,1.557622,0.665978
69312,6,0.125000,0.702035,21,0,1000.000,1.431678,0.676787
69312,7,0.125000,0.804564,29,0,1000.000,1.401758,0.676094
69360,0,0.125000,0.844670,34,1,971.647,1.533871,0.668345
69360,1,0.125000,0.844209,38,0,1000.000,1.711693,0.657074
69360,2,0.125000,0.876143,35,0,1000.000,1.667440,0.678111
69360,3,0.125000,0.871598,30,0,1000.000,1.416490,0.661954
69360,4,0.125000,0.873879,32,0,1000.000,1.532502,0.668194
69360,5,0.125000,0.837552,33,0,1000.000,1.515026,0.662686
69360,6,0.125000,0.805687,33,0,1000.000,1.660508,0.661823
69360,7,0.125000,0.821841,29,0,1000.000,1.623553,0.668995
69408,0,0.125000,0.930562,17,0,1000.000,1.732848,0.671782
69408,1,0.125000,0.791436,19,0,1000.000,1.268475,0.673914
69408,2,0.125000,0.707649,25,0,1000.000,1.289715,0.675396
69408,3,0.125000,0.779673,25,0,1000.000,1.316678,0.669510
69408,4,0.125000,0.843332,22,0,1000.000,1.487979,0.683400
69408,5,0.125000,0.824845,25,0,1000.000,1.392918,0.676896
69408,6,0.125000,0.824837,23,0,1000.000,1.170546,0.661670
69408,7,0.125000,0.775975,27,0,1000.000,1.471088,0.671340
69456,0,0.125000,0.807363,35,1,994.486,1.583079,0.644061
69456,1,0.125000,0.772543,28,0,1000.000,1.189967,0.662426
69456,2,0.125000,0.749446,21,0,1000.000,1.378882,0.657170
69456,3,0.125000,0.776709,31,0,1000.000,1.477103,0.656838
69456,4,0.125000,0.774361,28,0,1000.000,1.531244,0.647887
69456,5,0.125000,0.910584,25,0,1000.000,1.794829,0.655334
69456,6,0.125000,0.773964,23,0,1000.000,1.656976,0.653918
69456,7,0.125000,0.676944,22,0,1000.000,1.351351,0.657387
69504,0,0.125000,0.796048,46,0,1000.000,1.408585,0.669628
69504,1,0.125000,0.843572,28,0,1000.000,1.224383,0.671599
69504,2,0.125000,0.751807,33,0,1000.000,1.643338,0.664639
69504,3,0.125000,0.820982,35,0,1000.000,1.562382,0.666863
69504,4,0.125000,0.892652,34,0,1000.000,1.674357,0.660439
69504,5,0.125000,0.836908,28,0,1000.000,1.656540,0.664643
69504,6,0.125000,0.777681,23,0,1000.000,1.568043,0.668694
69504,7,0.125000,0.902896,25,0,1000.000,1.462499,0.681997
69552,0,0.125000,0.833788,21,1,983.238,1.373638,0.668638
69552,1,0.125000,0.752153,26,0,1000.000,1.422728,0.667911
69552,2,0.125000,0.792062,24,0,1000.000,1.226438,0.673834
69552,3,0.125000,0.824891,23,0,1000.000,1.290205,0.668924
69552,4,0.125000,0.847511,19,0,1000.000,1.414261,0.694390
69552,5,0.125000,0.790840,25,0,1000.000,1.204541,0.667297
69552,6,0.125000,0.796269,25,0,1000.000,1.303438,0.689430
69552,7,0.125000,0.666864,14,0,1000.000,1.307684,0.686357
69600,0,0.125000,0.929526,14,1,935.786,1.282753,0.652359
69600,1,0.125000,0.791817,19,1,987.737,1.134703,0.668653
69600,2,0.125000,0.950151,17,0,1000.000,1.488168,0.671737
69600,3,0.125000,0.883739,17,0,1000.000,1.588453,0.672594
69600,4,0.125000,0.936319,15,0,1000.000,1.651754,0.679244
69600,5,0.125000,0.731675,13,0,1000.000,1.098450,0.675619
69600,6,0.125000,0.840965,24,0,1000.000,1.696427,0.656244
69600,7,0.125000,0.714424,24,0,1000.000,0.969984,0.670337
69648,0,0.125000,0.539183,22,0,1000.000,1.308597,0.663286
69648,1,0.125000,0.814600,23,0,1000.000,1.459031,0.675760
69648,2,0.125000,0.884777,20,0,1000.000,1.758104,0.674542
69648,3,0.125000,0.947941,16,0,1000.000,1.536729,0.692504
69648,4,0.125000,0.769253,29,0,1000.000,1.429287,0.657530
69648,5,0.125000,0.814253,28,0,1000.000,1.721887,0.660405
69648,6,0.125000,0.805395,28,0,1000.000,1.524007,0.678797
69648,7,0.125000,0.718997,21,0,1000.000,1.097036,0.665343
69696,0,0.125000,0.855981,26,0,1000.000,1.634580,0.658518
69696,1,0.125000,0.831259,27,0,1000.000,1.333310,0.674483
69696,2,0.125000,0.911612,28,0,1000.000,1.920719,0.660111
69696,3,0.125000,0.874287,29,0,1000.000,1.454166,0.676302
69696,4,0.125000,0.885526,29,0,1000.000,1.235817,0.677021
69696,5,0.125000,0.849161,34,0,1000.000,1.370617,0.668055
69696,6,0.125000,0.817770,29,0,1000.000,1.310106,0.688739
69696,7,0.125000,0.839858,21,0,1000.000,1.515975,0.675651
69744,0,0.125000,0.677859,19,0,1000.000,1.377449,0.664252
69744,1,0.125000,0.804542,19,0,1000.000,1.676857,0.657957
69744,2,0.125000,0.820161,17,0,1000.000,1.347143,0.662018
69744,3,0.125000,0.901899,25,0,1000.000,1.359271,0.672453
69744,4,0.125000,0.926270,22,0,1000.000,1.831333,0.651964
69744,5,0.125000,0.813008,23,0,1000.000,1.381523,0.657941
69744,6,0.125000,0.882541,22,0,1000.000,1.700787,0.675289
69744,7,0.125000,0.772091,24,0,1000.000,1.245631,0.661287
69792,0,0.125000,0.785287,20,0,1000.000,1.386193,0.662142
69792,1,0.125000,0.784847,15,0,1000.000,1.713730,0.661873
69792,2,0.125000,0.859086,22,0,1000.000,1.355129,0.666761
69792,3,0.125000,0.951319,16,0,1000.000,1.356417,0.668018
69792,4,0.125000,0.786953,20,0,1000.000,1.671126,0.666543
69792,5,0.125000,0.785493,19,1,949.000,1.475672,0.656739
69792,6,0.125000,0.710475,18,0,1000.000,1.563120,0.653033
69792,7,0.125000,0.813085,23,0,1000.000,1.541122,0.650891
69840,0,0.125000,0.827364,9,2,897.556,1.286694,0.639201
69840,1,0.125000,0.830788,19,0,1000.000,1.568144,0.666516
69840,2,0.125000,0.732616,13,0,1000.000,1.031712,0.661052
69840,3,0.125000,0.634999,12,0,1000.000,0.974330,0.675677
69840,4,0.125000,0.845302,22,0,1000.000,1.616749,0.657319
69840,5,0.125000,0.906129,10,0,1000.000,2.245098,0.653941
69840,6,0.125000,0.927762,7,0,1000.000,1.716292,0.632778
69840,7,0.125000,0.845865,19,1,957.211,1.416546,0.654557
69888,0,0.125000,0.637647,13,0,1000.000,1.219820,0.666969
69888,1,0.125000,0.889827,17,0,1000.000,1.397782,0.674174
69888,2,0.125000,0.854285,11,0,1000.000,1.457661,0.674766
69888,3,0.125000,0.894259,23,0,1000.000,1.746109,0.663114
69888,4,0.125000,0.856856,20,0,1000.000,1.168225,0.689406
69888,5,0.125000,0.956792,16,0,1000.000,1.309787,0.690951
69888,6,0.125000,0.855698,13,0,1000.000,1.477944,0.679339
69888,7,0.125000,0.880245,15,1,993.267,1.260239,0.676178
69936,0,0.125000,0.805946,17,0,1000.000,1.725761,0.645252
69936,1,0.125000,0.857755,20,0,1000.000,1.898314,0.649011
69936,2,0.125000,0.762855,12,0,1000.000,1.619477,0.659380
69936,3,0.125000,0.839257,19,0,1000.000,1.579642,0.673815
69936,4,0.125000,0.799702,31,0,1000.000,1.977671,0.655590
69936,5,0.125000,0.630553,17,0,1000.000,1.648204,0.652665
69936,6,0.125000,0.735021,14,0,1000.000,1.197290,0.665054
69936,7,0.125000,0.689244,23,0,1000.000,1.261824,0.661699
69984,0,0.125000,0.850753,18,0,1000.000,1.194679,0.670789
69984,1,0.125000,0.815102,22,0,1000.000,1.358296,0.681365
69984,2,0.125000,0.796485,27,0,1000.000,1.470531,0.672120
69984,3,0.125000,0.800349,32,0,1000.000,1.469856,0.666970
69984,4,0.125000,0.701136,24,0,1000.000,1.363424,0.666354
69984,5,0.125000,0.835066,30,0,1000.000,1.455278,0.672353
69984,6,0.125000,0.705813,27,0,1000.000,1.494195,0.654977
69984,7,0.125000,0.796107,26,0,1000.000,1.476413,0.676929
70032,0,0.125000,0.737007,30,0,1000.000,1.434623,0.673796
70032,1,0.125000,0.868902,24,0,1000.000,1.273813,0.675160
70032,2,0.125000,0.824266,34,0,1000.000,1.547274,0.666422
70032,3,0.125000,0.802915,23,0,1000.000,1.679166,0.662735
70032,4,0.125000,0.802124,28,0,1000.000,1.578689,0.669589
70032,5,0.125000,0.865478,28,0,1000.000,1.572033,0.669086
70032,6,0.125000,0.865735,26,0,1000.000,1.541991,0.667504
70032,7,0.125000,0.757773,25,0,1000.000,1.450032,0.674209
70080,0,0.125000,0.803386,20,0,1000.000,1.350012,0.684672
70080,1,0.125000,0.897568,27,0,1000.000,1.676595,0.680066
70080,2,0.125000,0.900393,24,0,1000.000,1.560104,0.679487
70080,3,0.125000,0.684981,20,0,1000.000,1.510943,0.648814
70080,4,0.125000,0.728574,24,0,1000.000,1.592229,0.654696
70080,5,0.125000,0.807929,15,0,1000.000,1.722698,0.664778
70080,6,0.125000,0.767558,16,0,1000.000,1.361957,0.679926
70080,7,0.125000,0.678728,17,0,1000.000,1.576606,0.652458
70128,0,0.125000,0.893445,24,1,999.417,1.396506,0.673104
70128,1,0.125000,0.807454,24,0,1000.000,1.631244,0.664226
70128,2,0.125000,0.774513,19,0,1000.000,1.607142,0.656630
70128,3,0.125000,0.885328,25,0,1000.000,1.551303,0.661694
70128,4,0.125000,0.675783,25,0,1000.000,1.244738,0.664657
70128,5,0.125000,0.781699,18,0,1000.000,1.587573,0.677286
70128,6,0.125000,0.816720,24,0,1000.000,1.485017,0.663010
70128,7,0.125000,0.802113,20,0,1000.000,1.263284,0.687803
70176,0,0.125000,0.788234,30,0,1000.000,1.598159,0.668961
70176,1,0.125000,0.840081,33,0,1000.000,1.691267,0.655141
70176,2,0.125000,0.750143,38,0,1000.000,1.458396,0.663894
70176,3,0.125000,0.761278,27,0,1000.000,1.632028,0.653947
70176,4,0.125000,0.826271,33,0,1000.000,1.329078,0.677880
70176,5,0.125000,0.848938,37,0,1000.000,1.662815,0.663244
70176,6,0.125000,0.747760,25,0,1000.000,1.349117,0.678302
70176,7,0.125000,0.756019,31,0,1000.000,1.384954,0.675433
70224,0,0.125000,0.815611,29,0,1000.000,1.625765,0.670812
70224,1,0.125000,0.821504,33,0,1000.000,1.388378,0.673139
70224,2,0.125000,0.821908,30,0,1000.000,1.726984,0.657863
70224,3,0.125000,0.771887,39,0,1000.000,1.306870,0.678849
70224,4,0.125000,0.824412,25,0,1000.000,1.403380,0.666741
70224,5,0.125000,0.848502,44,0,1000.000,1.468605,0.668758
70224,6,0.125000,0.818757,38,0,1000.000,1.275604,0.678190
70224,7,0.125000,0.803195,32,0,1000.000,1.638875,0.660558
70272,0,0.125000,0.892874,26,0,1000.000,1.455088,0.676602
70272,1,0.125000,0.828568,25,0,1000.000,1.306053,0.681722
70272,2,0.125000,0.824710,34,0,1000.000,1.273638,0.670230
70272,3,0.125000,0.821944,22,0,1000.000,1.170715,0.684135
70272,4,0.125000,0.829789,31,0,1000.000,1.637936,0.665239
70272,5,0.125000,0.882639,28,0,1000.000,1.626839,0.663893
70272,6,0.125000,0.808473,42,0,1000.000,1.238096,0.665038
70272,7,0.125000,0.759207,38,0,1000.000,1.370822,0.670176
70320,0,0.125000,0.905355,27,0,1000.000,1.423321,0.663196
70320,1,0.125000,0.807603,34,0,1000.000,1.656832,0.656491
70320,2,0.125000,0.806636,32,0,1000.000,1.477913,0.654307
70320,3,0.125000,0.902641,29,0,1000.000,1.599654,0.669629
70320,4,0.125000,0.836686,32,0,1000.000,1.631092,0.663021
70320,5,0.125000,0.826889,32,0,1000.000,1.436776,0.661229
70320,6,0.125000,0.814213,27,0,1000.000,1.448406,0.657242
70320,7,0.125000,0.827449,33,0,1000.000,1.432238,0.672445
70368,0,0.125000,0.819121,32,0,1000.000,1.289724,0.672935
70368,1,0.125000,0.889645,31,0,1000.000,1.230192,0.676767
70368,2,0.125000,0.914968,37,0,1000.000,1.521966,0.685769
70368,3,0.125000,0.850284,37,0,1000.000,1.134796,0.685485
70368,4,0.125000,0.819141,34,0,1000.000,1.517662,0.663976
70368,5,0.125000,0.763732,27,0,1000.000,1.420032,0.675760
70368,6,0.125000,0.795072,31,0,1000.000,1.791079,0.664893
70368,7,0.125000,0.842568,29,1,974.621,1.258925,0.681702
70416,0,0.125000,0.684596,15,0,1000.000,1.271454,0.651248
70416,1,0.125000,0.833623,21,0,1000.000,1.682512,0.662482
70416,2,0.125000,0.714155,21,0,1000.000,1.250780,0.669732
70416,3,0.125000,0.772725,26,0,1000.000,1.596809,0.655299
70416,4,0.125000,0.863847,26,0,1000.000,1.298033,0.664729
70416,5,0.125000,0.706217,20,0,1000.000,1.802873,0.645896
70416,6,0.125000,0.813838,22,0,1000.000,1.902367,0.651758
70416,7,0.125000,0.783628,23,0,1000.000,1.772513,0.660200
70464,0,0.125000,0.909085,29,0,1000.000,1.411421,0.667847
70464,1,0.125000,0.761918,29,0,1000.000,1.574050,0.668641
70464,2,0.125000,0.884470,34,0,1000.000,1.600180,0.675997
70464,3,0.125000,0.873224,31,0,1000.000,1.737772,0.670057
70464,4,0.125000,0.881075,29,0,1000.000,1.318085,0.670347
70464,5,0.125000,0.654585,21,0,1000.000,1.436107,0.652928
70464,6,0.125000,0.721111,24,0,1000.000,1.393094,0.669502
70464,7,0.125000,0.845662,29,0,1000.000,1.892850,0.647390
70512,0,0.125000,0.674990,27,0,1000.000,1.571044,0.649070
70512,1,0.125000,0.898628,28,0,1000.000,1.497384,0.663455
70512,2,0.125000,0.742950,44,0,1000.000,1.390709,0.669887
70512,3,0.125000,0.831099,35,0,1000.000,1.522942,0.678643
70512,4,0.125000,0.800372,20,0,1000.000,1.363541,0.665879
70512,5,0.125000,0.895811,27,0,1000.000,1.703828,0.653870
70512,6,0.125000,0.777261,40,0,1000.000,1.621228,0.655004
70512,7,0.125000,0.790345,28,0,1000.000,1.684805,0.672826
70560,0,0.125000,0.731344,19,0,1000.000,1.225899,0.671396
70560,1,0.125000,0.792109,19,0,1000.000,1.484753,0.677171
70560,2,0.125000,0.815706,21,0,1000.000,1.161401,0.668818
70560,3,0.125000,0.843561,25,0,1000.000,1.704752,0.648494
70560,4,0.125000,0.733838,19,0,1000.000,1.353848,0.678224
70560,5,0.125000,0.827319,21,0,1000.000,1.792304,0.661243
70560,6,0.125000,0.703530,16,0,1000.000,1.333536,0.661188
70560,7,0.125000,0.816471,23,0,1000.000,1.602953,0.659332
70608,0,0.125000,0.794700,19,0,1000.000,1.316515,0.681317
70608,1,0.125000,0.874910,16,0,1000.000,1.743613,0.660439
70608,2,0.125000,0.798894,20,0,1000.000,1.503973,0.677981
70608,3,0.125000,0.890155,20,0,1000.000,1.435039,0.675309
70608,4,0.125000,0.816707,17,0,1000.000,1.395129,0.655481
70608,5,0.125000,0.731726,25,0,1000.000,1.510496,0.663677
70608,6,0.125000,0.756754,15,0,1000.000,1.471028,0.686348
70608,7,0.125000,0.683840,19,0,1000.000,1.398400,0.654759
70656,0,0.125000,0.778984,36,0,1000.000,1.456513,0.672896
70656,1,0.125000,0.841792,21,0,1000.000,1.511078,0.671803
70656,2,0.125000,0.810120,20,0,1000.000,1.411032,0.693549
70656,3,0.125000,0.942558,29,0,1000.000,1.499281,0.684496
70656,4,0.125000,0.848145,20,0,1000.000,1.401314,0.667424
70656,5,0.125000,0.928877,27,0,1000.000,1.702818,0.669447
70656,6,0.125000,0.854252,15,0,1000.000,1.829678,0.645937
70656,7,0.125000,0.700417,25,0,1000.000,1.428492,0.661155
70704,0,0.125000,0.884794,27,0,1000.000,1.776070,0.657229
70704,1,0.125000,0.945048,17,0,1000.000,1.476708,0.673205
70704,2,0.125000,0.755949,33,0,1000.000,1.323647,0.667494
70704,3,0.125000,0.886164,23,0,1000.000,1.531323,0.665056
70704,4,0.125000,0.853811,26,0,1000.000,1.728590,0.676988
70704,5,0.125000,0.857242,34,0,1000.000,1.584211,0.671369
70704,6,0.125000,0.847102,30,0,1000.000,1.319147,0.687569
70704,7,0.125000,0.834515,37,1,978.459,1.552222,0.663233
70752,0,0.125000,0.737280,15,0,1000.000,1.372003,0.649217
70752,1,0.125000,0.705851,17,0,1000.000,1.531569,0.662853
70752,2,0.125000,0.802959,27,0,1000.000,1.119633,0.672684
70752,3,0.125000,0.717349,23,0,1000.000,1.678428,0.664261
70752,4,0.125000,0.682686,7,0,1000.000,1.070977,0.673796
70752,5,0.125000,0.740899,24,0,1000.000,1.247213,0.677581
70752,6,0.125000,0.781908,18,0,1000.000,1.320727,0.663718
70752,7,0.125000,0.859235,24,0,1000.000,1.477977,0.669357
70800,0,0.125000,0.937353,22,0,1000.000,1.711045,0.669832
70800,1,0.125000,0.853216,18,0,1000.000,1.039886,0.679452
70800,2,0.125000,0.768108,11,0,1000.000,1.404411,0.684823
70800,3,0.125000,0.907358,15,0,1000.000,1.874989,0.653599
70800,4,0.125000,0.737675,21,0,1000.000,1.470554,0.664161
70800,5,0.125000,0.859418,16,0,1000.000,1.931915,0.645326
70800,6,0.125000,0.677121,21,0,1000.000,1.203784,0.685287
70800,7,0.125000,0.834548,25,1,968.400,1.248294,0.682505
70848,0,0.125000,0.764701,13,1,993.538,1.591264,0.634998
70848,1,0.125000,0.807987,18,0,1000.000,1.790422,0.656230
70848,2,0.125000,0.805117,17,0,1000.000,1.437955,0.652938
70848,3,0.125000,0.944180,15,0,1000.000,1.434710,0.683628
70848,4,0.125000,0.728207,14,0,1000.000,1.562603,0.647762
70848,5,0.125000,0.943960,11,0,1000.000,1.408013,0.661996
70848,6,0.125000,0.789050,6,0,1000.000,1.291462,0.658870
70848,7,0.125000,0.823035,13,0,1000.000,2.043003,0.647275
70896,0,0.125000,0.802515,22,1,957.000,1.362414,0.654548
70896,1,0.125000,0.846263,15,0,1000.000,1.883431,0.650237
70896,2,0.125000,0.839799,11,0,1000.000,1.677761,0.658833
70896,3,0.125000,0.856495,18,0,1000.000,1.812876,0.658332
70896,4,0.125000,0.778615,14,0,1000.000,1.738125,0.670031
70896,5,0.125000,0.863656,24,0,1000.000,1.298220,0.676052
70896,6,0.125000,0.807726,19,0,1000.000,1.631553,0.666708
70896,7,0.125000,0.720649,18,0,1000.000,1.387715,0.652073
70944,0,0.125000,0.762850,18,0,1000.000,1.563949,0.669692
70944,1,0.125000,0.811002,22,0,1000.000,1.189211,0.662461
70944,2,0.125000,0.671467,14,0,1000.000,1.196642,0.683698
70944,3,0.125000,0.935732,18,0,1000.000,1.531331,0.662304
70944,4,0.125000,0.899000,22,0,1000.000,1.346116,0.667558
70944,5,0.125000,0.792391,21,0,1000.000,1.444696,0.668787
70944,6,0.125000,0.905164,21,0,1000.000,1.321686,0.683067
70944,7,0.125000,0.732674,14,0,1000.000,1.323608,0.677735
70992,0,0.125000,0.788767,29,2,985.379,1.350658,0.650634
70992,1,0.125000,0.839436,28,0,1000.000,1.877909,0.654872
70992,2,0.125000,0.753434,27,0,1000.000,1.468771,0.657357
70992,3,0.125000,0.746707,32,0,1000.000,1.496997,0.653938
70992,4,0.125000,0.859972,25,0,1000.000,1.317315,0.670571
70992,5,0.125000,0.776649,23,0,1000.000,1.283272,0.668729
70992,6,0.125000,0.690911,20,0,1000.000,1.376258,0.655932
70992,7,0.125000,0.881107,39,0,1000.000,1.739686,0.669907
71040,0,0.125000,0.859811,29,0,1000.000,1.768116,0.660376
71040,1,0.125000,0.845087,24,0,1000.000,1.556330,0.659508
71040,2,0.125000,0.846730,23,0,1000.000,1.638685,0.660538
71040,3,0.125000,0.748746,30,0,1000.000,1.272390,0.665155
71040,4,0.125000,0.868181,26,0,1000.000,1.366459,0.675804
71040,5,0.125000,0.625804,15,0,1000.000,1.280445,0.682098
71040,6,0.125000,0.785784,27,0,1000.000,1.562514,0.666886
71040,7,0.125000,0.821692,28,0,1000.000,1.742296,0.666930
71088,0,0.125000,0.822481,18,0,1000.000,1.519855,0.658649
71088,1,0.125000,0.811239,22,0,1000.000,1.330683,0.670851
71088,2,0.125000,0.683194,22,0,1000.000,1.105029,0.677368
71088,3,0.125000,0.887050,26,0,1000.000,1.709281,0.667045
71088,4,0.125000,0.824850,21,0,1000.000,1.584118,0.654308
71088,5,0.125000,0.816488,24,0,1000.000,1.512807,0.671378
71088,6,0.125000,0.840528,21,0,1000.000,1.484242,0.657569
71088,7,0.125000,0.750442,16,0,1000.000,1.213919,0.674255
71136,0,0.125000,0.903794,29,1,971.897,1.390762,0.667699
71136,1,0.125000,0.711291,22,0,1000.000,1.431774,0.666165
71136,2,0.125000,0.833730,18,0,1000.000,1.726404,0.661342
71136,3,0.125000,0.828422,21,0,1000.000,1.600339,0.658440
71136,4,0.125000,0.831509,16,0,1000.000,1.136839,0.667222
71136,5,0.125000,0.914381,22,0,1000.000,1.741652,0.655342
71136,6,0.125000,0.844776,23,0,1000.000,1.635194,0.659016
71136,7,0.125000,0.813365,39,0,1000.000,1.473912,0.675236
71184,0,0.125000,0.712001,25,0,1000.000,1.206097,0.671931
71184,1,0.125000,0.843578,28,0,1000.000,1.393649,0.677483
71184,2,0.125000,0.853163,23,0,1000.000,1.314696,0.667839
71184,3,0.125000,0.816714,26,0,1000.000,1.516991,0.649571
71184,4,0.125000,0.681481,45,0,1000.000,1.330495,0.670116
71184,5,0.125000,0.806905,43,0,1000.000,1.434006,0.663203
71184,6,0.125000,0.827396,39,0,1000.000,1.643855,0.647592
71184,7,0.125000,0.832165,30,0,1000.000,1.317635,0.657641
71232,0,0.125000,0.836130,31,0,1000.000,1.530331,0.670287
71232,1,0.125000,0.807934,34,1,976.882,1.375607,0.663718
71232,2,0.125000,0.811296,24,0,1000.000,1.948285,0.639036
71232,3,0.125000,0.737129,40,0,1000.000,1.475466,0.674471
71232,4,0.125000,0.884911,34,0,1000.000,1.441526,0.681675
71232,5,0.125000,0.779947,30,0,1000.000,1.382819,0.655884
71232,6,0.125000,0.853358,31,0,1000.000,1.470519,0.682332
71232,7,0.125000,0.855717,38,0,1000.000,1.429022,0.662741
71280,0,0.125000,0.798493,27,1,972.111,1.770197,0.641160
71280,1,0.125000,0.818782,37,1,974.378,1.464003,0.660499
71280,2,0.125000,0.824495,26,0,1000.000,1.264399,0.679199
71280,3,0.125000,0.899297,25,0,1000.000,1.218967,0.678329
71280,4,0.125000,0.871621,30,0,1000.000,1.610305,0.667505
71280,5,0.125000,0.874942,31,0,1000.000,1.522335,0.664455
71280,6,0.125000,0.783059,36,0,1000.000,1.366985,0.682575
71280,7,0.125000,0.786718,35,1,979.143,1.423892,0.663494
71328,0,0.125000,0.811853,30,0,1000.000,1.498927,0.670534
71328,1,0.125000,0.936909,25,0,1000.000,1.598384,0.674077
71328,2,0.125000,0.852012,37,0,1000.000,1.366866,0.660350
71328,3,0.125000,0.907488,30,0,1000.000,1.400618,0.685682
71328,4,0.125000,0.817246,39,0,1000.000,1.411597,0.668810
71328,5,0.125000,0.900285,26,0,1000.000,1.425866,0.665605
71328,6,0.125000,0.853644,31,0,1000.000,1.767790,0.669083
71328,7,0.125000,0.781933,34,1,990.235,1.534681,0.653271
71376,0,0.125000,0.907875,30,0,1000.000,1.420846,0.676694
71376,1,0.125000,0.837325,29,0,1000.000,1.490176,0.663432
71376,2,0.125000,0.721207,23,0,1000.000,1.280719,0.662354
71376,3,0.125000,0.773095,31,0,1000.000,1.542367,0.653687
71376,4,0.125000,0.770294,32,0,1000.000,1.237874,0.684683
71376,5,0.125000,0.862490,22,0,1000.000,1.838084,0.650214
71376,6,0.125000,0.715943,40,0,1000.000,1.454893,0.668361
71376,7,0.125000,0.755268,36,1,990.778,1.627170,0.651446
71424,0,0.125000,0.834101,20,0,1000.000,1.672958,0.674524
71424,1,0.125000,0.811117,27,0,1000.000,1.574604,0.671880
71424,2,0.125000,0.827529,29,0,1000.000,1.558381,0.665167
71424,3,0.125000,0.722714,22,0,1000.000,1.358290,0.669670
71424,4,0.125000,0.747717,20,0,1000.000,1.322507,0.664221
71424,5,0.125000,0.777938,25,0,1000.000,1.305381,0.666984
71424,6,0.125000,0.843846,20,0,1000.000,1.600477,0.674537
71424,7,0.125000,0.888348,14,0,1000.000,2.009318,0.628571
71472,0,0.125000,0.844730,26,0,1000.000,1.116633,0.681373
71472,1,0.125000,0.823112,38,0,1000.000,1.589142,0.662000
71472,2,0.125000,0.708778,33,0,1000.000,1.599308,0.652930
71472,3,0.125000,0.777070,30,0,1000.000,1.481178,0.664972
71472,4,0.125000,0.857979,32,0,1000.000,1.723352,0.652572
71472,5,0.125000,0.805237,32,0,1000.000,1.675663,0.665798
71472,6,0.125000,0.866084,25,0,1000.000,1.389687,0.673796
71472,7,0.125000,0.797055,29,0,1000.000,1.649718,0.650803
71520,0,0.125000,0.808432,23,0,1000.000,1.508990,0.666935
71520,1,0.125000,0.808951,25,0,1000.000,1.612818,0.661722
71520,2,0.125000,0.779174,32,0,1000.000,1.505535,0.666187
71520,3,0.125000,0.754673,26,0,1000.000,1.392123,0.682467
71520,4,0.125000,0.720865,23,0,1000.000,1.386848,0.672269
71520,5,0.125000,0.817878,33,0,1000.000,1.536386,0.671119
71520,6,0.125000,0.832777,30,2,974.967,1.335074,0.669884
71520,7,0.125000,0.824102,36,1,981.361,1.308559,0.665657
71568,0,0.125000,0.840302,21,0,1000.000,1.288092,0.664747
71568,1,0.125000,0.754419,22,0,1000.000,1.392972,0.669364
71568,2,0.125000,0.857568,25,0,1000.000,1.454901,0.676442
71568,3,0.125000,0.820682,18,0,1000.000,1.622833,0.662761
71568,4,0.125000,0.798934,17,0,1000.000,1.752540,0.642079
71568,5,0.125000,0.762544,26,0,1000.000,1.377560,0.677315
71568,6,0.125000,0.831925,18,0,1000.000,1.132384,0.675012
71568,7,0.125000,0.770501,19,0,1000.000,1.556523,0.667627
71616,0,0.125000,0.740222,14,0,1000.000,1.291281,0.660690
71616,1,0.125000,0.669386,24,0,1000.000,1.080456,0.672062
71616,2,0.125000,0.847349,20,1,952.400,1.513258,0.646744
71616,3,0.125000,0.710211,18,0,1000.000,1.436484,0.658438
71616,4,0.125000,0.882340,16,0,1000.000,1.372717,0.675250
71616,5,0.125000,0.677426,12,0,1000.000,1.785256,0.654111
71616,6,0.125000,0.741740,16,0,1000.000,1.683637,0.660754
71616,7,0.125000,0.786465,25,0,1000.000,1.249588,0.663120
71664,0,0.125000,0.813651,31,0,1000.000,1.789663,0.657691
71664,1,0.125000,0.918644,25,1,982.160,1.660255,0.647504
71664,2,0.125000,0.767956,24,0,1000.000,1.449198,0.668134
71664,3,0.125000,0.742918,20,0,1000.000,1.049204,0.657798
71664,4,0.125000,0.810914,26,0,1000.000,1.573173,0.668044
71664,5,0.125000,0.753873,29,0,1000.000,1.550883,0.675141
71664,6,0.125000,0.796857,20,0,1000.000,1.600493,0.673811
71664,7,0.125000,0.721509,31,0,1000.000,1.321970,0.671160
71712,0,0.125000,0.744593,47,0,1000.000,1.566147,0.655589
71712,1,0.125000,0.676255,16,0,1000.000,1.414672,0.654539
71712,2,0.125000,0.699719,19,0,1000.000,0.935806,0.674570
71712,3,0.125000,0.810682,29,0,1000.000,1.693008,0.656240
71712,4,0.125000,0.866312,32,0,1000.000,1.593824,0.672620
71712,5,0.125000,0.806051,27,0,1000.000,1.672215,0.656036
71712,6,0.125000,0.847713,20,0,1000.000,1.329051,0.675404
71712,7,0.125000,0.802374,36,0,1000.000,1.399789,0.675792
71760,0,0.125000,0.881760,22,0,1000.000,1.445264,0.671723
71760,1,0.125000,0.800287,16,0,1000.000,1.810610,0.655753
71760,2,0.125000,0.908297,24,0,1000.000,1.354777,0.693064
71760,3,0.125000,0.841423,12,0,1000.000,1.725847,0.648814
71760,4,0.125000,0.708726,12,0,1000.000,1.279728,0.671263
71760,5,0.125000,0.853578,27,0,1000.000,1.490571,0.661871
71760,6,0.125000,0.900869,19,0,1000.000,1.978711,0.642565
71760,7,0.125000,0.583099,14,0,1000.000,1.271270,0.668005
71808,0,0.125000,0.756326,23,1,959.043,1.213216,0.664903
71808,1,0.125000,0.844927,10,0,1000.000,1.575646,0.670848
71808,2,0.125000,0.809396,18,0,1000.000,1.817204,0.648240
71808,3,0.125000,0.870566,21,0,1000.000,1.860760,0.654711
71808,4,0.125000,0.801246,16,0,1000.000,1.739312,0.661935
71808,5,0.125000,0.797158,21,0,1000.000,1.620038,0.672261
71808,6,0.125000,0.870441,14,0,1000.000,1.433086,0.671917
71808,7,0.125000,0.820213,16,0,1000.000,1.432572,0.657170
71856,0,0.125000,0.922944,15,0,1000.000,1.680234,0.662436
71856,1,0.125000,0.813743,15,0,1000.000,1.379983,0.666329
71856,2,0.125000,0.947183,8,0,1000.000,1.400958,0.684794
71856,3,0.125000,0.833036,8,0,1000.000,1.445454,0.692665
71856,4,0.125000,0.889677,10,0,1000.000,2.340296,0.618618
71856,5,0.125000,0.807533,18,0,1000.000,1.836290,0.640656
71856,6,0.125000,0.915448,14,0,1000.000,2.113463,0.661777
71856,7,0.125000,0.713575,12,0,1000.000,0.990315,0.687071
71904,0,0.125000,0.893772,18,1,959.056,1.184812,0.671266
71904,1,0.125000,0.859789,13,0,1000.000,1.518026,0.664853
71904,2,0.125000,0.720567,15,0,1000.000,1.705925,0.656994
71904,3,0.125000,0.766550,22,0,1000.000,1.465706,0.671093
71904,4,0.125000,0.834994,20,0,1000.000,1.686426,0.663189
71904,5,0.125000,0.787202,18,0,1000.000,1.443503,0.684873
71904,6,0.125000,0.823335,20,0,1000.000,1.637739,0.638199
71904,7,0.125000,0.841404,26,0,1000.000,1.822625,0.652168
71952,0,0.125000,0.809953,19,1,972.263,1.737292,0.652680
71952,1,0.125000,0.905674,20,0,1000.000,1.294332,0.686405
71952,2,0.125000,0.867373,24,0,1000.000,1.538877,0.670022
71952,3,0.125000,0.817138,17,0,1000.000,1.602047,0.667120
71952,4,0.125000,0.834028,29,0,1000.000,1.856257,0.661700
71952,5,0.125000,0.891803,18,0,1000.000,1.231264,0.679075
71952,6,0.125000,0.873487,17,0,1000.000,1.717230,0.670577
71952,7,0.125000,0.915622,26,0,1000.000,1.751444,0.653623
72000,0,0.125000,0.697634,25,0,1000.000,1.540697,0.662048
72000,1,0.125000,0.812016,23,0,1000.000,1.358401,0.679637
72000,2,0.125000,0.925631,20,0,1000.000,1.657758,0.662646
72000,3,0.125000,0.904746,31,0,1000.000,1.637530,0.669279
72000,4,0.125000,0.817864,28,0,1000.000,1.513511,0.662943
72000,5,0.125000,0.787659,29,0,1000.000,1.571560,0.653874
72000,6,0.125000,0.804940,27,0,1000.000,1.779330,0.667166
72000,7,0.125000,0.844973,25,0,1000.000,1.779631,0.652459
