condition,seed,bin_idx,rollout,fall_step,tracking_error,epte_sp,v_x_mean,v_x_signed_mean,vfc,action_rate,term_reason,duty_factor,stride_freq_hz,stride_length_m
uniform,0,0,0,999,0.5256762504577637,0.5261505842208862,0.37273308634757996,0.37255731225013733,1.4902292490005493,0.6191360354423523,time_out,0.2227500081062317,4.300000190734863,0.08664122968912125
uniform,0,0,1,999,0.5158788561820984,0.5163630247116089,0.370428204536438,0.37026068568229675,1.481042742729187,0.6203795671463013,time_out,0.2290000021457672,4.3125,0.08585754781961441
uniform,0,0,2,999,0.5933929681777954,0.5937995910644531,0.3936055302619934,0.3933078646659851,1.5732314586639404,0.6165340542793274,time_out,0.22049999237060547,4.300000190734863,0.09146694093942642
uniform,0,0,3,999,0.47685110569000244,0.47737428545951843,0.3503699004650116,0.35006117820739746,1.4002447128295898,0.5882762670516968,time_out,0.22424998879432678,4.199999809265137,0.08334790170192719
uniform,0,0,4,999,0.44358688592910767,0.4441433250904083,0.3416922092437744,0.3411855697631836,1.3647422790527344,0.5937968492507935,time_out,0.22699999809265137,4.199999809265137,0.08123466372489929
uniform,0,0,5,999,0.5328189134597778,0.5332860946655273,0.3784670829772949,0.37824809551239014,1.5129923820495605,0.6288169622421265,time_out,0.22300000488758087,4.349999904632568,0.08695358783006668
uniform,0,0,6,999,0.374592125415802,0.3752175569534302,0.3217148184776306,0.31982213258743286,1.2792885303497314,0.6180694103240967,time_out,0.26524999737739563,4.287500381469727,0.07459408044815063
uniform,0,0,7,999,0.3132614493370056,0.3139481842517853,0.32149916887283325,0.3213183879852295,1.285273551940918,0.6573258638381958,time_out,0.23850001394748688,4.4375,0.07240977883338928
uniform,0,0,8,999,0.45052412152290344,0.45107361674308777,0.3582265377044678,0.3580057621002197,1.432023048400879,0.5882406830787659,time_out,0.21850000321865082,4.1875,0.08549391478300095
uniform,0,0,9,999,0.23765119910240173,0.23841355741024017,0.28111207485198975,0.2809390127658844,1.1237560510635376,0.6184230446815491,time_out,0.27149999141693115,4.25,0.06610329449176788
uniform,0,0,10,999,0.2113236039876938,0.21211227774620056,0.2850191295146942,0.2848280370235443,1.1393121480941772,0.613444983959198,time_out,0.25824999809265137,4.25,0.06701835989952087
uniform,0,0,11,999,0.39101237058639526,0.3916213810443878,0.340464323759079,0.34025105834007263,1.3610042333602905,0.642179012298584,time_out,0.2460000067949295,4.400000095367432,0.07732978463172913
uniform,0,0,12,999,0.33769530057907104,0.3383576273918152,0.28891026973724365,0.28629907965660095,1.1451963186264038,0.6021475195884705,time_out,0.23125000298023224,4.25,0.06736449152231216
uniform,0,0,13,999,0.5797051787376404,0.5801255106925964,0.3882778584957123,0.38803911209106445,1.5521564483642578,0.6144252419471741,time_out,0.24000000953674316,4.300000190734863,0.09024164825677872
uniform,0,0,14,999,0.359604150056839,0.3602445423603058,0.33053189516067505,0.3303355872631073,1.3213423490524292,0.6314976811408997,time_out,0.2567499876022339,4.349999904632568,0.07593921571969986
uniform,0,0,15,999,0.5991969704627991,0.5995978116989136,0.39409154653549194,0.3939168155193329,1.5756672620773315,0.6091400384902954,time_out,0.226500004529953,4.25,0.09268631041049957
uniform,0,0,16,999,0.6887896060943604,0.6891008615493774,0.418123334646225,0.41791149973869324,1.671645998954773,0.6355676651000977,time_out,0.226500004529953,4.349999904632568,0.09607160836458206
uniform,0,0,17,999,0.623245120048523,0.623621940612793,0.40125057101249695,0.40104836225509644,1.6041934490203857,0.6295405030250549,time_out,0.22974999248981476,4.337499618530273,0.09246072918176651
uniform,0,0,18,999,0.3083600699901581,0.3090517222881317,0.2974224388599396,0.2953017055988312,1.1812068223953247,0.6361157894134521,time_out,0.27125000953674316,4.349999904632568,0.06788545101881027
uniform,0,0,19,999,0.3893941640853882,0.3900047838687897,0.327983558177948,0.3276882469654083,1.3107529878616333,0.6383957266807556,time_out,0.2669999897480011,4.349999904632568,0.07533062994480133
uniform,0,0,20,999,0.6540193557739258,0.6543653607368469,0.4092099666595459,0.40900930762290955,1.6360372304916382,0.639668345451355,time_out,0.22875000536441803,4.400000095367432,0.09295666217803955
uniform,0,0,21,999,0.2608616352081299,0.2616007924079895,0.29878517985343933,0.2986004054546356,1.1944016218185425,0.6546071171760559,time_out,0.2782500088214874,4.4375,0.06729023158550262
uniform,0,0,22,999,0.22839786112308502,0.22916947305202484,0.24156968295574188,0.23899826407432556,0.9559930562973022,0.60812908411026,time_out,0.2224999964237213,4.25,0.05623488500714302
uniform,0,0,23,999,0.25826987624168396,0.2590115964412689,0.2995539903640747,0.29939472675323486,1.1975789070129395,0.609006941318512,time_out,0.2382500171661377,4.25,0.07044582068920135
uniform,0,0,24,999,0.4081875681877136,0.40877941250801086,0.3462303578853607,0.3460564613342285,1.384225845336914,0.6529603600502014,time_out,0.23400001227855682,4.449999809265137,0.07776550203561783
uniform,0,0,25,999,0.32978180050849915,0.3304520547389984,0.32214152812957764,0.3219359517097473,1.2877438068389893,0.6444143652915955,time_out,0.23600000143051147,4.387499809265137,0.07337571680545807
uniform,0,0,26,999,0.4529704749584198,0.45351752638816833,0.34654876589775085,0.34613367915153503,1.3845347166061401,0.6368960738182068,time_out,0.2292500138282776,4.349999904632568,0.0795709639787674
uniform,0,0,27,999,0.4557879865169525,0.4563322067260742,0.3593028783798218,0.3590587377548218,1.436234951019287,0.6616068482398987,time_out,0.23225000500679016,4.449999809265137,0.08068735897541046
uniform,0,0,28,999,0.21263444423675537,0.21342182159423828,0.2494591623544693,0.2487308382987976,0.9949233531951904,0.5966317057609558,time_out,0.21925000846385956,4.199999809265137,0.05922162905335426
uniform,0,0,29,999,0.7987906336784363,0.798991858959198,0.44530436396598816,0.445087730884552,1.780350923538208,0.6417182683944702,time_out,0.22949999570846558,4.400000095367432,0.10115630179643631
uniform,0,0,30,999,0.44380897283554077,0.4443652033805847,0.3449625074863434,0.3446654975414276,1.3786619901657104,0.6028806567192078,time_out,0.2214999943971634,4.25,0.08109776675701141
uniform,0,0,31,999,0.433112233877182,0.43367913365364075,0.34759533405303955,0.3474402129650116,1.3897608518600464,0.6380078792572021,time_out,0.24649998545646667,4.349999904632568,0.07987131178379059
uniform,0,0,32,999,0.43650302290916443,0.43706655502319336,0.3353535830974579,0.33358049392700195,1.3343219757080078,0.6366173028945923,time_out,0.2527499794960022,4.349999904632568,0.07668517529964447
uniform,0,0,33,999,0.47331732511520386,0.4738440215587616,0.35408923029899597,0.35347509384155273,1.413900375366211,0.6331347823143005,time_out,0.23199999332427979,4.349999904632568,0.08125864714384079
uniform,0,0,34,999,0.6306552886962891,0.6310246586799622,0.38519081473350525,0.38425177335739136,1.5370070934295654,0.6074231266975403,time_out,0.2277499884366989,4.25,0.0904121845960617
uniform,0,0,35,999,0.33685430884361267,0.33751747012138367,0.32443371415138245,0.32426413893699646,1.2970565557479858,0.6338551640510559,time_out,0.28224998712539673,4.349999904632568,0.07454348355531693
uniform,0,0,36,999,0.2346564680337906,0.235421821475029,0.2924247980117798,0.2922426760196686,1.1689707040786743,0.6137192845344543,time_out,0.2577500343322754,4.25,0.06876298040151596
uniform,0,0,37,999,0.47347208857536316,0.47399863600730896,0.3334178924560547,0.3300066888332367,1.3200267553329468,0.5880463719367981,time_out,0.21649999916553497,4.237500190734863,0.07787767797708511
uniform,0,0,38,999,0.45722296833992004,0.45776575803756714,0.35845422744750977,0.35823020339012146,1.4329208135604858,0.6332811713218689,time_out,0.2762500047683716,4.337499618530273,0.08258910477161407
uniform,0,0,39,999,0.519290566444397,0.5197713375091553,0.3741464614868164,0.3739812970161438,1.4959251880645752,0.6584474444389343,time_out,0.2552500069141388,4.400000095367432,0.08499574661254883
uniform,0,0,40,999,0.5547602772712708,0.5552055239677429,0.3493526577949524,0.34416720271110535,1.3766688108444214,0.6073306798934937,time_out,0.23849999904632568,4.25,0.08098051697015762
uniform,0,0,41,999,0.3623332977294922,0.3629710078239441,0.3181159496307373,0.3179199993610382,1.2716799974441528,0.5979987978935242,time_out,0.22749999165534973,4.199999809265137,0.07569523900747299
uniform,0,0,42,999,0.422063410282135,0.4226413667201996,0.3483278155326843,0.3481295108795166,1.3925180435180664,0.6507139801979065,time_out,0.24699999392032623,4.400000095367432,0.07912033796310425
uniform,0,0,43,999,0.3595394194126129,0.3601799011230469,0.32279667258262634,0.32261380553245544,1.2904552221298218,0.6337911486625671,time_out,0.2695000171661377,4.349999904632568,0.07416409254074097
uniform,0,0,44,999,0.25203782320022583,0.2527858018875122,0.2725759446620941,0.26763418316841125,1.070536732673645,0.6260982751846313,time_out,0.2672500014305115,4.300000190734863,0.06224050372838974
uniform,0,0,45,999,0.26336491107940674,0.2641015350818634,0.3036104738712311,0.3034035861492157,1.2136143445968628,0.6198559999465942,time_out,0.2587500214576721,4.300000190734863,0.07055897265672684
uniform,0,0,46,999,0.2546444535255432,0.25538983941078186,0.27616751194000244,0.2756098508834839,1.1024394035339355,0.6176704168319702,time_out,0.2722499966621399,4.300000190734863,0.06409531086683273
uniform,0,0,47,999,0.3230744004249573,0.3237513303756714,0.3130362927913666,0.3128588795661926,1.2514355182647705,0.6272899508476257,time_out,0.23475000262260437,4.300000190734863,0.07275787740945816
uniform,0,0,48,999,0.48891526460647583,0.4894263744354248,0.3618897497653961,0.36169546842575073,1.446781873703003,0.6489185094833374,time_out,0.24149999022483826,4.400000095367432,0.08220351487398148
uniform,0,0,49,999,0.41188347339630127,0.41247162222862244,0.33084946870803833,0.32943108677864075,1.317724347114563,0.6289776563644409,time_out,0.2789999842643738,4.300000190734863,0.07661187648773193
uniform,0,0,50,999,0.5844129323959351,0.5848284959793091,0.39172568917274475,0.39150914549827576,1.566036581993103,0.609068751335144,time_out,0.22349999845027924,4.25,0.09211979806423187
uniform,0,0,51,999,0.22609874606132507,0.22687266767024994,0.2811437249183655,0.28097736835479736,1.1239094734191895,0.6093335151672363,time_out,0.25725001096725464,4.199999809265137,0.066899374127388
uniform,0,0,52,999,0.23909981548786163,0.23986072838306427,0.2837162911891937,0.28351789712905884,1.1340715885162354,0.6201394200325012,time_out,0.2407499998807907,4.287500381469727,0.06612661480903625
uniform,0,0,53,999,0.3143135607242584,0.3149992525577545,0.30700358748435974,0.3067948520183563,1.2271794080734253,0.6329984664916992,time_out,0.25575000047683716,4.337499618530273,0.07073080539703369
uniform,0,0,54,999,0.44350066781044006,0.4440571665763855,0.35469284653663635,0.3544332981109619,1.4177331924438477,0.6507596969604492,time_out,0.2580000162124634,4.400000095367432,0.08055301755666733
uniform,0,0,55,999,0.4223369359970093,0.42291462421417236,0.3192509710788727,0.31842178106307983,1.2736871242523193,0.6523007750511169,time_out,0.23100000619888306,4.400000095367432,0.07236858457326889
uniform,0,0,56,999,0.215452641248703,0.21623718738555908,0.2627775967121124,0.2625967860221863,1.0503871440887451,0.610366940498352,time_out,0.22875000536441803,4.25,0.061787478625774384
uniform,0,0,57,999,0.43117061257362366,0.4317394495010376,0.34448036551475525,0.34426337480545044,1.3770534992218018,0.6346510052680969,time_out,0.25450000166893005,4.349999904632568,0.07914100587368011
uniform,0,0,58,999,0.4295053482055664,0.43007585406303406,0.35141828656196594,0.3512090742588043,1.4048362970352173,0.62795490026474,time_out,0.23375000059604645,4.349999904632568,0.08073771744966507
uniform,0,0,59,999,0.5464358329772949,0.5468894243240356,0.38218700885772705,0.3819940686225891,1.5279762744903564,0.6349025368690491,time_out,0.2357499897480011,4.349999904632568,0.08781473338603973
uniform,0,0,60,999,0.4334343671798706,0.43400096893310547,0.34110158681869507,0.3408902585506439,1.3635610342025757,0.6453849077224731,time_out,0.24125000834465027,4.400000095367432,0.07747505605220795
uniform,0,0,61,999,0.6504418253898621,0.6507914066314697,0.40751585364341736,0.40736016631126404,1.6294406652450562,0.6527987122535706,time_out,0.23025000095367432,4.449999809265137,0.09154161065816879
uniform,0,0,62,999,0.52875155210495,0.5292227864265442,0.37810391187667847,0.37791377305984497,1.5116550922393799,0.6163775324821472,time_out,0.24149999022483826,4.300000190734863,0.08788692206144333
uniform,0,0,63,999,0.39484065771102905,0.395445853471756,0.32389628887176514,0.32016676664352417,1.2806670665740967,0.6424012184143066,time_out,0.24149999022483826,4.400000095367432,0.07276517152786255
uniform,0,0,64,999,0.3482077121734619,0.3488595187664032,0.327884703874588,0.3277241289615631,1.3108965158462524,0.6524351239204407,time_out,0.2789999842643738,4.400000095367432,0.0744827538728714
uniform,0,0,65,999,0.35009798407554626,0.3507479131221771,0.32612717151641846,0.32595545053482056,1.3038218021392822,0.6256869435310364,time_out,0.27924999594688416,4.300000190734863,0.07580359280109406
uniform,0,0,66,999,0.45567137002944946,0.4562157094478607,0.3588567078113556,0.3586527407169342,1.4346109628677368,0.6505477428436279,time_out,0.24274998903274536,4.400000095367432,0.0815119817852974
uniform,0,0,67,999,0.2508455216884613,0.2515946924686432,0.27081337571144104,0.2706194818019867,1.0824779272079468,0.60502028465271,time_out,0.23599998652935028,4.199999809265137,0.06443320959806442
uniform,0,0,68,999,0.4293595850467682,0.42993026971817017,0.3396714925765991,0.3394104838371277,1.3576419353485107,0.6057418584823608,time_out,0.23025000095367432,4.25,0.07986129075288773
uniform,0,0,69,999,0.5356009602546692,0.536065399646759,0.3793611228466034,0.3791678249835968,1.5166712999343872,0.6547150611877441,time_out,0.25325000286102295,4.400000095367432,0.08617450296878815
uniform,0,0,70,999,0.2822493612766266,0.28296712040901184,0.28540724515914917,0.2789805829524994,1.1159223318099976,0.6004316210746765,time_out,0.23725000023841858,4.25,0.06564249098300934
uniform,0,0,71,999,0.4760146141052246,0.47653862833976746,0.36333146691322327,0.3631358742713928,1.4525434970855713,0.6556994318962097,time_out,0.23975001275539398,4.4375,0.08183343708515167
uniform,0,0,72,999,0.3283807039260864,0.3290523588657379,0.2927440404891968,0.29257190227508545,1.1702876091003418,0.6192086338996887,time_out,0.22949999570846558,4.25,0.06884044408798218
uniform,0,0,73,999,0.2763766646385193,0.2771002948284149,0.2828470766544342,0.2824310064315796,1.1297240257263184,0.6343309879302979,time_out,0.2540000081062317,4.349999904632568,0.06492666900157928
uniform,0,0,74,999,0.2715427279472351,0.27227118611335754,0.2621338963508606,0.2619403302669525,1.04776132106781,0.5830803513526917,time_out,0.2134999930858612,4.150000095367432,0.06311815232038498
uniform,0,0,75,999,0.6532199382781982,0.6535667181015015,0.4086630046367645,0.4084564745426178,1.6338258981704712,0.6230061650276184,time_out,0.23774999380111694,4.300000190734863,0.09498987346887589
uniform,0,0,76,999,0.2650049030780792,0.26573991775512695,0.229109525680542,0.22074435651302338,0.8829774260520935,0.6163668632507324,time_out,0.26350000500679016,4.25,0.05193984881043434
uniform,0,0,77,999,0.18280397355556488,0.18362118303775787,0.2704959809780121,0.2702919542789459,1.0811678171157837,0.5991461277008057,time_out,0.22225001454353333,4.199999809265137,0.06435523182153702
uniform,0,0,78,999,0.6857474446296692,0.6860617399215698,0.4158255159854889,0.41561856865882874,1.662474274635315,0.6294514536857605,time_out,0.22824999690055847,4.3125,0.09637532383203506
uniform,0,0,79,999,0.19161756336688995,0.1924259513616562,0.2641778290271759,0.2639688551425934,1.0558754205703735,0.605972170829773,time_out,0.2459999918937683,4.199999809265137,0.0628497302532196
uniform,0,0,80,999,0.3472958207130432,0.34794852137565613,0.32100725173950195,0.3207099139690399,1.2828396558761597,0.6274274587631226,time_out,0.2697499990463257,4.324999809265137,0.07415258139371872
uniform,0,0,81,999,0.3034150302410126,0.30411162972450256,0.1919558346271515,0.1888006627559662,0.7552026510238647,0.584425151348114,time_out,0.22675000131130219,4.150000095367432,0.04549413546919823
uniform,0,0,82,999,0.49916666746139526,0.49966752529144287,0.3699851334095001,0.3697906732559204,1.4791626930236816,0.6273656487464905,time_out,0.22824999690055847,4.349999904632568,0.08500935137271881
uniform,0,0,83,999,0.6622785925865173,0.6626163721084595,0.4085729122161865,0.40835657715797424,1.633426308631897,0.6124821901321411,time_out,0.22574999928474426,4.300000190734863,0.09496664255857468
uniform,0,0,84,999,0.42406952381134033,0.42464545369148254,0.35133612155914307,0.35111793875694275,1.404471755027771,0.6062973737716675,time_out,0.22725000977516174,4.25,0.08261598646640778
uniform,0,0,85,999,0.3257077932357788,0.3263821005821228,0.3247779607772827,0.32460761070251465,1.2984304428100586,0.6466816663742065,time_out,0.25725001096725464,4.400000095367432,0.07377445697784424
uniform,0,0,86,999,0.35894325375556946,0.35958433151245117,0.3161529302597046,0.31510505080223083,1.2604202032089233,0.6337338089942932,time_out,0.23875001072883606,4.349999904632568,0.07243794202804565
uniform,0,0,87,999,0.36188650131225586,0.3625246584415436,0.3298174738883972,0.3295896351337433,1.3183585405349731,0.6319500207901001,time_out,0.2345000058412552,4.300000190734863,0.07664874941110611
uniform,0,0,88,999,0.41100624203681946,0.41159525513648987,0.3464459776878357,0.3462783098220825,1.38511323928833,0.6475796699523926,time_out,0.2627499997615814,4.400000095367432,0.07869961112737656
uniform,0,0,89,999,0.4152720868587494,0.41585683822631836,0.34469467401504517,0.3445191979408264,1.3780767917633057,0.635592520236969,time_out,0.2590000033378601,4.349999904632568,0.07919982075691223
uniform,0,0,90,999,0.24240820109844208,0.2431657910346985,0.2894129455089569,0.28917643427848816,1.1567057371139526,0.6299882531166077,time_out,0.26100000739097595,4.300000190734863,0.0672503337264061
uniform,0,0,91,999,0.4673908054828644,0.46792343258857727,0.3496866524219513,0.34930551052093506,1.3972220420837402,0.6168508529663086,time_out,0.22325000166893005,4.300000190734863,0.08123383671045303
uniform,0,0,92,999,0.3724125921726227,0.37304019927978516,0.32276451587677,0.3225017189979553,1.2900068759918213,0.615436315536499,time_out,0.2697499990463257,4.300000190734863,0.07500039786100388
uniform,0,0,93,999,0.5704489946365356,0.5708785653114319,0.3883069157600403,0.3881213963031769,1.5524855852127075,0.6354432702064514,time_out,0.2317500114440918,4.349999904632568,0.08922331035137177
uniform,0,0,94,999,0.20094241201877594,0.20174148678779602,0.28569698333740234,0.2855514883995056,1.1422059535980225,0.6262200474739075,time_out,0.2757500112056732,4.300000190734863,0.06640732288360596
uniform,0,0,95,999,0.36459851264953613,0.3652339279651642,0.33311426639556885,0.3328588902950287,1.3314355611801147,0.6114991307258606,time_out,0.24050000309944153,4.25,0.0783197358250618
uniform,0,0,96,999,0.2952273488044739,0.2959321439266205,0.29523658752441406,0.29492297768592834,1.1796919107437134,0.6483741402626038,time_out,0.23250001668930054,4.400000095367432,0.06702794879674911
uniform,0,0,97,999,0.3999151885509491,0.40051528811454773,0.34351781010627747,0.343248188495636,1.372992753982544,0.6265995502471924,time_out,0.23524999618530273,4.349999904632568,0.07890763133764267
uniform,0,0,98,999,0.2664056718349457,0.2671392560005188,0.2966223657131195,0.2964455485343933,1.1857821941375732,0.6252428889274597,time_out,0.2565000057220459,4.337499618530273,0.06834480166435242
uniform,0,0,99,999,0.374985933303833,0.37561097741127014,0.3271438777446747,0.3269355297088623,1.3077421188354492,0.622056782245636,time_out,0.23675000667572021,4.300000190734863,0.07603151351213455
uniform,0,1,0,999,0.10198938101530075,0.10288739204406738,0.7795584201812744,0.7793163657188416,1.039088487625122,0.6803706288337708,time_out,0.2487500011920929,4.537500381469727,0.17175014317035675
uniform,0,1,1,999,0.10315605998039246,0.10405290871858597,0.7749178409576416,0.7746717929840088,1.032895803451538,0.6773829460144043,time_out,0.2565000057220459,4.5,0.17214928567409515
uniform,0,1,2,999,0.12483726441860199,0.12571242451667786,0.8084410429000854,0.8081930875778198,1.077590823173523,0.6833167672157288,time_out,0.24525000154972076,4.525000095367432,0.17860619723796844
uniform,0,1,3,999,0.100448839366436,0.1013483926653862,0.7883802652359009,0.7881193161010742,1.050825834274292,0.681572437286377,time_out,0.24525001645088196,4.5,0.17513762414455414
uniform,0,1,4,999,0.09433503448963165,0.09524070471525192,0.757298469543457,0.7570962905883789,1.009461760520935,0.6837940812110901,time_out,0.24249999225139618,4.5,0.1682436168193817
uniform,0,1,5,999,0.14287927746772766,0.14373640716075897,0.8033536076545715,0.8031154274940491,1.0708205699920654,0.6771479845046997,time_out,0.26225000619888306,4.5,0.17847009003162384
uniform,0,1,6,999,0.11414498090744019,0.11503084003925323,0.718538224697113,0.7183349132537842,0.9577798843383789,0.6752694845199585,time_out,0.2835000157356262,4.5,0.15962998569011688
uniform,0,1,7,999,0.10345341265201569,0.10434996336698532,0.7450544834136963,0.7448518872261047,0.9931358695030212,0.6713737845420837,time_out,0.2827500104904175,4.5,0.16552263498306274
uniform,0,1,8,999,0.0938742607831955,0.09478039294481277,0.7291737794876099,0.7289329767227173,0.9719106554985046,0.682001531124115,time_out,0.242249995470047,4.5,0.1619850993156433
uniform,0,1,9,999,0.114634208381176,0.11551958322525024,0.6946630477905273,0.6944831609725952,0.9259775876998901,0.6731065511703491,time_out,0.29124999046325684,4.487500190734863,0.1547594666481018
uniform,0,1,10,999,0.1160675585269928,0.11695149540901184,0.7252199053764343,0.7250151634216309,0.9666869044303894,0.6822017431259155,time_out,0.28600001335144043,4.5,0.16111448407173157
uniform,0,1,11,999,0.0866229385137558,0.08753632009029388,0.7346701622009277,0.7344605922698975,0.9792808294296265,0.6773295402526855,time_out,0.27549999952316284,4.5,0.16321346163749695
uniform,0,1,12,999,0.10921673476696014,0.11010752618312836,0.7657970190048218,0.7655741572380066,1.0207655429840088,0.6854756474494934,time_out,0.2512499988079071,4.5,0.17012758553028107
uniform,0,1,13,999,0.11365017294883728,0.11453652381896973,0.8113548755645752,0.8111417889595032,1.0815224647521973,0.6765432357788086,time_out,0.273250013589859,4.5,0.18025372922420502
uniform,0,1,14,999,0.08366557955741882,0.08458191901445389,0.7520292401313782,0.751819372177124,1.0024259090423584,0.6797572374343872,time_out,0.2835000157356262,4.5,0.16707096993923187
uniform,0,1,15,999,0.11156230419874191,0.1124507486820221,0.7831034660339355,0.782854437828064,1.0438059568405151,0.6794252395629883,time_out,0.25224998593330383,4.537500381469727,0.1725298911333084
uniform,0,1,16,999,0.1508980393409729,0.15174715220928192,0.8434461951255798,0.8432059288024902,1.1242746114730835,0.6782771944999695,time_out,0.26475000381469727,4.5,0.18737909197807312
uniform,0,1,17,999,0.11485689133405685,0.1157420426607132,0.7847009897232056,0.7844604849815369,1.0459473133087158,0.6734326481819153,time_out,0.26500001549720764,4.5,0.17432455718517303
uniform,0,1,18,999,0.0934707373380661,0.09437727183103561,0.7269163131713867,0.7267239093780518,0.9689652323722839,0.6821196675300598,time_out,0.2877500057220459,4.5,0.1614941954612732
uniform,0,1,19,999,0.11519861221313477,0.11608342081308365,0.7210460305213928,0.7208645939826965,0.9611527919769287,0.6752749085426331,time_out,0.28700000047683716,4.5,0.16019213199615479
uniform,0,1,20,999,0.11384584754705429,0.11473200470209122,0.8024742603302002,0.8022464513778687,1.0696619749069214,0.6760569214820862,time_out,0.2644999921321869,4.5,0.17827698588371277
uniform,0,1,21,999,0.11348452419042587,0.11437104642391205,0.6946926116943359,0.6945047974586487,0.9260064363479614,0.6779435873031616,time_out,0.29074999690055847,4.5,0.1543343961238861
uniform,0,1,22,999,0.11784743517637253,0.1187295988202095,0.7750827074050903,0.7748457789421082,1.033127784729004,0.6849445104598999,time_out,0.2527500092983246,4.5,0.1721879541873932
uniform,0,1,23,999,0.08458971977233887,0.08550512790679932,0.7643070220947266,0.7640681266784668,1.0187575817108154,0.6822994947433472,time_out,0.2580000162124634,4.5,0.16979292035102844
uniform,0,1,24,999,0.09559454023838043,0.09649895131587982,0.7604262232780457,0.7601934671401978,1.0135912895202637,0.6758559346199036,time_out,0.2724999785423279,4.5,0.16893188655376434
uniform,0,1,25,999,0.09958121180534363,0.10048163682222366,0.7721947431564331,0.7720352411270142,1.0293803215026855,0.6783260703086853,time_out,0.2720000147819519,4.5,0.17156338691711426
uniform,0,1,26,999,0.09443884342908859,0.0953444093465805,0.7785550951957703,0.7783190011978149,1.037758708000183,0.6736302971839905,time_out,0.26475000381469727,4.5,0.17295977473258972
uniform,0,1,27,999,0.11112542450428009,0.1120143011212349,0.7868791222572327,0.7866458892822266,1.0488612651824951,0.6737375855445862,time_out,0.2719999849796295,4.5,0.17481020092964172
uniform,0,1,28,999,0.1032891571521759,0.10418587177991867,0.7590696811676025,0.7588745355606079,1.0118327140808105,0.6822457313537598,time_out,0.24924999475479126,4.5,0.16863878071308136
uniform,0,1,29,999,0.16675397753715515,0.16758722066879272,0.8561012744903564,0.8558794260025024,1.1411726474761963,0.6794484853744507,time_out,0.26475000381469727,4.5,0.19019542634487152
uniform,0,1,30,999,0.11209391057491302,0.11298182606697083,0.7907772660255432,0.7905243635177612,1.054032564163208,0.6810045838356018,time_out,0.2502500116825104,4.5,0.17567208409309387
uniform,0,1,31,999,0.10769044607877731,0.1085827648639679,0.7289539575576782,0.7287350296974182,0.9716467261314392,0.678794264793396,time_out,0.2772499918937683,4.5,0.16194111108779907
uniform,0,1,32,999,0.09977337718009949,0.100673608481884,0.7470896244049072,0.7468733191490173,0.9958311319351196,0.6707320213317871,time_out,0.28125,4.5,0.16597184538841248
uniform,0,1,33,999,0.10788360238075256,0.10877572745084763,0.7871183753013611,0.7868863940238953,1.0491819381713867,0.6823359131813049,time_out,0.25725001096725464,4.5,0.17486363649368286
uniform,0,1,34,999,0.10820814222097397,0.10909993946552277,0.759484589099884,0.7592383027076721,1.0123177766799927,0.6772812008857727,time_out,0.24175000190734863,4.5,0.16871961951255798
uniform,0,1,35,999,0.09306036680936813,0.09396731108427048,0.7291238307952881,0.7289808392524719,0.9719744920730591,0.6709451675415039,time_out,0.297249972820282,4.5,0.16199573874473572
uniform,0,1,36,999,0.12154441326856613,0.12242287397384644,0.6836833357810974,0.6834943294525146,0.9113258123397827,0.6674283146858215,time_out,0.28474998474121094,4.449999809265137,0.1535942405462265
uniform,0,1,37,999,0.11492398381233215,0.11580906808376312,0.7007726430892944,0.7005296945571899,0.9340395927429199,0.6784008145332336,time_out,0.2395000010728836,4.512499809265137,0.15524204075336456
uniform,0,1,38,999,0.10158421099185944,0.1024826318025589,0.7450238466262817,0.7448152303695679,0.9930869936943054,0.678661584854126,time_out,0.289000004529953,4.5,0.1655144989490509
uniform,0,1,39,999,0.10436644405126572,0.10526208579540253,0.7382162809371948,0.7380085587501526,0.9840114116668701,0.6724638342857361,time_out,0.28325000405311584,4.5,0.16400189697742462
uniform,0,1,40,999,0.17250195145606995,0.1733294576406479,0.859472930431366,0.8592407703399658,1.1456544399261475,0.679643452167511,time_out,0.27025002241134644,4.5,0.19094239175319672
uniform,0,1,41,999,0.13001009821891785,0.13088008761405945,0.8166043758392334,0.8164313435554504,1.0885751247406006,0.6845647692680359,time_out,0.24824999272823334,4.5,0.1814291924238205
uniform,0,1,42,999,0.11654333770275116,0.1174268051981926,0.7322337627410889,0.732029914855957,0.9760398864746094,0.6718906164169312,time_out,0.2770000100135803,4.5,0.16267330944538116
uniform,0,1,43,999,0.10453851521015167,0.10543397814035416,0.7072234153747559,0.7070453763008118,0.9427272081375122,0.6738420128822327,time_out,0.2879999876022339,4.5,0.1571211963891983
uniform,0,1,44,999,0.11053454875946045,0.11142401397228241,0.7062290906906128,0.7060641050338745,0.9414188265800476,0.676620602607727,time_out,0.28575000166893005,4.5,0.15690313279628754
uniform,0,1,45,999,0.10665091127157211,0.10754426568746567,0.7647451162338257,0.7645368576049805,1.0193824768066406,0.67959064245224,time_out,0.2815000116825104,4.5,0.16989707946777344
uniform,0,1,46,999,0.10791357606649399,0.10880567133426666,0.7572320699691772,0.7570340633392334,1.0093787908554077,0.6893094182014465,time_out,0.28349998593330383,4.5,0.16822978854179382
uniform,0,1,47,999,0.09375768154859543,0.09466393291950226,0.7439647912979126,0.7437450289726257,0.9916600584983826,0.6851430535316467,time_out,0.25824999809265137,4.5,0.1652766764163971
uniform,0,1,48,999,0.08077806979417801,0.08169729262590408,0.7445465922355652,0.7443622946739197,0.9924830794334412,0.6728746294975281,time_out,0.27799999713897705,4.5,0.16541384160518646
uniform,0,1,49,999,0.16601675748825073,0.166850745677948,0.638227105140686,0.6380580067634583,0.8507440090179443,0.6623458862304688,time_out,0.30274999141693115,4.5,0.14179067313671112
uniform,0,1,50,999,0.11448373645544052,0.11536926031112671,0.8116922378540039,0.8114543557167053,1.0819392204284668,0.6841078996658325,time_out,0.24825000762939453,4.5,0.18032318353652954
uniform,0,1,51,999,0.11545558273792267,0.11634013056755066,0.714493989944458,0.7142899036407471,0.9523865580558777,0.682414710521698,time_out,0.28474998474121094,4.5,0.15873108804225922
uniform,0,1,52,999,0.09633360803127289,0.09723728150129318,0.7293999791145325,0.729202389717102,0.9722698926925659,0.6794225573539734,time_out,0.2642499804496765,4.5,0.1620449721813202
uniform,0,1,53,999,0.10047050565481186,0.10137003660202026,0.7131003141403198,0.7128888964653015,0.9505185484886169,0.6766209006309509,time_out,0.2759999930858612,4.5,0.15841975808143616
uniform,0,1,54,999,0.09625132381916046,0.09715507924556732,0.7258084416389465,0.7256299257278442,0.9675065875053406,0.675849199295044,time_out,0.28349998593330383,4.5,0.16125109791755676
uniform,0,1,55,999,0.09418880939483643,0.09509462118148804,0.7732127904891968,0.7730258107185364,1.0307011604309082,0.6808255910873413,time_out,0.2737500071525574,4.5,0.17178350687026978
uniform,0,1,56,999,0.10528318583965302,0.1061779037117958,0.7529537677764893,0.7527337670326233,1.0036450624465942,0.683986246585846,time_out,0.2529999911785126,4.5,0.16727417707443237
uniform,0,1,57,999,0.09309389442205429,0.09400080889463425,0.7349269986152649,0.7347201108932495,0.9796268343925476,0.6779338121414185,time_out,0.2787500023841858,4.5,0.16327112913131714
uniform,0,1,58,999,0.1354990303516388,0.13636353611946106,0.7700155973434448,0.7697865962982178,1.0263822078704834,0.6751248240470886,time_out,0.2680000066757202,4.5,0.17106369137763977
uniform,0,1,59,999,0.1357351839542389,0.13659945130348206,0.8088397979736328,0.8086158037185669,1.078154444694519,0.6706722974777222,time_out,0.2705000042915344,4.5,0.17969240248203278
uniform,0,1,60,999,0.11076650023460388,0.11165573447942734,0.7746846675872803,0.7744805812835693,1.032640814781189,0.6759762167930603,time_out,0.2770000100135803,4.5,0.1721068024635315
uniform,0,1,61,999,0.10157245397567749,0.10247088223695755,0.7917509078979492,0.7915063500404358,1.0553418397903442,0.6771872639656067,time_out,0.25999999046325684,4.5,0.17589029669761658
uniform,0,1,62,999,0.13995672762393951,0.14081677794456482,0.7802141904830933,0.7799899578094482,1.0399866104125977,0.6752517223358154,time_out,0.26625001430511475,4.5,0.1733310967683792
uniform,0,1,63,999,0.10679249465465546,0.10768570750951767,0.7901973724365234,0.7899874448776245,1.053316593170166,0.6753253936767578,time_out,0.27574998140335083,4.5,0.17555277049541473
uniform,0,1,64,999,0.123822882771492,0.12469906359910965,0.6739399433135986,0.6737707853317261,0.898361086845398,0.6782034039497375,time_out,0.28724998235702515,4.5,0.14972683787345886
uniform,0,1,65,999,0.10241581499576569,0.10331340879201889,0.7334794402122498,0.7332773208618164,0.9777030944824219,0.6732370853424072,time_out,0.29325002431869507,4.5,0.1629505157470703
uniform,0,1,66,999,0.08435063064098358,0.08526628464460373,0.7475619912147522,0.7473488450050354,0.9964651465415955,0.6758278012275696,time_out,0.2757500112056732,4.5,0.16607752442359924
uniform,0,1,67,999,0.11161386966705322,0.11250226199626923,0.7081353068351746,0.7079023718833923,0.9438698291778564,0.6821851134300232,time_out,0.26499998569488525,4.5,0.15731163322925568
uniform,0,1,68,999,0.12672342360019684,0.12759670615196228,0.7824150323867798,0.7822410464286804,1.0429880619049072,0.6796619892120361,time_out,0.25824999809265137,4.5,0.17383134365081787
uniform,0,1,69,999,0.09267276525497437,0.09358009696006775,0.7601847052574158,0.7599902749061584,1.0133204460144043,0.6809274554252625,time_out,0.2770000100135803,4.5,0.1688867211341858
uniform,0,1,70,999,0.11681371927261353,0.11769691109657288,0.7853900194168091,0.7851594686508179,1.0468792915344238,0.6850045323371887,time_out,0.2607499957084656,4.5,0.1744798868894577
uniform,0,1,71,999,0.1042637750506401,0.10515951365232468,0.7425100207328796,0.7422915697097778,0.9897221326828003,0.6739557981491089,time_out,0.27799999713897705,4.5,0.16495367884635925
uniform,0,1,72,999,0.12709641456604004,0.12796932458877563,0.6785358190536499,0.6783223748207092,0.9044298529624939,0.6877521276473999,time_out,0.25224998593330383,4.5,0.15073829889297485
uniform,0,1,73,999,0.08693736791610718,0.08785043656826019,0.7442757487297058,0.7440581321716309,0.9920775294303894,0.6705726385116577,time_out,0.28299999237060547,4.5,0.16534624993801117
uniform,0,1,74,999,0.1229708343744278,0.12384786456823349,0.7034814357757568,0.7032306790351868,0.937640905380249,0.6806495785713196,time_out,0.23925000429153442,4.5,0.1562734842300415
uniform,0,1,75,999,0.13113394379615784,0.1320028156042099,0.818766176700592,0.8185243010520935,1.0913658142089844,0.6782463192939758,time_out,0.2667500078678131,4.5,0.18189428746700287
uniform,0,1,76,999,0.08733639121055603,0.08824905753135681,0.71807461977005,0.7178688645362854,0.9571585059165955,0.6801996231079102,time_out,0.28824999928474426,4.5,0.15952640771865845
uniform,0,1,77,999,0.10541247576475143,0.10630706697702408,0.7558882832527161,0.7556511163711548,1.0075348615646362,0.6862635612487793,time_out,0.24374999105930328,4.5,0.1679224669933319
uniform,0,1,78,999,0.10930199921131134,0.11019270122051239,0.7939204573631287,0.7937305569648743,1.058307409286499,0.6792711019515991,time_out,0.2615000009536743,4.5,0.1763845682144165
uniform,0,1,79,999,0.09572149813175201,0.09662578254938126,0.7362011671066284,0.7359879612922668,0.9813172817230225,0.6826189756393433,time_out,0.2775000035762787,4.5,0.1635528802871704
uniform,0,1,80,999,0.10082803666591644,0.10172721743583679,0.7138230800628662,0.7136444449424744,0.9515259265899658,0.6774291396141052,time_out,0.28550001978874207,4.5,0.15858764946460724
uniform,0,1,81,999,0.12814116477966309,0.1290130317211151,0.7308394312858582,0.7306768894195557,0.9742358922958374,0.6869832873344421,time_out,0.257750004529953,4.5,0.1623726487159729
uniform,0,1,82,999,0.14543086290359497,0.14628544449806213,0.821327269077301,0.8210926055908203,1.0947902202606201,0.6813474893569946,time_out,0.2607499957084656,4.5,0.18246501684188843
uniform,0,1,83,999,0.1413041055202484,0.14216279983520508,0.8257027864456177,0.8254704475402832,1.1006273031234741,0.6834524869918823,time_out,0.2487500011920929,4.5,0.18343788385391235
uniform,0,1,84,999,0.10112272202968597,0.10202160477638245,0.7463828921318054,0.746159553527832,0.994879424571991,0.6809626817703247,time_out,0.24799999594688416,4.550000190734863,0.16399110853672028
uniform,0,1,85,999,0.10569434612989426,0.10658866167068481,0.7068780064582825,0.7066771388053894,0.9422361850738525,0.6725184917449951,time_out,0.2864999771118164,4.5,0.1570393592119217
uniform,0,1,86,999,0.11757729947566986,0.11845973134040833,0.8145177364349365,0.8142868876457214,1.085715889930725,0.6814510226249695,time_out,0.2697499990463257,4.5,0.18095263838768005
uniform,0,1,87,999,0.11331894993782043,0.11420563608407974,0.7317025065422058,0.7315248250961304,0.975366473197937,0.6814704537391663,time_out,0.2527500092983246,4.5,0.1625610738992691
uniform,0,1,88,999,0.10537003725767136,0.10626466572284698,0.741909384727478,0.7417080998420715,0.9889441728591919,0.6764702200889587,time_out,0.28599998354911804,4.5,0.16482402384281158
uniform,0,1,89,999,0.09774698317050934,0.09864924103021622,0.72232985496521,0.7221182584762573,0.9628243446350098,0.6814896464347839,time_out,0.28224998712539673,4.5,0.16047072410583496
uniform,0,1,90,999,0.106207475066185,0.10710126906633377,0.7186360955238342,0.7184875011444092,0.9579833745956421,0.6783133745193481,time_out,0.28325000405311584,4.5,0.15966388583183289
uniform,0,1,91,999,0.09710737317800522,0.09801027178764343,0.7537868022918701,0.753538966178894,1.0047186613082886,0.6788154244422913,time_out,0.25349998474121094,4.5,0.1674531102180481
uniform,0,1,92,999,0.10713367164134979,0.10802654176950455,0.754723310470581,0.7545222640037537,1.006029725074768,0.6758078932762146,time_out,0.2862499952316284,4.5,0.16767162084579468
uniform,0,1,93,999,0.13483084738254547,0.13569602370262146,0.8150233626365662,0.8147779703140259,1.0863707065582275,0.677815318107605,time_out,0.2695000171661377,4.5,0.1810617744922638
uniform,0,1,94,999,0.1170470342040062,0.11792998760938644,0.708075761795044,0.707869827747345,0.94382643699646,0.676803708076477,time_out,0.2919999957084656,4.5,0.15730440616607666
uniform,0,1,95,999,0.09588615596294403,0.09679026901721954,0.7656518220901489,0.7654422521591187,1.0205897092819214,0.6797739267349243,time_out,0.2540000081062317,4.5,0.17009827494621277
uniform,0,1,96,999,0.10405727475881577,0.10495322197675705,0.772530198097229,0.7723206877708435,1.0297609567642212,0.6704742908477783,time_out,0.2757500112056732,4.5,0.17162682116031647
uniform,0,1,97,999,0.0873415470123291,0.08825420588254929,0.7592861652374268,0.7590675950050354,1.0120902061462402,0.6782665848731995,time_out,0.2667499780654907,4.5,0.16868168115615845
uniform,0,1,98,999,0.12863484025001526,0.1295062154531479,0.6886148452758789,0.6884225606918335,0.9178967475891113,0.6652956008911133,time_out,0.2837499976158142,4.5,0.15298278629779816
uniform,0,1,99,999,0.09999298304319382,0.10089299827814102,0.785772442817688,0.785534143447876,1.0473788976669312,0.6746056079864502,time_out,0.2722499966621399,4.5,0.17456313967704773
uniform,0,2,0,999,0.07791411131620407,0.07883620262145996,1.2719570398330688,1.2716877460479736,1.017350196838379,0.66750568151474,time_out,0.30900001525878906,4.400000095367432,0.28901994228363037
uniform,0,2,1,999,0.07137158513069153,0.07230021804571152,1.2436120510101318,1.2433366775512695,0.9946693778038025,0.6973870992660522,time_out,0.30425000190734863,4.5,0.27629703283309937
uniform,0,2,2,999,0.09149500727653503,0.09240351617336273,1.318515658378601,1.3182892799377441,1.0546314716339111,0.6896886229515076,time_out,0.3007499873638153,4.449999809265137,0.2962448000907898
uniform,0,2,3,999,0.08959829062223434,0.09050869196653366,1.3071926832199097,1.3069190979003906,1.0455353260040283,0.6855517029762268,time_out,0.30399999022483826,4.449999809265137,0.29368969798088074
uniform,0,2,4,999,0.06988681852817535,0.07081693410873413,1.2204153537750244,1.2201825380325317,0.9761460423469543,0.6955768465995789,time_out,0.2997500002384186,4.5,0.27115166187286377
uniform,0,2,5,999,0.082513727247715,0.08343121409416199,1.291373372077942,1.2911624908447266,1.0329300165176392,0.6866393089294434,time_out,0.3022500276565552,4.449999809265137,0.29014888405799866
uniform,0,2,6,999,0.12466267496347427,0.12553802132606506,1.101353645324707,1.1011676788330078,0.8809341788291931,0.6704716086387634,time_out,0.33500000834465027,4.387499809265137,0.25097841024398804
uniform,0,2,7,999,0.06469526886940002,0.06563057750463486,1.245022177696228,1.2447845935821533,0.9958276748657227,0.6592926383018494,time_out,0.33250001072883606,4.349999904632568,0.28615736961364746
uniform,0,2,8,999,0.10785897076129913,0.10875111818313599,1.1395237445831299,1.1392383575439453,0.9113907217979431,0.7003095746040344,time_out,0.29875001311302185,4.5,0.2531640827655792
uniform,0,2,9,999,0.11309764534235,0.11398455500602722,1.119788646697998,1.1195653676986694,0.8956522941589355,0.6238932013511658,time_out,0.3449999988079071,4.099999904632568,0.2730647325515747
uniform,0,2,10,999,0.07537742704153061,0.07630205154418945,1.2370034456253052,1.236820101737976,0.9894561171531677,0.6312087178230286,time_out,0.34375,4.150000095367432,0.29802894592285156
uniform,0,2,11,999,0.0707373395562172,0.07166660577058792,1.2669757604599,1.2667269706726074,1.0133816003799438,0.6431716680526733,time_out,0.33274999260902405,4.25,0.29805341362953186
uniform,0,2,12,999,0.07192699611186981,0.07285507768392563,1.2248774766921997,1.2246193885803223,0.9796954989433289,0.6786894798278809,time_out,0.3097500205039978,4.449999809265137,0.2751953899860382
uniform,0,2,13,999,0.07232900708913803,0.07325667887926102,1.2754976749420166,1.2752498388290405,1.0201998949050903,0.6725937724113464,time_out,0.31450000405311584,4.400000095367432,0.2898294925689697
uniform,0,2,14,999,0.07826995849609375,0.07919169217348099,1.21750009059906,1.2173101902008057,0.9738481640815735,0.6344634890556335,time_out,0.3362500071525574,4.237500190734863,0.28727081418037415
uniform,0,2,15,999,0.0715678259730339,0.07249626517295837,1.2298671007156372,1.2295823097229004,0.9836658835411072,0.677401065826416,time_out,0.3009999990463257,4.449999809265137,0.27631065249443054
uniform,0,2,16,999,0.07717655599117279,0.07809938490390778,1.2908709049224854,1.2905975580215454,1.0324780941009521,0.6762104630470276,time_out,0.3075000047683716,4.4375,0.29083889722824097
uniform,0,2,17,999,0.07748645544052124,0.07840897142887115,1.2588738203048706,1.2586387395858765,1.006911039352417,0.6530146598815918,time_out,0.3102499842643738,4.349999904632568,0.2893422544002533
uniform,0,2,18,999,0.06981868296861649,0.07074886560440063,1.1844173669815063,1.1842015981674194,0.9473612904548645,0.6287943720817566,time_out,0.3462499976158142,4.099999904632568,0.28882965445518494
uniform,0,2,19,999,0.07147868722677231,0.07240721583366394,1.1907670497894287,1.1905901432037354,0.9524721503257751,0.633101761341095,time_out,0.3492499887943268,4.175000190734863,0.2851712703704834
uniform,0,2,20,999,0.08398985862731934,0.08490587025880814,1.3057233095169067,1.3054596185684204,1.0443676710128784,0.6854725480079651,time_out,0.312250018119812,4.449999809265137,0.29336172342300415
uniform,0,2,21,999,0.08338408917188644,0.08430071175098419,1.225111484527588,1.224907398223877,0.9799259305000305,0.6375964879989624,time_out,0.3512499928474426,4.137499809265137,0.29605013132095337
uniform,0,2,22,999,0.07659658044576645,0.0775199830532074,1.2215908765792847,1.2213302850723267,0.9770642518997192,0.6728461384773254,time_out,0.3149999976158142,4.400000095367432,0.2775750458240509
uniform,0,2,23,999,0.0670900046825409,0.06802291423082352,1.2251533269882202,1.2248907089233398,0.9799125790596008,0.6371343731880188,time_out,0.32225000858306885,4.25,0.28820958733558655
uniform,0,2,24,999,0.07167435437440872,0.07260268181562424,1.2618507146835327,1.261637806892395,1.009310245513916,0.6554874777793884,time_out,0.3227500319480896,4.349999904632568,0.29003167152404785
uniform,0,2,25,999,0.0663541629910469,0.06728781759738922,1.2478200197219849,1.24756920337677,0.9980553984642029,0.6768435835838318,time_out,0.3199999928474426,4.4375,0.28114235401153564
uniform,0,2,26,999,0.08072342723608017,0.08164270222187042,1.2530027627944946,1.252748727798462,1.0021990537643433,0.679760754108429,time_out,0.3149999976158142,4.449999809265137,0.28151658177375793
uniform,0,2,27,999,0.07066625356674194,0.07159559428691864,1.276566743850708,1.276314616203308,1.0210517644882202,0.6505244374275208,time_out,0.32349997758865356,4.300000190734863,0.2968173325061798
uniform,0,2,28,999,0.08875486999750137,0.08966612070798874,1.2704036235809326,1.2701869010925293,1.0161495208740234,0.6886492371559143,time_out,0.3154999911785126,4.449999809265137,0.2854352593421936
uniform,0,2,29,999,0.09328120201826096,0.09418792277574539,1.290558099746704,1.290284514427185,1.032227635383606,0.6699807643890381,time_out,0.30800002813339233,4.400000095367432,0.29324647784233093
uniform,0,2,30,999,0.114069364964962,0.11495530605316162,1.3430447578430176,1.3428007364273071,1.0742405652999878,0.6891068816184998,time_out,0.30550000071525574,4.449999809265137,0.3017529845237732
uniform,0,2,31,999,0.11248206347227097,0.11336959153413773,1.1358331441879272,1.1355854272842407,0.9084683656692505,0.6736934781074524,time_out,0.3252499997615814,4.400000095367432,0.2580876052379608
uniform,0,2,32,999,0.070472352206707,0.07140187919139862,1.2431854009628296,1.2429440021514893,0.9943552017211914,0.6462914347648621,time_out,0.3345000147819519,4.300000190734863,0.2890567183494568
uniform,0,2,33,999,0.0733289048075676,0.0742555782198906,1.294468641281128,1.29420006275177,1.0353600978851318,0.6677123308181763,time_out,0.3140000104904175,4.387499809265137,0.2949743866920471
uniform,0,2,34,999,0.08440258353948593,0.0853181853890419,1.301997423171997,1.301749348640442,1.0413994789123535,0.6795687079429626,time_out,0.304749995470047,4.449999809265137,0.2925279438495636
uniform,0,2,35,999,0.08163461834192276,0.08255299180746078,1.170680046081543,1.1704661846160889,0.9363729357719421,0.6259716749191284,time_out,0.35999998450279236,4.150000095367432,0.2820400297641754
uniform,0,2,36,999,0.14676176011562347,0.14761501550674438,1.0704363584518433,1.0702157020568848,0.8561725616455078,0.6428360342979431,time_out,0.3345000147819519,4.287500381469727,0.2496129721403122
uniform,0,2,37,999,0.0858590379357338,0.08677317947149277,1.2781407833099365,1.2778617143630981,1.0222893953323364,0.6906017065048218,time_out,0.2997500002384186,4.5,0.28396928310394287
uniform,0,2,38,999,0.06705240160226822,0.06798535585403442,1.2112990617752075,1.2110927104949951,0.9688741564750671,0.6393862962722778,time_out,0.3542500138282776,4.150000095367432,0.29182955622673035
uniform,0,2,39,999,0.07176996767520905,0.0726981982588768,1.2554806470870972,1.2552365064620972,1.0041892528533936,0.6503694653511047,time_out,0.3397499918937683,4.300000190734863,0.2919154465198517
uniform,0,2,40,999,0.0720185860991478,0.07294657081365585,1.2685929536819458,1.2683162689208984,1.0146530866622925,0.658173680305481,time_out,0.31725001335144043,4.400000095367432,0.28825369477272034
uniform,0,2,41,999,0.07475653290748596,0.07568178325891495,1.2989215850830078,1.2986422777175903,1.0389138460159302,0.6620410680770874,time_out,0.3112500011920929,4.387499809265137,0.2959868609905243
uniform,0,2,42,999,0.06589511781930923,0.06682922691106796,1.2341493368148804,1.233937382698059,0.9871498942375183,0.6440492868423462,time_out,0.33000001311302185,4.300000190734863,0.2869621813297272
uniform,0,2,43,999,0.0639323815703392,0.06486845761537552,1.2428566217422485,1.2426267862319946,0.9941014647483826,0.6391292810440063,time_out,0.351749986410141,4.237500190734863,0.29324525594711304
uniform,0,2,44,999,0.06877071410417557,0.06970194727182388,1.1937165260314941,1.1934937238693237,0.9547950029373169,0.6338918209075928,time_out,0.34574997425079346,4.1875,0.28501343727111816
uniform,0,2,45,999,0.06389626115560532,0.06483236700296402,1.2201484441757202,1.2199227809906006,0.9759382605552673,0.6389979720115662,time_out,0.3400000035762787,4.199999809265137,0.2904578149318695
uniform,0,2,46,999,0.06165079399943352,0.0625891461968422,1.2016057968139648,1.2013769149780273,0.9611015319824219,0.6231653690338135,time_out,0.34324997663497925,4.125,0.29124289751052856
uniform,0,2,47,999,0.08394688367843628,0.08486294001340866,1.1967639923095703,1.1965101957321167,0.9572081565856934,0.6527619361877441,time_out,0.31949999928474426,4.300000190734863,0.27825817465782166
uniform,0,2,48,999,0.07104109972715378,0.07197006791830063,1.219266414642334,1.2190006971359253,0.9752005934715271,0.6755346059799194,time_out,0.3227500021457672,4.400000095367432,0.2770456075668335
uniform,0,2,49,999,0.093973807990551,0.09487984329462051,1.145566701889038,1.1453453302383423,0.9162762761116028,0.6705701351165771,time_out,0.35475000739097595,4.412500381469727,0.25956833362579346
uniform,0,2,50,999,0.08190112560987473,0.08281922340393066,1.300216555595398,1.2999695539474487,1.039975643157959,0.6800611019134521,time_out,0.3082500100135803,4.4375,0.29295089840888977
uniform,0,2,51,999,0.06539919227361679,0.06633379310369492,1.2127100229263306,1.212467074394226,0.9699736833572388,0.6292812824249268,time_out,0.3422499895095825,4.137499809265137,0.2930434048175812
uniform,0,2,52,999,0.11485972255468369,0.11574487388134003,1.1249854564666748,1.1247940063476562,0.8998352289199829,0.6641022562980652,time_out,0.3230000138282776,4.349999904632568,0.25857335329055786
uniform,0,2,53,999,0.08094028383493423,0.08185935020446777,1.1956607103347778,1.1954056024551392,0.9563245177268982,0.6269559264183044,time_out,0.3385000228881836,4.150000095367432,0.2880495488643646
uniform,0,2,54,999,0.07329465448856354,0.07422136515378952,1.2203850746154785,1.2201550006866455,0.9761239886283875,0.6417416930198669,time_out,0.3397499918937683,4.25,0.287095308303833
uniform,0,2,55,999,0.07232175022363663,0.07324942946434021,1.2464416027069092,1.246192216873169,0.9969537854194641,0.653718888759613,time_out,0.32600000500679016,4.349999904632568,0.28648096323013306
uniform,0,2,56,999,0.073252372443676,0.07417912781238556,1.224624752998352,1.224369764328003,0.9794958233833313,0.655968189239502,time_out,0.3140000104904175,4.349999904632568,0.2814643085002899
uniform,0,2,57,999,0.07134881615638733,0.07227747142314911,1.199756145477295,1.1995131969451904,0.9596105813980103,0.6775957345962524,time_out,0.3347499966621399,4.4375,0.2703128457069397
uniform,0,2,58,999,0.0678708404302597,0.06880297511816025,1.2860599756240845,1.285792589187622,1.0286340713500977,0.6657681465148926,time_out,0.3162500262260437,4.387499809265137,0.2930581569671631
uniform,0,2,59,999,0.07372929900884628,0.07465557754039764,1.2592791318893433,1.2590076923370361,1.0072062015533447,0.6572627425193787,time_out,0.32099997997283936,4.349999904632568,0.2894270718097687
uniform,0,2,60,999,0.0669201985001564,0.06785327941179276,1.2589962482452393,1.2587482929229736,1.0069986581802368,0.6509987711906433,time_out,0.32850000262260437,4.337499618530273,0.2902013659477234
uniform,0,2,61,999,0.06849776208400726,0.06942927092313766,1.2285699844360352,1.2282880544662476,0.9826304316520691,0.6848650574684143,time_out,0.3059999942779541,4.449999809265137,0.276019811630249
uniform,0,2,62,999,0.06308459490537643,0.0640215203166008,1.261768102645874,1.261566400527954,1.0092531442642212,0.6569040417671204,time_out,0.31849998235702515,4.349999904632568,0.2900152802467346
uniform,0,2,63,999,0.0664796531200409,0.06741317361593246,1.2452760934829712,1.2450469732284546,0.9960376024246216,0.6382712125778198,time_out,0.3292500078678131,4.25,0.2929522395133972
uniform,0,2,64,999,0.1390618234872818,0.13992276787757874,1.0825005769729614,1.0822858810424805,0.8658286929130554,0.6677635908126831,time_out,0.34474998712539673,4.349999904632568,0.2488013505935669
uniform,0,2,65,999,0.07006189972162247,0.07099183648824692,1.2139548063278198,1.213732361793518,0.9709858894348145,0.6329118609428406,time_out,0.35575002431869507,4.150000095367432,0.2924656271934509
uniform,0,2,66,999,0.06866877526044846,0.06960010528564453,1.241145372390747,1.2408897876739502,0.9927118420600891,0.6345203518867493,time_out,0.3292499780654907,4.237500190734863,0.2928353250026703
uniform,0,2,67,999,0.06366023421287537,0.06459657847881317,1.2332475185394287,1.2330106496810913,0.986408531665802,0.6451546549797058,time_out,0.32749998569488525,4.25,0.2901201546192169
uniform,0,2,68,999,0.07803019881248474,0.07895217835903168,1.2843496799468994,1.2840827703475952,1.027266263961792,0.6587713360786438,time_out,0.31575000286102295,4.349999904632568,0.2951914370059967
uniform,0,2,69,999,0.08042493462562561,0.08134451508522034,1.1790539026260376,1.1788721084594727,0.943097710609436,0.652191698551178,time_out,0.3372499942779541,4.300000190734863,0.2741563022136688
uniform,0,2,70,999,0.11258991807699203,0.11347733438014984,1.1471023559570312,1.1468298435211182,0.9174638986587524,0.6924470663070679,time_out,0.31174999475479126,4.487500190734863,0.255560964345932
uniform,0,2,71,999,0.07880900055170059,0.07973019778728485,1.2128503322601318,1.2125986814498901,0.9700789451599121,0.6494828462600708,time_out,0.32749998569488525,4.300000190734863,0.2819996774196625
uniform,0,2,72,999,0.07134797424077988,0.07227662950754166,1.2293524742126465,1.2291539907455444,0.9833232164382935,0.6653304696083069,time_out,0.32100000977516174,4.349999904632568,0.2825641334056854
uniform,0,2,73,999,0.05522505193948746,0.05616983026266098,1.2364338636398315,1.23619544506073,0.9889563918113708,0.626681923866272,time_out,0.3372499942779541,4.150000095367432,0.2978784143924713
uniform,0,2,74,999,0.1000555083155632,0.10095545649528503,1.1458935737609863,1.1456292867660522,0.9165034294128418,0.6867762207984924,time_out,0.29725000262260437,4.487500190734863,0.25529342889785767
uniform,0,2,75,999,0.0796915739774704,0.08061189204454422,1.2895573377609253,1.2892762422561646,1.0314210653305054,0.6669449210166931,time_out,0.31325000524520874,4.400000095367432,0.29301732778549194
uniform,0,2,76,999,0.07009623944759369,0.07102614641189575,1.181779146194458,1.1815346479415894,0.9452277421951294,0.629865288734436,time_out,0.34474998712539673,4.099999904632568,0.2881791889667511
uniform,0,2,77,999,0.08639306575059891,0.0873066782951355,1.2943059206008911,1.294096827507019,1.0352774858474731,0.6619340181350708,time_out,0.3149999976158142,4.349999904632568,0.29749351739883423
uniform,0,2,78,999,0.07935946434736252,0.0802801102399826,1.2794265747070312,1.2791895866394043,1.0233516693115234,0.6752024292945862,time_out,0.30774998664855957,4.449999809265137,0.2874583601951599
uniform,0,2,79,999,0.06523918360471725,0.06617394834756851,1.2051857709884644,1.2049462795257568,0.9639570116996765,0.629159152507782,time_out,0.33249998092651367,4.150000095367432,0.29034850001335144
uniform,0,2,80,999,0.06750967353582382,0.06844216585159302,1.19638991355896,1.196158766746521,0.9569270014762878,0.6343411803245544,time_out,0.34925001859664917,4.199999809265137,0.284799724817276
uniform,0,2,81,999,0.07708374410867691,0.07800666242837906,1.2472420930862427,1.2469842433929443,0.9975873827934265,0.6591885089874268,time_out,0.31575000286102295,4.349999904632568,0.2866630554199219
uniform,0,2,82,999,0.08107264339923859,0.08199157565832138,1.3042247295379639,1.3039573431015015,1.043165922164917,0.6783736348152161,time_out,0.31174999475479126,4.449999809265137,0.29302412271499634
uniform,0,2,83,999,0.08531688898801804,0.08623158186674118,1.2584474086761475,1.2582218647003174,1.006577491760254,0.6827794313430786,time_out,0.2997500002384186,4.487500190734863,0.2803836762905121
uniform,0,2,84,999,0.08575836569070816,0.08667261153459549,1.2000536918640137,1.1998374462127686,0.9598699808120728,0.6978157162666321,time_out,0.29899999499320984,4.5,0.26663053035736084
uniform,0,2,85,999,0.07384409755468369,0.0747702568769455,1.2464512586593628,1.2462551593780518,0.9970041513442993,0.6373193860054016,time_out,0.34424999356269836,4.237500190734863,0.2941015064716339
uniform,0,2,86,999,0.07664371281862259,0.07756707072257996,1.2767106294631958,1.276448369026184,1.0211586952209473,0.6573388576507568,time_out,0.32199999690055847,4.349999904632568,0.2934364080429077
uniform,0,2,87,999,0.1156652569770813,0.11654959619045258,1.1268534660339355,1.1266286373138428,0.9013029336929321,0.6922699809074402,time_out,0.3102499842643738,4.449999809265137,0.2531749904155731
uniform,0,2,88,999,0.07269292324781418,0.07362023741006851,1.2037361860275269,1.203510046005249,0.9628080725669861,0.6468332409858704,time_out,0.34324997663497925,4.25,0.28317883610725403
uniform,0,2,89,999,0.07854694873094559,0.07946839928627014,1.1792980432510376,1.179066777229309,0.9432534575462341,0.6287749409675598,time_out,0.3400000035762787,4.150000095367432,0.28411248326301575
uniform,0,2,90,999,0.06412547081708908,0.06506135314702988,1.2080304622650146,1.207808256149292,0.9662466049194336,0.6350014209747314,time_out,0.34049999713897705,4.199999809265137,0.2875733971595764
uniform,0,2,91,999,0.07462417334318161,0.07554955780506134,1.2667685747146606,1.2664966583251953,1.0131973028182983,0.6955650448799133,time_out,0.3032500147819519,4.487500190734863,0.28222766518592834
uniform,0,2,92,999,0.06840261816978455,0.06933421641588211,1.2152353525161743,1.2150049209594727,0.9720039367675781,0.6300098299980164,time_out,0.34575000405311584,4.137499809265137,0.2936567962169647
uniform,0,2,93,999,0.0846652239561081,0.08558056503534317,1.2865785360336304,1.2863149642944336,1.0290520191192627,0.6616105437278748,time_out,0.31299999356269836,4.387499809265137,0.29317721724510193
uniform,0,2,94,999,0.06289462000131607,0.06383173167705536,1.2125519514083862,1.2123441696166992,0.9698753356933594,0.6341966986656189,time_out,0.3499999940395355,4.099999904632568,0.29569369554519653
uniform,0,2,95,999,0.07123066484928131,0.07215943187475204,1.234887957572937,1.2346820831298828,0.9877457022666931,0.6550781726837158,time_out,0.3192499876022339,4.337499618530273,0.2846529483795166
uniform,0,2,96,999,0.08413264155387878,0.08504851162433624,1.2741963863372803,1.2739421129226685,1.0191537141799927,0.6605294346809387,time_out,0.32499998807907104,4.349999904632568,0.2928602695465088
uniform,0,2,97,999,0.06404698640108109,0.06498294323682785,1.277360439300537,1.2770956754684448,1.0216765403747559,0.6587200164794922,time_out,0.32074999809265137,4.349999904632568,0.2935852110385895
uniform,0,2,98,999,0.06240614131093025,0.06334374099969864,1.2094272375106812,1.2092350721359253,0.9673880934715271,0.6347256898880005,time_out,0.3362500071525574,4.199999809265137,0.28791311383247375
uniform,0,2,99,999,0.06870131939649582,0.0696326270699501,1.2634618282318115,1.263200283050537,1.0105602741241455,0.643273115158081,time_out,0.32625001668930054,4.300000190734863,0.2937674820423126
uniform,0,3,0,999,0.08519814908504486,0.08611295372247696,1.808868408203125,1.8085507154464722,1.033457636833191,0.6488676071166992,time_out,0.3215000033378601,4.0,0.45213767886161804
uniform,0,3,1,999,0.07983119785785675,0.08075136691331863,1.7095876932144165,1.7092841863632202,0.9767338633537292,0.6575915217399597,time_out,0.32725000381469727,4.050000190734863,0.4220454692840576
uniform,0,3,2,999,0.09898963570594788,0.09989064931869507,1.8577898740768433,1.857464075088501,1.0614080429077148,0.6683441996574402,time_out,0.320250004529953,4.099999904632568,0.4530400335788727
uniform,0,3,3,999,0.08688464015722275,0.08779775351285934,1.733167290687561,1.7328822612762451,0.990218460559845,0.6508355736732483,time_out,0.32225000858306885,4.050000190734863,0.4278721511363983
uniform,0,3,4,999,0.07409536838531494,0.07502127438783646,1.7113914489746094,1.7111239433288574,0.9777851700782776,0.6610426306724548,time_out,0.31949999928474426,4.099999904632568,0.4173473119735718
uniform,0,3,5,999,0.08033148944377899,0.08125116676092148,1.818308711051941,1.8179917335510254,1.0388524532318115,0.6504167914390564,time_out,0.3255000114440918,4.0,0.45449793338775635
uniform,0,3,6,999,0.10630770772695541,0.10720140486955643,1.5701628923416138,1.5699231624603271,0.8970990180969238,0.6467292904853821,time_out,0.3552500009536743,3.9000000953674316,0.40254437923431396
uniform,0,3,7,999,0.06021878123283386,0.06115856394171715,1.7363440990447998,1.7360633611679077,0.9920362234115601,0.6339720487594604,time_out,0.3529999852180481,3.887500047683716,0.446575790643692
uniform,0,3,8,999,0.09761887043714523,0.09852125495672226,1.607509970664978,1.6071995496749878,0.9183998107910156,0.6724641919136047,time_out,0.3212500214576721,4.150000095367432,0.3872769773006439
uniform,0,3,9,999,0.08362417668104172,0.08454055339097977,1.6137974262237549,1.613568902015686,0.9220393896102905,0.6376879811286926,time_out,0.35575002431869507,3.799999952316284,0.42462339997291565
uniform,0,3,10,999,0.05328623205423355,0.054232947528362274,1.7131845951080322,1.7129923105239868,0.9788528084754944,0.637005090713501,time_out,0.35074999928474426,3.8499999046325684,0.44493308663368225
uniform,0,3,11,999,0.0623893216252327,0.06332693248987198,1.742174506187439,1.7419650554656982,0.9954086542129517,0.6351498961448669,time_out,0.351500004529953,3.8499999046325684,0.4524584710597992
uniform,0,3,12,999,0.0703556090593338,0.07128525525331497,1.6782708168029785,1.6779814958572388,0.9588466286659241,0.6545830965042114,time_out,0.32375001907348633,4.050000190734863,0.4143163859844208
uniform,0,3,13,999,0.07905969768762589,0.07998064160346985,1.8024353981018066,1.8021489381790161,1.029799461364746,0.6368346214294434,time_out,0.3347499966621399,3.950000047683716,0.4562402367591858
uniform,0,3,14,999,0.0614737905561924,0.0624123178422451,1.7532463073730469,1.7529798746109009,1.0017027854919434,0.6359502077102661,time_out,0.3512499928474426,3.799999952316284,0.4613105058670044
uniform,0,3,15,999,0.09614590555429459,0.0970497652888298,1.7244083881378174,1.7241079807281494,0.9852045774459839,0.6622511744499207,time_out,0.32074999809265137,4.099999904632568,0.42051413655281067
uniform,0,3,16,999,0.08682189881801605,0.08773507922887802,1.8216009140014648,1.8213059902191162,1.0407463312149048,0.6428208351135254,time_out,0.3307499885559082,3.987499952316284,0.45675384998321533
uniform,0,3,17,999,0.09047531336545944,0.09138483554124832,1.8314648866653442,1.831169843673706,1.0463827848434448,0.6438289284706116,time_out,0.3322499990463257,4.0,0.4577924609184265
uniform,0,3,18,999,0.05718382075428963,0.05812663957476616,1.701852560043335,1.7016078233718872,0.9723473787307739,0.6376782059669495,time_out,0.3569999933242798,3.799999952316284,0.44779154658317566
uniform,0,3,19,999,0.08711503446102142,0.08802791684865952,1.6186879873275757,1.6184582710266113,0.924833357334137,0.6262427568435669,time_out,0.35874998569488525,3.799999952316284,0.425910085439682
uniform,0,3,20,999,0.07468008249998093,0.07560540735721588,1.806952953338623,1.806638479232788,1.032364845275879,0.6485417485237122,time_out,0.3292500078678131,4.0,0.451659619808197
uniform,0,3,21,999,0.06078220531344414,0.061721425503492355,1.7034578323364258,1.7032090425491333,0.973262369632721,0.6309915781021118,time_out,0.37024998664855957,3.799999952316284,0.4482129216194153
uniform,0,3,22,999,0.0859953984618187,0.08690940588712692,1.7831780910491943,1.7828818559646606,1.0187896490097046,0.6315646171569824,time_out,0.33649998903274536,3.9000000953674316,0.4571491777896881
uniform,0,3,23,999,0.06873057782649994,0.06966185569763184,1.7579572200775146,1.7576847076416016,1.0043913125991821,0.630897581577301,time_out,0.3422499895095825,3.9000000953674316,0.45068836212158203
uniform,0,3,24,999,0.06689456850290298,0.06782767921686172,1.7622507810592651,1.761976957321167,1.0068440437316895,0.6268348097801208,time_out,0.34425002336502075,3.8499999046325684,0.4576563537120819
uniform,0,3,25,999,0.07217096537351608,0.0730987936258316,1.773502230644226,1.7732659578323364,1.0132949352264404,0.6463639736175537,time_out,0.34275001287460327,3.9375,0.4503532648086548
uniform,0,3,26,999,0.07260166108608246,0.07352906465530396,1.7687538862228394,1.7684597969055176,1.01054847240448,0.6480180621147156,time_out,0.33249998092651367,4.0,0.4421149492263794
uniform,0,3,27,999,0.07613059133291245,0.077054463326931,1.7936534881591797,1.7933611869812012,1.024777889251709,0.6340017318725586,time_out,0.343999981880188,3.9000000953674316,0.4598361849784851
uniform,0,3,28,999,0.0737244188785553,0.07465069741010666,1.7917851209640503,1.791472315788269,1.0236985683441162,0.6414088010787964,time_out,0.3330000042915344,3.950000047683716,0.4535372853279114
uniform,0,3,29,999,0.08227673172950745,0.08319446444511414,1.8264774084091187,1.8261802196502686,1.0435316562652588,0.6422455310821533,time_out,0.3292500078678131,4.0,0.45654505491256714
uniform,0,3,30,999,0.08351495862007141,0.08443144708871841,1.8159922361373901,1.8156944513320923,1.0375397205352783,0.6546465158462524,time_out,0.3192500174045563,4.050000190734863,0.44831958413124084
uniform,0,3,31,999,0.110653817653656,0.11154317110776901,1.562345266342163,1.5621062517166138,0.8926321864128113,0.6377542614936829,time_out,0.3449999988079071,3.9000000953674316,0.4005400538444519
uniform,0,3,32,999,0.05980636179447174,0.060746558010578156,1.7161270380020142,1.715862512588501,0.980492889881134,0.6326249241828918,time_out,0.34950000047683716,3.8374998569488525,0.44713032245635986
uniform,0,3,33,999,0.07760705053806305,0.07852944731712341,1.8151122331619263,1.8148030042648315,1.0370303392410278,0.6416153907775879,time_out,0.3334999978542328,3.950000047683716,0.4594438076019287
uniform,0,3,34,999,0.09191595762968063,0.0928240492939949,1.8145029544830322,1.8141943216323853,1.0366824865341187,0.6490088701248169,time_out,0.320499986410141,4.0,0.4535485804080963
uniform,0,3,35,999,0.061585087329149246,0.0625235065817833,1.6935808658599854,1.6933742761611938,0.9676424860954285,0.6370111703872681,time_out,0.3709999918937683,3.799999952316284,0.44562482833862305
uniform,0,3,36,999,0.10426363348960876,0.10515937209129333,1.5819807052612305,1.5817824602127075,0.9038757085800171,0.6421245336532593,time_out,0.3512499928474426,3.9000000953674316,0.40558522939682007
uniform,0,3,37,999,0.07605663686990738,0.0769805833697319,1.7516815662384033,1.7513710260391235,1.0007834434509277,0.6603384613990784,time_out,0.31424999237060547,4.099999904632568,0.42716366052627563
uniform,0,3,38,999,0.06155267357826233,0.062491122633218765,1.715077519416809,1.7148245573043823,0.9798997640609741,0.638233482837677,time_out,0.36225003004074097,3.799999952316284,0.45126962661743164
uniform,0,3,39,999,0.06270991265773773,0.06364720314741135,1.6897650957107544,1.6895467042922974,0.9654552936553955,0.6308074593544006,time_out,0.3530000150203705,3.8374998569488525,0.4402727782726288
uniform,0,3,40,999,0.08946167677640915,0.09037221968173981,1.8288108110427856,1.8285139799118042,1.0448651313781738,0.6352537870407104,time_out,0.3357499837875366,3.9375,0.4643844962120056
uniform,0,3,41,999,0.07893222570419312,0.07985329627990723,1.7983331680297852,1.7980170249938965,1.0274384021759033,0.6418610215187073,time_out,0.3292500078678131,4.0,0.4495042562484741
uniform,0,3,42,999,0.07499950379133224,0.07592450827360153,1.737451434135437,1.7372404336929321,0.9927088618278503,0.632940411567688,time_out,0.351500004529953,3.8499999046325684,0.45123130083084106
uniform,0,3,43,999,0.0603337325155735,0.06127340346574783,1.7131932973861694,1.7129480838775635,0.9788275361061096,0.636432409286499,time_out,0.35975000262260437,3.799999952316284,0.4507758319377899
uniform,0,3,44,999,0.0832115039229393,0.08412829786539078,1.6403318643569946,1.6400833129882812,0.9371905326843262,0.6314823627471924,time_out,0.359250009059906,3.799999952316284,0.4316008687019348
uniform,0,3,45,999,0.05413145199418068,0.05507732182741165,1.7293386459350586,1.7290682792663574,0.9880390763282776,0.6410356760025024,time_out,0.35074999928474426,3.8499999046325684,0.44910866022109985
uniform,0,3,46,999,0.05729295313358307,0.058235663920640945,1.7164114713668823,1.7161649465560913,0.9806657433509827,0.640276312828064,time_out,0.3544999957084656,3.799999952316284,0.4516223669052124
uniform,0,3,47,999,0.07062987983226776,0.07155925035476685,1.7521204948425293,1.7518348693847656,1.0010485649108887,0.6383115649223328,time_out,0.343500018119812,3.9000000953674316,0.4491884112358093
uniform,0,3,48,999,0.0694170594215393,0.07034764438867569,1.704275131225586,1.7039997577667236,0.9737141728401184,0.6471709609031677,time_out,0.34424999356269836,3.9375,0.4327618479728699
uniform,0,3,49,999,0.12220611423254013,0.12308391183614731,1.5406688451766968,1.540428876876831,0.8802450895309448,0.6389359831809998,time_out,0.36899998784065247,3.8499999046325684,0.4001114070415497
uniform,0,3,50,999,0.09374026954174042,0.09464653581380844,1.8180805444717407,1.8177919387817383,1.0387382507324219,0.6578318476676941,time_out,0.3252499997615814,4.050000190734863,0.4488374888896942
uniform,0,3,51,999,0.05455046147108078,0.055495914071798325,1.7093186378479004,1.7090647220611572,0.9766084551811218,0.6393663287162781,time_out,0.35850000381469727,3.799999952316284,0.44975388050079346
uniform,0,3,52,999,0.10337094217538834,0.10426757484674454,1.5852502584457397,1.5849756002426147,0.9057003855705261,0.6412712931632996,time_out,0.335999995470047,3.950000047683716,0.4012596309185028
uniform,0,3,53,999,0.0665198564529419,0.06745333969593048,1.708282709121704,1.7080676555633545,0.9760386943817139,0.6355739831924438,time_out,0.34825000166893005,3.799999952316284,0.4494915008544922
uniform,0,3,54,999,0.06903117895126343,0.06996215134859085,1.6566343307495117,1.6563653945922852,0.9464945793151855,0.6235153079032898,time_out,0.35224997997283936,3.799999952316284,0.43588563799858093
uniform,0,3,55,999,0.0763091892004013,0.07723288238048553,1.7430076599121094,1.7427747249603271,0.9958713054656982,0.6283966302871704,time_out,0.34700000286102295,3.8499999046325684,0.4526687562465668
uniform,0,3,56,999,0.08557989448308945,0.0864943191409111,1.690961480140686,1.6906678676605225,0.9660959839820862,0.629453718662262,time_out,0.3332499861717224,3.950000047683716,0.42801716923713684
uniform,0,3,57,999,0.07649485766887665,0.07741837203502655,1.644177794456482,1.6439110040664673,0.9393777847290039,0.632244348526001,time_out,0.35249999165534973,3.8499999046325684,0.426989883184433
uniform,0,3,58,999,0.0736975371837616,0.07462384551763535,1.7962746620178223,1.795982837677002,1.0262759923934937,0.6342582106590271,time_out,0.33925002813339233,3.9000000953674316,0.46050840616226196
uniform,0,3,59,999,0.07171881198883057,0.0726470947265625,1.7871190309524536,1.78682541847229,1.0210431814193726,0.6337593793869019,time_out,0.3395000100135803,3.9000000953674316,0.4581603407859802
uniform,0,3,60,999,0.06683491170406342,0.06776807457208633,1.7400377988815308,1.7397708892822266,0.9941548109054565,0.6323938369750977,time_out,0.3487499952316284,3.8499999046325684,0.4518885612487793
uniform,0,3,61,999,0.07576413452625275,0.07668837159872055,1.7826693058013916,1.7823717594146729,1.018498182296753,0.656209409236908,time_out,0.3292499780654907,4.050000190734863,0.4400917589664459
uniform,0,3,62,999,0.07797956466674805,0.07890158891677856,1.817665457725525,1.817356824874878,1.0384896993637085,0.633309006690979,time_out,0.3410000205039978,3.9000000953674316,0.4659889042377472
uniform,0,3,63,999,0.06399251520633698,0.06492853164672852,1.7398722171783447,1.7395931482315063,0.9940532445907593,0.6339676380157471,time_out,0.35199999809265137,3.8499999046325684,0.45184239745140076
uniform,0,3,64,999,0.11319244652986526,0.11407925933599472,1.5579735040664673,1.5577356815338135,0.8901346921920776,0.6488322615623474,time_out,0.36650002002716064,3.8499999046325684,0.4046066701412201
uniform,0,3,65,999,0.05801968649029732,0.058961667120456696,1.69636869430542,1.6961177587509155,0.9692102074623108,0.6333677768707275,time_out,0.3709999918937683,3.799999952316284,0.44634678959846497
uniform,0,3,66,999,0.06448580324649811,0.06542132049798965,1.7370967864990234,1.7368834018707275,0.9925048351287842,0.6299199461936951,time_out,0.3499999940395355,3.8499999046325684,0.45113855600357056
uniform,0,3,67,999,0.07940506190061569,0.0803256556391716,1.8072006702423096,1.8069294691085815,1.0325311422348022,0.6380153298377991,time_out,0.34800001978874207,3.8499999046325684,0.46933233737945557
uniform,0,3,68,999,0.07896199077367783,0.07988303154706955,1.8104617595672607,1.8102004528045654,1.0344003438949585,0.6428053379058838,time_out,0.33274999260902405,3.987499952316284,0.45396876335144043
uniform,0,3,69,999,0.07721053808927536,0.07813333719968796,1.653922200202942,1.6536438465118408,0.944939374923706,0.6336297988891602,time_out,0.35199999809265137,3.8499999046325684,0.4295178949832916
uniform,0,3,70,999,0.08552782982587814,0.08644230663776398,1.635015845298767,1.6347748041152954,0.9341570734977722,0.6456453800201416,time_out,0.3385000228881836,4.0,0.40869370102882385
uniform,0,3,71,999,0.06658413261175156,0.06751754879951477,1.6994366645812988,1.6991585493087769,0.970947802066803,0.634553074836731,time_out,0.3460000157356262,3.8499999046325684,0.4413398802280426
uniform,0,3,72,999,0.07724367827177048,0.07816644012928009,1.7909590005874634,1.7906768321990967,1.0232439041137695,0.6345415115356445,time_out,0.33799999952316284,3.9000000953674316,0.4591479003429413
uniform,0,3,73,999,0.056699179112911224,0.057642482221126556,1.7215436697006226,1.7212975025177002,0.9835985898971558,0.633280873298645,time_out,0.35224997997283936,3.8499999046325684,0.4470902681350708
uniform,0,3,74,999,0.10075683146715164,0.10165607929229736,1.592693567276001,1.5923794507980347,0.9099311828613281,0.6698691844940186,time_out,0.3109999895095825,4.137499809265137,0.3848651349544525
uniform,0,3,75,999,0.08747951686382294,0.08839204162359238,1.8270626068115234,1.8267496824264526,1.0438569784164429,0.6358994245529175,time_out,0.33525002002716064,3.9000000953674316,0.4683973491191864
uniform,0,3,76,999,0.05715510994195938,0.058097954839468,1.6816246509552002,1.681374192237854,0.9607852697372437,0.6345946788787842,time_out,0.3542500138282776,3.799999952316284,0.4424668848514557
uniform,0,3,77,999,0.07620211690664291,0.0771259218454361,1.7881290912628174,1.7878328561782837,1.0216188430786133,0.6461184620857239,time_out,0.3242499828338623,4.0,0.4469582140445709
uniform,0,3,78,999,0.0775017961859703,0.07842429727315903,1.7676373720169067,1.7674046754837036,1.0099456310272217,0.6553252935409546,time_out,0.32774999737739563,4.050000190734863,0.43639618158340454
uniform,0,3,79,999,0.054386038333177567,0.05533165484666824,1.7423095703125,1.74203622341156,0.9954493045806885,0.6340304017066956,time_out,0.3477500081062317,3.799999952316284,0.45843058824539185
uniform,0,3,80,999,0.0640488937497139,0.06498485058546066,1.7105495929718018,1.710276484489441,0.9773008823394775,0.6447019577026367,time_out,0.36124998331069946,3.799999952316284,0.4500727653503418
uniform,0,3,81,999,0.07120554894208908,0.0721343457698822,1.7400541305541992,1.7397624254226685,0.9941499829292297,0.6389909386634827,time_out,0.33799999952316284,3.950000047683716,0.4404461681842804
uniform,0,3,82,999,0.09195300936698914,0.09286105632781982,1.840131163597107,1.840131163597107,1.0515035390853882,0.6486328840255737,time_out,0.3362500071525574,3.987499952316284,0.4614748954772949
uniform,0,3,83,999,0.07913085073232651,0.0800517201423645,1.6827614307403564,1.6824727058410645,0.9614130258560181,0.6643891930580139,time_out,0.31424999237060547,4.137499809265137,0.4066399335861206
uniform,0,3,84,999,0.07248294353485107,0.07341046631336212,1.694628357887268,1.694319486618042,0.9681826233863831,0.6730950474739075,time_out,0.32225000858306885,4.099999904632568,0.4132486581802368
uniform,0,3,85,999,0.06287126243114471,0.0638083964586258,1.7080271244049072,1.7077606916427612,0.9758632779121399,0.6322574615478516,time_out,0.3514999747276306,3.799999952316284,0.44941070675849915
uniform,0,3,86,999,0.07244440168142319,0.07337196171283722,1.7916399240493774,1.7913562059402466,1.0236321687698364,0.6336687803268433,time_out,0.34200000762939453,3.887500047683716,0.4607990086078644
uniform,0,3,87,999,0.08418057858943939,0.08509640395641327,1.642612099647522,1.6423425674438477,0.9384815096855164,0.6584649682044983,time_out,0.33249998092651367,4.0,0.4105856418609619
uniform,0,3,88,999,0.0618145614862442,0.06275274604558945,1.6890650987625122,1.6888401508331299,0.965051531791687,0.6363775730133057,time_out,0.3567500114440918,3.799999952316284,0.4444316327571869
uniform,0,3,89,999,0.06272366642951965,0.06366094201803207,1.711683988571167,1.7114099264144897,0.9779485464096069,0.636823296546936,time_out,0.35074999928474426,3.799999952316284,0.45037102699279785
uniform,0,3,90,999,0.0638136938214302,0.06474988162517548,1.680347204208374,1.6800825595855713,0.9600472450256348,0.6303865313529968,time_out,0.351500004529953,3.799999952316284,0.442126989364624
uniform,0,3,91,999,0.06957921385765076,0.0705096423625946,1.7661597728729248,1.7659040689468384,1.0090880393981934,0.663013219833374,time_out,0.32625001668930054,4.087499618530273,0.4320254921913147
uniform,0,3,92,999,0.06280239671468735,0.0637395977973938,1.67600417137146,1.6757630109786987,0.9575788974761963,0.630091667175293,time_out,0.3572499752044678,3.799999952316284,0.44099026918411255
uniform,0,3,93,999,0.0885607898235321,0.08947223424911499,1.8053752183914185,1.8050947189331055,1.0314826965332031,0.6411837339401245,time_out,0.33425000309944153,3.950000047683716,0.4569860100746155
uniform,0,3,94,999,0.058784667402505875,0.059725888073444366,1.6856868267059326,1.6854419708251953,0.9631097316741943,0.6333448886871338,time_out,0.3659999966621399,3.799999952316284,0.4435373544692993
uniform,0,3,95,999,0.07296410948038101,0.07389114797115326,1.7807586193084717,1.7804588079452515,1.0174050331115723,0.6367170214653015,time_out,0.3395000100135803,3.9000000953674316,0.4565278887748718
uniform,0,3,96,999,0.08397713303565979,0.08489315956830978,1.764531135559082,1.7642772197723389,1.0081584453582764,0.6258804798126221,time_out,0.3422499895095825,3.8499999046325684,0.4582538306713104
uniform,0,3,97,999,0.06780558079481125,0.06873778253793716,1.7662999629974365,1.7660447359085083,1.0091685056686401,0.6341730356216431,time_out,0.34025001525878906,3.9000000953674316,0.4528319835662842
uniform,0,3,98,999,0.06636124104261398,0.0672948807477951,1.6855770349502563,1.6853258609771729,0.9630433917045593,0.6349124312400818,time_out,0.3525000214576721,3.8374998569488525,0.4391728937625885
uniform,0,3,99,999,0.08351825922727585,0.08443474024534225,1.8134162425994873,1.8131287097930908,1.0360735654830933,0.6281861066818237,time_out,0.34425002336502075,3.8499999046325684,0.47094252705574036
uniform,0,4,0,999,0.08471135795116425,0.08562665432691574,2.2853407859802246,2.2850687503814697,1.0155861377716064,0.7049506306648254,time_out,0.3499999940395355,3.9749999046325684,0.5748600959777832
uniform,0,4,1,999,0.06831913441419601,0.06925082206726074,2.1542716026306152,2.1539320945739746,0.9573031663894653,0.7315478920936584,time_out,0.3465000092983246,4.099999904632568,0.5253493189811707
uniform,0,4,2,999,0.07298345118761063,0.07391047477722168,2.2781996726989746,2.277855157852173,1.0123801231384277,0.7145705819129944,time_out,0.3375000059604645,4.0,0.5694637894630432
uniform,0,4,3,999,0.08519364148378372,0.08610844612121582,2.2192375659942627,2.218947410583496,0.9861988425254822,0.6985290050506592,time_out,0.3409999907016754,3.950000047683716,0.561758816242218
uniform,0,4,4,999,0.08243303745985031,0.08335060626268387,2.1695475578308105,2.1692655086517334,0.9641180038452148,0.706740140914917,time_out,0.34174999594688416,4.0,0.5423163771629333
uniform,0,4,5,999,0.07009202986955643,0.07102193683385849,2.2058849334716797,2.205590009689331,0.9802622199058533,0.7127342224121094,time_out,0.34200000762939453,4.0,0.5513975024223328
uniform,0,4,6,999,0.12627729773521423,0.1271510273218155,1.9727282524108887,1.972485065460205,0.8766600489616394,0.6927716732025146,time_out,0.3700000047683716,3.8499999046325684,0.5123338103294373
uniform,0,4,7,999,0.05940525606274605,0.0603458546102047,2.1829752922058105,2.1827216148376465,0.9700984954833984,0.6879851222038269,time_out,0.36550000309944153,3.799999952316284,0.5744004249572754
uniform,0,4,8,999,0.09839460253715515,0.0992962196469307,2.0724549293518066,2.072169065475464,0.9209640622138977,0.7312542200088501,time_out,0.3374999761581421,4.099999904632568,0.5054070949554443
uniform,0,4,9,999,0.0796460211277008,0.08056637644767761,2.0974700450897217,2.09721302986145,0.9320946931838989,0.6748164296150208,time_out,0.38749998807907104,3.700000047683716,0.5668143033981323
uniform,0,4,10,999,0.06645790487527847,0.06739145517349243,2.2588353157043457,2.2585582733154297,1.0038037300109863,0.7053658962249756,time_out,0.40450000762939453,3.8499999046325684,0.5866385102272034
uniform,0,4,11,999,0.07235705852508545,0.07328470051288605,2.2313435077667236,2.2310662269592285,0.9915850162506104,0.6961448788642883,time_out,0.36550000309944153,3.8374998569488525,0.5813853740692139
uniform,0,4,12,999,0.06835167855024338,0.06928332895040512,2.219163179397583,2.2188472747802734,0.9861543774604797,0.694686770439148,time_out,0.3477500081062317,3.9000000953674316,0.5689351558685303
uniform,0,4,13,999,0.06674778461456299,0.06768104434013367,2.2082672119140625,2.207934856414795,0.981304407119751,0.6930999159812927,time_out,0.35600000619888306,3.887500047683716,0.5679575204849243
uniform,0,4,14,999,0.06375950574874878,0.06469575315713882,2.2085459232330322,2.2082595825195312,0.9814487099647522,0.7021499872207642,time_out,0.37674999237060547,3.8499999046325684,0.5735739469528198
uniform,0,4,15,999,0.09290321916341782,0.0938103199005127,2.2601914405822754,2.2598674297332764,1.0043855905532837,0.7070155739784241,time_out,0.3465000092983246,3.950000047683716,0.57211834192276
uniform,0,4,16,999,0.06418547034263611,0.06512128561735153,2.2383248805999756,2.2379863262176514,0.9946606159210205,0.7027660608291626,time_out,0.34974998235702515,3.950000047683716,0.5665788054466248
uniform,0,4,17,999,0.09667207300662994,0.09757540374994278,2.3283331394195557,2.3280088901519775,1.0346705913543701,0.7031041383743286,time_out,0.3490000069141388,3.9000000953674316,0.5969253182411194
uniform,0,4,18,999,0.06349635124206543,0.06443285942077637,2.163372278213501,2.163097858428955,0.9613768458366394,0.6852725744247437,time_out,0.3787500262260437,3.799999952316284,0.5692362785339355
uniform,0,4,19,999,0.06878258287906647,0.06971380114555359,2.138946533203125,2.138685941696167,0.9505270719528198,0.68269282579422,time_out,0.3799999952316284,3.75,0.5703162550926208
uniform,0,4,20,999,0.0678355023264885,0.06876767426729202,2.232666254043579,2.2323734760284424,0.9921659827232361,0.7032266855239868,time_out,0.35225000977516174,3.950000047683716,0.5651578307151794
uniform,0,4,21,999,0.06390239298343658,0.06483849138021469,2.163118362426758,2.162844181060791,0.9612640738487244,0.680564284324646,time_out,0.40174999833106995,3.75,0.5767584443092346
uniform,0,4,22,999,0.0792379081249237,0.08015867322683334,2.2226476669311523,2.2223939895629883,0.9877306818962097,0.7042369842529297,time_out,0.35324999690055847,3.950000047683716,0.562631368637085
uniform,0,4,23,999,0.06603816896677017,0.06697213649749756,2.2242512702941895,2.223996639251709,0.9884429574012756,0.6917164325714111,time_out,0.35725000500679016,3.875,0.5739346146583557
uniform,0,4,24,999,0.06687377393245697,0.0678068995475769,2.214980125427246,2.214683771133423,0.984303891658783,0.6954009532928467,time_out,0.35850000381469727,3.8499999046325684,0.5752425789833069
uniform,0,4,25,999,0.06506884843111038,0.06600377708673477,2.1750943660736084,2.174830675125122,0.9665914177894592,0.7015913128852844,time_out,0.36500000953674316,3.9000000953674316,0.5576488971710205
uniform,0,4,26,999,0.07220788300037384,0.07313567399978638,2.2419958114624023,2.241685390472412,0.9963046312332153,0.7033613920211792,time_out,0.3552500009536743,3.950000047683716,0.5675152540206909
uniform,0,4,27,999,0.06308254599571228,0.06401946395635605,2.2151668071746826,2.214900255203247,0.9844000935554504,0.6937710046768188,time_out,0.35899999737739563,3.9000000953674316,0.5679231286048889
uniform,0,4,28,999,0.07237135618925095,0.07329899072647095,2.2723236083984375,2.2720043659210205,1.009779691696167,0.6954445242881775,time_out,0.35074999928474426,3.9000000953674316,0.582565188407898
uniform,0,4,29,999,0.07692990452051163,0.07785297930240631,2.2660281658172607,2.265714645385742,1.0069843530654907,0.6982143521308899,time_out,0.3504999876022339,3.950000047683716,0.5735986232757568
uniform,0,4,30,999,0.07650178670883179,0.0774252861738205,2.2861857414245605,2.2858645915985107,1.0159398317337036,0.7027031779289246,time_out,0.34549999237060547,4.0,0.5714661478996277
uniform,0,4,31,999,0.12876592576503754,0.12963716685771942,1.9712077379226685,1.9709362983703613,0.8759716749191284,0.686614453792572,time_out,0.36124998331069946,3.8499999046325684,0.5119315385818481
uniform,0,4,32,999,0.06428001821041107,0.06521573662757874,2.1503489017486572,2.1500627994537354,0.9555834531784058,0.6900107860565186,time_out,0.3675000071525574,3.8499999046325684,0.5584579110145569
uniform,0,4,33,999,0.07531917095184326,0.07624385505914688,2.2963345050811768,2.296034097671509,1.0204596519470215,0.7068088054656982,time_out,0.35100001096725464,3.9000000953674316,0.5887266993522644
uniform,0,4,34,999,0.08046651631593704,0.08138605207204819,2.2949256896972656,2.294638156890869,1.0198391675949097,0.7177692651748657,time_out,0.34200000762939453,4.050000190734863,0.5665773153305054
uniform,0,4,35,999,0.06530086696147919,0.06623556464910507,2.1395232677459717,2.1392695903778076,0.9507864713668823,0.6801996827125549,time_out,0.40074998140335083,3.700000047683716,0.5781809687614441
uniform,0,4,36,999,0.10405343025922775,0.10494938492774963,2.0534157752990723,2.0531749725341797,0.9125221967697144,0.6981099247932434,time_out,0.375,3.8499999046325684,0.5332922339439392
uniform,0,4,37,999,0.08274243026971817,0.08365969359874725,2.216813564300537,2.216491937637329,0.9851075410842896,0.6975966095924377,time_out,0.3372499942779541,4.0,0.5541229844093323
uniform,0,4,38,999,0.06483109295368195,0.06576626002788544,2.1524882316589355,2.152228355407715,0.9565459489822388,0.6833977699279785,time_out,0.39399999380111694,3.75,0.5739275813102722
uniform,0,4,39,999,0.061549894511699677,0.06248834729194641,2.1611649990081787,2.1608805656433105,0.9603913426399231,0.6910763382911682,time_out,0.3687500059604645,3.799999952316284,0.5686528086662292
uniform,0,4,40,999,0.06799258291721344,0.06892459094524384,2.268389940261841,2.2680912017822266,1.0080405473709106,0.7014428377151489,time_out,0.35725000500679016,3.9000000953674316,0.581561803817749
uniform,0,4,41,999,0.06656147539615631,0.06749491393566132,2.257523536682129,2.2571773529052734,1.0031899213790894,0.6973856091499329,time_out,0.34474998712539673,3.950000047683716,0.5714372992515564
uniform,0,4,42,999,0.07088514417409897,0.07181426882743835,2.1766786575317383,2.176408529281616,0.9672926664352417,0.6968203783035278,time_out,0.3630000054836273,3.8374998569488525,0.5671423077583313
uniform,0,4,43,999,0.06247945502400398,0.0634169802069664,2.1554360389709473,2.155147075653076,0.9578431248664856,0.6776497960090637,time_out,0.3930000066757202,3.75,0.5747058987617493
uniform,0,4,44,999,0.0684671550989151,0.06939869374036789,2.138504981994629,2.1382412910461426,0.9503294825553894,0.6819382905960083,time_out,0.3857499957084656,3.75,0.5701977014541626
uniform,0,4,45,999,0.06364316493272781,0.06457952409982681,2.1694133281707764,2.1691272258758545,0.9640565514564514,0.6998029947280884,time_out,0.3700000047683716,3.8125,0.568951427936554
uniform,0,4,46,999,0.06529614329338074,0.06623085588216782,2.16210675239563,2.1605474948883057,0.9602433443069458,0.6877468228340149,time_out,0.38199999928474426,3.799999952316284,0.5685651302337646
uniform,0,4,47,999,0.08769671618938446,0.08860901743173599,2.1801364421844482,2.1792356967926025,0.9685491919517517,0.6956769824028015,time_out,0.3564999997615814,3.8499999046325684,0.566035270690918
uniform,0,4,48,999,0.06594221293926239,0.06687627732753754,2.13993239402771,2.139671802520752,0.9509652256965637,0.7097706198692322,time_out,0.36900001764297485,3.9000000953674316,0.5486337542533875
uniform,0,4,49,999,0.09825318306684494,0.09915493428707123,2.05633807182312,2.056140184402466,0.913840115070343,0.683641791343689,time_out,0.3922500014305115,3.75,0.54830402135849
uniform,0,4,50,999,0.07879198342561722,0.07971319556236267,2.266085624694824,2.2657504081726074,1.007000207901001,0.7122263312339783,time_out,0.34074997901916504,4.0,0.5664376020431519
uniform,0,4,51,999,0.05782371759414673,0.058765895664691925,2.18046498298645,2.1801958084106445,0.9689759016036987,0.6932092905044556,time_out,0.38850000500679016,3.799999952316284,0.573735773563385
uniform,0,4,52,999,0.09810318052768707,0.0990050807595253,2.0624356269836426,2.0621607303619385,0.9165158867835999,0.692011833190918,time_out,0.3564999997615814,3.887500047683716,0.5304593443870544
uniform,0,4,53,999,0.070162333548069,0.07109217345714569,2.1537203788757324,2.153456687927246,0.9570918679237366,0.6950480937957764,time_out,0.36250001192092896,3.8374998569488525,0.5611613988876343
uniform,0,4,54,999,0.07505954056978226,0.07598448544740677,2.1117160320281982,2.111461639404297,0.9384273886680603,0.6775926947593689,time_out,0.3772500157356262,3.7750000953674316,0.5593275427818298
uniform,0,4,55,999,0.07268738746643066,0.073614701628685,2.2120003700256348,2.2116949558258057,0.9829755425453186,0.6985576152801514,time_out,0.359499990940094,3.8499999046325684,0.5744662284851074
uniform,0,4,56,999,0.07081101089715958,0.07174020260572433,2.225139856338501,2.224836587905884,0.9888162612915039,0.6869843602180481,time_out,0.3569999933242798,3.9000000953674316,0.570470929145813
uniform,0,4,57,999,0.0854860320687294,0.08640054613351822,2.1226646900177,2.1223766803741455,0.9432785511016846,0.7006864547729492,time_out,0.37449997663497925,3.8499999046325684,0.5512666702270508
uniform,0,4,58,999,0.06920041143894196,0.07013121247291565,2.2821569442749023,2.281846046447754,1.0141538381576538,0.7003071308135986,time_out,0.35624998807907104,3.9000000953674316,0.5850887298583984
uniform,0,4,59,999,0.06759288907051086,0.0685252994298935,2.2197182178497314,2.219439744949341,0.9864176511764526,0.696462869644165,time_out,0.35750001668930054,3.9000000953674316,0.5690870881080627
uniform,0,4,60,999,0.06127746403217316,0.06221618875861168,2.2466495037078857,2.246516227722168,0.9984516501426697,0.7024516463279724,time_out,0.3620000183582306,3.8499999046325684,0.58351069688797
uniform,0,4,61,999,0.0714804157614708,0.07240893691778183,2.2014338970184326,2.2011311054229736,0.9782804846763611,0.7098358273506165,time_out,0.34850001335144043,4.0,0.5502827763557434
uniform,0,4,62,999,0.07179524749517441,0.07272345572710037,2.275104284286499,2.274803400039673,1.011023759841919,0.6959701776504517,time_out,0.3580000102519989,3.9000000953674316,0.5832828879356384
uniform,0,4,63,999,0.059371087700128555,0.06031171977519989,2.2157487869262695,2.2154481410980225,0.9846436381340027,0.6976131796836853,time_out,0.3634999990463257,3.8499999046325684,0.5754410624504089
uniform,0,4,64,999,0.1067938581109047,0.1076870709657669,2.019097089767456,2.018873929977417,0.897277295589447,0.6913634538650513,time_out,0.3889999985694885,3.75,0.5383663773536682
uniform,0,4,65,999,0.065703846514225,0.06663814932107925,2.1489107608795166,2.1486563682556152,0.9549583792686462,0.6810629963874817,time_out,0.3987500071525574,3.75,0.5729750394821167
uniform,0,4,66,999,0.0634157657623291,0.06435234844684601,2.2348830699920654,2.2346346378326416,0.993170976638794,0.6995428800582886,time_out,0.3642500042915344,3.8499999046325684,0.5804246068000793
uniform,0,4,67,999,0.06572506576776505,0.0666593462228775,2.2441461086273193,2.243873357772827,0.9972770810127258,0.6970607042312622,time_out,0.3610000014305115,3.9000000953674316,0.575352132320404
uniform,0,4,68,999,0.07008315622806549,0.07101307809352875,2.270284652709961,2.269979953765869,1.0088800191879272,0.6958686113357544,time_out,0.3504999876022339,3.9000000953674316,0.5820461511611938
uniform,0,4,69,999,0.06584608554840088,0.06678024679422379,2.142943859100342,2.142662286758423,0.9522943496704102,0.702602207660675,time_out,0.3700000047683716,3.8499999046325684,0.5565356612205505
uniform,0,4,70,999,0.0914529338479042,0.09236148744821548,2.0736868381500244,2.0733835697174072,0.9215038418769836,0.6947303414344788,time_out,0.3507499694824219,3.9000000953674316,0.5316367745399475
uniform,0,4,71,999,0.07322683185338974,0.0741536095738411,2.180723190307617,2.1804749965667725,0.9690999984741211,0.697464644908905,time_out,0.3657500147819519,3.8499999046325684,0.5663571357727051
uniform,0,4,72,999,0.06465677917003632,0.06559212505817413,2.204998016357422,2.2047009468078613,0.9798671007156372,0.6881238222122192,time_out,0.36375001072883606,3.8499999046325684,0.5726495981216431
uniform,0,4,73,999,0.06484425067901611,0.06577941030263901,2.1703193187713623,2.170053482055664,0.964468240737915,0.6833128929138184,time_out,0.3765000104904175,3.799999952316284,0.5710667371749878
uniform,0,4,74,999,0.13094282150268555,0.13181188702583313,2.0136499404907227,2.013331651687622,0.8948140740394592,0.6961853504180908,time_out,0.3322499990463257,4.050000190734863,0.49711889028549194
uniform,0,4,75,999,0.07962337136268616,0.08054374903440475,2.2897965908050537,2.2895190715789795,1.017564058303833,0.7071403861045837,time_out,0.35324999690055847,3.950000047683716,0.5796250700950623
uniform,0,4,76,999,0.06229899451136589,0.06323669850826263,2.21368145942688,2.2134103775024414,0.9837379455566406,0.6959863901138306,time_out,0.3892499804496765,3.799999952316284,0.5824764370918274
uniform,0,4,77,999,0.07229998707771301,0.07322768867015839,2.2408416271209717,2.2405166625976562,0.9957851767539978,0.6878266930580139,time_out,0.34424999356269836,3.950000047683716,0.5672193765640259
uniform,0,4,78,999,0.06877744942903519,0.0697086751461029,2.22344970703125,2.2231712341308594,0.9880760908126831,0.6974478363990784,time_out,0.3460000157356262,3.950000047683716,0.5628281831741333
uniform,0,4,79,999,0.06685630232095718,0.06778945028781891,2.169931650161743,2.1696720123291016,0.964298665523529,0.6950111389160156,time_out,0.36250001192092896,3.8374998569488525,0.5653868913650513
uniform,0,4,80,999,0.06752017885446548,0.06845266371965408,2.133216381072998,2.132957696914673,0.9479811787605286,0.7001645565032959,time_out,0.3917500078678131,3.799999952316284,0.5613046884536743
uniform,0,4,81,999,0.08560176938772202,0.08651617169380188,2.176241636276245,2.1759238243103027,0.9670772552490234,0.6918810606002808,time_out,0.35500001907348633,3.9000000953674316,0.5579291582107544
uniform,0,4,82,999,0.07209145277738571,0.0730193704366684,2.2787609100341797,2.278439998626709,1.0126399993896484,0.7023769617080688,time_out,0.35225000977516174,3.950000047683716,0.5768202543258667
uniform,0,4,83,999,0.0887916311621666,0.08970284461975098,2.1991934776306152,2.198857545852661,0.9772700071334839,0.7030721306800842,time_out,0.33899998664855957,4.0,0.5497143864631653
uniform,0,4,84,999,0.09645730257034302,0.09736084938049316,2.0517218112945557,2.0514163970947266,0.9117406010627747,0.7277193069458008,time_out,0.33824998140335083,4.099999904632568,0.5003454685211182
uniform,0,4,85,999,0.06365159898996353,0.06458795815706253,2.1778693199157715,2.1776044368743896,0.9678242206573486,0.6937159895896912,time_out,0.3737500011920929,3.799999952316284,0.573053777217865
uniform,0,4,86,999,0.07465583831071854,0.07558118551969528,2.272230386734009,2.2719433307647705,1.009752631187439,0.7046507000923157,time_out,0.3619999885559082,3.9000000953674316,0.5825495719909668
uniform,0,4,87,999,0.08434787392616272,0.08526352792978287,2.0952367782592773,2.094933032989502,0.9310813546180725,0.7093666195869446,time_out,0.35074999928474426,3.950000047683716,0.5303627848625183
uniform,0,4,88,999,0.0640951544046402,0.06503105908632278,2.140960693359375,2.140716791152954,0.9514296650886536,0.7022387981414795,time_out,0.3790000081062317,3.799999952316284,0.5633465051651001
uniform,0,4,89,999,0.06440407782793045,0.06533967703580856,2.1506354808807373,2.149630069732666,0.9553911685943604,0.6903243064880371,time_out,0.36675000190734863,3.799999952316284,0.565692126750946
uniform,0,4,90,999,0.06458059698343277,0.06551601737737656,2.174161672592163,2.1739354133605957,0.9661934971809387,0.6819657683372498,time_out,0.3700000047683716,3.799999952316284,0.5720883011817932
uniform,0,4,91,999,0.06988736987113953,0.0708174854516983,2.151165246963501,2.1508524417877197,0.9559344053268433,0.7071483731269836,time_out,0.3449999988079071,4.0,0.5377131104469299
uniform,0,4,92,999,0.06370279937982559,0.06463909894227982,2.160841703414917,2.1605560779571533,0.9602471590042114,0.6862844228744507,time_out,0.37700000405311584,3.799999952316284,0.5685673952102661
uniform,0,4,93,999,0.08128389716148376,0.08220262080430984,2.208570957183838,2.208265781402588,0.9814514517784119,0.6925733089447021,time_out,0.34950000047683716,3.9000000953674316,0.5662219524383545
uniform,0,4,94,999,0.06485223025083542,0.06578738242387772,2.1583354473114014,2.1580655574798584,0.9591402411460876,0.684237539768219,time_out,0.4000000059604645,3.700000047683716,0.5832609534263611
uniform,0,4,95,999,0.07602347433567047,0.07694745063781738,2.239103317260742,2.238779306411743,0.9950130581855774,0.7025250196456909,time_out,0.35199999809265137,3.9000000953674316,0.5740459561347961
uniform,0,4,96,999,0.06930834800004959,0.07023903727531433,2.235003709793091,2.23471999168396,0.9932088851928711,0.6935555934906006,time_out,0.3577499985694885,3.9000000953674316,0.5730051398277283
uniform,0,4,97,999,0.07008656114339828,0.07101647555828094,2.2452900409698486,2.2449660301208496,0.9977626800537109,0.6990584135055542,time_out,0.3579999804496765,3.9000000953674316,0.5756322741508484
uniform,0,4,98,999,0.06740877032279968,0.06834136694669724,2.146287441253662,2.1460041999816895,0.9537796378135681,0.6886035799980164,time_out,0.3682499825954437,3.799999952316284,0.5647379755973816
uniform,0,4,99,999,0.0709158405661583,0.0718449279665947,2.252882719039917,2.25258731842041,1.0011498928070068,0.6969533562660217,time_out,0.3610000014305115,3.8499999046325684,0.5850876569747925
uniform,0,5,0,999,0.11906031519174576,0.11994125694036484,2.4274706840515137,2.427170515060425,0.8826074600219727,0.7458477020263672,time_out,0.35100001096725464,4.050000190734863,0.5993013381958008
uniform,0,5,1,999,0.1360146403312683,0.13687863945960999,2.379023790359497,2.3787119388580322,0.8649861812591553,0.7785387635231018,time_out,0.36000001430511475,4.150000095367432,0.5731835961341858
uniform,0,5,2,999,0.11827560514211655,0.1191573292016983,2.4295196533203125,2.4291656017303467,0.8833329677581787,0.767845630645752,time_out,0.3474999964237213,4.150000095367432,0.5853410959243774
uniform,0,5,3,999,0.13305647671222687,0.13392342627048492,2.3974533081054688,2.397158145904541,0.8716939091682434,0.7526285648345947,time_out,0.3502499759197235,4.099999904632568,0.584672749042511
uniform,0,5,4,999,0.1611357480287552,0.16197462379932404,2.311244249343872,2.31089448928833,0.8403252959251404,0.7617250084877014,time_out,0.3460000157356262,4.099999904632568,0.5636327862739563
uniform,0,5,5,999,0.13085578382015228,0.13172493875026703,2.3932313919067383,2.3928990364074707,0.8701451420783997,0.764441192150116,time_out,0.35350000858306885,4.099999904632568,0.5836338996887207
uniform,0,5,6,999,0.3008200526237488,0.3015192449092865,1.9257514476776123,1.9254980087280273,0.7001811265945435,0.7100528478622437,time_out,0.37024998664855957,3.950000047683716,0.48746785521507263
uniform,0,5,7,999,0.1356264352798462,0.1364908218383789,2.380089521408081,2.379779577255249,0.8653744459152222,0.7327800393104553,time_out,0.3942500054836273,3.8499999046325684,0.6181246042251587
uniform,0,5,8,999,0.18598344922065735,0.18679748475551605,2.243913412094116,2.2435882091522217,0.8158502578735352,0.7754120230674744,time_out,0.34825000166893005,4.150000095367432,0.540623664855957
uniform,0,5,9,999,0.1783233880996704,0.17914506793022156,2.262603282928467,2.2623631954193115,0.8226775527000427,0.720837414264679,time_out,0.3935000002384186,3.799999952316284,0.5953587293624878
uniform,0,5,10,999,0.1551979035139084,0.15604270994663239,2.3301448822021484,2.329862356185913,0.8472226858139038,0.7293211817741394,time_out,0.39899998903274536,3.862499952316284,0.6032006144523621
uniform,0,5,11,999,0.13436760008335114,0.13523323833942413,2.383728265762329,2.383457899093628,0.8667119741439819,0.7306281924247742,time_out,0.3865000009536743,3.8499999046325684,0.6190800070762634
uniform,0,5,12,999,0.2267795354127884,0.22755275666713715,2.129439353942871,2.1291098594665527,0.7742217779159546,0.7284500598907471,time_out,0.3452500104904175,4.050000190734863,0.5257061123847961
uniform,0,5,13,999,0.1445324867963791,0.14538796246051788,2.3614063262939453,2.3610949516296387,0.8585799932479858,0.7383294701576233,time_out,0.35899999737739563,4.050000190734863,0.5829863548278809
uniform,0,5,14,999,0.15981996059417725,0.16066014766693115,2.316413402557373,2.316105365753174,0.8422201871871948,0.7359172701835632,time_out,0.3942500054836273,3.8499999046325684,0.6015858054161072
uniform,0,5,15,999,0.17245811223983765,0.17328566312789917,2.28593373298645,2.285569906234741,0.8311163783073425,0.7493759989738464,time_out,0.34724998474121094,4.099999904632568,0.5574560761451721
uniform,0,5,16,999,0.13381771743297577,0.13468390703201294,2.385067939758301,2.3847551345825195,0.8671836853027344,0.7549291849136353,time_out,0.35500001907348633,4.099999904632568,0.5816476345062256
uniform,0,5,17,999,0.13479486107826233,0.1356600672006607,2.3824615478515625,2.382157325744629,0.866239070892334,0.7482796311378479,time_out,0.35725000500679016,4.087499618530273,0.5827908515930176
uniform,0,5,18,999,0.27531734108924866,0.27604204416275024,1.995898723602295,1.9956291913986206,0.7256833910942078,0.6965544819831848,time_out,0.36774998903274536,3.8499999046325684,0.5183452367782593
uniform,0,5,19,999,0.16392533481121063,0.16476142406463623,2.3022372722625732,2.301957130432129,0.8370753526687622,0.7231974601745605,time_out,0.3945000171661377,3.799999952316284,0.6057782173156738
uniform,0,5,20,999,0.13441362977027893,0.13527922332286835,2.3834128379821777,2.3831160068511963,0.8665876388549805,0.7516308426856995,time_out,0.35899999737739563,4.099999904632568,0.5812478065490723
uniform,0,5,21,999,0.13980615139007568,0.14066635072231293,2.3685131072998047,2.368285655975342,0.8611947894096375,0.7347296476364136,time_out,0.41175001859664917,3.799999952316284,0.6232330799102783
uniform,0,5,22,999,0.15716731548309326,0.15801015496253967,2.323169708251953,2.322847843170166,0.8446719646453857,0.7519674301147461,time_out,0.35499998927116394,4.050000190734863,0.5735426545143127
uniform,0,5,23,999,0.13258667290210724,0.1334540992975235,2.388507843017578,2.388193368911743,0.868433952331543,0.7235086560249329,time_out,0.3669999837875366,3.9000000953674316,0.6123572587966919
uniform,0,5,24,999,0.1296437531709671,0.13051411509513855,2.396932601928711,2.3966474533081055,0.8715081810951233,0.7278684377670288,time_out,0.37325000762939453,3.9375,0.6086723804473877
uniform,0,5,25,999,0.13475866615772247,0.13562390208244324,2.3824644088745117,2.3821654319763184,0.866241991519928,0.7370424866676331,time_out,0.3852500021457672,3.887500047683716,0.6127756834030151
uniform,0,5,26,999,0.12850889563560486,0.12938039004802704,2.40061092376709,2.4002926349639893,0.8728337287902832,0.7563775777816772,time_out,0.36000001430511475,4.099999904632568,0.5854372382164001
uniform,0,5,27,999,0.12132740020751953,0.12220607697963715,2.423351287841797,2.423036575317383,0.8811042308807373,0.7295206189155579,time_out,0.3747499883174896,3.950000047683716,0.6134269833564758
uniform,0,5,28,999,0.12050686776638031,0.12138636410236359,2.427809476852417,2.4275121688842773,0.8827317357063293,0.7393715381622314,time_out,0.3630000054836273,4.0,0.6068780422210693
uniform,0,5,29,999,0.14171186089515686,0.1425701528787613,2.3638193607330322,2.363466501235962,0.859442412853241,0.7422049641609192,time_out,0.34925001859664917,4.050000190734863,0.5835719704627991
uniform,0,5,30,999,0.08541304618120193,0.08632764220237732,2.521073818206787,2.5207154750823975,0.9166238307952881,0.7637544870376587,time_out,0.35750001668930054,4.099999904632568,0.6148086786270142
uniform,0,5,31,999,0.500127911567688,0.5006278157234192,1.377717137336731,1.3774007558822632,0.5008730292320251,0.7070883512496948,time_out,0.32099997997283936,4.150000095367432,0.3319037854671478
uniform,0,5,32,999,0.15894025564193726,0.1597813218832016,2.3159244060516357,2.3156638145446777,0.8420596122741699,0.7209931015968323,time_out,0.38075000047683716,3.8499999046325684,0.6014711260795593
uniform,0,5,33,999,0.1252424716949463,0.12611722946166992,2.408626079559326,2.408362865447998,0.8757683634757996,0.7476425170898438,time_out,0.3607500195503235,4.050000190734863,0.5946574807167053
uniform,0,5,34,999,0.1017254963517189,0.10262377560138702,2.474043607711792,2.4737350940704346,0.8995400667190552,0.7741503715515137,time_out,0.3525000214576721,4.125,0.5996933579444885
uniform,0,5,35,999,0.16397440433502197,0.1648104339838028,2.3020968437194824,2.301842212677002,0.8370335698127747,0.7242048382759094,time_out,0.41075000166893005,3.7874999046325684,0.6077471375465393
uniform,0,5,36,999,0.5106512904167175,0.5111406445503235,1.348726511001587,1.348461389541626,0.4903496205806732,0.6838541030883789,time_out,0.3215000033378601,4.099999904632568,0.3288930356502533
uniform,0,5,37,999,0.13451798260211945,0.1353834718465805,2.3833041191101074,2.3829493522644043,0.8665270805358887,0.732661783695221,time_out,0.343999981880188,4.050000190734863,0.5883825421333313
uniform,0,5,38,999,0.18356335163116455,0.18437980115413666,2.2489590644836426,2.2486822605133057,0.8177026510238647,0.7210142612457275,time_out,0.3974999785423279,3.799999952316284,0.5917584896087646
uniform,0,5,39,999,0.16271217167377472,0.16354946792125702,2.3056371212005615,2.305344820022583,0.83830726146698,0.7240017056465149,time_out,0.38725000619888306,3.8499999046325684,0.5987908840179443
uniform,0,5,40,999,0.13278302550315857,0.13365024328231812,2.3879292011260986,2.3875985145568848,0.8682176470756531,0.7414422631263733,time_out,0.36550000309944153,4.050000190734863,0.5895304679870605
uniform,0,5,41,999,0.12964098155498505,0.1305113434791565,2.396611213684082,2.3962814807891846,0.8713750839233398,0.7405135035514832,time_out,0.34925001859664917,4.050000190734863,0.5916743874549866
uniform,0,5,42,999,0.12177006155252457,0.12264829874038696,2.4196994304656982,2.4194257259368896,0.8797912001609802,0.7459014654159546,time_out,0.40174999833106995,3.875,0.6243679523468018
uniform,0,5,43,999,0.133919358253479,0.134785458445549,2.386178731918335,2.3858869075775146,0.8675952553749084,0.7366077899932861,time_out,0.41200000047683716,3.7874999046325684,0.6299371719360352
uniform,0,5,44,999,0.2128574550151825,0.2136446088552475,2.1700518131256104,2.169804334640503,0.789019763469696,0.7125961780548096,time_out,0.39249998331069946,3.799999952316284,0.5710011720657349
uniform,0,5,45,999,0.17852093279361725,0.17934241890907288,2.2621161937713623,2.2618205547332764,0.8224802017211914,0.7264976501464844,time_out,0.39274999499320984,3.8499999046325684,0.5874858498573303
uniform,0,5,46,999,0.1294088363647461,0.13027943670749664,2.39967679977417,2.399428367614746,0.8725194334983826,0.735159695148468,time_out,0.40074998140335083,3.8499999046325684,0.6232281923294067
uniform,0,5,47,999,0.24333810806274414,0.24409478902816772,2.083904981613159,2.083574056625366,0.7576633095741272,0.7179381251335144,time_out,0.34975001215934753,4.0,0.5208935141563416
uniform,0,5,48,999,0.1595110446214676,0.16035154461860657,2.316880702972412,2.3165695667266846,0.8423889875411987,0.7373996376991272,time_out,0.3857499957084656,3.950000047683716,0.586473286151886
uniform,0,5,49,999,0.2571943402290344,0.25793713331222534,2.0458805561065674,2.04561710357666,0.7438607811927795,0.7118565440177917,time_out,0.38975000381469727,3.8499999046325684,0.5313291549682617
uniform,0,5,50,999,0.13189637660980225,0.13276448845863342,2.391317844390869,2.391038417816162,0.8694685697555542,0.7584701776504517,time_out,0.34850001335144043,4.125,0.5796456933021545
uniform,0,5,51,999,0.14253689348697662,0.1433943659067154,2.3610188961029053,2.360776901245117,0.8584643602371216,0.7376883029937744,time_out,0.40450000762939453,3.8374998569488525,0.6151862144470215
uniform,0,5,52,999,0.5077350735664368,0.5082273483276367,1.3567990064620972,1.3564811944961548,0.49326589703559875,0.7109274864196777,time_out,0.30550000071525574,4.150000095367432,0.3268629312515259
uniform,0,5,53,999,0.1552845686674118,0.15612930059432983,2.325985908508301,2.3257205486297607,0.8457165956497192,0.7225496172904968,time_out,0.38225001096725464,3.8499999046325684,0.6040832996368408
uniform,0,5,54,999,0.1447717249393463,0.145626962184906,2.3548851013183594,2.3546319007873535,0.8562297821044922,0.7269813418388367,time_out,0.39500001072883606,3.8374998569488525,0.6135848760604858
uniform,0,5,55,999,0.1382332295179367,0.1390950083732605,2.3730242252349854,2.3727266788482666,0.8628097176551819,0.7326399683952332,time_out,0.37849998474121094,3.9000000953674316,0.6083914637565613
uniform,0,5,56,999,0.1346634179353714,0.13552875816822052,2.3828659057617188,2.3825266361236572,0.8663733601570129,0.7193685173988342,time_out,0.36900001764297485,3.9625000953674316,0.6012685298919678
uniform,0,5,57,999,0.2021467238664627,0.2029445916414261,2.198383092880249,2.1980865001678467,0.799304187297821,0.7274940013885498,time_out,0.3840000033378601,3.9000000953674316,0.5636119246482849
uniform,0,5,58,999,0.12510082125663757,0.12597572803497314,2.4090700149536133,2.4087369441986084,0.875904381275177,0.7348701357841492,time_out,0.36399999260902405,4.0,0.6021842360496521
uniform,0,5,59,999,0.14401128888130188,0.14486728608608246,2.356982707977295,2.356719493865967,0.8569889068603516,0.7320560812950134,time_out,0.3659999966621399,3.987499952316284,0.5910268425941467
uniform,0,5,60,999,0.15304425358772278,0.1538912057876587,2.3325107097625732,2.332205295562744,0.8480746746063232,0.7255604267120361,time_out,0.3799999952316284,3.9000000953674316,0.5980013608932495
uniform,0,5,61,999,0.12432998418807983,0.12520566582679749,2.412147045135498,2.4118316173553467,0.8770297169685364,0.7660823464393616,time_out,0.3569999933242798,4.099999904632568,0.5882516503334045
uniform,0,5,62,999,0.11230768263339996,0.11319538205862045,2.444878578186035,2.4445571899414062,0.8889299035072327,0.732375979423523,time_out,0.3675000071525574,4.0,0.6111392974853516
uniform,0,5,63,999,0.13808324933052063,0.13894516229629517,2.373318910598755,2.3730249404907227,0.8629181981086731,0.7246133685112,time_out,0.38600000739097595,3.8499999046325684,0.6163701415061951
uniform,0,5,64,999,0.358705073595047,0.3593463897705078,1.7665810585021973,1.7663146257400513,0.6422962546348572,0.7135933041572571,time_out,0.37049999833106995,3.950000047683716,0.4471682608127594
uniform,0,5,65,999,0.15972097218036652,0.16056126356124878,2.3137624263763428,2.31351900100708,0.8412796854972839,0.7237896919250488,time_out,0.4087499976158142,3.799999952316284,0.6088207960128784
uniform,0,5,66,999,0.14910520613193512,0.1499561071395874,2.3431713581085205,2.342857837677002,0.8519483208656311,0.724278450012207,time_out,0.37849998474121094,3.9000000953674316,0.6007327437400818
uniform,0,5,67,999,0.11532340943813324,0.11620809137821198,2.438005208969116,2.4377129077911377,0.8864411115646362,0.7323163747787476,time_out,0.3857499957084656,3.9375,0.6191017031669617
uniform,0,5,68,999,0.12733609974384308,0.12820877134799957,2.406913995742798,2.4065942764282227,0.8751252293586731,0.7423017024993896,time_out,0.3564999997615814,4.050000190734863,0.594220757484436
uniform,0,5,69,999,0.1961091309785843,0.19691303372383118,2.214035749435425,2.21376895904541,0.8050069212913513,0.7184671759605408,time_out,0.38199999928474426,3.8499999046325684,0.5750049352645874
uniform,0,5,70,999,0.510958731174469,0.5114477872848511,1.3479310274124146,1.347616195678711,0.4900422692298889,0.700263261795044,time_out,0.3047500252723694,4.150000095367432,0.32472679018974304
uniform,0,5,71,999,0.19135808944702148,0.1921667456626892,2.227203607559204,2.2268998622894287,0.8097817897796631,0.7206901907920837,time_out,0.3712500035762787,3.9000000953674316,0.5709999799728394
uniform,0,5,72,999,0.1159273087978363,0.11681138724088669,2.434260606765747,2.4339523315429688,0.8850736021995544,0.7357677221298218,time_out,0.38725000619888306,3.950000047683716,0.6161904335021973
uniform,0,5,73,999,0.1224263533949852,0.12330392748117447,2.420651912689209,2.4203827381134033,0.8801392316818237,0.7342368960380554,time_out,0.39925000071525574,3.799999952316284,0.6369428634643555
uniform,0,5,74,999,0.4769946038722992,0.47751763463020325,1.4413485527038574,1.441017508506775,0.5240063667297363,0.6991181373596191,time_out,0.29600000381469727,4.150000095367432,0.3472331166267395
uniform,0,5,75,999,0.12050642818212509,0.12138593196868896,2.4216742515563965,2.4213674068450928,0.8804972767829895,0.7519831657409668,time_out,0.35850000381469727,4.074999809265137,0.594200611114502
uniform,0,5,76,999,0.1425367146730423,0.14339418709278107,2.361316442489624,2.3610377311706543,0.8585591912269592,0.7319727540016174,time_out,0.4050000011920929,3.799999952316284,0.6213257312774658
uniform,0,5,77,999,0.1459706872701645,0.14682473242282867,2.3521525859832764,2.3518166542053223,0.8552060723304749,0.7257162928581238,time_out,0.34950000047683716,4.050000190734863,0.5806954503059387
uniform,0,5,78,999,0.13012298941612244,0.1309928596019745,2.3967788219451904,2.396472454071045,0.871444582939148,0.7387523055076599,time_out,0.359250009059906,4.050000190734863,0.5917215943336487
uniform,0,5,79,999,0.12296787649393082,0.12384491413831711,2.4149112701416016,2.414661407470703,0.8780587315559387,0.7303719520568848,time_out,0.3919999897480011,3.8499999046325684,0.6271848082542419
uniform,0,5,80,999,0.1507018357515335,0.15155114233493805,2.3399665355682373,2.3396778106689453,0.8507919311523438,0.7480769753456116,time_out,0.4050000011920929,3.799999952316284,0.6157047152519226
uniform,0,5,81,999,0.12815605103969574,0.12902790307998657,2.40154767036438,2.4012370109558105,0.8731771111488342,0.7410122752189636,time_out,0.37174999713897705,4.0,0.6003092527389526
uniform,0,5,82,999,0.12021875381469727,0.12109854072332382,2.4225082397460938,2.4221906661987305,0.8807966113090515,0.7514482736587524,time_out,0.3564999997615814,4.087499618530273,0.5925849080085754
uniform,0,5,83,999,0.12717214226722717,0.1280449777841568,2.4116430282592773,2.4113197326660156,0.8768435716629028,0.7567738890647888,time_out,0.3464999794960022,4.099999904632568,0.5881267786026001
uniform,0,5,84,999,0.20026062428951263,0.20106036961078644,2.202336072921753,2.2020373344421387,0.8007408976554871,0.771096408367157,time_out,0.3477500081062317,4.150000095367432,0.5306113958358765
uniform,0,5,85,999,0.14753621816635132,0.14838869869709015,2.348446846008301,2.348162889480591,0.8538774251937866,0.7289466261863708,time_out,0.3944999873638153,3.8499999046325684,0.6099124550819397
uniform,0,5,86,999,0.13565485179424286,0.13651920855045319,2.380007028579712,2.379702568054199,0.8653464317321777,0.7304173111915588,time_out,0.37174999713897705,3.950000047683716,0.6024563312530518
uniform,0,5,87,999,0.3483881652355194,0.34903979301452637,1.7949854135513306,1.7946871519088745,0.6526135206222534,0.7256945371627808,time_out,0.3344999849796295,4.099999904632568,0.4377285838127136
uniform,0,5,88,999,0.17415189743041992,0.17497776448726654,2.274101734161377,2.2738358974456787,0.8268494606018066,0.7316533923149109,time_out,0.39774999022483826,3.8374998569488525,0.5925305485725403
uniform,0,5,89,999,0.15745143592357635,0.15829399228096008,2.32017183303833,2.3198964595794678,0.8435987234115601,0.7236455082893372,time_out,0.39374998211860657,3.8499999046325684,0.6025705337524414
uniform,0,5,90,999,0.12811066210269928,0.1289825439453125,2.400707721710205,2.400449752807617,0.872890830039978,0.7297770380973816,time_out,0.4032500088214874,3.799999952316284,0.6316972970962524
uniform,0,5,91,999,0.12651561200618744,0.1273891031742096,2.4064724445343018,2.4061479568481445,0.8749629259109497,0.7700429558753967,time_out,0.3632500171661377,4.099999904632568,0.5868653655052185
uniform,0,5,92,999,0.1493067741394043,0.15015748143196106,2.342643976211548,2.342373847961426,0.8517723083496094,0.7236567139625549,time_out,0.3969999849796295,3.799999952316284,0.6164141893386841
uniform,0,5,93,999,0.17167364060878754,0.17250198125839233,2.2837047576904297,2.2833709716796875,0.8303167223930359,0.7278347611427307,time_out,0.3579999804496765,4.0,0.5708427429199219
uniform,0,5,94,999,0.14377272129058838,0.14462895691394806,2.357985734939575,2.3577375411987305,0.8573591113090515,0.7406744956970215,time_out,0.4232500195503235,3.799999952316284,0.6204572319984436
uniform,0,5,95,999,0.14267855882644653,0.14353588223457336,2.3649160861968994,2.364626407623291,0.8598641753196716,0.7463006377220154,time_out,0.3619999885559082,4.050000190734863,0.5838583707809448
uniform,0,5,96,999,0.13865239918231964,0.13951376080513,2.3718831539154053,2.3715627193450928,0.8623864650726318,0.7306724190711975,time_out,0.3737500011920929,4.0,0.5928906798362732
uniform,0,5,97,999,0.14203940331935883,0.14289738237857819,2.3624801635742188,2.362208843231201,0.8589850664138794,0.7343959808349609,time_out,0.36299997568130493,4.0,0.5905522108078003
uniform,0,5,98,999,0.1466514766216278,0.14750482141971588,2.3497166633605957,2.349461793899536,0.8543497920036316,0.7268546223640442,time_out,0.38999998569488525,3.8499999046325684,0.6102498173713684
uniform,0,5,99,999,0.11357831209897995,0.11446474492549896,2.444629430770874,2.444357395172119,0.8888572454452515,0.7340948581695557,time_out,0.3824999928474426,3.9000000953674316,0.6267582774162292
uniform,0,6,0,999,0.5707741975784302,0.5712034702301025,1.398584008216858,1.3982367515563965,0.43022671341896057,0.7022824287414551,time_out,0.2957499921321869,4.150000095367432,0.3369245231151581
uniform,0,6,1,999,0.5328851938247681,0.5333523154258728,1.5217149257659912,1.5213772058486938,0.46811607480049133,0.7370937466621399,time_out,0.3032500147819519,4.199999809265137,0.36223268508911133
uniform,0,6,2,999,0.5350894331932068,0.5355543494224548,1.5145609378814697,1.5142133235931396,0.4659118056297302,0.7107663750648499,time_out,0.29225000739097595,4.1875,0.36160317063331604
uniform,0,6,3,999,0.5642324090003967,0.5646681785583496,1.4197956323623657,1.4194989204406738,0.43676891922950745,0.7058297991752625,time_out,0.2952499985694885,4.199999809265137,0.33797594904899597
uniform,0,6,4,999,0.5642536282539368,0.5646893978118896,1.419747233390808,1.4194283485412598,0.4367471933364868,0.7184581160545349,time_out,0.2942500114440918,4.199999809265137,0.3379591405391693
uniform,0,6,5,999,0.546750009059906,0.5472033023834229,1.4766533374786377,1.4763168096542358,0.45425134897232056,0.7199744582176208,time_out,0.3007500171661377,4.199999809265137,0.35150402784347534
uniform,0,6,6,999,0.603229820728302,0.6036266088485718,1.2930094003677368,1.292757272720337,0.3977714776992798,0.7131630778312683,time_out,0.33249998092651367,4.150000095367432,0.3115077614784241
uniform,0,6,7,999,0.5849036574363708,0.5853187441825867,1.3526309728622437,1.3523160219192505,0.4160972535610199,0.7091994881629944,time_out,0.3242500126361847,4.1875,0.3229411542415619
uniform,0,6,8,999,0.6005278825759888,0.6009274125099182,1.3018698692321777,1.3015371561050415,0.4004729986190796,0.7143470644950867,time_out,0.29350000619888306,4.150000095367432,0.3136233985424042
uniform,0,6,9,999,0.6435577869415283,0.6439142823219299,1.1619764566421509,1.161690592765808,0.35744327306747437,0.705552875995636,time_out,0.3297500014305115,4.150000095367432,0.2799254357814789
uniform,0,6,10,999,0.6394724249839783,0.6398329734802246,1.175227165222168,1.1749670505523682,0.36152833700180054,0.7003155946731567,time_out,0.3112500011920929,4.150000095367432,0.2831245958805084
uniform,0,6,11,999,0.598738968372345,0.5991402864456177,1.3076574802398682,1.3073515892028809,0.40226203203201294,0.7087373733520508,time_out,0.3192499876022339,4.150000095367432,0.3150244653224945
uniform,0,6,12,999,0.5631940960884094,0.5636309385299683,1.4232220649719238,1.4228723049163818,0.4378068745136261,0.7118601202964783,time_out,0.30150002241134644,4.199999809265137,0.33877912163734436
uniform,0,6,13,999,0.5512842535972595,0.5517330169677734,1.4618875980377197,1.46157968044281,0.44971683621406555,0.711864709854126,time_out,0.30274999141693115,4.199999809265137,0.34799519181251526
uniform,0,6,14,999,0.5910491943359375,0.5914581418037415,1.3326301574707031,1.3323421478271484,0.40995144844055176,0.7114861011505127,time_out,0.3257499933242798,4.150000095367432,0.32104629278182983
uniform,0,6,15,999,0.5921703577041626,0.5925782322883606,1.3290365934371948,1.3287001848220825,0.408830851316452,0.6944431662559509,time_out,0.29899999499320984,4.1875,0.31730154156684875
uniform,0,6,16,999,0.5470404624938965,0.5474934577941895,1.4757295846939087,1.4753715991973877,0.45396050810813904,0.7099390625953674,time_out,0.30024999380111694,4.150000095367432,0.35551121830940247
uniform,0,6,17,999,0.5706323981285095,0.5710617899894714,1.3990113735198975,1.398697018623352,0.4303683340549469,0.7011492848396301,time_out,0.3022499978542328,4.150000095367432,0.3370354175567627
uniform,0,6,18,999,0.6414867639541626,0.6418452858924866,1.16867995262146,1.168420672416687,0.359514057636261,0.6964896321296692,time_out,0.3257499933242798,4.150000095367432,0.2815471291542053
uniform,0,6,19,999,0.6201335191726685,0.620513379573822,1.2381106615066528,1.2378185987472534,0.38086727261543274,0.7036302089691162,time_out,0.33524999022483826,4.150000095367432,0.2982695400714874
uniform,0,6,20,999,0.5492169260978699,0.5496677756309509,1.468652606010437,1.4682990312576294,0.4517843425273895,0.7135955095291138,time_out,0.3057500123977661,4.1875,0.35063856840133667
uniform,0,6,21,999,0.6509741544723511,0.6513231992721558,1.137868881225586,1.137587070465088,0.35002681612968445,0.6954574584960938,time_out,0.33550000190734863,4.150000095367432,0.2741173505783081
uniform,0,6,22,999,0.593528687953949,0.5939351916313171,1.3246225118637085,1.3242844343185425,0.407472163438797,0.7058911323547363,time_out,0.2997500002384186,4.150000095367432,0.3191046714782715
uniform,0,6,23,999,0.5744410753250122,0.5748666524887085,1.386603832244873,1.38632071018219,0.4265602231025696,0.7097844481468201,time_out,0.30400002002716064,4.150000095367432,0.3340531885623932
uniform,0,6,24,999,0.5715083479881287,0.571936845779419,1.3961652517318726,1.395849585533142,0.42949220538139343,0.7056938409805298,time_out,0.3112500011920929,4.150000095367432,0.3363492786884308
uniform,0,6,25,999,0.5675624012947083,0.5679948329925537,1.4090080261230469,1.4086757898330688,0.4334387183189392,0.7170831561088562,time_out,0.31349998712539673,4.1875,0.33640018105506897
uniform,0,6,26,999,0.5438169836997986,0.5442731976509094,1.4861602783203125,1.4858473539352417,0.4571838080883026,0.7251982092857361,time_out,0.30799999833106995,4.199999809265137,0.35377320647239685
uniform,0,6,27,999,0.5653682947158813,0.5658029317855835,1.4161348342895508,1.4158076047897339,0.43563312292099,0.7073264718055725,time_out,0.3097499907016754,4.1875,0.3381032943725586
uniform,0,6,28,999,0.5800208449363708,0.5804408192634583,1.3685070276260376,1.368186354637146,0.42098042368888855,0.7097967267036438,time_out,0.2992500066757202,4.199999809265137,0.3257586658000946
uniform,0,6,29,999,0.5563525557518005,0.5567962527275085,1.4454532861709595,1.445107340812683,0.444648414850235,0.7094650268554688,time_out,0.3032500147819519,4.199999809265137,0.34407320618629456
uniform,0,6,30,999,0.5333298444747925,0.5337965488433838,1.5202536582946777,1.5199315547943115,0.467671275138855,0.7145151495933533,time_out,0.2994999885559082,4.199999809265137,0.36188846826553345
uniform,0,6,31,999,0.6081997156143188,0.6085914969444275,1.2768510580062866,1.2766045331954956,0.3928014039993286,0.7111312747001648,time_out,0.31825000047683716,4.199999809265137,0.30395346879959106
uniform,0,6,32,999,0.5918185710906982,0.5922268033027649,1.3301337957382202,1.3298430442810059,0.40918248891830444,0.7073863744735718,time_out,0.3240000009536743,4.150000095367432,0.32044410705566406
uniform,0,6,33,999,0.5749303102493286,0.5753554105758667,1.3850677013397217,1.3847284317016602,0.42607030272483826,0.71211177110672,time_out,0.3007500171661377,4.199999809265137,0.32969725131988525
uniform,0,6,34,999,0.5457921624183655,0.5462464094161987,1.4797955751419067,1.479428768157959,0.4552088677883148,0.7086877822875977,time_out,0.296999990940094,4.150000095367432,0.3564888536930084
uniform,0,6,35,999,0.6074945330619812,0.6078870296478271,1.2791754007339478,1.2788959741592407,0.3935064673423767,0.7067326903343201,time_out,0.34375,4.150000095367432,0.3081676959991455
uniform,0,6,36,999,0.6840050220489502,0.6843211054801941,1.03049898147583,1.0302389860153198,0.31699663400650024,0.6906046867370605,time_out,0.31049999594688416,4.150000095367432,0.248250350356102
uniform,0,6,37,999,0.5424844622612,0.5429419875144958,1.490529179573059,1.4901793003082275,0.4585167169570923,0.7042940855026245,time_out,0.29250001907348633,4.150000095367432,0.3590793311595917
uniform,0,6,38,999,0.5912473797798157,0.5916561484336853,1.3319623470306396,1.331699013710022,0.40975356101989746,0.7033064961433411,time_out,0.34575000405311584,4.150000095367432,0.3208913207054138
uniform,0,6,39,999,0.604706883430481,0.6051021814346313,1.2882238626480103,1.2879561185836792,0.3962942063808441,0.7064088582992554,time_out,0.3270000219345093,4.150000095367432,0.31035086512565613
uniform,0,6,40,999,0.572374701499939,0.5728023052215576,1.3933743238449097,1.3930351734161377,0.4286262094974518,0.7003350853919983,time_out,0.30524998903274536,4.150000095367432,0.3356711268424988
uniform,0,6,41,999,0.5628472566604614,0.5632844567298889,1.424342393875122,1.4240001440048218,0.4381538927555084,0.7067933678627014,time_out,0.29774999618530273,4.150000095367432,0.34313255548477173
uniform,0,6,42,999,0.5942807197570801,0.5946865081787109,1.3221440315246582,1.321840524673462,0.40672019124031067,0.7033185362815857,time_out,0.31975001096725464,4.150000095367432,0.3185157775878906
uniform,0,6,43,999,0.5997577905654907,0.6001580357551575,1.3043309450149536,1.3040411472320557,0.4012434482574463,0.7126643657684326,time_out,0.3330000042915344,4.150000095367432,0.31422677636146545
uniform,0,6,44,999,0.6294457316398621,0.6298162937164307,1.2078418731689453,1.2075551748275757,0.3715554475784302,0.7076693773269653,time_out,0.3345000147819519,4.150000095367432,0.2909771502017975
uniform,0,6,45,999,0.5963062644004822,0.5967099666595459,1.315560221672058,1.315258502960205,0.40469494462013245,0.7133146524429321,time_out,0.3242499828338623,4.150000095367432,0.31692975759506226
uniform,0,6,46,999,0.5826132893562317,0.5830307006835938,1.3600350618362427,1.3597606420516968,0.41838791966438293,0.7133468985557556,time_out,0.3349999785423279,4.150000095367432,0.327653169631958
uniform,0,6,47,999,0.6083280444145203,0.6087197661399841,1.2764718532562256,1.276186466217041,0.3926727771759033,0.7041960954666138,time_out,0.3022499978542328,4.150000095367432,0.30751481652259827
uniform,0,6,48,999,0.5632066130638123,0.5636434555053711,1.4231441020965576,1.4228311777114868,0.4377942383289337,0.7274968028068542,time_out,0.31975001096725464,4.1875,0.3397805690765381
uniform,0,6,49,999,0.5985504984855652,0.5989519953727722,1.3082375526428223,1.3079649209976196,0.4024507701396942,0.7060989737510681,time_out,0.34474998712539673,4.150000095367432,0.3151722550392151
uniform,0,6,50,999,0.5545976161956787,0.5550430417060852,1.451180338859558,1.4508100748062134,0.4464031159877777,0.7092269062995911,time_out,0.29374998807907104,4.150000095367432,0.34959277510643005
uniform,0,6,51,999,0.64388108253479,0.644237220287323,1.1609303951263428,1.1606395244598389,0.3571198582649231,0.6959977149963379,time_out,0.31474998593330383,4.150000095367432,0.27967217564582825
uniform,0,6,52,999,0.6211271286010742,0.6215060353279114,1.234910488128662,1.2345912456512451,0.37987422943115234,0.707229495048523,time_out,0.3019999861717224,4.150000095367432,0.2974918484687805
uniform,0,6,53,999,0.6271437406539917,0.6275166273117065,1.2153260707855225,1.215036153793335,0.3738572895526886,0.7026329040527344,time_out,0.3109999895095825,4.150000095367432,0.292779803276062
uniform,0,6,54,999,0.6094515919685364,0.6098421812057495,1.2728297710418701,1.2725353240966797,0.39154934883117676,0.7100051641464233,time_out,0.3267500102519989,4.199999809265137,0.3029846251010895
uniform,0,6,55,999,0.5818790793418884,0.5822972059249878,1.36244535446167,1.3621482849121094,0.419122576713562,0.7083424925804138,time_out,0.31700000166893005,4.150000095367432,0.32822850346565247
uniform,0,6,56,999,0.5603529810905457,0.5607926249504089,1.4324040412902832,1.4321058988571167,0.44064798951148987,0.7144212126731873,time_out,0.30900001525878906,4.175000190734863,0.34301936626434326
uniform,0,6,57,999,0.5900928378105164,0.5905027985572815,1.3357439041137695,1.3354512453079224,0.4109081029891968,0.7026398777961731,time_out,0.33274999260902405,4.175000190734863,0.3198685348033905
uniform,0,6,58,999,0.5626276731491089,0.5630651116371155,1.425039291381836,1.4247139692306519,0.43837353587150574,0.7085456252098083,time_out,0.3050000071525574,4.150000095367432,0.3433045744895935
uniform,0,6,59,999,0.5636529326438904,0.564089298248291,1.4216885566711426,1.4213823080062866,0.4373484253883362,0.7154871225357056,time_out,0.3087499737739563,4.199999809265137,0.3384243845939636
uniform,0,6,60,999,0.5803060531616211,0.5807257890701294,1.3675323724746704,1.3672572374343872,0.4206945598125458,0.7142607569694519,time_out,0.32225000858306885,4.1875,0.32650917768478394
uniform,0,6,61,999,0.5419020056724548,0.5423601269721985,1.4930784702301025,1.4920717477798462,0.45909902453422546,0.7193504571914673,time_out,0.3019999861717224,4.1875,0.35631564259529114
uniform,0,6,62,999,0.5869622230529785,0.587375283241272,1.3459572792053223,1.3456250429153442,0.4140384793281555,0.6991366744041443,time_out,0.3082500100135803,4.150000095367432,0.32424700260162354
uniform,0,6,63,999,0.5678400993347168,0.5682722926139832,1.4080979824066162,1.4077730178833008,0.4331609308719635,0.7080814838409424,time_out,0.3179999887943268,4.1875,0.3361845910549164
uniform,0,6,64,999,0.5961947441101074,0.5965986251831055,1.3158783912658691,1.31562077999115,0.4048064053058624,0.7118470072746277,time_out,0.34724998474121094,4.150000095367432,0.3170170485973358
uniform,0,6,65,999,0.6213400959968567,0.6217187643051147,1.2341762781143188,1.2338981628417969,0.3796609938144684,0.7048540711402893,time_out,0.34074997901916504,4.150000095367432,0.29732486605644226
uniform,0,6,66,999,0.57892245054245,0.5793435573577881,1.3720240592956543,1.3717557191848755,0.4220786988735199,0.7110706567764282,time_out,0.31849998235702515,4.162500381469727,0.3295508921146393
uniform,0,6,67,999,0.5966935753822327,0.5970969200134277,1.3142991065979004,1.3139978647232056,0.4043070375919342,0.7034038305282593,time_out,0.3072500228881836,4.150000095367432,0.3166259825229645
uniform,0,6,68,999,0.5524775981903076,0.5529251098632812,1.4580057859420776,1.4577009677886963,0.4485234022140503,0.7151696085929871,time_out,0.3034999966621399,4.199999809265137,0.34707167744636536
uniform,0,6,69,999,0.611099362373352,0.6114882826805115,1.267484426498413,1.2671821117401123,0.3899022042751312,0.7088966369628906,time_out,0.3242499828338623,4.150000095367432,0.3053450882434845
uniform,0,6,70,999,0.6086615920066833,0.6090529561042786,1.2753819227218628,1.2751023769378662,0.39233919978141785,0.7079348564147949,time_out,0.3009999990463257,4.199999809265137,0.30359581112861633
uniform,0,6,71,999,0.5813654661178589,0.5817841291427612,1.3640694618225098,1.3638150691986084,0.4196354150772095,0.7154304385185242,time_out,0.31699997186660767,4.199999809265137,0.3247178792953491
uniform,0,6,72,999,0.6044123768806458,0.6048080325126648,1.2891979217529297,1.2889145612716675,0.39658910036087036,0.7061771154403687,time_out,0.3009999990463257,4.150000095367432,0.3105818033218384
uniform,0,6,73,999,0.571940541267395,0.5723686218261719,1.3947416543960571,1.3944462537765503,0.4290603995323181,0.7108832001686096,time_out,0.33125001192092896,4.150000095367432,0.33601114153862
uniform,0,6,74,999,0.5923320055007935,0.5927397012710571,1.3284721374511719,1.3281742334365845,0.40866902470588684,0.7071281671524048,time_out,0.29250001907348633,4.237500190734863,0.313433438539505
uniform,0,6,75,999,0.5674353837966919,0.5678679347038269,1.4093819856643677,1.4090882539749146,0.4335656464099884,0.7099153995513916,time_out,0.30774998664855957,4.199999809265137,0.3354972302913666
uniform,0,6,76,999,0.646983802318573,0.6473368406295776,1.150846242904663,1.1505565643310547,0.3540174067020416,0.6945182681083679,time_out,0.3192499876022339,4.150000095367432,0.2772425413131714
uniform,0,6,77,999,0.5634366869926453,0.5638732314109802,1.4224305152893066,1.4220845699310303,0.437564492225647,0.7183732390403748,time_out,0.29725000262260437,4.199999809265137,0.3385915756225586
uniform,0,6,78,999,0.555956244468689,0.5564002990722656,1.4466854333877563,1.4463953971862793,0.44504475593566895,0.7076137661933899,time_out,0.29899999499320984,4.1875,0.3454078435897827
uniform,0,6,79,999,0.6274046301841736,0.6277772784233093,1.2144831418991089,1.2141880989074707,0.37359634041786194,0.6957216262817383,time_out,0.30924999713897705,4.150000095367432,0.2925754487514496
uniform,0,6,80,999,0.6295196413993835,0.6298901438713074,1.2076057195663452,1.2073129415512085,0.37148091197013855,0.6913135051727295,time_out,0.33125001192092896,4.150000095367432,0.29091876745224
uniform,0,6,81,999,0.6184297800064087,0.6188113689422607,1.2436885833740234,1.2433558702468872,0.3825710415840149,0.6996932625770569,time_out,0.2952499985694885,4.150000095367432,0.29960381984710693
uniform,0,6,82,999,0.548254668712616,0.5487064719200134,1.4717657566070557,1.4714257717132568,0.4527464210987091,0.7142260074615479,time_out,0.3057500123977661,4.150000095367432,0.35456040501594543
uniform,0,6,83,999,0.5502256155014038,0.5506754517555237,1.4653908014297485,1.4650201797485352,0.4507754445075989,0.7052792310714722,time_out,0.2929999828338623,4.199999809265137,0.34881433844566345
uniform,0,6,84,999,0.5611117482185364,0.5615506768226624,1.4299854040145874,1.4296406507492065,0.43988946080207825,0.7303920984268188,time_out,0.3020000159740448,4.199999809265137,0.3403906524181366
uniform,0,6,85,999,0.5905758738517761,0.5909852981567383,1.3341466188430786,1.333882451057434,0.4104253947734833,0.7147147059440613,time_out,0.3322499990463257,4.1875,0.3185390830039978
uniform,0,6,86,999,0.5683624148368835,0.5687940716743469,1.4063714742660522,1.4060742855072021,0.4326382577419281,0.7036953568458557,time_out,0.3137499988079071,4.150000095367432,0.33881306648254395
uniform,0,6,87,999,0.6159707307815552,0.616354763507843,1.2516512870788574,1.2513489723205566,0.38503047823905945,0.7163697481155396,time_out,0.30024999380111694,4.1875,0.2988296151161194
uniform,0,6,88,999,0.6083996295928955,0.6087912917137146,1.2762292623519897,1.2759554386138916,0.39260169863700867,0.7141002416610718,time_out,0.3302500247955322,4.150000095367432,0.30745914578437805
uniform,0,6,89,999,0.5949274301528931,0.5953325629234314,1.3200207948684692,1.3197388648986816,0.40607351064682007,0.7109366655349731,time_out,0.32600000500679016,4.150000095367432,0.3180093467235565
uniform,0,6,90,999,0.6335055232048035,0.6338720321655273,1.1946293115615845,1.1943596601486206,0.3674952983856201,0.7016779184341431,time_out,0.32199999690055847,4.150000095367432,0.2877975106239319
uniform,0,6,91,999,0.5594003200531006,0.559840977191925,1.435502529144287,1.435201644897461,0.4416005313396454,0.7105683088302612,time_out,0.30525001883506775,4.150000095367432,0.3458317220211029
uniform,0,6,92,999,0.6106368899345398,0.6110262870788574,1.2689400911331177,1.2686822414398193,0.39036378264427185,0.7050722241401672,time_out,0.33249998092651367,4.150000095367432,0.30570656061172485
uniform,0,6,93,999,0.5586644411087036,0.5591058135032654,1.4379476308822632,1.4375942945480347,0.44233670830726624,0.7119292616844177,time_out,0.30399999022483826,4.199999809265137,0.3422843813896179
uniform,0,6,94,999,0.6404783725738525,0.6408379077911377,1.1719738245010376,1.1716972589492798,0.36052224040031433,0.704471230506897,time_out,0.3412500023841858,4.150000095367432,0.28233668208122253
uniform,0,6,95,999,0.573800802230835,0.5742270350456238,1.388688325881958,1.3884010314941406,0.4272003471851349,0.7125356197357178,time_out,0.2992500066757202,4.150000095367432,0.3345544636249542
uniform,0,6,96,999,0.5547360777854919,0.5551813840866089,1.450695514678955,1.4503602981567383,0.44626471400260925,0.721404492855072,time_out,0.31300002336502075,4.199999809265137,0.3453238904476166
uniform,0,6,97,999,0.5836948752403259,0.584111213684082,1.3565254211425781,1.3562452793121338,0.41730624437332153,0.7063310146331787,time_out,0.30250000953674316,4.199999809265137,0.32291555404663086
uniform,0,6,98,999,0.581011950969696,0.581430971622467,1.3652435541152954,1.3649637699127197,0.41998887062072754,0.7133738994598389,time_out,0.32199999690055847,4.150000095367432,0.32890692353248596
uniform,0,6,99,999,0.5515931248664856,0.5520415306091309,1.4609007835388184,1.4605764150619507,0.4494081437587738,0.7085619568824768,time_out,0.312250018119812,4.150000095367432,0.3519461154937744
uniform,0,7,0,999,0.6523569822311401,0.652704656124115,1.3077541589736938,1.307413101196289,0.3486435115337372,0.7429881691932678,time_out,0.2840000092983246,4.349999904632568,0.3005547523498535
uniform,0,7,1,999,0.6382781267166138,0.6386398673057556,1.3605724573135376,1.3602126836776733,0.3627234101295471,0.7744094133377075,time_out,0.2919999957084656,4.449999809265137,0.3056657910346985
uniform,0,7,2,999,0.6349331736564636,0.6352982521057129,1.3731375932693481,1.3727540969848633,0.3660677671432495,0.755182147026062,time_out,0.2797499895095825,4.400000095367432,0.31198957562446594
uniform,0,7,3,999,0.6353882551193237,0.6357529163360596,1.3714030981063843,1.3710476160049438,0.3656127154827118,0.7457795143127441,time_out,0.28474998474121094,4.400000095367432,0.3116017282009125
uniform,0,7,4,999,0.646880567073822,0.6472337245941162,1.3283028602600098,1.3279519081115723,0.35412052273750305,0.766867458820343,time_out,0.28200000524520874,4.487500190734863,0.2959224283695221
uniform,0,7,5,999,0.6224325895309448,0.6228101849555969,1.4199951887130737,1.419630527496338,0.378568172454834,0.759886622428894,time_out,0.2840000092983246,4.400000095367432,0.3226432800292969
uniform,0,7,6,999,0.6909272074699402,0.6912363171577454,1.1630768775939941,1.1627757549285889,0.3100735545158386,0.7488709092140198,time_out,0.3057500123977661,4.400000095367432,0.2642672061920166
uniform,0,7,7,999,0.6708349585533142,0.6711641550064087,1.238427996635437,1.2381209135055542,0.3301655948162079,0.7415297031402588,time_out,0.3050000071525574,4.400000095367432,0.28139111399650574
uniform,0,7,8,999,0.6743422150611877,0.6746678948402405,1.2253323793411255,1.2249709367752075,0.3266589343547821,0.7425934076309204,time_out,0.2887499928474426,4.337499618530273,0.2824140787124634
uniform,0,7,9,999,0.730044960975647,0.7303149700164795,1.0163443088531494,1.0160859823226929,0.27095627784729004,0.7050614356994629,time_out,0.3227500021457672,4.275000095367432,0.23768092691898346
uniform,0,7,10,999,0.7048671841621399,0.7051623463630676,1.1107927560806274,1.1105024814605713,0.29613402485847473,0.7111772894859314,time_out,0.30949997901916504,4.25,0.2612946927547455
uniform,0,7,11,999,0.6821279525756836,0.6824458241462708,1.1960818767547607,1.1957727670669556,0.31887274980545044,0.7291228175163269,time_out,0.3084999918937683,4.349999904632568,0.27489030361175537
uniform,0,7,12,999,0.6536755561828613,0.6540218591690063,1.302814245223999,1.3024669885635376,0.34732455015182495,0.7620412707328796,time_out,0.28700000047683716,4.449999809265137,0.2926892340183258
uniform,0,7,13,999,0.6515882015228271,0.6519365906715393,1.3106400966644287,1.310297966003418,0.34941279888153076,0.7504042983055115,time_out,0.2930000126361847,4.4375,0.295278400182724
uniform,0,7,14,999,0.6752360463142395,0.6755608320236206,1.2219231128692627,1.2216181755065918,0.32576486468315125,0.7307131290435791,time_out,0.31424999237060547,4.349999904632568,0.28083178400993347
uniform,0,7,15,999,0.6508992910385132,0.6512484550476074,1.31318998336792,1.3128817081451416,0.3501017987728119,0.7530639171600342,time_out,0.28474998474121094,4.4375,0.2958606779575348
uniform,0,7,16,999,0.647999107837677,0.6483511924743652,1.3241147994995117,1.3237582445144653,0.3530022203922272,0.7547051310539246,time_out,0.289000004529953,4.4375,0.298311710357666
uniform,0,7,17,999,0.6427332758903503,0.643090546131134,1.343820571899414,1.3435065746307373,0.3582684397697449,0.7442493438720703,time_out,0.29250001907348633,4.400000095367432,0.3053424060344696
uniform,0,7,18,999,0.6953021883964539,0.6956068873405457,1.1466550827026367,1.1463725566864014,0.3056993782520294,0.7145059704780579,time_out,0.32074999809265137,4.25,0.2697347104549408
uniform,0,7,19,999,0.6867951154708862,0.6871083974838257,1.1785176992416382,1.1782704591751099,0.31420546770095825,0.722055196762085,time_out,0.32249999046325684,4.300000190734863,0.2740163803100586
uniform,0,7,20,999,0.6263653635978699,0.6267390251159668,1.4051995277404785,1.404884696006775,0.3746359348297119,0.7776753902435303,time_out,0.2874999940395355,4.449999809265137,0.31570443511009216
uniform,0,7,21,999,0.707909107208252,0.7082012295722961,1.0993674993515015,1.0990937948226929,0.29309168457984924,0.7123196125030518,time_out,0.32749998569488525,4.25,0.2586103081703186
uniform,0,7,22,999,0.6537421345710754,0.6540884375572205,1.3025151491165161,1.3022209405899048,0.34725892543792725,0.7417817711830139,time_out,0.29100000858306885,4.349999904632568,0.29936113953590393
uniform,0,7,23,999,0.6413759589195251,0.6417346000671387,1.3488677740097046,1.348594307899475,0.3596251606941223,0.7299126982688904,time_out,0.30000001192092896,4.349999904632568,0.31002169847488403
uniform,0,7,24,999,0.6282103657722473,0.6285821795463562,1.3982810974121094,1.3979657888412476,0.3727909028530121,0.7292414307594299,time_out,0.30799996852874756,4.349999904632568,0.321371465921402
uniform,0,7,25,999,0.6505106091499329,0.6508601307868958,1.3146402835845947,1.3143396377563477,0.35049059987068176,0.7699828743934631,time_out,0.2957499921321869,4.4375,0.29618921875953674
uniform,0,7,26,999,0.6373814344406128,0.637744128704071,1.3638756275177002,1.3635714054107666,0.3636190593242645,0.7724453210830688,time_out,0.28700000047683716,4.487500190734863,0.3038599193096161
uniform,0,7,27,999,0.6666885614395142,0.6670218706130981,1.253945231437683,1.253669023513794,0.33431175351142883,0.7403407096862793,time_out,0.29975003004074097,4.400000095367432,0.28492477536201477
uniform,0,7,28,999,0.6506367325782776,0.6509861350059509,1.3141661882400513,1.3138673305511475,0.350364625453949,0.7395070791244507,time_out,0.2915000021457672,4.375,0.30031251907348633
uniform,0,7,29,999,0.6367945671081543,0.6371577978134155,1.3660883903503418,1.365773320198059,0.3642062246799469,0.7470861077308655,time_out,0.28974997997283936,4.400000095367432,0.3104030191898346
uniform,0,7,30,999,0.6262560486793518,0.6266298294067383,1.4056239128112793,1.4052939414978027,0.37474507093429565,0.7583547830581665,time_out,0.2842499911785126,4.4375,0.3166859447956085
uniform,0,7,31,999,0.7228035926818848,0.7230808734893799,1.0435630083084106,1.0432394742965698,0.27819719910621643,0.7411753535270691,time_out,0.3017500042915344,4.425000190734863,0.23576031625270844
uniform,0,7,32,999,0.6771429777145386,0.6774658560752869,1.2147632837295532,1.2144660949707031,0.3238576352596283,0.7363582253456116,time_out,0.30949997901916504,4.387499809265137,0.2768014073371887
uniform,0,7,33,999,0.6458542346954346,0.6462084054946899,1.332081913948059,1.3318016529083252,0.355147123336792,0.7356714010238647,time_out,0.2927500009536743,4.349999904632568,0.3061613142490387
uniform,0,7,34,999,0.628304660320282,0.6286763548851013,1.3979737758636475,1.3976118564605713,0.37269651889801025,0.757516622543335,time_out,0.2847500145435333,4.449999809265137,0.31407010555267334
uniform,0,7,35,999,0.6469990611076355,0.6473520994186401,1.327736496925354,1.3275065422058105,0.3540017604827881,0.728945791721344,time_out,0.34049999713897705,4.300000190734863,0.30872243642807007
uniform,0,7,36,999,0.7225370407104492,0.7228145599365234,1.0445377826690674,1.0442397594451904,0.2784639596939087,0.7239654660224915,time_out,0.3050000071525574,4.349999904632568,0.2400551289319992
uniform,0,7,37,999,0.6405099630355835,0.6408694982528687,1.352199912071228,1.3518425226211548,0.3604913651943207,0.7603066563606262,time_out,0.2787500023841858,4.487500190734863,0.3012462258338928
uniform,0,7,38,999,0.6312922239303589,0.6316609978675842,1.3866831064224243,1.3864085674285889,0.36970898509025574,0.7223446369171143,time_out,0.3422499895095825,4.25,0.3262137770652771
uniform,0,7,39,999,0.6699968576431274,0.6703268885612488,1.2415671348571777,1.2412664890289307,0.33100441098213196,0.7497278451919556,time_out,0.3044999837875366,4.4375,0.27972203493118286
uniform,0,7,40,999,0.6394008994102478,0.6397615075111389,1.3563405275344849,1.3559995889663696,0.3615999221801758,0.7496543526649475,time_out,0.296750009059906,4.400000095367432,0.3081817328929901
uniform,0,7,41,999,0.6353600025177002,0.6357247233390808,1.371501088142395,1.3711521625518799,0.3656406104564667,0.7488563656806946,time_out,0.28575000166893005,4.400000095367432,0.31162548065185547
uniform,0,7,42,999,0.682410478591919,0.682728111743927,1.1950377225875854,1.1947133541107178,0.3185902535915375,0.7351496815681458,time_out,0.3044999837875366,4.337499618530273,0.27543824911117554
uniform,0,7,43,999,0.6919963359832764,0.6923043727874756,1.1590222120285034,1.1587668657302856,0.3090045154094696,0.7275587916374207,time_out,0.3242499828338623,4.337499618530273,0.26715087890625
uniform,0,7,44,999,0.7211670279502869,0.7214459180831909,1.0496701002120972,1.049378752708435,0.2798343598842621,0.7144869565963745,time_out,0.32199999690055847,4.300000190734863,0.2440415620803833
uniform,0,7,45,999,0.688930332660675,0.6892414093017578,1.1705632209777832,1.170265793800354,0.31207090616226196,0.7310391664505005,time_out,0.31049999594688416,4.349999904632568,0.26902663707733154
uniform,0,7,46,999,0.6315781474113464,0.6319466233253479,1.3855832815170288,1.3853360414505005,0.369422972202301,0.7268934845924377,time_out,0.3347499966621399,4.300000190734863,0.322171151638031
uniform,0,7,47,999,0.6794792413711548,0.6797997951507568,1.2060410976409912,1.2057077884674072,0.3215220868587494,0.7245352268218994,time_out,0.29224997758865356,4.3125,0.2795844078063965
uniform,0,7,48,999,0.6561301946640015,0.6564741134643555,1.293569803237915,1.2932661771774292,0.34487098455429077,0.7547306418418884,time_out,0.2997500002384186,4.400000095367432,0.29392412304878235
uniform,0,7,49,999,0.6413236856460571,0.6416823863983154,1.3490583896636963,1.3487886190414429,0.3596769869327545,0.7361002564430237,time_out,0.34424999356269836,4.349999904632568,0.3100663423538208
uniform,0,7,50,999,0.6323214769363403,0.6326891779899597,1.382900357246399,1.3825485706329346,0.36867964267730713,0.7355329990386963,time_out,0.2842499911785126,4.3125,0.3205909729003906
uniform,0,7,51,999,0.7176719903945923,0.7179543972015381,1.0627684593200684,1.0624839067459106,0.2833290696144104,0.7134749889373779,time_out,0.3192499876022339,4.275000095367432,0.24853424727916718
uniform,0,7,52,999,0.718917191028595,0.7191983461380005,1.058104157447815,1.057813286781311,0.28208357095718384,0.7311189770698547,time_out,0.29500001668930054,4.387499809265137,0.24109706282615662
uniform,0,7,53,999,0.7067819237709045,0.7070751786231995,1.1036187410354614,1.1033220291137695,0.2942192256450653,0.710863471031189,time_out,0.31150001287460327,4.300000190734863,0.2565865218639374
uniform,0,7,54,999,0.6865336298942566,0.6868471503257751,1.1795490980148315,1.1792515516281128,0.31446710228919983,0.7219066023826599,time_out,0.31825000047683716,4.349999904632568,0.27109232544898987
uniform,0,7,55,999,0.6642283201217651,0.6645641326904297,1.2631793022155762,1.2628958225250244,0.33677223324775696,0.7404175996780396,time_out,0.3059999942779541,4.349999904632568,0.29032087326049805
uniform,0,7,56,999,0.6623424291610718,0.6626801490783691,1.2703361511230469,1.2699710130691528,0.3386589586734772,0.7429856061935425,time_out,0.29374998807907104,4.400000095367432,0.28862977027893066
uniform,0,7,57,999,0.640867292881012,0.6412264704704285,1.3508156538009644,1.3505005836486816,0.36013349890708923,0.7299791574478149,time_out,0.3252499997615814,4.337499618530273,0.3113546371459961
uniform,0,7,58,999,0.6478508710861206,0.6482030153274536,1.324631690979004,1.3243101835250854,0.3531494140625,0.7408027052879333,time_out,0.2942499816417694,4.387499809265137,0.30183708667755127
uniform,0,7,59,999,0.6403290033340454,0.6406887173652649,1.352839469909668,1.3525214195251465,0.36067238450050354,0.7469554543495178,time_out,0.29774999618530273,4.387499809265137,0.3082669973373413
uniform,0,7,60,999,0.6635030508041382,0.66383957862854,1.2659339904785156,1.2656172513961792,0.3374979496002197,0.7384803295135498,time_out,0.3075000047683716,4.400000095367432,0.2876402735710144
uniform,0,7,61,999,0.6307255625724792,0.6310948729515076,1.388878345489502,1.3885301351547241,0.37027472257614136,0.7661792039871216,time_out,0.2867499887943268,4.449999809265137,0.31202924251556396
uniform,0,7,62,999,0.6596967577934265,0.660037100315094,1.2802035808563232,1.2798893451690674,0.34130385518074036,0.7289976477622986,time_out,0.2939999997615814,4.349999904632568,0.2942274510860443
uniform,0,7,63,999,0.6441065669059753,0.6444624662399292,1.3386305570602417,1.3383530378341675,0.3568941652774811,0.7324244379997253,time_out,0.31325000524520874,4.337499618530273,0.3085540533065796
uniform,0,7,64,999,0.6491891741752625,0.6495400071144104,1.319555640220642,1.3192933797836304,0.35181158781051636,0.7248384356498718,time_out,0.3407500088214874,4.300000190734863,0.3068124055862427
uniform,0,7,65,999,0.7018638253211975,0.7021620273590088,1.122046709060669,1.1217639446258545,0.29913705587387085,0.7116860747337341,time_out,0.3320000171661377,4.287500381469727,0.2616358697414398
uniform,0,7,66,999,0.6608205437660217,0.6611597537994385,1.2759875059127808,1.2756738662719727,0.3401797115802765,0.7514632940292358,time_out,0.30149999260902405,4.400000095367432,0.28992587327957153
uniform,0,7,67,999,0.6762949228286743,0.6766186952590942,1.2179864645004272,1.2176485061645508,0.3247062861919403,0.720375657081604,time_out,0.29649999737739563,4.300000190734863,0.283174067735672
uniform,0,7,68,999,0.6417842507362366,0.6421424746513367,1.3474024534225464,1.3470619916915894,0.3592165410518646,0.7481390833854675,time_out,0.2892500162124634,4.400000095367432,0.3061504364013672
uniform,0,7,69,999,0.6881825923919678,0.6884944438934326,1.173373818397522,1.1730698347091675,0.31281864643096924,0.7438328266143799,time_out,0.30924999713897705,4.400000095367432,0.26660677790641785
uniform,0,7,70,999,0.6833071708679199,0.6836238503456116,1.1916571855545044,1.1913483142852783,0.31769290566444397,0.7451837062835693,time_out,0.28999999165534973,4.387499809265137,0.2715323865413666
uniform,0,7,71,999,0.6678956151008606,0.6682277321815491,1.249455213546753,1.2491451501846313,0.3331053853034973,0.7431727647781372,time_out,0.3034999966621399,4.349999904632568,0.28715980052948
uniform,0,7,72,999,0.6921248435974121,0.6924327611923218,1.1585872173309326,1.1582838296890259,0.30887570977211,0.7245201468467712,time_out,0.29499998688697815,4.349999904632568,0.2662721574306488
uniform,0,7,73,999,0.6291010975837708,0.629472017288208,1.3948811292648315,1.3946259021759033,0.3719002604484558,0.7244287133216858,time_out,0.32774999737739563,4.300000190734863,0.3243315815925598
uniform,0,7,74,999,0.6610989570617676,0.6614378690719604,1.2749998569488525,1.2746318578720093,0.3399018347263336,0.7623996734619141,time_out,0.2800000011920929,4.449999809265137,0.286434143781662
uniform,0,7,75,999,0.6335371136665344,0.6339036226272583,1.3783382177352905,1.3779901266098022,0.3674640655517578,0.7636159062385559,time_out,0.29100000858306885,4.449999809265137,0.3096607029438019
uniform,0,7,76,999,0.7181083559989929,0.7183902859687805,1.0611224174499512,1.060847520828247,0.2828926742076874,0.7047192454338074,time_out,0.3165000081062317,4.237500190734863,0.2503474950790405
uniform,0,7,77,999,0.6747685670852661,0.6750938296318054,1.2236905097961426,1.2233737707138062,0.32623302936553955,0.7363033294677734,time_out,0.2852500081062317,4.400000095367432,0.27803948521614075
uniform,0,7,78,999,0.6275999546051025,0.6279723644256592,1.4005714654922485,1.400254249572754,0.3734011650085449,0.7452107071876526,time_out,0.29074999690055847,4.400000095367432,0.31823959946632385
uniform,0,7,79,999,0.6971913576126099,0.6974941492080688,1.1395676136016846,1.1392855644226074,0.3038094937801361,0.7076689600944519,time_out,0.30674999952316284,4.275000095367432,0.2664995491504669
uniform,0,7,80,999,0.6859105825424194,0.6862246990203857,1.1818472146987915,1.18158757686615,0.31509003043174744,0.7234638333320618,time_out,0.3232499957084656,4.300000190734863,0.2747877836227417
uniform,0,7,81,999,0.6906325817108154,0.6909419894218445,1.1642141342163086,1.1638827323913574,0.31036874651908875,0.7116618752479553,time_out,0.29624998569488525,4.300000190734863,0.2706703841686249
uniform,0,7,82,999,0.6324260830879211,0.632793664932251,1.3824540376663208,1.3821579217910767,0.36857545375823975,0.7420641779899597,time_out,0.29350000619888306,4.387499809265137,0.3150217533111572
uniform,0,7,83,999,0.6326704621315002,0.633037805557251,1.3815385103225708,1.3812386989593506,0.36833032965660095,0.7581562995910645,time_out,0.2822500169277191,4.4375,0.3112650513648987
uniform,0,7,84,999,0.6446487903594971,0.645004153251648,1.3366401195526123,1.336317539215088,0.356351375579834,0.7647460103034973,time_out,0.2877500057220459,4.400000095367432,0.3037085235118866
uniform,0,7,85,999,0.6577169299125671,0.6580592393875122,1.287622094154358,1.2873142957687378,0.34328383207321167,0.7304198145866394,time_out,0.31800001859664917,4.337499618530273,0.29678717255592346
uniform,0,7,86,999,0.6299494504928589,0.6303195357322693,1.391765832901001,1.3914451599121094,0.3710520565509796,0.7311873435974121,time_out,0.31075000762939453,4.349999904632568,0.3198724687099457
uniform,0,7,87,999,0.688976526260376,0.689287543296814,1.1704270839691162,1.1700923442840576,0.31202465295791626,0.7317804098129272,time_out,0.2915000319480896,4.300000190734863,0.27211448550224304
uniform,0,7,88,999,0.6945188045501709,0.6948243379592896,1.149601936340332,1.1493104696273804,0.30648282170295715,0.7325966358184814,time_out,0.3165000081062317,4.349999904632568,0.2642093002796173
uniform,0,7,89,999,0.6717231869697571,0.6720514893531799,1.2350897789001465,1.234789490699768,0.3292772173881531,0.7272753715515137,time_out,0.3165000081062317,4.349999904632568,0.2838596701622009
uniform,0,7,90,999,0.6963286399841309,0.6966323852539062,1.142822504043579,1.1425210237503052,0.3046723008155823,0.7267534136772156,time_out,0.3154999911785126,4.300000190734863,0.2657025456428528
uniform,0,7,91,999,0.6263356804847717,0.6267094016075134,1.4053449630737305,1.4049960374832153,0.37466561794281006,0.7762641906738281,time_out,0.2892500162124634,4.449999809265137,0.3157294690608978
uniform,0,7,92,999,0.6865327954292297,0.6868462562561035,1.1795474290847778,1.1792576313018799,0.31446871161460876,0.7175596952438354,time_out,0.32749998569488525,4.300000190734863,0.274245947599411
uniform,0,7,93,999,0.6480562686920166,0.6484082341194153,1.323866605758667,1.323543667793274,0.3529449999332428,0.7467772960662842,time_out,0.29074999690055847,4.400000095367432,0.30080536007881165
uniform,0,7,94,999,0.7113234400749207,0.7116121649742126,1.0865099430084229,1.0862895250320435,0.289677232503891,0.7155998349189758,time_out,0.32899999618530273,4.25,0.2555975317955017
uniform,0,7,95,999,0.6222975254058838,0.6226752400398254,1.4204888343811035,1.4201394319534302,0.37870386242866516,0.7456241250038147,time_out,0.29625001549720764,4.387499809265137,0.32367852330207825
uniform,0,7,96,999,0.6484602093696594,0.6488118171691895,1.3223503828048706,1.3220281600952148,0.35254085063934326,0.7498885989189148,time_out,0.296999990940094,4.400000095367432,0.30046093463897705
uniform,0,7,97,999,0.655089795589447,0.6554347276687622,1.297511100769043,1.2971662282943726,0.34591102600097656,0.7383756041526794,time_out,0.2954999804496765,4.349999904632568,0.2981991469860077
uniform,0,7,98,999,0.6263768076896667,0.6267504692077637,1.4050993919372559,1.4048397541046143,0.37462395429611206,0.7319074869155884,time_out,0.32500001788139343,4.349999904632568,0.32295167446136475
uniform,0,7,99,999,0.6265082955360413,0.6268817782402039,1.4046430587768555,1.40434730052948,0.3744926452636719,0.7323876023292542,time_out,0.31050002574920654,4.349999904632568,0.3228384554386139
uniform,1,0,0,999,0.3569073975086212,0.3575505018234253,0.21987995505332947,0.2016415148973465,0.806566059589386,0.47637221217155457,time_out,0.2574999928474426,4.112500190734863,0.049031369388103485
uniform,1,0,1,999,0.3637904226779938,0.3644266426563263,0.2224639356136322,0.20169275999069214,0.8067710399627686,0.47679686546325684,time_out,0.25300002098083496,4.112500190734863,0.04904383048415184
uniform,1,0,2,999,0.2972162663936615,0.29791906476020813,0.23986555635929108,0.23366813361644745,0.9346725344657898,0.4757143557071686,time_out,0.25174999237060547,4.0625,0.057518310844898224
uniform,1,0,3,999,0.36115390062332153,0.36179277300834656,0.21059834957122803,0.19628380239009857,0.7851352095603943,0.46861526370048523,time_out,0.24674999713897705,4.112500190734863,0.047728583216667175
uniform,1,0,4,999,0.415441632270813,0.41602620482444763,0.20415136218070984,0.19282934069633484,0.7713173627853394,0.4754837453365326,time_out,0.2435000091791153,4.112500190734863,0.04688858985900879
uniform,1,0,5,999,0.3692134916782379,0.3698442876338959,0.1960616111755371,0.1777835339307785,0.711134135723114,0.4680970013141632,time_out,0.25099998712539673,4.162500381469727,0.04271075502038002
uniform,1,0,6,999,0.3582996726036072,0.3589414060115814,0.19644126296043396,0.1911129355430603,0.7644517421722412,0.49010488390922546,time_out,0.25099998712539673,4.125,0.04633040726184845
uniform,1,0,7,999,0.35307908058166504,0.35372602939605713,0.20089316368103027,0.1843976080417633,0.7375904321670532,0.4675869643688202,time_out,0.25450000166893005,4.112500190734863,0.0448383204638958
uniform,1,0,8,999,0.3563840687274933,0.35702770948410034,0.21599513292312622,0.20389044284820557,0.8155617713928223,0.4673830568790436,time_out,0.24575001001358032,4.162500381469727,0.048982683569192886
uniform,1,0,9,999,0.39066359400749207,0.3912729322910309,0.2045372575521469,0.18336990475654602,0.7334796190261841,0.46689727902412415,time_out,0.24924999475479126,4.112500190734863,0.044588424265384674
uniform,1,0,10,999,0.3626692295074463,0.36330655217170715,0.20328789949417114,0.18536481261253357,0.7414592504501343,0.46756744384765625,time_out,0.257750004529953,4.125,0.044936925172805786
uniform,1,0,11,999,0.34138259291648865,0.3420412242412567,0.2146805226802826,0.19856669008731842,0.7942667603492737,0.4690849483013153,time_out,0.2552499771118164,4.112500190734863,0.048283692449331284
uniform,1,0,12,999,0.46499601006507874,0.46553102135658264,0.15163899958133698,0.14370176196098328,0.5748070478439331,0.4601871073246002,time_out,0.2524999976158142,4.199999809265137,0.03421470522880554
uniform,1,0,13,999,0.2765618562698364,0.27728530764579773,0.21474458277225494,0.21133531630039215,0.8453412652015686,0.5044021606445312,time_out,0.25600001215934753,4.212499618530273,0.05016862601041794
uniform,1,0,14,999,0.4283313751220703,0.42890307307243347,0.16136899590492249,0.15570546686649323,0.6228218674659729,0.468024343252182,time_out,0.2592499852180481,4.25,0.036636579781770706
uniform,1,0,15,999,0.7620665431022644,0.7623045444488525,0.4306267499923706,0.43031343817710876,1.721253752708435,0.5256713032722473,time_out,0.24274998903274536,4.099999904632568,0.10495449602603912
uniform,1,0,16,999,0.312778115272522,0.3134653568267822,0.22392193973064423,0.2167438566684723,0.8669754266738892,0.47405368089675903,time_out,0.2527499794960022,4.112500190734863,0.05270367115736008
uniform,1,0,17,999,0.42896002531051636,0.4295310974121094,0.16733071208000183,0.1524997502565384,0.6099990010261536,0.476389616727829,time_out,0.25725001096725464,4.199999809265137,0.036309465765953064
uniform,1,0,18,999,0.44207149744033813,0.44262945652008057,0.15590713918209076,0.14118298888206482,0.5647319555282593,0.49308693408966064,time_out,0.26875001192092896,4.212499618530273,0.03351525217294693
uniform,1,0,19,999,0.5086849927902222,0.5091763138771057,0.3542029559612274,0.3539241552352905,1.415696620941162,0.4910079538822174,time_out,0.23600000143051147,4.0625,0.08711979538202286
uniform,1,0,20,999,0.3680599331855774,0.36869189143180847,0.21977876126766205,0.19986982643604279,0.7994793057441711,0.47264406085014343,time_out,0.25599998235702515,4.112500190734863,0.048600561916828156
uniform,1,0,21,999,0.3113686144351959,0.3120572566986084,0.23422786593437195,0.23076188564300537,0.9230475425720215,0.4878838360309601,time_out,0.25349998474121094,4.112500190734863,0.05611231178045273
uniform,1,0,22,999,0.3318447172641754,0.33251288533210754,0.22033333778381348,0.20668374001979828,0.8267349600791931,0.45832160115242004,time_out,0.24674999713897705,4.012499809265137,0.05150996893644333
uniform,1,0,23,999,0.36342597007751465,0.3640625476837158,0.21861860156059265,0.2029542177915573,0.8118168711662292,0.47143661975860596,time_out,0.25575000047683716,4.112500190734863,0.049350567162036896
uniform,1,0,24,999,0.3759107291698456,0.3765348494052887,0.19639019668102264,0.1829596757888794,0.7318387031555176,0.4749647378921509,time_out,0.24899998307228088,4.175000190734863,0.043822675943374634
uniform,1,0,25,999,0.45295843482017517,0.4535054862499237,0.16236893832683563,0.1389257311820984,0.5557029247283936,0.4908926784992218,time_out,0.2705000042915344,4.212499618530273,0.03297940641641617
uniform,1,0,26,999,0.33694735169410706,0.3376104235649109,0.1885271519422531,0.18661780655384064,0.7464712262153625,0.4630299210548401,time_out,0.249750018119812,4.212499618530273,0.04430096596479416
uniform,1,0,27,999,0.3251402974128723,0.3258151710033417,0.24707894027233124,0.23731043934822083,0.9492417573928833,0.47505703568458557,time_out,0.25575000047683716,4.0625,0.05841487646102905
uniform,1,0,28,999,0.4380698800086975,0.4386318325996399,0.15434233844280243,0.1440838724374771,0.5763354897499084,0.48892948031425476,time_out,0.2709999978542328,4.224999904632568,0.03410269320011139
uniform,1,0,29,999,0.3592788875102997,0.35991963744163513,0.19241385161876678,0.177973672747612,0.711894690990448,0.4857737720012665,time_out,0.25824999809265137,4.162500381469727,0.04275643453001976
uniform,1,0,30,999,0.4995746314525604,0.5000750422477722,0.13457386195659637,0.126155823469162,0.504623293876648,0.46202585101127625,time_out,0.2537499964237213,4.212499618530273,0.029947971925139427
uniform,1,0,31,999,0.512965977191925,0.5134530067443848,0.36761438846588135,0.3673551678657532,1.4694206714630127,0.4962446689605713,time_out,0.24000000953674316,4.012499809265137,0.09155269712209702
uniform,1,0,32,999,0.3066209852695465,0.30731436610221863,0.24617525935173035,0.24401754140853882,0.9760701656341553,0.48398682475090027,time_out,0.24774999916553497,4.112500190734863,0.05933557078242302
uniform,1,0,33,999,0.47474896907806396,0.4752742648124695,0.15482072532176971,0.1434260904788971,0.5737043619155884,0.48353153467178345,time_out,0.2562499940395355,4.212499618530273,0.03404774144291878
uniform,1,0,34,999,0.38393428921699524,0.3845503628253937,0.19984304904937744,0.18185752630233765,0.7274301052093506,0.4661846160888672,time_out,0.24899999797344208,4.112500190734863,0.04422067478299141
uniform,1,0,35,999,0.3691335916519165,0.3697644770145416,0.1969403475522995,0.1822652518749237,0.7290610074996948,0.4696788787841797,time_out,0.2459999918937683,4.112500190734863,0.044319815933704376
uniform,1,0,36,999,0.8594216108322144,0.8595622181892395,0.4594070017337799,0.4591425955295563,1.836570382118225,0.5064907073974609,time_out,0.23350000381469727,4.025000095367432,0.11407269537448883
uniform,1,0,37,999,0.31001582741737366,0.3107058107852936,0.28014814853668213,0.2798480689525604,1.1193922758102417,0.4968794584274292,time_out,0.2515000104904175,4.0625,0.0688856765627861
uniform,1,0,38,999,0.3567798435688019,0.3574230968952179,0.21965664625167847,0.1980479657649994,0.7921918630599976,0.4731571674346924,time_out,0.2522500157356262,4.0625,0.048750270158052444
uniform,1,0,39,999,1.0,1.0,0.5626827478408813,0.5623638033866882,2.249455213546753,0.5255364775657654,time_out,0.23649999499320984,3.9625000953674316,0.14192146062850952
uniform,1,0,40,999,0.3095209300518036,0.3102114200592041,0.23398905992507935,0.22648459672927856,0.9059383869171143,0.4795472025871277,time_out,0.2537499964237213,4.112500190734863,0.05507224053144455
uniform,1,0,41,999,1.0,1.0,0.5044609904289246,0.5034303665161133,2.013721466064453,0.5466874837875366,time_out,0.24575001001358032,4.0625,0.12392131984233856
uniform,1,0,42,999,0.3198324739933014,0.32051265239715576,0.24206426739692688,0.23161861300468445,0.9264744520187378,0.47876599431037903,time_out,0.25824999809265137,4.0625,0.05701381340622902
uniform,1,0,43,999,0.3402954041957855,0.34095513820648193,0.2207692563533783,0.20506232976913452,0.8202493190765381,0.4758462607860565,time_out,0.25325000286102295,4.125,0.049712080508470535
uniform,1,0,44,999,0.5508514642715454,0.5513006448745728,0.13875900208950043,0.11417069286108017,0.4566827714443207,0.4887894093990326,time_out,0.2695000171661377,4.25,0.026863692328333855
uniform,1,0,45,999,0.28684747219085693,0.2875606417655945,0.20821163058280945,0.20491816103458405,0.8196726441383362,0.47963398694992065,time_out,0.25450000166893005,4.162500381469727,0.04922958463430405
uniform,1,0,46,999,0.3096657395362854,0.310356080532074,0.29524895548820496,0.29456740617752075,1.178269624710083,0.511898398399353,time_out,0.25075000524520874,4.150000095367432,0.07098009437322617
uniform,1,0,47,999,0.42941468954086304,0.42998528480529785,0.15051667392253876,0.145430788397789,0.581723153591156,0.47491976618766785,time_out,0.27149999141693115,4.300000190734863,0.03382111340761185
uniform,1,0,48,999,0.3644231855869293,0.3650587797164917,0.20747332274913788,0.18687860667705536,0.7475144267082214,0.46635445952415466,time_out,0.2527499794960022,4.162500381469727,0.044895756989717484
uniform,1,0,49,999,0.3501163721084595,0.35076627135276794,0.19495655596256256,0.18440327048301697,0.7376130819320679,0.46697235107421875,time_out,0.24674999713897705,4.162500381469727,0.04430108144879341
uniform,1,0,50,999,0.29777073860168457,0.29847297072410583,0.22159551084041595,0.2138521671295166,0.8554086685180664,0.4805532693862915,time_out,0.25325000286102295,4.0625,0.052640534937381744
uniform,1,0,51,999,0.37987983226776123,0.3804999589920044,0.1738387644290924,0.16734150052070618,0.6693660020828247,0.4790431261062622,time_out,0.257750004529953,4.212499618530273,0.03972499072551727
uniform,1,0,52,999,0.40500351786613464,0.405598521232605,0.17801028490066528,0.157307967543602,0.629231870174408,0.48112061619758606,time_out,0.26374998688697815,4.175000190734863,0.0376785546541214
uniform,1,0,53,999,0.3087920844554901,0.3094833195209503,0.22126315534114838,0.21607039868831635,0.8642815947532654,0.4801303744316101,time_out,0.25049999356269836,4.125,0.05238070338964462
uniform,1,0,54,999,0.3716186583042145,0.3722470700740814,0.17601850628852844,0.1723039597272873,0.6892158389091492,0.4635698199272156,time_out,0.2644999921321869,4.287500381469727,0.04018750786781311
uniform,1,0,55,999,0.33870160579681396,0.3393629193305969,0.18225997686386108,0.1787565052509308,0.7150260210037231,0.49224191904067993,time_out,0.2542499899864197,4.150000095367432,0.043073855340480804
uniform,1,0,56,999,0.41343265771865845,0.41401925683021545,0.17048844695091248,0.15454621613025665,0.6181848645210266,0.481303334236145,time_out,0.27024999260902405,4.199999809265137,0.03679671883583069
uniform,1,0,57,999,1.0,1.0,0.5696265697479248,0.5693118572235107,2.277247428894043,0.5129574537277222,time_out,0.22625000774860382,3.9625000953674316,0.14367491006851196
uniform,1,0,58,999,0.36336639523506165,0.3640030324459076,0.20884570479393005,0.2009463906288147,0.8037855625152588,0.4771856367588043,time_out,0.24975000321865082,4.112500190734863,0.04886234179139137
uniform,1,0,59,999,1.0,1.0,0.5598305463790894,0.5595402121543884,2.2381608486175537,0.5241971015930176,time_out,0.2370000034570694,4.012499809265137,0.13944928348064423
uniform,1,0,60,999,0.39335179328918457,0.3939584493637085,0.18148572742938995,0.1690528839826584,0.6762115359306335,0.47505149245262146,time_out,0.2574999928474426,4.162500381469727,0.04061330109834671
uniform,1,0,61,999,0.38409310579299927,0.38470903038978577,0.213571235537529,0.193463996052742,0.773855984210968,0.47482889890670776,time_out,0.2617499828338623,4.162500381469727,0.04647783190011978
uniform,1,0,62,999,0.3702680766582489,0.3708977997303009,0.21761195361614227,0.19309623539447784,0.7723849415779114,0.4800151288509369,time_out,0.2565000057220459,4.099999904632568,0.04709664359688759
uniform,1,0,63,999,0.38356149196624756,0.38417792320251465,0.19406090676784515,0.17526160180568695,0.7010464072227478,0.4577291011810303,time_out,0.2459999918937683,4.0625,0.04314131662249565
uniform,1,0,64,999,0.452973335981369,0.45352038741111755,0.15258610248565674,0.14041933417320251,0.5616773366928101,0.4836575984954834,time_out,0.2602500021457672,4.262499809265137,0.03294295445084572
uniform,1,0,65,999,0.4199386537075043,0.4205187261104584,0.15487711131572723,0.14837238192558289,0.5934895277023315,0.48549360036849976,time_out,0.2644999921321869,4.25,0.034911148250103
uniform,1,0,66,999,0.29331737756729126,0.2940240502357483,0.22221888601779938,0.21851631999015808,0.8740652799606323,0.4805930554866791,time_out,0.25174999237060547,4.074999809265137,0.053623639047145844
uniform,1,0,67,999,0.3357762396335602,0.33644047379493713,0.19645410776138306,0.18615491688251495,0.7446196675300598,0.4823271632194519,time_out,0.25874999165534973,4.199999809265137,0.044322602450847626
uniform,1,0,68,999,0.27429839968681335,0.2750241160392761,0.22911693155765533,0.22783663868904114,0.9113465547561646,0.48237115144729614,time_out,0.24799999594688416,4.0625,0.05608286336064339
uniform,1,0,69,999,0.43798160552978516,0.4385436177253723,0.16249875724315643,0.1474204957485199,0.5896819829940796,0.49352502822875977,time_out,0.2732499837875366,4.25,0.03468717634677887
uniform,1,0,70,999,0.3254684507846832,0.3261429965496063,0.2673899829387665,0.26298266649246216,1.0519306659698486,0.4835034906864166,time_out,0.2515000104904175,4.212499618530273,0.06242912635207176
uniform,1,0,71,999,1.0,1.0,0.5227022171020508,0.5224853754043579,2.0899415016174316,0.4985770285129547,time_out,0.22749999165534973,3.9625000953674316,0.1318574994802475
uniform,1,0,72,999,1.0,1.0,0.5135126709938049,0.5132158398628235,2.052863359451294,0.5236599445343018,time_out,0.23875001072883606,4.012499809265137,0.1279042661190033
uniform,1,0,73,999,0.3826974034309387,0.38331472873687744,0.20975258946418762,0.18620425462722778,0.7448170185089111,0.47089046239852905,time_out,0.25725001096725464,4.125,0.045140426605939865
uniform,1,0,74,999,0.40299272537231445,0.40358975529670715,0.17891636490821838,0.16354510188102722,0.6541804075241089,0.4644353985786438,time_out,0.2449999898672104,4.162500381469727,0.039290111511945724
uniform,1,0,75,999,0.29678505659103394,0.2974883019924164,0.22689180076122284,0.22222919762134552,0.8889167904853821,0.4853052794933319,time_out,0.2549999952316284,4.099999904632568,0.05420224368572235
uniform,1,0,76,999,0.3811379671096802,0.38175684213638306,0.3095565438270569,0.30905681848526,1.23622727394104,0.49538692831993103,time_out,0.24525000154972076,4.074999809265137,0.07584216445684433
uniform,1,0,77,999,0.28600651025772095,0.28672051429748535,0.2628719210624695,0.25957292318344116,1.0382916927337646,0.5021089315414429,time_out,0.2487500011920929,4.025000095367432,0.0644901692867279
uniform,1,0,78,999,0.3171969950199127,0.3178797960281372,0.24009111523628235,0.23630812764167786,0.9452325105667114,0.4864780306816101,time_out,0.25174999237060547,4.112500190734863,0.05746094137430191
uniform,1,0,79,999,0.4243928790092468,0.4249684810638428,0.32271915674209595,0.32251644134521484,1.2900657653808594,0.4984818994998932,time_out,0.24574999511241913,4.012499809265137,0.08037793636322021
uniform,1,0,80,999,0.29148632287979126,0.29219484329223633,0.2259090095758438,0.22020341455936432,0.8808136582374573,0.4788879454135895,time_out,0.2512499988079071,4.137499809265137,0.05322137102484703
uniform,1,0,81,999,0.40241286158561707,0.40301045775413513,0.15957754850387573,0.15139545500278473,0.6055818200111389,0.4965473413467407,time_out,0.27174997329711914,4.224999904632568,0.035833243280649185
uniform,1,0,82,999,0.34340694546699524,0.34406355023384094,0.21805614233016968,0.19935867190361023,0.7974346876144409,0.4653579294681549,time_out,0.2549999952316284,4.0625,0.04907290264964104
uniform,1,0,83,999,0.3908288776874542,0.3914380669593811,0.18303681910037994,0.16980241239070892,0.6792096495628357,0.473034143447876,time_out,0.2522500157356262,4.162500381469727,0.040793370455503464
uniform,1,0,84,999,0.3171062767505646,0.3177891969680786,0.2885935306549072,0.28726837038993835,1.1490734815597534,0.49572911858558655,time_out,0.242249995470047,4.012499809265137,0.07159336656332016
uniform,1,0,85,999,0.48975592851638794,0.49026620388031006,0.35624995827674866,0.3559785783290863,1.4239143133163452,0.4958121180534363,time_out,0.2435000091791153,4.012499809265137,0.08871740847826004
uniform,1,0,86,999,0.43306395411491394,0.43363091349601746,0.16131481528282166,0.15022829174995422,0.6009131669998169,0.480746865272522,time_out,0.25999999046325684,4.275000095367432,0.035141121596097946
uniform,1,0,87,999,1.0,1.0,0.5548679232597351,0.554540753364563,2.218163013458252,0.5229148864746094,time_out,0.23749999701976776,3.9625000953674316,0.13994719088077545
uniform,1,0,88,999,0.30614715814590454,0.30684101581573486,0.20014971494674683,0.19740046560764313,0.7896018624305725,0.492826372385025,time_out,0.25,4.162500381469727,0.047423530369997025
uniform,1,0,89,999,0.877139687538147,0.8772625923156738,0.45315277576446533,0.4522431790828705,1.808972716331482,0.5147532820701599,time_out,0.24275001883506775,4.0625,0.11132139712572098
uniform,1,0,90,999,0.3515041470527649,0.35215267539024353,0.1965400129556656,0.19362224638462067,0.7744889855384827,0.4788944125175476,time_out,0.25975000858306885,4.212499618530273,0.04596374183893204
uniform,1,0,91,999,0.4943937063217163,0.49489933252334595,0.3553884029388428,0.35505425930023193,1.4202170372009277,0.5078607797622681,time_out,0.24249999225139618,4.162500381469727,0.0852983146905899
uniform,1,0,92,999,0.27989447116851807,0.28061458468437195,0.22318102419376373,0.2190798819065094,0.8763195276260376,0.49041154980659485,time_out,0.2552499771118164,4.212499618530273,0.052007097750902176
uniform,1,0,93,999,0.344210684299469,0.3448665142059326,0.2274738997220993,0.21379755437374115,0.8551902174949646,0.4795754849910736,time_out,0.2540000081062317,4.112500190734863,0.05198724567890167
uniform,1,0,94,999,0.4391639232635498,0.43972477316856384,0.3401980698108673,0.34001103043556213,1.3600441217422485,0.48974648118019104,time_out,0.23624998331069946,4.012499809265137,0.08473795652389526
uniform,1,0,95,999,0.4899219572544098,0.4904320538043976,0.14672833681106567,0.12915505468845367,0.5166202187538147,0.49154093861579895,time_out,0.27525001764297485,4.25,0.03038942441344261
uniform,1,0,96,999,0.3256998658180237,0.32637420296669006,0.23757007718086243,0.22823894023895264,0.9129557609558105,0.4812287390232086,time_out,0.25600001215934753,4.099999904632568,0.05566803365945816
uniform,1,0,97,999,0.2698177695274353,0.2705479562282562,0.23417356610298157,0.23193614184856415,0.9277445673942566,0.48905107378959656,time_out,0.25075000524520874,4.099999904632568,0.056569792330265045
uniform,1,0,98,999,0.3904697299003601,0.39107927680015564,0.32453835010528564,0.3242769241333008,1.2971076965332031,0.49785909056663513,time_out,0.24799999594688416,4.012499809265137,0.08081668615341187
uniform,1,0,99,999,1.0,1.0,0.552891731262207,0.5526014566421509,2.2104058265686035,0.48750415444374084,time_out,0.21875,3.862499952316284,0.1430683434009552
uniform,1,1,0,999,0.12355127930641174,0.12442773580551147,0.72435063123703,0.723868727684021,0.9651583433151245,0.576041042804718,time_out,0.3127500116825104,3.9000000953674316,0.18560735881328583
uniform,1,1,1,999,0.48797374963760376,0.48848581314086914,0.3882151246070862,0.3850099444389343,0.5133466124534607,0.546336829662323,time_out,0.33550000190734863,3.75,0.10266932100057602
uniform,1,1,2,999,0.1378064751625061,0.13866867125034332,0.6851242184638977,0.684788703918457,0.9130516052246094,0.585115373134613,time_out,0.28975000977516174,3.799999952316284,0.18020755052566528
uniform,1,1,3,999,0.1680745929479599,0.1689065396785736,0.7668951153755188,0.7660579085350037,1.021410584449768,0.5909756422042847,time_out,0.27775001525878906,3.8499999046325684,0.1989760845899582
uniform,1,1,4,999,0.2954750955104828,0.2961796522140503,0.9499200582504272,0.9494028091430664,1.265870451927185,0.6048625707626343,time_out,0.25699999928474426,3.799999952316284,0.24984285235404968
uniform,1,1,5,999,0.206523597240448,0.20731708407402039,0.6423964500427246,0.641774594783783,0.8556994795799255,0.5816799402236938,time_out,0.28999999165534973,3.8499999046325684,0.16669470071792603
uniform,1,1,6,999,0.14918947219848633,0.15004028379917145,0.8110162019729614,0.8105178475379944,1.0806905031204224,0.5860131978988647,time_out,0.27525001764297485,3.799999952316284,0.21329417824745178
uniform,1,1,7,999,0.1597803235054016,0.1606205552816391,0.732610285282135,0.731981635093689,0.975975513458252,0.5749232769012451,time_out,0.28700000047683716,3.8499999046325684,0.19012510776519775
uniform,1,1,8,999,0.203261137008667,0.20405788719654083,0.7406861186027527,0.74029141664505,0.987055242061615,0.5834202170372009,time_out,0.2867499887943268,3.8499999046325684,0.192283496260643
uniform,1,1,9,999,0.18041035532951355,0.18122996389865875,0.7771375179290771,0.7766572833061218,1.0355430841445923,0.5838839411735535,time_out,0.2835000157356262,3.862499952316284,0.20107632875442505
uniform,1,1,10,999,0.1361025869846344,0.1369664967060089,0.7243087291717529,0.7238794565200806,0.9651726484298706,0.5685204267501831,time_out,0.30000001192092896,3.8499999046325684,0.18802064657211304
uniform,1,1,11,999,0.23152920603752136,0.23229768872261047,0.5905311107635498,0.590001106262207,0.7866681814193726,0.5774813294410706,time_out,0.29475000500679016,3.8499999046325684,0.15324704349040985
uniform,1,1,12,999,0.15664593875408173,0.15748929977416992,0.7163008451461792,0.715729296207428,0.9543057680130005,0.5877590179443359,time_out,0.2770000100135803,3.8499999046325684,0.18590371310710907
uniform,1,1,13,999,0.21538478136062622,0.21616941690444946,0.8873839974403381,0.886969804763794,1.182626485824585,0.5992780923843384,time_out,0.2747499942779541,3.8249998092651367,0.231887549161911
uniform,1,1,14,999,0.15809983015060425,0.15894173085689545,0.7688567638397217,0.768237829208374,1.0243171453475952,0.5823814868927002,time_out,0.28325000405311584,3.8499999046325684,0.19954229891300201
uniform,1,1,15,999,0.4286726415157318,0.4292439818382263,1.0498548746109009,1.0492368936538696,1.3989825248718262,0.6129094958305359,time_out,0.25699999928474426,3.8125,0.2752096652984619
uniform,1,1,16,999,0.1204066202044487,0.12128622084856033,0.7713441252708435,0.7708380222320557,1.0277841091156006,0.5913900136947632,time_out,0.28174999356269836,3.799999952316284,0.20285211503505707
uniform,1,1,17,999,0.1468505561351776,0.14770370721817017,0.7073464393615723,0.7068625092506409,0.9424833655357361,0.5708266496658325,time_out,0.29649999737739563,3.862499952316284,0.18300648033618927
uniform,1,1,18,999,0.4305296540260315,0.43109914660453796,0.4297972321510315,0.42922985553741455,0.5723065137863159,0.5715432167053223,time_out,0.33500000834465027,3.799999952316284,0.11295522749423981
uniform,1,1,19,999,0.3922971189022064,0.3929048478603363,1.0262491703033447,1.0258214473724365,1.3677619695663452,0.6076870560646057,time_out,0.24974998831748962,3.7750000953674316,0.27174076437950134
uniform,1,1,20,999,0.14840029180049896,0.14925189316272736,0.6930330395698547,0.6925258636474609,0.9233678579330444,0.5749561786651611,time_out,0.312250018119812,3.950000047683716,0.1753229945898056
uniform,1,1,21,999,0.13248847424983978,0.1333559900522232,0.7764217853546143,0.7758876085281372,1.0345168113708496,0.5854681730270386,time_out,0.2849999964237213,3.799999952316284,0.20418095588684082
uniform,1,1,22,999,0.1551508903503418,0.15599575638771057,0.7131192088127136,0.7127436995506287,0.9503249526023865,0.5892875790596008,time_out,0.2760000228881836,3.8249998092651367,0.18633823096752167
uniform,1,1,23,999,0.16913335025310516,0.16996422410011292,0.6769960522651672,0.676349401473999,0.901799201965332,0.5749576091766357,time_out,0.2942500114440918,3.8499999046325684,0.175675168633461
uniform,1,1,24,999,0.16842316091060638,0.16925473511219025,0.8094334602355957,0.8090855479240417,1.0787807703018188,0.5916095972061157,time_out,0.27250000834465027,3.862499952316284,0.20947198569774628
uniform,1,1,25,999,0.32942402362823486,0.3300946056842804,0.5088224411010742,0.5076046586036682,0.6768062114715576,0.5614932775497437,time_out,0.34200000762939453,3.8499999046325684,0.1318453699350357
uniform,1,1,26,999,0.2996726930141449,0.30037301778793335,0.9547938108444214,0.9544026255607605,1.2725368738174438,0.6054683327674866,time_out,0.25049999356269836,3.799999952316284,0.25115859508514404
uniform,1,1,27,999,0.12593650817871094,0.12681058049201965,0.7415888905525208,0.7410469651222229,0.9880626201629639,0.579131543636322,time_out,0.2952499985694885,3.8499999046325684,0.19247972965240479
uniform,1,1,28,999,0.2719189524650574,0.27264705300331116,0.5767972469329834,0.5761375427246094,0.7681834101676941,0.5805029273033142,time_out,0.32349997758865356,3.9000000953674316,0.1477275788784027
uniform,1,1,29,999,0.11456184834241867,0.11544729769229889,0.7653768062591553,0.7648305296897888,1.019774079322815,0.579293429851532,time_out,0.30550000071525574,3.9000000953674316,0.19611038267612457
uniform,1,1,30,999,0.178733691573143,0.17955496907234192,0.6834259629249573,0.6830442547798157,0.9107257127761841,0.5875480771064758,time_out,0.2724999785423279,3.8499999046325684,0.17741408944129944
uniform,1,1,31,999,0.3667084574699402,0.3673417568206787,1.007749319076538,1.0072505474090576,1.3430007696151733,0.6100629568099976,time_out,0.25325000286102295,3.8125,0.26419687271118164
uniform,1,1,32,999,0.22426792979240417,0.2250436693429947,0.8993616700172424,0.8988924026489258,1.1985232830047607,0.5961927771568298,time_out,0.2619999945163727,3.8125,0.23577505350112915
uniform,1,1,33,999,0.15498338639736176,0.15582840144634247,0.6534720063209534,0.6529996395111084,0.8706662058830261,0.5849606394767761,time_out,0.2887499928474426,3.8499999046325684,0.16961030662059784
uniform,1,1,34,999,0.16892072558403015,0.16975180804729462,0.6636680364608765,0.6632391810417175,0.8843189477920532,0.5873794555664062,time_out,0.27425000071525574,3.799999952316284,0.17453663051128387
uniform,1,1,35,999,0.17182612419128418,0.17265430092811584,0.8127633333206177,0.8124367594718933,1.0832490921020508,0.5876255631446838,time_out,0.2772499918937683,3.8499999046325684,0.2110225409269333
uniform,1,1,36,999,0.4515809416770935,0.45212939381599426,1.0709614753723145,1.070436716079712,1.4272489547729492,0.616131067276001,time_out,0.24675001204013824,3.7874999046325684,0.2826235592365265
uniform,1,1,37,999,0.24832338094711304,0.24907507002353668,0.9144048690795898,0.9139530062675476,1.2186040878295898,0.5991138219833374,time_out,0.2672500014305115,3.8125,0.23972538113594055
uniform,1,1,38,999,0.28989851474761963,0.29060861468315125,0.5378140211105347,0.5371240973472595,0.7161654829978943,0.56440269947052,time_out,0.32074999809265137,3.8125,0.14088501036167145
uniform,1,1,39,999,0.46093520522117615,0.46147429943084717,1.077227234840393,1.0767998695373535,1.4357331991195679,0.61156165599823,time_out,0.25199997425079346,3.7874999046325684,0.28430360555648804
uniform,1,1,40,999,0.1525646597146988,0.1534121036529541,0.7836604118347168,0.7832977175712585,1.044396996498108,0.5832863450050354,time_out,0.28025001287460327,3.799999952316284,0.2061309814453125
uniform,1,1,41,999,0.4240831136703491,0.42465904355049133,1.0504683256149292,1.0497939586639404,1.399725317955017,0.6121359467506409,time_out,0.2592499852180481,3.8125,0.2753557860851288
uniform,1,1,42,999,0.1276150792837143,0.1284874677658081,0.7203840613365173,0.7198739051818848,0.9598318934440613,0.5827015042304993,time_out,0.2837499976158142,3.799999952316284,0.1894405037164688
uniform,1,1,43,999,0.3555421531200409,0.3561866283416748,0.4876059293746948,0.48721057176589966,0.6496140956878662,0.5740246176719666,time_out,0.3072500228881836,3.799999952316284,0.1282133162021637
uniform,1,1,44,999,0.5302102565765381,0.5306800603866577,0.3543644845485687,0.35309314727783203,0.4707908630371094,0.5625773072242737,time_out,0.32774999737739563,3.799999952316284,0.0929192528128624
uniform,1,1,45,999,0.18968133628368378,0.1904916614294052,0.8681626319885254,0.8675564527511597,1.156741976737976,0.597350537776947,time_out,0.26500001549720764,3.799999952316284,0.22830432653427124
uniform,1,1,46,999,0.2847742438316345,0.2854894995689392,0.9434964656829834,0.942927360534668,1.2572364807128906,0.6038421392440796,time_out,0.27149999141693115,3.799999952316284,0.24813878536224365
uniform,1,1,47,999,0.15079665184020996,0.15164586901664734,0.6959242224693298,0.6954924464225769,0.9273232817649841,0.5777201652526855,time_out,0.29874998331069946,3.950000047683716,0.17607402801513672
uniform,1,1,48,999,0.24428391456604004,0.24503964185714722,0.6164498329162598,0.6157960295677185,0.821061372756958,0.5782479643821716,time_out,0.2952499985694885,3.8499999046325684,0.15994702279567719
uniform,1,1,49,999,0.16656620800495148,0.16739964485168457,0.7711577415466309,0.7707154154777527,1.027620553970337,0.5906315445899963,time_out,0.27924999594688416,3.8499999046325684,0.20018582046031952
uniform,1,1,50,999,0.12026108801364899,0.12114083021879196,0.6926235556602478,0.6921949982643127,0.922926664352417,0.5808935165405273,time_out,0.2957499921321869,3.8249998092651367,0.18096601963043213
uniform,1,1,51,999,0.18243402242660522,0.18325158953666687,0.8610210418701172,0.8604660630226135,1.1472880840301514,0.5952832102775574,time_out,0.26625001430511475,3.799999952316284,0.22643844783306122
uniform,1,1,52,999,0.131150484085083,0.13201934099197388,0.70688796043396,0.7063156962394714,0.9417542815208435,0.5708571076393127,time_out,0.30524998903274536,3.8499999046325684,0.1834586262702942
uniform,1,1,53,999,0.19235417246818542,0.19316183030605316,0.8724284768104553,0.8718506097793579,1.1624674797058105,0.594544529914856,time_out,0.2682499885559082,3.799999952316284,0.22943437099456787
uniform,1,1,54,999,0.22744110226631165,0.22821366786956787,0.9010841250419617,0.9006226062774658,1.2008302211761475,0.5989651083946228,time_out,0.26225000619888306,3.799999952316284,0.23700594902038574
uniform,1,1,55,999,0.11176134645938873,0.1126495897769928,0.770875096321106,0.7704843878746033,1.0273125171661377,0.5950815081596375,time_out,0.28075000643730164,3.799999952316284,0.2027590572834015
uniform,1,1,56,999,0.15196475386619568,0.15281279385089874,0.6951363682746887,0.6946364641189575,0.926181972026825,0.573275625705719,time_out,0.3122499883174896,3.8499999046325684,0.18042506277561188
uniform,1,1,57,999,0.5048376321792603,0.5053328275680542,1.1087714433670044,1.1082628965377808,1.4776839017868042,0.6182640194892883,time_out,0.2522500157356262,3.8125,0.29069191217422485
uniform,1,1,58,999,0.24974147975444794,0.25049176812171936,0.9123976826667786,0.9119295477867126,1.2159061431884766,0.598314642906189,time_out,0.2627499997615814,3.799999952316284,0.23998145759105682
uniform,1,1,59,999,0.45421549677848816,0.4547613263130188,1.0670846700668335,1.0665016174316406,1.4220021963119507,0.6143020987510681,time_out,0.2567499876022339,3.799999952316284,0.2806583344936371
uniform,1,1,60,999,0.13840942084789276,0.13927102088928223,0.7394606471061707,0.7390262484550476,0.9853683710098267,0.5837376713752747,time_out,0.27950000762939453,3.8499999046325684,0.19195488095283508
uniform,1,1,61,999,0.17133793234825134,0.1721666008234024,0.6495811939239502,0.6492170095443726,0.8656226992607117,0.5704143643379211,time_out,0.30250000953674316,3.8499999046325684,0.1686277985572815
uniform,1,1,62,999,0.24643179774284363,0.2471853792667389,0.5680984854698181,0.5675567984580994,0.7567424178123474,0.5625321269035339,time_out,0.3257499933242798,3.8374998569488525,0.14789754152297974
uniform,1,1,63,999,0.15745973587036133,0.15830227732658386,0.7104068994522095,0.7099399566650391,0.9465866088867188,0.586384654045105,time_out,0.28125,3.8499999046325684,0.18439999222755432
uniform,1,1,64,999,0.12894639372825623,0.12981745600700378,0.7273851037025452,0.7269917130470276,0.9693223237991333,0.5764780044555664,time_out,0.2952499985694885,3.9000000953674316,0.186408132314682
uniform,1,1,65,999,0.13298526406288147,0.1338522881269455,0.8064040541648865,0.8058037161827087,1.0744049549102783,0.5880721211433411,time_out,0.2837499976158142,3.8499999046325684,0.20929966866970062
uniform,1,1,66,999,0.1519271284341812,0.15277521312236786,0.8165479898452759,0.8160942792892456,1.0881257057189941,0.5962151885032654,time_out,0.265749990940094,3.75,0.21762514114379883
uniform,1,1,67,999,0.14323963224887848,0.14409638941287994,0.7576740980148315,0.7571093440055847,1.0094791650772095,0.5766162276268005,time_out,0.2985000014305115,3.8499999046325684,0.19665178656578064
uniform,1,1,68,999,0.20155784487724304,0.20235630869865417,0.8792638778686523,0.8782992959022522,1.1710658073425293,0.591729462146759,time_out,0.26499998569488525,3.762500047683716,0.2334350198507309
uniform,1,1,69,999,0.3975165784358978,0.3981190621852875,0.4570915997028351,0.4553595781326294,0.607146143913269,0.5737162232398987,time_out,0.3525000214576721,3.9000000953674316,0.11675886064767838
uniform,1,1,70,999,0.3561825156211853,0.3568263351917267,0.9989883303642273,0.9985165596008301,1.3313554525375366,0.6092760562896729,time_out,0.24975000321865082,3.799999952316284,0.2627675235271454
uniform,1,1,71,999,0.5014280080795288,0.501926600933075,1.1083626747131348,1.107872486114502,1.477163314819336,0.6193821430206299,time_out,0.24825000762939453,3.799999952316284,0.29154539108276367
uniform,1,1,72,999,0.4418548047542572,0.44241297245025635,1.0637320280075073,1.0630919933319092,1.417456030845642,0.6093769669532776,time_out,0.2549999952316284,3.799999952316284,0.27976104617118835
uniform,1,1,73,999,0.20637580752372742,0.20716944336891174,0.6295885443687439,0.6291623115539551,0.838883101940155,0.5683985948562622,time_out,0.31849998235702515,3.8499999046325684,0.16341878473758698
uniform,1,1,74,999,0.20021115243434906,0.20101095736026764,0.7612955570220947,0.7607307434082031,1.0143077373504639,0.578911542892456,time_out,0.2862499952316284,3.875,0.1963176131248474
uniform,1,1,75,999,0.10959064960479736,0.11048106104135513,0.7625952959060669,0.7621104121208191,1.016147255897522,0.5875049829483032,time_out,0.28825002908706665,3.8499999046325684,0.19795076549053192
uniform,1,1,76,999,0.33226150274276733,0.33292925357818604,0.9816097021102905,0.9812171459197998,1.3082895278930664,0.6001837849617004,time_out,0.2552500069141388,3.75,0.2616578936576843
uniform,1,1,77,999,0.2508484423160553,0.2515976130962372,0.9128057956695557,0.9123398661613464,1.216453194618225,0.5984845161437988,time_out,0.2707499861717224,3.799999952316284,0.24008944630622864
uniform,1,1,78,999,0.1206057220697403,0.12148512154817581,0.778995931148529,0.7782717943191528,1.0376957654953003,0.5836270451545715,time_out,0.28824999928474426,3.799999952316284,0.20480836927890778
uniform,1,1,79,999,0.2736998200416565,0.274426132440567,0.9356748461723328,0.9351291656494141,1.246838927268982,0.6000444293022156,time_out,0.26125001907348633,3.7874999046325684,0.2468988001346588
uniform,1,1,80,999,0.1357858031988144,0.13665002584457397,0.7759288549423218,0.775255560874939,1.0336741209030151,0.5875652432441711,time_out,0.27425000071525574,3.8125,0.20334571599960327
uniform,1,1,81,999,0.15407271683216095,0.1549186408519745,0.8172900080680847,0.8168894648551941,1.0891859531402588,0.5862043499946594,time_out,0.2954999804496765,3.8499999046325684,0.21217907965183258
uniform,1,1,82,999,0.28634214401245117,0.2870558202266693,0.5405725836753845,0.5400110483169556,0.720014750957489,0.5756897330284119,time_out,0.29600000381469727,3.862499952316284,0.13980868458747864
uniform,1,1,83,999,0.2638632655143738,0.26459941267967224,0.9292032718658447,0.9288451671600342,1.2384603023529053,0.5979477167129517,time_out,0.2590000033378601,3.799999952316284,0.2444329410791397
uniform,1,1,84,999,0.3000119924545288,0.300711989402771,0.9532819986343384,0.952713668346405,1.27028489112854,0.5949524641036987,time_out,0.26499998569488525,3.75,0.25405699014663696
uniform,1,1,85,999,0.31637871265411377,0.3170623481273651,0.9655119776725769,0.9649310111999512,1.2865747213363647,0.6057558059692383,time_out,0.2577499747276306,3.8125,0.25309666991233826
uniform,1,1,86,999,0.19029566645622253,0.19110538065433502,0.8576376438140869,0.8570634722709656,1.1427513360977173,0.5924525260925293,time_out,0.27175000309944153,3.8125,0.22480353713035583
uniform,1,1,87,999,0.4493003785610199,0.4498510956764221,1.0697859525680542,1.0690008401870728,1.4253344535827637,0.6130650639533997,time_out,0.2574999928474426,3.8125,0.28039366006851196
uniform,1,1,88,999,0.11744146049022675,0.11832402646541595,0.7489482760429382,0.7483275532722473,0.9977700710296631,0.584448516368866,time_out,0.29225000739097595,3.8249998092651367,0.19564120471477509
uniform,1,1,89,999,0.43232810497283936,0.43289580941200256,1.056312084197998,1.0557832717895508,1.4077110290527344,0.6137790679931641,time_out,0.2587500214576721,3.799999952316284,0.27783769369125366
uniform,1,1,90,999,0.16292661428451538,0.16376370191574097,0.8483988642692566,0.8478430509567261,1.1304574012756348,0.5972187519073486,time_out,0.26499998569488525,3.799999952316284,0.22311659157276154
uniform,1,1,91,999,0.40503787994384766,0.4056328535079956,1.03452730178833,1.0340594053268433,1.3787459135055542,0.6110389232635498,time_out,0.2565000057220459,3.799999952316284,0.2721208930015564
uniform,1,1,92,999,0.26607203483581543,0.2668059766292572,0.9238483309745789,0.9234992861747742,1.2313324213027954,0.6019524931907654,time_out,0.26600000262260437,3.799999952316284,0.24302613735198975
uniform,1,1,93,999,0.1287461668252945,0.12961742281913757,0.7135512232780457,0.7130454778671265,0.9507273435592651,0.5724607110023499,time_out,0.3075000047683716,3.8499999046325684,0.18520662188529968
uniform,1,1,94,999,0.3731488883495331,0.37377575039863586,1.011889934539795,1.0114067792892456,1.3485424518585205,0.6109468340873718,time_out,0.25699999928474426,3.799999952316284,0.26615968346595764
uniform,1,1,95,999,0.24948368966579437,0.2502342164516449,0.5717180371284485,0.5711982250213623,0.7615976333618164,0.5694942474365234,time_out,0.3217500150203705,3.8499999046325684,0.1483631730079651
uniform,1,1,96,999,0.13566726446151733,0.13653160631656647,0.7371744513511658,0.7365675568580627,0.9820901155471802,0.5727536678314209,time_out,0.2985000014305115,3.8499999046325684,0.19131624698638916
uniform,1,1,97,999,0.10771365463733673,0.10860594362020493,0.7660679221153259,0.7654778361320496,1.0206371545791626,0.5914053916931152,time_out,0.28299999237060547,3.799999952316284,0.20144154131412506
uniform,1,1,98,999,0.3522709608078003,0.35291871428489685,0.9964756965637207,0.9959208369255066,1.3278944492340088,0.6047933101654053,time_out,0.26100000739097595,3.7874999046325684,0.2629494071006775
uniform,1,1,99,999,0.515231192111969,0.5157159566879272,1.1190907955169678,1.1185109615325928,1.4913480281829834,0.6169514656066895,time_out,0.2474999874830246,3.799999952316284,0.2943449914455414
uniform,1,2,0,999,0.08177027106285095,0.08268850296735764,1.225746750831604,1.224910020828247,0.9799280166625977,0.6460647583007812,time_out,0.3187499940395355,3.75,0.3266426622867584
uniform,1,2,1,999,0.29272955656051636,0.29343685507774353,0.8908489942550659,0.8902007341384888,0.712160587310791,0.6187264919281006,time_out,0.3242500126361847,3.5874998569488525,0.24813959002494812
uniform,1,2,2,999,0.08148539811372757,0.08240392059087753,1.1977176666259766,1.1968865394592285,0.9575092196464539,0.6619939208030701,time_out,0.3017500042915344,3.700000047683716,0.32348284125328064
uniform,1,2,3,999,0.11755945533514023,0.11844190210103989,1.3165953159332275,1.3157840967178345,1.0526273250579834,0.6706462502479553,time_out,0.2865000069141388,3.8249998092651367,0.3439958691596985
uniform,1,2,4,999,0.15519589185714722,0.15604069828987122,1.403455376625061,1.4024591445922852,1.1219673156738281,0.6804982423782349,time_out,0.2787500023841858,3.799999952316284,0.3690682053565979
uniform,1,2,5,999,0.1327585130929947,0.13362576067447662,1.1457659006118774,1.1448662281036377,0.915893018245697,0.668941080570221,time_out,0.30674999952316284,3.7750000953674316,0.30327582359313965
uniform,1,2,6,999,0.09311001002788544,0.0940169021487236,1.3011687994003296,1.3002995252609253,1.040239691734314,0.6756336092948914,time_out,0.29325002431869507,3.799999952316284,0.3421840965747833
uniform,1,2,7,999,0.10109367221593857,0.10199258476495743,1.2642682790756226,1.2635765075683594,1.0108612775802612,0.6632838249206543,time_out,0.29875001311302185,3.8125,0.3314298987388611
uniform,1,2,8,999,0.12609867751598358,0.12697258591651917,1.274654746055603,1.273966908454895,1.019173502922058,0.6723448634147644,time_out,0.29075002670288086,3.799999952316284,0.3352544605731964
uniform,1,2,9,999,0.1237202063202858,0.1245964914560318,1.3045990467071533,1.3039706945419312,1.043176531791687,0.6665051579475403,time_out,0.29124999046325684,3.799999952316284,0.34315019845962524
uniform,1,2,10,999,0.09494838118553162,0.09585343301296234,1.224037766456604,1.2231780290603638,0.9785424470901489,0.65416020154953,time_out,0.3072499930858612,3.799999952316284,0.3218889534473419
uniform,1,2,11,999,0.12489097565412521,0.1257660835981369,1.1172213554382324,1.1162713766098022,0.8930171132087708,0.6611130833625793,time_out,0.31150001287460327,3.75,0.2976723611354828
uniform,1,2,12,999,0.10545468330383301,0.10634922981262207,1.2718037366867065,1.271096110343933,1.0168769359588623,0.6764124035835266,time_out,0.2892500162124634,3.799999952316284,0.33449897170066833
uniform,1,2,13,999,0.13518451154232025,0.13604934513568878,1.372822642326355,1.372018575668335,1.0976148843765259,0.6761297583580017,time_out,0.3032500147819519,3.8125,0.3598737120628357
uniform,1,2,14,999,0.10484130680561066,0.10573647171258926,1.2734836339950562,1.2726303339004517,1.0181043148040771,0.6660295724868774,time_out,0.2957500219345093,3.799999952316284,0.33490273356437683
uniform,1,2,15,999,0.1879182904958725,0.188730388879776,1.4472757577896118,1.4462441205978394,1.1569952964782715,0.6815112829208374,time_out,0.2892500162124634,3.799999952316284,0.380590558052063
uniform,1,2,16,999,0.08484426140785217,0.08575941622257233,1.233434796333313,1.232762336730957,0.9862098693847656,0.6708086133003235,time_out,0.3032500147819519,3.75,0.32873663306236267
uniform,1,2,17,999,0.10115047544240952,0.1020493283867836,1.2107717990875244,1.2098244428634644,0.9678595662117004,0.6626071929931641,time_out,0.3084999918937683,3.799999952316284,0.3183748722076416
uniform,1,2,18,999,0.14403989911079407,0.14489586651325226,1.0778167247772217,1.0770305395126343,0.8616244196891785,0.641838014125824,time_out,0.31949999928474426,3.6500000953674316,0.295076847076416
uniform,1,2,19,999,0.20429840683937073,0.205094113945961,1.4724940061569214,1.47162926197052,1.177303433418274,0.6770329475402832,time_out,0.273499995470047,3.7750000953674316,0.38983556628227234
uniform,1,2,20,999,0.10156892985105515,0.1024673655629158,1.2075351476669312,1.2067222595214844,0.9653778076171875,0.6457558870315552,time_out,0.3167499899864197,3.8125,0.31651732325553894
uniform,1,2,21,999,0.09231416136026382,0.09322185069322586,1.3164020776748657,1.3155732154846191,1.052458643913269,0.6637487411499023,time_out,0.30425000190734863,3.75,0.35081952810287476
uniform,1,2,22,999,0.09411368519067764,0.09501957148313522,1.2315236330032349,1.2306499481201172,0.9845199584960938,0.6815040111541748,time_out,0.2944999933242798,3.799999952316284,0.3238552510738373
uniform,1,2,23,999,0.09532026201486588,0.09622494876384735,1.1864906549453735,1.1855851411819458,0.9484681487083435,0.6577216386795044,time_out,0.3034999966621399,3.75,0.3161560297012329
uniform,1,2,24,999,0.1234520673751831,0.1243286207318306,1.3442299365997314,1.3433573246002197,1.0746859312057495,0.6740366220474243,time_out,0.28724998235702515,3.8499999046325684,0.3489239811897278
uniform,1,2,25,999,0.14592494070529938,0.14677903056144714,1.0815536975860596,1.080904483795166,0.8647236227989197,0.6326839327812195,time_out,0.3425000011920929,3.75,0.2882412075996399
uniform,1,2,26,999,0.17313596606254578,0.17396283149719238,1.4258859157562256,1.425071358680725,1.14005708694458,0.6820664405822754,time_out,0.2787500023841858,3.75,0.38001903891563416
uniform,1,2,27,999,0.08756186068058014,0.08847430348396301,1.2672098875045776,1.2662930488586426,1.013034462928772,0.6586342453956604,time_out,0.304749995470047,3.799999952316284,0.3332350254058838
uniform,1,2,28,999,0.07517419010400772,0.07609901577234268,1.2657406330108643,1.2649372816085815,1.011949896812439,0.6578056216239929,time_out,0.31150001287460327,3.75,0.3373166024684906
uniform,1,2,29,999,0.07281263917684555,0.07373983412981033,1.263351321220398,1.2624510526657104,1.0099608898162842,0.6478685140609741,time_out,0.31575000286102295,3.762500047683716,0.3355351686477661
uniform,1,2,30,999,0.1123286709189415,0.1132163479924202,1.2309316396713257,1.2301126718521118,0.9840901494026184,0.6788598895072937,time_out,0.28949999809265137,3.799999952316284,0.32371386885643005
uniform,1,2,31,999,0.17653273046016693,0.17735621333122253,1.4387034177780151,1.437786340713501,1.1502290964126587,0.6750523447990417,time_out,0.2747499942779541,3.75,0.38340967893600464
uniform,1,2,32,999,0.1382269263267517,0.1390887051820755,1.3866873979568481,1.3858366012573242,1.1086692810058594,0.6786964535713196,time_out,0.28224998712539673,3.799999952316284,0.36469385027885437
uniform,1,2,33,999,0.08159937709569931,0.08251778036355972,1.2246949672698975,1.223958134651184,0.9791665077209473,0.659268856048584,time_out,0.29874998331069946,3.700000047683716,0.33079949021339417
uniform,1,2,34,999,0.10506696999073029,0.10596191138029099,1.192314624786377,1.1915477514266968,0.9532381892204285,0.6718780398368835,time_out,0.296750009059906,3.75,0.3177460730075836
uniform,1,2,35,999,0.1229228526353836,0.12379993498325348,1.3335376977920532,1.3321741819381714,1.065739393234253,0.6712719798088074,time_out,0.28850001096725464,3.799999952316284,0.3505721688270569
uniform,1,2,36,999,0.20754766464233398,0.208340123295784,1.4724245071411133,1.4711594581604004,1.1769275665283203,0.6794416308403015,time_out,0.27824997901916504,3.75,0.39230918884277344
uniform,1,2,37,999,0.11140517145395279,0.1122937723994255,1.3421260118484497,1.3410414457321167,1.0728331804275513,0.6826528906822205,time_out,0.2877500057220459,3.799999952316284,0.35290566086769104
uniform,1,2,38,999,0.16442009806632996,0.16525568068027496,1.0564111471176147,1.0554544925689697,0.8443636298179626,0.6383756399154663,time_out,0.3269999921321869,3.700000047683716,0.2852579653263092
uniform,1,2,39,999,0.18493129312992096,0.18574637174606323,1.4475780725479126,1.4467471837997437,1.157397747039795,0.6808439493179321,time_out,0.2824999988079071,3.762500047683716,0.38451752066612244
uniform,1,2,40,999,0.09948762506246567,0.10038813948631287,1.2870553731918335,1.281870722770691,1.0254966020584106,0.668737530708313,time_out,0.2939999997615814,3.799999952316284,0.33733439445495605
uniform,1,2,41,999,0.19118240475654602,0.19199123978614807,1.4545193910598755,1.4511141777038574,1.1608914136886597,0.6805227994918823,time_out,0.29600000381469727,3.799999952316284,0.38187214732170105
uniform,1,2,42,999,0.0877324640750885,0.08864473551511765,1.2666704654693604,1.2657029628753662,1.0125623941421509,0.6654806733131409,time_out,0.3007499873638153,3.799999952316284,0.3330797255039215
uniform,1,2,43,999,0.16208116710186005,0.1629190891981125,1.057350993156433,1.0564937591552734,0.8451949954032898,0.6400533318519592,time_out,0.3125,3.6500000953674316,0.28945034742355347
uniform,1,2,44,999,0.20706887543201447,0.20786181092262268,1.0066090822219849,1.005806803703308,0.8046454787254333,0.6380625367164612,time_out,0.31725001335144043,3.6500000953674316,0.275563508272171
uniform,1,2,45,999,0.11067880690097809,0.1115681380033493,1.3429702520370483,1.3423786163330078,1.07390296459198,0.6778132915496826,time_out,0.28049999475479126,3.799999952316284,0.35325753688812256
uniform,1,2,46,999,0.17566171288490295,0.1764860600233078,1.436132788658142,1.4353249073028564,1.1482599973678589,0.6807411313056946,time_out,0.29249998927116394,3.799999952316284,0.3777170777320862
uniform,1,2,47,999,0.0937824472784996,0.09468866884708405,1.2354142665863037,1.2346651554107666,0.9877321124076843,0.6531527042388916,time_out,0.3087499737739563,3.8125,0.32384660840034485
uniform,1,2,48,999,0.12063091993331909,0.12151029706001282,1.1558181047439575,1.1551178693771362,0.9240943193435669,0.6657041311264038,time_out,0.30550000071525574,3.7750000953674316,0.3059914708137512
uniform,1,2,49,999,0.1158934161067009,0.11677752435207367,1.3188328742980957,1.3186986446380615,1.0549589395523071,0.6717172861099243,time_out,0.28600001335144043,3.799999952316284,0.34702596068382263
uniform,1,2,50,999,0.07016517966985703,0.07109501957893372,1.2064307928085327,1.2056725025177002,0.964538037776947,0.6552650928497314,time_out,0.3147500157356262,3.75,0.3215126693248749
uniform,1,2,51,999,0.11048952490091324,0.11137904226779938,1.3273351192474365,1.3264192342758179,1.0611354112625122,0.6825278997421265,time_out,0.28474998474121094,3.799999952316284,0.34905770421028137
uniform,1,2,52,999,0.07767374068498611,0.0785960704088211,1.1930699348449707,1.1920759677886963,0.953660786151886,0.6455783843994141,time_out,0.3215000033378601,3.75,0.31788691878318787
uniform,1,2,53,999,0.10790922492742538,0.10880132019519806,1.320041298866272,1.3191207647323608,1.0552966594696045,0.6815237402915955,time_out,0.28200000524520874,3.799999952316284,0.3471370339393616
uniform,1,2,54,999,0.12803728878498077,0.12890924513339996,1.368194818496704,1.3672441244125366,1.0937952995300293,0.6809203028678894,time_out,0.2850000262260437,3.799999952316284,0.3598010838031769
uniform,1,2,55,999,0.07296542078256607,0.07389245927333832,1.2503180503845215,1.2495781183242798,0.9996625185012817,0.6721792221069336,time_out,0.30124998092651367,3.700000047683716,0.33772382140159607
uniform,1,2,56,999,0.10527687519788742,0.1061716079711914,1.1611664295196533,1.1603481769561768,0.9282785654067993,0.65049147605896,time_out,0.3227500021457672,3.75,0.3094261884689331
uniform,1,2,57,999,0.20683179795742035,0.20762498676776886,1.475043535232544,1.474169135093689,1.179335355758667,0.6820326447486877,time_out,0.2744999825954437,3.75,0.3931117653846741
uniform,1,2,58,999,0.13097931444644928,0.13184833526611328,1.3708593845367432,1.370001196861267,1.0960010290145874,0.6832134127616882,time_out,0.2797499895095825,3.799999952316284,0.3605266213417053
uniform,1,2,59,999,0.19351717829704285,0.19432365894317627,1.4570194482803345,1.4560505151748657,1.1648404598236084,0.6798871755599976,time_out,0.2789999842643738,3.75,0.38828012347221375
uniform,1,2,60,999,0.09271286427974701,0.09362015128135681,1.268185019493103,1.2671737670898438,1.013738989830017,0.6687672734260559,time_out,0.2930000126361847,3.799999952316284,0.3334667980670929
uniform,1,2,61,999,0.10899823158979416,0.10988923907279968,1.1539967060089111,1.1533232927322388,0.9226586222648621,0.652983546257019,time_out,0.3167499899864197,3.75,0.30755287408828735
uniform,1,2,62,999,0.15105246007442474,0.15190142393112183,1.077849268913269,1.0768976211547852,0.8615180850028992,0.6351284980773926,time_out,0.3305000066757202,3.700000047683716,0.2910534143447876
uniform,1,2,63,999,0.11348652094602585,0.11437303572893143,1.2474738359451294,1.2474708557128906,0.9979767203330994,0.6770215034484863,time_out,0.2900000214576721,3.799999952316284,0.32828181982040405
uniform,1,2,64,999,0.09291797131299973,0.09382505714893341,1.2459263801574707,1.2450493574142456,0.9960395097732544,0.6579776406288147,time_out,0.3050000071525574,3.799999952316284,0.32764458656311035
uniform,1,2,65,999,0.10414236783981323,0.10503822565078735,1.3241708278656006,1.3232908248901367,1.058632731437683,0.670363187789917,time_out,0.2957500219345093,3.799999952316284,0.3482344448566437
uniform,1,2,66,999,0.10590904951095581,0.10680314153432846,1.3111530542373657,1.3101402521133423,1.0481122732162476,0.6755715608596802,time_out,0.2877500057220459,3.737499952316284,0.3505392074584961
uniform,1,2,67,999,0.07182291150093079,0.07275109738111496,1.2621084451675415,1.2611758708953857,1.0089406967163086,0.6568312048912048,time_out,0.3100000023841858,3.799999952316284,0.3318883776664734
uniform,1,2,68,999,0.11826502531766891,0.11914676427841187,1.3619182109832764,1.3610597848892212,1.0888478755950928,0.677535355091095,time_out,0.28224998712539673,3.75,0.36294928193092346
uniform,1,2,69,999,0.10164377838373184,0.10254213958978653,1.1481214761734009,1.147218108177185,0.917774498462677,0.6429112553596497,time_out,0.3334999978542328,3.75,0.30592483282089233
uniform,1,2,70,999,0.20152747631072998,0.2023259550333023,1.465185523033142,1.46442711353302,1.171541690826416,0.6860851049423218,time_out,0.27824997901916504,3.799999952316284,0.3853755593299866
uniform,1,2,71,999,0.23527167737483978,0.23603641986846924,1.511502742767334,1.510668158531189,1.208534598350525,0.677259087562561,time_out,0.27024999260902405,3.75,0.4028448462486267
uniform,1,2,72,999,0.16548392176628113,0.16631844639778137,1.423370361328125,1.4225351810455322,1.1380281448364258,0.6842281818389893,time_out,0.2874999940395355,3.799999952316284,0.3743513822555542
uniform,1,2,73,999,0.12265836447477341,0.12353571504354477,1.121989130973816,1.1208794116973877,0.8967035412788391,0.646553099155426,time_out,0.3240000009536743,3.75,0.29890117049217224
uniform,1,2,74,999,0.12922480702400208,0.13009558618068695,1.2832026481628418,1.2822884321212769,1.0258307456970215,0.6620287895202637,time_out,0.2902500033378601,3.799999952316284,0.33744433522224426
uniform,1,2,75,999,0.08445261418819427,0.08536817133426666,1.287683367729187,1.2868942022323608,1.0295153856277466,0.6626114845275879,time_out,0.304500013589859,3.762500047683716,0.34203168749809265
uniform,1,2,76,999,0.1467883288860321,0.14764155447483063,1.3887451887130737,1.3876899480819702,1.110152006149292,0.6859182715415955,time_out,0.2809999883174896,3.799999952316284,0.365181565284729
uniform,1,2,77,999,0.14490999281406403,0.14576508104801178,1.3923485279083252,1.3915413618087769,1.1132330894470215,0.6743611097335815,time_out,0.30300000309944153,3.75,0.37107768654823303
uniform,1,2,78,999,0.08105035871267319,0.08196931332349777,1.291926622390747,1.290972352027893,1.0327779054641724,0.6580744385719299,time_out,0.3057500123977661,3.762500047683716,0.34311556816101074
uniform,1,2,79,999,0.12710733711719513,0.12798023223876953,1.3668807744979858,1.366048812866211,1.0928391218185425,0.6847183704376221,time_out,0.2852500081062317,3.799999952316284,0.35948652029037476
uniform,1,2,80,999,0.09386949986219406,0.09477563202381134,1.3022089004516602,1.3013951778411865,1.0411161184310913,0.6729844808578491,time_out,0.29350000619888306,3.799999952316284,0.3424724340438843
uniform,1,2,81,999,0.09429415315389633,0.09519986063241959,1.3148367404937744,1.3122800588607788,1.0498241186141968,0.6627711057662964,time_out,0.31075000762939453,3.799999952316284,0.3453368544578552
uniform,1,2,82,999,0.11591269075870514,0.11679678410291672,1.1347509622573853,1.1338773965835571,0.9071019291877747,0.6518930196762085,time_out,0.30924999713897705,3.700000047683716,0.3064533472061157
uniform,1,2,83,999,0.13750477135181427,0.13836726546287537,1.3836541175842285,1.3829419612884521,1.1063536405563354,0.682209312915802,time_out,0.2785000205039978,3.7750000953674316,0.3663422465324402
uniform,1,2,84,999,0.15811163187026978,0.15895353257656097,1.4154670238494873,1.4147419929504395,1.1317936182022095,0.68428635597229,time_out,0.28299999237060547,3.75,0.37726452946662903
uniform,1,2,85,999,0.1563357710838318,0.15717943012714386,1.4124133586883545,1.4114725589752197,1.1291780471801758,0.6828263401985168,time_out,0.28125,3.799999952316284,0.3714401423931122
uniform,1,2,86,999,0.11610031127929688,0.11698421090841293,1.3521184921264648,1.351211667060852,1.0809693336486816,0.6774508953094482,time_out,0.2864999771118164,3.7750000953674316,0.3579368591308594
uniform,1,2,87,999,0.16764163970947266,0.1684740036725998,1.4169816970825195,1.4160584211349487,1.132846713066101,0.6820168495178223,time_out,0.29074999690055847,3.8125,0.37142515182495117
uniform,1,2,88,999,0.07785872370004654,0.0787808746099472,1.2646421194076538,1.263846755027771,1.0110774040222168,0.6564143300056458,time_out,0.3062499761581421,3.700000047683716,0.34158021211624146
uniform,1,2,89,999,0.1838555634021759,0.18467171490192413,1.4464240074157715,1.4455970525741577,1.156477689743042,0.6815353035926819,time_out,0.2840000092983246,3.799999952316284,0.3804202675819397
uniform,1,2,90,999,0.10692527145147324,0.1078183501958847,1.3368529081344604,1.3358709812164307,1.0686968564987183,0.6802977919578552,time_out,0.28025001287460327,3.799999952316284,0.3515450060367584
uniform,1,2,91,999,0.2192862331867218,0.22006694972515106,1.486557126045227,1.4858686923980713,1.188694953918457,0.6878511905670166,time_out,0.28574997186660767,3.799999952316284,0.3910180926322937
uniform,1,2,92,999,0.14709527790546417,0.14794819056987762,1.3994855880737305,1.398559808731079,1.1188478469848633,0.6778944134712219,time_out,0.28999999165534973,3.799999952316284,0.3680420517921448
uniform,1,2,93,999,0.07705940306186676,0.0779823511838913,1.2268311977386475,1.2259665727615356,0.9807732701301575,0.6493359804153442,time_out,0.31424999237060547,3.75,0.3269244134426117
uniform,1,2,94,999,0.19723659753799438,0.19803938269615173,1.4640073776245117,1.4630634784698486,1.1704508066177368,0.678222119808197,time_out,0.27425000071525574,3.75,0.390150249004364
uniform,1,2,95,999,0.11610054224729538,0.11698444932699203,1.1210078001022339,1.119995355606079,0.8959962725639343,0.6403853893280029,time_out,0.32899999618530273,3.75,0.29866543412208557
uniform,1,2,96,999,0.0858488380908966,0.08676299452781677,1.2339835166931152,1.2331706285476685,0.9865365028381348,0.6571400761604309,time_out,0.3140000104904175,3.75,0.3288455009460449
uniform,1,2,97,999,0.07807428389787674,0.0789962112903595,1.2378143072128296,1.2370128631591797,0.9896103143692017,0.6655547022819519,time_out,0.30799999833106995,3.700000047683716,0.3343277871608734
uniform,1,2,98,999,0.13902509212493896,0.1398860663175583,1.3879101276397705,1.387231469154358,1.1097851991653442,0.6884823441505432,time_out,0.2822500169277191,3.799999952316284,0.3650609254837036
uniform,1,2,99,999,0.24849705398082733,0.24924856424331665,1.5282119512557983,1.527462363243103,1.2219699621200562,0.679207980632782,time_out,0.26649999618530273,3.75,0.40732330083847046
uniform,1,3,0,999,0.07198712974786758,0.07291515171527863,1.662498116493225,1.66166090965271,0.9495205879211426,0.7350834012031555,time_out,0.3199999928474426,3.75,0.44310957193374634
uniform,1,3,1,999,0.224953293800354,0.2257283627986908,1.3595696687698364,1.358847975730896,0.7764846086502075,0.7014418244361877,time_out,0.3330000042915344,3.5999999046325684,0.37745776772499084
uniform,1,3,2,999,0.08604155480861664,0.08695551753044128,1.6568135023117065,1.655846118927002,0.9461978077888489,0.7365900874137878,time_out,0.31174999475479126,3.6875,0.44904300570487976
uniform,1,3,3,999,0.10375413298606873,0.10465037822723389,1.849560260772705,1.848555326461792,1.0563173294067383,0.7441087961196899,time_out,0.30300000309944153,3.799999952316284,0.48646193742752075
uniform,1,3,4,999,0.15518279373645782,0.1560276299715042,1.9505701065063477,1.9495185613632202,1.1140106916427612,0.759088933467865,time_out,0.2887499928474426,3.799999952316284,0.5130311846733093
uniform,1,3,5,999,0.0898379534482956,0.09074811637401581,1.652034878730774,1.6510721445083618,0.9434698224067688,0.7418074011802673,time_out,0.31150001287460327,3.7249999046325684,0.44324085116386414
uniform,1,3,6,999,0.10030689835548401,0.10120659321546555,1.8559441566467285,1.8551065921783447,1.060060977935791,0.7367132306098938,time_out,0.31199997663497925,3.75,0.49469509720802307
uniform,1,3,7,999,0.08320885896682739,0.08412565290927887,1.7935823202133179,1.7926372289657593,1.0243642330169678,0.7329294085502625,time_out,0.31049999594688416,3.75,0.4780365824699402
uniform,1,3,8,999,0.10929456353187561,0.11018528044223785,1.795996069908142,1.7951492071151733,1.0257996320724487,0.7488018274307251,time_out,0.30274999141693115,3.7750000953674316,0.47553619742393494
uniform,1,3,9,999,0.09658561646938324,0.09748903661966324,1.8171402215957642,1.8161745071411133,1.0378140211105347,0.740217387676239,time_out,0.3032500147819519,3.7750000953674316,0.4811058044433594
uniform,1,3,10,999,0.07934269309043884,0.08026335388422012,1.688109040260315,1.6870545148849487,0.9640312194824219,0.7341532111167908,time_out,0.31325000524520874,3.75,0.4498811960220337
uniform,1,3,11,999,0.09809333831071854,0.09899525344371796,1.6049432754516602,1.6040143966674805,0.9165797233581543,0.7343428134918213,time_out,0.31800001859664917,3.700000047683716,0.4335173964500427
uniform,1,3,12,999,0.09060985594987869,0.09151925146579742,1.7845863103866577,1.7834933996200562,1.0191391706466675,0.7496806383132935,time_out,0.3019999861717224,3.75,0.4755982458591461
uniform,1,3,13,999,0.08653677254915237,0.08745023608207703,1.781898021697998,1.7809524536132812,1.017687201499939,0.7283809781074524,time_out,0.32074999809265137,3.700000047683716,0.4813385009765625
uniform,1,3,14,999,0.0931752547621727,0.09408207982778549,1.8107130527496338,1.8098329305648804,1.03419029712677,0.7379874587059021,time_out,0.30900001525878906,3.75,0.4826221168041229
uniform,1,3,15,999,0.17805662751197815,0.1788785755634308,1.9819117784500122,1.981084942817688,1.1320486068725586,0.7479433417320251,time_out,0.3022499978542328,3.799999952316284,0.521338164806366
uniform,1,3,16,999,0.07207777351140976,0.07300570607185364,1.7320749759674072,1.731158971786499,0.9892337322235107,0.7395535111427307,time_out,0.31450000405311584,3.700000047683716,0.4678807854652405
uniform,1,3,17,999,0.08342161774635315,0.08433820307254791,1.6965852975845337,1.6956580877304077,0.9689475297927856,0.7359341382980347,time_out,0.32074999809265137,3.75,0.452175498008728
uniform,1,3,18,999,0.15615065395832062,0.1569945216178894,1.48160982131958,1.4807374477386475,0.8461357355117798,0.7052222490310669,time_out,0.3297500014305115,3.5999999046325684,0.4113159775733948
uniform,1,3,19,999,0.1736685186624527,0.17449484765529633,1.9893742799758911,1.9884998798370361,1.136285662651062,0.7595775723457336,time_out,0.28425002098083496,3.799999952316284,0.5232894420623779
uniform,1,3,20,999,0.0895557627081871,0.0904662162065506,1.675299048423767,1.674307107925415,0.9567469358444214,0.7324143648147583,time_out,0.320250004529953,3.7750000953674316,0.4435250461101532
uniform,1,3,21,999,0.06550105661153793,0.0664355605840683,1.770592212677002,1.769726037979126,1.0112720727920532,0.7251268029212952,time_out,0.31974998116493225,3.700000047683716,0.47830432653427124
uniform,1,3,22,999,0.0829823911190033,0.08389940857887268,1.7509078979492188,1.7498435974121094,0.9999106526374817,0.7505030035972595,time_out,0.30299997329711914,3.75,0.4666249454021454
uniform,1,3,23,999,0.08090310543775558,0.08182220906019211,1.710403561592102,1.7094037532806396,0.9768021702766418,0.7336832880973816,time_out,0.312250018119812,3.7249999046325684,0.4589003622531891
uniform,1,3,24,999,0.11447008699178696,0.11535561829805374,1.8733950853347778,1.8723150491714478,1.0698943138122559,0.7490761876106262,time_out,0.3005000054836273,3.799999952316284,0.4927144944667816
uniform,1,3,25,999,0.10123462229967117,0.1021333858370781,1.5801365375518799,1.5792235136032104,0.9024134874343872,0.7150560021400452,time_out,0.3465000092983246,3.700000047683716,0.4268171489238739
uniform,1,3,26,999,0.15342552959918976,0.15427212417125702,1.9308011531829834,1.9299691915512085,1.1028395891189575,0.7561493515968323,time_out,0.2942500114440918,3.799999952316284,0.5078866481781006
uniform,1,3,27,999,0.06636200845241547,0.06729564815759659,1.7546725273132324,1.7535817623138428,1.002046823501587,0.7306692600250244,time_out,0.3192499876022339,3.737499952316284,0.4691857695579529
uniform,1,3,28,999,0.06483975052833557,0.06577491015195847,1.7403160333633423,1.739493727684021,0.9939964413642883,0.7286618947982788,time_out,0.32100000977516174,3.700000047683716,0.4701334238052368
uniform,1,3,29,999,0.05359836667776108,0.05454477295279503,1.73770010471344,1.7368247509002686,0.9924713373184204,0.7320934534072876,time_out,0.31949999928474426,3.75,0.46315327286720276
uniform,1,3,30,999,0.08239975571632385,0.0833173543214798,1.753766655921936,1.7526317834854126,1.0015039443969727,0.748132586479187,time_out,0.30024999380111694,3.7249999046325684,0.4705051779747009
uniform,1,3,31,999,0.1630515158176422,0.16388846933841705,1.9765020608901978,1.9755958318710327,1.1289119720458984,0.7527489066123962,time_out,0.2952499985694885,3.799999952316284,0.5198936462402344
uniform,1,3,32,999,0.13171634078025818,0.13258463144302368,1.9170690774917603,1.9162743091583252,1.095013976097107,0.7488469481468201,time_out,0.29649999737739563,3.75,0.5110064744949341
uniform,1,3,33,999,0.07577166706323624,0.07669589668512344,1.7032393217086792,1.7023632526397705,0.9727790355682373,0.7234344482421875,time_out,0.31424999237060547,3.6750001907348633,0.4632280766963959
uniform,1,3,34,999,0.08458994328975677,0.08550535887479782,1.6727821826934814,1.6718597412109375,0.9553484916687012,0.7469212412834167,time_out,0.30274999141693115,3.700000047683716,0.45185399055480957
uniform,1,3,35,999,0.10925395786762238,0.1101447120308876,1.854612112045288,1.8536925315856934,1.0592529773712158,0.7421855330467224,time_out,0.30250000953674316,3.762500047683716,0.4926757514476776
uniform,1,3,36,999,0.17723849415779114,0.17806126177310944,1.9845548868179321,1.9827083349227905,1.1329762935638428,0.7548380494117737,time_out,0.29100000858306885,3.799999952316284,0.5217653512954712
uniform,1,3,37,999,0.11918873339891434,0.12006954848766327,1.8839315176010132,1.882791519165039,1.0758808851242065,0.7424458265304565,time_out,0.3102499842643738,3.75,0.5020777583122253
uniform,1,3,38,999,0.14892606437206268,0.14977715909481049,1.4999719858169556,1.4988855123519897,0.8565060496330261,0.7234218716621399,time_out,0.3297500014305115,3.6750001907348633,0.4078599810600281
uniform,1,3,39,999,0.18161895871162415,0.18243734538555145,2.0069332122802734,2.005772352218628,1.1461557149887085,0.7516496777534485,time_out,0.30250000953674316,3.799999952316284,0.5278348326683044
uniform,1,3,40,999,0.07802098244428635,0.07894296944141388,1.7983258962631226,1.7974859476089478,1.027134895324707,0.7346436977386475,time_out,0.3070000112056732,3.700000047683716,0.48580700159072876
uniform,1,3,41,999,0.14240022003650665,0.14325782656669617,1.9375253915786743,1.9366037845611572,1.106630802154541,0.7406775951385498,time_out,0.31349998712539673,3.7750000953674316,0.513007640838623
uniform,1,3,42,999,0.0709431916475296,0.07187224924564362,1.771851658821106,1.770885705947876,1.011934757232666,0.7341641783714294,time_out,0.31174999475479126,3.700000047683716,0.47861775755882263
uniform,1,3,43,999,0.13481228053569794,0.1356774866580963,1.5295201539993286,1.5287975072860718,0.8735986351966858,0.7223305106163025,time_out,0.32199999690055847,3.6500000953674316,0.4188486337661743
uniform,1,3,44,999,0.14654654264450073,0.14740000665187836,1.5101110935211182,1.5092551708221436,0.8624315857887268,0.7128279209136963,time_out,0.3267500102519989,3.6500000953674316,0.4134945571422577
uniform,1,3,45,999,0.13975487649440765,0.14061513543128967,1.9296938180923462,1.9287700653076172,1.1021543741226196,0.7454857230186462,time_out,0.30000001192092896,3.799999952316284,0.5075711011886597
uniform,1,3,46,999,0.124837726354599,0.12571290135383606,1.838417410850525,1.8373128175735474,1.0498931407928467,0.7358304858207703,time_out,0.3174999952316284,3.7874999046325684,0.48509910702705383
uniform,1,3,47,999,0.08036842197179794,0.08128806203603745,1.7469738721847534,1.7460352182388306,0.9977344274520874,0.730674684047699,time_out,0.3190000057220459,3.75,0.4656094014644623
uniform,1,3,48,999,0.09024862945079803,0.09115838259458542,1.6477736234664917,1.6469378471374512,0.9411073923110962,0.7380445599555969,time_out,0.3137499988079071,3.700000047683716,0.44511833786964417
uniform,1,3,49,999,0.09382084012031555,0.09472702443599701,1.7781119346618652,1.777360439300537,1.015634536743164,0.7514430284500122,time_out,0.2994999885559082,3.75,0.47396278381347656
uniform,1,3,50,999,0.06946179270744324,0.07039234042167664,1.6493648290634155,1.6483843326568604,0.9419339299201965,0.7218425869941711,time_out,0.32374998927116394,3.6500000953674316,0.4516121447086334
uniform,1,3,51,999,0.12865781784057617,0.1295291632413864,1.9088565111160278,1.9079641103744507,1.0902652740478516,0.7418463826179504,time_out,0.30399999022483826,3.75,0.5087904334068298
uniform,1,3,52,999,0.07221144437789917,0.0731392428278923,1.6448612213134766,1.6440092325210571,0.9394338726997375,0.7324088215827942,time_out,0.3242500126361847,3.75,0.4384024739265442
uniform,1,3,53,999,0.11327841877937317,0.11416514217853546,1.8859716653823853,1.885096549987793,1.0771980285644531,0.7490201592445374,time_out,0.3007500171661377,3.75,0.5026924014091492
uniform,1,3,54,999,0.1322314441204071,0.13309921324253082,1.9137883186340332,1.9128564596176147,1.093060851097107,0.7441600561141968,time_out,0.3032499849796295,3.75,0.5100950598716736
uniform,1,3,55,999,0.061395563185214996,0.06233416870236397,1.7112030982971191,1.7103822231292725,0.9773613214492798,0.7312900424003601,time_out,0.312749981880188,3.6500000953674316,0.4685978591442108
uniform,1,3,56,999,0.08823242038488388,0.08914419263601303,1.618646502494812,1.6175755262374878,0.9243289232254028,0.7315007448196411,time_out,0.3230000138282776,3.700000047683716,0.43718257546424866
uniform,1,3,57,999,0.17586836218833923,0.17669250071048737,1.9970645904541016,1.9961291551589966,1.1406452655792236,0.7521222829818726,time_out,0.29475000500679016,3.7750000953674316,0.5287759304046631
uniform,1,3,58,999,0.11981189996004105,0.12069208920001984,1.8830468654632568,1.8822906017303467,1.0755946636199951,0.7524741291999817,time_out,0.29649999737739563,3.762500047683716,0.5002765655517578
uniform,1,3,59,999,0.18645764887332916,0.18727120757102966,2.015169143676758,2.0142581462860107,1.151004672050476,0.7491180300712585,time_out,0.2992500066757202,3.799999952316284,0.5300679206848145
uniform,1,3,60,999,0.08528520166873932,0.08619991689920425,1.8005905151367188,1.7995809316635132,1.028331995010376,0.7360868453979492,time_out,0.30674999952316284,3.75,0.47988826036453247
uniform,1,3,61,999,0.08413877338171005,0.08505463600158691,1.6480989456176758,1.6471340656280518,0.9412195086479187,0.7271742224693298,time_out,0.31825000047683716,3.700000047683716,0.4451713562011719
uniform,1,3,62,999,0.12058524042367935,0.12146466225385666,1.544960379600525,1.5439810752868652,0.8822749257087708,0.7202019095420837,time_out,0.33649998903274536,3.700000047683716,0.41729217767715454
uniform,1,3,63,999,0.0872439444065094,0.08815670758485794,1.7352310419082642,1.7340768575668335,0.9909011125564575,0.7491481900215149,time_out,0.30400002002716064,3.75,0.4624204933643341
uniform,1,3,64,999,0.07665058225393295,0.07757393270730972,1.754635214805603,1.7533533573150635,1.0019162893295288,0.729242742061615,time_out,0.3165000081062317,3.75,0.46756088733673096
uniform,1,3,65,999,0.10815131664276123,0.1090431734919548,1.873237133026123,1.8722093105316162,1.0698339939117432,0.7318411469459534,time_out,0.31599998474121094,3.737499952316284,0.500925600528717
uniform,1,3,66,999,0.08470912277698517,0.08562441915273666,1.7878676652908325,1.7869824171066284,1.0211328268051147,0.7503150105476379,time_out,0.30250000953674316,3.700000047683716,0.48296821117401123
uniform,1,3,67,999,0.060434676706790924,0.0613742433488369,1.7339632511138916,1.733209252357483,0.9904053211212158,0.7286080718040466,time_out,0.3174999952316284,3.75,0.4621891379356384
uniform,1,3,68,999,0.0968751609325409,0.09777829051017761,1.8389707803726196,1.8376787900924683,1.0501022338867188,0.7442657351493835,time_out,0.3017500042915344,3.700000047683716,0.4966699481010437
uniform,1,3,69,999,0.07084628194570541,0.07177543640136719,1.6356841325759888,1.6349565982818604,0.9342609643936157,0.7267276048660278,time_out,0.34325000643730164,3.75,0.4359884262084961
uniform,1,3,70,999,0.1642773449420929,0.16511307656764984,1.9770563840866089,1.9762300252914429,1.1292743682861328,0.7547271847724915,time_out,0.2982499897480011,3.799999952316284,0.5200605392456055
uniform,1,3,71,999,0.18370798230171204,0.1845242828130722,2.009404182434082,2.0082919597625732,1.1475954055786133,0.7532355189323425,time_out,0.2882499694824219,3.799999952316284,0.5284978747367859
uniform,1,3,72,999,0.17578917741775513,0.17661339044570923,1.9970918893814087,1.996394395828247,1.1407968997955322,0.7450563311576843,time_out,0.30399999022483826,3.75,0.5323718190193176
uniform,1,3,73,999,0.11432018876075745,0.11520587652921677,1.596076488494873,1.595054030418396,0.9114595055580139,0.7308244705200195,time_out,0.32374998927116394,3.7249999046325684,0.42820242047309875
uniform,1,3,74,999,0.1002521961927414,0.1011519506573677,1.791653037071228,1.790693998336792,1.0232537984848022,0.7449880838394165,time_out,0.3057500123977661,3.799999952316284,0.4712352752685547
uniform,1,3,75,999,0.06740453094244003,0.06833712756633759,1.7741318941116333,1.7730274200439453,1.0131585597991943,0.7282550930976868,time_out,0.31975001096725464,3.700000047683716,0.47919660806655884
uniform,1,3,76,999,0.14795491099357605,0.14880697429180145,1.9423701763153076,1.9412590265274048,1.1092909574508667,0.7472802996635437,time_out,0.30375000834465027,3.799999952316284,0.5108576416969299
uniform,1,3,77,999,0.09776309877634048,0.09866534173488617,1.854569673538208,1.8537434339523315,1.0592820644378662,0.7351217865943909,time_out,0.3162499964237213,3.700000047683716,0.5010117292404175
uniform,1,3,78,999,0.07571779936552048,0.07664208859205246,1.7870407104492188,1.7805410623550415,1.0174521207809448,0.7256606817245483,time_out,0.3174999952316284,3.700000047683716,0.481227308511734
uniform,1,3,79,999,0.14185667037963867,0.14271481335163116,1.9347947835922241,1.933796763420105,1.1050267219543457,0.7399362921714783,time_out,0.30799999833106995,3.75,0.515679121017456
uniform,1,3,80,999,0.08370569348335266,0.08462198823690414,1.8120415210723877,1.8111705780029297,1.0349546670913696,0.7362698316574097,time_out,0.30550000071525574,3.7249999046325684,0.4862203001976013
uniform,1,3,81,999,0.07995907217264175,0.08087911456823349,1.8011488914489746,1.800147533416748,1.028655767440796,0.7332367897033691,time_out,0.3330000042915344,3.7750000953674316,0.47686025500297546
uniform,1,3,82,999,0.1073736771941185,0.10826630890369415,1.5979470014572144,1.5970959663391113,0.912626326084137,0.7303562164306641,time_out,0.3162499964237213,3.6750001907348633,0.4345839023590088
uniform,1,3,83,999,0.13086463510990143,0.13173377513885498,1.9114824533462524,1.9105405807495117,1.0917375087738037,0.7514419555664062,time_out,0.2957499921321869,3.75,0.5094774961471558
uniform,1,3,84,999,0.13794353604316711,0.1388055980205536,1.92818021774292,1.9271939992904663,1.1012537479400635,0.742537796497345,time_out,0.30550000071525574,3.700000047683716,0.5208632349967957
uniform,1,3,85,999,0.13992802798748016,0.14078810811042786,1.9267301559448242,1.925807237625122,1.1004613637924194,0.7497064471244812,time_out,0.2957500219345093,3.75,0.5135486125946045
uniform,1,3,86,999,0.11268018186092377,0.11356750875711441,1.8823024034500122,1.8811739683151245,1.0749566555023193,0.7410538792610168,time_out,0.3109999895095825,3.75,0.5016463994979858
uniform,1,3,87,999,0.15444882214069366,0.15529437363147736,1.9542416334152222,1.953391432762146,1.116223692893982,0.7407895922660828,time_out,0.3100000023841858,3.7750000953674316,0.5174546837806702
uniform,1,3,88,999,0.06795721501111984,0.06888926029205322,1.6756281852722168,1.6747682094573975,0.9570104479789734,0.7200548052787781,time_out,0.320250004529953,3.6500000953674316,0.45884057879447937
uniform,1,3,89,999,0.16184119880199432,0.16267935931682587,1.970967173576355,1.9699782133102417,1.125701904296875,0.7490879893302917,time_out,0.3057500123977661,3.799999952316284,0.5184153318405151
uniform,1,3,90,999,0.1273796260356903,0.12825225293636322,1.9188003540039062,1.9186683893203735,1.0963820219039917,0.7468746304512024,time_out,0.3072499930858612,3.799999952316284,0.5049127340316772
uniform,1,3,91,999,0.16172057390213013,0.16255885362625122,1.9354279041290283,1.9344574213027954,1.105404257774353,0.7556756734848022,time_out,0.304749995470047,3.799999952316284,0.5090677738189697
uniform,1,3,92,999,0.1380201280117035,0.138882115483284,1.9241032600402832,1.9233726263046265,1.0990700721740723,0.7403837442398071,time_out,0.30949997901916504,3.799999952316284,0.5061507225036621
uniform,1,3,93,999,0.06875423341989517,0.06968548148870468,1.6724824905395508,1.6714093685150146,0.955091118812561,0.7328708171844482,time_out,0.32074999809265137,3.75,0.4457091689109802
uniform,1,3,94,999,0.1658565253019333,0.1666906774044037,1.9745299816131592,1.9735926389694214,1.1277673244476318,0.7580245733261108,time_out,0.2932499945163727,3.799999952316284,0.5193665027618408
uniform,1,3,95,999,0.10083462297916412,0.10173378884792328,1.594536542892456,1.5935869216918945,0.910621166229248,0.7236835956573486,time_out,0.3412500023841858,3.737499952316284,0.4263777732849121
uniform,1,3,96,999,0.06737083196640015,0.06830346584320068,1.6933515071868896,1.6924424171447754,0.9671099781990051,0.7367696166038513,time_out,0.3212500214576721,3.762500047683716,0.44981858134269714
uniform,1,3,97,999,0.059552840888500214,0.06049329414963722,1.7050882577896118,1.7041553258895874,0.9738031029701233,0.7226380109786987,time_out,0.320250004529953,3.6500000953674316,0.4668918550014496
uniform,1,3,98,999,0.12780947983264923,0.12868167459964752,1.9076052904129028,1.9066351652145386,1.089505910873413,0.74912029504776,time_out,0.2997500002384186,3.75,0.5084360241889954
uniform,1,3,99,999,0.20721516013145447,0.20800796151161194,2.0400657653808594,2.0390396118164062,1.1651655435562134,0.7578220963478088,time_out,0.28824999928474426,3.799999952316284,0.5365893840789795
uniform,1,4,0,999,0.1144503727555275,0.11533592641353607,2.0045130252838135,2.0038836002349854,0.890614926815033,0.8092403411865234,time_out,0.33924999833106995,3.799999952316284,0.5273377895355225
uniform,1,4,1,999,0.8636358380317688,0.8637722730636597,0.3146398961544037,0.309072345495224,0.13736549019813538,0.5650203824043274,time_out,0.25600001215934753,3.9000000953674316,0.0792493149638176
uniform,1,4,2,999,0.06567780673503876,0.0666121318936348,2.1446373462677,2.1442134380340576,0.9529837369918823,0.8159437775611877,time_out,0.3292499780654907,3.799999952316284,0.5642666816711426
uniform,1,4,3,999,0.07635464519262314,0.07727829366922379,2.272325277328491,2.271547555923462,1.009576678276062,0.8153358101844788,time_out,0.31849998235702515,3.8374998569488525,0.5919342637062073
uniform,1,4,4,999,0.11957795172929764,0.12045837938785553,2.3788492679595947,2.3779449462890625,1.0568643808364868,0.8255265951156616,time_out,0.3167499899864197,3.8499999046325684,0.6176480650901794
uniform,1,4,5,999,0.09743354469537735,0.0983361154794693,2.057392120361328,2.056694746017456,0.9140865802764893,0.8205776214599609,time_out,0.328000009059906,3.8249998092651367,0.537697970867157
uniform,1,4,6,999,0.06881847232580185,0.06974966078996658,2.2642288208007812,2.2633562088012695,1.0059361457824707,0.8136003017425537,time_out,0.3395000100135803,3.799999952316284,0.5956200361251831
uniform,1,4,7,999,0.06578431278467178,0.06671853363513947,2.194793462753296,2.1941637992858887,0.97518390417099,0.8092665672302246,time_out,0.32249999046325684,3.799999952316284,0.5774115324020386
uniform,1,4,8,999,0.08892163634300232,0.08983272314071655,2.1534459590911865,2.1526849269866943,0.9567488431930542,0.8204384446144104,time_out,0.3215000033378601,3.799999952316284,0.5664960145950317
uniform,1,4,9,999,0.08344563841819763,0.08436219394207001,2.2823257446289062,2.281766414642334,1.0141184329986572,0.8153195381164551,time_out,0.32725000381469727,3.8499999046325684,0.5926666259765625
uniform,1,4,10,999,0.08061433583498001,0.08153372257947922,2.0986318588256836,2.09775972366333,0.9323376417160034,0.8126283884048462,time_out,0.3332499861717224,3.799999952316284,0.5520420670509338
uniform,1,4,11,999,0.10659559071063995,0.10748900473117828,2.032377243041992,2.031676769256592,0.9029674530029297,0.8165460824966431,time_out,0.33399999141693115,3.799999952316284,0.5346518158912659
uniform,1,4,12,999,0.08299142867326736,0.08390844613313675,2.269312620162964,2.26863169670105,1.0082807540893555,0.8207889199256897,time_out,0.32124999165534973,3.8125,0.5950509309768677
uniform,1,4,13,999,0.06957679986953735,0.0705072283744812,2.1759026050567627,2.175185203552246,0.9667490124702454,0.8139585852622986,time_out,0.3465000092983246,3.799999952316284,0.572417140007019
uniform,1,4,14,999,0.07182130962610245,0.07274949550628662,2.2692363262176514,2.268465995788574,1.008207082748413,0.8177738189697266,time_out,0.32199999690055847,3.8249998092651367,0.5930630564689636
uniform,1,4,15,999,0.10664550215005875,0.1075388640165329,2.379504442214966,2.3790197372436523,1.0573421716690063,0.820482075214386,time_out,0.3462499976158142,3.8499999046325684,0.6179271936416626
uniform,1,4,16,999,0.08184929937124252,0.08276744931936264,2.101043701171875,2.100219964981079,0.933431088924408,0.8213891386985779,time_out,0.33149999380111694,3.799999952316284,0.5526894927024841
uniform,1,4,17,999,0.0862700492143631,0.08718378096818924,2.073488473892212,2.0729453563690186,0.9213090538978577,0.8162181377410889,time_out,0.33124998211860657,3.799999952316284,0.5455119609832764
uniform,1,4,18,999,0.09122636169195175,0.09213513880968094,2.0521459579467773,2.0514564514160156,0.9117584228515625,0.7997466325759888,time_out,0.3647499978542328,3.799999952316284,0.5398569703102112
uniform,1,4,19,999,0.12614597380161285,0.12701983749866486,2.4329261779785156,2.43275785446167,1.0812257528305054,0.8226077556610107,time_out,0.3109999895095825,3.8125,0.6381004452705383
uniform,1,4,20,999,0.09709792584180832,0.09800083935260773,2.0580503940582275,2.0576658248901367,0.9145181775093079,0.8094375133514404,time_out,0.3372499942779541,3.8499999046325684,0.5344586968421936
uniform,1,4,21,999,0.05335631221532822,0.05430295690894127,2.1798107624053955,2.1792800426483154,0.9685689210891724,0.8195167779922485,time_out,0.3292500078678131,3.799999952316284,0.5734947323799133
uniform,1,4,22,999,0.07300043851137161,0.07392743974924088,2.1707305908203125,2.169942855834961,0.9644190669059753,0.8229461908340454,time_out,0.3232499957084656,3.799999952316284,0.5710375905036926
uniform,1,4,23,999,0.08111239224672318,0.08203128725290298,2.1100728511810303,2.1095504760742188,0.937578022480011,0.8178303241729736,time_out,0.3254999816417694,3.799999952316284,0.5551448464393616
uniform,1,4,24,999,0.09667257219552994,0.09757590293884277,2.3303213119506836,2.3295514583587646,1.0353561639785767,0.816353440284729,time_out,0.31849998235702515,3.8374998569488525,0.607049286365509
uniform,1,4,25,999,0.12540635466575623,0.12628094851970673,1.9708091020584106,1.970350742340088,0.8757114410400391,0.7911046743392944,time_out,0.3812500238418579,3.799999952316284,0.5185133814811707
uniform,1,4,26,999,0.1287732571363449,0.1296444982290268,2.400486946105957,2.4002158641815186,1.0667625665664673,0.8321968913078308,time_out,0.3167499899864197,3.8374998569488525,0.6254634261131287
uniform,1,4,27,999,0.06872300058603287,0.06965427845716476,2.1433236598968506,2.1423614025115967,0.952160656452179,0.8128723502159119,time_out,0.32750001549720764,3.799999952316284,0.5637792944908142
uniform,1,4,28,999,0.0676119476556778,0.06854433566331863,2.11747670173645,2.117227077484131,0.9409897923469543,0.815089762210846,time_out,0.3530000150203705,3.799999952316284,0.5571650266647339
uniform,1,4,29,999,0.08045985549688339,0.08137939870357513,2.077019214630127,2.077019214630127,0.9231196641921997,0.8073800802230835,time_out,0.3425000011920929,3.799999952316284,0.5465840101242065
uniform,1,4,30,999,0.09518730640411377,0.0960921198129654,2.1952157020568848,2.194448709487915,0.9753105640411377,0.8255523443222046,time_out,0.3205000162124634,3.8249998092651367,0.5737121105194092
uniform,1,4,31,999,0.105107881128788,0.10600277781486511,2.377289295196533,2.37692928314209,1.0564130544662476,0.8188403844833374,time_out,0.3257499933242798,3.8374998569488525,0.6193952560424805
uniform,1,4,32,999,0.09832077473402023,0.09922245144844055,2.3549256324768066,2.3540711402893066,1.0462538003921509,0.8138711452484131,time_out,0.31949999928474426,3.799999952316284,0.6194924116134644
uniform,1,4,33,999,0.06921099871397018,0.07014178484678268,2.2184536457061768,2.2175588607788086,0.9855816960334778,0.8173418641090393,time_out,0.3384999930858612,3.799999952316284,0.5835681557655334
uniform,1,4,34,999,0.07535311579704285,0.07627777010202408,2.1556472778320312,2.15501070022583,0.9577825665473938,0.8269709944725037,time_out,0.32350000739097595,3.799999952316284,0.5671080946922302
uniform,1,4,35,999,0.09140560030937195,0.09231419861316681,2.318507194519043,2.317840814590454,1.0301514863967896,0.8152757287025452,time_out,0.3194999694824219,3.799999952316284,0.6099581122398376
uniform,1,4,36,999,0.12076836079359055,0.12164759635925293,2.40958571434021,2.409127950668335,1.070723533630371,0.8259084820747375,time_out,0.32375001907348633,3.8499999046325684,0.625747561454773
uniform,1,4,37,999,0.07899286597967148,0.07991387695074081,2.2700552940368652,2.269345283508301,1.00859797000885,0.8236008882522583,time_out,0.33400002121925354,3.8249998092651367,0.5932928919792175
uniform,1,4,38,999,0.1637430340051651,0.16457928717136383,1.8851211071014404,1.8845977783203125,0.8375990390777588,0.8110968470573425,time_out,0.3397499918937683,3.799999952316284,0.4959467947483063
uniform,1,4,39,999,0.11433735489845276,0.11522302031517029,2.379287004470825,2.3790228366851807,1.0573434829711914,0.8208898305892944,time_out,0.3215000033378601,3.8499999046325684,0.6179280281066895
uniform,1,4,40,999,0.06544891744852066,0.0663834735751152,2.232703685760498,2.2321839332580566,0.9920817613601685,0.8162835240364075,time_out,0.3267499804496765,3.8249998092651367,0.5835775136947632
uniform,1,4,41,999,0.08678708225488663,0.08770029991865158,2.3303608894348145,2.3295600414276123,1.0353599786758423,0.813502311706543,time_out,0.3467499911785126,3.799999952316284,0.6130421161651611
uniform,1,4,42,999,0.06460999697446823,0.06554538756608963,2.1871418952941895,2.1869702339172363,0.9719867706298828,0.818455159664154,time_out,0.32499998807907104,3.8249998092651367,0.5717569589614868
uniform,1,4,43,999,0.11583886295557022,0.11672303080558777,1.996913194656372,1.996010422706604,0.8871157765388489,0.8029690384864807,time_out,0.34375,3.799999952316284,0.5252659320831299
uniform,1,4,44,999,0.11765020340681076,0.11853256076574326,1.9946517944335938,1.993722677230835,0.8860989809036255,0.7908324599266052,time_out,0.34450000524520874,3.75,0.5316593647003174
uniform,1,4,45,999,0.10010144859552383,0.10100135207176208,2.355588436126709,2.354849338531494,1.0465997457504272,0.8183901906013489,time_out,0.32099997997283936,3.8374998569488525,0.6136415600776672
uniform,1,4,46,999,0.07371307164430618,0.07463936507701874,2.284756898880005,2.2838892936706543,1.0150619745254517,0.8150302171707153,time_out,0.3489999771118164,3.8249998092651367,0.597095251083374
uniform,1,4,47,999,0.07094481587409973,0.07187387347221375,2.158353805541992,2.1576647758483887,0.9589621424674988,0.8122997879981995,time_out,0.3292499780654907,3.8374998569488525,0.5622579455375671
uniform,1,4,48,999,0.1078624427318573,0.10875458270311356,2.020509958267212,2.019568920135498,0.8975861668586731,0.8188372850418091,time_out,0.3322499990463257,3.799999952316284,0.5314655303955078
uniform,1,4,49,999,0.07987240701913834,0.08079253882169724,2.231204032897949,2.230463743209839,0.9913172125816345,0.822717010974884,time_out,0.32225000858306885,3.799999952316284,0.5869641304016113
uniform,1,4,50,999,0.09988851845264435,0.10078863054513931,2.0339229106903076,2.0335896015167236,0.9038175940513611,0.8176674842834473,time_out,0.3362500071525574,3.799999952316284,0.535155177116394
uniform,1,4,51,999,0.09622678905725479,0.09713056683540344,2.3575944900512695,2.3568921089172363,1.047507643699646,0.8165154457092285,time_out,0.3382500112056732,3.8125,0.6182011961936951
uniform,1,4,52,999,0.11753157526254654,0.11841405183076859,1.988783359527588,1.9883090257644653,0.8836929202079773,0.8108698725700378,time_out,0.34700000286102295,3.8125,0.521523654460907
uniform,1,4,53,999,0.08598404377698898,0.08689805865287781,2.315317153930664,2.3148982524871826,1.028843641281128,0.815174400806427,time_out,0.3399999737739563,3.8249998092651367,0.6052021980285645
uniform,1,4,54,999,0.10163138061761856,0.10252974927425385,2.331834316253662,2.331516742706299,1.0362297296524048,0.8219322562217712,time_out,0.3162499964237213,3.8499999046325684,0.6055887937545776
uniform,1,4,55,999,0.06485550850629807,0.06579065322875977,2.1556577682495117,2.153440237045288,0.9570845365524292,0.8212836980819702,time_out,0.3412500023841858,3.799999952316284,0.5666947960853577
uniform,1,4,56,999,0.12788446247577667,0.128756582736969,1.9681074619293213,1.9672900438308716,0.8743511438369751,0.8115414977073669,time_out,0.3487499952316284,3.799999952316284,0.517707884311676
uniform,1,4,57,999,0.10369464010000229,0.10459094494581223,2.35898494720459,2.3582255840301514,1.048100233078003,0.8182123303413391,time_out,0.33399999141693115,3.8499999046325684,0.6125261187553406
uniform,1,4,58,999,0.10001923143863678,0.1009192168712616,2.3416035175323486,2.340991497039795,1.0404406785964966,0.8203436732292175,time_out,0.3230000138282776,3.8249998092651367,0.6120239496231079
uniform,1,4,59,999,0.09848926961421967,0.09939078241586685,2.358712911605835,2.3578100204467773,1.0479155778884888,0.8170468211174011,time_out,0.34074997901916504,3.8499999046325684,0.6124181747436523
uniform,1,4,60,999,0.0703984797000885,0.07132808119058609,2.2397940158843994,2.2388479709625244,0.9950435757637024,0.8177362084388733,time_out,0.32475000619888306,3.8249998092651367,0.5853197574615479
uniform,1,4,61,999,0.8513901829719543,0.8515388369560242,0.3403010666370392,0.3366255760192871,0.14961136877536774,0.5735501646995544,time_out,0.2617500126361847,4.0,0.08415639400482178
uniform,1,4,62,999,0.14220362901687622,0.14306144416332245,1.9342236518859863,1.9339581727981567,0.8595369458198547,0.8019852638244629,time_out,0.35075002908706665,3.799999952316284,0.50893634557724
uniform,1,4,63,999,0.0876103863120079,0.0885227769613266,2.1658926010131836,2.1655142307281494,0.9624508023262024,0.8216671943664551,time_out,0.32375001907348633,3.799999952316284,0.5698722004890442
uniform,1,4,64,999,0.06135144457221031,0.062290094792842865,2.203113079071045,2.2024214267730713,0.9788540005683899,0.809639036655426,time_out,0.3452500104904175,3.799999952316284,0.5795845985412598
uniform,1,4,65,999,0.07564882189035416,0.07657317817211151,2.2990097999572754,2.2988345623016357,1.0217043161392212,0.8109612464904785,time_out,0.34974998235702515,3.799999952316284,0.6049564480781555
uniform,1,4,66,999,0.07969249784946442,0.08061280846595764,2.2878026962280273,2.2873408794403076,1.0165959596633911,0.8263739347457886,time_out,0.3232499957084656,3.799999952316284,0.6019318103790283
uniform,1,4,67,999,0.06489017605781555,0.06582529097795486,2.1359658241271973,2.135599374771118,0.9491552710533142,0.8083457946777344,time_out,0.34549999237060547,3.799999952316284,0.5619998574256897
uniform,1,4,68,999,0.07776026427745819,0.07868250459432602,2.294682264328003,2.2942659854888916,1.0196738243103027,0.8179435133934021,time_out,0.32499998807907104,3.799999952316284,0.6037542223930359
uniform,1,4,69,999,0.1078435555100441,0.10873571783304214,2.0182671546936035,2.017577886581421,0.8967012763023376,0.8033981323242188,time_out,0.3659999966621399,3.799999952316284,0.5309415459632874
uniform,1,4,70,999,0.13154210150241852,0.13241055607795715,2.4301018714904785,2.4292259216308594,1.0796560049057007,0.8222054243087769,time_out,0.3190000057220459,3.8374998569488525,0.6330230832099915
uniform,1,4,71,999,0.12742280960083008,0.1282953917980194,2.419646978378296,2.4188544750213623,1.075046420097351,0.8230510950088501,time_out,0.320499986410141,3.8499999046325684,0.6282739043235779
uniform,1,4,72,999,0.10546208173036575,0.10635662823915482,2.3779940605163574,2.377241849899292,1.0565519332885742,0.8182337284088135,time_out,0.31825000047683716,3.799999952316284,0.6255899667739868
uniform,1,4,73,999,0.12054843455553055,0.12142789363861084,1.9871541261672974,1.9862345457077026,0.8827708959579468,0.8095370531082153,time_out,0.34450000524520874,3.799999952316284,0.5226933360099792
uniform,1,4,74,999,0.08168421685695648,0.08260253816843033,2.221984624862671,2.221984624862671,0.9875487089157104,0.8183271288871765,time_out,0.3244999945163727,3.8249998092651367,0.5809110403060913
uniform,1,4,75,999,0.05298255756497383,0.05392957851290703,2.185314655303955,2.1848511695861816,0.9710449576377869,0.8196168541908264,time_out,0.3297500014305115,3.799999952316284,0.5749608278274536
uniform,1,4,76,999,0.10694712400436401,0.10784018784761429,2.3343496322631836,2.3340721130371094,1.037365436553955,0.8166791200637817,time_out,0.33149999380111694,3.8499999046325684,0.6062524914741516
uniform,1,4,77,999,0.06638792157173157,0.0673215389251709,2.2750649452209473,2.2747504711151123,1.0110002756118774,0.8183422684669495,time_out,0.320250004529953,3.799999952316284,0.5986185669898987
uniform,1,4,78,999,0.05292714014649391,0.053874216973781586,2.1786916255950928,2.1783275604248047,0.9681456089019775,0.8169463872909546,time_out,0.3305000066757202,3.799999952316284,0.5732440948486328
uniform,1,4,79,999,0.0920669287443161,0.09297486394643784,2.340681552886963,2.339772939682007,1.0398991107940674,0.8188366293907166,time_out,0.3264999985694885,3.799999952316284,0.6157297492027283
uniform,1,4,80,999,0.07106108218431473,0.07199002057313919,2.269625186920166,2.2688605785369873,1.0083824396133423,0.8138932585716248,time_out,0.3347499966621399,3.8249998092651367,0.593166172504425
uniform,1,4,81,999,0.0556534118950367,0.0565977618098259,2.2128331661224365,2.2125463485717773,0.9833539128303528,0.8103033900260925,time_out,0.36000001430511475,3.799999952316284,0.5822490453720093
uniform,1,4,82,999,0.0801011398434639,0.08102104812860489,2.097536087036133,2.096834182739258,0.9319263100624084,0.8157656788825989,time_out,0.33525002002716064,3.799999952316284,0.5517984628677368
uniform,1,4,83,999,0.10372789949178696,0.1046241745352745,2.3491103649139404,2.348252534866333,1.0436677932739258,0.8236923813819885,time_out,0.32099997997283936,3.8374998569488525,0.6119225025177002
uniform,1,4,84,999,0.08726906776428223,0.08818180859088898,2.3253679275512695,2.3242456912994385,1.0329980850219727,0.8175765872001648,time_out,0.320250004529953,3.799999952316284,0.6116436123847961
uniform,1,4,85,999,0.0975184440612793,0.09842093288898468,2.3564558029174805,2.356170415878296,1.0471868515014648,0.8165562748908997,time_out,0.33149999380111694,3.8499999046325684,0.611992359161377
uniform,1,4,86,999,0.0772244930267334,0.0781472772359848,2.293358087539673,2.2924396991729736,1.0188621282577515,0.8155956864356995,time_out,0.34175002574920654,3.8249998092651367,0.5993306636810303
uniform,1,4,87,999,0.10007965564727783,0.10097958147525787,2.367487907409668,2.367278814315796,1.0521239042282104,0.8208868503570557,time_out,0.32475000619888306,3.8374998569488525,0.616880476474762
uniform,1,4,88,999,0.06289961189031601,0.0638367161154747,2.149031162261963,2.1483891010284424,0.9548395872116089,0.8145496249198914,time_out,0.335999995470047,3.799999952316284,0.5653655529022217
uniform,1,4,89,999,0.09971127659082413,0.10061156749725342,2.3669931888580322,2.366363286972046,1.0517170429229736,0.8116893768310547,time_out,0.3434999883174896,3.8249998092651367,0.618657112121582
uniform,1,4,90,999,0.09182441979646683,0.09273260086774826,2.355881690979004,2.355020046234131,1.0466755628585815,0.8162475228309631,time_out,0.32374998927116394,3.799999952316284,0.6197420954704285
uniform,1,4,91,999,0.11898508667945862,0.11986611038446426,2.3810906410217285,2.380567789077759,1.058030128479004,0.8262946009635925,time_out,0.3230000138282776,3.8249998092651367,0.622370719909668
uniform,1,4,92,999,0.08202198147773743,0.08293996006250381,2.328592300415039,2.3282153606414795,1.0347623825073242,0.8117008805274963,time_out,0.34700000286102295,3.8374998569488525,0.6067010760307312
uniform,1,4,93,999,0.10827916115522385,0.10917089134454727,2.0192553997039795,2.0184295177459717,0.8970797657966614,0.81048184633255,time_out,0.33274999260902405,3.799999952316284,0.5311656594276428
uniform,1,4,94,999,0.13026569783687592,0.13113544881343842,2.3515782356262207,2.3511900901794434,1.044973373413086,0.8199073076248169,time_out,0.3179999887943268,3.8499999046325684,0.6106987595558167
uniform,1,4,95,999,0.11760510504245758,0.11848750710487366,1.9892743825912476,1.9888663291931152,0.883940577507019,0.8076887726783752,time_out,0.35899999737739563,3.799999952316284,0.5233858823776245
uniform,1,4,96,999,0.08953329920768738,0.09044376760721207,2.0642848014831543,2.0635993480682373,0.9171552658081055,0.8156533241271973,time_out,0.3334999978542328,3.799999952316284,0.5430524945259094
uniform,1,4,97,999,0.05946594476699829,0.060406479984521866,2.174434185028076,2.1741929054260254,0.9663079380989075,0.819162130355835,time_out,0.3267499804496765,3.799999952316284,0.5721560120582581
uniform,1,4,98,999,0.09752973914146423,0.09843222051858902,2.3546183109283447,2.354524612426758,1.0464553833007812,0.8246663808822632,time_out,0.3317500054836273,3.8499999046325684,0.6115648746490479
uniform,1,4,99,999,0.14477604627609253,0.14563128352165222,2.4563217163085938,2.455848217010498,1.0914881229400635,0.8280568718910217,time_out,0.3149999976158142,3.8499999046325684,0.637882649898529
uniform,1,5,0,999,0.8897967338562012,0.8899069428443909,0.30724334716796875,0.3058103024959564,0.11120375245809555,0.5634133815765381,time_out,0.2619999945163727,3.9250001907348633,0.07791344821453094
uniform,1,5,1,999,0.8959615230560303,0.8960655927658081,0.29866504669189453,0.28886112570762634,0.10504041612148285,0.5581246614456177,time_out,0.2552499771118164,3.9000000953674316,0.07406695187091827
uniform,1,5,2,999,0.8864672780036926,0.8865808248519897,0.3150540888309479,0.3149675726890564,0.11453366279602051,0.5658167600631714,time_out,0.25050002336502075,3.8499999046325684,0.08180975914001465
uniform,1,5,3,999,0.8661734461784363,0.8663073182106018,0.3727656602859497,0.37077566981315613,0.13482752442359924,0.5666215419769287,time_out,0.2459999918937683,3.9000000953674316,0.09507068246603012
uniform,1,5,4,999,0.7044003009796143,0.7046959400177002,0.8159021735191345,0.815650224685669,0.2966001033782959,0.6045283675193787,time_out,0.23725000023841858,3.8374998569488525,0.21254730224609375
uniform,1,5,5,999,0.8888599276542664,0.8889710903167725,0.31121084094047546,0.3083890676498413,0.11214148253202438,0.5748522281646729,time_out,0.24650000035762787,3.9000000953674316,0.07907411456108093
uniform,1,5,6,999,0.8262969255447388,0.826470673084259,0.4805116355419159,0.4804359972476959,0.17470400035381317,0.5904643535614014,time_out,0.242249995470047,3.8499999046325684,0.12478857487440109
uniform,1,5,7,999,0.8868484497070312,0.8869616389274597,0.3149656653404236,0.31391942501068115,0.11415252089500427,0.5589330792427063,time_out,0.24574999511241913,3.9375,0.07972557097673416
uniform,1,5,8,999,0.8893507719039917,0.8894614577293396,0.31078651547431946,0.3070390820503235,0.11165057867765427,0.5755095481872559,time_out,0.2395000010728836,3.9000000953674316,0.07872796803712845
uniform,1,5,9,999,0.8894119262695312,0.8895225524902344,0.31169483065605164,0.3068687617778778,0.11158864200115204,0.5654601454734802,time_out,0.24674999713897705,3.950000047683716,0.0776882916688919
uniform,1,5,10,999,0.8900420665740967,0.890152096748352,0.30731263756752014,0.3051351010799408,0.11095821857452393,0.5654538869857788,time_out,0.24975000321865082,3.950000047683716,0.07724939286708832
uniform,1,5,11,999,0.8972465395927429,0.8973493576049805,0.2862749695777893,0.2853265106678009,0.10375510156154633,0.5751619935035706,time_out,0.24700000882148743,3.9000000953674316,0.07316064089536667
uniform,1,5,12,999,0.9052481651306152,0.9053429365158081,0.2657254636287689,0.2633191645145416,0.09575242549180984,0.5759029388427734,time_out,0.2397499978542328,4.0,0.0658297911286354
uniform,1,5,13,999,0.639125645160675,0.63948655128479,0.9953717589378357,0.9951568245887756,0.3618752062320709,0.6618749499320984,time_out,0.2527499794960022,3.950000047683716,0.25193843245506287
uniform,1,5,14,999,0.896599531173706,0.8967030048370361,0.29362621903419495,0.28710290789604187,0.10440105944871902,0.5701119899749756,time_out,0.24774999916553497,4.050000190734863,0.07088960707187653
uniform,1,5,15,999,0.3094722032546997,0.3101627230644226,1.9267126321792603,1.9266356229782104,0.7005947828292847,0.7767477035522461,time_out,0.29899999499320984,3.950000047683716,0.48775583505630493
uniform,1,5,16,999,0.12890589237213135,0.1297769993543625,2.3985962867736816,2.3982620239257812,0.8720952868461609,0.870518684387207,time_out,0.36675000190734863,3.9000000953674316,0.6149389743804932
uniform,1,5,17,999,0.8862044215202332,0.8863182663917542,0.31815916299819946,0.31569021940231323,0.11479644477367401,0.5797605514526367,time_out,0.2522500157356262,3.950000047683716,0.07992157340049744
uniform,1,5,18,999,0.9106860756874084,0.9107754230499268,0.2519128620624542,0.2483668029308319,0.09031520038843155,0.5802001953125,time_out,0.2605000138282776,4.0,0.06209170073270798
uniform,1,5,19,999,0.5798983573913574,0.5803185105323792,1.1582075357437134,1.1580336093902588,0.4211031496524811,0.6386783719062805,time_out,0.234499990940094,3.8499999046325684,0.30078795552253723
uniform,1,5,20,999,0.8920258283615112,0.8921338319778442,0.3069283962249756,0.2996827960014343,0.10897556692361832,0.5589664578437805,time_out,0.25300002098083496,3.950000047683716,0.07586906105279922
uniform,1,5,21,999,0.8640837669372559,0.8642197251319885,0.3766787052154541,0.3765217065811157,0.13691699504852295,0.5738068222999573,time_out,0.2522500157356262,3.9000000953674316,0.09654402732849121
uniform,1,5,22,999,0.8673533201217651,0.8674860000610352,0.36776891350746155,0.36753177642822266,0.13364791870117188,0.5794632434844971,time_out,0.24324999749660492,3.8499999046325684,0.09546279907226562
uniform,1,5,23,999,0.893761157989502,0.8938674330711365,0.295905739068985,0.29490986466407776,0.10723995417356491,0.5629368424415588,time_out,0.24449999630451202,3.9000000953674316,0.07561790943145752
uniform,1,5,24,999,0.8698619604110718,0.869992196559906,0.3607800304889679,0.36063095927238464,0.13113853335380554,0.5688022375106812,time_out,0.24025000631809235,3.950000047683716,0.09129897505044937
uniform,1,5,25,999,0.9053523540496826,0.9054470658302307,0.27383410930633545,0.2630315124988556,0.09564782679080963,0.5698218941688538,time_out,0.26625001430511475,4.050000190734863,0.06494604796171188
uniform,1,5,26,999,0.6525065898895264,0.6528540849685669,0.9584541320800781,0.9583600163459778,0.3484945595264435,0.6369377970695496,time_out,0.2355000078678131,3.9000000953674316,0.2457333356142044
uniform,1,5,27,999,0.8740106225013733,0.8741366267204285,0.34974274039268494,0.3492251932621002,0.12699098885059357,0.5685936808586121,time_out,0.25325000286102295,3.9000000953674316,0.08954492211341858
uniform,1,5,28,999,0.8949300646781921,0.8950352072715759,0.2922648787498474,0.2916945517063141,0.10607074946165085,0.5793880224227905,time_out,0.2592499852180481,4.0,0.07292363792657852
uniform,1,5,29,999,0.8846755027770996,0.8847908973693848,0.32035568356513977,0.31989455223083496,0.11632529646158218,0.5642988681793213,time_out,0.26200002431869507,4.0,0.07997363805770874
uniform,1,5,30,999,0.9007025957107544,0.9008018970489502,0.27698108553886414,0.27582210302352905,0.10029894858598709,0.5766180753707886,time_out,0.2395000010728836,3.950000047683716,0.06982837617397308
uniform,1,5,31,999,0.609142541885376,0.609533429145813,1.07791006565094,1.0776102542877197,0.3918582797050476,0.6308230757713318,time_out,0.23924998939037323,3.887500047683716,0.27719876170158386
uniform,1,5,32,999,0.7911195755004883,0.791328489780426,0.5773069858551025,0.5771756172180176,0.20988205075263977,0.5797867178916931,time_out,0.2407500147819519,3.8499999046325684,0.14991575479507446
uniform,1,5,33,999,0.8914194107055664,0.8915280699729919,0.3018433749675751,0.3013487756252289,0.1095813736319542,0.5722705721855164,time_out,0.25174999237060547,4.0,0.07533719390630722
uniform,1,5,34,999,0.8853701949119568,0.8854848146438599,0.31906965374946594,0.3179857134819031,0.11563117057085037,0.5723637342453003,time_out,0.2409999966621399,3.8499999046325684,0.08259369432926178
uniform,1,5,35,999,0.868266761302948,0.8683985471725464,0.36527734994888306,0.3650195896625519,0.13273440301418304,0.5624849796295166,time_out,0.23925000429153442,3.9000000953674316,0.09359476715326309
uniform,1,5,36,999,0.5489943027496338,0.5494453310966492,1.2431097030639648,1.2430182695388794,0.45200666785240173,0.6598575711250305,time_out,0.23450002074241638,3.9000000953674316,0.3187226355075836
uniform,1,5,37,999,0.09433776140213013,0.0952434316277504,2.4960505962371826,2.4958865642547607,0.907595157623291,0.880878210067749,time_out,0.3700000047683716,3.950000047683716,0.6318700313568115
uniform,1,5,38,999,0.8940690159797668,0.8941749930381775,0.29903316497802734,0.2940637171268463,0.10693226754665375,0.5584339499473572,time_out,0.25575000047683716,3.9000000953674316,0.0754009485244751
uniform,1,5,39,999,0.5537177324295044,0.5541640520095825,1.2300922870635986,1.2300286293029785,0.44728314876556396,0.6508653163909912,time_out,0.23675000667572021,3.8499999046325684,0.31948795914649963
uniform,1,5,40,999,0.8644811511039734,0.8646167516708374,0.37556812167167664,0.3754296898841858,0.1365198940038681,0.5718742609024048,time_out,0.24849998950958252,3.9000000953674316,0.09626401960849762
uniform,1,5,41,999,0.5748594403266907,0.5752846598625183,1.1720846891403198,1.1718897819519043,0.42614173889160156,0.6616109013557434,time_out,0.2475000023841858,3.9375,0.29762279987335205
uniform,1,5,42,999,0.8821317553520203,0.882249653339386,0.32742878794670105,0.3268883228302002,0.11886848509311676,0.5635589957237244,time_out,0.25200000405311584,3.8499999046325684,0.08490605652332306
uniform,1,5,43,999,0.8871625661849976,0.8872754573822021,0.31544041633605957,0.3130556046962738,0.11383840441703796,0.560825765132904,time_out,0.25449997186660767,3.9000000953674316,0.0802706629037857
uniform,1,5,44,999,0.9100181460380554,0.910108208656311,0.2612116038799286,0.25020259618759155,0.09098276495933533,0.5675835609436035,time_out,0.2562500238418579,4.0,0.06255064904689789
uniform,1,5,45,999,0.785395622253418,0.7856102585792542,0.5937318205833435,0.5929146409034729,0.21560533344745636,0.5899602174758911,time_out,0.24175000190734863,3.9000000953674316,0.1520293951034546
uniform,1,5,46,999,0.5542256236076355,0.5546714067459106,1.228826642036438,1.2286313772201538,0.44677504897117615,0.6770172119140625,time_out,0.25725001096725464,3.9625000953674316,0.3100647032260895
uniform,1,5,47,999,0.9167041182518005,0.9167874455451965,0.23902855813503265,0.23181608319282532,0.08429676294326782,0.5687193870544434,time_out,0.25450000166893005,4.099999904632568,0.056540507823228836
uniform,1,5,48,999,0.8860124349594116,0.8861264586448669,0.3176269829273224,0.316219687461853,0.11498898267745972,0.5785725116729736,time_out,0.24700000882148743,3.8499999046325684,0.08213498443365097
uniform,1,5,49,999,0.8779282569885254,0.8780503869056702,0.33880892395973206,0.33845284581184387,0.1230737641453743,0.5635878443717957,time_out,0.23749999701976776,3.9000000953674316,0.0867827758193016
uniform,1,5,50,999,0.8893827199935913,0.8894934058189392,0.30751660466194153,0.30695071816444397,0.11161844432353973,0.5710218548774719,time_out,0.25224998593330383,3.9000000953674316,0.0787053108215332
uniform,1,5,51,999,0.8141363263130188,0.8143222332000732,0.513937771320343,0.5138773322105408,0.18686449527740479,0.5799399018287659,time_out,0.23874999582767487,3.8499999046325684,0.13347463309764862
uniform,1,5,52,999,0.8962764739990234,0.8963802456855774,0.29176321625709534,0.2879919707775116,0.10472435504198074,0.5682069063186646,time_out,0.26249998807907104,4.050000190734863,0.07110912352800369
uniform,1,5,53,999,0.8001858592033386,0.8003857135772705,0.5524678230285645,0.5522409081459045,0.200814887881279,0.5784405469894409,time_out,0.23999999463558197,3.8499999046325684,0.14343920350074768
uniform,1,5,54,999,0.7738580703735352,0.7740842700004578,0.6247981190681458,0.6246429681777954,0.22714290022850037,0.6037224531173706,time_out,0.23925000429153442,3.950000047683716,0.1581374555826187
uniform,1,5,55,999,0.8743342757225037,0.874459981918335,0.34887492656707764,0.3483339846134186,0.12666690349578857,0.5836549401283264,time_out,0.24575001001358032,3.8499999046325684,0.09047636389732361
uniform,1,5,56,999,0.16884951293468475,0.1696806699037552,2.2885396480560303,2.288417339324951,0.8321517705917358,0.8505792617797852,time_out,0.36949998140335083,3.8499999046325684,0.5943941473960876
uniform,1,5,57,999,0.5167316794395447,0.5172150135040283,1.3319495916366577,1.331741213798523,0.48426955938339233,0.6658443212509155,time_out,0.23900000751018524,3.887500047683716,0.34257009625434875
uniform,1,5,58,999,0.7513415217399597,0.7515902519226074,0.686660885810852,0.6865634918212891,0.249659463763237,0.5941584706306458,time_out,0.23675000667572021,3.8499999046325684,0.17832818627357483
uniform,1,5,59,999,0.08207529783248901,0.08299323171377182,2.572686195373535,2.5724828243255615,0.9354483485221863,0.8860085010528564,time_out,0.35199999809265137,4.0,0.6431207060813904
uniform,1,5,60,999,0.8793817162513733,0.8795023560523987,0.3353344202041626,0.33445292711257935,0.12161924690008163,0.5702837705612183,time_out,0.24799999594688416,3.950000047683716,0.08467162400484085
uniform,1,5,61,999,0.8889797925949097,0.8890908360481262,0.31172415614128113,0.30805960297584534,0.11202167719602585,0.5644685626029968,time_out,0.2537499964237213,3.950000047683716,0.07798977196216583
uniform,1,5,62,999,0.8917354345321655,0.8918437361717224,0.31063610315322876,0.3004816174507141,0.10926604270935059,0.5528423190116882,time_out,0.26125001907348633,3.9000000953674316,0.07704656571149826
uniform,1,5,63,999,0.8960501551628113,0.8961541652679443,0.2902402877807617,0.2886155843734741,0.10495112836360931,0.5675544738769531,time_out,0.24024999141693115,3.8499999046325684,0.07496508955955505
uniform,1,5,64,999,0.8983010053634644,0.898402750492096,0.2852121591567993,0.28242555260658264,0.10270020365715027,0.5698696374893188,time_out,0.2554999887943268,4.050000190734863,0.06973470002412796
uniform,1,5,65,999,0.8576347231864929,0.8577771186828613,0.39451509714126587,0.3942563533782959,0.14336594939231873,0.5820707082748413,time_out,0.25450000166893005,3.9375,0.10012859851121902
uniform,1,5,66,999,0.8413994908332825,0.8415581583976746,0.4449658691883087,0.4389035403728485,0.15960128605365753,0.5868110060691833,time_out,0.2435000091791153,3.8499999046325684,0.11400092393159866
uniform,1,5,67,999,0.8826495409011841,0.8827669620513916,0.32606691122055054,0.32546719908714294,0.11835171282291412,0.5645405650138855,time_out,0.2592499852180481,4.0,0.08136679977178574
uniform,1,5,68,999,0.7742841243743896,0.774509847164154,0.6235855221748352,0.6234723925590515,0.22671723365783691,0.592769980430603,time_out,0.2370000034570694,3.8499999046325684,0.16194088757038116
uniform,1,5,69,999,0.9031068682670593,0.9032037854194641,0.27257949113845825,0.2692074477672577,0.0978936180472374,0.5731467008590698,time_out,0.2639999985694885,4.050000190734863,0.06647097319364548
uniform,1,5,70,999,0.5517196655273438,0.5521680116653442,1.2356538772583008,1.23552405834198,0.4492814838886261,0.6560706496238708,time_out,0.23399999737739563,3.9000000953674316,0.3168010413646698
uniform,1,5,71,999,0.24390414357185364,0.24466024339199066,2.1196064949035645,2.119309425354004,0.770658016204834,0.8046309947967529,time_out,0.30250000953674316,3.950000047683716,0.5365340113639832
uniform,1,5,72,999,0.4212885797023773,0.421867311000824,1.5949987173080444,1.5948518514633179,0.5799461603164673,0.7210371494293213,time_out,0.28850001096725464,3.9000000953674316,0.40893635153770447
uniform,1,5,73,999,0.8948127627372742,0.8949180245399475,0.2979182004928589,0.2920187711715698,0.10618864744901657,0.5622069835662842,time_out,0.2574999928474426,3.9000000953674316,0.07487660646438599
uniform,1,5,74,999,0.8918586373329163,0.8919668197631836,0.30368220806121826,0.30014029145240784,0.10914193093776703,0.5624435544013977,time_out,0.24674999713897705,3.950000047683716,0.0759848803281784
uniform,1,5,75,999,0.8828895092010498,0.8830066323280334,0.32509562373161316,0.3248060345649719,0.11811129003763199,0.5683815479278564,time_out,0.25325000286102295,3.9000000953674316,0.08328359574079514
uniform,1,5,76,999,0.6077761650085449,0.6081684231758118,1.0816866159439087,1.0813677310943604,0.3932246267795563,0.6361053586006165,time_out,0.23899999260902405,3.8499999046325684,0.28087472915649414
uniform,1,5,77,999,0.696976363658905,0.6972793936729431,0.8363467454910278,0.8360677361488342,0.3040246367454529,0.6184206008911133,time_out,0.24674999713897705,3.8499999046325684,0.21716046333312988
uniform,1,5,78,999,0.8763505220413208,0.8764742016792297,0.3428722620010376,0.34278687834739685,0.124649778008461,0.5696433782577515,time_out,0.25700002908706665,3.9000000953674316,0.08789406716823578
uniform,1,5,79,999,0.6848549246788025,0.68517005443573,0.8696912527084351,0.8694011569023132,0.3161458969116211,0.6170010566711426,time_out,0.242000013589859,3.8499999046325684,0.2258184850215912
uniform,1,5,80,999,0.8811976313591003,0.8813164234161377,0.33048027753829956,0.3294588327407837,0.11980321258306503,0.5669164657592773,time_out,0.24650001525878906,3.9000000953674316,0.08447661995887756
uniform,1,5,81,999,0.8667926788330078,0.8669259548187256,0.3692856431007385,0.36907345056533813,0.1342085301876068,0.5857571363449097,time_out,0.25999999046325684,4.0,0.09226836264133453
uniform,1,5,82,999,0.8929103016853333,0.8930174112319946,0.2998530864715576,0.29724982380867004,0.1080908477306366,0.5635880827903748,time_out,0.2522500157356262,3.9000000953674316,0.0762179046869278
uniform,1,5,83,999,0.7495471835136414,0.7497976422309875,0.6917142271995544,0.6914995312690735,0.2514543831348419,0.5971269607543945,time_out,0.23800000548362732,3.8499999046325684,0.1796102672815323
uniform,1,5,84,999,0.6766751408576965,0.676998496055603,0.8920600414276123,0.8918963074684143,0.32432594895362854,0.6224721074104309,time_out,0.24125000834465027,3.8499999046325684,0.2316613793373108
uniform,1,5,85,999,0.6688697934150696,0.6692009568214417,0.9152707457542419,0.9133632183074951,0.33213210105895996,0.6146937012672424,time_out,0.24024999141693115,3.8499999046325684,0.23723720014095306
uniform,1,5,86,999,0.7763321995735168,0.7765558958053589,0.6181038618087769,0.6178392171859741,0.22466881573200226,0.5941877961158752,time_out,0.24699999392032623,3.9000000953674316,0.15842030942440033
uniform,1,5,87,999,0.27443093061447144,0.27515649795532227,2.0024187564849854,2.0023555755615234,0.7281293272972107,0.8024778366088867,time_out,0.31825000047683716,4.0,0.5005888938903809
uniform,1,5,88,999,0.8830476403236389,0.883164644241333,0.3256981074810028,0.324373334646225,0.11795394122600555,0.5663429498672485,time_out,0.26249998807907104,4.0,0.08109333366155624
uniform,1,5,89,999,0.32385191321372986,0.3245280981063843,1.8789228200912476,1.8787070512771606,0.6831662058830261,0.7615915536880493,time_out,0.2889999747276306,3.950000047683716,0.4756220281124115
uniform,1,5,90,999,0.7907966375350952,0.7910059094429016,0.5783295035362244,0.5780612826347351,0.2102041095495224,0.5957242846488953,time_out,0.2435000091791153,3.887500047683716,0.14869743585586548
uniform,1,5,91,999,0.5183334350585938,0.5188151597976685,1.3275341987609863,1.3273355960845947,0.4826675057411194,0.6677979230880737,time_out,0.24025000631809235,3.9000000953674316,0.3403424620628357
uniform,1,5,92,999,0.6325955986976624,0.6329630613327026,1.0132853984832764,1.0131146907806396,0.3684053421020508,0.6360428333282471,time_out,0.2407500147819519,3.9000000953674316,0.25977298617362976
uniform,1,5,93,999,0.8850353956222534,0.8851504325866699,0.32009801268577576,0.3189055919647217,0.11596567183732986,0.5592743158340454,time_out,0.25725001096725464,3.9000000953674316,0.08177066594362259
uniform,1,5,94,999,0.6270081400871277,0.6273811459541321,1.0286667346954346,1.028478741645813,0.37399229407310486,0.6319678425788879,time_out,0.23875001072883606,3.9000000953674316,0.26371249556541443
uniform,1,5,95,999,0.9052535891532898,0.9053483605384827,0.27507835626602173,0.2633073031902313,0.09574811160564423,0.5727308988571167,time_out,0.26475000381469727,4.099999904632568,0.06422129273414612
uniform,1,5,96,999,0.8839108347892761,0.8840269446372986,0.3226332366466522,0.32199826836586,0.11709028482437134,0.5697868466377258,time_out,0.2567499876022339,3.950000047683716,0.08151854574680328
uniform,1,5,97,999,0.8683410286903381,0.8684727549552917,0.36500874161720276,0.3648146688938141,0.1326598823070526,0.57973712682724,time_out,0.25174999237060547,3.8499999046325684,0.09475705772638321
uniform,1,5,98,999,0.6575853824615479,0.6579278111457825,0.944722592830658,0.9443920254707336,0.3434152901172638,0.6279280185699463,time_out,0.24274998903274536,3.8499999046325684,0.2452966421842575
uniform,1,5,99,999,0.5108137130737305,0.5113028883934021,1.348253846168518,1.348016619682312,0.4901878833770752,0.6640737652778625,time_out,0.2397499978542328,3.9125001430511475,0.3445409834384918
uniform,1,6,0,999,0.9098343253135681,0.9099245667457581,0.30058521032333374,0.29629194736480713,0.09116675704717636,0.5550488233566284,time_out,0.2542499899864197,3.9000000953674316,0.0759722888469696
uniform,1,6,1,999,0.9186071753501892,0.9186886548995972,0.2820742428302765,0.26777976751327515,0.08239378035068512,0.5488758087158203,time_out,0.25075000524520874,3.887500047683716,0.06888225674629211
uniform,1,6,2,999,0.9046348929405212,0.9047303199768066,0.31320682168006897,0.31318753957748413,0.09636539965867996,0.5536881685256958,time_out,0.25325000286102295,3.9000000953674316,0.08030449599027634
uniform,1,6,3,999,0.9007850289344788,0.9008842706680298,0.3297983705997467,0.3257003426551819,0.10021549463272095,0.55298912525177,time_out,0.24899999797344208,3.887500047683716,0.08378143608570099
uniform,1,6,4,999,0.7831031084060669,0.7833200693130493,0.7081687450408936,0.7081687450408936,0.21789808571338654,0.589375913143158,time_out,0.2369999885559082,3.8499999046325684,0.18393993377685547
uniform,1,6,5,999,0.9163848757743835,0.9164685606956482,0.2799760699272156,0.2749995291233063,0.08461524546146393,0.5656746625900269,time_out,0.24674999713897705,3.8499999046325684,0.07142844796180725
uniform,1,6,6,999,0.8684011101722717,0.8685327768325806,0.4309643507003784,0.43095046281814575,0.13260014355182648,0.5798401236534119,time_out,0.2459999918937683,3.8499999046325684,0.11193519085645676
uniform,1,6,7,999,0.9047779440879822,0.9048731923103333,0.31411030888557434,0.3127249479293823,0.09622306376695633,0.5495826601982117,time_out,0.24674999713897705,3.9000000953674316,0.08018588274717331
uniform,1,6,8,999,0.9115126729011536,0.911601185798645,0.2934943735599518,0.29083743691444397,0.0894884467124939,0.557080864906311,time_out,0.242249995470047,3.8499999046325684,0.07554219663143158
uniform,1,6,9,999,0.9045045375823975,0.9046000838279724,0.31503304839134216,0.3136134743690491,0.09649645537137985,0.5580805540084839,time_out,0.24525001645088196,3.9000000953674316,0.08041370660066605
uniform,1,6,10,999,0.9099428057670593,0.9100328683853149,0.29808878898620605,0.2959383726119995,0.09105796366930008,0.5579583048820496,time_out,0.24724999070167542,3.9000000953674316,0.07588163018226624
uniform,1,6,11,999,0.9122865796089172,0.9123743176460266,0.29081904888153076,0.288321316242218,0.08871425688266754,0.5648080706596375,time_out,0.2487500011920929,3.8499999046325684,0.07488865405321121
uniform,1,6,12,999,0.918572187423706,0.918653666973114,0.2703162431716919,0.2678925693035126,0.08242848515510559,0.5667163133621216,time_out,0.2435000091791153,3.987499952316284,0.06718309223651886
uniform,1,6,13,999,0.7607971429824829,0.7610363364219666,0.7807105779647827,0.7806629538536072,0.24020399153232574,0.6601390838623047,time_out,0.24574999511241913,4.050000190734863,0.1927562803030014
uniform,1,6,14,999,0.9186753034591675,0.9187567234039307,0.26943403482437134,0.26755738258361816,0.08232535421848297,0.5690226554870605,time_out,0.2485000044107437,4.050000190734863,0.0660635456442833
uniform,1,6,15,999,0.5768072009086609,0.5772304534912109,1.378699779510498,1.3786306381225586,0.4241940677165985,0.6907784938812256,time_out,0.23999999463558197,4.0,0.34465765953063965
uniform,1,6,16,999,0.9113183617591858,0.9114071130752563,0.2917994558811188,0.29146769642829895,0.08968237042427063,0.5804395079612732,time_out,0.24574999511241913,3.8499999046325684,0.07570589333772659
uniform,1,6,17,999,0.9099690914154053,0.9100592136383057,0.29779571294784546,0.29585492610931396,0.09103228896856308,0.5674427151679993,time_out,0.25075000524520874,3.950000047683716,0.07489997893571854
uniform,1,6,18,999,0.9257091283798218,0.9257835149765015,0.24932585656642914,0.2447010725736618,0.07529263943433762,0.5799083113670349,time_out,0.2565000057220459,4.0,0.06117526814341545
uniform,1,6,19,999,0.687579333782196,0.6878918409347534,1.0187163352966309,1.0186198949813843,0.3134215176105499,0.6205575466156006,time_out,0.2370000034570694,3.9000000953674316,0.26118457317352295
uniform,1,6,20,999,0.9099688529968262,0.9100589156150818,0.30604514479637146,0.29585644602775574,0.09103275835514069,0.5480202436447144,time_out,0.25224998593330383,3.9000000953674316,0.07586062699556351
uniform,1,6,21,999,0.8857608437538147,0.8858751058578491,0.3745303750038147,0.3745303750038147,0.11524011939764023,0.5645307898521423,time_out,0.25174999237060547,3.8499999046325684,0.09728062152862549
uniform,1,6,22,999,0.9079439640045166,0.9080360531806946,0.3024831712245941,0.3024354875087738,0.0930570736527443,0.5670647621154785,time_out,0.24324999749660492,3.8499999046325684,0.0785546749830246
uniform,1,6,23,999,0.9060117602348328,0.9061058163642883,0.3100704848766327,0.308713436126709,0.09498875588178635,0.5608421564102173,time_out,0.2487500011920929,3.9000000953674316,0.07915729284286499
uniform,1,6,24,999,0.8970832228660583,0.8971862196922302,0.33808663487434387,0.3377324342727661,0.1039176732301712,0.564775824546814,time_out,0.23900000751018524,3.950000047683716,0.08550187945365906
uniform,1,6,25,999,0.9188666939735413,0.9189478754997253,0.2806786000728607,0.2669365406036377,0.08213432133197784,0.5603119134902954,time_out,0.2592500150203705,4.037500381469727,0.06611430644989014
uniform,1,6,26,999,0.7386820912361145,0.7389434576034546,0.85260009765625,0.8525379300117493,0.2623193860054016,0.6187967658042908,time_out,0.23399999737739563,3.9000000953674316,0.21859946846961975
uniform,1,6,27,999,0.904995858669281,0.9050909280776978,0.31220391392707825,0.31201615929603577,0.09600497782230377,0.5538322925567627,time_out,0.25075000524520874,3.8499999046325684,0.08104316145181656
uniform,1,6,28,999,0.915334165096283,0.9154188632965088,0.27895641326904297,0.2784171402454376,0.08566681295633316,0.5808274149894714,time_out,0.25725001096725464,4.0,0.0696042850613594
uniform,1,6,29,999,0.9066992402076721,0.9067925810813904,0.3082306385040283,0.306481271982193,0.09430193156003952,0.5557955503463745,time_out,0.2619999945163727,3.950000047683716,0.07759019732475281
uniform,1,6,30,999,0.9149272441864014,0.9150123596191406,0.28200289607048035,0.2797412574291229,0.08607423305511475,0.5737331509590149,time_out,0.24400000274181366,3.950000047683716,0.07082056999206543
uniform,1,6,31,999,0.693027913570404,0.6933349370956421,1.0009183883666992,1.0009150505065918,0.30797386169433594,0.6181949377059937,time_out,0.23274999856948853,3.8499999046325684,0.25997793674468994
uniform,1,6,32,999,0.8285043239593506,0.8286758661270142,0.5606439113616943,0.5606141686439514,0.17249667644500732,0.5736867189407349,time_out,0.2410000115633011,3.8499999046325684,0.14561407268047333
uniform,1,6,33,999,0.9140140414237976,0.9141000509262085,0.2831198275089264,0.28270766139030457,0.0869869738817215,0.5637717843055725,time_out,0.25200000405311584,3.950000047683716,0.07157155871391296
uniform,1,6,34,999,0.9127389788627625,0.9128262996673584,0.2884761393070221,0.28685224056243896,0.08826223015785217,0.5616329312324524,time_out,0.23799999058246613,3.8499999046325684,0.07450708001852036
uniform,1,6,35,999,0.8946731686592102,0.8947785496711731,0.34608194231987,0.34556612372398376,0.10632804036140442,0.5555373430252075,time_out,0.2472500056028366,3.9000000953674316,0.08860669285058975
uniform,1,6,36,999,0.6415588855743408,0.64191734790802,1.1682237386703491,1.1681864261627197,0.35944199562072754,0.6430694460868835,time_out,0.23399999737739563,3.9000000953674316,0.29953497648239136
uniform,1,6,37,999,0.7727503180503845,0.7729775905609131,0.7418496608734131,0.7418146729469299,0.2282506823539734,0.617855429649353,time_out,0.24249999225139618,3.8499999046325684,0.19267913699150085
uniform,1,6,38,999,0.9105786085128784,0.9106680750846863,0.30116045475006104,0.2938726544380188,0.0904223620891571,0.5513967275619507,time_out,0.25975000858306885,3.9000000953674316,0.07535196095705032
uniform,1,6,39,999,0.6543225646018982,0.6546682715415955,1.1268372535705566,1.1267048120498657,0.34667840600013733,0.6493536829948425,time_out,0.24175000190734863,3.9000000953674316,0.28889867663383484
uniform,1,6,40,999,0.8979113101959229,0.8980134725570679,0.33512839674949646,0.33504220843315125,0.10308991372585297,0.557123601436615,time_out,0.2515000104904175,3.8499999046325684,0.08702395111322403
uniform,1,6,41,999,0.6293789744377136,0.629749596118927,1.2081910371780396,1.2077723741531372,0.3716222941875458,0.6745205521583557,time_out,0.25174999237060547,4.0,0.3019430935382843
uniform,1,6,42,999,0.905261754989624,0.9053565263748169,0.312858521938324,0.31115224957466125,0.09573915600776672,0.5550790429115295,time_out,0.2512499988079071,3.8499999046325684,0.08081876486539841
uniform,1,6,43,999,0.9104527235031128,0.910542368888855,0.2979755401611328,0.2942820191383362,0.0905483141541481,0.5493589639663696,time_out,0.25349998474121094,3.9000000953674316,0.07545692473649979
uniform,1,6,44,999,0.9280745983123779,0.9281466007232666,0.2547721564769745,0.23700886964797974,0.07292580604553223,0.566386878490448,time_out,0.25325000286102295,4.0,0.059252217411994934
uniform,1,6,45,999,0.84200519323349,0.8421632647514343,0.5167402625083923,0.5167378187179565,0.15899625420570374,0.5803892612457275,time_out,0.24525001645088196,3.9000000953674316,0.1324968785047531
uniform,1,6,46,999,0.6432638168334961,0.6436205506324768,1.162697672843933,1.1626449823379517,0.3577369451522827,0.6723012924194336,time_out,0.2549999952316284,4.0,0.2906612455844879
uniform,1,6,47,999,0.9272955656051636,0.9273683428764343,0.24677036702632904,0.23954328894615173,0.07370562851428986,0.5686521530151367,time_out,0.25699999928474426,4.099999904632568,0.05842519551515579
uniform,1,6,48,999,0.9143003821372986,0.9143861532211304,0.2847513258457184,0.2817773222923279,0.08670071512460709,0.5708724856376648,time_out,0.24699999392032623,3.8499999046325684,0.073188915848732
uniform,1,6,49,999,0.9064176678657532,0.9065112471580505,0.30855321884155273,0.30739760398864746,0.09458388388156891,0.5582423806190491,time_out,0.24300000071525574,3.9000000953674316,0.0788198933005333
uniform,1,6,50,999,0.9052532911300659,0.9053480625152588,0.31128519773483276,0.31118112802505493,0.09574804455041885,0.5581948161125183,time_out,0.2529999911785126,3.8499999046325684,0.08082626760005951
uniform,1,6,51,999,0.8445118069648743,0.8446673154830933,0.5087483525276184,0.5085920691490173,0.15648987889289856,0.5785611867904663,time_out,0.24724999070167542,3.9000000953674316,0.13040821254253387
uniform,1,6,52,999,0.9145283699035645,0.9146139025688171,0.2869929373264313,0.2810360789299011,0.08647264540195465,0.5561454892158508,time_out,0.2607499957084656,3.950000047683716,0.07114837318658829
uniform,1,6,53,999,0.8453937768936157,0.8455484509468079,0.5057483911514282,0.5057213306427002,0.15560656785964966,0.5707791447639465,time_out,0.24275000393390656,3.8499999046325684,0.13135619461536407
uniform,1,6,54,999,0.8285416960716248,0.8287131786346436,0.5604943037033081,0.5604943037033081,0.17245979607105255,0.5838738679885864,time_out,0.24650001525878906,3.9250001907348633,0.14280109107494354
uniform,1,6,55,999,0.9081025719642639,0.9081944823265076,0.3019501268863678,0.30191782116889954,0.09289779514074326,0.5752986669540405,time_out,0.2485000044107437,3.8499999046325684,0.07842021435499191
uniform,1,6,56,999,0.9173325300216675,0.9174152612686157,0.27735215425491333,0.27192267775535583,0.08366852253675461,0.5670680403709412,time_out,0.257999986410141,3.950000047683716,0.06884118169546127
uniform,1,6,57,999,0.5880829691886902,0.5884948968887329,1.3420718908309937,1.3419827222824097,0.41291776299476624,0.6676241755485535,time_out,0.23774999380111694,3.9250001907348633,0.3419063985347748
uniform,1,6,58,999,0.805807888507843,0.806002140045166,0.6345469951629639,0.6343773007392883,0.19519302248954773,0.5893852710723877,time_out,0.23600000143051147,3.8499999046325684,0.16477333009243011
uniform,1,6,59,999,0.5904428362846375,0.5908524394035339,1.3344205617904663,1.3343143463134766,0.41055828332901,0.6753290295600891,time_out,0.2397499978542328,3.950000047683716,0.33780109882354736
uniform,1,6,60,999,0.9069124460220337,0.9070056080818176,0.3066602945327759,0.3057858943939209,0.09408797323703766,0.5581268072128296,time_out,0.2475000023841858,3.950000047683716,0.0774141475558281
uniform,1,6,61,999,0.9039343595504761,0.904030442237854,0.3179258704185486,0.315462589263916,0.09706541895866394,0.5550264716148376,time_out,0.2524999976158142,3.9000000953674316,0.08088783919811249
uniform,1,6,62,999,0.9120033383369446,0.9120913743972778,0.29759344458580017,0.28924018144607544,0.08899698406457901,0.5488642454147339,time_out,0.2565000057220459,3.9000000953674316,0.07416414469480515
uniform,1,6,63,999,0.9099341034889221,0.9100242257118225,0.29844215512275696,0.29596641659736633,0.09106659144163132,0.559907853603363,time_out,0.24674999713897705,3.8499999046325684,0.07687439769506454
uniform,1,6,64,999,0.9136240482330322,0.9137104749679565,0.2854405641555786,0.28397560119628906,0.08737710863351822,0.565895140171051,time_out,0.2527500092983246,4.025000095367432,0.07055294513702393
uniform,1,6,65,999,0.8971911072731018,0.8972939848899841,0.33863577246665955,0.3373805582523346,0.1038094088435173,0.571565568447113,time_out,0.2527500092983246,3.950000047683716,0.08541280031204224
uniform,1,6,66,999,0.890089213848114,0.8901991248130798,0.3605259954929352,0.3604617714881897,0.11091131716966629,0.5767664909362793,time_out,0.24400001764297485,3.8499999046325684,0.09362643957138062
uniform,1,6,67,999,0.9072409272193909,0.9073337316513062,0.30600371956825256,0.30472174286842346,0.09376054257154465,0.5596719980239868,time_out,0.2565000057220459,3.950000047683716,0.07714474201202393
uniform,1,6,68,999,0.8221175670623779,0.8222954869270325,0.5814078450202942,0.5813704133033752,0.17888320982456207,0.5782522559165955,time_out,0.24050000309944153,3.8499999046325684,0.1510053128004074
uniform,1,6,69,999,0.9193114638328552,0.9193921685218811,0.26845604181289673,0.2654927670955658,0.08169008791446686,0.5694864392280579,time_out,0.25725001096725464,4.0,0.06637319177389145
uniform,1,6,70,999,0.668457567691803,0.6687891483306885,1.0807809829711914,1.0807664394378662,0.3325435221195221,0.6319005489349365,time_out,0.23625001311302185,3.9000000953674316,0.27711960673332214
uniform,1,6,71,999,0.5977184176445007,0.5981207489967346,1.310685157775879,1.3106672763824463,0.4032822549343109,0.6609407067298889,time_out,0.23199999332427979,3.9000000953674316,0.3360685110092163
uniform,1,6,72,999,0.6378048658370972,0.6381670832633972,1.1804962158203125,1.1803861856460571,0.3631957769393921,0.6571090817451477,time_out,0.23924998939037323,3.9000000953674316,0.302663117647171
uniform,1,6,73,999,0.9093530178070068,0.909443736076355,0.3067598342895508,0.2978561818599701,0.09164805710315704,0.5518680214881897,time_out,0.25450000166893005,3.8499999046325684,0.07736524194478989
uniform,1,6,74,999,0.9131890535354614,0.9132758975028992,0.2902522087097168,0.28538796305656433,0.08781168609857559,0.5582960844039917,time_out,0.24250000715255737,3.950000047683716,0.0722501128911972
uniform,1,6,75,999,0.9014893174171448,0.9015878438949585,0.3234178125858307,0.3234129250049591,0.09951167553663254,0.5621795654296875,time_out,0.25200000405311584,3.9000000953674316,0.08292639255523682
uniform,1,6,76,999,0.7131309509277344,0.7134178876876831,0.9355788230895996,0.9355788230895996,0.2878704071044922,0.6187533736228943,time_out,0.23625001311302185,3.8499999046325684,0.24300749599933624
uniform,1,6,77,999,0.7582624554634094,0.7585042715072632,0.78891521692276,0.7889004945755005,0.24273861944675446,0.6068326830863953,time_out,0.24650000035762787,3.8499999046325684,0.20490922033786774
uniform,1,6,78,999,0.8971864581108093,0.8972892761230469,0.3379572331905365,0.33739733695983887,0.10381457209587097,0.5594432950019836,time_out,0.2542499899864197,3.887500047683716,0.0867903083562851
uniform,1,6,79,999,0.7463283538818359,0.7465820908546448,0.8276879787445068,0.827687680721283,0.25467315316200256,0.6164994835853577,time_out,0.24424999952316284,3.8499999046325684,0.21498382091522217
uniform,1,6,80,999,0.8996425867080688,0.8997429609298706,0.3296516537666321,0.3294133245944977,0.10135795176029205,0.5631685256958008,time_out,0.24824999272823334,3.9000000953674316,0.08446495234966278
uniform,1,6,81,999,0.9095803499221802,0.9096708297729492,0.297425776720047,0.29711583256721497,0.0914202630519867,0.5703030228614807,time_out,0.25699999928474426,3.987499952316284,0.0745118111371994
uniform,1,6,82,999,0.9072500467300415,0.907342791557312,0.3064545691013336,0.3046914339065552,0.0937512144446373,0.5572559833526611,time_out,0.250249981880188,3.9000000953674316,0.07812600582838058
uniform,1,6,83,999,0.7952802777290344,0.7954850196838379,0.668601393699646,0.6685932278633118,0.20572100579738617,0.5911310911178589,time_out,0.23675000667572021,3.8499999046325684,0.17366057634353638
uniform,1,6,84,999,0.7305830121040344,0.7308524250984192,0.878903865814209,0.8788596987724304,0.2704183757305145,0.6190568804740906,time_out,0.24175000190734863,3.9000000953674316,0.22534863650798798
uniform,1,6,85,999,0.7227451205253601,0.7230224609375,0.9044165015220642,0.9043309688568115,0.2782557010650635,0.6118053197860718,time_out,0.23799999058246613,3.9000000953674316,0.23187972605228424
uniform,1,6,86,999,0.849114716053009,0.8492656946182251,0.4942234456539154,0.4936290979385376,0.15188588201999664,0.5795581936836243,time_out,0.24574999511241913,3.9000000953674316,0.12657156586647034
uniform,1,6,87,999,0.6392892003059387,0.6396499276161194,1.1756466627120972,1.1755622625350952,0.3617114722728729,0.6671390533447266,time_out,0.2447500079870224,3.950000047683716,0.29761070013046265
uniform,1,6,88,999,0.9074760675430298,0.907568633556366,0.3042443096637726,0.3039567768573761,0.09352516382932663,0.5594072341918945,time_out,0.257750004529953,3.950000047683716,0.07695107907056808
uniform,1,6,89,999,0.5642996430397034,0.5647353529930115,1.4192930459976196,1.4192789793014526,0.436701238155365,0.6903837323188782,time_out,0.2409999966621399,4.0,0.35481974482536316
uniform,1,6,90,999,0.8578576445579529,0.857999861240387,0.4652186334133148,0.4652186334133148,0.14314420521259308,0.5814191102981567,time_out,0.24450001120567322,3.950000047683716,0.11777687072753906
uniform,1,6,91,999,0.6062138676643372,0.6066076755523682,1.283103585243225,1.283057451248169,0.39478692412376404,0.6666213870048523,time_out,0.23750001192092896,3.950000047683716,0.32482466101646423
uniform,1,6,92,999,0.7426022887229919,0.7428597211837769,0.8398255705833435,0.839796245098114,0.2583988606929779,0.616845965385437,time_out,0.24250000715255737,3.9000000953674316,0.21533235907554626
uniform,1,6,93,999,0.9070578813552856,0.9071508646011353,0.30760717391967773,0.30531802773475647,0.0939440131187439,0.5496285557746887,time_out,0.25725001096725464,3.9000000953674316,0.07828667014837265
uniform,1,6,94,999,0.7018599510192871,0.7021580934524536,0.9722878336906433,0.9722097516059875,0.29914146661758423,0.6250832676887512,time_out,0.23549999296665192,3.9000000953674316,0.2492845505475998
uniform,1,6,95,999,0.9212161302566528,0.9212949872016907,0.2726415693759918,0.2593013346195221,0.07978502660989761,0.5703595876693726,time_out,0.2627499997615814,4.050000190734863,0.06402501463890076
uniform,1,6,96,999,0.905215859413147,0.9053106904029846,0.31135258078575134,0.3113009035587311,0.09578489512205124,0.5566793084144592,time_out,0.2524999976158142,3.8499999046325684,0.08085738122463226
uniform,1,6,97,999,0.8958011269569397,0.8959053754806519,0.34198224544525146,0.3419005572795868,0.10520017892122269,0.5646759271621704,time_out,0.24824999272823334,3.8499999046325684,0.08880534023046494
uniform,1,6,98,999,0.7512519955635071,0.7515007853507996,0.8117052316665649,0.8116859197616577,0.24974952638149261,0.6134350299835205,time_out,0.2395000010728836,3.8499999046325684,0.2108275145292282
uniform,1,6,99,999,0.6039110422134399,0.6043071746826172,1.2905536890029907,1.2905408143997192,0.39708948135375977,0.6534717082977295,time_out,0.23199999332427979,3.9000000953674316,0.3309078812599182
uniform,1,7,0,999,0.9206392168998718,0.9207186102867126,0.30506086349487305,0.30135679244995117,0.08036181330680847,0.5468856692314148,time_out,0.2565000057220459,3.9000000953674316,0.07727096974849701
uniform,1,7,1,999,0.9273428320884705,0.9274154901504517,0.2905738949775696,0.2762179374694824,0.07365812361240387,0.5489577054977417,time_out,0.25,3.8499999046325684,0.07174491882324219
uniform,1,7,2,999,0.9155569076538086,0.9156414270401001,0.3204544186592102,0.3204188644886017,0.08544503152370453,0.5489506721496582,time_out,0.24950000643730164,3.8499999046325684,0.08322568237781525
uniform,1,7,3,999,0.9111919403076172,0.9112808108329773,0.33774852752685547,0.33678796887397766,0.08981013298034668,0.5472486615180969,time_out,0.24699999392032623,3.9000000953674316,0.08635588735342026
uniform,1,7,4,999,0.8176304697990417,0.8178129196166992,0.6876590847969055,0.6876395344734192,0.18337054550647736,0.593278169631958,time_out,0.23224999010562897,3.9000000953674316,0.17631782591342926
uniform,1,7,5,999,0.9267052412033081,0.9267786145210266,0.28370654582977295,0.27860957384109497,0.07429589331150055,0.5557501316070557,time_out,0.24899999797344208,3.8499999046325684,0.0723661258816719
uniform,1,7,6,999,0.8876596093177795,0.8877720236778259,0.4250308573246002,0.4250308573246002,0.1133415699005127,0.5681185722351074,time_out,0.250249981880188,3.8499999046325684,0.11039762943983078
uniform,1,7,7,999,0.9177027344703674,0.9177850484848022,0.3140699863433838,0.3123680055141449,0.08329813927412033,0.547551691532135,time_out,0.24825000762939453,3.9000000953674316,0.0800943598151207
uniform,1,7,8,999,0.9207374453544617,0.9208167791366577,0.30636066198349,0.30098533630371094,0.08026275783777237,0.5483224391937256,time_out,0.2460000067949295,3.8499999046325684,0.07817801088094711
uniform,1,7,9,999,0.91529780626297,0.9153825640678406,0.3223457634449005,0.32138705253601074,0.08570321649312973,0.5412095785140991,time_out,0.24524998664855957,3.887500047683716,0.08267191052436829
uniform,1,7,10,999,0.9206847548484802,0.920764148235321,0.30382537841796875,0.3011881709098816,0.08031684905290604,0.5406178832054138,time_out,0.24950000643730164,3.8499999046325684,0.07823069393634796
uniform,1,7,11,999,0.9260997772216797,0.926173746585846,0.2860855460166931,0.2808779776096344,0.0749007984995842,0.5524614453315735,time_out,0.24975000321865082,3.8499999046325684,0.07295531779527664
uniform,1,7,12,999,0.9295101761817932,0.9295807480812073,0.2728598713874817,0.26808685064315796,0.0714898332953453,0.5657903552055359,time_out,0.24800001084804535,3.950000047683716,0.06787008792161942
uniform,1,7,13,999,0.8045400977134705,0.8047356009483337,0.7367277145385742,0.7367277145385742,0.19646073877811432,0.6571424007415771,time_out,0.2409999966621399,4.099999904632568,0.1796896904706955
uniform,1,7,14,999,0.9276712536811829,0.9277436137199402,0.2763950824737549,0.27498602867126465,0.0733296126127243,0.5614901781082153,time_out,0.2485000044107437,4.0,0.06874650716781616
uniform,1,7,15,999,0.6360850930213928,0.6364490389823914,1.3684555292129517,1.3684351444244385,0.364916056394577,0.6937741041183472,time_out,0.24775001406669617,4.050000190734863,0.33788520097732544
uniform,1,7,16,999,0.9234310984611511,0.9235077500343323,0.2908937335014343,0.2908884286880493,0.07757025212049484,0.5678223967552185,time_out,0.24950000643730164,3.8374998569488525,0.0758015513420105
uniform,1,7,17,999,0.9270622730255127,0.9271352291107178,0.2820477783679962,0.2772720754146576,0.07393922656774521,0.5587877035140991,time_out,0.25,3.9000000953674316,0.07109539955854416
uniform,1,7,18,999,0.9444734454154968,0.9445290565490723,0.21820949018001556,0.2119772732257843,0.0565272755920887,0.6033676862716675,time_out,0.2522500157356262,4.050000190734863,0.0523400641977787
uniform,1,7,19,999,0.7209535837173462,0.7212326526641846,1.0501765012741089,1.0501765012741089,0.28004708886146545,0.6248806715011597,time_out,0.23100000619888306,3.9000000953674316,0.2692760229110718
uniform,1,7,20,999,0.9191861748695374,0.9192669987678528,0.31749463081359863,0.30680689215660095,0.08181517571210861,0.539176344871521,time_out,0.2515000104904175,3.8499999046325684,0.0796901062130928
uniform,1,7,21,999,0.9078512191772461,0.9079434275627136,0.34949585795402527,0.34931230545043945,0.09314995259046555,0.55452960729599,time_out,0.2515000104904175,3.8499999046325684,0.09073047339916229
uniform,1,7,22,999,0.9213220477104187,0.9214007258415222,0.29921743273735046,0.2987973093986511,0.07967928797006607,0.5574951767921448,time_out,0.24574999511241913,3.8374998569488525,0.07786249369382858
uniform,1,7,23,999,0.922235906124115,0.9223136901855469,0.29732030630111694,0.2953692078590393,0.07876512408256531,0.5484627485275269,time_out,0.24924999475479126,3.8499999046325684,0.07671927660703659
uniform,1,7,24,999,0.9110015034675598,0.9110905528068542,0.33765918016433716,0.3374963104724884,0.08999902009963989,0.5442030429840088,time_out,0.24149999022483826,3.887500047683716,0.08681576699018478
uniform,1,7,25,999,0.9297322034835815,0.9298025369644165,0.281389445066452,0.2672571539878845,0.07126858085393906,0.5607408881187439,time_out,0.26649999618530273,4.0,0.06681428849697113
uniform,1,7,26,999,0.7934208512306213,0.7936275005340576,0.7784260511398315,0.7784260511398315,0.2075802981853485,0.6045560240745544,time_out,0.2407499998807907,3.9000000953674316,0.19959641993045807
uniform,1,7,27,999,0.9161325693130493,0.9162164926528931,0.3187047839164734,0.31826093792915344,0.08486958593130112,0.5432663559913635,time_out,0.2485000044107437,3.8499999046325684,0.08266518265008926
uniform,1,7,28,999,0.9270362257957458,0.9271092414855957,0.2777208685874939,0.27736708521842957,0.07396455854177475,0.5714371800422668,time_out,0.25824999809265137,3.950000047683716,0.07021951675415039
uniform,1,7,29,999,0.9218372106552124,0.9219154119491577,0.2986804246902466,0.2968648672103882,0.07916396856307983,0.5514343976974487,time_out,0.26249998807907104,3.950000047683716,0.07515566051006317
uniform,1,7,30,999,0.9288433194160461,0.9289145469665527,0.27419590950012207,0.2705894708633423,0.07215719670057297,0.5621643662452698,time_out,0.24300000071525574,3.9000000953674316,0.06938191503286362
uniform,1,7,31,999,0.7569090127944946,0.7571521401405334,0.915346086025238,0.915346086025238,0.24409230053424835,0.6056833863258362,time_out,0.2329999953508377,3.8499999046325684,0.23775222897529602
uniform,1,7,32,999,0.8550910949707031,0.8552360534667969,0.5471646189689636,0.5471646189689636,0.1459105759859085,0.5702205896377563,time_out,0.2407499998807907,3.8499999046325684,0.14212068915367126
uniform,1,7,33,999,0.9266819357872009,0.9267553091049194,0.2792965769767761,0.2786955237388611,0.07431881129741669,0.5597593188285828,time_out,0.25200000405311584,3.950000047683716,0.07055582851171494
uniform,1,7,34,999,0.9257070422172546,0.9257813692092896,0.2836741805076599,0.2823527455329895,0.07529406994581223,0.5601215958595276,time_out,0.2407499998807907,3.8499999046325684,0.07333837449550629
uniform,1,7,35,999,0.9127874970436096,0.9128747582435608,0.33081769943237305,0.33080485463142395,0.08821463584899902,0.5448087453842163,time_out,0.2472500056028366,3.9000000953674316,0.08482175320386887
uniform,1,7,36,999,0.7068651914596558,0.7071583867073059,1.1030093431472778,1.1030092239379883,0.29413580894470215,0.6370815634727478,time_out,0.23924998939037323,3.9000000953674316,0.2828228771686554
uniform,1,7,37,999,0.8126324415206909,0.8128198385238647,0.7063826322555542,0.7063826322555542,0.18836870789527893,0.6059259176254272,time_out,0.24300000071525574,3.8499999046325684,0.1834760159254074
uniform,1,7,38,999,0.9254916906356812,0.9255662560462952,0.2930414378643036,0.28315767645835876,0.0755087211728096,0.5437843203544617,time_out,0.25550001859664917,3.887500047683716,0.07283798605203629
uniform,1,7,39,999,0.7035943865776062,0.703890860080719,1.1152918338775635,1.1152743101119995,0.29740649461746216,0.6446402072906494,time_out,0.24324999749660492,3.9000000953674316,0.28596776723861694
uniform,1,7,40,999,0.9136648178100586,0.9137511849403381,0.3276590406894684,0.32751286029815674,0.08733676373958588,0.5466728210449219,time_out,0.2522500157356262,3.8499999046325684,0.08506827801465988
uniform,1,7,41,999,0.6916743516921997,0.6919826865196228,1.160468339920044,1.1599761247634888,0.30932697653770447,0.6686791181564331,time_out,0.25199997425079346,4.0,0.2899940311908722
uniform,1,7,42,999,0.9188225269317627,0.9189037084579468,0.3091241121292114,0.3081689178943634,0.08217838406562805,0.5478053092956543,time_out,0.25349998474121094,3.9000000953674316,0.07901766896247864
uniform,1,7,43,999,0.9256524443626404,0.9257268309593201,0.28917455673217773,0.2825562357902527,0.07534833252429962,0.5421117544174194,time_out,0.25075000524520874,3.8499999046325684,0.07339122891426086
uniform,1,7,44,999,0.936133623123169,0.9361975789070129,0.2577075660228729,0.24325434863567352,0.06486783176660538,0.5576664805412292,time_out,0.2592499852180481,4.0,0.06081358715891838
uniform,1,7,45,999,0.8710190057754517,0.8711480498313904,0.4874301254749298,0.4874301254749298,0.1299813687801361,0.5669936537742615,time_out,0.2460000067949295,3.9000000953674316,0.1249820813536644
uniform,1,7,46,999,0.7243048548698425,0.7245805859565735,1.037621259689331,1.0376102924346924,0.2766960859298706,0.6569914221763611,time_out,0.25049999356269836,4.0,0.2594025731086731
uniform,1,7,47,999,0.9340160489082336,0.9340820908546448,0.2595265507698059,0.25119486451148987,0.06698530167341232,0.5620243549346924,time_out,0.25575000047683716,4.050000190734863,0.06202341988682747
uniform,1,7,48,999,0.9269585013389587,0.9270315766334534,0.2809211313724518,0.27765804529190063,0.07404214888811111,0.559636116027832,time_out,0.25075000524520874,3.8499999046325684,0.07211897522211075
uniform,1,7,49,999,0.918011486530304,0.9180935025215149,0.3117671012878418,0.3112095296382904,0.08298921585083008,0.5412119030952454,time_out,0.24124999344348907,3.875,0.08031214028596878
uniform,1,7,50,999,0.9206687808036804,0.9207481741905212,0.30188700556755066,0.30124369263648987,0.08033165335655212,0.5499228239059448,time_out,0.25349998474121094,3.8499999046325684,0.0782451182603836
uniform,1,7,51,999,0.8766998648643494,0.8768232464790344,0.4661250114440918,0.4661250114440918,0.12430001050233841,0.5640469193458557,time_out,0.24449999630451202,3.8499999046325684,0.12107143551111221
uniform,1,7,52,999,0.9233468770980835,0.9234235882759094,0.2974222004413605,0.2912035584449768,0.07765428721904755,0.5545403361320496,time_out,0.2602500021457672,3.950000047683716,0.07372242212295532
uniform,1,7,53,999,0.8670867085456848,0.8672196269035339,0.502296507358551,0.5021786689758301,0.13391432166099548,0.5667713284492493,time_out,0.2462500035762787,3.8499999046325684,0.1304360181093216
uniform,1,7,54,999,0.8521270155906677,0.8522749543190002,0.5582770109176636,0.5582770109176636,0.14887388050556183,0.5777417421340942,time_out,0.24424999952316284,3.9375,0.1417846381664276
uniform,1,7,55,999,0.9334356784820557,0.9335023164749146,0.25469523668289185,0.2533688247203827,0.06756502389907837,0.5920385718345642,time_out,0.2512499988079071,3.9000000953674316,0.0649663656949997
uniform,1,7,56,999,0.9296019673347473,0.9296724200248718,0.2733555734157562,0.26774781942367554,0.07139942049980164,0.5630486011505127,time_out,0.26274996995925903,3.950000047683716,0.06778425723314285
uniform,1,7,57,999,0.6822890043258667,0.6826066970825195,1.1951724290847778,1.1951688528060913,0.31871169805526733,0.6502115726470947,time_out,0.23650000989437103,3.9000000953674316,0.30645355582237244
uniform,1,7,58,999,0.8348104953765869,0.8349757194519043,0.6232137084007263,0.6232133507728577,0.1661902368068695,0.5847818851470947,time_out,0.23624998331069946,3.8499999046325684,0.16187360882759094
uniform,1,7,59,999,0.6401394605636597,0.6404993534088135,1.3532358407974243,1.3532285690307617,0.3608609735965729,0.6763864159584045,time_out,0.2434999942779541,4.0,0.33830714225769043
uniform,1,7,60,999,0.9207140207290649,0.920793354511261,0.3014894127845764,0.3010741174221039,0.0802864357829094,0.5577197670936584,time_out,0.24400000274181366,3.9000000953674316,0.07719849050045013
uniform,1,7,61,999,0.9219136238098145,0.921991765499115,0.30270901322364807,0.296578049659729,0.07908748090267181,0.5393917560577393,time_out,0.2485000044107437,3.8499999046325684,0.07703325897455215
uniform,1,7,62,999,0.9205477237701416,0.920627236366272,0.31231239438056946,0.3017018437385559,0.08045382797718048,0.5360497236251831,time_out,0.2549999952316284,3.8499999046325684,0.07836411893367767
uniform,1,7,63,999,0.922085702419281,0.9221636652946472,0.29808536171913147,0.29593244194984436,0.0789153203368187,0.552769124507904,time_out,0.24674999713897705,3.8499999046325684,0.07686556875705719
uniform,1,7,64,999,0.9269216656684875,0.926994800567627,0.2801048457622528,0.2777950167655945,0.07407867163419724,0.5581206679344177,time_out,0.25450000166893005,4.0,0.06944875419139862
uniform,1,7,65,999,0.9174250960350037,0.9175077080726624,0.3134104311466217,0.3134104311466217,0.08357612043619156,0.5625308752059937,time_out,0.24950000643730164,3.9000000953674316,0.08036164939403534
uniform,1,7,66,999,0.9125149250030518,0.9126024842262268,0.331823468208313,0.331823468208313,0.08848626166582108,0.5706434845924377,time_out,0.2487500011920929,3.8499999046325684,0.08618791401386261
uniform,1,7,67,999,0.9147680401802063,0.9148533344268799,0.32380151748657227,0.3233738839626312,0.08623304218053818,0.5495657324790955,time_out,0.25699999928474426,3.9125001430511475,0.08265146613121033
uniform,1,7,68,999,0.853008508682251,0.8531555533409119,0.5549747347831726,0.5549747347831726,0.147993266582489,0.5717115998268127,time_out,0.23899999260902405,3.8499999046325684,0.1441492885351181
uniform,1,7,69,999,0.9268066883087158,0.9268799424171448,0.28155097365379333,0.2782299220561981,0.07419464737176895,0.5693543553352356,time_out,0.26350000500679016,4.0,0.06955748051404953
uniform,1,7,70,999,0.7160770297050476,0.7163609862327576,1.068464994430542,1.068464994430542,0.2849240005016327,0.6232030987739563,time_out,0.23399999737739563,3.9000000953674316,0.27396538853645325
uniform,1,7,71,999,0.6835421323776245,0.6838586330413818,1.19047212600708,1.19047212600708,0.31745925545692444,0.636911153793335,time_out,0.2317499965429306,3.9000000953674316,0.30524924397468567
uniform,1,7,72,999,0.6976815462112427,0.6979839205741882,1.1374493837356567,1.1374493837356567,0.3033198416233063,0.6523047089576721,time_out,0.24774999916553497,3.9000000953674316,0.29165369272232056
uniform,1,7,73,999,0.9220688939094543,0.9221469163894653,0.3067333400249481,0.29599666595458984,0.07893244922161102,0.5407517552375793,time_out,0.25300002098083496,3.9000000953674316,0.07589657604694366
uniform,1,7,74,999,0.922208309173584,0.9222860932350159,0.3024466633796692,0.2954719364643097,0.0787925198674202,0.5406338572502136,time_out,0.24300000071525574,3.8499999046325684,0.07674595713615417
uniform,1,7,75,999,0.9161995053291321,0.916283369064331,0.31841522455215454,0.3180054724216461,0.08480146527290344,0.5483768582344055,time_out,0.2540000081062317,3.8499999046325684,0.08259882777929306
uniform,1,7,76,999,0.7458277344703674,0.7460819482803345,0.9569070339202881,0.9568985104560852,0.2551729381084442,0.6198348999023438,time_out,0.23600000143051147,3.8499999046325684,0.2485450804233551
uniform,1,7,77,999,0.7902367115020752,0.7904465198516846,0.7903672456741333,0.7903672456741333,0.21076461672782898,0.6102579832077026,time_out,0.24775001406669617,3.9000000953674316,0.2026582658290863
uniform,1,7,78,999,0.915378987789154,0.9154636859893799,0.32128870487213135,0.32108476758003235,0.08562260866165161,0.5460180640220642,time_out,0.2527500092983246,3.8499999046325684,0.08339864015579224
uniform,1,7,79,999,0.784363865852356,0.7845795750617981,0.8123895525932312,0.8123895525932312,0.21663722395896912,0.6085324883460999,time_out,0.23850001394748688,3.8499999046325684,0.21101027727127075
uniform,1,7,80,999,0.9156016707420349,0.9156861305236816,0.32040879130363464,0.32024937868118286,0.08539983630180359,0.5476824641227722,time_out,0.25075000524520874,3.9000000953674316,0.08211522549390793
uniform,1,7,81,999,0.9198026657104492,0.9198828935623169,0.3044998347759247,0.30449506640434265,0.08119869232177734,0.5688736438751221,time_out,0.2617499828338623,3.950000047683716,0.07708735764026642
uniform,1,7,82,999,0.9205437302589417,0.9206231832504272,0.3037446439266205,0.3017129898071289,0.08045680075883865,0.5444726347923279,time_out,0.25325000286102295,3.8499999046325684,0.07836700975894928
uniform,1,7,83,999,0.8403610587120056,0.8405207395553589,0.602400004863739,0.602400004863739,0.16064001619815826,0.5817869305610657,time_out,0.2407499998807907,3.8499999046325684,0.15646754205226898
uniform,1,7,84,999,0.7848078012466431,0.785023033618927,0.8107280135154724,0.8107269406318665,0.21619385480880737,0.6101840734481812,time_out,0.23524999618530273,3.9000000953674316,0.2078786939382553
uniform,1,7,85,999,0.7772805094718933,0.777503252029419,0.8389535546302795,0.8389524817466736,0.22372066974639893,0.5996059775352478,time_out,0.2382499873638153,3.8499999046325684,0.21790973842144012
uniform,1,7,86,999,0.857574999332428,0.8577174544334412,0.5378453135490417,0.5378453135490417,0.14342541992664337,0.5741535425186157,time_out,0.2475000023841858,3.8499999046325684,0.13970008492469788
uniform,1,7,87,999,0.6858628392219543,0.6861770153045654,1.1817705631256104,1.1817705631256104,0.3151388466358185,0.6630204916000366,time_out,0.250249981880188,3.950000047683716,0.2991824150085449
uniform,1,7,88,999,0.9202766418457031,0.9203564524650574,0.3028486967086792,0.3027176856994629,0.08072472363710403,0.5545888543128967,time_out,0.2590000033378601,3.9000000953674316,0.07761991769075394
uniform,1,7,89,999,0.6381248831748962,0.6384868025779724,1.3607840538024902,1.3607840538024902,0.362875759601593,0.6779811978340149,time_out,0.2432500123977661,4.0,0.34019601345062256
uniform,1,7,90,999,0.869854211807251,0.8699843883514404,0.4918357729911804,0.4918006956577301,0.1311468631029129,0.5696948170661926,time_out,0.24774998426437378,3.9000000953674316,0.1261027455329895
uniform,1,7,91,999,0.6694141030311584,0.6697447299957275,1.243449330329895,1.243449330329895,0.3315865099430084,0.6546322703361511,time_out,0.2435000091791153,3.950000047683716,0.3147972822189331
uniform,1,7,92,999,0.7738736867904663,0.7740998268127441,0.8517367839813232,0.851729154586792,0.2271277904510498,0.5971829891204834,time_out,0.24674999713897705,3.8499999046325684,0.22122836112976074
uniform,1,7,93,999,0.9209168553352356,0.9209959506988525,0.30300822854042053,0.3003186583518982,0.08008497953414917,0.5444382429122925,time_out,0.2549999952316284,3.9000000953674316,0.07700478285551071
uniform,1,7,94,999,0.7456915378570557,0.7459458708763123,0.9574106335639954,0.9574106335639954,0.255309522151947,0.6067556738853455,time_out,0.23125000298023224,3.887500047683716,0.2462792545557022
uniform,1,7,95,999,0.9306584000587463,0.9307277798652649,0.27577683329582214,0.26378393173217773,0.07034238427877426,0.5638533234596252,time_out,0.2619999945163727,4.0,0.06594598293304443
uniform,1,7,96,999,0.9198578596115112,0.9199380278587341,0.3050411641597748,0.3042876720428467,0.08114338666200638,0.5476309061050415,time_out,0.2527499794960022,3.8499999046325684,0.07903575897216797
uniform,1,7,97,999,0.9168736338615417,0.9169568419456482,0.31645482778549194,0.31547918915748596,0.08412779122591019,0.5546770691871643,time_out,0.2522500157356262,3.8499999046325684,0.08194264769554138
uniform,1,7,98,999,0.7649800181388855,0.7652150392532349,0.8850770592689514,0.8850770592689514,0.23602056503295898,0.6193559169769287,time_out,0.23874999582767487,3.9000000953674316,0.22694283723831177
uniform,1,7,99,999,0.6773300170898438,0.6776527166366577,1.213767170906067,1.213767170906067,0.32367125153541565,0.6384150385856628,time_out,0.2290000021457672,3.9000000953674316,0.3112223446369171
uniform,0,0,0,999,0.9860847592353821,0.9860987663269043,0.02711041271686554,0.0037291578482836485,0.014916631393134594,0.06166299432516098,time_out,0.9937499761581421,0.11250000447034836,0.03314806893467903
uniform,0,0,1,999,0.9919044375419617,0.9919126033782959,0.024190958589315414,0.0022740643471479416,0.009096257388591766,0.06262077391147614,time_out,0.9947499632835388,0.07500000298023224,0.03032085672020912
uniform,0,0,2,999,0.9965444207191467,0.9965478777885437,0.035204656422138214,0.002141161123290658,0.008564644493162632,0.061290156096220016,time_out,0.9950000047683716,0.05000000074505806,0.042823221534490585
uniform,0,0,3,999,0.9910039901733398,0.9910130500793457,0.030345646664500237,0.003792952513322234,0.015171810053288937,0.06156602129340172,time_out,0.9950000047683716,0.07500000298023224,0.05057269707322121
uniform,0,0,4,927,0.9651768207550049,0.9677189588546753,0.04885687306523323,0.017379596829414368,0.06951838731765747,0.0621265210211277,bad_orientation,0.9609375,0.2559267282485962,0.06790848821401596
uniform,0,0,5,999,0.9962748885154724,0.9962786436080933,0.030799703672528267,0.0011813639430329204,0.0047254557721316814,0.06186208501458168,time_out,0.9937499761581421,0.08749999850988388,0.0135013023391366
uniform,0,0,6,999,0.9938585162162781,0.9938647150993347,0.02934756875038147,0.0017855198821052909,0.0071420795284211636,0.06270799785852432,time_out,0.9950000047683716,0.0625,0.028568318113684654
uniform,0,0,7,999,0.9838715195655823,0.9838876724243164,0.030528459697961807,0.0043648784048855305,0.017459513619542122,0.06276916712522507,time_out,0.9880000352859497,0.07500000298023224,0.05819837749004364
uniform,0,0,8,999,0.9727626442909241,0.9727898836135864,0.04989415779709816,0.01795739307999611,0.07182957231998444,0.05980714410543442,time_out,0.9809999465942383,0.22500000894069672,0.07981063425540924
uniform,0,0,9,999,0.9896522760391235,0.9896626472473145,0.034861836582422256,0.0030193356797099113,0.012077342718839645,0.06033133715391159,time_out,0.9954999685287476,0.05000000074505806,0.06038671359419823
uniform,0,0,10,999,0.9950149655342102,0.9950200319290161,0.04793043062090874,0.0047102756798267365,0.018841102719306946,0.061478421092033386,time_out,0.9944999814033508,0.08749999850988388,0.05383172258734703
uniform,0,0,11,999,0.9826512932777405,0.9826686978340149,0.03624241426587105,0.0047973948530852795,0.019189579412341118,0.06276601552963257,time_out,0.9904999732971191,0.07500000298023224,0.06396526098251343
uniform,0,0,12,999,0.9812241196632385,0.9812429547309875,0.03316430374979973,0.004944145679473877,0.019776582717895508,0.06141933798789978,time_out,0.9902499914169312,0.08749999850988388,0.056504521518945694
uniform,0,0,13,999,0.999488115310669,0.9994887113571167,0.0339888371527195,0.0015515013365074992,0.006206005346029997,0.06265242397785187,time_out,0.9952499866485596,0.05000000074505806,0.03103002719581127
uniform,0,0,14,939,0.9607752561569214,0.9631680250167847,0.04407361149787903,0.01772741787135601,0.07090967148542404,0.06335998326539993,bad_orientation,0.9651595950126648,0.1595744788646698,0.11109180748462677
uniform,0,0,15,999,0.9985910058021545,0.9985924363136292,0.03907793387770653,0.0019871497061103582,0.007948598824441433,0.06026104837656021,time_out,0.9952499866485596,0.05000000074505806,0.03974299505352974
uniform,0,0,16,999,0.9896013140678406,0.9896117448806763,0.03663117438554764,0.004631101153790951,0.018524404615163803,0.06078715994954109,time_out,0.9942499399185181,0.11250000447034836,0.041165340691804886
uniform,0,0,17,999,0.9908502697944641,0.9908595085144043,0.029888907447457314,0.002964619779959321,0.011858479119837284,0.06239131838083267,time_out,0.9945000410079956,0.10000000149011612,0.029646197333931923
uniform,0,0,18,999,1.0,1.0,0.04483259469270706,-0.0008195708505809307,-0.003278283402323723,0.06089256703853607,time_out,0.9930000305175781,0.10000000149011612,-0.008195708505809307
uniform,0,0,19,999,0.996936023235321,0.9969391226768494,0.03272278979420662,0.0010161463869735599,0.004064585547894239,0.061749931424856186,time_out,0.9924999475479126,0.0625,0.016258342191576958
uniform,0,0,20,999,0.9918942451477051,0.9919024109840393,0.02954855002462864,0.0028853483963757753,0.011541393585503101,0.062045663595199585,time_out,0.9924999475479126,0.11250000447034836,0.025647539645433426
uniform,0,0,21,999,0.9952712655067444,0.9952760338783264,0.03454900532960892,0.0024752053432166576,0.00990082137286663,0.06180977448821068,time_out,0.9954999685287476,0.05000000074505806,0.049504105001688004
uniform,0,0,22,999,0.988862931728363,0.9888741374015808,0.03452552109956741,0.003439634805545211,0.013758539222180843,0.06249723955988884,time_out,0.9909999966621399,0.08749999850988388,0.039310112595558167
uniform,0,0,23,999,1.0,1.0,0.02779366634786129,-0.0014060549437999725,-0.00562421977519989,0.06289558112621307,time_out,0.9952499866485596,0.05000000074505806,-0.02812109887599945
uniform,0,0,24,999,1.0,1.0,0.03572341054677963,0.0013908041873946786,0.005563216749578714,0.061839230358600616,time_out,0.9954999685287476,0.05000000074505806,0.027816083282232285
uniform,0,0,25,999,0.9975075125694275,0.9975100755691528,0.03260345011949539,0.0032127620652318,0.0128510482609272,0.06163827329874039,time_out,0.9952499866485596,0.0625,0.0514041930437088
uniform,0,0,26,999,0.9946479201316833,0.9946532845497131,0.02850368060171604,0.0018059686990454793,0.007223874796181917,0.06190929189324379,time_out,0.9952499866485596,0.05000000074505806,0.03611937165260315
uniform,0,0,27,999,0.9863367676734924,0.9863504767417908,0.028697611764073372,0.003666011383756995,0.01466404553502798,0.06068158894777298,time_out,0.9940000176429749,0.10000000149011612,0.03666011244058609
uniform,0,0,28,999,0.9945850968360901,0.9945905804634094,0.02713109739124775,0.0016040034824982285,0.006416013929992914,0.06033520773053169,time_out,0.9954999685287476,0.05000000074505806,0.032080069184303284
uniform,0,0,29,999,0.9987053871154785,0.9987066984176636,0.028604822233319283,0.0008859648951329291,0.0035438595805317163,0.06281793117523193,time_out,0.9950000047683716,0.05000000074505806,0.017719296738505363
uniform,0,0,30,999,0.994136393070221,0.9941422939300537,0.04294992983341217,0.003841477446258068,0.015365909785032272,0.061978645622730255,time_out,0.9944999814033508,0.07500000298023224,0.051219698041677475
uniform,0,0,31,999,0.9921367764472961,0.9921447038650513,0.0315466970205307,0.0035824787337332964,0.014329914934933186,0.06082757189869881,time_out,0.9950000047683716,0.05000000074505806,0.07164957374334335
uniform,0,0,32,999,0.9899635910987854,0.9899736642837524,0.033374231308698654,0.003833278315141797,0.015333113260567188,0.06100650876760483,time_out,0.9912500381469727,0.07500000298023224,0.05111037567257881
uniform,0,0,33,999,0.996954083442688,0.9969571828842163,0.02523856610059738,0.0010118723148480058,0.004047489259392023,0.06145130470395088,time_out,0.9952499866485596,0.05000000074505806,0.020237445831298828
uniform,0,0,34,999,0.9890905022621155,0.9891014695167542,0.042709819972515106,0.004475058522075415,0.01790023408830166,0.0626722201704979,time_out,0.9942499399185181,0.11250000447034836,0.039778295904397964
uniform,0,0,35,999,0.9883110523223877,0.9883227944374084,0.03217484802007675,0.0033896907698363066,0.013558763079345226,0.06050582975149155,time_out,0.9937499761581421,0.125,0.027117526158690453
uniform,0,0,36,999,0.9882358312606812,0.9882476925849915,0.024117855355143547,0.0031913258135318756,0.012765303254127502,0.06284552812576294,time_out,0.9932500123977661,0.15000000596046448,0.021275505423545837
uniform,0,0,37,999,0.9913894534111023,0.9913980960845947,0.03431626781821251,0.0024150570388883352,0.009660228155553341,0.062125448137521744,time_out,0.9937499761581421,0.08749999850988388,0.02760065160691738
uniform,0,0,38,999,0.9903573989868164,0.9903671145439148,0.042787306010723114,0.003101624548435211,0.012406498193740845,0.0601256862282753,time_out,0.9954999685287476,0.05000000074505806,0.062032490968704224
uniform,0,0,39,999,0.9889774918556213,0.9889885783195496,0.04134195297956467,0.0055137453600764275,0.02205498144030571,0.06172431632876396,time_out,0.9850000143051147,0.16250000894069672,0.033930737525224686
uniform,0,0,40,990,0.9704136848449707,0.9707095623016357,0.05699337273836136,0.01618804596364498,0.06475218385457993,0.0622614361345768,bad_orientation,0.9667003154754639,0.1639757752418518,0.0987221822142601
uniform,0,0,41,999,0.9944990873336792,0.9945046305656433,0.04218924418091774,0.0038989230524748564,0.015595692209899426,0.06174565851688385,time_out,0.9900000095367432,0.13750000298023224,0.028355803340673447
uniform,0,0,42,999,0.9912920594215393,0.9913008213043213,0.03511640802025795,0.00274034240283072,0.01096136961132288,0.059703484177589417,time_out,0.9950000047683716,0.07500000298023224,0.03653789684176445
uniform,0,0,43,999,0.9990670084953308,0.9990679621696472,0.04004548490047455,0.0019084647065028548,0.007633858826011419,0.06313479691743851,time_out,0.9952499866485596,0.05000000074505806,0.038169294595718384
uniform,0,0,44,999,0.9832479357719421,0.9832647442817688,0.026447856798768044,0.004438331816345453,0.017753327265381813,0.06324867904186249,time_out,0.9917500019073486,0.13750000298023224,0.03227877616882324
uniform,0,0,45,999,0.9756234884262085,0.9756479263305664,0.03505018725991249,0.0063443235121667385,0.025377294048666954,0.060870055109262466,time_out,0.9860000014305115,0.20000000298023224,0.03172161802649498
uniform,0,0,46,999,0.9875356554985046,0.9875481128692627,0.03402695804834366,0.004039580002427101,0.016158320009708405,0.06183343380689621,time_out,0.9954999685287476,0.05000000074505806,0.08079160004854202
uniform,0,0,47,999,0.9803251028060913,0.980344831943512,0.03948887065052986,0.005459578707814217,0.021838314831256866,0.06137683987617493,time_out,0.9937499761581421,0.13750000298023224,0.0397060252726078
uniform,0,0,48,999,0.9885392785072327,0.9885507822036743,0.046528562903404236,0.01542328018695116,0.06169312074780464,0.06062977761030197,time_out,0.9837499856948853,0.07500000298023224,0.20564372837543488
uniform,0,0,49,999,0.9841864705085754,0.9842023253440857,0.045456986874341965,0.004862957168370485,0.01945182867348194,0.06158852204680443,time_out,0.9902499914169312,0.17500001192092896,0.027788324281573296
uniform,0,0,50,999,0.9942383170127869,0.9942440986633301,0.03680315613746643,0.0031355691608041525,0.01254227664321661,0.06197243928909302,time_out,0.9952499866485596,0.05000000074505806,0.06271138042211533
uniform,0,0,51,999,0.9961607456207275,0.9961646795272827,0.029801540076732635,0.0016209406312555075,0.00648376252502203,0.061403363943099976,time_out,0.9945000410079956,0.0625,0.02593505010008812
uniform,0,0,52,999,0.9928871989250183,0.9928943514823914,0.0331040620803833,0.002028478542342782,0.008113914169371128,0.06054747849702835,time_out,0.9934999942779541,0.08749999850988388,0.023182611912488937
uniform,0,0,53,999,0.9892082214355469,0.989219069480896,0.03414212167263031,0.0046101585030555725,0.01844063401222229,0.06147470697760582,time_out,0.9865000247955322,0.21250000596046448,0.021694863215088844
uniform,0,0,54,999,0.9968377351760864,0.9968409538269043,0.018981602042913437,0.0010408250382170081,0.0041633001528680325,0.06232134625315666,time_out,0.9954999685287476,0.05000000074505806,0.02081650123000145
uniform,0,0,55,999,0.9939020872116089,0.9939082264900208,0.029022013768553734,0.0017748076934367418,0.007099230773746967,0.06173570081591606,time_out,0.9954999685287476,0.05000000074505806,0.03549615293741226
uniform,0,0,56,999,0.9992269277572632,0.99922776222229,0.04591194912791252,0.0015002263244241476,0.00600090529769659,0.06263649463653564,time_out,0.9947500228881836,0.0625,0.02400362119078636
uniform,0,0,57,999,0.9975208640098572,0.9975233674049377,0.04582582414150238,0.00310592376627028,0.01242369506508112,0.06052737310528755,time_out,0.9942499995231628,0.10000000149011612,0.03105923719704151
uniform,0,0,58,556,0.9330127239227295,0.9627550840377808,0.051098208874464035,0.02715427055954933,0.10861708223819733,0.06509283930063248,bad_orientation,0.931328535079956,0.24685819447040558,0.10999947041273117
uniform,0,0,59,999,0.9947195649147034,0.9947249293327332,0.029520131647586823,0.0015702472301200032,0.006280988920480013,0.05984000861644745,time_out,0.9945000410079956,0.07500000298023224,0.0209366288036108
uniform,0,0,60,999,0.9945458769798279,0.9945513606071472,0.04005001112818718,0.0019345011096447706,0.0077380044385790825,0.061311788856983185,time_out,0.9942499995231628,0.08749999850988388,0.02210858464241028
uniform,0,0,61,999,0.9977788329124451,0.9977810978889465,0.03174491226673126,0.0008056063670665026,0.0032224254682660103,0.06240100413560867,time_out,0.9947499632835388,0.08750000596046448,0.009206929244101048
uniform,0,0,62,999,0.997245728969574,0.9972485303878784,0.04264920577406883,0.0033311403822153807,0.013324561528861523,0.06216401234269142,time_out,0.9904999732971191,0.16250000894069672,0.020499324426054955
uniform,0,0,63,999,0.9881856441497803,0.9881975054740906,0.033022698014974594,0.003628852078691125,0.0145154083147645,0.06106813997030258,time_out,0.9874999523162842,0.11250000447034836,0.032256461679935455
uniform,0,0,64,999,0.9907153844833374,0.9907247424125671,0.041046008467674255,0.0054202452301979065,0.021680980920791626,0.0629313513636589,time_out,0.9822499752044678,0.3125000298023224,0.01734478399157524
uniform,0,0,65,999,0.989010214805603,0.9890212416648865,0.03952719643712044,0.003533001057803631,0.014132004231214523,0.06205672398209572,time_out,0.9952499866485596,0.0625,0.05652801692485809
uniform,0,0,66,673,0.9784752726554871,0.9855139255523682,0.049837201833724976,0.027626723051071167,0.11050689220428467,0.061688411980867386,bad_orientation,0.9732937812805176,0.11127597093582153,0.2482721358537674
uniform,0,0,67,999,0.9951406717300415,0.9951455593109131,0.019568132236599922,0.0014651509700343013,0.005860603880137205,0.061677977442741394,time_out,0.9930000305175781,0.08749999850988388,0.0167445819824934
uniform,0,0,68,999,0.992360532283783,0.992368221282959,0.03039148449897766,0.0021600646432489157,0.008640258572995663,0.06328393518924713,time_out,0.9947500228881836,0.0625,0.03456103429198265
uniform,0,0,69,999,0.9940798878669739,0.9940858483314514,0.030469240620732307,0.002438327530398965,0.00975331012159586,0.062296394258737564,time_out,0.9934999942779541,0.08749999850988388,0.027866600081324577
uniform,0,0,70,999,0.9843644499778748,0.9843801259994507,0.030538571998476982,0.004159028176218271,0.016636112704873085,0.062288690358400345,time_out,0.9884999990463257,0.11249999701976776,0.0369691401720047
uniform,0,0,71,999,0.9908056259155273,0.9908148646354675,0.046253133565187454,0.004995916038751602,0.01998366415500641,0.06105882674455643,time_out,0.9845000505447388,0.21250000596046448,0.023510191589593887
uniform,0,0,72,943,0.9552200436592102,0.9577725529670715,0.0547013022005558,0.018887551501393318,0.07555020600557327,0.06122879311442375,bad_orientation,0.9653072357177734,0.11917372792959213,0.15848754346370697
uniform,0,0,73,999,0.9909113645553589,0.9909205436706543,0.025556044653058052,0.0025222369004040956,0.010088947601616383,0.061660293489694595,time_out,0.9942500591278076,0.07500000298023224,0.033629823476076126
uniform,0,0,74,999,0.9909602403640747,0.9909693598747253,0.03207786753773689,0.003690814133733511,0.014763256534934044,0.06103706732392311,time_out,0.9954999685287476,0.05000000074505806,0.07381628453731537
uniform,0,0,75,999,0.9976813197135925,0.9976837038993835,0.024287467822432518,0.0008300491608679295,0.003320196643471718,0.060957569628953934,time_out,0.9952499866485596,0.05000000074505806,0.01660098321735859
uniform,0,0,76,999,0.9935200810432434,0.9935265779495239,0.03451589122414589,0.0018701605731621385,0.007480642292648554,0.05943356826901436,time_out,0.9902499914169312,0.0625,0.029922569170594215
uniform,0,0,77,999,1.0,1.0,0.03681560605764389,0.002413132693618536,0.009652530774474144,0.06045981124043465,time_out,0.9947500228881836,0.0625,0.038610123097896576
uniform,0,0,78,724,0.9712790250778198,0.9792060256004333,0.05021541193127632,0.02386751025915146,0.09547004103660583,0.061973970383405685,bad_orientation,0.9593103528022766,0.3103448152542114,0.07690642774105072
uniform,0,0,79,999,0.9932442903518677,0.9932510852813721,0.028193507343530655,0.0019391659880056977,0.007756663952022791,0.06184777617454529,time_out,0.9950000047683716,0.0625,0.031026655808091164
uniform,0,0,80,999,0.9926390647888184,0.9926464557647705,0.03226977586746216,0.002325147157534957,0.009300588630139828,0.060537245124578476,time_out,0.9952499866485596,0.05000000074505806,0.04650294408202171
uniform,0,0,81,999,0.9954161643981934,0.9954208135604858,0.030192142352461815,0.0015977376606315374,0.00639095064252615,0.06369046121835709,time_out,0.9952499866485596,0.05000000074505806,0.03195475414395332
uniform,0,0,82,999,0.995270311832428,0.99527508020401,0.019969601184129715,0.0014324651565402746,0.0057298606261610985,0.060804594308137894,time_out,0.9950000047683716,0.05000000074505806,0.028649302199482918
uniform,0,0,83,999,0.99588942527771,0.9958935976028442,0.03266062214970589,0.0012777786469087005,0.005111114587634802,0.06381617486476898,time_out,0.9952499866485596,0.05000000074505806,0.025555573403835297
uniform,0,0,84,999,0.9861356019973755,0.9861495494842529,0.027796080335974693,0.004511402919888496,0.018045611679553986,0.06207568943500519,time_out,0.9932500123977661,0.125,0.03609122335910797
uniform,0,0,85,999,1.0,1.0,0.03946045786142349,0.0016897113528102636,0.0067588454112410545,0.06402891874313354,time_out,0.9950000047683716,0.0625,0.027035381644964218
uniform,0,0,86,999,0.9993889331817627,0.9993895888328552,0.034928321838378906,0.001390409073792398,0.005561636295169592,0.062093548476696014,time_out,0.9952499866485596,0.05000000074505806,0.027808181941509247
uniform,0,0,87,999,0.9966385364532471,0.9966419339179993,0.02907034382224083,0.0035457161720842123,0.01418286468833685,0.06172359734773636,time_out,0.9930000305175781,0.15000000596046448,0.023638106882572174
uniform,0,0,88,999,0.9867802858352661,0.986793577671051,0.03013734333217144,0.003555167466402054,0.014220669865608215,0.06382086127996445,time_out,0.9917500019073486,0.10000000149011612,0.03555167466402054
uniform,0,0,89,999,0.9931544065475464,0.9931613206863403,0.027547147125005722,0.003206222550943494,0.012824890203773975,0.06298941373825073,time_out,0.9952499866485596,0.05000000074505806,0.0641244500875473
uniform,0,0,90,999,0.9920465350151062,0.9920545220375061,0.033067069947719574,0.0027068399358540773,0.01082735974341631,0.06174594536423683,time_out,0.9954999685287476,0.05000000074505806,0.05413679778575897
uniform,0,0,91,999,1.0,1.0,0.03220755606889725,0.0012840214185416698,0.005136085674166679,0.0638425424695015,time_out,0.9952499866485596,0.05000000074505806,0.025680428370833397
uniform,0,0,92,852,0.9836856126785278,0.9861001968383789,0.05561491474509239,0.019975783303380013,0.07990313321352005,0.06361985206604004,bad_orientation,0.9604337811470032,0.17584994435310364,0.1135956197977066
uniform,0,0,93,999,0.9872711300849915,0.9872839450836182,0.0367387980222702,0.004611379001289606,0.018445516005158424,0.06204123795032501,time_out,0.9919999837875366,0.10000000149011612,0.046113789081573486
uniform,0,0,94,999,0.9947767853736877,0.994782030582428,0.039680276066064835,0.0016021168557927012,0.006408467423170805,0.059903208166360855,time_out,0.9950000047683716,0.05000000074505806,0.03204233571887016
uniform,0,0,95,999,0.9925574064254761,0.992564857006073,0.02549010142683983,0.002110993955284357,0.008443975821137428,0.06303352117538452,time_out,0.9945000410079956,0.08749999850988388,0.02412564493715763
uniform,0,0,96,999,1.0,1.0,0.04682743549346924,-0.0004280062858015299,-0.0017120251432061195,0.061592813581228256,time_out,0.9927500486373901,0.05000000074505806,-0.008560125716030598
uniform,0,0,97,999,0.9950723052024841,0.9950772523880005,0.021342741325497627,0.0014822741504758596,0.005929096601903439,0.062209952622652054,time_out,0.9954999685287476,0.05000000074505806,0.029645482078194618
uniform,0,0,98,999,0.9948298335075378,0.9948350787162781,0.03409282863140106,0.002018552040681243,0.008074208162724972,0.06309660524129868,time_out,0.9954999685287476,0.05000000074505806,0.040371041744947433
uniform,0,0,99,999,0.9875084757804871,0.9875210523605347,0.030559591948986053,0.003473949618637562,0.013895798474550247,0.06395679712295532,time_out,0.9942499995231628,0.07500000298023224,0.046319328248500824
uniform,0,1,0,999,1.0,1.0,0.038336701691150665,0.0004907902330160141,0.0006543869967572391,0.061384059488773346,time_out,0.9954999685287476,0.05000000074505806,0.009815804660320282
uniform,0,1,1,999,0.9957670569419861,0.9957713484764099,0.04360295459628105,0.003925476688891649,0.005233969073742628,0.06190592795610428,time_out,0.9769999980926514,0.10000000149011612,0.03925476595759392
uniform,0,1,2,999,0.9994519948959351,0.9994525909423828,0.03685763478279114,0.001161466701887548,0.0015486222691833973,0.06434009969234467,time_out,0.9954999685287476,0.05000000074505806,0.023229334503412247
uniform,0,1,3,999,1.0,1.0,0.029027298092842102,0.0006033608806319535,0.0008044812129810452,0.062372855842113495,time_out,0.9952499866485596,0.0625,0.009653774090111256
uniform,0,1,4,999,0.9992040395736694,0.9992048740386963,0.02771981805562973,0.0013472626451402903,0.0017963502323254943,0.061852727085351944,time_out,0.9950000047683716,0.0625,0.021556202322244644
uniform,0,1,5,999,0.9962784051895142,0.996282160282135,0.05023688077926636,0.0035422600340098143,0.004723013378679752,0.06163506209850311,time_out,0.9819999933242798,0.10000000149011612,0.03542260080575943
uniform,0,1,6,999,0.9996193647384644,0.9996197819709778,0.034600190818309784,0.0010360318701714277,0.001381375826895237,0.0625431165099144,time_out,0.9912500381469727,0.07500000298023224,0.013813757337629795
uniform,0,1,7,999,1.0,1.0,0.026979155838489532,0.00023487256839871407,0.0003131634439341724,0.06388066709041595,time_out,0.9954999685287476,0.05000000074505806,0.004697451367974281
uniform,0,1,8,999,1.0,1.0,0.0263748187571764,0.0006634194869548082,0.0008845593547448516,0.061097677797079086,time_out,0.9939999580383301,0.08749999850988388,0.007581937126815319
uniform,0,1,9,999,0.9990122318267822,0.9990133047103882,0.027763890102505684,0.0014914454659447074,0.001988593954592943,0.061507053673267365,time_out,0.9950000047683716,0.07500000298023224,0.019885938614606857
uniform,0,1,10,999,0.9941381216049194,0.9941440224647522,0.041925106197595596,0.00514767924323678,0.006863572634756565,0.06107795983552933,time_out,0.9889999628067017,0.08749999850988388,0.0588306225836277
uniform,0,1,11,999,0.9992794990539551,0.9992802739143372,0.025584809482097626,0.001291514141485095,0.0017220189329236746,0.0633777603507042,time_out,0.9950000047683716,0.0625,0.02066422626376152
uniform,0,1,12,999,0.9987212419509888,0.9987225532531738,0.0529688335955143,0.0017096555093303323,0.0022795407567173243,0.0634506493806839,time_out,0.9954999685287476,0.05000000074505806,0.03419310972094536
uniform,0,1,13,999,0.9992565512657166,0.9992573857307434,0.03301665559411049,0.0013081160141155124,0.001744154724292457,0.06209690868854523,time_out,0.9950000047683716,0.07500000298023224,0.01744154654443264
uniform,0,1,14,999,0.997961163520813,0.9979632496833801,0.025147657841444016,0.002279759617522359,0.003039679490029812,0.0644192025065422,time_out,0.9915000200271606,0.10000000149011612,0.0227975957095623
uniform,0,1,15,999,1.0,1.0,0.04237007722258568,-0.0008757714531384408,-0.0011676952708512545,0.06330841779708862,time_out,0.9945000410079956,0.10000000149011612,-0.008757714182138443
uniform,0,1,16,999,1.0,1.0,0.04223066568374634,0.0001557450887048617,0.00020766012312378734,0.06133081391453743,time_out,0.9954999685287476,0.05000000074505806,0.003114901715889573
uniform,0,1,17,999,0.9993187785148621,0.9993194937705994,0.04018757864832878,0.001261877128854394,0.0016825029160827398,0.06299279630184174,time_out,0.9954999685287476,0.05000000074505806,0.025237541645765305
uniform,0,1,18,999,0.9975109100341797,0.997513473033905,0.042821623384952545,0.002617445308715105,0.0034899271558970213,0.06146564707159996,time_out,0.9915000200271606,0.07500000298023224,0.0348992682993412
uniform,0,1,19,999,0.9992603659629822,0.9992611408233643,0.05210796371102333,0.0013049147091805935,0.0017398863565176725,0.06381920725107193,time_out,0.9947500228881836,0.08749999850988388,0.01491331122815609
uniform,0,1,20,999,0.9993426203727722,0.9993433356285095,0.025160761550068855,0.0012441466096788645,0.0016588622238487005,0.06313871592283249,time_out,0.9952499866485596,0.0625,0.01990634575486183
uniform,0,1,21,999,0.9975874423980713,0.9975898861885071,0.03260492905974388,0.0025606031995266676,0.0034141377545893192,0.06323304772377014,time_out,0.9945000410079956,0.08749999850988388,0.029264036566019058
uniform,0,1,22,999,0.9963456392288208,0.9963493347167969,0.042060378938913345,0.0034911558032035828,0.004654874559491873,0.06297671794891357,time_out,0.9907499551773071,0.0625,0.055858492851257324
uniform,0,1,23,999,0.9973876476287842,0.9973903298377991,0.043035704642534256,0.002709949854761362,0.0036132666282355785,0.06376887112855911,time_out,0.9927500486373901,0.13750000298023224,0.019708726555109024
uniform,0,1,24,999,0.994850754737854,0.9948559403419495,0.04669244959950447,0.004612680058926344,0.0061502400785684586,0.06466007232666016,time_out,0.9817500114440918,0.11250000447034836,0.04100159928202629
uniform,0,1,25,999,1.0,1.0,0.04655202850699425,2.2226997316465713e-05,2.9635997634613886e-05,0.06336424499750137,time_out,0.9937499761581421,0.11249999701976776,0.00019757331756409258
uniform,0,1,26,999,0.9995267391204834,0.9995272755622864,0.043287619948387146,0.0011052308836951852,0.0014736412558704615,0.060839541256427765,time_out,0.9952499866485596,0.05000000074505806,0.022104617208242416
uniform,0,1,27,999,0.9983117580413818,0.9983135461807251,0.029293930158019066,0.0020168344490230083,0.002689112676307559,0.06326291710138321,time_out,0.9927499890327454,0.07500000298023224,0.026891125366091728
uniform,0,1,28,999,0.9993881583213806,0.9993888139724731,0.033374231308698654,0.0012092383112758398,0.0016123177483677864,0.06336327642202377,time_out,0.9927500486373901,0.0625,0.019347812980413437
uniform,0,1,29,999,0.9981745481491089,0.9981764554977417,0.03122267872095108,0.002119530690833926,0.0028260410763323307,0.0632375106215477,time_out,0.9922499656677246,0.13750000298023224,0.015414767898619175
uniform,0,1,30,999,0.9979902505874634,0.9979922771453857,0.040777336806058884,0.0022580877412110567,0.0030107838101685047,0.06315402686595917,time_out,0.9954999685287476,0.05000000074505806,0.04516175389289856
uniform,0,1,31,999,0.9987772703170776,0.9987785220146179,0.033444665372371674,0.0016675771912559867,0.0022234362550079823,0.0632629320025444,time_out,0.9944999814033508,0.0625,0.026681235060095787
uniform,0,1,32,999,1.0,1.0,0.018817249685525894,0.000524866976775229,0.0006998226745054126,0.06257454305887222,time_out,0.9954999685287476,0.05000000074505806,0.010497339069843292
uniform,0,1,33,999,0.9939038753509521,0.993910014629364,0.044733498245477676,0.005322535056620836,0.007096713408827782,0.06386014074087143,time_out,0.9777500033378601,0.125,0.04258028045296669
uniform,0,1,34,999,1.0,1.0,0.022518904879689217,0.0005926951416768134,0.0007902602083049715,0.06318587809801102,time_out,0.9952499866485596,0.0625,0.009483122266829014
uniform,0,1,35,999,0.999582052230835,0.9995825290679932,0.029820911586284637,0.0010646926239132881,0.0014195902040228248,0.061819594353437424,time_out,0.9947500228881836,0.08749999850988388,0.01216791570186615
uniform,0,1,36,999,0.999557375907898,0.9995578527450562,0.025978801771998405,0.0010827447986230254,0.0014436597703024745,0.06176375597715378,time_out,0.9952499866485596,0.0625,0.017323916777968407
uniform,0,1,37,999,0.9969900846481323,0.9969931244850159,0.045932967215776443,0.003008292056620121,0.004011056385934353,0.062472060322761536,time_out,0.9934999942779541,0.11250000447034836,0.02674037218093872
uniform,0,1,38,999,0.996839702129364,0.9968428611755371,0.03128114715218544,0.003121748799458146,0.00416233204305172,0.06224396452307701,time_out,0.9947500228881836,0.07500000298023224,0.0416233167052269
uniform,0,1,39,999,1.0,1.0,0.03557747229933739,0.0003833635419141501,0.0005111513892188668,0.06265205144882202,time_out,0.9954999685287476,0.05000000074505806,0.007667270954698324
uniform,0,1,40,999,0.9978935122489929,0.9978956580162048,0.029019296169281006,0.0023304529022425413,0.0031072706915438175,0.06240781769156456,time_out,0.9915000200271606,0.07500000298023224,0.03107270412147045
uniform,0,1,41,999,1.0,1.0,0.03783796355128288,-4.741613156511448e-05,-6.322150875348598e-05,0.06452108174562454,time_out,0.9942499995231628,0.08749999850988388,-0.0005418986547738314
uniform,0,1,42,999,1.0,1.0,0.031007660552859306,0.0002641945902723819,0.000352259463397786,0.0634683221578598,time_out,0.9932500123977661,0.10000000149011612,0.002641945844516158
uniform,0,1,43,999,1.0,1.0,0.027427900582551956,0.0005334254237823188,0.0007112339371815324,0.0634308010339737,time_out,0.9947500228881836,0.08750000596046448,0.006096289958804846
uniform,0,1,44,999,0.9969236850738525,0.9969267845153809,0.026359932497143745,0.0030586770735681057,0.004078236408531666,0.06246096268296242,time_out,0.9950000047683716,0.07500000298023224,0.04078235849738121
uniform,0,1,45,999,0.9939074516296387,0.9939136505126953,0.04841254651546478,0.005319655407220125,0.007092874031513929,0.061932291835546494,time_out,0.9919999837875366,0.13750000298023224,0.038688402622938156
uniform,0,1,46,999,0.9990484714508057,0.9990494847297668,0.026490939781069756,0.0014639898436143994,0.0019519864581525326,0.06265254318714142,time_out,0.9950000047683716,0.07500000298023224,0.01951986365020275
uniform,0,1,47,999,0.9957770109176636,0.9957813024520874,0.04097513481974602,0.003918627742677927,0.005224836990237236,0.06049150973558426,time_out,0.9907499551773071,0.11250000447034836,0.034832246601581573
uniform,0,1,48,999,1.0,1.0,0.034962330013513565,-0.00019736473041120917,-0.00026315299328416586,0.06277626007795334,time_out,0.9952499866485596,0.0625,-0.0031578356865793467
uniform,0,1,49,999,0.994715690612793,0.994720995426178,0.03944912180304527,0.004713960457593203,0.006285280920565128,0.061179108917713165,time_out,0.9907499551773071,0.125,0.03771168366074562
uniform,0,1,50,999,1.0,1.0,0.031684231013059616,0.0006489420775324106,0.0008652561227791011,0.0644695907831192,time_out,0.9954999685287476,0.05000000074505806,0.012978841550648212
uniform,0,1,51,999,0.9996118545532227,0.9996122717857361,0.024539494886994362,0.0010418291203677654,0.0013891055714339018,0.06461987644433975,time_out,0.9930000305175781,0.08749999850988388,0.011906619183719158
uniform,0,1,52,999,0.9974044561386108,0.997407078742981,0.045933958142995834,0.002696931827813387,0.0035959091037511826,0.06086530536413193,time_out,0.9860000014305115,0.07500000298023224,0.035959091037511826
uniform,0,1,53,999,0.9965457916259766,0.9965493083000183,0.03295039013028145,0.003341483883559704,0.00445531215518713,0.06230728328227997,time_out,0.9930000305175781,0.125,0.02673187106847763
uniform,0,1,54,999,0.9997485876083374,0.9997488856315613,0.03024842031300068,0.0009388967882841825,0.00125186238437891,0.06310181319713593,time_out,0.9950000047683716,0.07500000298023224,0.012518622912466526
uniform,0,1,55,999,0.998553991317749,0.9985554814338684,0.043070245534181595,0.0018351227045059204,0.0024468302726745605,0.06320103257894516,time_out,0.9952499866485596,0.0625,0.029361963272094727
uniform,0,1,56,999,1.0,1.0,0.05016997084021568,0.0006160690682008862,0.0008214254630729556,0.06432871520519257,time_out,0.9942499995231628,0.0625,0.00985710509121418
uniform,0,1,57,999,1.0,1.0,0.03476475924253464,0.0003803189320024103,0.0005070919287391007,0.06258070468902588,time_out,0.9954999685287476,0.05000000074505806,0.007606378756463528
uniform,0,1,58,999,0.9999048113822937,0.9999049305915833,0.02447838895022869,0.0008220601011998951,0.0010960801737383008,0.062225379049777985,time_out,0.9954999685287476,0.05000000074505806,0.01644120179116726
uniform,0,1,59,999,1.0,1.0,0.04328189417719841,0.0006595366285182536,0.0008793821907602251,0.06122632324695587,time_out,0.9954999685287476,0.05000000074505806,0.013190732337534428
uniform,0,1,60,999,0.9992680549621582,0.9992688298225403,0.03283749148249626,0.0012998476158827543,0.0017331301933154464,0.06365909427404404,time_out,0.9904999732971191,0.0625,0.02079756185412407
uniform,0,1,61,999,0.9999035596847534,0.9999037384986877,0.03649013862013817,0.0008232866530306637,0.0010977155761793256,0.06303085386753082,time_out,0.9947500228881836,0.08749999850988388,0.009408990852534771
uniform,0,1,62,999,0.9999277591705322,0.9999278783798218,0.03063281625509262,0.0008049198077060282,0.0010732264490798116,0.06174064055085182,time_out,0.9900000095367432,0.11250000447034836,0.007154842372983694
uniform,0,1,63,999,0.9955841302871704,0.9955886006355286,0.03545224666595459,0.0040630619041621685,0.005417415872216225,0.06372813880443573,time_out,0.9872499704360962,0.11249999701976776,0.0361161082983017
uniform,0,1,64,999,0.9991669654846191,0.9991678595542908,0.028880525380373,0.0013757782289758325,0.001834371010772884,0.06438637524843216,time_out,0.9947500228881836,0.08749999850988388,0.015723180025815964
uniform,0,1,65,999,0.9976414442062378,0.9976438283920288,0.03181971609592438,0.0025191293098032475,0.0033588390797376633,0.06300044059753418,time_out,0.9934999942779541,0.10000000149011612,0.0251912921667099
uniform,0,1,66,999,0.998597264289856,0.9985987544059753,0.039351936429739,0.001803239923901856,0.002404320053756237,0.06050608307123184,time_out,0.9954999685287476,0.05000000074505806,0.03606479614973068
uniform,0,1,67,999,1.0,1.0,0.03371056914329529,0.0006282638059929013,0.0008376850746572018,0.06265819072723389,time_out,0.9954999685287476,0.05000000074505806,0.01256527565419674
uniform,0,1,68,999,0.997752845287323,0.9977551102638245,0.040815386921167374,0.00243521761149168,0.0032469569705426693,0.06299687922000885,time_out,0.9947499632835388,0.07500000298023224,0.03246956691145897
uniform,0,1,69,999,0.9994522333145142,0.9994528293609619,0.026525210589170456,0.0011611549416556954,0.0015482066664844751,0.06468892842531204,time_out,0.9952499866485596,0.05000000074505806,0.02322309836745262
uniform,0,1,70,999,0.9964389801025391,0.9964426159858704,0.05524143949151039,0.0034210546873509884,0.004561406560242176,0.06384055316448212,time_out,0.9860000014305115,0.125,0.027368437498807907
uniform,0,1,71,999,0.9992184638977051,0.9992192983627319,0.042331766337156296,0.001337637659162283,0.0017835169564932585,0.06193859875202179,time_out,0.9954999685287476,0.05000000074505806,0.02675275318324566
uniform,0,1,72,999,1.0,1.0,0.030828066170215607,-0.00017733981076162308,-0.00023645308101549745,0.06261787563562393,time_out,0.9915000200271606,0.11250000447034836,-0.001576353795826435
uniform,0,1,73,999,0.9985898733139038,0.9985913634300232,0.04968876391649246,0.001807965338230133,0.0024106204509735107,0.06093293055891991,time_out,0.9954999685287476,0.05000000074505806,0.03615930676460266
uniform,0,1,74,999,0.9952541589736938,0.9952589869499207,0.0482759103178978,0.004309909418225288,0.005746546201407909,0.06073334813117981,time_out,0.9939999580383301,0.125,0.03447927534580231
uniform,0,1,75,999,0.999284029006958,0.9992848038673401,0.05599967762827873,0.001287116203457117,0.00171615497674793,0.06112601235508919,time_out,0.9950000047683716,0.07500000298023224,0.017161548137664795
uniform,0,1,76,999,1.0,1.0,0.018009519204497337,0.0005602638120763004,0.0007470184355042875,0.06186562404036522,time_out,0.9954999685287476,0.05000000074505806,0.011205276474356651
uniform,0,1,77,999,0.9960607290267944,0.9960647225379944,0.048875339329242706,0.0037055471912026405,0.004940729588270187,0.06185860559344292,time_out,0.9862500429153442,0.11249999701976776,0.03293819725513458
uniform,0,1,78,999,0.9993242621421814,0.9993249773979187,0.02907698042690754,0.001257173134945333,0.0016762309242039919,0.06157791614532471,time_out,0.9954999685287476,0.05000000074505806,0.025143463164567947
uniform,0,1,79,999,0.9999632239341736,0.9999632835388184,0.0446990430355072,0.0007779941079206765,0.0010373254772275686,0.06228882446885109,time_out,0.9954999685287476,0.05000000074505806,0.015559881925582886
uniform,0,1,80,999,0.9982416033744812,0.9982433915138245,0.051581356674432755,0.002069400390610099,0.002759200520813465,0.060663431882858276,time_out,0.9882500171661377,0.11250000447034836,0.018394669517874718
uniform,0,1,81,999,0.9972052574157715,0.9972081184387207,0.04534617066383362,0.0028478146996349096,0.0037970864214003086,0.06286711245775223,time_out,0.9877499938011169,0.15000000596046448,0.018985429778695107
uniform,0,1,82,999,0.9973503947257996,0.9973530769348145,0.05361582338809967,0.002737627597525716,0.003650170285254717,0.0635504275560379,time_out,0.9902499914169312,0.07500000298023224,0.036501698195934296
uniform,0,1,83,999,0.99568772315979,0.9956920742988586,0.05631186068058014,0.003985342103987932,0.00531378947198391,0.06382282078266144,time_out,0.9932500123977661,0.15000000596046448,0.0265689454972744
uniform,0,1,84,999,1.0,1.0,0.04517305642366409,0.0005357234622351825,0.0007142979884520173,0.06181088089942932,time_out,0.9954999685287476,0.05000000074505806,0.010714469477534294
uniform,0,1,85,999,0.998924970626831,0.998926043510437,0.04287053272128105,0.0015570363029837608,0.0020760484039783478,0.0628667026758194,time_out,0.9952499866485596,0.05000000074505806,0.031140726059675217
uniform,0,1,86,999,0.9988407492637634,0.9988419413566589,0.0434085950255394,0.001619988470338285,0.0021599847823381424,0.062058914452791214,time_out,0.9945000410079956,0.10000000149011612,0.016199884936213493
uniform,0,1,87,999,1.0,1.0,0.041598279029130936,-4.769142469740473e-05,-6.35885662632063e-05,0.06411895155906677,time_out,0.9950000047683716,0.0625,-0.0007630627951584756
uniform,0,1,88,999,0.9970223307609558,0.9970253705978394,0.029130129143595695,0.002984520746394992,0.003979361150413752,0.06229594349861145,time_out,0.9900000095367432,0.08749999850988388,0.034108810126781464
uniform,0,1,89,999,0.9984390735626221,0.998440682888031,0.034358859062194824,0.0019209962338209152,0.0025613284669816494,0.06295252591371536,time_out,0.9954999685287476,0.05000000074505806,0.038419924676418304
uniform,0,1,90,999,0.9987524747848511,0.9987537860870361,0.03797531500458717,0.0016869332175701857,0.0022492443677037954,0.06262938678264618,time_out,0.9912499785423279,0.07500000298023224,0.022492442280054092
uniform,0,1,91,999,0.9970454573631287,0.9970484375953674,0.02653682231903076,0.0029668775387108326,0.003955836873501539,0.06262485682964325,time_out,0.9950000047683716,0.07500000298023224,0.03955836594104767
uniform,0,1,92,999,1.0,1.0,0.028585324063897133,0.00010550572915235534,0.0001406743103871122,0.06187967211008072,time_out,0.9954999685287476,0.05000000074505806,0.0021101145539432764
uniform,0,1,93,999,0.997041642665863,0.9970446825027466,0.027246536687016487,0.0029691585805267096,0.003958878107368946,0.06351976841688156,time_out,0.9952499866485596,0.0625,0.04750653728842735
uniform,0,1,94,999,1.0,1.0,0.05101003870368004,0.0004363938933238387,0.0005818585632368922,0.06179127097129822,time_out,0.9954999685287476,0.05000000074505806,0.008727877400815487
uniform,0,1,95,999,0.9986183643341064,0.998619794845581,0.051588814705610275,0.0017873455071821809,0.0023831273429095745,0.06227496638894081,time_out,0.9877499938011169,0.08750000596046448,0.020426804199814796
uniform,0,1,96,999,0.999206006526947,0.9992068409919739,0.046240370720624924,0.0013459456386044621,0.0017945942236110568,0.06159129738807678,time_out,0.9954999685287476,0.05000000074505806,0.026918912306427956
uniform,0,1,97,999,0.9969751238822937,0.996978223323822,0.03700246661901474,0.00301960576325655,0.0040261410176754,0.06363343447446823,time_out,0.9919999837875366,0.125,0.0241568461060524
uniform,0,1,98,999,1.0,1.0,0.031226107850670815,0.00021885233581997454,0.00029180312412790954,0.0626876950263977,time_out,0.9954999685287476,0.05000000074505806,0.004377046599984169
uniform,0,1,99,999,0.9955498576164246,0.9955543875694275,0.038930222392082214,0.004087923560291529,0.005450564902275801,0.06372861564159393,time_out,0.9909999966621399,0.125,0.03270338848233223
uniform,0,2,0,999,1.0,1.0,0.02493276819586754,-0.0013091014698147774,-0.0010472811991348863,0.06287623196840286,time_out,0.9947500228881836,0.07500000298023224,-0.017454685643315315
uniform,0,2,1,999,1.0,1.0,0.05319192260503769,0.000730261905118823,0.0005842095124535263,0.061728544533252716,time_out,0.9874999523162842,0.11250000447034836,0.006491216830909252
uniform,0,2,2,999,1.0,1.0,0.030662143602967262,0.0002492975036147982,0.0001994379999814555,0.0644192025065422,time_out,0.9942499995231628,0.11250000447034836,0.002215977758169174
uniform,0,2,3,999,1.0,1.0,0.01797601394355297,0.0003998167812824249,0.00031985342502593994,0.06232839450240135,time_out,0.9954999685287476,0.05000000074505806,0.007996335625648499
uniform,0,2,4,999,0.9999837279319763,0.9999837875366211,0.03617313504219055,0.0012714068870991468,0.0010171255562454462,0.062436122447252274,time_out,0.9922499656677246,0.08749999850988388,0.01453036442399025
uniform,0,2,5,999,1.0,1.0,0.05600818991661072,-0.0011412204476073384,-0.0009129763930104673,0.06079992279410362,time_out,0.9897500276565552,0.0625,-0.018259527161717415
uniform,0,2,6,999,0.9997294545173645,0.9997298121452332,0.03631741553544998,0.0015897135017439723,0.0012717708013951778,0.06382410228252411,time_out,0.9892500042915344,0.0625,0.025435416027903557
uniform,0,2,7,999,0.9998753666877747,0.999875545501709,0.042028434574604034,0.0014066656585782766,0.0011253325501456857,0.06490451842546463,time_out,0.9904999732971191,0.07500000298023224,0.018755542114377022
uniform,0,2,8,999,0.9997852444648743,0.9997854828834534,0.032698653638362885,0.0015185949159786105,0.0012148759560659528,0.06159371882677078,time_out,0.9954999685287476,0.05000000074505806,0.030371898785233498
uniform,0,2,9,999,0.9987789988517761,0.9987802505493164,0.051576048135757446,0.0027773494366556406,0.0022218795493245125,0.06294041872024536,time_out,0.9862499833106995,0.07500000298023224,0.037031322717666626
uniform,0,2,10,999,1.0,1.0,0.03342423960566521,0.0009508176590315998,0.0007606541621498764,0.06114630401134491,time_out,0.9917500019073486,0.08749999850988388,0.01086648739874363
uniform,0,2,11,999,0.9990267753601074,0.9990278482437134,0.03623773902654648,0.0024674173910170794,0.001973934005945921,0.06326624751091003,time_out,0.9912500381469727,0.07500000298023224,0.03289889544248581
uniform,0,2,12,999,1.0,1.0,0.021763043478131294,-0.0004789956728927791,-0.0003831965441349894,0.062001343816518784,time_out,0.9954999685287476,0.05000000074505806,-0.009579913690686226
uniform,0,2,13,999,1.0,1.0,0.02625441364943981,0.0011333763832226396,0.0009067011415027082,0.06298823654651642,time_out,0.9907499551773071,0.0625,0.018134022131562233
uniform,0,2,14,999,1.0,1.0,0.03217589482665062,0.001120103755965829,0.0008960830164141953,0.06231103837490082,time_out,0.9952499866485596,0.0625,0.017921660095453262
uniform,0,2,15,999,1.0,1.0,0.0341077521443367,0.0009608707623556256,0.0007686965982429683,0.06222957372665405,time_out,0.9952499866485596,0.0625,0.01537393219769001
uniform,0,2,16,999,1.0,1.0,0.035375602543354034,0.0007490970310755074,0.0005992776132188737,0.06218893826007843,time_out,0.9954999685287476,0.05000000074505806,0.014981940388679504
uniform,0,2,17,999,1.0,1.0,0.040686655789613724,0.0008702499326318502,0.0006961999461054802,0.06232743337750435,time_out,0.9947500228881836,0.08749999850988388,0.00994571391493082
uniform,0,2,18,999,1.0,1.0,0.04028342664241791,-0.0002981192956212908,-0.00023849544231779873,0.06166037544608116,time_out,0.9954999685287476,0.05000000074505806,-0.005962385796010494
uniform,0,2,19,999,0.99969083070755,0.9996911883354187,0.030802562832832336,0.0016390798846259713,0.0013112638844177127,0.06208096817135811,time_out,0.9954999685287476,0.05000000074505806,0.03278159722685814
uniform,0,2,20,999,0.9964192509651184,0.9964228868484497,0.07002560794353485,0.005726810544729233,0.004581448622047901,0.06369142979383469,time_out,0.9854999780654907,0.21250000596046448,0.026949696242809296
uniform,0,2,21,999,0.9996320009231567,0.9996324181556702,0.03183887526392937,0.0017118977848440409,0.0013695182278752327,0.06401843577623367,time_out,0.9917500019073486,0.125,0.013695182278752327
uniform,0,2,22,999,1.0,1.0,0.03349713236093521,0.0008169816574081779,0.0006535853608511388,0.06175330653786659,time_out,0.9950000047683716,0.07500000298023224,0.010893088765442371
uniform,0,2,23,999,0.9996004104614258,0.999600887298584,0.036536749452352524,0.0017511019250378013,0.0014008815633133054,0.06389539688825607,time_out,0.9927500486373901,0.10000000149011612,0.017511019483208656
uniform,0,2,24,999,1.0,1.0,0.022955413907766342,0.0007286205654963851,0.0005828964640386403,0.06388246268033981,time_out,0.9954999685287476,0.05000000074505806,0.014572410844266415
uniform,0,2,25,999,1.0,1.0,0.01981879211962223,-0.0004152010951656848,-0.00033216088195331395,0.06280860304832458,time_out,0.9952499866485596,0.05000000074505806,-0.008304021321237087
uniform,0,2,26,999,1.0,1.0,0.02852819487452507,0.0004923221422359347,0.0003938577137887478,0.064919613301754,time_out,0.9952499866485596,0.05000000074505806,0.009846442379057407
uniform,0,2,27,999,1.0,1.0,0.05913803353905678,0.00047362796613015234,0.00037890239036642015,0.0626642256975174,time_out,0.9812500476837158,0.0625,0.0075780474580824375
uniform,0,2,28,999,1.0,1.0,0.03623982146382332,0.0010251660132780671,0.0008201328455470502,0.06236698105931282,time_out,0.9937499761581421,0.08749999850988388,0.01171618327498436
uniform,0,2,29,999,0.9999577403068542,0.999957799911499,0.048379454761743546,0.0013040603371337056,0.0010432483395561576,0.06413736194372177,time_out,0.9927500486373901,0.10000000149011612,0.013040603138506413
uniform,0,2,30,999,1.0,1.0,0.030442887917160988,0.00040752909262664616,0.0003260232915636152,0.06316621601581573,time_out,0.9954999685287476,0.05000000074505806,0.008150581270456314
uniform,0,2,31,999,1.0,1.0,0.029163427650928497,2.526643584133126e-05,2.0213148673065007e-05,0.06279735267162323,time_out,0.9954999685287476,0.05000000074505806,0.0005053287022747099
uniform,0,2,32,999,1.0,1.0,0.023217055946588516,-0.00010617794032441452,-8.494235225953162e-05,0.0633450448513031,time_out,0.9954999685287476,0.05000000074505806,-0.002123558660969138
uniform,0,2,33,999,1.0,1.0,0.03681907057762146,-0.001433245255611837,-0.0011465962743386626,0.06271741539239883,time_out,0.9917500019073486,0.07500000298023224,-0.0191099364310503
uniform,0,2,34,999,1.0,1.0,0.04217427968978882,6.373898213496432e-05,5.099118789075874e-05,0.06259270012378693,time_out,0.9954999685287476,0.05000000074505806,0.0012747796718031168
uniform,0,2,35,999,0.9993200302124023,0.9993208050727844,0.04786009341478348,0.0021016995888203382,0.0016813597176223993,0.06119134649634361,time_out,0.9824999570846558,0.08749999850988388,0.024019423872232437
uniform,0,2,36,999,0.9995390176773071,0.9995395541191101,0.042080335319042206,0.001827889122068882,0.0014623113675042987,0.062236640602350235,time_out,0.9947500228881836,0.07500000298023224,0.024371853098273277
uniform,0,2,37,999,1.0,1.0,0.022965893149375916,0.0006635668105445802,0.0005308534600771964,0.06263669580221176,time_out,0.9954999685287476,0.05000000074505806,0.013271336443722248
uniform,0,2,38,999,1.0,1.0,0.021356863901019096,-0.00014399157953448594,-0.0001151932665379718,0.06209511682391167,time_out,0.9954999685287476,0.05000000074505806,-0.002879831474274397
uniform,0,2,39,999,1.0,1.0,0.0417572446167469,0.0006813040236011147,0.0005450432072393596,0.06591483950614929,time_out,0.9950000047683716,0.07500000298023224,0.009084053337574005
uniform,0,2,40,999,1.0,1.0,0.023466017097234726,8.956649980973452e-05,7.165320130297914e-05,0.06194823235273361,time_out,0.9954999685287476,0.05000000074505806,0.0017913299379870296
uniform,0,2,41,999,1.0,1.0,0.017800841480493546,-7.65996883274056e-05,-6.1279752117116e-05,0.0633649080991745,time_out,0.9952499866485596,0.0625,-0.0012255950132384896
uniform,0,2,42,999,1.0,1.0,0.03945032134652138,0.00035793418646790087,0.0002863473491743207,0.062329161912202835,time_out,0.9934999942779541,0.07500000298023224,0.004772455431520939
uniform,0,2,43,999,0.9988418817520142,0.9988430738449097,0.03394116461277008,0.0026987213641405106,0.0021589770913124084,0.0631883516907692,time_out,0.9904999732971191,0.11249999701976776,0.02398863434791565
uniform,0,2,44,999,0.9999095797538757,0.9999096989631653,0.027553996071219444,0.0013645131839439273,0.0010916105238720775,0.06206298992037773,time_out,0.9939999580383301,0.11250000447034836,0.01212900597602129
uniform,0,2,45,999,1.0,1.0,0.02561509795486927,0.0004207902238704264,0.0003366321907378733,0.06249295547604561,time_out,0.9954999685287476,0.05000000074505806,0.008415804244577885
uniform,0,2,46,999,1.0,1.0,0.02332998625934124,-1.1383198398107197e-05,-9.106558536586817e-06,0.06370613723993301,time_out,0.9954999685287476,0.05000000074505806,-0.00022766397160012275
uniform,0,2,47,999,1.0,1.0,0.03276783972978592,2.516489621484652e-05,2.013191806327086e-05,0.06057148054242134,time_out,0.9952499866485596,0.0625,0.00040263833943754435
uniform,0,2,48,999,1.0,1.0,0.039915215224027634,0.0005118103581480682,0.00040944828651845455,0.06339123100042343,time_out,0.9954999685287476,0.05000000074505806,0.010236207395792007
uniform,0,2,49,999,1.0,1.0,0.01956755481660366,-0.0002197652356699109,-0.00017581219435669482,0.06310725957155228,time_out,0.9954999685287476,0.05000000074505806,-0.004395304713398218
uniform,0,2,50,999,1.0,1.0,0.0268543791025877,-2.2695154257235117e-05,-1.8156124497181736e-05,0.0631200522184372,time_out,0.9947499632835388,0.07500000298023224,-0.00030260204221121967
uniform,0,2,51,999,1.0,1.0,0.03965776413679123,-0.00026616797549650073,-0.00021293437748681754,0.06310879439115524,time_out,0.9950000047683716,0.0625,-0.004258687607944012
uniform,0,2,52,999,1.0,1.0,0.02533787302672863,0.0005396603373810649,0.0004317282873671502,0.061647966504096985,time_out,0.9954999685287476,0.05000000074505806,0.01079320628196001
uniform,0,2,53,999,1.0,1.0,0.028936833143234253,7.216520316433161e-05,5.773216253146529e-05,0.06452150642871857,time_out,0.9952499866485596,0.0625,0.0011546432506293058
uniform,0,2,54,999,1.0,1.0,0.026576919481158257,0.00070903729647398,0.0005672298721037805,0.06229458749294281,time_out,0.9954999685287476,0.05000000074505806,0.014180745929479599
uniform,0,2,55,999,0.9997059106826782,0.9997062087059021,0.029607221484184265,0.0016194201307371259,0.0012955361744388938,0.06409807503223419,time_out,0.9930000305175781,0.125,0.012955361045897007
uniform,0,2,56,999,1.0,1.0,0.04253773391246796,0.00035586426383815706,0.0002846914285328239,0.061258669942617416,time_out,0.9927499890327454,0.13750000298023224,0.0025881037581712008
uniform,0,2,57,999,1.0,1.0,0.047583773732185364,7.364449993474409e-05,5.891560067539103e-05,0.062298838049173355,time_out,0.9954999685287476,0.05000000074505806,0.0014728900277987123
uniform,0,2,58,999,1.0,1.0,0.05252842232584953,0.0005897902301512659,0.00047183220158331096,0.06202166900038719,time_out,0.9922499656677246,0.11250000447034836,0.0052425796166062355
uniform,0,2,59,999,1.0,1.0,0.03968917205929756,-0.0010124664986506104,-0.0008099732222035527,0.06161051616072655,time_out,0.9944999814033508,0.07500000298023224,-0.013499552384018898
uniform,0,2,60,999,0.9966036677360535,0.9966071248054504,0.04040539637207985,0.005496287252753973,0.004397029988467693,0.06434318423271179,time_out,0.9922499656677246,0.125,0.043970298022031784
uniform,0,2,61,999,1.0,1.0,0.036871012300252914,-0.0009013036615215242,-0.0007210429175756872,0.0634218230843544,time_out,0.9950000047683716,0.0625,-0.014420858584344387
uniform,0,2,62,999,1.0,1.0,0.013773035258054733,-1.6215837604249828e-05,-1.2972670447197743e-05,0.06278819590806961,time_out,0.9954999685287476,0.05000000074505806,-0.00032431675936095417
uniform,0,2,63,999,0.9991617202758789,0.9991625547409058,0.03223699331283569,0.002299276879057288,0.0018394215730950236,0.06291354447603226,time_out,0.9934999942779541,0.10000000149011612,0.02299276925623417
uniform,0,2,64,999,1.0,1.0,0.043501269072294235,0.001041277078911662,0.0008330216514877975,0.06313925981521606,time_out,0.9927499890327454,0.125,0.008330216631293297
uniform,0,2,65,999,1.0,1.0,0.016387058421969414,-6.727529398631305e-05,-5.382023664424196e-05,0.060842115432024,time_out,0.9954999685287476,0.05000000074505806,-0.0013455058215186
uniform,0,2,66,999,1.0,1.0,0.021403929218649864,-0.00024338130606338382,-0.0001947050477610901,0.06408103555440903,time_out,0.9947500228881836,0.08749999850988388,-0.0027815005742013454
uniform,0,2,67,999,1.0,1.0,0.028508499264717102,0.0007014021975919604,0.0005611217929981649,0.0636083334684372,time_out,0.9954999685287476,0.05000000074505806,0.014028043486177921
uniform,0,2,68,999,1.0,1.0,0.04870530217885971,0.001152407145127654,0.0009219257044605911,0.0639001727104187,time_out,0.9912500381469727,0.10000000149011612,0.011524070985615253
uniform,0,2,69,999,1.0,1.0,0.03098476678133011,-0.0005862864200025797,-0.000469029153464362,0.06312861293554306,time_out,0.9954999685287476,0.05000000074505806,-0.011725728400051594
uniform,0,2,70,999,0.9999315142631531,0.9999316334724426,0.03036229871213436,0.0013360969023779035,0.0010688775219023228,0.06281428784132004,time_out,0.9945000410079956,0.07500000298023224,0.017814625054597855
uniform,0,2,71,999,0.9997720718383789,0.999772310256958,0.04971560463309288,0.0015362733975052834,0.0012290187878534198,0.06327937543392181,time_out,0.9900000095367432,0.10000000149011612,0.015362733975052834
uniform,0,2,72,999,0.9997850656509399,0.999785304069519,0.0290521290153265,0.0015193194849416614,0.001215455587953329,0.06480780243873596,time_out,0.9942499995231628,0.08749999850988388,0.0173636507242918
uniform,0,2,73,999,0.9993451237678528,0.9993458390235901,0.0611879788339138,0.0020689540542662144,0.0016551632434129715,0.06016954779624939,time_out,0.9880000352859497,0.13750000298023224,0.015046938322484493
uniform,0,2,74,999,1.0,1.0,0.03987013176083565,-0.00030691930442117155,-0.0002455354551784694,0.062162987887859344,time_out,0.9954999685287476,0.05000000074505806,-0.006138386204838753
uniform,0,2,75,999,1.0,1.0,0.026189489290118217,-0.00033077376428991556,-0.00026461901143193245,0.06329093128442764,time_out,0.9954999685287476,0.05000000074505806,-0.006615475285798311
uniform,0,2,76,999,1.0,1.0,0.0459611713886261,0.0004809936217498034,0.00038479489739984274,0.06408320367336273,time_out,0.9950000047683716,0.07500000298023224,0.006413247901946306
uniform,0,2,77,999,0.9997845888137817,0.9997848272323608,0.034443199634552,0.0015197891043499112,0.0012158312601968646,0.06425020098686218,time_out,0.9945000410079956,0.08749999850988388,0.017369018867611885
uniform,0,2,78,999,1.0,1.0,0.021669084206223488,0.00015252461889758706,0.00012201969366287813,0.06432334333658218,time_out,0.9954999685287476,0.05000000074505806,0.0030504923779517412
uniform,0,2,79,999,1.0,1.0,0.03530656918883324,0.0008628768264316022,0.000690301472786814,0.0632174015045166,time_out,0.9837499856948853,0.0625,0.013806029222905636
uniform,0,2,80,999,1.0,1.0,0.026782633736729622,-3.156327147735283e-05,-2.5250617909478024e-05,0.062356043606996536,time_out,0.9954999685287476,0.05000000074505806,-0.0006312654004432261
uniform,0,2,81,999,1.0,1.0,0.04030131548643112,-0.0027863532304763794,-0.0022290826309472322,0.0647984966635704,time_out,0.9919999837875366,0.10000000149011612,-0.027863532304763794
uniform,0,2,82,999,1.0,1.0,0.03232002630829811,-0.0002778354973997921,-0.00022226839791983366,0.06322290748357773,time_out,0.9954999685287476,0.05000000074505806,-0.005556710064411163
uniform,0,2,83,999,0.9979596138000488,0.997961699962616,0.034503914415836334,0.003802146529778838,0.0030417172238230705,0.06156365945935249,time_out,0.9887499809265137,0.0625,0.06083434447646141
uniform,0,2,84,999,1.0,1.0,0.021637756377458572,0.00013740935537498444,0.00010992748866556212,0.06220226362347603,time_out,0.9952499866485596,0.0625,0.002198549685999751
uniform,0,2,85,999,1.0,1.0,0.02701658383011818,0.0005113814841024578,0.0004091051814612001,0.06376058608293533,time_out,0.9939999580383301,0.07500000298023224,0.006818419322371483
uniform,0,2,86,999,0.9997631907463074,0.9997634887695312,0.04479648545384407,0.0015473272651433945,0.0012378618121147156,0.06316832453012466,time_out,0.9907499551773071,0.07500000298023224,0.020631030201911926
uniform,0,2,87,999,0.999615490436554,0.9996159076690674,0.04538906738162041,0.0017329311231151223,0.0013863448984920979,0.06459937989711761,time_out,0.9939999580383301,0.10000000149011612,0.01732931099832058
uniform,0,2,88,999,1.0,1.0,0.023174630478024483,8.533363143214956e-05,6.826690514571965e-05,0.06383801996707916,time_out,0.9954999685287476,0.05000000074505806,0.0017066725995391607
uniform,0,2,89,999,1.0,1.0,0.04146350175142288,0.0010293192462995648,0.0008234553970396519,0.06225151941180229,time_out,0.9952499866485596,0.05000000074505806,0.02058638446033001
uniform,0,2,90,999,1.0,1.0,0.03017248958349228,-0.0004441355704329908,-0.0003553084679879248,0.06304797530174255,time_out,0.9954999685287476,0.05000000074505806,-0.00888271164149046
uniform,0,2,91,999,1.0,1.0,0.02930191159248352,0.0007907983381301165,0.0006326386937871575,0.06396904587745667,time_out,0.9954999685287476,0.05000000074505806,0.015815965831279755
uniform,0,2,92,999,1.0,1.0,0.022028757259249687,6.73898248351179e-05,5.3911859140498564e-05,0.062060240656137466,time_out,0.9954999685287476,0.05000000074505806,0.0013477965258061886
uniform,0,2,93,999,1.0,1.0,0.02254335768520832,-0.0001592457265360281,-0.0001273965899599716,0.06359922140836716,time_out,0.9954999685287476,0.05000000074505806,-0.0031849145889282227
uniform,0,2,94,999,0.9988736510276794,0.9988747835159302,0.05200185999274254,0.002659768098965287,0.0021278145723044872,0.061276085674762726,time_out,0.9854999780654907,0.10000000149011612,0.026597680523991585
uniform,0,2,95,999,1.0,1.0,0.028863925486803055,0.0004036569152958691,0.0003229255380574614,0.0648517981171608,time_out,0.9952499866485596,0.0625,0.006458510644733906
uniform,0,2,96,999,1.0,1.0,0.02924197167158127,0.0011910254834219813,0.0009528204100206494,0.06255335360765457,time_out,0.9954999685287476,0.05000000074505806,0.023820510134100914
uniform,0,2,97,999,0.9992411732673645,0.9992420077323914,0.037236668169498444,0.0022007098887115717,0.001760567887686193,0.06263666599988937,time_out,0.9889999628067017,0.07500000298023224,0.02934279665350914
uniform,0,2,98,999,1.0,1.0,0.04219783842563629,-0.0018199810292571783,-0.0014559848932549357,0.062252435833215714,time_out,0.9919999837875366,0.17500001192092896,-0.010399891063570976
uniform,0,2,99,999,0.9998193979263306,0.9998196363449097,0.0316227525472641,0.001476526609621942,0.0011812213342636824,0.0636155754327774,time_out,0.9927500486373901,0.0625,0.023624425753951073
uniform,0,3,0,999,1.0,1.0,0.03601275756955147,-0.0012165529187768698,-0.0006951731047593057,0.060513485223054886,time_out,0.9954999685287476,0.05000000074505806,-0.02433105744421482
uniform,0,3,1,999,1.0,1.0,0.031236179172992706,-0.0008557232795283198,-0.0004889847477898002,0.06246865168213844,time_out,0.9952499866485596,0.0625,-0.013691572472453117
uniform,0,3,2,999,1.0,1.0,0.0431089885532856,-0.0006501183961518109,-0.00037149625131860375,0.06377614289522171,time_out,0.9919999837875366,0.0625,-0.010401894338428974
uniform,0,3,3,999,1.0,1.0,0.01884974166750908,-0.0009383306605741382,-0.0005361889488995075,0.06195329502224922,time_out,0.9954999685287476,0.05000000074505806,-0.01876661367714405
uniform,0,3,4,999,1.0,1.0,0.022675272077322006,0.000247687945375219,0.0001415359729435295,0.06309299916028976,time_out,0.9954999685287476,0.05000000074505806,0.004953758791089058
uniform,0,3,5,999,1.0,1.0,0.028773469850420952,-0.0016562960809096694,-0.0009464549366384745,0.06350763142108917,time_out,0.9954999685287476,0.05000000074505806,-0.033125922083854675
uniform,0,3,6,999,1.0,1.0,0.0355040542781353,-0.003046706086024642,-0.0017409749561920762,0.06543970108032227,time_out,0.9952499866485596,0.0625,-0.04874729737639427
uniform,0,3,7,999,1.0,1.0,0.02545849047601223,-1.4826367078057956e-05,-8.472210538457148e-06,0.06310156732797623,time_out,0.9950000047683716,0.07500000298023224,-0.00019768488709814847
uniform,0,3,8,999,1.0,1.0,0.03472566977143288,-0.0005455755745060742,-0.0003117574960924685,0.062403373420238495,time_out,0.9954999685287476,0.05000000074505806,-0.01091151125729084
uniform,0,3,9,999,1.0,1.0,0.04050911217927933,0.00023869496362749487,0.00013639712415169924,0.06299721449613571,time_out,0.9952499866485596,0.0625,0.003819119418039918
uniform,0,3,10,999,1.0,1.0,0.021732700988650322,-0.00042155952542088926,-0.00024089116777759045,0.06097577512264252,time_out,0.9954999685287476,0.05000000074505806,-0.008431190624833107
uniform,0,3,11,999,1.0,1.0,0.036600638180971146,0.0005969741614535451,0.0003411281213629991,0.06367085874080658,time_out,0.9950000047683716,0.07500000298023224,0.007959655486047268
uniform,0,3,12,999,1.0,1.0,0.03688164800405502,-0.0012100533349439502,-0.000691459106747061,0.06293167173862457,time_out,0.9954999685287476,0.05000000074505806,-0.02420106716454029
uniform,0,3,13,999,1.0,1.0,0.04103090241551399,0.0011994702508673072,0.0006854116218164563,0.062011219561100006,time_out,0.9865000247955322,0.07500000298023224,0.015992935746908188
uniform,0,3,14,999,1.0,1.0,0.020885223522782326,-0.0005970530910417438,-0.00034117320319637656,0.06220513954758644,time_out,0.9954999685287476,0.05000000074505806,-0.011941061355173588
uniform,0,3,15,999,1.0,1.0,0.028969107195734978,-0.0008293433929793537,-0.00047391053522005677,0.06401705741882324,time_out,0.9954999685287476,0.05000000074505806,-0.016586868092417717
uniform,0,3,16,999,1.0,1.0,0.05067652091383934,-0.0018762818071991205,-0.0010721611324697733,0.061492498964071274,time_out,0.9877499938011169,0.07500000298023224,-0.025017090141773224
uniform,0,3,17,999,1.0,1.0,0.03373664617538452,-0.00031050501274876297,-0.0001774314441718161,0.06230289861559868,time_out,0.9947500228881836,0.08749999850988388,-0.003548628883436322
uniform,0,3,18,999,1.0,1.0,0.03386872261762619,-0.00033866759622469544,-0.0001935243490152061,0.062451351433992386,time_out,0.9954999685287476,0.05000000074505806,-0.006773351691663265
uniform,0,3,19,999,1.0,1.0,0.04802612587809563,-0.0008440447854809463,-0.0004823113267775625,0.06280387192964554,time_out,0.9924999475479126,0.07500000298023224,-0.011253929696977139
uniform,0,3,20,999,1.0,1.0,0.03192639350891113,-0.0013847564114257693,-0.0007912894361652434,0.06180112063884735,time_out,0.9954999685287476,0.05000000074505806,-0.027695128694176674
uniform,0,3,21,999,1.0,1.0,0.027951031923294067,0.0005477708182297647,0.0003130119002889842,0.06304468959569931,time_out,0.9947500228881836,0.08749999850988388,0.006260238122195005
uniform,0,3,22,999,1.0,1.0,0.02851448394358158,-0.00030559400329366326,-0.00017462515097577125,0.06409577280282974,time_out,0.9950000047683716,0.07500000298023224,-0.004074586555361748
uniform,0,3,23,999,1.0,1.0,0.03249233216047287,-0.0006888690404593945,-0.00039363946416415274,0.06292328983545303,time_out,0.9945000410079956,0.08749999850988388,-0.007872789166867733
uniform,0,3,24,999,1.0,1.0,0.035873305052518845,-0.00042769956053234637,-0.00024439976550638676,0.06347089260816574,time_out,0.9945000410079956,0.08749999850988388,-0.004887994844466448
uniform,0,3,25,999,1.0,1.0,0.03237370401620865,-0.0015346129657700658,-0.0008769217529334128,0.06312490254640579,time_out,0.9942499995231628,0.08750000596046448,-0.01753843203186989
uniform,0,3,26,999,1.0,1.0,0.0398666076362133,-0.0003541302285157144,-0.0002023601409746334,0.06223923712968826,time_out,0.9954999685287476,0.05000000074505806,-0.0070826043374836445
uniform,0,3,27,999,1.0,1.0,0.03041037544608116,-0.0007309523061849177,-0.00041768705705180764,0.06187212094664574,time_out,0.9954999685287476,0.05000000074505806,-0.01461904589086771
uniform,0,3,28,999,1.0,1.0,0.02718317322432995,0.00013569123984780163,7.753785757813603e-05,0.06378789246082306,time_out,0.9954999685287476,0.05000000074505806,0.0027138248551636934
uniform,0,3,29,999,1.0,1.0,0.05168424919247627,0.0005285272491164505,0.00030201557092368603,0.06102294474840164,time_out,0.9907499551773071,0.13750000298023224,0.003843834390863776
uniform,0,3,30,999,1.0,1.0,0.0383378341794014,-0.002043370855972171,-0.0011676405556499958,0.06356743723154068,time_out,0.9950000047683716,0.0625,-0.03269393369555473
uniform,0,3,31,999,1.0,1.0,0.04352089762687683,-0.0006843134178780019,-0.00039103624294511974,0.061729636043310165,time_out,0.9954999685287476,0.05000000074505806,-0.013686268590390682
uniform,0,3,32,999,1.0,1.0,0.04437742382287979,0.0015791993355378509,0.0009023996535688639,0.062495213001966476,time_out,0.9854999780654907,0.10000000149011612,0.015791993588209152
uniform,0,3,33,999,1.0,1.0,0.01894534006714821,-0.0005726580275222659,-0.0003272331668995321,0.06341581046581268,time_out,0.9952499866485596,0.05000000074505806,-0.011453160084784031
uniform,0,3,34,999,1.0,1.0,0.03165917098522186,0.00094660057220608,0.0005409146542660892,0.06427272409200668,time_out,0.9942499995231628,0.11249999701976776,0.00841422751545906
uniform,0,3,35,999,1.0,1.0,0.03237061947584152,-0.001886610290966928,-0.0010780630400404334,0.06324522197246552,time_out,0.9952499866485596,0.0625,-0.030185764655470848
uniform,0,3,36,999,1.0,1.0,0.0169044379144907,-0.0008189866202883422,-0.0004679923877120018,0.0633130744099617,time_out,0.9954999685287476,0.05000000074505806,-0.01637973263859749
uniform,0,3,37,999,1.0,1.0,0.036897625774145126,0.00010402463522041216,5.9442652855068445e-05,0.063350610435009,time_out,0.9942499995231628,0.08749999850988388,0.001188852940686047
uniform,0,3,38,999,1.0,1.0,0.03911980986595154,0.00024810832110233605,0.00014177619596011937,0.06339642405509949,time_out,0.9932500123977661,0.07500000298023224,0.0033081108704209328
uniform,0,3,39,999,1.0,1.0,0.022603468969464302,-0.0009907538769766688,-0.0005661451141349971,0.06323687732219696,time_out,0.9954999685287476,0.05000000074505806,-0.019815078005194664
uniform,0,3,40,999,1.0,1.0,0.02768574468791485,-0.0007801970350556076,-0.0004458269104361534,0.06225123628973961,time_out,0.9954999685287476,0.05000000074505806,-0.015603940933942795
uniform,0,3,41,999,1.0,1.0,0.017013471573591232,-0.00048807382700033486,-0.00027889932971447706,0.06493441015481949,time_out,0.9954999685287476,0.05000000074505806,-0.009761475957930088
uniform,0,3,42,999,1.0,1.0,0.06022970378398895,0.001158487400971353,0.0006619928171858191,0.06139671802520752,time_out,0.9785000085830688,0.10000000149011612,0.011584874242544174
uniform,0,3,43,999,1.0,1.0,0.04785752668976784,-0.00035748115624301136,-0.00020427495473995805,0.06376544386148453,time_out,0.9912499785423279,0.07500000298023224,-0.00476641533896327
uniform,0,3,44,999,1.0,1.0,0.031138118356466293,-0.0011369563871994615,-0.0006496894056908786,0.06348614394664764,time_out,0.9954999685287476,0.05000000074505806,-0.022739127278327942
uniform,0,3,45,999,1.0,1.0,0.02990792691707611,-0.0004406220105011016,-0.0002517840184736997,0.06364438682794571,time_out,0.9954999685287476,0.05000000074505806,-0.008812439627945423
uniform,0,3,46,999,1.0,1.0,0.03885575756430626,0.0001872253487817943,0.00010698592086555436,0.06350859254598618,time_out,0.9930000305175781,0.11250000447034836,0.0016642252448946238
uniform,0,3,47,999,1.0,1.0,0.016152817755937576,-0.00044610697659663856,-0.0002549182972870767,0.06184126064181328,time_out,0.9952499866485596,0.05000000074505806,-0.008922139182686806
uniform,0,3,48,999,1.0,1.0,0.031988028436899185,-0.0006664303946308792,-0.00038081739330664277,0.062465209513902664,time_out,0.9954999685287476,0.05000000074505806,-0.013328608125448227
uniform,0,3,49,999,1.0,1.0,0.022928409278392792,0.0005587969208136201,0.00031931253033690155,0.062277648597955704,time_out,0.9950000047683716,0.0625,0.008940750733017921
uniform,0,3,50,999,1.0,1.0,0.02140706405043602,8.698723831912503e-05,4.970699592377059e-05,0.06302706897258759,time_out,0.9947500228881836,0.07500000298023224,0.0011598297860473394
uniform,0,3,51,999,1.0,1.0,0.03178490325808525,-0.00040874103433452547,-0.00023356631572823972,0.06312614679336548,time_out,0.9954999685287476,0.05000000074505806,-0.008174820803105831
uniform,0,3,52,999,1.0,1.0,0.05515414476394653,0.0013945025857537985,0.0007968586287461221,0.062457066029310226,time_out,0.9912500381469727,0.125,0.011156020686030388
uniform,0,3,53,999,1.0,1.0,0.03393927216529846,-0.0016482153441756964,-0.00094183738110587,0.06240236759185791,time_out,0.9939999580383301,0.125,-0.013185722753405571
uniform,0,3,54,999,1.0,1.0,0.04049430042505264,0.0006531374529004097,0.0003732214099727571,0.06313984841108322,time_out,0.9902499914169312,0.13750000298023224,0.004750090651214123
uniform,0,3,55,999,1.0,1.0,0.035515327006578445,-0.0011541401036083698,-0.0006595086888410151,0.06027977913618088,time_out,0.9954999685287476,0.05000000074505806,-0.023082802072167397
uniform,0,3,56,999,1.0,1.0,0.025965241715312004,-0.002078691031783819,-0.0011878234799951315,0.06277094036340714,time_out,0.9947500228881836,0.07500000298023224,-0.027715878561139107
uniform,0,3,57,999,1.0,1.0,0.0355529822409153,3.744466448551975e-05,2.139695243386086e-05,0.06276644766330719,time_out,0.9954999685287476,0.05000000074505806,0.0007488933042623103
uniform,0,3,58,999,1.0,1.0,0.026860566809773445,0.0005259231547825038,0.0003005275211762637,0.05973348394036293,time_out,0.9947500228881836,0.07500000298023224,0.0070123085752129555
uniform,0,3,59,999,1.0,1.0,0.037090130150318146,-0.0001956634223461151,-0.00011180767614860088,0.06336662173271179,time_out,0.9927500486373901,0.07500000298023224,-0.0026088454760611057
uniform,0,3,60,999,1.0,1.0,0.03642942011356354,-0.0012414416996762156,-0.0007093952735885978,0.06297753006219864,time_out,0.9952499866485596,0.05000000074505806,-0.0248288344591856
uniform,0,3,61,999,1.0,1.0,0.03598693013191223,-0.0005785140674561262,-0.00033057949622161686,0.06477248668670654,time_out,0.9937499761581421,0.11250000447034836,-0.005142346955835819
uniform,0,3,62,999,1.0,1.0,0.036282919347286224,0.0011596637777984142,0.0006626650574617088,0.0623270608484745,time_out,0.9942499399185181,0.11250000447034836,0.010308122262358665
uniform,0,3,63,999,1.0,1.0,0.03680003434419632,-0.0009025257313624024,-0.0005157290142960846,0.06363071501255035,time_out,0.9942499995231628,0.11250000447034836,-0.008022450841963291
uniform,0,3,64,999,1.0,1.0,0.035233672708272934,-0.0016460660845041275,-0.0009406092576682568,0.06088747829198837,time_out,0.9952499866485596,0.0625,-0.02633705735206604
uniform,0,3,65,999,1.0,1.0,0.04616348445415497,-0.0002514755760785192,-0.0001437003375031054,0.06284140795469284,time_out,0.9930000305175781,0.10000000149011612,-0.002514755818992853
uniform,0,3,66,999,1.0,1.0,0.03434975445270538,-0.0006000390276312828,-0.0003428794734645635,0.0627230778336525,time_out,0.9954999685287476,0.05000000074505806,-0.012000780552625656
uniform,0,3,67,999,1.0,1.0,0.045633696019649506,5.760639760410413e-05,3.291794200777076e-05,0.06349962949752808,time_out,0.9917500019073486,0.15000000596046448,0.0003840426215901971
uniform,0,3,68,999,1.0,1.0,0.02451222389936447,-0.0008228402584791183,-0.0004701944417320192,0.06321865320205688,time_out,0.9952499866485596,0.0625,-0.013165444135665894
uniform,0,3,69,999,1.0,1.0,0.02663102000951767,-0.0009790125768631697,-0.0005594358080998063,0.06259196996688843,time_out,0.9947500228881836,0.07500000298023224,-0.013053500093519688
uniform,0,3,70,999,1.0,1.0,0.032639965415000916,-0.00013450333790387958,-7.68590543884784e-05,0.06068684160709381,time_out,0.9954999685287476,0.05000000074505806,-0.0026900668162852526
uniform,0,3,71,999,1.0,1.0,0.029304707422852516,-0.0015044197207316756,-0.0008596684783697128,0.062323592603206635,time_out,0.9954999685287476,0.05000000074505806,-0.0300883948802948
uniform,0,3,72,999,1.0,1.0,0.03801771253347397,0.00037625443655997515,0.00021500253933481872,0.0639229267835617,time_out,0.9945000410079956,0.08749999850988388,0.004300050903111696
uniform,0,3,73,999,1.0,1.0,0.022369101643562317,-0.0005394237232394516,-0.000308242131723091,0.06124475970864296,time_out,0.9954999685287476,0.05000000074505806,-0.01078847423195839
uniform,0,3,74,999,1.0,1.0,0.04027245193719864,-0.00045588932698592544,-0.00026050821179524064,0.06384032964706421,time_out,0.9954999685287476,0.05000000074505806,-0.009117786772549152
uniform,0,3,75,999,1.0,1.0,0.01655571348965168,-0.0002093382499879226,-0.00011962186545133591,0.06092842295765877,time_out,0.9954999685287476,0.05000000074505806,-0.0041867648251354694
uniform,0,3,76,999,1.0,1.0,0.020680086687207222,-0.0011389690916985273,-0.0006508395308628678,0.06107381358742714,time_out,0.9954999685287476,0.05000000074505806,-0.022779380902647972
uniform,0,3,77,999,1.0,1.0,0.02313998155295849,-0.0003297504736110568,-0.00018842885037884116,0.06331131607294083,time_out,0.9950000047683716,0.07500000298023224,-0.004396672826260328
uniform,0,3,78,999,1.0,1.0,0.0406055822968483,-0.0001783143961802125,-0.00010189394379267469,0.06178499385714531,time_out,0.9954999685287476,0.05000000074505806,-0.00356628792360425
uniform,0,3,79,999,1.0,1.0,0.03196433559060097,-0.0005125714815221727,-0.00029289801022969186,0.06160686910152435,time_out,0.9952499866485596,0.05000000074505806,-0.010251429863274097
uniform,0,3,80,999,1.0,1.0,0.030890244990587234,-0.0012357847299426794,-0.0007061627111397684,0.06299687922000885,time_out,0.9950000047683716,0.0625,-0.01977255567908287
uniform,0,3,81,999,1.0,1.0,0.03658184036612511,0.0005527047323994339,0.00031583127565681934,0.0633908063173294,time_out,0.9924999475479126,0.07500000298023224,0.007369396276772022
uniform,0,3,82,999,1.0,1.0,0.025186270475387573,-1.6493122529936954e-05,-9.424641575606074e-06,0.06420580297708511,time_out,0.9952499866485596,0.0625,-0.00026388996047899127
uniform,0,3,83,999,1.0,1.0,0.027865635231137276,-0.0011883288389071822,-0.0006790451006963849,0.06405262649059296,time_out,0.9954999685287476,0.05000000074505806,-0.02376657724380493
uniform,0,3,84,999,1.0,1.0,0.02522486448287964,-0.0008278510649688542,-0.000473057763883844,0.06321365386247635,time_out,0.9954999685287476,0.05000000074505806,-0.01655702106654644
uniform,0,3,85,999,1.0,1.0,0.03122655116021633,-0.0009893864626064897,-0.0005653637344948947,0.06272253394126892,time_out,0.9932500123977661,0.13750000298023224,-0.007195537909865379
uniform,0,3,86,999,1.0,1.0,0.04333886876702309,-0.000424107420258224,-0.00024234710144810379,0.06138906255364418,time_out,0.9950000047683716,0.07500000298023224,-0.005654765293002129
uniform,0,3,87,999,1.0,1.0,0.026102613657712936,-0.0005238947924226522,-0.00029936846112832427,0.06395457684993744,time_out,0.9947500228881836,0.08749999850988388,-0.005987368989735842
uniform,0,3,88,999,1.0,1.0,0.025049332529306412,-0.0018527091015130281,-0.0010586909484118223,0.06214620918035507,time_out,0.9954999685287476,0.05000000074505806,-0.03705418109893799
uniform,0,3,89,999,1.0,1.0,0.03157757595181465,0.00012173878349130973,6.956502329558134e-05,0.06156216934323311,time_out,0.9952499866485596,0.0625,0.0019478205358609557
uniform,0,3,90,999,1.0,1.0,0.023495059460401535,-0.0004742035234812647,-0.0002709734544623643,0.06315929442644119,time_out,0.9954999685287476,0.05000000074505806,-0.009484070353209972
uniform,0,3,91,999,1.0,1.0,0.037803567945957184,2.024872628680896e-05,1.1570701644814108e-05,0.06454793363809586,time_out,0.9950000047683716,0.07500000298023224,0.00026998299290426075
uniform,0,3,92,999,1.0,1.0,0.027636928483843803,-0.0007520542712882161,-0.0004297453269828111,0.06140774488449097,time_out,0.9954999685287476,0.05000000074505806,-0.015041084960103035
uniform,0,3,93,999,1.0,1.0,0.02380109578371048,-0.0006704379338771105,-0.0003831073991023004,0.06282567977905273,time_out,0.9954999685287476,0.05000000074505806,-0.01340875867754221
uniform,0,3,94,999,1.0,1.0,0.028966277837753296,-0.0013975700130686164,-0.0007986114942468703,0.06387020647525787,time_out,0.9954999685287476,0.05000000074505806,-0.027951400727033615
uniform,0,3,95,999,1.0,1.0,0.030103042721748352,-0.0007442234200425446,-0.0004252705548424274,0.06408213078975677,time_out,0.9954999685287476,0.05000000074505806,-0.014884468168020248
uniform,0,3,96,999,1.0,1.0,0.05239381641149521,0.00037939223693683743,0.00021679556812159717,0.060935866087675095,time_out,0.9872499704360962,0.0625,0.006070275790989399
uniform,0,3,97,999,1.0,1.0,0.03968276455998421,-0.0012867293553426862,-0.0007352739339694381,0.06267359107732773,time_out,0.9950000047683716,0.07500000298023224,-0.017156390473246574
uniform,0,3,98,999,1.0,1.0,0.031141558662056923,-0.0012022603768855333,-0.0006870059878565371,0.0633629560470581,time_out,0.9944999814033508,0.08749999850988388,-0.013740118592977524
uniform,0,3,99,999,1.0,1.0,0.019936617463827133,-0.0004941175575368106,-0.0002823529066517949,0.0641157329082489,time_out,0.9950000047683716,0.07500000298023224,-0.006588233634829521
uniform,0,4,0,999,1.0,1.0,0.03072218969464302,-0.0004952099989168346,-0.0002200933377025649,0.061771210283041,time_out,0.9857499599456787,0.0625,-0.007923359982669353
uniform,0,4,1,999,1.0,1.0,0.04482477903366089,-0.0007250910857692361,-0.00032226269831880927,0.06154873967170715,time_out,0.9939999580383301,0.11250000447034836,-0.006445253733545542
uniform,0,4,2,999,1.0,1.0,0.03145479038357735,-0.0017567217582836747,-0.0007807652582414448,0.06158364564180374,time_out,0.9954999685287476,0.05000000074505806,-0.03513443470001221
uniform,0,4,3,999,1.0,1.0,0.03154352679848671,-0.001753886346705258,-0.0007795050623826683,0.06131455674767494,time_out,0.9954999685287476,0.05000000074505806,-0.03507772460579872
uniform,0,4,4,999,1.0,1.0,0.03213537111878395,-0.001548411906696856,-0.0006881830631755292,0.06119532138109207,time_out,0.9954999685287476,0.05000000074505806,-0.030968237668275833
uniform,0,4,5,999,1.0,1.0,0.03254912793636322,-0.0009879739955067635,-0.0004390995600260794,0.06279948353767395,time_out,0.9945000410079956,0.08749999850988388,-0.011291131377220154
uniform,0,4,6,999,1.0,1.0,0.022357117384672165,-0.0010898845503106713,-0.00048439312377013266,0.05990035459399223,time_out,0.9954999685287476,0.05000000074505806,-0.02179769054055214
uniform,0,4,7,999,1.0,1.0,0.030884258449077606,-0.0007581354584544897,-0.0003369491023477167,0.06315066665410995,time_out,0.9954999685287476,0.05000000074505806,-0.015162709169089794
uniform,0,4,8,999,1.0,1.0,0.03885713592171669,-0.00038390824920497835,-0.00017062589176930487,0.060968928039073944,time_out,0.9954999685287476,0.05000000074505806,-0.007678165100514889
uniform,0,4,9,999,1.0,1.0,0.023290326818823814,-0.0007450171397067606,-0.0003311187319923192,0.06123475357890129,time_out,0.9954999685287476,0.05000000074505806,-0.01490034256130457
uniform,0,4,10,999,1.0,1.0,0.04292534664273262,-0.0050268168561160564,-0.0022341408766806126,0.061782125383615494,time_out,0.9880000352859497,0.08749999850988388,-0.0574493370950222
uniform,0,4,11,999,1.0,1.0,0.04495805501937866,-0.0027027889154851437,-0.001201239530928433,0.0627250149846077,time_out,0.9952499866485596,0.0625,-0.0432446226477623
uniform,0,4,12,999,1.0,1.0,0.03558610379695892,-0.0008598974091000855,-0.0003821766295004636,0.06004328280687332,time_out,0.9889999628067017,0.07500000298023224,-0.011465298011898994
uniform,0,4,13,999,1.0,1.0,0.027300184592604637,0.00026250051450915635,0.00011666689533740282,0.06267310678958893,time_out,0.9915000200271606,0.08749999850988388,0.0030000058468431234
uniform,0,4,14,999,1.0,1.0,0.04075939208269119,-0.0009196640457957983,-0.00040873957914300263,0.06299859285354614,time_out,0.9952499866485596,0.0625,-0.014714624732732773
uniform,0,4,15,999,1.0,1.0,0.04997853562235832,-0.0006630708812735975,-0.0002946981694549322,0.06192648410797119,time_out,0.9900000095367432,0.0625,-0.01060913410037756
uniform,0,4,16,999,1.0,1.0,0.02435171976685524,-0.0014485898427665234,-0.0006438177078962326,0.06188059598207474,time_out,0.9954999685287476,0.05000000074505806,-0.028971796855330467
uniform,0,4,17,999,1.0,1.0,0.027395712211728096,-0.001161484862677753,-0.0005162155139259994,0.061980001628398895,time_out,0.9954999685287476,0.05000000074505806,-0.023229697719216347
uniform,0,4,18,999,1.0,1.0,0.04774947464466095,-0.002591564320027828,-0.0011518063256517053,0.06305879354476929,time_out,0.9942499995231628,0.11250000447034836,-0.023036126047372818
uniform,0,4,19,999,1.0,1.0,0.03111722506582737,-0.0003637659247033298,-0.00016167374269571155,0.06177530065178871,time_out,0.9954999685287476,0.05000000074505806,-0.007275318261235952
uniform,0,4,20,999,1.0,1.0,0.053097352385520935,0.0009638713672757149,0.000428387284046039,0.06213536113500595,time_out,0.9800000190734863,0.08749999850988388,0.011015673168003559
uniform,0,4,21,999,1.0,1.0,0.037596262991428375,-0.0027978604193776846,-0.0012434935197234154,0.061638642102479935,time_out,0.9954999685287476,0.05000000074505806,-0.055957209318876266
uniform,0,4,22,999,1.0,1.0,0.03218119964003563,-0.0011438720393925905,-0.0005083875730633736,0.06267077475786209,time_out,0.9954999685287476,0.05000000074505806,-0.022877439856529236
uniform,0,4,23,999,1.0,1.0,0.0228061992675066,-0.0011599748395383358,-0.0005155443795956671,0.0629281997680664,time_out,0.9954999685287476,0.05000000074505806,-0.023199496790766716
uniform,0,4,24,999,0.9998018741607666,0.9998021125793457,0.03886746987700462,0.0026974817737936974,0.0011988808400928974,0.06222185865044594,time_out,0.9872499704360962,0.11249999701976776,0.02397761680185795
uniform,0,4,25,999,1.0,1.0,0.033803485333919525,-0.0005046245059929788,-0.00022427756630349904,0.06239522621035576,time_out,0.9952499866485596,0.0625,-0.008073992095887661
uniform,0,4,26,999,1.0,1.0,0.02857299894094467,-0.00043624587124213576,-0.00019388705550227314,0.06200788915157318,time_out,0.9952499866485596,0.0625,-0.006979933939874172
uniform,0,4,27,999,1.0,1.0,0.022575318813323975,-0.0009362720884382725,-0.0004161209217272699,0.061708126217126846,time_out,0.9954999685287476,0.05000000074505806,-0.01872544176876545
uniform,0,4,28,999,1.0,1.0,0.046339817345142365,0.0014263110933825374,0.0006339160609059036,0.060350533574819565,time_out,0.9952499866485596,0.0625,0.022820977494120598
uniform,0,4,29,999,1.0,1.0,0.030170399695634842,-5.77803348278394e-06,-2.5680149065010482e-06,0.06364598870277405,time_out,0.9942499995231628,0.10000000149011612,-5.778033300884999e-05
uniform,0,4,30,999,1.0,1.0,0.026091091334819794,-0.0016023344360291958,-0.0007121486705727875,0.06295742094516754,time_out,0.9954999685287476,0.05000000074505806,-0.032046686857938766
uniform,0,4,31,999,1.0,1.0,0.04544289782643318,-0.0011494801146909595,-0.0005108800833113492,0.06114329770207405,time_out,0.9927500486373901,0.07500000298023224,-0.015326401218771935
uniform,0,4,32,999,1.0,1.0,0.030047355219721794,-0.00034589500864967704,-0.00015373111818917096,0.06279256194829941,time_out,0.9945000410079956,0.10000000149011612,-0.0034589499700814486
uniform,0,4,33,999,1.0,1.0,0.024758202955126762,-4.701626892256172e-07,-2.0896119679036929e-07,0.06384846568107605,time_out,0.9950000047683716,0.0625,-7.5226030276098754e-06
uniform,0,4,34,999,0.9998292922973633,0.9998295307159424,0.048529718071222305,0.0026382612995803356,0.0011725606163963675,0.06444881111383438,time_out,0.9932500123977661,0.10000000149011612,0.02638261206448078
uniform,0,4,35,999,1.0,1.0,0.03110368922352791,-0.0007172008045017719,-0.0003187559195794165,0.06150710955262184,time_out,0.9950000047683716,0.07500000298023224,-0.009562676772475243
uniform,0,4,36,999,0.9997683763504028,0.9997686743736267,0.04551354795694351,0.0027723493985831738,0.001232155249454081,0.06169837340712547,time_out,0.9892500042915344,0.125,0.02217879518866539
uniform,0,4,37,999,1.0,1.0,0.0430419035255909,-0.0008014448103494942,-0.00035619770642369986,0.06240170821547508,time_out,0.9952499866485596,0.0625,-0.012823116965591908
uniform,0,4,38,999,1.0,1.0,0.042516376823186874,-0.00042572381789796054,-0.00018921059381682426,0.061376649886369705,time_out,0.9915000200271606,0.08749999850988388,-0.0048654149286448956
uniform,0,4,39,999,1.0,1.0,0.036930639296770096,0.0016190249007195234,0.0007195666548795998,0.06272174417972565,time_out,0.9942499995231628,0.11250000447034836,0.014391331933438778
uniform,0,4,40,999,1.0,1.0,0.04968875274062157,-0.0020707296207547188,-0.0009203242952935398,0.06313168257474899,time_out,0.9954999685287476,0.05000000074505806,-0.041414592415094376
uniform,0,4,41,999,1.0,1.0,0.030099228024482727,-0.0007657463429495692,-0.000340331724146381,0.0621267668902874,time_out,0.9942499995231628,0.11249999701976776,-0.006806634366512299
uniform,0,4,42,999,1.0,1.0,0.018902629613876343,-0.001037727459333837,-0.00046121221384964883,0.061207372695207596,time_out,0.9954999685287476,0.05000000074505806,-0.020754549652338028
uniform,0,4,43,999,1.0,1.0,0.04062814638018608,0.0008791597792878747,0.00039073769585229456,0.06267695128917694,time_out,0.9942499995231628,0.11250000447034836,0.007814752869307995
uniform,0,4,44,999,1.0,1.0,0.020334679633378983,-0.0007306640618480742,-0.0003247395798098296,0.061660896986722946,time_out,0.9952499866485596,0.0625,-0.011690624989569187
uniform,0,4,45,999,1.0,1.0,0.049303021281957626,-0.0002220260794274509,-9.867826156551018e-05,0.05854044482111931,time_out,0.965999960899353,0.10000000149011612,-0.002220260677859187
uniform,0,4,46,999,1.0,1.0,0.028340879827737808,-0.0006603267975151539,-0.0002934785734396428,0.06212788447737694,time_out,0.9954999685287476,0.05000000074505806,-0.013206535950303078
uniform,0,4,47,999,1.0,1.0,0.0371013805270195,-0.0006839069537818432,-0.0003039586590602994,0.06184528395533562,time_out,0.9919999837875366,0.0625,-0.010942511260509491
uniform,0,4,48,999,1.0,1.0,0.04225044697523117,-0.00012769564636982977,-5.675362262991257e-05,0.06074034795165062,time_out,0.9924999475479126,0.0625,-0.0020431303419172764
uniform,0,4,49,999,1.0,1.0,0.02502337098121643,-0.0011879950761795044,-0.0005279977922327816,0.06157543137669563,time_out,0.9954999685287476,0.05000000074505806,-0.023759901523590088
uniform,0,4,50,999,1.0,1.0,0.038922905921936035,0.00025394203839823604,0.00011286312656011432,0.06344274431467056,time_out,0.9900000095367432,0.07500000298023224,0.0033858937676995993
uniform,0,4,51,999,1.0,1.0,0.029736759141087532,-0.0002674783463589847,-0.00011887926666531712,0.06294722855091095,time_out,0.9954999685287476,0.05000000074505806,-0.0053495666943490505
uniform,0,4,52,999,1.0,1.0,0.03876173496246338,-0.0023988564498722553,-0.001066158409230411,0.060739997774362564,time_out,0.9954999685287476,0.05000000074505806,-0.04797712713479996
uniform,0,4,53,999,1.0,1.0,0.0319070965051651,-0.0005636270507238805,-0.00025050091790035367,0.0623943991959095,time_out,0.9954999685287476,0.05000000074505806,-0.011272541247308254
uniform,0,4,54,999,1.0,1.0,0.023731257766485214,-0.001675418927334249,-0.0007446306408382952,0.06256144493818283,time_out,0.9954999685287476,0.05000000074505806,-0.03350837901234627
uniform,0,4,55,999,1.0,1.0,0.045062992721796036,-0.0007308853673748672,-0.00032483795075677335,0.06263504177331924,time_out,0.9952499866485596,0.0625,-0.011694165877997875
uniform,0,4,56,999,1.0,1.0,0.04690621793270111,-0.003988777752965689,-0.0017727900994941592,0.06146971508860588,time_out,0.9937499761581421,0.13750000298023224,-0.029009291902184486
uniform,0,4,57,999,1.0,1.0,0.04057503491640091,-0.0041084554977715015,-0.0018259802600368857,0.060393381863832474,time_out,0.9954999685287476,0.05000000074505806,-0.08216910809278488
uniform,0,4,58,999,1.0,1.0,0.04049532860517502,-0.0017120244447141886,-0.0007608997402712703,0.0601271316409111,time_out,0.9954999685287476,0.05000000074505806,-0.0342404879629612
uniform,0,4,59,999,1.0,1.0,0.025105183944106102,-0.000473508785944432,-0.0002104483573930338,0.06022343784570694,time_out,0.9937499761581421,0.10000000149011612,-0.004735087975859642
uniform,0,4,60,999,1.0,1.0,0.037996649742126465,-0.00020796246826648712,-9.242776286555454e-05,0.061062704771757126,time_out,0.9902499914169312,0.08749999850988388,-0.0023767140228301287
uniform,0,4,61,999,1.0,1.0,0.03968212753534317,-0.002679758006706834,-0.0011910035973414779,0.06125130504369736,time_out,0.9950000047683716,0.07500000298023224,-0.03573010489344597
uniform,0,4,62,999,1.0,1.0,0.049952104687690735,-0.0008336309692822397,-0.00037050264654681087,0.06320107728242874,time_out,0.9872499704360962,0.08750000596046448,-0.009527210146188736
uniform,0,4,63,999,1.0,1.0,0.031586259603500366,-0.0009611991117708385,-0.0004271996149327606,0.06184975430369377,time_out,0.9950000047683716,0.07500000298023224,-0.012815987691283226
uniform,0,4,64,999,1.0,1.0,0.02221573144197464,-0.0011228906223550439,-0.0004990625311620533,0.06409633159637451,time_out,0.9952499866485596,0.0625,-0.017966249957680702
uniform,0,4,65,999,1.0,1.0,0.03861893713474274,-0.0017322764033451676,-0.0007699006237089634,0.06180763617157936,time_out,0.9950000047683716,0.07500000298023224,-0.023097017779946327
uniform,0,4,66,999,1.0,1.0,0.03109252080321312,-0.0009328668820671737,-0.0004146074934396893,0.06270413845777512,time_out,0.9954999685287476,0.05000000074505806,-0.018657337874174118
uniform,0,4,67,999,1.0,1.0,0.03377986326813698,-0.0005009511951357126,-0.00022264497238211334,0.061488620936870575,time_out,0.9954999685287476,0.05000000074505806,-0.010019023902714252
uniform,0,4,68,999,1.0,1.0,0.026976170018315315,-0.0009309998131357133,-0.0004137776850257069,0.06168932467699051,time_out,0.9954999685287476,0.05000000074505806,-0.018619995564222336
uniform,0,4,69,999,1.0,1.0,0.01729913428425789,-0.000601255043875426,-0.0002672244736459106,0.06214733049273491,time_out,0.9954999685287476,0.05000000074505806,-0.012025101110339165
uniform,0,4,70,999,1.0,1.0,0.03509142994880676,-0.0013408686500042677,-0.0005959416157566011,0.06257054209709167,time_out,0.9954999685287476,0.05000000074505806,-0.02681737206876278
uniform,0,4,71,999,1.0,1.0,0.03638660907745361,0.0006140190525911748,0.0002728973631747067,0.06374349445104599,time_out,0.9954999685287476,0.05000000074505806,0.01228038128465414
uniform,0,4,72,999,1.0,1.0,0.03727901726961136,0.0007223335560411215,0.0003210371360182762,0.061956144869327545,time_out,0.9947500228881836,0.08749999850988388,0.008255240507423878
uniform,0,4,73,999,1.0,1.0,0.03745836019515991,-0.002197731053456664,-0.0009767693700268865,0.06114381179213524,time_out,0.9954999685287476,0.05000000074505806,-0.043954622000455856
uniform,0,4,74,999,1.0,1.0,0.029116662219166756,-0.0018992485711351037,-0.0008441105019301176,0.062288299202919006,time_out,0.9954999685287476,0.05000000074505806,-0.03798497095704079
uniform,0,4,75,999,1.0,1.0,0.04320989176630974,-0.0004316223494242877,-0.000191832150449045,0.06358478963375092,time_out,0.9954999685287476,0.05000000074505806,-0.008632446639239788
uniform,0,4,76,999,1.0,1.0,0.02160809375345707,-0.0009762078989297152,-0.0004338701837696135,0.06282095611095428,time_out,0.9954999685287476,0.05000000074505806,-0.01952415704727173
uniform,0,4,77,999,1.0,1.0,0.04294594004750252,-0.0029681159649044275,-0.0013191626640036702,0.06337673962116241,time_out,0.9952499866485596,0.0625,-0.04748985543847084
uniform,0,4,78,999,1.0,1.0,0.05305597186088562,-0.001244630548171699,-0.0005531691131182015,0.0634697675704956,time_out,0.9947500228881836,0.07500000298023224,-0.01659507304430008
uniform,0,4,79,999,1.0,1.0,0.034601494669914246,-0.0012091918615624309,-0.0005374185857363045,0.06240018829703331,time_out,0.9954999685287476,0.05000000074505806,-0.024183837696909904
uniform,0,4,80,999,1.0,1.0,0.03373594209551811,-0.001615161425434053,-0.0007178495288826525,0.06235576048493385,time_out,0.9954999685287476,0.05000000074505806,-0.032303228974342346
uniform,0,4,81,999,1.0,1.0,0.02818417362868786,0.0003068705555051565,0.00013638690870720893,0.06219373270869255,time_out,0.9954999685287476,0.05000000074505806,0.00613741111010313
uniform,0,4,82,999,1.0,1.0,0.024692675098776817,-0.0012443604646250606,-0.0005530490889213979,0.06296465545892715,time_out,0.9954999685287476,0.05000000074505806,-0.0248872097581625
uniform,0,4,83,999,1.0,1.0,0.035223886370658875,1.2627787327801343e-05,5.612349923467264e-06,0.06110323593020439,time_out,0.9945000410079956,0.08749999850988388,0.0001443175715394318
uniform,0,4,84,999,1.0,1.0,0.04539627209305763,0.001022222568280995,0.0004543211543932557,0.06287234276533127,time_out,0.9902499914169312,0.0625,0.01635556109249592
uniform,0,4,85,999,1.0,1.0,0.03522319719195366,-0.00033478011027909815,-0.00014879116497468203,0.06038426235318184,time_out,0.9900000095367432,0.125,-0.0026782408822327852
uniform,0,4,86,999,1.0,1.0,0.03891434147953987,-0.0006169213447719812,-0.0002741872740443796,0.06182151287794113,time_out,0.9860000014305115,0.0625,-0.0098707415163517
uniform,0,4,87,999,1.0,1.0,0.03390107676386833,-0.0007742599700577557,-0.0003441155422478914,0.061518337577581406,time_out,0.9954999685287476,0.05000000074505806,-0.01548519916832447
uniform,0,4,88,999,1.0,1.0,0.03279361128807068,-0.0005964480224065483,-0.0002650880196597427,0.06197679415345192,time_out,0.9952499866485596,0.0625,-0.009543168358504772
uniform,0,4,89,999,1.0,1.0,0.050085458904504776,0.00012848738697357476,5.7105506130028516e-05,0.062075186520814896,time_out,0.9907499551773071,0.0625,0.002055798191577196
uniform,0,4,90,999,1.0,1.0,0.024477750062942505,-0.0014365698443725705,-0.0006384754669852555,0.062460772693157196,time_out,0.9954999685287476,0.05000000074505806,-0.028731396421790123
uniform,0,4,91,999,1.0,1.0,0.018546534702181816,-0.0010069557465612888,-0.0004475358873605728,0.06324543058872223,time_out,0.9954999685287476,0.05000000074505806,-0.020139114931225777
uniform,0,4,92,999,1.0,1.0,0.027956277132034302,-0.00017669568478595465,-7.853141869418323e-05,0.060628101229667664,time_out,0.9952499866485596,0.0625,-0.0028271309565752745
uniform,0,4,93,999,1.0,1.0,0.04079347476363182,-0.001064687967300415,-0.0004731946683023125,0.06364240497350693,time_out,0.9952499866485596,0.0625,-0.01703500747680664
uniform,0,4,94,999,1.0,1.0,0.03636375814676285,-0.0019359068246558309,-0.0008604030590504408,0.061505068093538284,time_out,0.9954999685287476,0.05000000074505806,-0.03871813416481018
uniform,0,4,95,999,1.0,1.0,0.0359363779425621,-0.002564474940299988,-0.0011397666530683637,0.06104910373687744,time_out,0.9954999685287476,0.05000000074505806,-0.051289498805999756
uniform,0,4,96,999,1.0,1.0,0.03188413009047508,-0.0008322868961840868,-0.0003699052904266864,0.060890138149261475,time_out,0.9950000047683716,0.0625,-0.013316590338945389
uniform,0,4,97,999,1.0,1.0,0.03213626891374588,0.0003383576113265008,0.0001503811654401943,0.06166986748576164,time_out,0.9924999475479126,0.11250000447034836,0.0030076231341809034
uniform,0,4,98,999,1.0,1.0,0.04587733745574951,-0.0014556283131241798,-0.0006469459040090442,0.06222967058420181,time_out,0.9947500228881836,0.08749999850988388,-0.016635753214359283
uniform,0,4,99,999,1.0,1.0,0.04666011035442352,0.0013873639982193708,0.0006166062084957957,0.06146322563290596,time_out,0.9869999885559082,0.15000000596046448,0.009249093011021614
uniform,0,5,0,999,1.0,1.0,0.030832558870315552,-0.0017881604144349694,-0.0006502401665784419,0.06014467403292656,time_out,0.9939999580383301,0.07500000298023224,-0.023842137306928635
uniform,0,5,1,999,1.0,1.0,0.043163154274225235,-0.002218634355813265,-0.0008067761664278805,0.060216862708330154,time_out,0.9947500228881836,0.07500000298023224,-0.029581790789961815
uniform,0,5,2,999,1.0,1.0,0.034189093858003616,-0.002102912636473775,-0.0007646955200470984,0.06212896108627319,time_out,0.9954999685287476,0.05000000074505806,-0.042058251798152924
uniform,0,5,3,999,1.0,1.0,0.02910514734685421,-0.004827447701245546,-0.0017554356018081307,0.0604507252573967,time_out,0.9954999685287476,0.05000000074505806,-0.09654895216226578
uniform,0,5,4,999,1.0,1.0,0.02893374301493168,-0.0009993782732635736,-0.00036341030499897897,0.06103935465216637,time_out,0.9950000047683716,0.07500000298023224,-0.013325043022632599
uniform,0,5,5,999,1.0,1.0,0.020763052627444267,-0.001309144776314497,-0.00047605266445316374,0.05967547744512558,time_out,0.9950000047683716,0.05000000074505806,-0.02618289552628994
uniform,0,5,6,999,1.0,1.0,0.04193750396370888,-0.0009918146533891559,-0.0003606598766054958,0.06136319786310196,time_out,0.9939999580383301,0.10000000149011612,-0.009918146766722202
uniform,0,5,7,999,1.0,1.0,0.036018602550029755,-0.0018934333929792047,-0.0006885212496854365,0.059976477175951004,time_out,0.9932500123977661,0.11250000447034836,-0.01683051884174347
uniform,0,5,8,999,1.0,1.0,0.027666175737977028,-0.0009549932437948883,-0.00034727028105407953,0.05842223018407822,time_out,0.9945000410079956,0.08749999850988388,-0.010914208367466927
uniform,0,5,9,999,1.0,1.0,0.04334505274891853,0.0012607311364263296,0.0004584476992022246,0.06060772016644478,time_out,0.9895000457763672,0.13750000298023224,0.009168953634798527
uniform,0,5,10,999,1.0,1.0,0.028771158307790756,-0.0025377313140779734,-0.0009228113922290504,0.06097283214330673,time_out,0.9954999685287476,0.05000000074505806,-0.05075462535023689
uniform,0,5,11,999,1.0,1.0,0.038153547793626785,-0.003086519194766879,-0.001122370595112443,0.060732461512088776,time_out,0.9934999942779541,0.10000000149011612,-0.030865192413330078
uniform,0,5,12,999,1.0,1.0,0.023489544168114662,-0.002143669407814741,-0.0007795161800459027,0.061712928116321564,time_out,0.9954999685287476,0.05000000074505806,-0.04287338629364967
uniform,0,5,13,999,1.0,1.0,0.021557582542300224,-0.0022534728050231934,-0.0008194446563720703,0.06035437434911728,time_out,0.9950000047683716,0.0625,-0.036055564880371094
uniform,0,5,14,999,1.0,1.0,0.02556634321808815,-0.0022234453354030848,-0.0008085255976766348,0.06217927113175392,time_out,0.9940000176429749,0.11250000447034836,-0.01976395770907402
uniform,0,5,15,999,1.0,1.0,0.02710430510342121,-0.002847345545887947,-0.0010353984544053674,0.059266164898872375,time_out,0.9952499866485596,0.05000000074505806,-0.05694691091775894
uniform,0,5,16,999,1.0,1.0,0.03590533137321472,-0.0024951384402811527,-0.0009073230903595686,0.06016966700553894,time_out,0.9952499866485596,0.05000000074505806,-0.049902766942977905
uniform,0,5,17,999,1.0,1.0,0.03294073045253754,-0.0016733005177229643,-0.0006084729102440178,0.06257487833499908,time_out,0.9942499995231628,0.0625,-0.02677280828356743
uniform,0,5,18,999,1.0,1.0,0.015444761142134666,-0.0016157893696799874,-0.0005875597707927227,0.06064280867576599,time_out,0.9952499866485596,0.05000000074505806,-0.03231578692793846
uniform,0,5,19,999,1.0,1.0,0.03508643060922623,-0.0007455302984453738,-0.0002711019478738308,0.06083144247531891,time_out,0.9939999580383301,0.08749999850988388,-0.008520346134901047
uniform,0,5,20,999,1.0,1.0,0.030338652431964874,-0.0016841819742694497,-0.0006124298088252544,0.062201667577028275,time_out,0.9950000047683716,0.0625,-0.026946911588311195
uniform,0,5,21,999,1.0,1.0,0.02141643315553665,-0.0012182360514998436,-0.0004429949331097305,0.06089828163385391,time_out,0.9950000047683716,0.07500000298023224,-0.01624314673244953
uniform,0,5,22,999,1.0,1.0,0.030584929510951042,-0.002337450860068202,-0.0008499821415171027,0.05970603600144386,time_out,0.9944999814033508,0.08750000596046448,-0.026713721454143524
uniform,0,5,23,999,1.0,1.0,0.03265031799674034,-0.00035012461012229323,-0.00012731803872156888,0.06084183230996132,time_out,0.9945000410079956,0.08749999850988388,-0.004001424182206392
uniform,0,5,24,999,1.0,1.0,0.035886213183403015,-0.0018970504170283675,-0.0006898365099914372,0.06002546846866608,time_out,0.9950000047683716,0.0625,-0.03035280667245388
uniform,0,5,25,999,1.0,1.0,0.04085106402635574,0.0005224233609624207,0.00018997213919647038,0.06148148328065872,time_out,0.9922499656677246,0.10000000149011612,0.005224233493208885
uniform,0,5,26,999,1.0,1.0,0.03957754746079445,-0.0024673137813806534,-0.0008972050272859633,0.06083173677325249,time_out,0.9954999685287476,0.05000000074505806,-0.04934627562761307
uniform,0,5,27,999,1.0,1.0,0.032797567546367645,-0.0016235030489042401,-0.0005903647397644818,0.060183797031641006,time_out,0.9954999685287476,0.05000000074505806,-0.032470058649778366
uniform,0,5,28,999,1.0,1.0,0.022669702768325806,-0.0019196190405637026,-0.0006980433245189488,0.06029512733221054,time_out,0.9954999685287476,0.05000000074505806,-0.03839237987995148
uniform,0,5,29,999,1.0,1.0,0.03717587888240814,-0.0008049922762438655,-0.00029272446408867836,0.06205527111887932,time_out,0.9942499995231628,0.11249999701976776,-0.007155487313866615
uniform,0,5,30,999,1.0,1.0,0.0376417338848114,-0.00031188729917630553,-0.00011341356730554253,0.059543199837207794,time_out,0.9952499866485596,0.05000000074505806,-0.006237745750695467
uniform,0,5,31,999,1.0,1.0,0.03958429396152496,-0.0010338722495362163,-0.00037595356116071343,0.0594976432621479,time_out,0.9902499914169312,0.10000000149011612,-0.010338722728192806
uniform,0,5,32,999,1.0,1.0,0.03837507963180542,-0.0008531332132406533,-0.0003102302725892514,0.060243915766477585,time_out,0.9947499632835388,0.07500000298023224,-0.011375108733773232
uniform,0,5,33,999,1.0,1.0,0.039921268820762634,-0.004435026086866856,-0.0016127368435263634,0.062290120869874954,time_out,0.9942499995231628,0.11250000447034836,-0.039422452449798584
uniform,0,5,34,999,1.0,1.0,0.026500457897782326,-0.0019396152347326279,-0.0007053146255202591,0.061424728482961655,time_out,0.9954999685287476,0.05000000074505806,-0.03879230469465256
uniform,0,5,35,999,1.0,1.0,0.02637811191380024,-0.002209679689258337,-0.0008035199134610593,0.0607878752052784,time_out,0.9954999685287476,0.05000000074505806,-0.04419359192252159
uniform,0,5,36,999,1.0,1.0,0.02520332857966423,-0.001543002319522202,-0.0005610917578451335,0.060516633093357086,time_out,0.9950000047683716,0.0625,-0.024688037112355232
uniform,0,5,37,999,1.0,1.0,0.029716642573475838,-0.0009905985789373517,-0.0003602176730055362,0.059758882969617844,time_out,0.9922499656677246,0.08749999850988388,-0.011321126483380795
uniform,0,5,38,999,1.0,1.0,0.03296251222491264,-0.0013944313395768404,-0.0005070659681223333,0.059618834406137466,time_out,0.9944999814033508,0.10000000149011612,-0.013944312930107117
uniform,0,5,39,999,1.0,1.0,0.03427661582827568,-0.0031415927223861217,-0.0011423974065110087,0.0614066906273365,time_out,0.9929999709129333,0.08750000596046448,-0.035903915762901306
uniform,0,5,40,999,1.0,1.0,0.02128623239696026,-0.0018142072949558496,-0.0006597117753699422,0.06076514348387718,time_out,0.9952499866485596,0.05000000074505806,-0.03628414496779442
uniform,0,5,41,999,1.0,1.0,0.03323270007967949,-0.0019532786682248116,-0.0007102831732481718,0.0599018819630146,time_out,0.9952499866485596,0.05000000074505806,-0.03906557336449623
uniform,0,5,42,999,1.0,1.0,0.025267422199249268,-0.0020100728143006563,-0.0007309356005862355,0.06023769825696945,time_out,0.9954999685287476,0.05000000074505806,-0.04020145535469055
uniform,0,5,43,999,1.0,1.0,0.03006703034043312,-0.0004188116581644863,-0.00015229514974635094,0.060841429978609085,time_out,0.9912500381469727,0.0625,-0.006700986530631781
uniform,0,5,44,999,1.0,1.0,0.02957196533679962,-0.001815348630771041,-0.0006601267959922552,0.062636598944664,time_out,0.9952499866485596,0.05000000074505806,-0.03630697354674339
uniform,0,5,45,999,1.0,1.0,0.038801226764917374,-0.000940359546802938,-0.00034194893669337034,0.0595708042383194,time_out,0.9952499866485596,0.05000000074505806,-0.018807191401720047
uniform,0,5,46,999,1.0,1.0,0.04091570898890495,-0.0020533150527626276,-0.0007466600509360433,0.05984046682715416,time_out,0.9952499866485596,0.0625,-0.03285304084420204
uniform,0,5,47,999,1.0,1.0,0.02199511043727398,-0.0023851352743804455,-0.000867321970872581,0.058967240154743195,time_out,0.9952499866485596,0.05000000074505806,-0.04770270362496376
uniform,0,5,48,999,1.0,1.0,0.033602725714445114,-0.0017312447307631373,-0.0006295435596257448,0.06081882491707802,time_out,0.9894999861717224,0.08750000596046448,-0.019785651937127113
uniform,0,5,49,999,1.0,1.0,0.03053455799818039,-0.0015332999173551798,-0.0005575636168941855,0.059558700770139694,time_out,0.9952499866485596,0.05000000074505806,-0.03066599741578102
uniform,0,5,50,999,1.0,1.0,0.0368095338344574,-0.0013186503201723099,-0.0004795092099811882,0.06139953434467316,time_out,0.9952499866485596,0.05000000074505806,-0.026373006403446198
uniform,0,5,51,999,1.0,1.0,0.03022676520049572,-0.002671239199116826,-0.0009713597246445715,0.059829019010066986,time_out,0.9952499866485596,0.05000000074505806,-0.05342478305101395
uniform,0,5,52,999,1.0,1.0,0.026276329532265663,-0.002382123377174139,-0.0008662267355248332,0.060019247233867645,time_out,0.9954999685287476,0.05000000074505806,-0.04764246568083763
uniform,0,5,53,999,1.0,1.0,0.03682197257876396,-0.0031347707845270634,-0.0011399167124181986,0.06259655207395554,time_out,0.9952499866485596,0.0625,-0.050156332552433014
uniform,0,5,54,999,1.0,1.0,0.020119542255997658,-0.0013157847570255399,-0.00047846720553934574,0.061455339193344116,time_out,0.9952499866485596,0.0625,-0.021052556112408638
uniform,0,5,55,999,1.0,1.0,0.025110306218266487,-0.0014015595661476254,-0.0005096580134704709,0.0626361295580864,time_out,0.9954999685287476,0.05000000074505806,-0.02803119085729122
uniform,0,5,56,999,1.0,1.0,0.024559276178479195,-0.0009349589236080647,-0.00033998506842181087,0.059007540345191956,time_out,0.9932500123977661,0.0625,-0.014959342777729034
uniform,0,5,57,999,1.0,1.0,0.03365907818078995,-0.0023156122770160437,-0.0008420408703386784,0.061927374452352524,time_out,0.9954999685287476,0.05000000074505806,-0.04631224647164345
uniform,0,5,58,999,1.0,1.0,0.03703965246677399,-0.0011128284968435764,-0.0004046649264637381,0.06044566631317139,time_out,0.9954999685287476,0.05000000074505806,-0.02225656993687153
uniform,0,5,59,999,1.0,1.0,0.04289755970239639,-0.0016133966855704784,-0.0005866897408850491,0.0597742423415184,time_out,0.9947500228881836,0.07500000298023224,-0.021511955186724663
uniform,0,5,60,999,1.0,1.0,0.026911061257123947,-0.0019709616899490356,-0.0007167133735492826,0.06084439530968666,time_out,0.9954999685287476,0.05000000074505806,-0.03941923379898071
uniform,0,5,61,999,1.0,1.0,0.022553617134690285,-0.001054837484844029,-0.00038357728044502437,0.061282940208911896,time_out,0.9952499866485596,0.05000000074505806,-0.02109674923121929
uniform,0,5,62,999,1.0,1.0,0.03345580771565437,-0.0004710912180598825,-0.00017130590276792645,0.05858022719621658,time_out,0.9947500228881836,0.07500000298023224,-0.006281216163188219
uniform,0,5,63,999,1.0,1.0,0.03233792260289192,-0.0010608519660308957,-0.000385764375096187,0.06136734411120415,time_out,0.9954999685287476,0.05000000074505806,-0.021217038854956627
uniform,0,5,64,999,1.0,1.0,0.0269946102052927,-0.002269895514473319,-0.0008254165877588093,0.05950579792261124,time_out,0.9954999685287476,0.05000000074505806,-0.045397911220788956
uniform,0,5,65,999,1.0,1.0,0.028338763862848282,-0.0018479232676327229,-0.0006719721131958067,0.0612538605928421,time_out,0.9952499866485596,0.05000000074505806,-0.03695846349000931
uniform,0,5,66,999,1.0,1.0,0.04606865718960762,-0.002861576620489359,-0.0010405733482912183,0.06062270328402519,time_out,0.9950000047683716,0.07500000298023224,-0.03815435245633125
uniform,0,5,67,999,1.0,1.0,0.04540790244936943,-0.0018714475445449352,-0.0006805264274589717,0.060027338564395905,time_out,0.9954999685287476,0.05000000074505806,-0.037428949028253555
uniform,0,5,68,999,1.0,1.0,0.030091356486082077,-0.0008189545478671789,-0.000297801656415686,0.06062765419483185,time_out,0.9942499995231628,0.08749999850988388,-0.009359480813145638
uniform,0,5,69,999,1.0,1.0,0.031733207404613495,-0.002106900094076991,-0.0007661455310881138,0.06285980343818665,time_out,0.9954999685287476,0.05000000074505806,-0.042138002812862396
uniform,0,5,70,999,1.0,1.0,0.03183453157544136,-0.0009421163122169673,-0.00034258776577189565,0.05946502089500427,time_out,0.9945000410079956,0.08749999850988388,-0.010767043568193913
uniform,0,5,71,999,1.0,1.0,0.01973171904683113,-0.001276444992981851,-0.0004641618288587779,0.06076822057366371,time_out,0.9950000047683716,0.0625,-0.020423119887709618
uniform,0,5,72,999,1.0,1.0,0.021105535328388214,-0.00178369355853647,-0.0006486158818006516,0.06086881831288338,time_out,0.9954999685287476,0.05000000074505806,-0.035673871636390686
uniform,0,5,73,999,1.0,1.0,0.023814983665943146,-0.001340527436695993,-0.00048746453830972314,0.06121595576405525,time_out,0.9954999685287476,0.05000000074505806,-0.026810549199581146
uniform,0,5,74,999,1.0,1.0,0.03934650868177414,-0.0009073835099115968,-0.0003299576637800783,0.06064467132091522,time_out,0.9927500486373901,0.0625,-0.014518136158585548
uniform,0,5,75,999,1.0,1.0,0.026794228702783585,-0.0025295866653323174,-0.0009198497282341123,0.05918723717331886,time_out,0.9954999685287476,0.05000000074505806,-0.05059173330664635
uniform,0,5,76,999,1.0,1.0,0.03320889547467232,-0.00250302255153656,-0.0009101900504902005,0.05937414988875389,time_out,0.9952499866485596,0.05000000074505806,-0.0500604510307312
uniform,0,5,77,999,1.0,1.0,0.041192568838596344,-0.002034359611570835,-0.0007397671579383314,0.060790274292230606,time_out,0.9950000047683716,0.0625,-0.03254975378513336
uniform,0,5,78,999,1.0,1.0,0.04838999733328819,6.1033984820824116e-05,2.2194177290657535e-05,0.06098350137472153,time_out,0.9882500171661377,0.08749999850988388,0.000697531271725893
uniform,0,5,79,999,1.0,1.0,0.038554225116968155,-0.00016955990577116609,-6.165815284475684e-05,0.061394285410642624,time_out,0.9927500486373901,0.10000000149011612,-0.0016955990577116609
uniform,0,5,80,999,1.0,1.0,0.03895276412367821,6.136742740636691e-05,2.23154293053085e-05,0.06024915352463722,time_out,0.9895000457763672,0.0625,0.0009818788385018706
uniform,0,5,81,999,1.0,1.0,0.026717286556959152,7.405160431517288e-05,2.692785710678436e-05,0.06004484370350838,time_out,0.9944999814033508,0.08750000596046448,0.0008463039994239807
uniform,0,5,82,999,1.0,1.0,0.028755545616149902,-0.002036114688962698,-0.0007404053467325866,0.061175595968961716,time_out,0.9950000047683716,0.05000000074505806,-0.04072229191660881
uniform,0,5,83,999,1.0,1.0,0.02466295287013054,-0.001994311111047864,-0.0007252040668390691,0.06136643514037132,time_out,0.9947500228881836,0.08750000596046448,-0.02279212512075901
uniform,0,5,84,999,1.0,1.0,0.02637545019388199,-0.0012992187403142452,-0.00047244317829608917,0.060062672942876816,time_out,0.9952499866485596,0.05000000074505806,-0.025984374806284904
uniform,0,5,85,999,1.0,1.0,0.031325265765190125,-0.002385683124884963,-0.0008675211574882269,0.060418423265218735,time_out,0.9954999685287476,0.05000000074505806,-0.047713663429021835
uniform,0,5,86,999,1.0,1.0,0.03644825518131256,-0.001500921556726098,-0.0005457896622829139,0.060865823179483414,time_out,0.9952499866485596,0.05000000074505806,-0.030018430203199387
uniform,0,5,87,999,1.0,1.0,0.030041532590985298,-0.0017861167434602976,-0.0006494970293715596,0.06028851494193077,time_out,0.9952499866485596,0.05000000074505806,-0.03572233393788338
uniform,0,5,88,999,1.0,1.0,0.03941122815012932,-0.0007360903546214104,-0.0002676692383829504,0.06103237345814705,time_out,0.9904999732971191,0.0625,-0.011777445673942566
uniform,0,5,89,999,1.0,1.0,0.02709362283349037,-0.001614647451788187,-0.000587144517339766,0.062397051602602005,time_out,0.9952499866485596,0.05000000074505806,-0.03229294717311859
uniform,0,5,90,999,1.0,1.0,0.047185610979795456,-0.0025679555255919695,-0.0009338020463474095,0.06091644987463951,time_out,0.9950000047683716,0.07500000298023224,-0.034239403903484344
uniform,0,5,91,999,1.0,1.0,0.030739523470401764,-0.002740652533248067,-0.0009966009529307485,0.06120484694838524,time_out,0.9950000047683716,0.07500000298023224,-0.03654203191399574
uniform,0,5,92,999,1.0,1.0,0.03484926372766495,-0.0009038749267347157,-0.000328681810060516,0.059189315885305405,time_out,0.9907499551773071,0.0625,-0.014461998827755451
uniform,0,5,93,999,1.0,1.0,0.038152728229761124,-0.002120991935953498,-0.0007712698425166309,0.05955032259225845,time_out,0.9954999685287476,0.05000000074505806,-0.04241983965039253
uniform,0,5,94,999,1.0,1.0,0.03251679614186287,-0.0008942026761360466,-0.00032516461214981973,0.06088773161172867,time_out,0.9952499866485596,0.05000000074505806,-0.01788405328989029
uniform,0,5,95,999,1.0,1.0,0.022263851016759872,-0.002208033110946417,-0.0008029211312532425,0.06175411865115166,time_out,0.9950000047683716,0.07500000298023224,-0.029440440237522125
uniform,0,5,96,999,1.0,1.0,0.04032542556524277,-0.0011400067014619708,-0.00041454791789874434,0.0601276196539402,time_out,0.9919999837875366,0.0625,-0.018240107223391533
uniform,0,5,97,999,1.0,1.0,0.02517394721508026,-0.0020015418995171785,-0.0007278334232978523,0.062134191393852234,time_out,0.9954999685287476,0.05000000074505806,-0.040030837059020996
uniform,0,5,98,999,1.0,1.0,0.05373998358845711,-0.004212221596390009,-0.001531717018224299,0.06138738617300987,time_out,0.9940000176429749,0.11250000447034836,-0.03744196891784668
uniform,0,5,99,999,1.0,1.0,0.030631890520453453,-0.0014993572840467095,-0.0005452208570204675,0.06150567904114723,time_out,0.9954999685287476,0.05000000074505806,-0.029987145215272903
uniform,0,6,0,999,1.0,1.0,0.04636300355195999,-0.0022455092985183,-0.0006909259827807546,0.06153247132897377,time_out,0.9945000410079956,0.07500000298023224,-0.029940122738480568
uniform,0,6,1,999,1.0,1.0,0.030014047399163246,-0.0017873764736577868,-0.0005499619874171913,0.06078362464904785,time_out,0.9950000047683716,0.0625,-0.02859802357852459
uniform,0,6,2,999,1.0,1.0,0.03148118034005165,-0.003078124951571226,-0.0009471154189668596,0.059445612132549286,time_out,0.9947500228881836,0.0625,-0.04924999922513962
uniform,0,6,3,999,1.0,1.0,0.033409830182790756,-0.0014021460665389895,-0.00043142956565134227,0.05841977894306183,time_out,0.9952499866485596,0.05000000074505806,-0.028042921796441078
uniform,0,6,4,999,1.0,1.0,0.030524693429470062,-0.0006071160896681249,-0.00018680495850276202,0.05993103235960007,time_out,0.9944999814033508,0.08750000596046448,-0.006938469130545855
uniform,0,6,5,999,1.0,1.0,0.03959359973669052,-0.0015519032021984458,-0.0004775086999870837,0.05967504158616066,time_out,0.9860000014305115,0.07500000298023224,-0.020692041143774986
uniform,0,6,6,999,1.0,1.0,0.0346691869199276,-0.0013168700970709324,-0.0004051908035762608,0.060474906116724014,time_out,0.9915000200271606,0.07500000298023224,-0.01755826734006405
uniform,0,6,7,999,1.0,1.0,0.023785380646586418,-0.0012575151631608605,-0.000386927742511034,0.05856594443321228,time_out,0.9952499866485596,0.05000000074505806,-0.025150302797555923
uniform,0,6,8,999,1.0,1.0,0.047320105135440826,-0.0030045800376683474,-0.0009244862012565136,0.05964496731758118,time_out,0.9944999814033508,0.08750000596046448,-0.03433805704116821
uniform,0,6,9,999,1.0,1.0,0.042065273970365524,-0.0005057074595242739,-0.00015560230531264096,0.06092970818281174,time_out,0.9947500228881836,0.07500000298023224,-0.006742765661329031
uniform,0,6,10,999,1.0,1.0,0.03484010696411133,-0.0032824515365064144,-0.0010099851060658693,0.059348106384277344,time_out,0.9952499866485596,0.05000000074505806,-0.06564903259277344
uniform,0,6,11,999,1.0,1.0,0.030750902369618416,-0.0015257175546139479,-0.00046945156645961106,0.059769924730062485,time_out,0.9952499866485596,0.05000000074505806,-0.030514350160956383
uniform,0,6,12,999,1.0,1.0,0.03672775998711586,-0.000646144850179553,-0.00019881381012964994,0.05942464619874954,time_out,0.9932500123977661,0.11250000447034836,-0.005743509624153376
uniform,0,6,13,999,1.0,1.0,0.018731411546468735,-0.0019954293966293335,-0.0006139783072285354,0.05995532497763634,time_out,0.9952499866485596,0.05000000074505806,-0.03990858793258667
uniform,0,6,14,999,1.0,1.0,0.030509963631629944,-0.001054471591487527,-0.0003244528197683394,0.060648176819086075,time_out,0.9937499761581421,0.08749999850988388,-0.012051104567945004
uniform,0,6,15,999,1.0,1.0,0.019121244549751282,-0.005006896331906319,-0.0015405835583806038,0.06053698807954788,time_out,0.9952499866485596,0.05000000074505806,-0.10013792663812637
uniform,0,6,16,999,1.0,1.0,0.041833966970443726,-0.0016520224744454026,-0.000508314638864249,0.05893188342452049,time_out,0.9884999990463257,0.0625,-0.026432359591126442
uniform,0,6,17,999,1.0,1.0,0.02687627449631691,-0.0021099334117025137,-0.0006492102984338999,0.05942447483539581,time_out,0.9924999475479126,0.05000000074505806,-0.04219866916537285
uniform,0,6,18,999,1.0,1.0,0.03343290090560913,-0.0028169560246169567,-0.0008667557267472148,0.05968775227665901,time_out,0.9952499866485596,0.05000000074505806,-0.056339118629693985
uniform,0,6,19,999,1.0,1.0,0.03331160172820091,-0.0010707229375839233,-0.0003294532361906022,0.05968008190393448,time_out,0.9902499914169312,0.0625,-0.017131567001342773
uniform,0,6,20,999,1.0,1.0,0.047931913286447525,-0.0013634696369990706,-0.0004195291257929057,0.06002091243863106,time_out,0.9902499914169312,0.08749999850988388,-0.015582510270178318
uniform,0,6,21,999,1.0,1.0,0.034277886152267456,5.1793042075587437e-05,1.593632077856455e-05,0.05775942653417587,time_out,0.9900000095367432,0.0625,0.000828688673209399
uniform,0,6,22,999,1.0,1.0,0.02737046405673027,-0.0019172833999618888,-0.0005899333627894521,0.05833972245454788,time_out,0.9942499995231628,0.07500000298023224,-0.02556377835571766
uniform,0,6,23,999,1.0,1.0,0.028455786406993866,-0.001092113321647048,-0.00033603489282540977,0.06017575412988663,time_out,0.9937499761581421,0.125,-0.008736906573176384
uniform,0,6,24,999,1.0,1.0,0.03660770133137703,-0.0031107717659324408,-0.0009571606060490012,0.05810564011335373,time_out,0.9952499866485596,0.05000000074505806,-0.06221543624997139
uniform,0,6,25,999,1.0,1.0,0.046302679926157,-0.0015562194166705012,-0.00047883676597848535,0.059281714260578156,time_out,0.9837499856948853,0.125,-0.01244975533336401
uniform,0,6,26,999,1.0,1.0,0.03801810368895531,-0.00126161752268672,-0.00038819003384560347,0.05921760946512222,time_out,0.9950000047683716,0.0625,-0.02018588036298752
uniform,0,6,27,999,1.0,1.0,0.02914145588874817,-0.002904099877923727,-0.0008935692021623254,0.059997521340847015,time_out,0.9952499866485596,0.05000000074505806,-0.05808199569582939
uniform,0,6,28,999,1.0,1.0,0.03294694051146507,-0.0030057555995881557,-0.0009248479036614299,0.06017462909221649,time_out,0.9952499866485596,0.05000000074505806,-0.060115110129117966
uniform,0,6,29,999,1.0,1.0,0.03319238871335983,-0.0023367656394839287,-0.000719004834536463,0.06016521155834198,time_out,0.9950000047683716,0.0625,-0.03738825023174286
uniform,0,6,30,999,1.0,1.0,0.021796496585011482,-0.00200301269069314,-0.0006163116195239127,0.06056464836001396,time_out,0.9952499866485596,0.05000000074505806,-0.04006025195121765
uniform,0,6,31,999,1.0,1.0,0.025589745491743088,-0.002513603074476123,-0.0007734163664281368,0.05807362496852875,time_out,0.9952499866485596,0.05000000074505806,-0.05027206242084503
uniform,0,6,32,999,1.0,1.0,0.0350712426006794,-0.002792863640934229,-0.0008593426900915802,0.06142808124423027,time_out,0.9950000047683716,0.0625,-0.04468581825494766
uniform,0,6,33,999,1.0,1.0,0.03289814293384552,-0.002243503462523222,-0.0006903088069520891,0.057945042848587036,time_out,0.9919999837875366,0.07500000298023224,-0.02991337887942791
uniform,0,6,34,999,1.0,1.0,0.022993601858615875,-0.0016223834827542305,-0.0004991949535906315,0.05808093398809433,time_out,0.9952499866485596,0.05000000074505806,-0.03244766965508461
uniform,0,6,35,999,1.0,1.0,0.027868518605828285,-0.00204038480296731,-0.0006278107175603509,0.05909958854317665,time_out,0.9950000047683716,0.0625,-0.03264615684747696
uniform,0,6,36,999,1.0,1.0,0.0369737334549427,-0.002405056729912758,-0.0007400175090879202,0.06003650277853012,time_out,0.9952499866485596,0.05000000074505806,-0.04810113459825516
uniform,0,6,37,999,1.0,1.0,0.05351141095161438,-0.0039497604593634605,-0.00121531100012362,0.059046339243650436,time_out,0.9937500357627869,0.11250000447034836,-0.03510897979140282
uniform,0,6,38,999,1.0,1.0,0.03007071278989315,-0.002010877477005124,-0.0006187315448187292,0.0597284734249115,time_out,0.9950000047683716,0.05000000074505806,-0.04021754860877991
uniform,0,6,39,999,1.0,1.0,0.043015431612730026,-0.00040736887603998184,-0.00012534427514765412,0.05981515347957611,time_out,0.9934999942779541,0.08749999850988388,-0.0046556442975997925
uniform,0,6,40,999,1.0,1.0,0.04229799285531044,-0.0031697414815425873,-0.0009753050981089473,0.05996211990714073,time_out,0.9950000047683716,0.0625,-0.050715863704681396
uniform,0,6,41,999,1.0,1.0,0.02928265370428562,-0.0016845428617671132,-0.0005183208850212395,0.06048361957073212,time_out,0.9952499866485596,0.05000000074505806,-0.03369085490703583
uniform,0,6,42,999,1.0,1.0,0.01908268593251705,-0.001978677697479725,-0.000608823902439326,0.05973227694630623,time_out,0.9952499866485596,0.05000000074505806,-0.0395735539495945
uniform,0,6,43,999,1.0,1.0,0.04802797734737396,-0.0016513052396476269,-0.0005080939154140651,0.05819128453731537,time_out,0.9907499551773071,0.0625,-0.02642088383436203
uniform,0,6,44,999,1.0,1.0,0.03214482590556145,-0.0016468531684949994,-0.0005067240563221276,0.06020781025290489,time_out,0.9939999580383301,0.11250000447034836,-0.014638694003224373
uniform,0,6,45,999,1.0,1.0,0.03566373512148857,-0.003260596189647913,-0.0010032603750005364,0.05833826959133148,time_out,0.9952499866485596,0.05000000074505806,-0.06521192193031311
uniform,0,6,46,999,1.0,1.0,0.039447057992219925,-0.0035876515321433544,-0.0011038928059861064,0.05820941552519798,time_out,0.9952499866485596,0.05000000074505806,-0.07175303250551224
uniform,0,6,47,999,1.0,1.0,0.025759290903806686,-0.0024283314123749733,-0.0007471789140254259,0.0602564662694931,time_out,0.9952499866485596,0.05000000074505806,-0.048566628247499466
uniform,0,6,48,999,1.0,1.0,0.029130933806300163,-0.0017297306330874562,-0.0005322248325683177,0.06036088615655899,time_out,0.9950000047683716,0.0625,-0.0276756901293993
uniform,0,6,49,999,1.0,1.0,0.04461108520627022,-0.0034969437401741743,-0.001075982698239386,0.06084379926323891,time_out,0.9952499866485596,0.05000000074505806,-0.06993887573480606
uniform,0,6,50,999,1.0,1.0,0.036086831241846085,-0.0011171167716383934,-0.00034372825757600367,0.059524744749069214,time_out,0.9924999475479126,0.07500000298023224,-0.014894889667630196
uniform,0,6,51,999,1.0,1.0,0.03380884230136871,-0.0006031749653629959,-0.00018559230375103652,0.05956833064556122,time_out,0.9895000457763672,0.0625,-0.009650799445807934
uniform,0,6,52,999,1.0,1.0,0.03718990460038185,-0.003526718821376562,-0.0010851443512365222,0.05974222719669342,time_out,0.9952499866485596,0.05000000074505806,-0.07053437829017639
uniform,0,6,53,999,1.0,1.0,0.022508205845952034,-0.0026319497264921665,-0.0008098307298496366,0.06000177562236786,time_out,0.9952499866485596,0.05000000074505806,-0.05263899266719818
uniform,0,6,54,999,1.0,1.0,0.038392726331949234,-0.004120550584048033,-0.001267861807718873,0.05958474427461624,time_out,0.9952499866485596,0.05000000074505806,-0.0824110135436058
uniform,0,6,55,999,1.0,1.0,0.03211306035518646,-0.0025307033210992813,-0.0007786779897287488,0.06125674024224281,time_out,0.9952499866485596,0.05000000074505806,-0.050614066421985626
uniform,0,6,56,999,1.0,1.0,0.026767613366246223,-0.0012766245054081082,-0.00039280756027437747,0.05899343267083168,time_out,0.9937499761581421,0.11249999701976776,-0.011347773484885693
uniform,0,6,57,999,1.0,1.0,0.02037292718887329,-0.0021854618098586798,-0.0006724498234689236,0.06028531491756439,time_out,0.9952499866485596,0.05000000074505806,-0.04370923712849617
uniform,0,6,58,999,1.0,1.0,0.029166102409362793,-0.001977919600903988,-0.0006085906643420458,0.058338843286037445,time_out,0.9952499866485596,0.05000000074505806,-0.03955839201807976
uniform,0,6,59,999,1.0,1.0,0.04454411566257477,-0.0009105052449740469,-0.00028015548014082015,0.05945081263780594,time_out,0.9874999523162842,0.11250000447034836,-0.008093379437923431
uniform,0,6,60,999,1.0,1.0,0.03563119098544121,-0.0018342441180720925,-0.000564382818993181,0.05756300687789917,time_out,0.9952499866485596,0.05000000074505806,-0.03668488189578056
uniform,0,6,61,999,1.0,1.0,0.03325919434428215,-0.0010512751759961247,-0.00032346928492188454,0.06109185144305229,time_out,0.9945000410079956,0.07500000298023224,-0.01401700172573328
uniform,0,6,62,999,1.0,1.0,0.03058420494198799,-0.0014973059296607971,-0.00046070953249000013,0.05901994928717613,time_out,0.9922499656677246,0.0625,-0.023956894874572754
uniform,0,6,63,999,1.0,1.0,0.03330383077263832,-0.0021088351495563984,-0.0006488724029622972,0.06026182696223259,time_out,0.9952499866485596,0.05000000074505806,-0.04217670112848282
uniform,0,6,64,999,1.0,1.0,0.02539600059390068,-0.0035172572825104,-0.0010822330368682742,0.05943278223276138,time_out,0.9952499866485596,0.05000000074505806,-0.07034514099359512
uniform,0,6,65,999,1.0,1.0,0.038142260164022446,-0.002035992220044136,-0.0006264591938816011,0.05834033340215683,time_out,0.9952499866485596,0.05000000074505806,-0.04071984440088272
uniform,0,6,66,999,1.0,1.0,0.028905749320983887,-0.0025426319334656,-0.0007823483319953084,0.05992802605032921,time_out,0.9952499866485596,0.05000000074505806,-0.050852637737989426
uniform,0,6,67,999,1.0,1.0,0.02992238849401474,-0.0013806617353111506,-0.00042481900891289115,0.060016289353370667,time_out,0.9952499866485596,0.05000000074505806,-0.027613233774900436
uniform,0,6,68,999,1.0,1.0,0.03645709902048111,-0.0011415276676416397,-0.00035123928682878613,0.05746474489569664,time_out,0.9882500171661377,0.10000000149011612,-0.011415276676416397
uniform,0,6,69,999,1.0,1.0,0.029369056224822998,-0.00162607675883919,-0.0005003313417546451,0.05959854647517204,time_out,0.9927500486373901,0.07500000298023224,-0.02168102189898491
uniform,0,6,70,999,1.0,1.0,0.04312945529818535,-0.002492606872692704,-0.0007669560145586729,0.060641899704933167,time_out,0.9944999814033508,0.08750000596046448,-0.028486933559179306
uniform,0,6,71,999,1.0,1.0,0.026059851050376892,-0.0010855498258024454,-0.00033401534892618656,0.06162748858332634,time_out,0.9950000047683716,0.0625,-0.017368797212839127
uniform,0,6,72,999,1.0,1.0,0.04500798508524895,0.0023802213836461306,0.0007323758327402174,0.05931547284126282,time_out,0.9929999709129333,0.07500000298023224,0.031736284494400024
uniform,0,6,73,999,1.0,1.0,0.0382063165307045,-0.0014772462891414762,-0.00045453733764588833,0.05923483893275261,time_out,0.9950000047683716,0.0625,-0.02363594062626362
uniform,0,6,74,999,1.0,1.0,0.02300414629280567,-0.0021494997199624777,-0.0006613845471292734,0.058765243738889694,time_out,0.9952499866485596,0.05000000074505806,-0.04298999533057213
uniform,0,6,75,999,1.0,1.0,0.023638218641281128,-0.0021338944789022207,-0.0006565829389728606,0.05966959893703461,time_out,0.9950000047683716,0.0625,-0.03414231166243553
uniform,0,6,76,999,1.0,1.0,0.01873643882572651,-0.0022200262174010277,-0.0006830850034020841,0.06035394221544266,time_out,0.9952499866485596,0.05000000074505806,-0.044400524348020554
uniform,0,6,77,999,1.0,1.0,0.035151999443769455,-0.0016105938702821732,-0.0004955673357471824,0.06072792783379555,time_out,0.9950000047683716,0.0625,-0.02576950192451477
uniform,0,6,78,999,1.0,1.0,0.03881162032485008,-0.0008615228580310941,-0.0002650839742273092,0.059461575001478195,time_out,0.9934999942779541,0.11250000447034836,-0.0076579805463552475
uniform,0,6,79,999,1.0,1.0,0.028303705155849457,-0.0012078061699867249,-0.0003716326900757849,0.05954531207680702,time_out,0.9947500228881836,0.07500000298023224,-0.01610408164560795
uniform,0,6,80,999,1.0,1.0,0.026415176689624786,-0.003274637507274747,-0.0010075807804241776,0.05812286585569382,time_out,0.9937499761581421,0.08749999850988388,-0.03742443025112152
uniform,0,6,81,999,1.0,1.0,0.039270978420972824,-0.0038095482159405947,-0.001172168762423098,0.060252416878938675,time_out,0.9934999942779541,0.10000000149011612,-0.03809548169374466
uniform,0,6,82,999,1.0,1.0,0.024146798998117447,-0.002566148294135928,-0.0007895841263234615,0.06069764494895935,time_out,0.9950000047683716,0.0625,-0.04105837270617485
uniform,0,6,83,999,1.0,1.0,0.037968799471855164,-0.0030229645781219006,-0.0009301429963670671,0.05921361967921257,time_out,0.9952499866485596,0.05000000074505806,-0.06045928969979286
uniform,0,6,84,999,1.0,1.0,0.02991628088057041,-0.003325182246044278,-0.0010231330525130033,0.058792468160390854,time_out,0.9952499866485596,0.05000000074505806,-0.06650364398956299
uniform,0,6,85,999,1.0,1.0,0.042121440172195435,-0.0011049651075154543,-0.0003399892884772271,0.05959748476743698,time_out,0.9952499866485596,0.05000000074505806,-0.02209930121898651
uniform,0,6,86,999,1.0,1.0,0.03624516353011131,-0.0011089453473687172,-0.00034121397766284645,0.058095596730709076,time_out,0.9897500276565552,0.07500000298023224,-0.014785937033593655
uniform,0,6,87,999,1.0,1.0,0.035658661276102066,-0.000620189297478646,-0.00019082748622167856,0.058884501457214355,time_out,0.9942499995231628,0.10000000149011612,-0.006201893091201782
uniform,0,6,88,999,1.0,1.0,0.04029493033885956,-0.0032145290169864893,-0.0009890858782455325,0.060448624193668365,time_out,0.9942499995231628,0.08749999850988388,-0.03673747554421425
uniform,0,6,89,999,1.0,1.0,0.03262217342853546,-0.00036812530015595257,-0.00011326932872179896,0.06001356989145279,time_out,0.9945000410079956,0.08749999850988388,-0.004207146354019642
uniform,0,6,90,999,1.0,1.0,0.04982934892177582,-0.0025251065380871296,-0.000776955857872963,0.059852033853530884,time_out,0.9909999966621399,0.0625,-0.040401704609394073
uniform,0,6,91,999,1.0,1.0,0.03471541032195091,-0.0018218575278297067,-0.0005605715559795499,0.05875371769070625,time_out,0.9952499866485596,0.05000000074505806,-0.036437150090932846
uniform,0,6,92,999,1.0,1.0,0.025050843134522438,-0.0024221569765359163,-0.0007452790741808712,0.05783715471625328,time_out,0.9952499866485596,0.05000000074505806,-0.04844313859939575
uniform,0,6,93,999,1.0,1.0,0.04196089133620262,-0.0031535914167761803,-0.0009703358518891037,0.05981042608618736,time_out,0.9947500228881836,0.0625,-0.050457462668418884
uniform,0,6,94,999,1.0,1.0,0.023845775052905083,-0.0018128541996702552,-0.0005578013369813561,0.05958661064505577,time_out,0.9952499866485596,0.05000000074505806,-0.03625708445906639
uniform,0,6,95,999,1.0,1.0,0.030669892206788063,-0.0006588122341781855,-0.00020271146786399186,0.059081368148326874,time_out,0.9919999837875366,0.08749999850988388,-0.007529282942414284
uniform,0,6,96,999,1.0,1.0,0.04635220766067505,-0.0024993228726089,-0.0007690224447287619,0.05920173227787018,time_out,0.9950000047683716,0.0625,-0.0399891659617424
uniform,0,6,97,999,1.0,1.0,0.031020212918519974,-0.0020911158062517643,-0.0006434202659875154,0.05834086611866951,time_out,0.9952499866485596,0.05000000074505806,-0.04182231426239014
uniform,0,6,98,999,1.0,1.0,0.030520999804139137,-0.0030743626412004232,-0.0009459577850066125,0.059865452349185944,time_out,0.9952499866485596,0.05000000074505806,-0.06148725375533104
uniform,0,6,99,999,1.0,1.0,0.024568205699324608,-0.0007818691083230078,-0.00024057511473074555,0.06068161875009537,time_out,0.9947500228881836,0.07500000298023224,-0.010424921289086342
uniform,0,7,0,999,1.0,1.0,0.03684918209910393,-0.0017498161178082228,-0.000466617668280378,0.057119220495224,time_out,0.9912500381469727,0.07500000298023224,-0.02333088032901287
uniform,0,7,1,999,1.0,1.0,0.026790514588356018,-0.003152261022478342,-0.000840602966491133,0.058321960270404816,time_out,0.9952499866485596,0.05000000074505806,-0.06304521858692169
uniform,0,7,2,999,1.0,1.0,0.030098989605903625,-0.0023318983148783445,-0.0006218396010808647,0.05808388069272041,time_out,0.9912499785423279,0.07500000298023224,-0.031091976910829544
uniform,0,7,3,999,1.0,1.0,0.021991265937685966,-0.003128412179648876,-0.0008342433138750494,0.05808454379439354,time_out,0.9947500228881836,0.07500000298023224,-0.041712161153554916
uniform,0,7,4,999,1.0,1.0,0.022323016077280045,-0.0023534104693681,-0.0006275761406868696,0.056960806250572205,time_out,0.9952499866485596,0.05000000074505806,-0.04706820845603943
uniform,0,7,5,999,1.0,1.0,0.03769688680768013,-0.002150201005861163,-0.0005733869620598853,0.05815497413277626,time_out,0.9952499866485596,0.05000000074505806,-0.04300402104854584
uniform,0,7,6,999,1.0,1.0,0.0445399209856987,-0.002950032940134406,-0.0007866754895076156,0.05940215662121773,time_out,0.9952499866485596,0.05000000074505806,-0.059000659734010696
uniform,0,7,7,999,1.0,1.0,0.0389171838760376,-0.0014549666084349155,-0.0003879911091644317,0.05749930441379547,time_out,0.9952499866485596,0.05000000074505806,-0.02909933216869831
uniform,0,7,8,999,1.0,1.0,0.024743735790252686,-0.0031856526620686054,-0.0008495073998346925,0.05959185212850571,time_out,0.9952499866485596,0.05000000074505806,-0.06371305137872696
uniform,0,7,9,999,1.0,1.0,0.03160559758543968,-0.0028761171270161867,-0.0007669646292924881,0.05872851982712746,time_out,0.9952499866485596,0.05000000074505806,-0.05752234160900116
uniform,0,7,10,999,1.0,1.0,0.022891994565725327,-0.002337387762963772,-0.0006233034073375165,0.058248959481716156,time_out,0.9952499866485596,0.05000000074505806,-0.046747755259275436
uniform,0,7,11,999,1.0,1.0,0.035167183727025986,-0.0007153041660785675,-0.0001907477853819728,0.05678991600871086,time_out,0.9939999580383301,0.08749999850988388,-0.008174904622137547
uniform,0,7,12,999,1.0,1.0,0.033384114503860474,-0.005040150135755539,-0.0013440401526167989,0.0602441169321537,time_out,0.9950000047683716,0.0625,-0.08064240217208862
uniform,0,7,13,999,1.0,1.0,0.042931534349918365,-0.0007702276343479753,-0.00020539404067676514,0.05755911022424698,time_out,0.9904999732971191,0.0625,-0.012323642149567604
uniform,0,7,14,999,1.0,1.0,0.03142164275050163,-0.002824705094099045,-0.0007532547460868955,0.05902159586548805,time_out,0.9952499866485596,0.05000000074505806,-0.056494101881980896
uniform,0,7,15,999,1.0,1.0,0.03311318904161453,-0.003564252285286784,-0.0009504673071205616,0.058924317359924316,time_out,0.9952499866485596,0.05000000074505806,-0.07128504663705826
uniform,0,7,16,999,1.0,1.0,0.029944870620965958,-0.0023246509954333305,-0.0006199069903232157,0.057519134134054184,time_out,0.9915000200271606,0.0625,-0.03719441592693329
uniform,0,7,17,999,1.0,1.0,0.018507007509469986,-0.0020136001985520124,-0.0005369600839912891,0.057638756930828094,time_out,0.9952499866485596,0.05000000074505806,-0.040272004902362823
uniform,0,7,18,999,1.0,1.0,0.04400063678622246,-0.00513934763148427,-0.001370492740534246,0.058115970343351364,time_out,0.9950000047683716,0.0625,-0.08222956210374832
uniform,0,7,19,999,1.0,1.0,0.036008477210998535,-0.003835836425423622,-0.001022889744490385,0.05836653336882591,time_out,0.9952499866485596,0.05000000074505806,-0.07671672850847244
uniform,0,7,20,999,1.0,1.0,0.018266484141349792,-0.002482528332620859,-0.0006620076019316912,0.05783568322658539,time_out,0.9950000047683716,0.05000000074505806,-0.049650564789772034
uniform,0,7,21,999,1.0,1.0,0.027366410940885544,-0.003314404748380184,-0.0008838413050398231,0.05836573988199234,time_out,0.9952499866485596,0.05000000074505806,-0.06628809124231339
uniform,0,7,22,999,1.0,1.0,0.04406263679265976,-0.0024669794365763664,-0.0006578612374141812,0.057170648127794266,time_out,0.9952499866485596,0.05000000074505806,-0.04933958873152733
uniform,0,7,23,999,1.0,1.0,0.02394239977002144,-0.00265294942073524,-0.0007074532331898808,0.05755603685975075,time_out,0.9952499866485596,0.05000000074505806,-0.053058989346027374
uniform,0,7,24,999,1.0,1.0,0.026668932288885117,-0.0024616075679659843,-0.0006564287468791008,0.05916497856378555,time_out,0.9952499866485596,0.05000000074505806,-0.04923215135931969
uniform,0,7,25,999,1.0,1.0,0.03257307782769203,-0.00210567913018167,-0.0005615144618786871,0.05918186157941818,time_out,0.9952499866485596,0.05000000074505806,-0.04211358353495598
uniform,0,7,26,999,1.0,1.0,0.03833895921707153,-0.003360304282978177,-0.000896081211976707,0.05768921226263046,time_out,0.9952499866485596,0.05000000074505806,-0.06720608472824097
uniform,0,7,27,999,1.0,1.0,0.03285178169608116,-0.003461880376562476,-0.000923168146982789,0.05731108412146568,time_out,0.9932500123977661,0.0625,-0.05539008602499962
uniform,0,7,28,999,1.0,1.0,0.040025267750024796,-0.003677352564409375,-0.000980627373792231,0.05960364267230034,time_out,0.9950000047683716,0.05000000074505806,-0.07354705035686493
uniform,0,7,29,999,1.0,1.0,0.029239360243082047,-0.0023072718176990747,-0.0006152724963612854,0.057505641132593155,time_out,0.9942499995231628,0.08749999850988388,-0.026368821039795876
uniform,0,7,30,999,1.0,1.0,0.02574530802667141,-0.0018536783754825592,-0.0004943142412230372,0.05824030563235283,time_out,0.9952499866485596,0.05000000074505806,-0.037073567509651184
uniform,0,7,31,999,1.0,1.0,0.031062213703989983,-0.002258480293676257,-0.0006022614543326199,0.06003301963210106,time_out,0.9950000047683716,0.0625,-0.036135684698820114
uniform,0,7,32,999,1.0,1.0,0.029620768502354622,-0.003138854168355465,-0.0008370277937501669,0.05753554776310921,time_out,0.9952499866485596,0.05000000074505806,-0.062777079641819
uniform,0,7,33,999,1.0,1.0,0.031371597200632095,-0.0013817393919453025,-0.00036846386501565576,0.057487718760967255,time_out,0.9922499656677246,0.07500000298023224,-0.018423190340399742
uniform,0,7,34,999,1.0,1.0,0.030501728877425194,-0.001923244446516037,-0.000512865197379142,0.058325234800577164,time_out,0.9909999966621399,0.08749999850988388,-0.021979937329888344
uniform,0,7,35,999,1.0,1.0,0.024912739172577858,-0.002915340941399336,-0.0007774243131279945,0.05951323360204697,time_out,0.9952499866485596,0.05000000074505806,-0.05830681696534157
uniform,0,7,36,999,1.0,1.0,0.03897452354431152,-0.004258887376636267,-0.0011357034090906382,0.05857842415571213,time_out,0.9952499866485596,0.05000000074505806,-0.08517774939537048
uniform,0,7,37,999,1.0,1.0,0.03839094191789627,-0.0034852582029998302,-0.0009294022456742823,0.05906486138701439,time_out,0.9905000329017639,0.07500000298023224,-0.04647010937333107
uniform,0,7,38,999,1.0,1.0,0.035435933619737625,-0.0038020212668925524,-0.0010138724464923143,0.056953780353069305,time_out,0.9952499866485596,0.05000000074505806,-0.07604042440652847
uniform,0,7,39,999,1.0,1.0,0.046466175466775894,-0.002249140525236726,-0.0005997708649374545,0.0571587011218071,time_out,0.9902499914169312,0.0625,-0.03598624840378761
uniform,0,7,40,999,1.0,1.0,0.03828139975667,-0.0013022657949477434,-0.0003472708922345191,0.0592658706009388,time_out,0.9934999942779541,0.08749999850988388,-0.014883037656545639
uniform,0,7,41,999,1.0,1.0,0.02743717096745968,-0.0017096406081691384,-0.0004559041990432888,0.05867402255535126,time_out,0.9894999861717224,0.10000000149011612,-0.01709640584886074
uniform,0,7,42,999,1.0,1.0,0.0436255969107151,-0.003219048259779811,-0.0008584129391238093,0.05902471765875816,time_out,0.9894999861717224,0.08750000596046448,-0.036789119243621826
uniform,0,7,43,999,1.0,1.0,0.02756793051958084,-0.0017773981671780348,-0.0004739728756248951,0.060392558574676514,time_out,0.9952499866485596,0.05000000074505806,-0.03554796427488327
uniform,0,7,44,999,1.0,1.0,0.03512601554393768,-0.0015557223232463002,-0.00041485929978080094,0.05910247564315796,time_out,0.9945000410079956,0.07500000298023224,-0.02074296399950981
uniform,0,7,45,999,1.0,1.0,0.022934097796678543,-0.0030976685229688883,-0.0008260449976660311,0.05795678123831749,time_out,0.9952499866485596,0.05000000074505806,-0.06195336952805519
uniform,0,7,46,999,1.0,1.0,0.020797142758965492,-0.0024328790605068207,-0.0006487678037956357,0.0581999309360981,time_out,0.9952499866485596,0.05000000074505806,-0.048657581210136414
uniform,0,7,47,999,1.0,1.0,0.026313168928027153,-0.002751401159912348,-0.0007337070419453084,0.05846136808395386,time_out,0.9950000047683716,0.05000000074505806,-0.05502802133560181
uniform,0,7,48,999,1.0,1.0,0.0303473062813282,-0.001384552801027894,-0.00036921410355716944,0.05906754732131958,time_out,0.9930000305175781,0.08749999850988388,-0.01582346111536026
uniform,0,7,49,999,1.0,1.0,0.03896758332848549,-0.0018474914832040668,-0.0004926644032821059,0.058187391608953476,time_out,0.9902499914169312,0.0625,-0.029559863731265068
uniform,0,7,50,999,1.0,1.0,0.03097371570765972,-0.0025380279403179884,-0.0006768074817955494,0.05901641398668289,time_out,0.9942499995231628,0.08749999850988388,-0.02900603413581848
uniform,0,7,51,999,1.0,1.0,0.021701911464333534,-0.0028527467511594296,-0.0007607325096614659,0.058341968804597855,time_out,0.9952499866485596,0.05000000074505806,-0.05705493316054344
uniform,0,7,52,999,1.0,1.0,0.03727025166153908,-0.0017007276182994246,-0.00045352737652137876,0.05588332191109657,time_out,0.9854999780654907,0.07500000298023224,-0.022676367312669754
uniform,0,7,53,999,1.0,1.0,0.022752901539206505,-0.0023063388653099537,-0.0006150237168185413,0.058439191430807114,time_out,0.9952499866485596,0.05000000074505806,-0.046126775443553925
uniform,0,7,54,999,1.0,1.0,0.03276204317808151,-0.0024895528331398964,-0.0006638807826675475,0.05803932622075081,time_out,0.9937499761581421,0.0625,-0.03983284533023834
uniform,0,7,55,999,1.0,1.0,0.03504455089569092,-0.0035023530945181847,-0.0009339608950540423,0.05842587351799011,time_out,0.9952499866485596,0.05000000074505806,-0.0700470581650734
uniform,0,7,56,999,1.0,1.0,0.02824246510863304,-0.0034220947418361902,-0.0009125586366280913,0.05803980305790901,time_out,0.9950000047683716,0.05000000074505806,-0.06844189018011093
uniform,0,7,57,999,1.0,1.0,0.03979168087244034,-0.0021436973474919796,-0.0005716526648029685,0.05905643105506897,time_out,0.9939999580383301,0.08750000596046448,-0.024499395862221718
uniform,0,7,58,999,1.0,1.0,0.04324144497513771,-0.0019063308136537671,-0.0005083549185656011,0.056662701070308685,time_out,0.9947500228881836,0.07500000298023224,-0.025417743250727654
uniform,0,7,59,999,1.0,1.0,0.027644023299217224,-0.0010927506955340505,-0.0002914002106990665,0.0576053112745285,time_out,0.9945000410079956,0.07500000298023224,-0.014570008963346481
uniform,0,7,60,999,1.0,1.0,0.052151020616292953,-0.0017374708550050855,-0.00046332558849826455,0.058711208403110504,time_out,0.9917500019073486,0.0625,-0.027799533680081367
uniform,0,7,61,999,1.0,1.0,0.04276974871754646,-0.0018412491772323847,-0.0004909997805953026,0.05888780206441879,time_out,0.9934999942779541,0.10000000149011612,-0.01841249130666256
uniform,0,7,62,999,1.0,1.0,0.03113330528140068,-0.0021092414390295744,-0.0005624644109047949,0.05779114365577698,time_out,0.9950000047683716,0.0625,-0.03374786302447319
uniform,0,7,63,999,1.0,1.0,0.03937146067619324,-0.001061356975696981,-0.000283028552075848,0.05875707045197487,time_out,0.9927500486373901,0.0625,-0.016981711611151695
uniform,0,7,64,999,1.0,1.0,0.04120783135294914,-0.003232288872823119,-0.0008619437576271594,0.05858946591615677,time_out,0.9950000047683716,0.0625,-0.05171662196516991
uniform,0,7,65,999,1.0,1.0,0.0215076245367527,-0.0018125299829989672,-0.00048334134044125676,0.05776488780975342,time_out,0.9947500228881836,0.07500000298023224,-0.02416706457734108
uniform,0,7,66,999,1.0,1.0,0.029280714690685272,-0.002871920820325613,-0.0007658455870114267,0.058713171631097794,time_out,0.9952499866485596,0.05000000074505806,-0.05743841454386711
uniform,0,7,67,999,1.0,1.0,0.026305822655558586,-0.00356941856443882,-0.0009518450242467225,0.05818331241607666,time_out,0.9950000047683716,0.0625,-0.05711069703102112
uniform,0,7,68,999,1.0,1.0,0.021997302770614624,-0.0018707726849243045,-0.0004988727159798145,0.05805163457989693,time_out,0.9952499866485596,0.05000000074505806,-0.03741545230150223
uniform,0,7,69,999,1.0,1.0,0.0281582809984684,-0.0028509446419775486,-0.0007602519472129643,0.05854218453168869,time_out,0.9907499551773071,0.10000000149011612,-0.02850944548845291
uniform,0,7,70,999,1.0,1.0,0.02941414713859558,-0.0013082815567031503,-0.0003488750953692943,0.05793697386980057,time_out,0.9924999475479126,0.0625,-0.020932504907250404
uniform,0,7,71,999,1.0,1.0,0.03233290836215019,-0.0020273916888982058,-0.0005406378186307847,0.058706458657979965,time_out,0.9952499866485596,0.05000000074505806,-0.04054783284664154
uniform,0,7,72,999,1.0,1.0,0.028000544756650925,-0.0014909531455487013,-0.0003975875151809305,0.05627270042896271,time_out,0.9952499866485596,0.05000000074505806,-0.02981906197965145
uniform,0,7,73,999,1.0,1.0,0.02641645446419716,-0.0028964707162231207,-0.0007723922026343644,0.05822217836976051,time_out,0.9952499866485596,0.05000000074505806,-0.05792941525578499
uniform,0,7,74,999,1.0,1.0,0.03598601371049881,-0.0018876114627346396,-0.0005033630877733231,0.057827312499284744,time_out,0.9952499866485596,0.05000000074505806,-0.03775222972035408
uniform,0,7,75,999,1.0,1.0,0.024945257231593132,-0.0025436056312173605,-0.0006782948621548712,0.05670846626162529,time_out,0.9952499866485596,0.05000000074505806,-0.050872113555669785
uniform,0,7,76,999,1.0,1.0,0.026261892169713974,-0.0025336213875561953,-0.0006756323855370283,0.05800030007958412,time_out,0.9952499866485596,0.05000000074505806,-0.05067242681980133
uniform,0,7,77,999,1.0,1.0,0.030424000695347786,-0.0017844497924670577,-0.0004758533032145351,0.05668783560395241,time_out,0.9952499866485596,0.05000000074505806,-0.03568899631500244
uniform,0,7,78,999,1.0,1.0,0.027969954535365105,-0.00137623050250113,-0.00036699482006952167,0.057175420224666595,time_out,0.9937499761581421,0.07500000298023224,-0.01834973879158497
uniform,0,7,79,999,1.0,1.0,0.04159637168049812,-0.0021775306668132544,-0.000580674852244556,0.05811431631445885,time_out,0.9919999837875366,0.07500000298023224,-0.029033740982413292
uniform,0,7,80,999,1.0,1.0,0.038929324597120285,-0.002722363220527768,-0.000725963560398668,0.05798357352614403,time_out,0.9952499866485596,0.05000000074505806,-0.05444726347923279
uniform,0,7,81,999,1.0,1.0,0.027018003165721893,-0.000969194807112217,-0.0002584519679658115,0.05895663797855377,time_out,0.9952499866485596,0.05000000074505806,-0.01938389614224434
uniform,0,7,82,999,1.0,1.0,0.03820762410759926,-0.002028432907536626,-0.000540915469173342,0.05703675001859665,time_out,0.9952499866485596,0.05000000074505806,-0.04056865721940994
uniform,0,7,83,999,1.0,1.0,0.04329809173941612,-0.004048471804708242,-0.0010795925045385957,0.05842176079750061,time_out,0.9950000047683716,0.0625,-0.06477554887533188
uniform,0,7,84,999,1.0,1.0,0.042889304459095,-0.0016553056193515658,-0.00044141485705040395,0.057260483503341675,time_out,0.9907499551773071,0.0625,-0.026484889909625053
uniform,0,7,85,999,1.0,1.0,0.02411680668592453,-0.0018838901305571198,-0.0005023707053624094,0.057870980352163315,time_out,0.9947500228881836,0.07500000298023224,-0.02511853352189064
uniform,0,7,86,999,1.0,1.0,0.020631084218621254,-0.0022037667222321033,-0.0005876711802557111,0.056950464844703674,time_out,0.9952499866485596,0.05000000074505806,-0.04407533258199692
uniform,0,7,87,999,1.0,1.0,0.030626878142356873,-0.002590656280517578,-0.0006908416980877519,0.057931169867515564,time_out,0.9939999580383301,0.08749999850988388,-0.02960750088095665
uniform,0,7,88,999,1.0,1.0,0.029542412608861923,-0.0028867139481008053,-0.0007697904366068542,0.059414803981781006,time_out,0.9952499866485596,0.05000000074505806,-0.057734277099370956
uniform,0,7,89,999,1.0,1.0,0.0315520316362381,-0.0030475095845758915,-0.0008126692846417427,0.05784919485449791,time_out,0.9952499866485596,0.05000000074505806,-0.06095018982887268
uniform,0,7,90,999,1.0,1.0,0.030866961926221848,-0.0028021882753819227,-0.0007472502184100449,0.05892261862754822,time_out,0.9950000047683716,0.0625,-0.044835012406110764
uniform,0,7,91,999,1.0,1.0,0.029665494337677956,-0.004786001052707434,-0.0012762669939547777,0.058540549129247665,time_out,0.9942499995231628,0.08749999850988388,-0.05469715595245361
uniform,0,7,92,999,1.0,1.0,0.0317043699324131,-0.006208630278706551,-0.0016556348418816924,0.05782092735171318,time_out,0.9950000047683716,0.0625,-0.09933808445930481
uniform,0,7,93,999,1.0,1.0,0.037178006023168564,-0.001529753440991044,-0.0004079342761542648,0.05780648812651634,time_out,0.9950000047683716,0.0625,-0.024476055055856705
uniform,0,7,94,999,1.0,1.0,0.03988001123070717,-0.0027703861705958843,-0.0007387697114609182,0.0566646046936512,time_out,0.9952499866485596,0.05000000074505806,-0.05540772154927254
uniform,0,7,95,999,1.0,1.0,0.043893877416849136,-0.002176334848627448,-0.000580355990678072,0.05833485350012779,time_out,0.9952499866485596,0.05000000074505806,-0.043526697903871536
uniform,0,7,96,999,1.0,1.0,0.03603239730000496,-0.004313616547733545,-0.0011502978159114718,0.05985669046640396,time_out,0.9952499866485596,0.05000000074505806,-0.08627232909202576
uniform,0,7,97,999,1.0,1.0,0.03057106025516987,-0.00190346734598279,-0.0005075912922620773,0.059026945382356644,time_out,0.9952499866485596,0.05000000074505806,-0.03806934505701065
uniform,0,7,98,999,1.0,1.0,0.020259611308574677,-0.0021111685782670975,-0.0005629783263429999,0.057870566844940186,time_out,0.9952499866485596,0.05000000074505806,-0.04222337156534195
uniform,0,7,99,999,1.0,1.0,0.029699603095650673,-0.0007486960967071354,-0.00019965230603702366,0.06147533282637596,time_out,0.9950000047683716,0.0625,-0.011979137547314167
uniform,0,0,0,999,0.3258431851863861,0.32651734352111816,0.1749369353055954,0.17221520841121674,0.6888608336448669,0.17314662039279938,time_out,0.8422499895095825,2.799999952316284,0.061505433171987534
uniform,0,0,1,999,0.18480916321277618,0.185624361038208,0.21622803807258606,0.21609285473823547,0.8643714189529419,0.16359364986419678,time_out,0.7695000171661377,3.4375,0.06286337226629257
uniform,0,0,2,999,0.20742574334144592,0.20821833610534668,0.2374780774116516,0.2373926043510437,0.9495704174041748,0.1892351359128952,time_out,0.809499979019165,3.299999952316284,0.07193715125322342
uniform,0,0,3,999,0.3384827971458435,0.3391443192958832,0.17176185548305511,0.16797813773155212,0.6719125509262085,0.1646774858236313,time_out,0.8220000267028809,2.9000000953674316,0.057923492044210434
uniform,0,0,4,999,0.22330644726753235,0.22408315539360046,0.21890735626220703,0.21878817677497864,0.8751527070999146,0.17321260273456573,time_out,0.815500020980835,3.2125000953674316,0.06810526549816132
uniform,0,0,5,999,0.21891240775585175,0.21969351172447205,0.20930060744285583,0.20735231041908264,0.8294092416763306,0.15795958042144775,time_out,0.7637500166893005,3.375,0.06143772229552269
uniform,0,0,6,999,0.1971094161272049,0.1979123204946518,0.22044426202774048,0.22029951214790344,0.8811980485916138,0.17397940158843994,time_out,0.7862499952316284,3.3499999046325684,0.06576105207204819
uniform,0,0,7,999,0.3304632902145386,0.33113282918930054,0.1864004284143448,0.1824267953634262,0.7297071814537048,0.1715375930070877,time_out,0.8377499580383301,2.75,0.06633701920509338
uniform,0,0,8,999,0.1764022409915924,0.17722585797309875,0.22575660049915314,0.22291332483291626,0.891653299331665,0.16230547428131104,time_out,0.7557500004768372,3.3375000953674316,0.06679050624370575
uniform,0,0,9,999,0.2556094527244568,0.25635382533073425,0.20574550330638885,0.20560628175735474,0.822425127029419,0.1741282045841217,time_out,0.812250018119812,3.1000001430511475,0.06632460653781891
uniform,0,0,10,999,0.30085790157318115,0.3015570640563965,0.2043198198080063,0.2041940987110138,0.8167763948440552,0.1642940491437912,time_out,0.7887500524520874,3.424999952316284,0.059618715196847916
uniform,0,0,11,999,0.19108867645263672,0.19189758598804474,0.2340981513261795,0.22982585430145264,0.9193034172058105,0.16934902966022491,time_out,0.7690000534057617,3.4624998569488525,0.06637570261955261
uniform,0,0,12,999,0.2530193626880646,0.25376635789871216,0.22352764010429382,0.22344225645065308,0.8937690258026123,0.16408514976501465,time_out,0.753250002861023,3.625,0.06163924187421799
uniform,0,0,13,999,0.215940922498703,0.21672499179840088,0.24581284821033478,0.24564288556575775,0.982571542263031,0.17185063660144806,time_out,0.7509999871253967,3.450000047683716,0.07120083272457123
uniform,0,0,14,999,0.25078967213630676,0.2515389025211334,0.20666050910949707,0.2039376199245453,0.8157504796981812,0.15847337245941162,time_out,0.7397500276565552,3.3499999046325684,0.06087690219283104
uniform,0,0,15,999,0.2856261730194092,0.2863405644893646,0.21526145935058594,0.21477006375789642,0.8590802550315857,0.1729753315448761,time_out,0.7857500314712524,3.3000001907348633,0.06508183479309082
uniform,0,0,16,999,0.23082919418811798,0.231598362326622,0.22525987029075623,0.22494113445281982,0.8997645378112793,0.18393400311470032,time_out,0.8322499990463257,3.0625,0.07345016300678253
uniform,0,0,17,999,0.24081957340240479,0.24157875776290894,0.2019203007221222,0.19986866414546967,0.7994746565818787,0.1565922498703003,time_out,0.7644999623298645,3.450000047683716,0.05793294683098793
uniform,0,0,18,999,0.2217428982257843,0.22252115607261658,0.21250349283218384,0.2086818814277649,0.8347275257110596,0.15903864800930023,time_out,0.7337499856948853,3.1624999046325684,0.06598636507987976
uniform,0,0,19,999,0.18080000579357147,0.18161921203136444,0.22563998401165009,0.22409042716026306,0.8963617086410522,0.17460983991622925,time_out,0.8134999871253967,3.299999952316284,0.06790619343519211
uniform,0,0,20,999,0.37068629264831543,0.3713156282901764,0.1672542691230774,0.16127516329288483,0.6451006531715393,0.17014475166797638,time_out,0.8462499976158142,2.75,0.05864551290869713
uniform,0,0,21,999,0.238687202334404,0.23944853246212006,0.20759865641593933,0.20739948749542236,0.8295979499816895,0.15760904550552368,time_out,0.7534999847412109,3.3499999046325684,0.061910297721624374
uniform,0,0,22,999,0.19350142776966095,0.19430793821811676,0.22607886791229248,0.22592730820178986,0.9037092328071594,0.16413447260856628,time_out,0.7412499785423279,3.424999952316284,0.06596417725086212
uniform,0,0,23,999,0.32478344440460205,0.32545867562294006,0.1749468296766281,0.17382459342479706,0.6952983736991882,0.16262412071228027,time_out,0.8270000219345093,3.0999999046325684,0.056072451174259186
uniform,0,0,24,999,0.3311424255371094,0.3318113088607788,0.1815059632062912,0.1783818155527115,0.713527262210846,0.17413625121116638,time_out,0.8410000205039978,2.8499999046325684,0.0625901147723198
uniform,0,0,25,999,0.34631291031837463,0.34696659445762634,0.18570087850093842,0.18506428599357605,0.7402571439743042,0.1752845048904419,time_out,0.8514999747276306,2.7750000953674316,0.06668983399868011
uniform,0,0,26,999,0.3152688145637512,0.3159535527229309,0.19820022583007812,0.1939249336719513,0.7756997346878052,0.16201865673065186,time_out,0.7867499589920044,3.1624999046325684,0.06132013723254204
uniform,0,0,27,999,0.18573901057243347,0.18655328452587128,0.24772584438323975,0.24710342288017273,0.9884136915206909,0.1655726283788681,time_out,0.7380000352859497,3.700000047683716,0.06678470969200134
uniform,0,0,28,999,0.2169884592294693,0.2177714854478836,0.22305916249752045,0.22009840607643127,0.8803936243057251,0.16382160782814026,time_out,0.7517499923706055,3.3499999046325684,0.06570101529359818
uniform,0,0,29,999,0.2584100067615509,0.2591516375541687,0.2055712789297104,0.19428707659244537,0.7771483063697815,0.17465969920158386,time_out,0.8264999985694885,2.9124999046325684,0.06670801341533661
uniform,0,0,30,999,0.1946130245923996,0.19541841745376587,0.22764046490192413,0.22747722268104553,0.9099088907241821,0.18640562891960144,time_out,0.812749981880188,3.1624999046325684,0.07192955911159515
uniform,0,0,31,999,0.36983659863471985,0.37046679854393005,0.17483438551425934,0.17235693335533142,0.6894277334213257,0.16325749456882477,time_out,0.8407500386238098,2.8625001907348633,0.06021202355623245
uniform,0,0,32,999,0.19162912666797638,0.19243751466274261,0.24190637469291687,0.24179834127426147,0.9671933650970459,0.18203291296958923,time_out,0.809499979019165,3.2750000953674316,0.07383155077695847
uniform,0,0,33,999,0.19692209362983704,0.19772517681121826,0.2624412775039673,0.26229429244995117,1.0491771697998047,0.16778706014156342,time_out,0.7212499976158142,3.612499952316284,0.07260742038488388
uniform,0,0,34,999,0.2899766266345978,0.2906866669654846,0.19229508936405182,0.1906147599220276,0.7624590396881104,0.17303913831710815,time_out,0.8327499628067017,2.987499952316284,0.06380410492420197
uniform,0,0,35,999,0.24796169996261597,0.24871376156806946,0.25542429089546204,0.25527364015579224,1.021094560623169,0.16988682746887207,time_out,0.7204999923706055,3.5374999046325684,0.07216215878725052
uniform,0,0,36,999,0.24051833152770996,0.24127782881259918,0.235251784324646,0.2350955307483673,0.9403821229934692,0.16200914978981018,time_out,0.7649999856948853,3.5250000953674316,0.06669376790523529
uniform,0,0,37,999,0.23721596598625183,0.2379787564277649,0.23615200817584991,0.2360372692346573,0.9441490769386292,0.172696053981781,time_out,0.7617499828338623,3.5500001907348633,0.06648936867713928
uniform,0,0,38,999,0.5589144825935364,0.559355616569519,0.13543251156806946,0.11994757503271103,0.4797903001308441,0.16569364070892334,time_out,0.8702499866485596,2.0250000953674316,0.05923336744308472
uniform,0,0,39,999,0.25355616211891174,0.25430262088775635,0.2713310420513153,0.2712221145629883,1.0848884582519531,0.1922447681427002,time_out,0.7747499942779541,3.4375,0.07890097796916962
uniform,0,0,40,999,0.253478080034256,0.25422462821006775,0.1964300125837326,0.1914909929037094,0.7659639716148376,0.1660008579492569,time_out,0.7987500429153442,3.1624999046325684,0.0605505146086216
uniform,0,0,41,999,0.3897671699523926,0.3903774321079254,0.1566789746284485,0.15484468638896942,0.6193787455558777,0.15955612063407898,time_out,0.8535000085830688,2.8000001907348633,0.05530166998505592
uniform,0,0,42,999,0.4003303647041321,0.4009300470352173,0.16303816437721252,0.15151962637901306,0.6060785055160522,0.16589608788490295,time_out,0.8462499976158142,2.637500047683716,0.05744819715619087
uniform,0,0,43,999,0.1676412671804428,0.16847364604473114,0.22279056906700134,0.222702756524086,0.890811026096344,0.182552769780159,time_out,0.8217499852180481,3.137500047683716,0.07098095864057541
uniform,0,0,44,999,0.4267018735408783,0.4272752106189728,0.15257778763771057,0.14713154733181,0.58852618932724,0.16560617089271545,time_out,0.8647500276565552,2.6125001907348633,0.056318290531635284
uniform,0,0,45,999,0.21815426647663116,0.21893611550331116,0.2651866674423218,0.26503294706344604,1.0601317882537842,0.17226406931877136,time_out,0.7222500443458557,3.512500047683716,0.0754542201757431
uniform,0,0,46,999,0.282774418592453,0.2834916412830353,0.21399356424808502,0.21347607672214508,0.8539043068885803,0.1785803586244583,time_out,0.8215000033378601,3.1000001430511475,0.06886325031518936
uniform,0,0,47,999,0.2600402235984802,0.2607801854610443,0.19454842805862427,0.19413277506828308,0.7765311002731323,0.17160554230213165,time_out,0.8332500457763672,3.0124998092651367,0.06444241851568222
uniform,0,0,48,999,0.27232804894447327,0.2730557322502136,0.2253594696521759,0.22512532770633698,0.9005013108253479,0.17468272149562836,time_out,0.7879999876022339,3.4124999046325684,0.06597079336643219
uniform,0,0,49,999,0.2847806513309479,0.28549590706825256,0.2355971783399582,0.23549003899097443,0.9419601559638977,0.16537082195281982,time_out,0.7450000047683716,3.487499952316284,0.0675240233540535
uniform,0,0,50,999,0.2885562777519226,0.28926774859428406,0.22195552289485931,0.21654389798641205,0.8661755919456482,0.1664394587278366,time_out,0.7804999947547913,3.3125,0.06537174433469772
uniform,0,0,51,999,0.26588281989097595,0.26661697030067444,0.19300231337547302,0.19235314428806305,0.7694125771522522,0.17011816799640656,time_out,0.8167500495910645,3.0625,0.06280919164419174
uniform,0,0,52,999,0.2231292575597763,0.22390614449977875,0.22338154911994934,0.2231956124305725,0.89278244972229,0.1630835235118866,time_out,0.7387500405311584,3.450000047683716,0.06469438225030899
uniform,0,0,53,999,0.3245672285556793,0.32524269819259644,0.1796102225780487,0.1746034175157547,0.6984136700630188,0.16040362417697906,time_out,0.8259999752044678,3.0250000953674316,0.057720135897397995
uniform,0,0,54,999,0.14859820902347565,0.14944961667060852,0.23320436477661133,0.23241783678531647,0.9296713471412659,0.17905741930007935,time_out,0.8147499561309814,3.3625001907348633,0.06912054121494293
uniform,0,0,55,999,0.20171581208705902,0.20251411199569702,0.2171579897403717,0.21448899805545807,0.8579559922218323,0.16483725607395172,time_out,0.7592500448226929,3.3125,0.06475139409303665
uniform,0,0,56,999,0.3292883038520813,0.32995903491973877,0.1870502233505249,0.18628883361816406,0.7451553344726562,0.1724473088979721,time_out,0.8377499580383301,3.075000047683716,0.06058173254132271
uniform,0,0,57,999,0.1760796308517456,0.17690356075763702,0.2361093908548355,0.23591794073581696,0.9436717629432678,0.16511653363704681,time_out,0.7447500228881836,3.512500047683716,0.06716524809598923
uniform,0,0,58,999,0.2294454574584961,0.23021602630615234,0.2563283443450928,0.2561822235584259,1.0247288942337036,0.17265745997428894,time_out,0.731499969959259,3.5,0.07319492101669312
uniform,0,0,59,999,0.2828933000564575,0.28361043334007263,0.18646734952926636,0.1829751431941986,0.7319005727767944,0.17026108503341675,time_out,0.8287500143051147,3.0625,0.059746984392404556
uniform,0,0,60,999,0.22536759078502655,0.22614224255084991,0.2807476222515106,0.2806028127670288,1.1224112510681152,0.17514358460903168,time_out,0.734000027179718,3.5999999046325684,0.07794522494077682
uniform,0,0,61,999,0.3215550184249878,0.3222334682941437,0.17431388795375824,0.17314569652080536,0.6925827860832214,0.15908603370189667,time_out,0.8355000019073486,3.0375001430511475,0.05700269713997841
uniform,0,0,62,999,0.3495718240737915,0.35022228956222534,0.19587548077106476,0.19576582312583923,0.7830632925033569,0.1600295603275299,time_out,0.7820000052452087,3.375,0.05800468847155571
uniform,0,0,63,999,0.263746052980423,0.264482319355011,0.20335689187049866,0.20317517220973969,0.8127006888389587,0.1675349473953247,time_out,0.8002499938011169,3.325000047683716,0.06110531464219093
uniform,0,0,64,999,0.26539257168769836,0.26612716913223267,0.2475539594888687,0.24413801729679108,0.9765520691871643,0.17041628062725067,time_out,0.7479999661445618,3.4499998092651367,0.07076464593410492
uniform,0,0,65,999,0.3003309965133667,0.301030695438385,0.18206317722797394,0.18142463266849518,0.7256985306739807,0.17724448442459106,time_out,0.8450000286102295,2.875,0.06310421973466873
uniform,0,0,66,999,0.15779875218868256,0.15864096581935883,0.23188118636608124,0.23152737319469452,0.9261094927787781,0.1698700338602066,time_out,0.7689999938011169,3.5,0.06615068018436432
uniform,0,0,67,999,0.19223184883594513,0.19303962588310242,0.24465548992156982,0.24451790750026703,0.9780716300010681,0.1663268804550171,time_out,0.7152500152587891,3.4124999046325684,0.07165360450744629
uniform,0,0,68,999,0.21987681090831757,0.22065694630146027,0.20837323367595673,0.2040615677833557,0.8162462711334229,0.16817836463451385,time_out,0.8102499842643738,3.1125001907348633,0.065561942756176
uniform,0,0,69,999,0.17881567776203156,0.1796368658542633,0.2423853725194931,0.24220988154411316,0.9688395261764526,0.16995741426944733,time_out,0.7397500276565552,3.4124999046325684,0.07097725570201874
uniform,0,0,70,999,0.16676777601242065,0.16760101914405823,0.24530617892742157,0.2451586276292801,0.9806345105171204,0.16573189198970795,time_out,0.7229999899864197,3.4375,0.07131887227296829
uniform,0,0,71,999,0.3466005325317383,0.3472539484500885,0.17110447585582733,0.16938310861587524,0.677532434463501,0.1687060445547104,time_out,0.8492499589920044,2.7125000953674316,0.06244538351893425
uniform,0,0,72,999,0.3618260324001312,0.36246421933174133,0.1838763803243637,0.18211421370506287,0.7284568548202515,0.16012102365493774,time_out,0.8042500019073486,3.1624999046325684,0.057585522532463074
uniform,0,0,73,999,0.2861778736114502,0.2868916988372803,0.19134512543678284,0.1889173686504364,0.7556694746017456,0.15831568837165833,time_out,0.7954999804496765,3.2375001907348633,0.05835285037755966
uniform,0,0,74,999,0.2500818073749542,0.2508317232131958,0.20205672085285187,0.2006116360425949,0.8024465441703796,0.17542944848537445,time_out,0.8364999890327454,2.987499952316284,0.06715033948421478
uniform,0,0,75,999,0.21831834316253662,0.21910002827644348,0.20947352051734924,0.20898929238319397,0.8359571695327759,0.1806768774986267,time_out,0.8219999670982361,3.25,0.0643043965101242
uniform,0,0,76,999,0.3485819101333618,0.34923335909843445,0.1996128112077713,0.19911664724349976,0.796466588973999,0.17384962737560272,time_out,0.8220000267028809,3.1624999046325684,0.06296178698539734
uniform,0,0,77,999,0.19492191076278687,0.19572700560092926,0.2220500409603119,0.22187557816505432,0.8875023126602173,0.171497642993927,time_out,0.7942500114440918,3.3499999046325684,0.06623151898384094
uniform,0,0,78,999,0.3117953836917877,0.31248360872268677,0.17957575619220734,0.17909051477909088,0.7163620591163635,0.1552867740392685,time_out,0.7829999923706055,3.2874999046325684,0.05447620525956154
uniform,0,0,79,999,0.15382277965545654,0.15466897189617157,0.2355085164308548,0.2353922575712204,0.9415690302848816,0.18278180062770844,time_out,0.8052499890327454,3.2750000953674316,0.07187549769878387
uniform,0,0,80,999,0.3484886884689331,0.3491402268409729,0.18837657570838928,0.1880963146686554,0.7523852586746216,0.16945528984069824,time_out,0.8174999952316284,3.0375001430511475,0.061924710869789124
uniform,0,0,81,999,0.2412896305322647,0.24204835295677185,0.2281995266675949,0.22802624106407166,0.9121049642562866,0.16907289624214172,time_out,0.7612500190734863,3.3999998569488525,0.06706654280424118
uniform,0,0,82,999,0.21181431412696838,0.21260249614715576,0.25062835216522217,0.2504276931285858,1.0017107725143433,0.18173348903656006,time_out,0.7777500152587891,3.3375000953674316,0.07503451406955719
uniform,0,0,83,999,0.3230396807193756,0.3237166702747345,0.17517653107643127,0.17173784971237183,0.6869513988494873,0.16380982100963593,time_out,0.8427500128746033,3.0124998092651367,0.057008419185876846
uniform,0,0,84,999,0.219346284866333,0.2201269418001175,0.20984838902950287,0.2055993527173996,0.8223974108695984,0.16343846917152405,time_out,0.7737500071525574,3.2875001430511475,0.0625397264957428
uniform,0,0,85,999,0.26812297105789185,0.26885485649108887,0.20679616928100586,0.2063090056180954,0.8252360224723816,0.16320277750492096,time_out,0.7879999876022339,3.3125,0.06228196248412132
uniform,0,0,86,999,0.3652767539024353,0.36591148376464844,0.1659351885318756,0.16385312378406525,0.655412495136261,0.16459116339683533,time_out,0.8262500166893005,2.6875,0.06096860393881798
uniform,0,0,87,999,0.5644574165344238,0.5648929476737976,0.12764228880405426,0.11745811253786087,0.4698324501514435,0.16150982677936554,time_out,0.8797500133514404,1.899999976158142,0.06182006001472473
uniform,0,0,88,999,0.32355010509490967,0.32422658801078796,0.18111875653266907,0.17638646066188812,0.7055458426475525,0.1699085831642151,time_out,0.844499945640564,2.75,0.06414052844047546
uniform,0,0,89,999,0.20926548540592194,0.21005623042583466,0.2585497498512268,0.25840437412261963,1.0336174964904785,0.171030655503273,time_out,0.7357499599456787,3.5625,0.07253456115722656
uniform,0,0,90,999,0.21608638763427734,0.21687030792236328,0.21097271144390106,0.20953816175460815,0.8381526470184326,0.17582246661186218,time_out,0.7902500033378601,3.262500047683716,0.06422625482082367
uniform,0,0,91,999,0.2481832504272461,0.24893508851528168,0.2540295124053955,0.2537398636341095,1.014959454536438,0.17033831775188446,time_out,0.7419999837875366,3.5500001907348633,0.07147601246833801
uniform,0,0,92,999,0.2668335437774658,0.2675667107105255,0.21276111900806427,0.21200545132160187,0.8480218052864075,0.16192936897277832,time_out,0.7509999871253967,3.362499952316284,0.06304994970560074
uniform,0,0,93,999,0.2072153240442276,0.20800811052322388,0.24571311473846436,0.2455803006887436,0.9823212027549744,0.17046718299388885,time_out,0.7382499575614929,3.549999952316284,0.0691775530576706
uniform,0,0,94,999,0.25029516220092773,0.2510448694229126,0.20637649297714233,0.20386183261871338,0.8154473304748535,0.1579623818397522,time_out,0.7660000324249268,3.362499952316284,0.06062805652618408
uniform,0,0,95,999,0.255611389875412,0.25635579228401184,0.19212672114372253,0.1918124109506607,0.7672496438026428,0.16848261654376984,time_out,0.8272500038146973,3.0,0.0639374703168869
uniform,0,0,96,999,0.2849181890487671,0.28563329577445984,0.24415910243988037,0.24398687481880188,0.9759474992752075,0.17288854718208313,time_out,0.7654999494552612,3.450000047683716,0.07072082906961441
uniform,0,0,97,999,0.33310070633888245,0.3337676227092743,0.17184989154338837,0.16981469094753265,0.6792587637901306,0.15373313426971436,time_out,0.7914999723434448,3.174999952316284,0.05348494276404381
uniform,0,0,98,999,0.2913248538970947,0.2920335531234741,0.2058836966753006,0.20540620386600494,0.8216248154640198,0.16367311775684357,time_out,0.7854999899864197,3.3125,0.06200942024588585
uniform,0,0,99,999,0.2215997874736786,0.2223781943321228,0.23181597888469696,0.23165762424468994,0.9266304969787598,0.16492876410484314,time_out,0.7294999957084656,3.4000000953674316,0.06813459098339081
uniform,0,1,0,999,0.0735030546784401,0.07442955672740936,0.7451353073120117,0.7450395226478577,0.9933860301971436,0.38613149523735046,time_out,0.6684999465942383,4.162500381469727,0.17898845672607422
uniform,0,1,1,999,0.10756327211856842,0.10845571756362915,0.785531222820282,0.7854628562927246,1.0472838878631592,0.33822643756866455,time_out,0.5827500224113464,4.275000095367432,0.1837339997291565
uniform,0,1,2,999,0.08055676519870758,0.08147621899843216,0.777042031288147,0.776961088180542,1.0359481573104858,0.38767367601394653,time_out,0.6582499742507935,4.199999809265137,0.1849907487630844
uniform,0,1,3,999,0.08061223477125168,0.08153162896633148,0.7631908655166626,0.7631025314331055,1.017470121383667,0.36844098567962646,time_out,0.6342499852180481,4.1875,0.18223343789577484
uniform,0,1,4,999,0.08946752548217773,0.0903780609369278,0.7759507894515991,0.7759087085723877,1.0345449447631836,0.3696640133857727,time_out,0.6315000057220459,4.212499618530273,0.1841920018196106
uniform,0,1,5,999,0.12553812563419342,0.12641260027885437,0.7983286380767822,0.7982242107391357,1.0642989873886108,0.33416470885276794,time_out,0.574999988079071,4.3125,0.18509547412395477
uniform,0,1,6,999,0.09900829195976257,0.09990929067134857,0.7957000136375427,0.7956474423408508,1.0608632564544678,0.35935473442077637,time_out,0.609250009059906,4.224999904632568,0.18831892311573029
uniform,0,1,7,999,0.07164245843887329,0.07257082313299179,0.7539483308792114,0.7538955807685852,1.0051941871643066,0.3811245262622833,time_out,0.6620000004768372,4.175000190734863,0.18057377636432648
uniform,0,1,8,999,0.14120039343833923,0.14205919206142426,0.8283764719963074,0.8282831311225891,1.1043775081634521,0.3373551666736603,time_out,0.5690000057220459,4.375,0.1893218606710434
uniform,0,1,9,999,0.0825914740562439,0.08350888639688492,0.775188148021698,0.7751608490943909,1.0335478782653809,0.37357258796691895,time_out,0.6402499675750732,4.1875,0.18511304259300232
uniform,0,1,10,999,0.10537132620811462,0.10626595467329025,0.7850124835968018,0.7849425673484802,1.0465900897979736,0.345294713973999,time_out,0.5962499976158142,4.262499809265137,0.18415075540542603
uniform,0,1,11,999,0.10904897749423981,0.10993993282318115,0.7886806726455688,0.7886468768119812,1.0515291690826416,0.34549403190612793,time_out,0.5957499742507935,4.25,0.18556396663188934
uniform,0,1,12,999,0.11986434459686279,0.120744489133358,0.7919619083404541,0.7919235825538635,1.0558981895446777,0.3365689814090729,time_out,0.5799999833106995,4.3125,0.1836344599723816
uniform,0,1,13,999,0.11956047266721725,0.12044091522693634,0.8005963563919067,0.800514280796051,1.0673524141311646,0.3451637923717499,time_out,0.5852500200271606,4.300000190734863,0.18616610765457153
uniform,0,1,14,999,0.1348896473646164,0.1357547640800476,0.7953633666038513,0.7953038215637207,1.0604051351547241,0.3255508542060852,time_out,0.5682500004768372,4.337500095367432,0.18335534632205963
uniform,0,1,15,999,0.09552820771932602,0.09643268585205078,0.7749029994010925,0.7748861908912659,1.0331816673278809,0.3581170439720154,time_out,0.6150000095367432,4.224999904632568,0.18340502679347992
uniform,0,1,16,999,0.09482963383197784,0.09573480486869812,0.7856320142745972,0.7855947613716125,1.0474597215652466,0.38851845264434814,time_out,0.6657500267028809,4.175000190734863,0.18816639482975006
uniform,0,1,17,999,0.13593775033950806,0.1368018239736557,0.8210457563400269,0.8209956288337708,1.0946608781814575,0.3354734480381012,time_out,0.5699999928474426,4.349999904632568,0.18873463571071625
uniform,0,1,18,999,0.1368308663368225,0.13769403100013733,0.8235750198364258,0.8234957456588745,1.097994327545166,0.32664623856544495,time_out,0.5562499761581421,4.412500381469727,0.18662790954113007
uniform,0,1,19,999,0.10972926020622253,0.11061953753232956,0.7938622832298279,0.7937667369842529,1.058355689048767,0.3718069791793823,time_out,0.6422499418258667,4.212499618530273,0.1884312927722931
uniform,0,1,20,999,0.06308464705944061,0.06402156502008438,0.7523477077484131,0.7523015737533569,1.0030688047409058,0.3859434425830841,time_out,0.6577500104904175,4.175000190734863,0.1801919788122177
uniform,0,1,21,999,0.12962841987609863,0.13049879670143127,0.7812252044677734,0.7811839580535889,1.0415786504745483,0.3239869475364685,time_out,0.5740000009536743,4.3125,0.1811441034078598
uniform,0,1,22,999,0.14973050355911255,0.15058079361915588,0.8307369351387024,0.8306837677955627,1.1075783967971802,0.33154064416885376,time_out,0.565750002861023,4.412500381469727,0.18825693428516388
uniform,0,1,23,999,0.08818601816892624,0.08909783512353897,0.7798597812652588,0.7798020243644714,1.039736032485962,0.3584592044353485,time_out,0.6165000200271606,4.237500190734863,0.18402406573295593
uniform,0,1,24,999,0.07845069468021393,0.07937224954366684,0.7394310832023621,0.739379346370697,0.9858391284942627,0.3878733515739441,time_out,0.6669999957084656,4.137499809265137,0.1787019670009613
uniform,0,1,25,999,0.07448246330022812,0.0754079818725586,0.76735919713974,0.7673033475875854,1.0230711698532104,0.39003390073776245,time_out,0.6655000448226929,4.1875,0.18323661386966705
uniform,0,1,26,999,0.10195212066173553,0.10285016894340515,0.7942771911621094,0.7942505478858948,1.0590007305145264,0.3451085388660431,time_out,0.5947499871253967,4.262499809265137,0.18633444607257843
uniform,0,1,27,999,0.14028435945510864,0.14114408195018768,0.8150412440299988,0.8149917721748352,1.0866557359695435,0.3317740261554718,time_out,0.5694999694824219,4.349999904632568,0.1873544305562973
uniform,0,1,28,999,0.12420372664928436,0.12507952749729156,0.8102542757987976,0.8101862668991089,1.0802483558654785,0.33856135606765747,time_out,0.581250011920929,4.324999809265137,0.1873263120651245
uniform,0,1,29,999,0.07690467685461044,0.07782778143882751,0.7531232833862305,0.7530710101127625,1.0040947198867798,0.3817070722579956,time_out,0.6599999666213989,4.150000095367432,0.18146288394927979
uniform,0,1,30,999,0.08611040562391281,0.08702429383993149,0.7826253771781921,0.7825777530670166,1.0434370040893555,0.38825899362564087,time_out,0.6627500057220459,4.1875,0.18688423931598663
uniform,0,1,31,999,0.08730985224246979,0.08822254836559296,0.7716161012649536,0.7715439796447754,1.0287253856658936,0.37327682971954346,time_out,0.643750011920929,4.199999809265137,0.18370094895362854
uniform,0,1,32,999,0.09121203422546387,0.09212082624435425,0.7694552540779114,0.7694133520126343,1.0258845090866089,0.3694426119327545,time_out,0.6525000333786011,4.162500381469727,0.1848440319299698
uniform,0,1,33,999,0.13083156943321228,0.13170075416564941,0.8004887104034424,0.800382673740387,1.0671769380569458,0.32718825340270996,time_out,0.5684999823570251,4.337499618530273,0.18452627956867218
uniform,0,1,34,999,0.0865553468465805,0.08746879547834396,0.780644953250885,0.7805666923522949,1.0407556295394897,0.39061543345451355,time_out,0.656749963760376,4.199999809265137,0.18584921956062317
uniform,0,1,35,999,0.12241895496845245,0.12329654395580292,0.8122422695159912,0.8122055530548096,1.0829408168792725,0.3323129415512085,time_out,0.5665000081062317,4.375,0.18564698100090027
uniform,0,1,36,999,0.13958707451820374,0.1404474973678589,0.8234975337982178,0.8234524726867676,1.0979366302490234,0.33671629428863525,time_out,0.5792500376701355,4.349999904632568,0.18929941952228546
uniform,0,1,37,999,0.11692030727863312,0.11780339479446411,0.8028241991996765,0.8027517795562744,1.0703357458114624,0.34801405668258667,time_out,0.5917500257492065,4.25,0.1888827681541443
uniform,0,1,38,999,0.06807264685630798,0.06900458037853241,0.7481300830841064,0.7480617165565491,0.9974156618118286,0.39202213287353516,time_out,0.6717499494552612,4.150000095367432,0.18025583028793335
uniform,0,1,39,999,0.09056209027767181,0.09147153049707413,0.7846817970275879,0.7846136689186096,1.0461516380310059,0.3745264708995819,time_out,0.6399999856948853,4.162500381469727,0.18849575519561768
uniform,0,1,40,999,0.10347556322813034,0.10437209159135818,0.7959179282188416,0.7958624362945557,1.0611499547958374,0.3626576066017151,time_out,0.6097500324249268,4.224999904632568,0.18836981058120728
uniform,0,1,41,999,0.0918121263384819,0.09272031486034393,0.7819891571998596,0.7819450497627258,1.0425934791564941,0.37064090371131897,time_out,0.6367499828338623,4.224999904632568,0.1850757598876953
uniform,0,1,42,999,0.06557278335094452,0.06650721281766891,0.7609597444534302,0.7608883380889893,1.0145177841186523,0.3878017067909241,time_out,0.6587499976158142,4.1875,0.18170468509197235
uniform,0,1,43,999,0.07752560079097748,0.07844807952642441,0.7660347819328308,0.765986442565918,1.021315336227417,0.3894672095775604,time_out,0.6625000238418579,4.150000095367432,0.18457503616809845
uniform,0,1,44,999,0.059956833720207214,0.06089688092470169,0.7524856925010681,0.7524547576904297,1.0032730102539062,0.39325183629989624,time_out,0.6652499437332153,4.175000190734863,0.18022868037223816
uniform,0,1,45,999,0.13265416026115417,0.13352151215076447,0.8171440362930298,0.8170817494392395,1.0894423723220825,0.33534130454063416,time_out,0.5684999823570251,4.362500190734863,0.18729667365550995
uniform,0,1,46,999,0.07904425263404846,0.07996521145105362,0.7683079838752747,0.7682692408561707,1.0243589878082275,0.3806068003177643,time_out,0.652999997138977,4.175000190734863,0.18401657044887543
uniform,0,1,47,999,0.08759887516498566,0.08851128071546555,0.7777807712554932,0.7777488827705383,1.0369985103607178,0.380510151386261,time_out,0.6499999761581421,4.25,0.18299973011016846
uniform,0,1,48,999,0.08763148635625839,0.0885438546538353,0.7750890254974365,0.7750044465065002,1.033339262008667,0.35885509848594666,time_out,0.6195000410079956,4.25,0.18235398828983307
uniform,0,1,49,999,0.13503322005271912,0.13589820265769958,0.8144278526306152,0.8143466711044312,1.0857956409454346,0.3364863395690918,time_out,0.5702500343322754,4.362500190734863,0.18666972219944
uniform,0,1,50,999,0.10281839221715927,0.10371558368206024,0.7898266315460205,0.7897694706916809,1.0530259609222412,0.34740445017814636,time_out,0.5972499847412109,4.25,0.1858281046152115
uniform,0,1,51,999,0.09186708182096481,0.09277521818876266,0.7878202199935913,0.7878026366233826,1.0504035949707031,0.3811088800430298,time_out,0.6427500247955322,4.224999904632568,0.1864621639251709
uniform,0,1,52,999,0.11396308243274689,0.11484912782907486,0.8068347573280334,0.806771457195282,1.075695276260376,0.3332083523273468,time_out,0.5709999799728394,4.349999904632568,0.18546470999717712
uniform,0,1,53,999,0.0946420356631279,0.0955474004149437,0.7709134221076965,0.7708696722984314,1.0278263092041016,0.3572200834751129,time_out,0.6177499890327454,4.212499618530273,0.1829957813024521
uniform,0,1,54,999,0.09662549197673798,0.09752887487411499,0.7807608842849731,0.7807072401046753,1.0409430265426636,0.3754124343395233,time_out,0.6572500467300415,4.162500381469727,0.18755728006362915
uniform,0,1,55,999,0.13406623899936676,0.13493217527866364,0.8069401383399963,0.8068943023681641,1.0758590698242188,0.33473625779151917,time_out,0.5724999904632568,4.300000190734863,0.18764983117580414
uniform,0,1,56,999,0.06896218657493591,0.0698932334780693,0.7619194388389587,0.7618726491928101,1.0158302783966064,0.3826183080673218,time_out,0.659500002861023,4.162500381469727,0.18303245306015015
uniform,0,1,57,999,0.13027378916740417,0.1311435103416443,0.8128314018249512,0.8127657771110535,1.0836877822875977,0.3334101736545563,time_out,0.5702500343322754,4.349999904632568,0.18684270977973938
uniform,0,1,58,999,0.12026714533567429,0.12114688754081726,0.7984431385993958,0.7984078526496887,1.0645438432693481,0.3345450460910797,time_out,0.5729999542236328,4.324999809265137,0.18460297584533691
uniform,0,1,59,999,0.09153090417385101,0.09243938326835632,0.7608962655067444,0.7591933608055115,1.0122578144073486,0.3758845329284668,time_out,0.656499981880188,4.162500381469727,0.1823887825012207
uniform,0,1,60,999,0.14953932166099548,0.15038979053497314,0.8278602361679077,0.8277736306190491,1.1036982536315918,0.3384105861186981,time_out,0.5747500061988831,4.324999809265137,0.19139274954795837
uniform,0,1,61,999,0.10443412512540817,0.10532969236373901,0.7820316553115845,0.7819761037826538,1.0426348447799683,0.3634255826473236,time_out,0.6307500004768372,4.224999904632568,0.18508310616016388
uniform,0,1,62,999,0.1167665421962738,0.11764977872371674,0.7906949520111084,0.7905918955802917,1.0541225671768188,0.3403473198413849,time_out,0.5885000228881836,4.300000190734863,0.18385857343673706
uniform,0,1,63,999,0.08519082516431808,0.08610563725233078,0.7734705805778503,0.7734374403953552,1.03125,0.35327398777008057,time_out,0.6087499856948853,4.224999904632568,0.1830621212720871
uniform,0,1,64,999,0.11780001223087311,0.11868222057819366,0.8107442259788513,0.8106458783149719,1.080861210823059,0.34038156270980835,time_out,0.5805000066757202,4.324999809265137,0.18743258714675903
uniform,0,1,65,999,0.05524164065718651,0.05618640035390854,0.7531661987304688,0.7530958652496338,1.004127860069275,0.391859769821167,time_out,0.6735000014305115,4.175000190734863,0.18038223683834076
uniform,0,1,66,999,0.09260135889053345,0.0935087651014328,0.7770627737045288,0.7770277857780457,1.0360370874404907,0.3469396233558655,time_out,0.593999981880188,4.212499618530273,0.18445764482021332
uniform,0,1,67,999,0.14735440909862518,0.14820706844329834,0.8317075967788696,0.8316037654876709,1.1088050603866577,0.3286552429199219,time_out,0.5554999709129333,4.400000095367432,0.18900084495544434
uniform,0,1,68,999,0.09219196438789368,0.09309977293014526,0.7688639760017395,0.7688247561454773,1.025099754333496,0.3676593601703644,time_out,0.6395000219345093,4.199999809265137,0.18305352330207825
uniform,0,1,69,999,0.12454508244991302,0.12542054057121277,0.8100247979164124,0.8099713325500488,1.0799617767333984,0.3349349796772003,time_out,0.5740000009536743,4.349999904632568,0.1862003058195114
uniform,0,1,70,999,0.15694914758205414,0.15779221057891846,0.8347286581993103,0.8346984386444092,1.112931251525879,0.3314365744590759,time_out,0.5575000047683716,4.400000095367432,0.18970417976379395
uniform,0,1,71,999,0.07603271305561066,0.07695668190717697,0.76825350522995,0.7682260870933533,1.024301528930664,0.3852848410606384,time_out,0.6579999923706055,4.199999809265137,0.1829109787940979
uniform,0,1,72,999,0.11585521697998047,0.11673936992883682,0.7979468107223511,0.7979109287261963,1.063881278038025,0.3457077145576477,time_out,0.593999981880188,4.287500381469727,0.18610166013240814
uniform,0,1,73,999,0.11629751324653625,0.1171812191605568,0.7988454103469849,0.7987648248672485,1.0650198459625244,0.3503204882144928,time_out,0.5947499871253967,4.262499809265137,0.18739351630210876
uniform,0,1,74,999,0.07827836275100708,0.07920008152723312,0.7539591193199158,0.7539057731628418,1.0052077770233154,0.3780629336833954,time_out,0.6607500314712524,4.162500381469727,0.18111848831176758
uniform,0,1,75,999,0.06939954310655594,0.07033015042543411,0.7590095400810242,0.7589425444602966,1.0119234323501587,0.3884963393211365,time_out,0.6642500162124634,4.162500381469727,0.18232852220535278
uniform,0,1,76,999,0.0762953907251358,0.07721909880638123,0.7620047926902771,0.7619574069976807,1.0159432888031006,0.36797550320625305,time_out,0.6389999985694885,4.175000190734863,0.18250475823879242
uniform,0,1,77,999,0.124657541513443,0.12553289532661438,0.7784273624420166,0.7784130573272705,1.0378841161727905,0.35491037368774414,time_out,0.625499963760376,4.1875,0.18588969111442566
uniform,0,1,78,999,0.11606647074222565,0.11695040762424469,0.8029913306236267,0.8029037714004517,1.0705384016036987,0.3343750536441803,time_out,0.5782500505447388,4.349999904632568,0.18457558751106262
uniform,0,1,79,999,0.09267798066139221,0.0935853123664856,0.7875611186027527,0.7875102162361145,1.0500136613845825,0.3782637417316437,time_out,0.6487500071525574,4.1875,0.1880621463060379
uniform,0,1,80,999,0.09324723482131958,0.0941539853811264,0.760188102722168,0.7601409554481506,1.0135213136672974,0.36326953768730164,time_out,0.6352499723434448,4.212499618530273,0.18044890463352203
uniform,0,1,81,999,0.11554175615310669,0.11642622202634811,0.8074659109115601,0.8073803782463074,1.0765072107315063,0.3478594422340393,time_out,0.5884999632835388,4.300000190734863,0.18776287138462067
uniform,0,1,82,999,0.10625563561916351,0.1071493849158287,0.7874047160148621,0.7873653769493103,1.0498205423355103,0.3654531240463257,time_out,0.6257500052452087,4.212499618530273,0.1869116723537445
uniform,0,1,83,999,0.09648504108190536,0.09738856554031372,0.7897650599479675,0.7897274494171143,1.0529699325561523,0.3749440014362335,time_out,0.6384999752044678,4.224999904632568,0.1869177371263504
uniform,0,1,84,999,0.10726518929004669,0.1081579253077507,0.7778464555740356,0.7777655124664307,1.0370206832885742,0.34015339612960815,time_out,0.594499945640564,4.25,0.18300364911556244
uniform,0,1,85,999,0.11449848860502243,0.11538399010896683,0.7997177839279175,0.7996711134910583,1.0662281513214111,0.3421153724193573,time_out,0.5887500047683716,4.287500381469727,0.18651220202445984
uniform,0,1,86,999,0.07793397456407547,0.07885604351758957,0.7602272629737854,0.760184109210968,1.0135788917541504,0.36632534861564636,time_out,0.6352499723434448,4.175000190734863,0.18208001554012299
uniform,0,1,87,999,0.07985463738441467,0.08077478408813477,0.7471811771392822,0.7471187710762024,0.9961583614349365,0.3861319422721863,time_out,0.6677500009536743,4.162500381469727,0.17948797345161438
uniform,0,1,88,999,0.0950591191649437,0.09596405923366547,0.7594189643859863,0.7593987584114075,1.0125317573547363,0.37989065051078796,time_out,0.6644999980926514,4.175000190734863,0.18189190328121185
uniform,0,1,89,999,0.13966718316078186,0.14052751660346985,0.826337456703186,0.8262460827827454,1.1016614437103271,0.3369739353656769,time_out,0.5695000290870667,4.349999904632568,0.1899416297674179
uniform,0,1,90,999,0.08909700810909271,0.09000791609287262,0.7651244401931763,0.7650744318962097,1.0200992822647095,0.3606678247451782,time_out,0.6265000104904175,4.199999809265137,0.18216058611869812
uniform,0,1,91,999,0.11381830275058746,0.11470448970794678,0.796567440032959,0.7964678406715393,1.0619571208953857,0.3350391387939453,time_out,0.5857499837875366,4.3125,0.18468819558620453
uniform,0,1,92,999,0.13966555893421173,0.1405259072780609,0.825259268283844,0.8252097964286804,1.1002798080444336,0.3388412594795227,time_out,0.5690000057220459,4.362500190734863,0.1891598254442215
uniform,0,1,93,999,0.13493146002292633,0.13579653203487396,0.8210927844047546,0.8210265040397644,1.0947020053863525,0.3424938917160034,time_out,0.5779999494552612,4.324999809265137,0.18983273208141327
uniform,0,1,94,999,0.12067361176013947,0.12155294418334961,0.8053309321403503,0.8052456378936768,1.0736608505249023,0.3390962779521942,time_out,0.5817500352859497,4.3125,0.18672361969947815
uniform,0,1,95,999,0.09988873451948166,0.10078885406255722,0.7734605669975281,0.7734171748161316,1.031222939491272,0.3674301207065582,time_out,0.6349999904632568,4.175000190734863,0.18524961173534393
uniform,0,1,96,999,0.11222784966230392,0.11311563104391098,0.7912653088569641,0.7912080883979797,1.0549441576004028,0.3479876220226288,time_out,0.5947499871253967,4.262499809265137,0.18562068045139313
uniform,0,1,97,999,0.10725181549787521,0.10814456641674042,0.7834783792495728,0.7834266424179077,1.0445688962936401,0.3371727168560028,time_out,0.5842499732971191,4.275000095367432,0.18325768411159515
uniform,0,1,98,999,0.11048435419797897,0.11137387901544571,0.7912743091583252,0.7912540435791016,1.055005431175232,0.35114917159080505,time_out,0.6010000109672546,4.25,0.18617741763591766
uniform,0,1,99,999,0.14160680770874023,0.14246520400047302,0.8241568803787231,0.8241050243377686,1.0988067388534546,0.32955580949783325,time_out,0.5575000047683716,4.400000095367432,0.18729659914970398
uniform,0,2,0,999,0.06167184188961983,0.06261017173528671,1.206035852432251,1.2059892416000366,0.9647914171218872,0.5596012473106384,time_out,0.6369999647140503,4.4375,0.27177223563194275
uniform,0,2,1,999,0.05215534195303917,0.053103189915418625,1.2533174753189087,1.2532906532287598,1.00263249874115,0.48815783858299255,time_out,0.5677499771118164,4.612500190734863,0.2717161178588867
uniform,0,2,2,999,0.05470389127731323,0.05564919114112854,1.1946994066238403,1.1946735382080078,0.9557388424873352,0.5472794771194458,time_out,0.6302499771118164,4.425000190734863,0.2699826955795288
uniform,0,2,3,999,0.056147169321775436,0.05709102377295494,1.1944938898086548,1.1944552659988403,0.9555642008781433,0.5248849987983704,time_out,0.6100000143051147,4.474999904632568,0.2669173777103424
uniform,0,2,4,999,0.0536564365029335,0.05460278317332268,1.2325183153152466,1.2324941158294678,0.9859952926635742,0.5295114517211914,time_out,0.6104999780654907,4.512499809265137,0.2731288969516754
uniform,0,2,5,999,0.052682917565107346,0.05363023653626442,1.2451937198638916,1.2451937198638916,0.9961549639701843,0.48012858629226685,time_out,0.5567499995231628,4.625,0.26923108100891113
uniform,0,2,6,999,0.0519978366792202,0.05294584110379219,1.2410751581192017,1.241013765335083,0.9928110241889954,0.5092040300369263,time_out,0.5889999866485596,4.525000095367432,0.27425718307495117
uniform,0,2,7,999,0.05998766049742699,0.060927677899599075,1.198185920715332,1.1981383562088013,0.95851069688797,0.546118974685669,time_out,0.6304999589920044,4.425000190734863,0.2707657217979431
uniform,0,2,8,999,0.06874534487724304,0.06967660039663315,1.2686587572097778,1.2686537504196167,1.0149229764938354,0.47817692160606384,time_out,0.5537500381469727,4.662500381469727,0.27209728956222534
uniform,0,2,9,999,0.05618956685066223,0.05713338032364845,1.1922075748443604,1.192158579826355,0.9537268877029419,0.5290552377700806,time_out,0.6207500100135803,4.449999809265137,0.26790082454681396
uniform,0,2,10,999,0.05161658674478531,0.05256497487425804,1.2213331460952759,1.2213221788406372,0.9770577549934387,0.49250659346580505,time_out,0.5777499675750732,4.574999809265137,0.2669556736946106
uniform,0,2,11,999,0.04794801026582718,0.0489000640809536,1.2347551584243774,1.2347509860992432,0.9878007769584656,0.4952171742916107,time_out,0.5797500610351562,4.574999809265137,0.2698909342288971
uniform,0,2,12,999,0.040717002004384995,0.04167628660798073,1.2511787414550781,1.251172661781311,1.0009381771087646,0.48250049352645874,time_out,0.559499979019165,4.625,0.2705238163471222
uniform,0,2,13,999,0.04849937930703163,0.04945088177919388,1.2403844594955444,1.2403676509857178,0.9922941327095032,0.48984530568122864,time_out,0.5685000419616699,4.587499618530273,0.270379900932312
uniform,0,2,14,999,0.04931079223752022,0.0502614863216877,1.2506738901138306,1.2506738901138306,1.0005391836166382,0.4714161455631256,time_out,0.5509999990463257,4.662500381469727,0.2682410180568695
uniform,0,2,15,999,0.04542015492916107,0.04637473449110985,1.2313493490219116,1.2313334941864014,0.985066831111908,0.5062440633773804,time_out,0.5847499966621399,4.5625,0.26988130807876587
uniform,0,2,16,999,0.04868157580494881,0.04963289573788643,1.2166759967803955,1.21665620803833,0.9733249545097351,0.5517943501472473,time_out,0.6360000371932983,4.412500381469727,0.2757294178009033
uniform,0,2,17,999,0.05206684023141861,0.05301477760076523,1.246150255203247,1.2461239099502563,0.9968991279602051,0.4781453311443329,time_out,0.5552499890327454,4.650000095367432,0.26798364520072937
uniform,0,2,18,999,0.06467082351446152,0.06560616195201874,1.2508262395858765,1.2508026361465454,1.00064218044281,0.4665384292602539,time_out,0.5414999723434448,4.662500381469727,0.2682686448097229
uniform,0,2,19,999,0.0497683584690094,0.05071859061717987,1.2291640043258667,1.2291473150253296,0.9833178520202637,0.536259651184082,time_out,0.6202499866485596,4.474999904632568,0.2746697962284088
uniform,0,2,20,999,0.05827564001083374,0.05921736732125282,1.1946191787719727,1.1945785284042358,0.9556628465652466,0.5451890826225281,time_out,0.6257500052452087,4.449999809265137,0.26844462752342224
uniform,0,2,21,999,0.06322605162858963,0.06416282802820206,1.2728325128555298,1.2727937698364258,1.0182350873947144,0.4790218770503998,time_out,0.5497499704360962,4.675000190734863,0.2722553312778473
uniform,0,2,22,999,0.06714259833097458,0.06807545572519302,1.2544903755187988,1.2544903755187988,1.0035923719406128,0.47170311212539673,time_out,0.5507500171661377,4.675000190734863,0.26834017038345337
uniform,0,2,23,999,0.052248597145080566,0.05319635197520256,1.2027921676635742,1.2027606964111328,0.9622085690498352,0.5071062445640564,time_out,0.5957499742507935,4.5,0.2672801613807678
uniform,0,2,24,999,0.06387056410312653,0.06480669975280762,1.1743429899215698,1.1743133068084717,0.9394506812095642,0.5481277704238892,time_out,0.637499988079071,4.400000095367432,0.26688939332962036
uniform,0,2,25,999,0.06039535999298096,0.061334967613220215,1.1952341794967651,1.1952341794967651,0.95618736743927,0.5525118112564087,time_out,0.6362500190734863,4.449999809265137,0.268591970205307
uniform,0,2,26,999,0.04792822524905205,0.04888030141592026,1.2562777996063232,1.25626802444458,1.005014419555664,0.4965170621871948,time_out,0.5697499513626099,4.612500190734863,0.2723616063594818
uniform,0,2,27,999,0.0635269433259964,0.06446342170238495,1.2718533277511597,1.2718379497528076,1.017470359802246,0.4762273132801056,time_out,0.5479999780654907,4.6875,0.2713254392147064
uniform,0,2,28,999,0.05733193829655647,0.058274608105421066,1.2368202209472656,1.2368192672729492,0.9894554018974304,0.48316022753715515,time_out,0.5642499923706055,4.612500190734863,0.2681450843811035
uniform,0,2,29,999,0.05209854990243912,0.05304645374417305,1.2049674987792969,1.2049674987792969,0.9639739990234375,0.5435792207717896,time_out,0.6257500052452087,4.449999809265137,0.27077922224998474
uniform,0,2,30,999,0.0529448576271534,0.05389191582798958,1.1908655166625977,1.1908435821533203,0.9526748657226562,0.543420672416687,time_out,0.6357500553131104,4.400000095367432,0.27064627408981323
uniform,0,2,31,999,0.05224673077464104,0.05319448560476303,1.1997731924057007,1.199415683746338,0.9595325589179993,0.5272889733314514,time_out,0.6157499551773071,4.449999809265137,0.26953163743019104
uniform,0,2,32,999,0.05157756805419922,0.052525993436574936,1.1943039894104004,1.1942845582962036,0.9554276466369629,0.5304684638977051,time_out,0.6209999918937683,4.449999809265137,0.2683785557746887
uniform,0,2,33,999,0.058016087859869,0.05895807594060898,1.2554904222488403,1.255478858947754,1.0043830871582031,0.47156253457069397,time_out,0.546999990940094,4.675000190734863,0.26855161786079407
uniform,0,2,34,999,0.05401695892214775,0.054962944239377975,1.2049256563186646,1.2049245834350586,0.9639396667480469,0.5453633666038513,time_out,0.6269999742507935,4.449999809265137,0.27076956629753113
uniform,0,2,35,999,0.061681270599365234,0.06261959671974182,1.2546720504760742,1.2546324729919434,1.0037059783935547,0.47164905071258545,time_out,0.5494999885559082,4.650000095367432,0.2698134183883667
uniform,0,2,36,999,0.06414730846881866,0.06508316099643707,1.26471745967865,1.2647035121917725,1.0117628574371338,0.48064929246902466,time_out,0.5597500205039978,4.650000095367432,0.2719792425632477
uniform,0,2,37,999,0.0526018850505352,0.05354928597807884,1.2455426454544067,1.2455247640609741,0.9964198470115662,0.4949950575828552,time_out,0.5702500343322754,4.587499618530273,0.2715040445327759
uniform,0,2,38,999,0.06663119047880173,0.06756456196308136,1.1692514419555664,1.1692466735839844,0.9353973269462585,0.553172767162323,time_out,0.6384999752044678,4.400000095367432,0.2657378613948822
uniform,0,2,39,999,0.05061045289039612,0.05155984312295914,1.2065303325653076,1.2065268754959106,0.9652215242385864,0.528182864189148,time_out,0.6127499938011169,4.449999809265137,0.27112963795661926
uniform,0,2,40,999,0.05526886135339737,0.05621359497308731,1.217773199081421,1.217756748199463,0.9742054343223572,0.5152032971382141,time_out,0.597000002861023,4.525000095367432,0.2691175043582916
uniform,0,2,41,999,0.054845381528139114,0.05579053610563278,1.189919114112854,1.189890742301941,0.9519125819206238,0.5213696956634521,time_out,0.6144999861717224,4.449999809265137,0.267391175031662
uniform,0,2,42,999,0.06071006879210472,0.06164935976266861,1.1818674802780151,1.1818588972091675,0.9454871416091919,0.5474204421043396,time_out,0.6294999718666077,4.449999809265137,0.2655862867832184
uniform,0,2,43,999,0.05465095117688179,0.055596303194761276,1.2057429552078247,1.2057359218597412,0.9645887613296509,0.5486664772033691,time_out,0.6322500109672546,4.4375,0.2717151343822479
uniform,0,2,44,999,0.0694463923573494,0.07037694752216339,1.165952205657959,1.1659369468688965,0.9327495694160461,0.5501876473426819,time_out,0.6389999985694885,4.400000095367432,0.2649856507778168
uniform,0,2,45,999,0.06604823470115662,0.06698218733072281,1.2784415483474731,1.2784239053726196,1.0227391719818115,0.4825899004936218,time_out,0.5534999966621399,4.675000190734863,0.27345964312553406
uniform,0,2,46,999,0.046663496643304825,0.04761683568358421,1.203665852546692,1.2036640644073486,0.9629312753677368,0.5417153239250183,time_out,0.6232500076293945,4.4375,0.2712482511997223
uniform,0,2,47,999,0.053243834525346756,0.05419059097766876,1.1930391788482666,1.1930315494537354,0.9544252753257751,0.5299606323242188,time_out,0.6234999895095825,4.462499618530273,0.26734602451324463
uniform,0,2,48,999,0.053831931203603745,0.05477810278534889,1.2446444034576416,1.2446078062057495,0.9956862330436707,0.5122277140617371,time_out,0.5887500047683716,4.550000190734863,0.2735401690006256
uniform,0,2,49,999,0.05852196738123894,0.05946344509720802,1.2489733695983887,1.2489651441574097,0.9991721510887146,0.47762396931648254,time_out,0.5542500019073486,4.637499809265137,0.2693186402320862
uniform,0,2,50,999,0.05098916217684746,0.051938172429800034,1.2295783758163452,1.2295335531234741,0.9836268424987793,0.4968571662902832,time_out,0.5772500038146973,4.574999809265137,0.26875051856040955
uniform,0,2,51,999,0.05152646452188492,0.052474938333034515,1.1932569742202759,1.1932402849197388,0.954592227935791,0.5241191387176514,time_out,0.6112499833106995,4.462499618530273,0.2673928141593933
uniform,0,2,52,999,0.06679712980985641,0.06773033738136292,1.2773224115371704,1.2772984504699707,1.0218387842178345,0.4805980920791626,time_out,0.5509999990463257,4.675000190734863,0.27321889996528625
uniform,0,2,53,999,0.0560060515999794,0.05695004761219025,1.2440475225448608,1.2440037727355957,0.9952030181884766,0.5163310170173645,time_out,0.5920000076293945,4.550000190734863,0.2734073996543884
uniform,0,2,54,999,0.044639553874731064,0.04559491574764252,1.2269636392593384,1.226928472518921,0.9815427660942078,0.5353460907936096,time_out,0.6215000152587891,4.449999809265137,0.27571427822113037
uniform,0,2,55,999,0.06561237573623657,0.06654676049947739,1.2719203233718872,1.2719085216522217,1.0175268650054932,0.4843544661998749,time_out,0.5565000176429749,4.6875,0.2713404893875122
uniform,0,2,56,999,0.0597289502620697,0.060669224709272385,1.207214593887329,1.2071678638458252,0.9657343029975891,0.5414688587188721,time_out,0.6265000104904175,4.4375,0.2720378339290619
uniform,0,2,57,999,0.060847919434309006,0.06178707256913185,1.2598342895507812,1.2597922086715698,1.0078338384628296,0.4786190390586853,time_out,0.5557500123977661,4.662500381469727,0.27019670605659485
uniform,0,2,58,999,0.056042660027742386,0.056986622512340546,1.2524601221084595,1.2524464130401611,1.0019571781158447,0.48028072714805603,time_out,0.5580000281333923,4.650000095367432,0.2693433165550232
uniform,0,2,59,999,0.0526401586830616,0.05358751863241196,1.2135437726974487,1.2135258913040161,0.9708207249641418,0.5409913659095764,time_out,0.6230000257492065,4.449999809265137,0.2727024555206299
uniform,0,2,60,999,0.07332167774438858,0.07424836605787277,1.2656224966049194,1.2656002044677734,1.0124801397323608,0.4802332818508148,time_out,0.5570000410079956,4.650000095367432,0.27217209339141846
uniform,0,2,61,999,0.05923781916499138,0.06017858535051346,1.2057243585586548,1.2057243585586548,0.9645795226097107,0.5129071474075317,time_out,0.5982499718666077,4.5,0.2679387331008911
uniform,0,2,62,999,0.05920795351266861,0.06014874950051308,1.2393015623092651,1.239253282546997,0.9914026260375977,0.48719164729118347,time_out,0.5647500157356262,4.599999904632568,0.2694028913974762
uniform,0,2,63,999,0.05149715766310692,0.0524456612765789,1.229878306388855,1.2298438549041748,0.9838750958442688,0.5065239071846008,time_out,0.5837500095367432,4.525000095367432,0.27178868651390076
uniform,0,2,64,999,0.061531294137239456,0.06246976926922798,1.25369393825531,1.25369393825531,1.0029551982879639,0.48595646023750305,time_out,0.562250018119812,4.625,0.2710689604282379
uniform,0,2,65,999,0.05276496335864067,0.05371220409870148,1.1942323446273804,1.1941978931427002,0.9553583264350891,0.5592113733291626,time_out,0.6360000371932983,4.412500381469727,0.27063971757888794
uniform,0,2,66,999,0.04865071550011635,0.049602068960666656,1.2293592691421509,1.2292883396148682,0.9834306836128235,0.4965296983718872,time_out,0.5735000371932983,4.550000190734863,0.27017325162887573
uniform,0,2,67,999,0.08111713081598282,0.08203601092100143,1.2745414972305298,1.2744733095169067,1.0195786952972412,0.4692530632019043,time_out,0.5435000061988831,4.699999809265137,0.27116453647613525
uniform,0,2,68,999,0.05193158984184265,0.052879661321640015,1.200615644454956,1.2005952596664429,0.9604762196540833,0.5258139371871948,time_out,0.6119999885559082,4.474999904632568,0.2682894468307495
uniform,0,2,69,999,0.05273820087313652,0.05368546396493912,1.257919192314148,1.2579090595245361,1.0063272714614868,0.47904011607170105,time_out,0.5564999580383301,4.650000095367432,0.27051806449890137
uniform,0,2,70,999,0.0657951757311821,0.06672938168048859,1.2765966653823853,1.2765401601791382,1.0212321281433105,0.4720325469970703,time_out,0.5464999675750732,4.6875,0.27232855558395386
uniform,0,2,71,999,0.060848504304885864,0.06178765743970871,1.1875070333480835,1.187482476234436,0.9499859809875488,0.5455710887908936,time_out,0.6349999904632568,4.425000190734863,0.26835760474205017
uniform,0,2,72,999,0.05140553042292595,0.052354127168655396,1.226516842842102,1.2264628410339355,0.9811702966690063,0.48833176493644714,time_out,0.5727500319480896,4.574999809265137,0.26807931065559387
uniform,0,2,73,999,0.05499767139554024,0.05594267696142197,1.2392945289611816,1.2392725944519043,0.9914180636405945,0.4955957233905792,time_out,0.5750000476837158,4.574999809265137,0.27087926864624023
uniform,0,2,74,999,0.06075633689761162,0.061695583164691925,1.1921544075012207,1.1921414136886597,0.9537131190299988,0.5374537110328674,time_out,0.6277499794960022,4.425000190734863,0.26941049098968506
uniform,0,2,75,999,0.05074247717857361,0.05169173702597618,1.2046419382095337,1.2046250104904175,0.963699996471405,0.5510522127151489,time_out,0.6295000314712524,4.425000190734863,0.2722316384315491
uniform,0,2,76,999,0.0498584620654583,0.050808608531951904,1.196826457977295,1.1967896223068237,0.9574317336082458,0.5258647203445435,time_out,0.6142500042915344,4.449999809265137,0.2689414918422699
uniform,0,2,77,999,0.0433664470911026,0.04432308301329613,1.2244468927383423,1.2244194746017456,0.9795355796813965,0.5029335618019104,time_out,0.5839999914169312,4.525000095367432,0.2705899477005005
uniform,0,2,78,999,0.05261653661727905,0.0535639226436615,1.2290065288543701,1.2289780378341675,0.983182430267334,0.48016947507858276,time_out,0.5609999895095825,4.599999904632568,0.26716914772987366
uniform,0,2,79,999,0.052700161933898926,0.05364746227860451,1.1918220520019531,1.1918030977249146,0.9534425139427185,0.5312132239341736,time_out,0.625249981880188,4.425000190734863,0.26933401823043823
uniform,0,2,80,999,0.06450608372688293,0.06544157862663269,1.2142692804336548,1.2142518758773804,0.9714015126228333,0.5242836475372314,time_out,0.6009999513626099,4.487500190734863,0.2705853581428528
uniform,0,2,81,999,0.05143207311630249,0.05238064378499985,1.2265639305114746,1.2264974117279053,0.9811979532241821,0.48777273297309875,time_out,0.5682500004768372,4.599999904632568,0.2666298747062683
uniform,0,2,82,999,0.055046457797288895,0.055991414934396744,1.2316025495529175,1.2315651178359985,0.9852520823478699,0.5156720280647278,time_out,0.5920000076293945,4.512499809265137,0.2729230225086212
uniform,0,2,83,999,0.04848146066069603,0.04943298175930977,1.2228188514709473,1.2228188514709473,0.9782550930976868,0.5330415368080139,time_out,0.6132500171661377,4.5,0.2717375159263611
uniform,0,2,84,999,0.056610848754644394,0.05755424126982689,1.2152092456817627,1.2141177654266357,0.9712942242622375,0.48645374178886414,time_out,0.5757499933242798,4.5625,0.2661080062389374
uniform,0,2,85,999,0.05191976577043533,0.05286784842610359,1.2348824739456177,1.2348703145980835,0.9878962635993958,0.4886922240257263,time_out,0.5727499723434448,4.599999904632568,0.2684500813484192
uniform,0,2,86,999,0.057213813066482544,0.05815660208463669,1.1909788846969604,1.1909788846969604,0.9527831077575684,0.5242161750793457,time_out,0.6087499856948853,4.474999904632568,0.26614055037498474
uniform,0,2,87,999,0.0554509237408638,0.05639547482132912,1.1863640546798706,1.1863640546798706,0.9490912556648254,0.5506474375724792,time_out,0.6347500085830688,4.425000190734863,0.2681048512458801
uniform,0,2,88,999,0.048063360154628754,0.04901529848575592,1.1995165348052979,1.1994892358779907,0.9595913887023926,0.5490173697471619,time_out,0.6304999589920044,4.4375,0.27030742168426514
uniform,0,2,89,999,0.061571069061756134,0.06250949949026108,1.250644564628601,1.2506239414215088,1.0004991292953491,0.47931498289108276,time_out,0.559249997138977,4.625,0.2704051733016968
uniform,0,2,90,999,0.0480196438729763,0.04897162318229675,1.215113639831543,1.215070128440857,0.9720560908317566,0.517172634601593,time_out,0.596750020980835,4.5,0.2700155973434448
uniform,0,2,91,999,0.05655087158083916,0.05749432370066643,1.2429311275482178,1.2429237365722656,0.9943389892578125,0.47965145111083984,time_out,0.5644999742507935,4.625,0.2687402665615082
uniform,0,2,92,999,0.06566286087036133,0.06659720093011856,1.2691292762756348,1.2691197395324707,1.0152958631515503,0.48536115884780884,time_out,0.5547499656677246,4.675000190734863,0.27146944403648376
uniform,0,2,93,999,0.0630277618765831,0.06396473944187164,1.2673059701919556,1.2672797441482544,1.0138238668441772,0.4874197542667389,time_out,0.5577499866485596,4.625,0.2740064263343811
uniform,0,2,94,999,0.05395374447107315,0.05489979311823845,1.2360856533050537,1.2360551357269287,0.988844096660614,0.48564261198043823,time_out,0.565500020980835,4.599999904632568,0.26870763301849365
uniform,0,2,95,999,0.056732457131147385,0.05767572671175003,1.1919413805007935,1.1919291019439697,0.9535433053970337,0.5221007466316223,time_out,0.6130000352859497,4.474999904632568,0.26635289192199707
uniform,0,2,96,999,0.056818753480911255,0.057761937379837036,1.2356325387954712,1.2356288433074951,0.988503098487854,0.49170181155204773,time_out,0.5772500038146973,4.574999809265137,0.27008283138275146
uniform,0,2,97,999,0.05768318846821785,0.05862550809979439,1.235571265220642,1.2355291843414307,0.9884233474731445,0.48186808824539185,time_out,0.5637500286102295,4.599999904632568,0.26859331130981445
uniform,0,2,98,999,0.04907417669892311,0.050025101751089096,1.236786127090454,1.2367607355117798,0.9894086122512817,0.5012481212615967,time_out,0.5772500038146973,4.574999809265137,0.2703302204608917
uniform,0,2,99,999,0.0752306804060936,0.07615545392036438,1.2477303743362427,1.2477303743362427,0.998184323310852,0.4694179594516754,time_out,0.5440000295639038,4.675000190734863,0.2668941915035248
uniform,0,3,0,999,0.06318136304616928,0.06411818414926529,1.6562106609344482,1.6561801433563232,0.9463887214660645,0.7362291812896729,time_out,0.6167500019073486,4.599999904632568,0.3600391745567322
uniform,0,3,1,999,0.0470149964094162,0.04796798527240753,1.7527562379837036,1.7527292966842651,1.0015596151351929,0.6579689383506775,time_out,0.5625,4.849999904632568,0.3613874912261963
uniform,0,3,2,999,0.05531810596585274,0.0562627911567688,1.6625497341156006,1.6625497341156006,0.9500284790992737,0.7246670126914978,time_out,0.6165000200271606,4.625,0.3594702184200287
uniform,0,3,3,999,0.04666636139154434,0.04761969670653343,1.7141317129135132,1.7141233682632446,0.979499101638794,0.70465487241745,time_out,0.590999960899353,4.712499618530273,0.3637397289276123
uniform,0,3,4,999,0.04624659940600395,0.04720035567879677,1.6996639966964722,1.6996246576309204,0.9712141156196594,0.6972130537033081,time_out,0.593999981880188,4.699999809265137,0.36162227392196655
uniform,0,3,5,999,0.05091588944196701,0.051864977926015854,1.7545883655548096,1.7545794248580933,1.0026168823242188,0.648100733757019,time_out,0.5502499938011169,4.849999904632568,0.3617689609527588
uniform,0,3,6,999,0.04678581282496452,0.04773902893066406,1.7442927360534668,1.7442511320114136,0.9967149496078491,0.6904816627502441,time_out,0.5789999961853027,4.775000095367432,0.3652881979942322
uniform,0,3,7,999,0.05452107638120651,0.055466558784246445,1.6589068174362183,1.6588760614395142,0.9479292035102844,0.7206187844276428,time_out,0.6142500042915344,4.625,0.35867589712142944
uniform,0,3,8,999,0.06028806418180466,0.06122777983546257,1.7775988578796387,1.7775871753692627,1.0157641172409058,0.6480697989463806,time_out,0.5489999651908875,4.887499809265137,0.3637007176876068
uniform,0,3,9,999,0.04734685644507408,0.04829951375722885,1.703601598739624,1.7035914659500122,0.9734808802604675,0.7095547914505005,time_out,0.593999981880188,4.699999809265137,0.3624662756919861
uniform,0,3,10,999,0.049142226576805115,0.050093088299036026,1.7203807830810547,1.720372200012207,0.983069896697998,0.6611558794975281,time_out,0.5684999823570251,4.800000190734863,0.35841086506843567
uniform,0,3,11,999,0.046433255076408386,0.04738682508468628,1.743080973625183,1.7430495023727417,0.9960283041000366,0.6684130430221558,time_out,0.5702499747276306,4.800000190734863,0.36313530802726746
uniform,0,3,12,999,0.04934880509972572,0.05029945820569992,1.7340911626815796,1.7340553998947144,0.9908888339996338,0.6490923166275024,time_out,0.5607500076293945,4.849999904632568,0.3575372099876404
uniform,0,3,13,999,0.0455908440053463,0.046545255929231644,1.7489944696426392,1.7489817142486572,0.9994181394577026,0.6587090492248535,time_out,0.5637500286102295,4.800000190734863,0.3643711805343628
uniform,0,3,14,999,0.05343278497457504,0.054379355162382126,1.7377551794052124,1.7377395629882812,0.9929940700531006,0.6355172395706177,time_out,0.543999969959259,4.900000095367432,0.3546407222747803
uniform,0,3,15,999,0.04042893648147583,0.041388511657714844,1.716210126876831,1.716200828552246,0.9806862473487854,0.6831070184707642,time_out,0.578249990940094,4.75,0.36130544543266296
uniform,0,3,16,999,0.05691530555486679,0.05785839259624481,1.6548757553100586,1.6548590660095215,0.9456337690353394,0.7291210293769836,time_out,0.624750018119812,4.574999809265137,0.3617178499698639
uniform,0,3,17,999,0.049306172877550125,0.050256870687007904,1.7468171119689941,1.7467905282974243,0.9981660842895508,0.6462308764457703,time_out,0.5497499704360962,4.875,0.35831600427627563
uniform,0,3,18,999,0.05682651326060295,0.057769689708948135,1.7535169124603271,1.7534726858139038,1.0019844770431519,0.6273719668388367,time_out,0.5370000004768372,4.912500381469727,0.35694098472595215
uniform,0,3,19,999,0.04691718518733978,0.047870270907878876,1.6964242458343506,1.6964242458343506,0.9693853259086609,0.7069726586341858,time_out,0.5975000262260437,4.650000095367432,0.3648224174976349
uniform,0,3,20,999,0.057199783623218536,0.058142583817243576,1.6590428352355957,1.6590428352355957,0.9480245113372803,0.725515604019165,time_out,0.609250009059906,4.637499809265137,0.35774511098861694
uniform,0,3,21,999,0.05239921435713768,0.053346820175647736,1.7550148963928223,1.7549699544906616,1.0028400421142578,0.6380330920219421,time_out,0.546500027179718,4.875,0.3599938452243805
uniform,0,3,22,999,0.04463972896337509,0.045595090836286545,1.7333403825759888,1.7333012819290161,0.9904578924179077,0.6343822479248047,time_out,0.5472500324249268,4.875,0.3555489778518677
uniform,0,3,23,999,0.045333269983530045,0.046287938952445984,1.7263890504837036,1.7263747453689575,0.9864999055862427,0.688778281211853,time_out,0.5832499861717224,4.737500190734863,0.3644062578678131
uniform,0,3,24,999,0.056247640401124954,0.0571913942694664,1.6750770807266235,1.6750472784042358,0.9571698904037476,0.7358272075653076,time_out,0.6134999990463257,4.625,0.362172394990921
uniform,0,3,25,999,0.05854511260986328,0.059486571699380875,1.6507445573806763,1.6507223844528198,0.9432699680328369,0.7326779961585999,time_out,0.6187499761581421,4.599999904632568,0.35885271430015564
uniform,0,3,26,999,0.041851915419101715,0.04281006380915642,1.7252496480941772,1.725224494934082,0.9858425855636597,0.66331946849823,time_out,0.5677499771118164,4.800000190734863,0.3594217598438263
uniform,0,3,27,999,0.04977371543645859,0.05072394385933876,1.746238112449646,1.746225118637085,0.9978429675102234,0.639596164226532,time_out,0.5527499914169312,4.875,0.3582000136375427
uniform,0,3,28,999,0.05814462900161743,0.05908648669719696,1.7528812885284424,1.752856731414795,1.0016324520111084,0.6516020894050598,time_out,0.5547499656677246,4.849999904632568,0.36141377687454224
uniform,0,3,29,999,0.05422080308198929,0.055166587233543396,1.6609082221984863,1.6608930826187134,0.9490817785263062,0.7169071435928345,time_out,0.6085000038146973,4.625,0.359112024307251
uniform,0,3,30,999,0.05142318457365036,0.052371762692928314,1.6906977891921997,1.6906965970993042,0.9661123752593994,0.7274184226989746,time_out,0.6122499704360962,4.612500190734863,0.3665466606616974
uniform,0,3,31,999,0.05107654631137848,0.05202547460794449,1.741633415222168,1.741614818572998,0.9952085018157959,0.714941143989563,time_out,0.593500018119812,4.712499618530273,0.3695734739303589
uniform,0,3,32,999,0.059749435633420944,0.060689687728881836,1.6698484420776367,1.669822096824646,0.9541841149330139,0.7031364440917969,time_out,0.6012499928474426,4.662500381469727,0.358138769865036
uniform,0,3,33,999,0.053242359310388565,0.05418911948800087,1.766815185546875,1.7667815685272217,1.0095895528793335,0.6375316381454468,time_out,0.5452499985694885,4.900000095367432,0.3605676591396332
uniform,0,3,34,999,0.05280793085694313,0.053755126893520355,1.6778911352157593,1.6778855323791504,0.9587917923927307,0.7244178652763367,time_out,0.6072499752044678,4.650000095367432,0.36083558201789856
uniform,0,3,35,999,0.05432368814945221,0.05526936426758766,1.742410659790039,1.74239182472229,0.9956524968147278,0.6323546171188354,time_out,0.5462499856948853,4.900000095367432,0.35559016466140747
uniform,0,3,36,999,0.059487469494342804,0.060427986085414886,1.7176010608673096,1.7175875902175903,0.9814786911010742,0.6436886787414551,time_out,0.5544999837875366,4.824999809265137,0.35597673058509827
uniform,0,3,37,999,0.05494668334722519,0.0558917373418808,1.7626564502716064,1.7626525163650513,1.0072300434112549,0.675143301486969,time_out,0.5659999847412109,4.8125,0.3662654459476471
uniform,0,3,38,999,0.06567242741584778,0.06660676002502441,1.637192726135254,1.6371866464614868,0.9355352520942688,0.7381170988082886,time_out,0.6207500100135803,4.574999809265137,0.35785502195358276
uniform,0,3,39,999,0.04696796089410782,0.04792099446058273,1.712798833847046,1.712783932685852,0.9787337183952332,0.7056977152824402,time_out,0.593500018119812,4.675000190734863,0.36637088656425476
uniform,0,3,40,999,0.046363551169633865,0.04731719195842743,1.7390058040618896,1.738987684249878,0.9937072992324829,0.6891761422157288,time_out,0.5802500247955322,4.737500190734863,0.3670686185359955
uniform,0,3,41,999,0.048408087342977524,0.04935968294739723,1.6781895160675049,1.678155779838562,0.9589462280273438,0.699856698513031,time_out,0.596750020980835,4.675000190734863,0.3589637875556946
uniform,0,3,42,999,0.05334644764661789,0.05429310351610184,1.6780316829681396,1.6780316829681396,0.958875298500061,0.7249127626419067,time_out,0.6042499542236328,4.650000095367432,0.3608670234680176
uniform,0,3,43,999,0.05272428318858147,0.05367156118154526,1.6803323030471802,1.6803086996078491,0.9601764678955078,0.725266695022583,time_out,0.6127499938011169,4.625,0.36330997943878174
uniform,0,3,44,999,0.05547947436571121,0.05642399936914444,1.6696969270706177,1.6696714162826538,0.9540979862213135,0.7403174638748169,time_out,0.6197499632835388,4.612500190734863,0.361988365650177
uniform,0,3,45,999,0.05479808896780014,0.05574329197406769,1.7512750625610352,1.7512599229812622,1.0007200241088867,0.6434699296951294,time_out,0.5507500171661377,4.862500190734863,0.36015626788139343
uniform,0,3,46,999,0.052251186221838,0.05319893732666969,1.685767412185669,1.6857168674468994,0.9632668495178223,0.7228972911834717,time_out,0.606249988079071,4.650000095367432,0.3625197410583496
uniform,0,3,47,999,0.045912548899650574,0.04686664044857025,1.6793307065963745,1.6792922019958496,0.9595955610275269,0.7113297581672668,time_out,0.6015000343322754,4.650000095367432,0.36113810539245605
uniform,0,3,48,999,0.04618970304727554,0.047143515199422836,1.7335035800933838,1.7334661483764648,0.9905521273612976,0.6852561831474304,time_out,0.5772500038146973,4.75,0.36494025588035583
uniform,0,3,49,999,0.0459725484251976,0.046926576644182205,1.7485456466674805,1.7485326528549194,0.9991615414619446,0.6416954398155212,time_out,0.5490000247955322,4.875,0.3586733639240265
uniform,0,3,50,999,0.044684093445539474,0.045639410614967346,1.7305675745010376,1.7305631637573242,0.9888932704925537,0.6646051406860352,time_out,0.5715000033378601,4.775000095367432,0.36242160201072693
uniform,0,3,51,999,0.0444912388920784,0.04544674977660179,1.707324504852295,1.7073203325271606,0.975611686706543,0.7110441327095032,time_out,0.596750020980835,4.675000190734863,0.3652021884918213
uniform,0,3,52,999,0.045325152575969696,0.04627982899546623,1.731103777885437,1.7310874462127686,0.9891928434371948,0.6375262141227722,time_out,0.5487500429153442,4.862500190734863,0.3560076951980591
uniform,0,3,53,999,0.046720508486032486,0.0476737879216671,1.7299338579177856,1.7299038171768188,0.9885165095329285,0.6896371245384216,time_out,0.5797500014305115,4.75,0.3641902804374695
uniform,0,3,54,999,0.05146871507167816,0.052417248487472534,1.7067794799804688,1.7067641019821167,0.9752938151359558,0.7078065872192383,time_out,0.6012499928474426,4.625,0.36903008818626404
uniform,0,3,55,999,0.04794003441929817,0.04889209568500519,1.7542002201080322,1.754186749458313,1.0023925304412842,0.645704448223114,time_out,0.5525000095367432,4.875,0.3598331809043884
uniform,0,3,56,999,0.05150078982114792,0.052449289709329605,1.6790143251419067,1.6790140867233276,0.9594366550445557,0.7217767834663391,time_out,0.6102499961853027,4.625,0.3630300760269165
uniform,0,3,57,999,0.05420737341046333,0.055153168737888336,1.7471524477005005,1.7471380233764648,0.9983646273612976,0.6426085829734802,time_out,0.5520000457763672,4.862500190734863,0.3593085706233978
uniform,0,3,58,999,0.046765100210905075,0.04771833494305611,1.7227591276168823,1.7227349281311035,0.9844200015068054,0.6414888501167297,time_out,0.5527499914169312,4.837499618530273,0.3561209440231323
uniform,0,3,59,999,0.04609120264649391,0.04704511538147926,1.6862709522247314,1.6862431764602661,0.9635675549507141,0.7154437303543091,time_out,0.6050000190734863,4.650000095367432,0.3626329302787781
uniform,0,3,60,999,0.057476986199617386,0.05841951444745064,1.7399388551712036,1.7398864030838013,0.9942208528518677,0.6467763781547546,time_out,0.5547499656677246,4.849999904632568,0.3587394654750824
uniform,0,3,61,999,0.053313422948122025,0.05426011234521866,1.7049014568328857,1.704874038696289,0.9742137789726257,0.6940566301345825,time_out,0.5862500071525574,4.712499618530273,0.36177700757980347
uniform,0,3,62,999,0.0459236279129982,0.04687770828604698,1.7346299886703491,1.7345890998840332,0.9911938309669495,0.6577454805374146,time_out,0.5587499737739563,4.800000190734863,0.361372709274292
uniform,0,3,63,999,0.04121561720967293,0.04217440262436867,1.7229440212249756,1.7229273319244385,0.984529972076416,0.6801396608352661,time_out,0.578249990940094,4.762499809265137,0.36176952719688416
uniform,0,3,64,999,0.05140461027622223,0.052353210747241974,1.7528375387191772,1.7528223991394043,1.001612901687622,0.6549673080444336,time_out,0.5555000305175781,4.849999904632568,0.36140668392181396
uniform,0,3,65,999,0.05655127763748169,0.05749472975730896,1.6713848114013672,1.6713662147521973,0.955066442489624,0.7446980476379395,time_out,0.625249981880188,4.599999904632568,0.36334049701690674
uniform,0,3,66,999,0.04571295529603958,0.046667248010635376,1.7246893644332886,1.7246830463409424,0.9855332374572754,0.6677634716033936,time_out,0.5729999542236328,4.775000095367432,0.36119017004966736
uniform,0,3,67,999,0.05123121663928032,0.05217998847365379,1.7636175155639648,1.7636038064956665,1.0077736377716064,0.627303957939148,time_out,0.5372500419616699,4.912500381469727,0.35900330543518066
uniform,0,3,68,999,0.05031828209757805,0.051267966628074646,1.7138837575912476,1.7138655185699463,0.9793517589569092,0.7058635354042053,time_out,0.593250036239624,4.699999809265137,0.36465224623680115
uniform,0,3,69,999,0.05209876969456673,0.05304667353630066,1.748795509338379,1.7487648725509644,0.9992942810058594,0.645113468170166,time_out,0.5509999990463257,4.862500190734863,0.3596431612968445
uniform,0,3,70,999,0.049562517553567886,0.05051295831799507,1.7465331554412842,1.746496319770813,0.9979979395866394,0.6296603083610535,time_out,0.5462499856948853,4.887499809265137,0.35733941197395325
uniform,0,3,71,999,0.062010060995817184,0.06294805556535721,1.6445809602737427,1.6445605754852295,0.9397489428520203,0.7219935655593872,time_out,0.6165000200271606,4.612500190734863,0.35654428601264954
uniform,0,3,72,999,0.05033218115568161,0.051281850785017014,1.7096401453018188,1.7096182107925415,0.9769247174263,0.6577854156494141,time_out,0.5679999589920044,4.775000095367432,0.35803520679473877
uniform,0,3,73,999,0.04711643606424332,0.04806932434439659,1.742937684059143,1.7429261207580566,0.9959578514099121,0.670039713382721,time_out,0.5674999952316284,4.800000190734863,0.3631095886230469
uniform,0,3,74,999,0.054826367646455765,0.05577154457569122,1.658992052078247,1.6588302850723267,0.947903037071228,0.7167401313781738,time_out,0.6075000166893005,4.637499809265137,0.35769927501678467
uniform,0,3,75,999,0.05226979777216911,0.053217530250549316,1.6625864505767822,1.6625707149505615,0.9500404596328735,0.7284961342811584,time_out,0.6159999966621399,4.599999904632568,0.3614284098148346
uniform,0,3,76,999,0.04350734129548073,0.044463835656642914,1.709365963935852,1.7093474864959717,0.9767700433731079,0.705696702003479,time_out,0.5929999947547913,4.699999809265137,0.36369097232818604
uniform,0,3,77,999,0.04817672446370125,0.04912855103611946,1.7382724285125732,1.738248586654663,0.9932849407196045,0.6844184994697571,time_out,0.5799999833106995,4.75,0.36594706773757935
uniform,0,3,78,999,0.04959062486886978,0.05054103583097458,1.7566241025924683,1.7565964460372925,1.0037693977355957,0.6492765545845032,time_out,0.5540000200271606,4.849999904632568,0.3621848523616791
uniform,0,3,79,999,0.0490005761384964,0.04995157942175865,1.6890387535095215,1.6890008449554443,0.9651433825492859,0.7120523452758789,time_out,0.6044999957084656,4.625,0.3651893734931946
uniform,0,3,80,999,0.043623097240924835,0.04457947611808777,1.6984477043151855,1.6984434127807617,0.9705391526222229,0.6950772404670715,time_out,0.5865000486373901,4.712499618530273,0.3604124188423157
uniform,0,3,81,999,0.043615009635686874,0.0445713996887207,1.7204371690750122,1.7204253673553467,0.9831002354621887,0.6558782458305359,time_out,0.565500020980835,4.787500381469727,0.3593577444553375
uniform,0,3,82,999,0.045729707926511765,0.04668398201465607,1.740126609802246,1.7401100397109985,0.9943486452102661,0.6927619576454163,time_out,0.5809999704360962,4.712499618530273,0.36925414204597473
uniform,0,3,83,999,0.0432424359023571,0.04419919475913048,1.7061171531677246,1.7061139345169067,0.9749222993850708,0.7045502066612244,time_out,0.593500018119812,4.675000190734863,0.36494413018226624
uniform,0,3,84,999,0.04843657463788986,0.04938814043998718,1.739521861076355,1.739521861076355,0.9940125346183777,0.6633707880973816,time_out,0.565750002861023,4.800000190734863,0.3624003827571869
uniform,0,3,85,999,0.05020984262228012,0.051159635186195374,1.7302128076553345,1.7302128076553345,0.9886930584907532,0.6643739342689514,time_out,0.5690000057220459,4.800000190734863,0.3604609966278076
uniform,0,3,86,999,0.043370090425014496,0.044326722621917725,1.6925151348114014,1.6924632787704468,0.9671218991279602,0.7006011009216309,time_out,0.5917500257492065,4.699999809265137,0.36009857058525085
uniform,0,3,87,999,0.0606316402554512,0.06157100945711136,1.6707780361175537,1.6707730293273926,0.9547274708747864,0.7332116365432739,time_out,0.6157500147819519,4.599999904632568,0.3632115423679352
uniform,0,3,88,999,0.06562703102827072,0.06656140089035034,1.6380029916763306,1.6375449895858765,0.935740053653717,0.7172470092773438,time_out,0.6142500042915344,4.587500095367432,0.3569580316543579
uniform,0,3,89,999,0.05812252312898636,0.05906440317630768,1.7715644836425781,1.7715641260147095,1.0123224258422852,0.6487857699394226,time_out,0.5517499446868896,4.875,0.3633977770805359
uniform,0,3,90,999,0.05097133293747902,0.05192036181688309,1.6917073726654053,1.6916953325271606,0.9666830897331238,0.6903682947158813,time_out,0.5872499942779541,4.699999809265137,0.3599351942539215
uniform,0,3,91,999,0.048247113823890686,0.04919886961579323,1.7376723289489746,1.7376478910446167,0.992941677570343,0.6473526954650879,time_out,0.5582500100135803,4.824999809265137,0.3601343035697937
uniform,0,3,92,999,0.048180077224969864,0.04913190007209778,1.752598762512207,1.7525631189346313,1.0014647245407104,0.6466177701950073,time_out,0.5492500066757202,4.849999904632568,0.36135321855545044
uniform,0,3,93,999,0.04996829107403755,0.050918325781822205,1.7436611652374268,1.743621826171875,0.9963553547859192,0.6556773781776428,time_out,0.559249997138977,4.824999809265137,0.3613724112510681
uniform,0,3,94,999,0.04863618686795235,0.04958755522966385,1.7357044219970703,1.7356981039047241,0.9918275475502014,0.6504505276679993,time_out,0.559499979019165,4.837499618530273,0.3588006794452667
uniform,0,3,95,999,0.044978659600019455,0.04593368247151375,1.696820616722107,1.6968060731887817,0.9696035385131836,0.701376736164093,time_out,0.5917499661445618,4.699999809265137,0.36102259159088135
uniform,0,3,96,999,0.05491410568356514,0.055859193205833435,1.703579306602478,1.7035515308380127,0.9734580516815186,0.6648762822151184,time_out,0.5722500085830688,4.775000095367432,0.35676470398902893
uniform,0,3,97,999,0.04515849053859711,0.046113334596157074,1.726413369178772,1.7263877391815186,0.9865072965621948,0.6541777849197388,time_out,0.5614999532699585,4.800000190734863,0.35966411232948303
uniform,0,3,98,999,0.04562362655997276,0.04657800495624542,1.711647629737854,1.7116212844848633,0.9780693650245667,0.6700544357299805,time_out,0.5755000114440918,4.737500190734863,0.3612920641899109
uniform,0,3,99,999,0.05495475232601166,0.05589980259537697,1.7533143758773804,1.7533053159713745,1.0018887519836426,0.6251906752586365,time_out,0.5392500162124634,4.900000095367432,0.3578174114227295
uniform,0,4,0,999,0.06111200526356697,0.062050893902778625,2.1260576248168945,2.1260173320770264,0.9448965787887573,0.9274771809577942,time_out,0.609000027179718,4.75,0.4475826025009155
uniform,0,4,1,999,0.05028420314192772,0.051233921200037,2.2316040992736816,2.2315609455108643,0.9918048977851868,0.8369348645210266,time_out,0.5595000386238098,4.974999904632568,0.44855496287345886
uniform,0,4,2,999,0.05100107938051224,0.05195007845759392,2.1574995517730713,2.1574742794036865,0.958877444267273,0.9273108839988708,time_out,0.6067500114440918,4.775000095367432,0.4518270790576935
uniform,0,4,3,999,0.049049895256757736,0.05000085011124611,2.2134268283843994,2.2133712768554688,0.983720600605011,0.9013301730155945,time_out,0.5885000228881836,4.875,0.45402488112449646
uniform,0,4,4,999,0.05201786756515503,0.05296585336327553,2.2174594402313232,2.2174124717712402,0.9855166673660278,0.9018276929855347,time_out,0.5910000205039978,4.849999904632568,0.45719847083091736
uniform,0,4,5,999,0.047293804585933685,0.048246510326862335,2.226118326187134,2.2260653972625732,0.9893624186515808,0.8346951007843018,time_out,0.5575000047683716,4.974999904632568,0.44745033979415894
uniform,0,4,6,999,0.05079035833477974,0.05173956975340843,2.241594076156616,2.241536855697632,0.9962385892868042,0.8789340257644653,time_out,0.5764999985694885,4.912500381469727,0.45629245042800903
uniform,0,4,7,999,0.04598340019583702,0.04693741723895073,2.176487922668457,2.1764333248138428,0.9673036932945251,0.9241617321968079,time_out,0.6077500581741333,4.775000095367432,0.45579755306243896
uniform,0,4,8,999,0.0559183768928051,0.05686245858669281,2.2609987258911133,2.2609634399414062,1.0048726797103882,0.8383913636207581,time_out,0.5559999942779541,4.974999904632568,0.45446503162384033
uniform,0,4,9,999,0.055446822196245193,0.05639138072729111,2.1718733310699463,2.1718297004699707,0.9652576446533203,0.8953627347946167,time_out,0.5917500257492065,4.824999809265137,0.45012015104293823
uniform,0,4,10,999,0.043030187487602234,0.04398715868592262,2.218968391418457,2.218890905380249,0.9861737489700317,0.8493847250938416,time_out,0.5687500238418579,4.974999904632568,0.44600823521614075
uniform,0,4,11,999,0.051701731979846954,0.05265003442764282,2.2395317554473877,2.2394819259643555,0.9953253269195557,0.8544590473175049,time_out,0.5677499771118164,4.962499618530273,0.45128104090690613
uniform,0,4,12,999,0.04542843997478485,0.04638301208615303,2.229701280593872,2.229649543762207,0.9909553527832031,0.8374650478363037,time_out,0.5544999837875366,4.974999904632568,0.4481707811355591
uniform,0,4,13,999,0.04630114883184433,0.04725484922528267,2.198103666305542,2.198063611984253,0.9769171476364136,0.837278425693512,time_out,0.5637499690055847,4.974999904632568,0.4418218433856964
uniform,0,4,14,999,0.0555574893951416,0.05650193244218826,2.2545275688171387,2.25447940826416,1.0019909143447876,0.8387761116027832,time_out,0.5484999418258667,5.0,0.45089587569236755
uniform,0,4,15,999,0.05083070695400238,0.05177987739443779,2.2189831733703613,2.2189183235168457,0.9861859083175659,0.8775081634521484,time_out,0.5765000581741333,4.912500381469727,0.45168817043304443
uniform,0,4,16,999,0.05721346661448479,0.05815625563263893,2.137704610824585,2.1376686096191406,0.9500749707221985,0.918438196182251,time_out,0.6117500066757202,4.712499618530273,0.4536167085170746
uniform,0,4,17,999,0.05357201397418976,0.0545184426009655,2.2397310733795166,2.239670753479004,0.9954092502593994,0.8374494910240173,time_out,0.5527499914169312,4.974999904632568,0.450185090303421
uniform,0,4,18,999,0.0583174042403698,0.059259090572595596,2.257622718811035,2.2575716972351074,1.003365159034729,0.8331456184387207,time_out,0.5475000143051147,5.0,0.451514333486557
uniform,0,4,19,999,0.052653104066848755,0.053600456565618515,2.1730329990386963,2.1729633808135986,0.9657614827156067,0.9027772545814514,time_out,0.5945000052452087,4.775000095367432,0.4550708532333374
uniform,0,4,20,999,0.05197426304221153,0.052922289818525314,2.1569414138793945,2.1569178104400635,0.9586301445960999,0.9274400472640991,time_out,0.6052500009536743,4.775000095367432,0.4517105221748352
uniform,0,4,21,999,0.04971250519156456,0.05066279321908951,2.2298026084899902,2.2297520637512207,0.9910009503364563,0.8355803489685059,time_out,0.5517500042915344,4.974999904632568,0.448191374540329
uniform,0,4,22,999,0.056664399802684784,0.0576077364385128,2.2393252849578857,2.2392725944519043,0.9952322840690613,0.8384719491004944,time_out,0.5522500276565552,5.0,0.44785451889038086
uniform,0,4,23,999,0.04734242707490921,0.04829508811235428,2.210061550140381,2.210031270980835,0.9822361469268799,0.8814968466758728,time_out,0.5827500224113464,4.900000095367432,0.4510267674922943
uniform,0,4,24,999,0.051341041922569275,0.052289701998233795,2.1546645164489746,2.1546173095703125,0.9576076865196228,0.9338553547859192,time_out,0.6079999804496765,4.75,0.4536036550998688
uniform,0,4,25,999,0.0544467531144619,0.0553923100233078,2.153839111328125,2.1537911891937256,0.9572405219078064,0.934033989906311,time_out,0.6100000143051147,4.75,0.4534297287464142
uniform,0,4,26,999,0.0487365648150444,0.04968782886862755,2.1944024562835693,2.1943562030792236,0.9752694368362427,0.8428286910057068,time_out,0.5644999742507935,4.949999809265137,0.44330430030822754
uniform,0,4,27,999,0.05741859972476959,0.05836118385195732,2.2282984256744385,2.2282350063323975,0.9903267025947571,0.8324586749076843,time_out,0.5557500123977661,4.974999904632568,0.4478864371776581
uniform,0,4,28,999,0.04857620224356651,0.04952763020992279,2.234504461288452,2.2344748973846436,0.9930999875068665,0.8324503302574158,time_out,0.5584999918937683,4.974999904632568,0.4491406977176666
uniform,0,4,29,999,0.04938526451587677,0.05033588409423828,2.170977830886841,2.170952320098877,0.9648677110671997,0.9189339876174927,time_out,0.6010000109672546,4.800000190734863,0.4522817134857178
uniform,0,4,30,999,0.05938355252146721,0.06032417342066765,2.149893045425415,2.1498546600341797,0.9554909467697144,0.9167988896369934,time_out,0.6057499647140503,4.75,0.45260098576545715
uniform,0,4,31,999,0.04583343118429184,0.046787600964307785,2.2023353576660156,2.20229172706604,0.9787963032722473,0.9061880111694336,time_out,0.593500018119812,4.824999809265137,0.4564335346221924
uniform,0,4,32,999,0.048891182988882065,0.04984229430556297,2.1653685569763184,2.165321111679077,0.9623649716377258,0.9035509824752808,time_out,0.5957499742507935,4.775000095367432,0.453470379114151
uniform,0,4,33,999,0.04923054575920105,0.0501813180744648,2.2498316764831543,2.249769449234009,0.9998975396156311,0.8348173499107361,time_out,0.550000011920929,4.987500190734863,0.4510815739631653
uniform,0,4,34,999,0.058280594646930695,0.05922231450676918,2.150806188583374,2.150778293609619,0.9559014439582825,0.9167355895042419,time_out,0.6060000061988831,4.775000095367432,0.45042476058006287
uniform,0,4,35,999,0.06968097388744354,0.07061129063367844,2.2913317680358887,2.2912604808807373,1.0183379650115967,0.8440065979957581,time_out,0.5527499914169312,5.0,0.45825210213661194
uniform,0,4,36,999,0.049505434930324554,0.050455931574106216,2.1865851879119873,2.186537265777588,0.9717943668365479,0.8263356685638428,time_out,0.5602500438690186,4.962499618530273,0.4406120777130127
uniform,0,4,37,999,0.04408221319317818,0.0450381338596344,2.2109172344207764,2.2108540534973145,0.9826018214225769,0.8447901606559753,time_out,0.5632500052452087,4.974999904632568,0.44439277052879333
uniform,0,4,38,999,0.06583686918020248,0.06677103787660599,2.1259894371032715,2.125917911529541,0.9448524117469788,0.9357852935791016,time_out,0.6132500171661377,4.75,0.447561651468277
uniform,0,4,39,999,0.05477675050497055,0.05572197586297989,2.2301998138427734,2.2301695346832275,0.9911864399909973,0.9137718081474304,time_out,0.5910000205039978,4.849999904632568,0.45982876420021057
uniform,0,4,40,999,0.04616319015622139,0.04711702838540077,2.213294744491577,2.213254690170288,0.9836687445640564,0.8790396451950073,time_out,0.5815000534057617,4.900000095367432,0.4516846239566803
uniform,0,4,41,999,0.052095770835876465,0.053043678402900696,2.1771204471588135,2.177082061767578,0.9675920605659485,0.896945595741272,time_out,0.5920000076293945,4.837499618530273,0.45004284381866455
uniform,0,4,42,999,0.05734224617481232,0.058284908533096313,2.136481285095215,2.13643217086792,0.9495254158973694,0.9205122590065002,time_out,0.6027500033378601,4.775000095367432,0.4474203288555145
uniform,0,4,43,999,0.050379712134599686,0.05132933706045151,2.1846189498901367,2.1845834255218506,0.9709259867668152,0.9307080507278442,time_out,0.6062500476837158,4.775000095367432,0.45750436186790466
uniform,0,4,44,999,0.0542013943195343,0.0551471970975399,2.1895129680633545,2.1894757747650146,0.9731003642082214,0.9467480182647705,time_out,0.609749972820282,4.762499809265137,0.4597324728965759
uniform,0,4,45,999,0.0622149296104908,0.06315271556377411,2.2710793018341064,2.2710213661193848,1.0093427896499634,0.8394243717193604,time_out,0.5557500123977661,4.974999904632568,0.45648670196533203
uniform,0,4,46,999,0.05435977876186371,0.055305421352386475,2.178464412689209,2.17842435836792,0.9681885838508606,0.920939028263092,time_out,0.6024999618530273,4.775000095367432,0.4562145173549652
uniform,0,4,47,999,0.05332232639193535,0.054269008338451385,2.1584537029266357,2.158390998840332,0.9592849016189575,0.9042019248008728,time_out,0.5964999794960022,4.800000190734863,0.44966477155685425
uniform,0,4,48,999,0.05466403067111969,0.05560937151312828,2.18174409866333,2.1804168224334717,0.9690741300582886,0.8674598336219788,time_out,0.5805000066757202,4.875,0.44726499915122986
uniform,0,4,49,999,0.07081694155931473,0.07174612581729889,2.194410800933838,2.191744327545166,0.9741085767745972,0.8140897154808044,time_out,0.5514999628067017,4.925000190734863,0.4450242221355438
uniform,0,4,50,999,0.04859008267521858,0.049541495740413666,2.2223474979400635,2.2223196029663086,0.9876976013183594,0.8523412942886353,time_out,0.5682500004768372,4.962499618530273,0.447822630405426
uniform,0,4,51,999,0.056500185281038284,0.057443685829639435,2.1899309158325195,2.1898741722106934,0.9732773900032043,0.9078919291496277,time_out,0.5957499742507935,4.824999809265137,0.45385995507240295
uniform,0,4,52,999,0.05158033221960068,0.052528753876686096,2.2417118549346924,2.241640090942383,0.9962844848632812,0.8354195356369019,time_out,0.5497499704360962,4.974999904632568,0.4505809247493744
uniform,0,4,53,999,0.043329279869794846,0.04428595304489136,2.2126643657684326,2.212622880935669,0.9833879470825195,0.8765282034873962,time_out,0.5832499861717224,4.900000095367432,0.45155566930770874
uniform,0,4,54,999,0.05468013510107994,0.05562545731663704,2.1707375049591064,2.1707041263580322,0.9647573828697205,0.9021270871162415,time_out,0.5977499485015869,4.775000095367432,0.45459771156311035
uniform,0,4,55,999,0.05395672470331192,0.05490276962518692,2.2465806007385254,2.246533155441284,0.9984591603279114,0.8381385803222656,time_out,0.5554999709129333,4.974999904632568,0.4515644609928131
uniform,0,4,56,999,0.06024164706468582,0.061181407421827316,2.1555066108703613,2.1554555892944336,0.9579802751541138,0.9176507592201233,time_out,0.6024999618530273,4.75,0.4537801146507263
uniform,0,4,57,999,0.05406162887811661,0.05500756949186325,2.2164597511291504,2.2164175510406494,0.9850744605064392,0.8302672505378723,time_out,0.5544999837875366,4.962499618530273,0.4466332793235779
uniform,0,4,58,999,0.04588918760418892,0.04684330150485039,2.2318062782287598,2.2317800521850586,0.991902232170105,0.8356308937072754,time_out,0.559249997138977,4.974999904632568,0.4485990107059479
uniform,0,4,59,999,0.04890231788158417,0.04985341802239418,2.1714837551116943,2.171448230743408,0.9650881290435791,0.9064084887504578,time_out,0.5977499485015869,4.800000190734863,0.4523850381374359
uniform,0,4,60,999,0.055812153965234756,0.05675634369254112,2.2404122352600098,2.2403597831726074,0.9957154393196106,0.8365672826766968,time_out,0.5564999580383301,4.974999904632568,0.45032358169555664
uniform,0,4,61,999,0.04578070715069771,0.04673492908477783,2.1984734535217285,2.198425769805908,0.9770781397819519,0.8881086707115173,time_out,0.5862500071525574,4.887499809265137,0.4498057961463928
uniform,0,4,62,999,0.04541083425283432,0.04636542871594429,2.2140650749206543,2.214014768600464,0.9840065836906433,0.8381662368774414,time_out,0.5605000257492065,4.974999904632568,0.4450280964374542
uniform,0,4,63,999,0.05226318538188934,0.05321092531085014,2.2011568546295166,2.201098918914795,0.978266179561615,0.8662346005439758,time_out,0.5744999647140503,4.925000190734863,0.4469236135482788
uniform,0,4,64,999,0.050017647445201874,0.05096762999892235,2.2250025272369385,2.224963665008545,0.988872766494751,0.8337773680686951,time_out,0.5632500052452087,4.974999904632568,0.44722887873649597
uniform,0,4,65,999,0.07226046174764633,0.07318820804357529,2.0916290283203125,2.0915870666503906,0.9295942783355713,0.9182816743850708,time_out,0.6192499995231628,4.699999809265137,0.4450185298919678
uniform,0,4,66,999,0.04710660129785538,0.04805949702858925,2.2114450931549072,2.211392402648926,0.9828410744667053,0.850572943687439,time_out,0.5699999928474426,4.9375,0.4478769302368164
uniform,0,4,67,999,0.058595187962055206,0.05953659862279892,2.2750656604766846,2.2750067710876465,1.0111141204833984,0.8370845317840576,time_out,0.5464999675750732,5.0,0.4550013542175293
uniform,0,4,68,999,0.047404754906892776,0.04835735261440277,2.1924057006835938,2.192392110824585,0.9743965268135071,0.9017415642738342,time_out,0.594249963760376,4.849999904632568,0.4520396292209625
uniform,0,4,69,999,0.050663817673921585,0.051613159477710724,2.234956741333008,2.234905958175659,0.9932915568351746,0.8370546102523804,time_out,0.5537500381469727,4.987500190734863,0.4481014311313629
uniform,0,4,70,999,0.06099100410938263,0.06193001568317413,2.2771472930908203,2.277099370956421,1.0120441913604736,0.8346289396286011,time_out,0.5534999966621399,4.974999904632568,0.4577084183692932
uniform,0,4,71,999,0.05712220445275307,0.05806508660316467,2.1444754600524902,2.1444268226623535,0.95307856798172,0.9201613664627075,time_out,0.6092499494552612,4.762499809265137,0.4502733647823334
uniform,0,4,72,999,0.04462101310491562,0.045576393604278564,2.218944549560547,2.2188892364501953,0.9861729741096497,0.8455150723457336,time_out,0.559249997138977,4.974999904632568,0.4460079073905945
uniform,0,4,73,999,0.044492367655038834,0.045447878539562225,2.2252628803253174,2.2252132892608643,0.988983690738678,0.8516343235969543,time_out,0.5662499666213989,4.974999904632568,0.44727906584739685
uniform,0,4,74,999,0.05191105604171753,0.05285914987325668,2.1436750888824463,2.1436336040496826,0.9527260661125183,0.9124649167060852,time_out,0.6029999852180481,4.775000095367432,0.44892850518226624
uniform,0,4,75,999,0.056645434349775314,0.057588789612054825,2.1516273021698,2.151571035385132,0.9562538266181946,0.9219673871994019,time_out,0.6067500114440918,4.75,0.45296230912208557
uniform,0,4,76,999,0.05148811638355255,0.05243662744760513,2.180325746536255,2.18025803565979,0.9690035581588745,0.9007863402366638,time_out,0.5945000052452087,4.849999904632568,0.4495377540588379
uniform,0,4,77,999,0.055643122643232346,0.05658748000860214,2.1865453720092773,2.1865036487579346,0.9717794060707092,0.8699475526809692,time_out,0.5827499628067017,4.900000095367432,0.44622522592544556
uniform,0,4,78,999,0.049632154405117035,0.05058252438902855,2.247544288635254,2.247465133666992,0.9988734126091003,0.8389275670051575,time_out,0.5559999942779541,4.974999904632568,0.45175179839134216
uniform,0,4,79,999,0.050065089017152786,0.05101502314209938,2.1713554859161377,2.1713123321533203,0.9650276899337769,0.9043135643005371,time_out,0.5977499485015869,4.775000095367432,0.45472508668899536
uniform,0,4,80,999,0.048988550901412964,0.04993956536054611,2.209094524383545,2.209043502807617,0.9817970991134644,0.9003407955169678,time_out,0.5887500047683716,4.875,0.4531371295452118
uniform,0,4,81,999,0.04414764419198036,0.04510349780321121,2.210110902786255,2.210069417953491,0.9822530746459961,0.8397996425628662,time_out,0.5640000104904175,4.974999904632568,0.44423505663871765
uniform,0,4,82,999,0.055933158844709396,0.05687722563743591,2.2207515239715576,2.220731019973755,0.9869915843009949,0.8873788714408875,time_out,0.5852499604225159,4.875,0.45553457736968994
uniform,0,4,83,999,0.04664028435945511,0.04759364575147629,2.206533908843994,2.206472635269165,0.9806545376777649,0.9092172980308533,time_out,0.593500018119812,4.849999904632568,0.45494282245635986
uniform,0,4,84,999,0.04811690375208855,0.049068789929151535,2.194699287414551,2.194645404815674,0.9753979444503784,0.8429875373840332,time_out,0.5682499408721924,4.949999809265137,0.4433627128601074
uniform,0,4,85,999,0.0460333526134491,0.046987321227788925,2.216554641723633,2.2165024280548096,0.985112190246582,0.8502568602561951,time_out,0.5662500262260437,4.949999809265137,0.44777828454971313
uniform,0,4,86,999,0.04490496963262558,0.04586006700992584,2.206683874130249,2.2066471576690674,0.9807320833206177,0.9034906625747681,time_out,0.5882499814033508,4.849999904632568,0.4549787938594818
uniform,0,4,87,999,0.05504380539059639,0.05598876625299454,2.13948392868042,2.1394708156585693,0.9508759379386902,0.9283367395401001,time_out,0.6127499938011169,4.75,0.45041489601135254
uniform,0,4,88,999,0.0821821466088295,0.08309996873140335,2.0693440437316895,2.069296360015869,0.9196872711181641,0.8967695832252502,time_out,0.60875004529953,4.699999809265137,0.4402758479118347
uniform,0,4,89,999,0.057604141533374786,0.05854653939604759,2.27408504486084,2.274035692214966,1.0106825828552246,0.8403493762016296,time_out,0.5562499761581421,4.974999904632568,0.45709261298179626
uniform,0,4,90,999,0.0467076301574707,0.04766092449426651,2.218909978866577,2.218893527984619,0.9861748814582825,0.8930191397666931,time_out,0.5870000123977661,4.875,0.45515763759613037
uniform,0,4,91,999,0.056148648262023926,0.05709250271320343,2.1921043395996094,2.1920664310455322,0.9742517471313477,0.8315944075584412,time_out,0.5612500309944153,4.962499618530273,0.4417262673377991
uniform,0,4,92,999,0.04993204399943352,0.050882112234830856,2.232847213745117,2.232788562774658,0.9923504590988159,0.8347955346107483,time_out,0.5525000095367432,4.974999904632568,0.448801726102829
uniform,0,4,93,999,0.04701867699623108,0.047971658408641815,2.2100119590759277,2.209969997406006,0.9822089076042175,0.8315480947494507,time_out,0.5632500052452087,4.949999809265137,0.4464586079120636
uniform,0,4,94,999,0.04641781374812126,0.04737139865756035,2.205191135406494,2.2051432132720947,0.9800636768341064,0.8330911993980408,time_out,0.5605000257492065,4.949999809265137,0.4454835057258606
uniform,0,4,95,999,0.0577753446996212,0.058717574924230576,2.187077045440674,2.1870410442352295,0.9720182418823242,0.898796558380127,time_out,0.5952500104904175,4.837499618530273,0.45210152864456177
uniform,0,4,96,999,0.05216163396835327,0.05310947820544243,2.2122738361358643,2.212228298187256,0.9832125902175903,0.8539413213729858,time_out,0.5647499561309814,4.962499618530273,0.445789098739624
uniform,0,4,97,999,0.04401231184601784,0.04496830329298973,2.219132900238037,2.219062566757202,0.9862500429153442,0.8385915756225586,time_out,0.5614999532699585,4.974999904632568,0.4460427463054657
uniform,0,4,98,999,0.04988519474864006,0.05083531141281128,2.205758810043335,2.20570707321167,0.9803142547607422,0.8597550988197327,time_out,0.5715000033378601,4.949999809265137,0.44559741020202637
uniform,0,4,99,999,0.05411101505160332,0.05505690723657608,2.2583389282226562,2.2582647800445557,1.0036731958389282,0.8343679308891296,time_out,0.5525000095367432,5.0,0.4516529440879822
uniform,0,5,0,999,0.9192260503768921,0.9193068742752075,0.2249155044555664,0.22488199174404144,0.08177527040243149,0.18272987008094788,time_out,0.7994999885559082,3.125,0.07196223735809326
uniform,0,5,1,999,0.7737566828727722,0.7739829421043396,0.6250060200691223,0.6249218583106995,0.2272443175315857,0.27312496304512024,time_out,0.6087499856948853,4.0625,0.15382692217826843
uniform,0,5,2,999,0.9158868193626404,0.9159709811210632,0.239637091755867,0.2340647578239441,0.08511445671319962,0.1845470666885376,time_out,0.8067499995231628,3.012500047683716,0.07769784331321716
uniform,0,5,3,999,0.8738905787467957,0.8740167021751404,0.35053014755249023,0.3495538532733917,0.12711049616336823,0.21501411497592926,time_out,0.7277500033378601,3.5250000953674316,0.0991642102599144
uniform,0,5,4,999,0.846483588218689,0.8466371297836304,0.42699742317199707,0.4249209463596344,0.15451671183109283,0.23496104776859283,time_out,0.703249990940094,3.7250001430511475,0.11407273262739182
uniform,0,5,5,999,0.7652459144592285,0.7654806971549988,0.6508088707923889,0.6483250856399536,0.2357545793056488,0.2763136327266693,time_out,0.5975000262260437,4.0625,0.15958771109580994
uniform,0,5,6,999,0.818562388420105,0.818743884563446,0.5017465353012085,0.5017061233520508,0.18243859708309174,0.2509477734565735,time_out,0.6584999561309814,3.9124999046325684,0.12823159992694855
uniform,0,5,7,999,0.8939071297645569,0.8940132856369019,0.2957412898540497,0.29450762271881104,0.1070936843752861,0.20215895771980286,time_out,0.7730000019073486,3.4124999046325684,0.08630260080099106
uniform,0,5,8,999,0.753671407699585,0.7539177536964417,0.680204451084137,0.6801570653915405,0.24732984602451324,0.2813636064529419,time_out,0.5924999713897705,4.087499618530273,0.1663993000984192
uniform,0,5,9,999,0.8730441331863403,0.8731711506843567,0.35410866141319275,0.3518814444541931,0.12795689702033997,0.21245573461055756,time_out,0.7330000400543213,3.487499952316284,0.1008979082107544
uniform,0,5,10,999,0.7894906401634216,0.7897012233734131,0.5817127227783203,0.5816535353660583,0.21151039004325867,0.26517704129219055,time_out,0.6299999952316284,3.950000047683716,0.1472540646791458
uniform,0,5,11,999,0.8156641125679016,0.8158484697341919,0.5164093375205994,0.5096762180328369,0.18533681333065033,0.25043922662734985,time_out,0.6417499780654907,3.6624999046325684,0.13916075229644775
uniform,0,5,12,999,0.762601375579834,0.7628387808799744,0.6556810140609741,0.6555986404418945,0.23839950561523438,0.2810755968093872,time_out,0.6024999618530273,4.099999904632568,0.15990211069583893
uniform,0,5,13,999,0.7848050594329834,0.7850202918052673,0.5947532057762146,0.5945407748222351,0.21619665622711182,0.26543280482292175,time_out,0.6234999895095825,3.9749999046325684,0.14957000315189362
uniform,0,5,14,999,0.7461192011833191,0.7463731169700623,0.7010213732719421,0.7009245157241821,0.2548816502094269,0.2836807072162628,time_out,0.5795000195503235,4.137499809265137,0.16940774023532867
uniform,0,5,15,999,0.8418978452682495,0.8420560359954834,0.437604159116745,0.4375355541706085,0.15910384058952332,0.23715950548648834,time_out,0.674750030040741,3.7750000953674316,0.11590345203876495
uniform,0,5,16,999,0.91221684217453,0.912304699420929,0.24419660866260529,0.2441571056842804,0.08878440409898758,0.18380314111709595,time_out,0.8215000033378601,3.1875,0.07659830898046494
uniform,0,5,17,999,0.7695702910423279,0.7698007822036743,0.6364896893501282,0.6364361643791199,0.23143133521080017,0.27227744460105896,time_out,0.6000000238418579,4.050000190734863,0.1571447253227234
uniform,0,5,18,999,0.7386462092399597,0.7389076352119446,0.7215635180473328,0.7214774489402771,0.2623554468154907,0.28811198472976685,time_out,0.5722500085830688,4.212499618530273,0.17127062380313873
uniform,0,5,19,999,0.8647481799125671,0.8648834824562073,0.37577125430107117,0.374695360660553,0.13625286519527435,0.2190607488155365,time_out,0.7409999966621399,3.6624999046325684,0.10230590403079987
uniform,0,5,20,999,0.9261443018913269,0.9262182116508484,0.2123844027519226,0.20585688948631287,0.07485705614089966,0.17274953424930573,time_out,0.812250018119812,2.9375,0.07007893919944763
uniform,0,5,21,999,0.7541064620018005,0.7543523907661438,0.6790391206741333,0.6789596080780029,0.24689440429210663,0.2810985743999481,time_out,0.5885000228881836,4.099999904632568,0.16559991240501404
uniform,0,5,22,999,0.7476037740707397,0.7478561997413635,0.6968961954116821,0.6968424916267395,0.25339728593826294,0.28262603282928467,time_out,0.5855000019073486,4.200000286102295,0.1659148633480072
uniform,0,5,23,999,0.8514230251312256,0.8515716195106506,0.411400705575943,0.4113393723964691,0.14957796037197113,0.22587041556835175,time_out,0.6990000009536743,3.6875,0.11154966056346893
uniform,0,5,24,999,0.9222037196159363,0.9222815632820129,0.2191687375307083,0.2166932076215744,0.07879753410816193,0.17971539497375488,time_out,0.8147500157356262,3.0250000953674316,0.07163411378860474
uniform,0,5,25,999,0.9173396229743958,0.917422354221344,0.23126932978630066,0.23006783425807953,0.0836610347032547,0.18152765929698944,time_out,0.8142499923706055,2.950000047683716,0.07798909395933151
uniform,0,5,26,999,0.8195929527282715,0.8197734355926514,0.508305549621582,0.49887174367904663,0.18140791356563568,0.24930045008659363,time_out,0.6325000524520874,3.5874998569488525,0.13905833661556244
uniform,0,5,27,999,0.7440575957298279,0.7443135976791382,0.7066255807876587,0.7065917253494263,0.2569424510002136,0.28734439611434937,time_out,0.5862499475479126,4.150000095367432,0.17026306688785553
uniform,0,5,28,999,0.7707856297492981,0.7710148692131042,0.6331554055213928,0.6330928206443787,0.23021557927131653,0.27371299266815186,time_out,0.6015000343322754,4.012499809265137,0.15778015553951263
uniform,0,5,29,999,0.907045841217041,0.9071388244628906,0.26195329427719116,0.258377343416214,0.093955397605896,0.1890140175819397,time_out,0.784500002861023,3.012500047683716,0.08576840907335281
uniform,0,5,30,999,0.8900378346443176,0.890147864818573,0.30521076917648315,0.3051503896713257,0.11096378415822983,0.20577172935009003,time_out,0.7769999504089355,3.512500047683716,0.0868755578994751
uniform,0,5,31,999,0.8767474293708801,0.8768706917762756,0.34176674485206604,0.3416990637779236,0.12425421178340912,0.21452495455741882,time_out,0.7335000038146973,3.5625,0.0959155261516571
uniform,0,5,32,999,0.8825021386146545,0.8826196789741516,0.32755038142204285,0.3258725106716156,0.11849910020828247,0.208540678024292,time_out,0.7702499628067017,3.4000000953674316,0.09584484994411469
uniform,0,5,33,999,0.7457205653190613,0.7459748983383179,0.7020946741104126,0.7020211219787598,0.25528040528297424,0.2863626778125763,time_out,0.5800000429153442,4.150000095367432,0.16916170716285706
uniform,0,5,34,999,0.8929452896118164,0.8930523991584778,0.298125296831131,0.2971530556678772,0.10805565863847733,0.20219872891902924,time_out,0.7680000066757202,3.4125001430511475,0.08707781136035919
uniform,0,5,35,999,0.7365676164627075,0.7368310689926147,0.7272427678108215,0.7271910309791565,0.2644331157207489,0.2941851317882538,time_out,0.5787500143051147,4.1875,0.17365756630897522
uniform,0,5,36,999,0.7672271728515625,0.7674599885940552,0.6429580450057983,0.6428795456886292,0.23377439379692078,0.26989272236824036,time_out,0.606249988079071,4.087500095367432,0.15727940201759338
uniform,0,5,37,999,0.7997573018074036,0.7999575734138489,0.5534794926643372,0.5534220337867737,0.20124438405036926,0.2577277719974518,time_out,0.6354999542236328,3.950000047683716,0.14010684192180634
uniform,0,5,38,999,0.9404452443122864,0.9405048489570618,0.16971395909786224,0.16652651131153107,0.060555096715688705,0.15871894359588623,time_out,0.8475000262260437,2.5124998092651367,0.06627921015024185
uniform,0,5,39,999,0.8529223203659058,0.8530694246292114,0.4072587788105011,0.4072178900241852,0.14807923138141632,0.22981391847133636,time_out,0.7094999551773071,3.7124998569488525,0.10968832671642303
uniform,0,5,40,999,0.8341178894042969,0.8342837691307068,0.458990216255188,0.45892930030822754,0.16688339412212372,0.23972249031066895,time_out,0.671750009059906,3.8249998092651367,0.11998151987791061
uniform,0,5,41,999,0.878584086894989,0.8787055611610413,0.3383021056652069,0.3366468846797943,0.12241705507040024,0.20860551297664642,time_out,0.7409999966621399,3.4375,0.09793364256620407
uniform,0,5,42,999,0.9170905351638794,0.9171735048294067,0.2341030091047287,0.23075464367866516,0.08391078561544418,0.18025074899196625,time_out,0.7835000157356262,3.012500047683716,0.07659905403852463
uniform,0,5,43,999,0.9029797911643982,0.9030768275260925,0.273612916469574,0.2695591449737549,0.0980215072631836,0.19148403406143188,time_out,0.783750057220459,3.1500000953674316,0.08557432889938354
uniform,0,5,44,999,0.936776340007782,0.9368395805358887,0.18127882480621338,0.17661763727664948,0.06422460079193115,0.1659954935312271,time_out,0.8389999866485596,2.625,0.06728290766477585
uniform,0,5,45,999,0.7617672085762024,0.7620054483413696,0.6579451560974121,0.6578924655914307,0.23923362791538239,0.2768428921699524,time_out,0.5902500152587891,4.074999809265137,0.1614460051059723
uniform,0,5,46,999,0.9133063554763794,0.9133930802345276,0.24510444700717926,0.24115900695323944,0.0876941904425621,0.18384525179862976,time_out,0.8052499890327454,3.0,0.08038633316755295
uniform,0,5,47,999,0.8888011574745178,0.8889123797416687,0.3095170557498932,0.308550089597702,0.11220003664493561,0.20187915861606598,time_out,0.7565000057220459,3.450000047683716,0.08943480998277664
uniform,0,5,48,999,0.8367224931716919,0.8368858098983765,0.45204317569732666,0.4517691731452942,0.16427969932556152,0.23875413835048676,time_out,0.6769999861717224,3.7249999046325684,0.12128031998872757
uniform,0,5,49,999,0.760469377040863,0.7607089877128601,0.6615387201309204,0.6614621877670288,0.24053171277046204,0.2784159481525421,time_out,0.5932499766349792,4.099999904632568,0.16133224964141846
uniform,0,5,50,999,0.7930743098258972,0.7932813167572021,0.5718501210212708,0.57179856300354,0.20792675018310547,0.2634960412979126,time_out,0.6307500004768372,3.9625000953674316,0.14430247247219086
uniform,0,5,51,999,0.8828034996986389,0.8829207420349121,0.325933039188385,0.32504382729530334,0.11819776147603989,0.20710398256778717,time_out,0.7444999814033508,3.5374999046325684,0.09188518673181534
uniform,0,5,52,999,0.7611741423606873,0.7614129781723022,0.6595655083656311,0.6595228910446167,0.2398265153169632,0.2778903841972351,time_out,0.593500018119812,4.099999904632568,0.16085924208164215
uniform,0,5,53,999,0.8522551655769348,0.852402925491333,0.4097576141357422,0.4090498387813568,0.14874540269374847,0.22436976432800293,time_out,0.6967500448226929,3.5874998569488525,0.11402086913585663
uniform,0,5,54,999,0.8604819774627686,0.8606215715408325,0.3876413404941559,0.38642868399620056,0.14051952958106995,0.22203588485717773,time_out,0.7457500100135803,3.575000047683716,0.10809193551540375
uniform,0,5,55,999,0.7634109258651733,0.7636475563049316,0.6534305810928345,0.6533743739128113,0.23759068548679352,0.2739966809749603,time_out,0.596250057220459,4.112500190734863,0.1588752269744873
uniform,0,5,56,999,0.909856915473938,0.9099470973014832,0.25115981698036194,0.250644326210022,0.09114339202642441,0.18901175260543823,time_out,0.7947499752044678,3.3499999046325684,0.07481920719146729
uniform,0,5,57,999,0.7540574669837952,0.7543034553527832,0.6791361570358276,0.6790944933891296,0.24694345891475677,0.281104177236557,time_out,0.593999981880188,4.137499809265137,0.16413161158561707
uniform,0,5,58,999,0.7752295732498169,0.7754544019699097,0.6209349036216736,0.620871365070343,0.22577141225337982,0.26959386467933655,time_out,0.6047500371932983,3.987499952316284,0.15570442378520966
uniform,0,5,59,999,0.8844277858734131,0.8845433592796326,0.32069432735443115,0.3205757141113281,0.11657299101352692,0.20605801045894623,time_out,0.7544999718666077,3.5625,0.0899861678481102
uniform,0,5,60,999,0.7728791236877441,0.7731062769889832,0.6279687285423279,0.6273356676101685,0.2281220704317093,0.2680133283138275,time_out,0.6107499599456787,3.987499952316284,0.15732556581497192
uniform,0,5,61,999,0.8693138957023621,0.8694446086883545,0.36305588483810425,0.3621414303779602,0.13168779015541077,0.21152204275131226,time_out,0.7225000262260437,3.5999999046325684,0.10059484094381332
uniform,0,5,62,999,0.7896783947944641,0.7898887991905212,0.5811793804168701,0.581136167049408,0.21132224798202515,0.2629299461841583,time_out,0.6150000095367432,3.9375,0.14759013056755066
uniform,0,5,63,999,0.8400179743766785,0.8401780128479004,0.4428456723690033,0.44270363450050354,0.160983145236969,0.23499475419521332,time_out,0.6825000047683716,3.7124998569488525,0.11924677342176437
uniform,0,5,64,999,0.7765344381332397,0.7767578959465027,0.6175286769866943,0.6172838807106018,0.22446687519550323,0.2704254984855652,time_out,0.6050000190734863,3.9625000953674316,0.15578141808509827
uniform,0,5,65,999,0.9213042855262756,0.9213830232620239,0.22016394138336182,0.21916614472866058,0.07969678193330765,0.17863719165325165,time_out,0.8135000467300415,2.9749999046325684,0.07366929203271866
uniform,0,5,66,999,0.8058466911315918,0.80604088306427,0.5367059111595154,0.5366734266281128,0.19515398144721985,0.2557312250137329,time_out,0.6414999961853027,3.875,0.13849636912345886
uniform,0,5,67,999,0.7433866262435913,0.7436432838439941,0.7084944248199463,0.7084383964538574,0.2576139569282532,0.2839180827140808,time_out,0.5767499804496765,4.199999809265137,0.16867581009864807
uniform,0,5,68,999,0.8560770750045776,0.8562210202217102,0.3985920548439026,0.398539274930954,0.1449233740568161,0.22784407436847687,time_out,0.7164999842643738,3.6875,0.10807844996452332
uniform,0,5,69,999,0.755490243434906,0.7557348012924194,0.6752413511276245,0.6751553416252136,0.2455110400915146,0.28200599551200867,time_out,0.5900000333786011,4.125,0.1636740267276764
uniform,0,5,70,999,0.7405962944030762,0.7408557534217834,0.7161477208137512,0.71611487865448,0.26040542125701904,0.2877877652645111,time_out,0.5809999704360962,4.162500381469727,0.17203959822654724
uniform,0,5,71,999,0.9104712605476379,0.9105608463287354,0.24952539801597595,0.24895767867565155,0.09053006768226624,0.18790274858474731,time_out,0.7910000085830688,3.237499952316284,0.07689812779426575
uniform,0,5,72,999,0.7987582087516785,0.798959493637085,0.5562127232551575,0.5561687350273132,0.20224317908287048,0.25934532284736633,time_out,0.6342499852180481,3.9250001907348633,0.14169903099536896
uniform,0,5,73,999,0.8023017644882202,0.8024994730949402,0.5464992523193359,0.546424388885498,0.19869978725910187,0.2565803527832031,time_out,0.6337499618530273,3.9625000953674316,0.13789889216423035
uniform,0,5,74,117,1.0,1.0,0.10186368972063065,-0.05640064552426338,-0.020509326830506325,0.12202960252761841,bad_orientation,0.8305084705352783,1.4830509424209595,-0.038030147552490234
uniform,0,5,75,999,0.9066767692565918,0.9067701101303101,0.2602287828922272,0.2593897581100464,0.0943235531449318,0.19133280217647552,time_out,0.7922499775886536,3.25,0.07981223613023758
uniform,0,5,76,999,0.886150062084198,0.8862639665603638,0.3158894181251526,0.315838485956192,0.11485036462545395,0.20631806552410126,time_out,0.7477499842643738,3.5625,0.08865641802549362
uniform,0,5,77,999,0.818722128868103,0.8189034461975098,0.5013039708137512,0.5012672543525696,0.18227900564670563,0.24869215488433838,time_out,0.6690000295639038,3.9000000953674316,0.12853005528450012
uniform,0,5,78,999,0.7739948034286499,0.774220883846283,0.6243194341659546,0.624265730381012,0.2270057201385498,0.272932231426239,time_out,0.6054999828338623,4.012499809265137,0.15558025240898132
uniform,0,5,79,999,0.8768908381462097,0.8770140409469604,0.3416217565536499,0.3413029909133911,0.12411018460988998,0.21369078755378723,time_out,0.752750039100647,3.5500001907348633,0.09614168107509613
uniform,0,5,80,999,0.8623818755149841,0.8625195026397705,0.38128143548965454,0.38120126724243164,0.13861864805221558,0.22268550097942352,time_out,0.7042499780654907,3.6999998092651367,0.10302737355232239
uniform,0,5,81,999,0.7836834788322449,0.7838998436927795,0.5976934432983398,0.5976227521896362,0.2173173725605011,0.2686237096786499,time_out,0.625249981880188,3.987499952316284,0.14987404644489288
uniform,0,5,82,999,0.8422303795814514,0.8423881530761719,0.43666285276412964,0.43662014603614807,0.15877096354961395,0.2351965308189392,time_out,0.6917499899864197,3.75,0.11643204092979431
uniform,0,5,83,999,0.8687769770622253,0.8689082264900208,0.36434873938560486,0.3636171519756317,0.1322244256734848,0.21707208454608917,time_out,0.7319999933242798,3.5749998092651367,0.10171109437942505
uniform,0,5,84,999,0.798825204372406,0.7990264296531677,0.5567817091941833,0.5559836626052856,0.20217588543891907,0.25565105676651,time_out,0.6295000314712524,3.9124999046325684,0.14210444688796997
uniform,0,5,85,999,0.8037607073783875,0.8039569854736328,0.5424835085868835,0.5424108505249023,0.19724030792713165,0.25197795033454895,time_out,0.6365000009536743,3.9875001907348633,0.13602779805660248
uniform,0,5,86,999,0.8680977821350098,0.8682296872138977,0.3661232888698578,0.3654850423336029,0.13290365040302277,0.21901293098926544,time_out,0.7102500200271606,3.5999999046325684,0.10152362287044525
uniform,0,5,87,999,0.9137195348739624,0.9138058423995972,0.24142536520957947,0.24002589285373688,0.08728214353322983,0.1816592961549759,time_out,0.7994999885559082,3.0875000953674316,0.07774117588996887
uniform,0,5,88,999,0.9048253893852234,0.9049206376075745,0.2655099928379059,0.2644847631454468,0.09617628157138824,0.19024065136909485,time_out,0.793749988079071,3.125,0.08463512361049652
uniform,0,5,89,999,0.754874587059021,0.7551197409629822,0.6769341826438904,0.676846444606781,0.2461259812116623,0.2811662554740906,time_out,0.5929999947547913,4.112500190734863,0.16458271443843842
uniform,0,5,90,999,0.8438494801521301,0.8440056443214417,0.4322263300418854,0.4321668744087219,0.15715159475803375,0.23332852125167847,time_out,0.6899999976158142,3.7249999046325684,0.11601795256137848
uniform,0,5,91,999,0.7744132280349731,0.774638831615448,0.6231620907783508,0.6231169104576111,0.22658798098564148,0.26770612597465515,time_out,0.6205000281333923,4.012499809265137,0.15529394149780273
uniform,0,5,92,999,0.7629149556159973,0.7631520628929138,0.6547753214836121,0.6547384262084961,0.23808670043945312,0.2776259779930115,time_out,0.5952500104904175,4.099999904632568,0.15969230234622955
uniform,0,5,93,999,0.7913104295730591,0.7915191650390625,0.5766799449920654,0.5766488313674927,0.20969049632549286,0.26347169280052185,time_out,0.6215000152587891,3.9749999046325684,0.14506889879703522
uniform,0,5,94,999,0.7683396339416504,0.7685713171958923,0.6398717761039734,0.6398186087608337,0.23266132175922394,0.27591630816459656,time_out,0.609250009059906,4.050000190734863,0.15797989070415497
uniform,0,5,95,999,0.8605813384056091,0.8607208132743835,0.3876948952674866,0.3861541450023651,0.14041969180107117,0.2196030169725418,time_out,0.721750020980835,3.5875000953674316,0.10763878375291824
uniform,0,5,96,999,0.7948214411735535,0.7950266599655151,0.5670074224472046,0.5669940710067749,0.2061796635389328,0.2593786120414734,time_out,0.6414999961853027,4.012499809265137,0.14130693674087524
uniform,0,5,97,999,0.7804144024848938,0.7806339859962463,0.6066879630088806,0.6066133975982666,0.22058670222759247,0.2700176537036896,time_out,0.6100000143051147,4.012499809265137,0.1511809229850769
uniform,0,5,98,999,0.8124047517776489,0.8125923871994019,0.5186886191368103,0.5186394453048706,0.18859617412090302,0.2536140978336334,time_out,0.6499999761581421,3.9000000953674316,0.1329844743013382
uniform,0,5,99,999,0.7334504127502441,0.7337170243263245,0.7358543276786804,0.735763669013977,0.26755043864250183,0.2934165596961975,time_out,0.5759999752044678,4.224999904632568,0.17414525151252747
uniform,0,6,0,999,0.9526130557060242,0.9526605010032654,0.18981988728046417,0.15726089477539062,0.04838797077536583,0.17289094626903534,time_out,0.8125,2.424999952316284,0.064849853515625
uniform,0,6,1,999,0.8227941393852234,0.8229714035987854,0.5792211294174194,0.5791739225387573,0.1782073676586151,0.2595365345478058,time_out,0.6165000200271606,3.987499952316284,0.14524738490581512
uniform,0,6,2,999,0.935326337814331,0.9353910088539124,0.21566271781921387,0.2134414166212082,0.06567428261041641,0.17379839718341827,time_out,0.8274999856948853,2.8500001430511475,0.07489172369241714
uniform,0,6,3,999,0.9028656482696533,0.9029628038406372,0.3194218575954437,0.31893792748451233,0.09813474863767624,0.20243453979492188,time_out,0.7425000071525574,3.4375,0.09278194606304169
uniform,0,6,4,999,0.8753511905670166,0.8754758834838867,0.41205301880836487,0.4083605408668518,0.12564940750598907,0.23258177936077118,time_out,0.7102499604225159,3.7874999046325684,0.10781797021627426
uniform,0,6,5,999,0.816926121711731,0.817109227180481,0.5984513759613037,0.5982444286346436,0.1840752214193344,0.26321646571159363,time_out,0.6110000610351562,4.037499904632568,0.14817199110984802
uniform,0,6,6,999,0.8741250038146973,0.8742508888244629,0.41238442063331604,0.4123493731021881,0.12687674164772034,0.22594299912452698,time_out,0.6924999952316284,3.700000047683716,0.11144577711820602
uniform,0,6,7,199,1.0,1.0,0.0759815201163292,-0.03644060716032982,-0.011212495155632496,0.10848366469144821,bad_orientation,0.9112499952316284,1.0,-0.03644060716032982
uniform,0,6,8,999,0.8078968524932861,0.8080889582633972,0.6276469230651855,0.6275899410247803,0.1931046098470688,0.2665444016456604,time_out,0.596500039100647,4.050000190734863,0.15496046841144562
uniform,0,6,9,999,0.8879653811454773,0.888077437877655,0.3677332401275635,0.36736708879470825,0.11303602904081345,0.21707268059253693,time_out,0.734499990940094,3.6000001430511475,0.1020464077591896
uniform,0,6,10,999,0.8352816104888916,0.8354464173316956,0.5387152433395386,0.5385878086090088,0.16571933031082153,0.25428715348243713,time_out,0.643500030040741,3.9124999046325684,0.1376582235097885
uniform,0,6,11,999,0.840101420879364,0.8402613401412964,0.5229623913764954,0.522925615310669,0.16090019047260284,0.24666264653205872,time_out,0.6477500200271606,3.9124999046325684,0.1336551159620285
uniform,0,6,12,999,0.8223578929901123,0.8225355744361877,0.5806393623352051,0.5805897116661072,0.17864298820495605,0.2562013566493988,time_out,0.6145000457763672,4.012499809265137,0.14469526708126068
uniform,0,6,13,999,0.828697144985199,0.8288685083389282,0.560035765171051,0.5599871277809143,0.17230373620986938,0.2562159299850464,time_out,0.6322500109672546,3.9750001430511475,0.14087726175785065
uniform,0,6,14,999,0.8150811791419983,0.8152661323547363,0.6100994348526001,0.6042408347129822,0.18592026829719543,0.25859975814819336,time_out,0.6037499904632568,3.9375,0.15345798432826996
uniform,0,6,15,999,0.8643822073936462,0.864517867565155,0.44404512643814087,0.44401034712791443,0.13661856949329376,0.2353535145521164,time_out,0.6739999651908875,3.8000001907348633,0.11684482544660568
uniform,0,6,16,999,0.9299286007881165,0.9299986958503723,0.2331840842962265,0.2309851050376892,0.07107234001159668,0.18135838210582733,time_out,0.827750027179718,3.049999952316284,0.07573281973600388
uniform,0,6,17,999,0.831024706363678,0.8311936855316162,0.5525190234184265,0.5524232387542725,0.1699763834476471,0.2500825524330139,time_out,0.6244999766349792,3.9624998569488525,0.1394128054380417
uniform,0,6,18,999,0.8037440776824951,0.8039403557777405,0.641173779964447,0.6410850286483765,0.197256937623024,0.2657540440559387,time_out,0.5835000276565552,4.087500095367432,0.15684036910533905
uniform,0,6,19,999,0.8960423469543457,0.8961463570594788,0.34138286113739014,0.3411142826080322,0.10495824366807938,0.2096988558769226,time_out,0.7607499957084656,3.575000047683716,0.0954165831208229
uniform,0,6,20,999,0.9419988989830017,0.9420569539070129,0.19314415752887726,0.19176040589809418,0.059003204107284546,0.16754433512687683,time_out,0.8244999647140503,3.0,0.06392013281583786
uniform,0,6,21,999,0.8245593905448914,0.8247348666191101,0.5734734535217285,0.5734348893165588,0.1764415055513382,0.2556934654712677,time_out,0.6085000038146973,3.9749999046325684,0.14426034688949585
uniform,0,6,22,999,0.8054074048995972,0.8056020140647888,0.6357507705688477,0.6356785297393799,0.19559340178966522,0.26649710536003113,time_out,0.5972500443458557,4.100000381469727,0.15504352748394012
uniform,0,6,23,999,0.8906440138816833,0.8907533884048462,0.36073726415634155,0.3586634695529938,0.11035799235105515,0.2128971517086029,time_out,0.7229999899864197,3.6750001907348633,0.09759549796581268
uniform,0,6,24,999,0.9549591541290283,0.9550042748451233,0.15722675621509552,0.14963610470294952,0.046041879802942276,0.1519206464290619,time_out,0.8617500066757202,2.3625001907348633,0.0633380264043808
uniform,0,6,25,999,0.9479690790176392,0.9480211734771729,0.1741122007369995,0.17235255241394043,0.0530315563082695,0.16313566267490387,time_out,0.8517500162124634,2.825000047683716,0.06100975349545479
uniform,0,6,26,999,0.845893919467926,0.8460480570793152,0.5041462779045105,0.5040988326072693,0.15510733425617218,0.24762967228889465,time_out,0.6457499861717224,3.9375,0.1280250996351242
uniform,0,6,27,999,0.8090217709541321,0.8092128038406372,0.6239883899688721,0.6239317655563354,0.19197900593280792,0.26448899507522583,time_out,0.5987499952316284,4.050000190734863,0.15405721962451935
uniform,0,6,28,999,0.8116567134857178,0.811845064163208,0.6153654456138611,0.6153654456138611,0.18934321403503418,0.2659648358821869,time_out,0.6027500033378601,4.025000095367432,0.1528858244419098
uniform,0,6,29,999,0.9163696765899658,0.9164533615112305,0.2761269211769104,0.2750528156757355,0.08463163673877716,0.1918400228023529,time_out,0.7894999980926514,3.237499952316284,0.08495839685201645
uniform,0,6,30,999,0.9237312078475952,0.9238075613975525,0.25338318943977356,0.25112712383270264,0.07726988941431046,0.1858346313238144,time_out,0.8097500205039978,3.0374999046325684,0.08267559856176376
uniform,0,6,31,999,0.9109787940979004,0.9110678434371948,0.29451829195022583,0.2925749719142914,0.09002307057380676,0.19945940375328064,time_out,0.7647500038146973,3.424999952316284,0.08542335033416748
uniform,0,6,32,999,0.9115789532661438,0.9116674065589905,0.29316246509552,0.29062435030937195,0.08942288160324097,0.19398288428783417,time_out,0.7875000238418579,3.3375000953674316,0.08707845211029053
uniform,0,6,33,999,0.8063216805458069,0.8065153956413269,0.6327974796295166,0.6327100396156311,0.19468002021312714,0.26310545206069946,time_out,0.5954999923706055,4.037500381469727,0.15670835971832275
uniform,0,6,34,999,0.9295694828033447,0.9296399354934692,0.23257672786712646,0.2321535050868988,0.07143185287714005,0.1812898814678192,time_out,0.8044999837875366,3.1500000953674316,0.07369952648878098
uniform,0,6,35,999,0.8003789782524109,0.8005786538124084,0.6520732045173645,0.6520220041275024,0.20062215626239777,0.2715967297554016,time_out,0.5889999866485596,4.087500095367432,0.1595160812139511
uniform,0,6,36,999,0.8170028924942017,0.8171859383583069,0.5980320572853088,0.5979942083358765,0.1839982271194458,0.25654295086860657,time_out,0.6177500486373901,4.050000190734863,0.14765287935733795
uniform,0,6,37,999,0.8607104420661926,0.8608497977256775,0.4562966227531433,0.45594316720962524,0.14029021561145782,0.23330824077129364,time_out,0.6629999876022339,3.762500047683716,0.12118090689182281
uniform,0,6,38,999,0.9474065899848938,0.9474592208862305,0.18134139478206635,0.17418058216571808,0.05359402671456337,0.16252869367599487,time_out,0.8359999656677246,2.7750000953674316,0.06276777386665344
uniform,0,6,39,999,0.8901493549346924,0.8902592658996582,0.3630388677120209,0.3602674901485443,0.11085154116153717,0.216216579079628,time_out,0.7357500195503235,3.4749999046325684,0.10367409884929657
uniform,0,6,40,999,0.8842565417289734,0.884372353553772,0.37944674491882324,0.37941819429397583,0.11674406379461288,0.21985569596290588,time_out,0.7014999985694885,3.7874999046325684,0.10017642378807068
uniform,0,6,41,999,0.9151990413665771,0.9152838587760925,0.2792245149612427,0.27885714173316956,0.08580219745635986,0.19204570353031158,time_out,0.7757499814033508,3.3125,0.08418329060077667
uniform,0,6,42,999,0.9439435601234436,0.943999707698822,0.19030390679836273,0.18543818593025208,0.057057905942201614,0.16381573677062988,time_out,0.8212500214576721,2.762500047683716,0.06712694466114044
uniform,0,6,43,999,0.9279834628105164,0.9280555248260498,0.24175217747688293,0.23730570077896118,0.07301714271306992,0.17952778935432434,time_out,0.8147500157356262,3.0374999046325684,0.07812533527612686
uniform,0,6,44,999,0.9446370601654053,0.9446924924850464,0.18658894300460815,0.18318118155002594,0.05636344105005264,0.16724462807178497,time_out,0.8422499895095825,2.7249999046325684,0.06722245365381241
uniform,0,6,45,999,0.8086965084075928,0.8088878393173218,0.6250619888305664,0.6249898672103882,0.1923045814037323,0.2655598819255829,time_out,0.5952500104904175,4.025000095367432,0.15527698397636414
uniform,0,6,46,999,0.9441928267478943,0.9442486763000488,0.18833985924720764,0.1846241056919098,0.056807417422533035,0.16422896087169647,time_out,0.8305000066757202,2.6125001907348633,0.0706695094704628
uniform,0,6,47,999,0.9165642261505127,0.9166476726531982,0.2753760814666748,0.27441880106925964,0.0844365581870079,0.1908719539642334,time_out,0.780750036239624,3.3374998569488525,0.08222286403179169
uniform,0,6,48,999,0.8697949647903442,0.8699252009391785,0.42684370279312134,0.4264165759086609,0.13120511174201965,0.22878557443618774,time_out,0.6885000467300415,3.7249999046325684,0.11447425186634064
uniform,0,6,49,999,0.8104400038719177,0.8106296062469482,0.6193637251853943,0.619324803352356,0.19056148827075958,0.26543498039245605,time_out,0.5952500104904175,4.037500381469727,0.15339311957359314
uniform,0,6,50,999,0.8369284272193909,0.8370915055274963,0.533270001411438,0.5332373380661011,0.16407303512096405,0.2547571659088135,time_out,0.6397500038146973,3.924999952316284,0.13585664331912994
uniform,0,6,51,999,0.9070178866386414,0.907110869884491,0.30548062920570374,0.30544406175613403,0.09398279339075089,0.20330217480659485,time_out,0.7592500448226929,3.487499952316284,0.087582528591156
uniform,0,6,52,999,0.8106856346130371,0.8108749985694885,0.6185607314109802,0.6185230016708374,0.19031476974487305,0.26513275504112244,time_out,0.596500039100647,4.087499618530273,0.15132062137126923
uniform,0,6,53,999,0.8651703596115112,0.8653052449226379,0.441471666097641,0.44144898653030396,0.13583046197891235,0.23543637990951538,time_out,0.6859999895095825,3.7750000953674316,0.11694012582302094
uniform,0,6,54,999,0.8930858969688416,0.8931928277015686,0.35422495007514954,0.35072436928749084,0.10791519284248352,0.2111276388168335,time_out,0.7625000476837158,3.4749999046325684,0.10092788189649582
uniform,0,6,55,999,0.8135958313941956,0.813782274723053,0.6091116666793823,0.6090668439865112,0.18740518391132355,0.2645317018032074,time_out,0.6110000014305115,4.012499809265137,0.15179236233234406
uniform,0,6,56,999,0.9389081001281738,0.9389691948890686,0.204720601439476,0.20179975032806396,0.06209223344922066,0.16781939566135406,time_out,0.8262499570846558,2.9000000953674316,0.0695861205458641
uniform,0,6,57,999,0.8186929821968079,0.8188742995262146,0.5925463438034058,0.5925002098083496,0.18230776488780975,0.256466805934906,time_out,0.6085000038146973,4.0,0.1481250524520874
uniform,0,6,58,999,0.8117048144340515,0.8118931651115417,0.6152681708335876,0.6152124404907227,0.18929614126682281,0.26677218079566956,time_out,0.6037499904632568,4.0625,0.151436910033226
uniform,0,6,59,999,0.9309227466583252,0.9309918880462646,0.23074032366275787,0.22775299847126007,0.07007785141468048,0.17547199130058289,time_out,0.8047500252723694,2.9749999046325684,0.07655563205480576
uniform,0,6,60,999,0.8116909265518188,0.8118792772293091,0.6152946352958679,0.6152560710906982,0.18930956721305847,0.2621091604232788,time_out,0.6087499856948853,4.012499809265137,0.1533348560333252
uniform,0,6,61,999,0.8968626260757446,0.8969658017158508,0.3389512598514557,0.3384510278701782,0.10413878411054611,0.20571568608283997,time_out,0.7297500371932983,3.4625000953674316,0.09774758666753769
uniform,0,6,62,999,0.8394347429275513,0.839595377445221,0.5251756310462952,0.5250918865203857,0.16156673431396484,0.2493540495634079,time_out,0.6287500262260437,3.875,0.13550758361816406
uniform,0,6,63,999,0.8765793442726135,0.8767027854919434,0.40461552143096924,0.40437009930610657,0.12442157417535782,0.22317714989185333,time_out,0.6967499852180481,3.6500000953674316,0.1107863262295723
uniform,0,6,64,999,0.8228579163551331,0.8230350613594055,0.5790073275566101,0.5789660215377808,0.17814339697360992,0.2595070004463196,time_out,0.6175000071525574,3.950000047683716,0.14657367765903473
uniform,0,6,65,999,0.9525935649871826,0.9526410102844238,0.16271379590034485,0.1573210507631302,0.04840647801756859,0.1582360714673996,time_out,0.8627499938011169,2.4625000953674316,0.06388671696186066
uniform,0,6,66,999,0.8354045152664185,0.8355691432952881,0.538236141204834,0.5381881594657898,0.1655963659286499,0.25309017300605774,time_out,0.6477499604225159,3.862499952316284,0.1393367350101471
uniform,0,6,67,999,0.8022409081459045,0.8024386763572693,0.6460148096084595,0.6459687948226929,0.19875963032245636,0.2666875720024109,time_out,0.5839999914169312,4.099999904632568,0.15755337476730347
uniform,0,6,68,999,0.8984682559967041,0.8985698223114014,0.334613561630249,0.3332362473011017,0.1025342345237732,0.2064651995897293,time_out,0.7522500157356262,3.3874998092651367,0.09837233275175095
uniform,0,6,69,999,0.8129532337188721,0.8131402730941772,0.611221194267273,0.6111556887626648,0.18804791569709778,0.2627819776535034,time_out,0.6069999933242798,4.012499809265137,0.15231294929981232
uniform,0,6,70,999,0.7994979023933411,0.7996984720230103,0.6549233198165894,0.6548861265182495,0.2015034258365631,0.27005723118782043,time_out,0.5915000438690186,4.0625,0.16120274364948273
uniform,0,6,71,999,0.950356662273407,0.9504063725471497,0.16690662503242493,0.16459739208221436,0.05064535513520241,0.15593302249908447,time_out,0.8544999957084656,2.4124999046325684,0.0682269036769867
uniform,0,6,72,999,0.8459439873695374,0.8460980653762817,0.5039786696434021,0.503932774066925,0.15505623817443848,0.24240553379058838,time_out,0.6432499885559082,3.8874998092651367,0.1296290159225464
uniform,0,6,73,999,0.8579838871955872,0.8581259846687317,0.4650506377220154,0.4648047089576721,0.14301684498786926,0.23938985168933868,time_out,0.6647499799728394,3.7750000953674316,0.12312707304954529
uniform,0,6,74,999,0.929811954498291,0.9298821687698364,0.23436205089092255,0.23136545717716217,0.07118937373161316,0.18022753298282623,time_out,0.8159999847412109,3.0749998092651367,0.07524080574512482
uniform,0,6,75,999,0.9316214919090271,0.9316899180412292,0.22786405682563782,0.2254856526851654,0.06938020139932632,0.17874790728092194,time_out,0.8172500133514404,2.9375,0.07676107436418533
uniform,0,6,76,999,0.9041516780853271,0.904247522354126,0.317375510931015,0.31475886702537537,0.09684888273477554,0.20428217947483063,time_out,0.7462499737739563,3.4625000953674316,0.0909050852060318
uniform,0,6,77,999,0.8844163417816162,0.8845319747924805,0.3789428174495697,0.3788999021053314,0.11658459156751633,0.2145014852285385,time_out,0.7145000100135803,3.625,0.10452411323785782
uniform,0,6,78,999,0.8139115571975708,0.8140977025032043,0.6080796122550964,0.6080412864685059,0.18708963692188263,0.2655104696750641,time_out,0.6067500114440918,4.025000095367432,0.1510661542415619
uniform,0,6,79,999,0.8963629007339478,0.8964666128158569,0.340440034866333,0.3400747776031494,0.10463839769363403,0.20946483314037323,time_out,0.7555000185966492,3.4625000953674316,0.09821654111146927
uniform,0,6,80,999,0.904761552810669,0.9048568606376648,0.3131841719150543,0.3127778470516205,0.09623934328556061,0.2032095044851303,time_out,0.7442499995231628,3.5250000953674316,0.0887313038110733
uniform,0,6,81,999,0.834718644618988,0.8348839282989502,0.5404711961746216,0.5404171347618103,0.16628220677375793,0.25120946764945984,time_out,0.6324999928474426,3.950000047683716,0.13681446015834808
uniform,0,6,82,999,0.8735515475273132,0.8736780285835266,0.41432997584342957,0.41421180963516235,0.12744979560375214,0.22934195399284363,time_out,0.7017500400543213,3.5500001907348633,0.11667937785387039
uniform,0,6,83,999,0.9015467166900635,0.9016451835632324,0.3251773715019226,0.32322731614112854,0.09945455938577652,0.20400077104568481,time_out,0.7590000033378601,3.4250001907348633,0.0943729355931282
uniform,0,6,84,999,0.8328497409820557,0.8330169320106506,0.5465559363365173,0.5464924573898315,0.16815152764320374,0.2547961473464966,time_out,0.6294999718666077,3.9375,0.1387917399406433
uniform,0,6,85,999,0.85273277759552,0.8528801202774048,0.48191407322883606,0.4818733036518097,0.1482687145471573,0.2356439083814621,time_out,0.6542500257492065,3.8000001907348633,0.126808762550354
uniform,0,6,86,999,0.9121598601341248,0.9122477173805237,0.29434436559677124,0.2887343764305115,0.08884134888648987,0.20499907433986664,time_out,0.7352499961853027,3.262500047683716,0.08850095421075821
uniform,0,6,87,999,0.9424088001251221,0.9424664378166199,0.1944071352481842,0.19042161107063293,0.058591268956661224,0.16661617159843445,time_out,0.8292499780654907,2.8375000953674316,0.06710893660783768
uniform,0,6,88,999,0.9292806386947632,0.9293514490127563,0.234034925699234,0.23309077322483063,0.07172024250030518,0.1801975816488266,time_out,0.8147499561309814,3.1500000953674316,0.07399706542491913
uniform,0,6,89,999,0.8181092739105225,0.818291187286377,0.5944244861602783,0.5943974852561951,0.18289154767990112,0.2601570188999176,time_out,0.6072500348091125,4.012499809265137,0.1481364518404007
uniform,0,6,90,999,0.8798965811729431,0.8800166845321655,0.39420297741889954,0.3935880959033966,0.12110403180122375,0.22623592615127563,time_out,0.7052500247955322,3.7750000953674316,0.10426174104213715
uniform,0,6,91,999,0.8202124238014221,0.8203922510147095,0.5890879034996033,0.5875641703605652,0.18078897893428802,0.2566773593425751,time_out,0.6182500123977661,3.9625000953674316,0.14828117191791534
uniform,0,6,92,999,0.8211539387702942,0.8213328123092651,0.5845558047294617,0.5845028758049011,0.17984704673290253,0.25853288173675537,time_out,0.6052500009536743,3.9625000953674316,0.14750860631465912
uniform,0,6,93,999,0.8284847736358643,0.8286563754081726,0.5607183575630188,0.5606759786605835,0.17251569032669067,0.25438591837882996,time_out,0.6194999814033508,3.9375,0.14239390194416046
uniform,0,6,94,999,0.8181671500205994,0.8183490633964539,0.5942494869232178,0.5942095518112183,0.1828337162733078,0.265656977891922,time_out,0.6140000224113464,4.012499809265137,0.14808961749076843
uniform,0,6,95,999,0.8905800580978394,0.890689492225647,0.35904309153556824,0.3588663339614868,0.11042041331529617,0.2154248207807541,time_out,0.7329999804496765,3.5374999046325684,0.10144631564617157
uniform,0,6,96,999,0.8644561171531677,0.8645917177200317,0.4438428580760956,0.44376853108406067,0.13654416799545288,0.2288617342710495,time_out,0.6737499833106995,3.825000047683716,0.1160179153084755
uniform,0,6,97,999,0.8369548320770264,0.8371179103851318,0.533218264579773,0.5331510901451111,0.1640464961528778,0.24996691942214966,time_out,0.6260000467300415,3.9124999046325684,0.13626864552497864
uniform,0,6,98,999,0.8497790694236755,0.8499292731285095,0.49155309796333313,0.49147388339042664,0.15122273564338684,0.2432675063610077,time_out,0.659500002861023,3.9124999046325684,0.12561632692813873
uniform,0,6,99,999,0.817382276058197,0.8175649046897888,0.5968437790870667,0.5967581272125244,0.18361788988113403,0.2597293555736542,time_out,0.596750020980835,4.0,0.1491895318031311
uniform,0,7,0,999,0.9777814149856567,0.9778037071228027,0.10684318840503693,0.0870736837387085,0.023219650611281395,0.1252080202102661,time_out,0.9222500324249268,1.2625000476837158,0.0689692497253418
uniform,0,7,1,999,0.8377656936645508,0.8379279375076294,0.6121475696563721,0.6121339797973633,0.16323573887348175,0.2719164490699768,time_out,0.6169999837875366,4.0625,0.15067912638187408
uniform,0,7,2,999,0.929003894329071,0.9290749430656433,0.27149155735969543,0.2699885964393616,0.07199696451425552,0.19152593612670898,time_out,0.8025000095367432,3.1374998092651367,0.08605214953422546
uniform,0,7,3,999,0.89638352394104,0.8964871764183044,0.3926224410533905,0.39231690764427185,0.10461784899234772,0.2264002114534378,time_out,0.721500039100647,3.6624999046325684,0.10711725056171417
uniform,0,7,4,999,0.8880053162574768,0.8881173729896545,0.42450928688049316,0.4237343966960907,0.11299584805965424,0.23491984605789185,time_out,0.7224999666213989,3.6999998092651367,0.11452281475067139
uniform,0,7,5,999,0.8349103927612305,0.8350755572319031,0.62287837266922,0.6228435039520264,0.16609160602092743,0.27094119787216187,time_out,0.6089999675750732,4.087499618530273,0.1523776352405548
uniform,0,7,6,999,0.8658955097198486,0.8660296201705933,0.5072474479675293,0.5066447854042053,0.13510528206825256,0.2524201273918152,time_out,0.6729999780654907,3.875,0.13074703514575958
uniform,0,7,7,999,0.9377581477165222,0.9378204345703125,0.23820136487483978,0.23716208338737488,0.06324322521686554,0.18413151800632477,time_out,0.8134999871253967,2.987499952316284,0.07938479632139206
uniform,0,7,8,999,0.8204805850982666,0.8206601142883301,0.6770132184028625,0.6769511103630066,0.18052031099796295,0.28275197744369507,time_out,0.5959999561309814,4.137499809265137,0.16361357271671295
uniform,0,7,9,999,0.895935595035553,0.8960397243499756,0.3950604796409607,0.3939966857433319,0.10506578534841537,0.22652596235275269,time_out,0.7339999675750732,3.5874998569488525,0.10982486605644226
uniform,0,7,10,999,0.8595629334449768,0.8597034215927124,0.5304253101348877,0.5303930044174194,0.14143814146518707,0.2539101243019104,time_out,0.6432499885559082,3.9000000953674316,0.1359982043504715
uniform,0,7,11,999,0.8389747142791748,0.8391357660293579,0.6076127290725708,0.6075995564460754,0.1620265543460846,0.27234703302383423,time_out,0.6284999847412109,4.087500095367432,0.148648202419281
uniform,0,7,12,999,0.8312377333641052,0.8314065337181091,0.6366655826568604,0.636613130569458,0.1697635054588318,0.2765777111053467,time_out,0.6085000038146973,4.074999809265137,0.1562240868806839
uniform,0,7,13,999,0.8448690176010132,0.8450242280960083,0.5856366753578186,0.5854952931404114,0.15613208711147308,0.2671149969100952,time_out,0.6297500133514404,4.0625,0.144121915102005
uniform,0,7,14,999,0.8250758051872253,0.8252507448196411,0.6597481966018677,0.6597212553024292,0.17592567205429077,0.275983065366745,time_out,0.5899999737739563,4.150000095367432,0.1589689701795578
uniform,0,7,15,999,0.8835932016372681,0.8837096095085144,0.44040629267692566,0.440279096364975,0.11740776151418686,0.23705746233463287,time_out,0.684499979019165,3.8500001430511475,0.11435820162296295
uniform,0,7,16,999,0.9379094243049622,0.9379715323448181,0.24049384891986847,0.2365921586751938,0.06309124827384949,0.18306194245815277,time_out,0.8259999752044678,3.0625,0.07725458592176437
uniform,0,7,17,999,0.8353314399719238,0.8354961276054382,0.6212747693061829,0.6212602257728577,0.16566939651966095,0.26887246966362,time_out,0.6057499647140503,4.099999904632568,0.15152688324451447
uniform,0,7,18,999,0.8155531287193298,0.8157376050949097,0.6954854726791382,0.6954274773597717,0.1854473352432251,0.2844594419002533,time_out,0.5789999961853027,4.1875,0.16607223451137543
uniform,0,7,19,999,0.9014120101928711,0.9015106558799744,0.3746131360530853,0.37345999479293823,0.09958934038877487,0.22156649827957153,time_out,0.7615000009536743,3.6624999046325684,0.10196860134601593
uniform,0,7,20,999,0.9265707731246948,0.9266442656517029,0.2819351851940155,0.2791109085083008,0.07442957907915115,0.19723136723041534,time_out,0.7787500023841858,3.25,0.08588027954101562
uniform,0,7,21,999,0.8261549472808838,0.8263288140296936,0.6557253003120422,0.6556735038757324,0.17484627664089203,0.2775212228298187,time_out,0.5945000648498535,4.162499904632568,0.1575191617012024
uniform,0,7,22,999,0.8265336155891418,0.826707124710083,0.6542671322822571,0.654250979423523,0.17446693778038025,0.2730611562728882,time_out,0.5972499847412109,4.125,0.15860629081726074
uniform,0,7,23,999,0.884196937084198,0.8843128085136414,0.4381389617919922,0.4380142390727997,0.11680380254983902,0.2346949726343155,time_out,0.7022500038146973,3.6875,0.11878352612257004
uniform,0,7,24,999,0.9524956345558167,0.9525431990623474,0.18806201219558716,0.181894913315773,0.04850531369447708,0.16590771079063416,time_out,0.840749979019165,2.8249998092651367,0.06438758224248886
uniform,0,7,25,999,0.942042887210846,0.9421008825302124,0.22340704500675201,0.22109366953372955,0.05895831435918808,0.17919400334358215,time_out,0.8177499771118164,2.950000047683716,0.07494700700044632
uniform,0,7,26,999,0.8537870645523071,0.8539333343505859,0.552085280418396,0.5520517230033875,0.14721380174160004,0.261670857667923,time_out,0.6422499418258667,3.987499952316284,0.13844557106494904
uniform,0,7,27,999,0.8160691261291504,0.8162530660629272,0.6935462355613708,0.6934962272644043,0.18493233621120453,0.2845688462257385,time_out,0.5959999561309814,4.162500381469727,0.16660568118095398
uniform,0,7,28,999,0.8292276859283447,0.8293984532356262,0.6442052721977234,0.644149124622345,0.17177310585975647,0.2784970700740814,time_out,0.6095000505447388,4.125,0.15615735948085785
uniform,0,7,29,999,0.9184407591819763,0.9185223579406738,0.3104928135871887,0.30960044264793396,0.08256012201309204,0.20574256777763367,time_out,0.7742499709129333,3.3375000953674316,0.09276417642831802
uniform,0,7,30,999,0.9471567869186401,0.9472097158432007,0.20637451112270355,0.20192080736160278,0.05384555086493492,0.16548866033554077,time_out,0.8529999852180481,2.5,0.08076832443475723
uniform,0,7,31,472,0.918692946434021,0.9616230726242065,0.3135790228843689,0.3128456771373749,0.08342552185058594,0.19870637357234955,bad_orientation,0.741014838218689,2.986258029937744,0.1047617718577385
uniform,0,7,32,999,0.8958770632743835,0.8959812521934509,0.39453911781311035,0.39421626925468445,0.1051243469119072,0.2301386296749115,time_out,0.752750039100647,3.737499952316284,0.10547592490911484
uniform,0,7,33,999,0.8207950592041016,0.8209742903709412,0.6758073568344116,0.6757730841636658,0.18020616471767426,0.28098800778388977,time_out,0.5885000228881836,4.162500381469727,0.16234786808490753
uniform,0,7,34,999,0.9315394759178162,0.9316079616546631,0.26211807131767273,0.26048001646995544,0.06946133822202682,0.18915912508964539,time_out,0.7989999651908875,3.2125000953674316,0.0810832679271698
uniform,0,7,35,999,0.8245009779930115,0.824676513671875,0.6619390249252319,0.6618742942810059,0.17649981379508972,0.2764868438243866,time_out,0.590749979019165,4.112500190734863,0.16094206273555756
uniform,0,7,36,999,0.8328098654747009,0.8329771161079407,0.6307404041290283,0.6307185292243958,0.16819161176681519,0.26846975088119507,time_out,0.6167500019073486,4.099999904632568,0.1538337916135788
uniform,0,7,37,999,0.8481717705726624,0.84832364320755,0.5734373927116394,0.5731072425842285,0.15282860398292542,0.26519668102264404,time_out,0.6384999752044678,4.025000095367432,0.14238688349723816
uniform,0,7,38,840,0.9523887038230896,0.960006594657898,0.18469686806201935,0.18300692737102509,0.04880185052752495,0.16721343994140625,bad_orientation,0.8359096050262451,2.4375743865966797,0.07507747411727905
uniform,0,7,39,999,0.8884275555610657,0.88853919506073,0.42288273572921753,0.42214980721473694,0.1125732883810997,0.23422668874263763,time_out,0.7242499589920044,3.6875,0.11448130011558533
uniform,0,7,40,999,0.8750167489051819,0.8751417398452759,0.47250238060951233,0.4724404811859131,0.12598413228988647,0.2459239661693573,time_out,0.6777499914169312,3.887500047683716,0.12152809649705887
uniform,0,7,41,999,0.9085296392440796,0.9086211323738098,0.3472900092601776,0.34677019715309143,0.09247205406427383,0.21183030307292938,time_out,0.7412499785423279,3.5374999046325684,0.09802691638469696
uniform,0,7,42,999,0.9516699314117432,0.9517183303833008,0.18830551207065582,0.18499122560024261,0.04933099448680878,0.1647929847240448,time_out,0.8342499732971191,2.7125000953674316,0.0681995302438736
uniform,0,7,43,999,0.9362936019897461,0.936357319355011,0.2438710331916809,0.24265125393867493,0.06470700353384018,0.18657884001731873,time_out,0.812999963760376,3.0875000953674316,0.0785914957523346
uniform,0,7,44,999,0.9472413063049316,0.9472941160202026,0.20325998961925507,0.201599583029747,0.05375989153981209,0.17241938412189484,time_out,0.8320000171661377,2.6750001907348633,0.07536432147026062
uniform,0,7,45,999,0.8248415589332581,0.8250167369842529,0.6606307625770569,0.6605996489524841,0.17615991830825806,0.28082048892974854,time_out,0.597000002861023,4.112500190734863,0.16063213348388672
uniform,0,7,46,999,0.9220561385154724,0.9221341609954834,0.29947659373283386,0.29604390263557434,0.07894504815340042,0.19940586388111115,time_out,0.778249979019165,3.2125000953674316,0.09215374290943146
uniform,0,7,47,999,0.9199594259262085,0.9200395345687866,0.3044869303703308,0.3039078414440155,0.0810420960187912,0.200837641954422,time_out,0.7762500047683716,3.387500047683716,0.08971448987722397
uniform,0,7,48,999,0.8746621608734131,0.8747875094413757,0.4738161861896515,0.47376853227615356,0.12633828818798065,0.2465716302394867,time_out,0.6735000014305115,3.9124999046325684,0.12109100073575974
uniform,0,7,49,999,0.8245863318443298,0.8247617483139038,0.6615690588951111,0.6615530252456665,0.1764141470193863,0.2777816951274872,time_out,0.5920000076293945,4.112500190734863,0.1608639508485794
uniform,0,7,50,999,0.8492795825004578,0.8494303226470947,0.5689823031425476,0.5689550638198853,0.15172135829925537,0.26685160398483276,time_out,0.6352499723434448,3.9750001430511475,0.14313334226608276
uniform,0,7,51,999,0.9020723104476929,0.9021702408790588,0.3710176944732666,0.37098729610443115,0.09892994910478592,0.2245216965675354,time_out,0.7277500033378601,3.7125000953674316,0.09992923587560654
uniform,0,7,52,999,0.8251151442527771,0.8252900838851929,0.6596218943595886,0.6595743298530579,0.17588649690151215,0.2755396068096161,time_out,0.5917500257492065,4.137499809265137,0.15941374003887177
uniform,0,7,53,999,0.8922804594039917,0.8923882246017456,0.4078115224838257,0.4076996147632599,0.10871990025043488,0.22964191436767578,time_out,0.6940000057220459,3.674999952316284,0.1109386757016182
uniform,0,7,54,999,0.9087644815444946,0.9088557362556458,0.34926837682724,0.34588703513145447,0.09223654866218567,0.21110892295837402,time_out,0.7817500233650208,3.362499952316284,0.102866031229496
uniform,0,7,55,999,0.8295485973358154,0.829719066619873,0.6429856419563293,0.6429462432861328,0.1714523434638977,0.2742704749107361,time_out,0.6014999747276306,4.099999904632568,0.15681615471839905
uniform,0,7,56,999,0.9255605340003967,0.9256349802017212,0.2836639881134033,0.28289932012557983,0.07543982565402985,0.1961565464735031,time_out,0.7852500081062317,3.237499952316284,0.08738203346729279
uniform,0,7,57,999,0.8284687995910645,0.828640341758728,0.6470687389373779,0.6469963788986206,0.17253237962722778,0.27380263805389404,time_out,0.6032499670982361,4.0625,0.15926064550876617
uniform,0,7,58,999,0.822028636932373,0.8222066164016724,0.6711961030960083,0.6711453795433044,0.17897211015224457,0.2834029197692871,time_out,0.6012499928474426,4.162500381469727,0.16123610734939575
uniform,0,7,59,999,0.926681399345398,0.9267547726631165,0.28022509813308716,0.2787003815174103,0.07432010769844055,0.1908416599035263,time_out,0.7770000100135803,3.387500047683716,0.08227317780256271
uniform,0,7,60,999,0.8274078369140625,0.8275805115699768,0.6510270833969116,0.6509746313095093,0.17359323799610138,0.2768196165561676,time_out,0.6089999675750732,4.099999904632568,0.15877430140972137
uniform,0,7,61,999,0.9023992419242859,0.902496874332428,0.3703846335411072,0.36975735425949097,0.09860196709632874,0.2181788831949234,time_out,0.7274999618530273,3.5874998569488525,0.10306825488805771
uniform,0,7,62,999,0.8438538908958435,0.844010055065155,0.5893589854240417,0.5893036723136902,0.15714766085147858,0.26669174432754517,time_out,0.6225000023841858,4.037500381469727,0.1459575593471527
uniform,0,7,63,999,0.8745349645614624,0.8746604323387146,0.4742772579193115,0.4742472469806671,0.12646594643592834,0.24434073269367218,time_out,0.671999990940094,3.8999998569488525,0.12160186469554901
uniform,0,7,64,999,0.8416815400123596,0.8418399095535278,0.5974894165992737,0.5974488258361816,0.1593196988105774,0.2672150433063507,time_out,0.6180000305175781,4.037500381469727,0.1479749232530594
uniform,0,7,65,999,0.9639818668365479,0.964017927646637,0.14751054346561432,0.1388213187456131,0.037019021809101105,0.14917008578777313,time_out,0.875249981880188,2.1125001907348633,0.06571422517299652
uniform,0,7,66,999,0.867969274520874,0.8681013584136963,0.499758243560791,0.498867392539978,0.13303130865097046,0.24816760420799255,time_out,0.6647499799728394,3.7749998569488525,0.1321503072977066
uniform,0,7,67,999,0.8298389911651611,0.8300092220306396,0.64469975233078,0.6418556571006775,0.17116151750087738,0.27153298258781433,time_out,0.5924999713897705,4.024999618530273,0.15946726500988007
uniform,0,7,68,999,0.8988758325576782,0.8989769816398621,0.3855869770050049,0.38296857476234436,0.10212495923042297,0.22471736371517181,time_out,0.7300000190734863,3.700000047683716,0.10350501537322998
uniform,0,7,69,999,0.8322548270225525,0.8324226140975952,0.6328714489936829,0.6327995657920837,0.16874656081199646,0.2743276357650757,time_out,0.6052500009536743,4.100000381469727,0.15434134006500244
uniform,0,7,70,999,0.8205896019935608,0.8207690119743347,0.6765940189361572,0.6765438318252563,0.180411696434021,0.27698877453804016,time_out,0.5879999995231628,4.112500190734863,0.1645091325044632
uniform,0,7,71,999,0.9497549533843994,0.9498052000999451,0.19468793272972107,0.1921720802783966,0.05124589055776596,0.16777732968330383,time_out,0.8412500023841858,2.7125000953674316,0.07084684818983078
uniform,0,7,72,999,0.858842134475708,0.8589833378791809,0.5332320332527161,0.5330944061279297,0.14215850830078125,0.254935085773468,time_out,0.6480000019073486,3.987499952316284,0.13369138538837433
uniform,0,7,73,999,0.8485051989555359,0.8486567139625549,0.5719137787818909,0.571858823299408,0.15249569714069366,0.2654501795768738,time_out,0.6299999952316284,4.024999618530273,0.1420767456293106
uniform,0,7,74,999,0.9245110750198364,0.9245865941047668,0.28802263736724854,0.2868381440639496,0.07649017870426178,0.1993759572505951,time_out,0.7875000238418579,3.4124999046325684,0.08405513316392899
uniform,0,7,75,999,0.9321739077568054,0.9322417974472046,0.25948435068130493,0.2581011652946472,0.06882698088884354,0.18810123205184937,time_out,0.8037500381469727,2.9625000953674316,0.08712275326251984
uniform,0,7,76,999,0.9069313406944275,0.9070244431495667,0.3528749644756317,0.3527621328830719,0.09406990557909012,0.21670641005039215,time_out,0.7417500019073486,3.512500047683716,0.10043049603700638
uniform,0,7,77,999,0.8667722940444946,0.8669055700302124,0.5033762454986572,0.50335693359375,0.13422852754592896,0.2501773238182068,time_out,0.6749999523162842,4.0,0.1258392333984375
uniform,0,7,78,999,0.8361440896987915,0.836307942867279,0.6182669401168823,0.618212878704071,0.16485677659511566,0.2735348045825958,time_out,0.6089999675750732,4.087499618530273,0.15124475955963135
uniform,0,7,79,999,0.9090335965156555,0.9091246128082275,0.3449373245239258,0.34487780928611755,0.09196741878986359,0.2161417305469513,time_out,0.7580000162124634,3.487499952316284,0.09888969361782074
uniform,0,7,80,999,0.8973771929740906,0.8974798321723938,0.3892163336277008,0.38858896493911743,0.10362373292446136,0.22639910876750946,time_out,0.715499997138977,3.6624999046325684,0.10609938204288483
uniform,0,7,81,999,0.8538805842399597,0.8540267944335938,0.5517375469207764,0.5516988039016724,0.1471196860074997,0.2605464458465576,time_out,0.6307500004768372,3.950000047683716,0.13967058062553406
uniform,0,7,82,999,0.8721219897270203,0.8722499012947083,0.4835384786128998,0.48329854011535645,0.1288796216249466,0.24894048273563385,time_out,0.6920000314712524,3.8374998569488525,0.12594099342823029
uniform,0,7,83,999,0.8956788182258606,0.8957831859588623,0.3963016867637634,0.39496055245399475,0.10532282292842865,0.2278134971857071,time_out,0.7319999933242798,3.5999999046325684,0.10971126705408096
uniform,0,7,84,999,0.8587770462036133,0.858918309211731,0.5333730578422546,0.5333384275436401,0.14222358167171478,0.25224703550338745,time_out,0.6460000276565552,3.924999952316284,0.1358824074268341
uniform,0,7,85,999,0.8445876836776733,0.8447431325912476,0.5865737199783325,0.5865491628646851,0.15641312301158905,0.2664524018764496,time_out,0.6297500133514404,4.050000190734863,0.1448269486427307
uniform,0,7,86,999,0.9165950417518616,0.9166784882545471,0.3179432451725006,0.3165227472782135,0.08440607041120529,0.20397518575191498,time_out,0.7445000410079956,3.3499999046325684,0.09448440372943878
uniform,0,7,87,999,0.9320173263549805,0.932085394859314,0.25958773493766785,0.25868722796440125,0.06898326426744461,0.1934797167778015,time_out,0.7960000038146973,3.237499952316284,0.07990339398384094
uniform,0,7,88,999,0.9398926496505737,0.9399527907371521,0.23056240379810333,0.22915896773338318,0.061109062284231186,0.1829148530960083,time_out,0.8257499933242798,3.075000047683716,0.07452324032783508
uniform,0,7,89,999,0.8302921652793884,0.8304619193077087,0.6401973962783813,0.6401594877243042,0.17070920765399933,0.2759944200515747,time_out,0.6037499904632568,4.074999809265137,0.15709435939788818
uniform,0,7,90,999,0.8820019364356995,0.8821199536323547,0.4462747573852539,0.44624587893486023,0.11899890750646591,0.2414722889661789,time_out,0.6944999694824219,3.862499952316284,0.11553291231393814
uniform,0,7,91,999,0.8318684101104736,0.8320366144180298,0.6342859268188477,0.6342485547065735,0.16913296282291412,0.27427271008491516,time_out,0.6159999966621399,4.087499618530273,0.1551678627729416
uniform,0,7,92,999,0.8369573950767517,0.8371204733848572,0.6152114868164062,0.6151627898216248,0.16404342651367188,0.2698046565055847,time_out,0.6050000190734863,4.012499809265137,0.1533116102218628
uniform,0,7,93,999,0.8397620916366577,0.8399223685264587,0.6047074794769287,0.6046438217163086,0.16123835742473602,0.2706700563430786,time_out,0.6174999475479126,4.0625,0.14883540570735931
uniform,0,7,94,999,0.8394744396209717,0.8396350145339966,0.6057485342025757,0.6057249307632446,0.1615266501903534,0.26855742931365967,time_out,0.6202499866485596,4.087500095367432,0.14818958938121796
uniform,0,7,95,999,0.8911637663841248,0.8912726044654846,0.4124683439731598,0.4118897616863251,0.10983727872371674,0.2300385683774948,time_out,0.7277499437332153,3.5874998569488525,0.11481247842311859
uniform,0,7,96,999,0.8574777841567993,0.857620358467102,0.5382441282272339,0.5382114052772522,0.14352305233478546,0.25677481293678284,time_out,0.6507499814033508,4.025000095367432,0.1337171196937561
uniform,0,7,97,999,0.8604207038879395,0.8605603575706482,0.5273990631103516,0.5271761417388916,0.14058031141757965,0.25075027346611023,time_out,0.6445000171661377,3.799999952316284,0.13873057067394257
uniform,0,7,98,999,0.8649795055389404,0.8651145696640015,0.5103110671043396,0.5100824236869812,0.13602198660373688,0.2535557746887207,time_out,0.6542500257492065,3.9000000953674316,0.1307903677225113
uniform,0,7,99,999,0.8112319707870483,0.811420738697052,0.7117034196853638,0.7116344571113586,0.1897691935300827,0.28519681096076965,time_out,0.5802500247955322,4.199999809265137,0.16943678259849548
